test_id,n,alpha,rep,algorithm,iteration,weight_regime,metric_name,metric_value
W3,800,1,14,HungarianMatcher+BellmanFordStrategy,0,mixed,defect_at_iteration,799
W3,800,1,14,HungarianMatcher+BellmanFordStrategy,1,mixed,defect_at_iteration,798
W3,800,1,14,HungarianMatcher+BellmanFordStrategy,2,mixed,defect_at_iteration,797
W3,800,1,14,HungarianMatcher+BellmanFordStrategy,3,mixed,defect_at_iteration,796
W3,800,1,14,HungarianMatcher+BellmanFordStrategy,4,mixed,defect_at_iteration,795
W3,800,1,14,HungarianMatcher+BellmanFordStrategy,5,mixed,defect_at_iteration,794
W3,800,1,14,HungarianMatcher+BellmanFordStrategy,6,mixed,defect_at_iteration,793
W3,800,1,14,HungarianMatcher+BellmanFordStrategy,7,mixed,defect_at_iteration,792
W3,800,1,14,HungarianMatcher+BellmanFordStrategy,8,mixed,defect_at_iteration,791
W3,800,1,14,HungarianMatcher+BellmanFordStrategy,9,mixed,defect_at_iteration,790
W3,800,1,14,HungarianMatcher+BellmanFordStrategy,10,mixed,defect_at_iteration,789
W3,800,1,14,HungarianMatcher+BellmanFordStrategy,11,mixed,defect_at_iteration,788
W3,800,1,14,HungarianMatcher+BellmanFordStrategy,12,mixed,defect_at_iteration,787
W3,800,1,14,HungarianMatcher+BellmanFordStrategy,13,mixed,defect_at_iteration,786
W3,800,1,14,HungarianMatcher+BellmanFordStrategy,14,mixed,defect_at_iteration,785
W3,800,1,14,HungarianMatcher+BellmanFordStrategy,15,mixed,defect_at_iteration,784
W3,800,1,14,HungarianMatcher+BellmanFordStrategy,16,mixed,defect_at_iteration,783
W3,800,1,14,HungarianMatcher+BellmanFordStrategy,17,mixed,defect_at_iteration,782
W3,800,1,14,HungarianMatcher+BellmanFordStrategy,18,mixed,defect_at_iteration,781
W3,800,1,14,HungarianMatcher+BellmanFordStrategy,19,mixed,defect_at_iteration,780
W3,800,1,14,HungarianMatcher+BellmanFordStrategy,20,mixed,defect_at_iteration,779
W3,800,1,14,HungarianMatcher+BellmanFordStrategy,21,mixed,defect_at_iteration,778
W3,800,1,14,HungarianMatcher+BellmanFordStrategy,22,mixed,defect_at_iteration,777
W3,800,1,14,HungarianMatcher+BellmanFordStrategy,23,mixed,defect_at_iteration,776
W3,800,1,14,HungarianMatcher+BellmanFordStrategy,24,mixed,defect_at_iteration,775
W3,800,1,14,HungarianMatcher+BellmanFordStrategy,25,mixed,defect_at_iteration,774
W3,800,1,14,HungarianMatcher+BellmanFordStrategy,26,mixed,defect_at_iteration,773
W3,800,1,14,HungarianMatcher+BellmanFordStrategy,27,mixed,defect_at_iteration,772
W3,800,1,14,HungarianMatcher+BellmanFordStrategy,28,mixed,defect_at_iteration,771
W3,800,1,14,HungarianMatcher+BellmanFordStrategy,29,mixed,defect_at_iteration,770
W3,800,1,14,HungarianMatcher+BellmanFordStrategy,30,mixed,defect_at_iteration,769
W3,800,1,14,HungarianMatcher+BellmanFordStrategy,31,mixed,defect_at_iteration,768
W3,800,1,14,HungarianMatcher+BellmanFordStrategy,32,mixed,defect_at_iteration,767
W3,800,1,14,HungarianMatcher+BellmanFordStrategy,33,mixed,defect_at_iteration,766
W3,800,1,14,HungarianMatcher+BellmanFordStrategy,34,mixed,defect_at_iteration,765
W3,800,1,14,HungarianMatcher+BellmanFordStrategy,35,mixed,defect_at_iteration,764
W3,800,1,14,HungarianMatcher+BellmanFordStrategy,36,mixed,defect_at_iteration,763
W3,800,1,14,HungarianMatcher+BellmanFordStrategy,37,mixed,defect_at_iteration,762
W3,800,1,14,HungarianMatcher+BellmanFordStrategy,38,mixed,defect_at_iteration,761
W3,800,1,14,HungarianMatcher+BellmanFordStrategy,39,mixed,defect_at_iteration,760
W3,800,1,14,HungarianMatcher+BellmanFordStrategy,40,mixed,defect_at_iteration,759
W3,800,1,14,HungarianMatcher+BellmanFordStrategy,41,mixed,defect_at_iteration,758
W3,800,1,14,HungarianMatcher+BellmanFordStrategy,42,mixed,defect_at_iteration,757
W3,800,1,14,HungarianMatcher+BellmanFordStrategy,43,mixed,defect_at_iteration,756
W3,800,1,14,HungarianMatcher+BellmanFordStrategy,44,mixed,defect_at_iteration,755
W3,800,1,14,HungarianMatcher+BellmanFordStrategy,45,mixed,defect_at_iteration,754
W3,800,1,14,HungarianMatcher+BellmanFordStrategy,46,mixed,defect_at_iteration,753
W3,800,1,14,HungarianMatcher+BellmanFordStrategy,47,mixed,defect_at_iteration,752
W3,800,1,14,HungarianMatcher+BellmanFordStrategy,48,mixed,defect_at_iteration,751
W3,800,1,14,HungarianMatcher+BellmanFordStrategy,49,mixed,defect_at_iteration,750
W3,800,1,14,HungarianMatcher+BellmanFordStrategy,50,mixed,defect_at_iteration,749
W3,800,1,14,HungarianMatcher+BellmanFordStrategy,51,mixed,defect_at_iteration,748
W3,800,1,14,HungarianMatcher+BellmanFordStrategy,52,mixed,defect_at_iteration,747
W3,800,1,14,HungarianMatcher+BellmanFordStrategy,53,mixed,defect_at_iteration,746
W3,800,1,14,HungarianMatcher+BellmanFordStrategy,54,mixed,defect_at_iteration,745
W3,800,1,14,HungarianMatcher+BellmanFordStrategy,55,mixed,defect_at_iteration,744
W3,800,1,14,HungarianMatcher+BellmanFordStrategy,56,mixed,defect_at_iteration,743
W3,800,1,14,HungarianMatcher+BellmanFordStrategy,57,mixed,defect_at_iteration,742
W3,800,1,14,HungarianMatcher+BellmanFordStrategy,58,mixed,defect_at_iteration,741
W3,800,1,14,HungarianMatcher+BellmanFordStrategy,59,mixed,defect_at_iteration,740
W3,800,1,14,HungarianMatcher+BellmanFordStrategy,60,mixed,defect_at_iteration,739
W3,800,1,14,HungarianMatcher+BellmanFordStrategy,61,mixed,defect_at_iteration,738
W3,800,1,14,HungarianMatcher+BellmanFordStrategy,62,mixed,defect_at_iteration,737
W3,800,1,14,HungarianMatcher+BellmanFordStrategy,63,mixed,defect_at_iteration,736
W3,800,1,14,HungarianMatcher+BellmanFordStrategy,64,mixed,defect_at_iteration,735
W3,800,1,14,HungarianMatcher+BellmanFordStrategy,65,mixed,defect_at_iteration,734
W3,800,1,14,HungarianMatcher+BellmanFordStrategy,66,mixed,defect_at_iteration,733
W3,800,1,14,HungarianMatcher+BellmanFordStrategy,67,mixed,defect_at_iteration,732
W3,800,1,14,HungarianMatcher+BellmanFordStrategy,68,mixed,defect_at_iteration,731
W3,800,1,14,HungarianMatcher+BellmanFordStrategy,69,mixed,defect_at_iteration,730
W3,800,1,14,HungarianMatcher+BellmanFordStrategy,70,mixed,defect_at_iteration,729
W3,800,1,14,HungarianMatcher+BellmanFordStrategy,71,mixed,defect_at_iteration,728
W3,800,1,14,HungarianMatcher+BellmanFordStrategy,72,mixed,defect_at_iteration,727
W3,800,1,14,HungarianMatcher+BellmanFordStrategy,73,mixed,defect_at_iteration,726
W3,800,1,14,HungarianMatcher+BellmanFordStrategy,74,mixed,defect_at_iteration,725
W3,800,1,14,HungarianMatcher+BellmanFordStrategy,75,mixed,defect_at_iteration,724
W3,800,1,14,HungarianMatcher+BellmanFordStrategy,76,mixed,defect_at_iteration,723
W3,800,1,14,HungarianMatcher+BellmanFordStrategy,77,mixed,defect_at_iteration,722
W3,800,1,14,HungarianMatcher+BellmanFordStrategy,78,mixed,defect_at_iteration,721
W3,800,1,14,HungarianMatcher+BellmanFordStrategy,79,mixed,defect_at_iteration,720
W3,800,1,14,HungarianMatcher+BellmanFordStrategy,80,mixed,defect_at_iteration,719
W3,800,1,14,HungarianMatcher+BellmanFordStrategy,81,mixed,defect_at_iteration,718
W3,800,1,14,HungarianMatcher+BellmanFordStrategy,82,mixed,defect_at_iteration,717
W3,800,1,14,HungarianMatcher+BellmanFordStrategy,83,mixed,defect_at_iteration,716
W3,800,1,14,HungarianMatcher+BellmanFordStrategy,84,mixed,defect_at_iteration,715
W3,800,1,14,HungarianMatcher+BellmanFordStrategy,85,mixed,defect_at_iteration,714
W3,800,1,14,HungarianMatcher+BellmanFordStrategy,86,mixed,defect_at_iteration,713
W3,800,1,14,HungarianMatcher+BellmanFordStrategy,87,mixed,defect_at_iteration,712
W3,800,1,14,HungarianMatcher+BellmanFordStrategy,88,mixed,defect_at_iteration,711
W3,800,1,14,HungarianMatcher+BellmanFordStrategy,89,mixed,defect_at_iteration,710
W3,800,1,14,HungarianMatcher+BellmanFordStrategy,90,mixed,defect_at_iteration,709
W3,800,1,14,HungarianMatcher+BellmanFordStrategy,91,mixed,defect_at_iteration,708
W3,800,1,14,HungarianMatcher+BellmanFordStrategy,92,mixed,defect_at_iteration,707
W3,800,1,14,HungarianMatcher+BellmanFordStrategy,93,mixed,defect_at_iteration,706
W3,800,1,14,HungarianMatcher+BellmanFordStrategy,94,mixed,defect_at_iteration,705
W3,800,1,14,HungarianMatcher+BellmanFordStrategy,95,mixed,defect_at_iteration,704
W3,800,1,14,HungarianMatcher+BellmanFordStrategy,96,mixed,defect_at_iteration,703
W3,800,1,14,HungarianMatcher+BellmanFordStrategy,97,mixed,defect_at_iteration,702
W3,800,1,14,HungarianMatcher+BellmanFordStrategy,98,mixed,defect_at_iteration,701
W3,800,1,14,HungarianMatcher+BellmanFordStrategy,99,mixed,defect_at_iteration,700
W3,800,1,14,HungarianMatcher+BellmanFordStrategy,100,mixed,defect_at_iteration,699
W3,800,1,14,HungarianMatcher+BellmanFordStrategy,101,mixed,defect_at_iteration,698
W3,800,1,14,HungarianMatcher+BellmanFordStrategy,102,mixed,defect_at_iteration,697
W3,800,1,14,HungarianMatcher+BellmanFordStrategy,103,mixed,defect_at_iteration,696
W3,800,1,14,HungarianMatcher+BellmanFordStrategy,104,mixed,defect_at_iteration,695
W3,800,1,14,HungarianMatcher+BellmanFordStrategy,105,mixed,defect_at_iteration,694
W3,800,1,14,HungarianMatcher+BellmanFordStrategy,106,mixed,defect_at_iteration,693
W3,800,1,14,HungarianMatcher+BellmanFordStrategy,107,mixed,defect_at_iteration,692
W3,800,1,14,HungarianMatcher+BellmanFordStrategy,108,mixed,defect_at_iteration,691
W3,800,1,14,HungarianMatcher+BellmanFordStrategy,109,mixed,defect_at_iteration,690
W3,800,1,14,HungarianMatcher+BellmanFordStrategy,110,mixed,defect_at_iteration,689
W3,800,1,14,HungarianMatcher+BellmanFordStrategy,111,mixed,defect_at_iteration,688
W3,800,1,14,HungarianMatcher+BellmanFordStrategy,112,mixed,defect_at_iteration,687
W3,800,1,14,HungarianMatcher+BellmanFordStrategy,113,mixed,defect_at_iteration,686
W3,800,1,14,HungarianMatcher+BellmanFordStrategy,114,mixed,defect_at_iteration,685
W3,800,1,14,HungarianMatcher+BellmanFordStrategy,115,mixed,defect_at_iteration,684
W3,800,1,14,HungarianMatcher+BellmanFordStrategy,116,mixed,defect_at_iteration,683
W3,800,1,14,HungarianMatcher+BellmanFordStrategy,117,mixed,defect_at_iteration,682
W3,800,1,14,HungarianMatcher+BellmanFordStrategy,118,mixed,defect_at_iteration,681
W3,800,1,14,HungarianMatcher+BellmanFordStrategy,119,mixed,defect_at_iteration,680
W3,800,1,14,HungarianMatcher+BellmanFordStrategy,120,mixed,defect_at_iteration,679
W3,800,1,14,HungarianMatcher+BellmanFordStrategy,121,mixed,defect_at_iteration,678
W3,800,1,14,HungarianMatcher+BellmanFordStrategy,122,mixed,defect_at_iteration,677
W3,800,1,14,HungarianMatcher+BellmanFordStrategy,123,mixed,defect_at_iteration,676
W3,800,1,14,HungarianMatcher+BellmanFordStrategy,124,mixed,defect_at_iteration,675
W3,800,1,14,HungarianMatcher+BellmanFordStrategy,125,mixed,defect_at_iteration,674
W3,800,1,14,HungarianMatcher+BellmanFordStrategy,126,mixed,defect_at_iteration,673
W3,800,1,14,HungarianMatcher+BellmanFordStrategy,127,mixed,defect_at_iteration,672
W3,800,1,14,HungarianMatcher+BellmanFordStrategy,128,mixed,defect_at_iteration,671
W3,800,1,14,HungarianMatcher+BellmanFordStrategy,129,mixed,defect_at_iteration,670
W3,800,1,14,HungarianMatcher+BellmanFordStrategy,130,mixed,defect_at_iteration,669
W3,800,1,14,HungarianMatcher+BellmanFordStrategy,131,mixed,defect_at_iteration,668
W3,800,1,14,HungarianMatcher+BellmanFordStrategy,132,mixed,defect_at_iteration,667
W3,800,1,14,HungarianMatcher+BellmanFordStrategy,133,mixed,defect_at_iteration,666
W3,800,1,14,HungarianMatcher+BellmanFordStrategy,134,mixed,defect_at_iteration,665
W3,800,1,14,HungarianMatcher+BellmanFordStrategy,135,mixed,defect_at_iteration,664
W3,800,1,14,HungarianMatcher+BellmanFordStrategy,136,mixed,defect_at_iteration,663
W3,800,1,14,HungarianMatcher+BellmanFordStrategy,137,mixed,defect_at_iteration,662
W3,800,1,14,HungarianMatcher+BellmanFordStrategy,138,mixed,defect_at_iteration,661
W3,800,1,14,HungarianMatcher+BellmanFordStrategy,139,mixed,defect_at_iteration,660
W3,800,1,14,HungarianMatcher+BellmanFordStrategy,140,mixed,defect_at_iteration,659
W3,800,1,14,HungarianMatcher+BellmanFordStrategy,141,mixed,defect_at_iteration,658
W3,800,1,14,HungarianMatcher+BellmanFordStrategy,142,mixed,defect_at_iteration,657
W3,800,1,14,HungarianMatcher+BellmanFordStrategy,143,mixed,defect_at_iteration,656
W3,800,1,14,HungarianMatcher+BellmanFordStrategy,144,mixed,defect_at_iteration,655
W3,800,1,14,HungarianMatcher+BellmanFordStrategy,145,mixed,defect_at_iteration,654
W3,800,1,14,HungarianMatcher+BellmanFordStrategy,146,mixed,defect_at_iteration,653
W3,800,1,14,HungarianMatcher+BellmanFordStrategy,147,mixed,defect_at_iteration,652
W3,800,1,14,HungarianMatcher+BellmanFordStrategy,148,mixed,defect_at_iteration,651
W3,800,1,14,HungarianMatcher+BellmanFordStrategy,149,mixed,defect_at_iteration,650
W3,800,1,14,HungarianMatcher+BellmanFordStrategy,150,mixed,defect_at_iteration,649
W3,800,1,14,HungarianMatcher+BellmanFordStrategy,151,mixed,defect_at_iteration,648
W3,800,1,14,HungarianMatcher+BellmanFordStrategy,152,mixed,defect_at_iteration,647
W3,800,1,14,HungarianMatcher+BellmanFordStrategy,153,mixed,defect_at_iteration,646
W3,800,1,14,HungarianMatcher+BellmanFordStrategy,154,mixed,defect_at_iteration,645
W3,800,1,14,HungarianMatcher+BellmanFordStrategy,155,mixed,defect_at_iteration,644
W3,800,1,14,HungarianMatcher+BellmanFordStrategy,156,mixed,defect_at_iteration,643
W3,800,1,14,HungarianMatcher+BellmanFordStrategy,157,mixed,defect_at_iteration,642
W3,800,1,14,HungarianMatcher+BellmanFordStrategy,158,mixed,defect_at_iteration,641
W3,800,1,14,HungarianMatcher+BellmanFordStrategy,159,mixed,defect_at_iteration,640
W3,800,1,14,HungarianMatcher+BellmanFordStrategy,160,mixed,defect_at_iteration,639
W3,800,1,14,HungarianMatcher+BellmanFordStrategy,161,mixed,defect_at_iteration,638
W3,800,1,14,HungarianMatcher+BellmanFordStrategy,162,mixed,defect_at_iteration,637
W3,800,1,14,HungarianMatcher+BellmanFordStrategy,163,mixed,defect_at_iteration,636
W3,800,1,14,HungarianMatcher+BellmanFordStrategy,164,mixed,defect_at_iteration,635
W3,800,1,14,HungarianMatcher+BellmanFordStrategy,165,mixed,defect_at_iteration,634
W3,800,1,14,HungarianMatcher+BellmanFordStrategy,166,mixed,defect_at_iteration,633
W3,800,1,14,HungarianMatcher+BellmanFordStrategy,167,mixed,defect_at_iteration,632
W3,800,1,14,HungarianMatcher+BellmanFordStrategy,168,mixed,defect_at_iteration,631
W3,800,1,14,HungarianMatcher+BellmanFordStrategy,169,mixed,defect_at_iteration,630
W3,800,1,14,HungarianMatcher+BellmanFordStrategy,170,mixed,defect_at_iteration,629
W3,800,1,14,HungarianMatcher+BellmanFordStrategy,171,mixed,defect_at_iteration,628
W3,800,1,14,HungarianMatcher+BellmanFordStrategy,172,mixed,defect_at_iteration,627
W3,800,1,14,HungarianMatcher+BellmanFordStrategy,173,mixed,defect_at_iteration,626
W3,800,1,14,HungarianMatcher+BellmanFordStrategy,174,mixed,defect_at_iteration,625
W3,800,1,14,HungarianMatcher+BellmanFordStrategy,175,mixed,defect_at_iteration,624
W3,800,1,14,HungarianMatcher+BellmanFordStrategy,176,mixed,defect_at_iteration,623
W3,800,1,14,HungarianMatcher+BellmanFordStrategy,177,mixed,defect_at_iteration,622
W3,800,1,14,HungarianMatcher+BellmanFordStrategy,178,mixed,defect_at_iteration,621
W3,800,1,14,HungarianMatcher+BellmanFordStrategy,179,mixed,defect_at_iteration,620
W3,800,1,14,HungarianMatcher+BellmanFordStrategy,180,mixed,defect_at_iteration,619
W3,800,1,14,HungarianMatcher+BellmanFordStrategy,181,mixed,defect_at_iteration,618
W3,800,1,14,HungarianMatcher+BellmanFordStrategy,182,mixed,defect_at_iteration,617
W3,800,1,14,HungarianMatcher+BellmanFordStrategy,183,mixed,defect_at_iteration,616
W3,800,1,14,HungarianMatcher+BellmanFordStrategy,184,mixed,defect_at_iteration,615
W3,800,1,14,HungarianMatcher+BellmanFordStrategy,185,mixed,defect_at_iteration,614
W3,800,1,14,HungarianMatcher+BellmanFordStrategy,186,mixed,defect_at_iteration,613
W3,800,1,14,HungarianMatcher+BellmanFordStrategy,187,mixed,defect_at_iteration,612
W3,800,1,14,HungarianMatcher+BellmanFordStrategy,188,mixed,defect_at_iteration,611
W3,800,1,14,HungarianMatcher+BellmanFordStrategy,189,mixed,defect_at_iteration,610
W3,800,1,14,HungarianMatcher+BellmanFordStrategy,190,mixed,defect_at_iteration,609
W3,800,1,14,HungarianMatcher+BellmanFordStrategy,191,mixed,defect_at_iteration,608
W3,800,1,14,HungarianMatcher+BellmanFordStrategy,192,mixed,defect_at_iteration,607
W3,800,1,14,HungarianMatcher+BellmanFordStrategy,193,mixed,defect_at_iteration,606
W3,800,1,14,HungarianMatcher+BellmanFordStrategy,194,mixed,defect_at_iteration,605
W3,800,1,14,HungarianMatcher+BellmanFordStrategy,195,mixed,defect_at_iteration,604
W3,800,1,14,HungarianMatcher+BellmanFordStrategy,196,mixed,defect_at_iteration,603
W3,800,1,14,HungarianMatcher+BellmanFordStrategy,197,mixed,defect_at_iteration,602
W3,800,1,14,HungarianMatcher+BellmanFordStrategy,198,mixed,defect_at_iteration,601
W3,800,1,14,HungarianMatcher+BellmanFordStrategy,199,mixed,defect_at_iteration,600
W3,800,1,14,HungarianMatcher+BellmanFordStrategy,200,mixed,defect_at_iteration,599
W3,800,1,14,HungarianMatcher+BellmanFordStrategy,201,mixed,defect_at_iteration,598
W3,800,1,14,HungarianMatcher+BellmanFordStrategy,202,mixed,defect_at_iteration,597
W3,800,1,14,HungarianMatcher+BellmanFordStrategy,203,mixed,defect_at_iteration,596
W3,800,1,14,HungarianMatcher+BellmanFordStrategy,204,mixed,defect_at_iteration,595
W3,800,1,14,HungarianMatcher+BellmanFordStrategy,205,mixed,defect_at_iteration,594
W3,800,1,14,HungarianMatcher+BellmanFordStrategy,206,mixed,defect_at_iteration,593
W3,800,1,14,HungarianMatcher+BellmanFordStrategy,207,mixed,defect_at_iteration,592
W3,800,1,14,HungarianMatcher+BellmanFordStrategy,208,mixed,defect_at_iteration,591
W3,800,1,14,HungarianMatcher+BellmanFordStrategy,209,mixed,defect_at_iteration,590
W3,800,1,14,HungarianMatcher+BellmanFordStrategy,210,mixed,defect_at_iteration,589
W3,800,1,14,HungarianMatcher+BellmanFordStrategy,211,mixed,defect_at_iteration,588
W3,800,1,14,HungarianMatcher+BellmanFordStrategy,212,mixed,defect_at_iteration,587
W3,800,1,14,HungarianMatcher+BellmanFordStrategy,213,mixed,defect_at_iteration,586
W3,800,1,14,HungarianMatcher+BellmanFordStrategy,214,mixed,defect_at_iteration,585
W3,800,1,14,HungarianMatcher+BellmanFordStrategy,215,mixed,defect_at_iteration,584
W3,800,1,14,HungarianMatcher+BellmanFordStrategy,216,mixed,defect_at_iteration,583
W3,800,1,14,HungarianMatcher+BellmanFordStrategy,217,mixed,defect_at_iteration,582
W3,800,1,14,HungarianMatcher+BellmanFordStrategy,218,mixed,defect_at_iteration,581
W3,800,1,14,HungarianMatcher+BellmanFordStrategy,219,mixed,defect_at_iteration,580
W3,800,1,14,HungarianMatcher+BellmanFordStrategy,220,mixed,defect_at_iteration,579
W3,800,1,14,HungarianMatcher+BellmanFordStrategy,221,mixed,defect_at_iteration,578
W3,800,1,14,HungarianMatcher+BellmanFordStrategy,222,mixed,defect_at_iteration,577
W3,800,1,14,HungarianMatcher+BellmanFordStrategy,223,mixed,defect_at_iteration,576
W3,800,1,14,HungarianMatcher+BellmanFordStrategy,224,mixed,defect_at_iteration,575
W3,800,1,14,HungarianMatcher+BellmanFordStrategy,225,mixed,defect_at_iteration,574
W3,800,1,14,HungarianMatcher+BellmanFordStrategy,226,mixed,defect_at_iteration,573
W3,800,1,14,HungarianMatcher+BellmanFordStrategy,227,mixed,defect_at_iteration,572
W3,800,1,14,HungarianMatcher+BellmanFordStrategy,228,mixed,defect_at_iteration,571
W3,800,1,14,HungarianMatcher+BellmanFordStrategy,229,mixed,defect_at_iteration,570
W3,800,1,14,HungarianMatcher+BellmanFordStrategy,230,mixed,defect_at_iteration,569
W3,800,1,14,HungarianMatcher+BellmanFordStrategy,231,mixed,defect_at_iteration,568
W3,800,1,14,HungarianMatcher+BellmanFordStrategy,232,mixed,defect_at_iteration,567
W3,800,1,14,HungarianMatcher+BellmanFordStrategy,233,mixed,defect_at_iteration,566
W3,800,1,14,HungarianMatcher+BellmanFordStrategy,234,mixed,defect_at_iteration,565
W3,800,1,14,HungarianMatcher+BellmanFordStrategy,235,mixed,defect_at_iteration,564
W3,800,1,14,HungarianMatcher+BellmanFordStrategy,236,mixed,defect_at_iteration,563
W3,800,1,14,HungarianMatcher+BellmanFordStrategy,237,mixed,defect_at_iteration,562
W3,800,1,14,HungarianMatcher+BellmanFordStrategy,238,mixed,defect_at_iteration,561
W3,800,1,14,HungarianMatcher+BellmanFordStrategy,239,mixed,defect_at_iteration,560
W3,800,1,14,HungarianMatcher+BellmanFordStrategy,240,mixed,defect_at_iteration,559
W3,800,1,14,HungarianMatcher+BellmanFordStrategy,241,mixed,defect_at_iteration,558
W3,800,1,14,HungarianMatcher+BellmanFordStrategy,242,mixed,defect_at_iteration,557
W3,800,1,14,HungarianMatcher+BellmanFordStrategy,243,mixed,defect_at_iteration,556
W3,800,1,14,HungarianMatcher+BellmanFordStrategy,244,mixed,defect_at_iteration,555
W3,800,1,14,HungarianMatcher+BellmanFordStrategy,245,mixed,defect_at_iteration,554
W3,800,1,14,HungarianMatcher+BellmanFordStrategy,246,mixed,defect_at_iteration,553
W3,800,1,14,HungarianMatcher+BellmanFordStrategy,247,mixed,defect_at_iteration,552
W3,800,1,14,HungarianMatcher+BellmanFordStrategy,248,mixed,defect_at_iteration,551
W3,800,1,14,HungarianMatcher+BellmanFordStrategy,249,mixed,defect_at_iteration,550
W3,800,1,14,HungarianMatcher+BellmanFordStrategy,250,mixed,defect_at_iteration,549
W3,800,1,14,HungarianMatcher+BellmanFordStrategy,251,mixed,defect_at_iteration,548
W3,800,1,14,HungarianMatcher+BellmanFordStrategy,252,mixed,defect_at_iteration,547
W3,800,1,14,HungarianMatcher+BellmanFordStrategy,253,mixed,defect_at_iteration,546
W3,800,1,14,HungarianMatcher+BellmanFordStrategy,254,mixed,defect_at_iteration,545
W3,800,1,14,HungarianMatcher+BellmanFordStrategy,255,mixed,defect_at_iteration,544
W3,800,1,14,HungarianMatcher+BellmanFordStrategy,256,mixed,defect_at_iteration,543
W3,800,1,14,HungarianMatcher+BellmanFordStrategy,257,mixed,defect_at_iteration,542
W3,800,1,14,HungarianMatcher+BellmanFordStrategy,258,mixed,defect_at_iteration,541
W3,800,1,14,HungarianMatcher+BellmanFordStrategy,259,mixed,defect_at_iteration,540
W3,800,1,14,HungarianMatcher+BellmanFordStrategy,260,mixed,defect_at_iteration,539
W3,800,1,14,HungarianMatcher+BellmanFordStrategy,261,mixed,defect_at_iteration,538
W3,800,1,14,HungarianMatcher+BellmanFordStrategy,262,mixed,defect_at_iteration,537
W3,800,1,14,HungarianMatcher+BellmanFordStrategy,263,mixed,defect_at_iteration,536
W3,800,1,14,HungarianMatcher+BellmanFordStrategy,264,mixed,defect_at_iteration,535
W3,800,1,14,HungarianMatcher+BellmanFordStrategy,265,mixed,defect_at_iteration,534
W3,800,1,14,HungarianMatcher+BellmanFordStrategy,266,mixed,defect_at_iteration,533
W3,800,1,14,HungarianMatcher+BellmanFordStrategy,267,mixed,defect_at_iteration,532
W3,800,1,14,HungarianMatcher+BellmanFordStrategy,268,mixed,defect_at_iteration,531
W3,800,1,14,HungarianMatcher+BellmanFordStrategy,269,mixed,defect_at_iteration,530
W3,800,1,14,HungarianMatcher+BellmanFordStrategy,270,mixed,defect_at_iteration,529
W3,800,1,14,HungarianMatcher+BellmanFordStrategy,271,mixed,defect_at_iteration,528
W3,800,1,14,HungarianMatcher+BellmanFordStrategy,272,mixed,defect_at_iteration,527
W3,800,1,14,HungarianMatcher+BellmanFordStrategy,273,mixed,defect_at_iteration,526
W3,800,1,14,HungarianMatcher+BellmanFordStrategy,274,mixed,defect_at_iteration,525
W3,800,1,14,HungarianMatcher+BellmanFordStrategy,275,mixed,defect_at_iteration,524
W3,800,1,14,HungarianMatcher+BellmanFordStrategy,276,mixed,defect_at_iteration,523
W3,800,1,14,HungarianMatcher+BellmanFordStrategy,277,mixed,defect_at_iteration,522
W3,800,1,14,HungarianMatcher+BellmanFordStrategy,278,mixed,defect_at_iteration,521
W3,800,1,14,HungarianMatcher+BellmanFordStrategy,279,mixed,defect_at_iteration,520
W3,800,1,14,HungarianMatcher+BellmanFordStrategy,280,mixed,defect_at_iteration,519
W3,800,1,14,HungarianMatcher+BellmanFordStrategy,281,mixed,defect_at_iteration,518
W3,800,1,14,HungarianMatcher+BellmanFordStrategy,282,mixed,defect_at_iteration,517
W3,800,1,14,HungarianMatcher+BellmanFordStrategy,283,mixed,defect_at_iteration,516
W3,800,1,14,HungarianMatcher+BellmanFordStrategy,284,mixed,defect_at_iteration,515
W3,800,1,14,HungarianMatcher+BellmanFordStrategy,285,mixed,defect_at_iteration,514
W3,800,1,14,HungarianMatcher+BellmanFordStrategy,286,mixed,defect_at_iteration,513
W3,800,1,14,HungarianMatcher+BellmanFordStrategy,287,mixed,defect_at_iteration,512
W3,800,1,14,HungarianMatcher+BellmanFordStrategy,288,mixed,defect_at_iteration,511
W3,800,1,14,HungarianMatcher+BellmanFordStrategy,289,mixed,defect_at_iteration,510
W3,800,1,14,HungarianMatcher+BellmanFordStrategy,290,mixed,defect_at_iteration,509
W3,800,1,14,HungarianMatcher+BellmanFordStrategy,291,mixed,defect_at_iteration,508
W3,800,1,14,HungarianMatcher+BellmanFordStrategy,292,mixed,defect_at_iteration,507
W3,800,1,14,HungarianMatcher+BellmanFordStrategy,293,mixed,defect_at_iteration,506
W3,800,1,14,HungarianMatcher+BellmanFordStrategy,294,mixed,defect_at_iteration,505
W3,800,1,14,HungarianMatcher+BellmanFordStrategy,295,mixed,defect_at_iteration,504
W3,800,1,14,HungarianMatcher+BellmanFordStrategy,296,mixed,defect_at_iteration,503
W3,800,1,14,HungarianMatcher+BellmanFordStrategy,297,mixed,defect_at_iteration,502
W3,800,1,14,HungarianMatcher+BellmanFordStrategy,298,mixed,defect_at_iteration,501
W3,800,1,14,HungarianMatcher+BellmanFordStrategy,299,mixed,defect_at_iteration,500
W3,800,1,14,HungarianMatcher+BellmanFordStrategy,300,mixed,defect_at_iteration,499
W3,800,1,14,HungarianMatcher+BellmanFordStrategy,301,mixed,defect_at_iteration,498
W3,800,1,14,HungarianMatcher+BellmanFordStrategy,302,mixed,defect_at_iteration,497
W3,800,1,14,HungarianMatcher+BellmanFordStrategy,303,mixed,defect_at_iteration,496
W3,800,1,14,HungarianMatcher+BellmanFordStrategy,304,mixed,defect_at_iteration,495
W3,800,1,14,HungarianMatcher+BellmanFordStrategy,305,mixed,defect_at_iteration,494
W3,800,1,14,HungarianMatcher+BellmanFordStrategy,306,mixed,defect_at_iteration,493
W3,800,1,14,HungarianMatcher+BellmanFordStrategy,307,mixed,defect_at_iteration,492
W3,800,1,14,HungarianMatcher+BellmanFordStrategy,308,mixed,defect_at_iteration,491
W3,800,1,14,HungarianMatcher+BellmanFordStrategy,309,mixed,defect_at_iteration,490
W3,800,1,14,HungarianMatcher+BellmanFordStrategy,310,mixed,defect_at_iteration,489
W3,800,1,14,HungarianMatcher+BellmanFordStrategy,311,mixed,defect_at_iteration,488
W3,800,1,14,HungarianMatcher+BellmanFordStrategy,312,mixed,defect_at_iteration,487
W3,800,1,14,HungarianMatcher+BellmanFordStrategy,313,mixed,defect_at_iteration,486
W3,800,1,14,HungarianMatcher+BellmanFordStrategy,314,mixed,defect_at_iteration,485
W3,800,1,14,HungarianMatcher+BellmanFordStrategy,315,mixed,defect_at_iteration,484
W3,800,1,14,HungarianMatcher+BellmanFordStrategy,316,mixed,defect_at_iteration,483
W3,800,1,14,HungarianMatcher+BellmanFordStrategy,317,mixed,defect_at_iteration,482
W3,800,1,14,HungarianMatcher+BellmanFordStrategy,318,mixed,defect_at_iteration,481
W3,800,1,14,HungarianMatcher+BellmanFordStrategy,319,mixed,defect_at_iteration,480
W3,800,1,14,HungarianMatcher+BellmanFordStrategy,320,mixed,defect_at_iteration,479
W3,800,1,14,HungarianMatcher+BellmanFordStrategy,321,mixed,defect_at_iteration,478
W3,800,1,14,HungarianMatcher+BellmanFordStrategy,322,mixed,defect_at_iteration,477
W3,800,1,14,HungarianMatcher+BellmanFordStrategy,323,mixed,defect_at_iteration,476
W3,800,1,14,HungarianMatcher+BellmanFordStrategy,324,mixed,defect_at_iteration,475
W3,800,1,14,HungarianMatcher+BellmanFordStrategy,325,mixed,defect_at_iteration,474
W3,800,1,14,HungarianMatcher+BellmanFordStrategy,326,mixed,defect_at_iteration,473
W3,800,1,14,HungarianMatcher+BellmanFordStrategy,327,mixed,defect_at_iteration,472
W3,800,1,14,HungarianMatcher+BellmanFordStrategy,328,mixed,defect_at_iteration,471
W3,800,1,14,HungarianMatcher+BellmanFordStrategy,329,mixed,defect_at_iteration,470
W3,800,1,14,HungarianMatcher+BellmanFordStrategy,330,mixed,defect_at_iteration,469
W3,800,1,14,HungarianMatcher+BellmanFordStrategy,331,mixed,defect_at_iteration,468
W3,800,1,14,HungarianMatcher+BellmanFordStrategy,332,mixed,defect_at_iteration,467
W3,800,1,14,HungarianMatcher+BellmanFordStrategy,333,mixed,defect_at_iteration,466
W3,800,1,14,HungarianMatcher+BellmanFordStrategy,334,mixed,defect_at_iteration,465
W3,800,1,14,HungarianMatcher+BellmanFordStrategy,335,mixed,defect_at_iteration,464
W3,800,1,14,HungarianMatcher+BellmanFordStrategy,336,mixed,defect_at_iteration,463
W3,800,1,14,HungarianMatcher+BellmanFordStrategy,337,mixed,defect_at_iteration,462
W3,800,1,14,HungarianMatcher+BellmanFordStrategy,338,mixed,defect_at_iteration,461
W3,800,1,14,HungarianMatcher+BellmanFordStrategy,339,mixed,defect_at_iteration,460
W3,800,1,14,HungarianMatcher+BellmanFordStrategy,340,mixed,defect_at_iteration,459
W3,800,1,14,HungarianMatcher+BellmanFordStrategy,341,mixed,defect_at_iteration,458
W3,800,1,14,HungarianMatcher+BellmanFordStrategy,342,mixed,defect_at_iteration,457
W3,800,1,14,HungarianMatcher+BellmanFordStrategy,343,mixed,defect_at_iteration,456
W3,800,1,14,HungarianMatcher+BellmanFordStrategy,344,mixed,defect_at_iteration,455
W3,800,1,14,HungarianMatcher+BellmanFordStrategy,345,mixed,defect_at_iteration,454
W3,800,1,14,HungarianMatcher+BellmanFordStrategy,346,mixed,defect_at_iteration,453
W3,800,1,14,HungarianMatcher+BellmanFordStrategy,347,mixed,defect_at_iteration,452
W3,800,1,14,HungarianMatcher+BellmanFordStrategy,348,mixed,defect_at_iteration,451
W3,800,1,14,HungarianMatcher+BellmanFordStrategy,349,mixed,defect_at_iteration,450
W3,800,1,14,HungarianMatcher+BellmanFordStrategy,350,mixed,defect_at_iteration,449
W3,800,1,14,HungarianMatcher+BellmanFordStrategy,351,mixed,defect_at_iteration,448
W3,800,1,14,HungarianMatcher+BellmanFordStrategy,352,mixed,defect_at_iteration,447
W3,800,1,14,HungarianMatcher+BellmanFordStrategy,353,mixed,defect_at_iteration,446
W3,800,1,14,HungarianMatcher+BellmanFordStrategy,354,mixed,defect_at_iteration,445
W3,800,1,14,HungarianMatcher+BellmanFordStrategy,355,mixed,defect_at_iteration,444
W3,800,1,14,HungarianMatcher+BellmanFordStrategy,356,mixed,defect_at_iteration,443
W3,800,1,14,HungarianMatcher+BellmanFordStrategy,357,mixed,defect_at_iteration,442
W3,800,1,14,HungarianMatcher+BellmanFordStrategy,358,mixed,defect_at_iteration,441
W3,800,1,14,HungarianMatcher+BellmanFordStrategy,359,mixed,defect_at_iteration,440
W3,800,1,14,HungarianMatcher+BellmanFordStrategy,360,mixed,defect_at_iteration,439
W3,800,1,14,HungarianMatcher+BellmanFordStrategy,361,mixed,defect_at_iteration,438
W3,800,1,14,HungarianMatcher+BellmanFordStrategy,362,mixed,defect_at_iteration,437
W3,800,1,14,HungarianMatcher+BellmanFordStrategy,363,mixed,defect_at_iteration,436
W3,800,1,14,HungarianMatcher+BellmanFordStrategy,364,mixed,defect_at_iteration,435
W3,800,1,14,HungarianMatcher+BellmanFordStrategy,365,mixed,defect_at_iteration,434
W3,800,1,14,HungarianMatcher+BellmanFordStrategy,366,mixed,defect_at_iteration,433
W3,800,1,14,HungarianMatcher+BellmanFordStrategy,367,mixed,defect_at_iteration,432
W3,800,1,14,HungarianMatcher+BellmanFordStrategy,368,mixed,defect_at_iteration,431
W3,800,1,14,HungarianMatcher+BellmanFordStrategy,369,mixed,defect_at_iteration,430
W3,800,1,14,HungarianMatcher+BellmanFordStrategy,370,mixed,defect_at_iteration,429
W3,800,1,14,HungarianMatcher+BellmanFordStrategy,371,mixed,defect_at_iteration,428
W3,800,1,14,HungarianMatcher+BellmanFordStrategy,372,mixed,defect_at_iteration,427
W3,800,1,14,HungarianMatcher+BellmanFordStrategy,373,mixed,defect_at_iteration,426
W3,800,1,14,HungarianMatcher+BellmanFordStrategy,374,mixed,defect_at_iteration,425
W3,800,1,14,HungarianMatcher+BellmanFordStrategy,375,mixed,defect_at_iteration,424
W3,800,1,14,HungarianMatcher+BellmanFordStrategy,376,mixed,defect_at_iteration,423
W3,800,1,14,HungarianMatcher+BellmanFordStrategy,377,mixed,defect_at_iteration,422
W3,800,1,14,HungarianMatcher+BellmanFordStrategy,378,mixed,defect_at_iteration,421
W3,800,1,14,HungarianMatcher+BellmanFordStrategy,379,mixed,defect_at_iteration,420
W3,800,1,14,HungarianMatcher+BellmanFordStrategy,380,mixed,defect_at_iteration,419
W3,800,1,14,HungarianMatcher+BellmanFordStrategy,381,mixed,defect_at_iteration,418
W3,800,1,14,HungarianMatcher+BellmanFordStrategy,382,mixed,defect_at_iteration,417
W3,800,1,14,HungarianMatcher+BellmanFordStrategy,383,mixed,defect_at_iteration,416
W3,800,1,14,HungarianMatcher+BellmanFordStrategy,384,mixed,defect_at_iteration,415
W3,800,1,14,HungarianMatcher+BellmanFordStrategy,385,mixed,defect_at_iteration,414
W3,800,1,14,HungarianMatcher+BellmanFordStrategy,386,mixed,defect_at_iteration,413
W3,800,1,14,HungarianMatcher+BellmanFordStrategy,387,mixed,defect_at_iteration,412
W3,800,1,14,HungarianMatcher+BellmanFordStrategy,388,mixed,defect_at_iteration,411
W3,800,1,14,HungarianMatcher+BellmanFordStrategy,389,mixed,defect_at_iteration,410
W3,800,1,14,HungarianMatcher+BellmanFordStrategy,390,mixed,defect_at_iteration,409
W3,800,1,14,HungarianMatcher+BellmanFordStrategy,391,mixed,defect_at_iteration,408
W3,800,1,14,HungarianMatcher+BellmanFordStrategy,392,mixed,defect_at_iteration,407
W3,800,1,14,HungarianMatcher+BellmanFordStrategy,393,mixed,defect_at_iteration,406
W3,800,1,14,HungarianMatcher+BellmanFordStrategy,394,mixed,defect_at_iteration,405
W3,800,1,14,HungarianMatcher+BellmanFordStrategy,395,mixed,defect_at_iteration,404
W3,800,1,14,HungarianMatcher+BellmanFordStrategy,396,mixed,defect_at_iteration,403
W3,800,1,14,HungarianMatcher+BellmanFordStrategy,397,mixed,defect_at_iteration,402
W3,800,1,14,HungarianMatcher+BellmanFordStrategy,398,mixed,defect_at_iteration,401
W3,800,1,14,HungarianMatcher+BellmanFordStrategy,399,mixed,defect_at_iteration,400
W3,800,1,14,HungarianMatcher+BellmanFordStrategy,400,mixed,defect_at_iteration,399
W3,800,1,14,HungarianMatcher+BellmanFordStrategy,401,mixed,defect_at_iteration,398
W3,800,1,14,HungarianMatcher+BellmanFordStrategy,402,mixed,defect_at_iteration,397
W3,800,1,14,HungarianMatcher+BellmanFordStrategy,403,mixed,defect_at_iteration,396
W3,800,1,14,HungarianMatcher+BellmanFordStrategy,404,mixed,defect_at_iteration,395
W3,800,1,14,HungarianMatcher+BellmanFordStrategy,405,mixed,defect_at_iteration,394
W3,800,1,14,HungarianMatcher+BellmanFordStrategy,406,mixed,defect_at_iteration,393
W3,800,1,14,HungarianMatcher+BellmanFordStrategy,407,mixed,defect_at_iteration,392
W3,800,1,14,HungarianMatcher+BellmanFordStrategy,408,mixed,defect_at_iteration,391
W3,800,1,14,HungarianMatcher+BellmanFordStrategy,409,mixed,defect_at_iteration,390
W3,800,1,14,HungarianMatcher+BellmanFordStrategy,410,mixed,defect_at_iteration,389
W3,800,1,14,HungarianMatcher+BellmanFordStrategy,411,mixed,defect_at_iteration,388
W3,800,1,14,HungarianMatcher+BellmanFordStrategy,412,mixed,defect_at_iteration,387
W3,800,1,14,HungarianMatcher+BellmanFordStrategy,413,mixed,defect_at_iteration,386
W3,800,1,14,HungarianMatcher+BellmanFordStrategy,414,mixed,defect_at_iteration,385
W3,800,1,14,HungarianMatcher+BellmanFordStrategy,415,mixed,defect_at_iteration,384
W3,800,1,14,HungarianMatcher+BellmanFordStrategy,416,mixed,defect_at_iteration,383
W3,800,1,14,HungarianMatcher+BellmanFordStrategy,417,mixed,defect_at_iteration,382
W3,800,1,14,HungarianMatcher+BellmanFordStrategy,418,mixed,defect_at_iteration,381
W3,800,1,14,HungarianMatcher+BellmanFordStrategy,419,mixed,defect_at_iteration,380
W3,800,1,14,HungarianMatcher+BellmanFordStrategy,420,mixed,defect_at_iteration,379
W3,800,1,14,HungarianMatcher+BellmanFordStrategy,421,mixed,defect_at_iteration,378
W3,800,1,14,HungarianMatcher+BellmanFordStrategy,422,mixed,defect_at_iteration,377
W3,800,1,14,HungarianMatcher+BellmanFordStrategy,423,mixed,defect_at_iteration,376
W3,800,1,14,HungarianMatcher+BellmanFordStrategy,424,mixed,defect_at_iteration,375
W3,800,1,14,HungarianMatcher+BellmanFordStrategy,425,mixed,defect_at_iteration,374
W3,800,1,14,HungarianMatcher+BellmanFordStrategy,426,mixed,defect_at_iteration,373
W3,800,1,14,HungarianMatcher+BellmanFordStrategy,427,mixed,defect_at_iteration,372
W3,800,1,14,HungarianMatcher+BellmanFordStrategy,428,mixed,defect_at_iteration,371
W3,800,1,14,HungarianMatcher+BellmanFordStrategy,429,mixed,defect_at_iteration,370
W3,800,1,14,HungarianMatcher+BellmanFordStrategy,430,mixed,defect_at_iteration,369
W3,800,1,14,HungarianMatcher+BellmanFordStrategy,431,mixed,defect_at_iteration,368
W3,800,1,14,HungarianMatcher+BellmanFordStrategy,432,mixed,defect_at_iteration,367
W3,800,1,14,HungarianMatcher+BellmanFordStrategy,433,mixed,defect_at_iteration,366
W3,800,1,14,HungarianMatcher+BellmanFordStrategy,434,mixed,defect_at_iteration,365
W3,800,1,14,HungarianMatcher+BellmanFordStrategy,435,mixed,defect_at_iteration,364
W3,800,1,14,HungarianMatcher+BellmanFordStrategy,436,mixed,defect_at_iteration,363
W3,800,1,14,HungarianMatcher+BellmanFordStrategy,437,mixed,defect_at_iteration,362
W3,800,1,14,HungarianMatcher+BellmanFordStrategy,438,mixed,defect_at_iteration,361
W3,800,1,14,HungarianMatcher+BellmanFordStrategy,439,mixed,defect_at_iteration,360
W3,800,1,14,HungarianMatcher+BellmanFordStrategy,440,mixed,defect_at_iteration,359
W3,800,1,14,HungarianMatcher+BellmanFordStrategy,441,mixed,defect_at_iteration,358
W3,800,1,14,HungarianMatcher+BellmanFordStrategy,442,mixed,defect_at_iteration,357
W3,800,1,14,HungarianMatcher+BellmanFordStrategy,443,mixed,defect_at_iteration,356
W3,800,1,14,HungarianMatcher+BellmanFordStrategy,444,mixed,defect_at_iteration,355
W3,800,1,14,HungarianMatcher+BellmanFordStrategy,445,mixed,defect_at_iteration,354
W3,800,1,14,HungarianMatcher+BellmanFordStrategy,446,mixed,defect_at_iteration,353
W3,800,1,14,HungarianMatcher+BellmanFordStrategy,447,mixed,defect_at_iteration,352
W3,800,1,14,HungarianMatcher+BellmanFordStrategy,-1,mixed,augmentation_count,448
W3,800,1,14,HungarianMatcher+BellmanFordStrategy,-1,mixed,matching_value,-2.77786e+08
W3,800,1,14,HungarianMatcher+BellmanFordStrategy,-1,mixed,matching_size,448
W3,800,1,14,HungarianMatcher+BellmanFordStrategy,-1,mixed,wall_clock_ms,1541.37
W3,800,1,14,HungarianMatcher+JohnsonDijkstraStrategy,0,mixed,edge_relaxations,800
W3,800,1,14,HungarianMatcher+JohnsonDijkstraStrategy,0,mixed,defect_at_iteration,799
W3,800,1,14,HungarianMatcher+JohnsonDijkstraStrategy,1,mixed,edge_relaxations,798
W3,800,1,14,HungarianMatcher+JohnsonDijkstraStrategy,1,mixed,defect_at_iteration,798
W3,800,1,14,HungarianMatcher+JohnsonDijkstraStrategy,2,mixed,edge_relaxations,798
W3,800,1,14,HungarianMatcher+JohnsonDijkstraStrategy,2,mixed,defect_at_iteration,797
W3,800,1,14,HungarianMatcher+JohnsonDijkstraStrategy,3,mixed,edge_relaxations,797
W3,800,1,14,HungarianMatcher+JohnsonDijkstraStrategy,3,mixed,defect_at_iteration,796
W3,800,1,14,HungarianMatcher+JohnsonDijkstraStrategy,4,mixed,edge_relaxations,796
W3,800,1,14,HungarianMatcher+JohnsonDijkstraStrategy,4,mixed,defect_at_iteration,795
W3,800,1,14,HungarianMatcher+JohnsonDijkstraStrategy,5,mixed,edge_relaxations,794
W3,800,1,14,HungarianMatcher+JohnsonDijkstraStrategy,5,mixed,defect_at_iteration,794
W3,800,1,14,HungarianMatcher+JohnsonDijkstraStrategy,6,mixed,edge_relaxations,792
W3,800,1,14,HungarianMatcher+JohnsonDijkstraStrategy,6,mixed,defect_at_iteration,793
W3,800,1,14,HungarianMatcher+JohnsonDijkstraStrategy,7,mixed,edge_relaxations,791
W3,800,1,14,HungarianMatcher+JohnsonDijkstraStrategy,7,mixed,defect_at_iteration,792
W3,800,1,14,HungarianMatcher+JohnsonDijkstraStrategy,8,mixed,edge_relaxations,790
W3,800,1,14,HungarianMatcher+JohnsonDijkstraStrategy,8,mixed,defect_at_iteration,791
W3,800,1,14,HungarianMatcher+JohnsonDijkstraStrategy,9,mixed,edge_relaxations,789
W3,800,1,14,HungarianMatcher+JohnsonDijkstraStrategy,9,mixed,defect_at_iteration,790
W3,800,1,14,HungarianMatcher+JohnsonDijkstraStrategy,10,mixed,edge_relaxations,788
W3,800,1,14,HungarianMatcher+JohnsonDijkstraStrategy,10,mixed,defect_at_iteration,789
W3,800,1,14,HungarianMatcher+JohnsonDijkstraStrategy,11,mixed,edge_relaxations,788
W3,800,1,14,HungarianMatcher+JohnsonDijkstraStrategy,11,mixed,defect_at_iteration,788
W3,800,1,14,HungarianMatcher+JohnsonDijkstraStrategy,12,mixed,edge_relaxations,786
W3,800,1,14,HungarianMatcher+JohnsonDijkstraStrategy,12,mixed,defect_at_iteration,787
W3,800,1,14,HungarianMatcher+JohnsonDijkstraStrategy,13,mixed,edge_relaxations,785
W3,800,1,14,HungarianMatcher+JohnsonDijkstraStrategy,13,mixed,defect_at_iteration,786
W3,800,1,14,HungarianMatcher+JohnsonDijkstraStrategy,14,mixed,edge_relaxations,784
W3,800,1,14,HungarianMatcher+JohnsonDijkstraStrategy,14,mixed,defect_at_iteration,785
W3,800,1,14,HungarianMatcher+JohnsonDijkstraStrategy,15,mixed,edge_relaxations,784
W3,800,1,14,HungarianMatcher+JohnsonDijkstraStrategy,15,mixed,defect_at_iteration,784
W3,800,1,14,HungarianMatcher+JohnsonDijkstraStrategy,16,mixed,edge_relaxations,784
W3,800,1,14,HungarianMatcher+JohnsonDijkstraStrategy,16,mixed,defect_at_iteration,783
W3,800,1,14,HungarianMatcher+JohnsonDijkstraStrategy,17,mixed,edge_relaxations,782
W3,800,1,14,HungarianMatcher+JohnsonDijkstraStrategy,17,mixed,defect_at_iteration,782
W3,800,1,14,HungarianMatcher+JohnsonDijkstraStrategy,18,mixed,edge_relaxations,782
W3,800,1,14,HungarianMatcher+JohnsonDijkstraStrategy,18,mixed,defect_at_iteration,781
W3,800,1,14,HungarianMatcher+JohnsonDijkstraStrategy,19,mixed,edge_relaxations,782
W3,800,1,14,HungarianMatcher+JohnsonDijkstraStrategy,19,mixed,defect_at_iteration,780
W3,800,1,14,HungarianMatcher+JohnsonDijkstraStrategy,20,mixed,edge_relaxations,782
W3,800,1,14,HungarianMatcher+JohnsonDijkstraStrategy,20,mixed,defect_at_iteration,779
W3,800,1,14,HungarianMatcher+JohnsonDijkstraStrategy,21,mixed,edge_relaxations,782
W3,800,1,14,HungarianMatcher+JohnsonDijkstraStrategy,21,mixed,defect_at_iteration,778
W3,800,1,14,HungarianMatcher+JohnsonDijkstraStrategy,22,mixed,edge_relaxations,782
W3,800,1,14,HungarianMatcher+JohnsonDijkstraStrategy,22,mixed,defect_at_iteration,777
W3,800,1,14,HungarianMatcher+JohnsonDijkstraStrategy,23,mixed,edge_relaxations,782
W3,800,1,14,HungarianMatcher+JohnsonDijkstraStrategy,23,mixed,defect_at_iteration,776
W3,800,1,14,HungarianMatcher+JohnsonDijkstraStrategy,24,mixed,edge_relaxations,780
W3,800,1,14,HungarianMatcher+JohnsonDijkstraStrategy,24,mixed,defect_at_iteration,775
W3,800,1,14,HungarianMatcher+JohnsonDijkstraStrategy,25,mixed,edge_relaxations,780
W3,800,1,14,HungarianMatcher+JohnsonDijkstraStrategy,25,mixed,defect_at_iteration,774
W3,800,1,14,HungarianMatcher+JohnsonDijkstraStrategy,26,mixed,edge_relaxations,778
W3,800,1,14,HungarianMatcher+JohnsonDijkstraStrategy,26,mixed,defect_at_iteration,773
W3,800,1,14,HungarianMatcher+JohnsonDijkstraStrategy,27,mixed,edge_relaxations,777
W3,800,1,14,HungarianMatcher+JohnsonDijkstraStrategy,27,mixed,defect_at_iteration,772
W3,800,1,14,HungarianMatcher+JohnsonDijkstraStrategy,28,mixed,edge_relaxations,777
W3,800,1,14,HungarianMatcher+JohnsonDijkstraStrategy,28,mixed,defect_at_iteration,771
W3,800,1,14,HungarianMatcher+JohnsonDijkstraStrategy,29,mixed,edge_relaxations,777
W3,800,1,14,HungarianMatcher+JohnsonDijkstraStrategy,29,mixed,defect_at_iteration,770
W3,800,1,14,HungarianMatcher+JohnsonDijkstraStrategy,30,mixed,edge_relaxations,777
W3,800,1,14,HungarianMatcher+JohnsonDijkstraStrategy,30,mixed,defect_at_iteration,769
W3,800,1,14,HungarianMatcher+JohnsonDijkstraStrategy,31,mixed,edge_relaxations,777
W3,800,1,14,HungarianMatcher+JohnsonDijkstraStrategy,31,mixed,defect_at_iteration,768
W3,800,1,14,HungarianMatcher+JohnsonDijkstraStrategy,32,mixed,edge_relaxations,776
W3,800,1,14,HungarianMatcher+JohnsonDijkstraStrategy,32,mixed,defect_at_iteration,767
W3,800,1,14,HungarianMatcher+JohnsonDijkstraStrategy,33,mixed,edge_relaxations,776
W3,800,1,14,HungarianMatcher+JohnsonDijkstraStrategy,33,mixed,defect_at_iteration,766
W3,800,1,14,HungarianMatcher+JohnsonDijkstraStrategy,34,mixed,edge_relaxations,776
W3,800,1,14,HungarianMatcher+JohnsonDijkstraStrategy,34,mixed,defect_at_iteration,765
W3,800,1,14,HungarianMatcher+JohnsonDijkstraStrategy,35,mixed,edge_relaxations,776
W3,800,1,14,HungarianMatcher+JohnsonDijkstraStrategy,35,mixed,defect_at_iteration,764
W3,800,1,14,HungarianMatcher+JohnsonDijkstraStrategy,36,mixed,edge_relaxations,776
W3,800,1,14,HungarianMatcher+JohnsonDijkstraStrategy,36,mixed,defect_at_iteration,763
W3,800,1,14,HungarianMatcher+JohnsonDijkstraStrategy,37,mixed,edge_relaxations,775
W3,800,1,14,HungarianMatcher+JohnsonDijkstraStrategy,37,mixed,defect_at_iteration,762
W3,800,1,14,HungarianMatcher+JohnsonDijkstraStrategy,38,mixed,edge_relaxations,775
W3,800,1,14,HungarianMatcher+JohnsonDijkstraStrategy,38,mixed,defect_at_iteration,761
W3,800,1,14,HungarianMatcher+JohnsonDijkstraStrategy,39,mixed,edge_relaxations,775
W3,800,1,14,HungarianMatcher+JohnsonDijkstraStrategy,39,mixed,defect_at_iteration,760
W3,800,1,14,HungarianMatcher+JohnsonDijkstraStrategy,40,mixed,edge_relaxations,773
W3,800,1,14,HungarianMatcher+JohnsonDijkstraStrategy,40,mixed,defect_at_iteration,759
W3,800,1,14,HungarianMatcher+JohnsonDijkstraStrategy,41,mixed,edge_relaxations,773
W3,800,1,14,HungarianMatcher+JohnsonDijkstraStrategy,41,mixed,defect_at_iteration,758
W3,800,1,14,HungarianMatcher+JohnsonDijkstraStrategy,42,mixed,edge_relaxations,772
W3,800,1,14,HungarianMatcher+JohnsonDijkstraStrategy,42,mixed,defect_at_iteration,757
W3,800,1,14,HungarianMatcher+JohnsonDijkstraStrategy,43,mixed,edge_relaxations,770
W3,800,1,14,HungarianMatcher+JohnsonDijkstraStrategy,43,mixed,defect_at_iteration,756
W3,800,1,14,HungarianMatcher+JohnsonDijkstraStrategy,44,mixed,edge_relaxations,770
W3,800,1,14,HungarianMatcher+JohnsonDijkstraStrategy,44,mixed,defect_at_iteration,755
W3,800,1,14,HungarianMatcher+JohnsonDijkstraStrategy,45,mixed,edge_relaxations,769
W3,800,1,14,HungarianMatcher+JohnsonDijkstraStrategy,45,mixed,defect_at_iteration,754
W3,800,1,14,HungarianMatcher+JohnsonDijkstraStrategy,46,mixed,edge_relaxations,769
W3,800,1,14,HungarianMatcher+JohnsonDijkstraStrategy,46,mixed,defect_at_iteration,753
W3,800,1,14,HungarianMatcher+JohnsonDijkstraStrategy,47,mixed,edge_relaxations,769
W3,800,1,14,HungarianMatcher+JohnsonDijkstraStrategy,47,mixed,defect_at_iteration,752
W3,800,1,14,HungarianMatcher+JohnsonDijkstraStrategy,48,mixed,edge_relaxations,768
W3,800,1,14,HungarianMatcher+JohnsonDijkstraStrategy,48,mixed,defect_at_iteration,751
W3,800,1,14,HungarianMatcher+JohnsonDijkstraStrategy,49,mixed,edge_relaxations,768
W3,800,1,14,HungarianMatcher+JohnsonDijkstraStrategy,49,mixed,defect_at_iteration,750
W3,800,1,14,HungarianMatcher+JohnsonDijkstraStrategy,50,mixed,edge_relaxations,765
W3,800,1,14,HungarianMatcher+JohnsonDijkstraStrategy,50,mixed,defect_at_iteration,749
W3,800,1,14,HungarianMatcher+JohnsonDijkstraStrategy,51,mixed,edge_relaxations,765
W3,800,1,14,HungarianMatcher+JohnsonDijkstraStrategy,51,mixed,defect_at_iteration,748
W3,800,1,14,HungarianMatcher+JohnsonDijkstraStrategy,52,mixed,edge_relaxations,762
W3,800,1,14,HungarianMatcher+JohnsonDijkstraStrategy,52,mixed,defect_at_iteration,747
W3,800,1,14,HungarianMatcher+JohnsonDijkstraStrategy,53,mixed,edge_relaxations,762
W3,800,1,14,HungarianMatcher+JohnsonDijkstraStrategy,53,mixed,defect_at_iteration,746
W3,800,1,14,HungarianMatcher+JohnsonDijkstraStrategy,54,mixed,edge_relaxations,758
W3,800,1,14,HungarianMatcher+JohnsonDijkstraStrategy,54,mixed,defect_at_iteration,745
W3,800,1,14,HungarianMatcher+JohnsonDijkstraStrategy,55,mixed,edge_relaxations,757
W3,800,1,14,HungarianMatcher+JohnsonDijkstraStrategy,55,mixed,defect_at_iteration,744
W3,800,1,14,HungarianMatcher+JohnsonDijkstraStrategy,56,mixed,edge_relaxations,755
W3,800,1,14,HungarianMatcher+JohnsonDijkstraStrategy,56,mixed,defect_at_iteration,743
W3,800,1,14,HungarianMatcher+JohnsonDijkstraStrategy,57,mixed,edge_relaxations,753
W3,800,1,14,HungarianMatcher+JohnsonDijkstraStrategy,57,mixed,defect_at_iteration,742
W3,800,1,14,HungarianMatcher+JohnsonDijkstraStrategy,58,mixed,edge_relaxations,753
W3,800,1,14,HungarianMatcher+JohnsonDijkstraStrategy,58,mixed,defect_at_iteration,741
W3,800,1,14,HungarianMatcher+JohnsonDijkstraStrategy,59,mixed,edge_relaxations,753
W3,800,1,14,HungarianMatcher+JohnsonDijkstraStrategy,59,mixed,defect_at_iteration,740
W3,800,1,14,HungarianMatcher+JohnsonDijkstraStrategy,60,mixed,edge_relaxations,753
W3,800,1,14,HungarianMatcher+JohnsonDijkstraStrategy,60,mixed,defect_at_iteration,739
W3,800,1,14,HungarianMatcher+JohnsonDijkstraStrategy,61,mixed,edge_relaxations,753
W3,800,1,14,HungarianMatcher+JohnsonDijkstraStrategy,61,mixed,defect_at_iteration,738
W3,800,1,14,HungarianMatcher+JohnsonDijkstraStrategy,62,mixed,edge_relaxations,752
W3,800,1,14,HungarianMatcher+JohnsonDijkstraStrategy,62,mixed,defect_at_iteration,737
W3,800,1,14,HungarianMatcher+JohnsonDijkstraStrategy,63,mixed,edge_relaxations,752
W3,800,1,14,HungarianMatcher+JohnsonDijkstraStrategy,63,mixed,defect_at_iteration,736
W3,800,1,14,HungarianMatcher+JohnsonDijkstraStrategy,64,mixed,edge_relaxations,751
W3,800,1,14,HungarianMatcher+JohnsonDijkstraStrategy,64,mixed,defect_at_iteration,735
W3,800,1,14,HungarianMatcher+JohnsonDijkstraStrategy,65,mixed,edge_relaxations,750
W3,800,1,14,HungarianMatcher+JohnsonDijkstraStrategy,65,mixed,defect_at_iteration,734
W3,800,1,14,HungarianMatcher+JohnsonDijkstraStrategy,66,mixed,edge_relaxations,749
W3,800,1,14,HungarianMatcher+JohnsonDijkstraStrategy,66,mixed,defect_at_iteration,733
W3,800,1,14,HungarianMatcher+JohnsonDijkstraStrategy,67,mixed,edge_relaxations,749
W3,800,1,14,HungarianMatcher+JohnsonDijkstraStrategy,67,mixed,defect_at_iteration,732
W3,800,1,14,HungarianMatcher+JohnsonDijkstraStrategy,68,mixed,edge_relaxations,749
W3,800,1,14,HungarianMatcher+JohnsonDijkstraStrategy,68,mixed,defect_at_iteration,731
W3,800,1,14,HungarianMatcher+JohnsonDijkstraStrategy,69,mixed,edge_relaxations,747
W3,800,1,14,HungarianMatcher+JohnsonDijkstraStrategy,69,mixed,defect_at_iteration,730
W3,800,1,14,HungarianMatcher+JohnsonDijkstraStrategy,70,mixed,edge_relaxations,747
W3,800,1,14,HungarianMatcher+JohnsonDijkstraStrategy,70,mixed,defect_at_iteration,729
W3,800,1,14,HungarianMatcher+JohnsonDijkstraStrategy,71,mixed,edge_relaxations,747
W3,800,1,14,HungarianMatcher+JohnsonDijkstraStrategy,71,mixed,defect_at_iteration,728
W3,800,1,14,HungarianMatcher+JohnsonDijkstraStrategy,72,mixed,edge_relaxations,747
W3,800,1,14,HungarianMatcher+JohnsonDijkstraStrategy,72,mixed,defect_at_iteration,727
W3,800,1,14,HungarianMatcher+JohnsonDijkstraStrategy,73,mixed,edge_relaxations,747
W3,800,1,14,HungarianMatcher+JohnsonDijkstraStrategy,73,mixed,defect_at_iteration,726
W3,800,1,14,HungarianMatcher+JohnsonDijkstraStrategy,74,mixed,edge_relaxations,745
W3,800,1,14,HungarianMatcher+JohnsonDijkstraStrategy,74,mixed,defect_at_iteration,725
W3,800,1,14,HungarianMatcher+JohnsonDijkstraStrategy,75,mixed,edge_relaxations,745
W3,800,1,14,HungarianMatcher+JohnsonDijkstraStrategy,75,mixed,defect_at_iteration,724
W3,800,1,14,HungarianMatcher+JohnsonDijkstraStrategy,76,mixed,edge_relaxations,743
W3,800,1,14,HungarianMatcher+JohnsonDijkstraStrategy,76,mixed,defect_at_iteration,723
W3,800,1,14,HungarianMatcher+JohnsonDijkstraStrategy,77,mixed,edge_relaxations,741
W3,800,1,14,HungarianMatcher+JohnsonDijkstraStrategy,77,mixed,defect_at_iteration,722
W3,800,1,14,HungarianMatcher+JohnsonDijkstraStrategy,78,mixed,edge_relaxations,741
W3,800,1,14,HungarianMatcher+JohnsonDijkstraStrategy,78,mixed,defect_at_iteration,721
W3,800,1,14,HungarianMatcher+JohnsonDijkstraStrategy,79,mixed,edge_relaxations,741
W3,800,1,14,HungarianMatcher+JohnsonDijkstraStrategy,79,mixed,defect_at_iteration,720
W3,800,1,14,HungarianMatcher+JohnsonDijkstraStrategy,80,mixed,edge_relaxations,741
W3,800,1,14,HungarianMatcher+JohnsonDijkstraStrategy,80,mixed,defect_at_iteration,719
W3,800,1,14,HungarianMatcher+JohnsonDijkstraStrategy,81,mixed,edge_relaxations,741
W3,800,1,14,HungarianMatcher+JohnsonDijkstraStrategy,81,mixed,defect_at_iteration,718
W3,800,1,14,HungarianMatcher+JohnsonDijkstraStrategy,82,mixed,edge_relaxations,741
W3,800,1,14,HungarianMatcher+JohnsonDijkstraStrategy,82,mixed,defect_at_iteration,717
W3,800,1,14,HungarianMatcher+JohnsonDijkstraStrategy,83,mixed,edge_relaxations,741
W3,800,1,14,HungarianMatcher+JohnsonDijkstraStrategy,83,mixed,defect_at_iteration,716
W3,800,1,14,HungarianMatcher+JohnsonDijkstraStrategy,84,mixed,edge_relaxations,741
W3,800,1,14,HungarianMatcher+JohnsonDijkstraStrategy,84,mixed,defect_at_iteration,715
W3,800,1,14,HungarianMatcher+JohnsonDijkstraStrategy,85,mixed,edge_relaxations,741
W3,800,1,14,HungarianMatcher+JohnsonDijkstraStrategy,85,mixed,defect_at_iteration,714
W3,800,1,14,HungarianMatcher+JohnsonDijkstraStrategy,86,mixed,edge_relaxations,740
W3,800,1,14,HungarianMatcher+JohnsonDijkstraStrategy,86,mixed,defect_at_iteration,713
W3,800,1,14,HungarianMatcher+JohnsonDijkstraStrategy,87,mixed,edge_relaxations,737
W3,800,1,14,HungarianMatcher+JohnsonDijkstraStrategy,87,mixed,defect_at_iteration,712
W3,800,1,14,HungarianMatcher+JohnsonDijkstraStrategy,88,mixed,edge_relaxations,737
W3,800,1,14,HungarianMatcher+JohnsonDijkstraStrategy,88,mixed,defect_at_iteration,711
W3,800,1,14,HungarianMatcher+JohnsonDijkstraStrategy,89,mixed,edge_relaxations,737
W3,800,1,14,HungarianMatcher+JohnsonDijkstraStrategy,89,mixed,defect_at_iteration,710
W3,800,1,14,HungarianMatcher+JohnsonDijkstraStrategy,90,mixed,edge_relaxations,737
W3,800,1,14,HungarianMatcher+JohnsonDijkstraStrategy,90,mixed,defect_at_iteration,709
W3,800,1,14,HungarianMatcher+JohnsonDijkstraStrategy,91,mixed,edge_relaxations,737
W3,800,1,14,HungarianMatcher+JohnsonDijkstraStrategy,91,mixed,defect_at_iteration,708
W3,800,1,14,HungarianMatcher+JohnsonDijkstraStrategy,92,mixed,edge_relaxations,735
W3,800,1,14,HungarianMatcher+JohnsonDijkstraStrategy,92,mixed,defect_at_iteration,707
W3,800,1,14,HungarianMatcher+JohnsonDijkstraStrategy,93,mixed,edge_relaxations,733
W3,800,1,14,HungarianMatcher+JohnsonDijkstraStrategy,93,mixed,defect_at_iteration,706
W3,800,1,14,HungarianMatcher+JohnsonDijkstraStrategy,94,mixed,edge_relaxations,733
W3,800,1,14,HungarianMatcher+JohnsonDijkstraStrategy,94,mixed,defect_at_iteration,705
W3,800,1,14,HungarianMatcher+JohnsonDijkstraStrategy,95,mixed,edge_relaxations,732
W3,800,1,14,HungarianMatcher+JohnsonDijkstraStrategy,95,mixed,defect_at_iteration,704
W3,800,1,14,HungarianMatcher+JohnsonDijkstraStrategy,96,mixed,edge_relaxations,729
W3,800,1,14,HungarianMatcher+JohnsonDijkstraStrategy,96,mixed,defect_at_iteration,703
W3,800,1,14,HungarianMatcher+JohnsonDijkstraStrategy,97,mixed,edge_relaxations,729
W3,800,1,14,HungarianMatcher+JohnsonDijkstraStrategy,97,mixed,defect_at_iteration,702
W3,800,1,14,HungarianMatcher+JohnsonDijkstraStrategy,98,mixed,edge_relaxations,729
W3,800,1,14,HungarianMatcher+JohnsonDijkstraStrategy,98,mixed,defect_at_iteration,701
W3,800,1,14,HungarianMatcher+JohnsonDijkstraStrategy,99,mixed,edge_relaxations,729
W3,800,1,14,HungarianMatcher+JohnsonDijkstraStrategy,99,mixed,defect_at_iteration,700
W3,800,1,14,HungarianMatcher+JohnsonDijkstraStrategy,100,mixed,edge_relaxations,729
W3,800,1,14,HungarianMatcher+JohnsonDijkstraStrategy,100,mixed,defect_at_iteration,699
W3,800,1,14,HungarianMatcher+JohnsonDijkstraStrategy,101,mixed,edge_relaxations,728
W3,800,1,14,HungarianMatcher+JohnsonDijkstraStrategy,101,mixed,defect_at_iteration,698
W3,800,1,14,HungarianMatcher+JohnsonDijkstraStrategy,102,mixed,edge_relaxations,728
W3,800,1,14,HungarianMatcher+JohnsonDijkstraStrategy,102,mixed,defect_at_iteration,697
W3,800,1,14,HungarianMatcher+JohnsonDijkstraStrategy,103,mixed,edge_relaxations,725
W3,800,1,14,HungarianMatcher+JohnsonDijkstraStrategy,103,mixed,defect_at_iteration,696
W3,800,1,14,HungarianMatcher+JohnsonDijkstraStrategy,104,mixed,edge_relaxations,725
W3,800,1,14,HungarianMatcher+JohnsonDijkstraStrategy,104,mixed,defect_at_iteration,695
W3,800,1,14,HungarianMatcher+JohnsonDijkstraStrategy,105,mixed,edge_relaxations,724
W3,800,1,14,HungarianMatcher+JohnsonDijkstraStrategy,105,mixed,defect_at_iteration,694
W3,800,1,14,HungarianMatcher+JohnsonDijkstraStrategy,106,mixed,edge_relaxations,723
W3,800,1,14,HungarianMatcher+JohnsonDijkstraStrategy,106,mixed,defect_at_iteration,693
W3,800,1,14,HungarianMatcher+JohnsonDijkstraStrategy,107,mixed,edge_relaxations,723
W3,800,1,14,HungarianMatcher+JohnsonDijkstraStrategy,107,mixed,defect_at_iteration,692
W3,800,1,14,HungarianMatcher+JohnsonDijkstraStrategy,108,mixed,edge_relaxations,720
W3,800,1,14,HungarianMatcher+JohnsonDijkstraStrategy,108,mixed,defect_at_iteration,691
W3,800,1,14,HungarianMatcher+JohnsonDijkstraStrategy,109,mixed,edge_relaxations,720
W3,800,1,14,HungarianMatcher+JohnsonDijkstraStrategy,109,mixed,defect_at_iteration,690
W3,800,1,14,HungarianMatcher+JohnsonDijkstraStrategy,110,mixed,edge_relaxations,719
W3,800,1,14,HungarianMatcher+JohnsonDijkstraStrategy,110,mixed,defect_at_iteration,689
W3,800,1,14,HungarianMatcher+JohnsonDijkstraStrategy,111,mixed,edge_relaxations,718
W3,800,1,14,HungarianMatcher+JohnsonDijkstraStrategy,111,mixed,defect_at_iteration,688
W3,800,1,14,HungarianMatcher+JohnsonDijkstraStrategy,112,mixed,edge_relaxations,718
W3,800,1,14,HungarianMatcher+JohnsonDijkstraStrategy,112,mixed,defect_at_iteration,687
W3,800,1,14,HungarianMatcher+JohnsonDijkstraStrategy,113,mixed,edge_relaxations,718
W3,800,1,14,HungarianMatcher+JohnsonDijkstraStrategy,113,mixed,defect_at_iteration,686
W3,800,1,14,HungarianMatcher+JohnsonDijkstraStrategy,114,mixed,edge_relaxations,716
W3,800,1,14,HungarianMatcher+JohnsonDijkstraStrategy,114,mixed,defect_at_iteration,685
W3,800,1,14,HungarianMatcher+JohnsonDijkstraStrategy,115,mixed,edge_relaxations,716
W3,800,1,14,HungarianMatcher+JohnsonDijkstraStrategy,115,mixed,defect_at_iteration,684
W3,800,1,14,HungarianMatcher+JohnsonDijkstraStrategy,116,mixed,edge_relaxations,716
W3,800,1,14,HungarianMatcher+JohnsonDijkstraStrategy,116,mixed,defect_at_iteration,683
W3,800,1,14,HungarianMatcher+JohnsonDijkstraStrategy,117,mixed,edge_relaxations,716
W3,800,1,14,HungarianMatcher+JohnsonDijkstraStrategy,117,mixed,defect_at_iteration,682
W3,800,1,14,HungarianMatcher+JohnsonDijkstraStrategy,118,mixed,edge_relaxations,714
W3,800,1,14,HungarianMatcher+JohnsonDijkstraStrategy,118,mixed,defect_at_iteration,681
W3,800,1,14,HungarianMatcher+JohnsonDijkstraStrategy,119,mixed,edge_relaxations,714
W3,800,1,14,HungarianMatcher+JohnsonDijkstraStrategy,119,mixed,defect_at_iteration,680
W3,800,1,14,HungarianMatcher+JohnsonDijkstraStrategy,120,mixed,edge_relaxations,714
W3,800,1,14,HungarianMatcher+JohnsonDijkstraStrategy,120,mixed,defect_at_iteration,679
W3,800,1,14,HungarianMatcher+JohnsonDijkstraStrategy,121,mixed,edge_relaxations,714
W3,800,1,14,HungarianMatcher+JohnsonDijkstraStrategy,121,mixed,defect_at_iteration,678
W3,800,1,14,HungarianMatcher+JohnsonDijkstraStrategy,122,mixed,edge_relaxations,713
W3,800,1,14,HungarianMatcher+JohnsonDijkstraStrategy,122,mixed,defect_at_iteration,677
W3,800,1,14,HungarianMatcher+JohnsonDijkstraStrategy,123,mixed,edge_relaxations,713
W3,800,1,14,HungarianMatcher+JohnsonDijkstraStrategy,123,mixed,defect_at_iteration,676
W3,800,1,14,HungarianMatcher+JohnsonDijkstraStrategy,124,mixed,edge_relaxations,713
W3,800,1,14,HungarianMatcher+JohnsonDijkstraStrategy,124,mixed,defect_at_iteration,675
W3,800,1,14,HungarianMatcher+JohnsonDijkstraStrategy,125,mixed,edge_relaxations,713
W3,800,1,14,HungarianMatcher+JohnsonDijkstraStrategy,125,mixed,defect_at_iteration,674
W3,800,1,14,HungarianMatcher+JohnsonDijkstraStrategy,126,mixed,edge_relaxations,712
W3,800,1,14,HungarianMatcher+JohnsonDijkstraStrategy,126,mixed,defect_at_iteration,673
W3,800,1,14,HungarianMatcher+JohnsonDijkstraStrategy,127,mixed,edge_relaxations,712
W3,800,1,14,HungarianMatcher+JohnsonDijkstraStrategy,127,mixed,defect_at_iteration,672
W3,800,1,14,HungarianMatcher+JohnsonDijkstraStrategy,128,mixed,edge_relaxations,712
W3,800,1,14,HungarianMatcher+JohnsonDijkstraStrategy,128,mixed,defect_at_iteration,671
W3,800,1,14,HungarianMatcher+JohnsonDijkstraStrategy,129,mixed,edge_relaxations,712
W3,800,1,14,HungarianMatcher+JohnsonDijkstraStrategy,129,mixed,defect_at_iteration,670
W3,800,1,14,HungarianMatcher+JohnsonDijkstraStrategy,130,mixed,edge_relaxations,712
W3,800,1,14,HungarianMatcher+JohnsonDijkstraStrategy,130,mixed,defect_at_iteration,669
W3,800,1,14,HungarianMatcher+JohnsonDijkstraStrategy,131,mixed,edge_relaxations,712
W3,800,1,14,HungarianMatcher+JohnsonDijkstraStrategy,131,mixed,defect_at_iteration,668
W3,800,1,14,HungarianMatcher+JohnsonDijkstraStrategy,132,mixed,edge_relaxations,710
W3,800,1,14,HungarianMatcher+JohnsonDijkstraStrategy,132,mixed,defect_at_iteration,667
W3,800,1,14,HungarianMatcher+JohnsonDijkstraStrategy,133,mixed,edge_relaxations,710
W3,800,1,14,HungarianMatcher+JohnsonDijkstraStrategy,133,mixed,defect_at_iteration,666
W3,800,1,14,HungarianMatcher+JohnsonDijkstraStrategy,134,mixed,edge_relaxations,710
W3,800,1,14,HungarianMatcher+JohnsonDijkstraStrategy,134,mixed,defect_at_iteration,665
W3,800,1,14,HungarianMatcher+JohnsonDijkstraStrategy,135,mixed,edge_relaxations,710
W3,800,1,14,HungarianMatcher+JohnsonDijkstraStrategy,135,mixed,defect_at_iteration,664
W3,800,1,14,HungarianMatcher+JohnsonDijkstraStrategy,136,mixed,edge_relaxations,710
W3,800,1,14,HungarianMatcher+JohnsonDijkstraStrategy,136,mixed,defect_at_iteration,663
W3,800,1,14,HungarianMatcher+JohnsonDijkstraStrategy,137,mixed,edge_relaxations,709
W3,800,1,14,HungarianMatcher+JohnsonDijkstraStrategy,137,mixed,defect_at_iteration,662
W3,800,1,14,HungarianMatcher+JohnsonDijkstraStrategy,138,mixed,edge_relaxations,709
W3,800,1,14,HungarianMatcher+JohnsonDijkstraStrategy,138,mixed,defect_at_iteration,661
W3,800,1,14,HungarianMatcher+JohnsonDijkstraStrategy,139,mixed,edge_relaxations,709
W3,800,1,14,HungarianMatcher+JohnsonDijkstraStrategy,139,mixed,defect_at_iteration,660
W3,800,1,14,HungarianMatcher+JohnsonDijkstraStrategy,140,mixed,edge_relaxations,709
W3,800,1,14,HungarianMatcher+JohnsonDijkstraStrategy,140,mixed,defect_at_iteration,659
W3,800,1,14,HungarianMatcher+JohnsonDijkstraStrategy,141,mixed,edge_relaxations,709
W3,800,1,14,HungarianMatcher+JohnsonDijkstraStrategy,141,mixed,defect_at_iteration,658
W3,800,1,14,HungarianMatcher+JohnsonDijkstraStrategy,142,mixed,edge_relaxations,706
W3,800,1,14,HungarianMatcher+JohnsonDijkstraStrategy,142,mixed,defect_at_iteration,657
W3,800,1,14,HungarianMatcher+JohnsonDijkstraStrategy,143,mixed,edge_relaxations,705
W3,800,1,14,HungarianMatcher+JohnsonDijkstraStrategy,143,mixed,defect_at_iteration,656
W3,800,1,14,HungarianMatcher+JohnsonDijkstraStrategy,144,mixed,edge_relaxations,705
W3,800,1,14,HungarianMatcher+JohnsonDijkstraStrategy,144,mixed,defect_at_iteration,655
W3,800,1,14,HungarianMatcher+JohnsonDijkstraStrategy,145,mixed,edge_relaxations,703
W3,800,1,14,HungarianMatcher+JohnsonDijkstraStrategy,145,mixed,defect_at_iteration,654
W3,800,1,14,HungarianMatcher+JohnsonDijkstraStrategy,146,mixed,edge_relaxations,701
W3,800,1,14,HungarianMatcher+JohnsonDijkstraStrategy,146,mixed,defect_at_iteration,653
W3,800,1,14,HungarianMatcher+JohnsonDijkstraStrategy,147,mixed,edge_relaxations,700
W3,800,1,14,HungarianMatcher+JohnsonDijkstraStrategy,147,mixed,defect_at_iteration,652
W3,800,1,14,HungarianMatcher+JohnsonDijkstraStrategy,148,mixed,edge_relaxations,699
W3,800,1,14,HungarianMatcher+JohnsonDijkstraStrategy,148,mixed,defect_at_iteration,651
W3,800,1,14,HungarianMatcher+JohnsonDijkstraStrategy,149,mixed,edge_relaxations,698
W3,800,1,14,HungarianMatcher+JohnsonDijkstraStrategy,149,mixed,defect_at_iteration,650
W3,800,1,14,HungarianMatcher+JohnsonDijkstraStrategy,150,mixed,edge_relaxations,698
W3,800,1,14,HungarianMatcher+JohnsonDijkstraStrategy,150,mixed,defect_at_iteration,649
W3,800,1,14,HungarianMatcher+JohnsonDijkstraStrategy,151,mixed,edge_relaxations,695
W3,800,1,14,HungarianMatcher+JohnsonDijkstraStrategy,151,mixed,defect_at_iteration,648
W3,800,1,14,HungarianMatcher+JohnsonDijkstraStrategy,152,mixed,edge_relaxations,692
W3,800,1,14,HungarianMatcher+JohnsonDijkstraStrategy,152,mixed,defect_at_iteration,647
W3,800,1,14,HungarianMatcher+JohnsonDijkstraStrategy,153,mixed,edge_relaxations,692
W3,800,1,14,HungarianMatcher+JohnsonDijkstraStrategy,153,mixed,defect_at_iteration,646
W3,800,1,14,HungarianMatcher+JohnsonDijkstraStrategy,154,mixed,edge_relaxations,692
W3,800,1,14,HungarianMatcher+JohnsonDijkstraStrategy,154,mixed,defect_at_iteration,645
W3,800,1,14,HungarianMatcher+JohnsonDijkstraStrategy,155,mixed,edge_relaxations,692
W3,800,1,14,HungarianMatcher+JohnsonDijkstraStrategy,155,mixed,defect_at_iteration,644
W3,800,1,14,HungarianMatcher+JohnsonDijkstraStrategy,156,mixed,edge_relaxations,692
W3,800,1,14,HungarianMatcher+JohnsonDijkstraStrategy,156,mixed,defect_at_iteration,643
W3,800,1,14,HungarianMatcher+JohnsonDijkstraStrategy,157,mixed,edge_relaxations,691
W3,800,1,14,HungarianMatcher+JohnsonDijkstraStrategy,157,mixed,defect_at_iteration,642
W3,800,1,14,HungarianMatcher+JohnsonDijkstraStrategy,158,mixed,edge_relaxations,691
W3,800,1,14,HungarianMatcher+JohnsonDijkstraStrategy,158,mixed,defect_at_iteration,641
W3,800,1,14,HungarianMatcher+JohnsonDijkstraStrategy,159,mixed,edge_relaxations,690
W3,800,1,14,HungarianMatcher+JohnsonDijkstraStrategy,159,mixed,defect_at_iteration,640
W3,800,1,14,HungarianMatcher+JohnsonDijkstraStrategy,160,mixed,edge_relaxations,690
W3,800,1,14,HungarianMatcher+JohnsonDijkstraStrategy,160,mixed,defect_at_iteration,639
W3,800,1,14,HungarianMatcher+JohnsonDijkstraStrategy,161,mixed,edge_relaxations,690
W3,800,1,14,HungarianMatcher+JohnsonDijkstraStrategy,161,mixed,defect_at_iteration,638
W3,800,1,14,HungarianMatcher+JohnsonDijkstraStrategy,162,mixed,edge_relaxations,690
W3,800,1,14,HungarianMatcher+JohnsonDijkstraStrategy,162,mixed,defect_at_iteration,637
W3,800,1,14,HungarianMatcher+JohnsonDijkstraStrategy,163,mixed,edge_relaxations,688
W3,800,1,14,HungarianMatcher+JohnsonDijkstraStrategy,163,mixed,defect_at_iteration,636
W3,800,1,14,HungarianMatcher+JohnsonDijkstraStrategy,164,mixed,edge_relaxations,687
W3,800,1,14,HungarianMatcher+JohnsonDijkstraStrategy,164,mixed,defect_at_iteration,635
W3,800,1,14,HungarianMatcher+JohnsonDijkstraStrategy,165,mixed,edge_relaxations,685
W3,800,1,14,HungarianMatcher+JohnsonDijkstraStrategy,165,mixed,defect_at_iteration,634
W3,800,1,14,HungarianMatcher+JohnsonDijkstraStrategy,166,mixed,edge_relaxations,684
W3,800,1,14,HungarianMatcher+JohnsonDijkstraStrategy,166,mixed,defect_at_iteration,633
W3,800,1,14,HungarianMatcher+JohnsonDijkstraStrategy,167,mixed,edge_relaxations,682
W3,800,1,14,HungarianMatcher+JohnsonDijkstraStrategy,167,mixed,defect_at_iteration,632
W3,800,1,14,HungarianMatcher+JohnsonDijkstraStrategy,168,mixed,edge_relaxations,682
W3,800,1,14,HungarianMatcher+JohnsonDijkstraStrategy,168,mixed,defect_at_iteration,631
W3,800,1,14,HungarianMatcher+JohnsonDijkstraStrategy,169,mixed,edge_relaxations,681
W3,800,1,14,HungarianMatcher+JohnsonDijkstraStrategy,169,mixed,defect_at_iteration,630
W3,800,1,14,HungarianMatcher+JohnsonDijkstraStrategy,170,mixed,edge_relaxations,681
W3,800,1,14,HungarianMatcher+JohnsonDijkstraStrategy,170,mixed,defect_at_iteration,629
W3,800,1,14,HungarianMatcher+JohnsonDijkstraStrategy,171,mixed,edge_relaxations,681
W3,800,1,14,HungarianMatcher+JohnsonDijkstraStrategy,171,mixed,defect_at_iteration,628
W3,800,1,14,HungarianMatcher+JohnsonDijkstraStrategy,172,mixed,edge_relaxations,681
W3,800,1,14,HungarianMatcher+JohnsonDijkstraStrategy,172,mixed,defect_at_iteration,627
W3,800,1,14,HungarianMatcher+JohnsonDijkstraStrategy,173,mixed,edge_relaxations,681
W3,800,1,14,HungarianMatcher+JohnsonDijkstraStrategy,173,mixed,defect_at_iteration,626
W3,800,1,14,HungarianMatcher+JohnsonDijkstraStrategy,174,mixed,edge_relaxations,681
W3,800,1,14,HungarianMatcher+JohnsonDijkstraStrategy,174,mixed,defect_at_iteration,625
W3,800,1,14,HungarianMatcher+JohnsonDijkstraStrategy,175,mixed,edge_relaxations,679
W3,800,1,14,HungarianMatcher+JohnsonDijkstraStrategy,175,mixed,defect_at_iteration,624
W3,800,1,14,HungarianMatcher+JohnsonDijkstraStrategy,176,mixed,edge_relaxations,677
W3,800,1,14,HungarianMatcher+JohnsonDijkstraStrategy,176,mixed,defect_at_iteration,623
W3,800,1,14,HungarianMatcher+JohnsonDijkstraStrategy,177,mixed,edge_relaxations,676
W3,800,1,14,HungarianMatcher+JohnsonDijkstraStrategy,177,mixed,defect_at_iteration,622
W3,800,1,14,HungarianMatcher+JohnsonDijkstraStrategy,178,mixed,edge_relaxations,676
W3,800,1,14,HungarianMatcher+JohnsonDijkstraStrategy,178,mixed,defect_at_iteration,621
W3,800,1,14,HungarianMatcher+JohnsonDijkstraStrategy,179,mixed,edge_relaxations,676
W3,800,1,14,HungarianMatcher+JohnsonDijkstraStrategy,179,mixed,defect_at_iteration,620
W3,800,1,14,HungarianMatcher+JohnsonDijkstraStrategy,180,mixed,edge_relaxations,676
W3,800,1,14,HungarianMatcher+JohnsonDijkstraStrategy,180,mixed,defect_at_iteration,619
W3,800,1,14,HungarianMatcher+JohnsonDijkstraStrategy,181,mixed,edge_relaxations,675
W3,800,1,14,HungarianMatcher+JohnsonDijkstraStrategy,181,mixed,defect_at_iteration,618
W3,800,1,14,HungarianMatcher+JohnsonDijkstraStrategy,182,mixed,edge_relaxations,674
W3,800,1,14,HungarianMatcher+JohnsonDijkstraStrategy,182,mixed,defect_at_iteration,617
W3,800,1,14,HungarianMatcher+JohnsonDijkstraStrategy,183,mixed,edge_relaxations,674
W3,800,1,14,HungarianMatcher+JohnsonDijkstraStrategy,183,mixed,defect_at_iteration,616
W3,800,1,14,HungarianMatcher+JohnsonDijkstraStrategy,184,mixed,edge_relaxations,674
W3,800,1,14,HungarianMatcher+JohnsonDijkstraStrategy,184,mixed,defect_at_iteration,615
W3,800,1,14,HungarianMatcher+JohnsonDijkstraStrategy,185,mixed,edge_relaxations,672
W3,800,1,14,HungarianMatcher+JohnsonDijkstraStrategy,185,mixed,defect_at_iteration,614
W3,800,1,14,HungarianMatcher+JohnsonDijkstraStrategy,186,mixed,edge_relaxations,671
W3,800,1,14,HungarianMatcher+JohnsonDijkstraStrategy,186,mixed,defect_at_iteration,613
W3,800,1,14,HungarianMatcher+JohnsonDijkstraStrategy,187,mixed,edge_relaxations,670
W3,800,1,14,HungarianMatcher+JohnsonDijkstraStrategy,187,mixed,defect_at_iteration,612
W3,800,1,14,HungarianMatcher+JohnsonDijkstraStrategy,188,mixed,edge_relaxations,670
W3,800,1,14,HungarianMatcher+JohnsonDijkstraStrategy,188,mixed,defect_at_iteration,611
W3,800,1,14,HungarianMatcher+JohnsonDijkstraStrategy,189,mixed,edge_relaxations,670
W3,800,1,14,HungarianMatcher+JohnsonDijkstraStrategy,189,mixed,defect_at_iteration,610
W3,800,1,14,HungarianMatcher+JohnsonDijkstraStrategy,190,mixed,edge_relaxations,670
W3,800,1,14,HungarianMatcher+JohnsonDijkstraStrategy,190,mixed,defect_at_iteration,609
W3,800,1,14,HungarianMatcher+JohnsonDijkstraStrategy,191,mixed,edge_relaxations,667
W3,800,1,14,HungarianMatcher+JohnsonDijkstraStrategy,191,mixed,defect_at_iteration,608
W3,800,1,14,HungarianMatcher+JohnsonDijkstraStrategy,192,mixed,edge_relaxations,665
W3,800,1,14,HungarianMatcher+JohnsonDijkstraStrategy,192,mixed,defect_at_iteration,607
W3,800,1,14,HungarianMatcher+JohnsonDijkstraStrategy,193,mixed,edge_relaxations,665
W3,800,1,14,HungarianMatcher+JohnsonDijkstraStrategy,193,mixed,defect_at_iteration,606
W3,800,1,14,HungarianMatcher+JohnsonDijkstraStrategy,194,mixed,edge_relaxations,664
W3,800,1,14,HungarianMatcher+JohnsonDijkstraStrategy,194,mixed,defect_at_iteration,605
W3,800,1,14,HungarianMatcher+JohnsonDijkstraStrategy,195,mixed,edge_relaxations,663
W3,800,1,14,HungarianMatcher+JohnsonDijkstraStrategy,195,mixed,defect_at_iteration,604
W3,800,1,14,HungarianMatcher+JohnsonDijkstraStrategy,196,mixed,edge_relaxations,660
W3,800,1,14,HungarianMatcher+JohnsonDijkstraStrategy,196,mixed,defect_at_iteration,603
W3,800,1,14,HungarianMatcher+JohnsonDijkstraStrategy,197,mixed,edge_relaxations,660
W3,800,1,14,HungarianMatcher+JohnsonDijkstraStrategy,197,mixed,defect_at_iteration,602
W3,800,1,14,HungarianMatcher+JohnsonDijkstraStrategy,198,mixed,edge_relaxations,659
W3,800,1,14,HungarianMatcher+JohnsonDijkstraStrategy,198,mixed,defect_at_iteration,601
W3,800,1,14,HungarianMatcher+JohnsonDijkstraStrategy,199,mixed,edge_relaxations,659
W3,800,1,14,HungarianMatcher+JohnsonDijkstraStrategy,199,mixed,defect_at_iteration,600
W3,800,1,14,HungarianMatcher+JohnsonDijkstraStrategy,200,mixed,edge_relaxations,659
W3,800,1,14,HungarianMatcher+JohnsonDijkstraStrategy,200,mixed,defect_at_iteration,599
W3,800,1,14,HungarianMatcher+JohnsonDijkstraStrategy,201,mixed,edge_relaxations,658
W3,800,1,14,HungarianMatcher+JohnsonDijkstraStrategy,201,mixed,defect_at_iteration,598
W3,800,1,14,HungarianMatcher+JohnsonDijkstraStrategy,202,mixed,edge_relaxations,657
W3,800,1,14,HungarianMatcher+JohnsonDijkstraStrategy,202,mixed,defect_at_iteration,597
W3,800,1,14,HungarianMatcher+JohnsonDijkstraStrategy,203,mixed,edge_relaxations,655
W3,800,1,14,HungarianMatcher+JohnsonDijkstraStrategy,203,mixed,defect_at_iteration,596
W3,800,1,14,HungarianMatcher+JohnsonDijkstraStrategy,204,mixed,edge_relaxations,654
W3,800,1,14,HungarianMatcher+JohnsonDijkstraStrategy,204,mixed,defect_at_iteration,595
W3,800,1,14,HungarianMatcher+JohnsonDijkstraStrategy,205,mixed,edge_relaxations,654
W3,800,1,14,HungarianMatcher+JohnsonDijkstraStrategy,205,mixed,defect_at_iteration,594
W3,800,1,14,HungarianMatcher+JohnsonDijkstraStrategy,206,mixed,edge_relaxations,652
W3,800,1,14,HungarianMatcher+JohnsonDijkstraStrategy,206,mixed,defect_at_iteration,593
W3,800,1,14,HungarianMatcher+JohnsonDijkstraStrategy,207,mixed,edge_relaxations,652
W3,800,1,14,HungarianMatcher+JohnsonDijkstraStrategy,207,mixed,defect_at_iteration,592
W3,800,1,14,HungarianMatcher+JohnsonDijkstraStrategy,208,mixed,edge_relaxations,651
W3,800,1,14,HungarianMatcher+JohnsonDijkstraStrategy,208,mixed,defect_at_iteration,591
W3,800,1,14,HungarianMatcher+JohnsonDijkstraStrategy,209,mixed,edge_relaxations,649
W3,800,1,14,HungarianMatcher+JohnsonDijkstraStrategy,209,mixed,defect_at_iteration,590
W3,800,1,14,HungarianMatcher+JohnsonDijkstraStrategy,210,mixed,edge_relaxations,647
W3,800,1,14,HungarianMatcher+JohnsonDijkstraStrategy,210,mixed,defect_at_iteration,589
W3,800,1,14,HungarianMatcher+JohnsonDijkstraStrategy,211,mixed,edge_relaxations,639
W3,800,1,14,HungarianMatcher+JohnsonDijkstraStrategy,211,mixed,defect_at_iteration,588
W3,800,1,14,HungarianMatcher+JohnsonDijkstraStrategy,212,mixed,edge_relaxations,637
W3,800,1,14,HungarianMatcher+JohnsonDijkstraStrategy,212,mixed,defect_at_iteration,587
W3,800,1,14,HungarianMatcher+JohnsonDijkstraStrategy,213,mixed,edge_relaxations,637
W3,800,1,14,HungarianMatcher+JohnsonDijkstraStrategy,213,mixed,defect_at_iteration,586
W3,800,1,14,HungarianMatcher+JohnsonDijkstraStrategy,214,mixed,edge_relaxations,636
W3,800,1,14,HungarianMatcher+JohnsonDijkstraStrategy,214,mixed,defect_at_iteration,585
W3,800,1,14,HungarianMatcher+JohnsonDijkstraStrategy,215,mixed,edge_relaxations,635
W3,800,1,14,HungarianMatcher+JohnsonDijkstraStrategy,215,mixed,defect_at_iteration,584
W3,800,1,14,HungarianMatcher+JohnsonDijkstraStrategy,216,mixed,edge_relaxations,634
W3,800,1,14,HungarianMatcher+JohnsonDijkstraStrategy,216,mixed,defect_at_iteration,583
W3,800,1,14,HungarianMatcher+JohnsonDijkstraStrategy,217,mixed,edge_relaxations,634
W3,800,1,14,HungarianMatcher+JohnsonDijkstraStrategy,217,mixed,defect_at_iteration,582
W3,800,1,14,HungarianMatcher+JohnsonDijkstraStrategy,218,mixed,edge_relaxations,631
W3,800,1,14,HungarianMatcher+JohnsonDijkstraStrategy,218,mixed,defect_at_iteration,581
W3,800,1,14,HungarianMatcher+JohnsonDijkstraStrategy,219,mixed,edge_relaxations,631
W3,800,1,14,HungarianMatcher+JohnsonDijkstraStrategy,219,mixed,defect_at_iteration,580
W3,800,1,14,HungarianMatcher+JohnsonDijkstraStrategy,220,mixed,edge_relaxations,630
W3,800,1,14,HungarianMatcher+JohnsonDijkstraStrategy,220,mixed,defect_at_iteration,579
W3,800,1,14,HungarianMatcher+JohnsonDijkstraStrategy,221,mixed,edge_relaxations,629
W3,800,1,14,HungarianMatcher+JohnsonDijkstraStrategy,221,mixed,defect_at_iteration,578
W3,800,1,14,HungarianMatcher+JohnsonDijkstraStrategy,222,mixed,edge_relaxations,629
W3,800,1,14,HungarianMatcher+JohnsonDijkstraStrategy,222,mixed,defect_at_iteration,577
W3,800,1,14,HungarianMatcher+JohnsonDijkstraStrategy,223,mixed,edge_relaxations,628
W3,800,1,14,HungarianMatcher+JohnsonDijkstraStrategy,223,mixed,defect_at_iteration,576
W3,800,1,14,HungarianMatcher+JohnsonDijkstraStrategy,224,mixed,edge_relaxations,627
W3,800,1,14,HungarianMatcher+JohnsonDijkstraStrategy,224,mixed,defect_at_iteration,575
W3,800,1,14,HungarianMatcher+JohnsonDijkstraStrategy,225,mixed,edge_relaxations,626
W3,800,1,14,HungarianMatcher+JohnsonDijkstraStrategy,225,mixed,defect_at_iteration,574
W3,800,1,14,HungarianMatcher+JohnsonDijkstraStrategy,226,mixed,edge_relaxations,626
W3,800,1,14,HungarianMatcher+JohnsonDijkstraStrategy,226,mixed,defect_at_iteration,573
W3,800,1,14,HungarianMatcher+JohnsonDijkstraStrategy,227,mixed,edge_relaxations,626
W3,800,1,14,HungarianMatcher+JohnsonDijkstraStrategy,227,mixed,defect_at_iteration,572
W3,800,1,14,HungarianMatcher+JohnsonDijkstraStrategy,228,mixed,edge_relaxations,626
W3,800,1,14,HungarianMatcher+JohnsonDijkstraStrategy,228,mixed,defect_at_iteration,571
W3,800,1,14,HungarianMatcher+JohnsonDijkstraStrategy,229,mixed,edge_relaxations,624
W3,800,1,14,HungarianMatcher+JohnsonDijkstraStrategy,229,mixed,defect_at_iteration,570
W3,800,1,14,HungarianMatcher+JohnsonDijkstraStrategy,230,mixed,edge_relaxations,624
W3,800,1,14,HungarianMatcher+JohnsonDijkstraStrategy,230,mixed,defect_at_iteration,569
W3,800,1,14,HungarianMatcher+JohnsonDijkstraStrategy,231,mixed,edge_relaxations,623
W3,800,1,14,HungarianMatcher+JohnsonDijkstraStrategy,231,mixed,defect_at_iteration,568
W3,800,1,14,HungarianMatcher+JohnsonDijkstraStrategy,232,mixed,edge_relaxations,618
W3,800,1,14,HungarianMatcher+JohnsonDijkstraStrategy,232,mixed,defect_at_iteration,567
W3,800,1,14,HungarianMatcher+JohnsonDijkstraStrategy,233,mixed,edge_relaxations,615
W3,800,1,14,HungarianMatcher+JohnsonDijkstraStrategy,233,mixed,defect_at_iteration,566
W3,800,1,14,HungarianMatcher+JohnsonDijkstraStrategy,234,mixed,edge_relaxations,612
W3,800,1,14,HungarianMatcher+JohnsonDijkstraStrategy,234,mixed,defect_at_iteration,565
W3,800,1,14,HungarianMatcher+JohnsonDijkstraStrategy,235,mixed,edge_relaxations,612
W3,800,1,14,HungarianMatcher+JohnsonDijkstraStrategy,235,mixed,defect_at_iteration,564
W3,800,1,14,HungarianMatcher+JohnsonDijkstraStrategy,236,mixed,edge_relaxations,612
W3,800,1,14,HungarianMatcher+JohnsonDijkstraStrategy,236,mixed,defect_at_iteration,563
W3,800,1,14,HungarianMatcher+JohnsonDijkstraStrategy,237,mixed,edge_relaxations,610
W3,800,1,14,HungarianMatcher+JohnsonDijkstraStrategy,237,mixed,defect_at_iteration,562
W3,800,1,14,HungarianMatcher+JohnsonDijkstraStrategy,238,mixed,edge_relaxations,609
W3,800,1,14,HungarianMatcher+JohnsonDijkstraStrategy,238,mixed,defect_at_iteration,561
W3,800,1,14,HungarianMatcher+JohnsonDijkstraStrategy,239,mixed,edge_relaxations,604
W3,800,1,14,HungarianMatcher+JohnsonDijkstraStrategy,239,mixed,defect_at_iteration,560
W3,800,1,14,HungarianMatcher+JohnsonDijkstraStrategy,240,mixed,edge_relaxations,604
W3,800,1,14,HungarianMatcher+JohnsonDijkstraStrategy,240,mixed,defect_at_iteration,559
W3,800,1,14,HungarianMatcher+JohnsonDijkstraStrategy,241,mixed,edge_relaxations,603
W3,800,1,14,HungarianMatcher+JohnsonDijkstraStrategy,241,mixed,defect_at_iteration,558
W3,800,1,14,HungarianMatcher+JohnsonDijkstraStrategy,242,mixed,edge_relaxations,602
W3,800,1,14,HungarianMatcher+JohnsonDijkstraStrategy,242,mixed,defect_at_iteration,557
W3,800,1,14,HungarianMatcher+JohnsonDijkstraStrategy,243,mixed,edge_relaxations,600
W3,800,1,14,HungarianMatcher+JohnsonDijkstraStrategy,243,mixed,defect_at_iteration,556
W3,800,1,14,HungarianMatcher+JohnsonDijkstraStrategy,244,mixed,edge_relaxations,596
W3,800,1,14,HungarianMatcher+JohnsonDijkstraStrategy,244,mixed,defect_at_iteration,555
W3,800,1,14,HungarianMatcher+JohnsonDijkstraStrategy,245,mixed,edge_relaxations,594
W3,800,1,14,HungarianMatcher+JohnsonDijkstraStrategy,245,mixed,defect_at_iteration,554
W3,800,1,14,HungarianMatcher+JohnsonDijkstraStrategy,246,mixed,edge_relaxations,593
W3,800,1,14,HungarianMatcher+JohnsonDijkstraStrategy,246,mixed,defect_at_iteration,553
W3,800,1,14,HungarianMatcher+JohnsonDijkstraStrategy,247,mixed,edge_relaxations,590
W3,800,1,14,HungarianMatcher+JohnsonDijkstraStrategy,247,mixed,defect_at_iteration,552
W3,800,1,14,HungarianMatcher+JohnsonDijkstraStrategy,248,mixed,edge_relaxations,590
W3,800,1,14,HungarianMatcher+JohnsonDijkstraStrategy,248,mixed,defect_at_iteration,551
W3,800,1,14,HungarianMatcher+JohnsonDijkstraStrategy,249,mixed,edge_relaxations,588
W3,800,1,14,HungarianMatcher+JohnsonDijkstraStrategy,249,mixed,defect_at_iteration,550
W3,800,1,14,HungarianMatcher+JohnsonDijkstraStrategy,250,mixed,edge_relaxations,588
W3,800,1,14,HungarianMatcher+JohnsonDijkstraStrategy,250,mixed,defect_at_iteration,549
W3,800,1,14,HungarianMatcher+JohnsonDijkstraStrategy,251,mixed,edge_relaxations,588
W3,800,1,14,HungarianMatcher+JohnsonDijkstraStrategy,251,mixed,defect_at_iteration,548
W3,800,1,14,HungarianMatcher+JohnsonDijkstraStrategy,252,mixed,edge_relaxations,586
W3,800,1,14,HungarianMatcher+JohnsonDijkstraStrategy,252,mixed,defect_at_iteration,547
W3,800,1,14,HungarianMatcher+JohnsonDijkstraStrategy,253,mixed,edge_relaxations,585
W3,800,1,14,HungarianMatcher+JohnsonDijkstraStrategy,253,mixed,defect_at_iteration,546
W3,800,1,14,HungarianMatcher+JohnsonDijkstraStrategy,254,mixed,edge_relaxations,584
W3,800,1,14,HungarianMatcher+JohnsonDijkstraStrategy,254,mixed,defect_at_iteration,545
W3,800,1,14,HungarianMatcher+JohnsonDijkstraStrategy,255,mixed,edge_relaxations,583
W3,800,1,14,HungarianMatcher+JohnsonDijkstraStrategy,255,mixed,defect_at_iteration,544
W3,800,1,14,HungarianMatcher+JohnsonDijkstraStrategy,256,mixed,edge_relaxations,580
W3,800,1,14,HungarianMatcher+JohnsonDijkstraStrategy,256,mixed,defect_at_iteration,543
W3,800,1,14,HungarianMatcher+JohnsonDijkstraStrategy,257,mixed,edge_relaxations,578
W3,800,1,14,HungarianMatcher+JohnsonDijkstraStrategy,257,mixed,defect_at_iteration,542
W3,800,1,14,HungarianMatcher+JohnsonDijkstraStrategy,258,mixed,edge_relaxations,575
W3,800,1,14,HungarianMatcher+JohnsonDijkstraStrategy,258,mixed,defect_at_iteration,541
W3,800,1,14,HungarianMatcher+JohnsonDijkstraStrategy,259,mixed,edge_relaxations,573
W3,800,1,14,HungarianMatcher+JohnsonDijkstraStrategy,259,mixed,defect_at_iteration,540
W3,800,1,14,HungarianMatcher+JohnsonDijkstraStrategy,260,mixed,edge_relaxations,572
W3,800,1,14,HungarianMatcher+JohnsonDijkstraStrategy,260,mixed,defect_at_iteration,539
W3,800,1,14,HungarianMatcher+JohnsonDijkstraStrategy,261,mixed,edge_relaxations,572
W3,800,1,14,HungarianMatcher+JohnsonDijkstraStrategy,261,mixed,defect_at_iteration,538
W3,800,1,14,HungarianMatcher+JohnsonDijkstraStrategy,262,mixed,edge_relaxations,570
W3,800,1,14,HungarianMatcher+JohnsonDijkstraStrategy,262,mixed,defect_at_iteration,537
W3,800,1,14,HungarianMatcher+JohnsonDijkstraStrategy,263,mixed,edge_relaxations,570
W3,800,1,14,HungarianMatcher+JohnsonDijkstraStrategy,263,mixed,defect_at_iteration,536
W3,800,1,14,HungarianMatcher+JohnsonDijkstraStrategy,264,mixed,edge_relaxations,570
W3,800,1,14,HungarianMatcher+JohnsonDijkstraStrategy,264,mixed,defect_at_iteration,535
W3,800,1,14,HungarianMatcher+JohnsonDijkstraStrategy,265,mixed,edge_relaxations,569
W3,800,1,14,HungarianMatcher+JohnsonDijkstraStrategy,265,mixed,defect_at_iteration,534
W3,800,1,14,HungarianMatcher+JohnsonDijkstraStrategy,266,mixed,edge_relaxations,568
W3,800,1,14,HungarianMatcher+JohnsonDijkstraStrategy,266,mixed,defect_at_iteration,533
W3,800,1,14,HungarianMatcher+JohnsonDijkstraStrategy,267,mixed,edge_relaxations,564
W3,800,1,14,HungarianMatcher+JohnsonDijkstraStrategy,267,mixed,defect_at_iteration,532
W3,800,1,14,HungarianMatcher+JohnsonDijkstraStrategy,268,mixed,edge_relaxations,563
W3,800,1,14,HungarianMatcher+JohnsonDijkstraStrategy,268,mixed,defect_at_iteration,531
W3,800,1,14,HungarianMatcher+JohnsonDijkstraStrategy,269,mixed,edge_relaxations,563
W3,800,1,14,HungarianMatcher+JohnsonDijkstraStrategy,269,mixed,defect_at_iteration,530
W3,800,1,14,HungarianMatcher+JohnsonDijkstraStrategy,270,mixed,edge_relaxations,562
W3,800,1,14,HungarianMatcher+JohnsonDijkstraStrategy,270,mixed,defect_at_iteration,529
W3,800,1,14,HungarianMatcher+JohnsonDijkstraStrategy,271,mixed,edge_relaxations,553
W3,800,1,14,HungarianMatcher+JohnsonDijkstraStrategy,271,mixed,defect_at_iteration,528
W3,800,1,14,HungarianMatcher+JohnsonDijkstraStrategy,272,mixed,edge_relaxations,552
W3,800,1,14,HungarianMatcher+JohnsonDijkstraStrategy,272,mixed,defect_at_iteration,527
W3,800,1,14,HungarianMatcher+JohnsonDijkstraStrategy,273,mixed,edge_relaxations,550
W3,800,1,14,HungarianMatcher+JohnsonDijkstraStrategy,273,mixed,defect_at_iteration,526
W3,800,1,14,HungarianMatcher+JohnsonDijkstraStrategy,274,mixed,edge_relaxations,544
W3,800,1,14,HungarianMatcher+JohnsonDijkstraStrategy,274,mixed,defect_at_iteration,525
W3,800,1,14,HungarianMatcher+JohnsonDijkstraStrategy,275,mixed,edge_relaxations,544
W3,800,1,14,HungarianMatcher+JohnsonDijkstraStrategy,275,mixed,defect_at_iteration,524
W3,800,1,14,HungarianMatcher+JohnsonDijkstraStrategy,276,mixed,edge_relaxations,544
W3,800,1,14,HungarianMatcher+JohnsonDijkstraStrategy,276,mixed,defect_at_iteration,523
W3,800,1,14,HungarianMatcher+JohnsonDijkstraStrategy,277,mixed,edge_relaxations,542
W3,800,1,14,HungarianMatcher+JohnsonDijkstraStrategy,277,mixed,defect_at_iteration,522
W3,800,1,14,HungarianMatcher+JohnsonDijkstraStrategy,278,mixed,edge_relaxations,542
W3,800,1,14,HungarianMatcher+JohnsonDijkstraStrategy,278,mixed,defect_at_iteration,521
W3,800,1,14,HungarianMatcher+JohnsonDijkstraStrategy,279,mixed,edge_relaxations,541
W3,800,1,14,HungarianMatcher+JohnsonDijkstraStrategy,279,mixed,defect_at_iteration,520
W3,800,1,14,HungarianMatcher+JohnsonDijkstraStrategy,280,mixed,edge_relaxations,539
W3,800,1,14,HungarianMatcher+JohnsonDijkstraStrategy,280,mixed,defect_at_iteration,519
W3,800,1,14,HungarianMatcher+JohnsonDijkstraStrategy,281,mixed,edge_relaxations,539
W3,800,1,14,HungarianMatcher+JohnsonDijkstraStrategy,281,mixed,defect_at_iteration,518
W3,800,1,14,HungarianMatcher+JohnsonDijkstraStrategy,282,mixed,edge_relaxations,539
W3,800,1,14,HungarianMatcher+JohnsonDijkstraStrategy,282,mixed,defect_at_iteration,517
W3,800,1,14,HungarianMatcher+JohnsonDijkstraStrategy,283,mixed,edge_relaxations,539
W3,800,1,14,HungarianMatcher+JohnsonDijkstraStrategy,283,mixed,defect_at_iteration,516
W3,800,1,14,HungarianMatcher+JohnsonDijkstraStrategy,284,mixed,edge_relaxations,538
W3,800,1,14,HungarianMatcher+JohnsonDijkstraStrategy,284,mixed,defect_at_iteration,515
W3,800,1,14,HungarianMatcher+JohnsonDijkstraStrategy,285,mixed,edge_relaxations,538
W3,800,1,14,HungarianMatcher+JohnsonDijkstraStrategy,285,mixed,defect_at_iteration,514
W3,800,1,14,HungarianMatcher+JohnsonDijkstraStrategy,286,mixed,edge_relaxations,535
W3,800,1,14,HungarianMatcher+JohnsonDijkstraStrategy,286,mixed,defect_at_iteration,513
W3,800,1,14,HungarianMatcher+JohnsonDijkstraStrategy,287,mixed,edge_relaxations,534
W3,800,1,14,HungarianMatcher+JohnsonDijkstraStrategy,287,mixed,defect_at_iteration,512
W3,800,1,14,HungarianMatcher+JohnsonDijkstraStrategy,288,mixed,edge_relaxations,532
W3,800,1,14,HungarianMatcher+JohnsonDijkstraStrategy,288,mixed,defect_at_iteration,511
W3,800,1,14,HungarianMatcher+JohnsonDijkstraStrategy,289,mixed,edge_relaxations,530
W3,800,1,14,HungarianMatcher+JohnsonDijkstraStrategy,289,mixed,defect_at_iteration,510
W3,800,1,14,HungarianMatcher+JohnsonDijkstraStrategy,290,mixed,edge_relaxations,530
W3,800,1,14,HungarianMatcher+JohnsonDijkstraStrategy,290,mixed,defect_at_iteration,509
W3,800,1,14,HungarianMatcher+JohnsonDijkstraStrategy,291,mixed,edge_relaxations,528
W3,800,1,14,HungarianMatcher+JohnsonDijkstraStrategy,291,mixed,defect_at_iteration,508
W3,800,1,14,HungarianMatcher+JohnsonDijkstraStrategy,292,mixed,edge_relaxations,527
W3,800,1,14,HungarianMatcher+JohnsonDijkstraStrategy,292,mixed,defect_at_iteration,507
W3,800,1,14,HungarianMatcher+JohnsonDijkstraStrategy,293,mixed,edge_relaxations,526
W3,800,1,14,HungarianMatcher+JohnsonDijkstraStrategy,293,mixed,defect_at_iteration,506
W3,800,1,14,HungarianMatcher+JohnsonDijkstraStrategy,294,mixed,edge_relaxations,526
W3,800,1,14,HungarianMatcher+JohnsonDijkstraStrategy,294,mixed,defect_at_iteration,505
W3,800,1,14,HungarianMatcher+JohnsonDijkstraStrategy,295,mixed,edge_relaxations,526
W3,800,1,14,HungarianMatcher+JohnsonDijkstraStrategy,295,mixed,defect_at_iteration,504
W3,800,1,14,HungarianMatcher+JohnsonDijkstraStrategy,296,mixed,edge_relaxations,524
W3,800,1,14,HungarianMatcher+JohnsonDijkstraStrategy,296,mixed,defect_at_iteration,503
W3,800,1,14,HungarianMatcher+JohnsonDijkstraStrategy,297,mixed,edge_relaxations,524
W3,800,1,14,HungarianMatcher+JohnsonDijkstraStrategy,297,mixed,defect_at_iteration,502
W3,800,1,14,HungarianMatcher+JohnsonDijkstraStrategy,298,mixed,edge_relaxations,524
W3,800,1,14,HungarianMatcher+JohnsonDijkstraStrategy,298,mixed,defect_at_iteration,501
W3,800,1,14,HungarianMatcher+JohnsonDijkstraStrategy,299,mixed,edge_relaxations,520
W3,800,1,14,HungarianMatcher+JohnsonDijkstraStrategy,299,mixed,defect_at_iteration,500
W3,800,1,14,HungarianMatcher+JohnsonDijkstraStrategy,300,mixed,edge_relaxations,520
W3,800,1,14,HungarianMatcher+JohnsonDijkstraStrategy,300,mixed,defect_at_iteration,499
W3,800,1,14,HungarianMatcher+JohnsonDijkstraStrategy,301,mixed,edge_relaxations,517
W3,800,1,14,HungarianMatcher+JohnsonDijkstraStrategy,301,mixed,defect_at_iteration,498
W3,800,1,14,HungarianMatcher+JohnsonDijkstraStrategy,302,mixed,edge_relaxations,514
W3,800,1,14,HungarianMatcher+JohnsonDijkstraStrategy,302,mixed,defect_at_iteration,497
W3,800,1,14,HungarianMatcher+JohnsonDijkstraStrategy,303,mixed,edge_relaxations,509
W3,800,1,14,HungarianMatcher+JohnsonDijkstraStrategy,303,mixed,defect_at_iteration,496
W3,800,1,14,HungarianMatcher+JohnsonDijkstraStrategy,304,mixed,edge_relaxations,508
W3,800,1,14,HungarianMatcher+JohnsonDijkstraStrategy,304,mixed,defect_at_iteration,495
W3,800,1,14,HungarianMatcher+JohnsonDijkstraStrategy,305,mixed,edge_relaxations,507
W3,800,1,14,HungarianMatcher+JohnsonDijkstraStrategy,305,mixed,defect_at_iteration,494
W3,800,1,14,HungarianMatcher+JohnsonDijkstraStrategy,306,mixed,edge_relaxations,506
W3,800,1,14,HungarianMatcher+JohnsonDijkstraStrategy,306,mixed,defect_at_iteration,493
W3,800,1,14,HungarianMatcher+JohnsonDijkstraStrategy,307,mixed,edge_relaxations,504
W3,800,1,14,HungarianMatcher+JohnsonDijkstraStrategy,307,mixed,defect_at_iteration,492
W3,800,1,14,HungarianMatcher+JohnsonDijkstraStrategy,308,mixed,edge_relaxations,504
W3,800,1,14,HungarianMatcher+JohnsonDijkstraStrategy,308,mixed,defect_at_iteration,491
W3,800,1,14,HungarianMatcher+JohnsonDijkstraStrategy,309,mixed,edge_relaxations,501
W3,800,1,14,HungarianMatcher+JohnsonDijkstraStrategy,309,mixed,defect_at_iteration,490
W3,800,1,14,HungarianMatcher+JohnsonDijkstraStrategy,310,mixed,edge_relaxations,499
W3,800,1,14,HungarianMatcher+JohnsonDijkstraStrategy,310,mixed,defect_at_iteration,489
W3,800,1,14,HungarianMatcher+JohnsonDijkstraStrategy,311,mixed,edge_relaxations,495
W3,800,1,14,HungarianMatcher+JohnsonDijkstraStrategy,311,mixed,defect_at_iteration,488
W3,800,1,14,HungarianMatcher+JohnsonDijkstraStrategy,312,mixed,edge_relaxations,495
W3,800,1,14,HungarianMatcher+JohnsonDijkstraStrategy,312,mixed,defect_at_iteration,487
W3,800,1,14,HungarianMatcher+JohnsonDijkstraStrategy,313,mixed,edge_relaxations,495
W3,800,1,14,HungarianMatcher+JohnsonDijkstraStrategy,313,mixed,defect_at_iteration,486
W3,800,1,14,HungarianMatcher+JohnsonDijkstraStrategy,314,mixed,edge_relaxations,495
W3,800,1,14,HungarianMatcher+JohnsonDijkstraStrategy,314,mixed,defect_at_iteration,485
W3,800,1,14,HungarianMatcher+JohnsonDijkstraStrategy,315,mixed,edge_relaxations,492
W3,800,1,14,HungarianMatcher+JohnsonDijkstraStrategy,315,mixed,defect_at_iteration,484
W3,800,1,14,HungarianMatcher+JohnsonDijkstraStrategy,316,mixed,edge_relaxations,491
W3,800,1,14,HungarianMatcher+JohnsonDijkstraStrategy,316,mixed,defect_at_iteration,483
W3,800,1,14,HungarianMatcher+JohnsonDijkstraStrategy,317,mixed,edge_relaxations,488
W3,800,1,14,HungarianMatcher+JohnsonDijkstraStrategy,317,mixed,defect_at_iteration,482
W3,800,1,14,HungarianMatcher+JohnsonDijkstraStrategy,318,mixed,edge_relaxations,487
W3,800,1,14,HungarianMatcher+JohnsonDijkstraStrategy,318,mixed,defect_at_iteration,481
W3,800,1,14,HungarianMatcher+JohnsonDijkstraStrategy,319,mixed,edge_relaxations,486
W3,800,1,14,HungarianMatcher+JohnsonDijkstraStrategy,319,mixed,defect_at_iteration,480
W3,800,1,14,HungarianMatcher+JohnsonDijkstraStrategy,320,mixed,edge_relaxations,485
W3,800,1,14,HungarianMatcher+JohnsonDijkstraStrategy,320,mixed,defect_at_iteration,479
W3,800,1,14,HungarianMatcher+JohnsonDijkstraStrategy,321,mixed,edge_relaxations,485
W3,800,1,14,HungarianMatcher+JohnsonDijkstraStrategy,321,mixed,defect_at_iteration,478
W3,800,1,14,HungarianMatcher+JohnsonDijkstraStrategy,322,mixed,edge_relaxations,481
W3,800,1,14,HungarianMatcher+JohnsonDijkstraStrategy,322,mixed,defect_at_iteration,477
W3,800,1,14,HungarianMatcher+JohnsonDijkstraStrategy,323,mixed,edge_relaxations,481
W3,800,1,14,HungarianMatcher+JohnsonDijkstraStrategy,323,mixed,defect_at_iteration,476
W3,800,1,14,HungarianMatcher+JohnsonDijkstraStrategy,324,mixed,edge_relaxations,480
W3,800,1,14,HungarianMatcher+JohnsonDijkstraStrategy,324,mixed,defect_at_iteration,475
W3,800,1,14,HungarianMatcher+JohnsonDijkstraStrategy,325,mixed,edge_relaxations,479
W3,800,1,14,HungarianMatcher+JohnsonDijkstraStrategy,325,mixed,defect_at_iteration,474
W3,800,1,14,HungarianMatcher+JohnsonDijkstraStrategy,326,mixed,edge_relaxations,479
W3,800,1,14,HungarianMatcher+JohnsonDijkstraStrategy,326,mixed,defect_at_iteration,473
W3,800,1,14,HungarianMatcher+JohnsonDijkstraStrategy,327,mixed,edge_relaxations,478
W3,800,1,14,HungarianMatcher+JohnsonDijkstraStrategy,327,mixed,defect_at_iteration,472
W3,800,1,14,HungarianMatcher+JohnsonDijkstraStrategy,328,mixed,edge_relaxations,476
W3,800,1,14,HungarianMatcher+JohnsonDijkstraStrategy,328,mixed,defect_at_iteration,471
W3,800,1,14,HungarianMatcher+JohnsonDijkstraStrategy,329,mixed,edge_relaxations,476
W3,800,1,14,HungarianMatcher+JohnsonDijkstraStrategy,329,mixed,defect_at_iteration,470
W3,800,1,14,HungarianMatcher+JohnsonDijkstraStrategy,330,mixed,edge_relaxations,475
W3,800,1,14,HungarianMatcher+JohnsonDijkstraStrategy,330,mixed,defect_at_iteration,469
W3,800,1,14,HungarianMatcher+JohnsonDijkstraStrategy,331,mixed,edge_relaxations,471
W3,800,1,14,HungarianMatcher+JohnsonDijkstraStrategy,331,mixed,defect_at_iteration,468
W3,800,1,14,HungarianMatcher+JohnsonDijkstraStrategy,332,mixed,edge_relaxations,470
W3,800,1,14,HungarianMatcher+JohnsonDijkstraStrategy,332,mixed,defect_at_iteration,467
W3,800,1,14,HungarianMatcher+JohnsonDijkstraStrategy,333,mixed,edge_relaxations,467
W3,800,1,14,HungarianMatcher+JohnsonDijkstraStrategy,333,mixed,defect_at_iteration,466
W3,800,1,14,HungarianMatcher+JohnsonDijkstraStrategy,334,mixed,edge_relaxations,465
W3,800,1,14,HungarianMatcher+JohnsonDijkstraStrategy,334,mixed,defect_at_iteration,465
W3,800,1,14,HungarianMatcher+JohnsonDijkstraStrategy,335,mixed,edge_relaxations,465
W3,800,1,14,HungarianMatcher+JohnsonDijkstraStrategy,335,mixed,defect_at_iteration,464
W3,800,1,14,HungarianMatcher+JohnsonDijkstraStrategy,336,mixed,edge_relaxations,464
W3,800,1,14,HungarianMatcher+JohnsonDijkstraStrategy,336,mixed,defect_at_iteration,463
W3,800,1,14,HungarianMatcher+JohnsonDijkstraStrategy,337,mixed,edge_relaxations,463
W3,800,1,14,HungarianMatcher+JohnsonDijkstraStrategy,337,mixed,defect_at_iteration,462
W3,800,1,14,HungarianMatcher+JohnsonDijkstraStrategy,338,mixed,edge_relaxations,461
W3,800,1,14,HungarianMatcher+JohnsonDijkstraStrategy,338,mixed,defect_at_iteration,461
W3,800,1,14,HungarianMatcher+JohnsonDijkstraStrategy,339,mixed,edge_relaxations,459
W3,800,1,14,HungarianMatcher+JohnsonDijkstraStrategy,339,mixed,defect_at_iteration,460
W3,800,1,14,HungarianMatcher+JohnsonDijkstraStrategy,340,mixed,edge_relaxations,459
W3,800,1,14,HungarianMatcher+JohnsonDijkstraStrategy,340,mixed,defect_at_iteration,459
W3,800,1,14,HungarianMatcher+JohnsonDijkstraStrategy,341,mixed,edge_relaxations,459
W3,800,1,14,HungarianMatcher+JohnsonDijkstraStrategy,341,mixed,defect_at_iteration,458
W3,800,1,14,HungarianMatcher+JohnsonDijkstraStrategy,342,mixed,edge_relaxations,458
W3,800,1,14,HungarianMatcher+JohnsonDijkstraStrategy,342,mixed,defect_at_iteration,457
W3,800,1,14,HungarianMatcher+JohnsonDijkstraStrategy,343,mixed,edge_relaxations,457
W3,800,1,14,HungarianMatcher+JohnsonDijkstraStrategy,343,mixed,defect_at_iteration,456
W3,800,1,14,HungarianMatcher+JohnsonDijkstraStrategy,344,mixed,edge_relaxations,457
W3,800,1,14,HungarianMatcher+JohnsonDijkstraStrategy,344,mixed,defect_at_iteration,455
W3,800,1,14,HungarianMatcher+JohnsonDijkstraStrategy,345,mixed,edge_relaxations,455
W3,800,1,14,HungarianMatcher+JohnsonDijkstraStrategy,345,mixed,defect_at_iteration,454
W3,800,1,14,HungarianMatcher+JohnsonDijkstraStrategy,346,mixed,edge_relaxations,455
W3,800,1,14,HungarianMatcher+JohnsonDijkstraStrategy,346,mixed,defect_at_iteration,453
W3,800,1,14,HungarianMatcher+JohnsonDijkstraStrategy,347,mixed,edge_relaxations,455
W3,800,1,14,HungarianMatcher+JohnsonDijkstraStrategy,347,mixed,defect_at_iteration,452
W3,800,1,14,HungarianMatcher+JohnsonDijkstraStrategy,348,mixed,edge_relaxations,453
W3,800,1,14,HungarianMatcher+JohnsonDijkstraStrategy,348,mixed,defect_at_iteration,451
W3,800,1,14,HungarianMatcher+JohnsonDijkstraStrategy,349,mixed,edge_relaxations,453
W3,800,1,14,HungarianMatcher+JohnsonDijkstraStrategy,349,mixed,defect_at_iteration,450
W3,800,1,14,HungarianMatcher+JohnsonDijkstraStrategy,350,mixed,edge_relaxations,450
W3,800,1,14,HungarianMatcher+JohnsonDijkstraStrategy,350,mixed,defect_at_iteration,449
W3,800,1,14,HungarianMatcher+JohnsonDijkstraStrategy,351,mixed,edge_relaxations,450
W3,800,1,14,HungarianMatcher+JohnsonDijkstraStrategy,351,mixed,defect_at_iteration,448
W3,800,1,14,HungarianMatcher+JohnsonDijkstraStrategy,352,mixed,edge_relaxations,447
W3,800,1,14,HungarianMatcher+JohnsonDijkstraStrategy,352,mixed,defect_at_iteration,447
W3,800,1,14,HungarianMatcher+JohnsonDijkstraStrategy,353,mixed,edge_relaxations,447
W3,800,1,14,HungarianMatcher+JohnsonDijkstraStrategy,353,mixed,defect_at_iteration,446
W3,800,1,14,HungarianMatcher+JohnsonDijkstraStrategy,354,mixed,edge_relaxations,444
W3,800,1,14,HungarianMatcher+JohnsonDijkstraStrategy,354,mixed,defect_at_iteration,445
W3,800,1,14,HungarianMatcher+JohnsonDijkstraStrategy,355,mixed,edge_relaxations,443
W3,800,1,14,HungarianMatcher+JohnsonDijkstraStrategy,355,mixed,defect_at_iteration,444
W3,800,1,14,HungarianMatcher+JohnsonDijkstraStrategy,356,mixed,edge_relaxations,434
W3,800,1,14,HungarianMatcher+JohnsonDijkstraStrategy,356,mixed,defect_at_iteration,443
W3,800,1,14,HungarianMatcher+JohnsonDijkstraStrategy,357,mixed,edge_relaxations,430
W3,800,1,14,HungarianMatcher+JohnsonDijkstraStrategy,357,mixed,defect_at_iteration,442
W3,800,1,14,HungarianMatcher+JohnsonDijkstraStrategy,358,mixed,edge_relaxations,430
W3,800,1,14,HungarianMatcher+JohnsonDijkstraStrategy,358,mixed,defect_at_iteration,441
W3,800,1,14,HungarianMatcher+JohnsonDijkstraStrategy,359,mixed,edge_relaxations,429
W3,800,1,14,HungarianMatcher+JohnsonDijkstraStrategy,359,mixed,defect_at_iteration,440
W3,800,1,14,HungarianMatcher+JohnsonDijkstraStrategy,360,mixed,edge_relaxations,425
W3,800,1,14,HungarianMatcher+JohnsonDijkstraStrategy,360,mixed,defect_at_iteration,439
W3,800,1,14,HungarianMatcher+JohnsonDijkstraStrategy,361,mixed,edge_relaxations,423
W3,800,1,14,HungarianMatcher+JohnsonDijkstraStrategy,361,mixed,defect_at_iteration,438
W3,800,1,14,HungarianMatcher+JohnsonDijkstraStrategy,362,mixed,edge_relaxations,420
W3,800,1,14,HungarianMatcher+JohnsonDijkstraStrategy,362,mixed,defect_at_iteration,437
W3,800,1,14,HungarianMatcher+JohnsonDijkstraStrategy,363,mixed,edge_relaxations,419
W3,800,1,14,HungarianMatcher+JohnsonDijkstraStrategy,363,mixed,defect_at_iteration,436
W3,800,1,14,HungarianMatcher+JohnsonDijkstraStrategy,364,mixed,edge_relaxations,415
W3,800,1,14,HungarianMatcher+JohnsonDijkstraStrategy,364,mixed,defect_at_iteration,435
W3,800,1,14,HungarianMatcher+JohnsonDijkstraStrategy,365,mixed,edge_relaxations,414
W3,800,1,14,HungarianMatcher+JohnsonDijkstraStrategy,365,mixed,defect_at_iteration,434
W3,800,1,14,HungarianMatcher+JohnsonDijkstraStrategy,366,mixed,edge_relaxations,409
W3,800,1,14,HungarianMatcher+JohnsonDijkstraStrategy,366,mixed,defect_at_iteration,433
W3,800,1,14,HungarianMatcher+JohnsonDijkstraStrategy,367,mixed,edge_relaxations,407
W3,800,1,14,HungarianMatcher+JohnsonDijkstraStrategy,367,mixed,defect_at_iteration,432
W3,800,1,14,HungarianMatcher+JohnsonDijkstraStrategy,368,mixed,edge_relaxations,406
W3,800,1,14,HungarianMatcher+JohnsonDijkstraStrategy,368,mixed,defect_at_iteration,431
W3,800,1,14,HungarianMatcher+JohnsonDijkstraStrategy,369,mixed,edge_relaxations,403
W3,800,1,14,HungarianMatcher+JohnsonDijkstraStrategy,369,mixed,defect_at_iteration,430
W3,800,1,14,HungarianMatcher+JohnsonDijkstraStrategy,370,mixed,edge_relaxations,398
W3,800,1,14,HungarianMatcher+JohnsonDijkstraStrategy,370,mixed,defect_at_iteration,429
W3,800,1,14,HungarianMatcher+JohnsonDijkstraStrategy,371,mixed,edge_relaxations,395
W3,800,1,14,HungarianMatcher+JohnsonDijkstraStrategy,371,mixed,defect_at_iteration,428
W3,800,1,14,HungarianMatcher+JohnsonDijkstraStrategy,372,mixed,edge_relaxations,393
W3,800,1,14,HungarianMatcher+JohnsonDijkstraStrategy,372,mixed,defect_at_iteration,427
W3,800,1,14,HungarianMatcher+JohnsonDijkstraStrategy,373,mixed,edge_relaxations,380
W3,800,1,14,HungarianMatcher+JohnsonDijkstraStrategy,373,mixed,defect_at_iteration,426
W3,800,1,14,HungarianMatcher+JohnsonDijkstraStrategy,374,mixed,edge_relaxations,379
W3,800,1,14,HungarianMatcher+JohnsonDijkstraStrategy,374,mixed,defect_at_iteration,425
W3,800,1,14,HungarianMatcher+JohnsonDijkstraStrategy,375,mixed,edge_relaxations,379
W3,800,1,14,HungarianMatcher+JohnsonDijkstraStrategy,375,mixed,defect_at_iteration,424
W3,800,1,14,HungarianMatcher+JohnsonDijkstraStrategy,376,mixed,edge_relaxations,377
W3,800,1,14,HungarianMatcher+JohnsonDijkstraStrategy,376,mixed,defect_at_iteration,423
W3,800,1,14,HungarianMatcher+JohnsonDijkstraStrategy,377,mixed,edge_relaxations,376
W3,800,1,14,HungarianMatcher+JohnsonDijkstraStrategy,377,mixed,defect_at_iteration,422
W3,800,1,14,HungarianMatcher+JohnsonDijkstraStrategy,378,mixed,edge_relaxations,376
W3,800,1,14,HungarianMatcher+JohnsonDijkstraStrategy,378,mixed,defect_at_iteration,421
W3,800,1,14,HungarianMatcher+JohnsonDijkstraStrategy,379,mixed,edge_relaxations,370
W3,800,1,14,HungarianMatcher+JohnsonDijkstraStrategy,379,mixed,defect_at_iteration,420
W3,800,1,14,HungarianMatcher+JohnsonDijkstraStrategy,380,mixed,edge_relaxations,369
W3,800,1,14,HungarianMatcher+JohnsonDijkstraStrategy,380,mixed,defect_at_iteration,419
W3,800,1,14,HungarianMatcher+JohnsonDijkstraStrategy,381,mixed,edge_relaxations,355
W3,800,1,14,HungarianMatcher+JohnsonDijkstraStrategy,381,mixed,defect_at_iteration,418
W3,800,1,14,HungarianMatcher+JohnsonDijkstraStrategy,382,mixed,edge_relaxations,352
W3,800,1,14,HungarianMatcher+JohnsonDijkstraStrategy,382,mixed,defect_at_iteration,417
W3,800,1,14,HungarianMatcher+JohnsonDijkstraStrategy,383,mixed,edge_relaxations,351
W3,800,1,14,HungarianMatcher+JohnsonDijkstraStrategy,383,mixed,defect_at_iteration,416
W3,800,1,14,HungarianMatcher+JohnsonDijkstraStrategy,384,mixed,edge_relaxations,351
W3,800,1,14,HungarianMatcher+JohnsonDijkstraStrategy,384,mixed,defect_at_iteration,415
W3,800,1,14,HungarianMatcher+JohnsonDijkstraStrategy,385,mixed,edge_relaxations,350
W3,800,1,14,HungarianMatcher+JohnsonDijkstraStrategy,385,mixed,defect_at_iteration,414
W3,800,1,14,HungarianMatcher+JohnsonDijkstraStrategy,386,mixed,edge_relaxations,349
W3,800,1,14,HungarianMatcher+JohnsonDijkstraStrategy,386,mixed,defect_at_iteration,413
W3,800,1,14,HungarianMatcher+JohnsonDijkstraStrategy,387,mixed,edge_relaxations,349
W3,800,1,14,HungarianMatcher+JohnsonDijkstraStrategy,387,mixed,defect_at_iteration,412
W3,800,1,14,HungarianMatcher+JohnsonDijkstraStrategy,388,mixed,edge_relaxations,348
W3,800,1,14,HungarianMatcher+JohnsonDijkstraStrategy,388,mixed,defect_at_iteration,411
W3,800,1,14,HungarianMatcher+JohnsonDijkstraStrategy,389,mixed,edge_relaxations,347
W3,800,1,14,HungarianMatcher+JohnsonDijkstraStrategy,389,mixed,defect_at_iteration,410
W3,800,1,14,HungarianMatcher+JohnsonDijkstraStrategy,390,mixed,edge_relaxations,345
W3,800,1,14,HungarianMatcher+JohnsonDijkstraStrategy,390,mixed,defect_at_iteration,409
W3,800,1,14,HungarianMatcher+JohnsonDijkstraStrategy,391,mixed,edge_relaxations,345
W3,800,1,14,HungarianMatcher+JohnsonDijkstraStrategy,391,mixed,defect_at_iteration,408
W3,800,1,14,HungarianMatcher+JohnsonDijkstraStrategy,392,mixed,edge_relaxations,344
W3,800,1,14,HungarianMatcher+JohnsonDijkstraStrategy,392,mixed,defect_at_iteration,407
W3,800,1,14,HungarianMatcher+JohnsonDijkstraStrategy,393,mixed,edge_relaxations,343
W3,800,1,14,HungarianMatcher+JohnsonDijkstraStrategy,393,mixed,defect_at_iteration,406
W3,800,1,14,HungarianMatcher+JohnsonDijkstraStrategy,394,mixed,edge_relaxations,337
W3,800,1,14,HungarianMatcher+JohnsonDijkstraStrategy,394,mixed,defect_at_iteration,405
W3,800,1,14,HungarianMatcher+JohnsonDijkstraStrategy,395,mixed,edge_relaxations,333
W3,800,1,14,HungarianMatcher+JohnsonDijkstraStrategy,395,mixed,defect_at_iteration,404
W3,800,1,14,HungarianMatcher+JohnsonDijkstraStrategy,396,mixed,edge_relaxations,324
W3,800,1,14,HungarianMatcher+JohnsonDijkstraStrategy,396,mixed,defect_at_iteration,403
W3,800,1,14,HungarianMatcher+JohnsonDijkstraStrategy,397,mixed,edge_relaxations,319
W3,800,1,14,HungarianMatcher+JohnsonDijkstraStrategy,397,mixed,defect_at_iteration,402
W3,800,1,14,HungarianMatcher+JohnsonDijkstraStrategy,398,mixed,edge_relaxations,317
W3,800,1,14,HungarianMatcher+JohnsonDijkstraStrategy,398,mixed,defect_at_iteration,401
W3,800,1,14,HungarianMatcher+JohnsonDijkstraStrategy,399,mixed,edge_relaxations,316
W3,800,1,14,HungarianMatcher+JohnsonDijkstraStrategy,399,mixed,defect_at_iteration,400
W3,800,1,14,HungarianMatcher+JohnsonDijkstraStrategy,400,mixed,edge_relaxations,316
W3,800,1,14,HungarianMatcher+JohnsonDijkstraStrategy,400,mixed,defect_at_iteration,399
W3,800,1,14,HungarianMatcher+JohnsonDijkstraStrategy,401,mixed,edge_relaxations,307
W3,800,1,14,HungarianMatcher+JohnsonDijkstraStrategy,401,mixed,defect_at_iteration,398
W3,800,1,14,HungarianMatcher+JohnsonDijkstraStrategy,402,mixed,edge_relaxations,304
W3,800,1,14,HungarianMatcher+JohnsonDijkstraStrategy,402,mixed,defect_at_iteration,397
W3,800,1,14,HungarianMatcher+JohnsonDijkstraStrategy,403,mixed,edge_relaxations,297
W3,800,1,14,HungarianMatcher+JohnsonDijkstraStrategy,403,mixed,defect_at_iteration,396
W3,800,1,14,HungarianMatcher+JohnsonDijkstraStrategy,404,mixed,edge_relaxations,297
W3,800,1,14,HungarianMatcher+JohnsonDijkstraStrategy,404,mixed,defect_at_iteration,395
W3,800,1,14,HungarianMatcher+JohnsonDijkstraStrategy,405,mixed,edge_relaxations,296
W3,800,1,14,HungarianMatcher+JohnsonDijkstraStrategy,405,mixed,defect_at_iteration,394
W3,800,1,14,HungarianMatcher+JohnsonDijkstraStrategy,406,mixed,edge_relaxations,293
W3,800,1,14,HungarianMatcher+JohnsonDijkstraStrategy,406,mixed,defect_at_iteration,393
W3,800,1,14,HungarianMatcher+JohnsonDijkstraStrategy,407,mixed,edge_relaxations,293
W3,800,1,14,HungarianMatcher+JohnsonDijkstraStrategy,407,mixed,defect_at_iteration,392
W3,800,1,14,HungarianMatcher+JohnsonDijkstraStrategy,408,mixed,edge_relaxations,291
W3,800,1,14,HungarianMatcher+JohnsonDijkstraStrategy,408,mixed,defect_at_iteration,391
W3,800,1,14,HungarianMatcher+JohnsonDijkstraStrategy,409,mixed,edge_relaxations,290
W3,800,1,14,HungarianMatcher+JohnsonDijkstraStrategy,409,mixed,defect_at_iteration,390
W3,800,1,14,HungarianMatcher+JohnsonDijkstraStrategy,410,mixed,edge_relaxations,290
W3,800,1,14,HungarianMatcher+JohnsonDijkstraStrategy,410,mixed,defect_at_iteration,389
W3,800,1,14,HungarianMatcher+JohnsonDijkstraStrategy,411,mixed,edge_relaxations,289
W3,800,1,14,HungarianMatcher+JohnsonDijkstraStrategy,411,mixed,defect_at_iteration,388
W3,800,1,14,HungarianMatcher+JohnsonDijkstraStrategy,412,mixed,edge_relaxations,288
W3,800,1,14,HungarianMatcher+JohnsonDijkstraStrategy,412,mixed,defect_at_iteration,387
W3,800,1,14,HungarianMatcher+JohnsonDijkstraStrategy,413,mixed,edge_relaxations,285
W3,800,1,14,HungarianMatcher+JohnsonDijkstraStrategy,413,mixed,defect_at_iteration,386
W3,800,1,14,HungarianMatcher+JohnsonDijkstraStrategy,414,mixed,edge_relaxations,283
W3,800,1,14,HungarianMatcher+JohnsonDijkstraStrategy,414,mixed,defect_at_iteration,385
W3,800,1,14,HungarianMatcher+JohnsonDijkstraStrategy,415,mixed,edge_relaxations,282
W3,800,1,14,HungarianMatcher+JohnsonDijkstraStrategy,415,mixed,defect_at_iteration,384
W3,800,1,14,HungarianMatcher+JohnsonDijkstraStrategy,416,mixed,edge_relaxations,278
W3,800,1,14,HungarianMatcher+JohnsonDijkstraStrategy,416,mixed,defect_at_iteration,383
W3,800,1,14,HungarianMatcher+JohnsonDijkstraStrategy,417,mixed,edge_relaxations,277
W3,800,1,14,HungarianMatcher+JohnsonDijkstraStrategy,417,mixed,defect_at_iteration,382
W3,800,1,14,HungarianMatcher+JohnsonDijkstraStrategy,418,mixed,edge_relaxations,276
W3,800,1,14,HungarianMatcher+JohnsonDijkstraStrategy,418,mixed,defect_at_iteration,381
W3,800,1,14,HungarianMatcher+JohnsonDijkstraStrategy,419,mixed,edge_relaxations,268
W3,800,1,14,HungarianMatcher+JohnsonDijkstraStrategy,419,mixed,defect_at_iteration,380
W3,800,1,14,HungarianMatcher+JohnsonDijkstraStrategy,420,mixed,edge_relaxations,262
W3,800,1,14,HungarianMatcher+JohnsonDijkstraStrategy,420,mixed,defect_at_iteration,379
W3,800,1,14,HungarianMatcher+JohnsonDijkstraStrategy,421,mixed,edge_relaxations,259
W3,800,1,14,HungarianMatcher+JohnsonDijkstraStrategy,421,mixed,defect_at_iteration,378
W3,800,1,14,HungarianMatcher+JohnsonDijkstraStrategy,422,mixed,edge_relaxations,258
W3,800,1,14,HungarianMatcher+JohnsonDijkstraStrategy,422,mixed,defect_at_iteration,377
W3,800,1,14,HungarianMatcher+JohnsonDijkstraStrategy,423,mixed,edge_relaxations,257
W3,800,1,14,HungarianMatcher+JohnsonDijkstraStrategy,423,mixed,defect_at_iteration,376
W3,800,1,14,HungarianMatcher+JohnsonDijkstraStrategy,424,mixed,edge_relaxations,255
W3,800,1,14,HungarianMatcher+JohnsonDijkstraStrategy,424,mixed,defect_at_iteration,375
W3,800,1,14,HungarianMatcher+JohnsonDijkstraStrategy,425,mixed,edge_relaxations,251
W3,800,1,14,HungarianMatcher+JohnsonDijkstraStrategy,425,mixed,defect_at_iteration,374
W3,800,1,14,HungarianMatcher+JohnsonDijkstraStrategy,426,mixed,edge_relaxations,250
W3,800,1,14,HungarianMatcher+JohnsonDijkstraStrategy,426,mixed,defect_at_iteration,373
W3,800,1,14,HungarianMatcher+JohnsonDijkstraStrategy,427,mixed,edge_relaxations,249
W3,800,1,14,HungarianMatcher+JohnsonDijkstraStrategy,427,mixed,defect_at_iteration,372
W3,800,1,14,HungarianMatcher+JohnsonDijkstraStrategy,428,mixed,edge_relaxations,248
W3,800,1,14,HungarianMatcher+JohnsonDijkstraStrategy,428,mixed,defect_at_iteration,371
W3,800,1,14,HungarianMatcher+JohnsonDijkstraStrategy,429,mixed,edge_relaxations,248
W3,800,1,14,HungarianMatcher+JohnsonDijkstraStrategy,429,mixed,defect_at_iteration,370
W3,800,1,14,HungarianMatcher+JohnsonDijkstraStrategy,430,mixed,edge_relaxations,248
W3,800,1,14,HungarianMatcher+JohnsonDijkstraStrategy,430,mixed,defect_at_iteration,369
W3,800,1,14,HungarianMatcher+JohnsonDijkstraStrategy,431,mixed,edge_relaxations,247
W3,800,1,14,HungarianMatcher+JohnsonDijkstraStrategy,431,mixed,defect_at_iteration,368
W3,800,1,14,HungarianMatcher+JohnsonDijkstraStrategy,432,mixed,edge_relaxations,244
W3,800,1,14,HungarianMatcher+JohnsonDijkstraStrategy,432,mixed,defect_at_iteration,367
W3,800,1,14,HungarianMatcher+JohnsonDijkstraStrategy,433,mixed,edge_relaxations,244
W3,800,1,14,HungarianMatcher+JohnsonDijkstraStrategy,433,mixed,defect_at_iteration,366
W3,800,1,14,HungarianMatcher+JohnsonDijkstraStrategy,434,mixed,edge_relaxations,243
W3,800,1,14,HungarianMatcher+JohnsonDijkstraStrategy,434,mixed,defect_at_iteration,365
W3,800,1,14,HungarianMatcher+JohnsonDijkstraStrategy,435,mixed,edge_relaxations,242
W3,800,1,14,HungarianMatcher+JohnsonDijkstraStrategy,435,mixed,defect_at_iteration,364
W3,800,1,14,HungarianMatcher+JohnsonDijkstraStrategy,436,mixed,edge_relaxations,239
W3,800,1,14,HungarianMatcher+JohnsonDijkstraStrategy,436,mixed,defect_at_iteration,363
W3,800,1,14,HungarianMatcher+JohnsonDijkstraStrategy,437,mixed,edge_relaxations,238
W3,800,1,14,HungarianMatcher+JohnsonDijkstraStrategy,437,mixed,defect_at_iteration,362
W3,800,1,14,HungarianMatcher+JohnsonDijkstraStrategy,438,mixed,edge_relaxations,230
W3,800,1,14,HungarianMatcher+JohnsonDijkstraStrategy,438,mixed,defect_at_iteration,361
W3,800,1,14,HungarianMatcher+JohnsonDijkstraStrategy,439,mixed,edge_relaxations,229
W3,800,1,14,HungarianMatcher+JohnsonDijkstraStrategy,439,mixed,defect_at_iteration,360
W3,800,1,14,HungarianMatcher+JohnsonDijkstraStrategy,440,mixed,edge_relaxations,228
W3,800,1,14,HungarianMatcher+JohnsonDijkstraStrategy,440,mixed,defect_at_iteration,359
W3,800,1,14,HungarianMatcher+JohnsonDijkstraStrategy,441,mixed,edge_relaxations,227
W3,800,1,14,HungarianMatcher+JohnsonDijkstraStrategy,441,mixed,defect_at_iteration,358
W3,800,1,14,HungarianMatcher+JohnsonDijkstraStrategy,442,mixed,edge_relaxations,225
W3,800,1,14,HungarianMatcher+JohnsonDijkstraStrategy,442,mixed,defect_at_iteration,357
W3,800,1,14,HungarianMatcher+JohnsonDijkstraStrategy,443,mixed,edge_relaxations,222
W3,800,1,14,HungarianMatcher+JohnsonDijkstraStrategy,443,mixed,defect_at_iteration,356
W3,800,1,14,HungarianMatcher+JohnsonDijkstraStrategy,444,mixed,edge_relaxations,218
W3,800,1,14,HungarianMatcher+JohnsonDijkstraStrategy,444,mixed,defect_at_iteration,355
W3,800,1,14,HungarianMatcher+JohnsonDijkstraStrategy,445,mixed,edge_relaxations,218
W3,800,1,14,HungarianMatcher+JohnsonDijkstraStrategy,445,mixed,defect_at_iteration,354
W3,800,1,14,HungarianMatcher+JohnsonDijkstraStrategy,446,mixed,edge_relaxations,206
W3,800,1,14,HungarianMatcher+JohnsonDijkstraStrategy,446,mixed,defect_at_iteration,353
W3,800,1,14,HungarianMatcher+JohnsonDijkstraStrategy,447,mixed,edge_relaxations,202
W3,800,1,14,HungarianMatcher+JohnsonDijkstraStrategy,447,mixed,defect_at_iteration,352
W3,800,1,14,HungarianMatcher+JohnsonDijkstraStrategy,-1,mixed,augmentation_count,448
W3,800,1,14,HungarianMatcher+JohnsonDijkstraStrategy,-1,mixed,matching_value,-2.77786e+08
W3,800,1,14,HungarianMatcher+JohnsonDijkstraStrategy,-1,mixed,matching_size,448
W3,800,1,14,HungarianMatcher+JohnsonDijkstraStrategy,-1,mixed,wall_clock_ms,261.635
