test_id,n,alpha,rep,algorithm,iteration,weight_regime,metric_name,metric_value
W3,800,1.25,17,HungarianMatcher+BellmanFordStrategy,0,mixed,defect_at_iteration,799
W3,800,1.25,17,HungarianMatcher+BellmanFordStrategy,1,mixed,defect_at_iteration,798
W3,800,1.25,17,HungarianMatcher+BellmanFordStrategy,2,mixed,defect_at_iteration,797
W3,800,1.25,17,HungarianMatcher+BellmanFordStrategy,3,mixed,defect_at_iteration,796
W3,800,1.25,17,HungarianMatcher+BellmanFordStrategy,4,mixed,defect_at_iteration,795
W3,800,1.25,17,HungarianMatcher+BellmanFordStrategy,5,mixed,defect_at_iteration,794
W3,800,1.25,17,HungarianMatcher+BellmanFordStrategy,6,mixed,defect_at_iteration,793
W3,800,1.25,17,HungarianMatcher+BellmanFordStrategy,7,mixed,defect_at_iteration,792
W3,800,1.25,17,HungarianMatcher+BellmanFordStrategy,8,mixed,defect_at_iteration,791
W3,800,1.25,17,HungarianMatcher+BellmanFordStrategy,9,mixed,defect_at_iteration,790
W3,800,1.25,17,HungarianMatcher+BellmanFordStrategy,10,mixed,defect_at_iteration,789
W3,800,1.25,17,HungarianMatcher+BellmanFordStrategy,11,mixed,defect_at_iteration,788
W3,800,1.25,17,HungarianMatcher+BellmanFordStrategy,12,mixed,defect_at_iteration,787
W3,800,1.25,17,HungarianMatcher+BellmanFordStrategy,13,mixed,defect_at_iteration,786
W3,800,1.25,17,HungarianMatcher+BellmanFordStrategy,14,mixed,defect_at_iteration,785
W3,800,1.25,17,HungarianMatcher+BellmanFordStrategy,15,mixed,defect_at_iteration,784
W3,800,1.25,17,HungarianMatcher+BellmanFordStrategy,16,mixed,defect_at_iteration,783
W3,800,1.25,17,HungarianMatcher+BellmanFordStrategy,17,mixed,defect_at_iteration,782
W3,800,1.25,17,HungarianMatcher+BellmanFordStrategy,18,mixed,defect_at_iteration,781
W3,800,1.25,17,HungarianMatcher+BellmanFordStrategy,19,mixed,defect_at_iteration,780
W3,800,1.25,17,HungarianMatcher+BellmanFordStrategy,20,mixed,defect_at_iteration,779
W3,800,1.25,17,HungarianMatcher+BellmanFordStrategy,21,mixed,defect_at_iteration,778
W3,800,1.25,17,HungarianMatcher+BellmanFordStrategy,22,mixed,defect_at_iteration,777
W3,800,1.25,17,HungarianMatcher+BellmanFordStrategy,23,mixed,defect_at_iteration,776
W3,800,1.25,17,HungarianMatcher+BellmanFordStrategy,24,mixed,defect_at_iteration,775
W3,800,1.25,17,HungarianMatcher+BellmanFordStrategy,25,mixed,defect_at_iteration,774
W3,800,1.25,17,HungarianMatcher+BellmanFordStrategy,26,mixed,defect_at_iteration,773
W3,800,1.25,17,HungarianMatcher+BellmanFordStrategy,27,mixed,defect_at_iteration,772
W3,800,1.25,17,HungarianMatcher+BellmanFordStrategy,28,mixed,defect_at_iteration,771
W3,800,1.25,17,HungarianMatcher+BellmanFordStrategy,29,mixed,defect_at_iteration,770
W3,800,1.25,17,HungarianMatcher+BellmanFordStrategy,30,mixed,defect_at_iteration,769
W3,800,1.25,17,HungarianMatcher+BellmanFordStrategy,31,mixed,defect_at_iteration,768
W3,800,1.25,17,HungarianMatcher+BellmanFordStrategy,32,mixed,defect_at_iteration,767
W3,800,1.25,17,HungarianMatcher+BellmanFordStrategy,33,mixed,defect_at_iteration,766
W3,800,1.25,17,HungarianMatcher+BellmanFordStrategy,34,mixed,defect_at_iteration,765
W3,800,1.25,17,HungarianMatcher+BellmanFordStrategy,35,mixed,defect_at_iteration,764
W3,800,1.25,17,HungarianMatcher+BellmanFordStrategy,36,mixed,defect_at_iteration,763
W3,800,1.25,17,HungarianMatcher+BellmanFordStrategy,37,mixed,defect_at_iteration,762
W3,800,1.25,17,HungarianMatcher+BellmanFordStrategy,38,mixed,defect_at_iteration,761
W3,800,1.25,17,HungarianMatcher+BellmanFordStrategy,39,mixed,defect_at_iteration,760
W3,800,1.25,17,HungarianMatcher+BellmanFordStrategy,40,mixed,defect_at_iteration,759
W3,800,1.25,17,HungarianMatcher+BellmanFordStrategy,41,mixed,defect_at_iteration,758
W3,800,1.25,17,HungarianMatcher+BellmanFordStrategy,42,mixed,defect_at_iteration,757
W3,800,1.25,17,HungarianMatcher+BellmanFordStrategy,43,mixed,defect_at_iteration,756
W3,800,1.25,17,HungarianMatcher+BellmanFordStrategy,44,mixed,defect_at_iteration,755
W3,800,1.25,17,HungarianMatcher+BellmanFordStrategy,45,mixed,defect_at_iteration,754
W3,800,1.25,17,HungarianMatcher+BellmanFordStrategy,46,mixed,defect_at_iteration,753
W3,800,1.25,17,HungarianMatcher+BellmanFordStrategy,47,mixed,defect_at_iteration,752
W3,800,1.25,17,HungarianMatcher+BellmanFordStrategy,48,mixed,defect_at_iteration,751
W3,800,1.25,17,HungarianMatcher+BellmanFordStrategy,49,mixed,defect_at_iteration,750
W3,800,1.25,17,HungarianMatcher+BellmanFordStrategy,50,mixed,defect_at_iteration,749
W3,800,1.25,17,HungarianMatcher+BellmanFordStrategy,51,mixed,defect_at_iteration,748
W3,800,1.25,17,HungarianMatcher+BellmanFordStrategy,52,mixed,defect_at_iteration,747
W3,800,1.25,17,HungarianMatcher+BellmanFordStrategy,53,mixed,defect_at_iteration,746
W3,800,1.25,17,HungarianMatcher+BellmanFordStrategy,54,mixed,defect_at_iteration,745
W3,800,1.25,17,HungarianMatcher+BellmanFordStrategy,55,mixed,defect_at_iteration,744
W3,800,1.25,17,HungarianMatcher+BellmanFordStrategy,56,mixed,defect_at_iteration,743
W3,800,1.25,17,HungarianMatcher+BellmanFordStrategy,57,mixed,defect_at_iteration,742
W3,800,1.25,17,HungarianMatcher+BellmanFordStrategy,58,mixed,defect_at_iteration,741
W3,800,1.25,17,HungarianMatcher+BellmanFordStrategy,59,mixed,defect_at_iteration,740
W3,800,1.25,17,HungarianMatcher+BellmanFordStrategy,60,mixed,defect_at_iteration,739
W3,800,1.25,17,HungarianMatcher+BellmanFordStrategy,61,mixed,defect_at_iteration,738
W3,800,1.25,17,HungarianMatcher+BellmanFordStrategy,62,mixed,defect_at_iteration,737
W3,800,1.25,17,HungarianMatcher+BellmanFordStrategy,63,mixed,defect_at_iteration,736
W3,800,1.25,17,HungarianMatcher+BellmanFordStrategy,64,mixed,defect_at_iteration,735
W3,800,1.25,17,HungarianMatcher+BellmanFordStrategy,65,mixed,defect_at_iteration,734
W3,800,1.25,17,HungarianMatcher+BellmanFordStrategy,66,mixed,defect_at_iteration,733
W3,800,1.25,17,HungarianMatcher+BellmanFordStrategy,67,mixed,defect_at_iteration,732
W3,800,1.25,17,HungarianMatcher+BellmanFordStrategy,68,mixed,defect_at_iteration,731
W3,800,1.25,17,HungarianMatcher+BellmanFordStrategy,69,mixed,defect_at_iteration,730
W3,800,1.25,17,HungarianMatcher+BellmanFordStrategy,70,mixed,defect_at_iteration,729
W3,800,1.25,17,HungarianMatcher+BellmanFordStrategy,71,mixed,defect_at_iteration,728
W3,800,1.25,17,HungarianMatcher+BellmanFordStrategy,72,mixed,defect_at_iteration,727
W3,800,1.25,17,HungarianMatcher+BellmanFordStrategy,73,mixed,defect_at_iteration,726
W3,800,1.25,17,HungarianMatcher+BellmanFordStrategy,74,mixed,defect_at_iteration,725
W3,800,1.25,17,HungarianMatcher+BellmanFordStrategy,75,mixed,defect_at_iteration,724
W3,800,1.25,17,HungarianMatcher+BellmanFordStrategy,76,mixed,defect_at_iteration,723
W3,800,1.25,17,HungarianMatcher+BellmanFordStrategy,77,mixed,defect_at_iteration,722
W3,800,1.25,17,HungarianMatcher+BellmanFordStrategy,78,mixed,defect_at_iteration,721
W3,800,1.25,17,HungarianMatcher+BellmanFordStrategy,79,mixed,defect_at_iteration,720
W3,800,1.25,17,HungarianMatcher+BellmanFordStrategy,80,mixed,defect_at_iteration,719
W3,800,1.25,17,HungarianMatcher+BellmanFordStrategy,81,mixed,defect_at_iteration,718
W3,800,1.25,17,HungarianMatcher+BellmanFordStrategy,82,mixed,defect_at_iteration,717
W3,800,1.25,17,HungarianMatcher+BellmanFordStrategy,83,mixed,defect_at_iteration,716
W3,800,1.25,17,HungarianMatcher+BellmanFordStrategy,84,mixed,defect_at_iteration,715
W3,800,1.25,17,HungarianMatcher+BellmanFordStrategy,85,mixed,defect_at_iteration,714
W3,800,1.25,17,HungarianMatcher+BellmanFordStrategy,86,mixed,defect_at_iteration,713
W3,800,1.25,17,HungarianMatcher+BellmanFordStrategy,87,mixed,defect_at_iteration,712
W3,800,1.25,17,HungarianMatcher+BellmanFordStrategy,88,mixed,defect_at_iteration,711
W3,800,1.25,17,HungarianMatcher+BellmanFordStrategy,89,mixed,defect_at_iteration,710
W3,800,1.25,17,HungarianMatcher+BellmanFordStrategy,90,mixed,defect_at_iteration,709
W3,800,1.25,17,HungarianMatcher+BellmanFordStrategy,91,mixed,defect_at_iteration,708
W3,800,1.25,17,HungarianMatcher+BellmanFordStrategy,92,mixed,defect_at_iteration,707
W3,800,1.25,17,HungarianMatcher+BellmanFordStrategy,93,mixed,defect_at_iteration,706
W3,800,1.25,17,HungarianMatcher+BellmanFordStrategy,94,mixed,defect_at_iteration,705
W3,800,1.25,17,HungarianMatcher+BellmanFordStrategy,95,mixed,defect_at_iteration,704
W3,800,1.25,17,HungarianMatcher+BellmanFordStrategy,96,mixed,defect_at_iteration,703
W3,800,1.25,17,HungarianMatcher+BellmanFordStrategy,97,mixed,defect_at_iteration,702
W3,800,1.25,17,HungarianMatcher+BellmanFordStrategy,98,mixed,defect_at_iteration,701
W3,800,1.25,17,HungarianMatcher+BellmanFordStrategy,99,mixed,defect_at_iteration,700
W3,800,1.25,17,HungarianMatcher+BellmanFordStrategy,100,mixed,defect_at_iteration,699
W3,800,1.25,17,HungarianMatcher+BellmanFordStrategy,101,mixed,defect_at_iteration,698
W3,800,1.25,17,HungarianMatcher+BellmanFordStrategy,102,mixed,defect_at_iteration,697
W3,800,1.25,17,HungarianMatcher+BellmanFordStrategy,103,mixed,defect_at_iteration,696
W3,800,1.25,17,HungarianMatcher+BellmanFordStrategy,104,mixed,defect_at_iteration,695
W3,800,1.25,17,HungarianMatcher+BellmanFordStrategy,105,mixed,defect_at_iteration,694
W3,800,1.25,17,HungarianMatcher+BellmanFordStrategy,106,mixed,defect_at_iteration,693
W3,800,1.25,17,HungarianMatcher+BellmanFordStrategy,107,mixed,defect_at_iteration,692
W3,800,1.25,17,HungarianMatcher+BellmanFordStrategy,108,mixed,defect_at_iteration,691
W3,800,1.25,17,HungarianMatcher+BellmanFordStrategy,109,mixed,defect_at_iteration,690
W3,800,1.25,17,HungarianMatcher+BellmanFordStrategy,110,mixed,defect_at_iteration,689
W3,800,1.25,17,HungarianMatcher+BellmanFordStrategy,111,mixed,defect_at_iteration,688
W3,800,1.25,17,HungarianMatcher+BellmanFordStrategy,112,mixed,defect_at_iteration,687
W3,800,1.25,17,HungarianMatcher+BellmanFordStrategy,113,mixed,defect_at_iteration,686
W3,800,1.25,17,HungarianMatcher+BellmanFordStrategy,114,mixed,defect_at_iteration,685
W3,800,1.25,17,HungarianMatcher+BellmanFordStrategy,115,mixed,defect_at_iteration,684
W3,800,1.25,17,HungarianMatcher+BellmanFordStrategy,116,mixed,defect_at_iteration,683
W3,800,1.25,17,HungarianMatcher+BellmanFordStrategy,117,mixed,defect_at_iteration,682
W3,800,1.25,17,HungarianMatcher+BellmanFordStrategy,118,mixed,defect_at_iteration,681
W3,800,1.25,17,HungarianMatcher+BellmanFordStrategy,119,mixed,defect_at_iteration,680
W3,800,1.25,17,HungarianMatcher+BellmanFordStrategy,120,mixed,defect_at_iteration,679
W3,800,1.25,17,HungarianMatcher+BellmanFordStrategy,121,mixed,defect_at_iteration,678
W3,800,1.25,17,HungarianMatcher+BellmanFordStrategy,122,mixed,defect_at_iteration,677
W3,800,1.25,17,HungarianMatcher+BellmanFordStrategy,123,mixed,defect_at_iteration,676
W3,800,1.25,17,HungarianMatcher+BellmanFordStrategy,124,mixed,defect_at_iteration,675
W3,800,1.25,17,HungarianMatcher+BellmanFordStrategy,125,mixed,defect_at_iteration,674
W3,800,1.25,17,HungarianMatcher+BellmanFordStrategy,126,mixed,defect_at_iteration,673
W3,800,1.25,17,HungarianMatcher+BellmanFordStrategy,127,mixed,defect_at_iteration,672
W3,800,1.25,17,HungarianMatcher+BellmanFordStrategy,128,mixed,defect_at_iteration,671
W3,800,1.25,17,HungarianMatcher+BellmanFordStrategy,129,mixed,defect_at_iteration,670
W3,800,1.25,17,HungarianMatcher+BellmanFordStrategy,130,mixed,defect_at_iteration,669
W3,800,1.25,17,HungarianMatcher+BellmanFordStrategy,131,mixed,defect_at_iteration,668
W3,800,1.25,17,HungarianMatcher+BellmanFordStrategy,132,mixed,defect_at_iteration,667
W3,800,1.25,17,HungarianMatcher+BellmanFordStrategy,133,mixed,defect_at_iteration,666
W3,800,1.25,17,HungarianMatcher+BellmanFordStrategy,134,mixed,defect_at_iteration,665
W3,800,1.25,17,HungarianMatcher+BellmanFordStrategy,135,mixed,defect_at_iteration,664
W3,800,1.25,17,HungarianMatcher+BellmanFordStrategy,136,mixed,defect_at_iteration,663
W3,800,1.25,17,HungarianMatcher+BellmanFordStrategy,137,mixed,defect_at_iteration,662
W3,800,1.25,17,HungarianMatcher+BellmanFordStrategy,138,mixed,defect_at_iteration,661
W3,800,1.25,17,HungarianMatcher+BellmanFordStrategy,139,mixed,defect_at_iteration,660
W3,800,1.25,17,HungarianMatcher+BellmanFordStrategy,140,mixed,defect_at_iteration,659
W3,800,1.25,17,HungarianMatcher+BellmanFordStrategy,141,mixed,defect_at_iteration,658
W3,800,1.25,17,HungarianMatcher+BellmanFordStrategy,142,mixed,defect_at_iteration,657
W3,800,1.25,17,HungarianMatcher+BellmanFordStrategy,143,mixed,defect_at_iteration,656
W3,800,1.25,17,HungarianMatcher+BellmanFordStrategy,144,mixed,defect_at_iteration,655
W3,800,1.25,17,HungarianMatcher+BellmanFordStrategy,145,mixed,defect_at_iteration,654
W3,800,1.25,17,HungarianMatcher+BellmanFordStrategy,146,mixed,defect_at_iteration,653
W3,800,1.25,17,HungarianMatcher+BellmanFordStrategy,147,mixed,defect_at_iteration,652
W3,800,1.25,17,HungarianMatcher+BellmanFordStrategy,148,mixed,defect_at_iteration,651
W3,800,1.25,17,HungarianMatcher+BellmanFordStrategy,149,mixed,defect_at_iteration,650
W3,800,1.25,17,HungarianMatcher+BellmanFordStrategy,150,mixed,defect_at_iteration,649
W3,800,1.25,17,HungarianMatcher+BellmanFordStrategy,151,mixed,defect_at_iteration,648
W3,800,1.25,17,HungarianMatcher+BellmanFordStrategy,152,mixed,defect_at_iteration,647
W3,800,1.25,17,HungarianMatcher+BellmanFordStrategy,153,mixed,defect_at_iteration,646
W3,800,1.25,17,HungarianMatcher+BellmanFordStrategy,154,mixed,defect_at_iteration,645
W3,800,1.25,17,HungarianMatcher+BellmanFordStrategy,155,mixed,defect_at_iteration,644
W3,800,1.25,17,HungarianMatcher+BellmanFordStrategy,156,mixed,defect_at_iteration,643
W3,800,1.25,17,HungarianMatcher+BellmanFordStrategy,157,mixed,defect_at_iteration,642
W3,800,1.25,17,HungarianMatcher+BellmanFordStrategy,158,mixed,defect_at_iteration,641
W3,800,1.25,17,HungarianMatcher+BellmanFordStrategy,159,mixed,defect_at_iteration,640
W3,800,1.25,17,HungarianMatcher+BellmanFordStrategy,160,mixed,defect_at_iteration,639
W3,800,1.25,17,HungarianMatcher+BellmanFordStrategy,161,mixed,defect_at_iteration,638
W3,800,1.25,17,HungarianMatcher+BellmanFordStrategy,162,mixed,defect_at_iteration,637
W3,800,1.25,17,HungarianMatcher+BellmanFordStrategy,163,mixed,defect_at_iteration,636
W3,800,1.25,17,HungarianMatcher+BellmanFordStrategy,164,mixed,defect_at_iteration,635
W3,800,1.25,17,HungarianMatcher+BellmanFordStrategy,165,mixed,defect_at_iteration,634
W3,800,1.25,17,HungarianMatcher+BellmanFordStrategy,166,mixed,defect_at_iteration,633
W3,800,1.25,17,HungarianMatcher+BellmanFordStrategy,167,mixed,defect_at_iteration,632
W3,800,1.25,17,HungarianMatcher+BellmanFordStrategy,168,mixed,defect_at_iteration,631
W3,800,1.25,17,HungarianMatcher+BellmanFordStrategy,169,mixed,defect_at_iteration,630
W3,800,1.25,17,HungarianMatcher+BellmanFordStrategy,170,mixed,defect_at_iteration,629
W3,800,1.25,17,HungarianMatcher+BellmanFordStrategy,171,mixed,defect_at_iteration,628
W3,800,1.25,17,HungarianMatcher+BellmanFordStrategy,172,mixed,defect_at_iteration,627
W3,800,1.25,17,HungarianMatcher+BellmanFordStrategy,173,mixed,defect_at_iteration,626
W3,800,1.25,17,HungarianMatcher+BellmanFordStrategy,174,mixed,defect_at_iteration,625
W3,800,1.25,17,HungarianMatcher+BellmanFordStrategy,175,mixed,defect_at_iteration,624
W3,800,1.25,17,HungarianMatcher+BellmanFordStrategy,176,mixed,defect_at_iteration,623
W3,800,1.25,17,HungarianMatcher+BellmanFordStrategy,177,mixed,defect_at_iteration,622
W3,800,1.25,17,HungarianMatcher+BellmanFordStrategy,178,mixed,defect_at_iteration,621
W3,800,1.25,17,HungarianMatcher+BellmanFordStrategy,179,mixed,defect_at_iteration,620
W3,800,1.25,17,HungarianMatcher+BellmanFordStrategy,180,mixed,defect_at_iteration,619
W3,800,1.25,17,HungarianMatcher+BellmanFordStrategy,181,mixed,defect_at_iteration,618
W3,800,1.25,17,HungarianMatcher+BellmanFordStrategy,182,mixed,defect_at_iteration,617
W3,800,1.25,17,HungarianMatcher+BellmanFordStrategy,183,mixed,defect_at_iteration,616
W3,800,1.25,17,HungarianMatcher+BellmanFordStrategy,184,mixed,defect_at_iteration,615
W3,800,1.25,17,HungarianMatcher+BellmanFordStrategy,185,mixed,defect_at_iteration,614
W3,800,1.25,17,HungarianMatcher+BellmanFordStrategy,186,mixed,defect_at_iteration,613
W3,800,1.25,17,HungarianMatcher+BellmanFordStrategy,187,mixed,defect_at_iteration,612
W3,800,1.25,17,HungarianMatcher+BellmanFordStrategy,188,mixed,defect_at_iteration,611
W3,800,1.25,17,HungarianMatcher+BellmanFordStrategy,189,mixed,defect_at_iteration,610
W3,800,1.25,17,HungarianMatcher+BellmanFordStrategy,190,mixed,defect_at_iteration,609
W3,800,1.25,17,HungarianMatcher+BellmanFordStrategy,191,mixed,defect_at_iteration,608
W3,800,1.25,17,HungarianMatcher+BellmanFordStrategy,192,mixed,defect_at_iteration,607
W3,800,1.25,17,HungarianMatcher+BellmanFordStrategy,193,mixed,defect_at_iteration,606
W3,800,1.25,17,HungarianMatcher+BellmanFordStrategy,194,mixed,defect_at_iteration,605
W3,800,1.25,17,HungarianMatcher+BellmanFordStrategy,195,mixed,defect_at_iteration,604
W3,800,1.25,17,HungarianMatcher+BellmanFordStrategy,196,mixed,defect_at_iteration,603
W3,800,1.25,17,HungarianMatcher+BellmanFordStrategy,197,mixed,defect_at_iteration,602
W3,800,1.25,17,HungarianMatcher+BellmanFordStrategy,198,mixed,defect_at_iteration,601
W3,800,1.25,17,HungarianMatcher+BellmanFordStrategy,199,mixed,defect_at_iteration,600
W3,800,1.25,17,HungarianMatcher+BellmanFordStrategy,200,mixed,defect_at_iteration,599
W3,800,1.25,17,HungarianMatcher+BellmanFordStrategy,201,mixed,defect_at_iteration,598
W3,800,1.25,17,HungarianMatcher+BellmanFordStrategy,202,mixed,defect_at_iteration,597
W3,800,1.25,17,HungarianMatcher+BellmanFordStrategy,203,mixed,defect_at_iteration,596
W3,800,1.25,17,HungarianMatcher+BellmanFordStrategy,204,mixed,defect_at_iteration,595
W3,800,1.25,17,HungarianMatcher+BellmanFordStrategy,205,mixed,defect_at_iteration,594
W3,800,1.25,17,HungarianMatcher+BellmanFordStrategy,206,mixed,defect_at_iteration,593
W3,800,1.25,17,HungarianMatcher+BellmanFordStrategy,207,mixed,defect_at_iteration,592
W3,800,1.25,17,HungarianMatcher+BellmanFordStrategy,208,mixed,defect_at_iteration,591
W3,800,1.25,17,HungarianMatcher+BellmanFordStrategy,209,mixed,defect_at_iteration,590
W3,800,1.25,17,HungarianMatcher+BellmanFordStrategy,210,mixed,defect_at_iteration,589
W3,800,1.25,17,HungarianMatcher+BellmanFordStrategy,211,mixed,defect_at_iteration,588
W3,800,1.25,17,HungarianMatcher+BellmanFordStrategy,212,mixed,defect_at_iteration,587
W3,800,1.25,17,HungarianMatcher+BellmanFordStrategy,213,mixed,defect_at_iteration,586
W3,800,1.25,17,HungarianMatcher+BellmanFordStrategy,214,mixed,defect_at_iteration,585
W3,800,1.25,17,HungarianMatcher+BellmanFordStrategy,215,mixed,defect_at_iteration,584
W3,800,1.25,17,HungarianMatcher+BellmanFordStrategy,216,mixed,defect_at_iteration,583
W3,800,1.25,17,HungarianMatcher+BellmanFordStrategy,217,mixed,defect_at_iteration,582
W3,800,1.25,17,HungarianMatcher+BellmanFordStrategy,218,mixed,defect_at_iteration,581
W3,800,1.25,17,HungarianMatcher+BellmanFordStrategy,219,mixed,defect_at_iteration,580
W3,800,1.25,17,HungarianMatcher+BellmanFordStrategy,220,mixed,defect_at_iteration,579
W3,800,1.25,17,HungarianMatcher+BellmanFordStrategy,221,mixed,defect_at_iteration,578
W3,800,1.25,17,HungarianMatcher+BellmanFordStrategy,222,mixed,defect_at_iteration,577
W3,800,1.25,17,HungarianMatcher+BellmanFordStrategy,223,mixed,defect_at_iteration,576
W3,800,1.25,17,HungarianMatcher+BellmanFordStrategy,224,mixed,defect_at_iteration,575
W3,800,1.25,17,HungarianMatcher+BellmanFordStrategy,225,mixed,defect_at_iteration,574
W3,800,1.25,17,HungarianMatcher+BellmanFordStrategy,226,mixed,defect_at_iteration,573
W3,800,1.25,17,HungarianMatcher+BellmanFordStrategy,227,mixed,defect_at_iteration,572
W3,800,1.25,17,HungarianMatcher+BellmanFordStrategy,228,mixed,defect_at_iteration,571
W3,800,1.25,17,HungarianMatcher+BellmanFordStrategy,229,mixed,defect_at_iteration,570
W3,800,1.25,17,HungarianMatcher+BellmanFordStrategy,230,mixed,defect_at_iteration,569
W3,800,1.25,17,HungarianMatcher+BellmanFordStrategy,231,mixed,defect_at_iteration,568
W3,800,1.25,17,HungarianMatcher+BellmanFordStrategy,232,mixed,defect_at_iteration,567
W3,800,1.25,17,HungarianMatcher+BellmanFordStrategy,233,mixed,defect_at_iteration,566
W3,800,1.25,17,HungarianMatcher+BellmanFordStrategy,234,mixed,defect_at_iteration,565
W3,800,1.25,17,HungarianMatcher+BellmanFordStrategy,235,mixed,defect_at_iteration,564
W3,800,1.25,17,HungarianMatcher+BellmanFordStrategy,236,mixed,defect_at_iteration,563
W3,800,1.25,17,HungarianMatcher+BellmanFordStrategy,237,mixed,defect_at_iteration,562
W3,800,1.25,17,HungarianMatcher+BellmanFordStrategy,238,mixed,defect_at_iteration,561
W3,800,1.25,17,HungarianMatcher+BellmanFordStrategy,239,mixed,defect_at_iteration,560
W3,800,1.25,17,HungarianMatcher+BellmanFordStrategy,240,mixed,defect_at_iteration,559
W3,800,1.25,17,HungarianMatcher+BellmanFordStrategy,241,mixed,defect_at_iteration,558
W3,800,1.25,17,HungarianMatcher+BellmanFordStrategy,242,mixed,defect_at_iteration,557
W3,800,1.25,17,HungarianMatcher+BellmanFordStrategy,243,mixed,defect_at_iteration,556
W3,800,1.25,17,HungarianMatcher+BellmanFordStrategy,244,mixed,defect_at_iteration,555
W3,800,1.25,17,HungarianMatcher+BellmanFordStrategy,245,mixed,defect_at_iteration,554
W3,800,1.25,17,HungarianMatcher+BellmanFordStrategy,246,mixed,defect_at_iteration,553
W3,800,1.25,17,HungarianMatcher+BellmanFordStrategy,247,mixed,defect_at_iteration,552
W3,800,1.25,17,HungarianMatcher+BellmanFordStrategy,248,mixed,defect_at_iteration,551
W3,800,1.25,17,HungarianMatcher+BellmanFordStrategy,249,mixed,defect_at_iteration,550
W3,800,1.25,17,HungarianMatcher+BellmanFordStrategy,250,mixed,defect_at_iteration,549
W3,800,1.25,17,HungarianMatcher+BellmanFordStrategy,251,mixed,defect_at_iteration,548
W3,800,1.25,17,HungarianMatcher+BellmanFordStrategy,252,mixed,defect_at_iteration,547
W3,800,1.25,17,HungarianMatcher+BellmanFordStrategy,253,mixed,defect_at_iteration,546
W3,800,1.25,17,HungarianMatcher+BellmanFordStrategy,254,mixed,defect_at_iteration,545
W3,800,1.25,17,HungarianMatcher+BellmanFordStrategy,255,mixed,defect_at_iteration,544
W3,800,1.25,17,HungarianMatcher+BellmanFordStrategy,256,mixed,defect_at_iteration,543
W3,800,1.25,17,HungarianMatcher+BellmanFordStrategy,257,mixed,defect_at_iteration,542
W3,800,1.25,17,HungarianMatcher+BellmanFordStrategy,258,mixed,defect_at_iteration,541
W3,800,1.25,17,HungarianMatcher+BellmanFordStrategy,259,mixed,defect_at_iteration,540
W3,800,1.25,17,HungarianMatcher+BellmanFordStrategy,260,mixed,defect_at_iteration,539
W3,800,1.25,17,HungarianMatcher+BellmanFordStrategy,261,mixed,defect_at_iteration,538
W3,800,1.25,17,HungarianMatcher+BellmanFordStrategy,262,mixed,defect_at_iteration,537
W3,800,1.25,17,HungarianMatcher+BellmanFordStrategy,263,mixed,defect_at_iteration,536
W3,800,1.25,17,HungarianMatcher+BellmanFordStrategy,264,mixed,defect_at_iteration,535
W3,800,1.25,17,HungarianMatcher+BellmanFordStrategy,265,mixed,defect_at_iteration,534
W3,800,1.25,17,HungarianMatcher+BellmanFordStrategy,266,mixed,defect_at_iteration,533
W3,800,1.25,17,HungarianMatcher+BellmanFordStrategy,267,mixed,defect_at_iteration,532
W3,800,1.25,17,HungarianMatcher+BellmanFordStrategy,268,mixed,defect_at_iteration,531
W3,800,1.25,17,HungarianMatcher+BellmanFordStrategy,269,mixed,defect_at_iteration,530
W3,800,1.25,17,HungarianMatcher+BellmanFordStrategy,270,mixed,defect_at_iteration,529
W3,800,1.25,17,HungarianMatcher+BellmanFordStrategy,271,mixed,defect_at_iteration,528
W3,800,1.25,17,HungarianMatcher+BellmanFordStrategy,272,mixed,defect_at_iteration,527
W3,800,1.25,17,HungarianMatcher+BellmanFordStrategy,273,mixed,defect_at_iteration,526
W3,800,1.25,17,HungarianMatcher+BellmanFordStrategy,274,mixed,defect_at_iteration,525
W3,800,1.25,17,HungarianMatcher+BellmanFordStrategy,275,mixed,defect_at_iteration,524
W3,800,1.25,17,HungarianMatcher+BellmanFordStrategy,276,mixed,defect_at_iteration,523
W3,800,1.25,17,HungarianMatcher+BellmanFordStrategy,277,mixed,defect_at_iteration,522
W3,800,1.25,17,HungarianMatcher+BellmanFordStrategy,278,mixed,defect_at_iteration,521
W3,800,1.25,17,HungarianMatcher+BellmanFordStrategy,279,mixed,defect_at_iteration,520
W3,800,1.25,17,HungarianMatcher+BellmanFordStrategy,280,mixed,defect_at_iteration,519
W3,800,1.25,17,HungarianMatcher+BellmanFordStrategy,281,mixed,defect_at_iteration,518
W3,800,1.25,17,HungarianMatcher+BellmanFordStrategy,282,mixed,defect_at_iteration,517
W3,800,1.25,17,HungarianMatcher+BellmanFordStrategy,283,mixed,defect_at_iteration,516
W3,800,1.25,17,HungarianMatcher+BellmanFordStrategy,284,mixed,defect_at_iteration,515
W3,800,1.25,17,HungarianMatcher+BellmanFordStrategy,285,mixed,defect_at_iteration,514
W3,800,1.25,17,HungarianMatcher+BellmanFordStrategy,286,mixed,defect_at_iteration,513
W3,800,1.25,17,HungarianMatcher+BellmanFordStrategy,287,mixed,defect_at_iteration,512
W3,800,1.25,17,HungarianMatcher+BellmanFordStrategy,288,mixed,defect_at_iteration,511
W3,800,1.25,17,HungarianMatcher+BellmanFordStrategy,289,mixed,defect_at_iteration,510
W3,800,1.25,17,HungarianMatcher+BellmanFordStrategy,290,mixed,defect_at_iteration,509
W3,800,1.25,17,HungarianMatcher+BellmanFordStrategy,291,mixed,defect_at_iteration,508
W3,800,1.25,17,HungarianMatcher+BellmanFordStrategy,292,mixed,defect_at_iteration,507
W3,800,1.25,17,HungarianMatcher+BellmanFordStrategy,293,mixed,defect_at_iteration,506
W3,800,1.25,17,HungarianMatcher+BellmanFordStrategy,294,mixed,defect_at_iteration,505
W3,800,1.25,17,HungarianMatcher+BellmanFordStrategy,295,mixed,defect_at_iteration,504
W3,800,1.25,17,HungarianMatcher+BellmanFordStrategy,296,mixed,defect_at_iteration,503
W3,800,1.25,17,HungarianMatcher+BellmanFordStrategy,297,mixed,defect_at_iteration,502
W3,800,1.25,17,HungarianMatcher+BellmanFordStrategy,298,mixed,defect_at_iteration,501
W3,800,1.25,17,HungarianMatcher+BellmanFordStrategy,299,mixed,defect_at_iteration,500
W3,800,1.25,17,HungarianMatcher+BellmanFordStrategy,300,mixed,defect_at_iteration,499
W3,800,1.25,17,HungarianMatcher+BellmanFordStrategy,301,mixed,defect_at_iteration,498
W3,800,1.25,17,HungarianMatcher+BellmanFordStrategy,302,mixed,defect_at_iteration,497
W3,800,1.25,17,HungarianMatcher+BellmanFordStrategy,303,mixed,defect_at_iteration,496
W3,800,1.25,17,HungarianMatcher+BellmanFordStrategy,304,mixed,defect_at_iteration,495
W3,800,1.25,17,HungarianMatcher+BellmanFordStrategy,305,mixed,defect_at_iteration,494
W3,800,1.25,17,HungarianMatcher+BellmanFordStrategy,306,mixed,defect_at_iteration,493
W3,800,1.25,17,HungarianMatcher+BellmanFordStrategy,307,mixed,defect_at_iteration,492
W3,800,1.25,17,HungarianMatcher+BellmanFordStrategy,308,mixed,defect_at_iteration,491
W3,800,1.25,17,HungarianMatcher+BellmanFordStrategy,309,mixed,defect_at_iteration,490
W3,800,1.25,17,HungarianMatcher+BellmanFordStrategy,310,mixed,defect_at_iteration,489
W3,800,1.25,17,HungarianMatcher+BellmanFordStrategy,311,mixed,defect_at_iteration,488
W3,800,1.25,17,HungarianMatcher+BellmanFordStrategy,312,mixed,defect_at_iteration,487
W3,800,1.25,17,HungarianMatcher+BellmanFordStrategy,313,mixed,defect_at_iteration,486
W3,800,1.25,17,HungarianMatcher+BellmanFordStrategy,314,mixed,defect_at_iteration,485
W3,800,1.25,17,HungarianMatcher+BellmanFordStrategy,315,mixed,defect_at_iteration,484
W3,800,1.25,17,HungarianMatcher+BellmanFordStrategy,316,mixed,defect_at_iteration,483
W3,800,1.25,17,HungarianMatcher+BellmanFordStrategy,317,mixed,defect_at_iteration,482
W3,800,1.25,17,HungarianMatcher+BellmanFordStrategy,318,mixed,defect_at_iteration,481
W3,800,1.25,17,HungarianMatcher+BellmanFordStrategy,319,mixed,defect_at_iteration,480
W3,800,1.25,17,HungarianMatcher+BellmanFordStrategy,320,mixed,defect_at_iteration,479
W3,800,1.25,17,HungarianMatcher+BellmanFordStrategy,321,mixed,defect_at_iteration,478
W3,800,1.25,17,HungarianMatcher+BellmanFordStrategy,322,mixed,defect_at_iteration,477
W3,800,1.25,17,HungarianMatcher+BellmanFordStrategy,323,mixed,defect_at_iteration,476
W3,800,1.25,17,HungarianMatcher+BellmanFordStrategy,324,mixed,defect_at_iteration,475
W3,800,1.25,17,HungarianMatcher+BellmanFordStrategy,325,mixed,defect_at_iteration,474
W3,800,1.25,17,HungarianMatcher+BellmanFordStrategy,326,mixed,defect_at_iteration,473
W3,800,1.25,17,HungarianMatcher+BellmanFordStrategy,327,mixed,defect_at_iteration,472
W3,800,1.25,17,HungarianMatcher+BellmanFordStrategy,328,mixed,defect_at_iteration,471
W3,800,1.25,17,HungarianMatcher+BellmanFordStrategy,329,mixed,defect_at_iteration,470
W3,800,1.25,17,HungarianMatcher+BellmanFordStrategy,330,mixed,defect_at_iteration,469
W3,800,1.25,17,HungarianMatcher+BellmanFordStrategy,331,mixed,defect_at_iteration,468
W3,800,1.25,17,HungarianMatcher+BellmanFordStrategy,332,mixed,defect_at_iteration,467
W3,800,1.25,17,HungarianMatcher+BellmanFordStrategy,333,mixed,defect_at_iteration,466
W3,800,1.25,17,HungarianMatcher+BellmanFordStrategy,334,mixed,defect_at_iteration,465
W3,800,1.25,17,HungarianMatcher+BellmanFordStrategy,335,mixed,defect_at_iteration,464
W3,800,1.25,17,HungarianMatcher+BellmanFordStrategy,336,mixed,defect_at_iteration,463
W3,800,1.25,17,HungarianMatcher+BellmanFordStrategy,337,mixed,defect_at_iteration,462
W3,800,1.25,17,HungarianMatcher+BellmanFordStrategy,338,mixed,defect_at_iteration,461
W3,800,1.25,17,HungarianMatcher+BellmanFordStrategy,339,mixed,defect_at_iteration,460
W3,800,1.25,17,HungarianMatcher+BellmanFordStrategy,340,mixed,defect_at_iteration,459
W3,800,1.25,17,HungarianMatcher+BellmanFordStrategy,341,mixed,defect_at_iteration,458
W3,800,1.25,17,HungarianMatcher+BellmanFordStrategy,342,mixed,defect_at_iteration,457
W3,800,1.25,17,HungarianMatcher+BellmanFordStrategy,343,mixed,defect_at_iteration,456
W3,800,1.25,17,HungarianMatcher+BellmanFordStrategy,344,mixed,defect_at_iteration,455
W3,800,1.25,17,HungarianMatcher+BellmanFordStrategy,345,mixed,defect_at_iteration,454
W3,800,1.25,17,HungarianMatcher+BellmanFordStrategy,346,mixed,defect_at_iteration,453
W3,800,1.25,17,HungarianMatcher+BellmanFordStrategy,347,mixed,defect_at_iteration,452
W3,800,1.25,17,HungarianMatcher+BellmanFordStrategy,348,mixed,defect_at_iteration,451
W3,800,1.25,17,HungarianMatcher+BellmanFordStrategy,349,mixed,defect_at_iteration,450
W3,800,1.25,17,HungarianMatcher+BellmanFordStrategy,350,mixed,defect_at_iteration,449
W3,800,1.25,17,HungarianMatcher+BellmanFordStrategy,351,mixed,defect_at_iteration,448
W3,800,1.25,17,HungarianMatcher+BellmanFordStrategy,352,mixed,defect_at_iteration,447
W3,800,1.25,17,HungarianMatcher+BellmanFordStrategy,353,mixed,defect_at_iteration,446
W3,800,1.25,17,HungarianMatcher+BellmanFordStrategy,354,mixed,defect_at_iteration,445
W3,800,1.25,17,HungarianMatcher+BellmanFordStrategy,355,mixed,defect_at_iteration,444
W3,800,1.25,17,HungarianMatcher+BellmanFordStrategy,356,mixed,defect_at_iteration,443
W3,800,1.25,17,HungarianMatcher+BellmanFordStrategy,357,mixed,defect_at_iteration,442
W3,800,1.25,17,HungarianMatcher+BellmanFordStrategy,358,mixed,defect_at_iteration,441
W3,800,1.25,17,HungarianMatcher+BellmanFordStrategy,359,mixed,defect_at_iteration,440
W3,800,1.25,17,HungarianMatcher+BellmanFordStrategy,360,mixed,defect_at_iteration,439
W3,800,1.25,17,HungarianMatcher+BellmanFordStrategy,361,mixed,defect_at_iteration,438
W3,800,1.25,17,HungarianMatcher+BellmanFordStrategy,362,mixed,defect_at_iteration,437
W3,800,1.25,17,HungarianMatcher+BellmanFordStrategy,363,mixed,defect_at_iteration,436
W3,800,1.25,17,HungarianMatcher+BellmanFordStrategy,364,mixed,defect_at_iteration,435
W3,800,1.25,17,HungarianMatcher+BellmanFordStrategy,365,mixed,defect_at_iteration,434
W3,800,1.25,17,HungarianMatcher+BellmanFordStrategy,366,mixed,defect_at_iteration,433
W3,800,1.25,17,HungarianMatcher+BellmanFordStrategy,367,mixed,defect_at_iteration,432
W3,800,1.25,17,HungarianMatcher+BellmanFordStrategy,368,mixed,defect_at_iteration,431
W3,800,1.25,17,HungarianMatcher+BellmanFordStrategy,369,mixed,defect_at_iteration,430
W3,800,1.25,17,HungarianMatcher+BellmanFordStrategy,370,mixed,defect_at_iteration,429
W3,800,1.25,17,HungarianMatcher+BellmanFordStrategy,371,mixed,defect_at_iteration,428
W3,800,1.25,17,HungarianMatcher+BellmanFordStrategy,372,mixed,defect_at_iteration,427
W3,800,1.25,17,HungarianMatcher+BellmanFordStrategy,373,mixed,defect_at_iteration,426
W3,800,1.25,17,HungarianMatcher+BellmanFordStrategy,374,mixed,defect_at_iteration,425
W3,800,1.25,17,HungarianMatcher+BellmanFordStrategy,375,mixed,defect_at_iteration,424
W3,800,1.25,17,HungarianMatcher+BellmanFordStrategy,376,mixed,defect_at_iteration,423
W3,800,1.25,17,HungarianMatcher+BellmanFordStrategy,377,mixed,defect_at_iteration,422
W3,800,1.25,17,HungarianMatcher+BellmanFordStrategy,378,mixed,defect_at_iteration,421
W3,800,1.25,17,HungarianMatcher+BellmanFordStrategy,379,mixed,defect_at_iteration,420
W3,800,1.25,17,HungarianMatcher+BellmanFordStrategy,380,mixed,defect_at_iteration,419
W3,800,1.25,17,HungarianMatcher+BellmanFordStrategy,381,mixed,defect_at_iteration,418
W3,800,1.25,17,HungarianMatcher+BellmanFordStrategy,382,mixed,defect_at_iteration,417
W3,800,1.25,17,HungarianMatcher+BellmanFordStrategy,383,mixed,defect_at_iteration,416
W3,800,1.25,17,HungarianMatcher+BellmanFordStrategy,384,mixed,defect_at_iteration,415
W3,800,1.25,17,HungarianMatcher+BellmanFordStrategy,385,mixed,defect_at_iteration,414
W3,800,1.25,17,HungarianMatcher+BellmanFordStrategy,386,mixed,defect_at_iteration,413
W3,800,1.25,17,HungarianMatcher+BellmanFordStrategy,387,mixed,defect_at_iteration,412
W3,800,1.25,17,HungarianMatcher+BellmanFordStrategy,388,mixed,defect_at_iteration,411
W3,800,1.25,17,HungarianMatcher+BellmanFordStrategy,389,mixed,defect_at_iteration,410
W3,800,1.25,17,HungarianMatcher+BellmanFordStrategy,390,mixed,defect_at_iteration,409
W3,800,1.25,17,HungarianMatcher+BellmanFordStrategy,391,mixed,defect_at_iteration,408
W3,800,1.25,17,HungarianMatcher+BellmanFordStrategy,392,mixed,defect_at_iteration,407
W3,800,1.25,17,HungarianMatcher+BellmanFordStrategy,393,mixed,defect_at_iteration,406
W3,800,1.25,17,HungarianMatcher+BellmanFordStrategy,394,mixed,defect_at_iteration,405
W3,800,1.25,17,HungarianMatcher+BellmanFordStrategy,395,mixed,defect_at_iteration,404
W3,800,1.25,17,HungarianMatcher+BellmanFordStrategy,396,mixed,defect_at_iteration,403
W3,800,1.25,17,HungarianMatcher+BellmanFordStrategy,397,mixed,defect_at_iteration,402
W3,800,1.25,17,HungarianMatcher+BellmanFordStrategy,398,mixed,defect_at_iteration,401
W3,800,1.25,17,HungarianMatcher+BellmanFordStrategy,399,mixed,defect_at_iteration,400
W3,800,1.25,17,HungarianMatcher+BellmanFordStrategy,400,mixed,defect_at_iteration,399
W3,800,1.25,17,HungarianMatcher+BellmanFordStrategy,401,mixed,defect_at_iteration,398
W3,800,1.25,17,HungarianMatcher+BellmanFordStrategy,402,mixed,defect_at_iteration,397
W3,800,1.25,17,HungarianMatcher+BellmanFordStrategy,403,mixed,defect_at_iteration,396
W3,800,1.25,17,HungarianMatcher+BellmanFordStrategy,404,mixed,defect_at_iteration,395
W3,800,1.25,17,HungarianMatcher+BellmanFordStrategy,405,mixed,defect_at_iteration,394
W3,800,1.25,17,HungarianMatcher+BellmanFordStrategy,406,mixed,defect_at_iteration,393
W3,800,1.25,17,HungarianMatcher+BellmanFordStrategy,407,mixed,defect_at_iteration,392
W3,800,1.25,17,HungarianMatcher+BellmanFordStrategy,408,mixed,defect_at_iteration,391
W3,800,1.25,17,HungarianMatcher+BellmanFordStrategy,409,mixed,defect_at_iteration,390
W3,800,1.25,17,HungarianMatcher+BellmanFordStrategy,410,mixed,defect_at_iteration,389
W3,800,1.25,17,HungarianMatcher+BellmanFordStrategy,411,mixed,defect_at_iteration,388
W3,800,1.25,17,HungarianMatcher+BellmanFordStrategy,412,mixed,defect_at_iteration,387
W3,800,1.25,17,HungarianMatcher+BellmanFordStrategy,413,mixed,defect_at_iteration,386
W3,800,1.25,17,HungarianMatcher+BellmanFordStrategy,414,mixed,defect_at_iteration,385
W3,800,1.25,17,HungarianMatcher+BellmanFordStrategy,415,mixed,defect_at_iteration,384
W3,800,1.25,17,HungarianMatcher+BellmanFordStrategy,416,mixed,defect_at_iteration,383
W3,800,1.25,17,HungarianMatcher+BellmanFordStrategy,417,mixed,defect_at_iteration,382
W3,800,1.25,17,HungarianMatcher+BellmanFordStrategy,418,mixed,defect_at_iteration,381
W3,800,1.25,17,HungarianMatcher+BellmanFordStrategy,419,mixed,defect_at_iteration,380
W3,800,1.25,17,HungarianMatcher+BellmanFordStrategy,420,mixed,defect_at_iteration,379
W3,800,1.25,17,HungarianMatcher+BellmanFordStrategy,421,mixed,defect_at_iteration,378
W3,800,1.25,17,HungarianMatcher+BellmanFordStrategy,422,mixed,defect_at_iteration,377
W3,800,1.25,17,HungarianMatcher+BellmanFordStrategy,423,mixed,defect_at_iteration,376
W3,800,1.25,17,HungarianMatcher+BellmanFordStrategy,424,mixed,defect_at_iteration,375
W3,800,1.25,17,HungarianMatcher+BellmanFordStrategy,425,mixed,defect_at_iteration,374
W3,800,1.25,17,HungarianMatcher+BellmanFordStrategy,426,mixed,defect_at_iteration,373
W3,800,1.25,17,HungarianMatcher+BellmanFordStrategy,427,mixed,defect_at_iteration,372
W3,800,1.25,17,HungarianMatcher+BellmanFordStrategy,428,mixed,defect_at_iteration,371
W3,800,1.25,17,HungarianMatcher+BellmanFordStrategy,429,mixed,defect_at_iteration,370
W3,800,1.25,17,HungarianMatcher+BellmanFordStrategy,430,mixed,defect_at_iteration,369
W3,800,1.25,17,HungarianMatcher+BellmanFordStrategy,431,mixed,defect_at_iteration,368
W3,800,1.25,17,HungarianMatcher+BellmanFordStrategy,432,mixed,defect_at_iteration,367
W3,800,1.25,17,HungarianMatcher+BellmanFordStrategy,433,mixed,defect_at_iteration,366
W3,800,1.25,17,HungarianMatcher+BellmanFordStrategy,434,mixed,defect_at_iteration,365
W3,800,1.25,17,HungarianMatcher+BellmanFordStrategy,435,mixed,defect_at_iteration,364
W3,800,1.25,17,HungarianMatcher+BellmanFordStrategy,436,mixed,defect_at_iteration,363
W3,800,1.25,17,HungarianMatcher+BellmanFordStrategy,437,mixed,defect_at_iteration,362
W3,800,1.25,17,HungarianMatcher+BellmanFordStrategy,438,mixed,defect_at_iteration,361
W3,800,1.25,17,HungarianMatcher+BellmanFordStrategy,439,mixed,defect_at_iteration,360
W3,800,1.25,17,HungarianMatcher+BellmanFordStrategy,440,mixed,defect_at_iteration,359
W3,800,1.25,17,HungarianMatcher+BellmanFordStrategy,441,mixed,defect_at_iteration,358
W3,800,1.25,17,HungarianMatcher+BellmanFordStrategy,442,mixed,defect_at_iteration,357
W3,800,1.25,17,HungarianMatcher+BellmanFordStrategy,443,mixed,defect_at_iteration,356
W3,800,1.25,17,HungarianMatcher+BellmanFordStrategy,444,mixed,defect_at_iteration,355
W3,800,1.25,17,HungarianMatcher+BellmanFordStrategy,445,mixed,defect_at_iteration,354
W3,800,1.25,17,HungarianMatcher+BellmanFordStrategy,446,mixed,defect_at_iteration,353
W3,800,1.25,17,HungarianMatcher+BellmanFordStrategy,447,mixed,defect_at_iteration,352
W3,800,1.25,17,HungarianMatcher+BellmanFordStrategy,448,mixed,defect_at_iteration,351
W3,800,1.25,17,HungarianMatcher+BellmanFordStrategy,449,mixed,defect_at_iteration,350
W3,800,1.25,17,HungarianMatcher+BellmanFordStrategy,450,mixed,defect_at_iteration,349
W3,800,1.25,17,HungarianMatcher+BellmanFordStrategy,451,mixed,defect_at_iteration,348
W3,800,1.25,17,HungarianMatcher+BellmanFordStrategy,452,mixed,defect_at_iteration,347
W3,800,1.25,17,HungarianMatcher+BellmanFordStrategy,453,mixed,defect_at_iteration,346
W3,800,1.25,17,HungarianMatcher+BellmanFordStrategy,454,mixed,defect_at_iteration,345
W3,800,1.25,17,HungarianMatcher+BellmanFordStrategy,455,mixed,defect_at_iteration,344
W3,800,1.25,17,HungarianMatcher+BellmanFordStrategy,456,mixed,defect_at_iteration,343
W3,800,1.25,17,HungarianMatcher+BellmanFordStrategy,457,mixed,defect_at_iteration,342
W3,800,1.25,17,HungarianMatcher+BellmanFordStrategy,458,mixed,defect_at_iteration,341
W3,800,1.25,17,HungarianMatcher+BellmanFordStrategy,459,mixed,defect_at_iteration,340
W3,800,1.25,17,HungarianMatcher+BellmanFordStrategy,460,mixed,defect_at_iteration,339
W3,800,1.25,17,HungarianMatcher+BellmanFordStrategy,461,mixed,defect_at_iteration,338
W3,800,1.25,17,HungarianMatcher+BellmanFordStrategy,462,mixed,defect_at_iteration,337
W3,800,1.25,17,HungarianMatcher+BellmanFordStrategy,463,mixed,defect_at_iteration,336
W3,800,1.25,17,HungarianMatcher+BellmanFordStrategy,464,mixed,defect_at_iteration,335
W3,800,1.25,17,HungarianMatcher+BellmanFordStrategy,465,mixed,defect_at_iteration,334
W3,800,1.25,17,HungarianMatcher+BellmanFordStrategy,466,mixed,defect_at_iteration,333
W3,800,1.25,17,HungarianMatcher+BellmanFordStrategy,467,mixed,defect_at_iteration,332
W3,800,1.25,17,HungarianMatcher+BellmanFordStrategy,468,mixed,defect_at_iteration,331
W3,800,1.25,17,HungarianMatcher+BellmanFordStrategy,469,mixed,defect_at_iteration,330
W3,800,1.25,17,HungarianMatcher+BellmanFordStrategy,470,mixed,defect_at_iteration,329
W3,800,1.25,17,HungarianMatcher+BellmanFordStrategy,471,mixed,defect_at_iteration,328
W3,800,1.25,17,HungarianMatcher+BellmanFordStrategy,472,mixed,defect_at_iteration,327
W3,800,1.25,17,HungarianMatcher+BellmanFordStrategy,473,mixed,defect_at_iteration,326
W3,800,1.25,17,HungarianMatcher+BellmanFordStrategy,474,mixed,defect_at_iteration,325
W3,800,1.25,17,HungarianMatcher+BellmanFordStrategy,475,mixed,defect_at_iteration,324
W3,800,1.25,17,HungarianMatcher+BellmanFordStrategy,476,mixed,defect_at_iteration,323
W3,800,1.25,17,HungarianMatcher+BellmanFordStrategy,477,mixed,defect_at_iteration,322
W3,800,1.25,17,HungarianMatcher+BellmanFordStrategy,478,mixed,defect_at_iteration,321
W3,800,1.25,17,HungarianMatcher+BellmanFordStrategy,479,mixed,defect_at_iteration,320
W3,800,1.25,17,HungarianMatcher+BellmanFordStrategy,480,mixed,defect_at_iteration,319
W3,800,1.25,17,HungarianMatcher+BellmanFordStrategy,481,mixed,defect_at_iteration,318
W3,800,1.25,17,HungarianMatcher+BellmanFordStrategy,482,mixed,defect_at_iteration,317
W3,800,1.25,17,HungarianMatcher+BellmanFordStrategy,483,mixed,defect_at_iteration,316
W3,800,1.25,17,HungarianMatcher+BellmanFordStrategy,484,mixed,defect_at_iteration,315
W3,800,1.25,17,HungarianMatcher+BellmanFordStrategy,485,mixed,defect_at_iteration,314
W3,800,1.25,17,HungarianMatcher+BellmanFordStrategy,486,mixed,defect_at_iteration,313
W3,800,1.25,17,HungarianMatcher+BellmanFordStrategy,487,mixed,defect_at_iteration,312
W3,800,1.25,17,HungarianMatcher+BellmanFordStrategy,488,mixed,defect_at_iteration,311
W3,800,1.25,17,HungarianMatcher+BellmanFordStrategy,489,mixed,defect_at_iteration,310
W3,800,1.25,17,HungarianMatcher+BellmanFordStrategy,490,mixed,defect_at_iteration,309
W3,800,1.25,17,HungarianMatcher+BellmanFordStrategy,491,mixed,defect_at_iteration,308
W3,800,1.25,17,HungarianMatcher+BellmanFordStrategy,492,mixed,defect_at_iteration,307
W3,800,1.25,17,HungarianMatcher+BellmanFordStrategy,493,mixed,defect_at_iteration,306
W3,800,1.25,17,HungarianMatcher+BellmanFordStrategy,494,mixed,defect_at_iteration,305
W3,800,1.25,17,HungarianMatcher+BellmanFordStrategy,495,mixed,defect_at_iteration,304
W3,800,1.25,17,HungarianMatcher+BellmanFordStrategy,496,mixed,defect_at_iteration,303
W3,800,1.25,17,HungarianMatcher+BellmanFordStrategy,497,mixed,defect_at_iteration,302
W3,800,1.25,17,HungarianMatcher+BellmanFordStrategy,498,mixed,defect_at_iteration,301
W3,800,1.25,17,HungarianMatcher+BellmanFordStrategy,499,mixed,defect_at_iteration,300
W3,800,1.25,17,HungarianMatcher+BellmanFordStrategy,500,mixed,defect_at_iteration,299
W3,800,1.25,17,HungarianMatcher+BellmanFordStrategy,501,mixed,defect_at_iteration,298
W3,800,1.25,17,HungarianMatcher+BellmanFordStrategy,502,mixed,defect_at_iteration,297
W3,800,1.25,17,HungarianMatcher+BellmanFordStrategy,503,mixed,defect_at_iteration,296
W3,800,1.25,17,HungarianMatcher+BellmanFordStrategy,504,mixed,defect_at_iteration,295
W3,800,1.25,17,HungarianMatcher+BellmanFordStrategy,505,mixed,defect_at_iteration,294
W3,800,1.25,17,HungarianMatcher+BellmanFordStrategy,506,mixed,defect_at_iteration,293
W3,800,1.25,17,HungarianMatcher+BellmanFordStrategy,507,mixed,defect_at_iteration,292
W3,800,1.25,17,HungarianMatcher+BellmanFordStrategy,508,mixed,defect_at_iteration,291
W3,800,1.25,17,HungarianMatcher+BellmanFordStrategy,509,mixed,defect_at_iteration,290
W3,800,1.25,17,HungarianMatcher+BellmanFordStrategy,510,mixed,defect_at_iteration,289
W3,800,1.25,17,HungarianMatcher+BellmanFordStrategy,511,mixed,defect_at_iteration,288
W3,800,1.25,17,HungarianMatcher+BellmanFordStrategy,512,mixed,defect_at_iteration,287
W3,800,1.25,17,HungarianMatcher+BellmanFordStrategy,513,mixed,defect_at_iteration,286
W3,800,1.25,17,HungarianMatcher+BellmanFordStrategy,514,mixed,defect_at_iteration,285
W3,800,1.25,17,HungarianMatcher+BellmanFordStrategy,515,mixed,defect_at_iteration,284
W3,800,1.25,17,HungarianMatcher+BellmanFordStrategy,516,mixed,defect_at_iteration,283
W3,800,1.25,17,HungarianMatcher+BellmanFordStrategy,517,mixed,defect_at_iteration,282
W3,800,1.25,17,HungarianMatcher+BellmanFordStrategy,518,mixed,defect_at_iteration,281
W3,800,1.25,17,HungarianMatcher+BellmanFordStrategy,519,mixed,defect_at_iteration,280
W3,800,1.25,17,HungarianMatcher+BellmanFordStrategy,520,mixed,defect_at_iteration,279
W3,800,1.25,17,HungarianMatcher+BellmanFordStrategy,521,mixed,defect_at_iteration,278
W3,800,1.25,17,HungarianMatcher+BellmanFordStrategy,522,mixed,defect_at_iteration,277
W3,800,1.25,17,HungarianMatcher+BellmanFordStrategy,523,mixed,defect_at_iteration,276
W3,800,1.25,17,HungarianMatcher+BellmanFordStrategy,524,mixed,defect_at_iteration,275
W3,800,1.25,17,HungarianMatcher+BellmanFordStrategy,525,mixed,defect_at_iteration,274
W3,800,1.25,17,HungarianMatcher+BellmanFordStrategy,526,mixed,defect_at_iteration,273
W3,800,1.25,17,HungarianMatcher+BellmanFordStrategy,527,mixed,defect_at_iteration,272
W3,800,1.25,17,HungarianMatcher+BellmanFordStrategy,528,mixed,defect_at_iteration,271
W3,800,1.25,17,HungarianMatcher+BellmanFordStrategy,529,mixed,defect_at_iteration,270
W3,800,1.25,17,HungarianMatcher+BellmanFordStrategy,530,mixed,defect_at_iteration,269
W3,800,1.25,17,HungarianMatcher+BellmanFordStrategy,531,mixed,defect_at_iteration,268
W3,800,1.25,17,HungarianMatcher+BellmanFordStrategy,532,mixed,defect_at_iteration,267
W3,800,1.25,17,HungarianMatcher+BellmanFordStrategy,533,mixed,defect_at_iteration,266
W3,800,1.25,17,HungarianMatcher+BellmanFordStrategy,534,mixed,defect_at_iteration,265
W3,800,1.25,17,HungarianMatcher+BellmanFordStrategy,535,mixed,defect_at_iteration,264
W3,800,1.25,17,HungarianMatcher+BellmanFordStrategy,536,mixed,defect_at_iteration,263
W3,800,1.25,17,HungarianMatcher+BellmanFordStrategy,537,mixed,defect_at_iteration,262
W3,800,1.25,17,HungarianMatcher+BellmanFordStrategy,538,mixed,defect_at_iteration,261
W3,800,1.25,17,HungarianMatcher+BellmanFordStrategy,539,mixed,defect_at_iteration,260
W3,800,1.25,17,HungarianMatcher+BellmanFordStrategy,540,mixed,defect_at_iteration,259
W3,800,1.25,17,HungarianMatcher+BellmanFordStrategy,541,mixed,defect_at_iteration,258
W3,800,1.25,17,HungarianMatcher+BellmanFordStrategy,542,mixed,defect_at_iteration,257
W3,800,1.25,17,HungarianMatcher+BellmanFordStrategy,543,mixed,defect_at_iteration,256
W3,800,1.25,17,HungarianMatcher+BellmanFordStrategy,544,mixed,defect_at_iteration,255
W3,800,1.25,17,HungarianMatcher+BellmanFordStrategy,545,mixed,defect_at_iteration,254
W3,800,1.25,17,HungarianMatcher+BellmanFordStrategy,546,mixed,defect_at_iteration,253
W3,800,1.25,17,HungarianMatcher+BellmanFordStrategy,547,mixed,defect_at_iteration,252
W3,800,1.25,17,HungarianMatcher+BellmanFordStrategy,548,mixed,defect_at_iteration,251
W3,800,1.25,17,HungarianMatcher+BellmanFordStrategy,549,mixed,defect_at_iteration,250
W3,800,1.25,17,HungarianMatcher+BellmanFordStrategy,550,mixed,defect_at_iteration,249
W3,800,1.25,17,HungarianMatcher+BellmanFordStrategy,551,mixed,defect_at_iteration,248
W3,800,1.25,17,HungarianMatcher+BellmanFordStrategy,552,mixed,defect_at_iteration,247
W3,800,1.25,17,HungarianMatcher+BellmanFordStrategy,553,mixed,defect_at_iteration,246
W3,800,1.25,17,HungarianMatcher+BellmanFordStrategy,554,mixed,defect_at_iteration,245
W3,800,1.25,17,HungarianMatcher+BellmanFordStrategy,555,mixed,defect_at_iteration,244
W3,800,1.25,17,HungarianMatcher+BellmanFordStrategy,556,mixed,defect_at_iteration,243
W3,800,1.25,17,HungarianMatcher+BellmanFordStrategy,557,mixed,defect_at_iteration,242
W3,800,1.25,17,HungarianMatcher+BellmanFordStrategy,558,mixed,defect_at_iteration,241
W3,800,1.25,17,HungarianMatcher+BellmanFordStrategy,559,mixed,defect_at_iteration,240
W3,800,1.25,17,HungarianMatcher+BellmanFordStrategy,560,mixed,defect_at_iteration,239
W3,800,1.25,17,HungarianMatcher+BellmanFordStrategy,561,mixed,defect_at_iteration,238
W3,800,1.25,17,HungarianMatcher+BellmanFordStrategy,562,mixed,defect_at_iteration,237
W3,800,1.25,17,HungarianMatcher+BellmanFordStrategy,563,mixed,defect_at_iteration,236
W3,800,1.25,17,HungarianMatcher+BellmanFordStrategy,564,mixed,defect_at_iteration,235
W3,800,1.25,17,HungarianMatcher+BellmanFordStrategy,565,mixed,defect_at_iteration,234
W3,800,1.25,17,HungarianMatcher+BellmanFordStrategy,566,mixed,defect_at_iteration,233
W3,800,1.25,17,HungarianMatcher+BellmanFordStrategy,567,mixed,defect_at_iteration,232
W3,800,1.25,17,HungarianMatcher+BellmanFordStrategy,568,mixed,defect_at_iteration,231
W3,800,1.25,17,HungarianMatcher+BellmanFordStrategy,569,mixed,defect_at_iteration,230
W3,800,1.25,17,HungarianMatcher+BellmanFordStrategy,570,mixed,defect_at_iteration,229
W3,800,1.25,17,HungarianMatcher+BellmanFordStrategy,571,mixed,defect_at_iteration,228
W3,800,1.25,17,HungarianMatcher+BellmanFordStrategy,572,mixed,defect_at_iteration,227
W3,800,1.25,17,HungarianMatcher+BellmanFordStrategy,573,mixed,defect_at_iteration,226
W3,800,1.25,17,HungarianMatcher+BellmanFordStrategy,574,mixed,defect_at_iteration,225
W3,800,1.25,17,HungarianMatcher+BellmanFordStrategy,575,mixed,defect_at_iteration,224
W3,800,1.25,17,HungarianMatcher+BellmanFordStrategy,576,mixed,defect_at_iteration,223
W3,800,1.25,17,HungarianMatcher+BellmanFordStrategy,577,mixed,defect_at_iteration,222
W3,800,1.25,17,HungarianMatcher+BellmanFordStrategy,578,mixed,defect_at_iteration,221
W3,800,1.25,17,HungarianMatcher+BellmanFordStrategy,579,mixed,defect_at_iteration,220
W3,800,1.25,17,HungarianMatcher+BellmanFordStrategy,580,mixed,defect_at_iteration,219
W3,800,1.25,17,HungarianMatcher+BellmanFordStrategy,581,mixed,defect_at_iteration,218
W3,800,1.25,17,HungarianMatcher+BellmanFordStrategy,582,mixed,defect_at_iteration,217
W3,800,1.25,17,HungarianMatcher+BellmanFordStrategy,583,mixed,defect_at_iteration,216
W3,800,1.25,17,HungarianMatcher+BellmanFordStrategy,584,mixed,defect_at_iteration,215
W3,800,1.25,17,HungarianMatcher+BellmanFordStrategy,585,mixed,defect_at_iteration,214
W3,800,1.25,17,HungarianMatcher+BellmanFordStrategy,586,mixed,defect_at_iteration,213
W3,800,1.25,17,HungarianMatcher+BellmanFordStrategy,587,mixed,defect_at_iteration,212
W3,800,1.25,17,HungarianMatcher+BellmanFordStrategy,588,mixed,defect_at_iteration,211
W3,800,1.25,17,HungarianMatcher+BellmanFordStrategy,589,mixed,defect_at_iteration,210
W3,800,1.25,17,HungarianMatcher+BellmanFordStrategy,590,mixed,defect_at_iteration,209
W3,800,1.25,17,HungarianMatcher+BellmanFordStrategy,591,mixed,defect_at_iteration,208
W3,800,1.25,17,HungarianMatcher+BellmanFordStrategy,592,mixed,defect_at_iteration,207
W3,800,1.25,17,HungarianMatcher+BellmanFordStrategy,593,mixed,defect_at_iteration,206
W3,800,1.25,17,HungarianMatcher+BellmanFordStrategy,594,mixed,defect_at_iteration,205
W3,800,1.25,17,HungarianMatcher+BellmanFordStrategy,595,mixed,defect_at_iteration,204
W3,800,1.25,17,HungarianMatcher+BellmanFordStrategy,596,mixed,defect_at_iteration,203
W3,800,1.25,17,HungarianMatcher+BellmanFordStrategy,597,mixed,defect_at_iteration,202
W3,800,1.25,17,HungarianMatcher+BellmanFordStrategy,598,mixed,defect_at_iteration,201
W3,800,1.25,17,HungarianMatcher+BellmanFordStrategy,599,mixed,defect_at_iteration,200
W3,800,1.25,17,HungarianMatcher+BellmanFordStrategy,600,mixed,defect_at_iteration,199
W3,800,1.25,17,HungarianMatcher+BellmanFordStrategy,601,mixed,defect_at_iteration,198
W3,800,1.25,17,HungarianMatcher+BellmanFordStrategy,602,mixed,defect_at_iteration,197
W3,800,1.25,17,HungarianMatcher+BellmanFordStrategy,603,mixed,defect_at_iteration,196
W3,800,1.25,17,HungarianMatcher+BellmanFordStrategy,604,mixed,defect_at_iteration,195
W3,800,1.25,17,HungarianMatcher+BellmanFordStrategy,605,mixed,defect_at_iteration,194
W3,800,1.25,17,HungarianMatcher+BellmanFordStrategy,606,mixed,defect_at_iteration,193
W3,800,1.25,17,HungarianMatcher+BellmanFordStrategy,607,mixed,defect_at_iteration,192
W3,800,1.25,17,HungarianMatcher+BellmanFordStrategy,608,mixed,defect_at_iteration,191
W3,800,1.25,17,HungarianMatcher+BellmanFordStrategy,609,mixed,defect_at_iteration,190
W3,800,1.25,17,HungarianMatcher+BellmanFordStrategy,610,mixed,defect_at_iteration,189
W3,800,1.25,17,HungarianMatcher+BellmanFordStrategy,611,mixed,defect_at_iteration,188
W3,800,1.25,17,HungarianMatcher+BellmanFordStrategy,612,mixed,defect_at_iteration,187
W3,800,1.25,17,HungarianMatcher+BellmanFordStrategy,613,mixed,defect_at_iteration,186
W3,800,1.25,17,HungarianMatcher+BellmanFordStrategy,614,mixed,defect_at_iteration,185
W3,800,1.25,17,HungarianMatcher+BellmanFordStrategy,615,mixed,defect_at_iteration,184
W3,800,1.25,17,HungarianMatcher+BellmanFordStrategy,616,mixed,defect_at_iteration,183
W3,800,1.25,17,HungarianMatcher+BellmanFordStrategy,617,mixed,defect_at_iteration,182
W3,800,1.25,17,HungarianMatcher+BellmanFordStrategy,618,mixed,defect_at_iteration,181
W3,800,1.25,17,HungarianMatcher+BellmanFordStrategy,619,mixed,defect_at_iteration,180
W3,800,1.25,17,HungarianMatcher+BellmanFordStrategy,620,mixed,defect_at_iteration,179
W3,800,1.25,17,HungarianMatcher+BellmanFordStrategy,621,mixed,defect_at_iteration,178
W3,800,1.25,17,HungarianMatcher+BellmanFordStrategy,622,mixed,defect_at_iteration,177
W3,800,1.25,17,HungarianMatcher+BellmanFordStrategy,623,mixed,defect_at_iteration,176
W3,800,1.25,17,HungarianMatcher+BellmanFordStrategy,624,mixed,defect_at_iteration,175
W3,800,1.25,17,HungarianMatcher+BellmanFordStrategy,625,mixed,defect_at_iteration,174
W3,800,1.25,17,HungarianMatcher+BellmanFordStrategy,626,mixed,defect_at_iteration,173
W3,800,1.25,17,HungarianMatcher+BellmanFordStrategy,627,mixed,defect_at_iteration,172
W3,800,1.25,17,HungarianMatcher+BellmanFordStrategy,628,mixed,defect_at_iteration,171
W3,800,1.25,17,HungarianMatcher+BellmanFordStrategy,629,mixed,defect_at_iteration,170
W3,800,1.25,17,HungarianMatcher+BellmanFordStrategy,630,mixed,defect_at_iteration,169
W3,800,1.25,17,HungarianMatcher+BellmanFordStrategy,631,mixed,defect_at_iteration,168
W3,800,1.25,17,HungarianMatcher+BellmanFordStrategy,632,mixed,defect_at_iteration,167
W3,800,1.25,17,HungarianMatcher+BellmanFordStrategy,633,mixed,defect_at_iteration,166
W3,800,1.25,17,HungarianMatcher+BellmanFordStrategy,634,mixed,defect_at_iteration,165
W3,800,1.25,17,HungarianMatcher+BellmanFordStrategy,635,mixed,defect_at_iteration,164
W3,800,1.25,17,HungarianMatcher+BellmanFordStrategy,636,mixed,defect_at_iteration,163
W3,800,1.25,17,HungarianMatcher+BellmanFordStrategy,637,mixed,defect_at_iteration,162
W3,800,1.25,17,HungarianMatcher+BellmanFordStrategy,638,mixed,defect_at_iteration,161
W3,800,1.25,17,HungarianMatcher+BellmanFordStrategy,639,mixed,defect_at_iteration,160
W3,800,1.25,17,HungarianMatcher+BellmanFordStrategy,640,mixed,defect_at_iteration,159
W3,800,1.25,17,HungarianMatcher+BellmanFordStrategy,641,mixed,defect_at_iteration,158
W3,800,1.25,17,HungarianMatcher+BellmanFordStrategy,642,mixed,defect_at_iteration,157
W3,800,1.25,17,HungarianMatcher+BellmanFordStrategy,643,mixed,defect_at_iteration,156
W3,800,1.25,17,HungarianMatcher+BellmanFordStrategy,644,mixed,defect_at_iteration,155
W3,800,1.25,17,HungarianMatcher+BellmanFordStrategy,645,mixed,defect_at_iteration,154
W3,800,1.25,17,HungarianMatcher+BellmanFordStrategy,646,mixed,defect_at_iteration,153
W3,800,1.25,17,HungarianMatcher+BellmanFordStrategy,647,mixed,defect_at_iteration,152
W3,800,1.25,17,HungarianMatcher+BellmanFordStrategy,648,mixed,defect_at_iteration,151
W3,800,1.25,17,HungarianMatcher+BellmanFordStrategy,649,mixed,defect_at_iteration,150
W3,800,1.25,17,HungarianMatcher+BellmanFordStrategy,650,mixed,defect_at_iteration,149
W3,800,1.25,17,HungarianMatcher+BellmanFordStrategy,651,mixed,defect_at_iteration,148
W3,800,1.25,17,HungarianMatcher+BellmanFordStrategy,652,mixed,defect_at_iteration,147
W3,800,1.25,17,HungarianMatcher+BellmanFordStrategy,653,mixed,defect_at_iteration,146
W3,800,1.25,17,HungarianMatcher+BellmanFordStrategy,654,mixed,defect_at_iteration,145
W3,800,1.25,17,HungarianMatcher+BellmanFordStrategy,655,mixed,defect_at_iteration,144
W3,800,1.25,17,HungarianMatcher+BellmanFordStrategy,656,mixed,defect_at_iteration,143
W3,800,1.25,17,HungarianMatcher+BellmanFordStrategy,657,mixed,defect_at_iteration,142
W3,800,1.25,17,HungarianMatcher+BellmanFordStrategy,658,mixed,defect_at_iteration,141
W3,800,1.25,17,HungarianMatcher+BellmanFordStrategy,659,mixed,defect_at_iteration,140
W3,800,1.25,17,HungarianMatcher+BellmanFordStrategy,660,mixed,defect_at_iteration,139
W3,800,1.25,17,HungarianMatcher+BellmanFordStrategy,661,mixed,defect_at_iteration,138
W3,800,1.25,17,HungarianMatcher+BellmanFordStrategy,662,mixed,defect_at_iteration,137
W3,800,1.25,17,HungarianMatcher+BellmanFordStrategy,663,mixed,defect_at_iteration,136
W3,800,1.25,17,HungarianMatcher+BellmanFordStrategy,664,mixed,defect_at_iteration,135
W3,800,1.25,17,HungarianMatcher+BellmanFordStrategy,665,mixed,defect_at_iteration,134
W3,800,1.25,17,HungarianMatcher+BellmanFordStrategy,666,mixed,defect_at_iteration,133
W3,800,1.25,17,HungarianMatcher+BellmanFordStrategy,667,mixed,defect_at_iteration,132
W3,800,1.25,17,HungarianMatcher+BellmanFordStrategy,668,mixed,defect_at_iteration,131
W3,800,1.25,17,HungarianMatcher+BellmanFordStrategy,669,mixed,defect_at_iteration,130
W3,800,1.25,17,HungarianMatcher+BellmanFordStrategy,670,mixed,defect_at_iteration,129
W3,800,1.25,17,HungarianMatcher+BellmanFordStrategy,671,mixed,defect_at_iteration,128
W3,800,1.25,17,HungarianMatcher+BellmanFordStrategy,672,mixed,defect_at_iteration,127
W3,800,1.25,17,HungarianMatcher+BellmanFordStrategy,673,mixed,defect_at_iteration,126
W3,800,1.25,17,HungarianMatcher+BellmanFordStrategy,674,mixed,defect_at_iteration,125
W3,800,1.25,17,HungarianMatcher+BellmanFordStrategy,675,mixed,defect_at_iteration,124
W3,800,1.25,17,HungarianMatcher+BellmanFordStrategy,676,mixed,defect_at_iteration,123
W3,800,1.25,17,HungarianMatcher+BellmanFordStrategy,677,mixed,defect_at_iteration,122
W3,800,1.25,17,HungarianMatcher+BellmanFordStrategy,678,mixed,defect_at_iteration,121
W3,800,1.25,17,HungarianMatcher+BellmanFordStrategy,679,mixed,defect_at_iteration,120
W3,800,1.25,17,HungarianMatcher+BellmanFordStrategy,680,mixed,defect_at_iteration,119
W3,800,1.25,17,HungarianMatcher+BellmanFordStrategy,681,mixed,defect_at_iteration,118
W3,800,1.25,17,HungarianMatcher+BellmanFordStrategy,682,mixed,defect_at_iteration,117
W3,800,1.25,17,HungarianMatcher+BellmanFordStrategy,683,mixed,defect_at_iteration,116
W3,800,1.25,17,HungarianMatcher+BellmanFordStrategy,684,mixed,defect_at_iteration,115
W3,800,1.25,17,HungarianMatcher+BellmanFordStrategy,685,mixed,defect_at_iteration,114
W3,800,1.25,17,HungarianMatcher+BellmanFordStrategy,686,mixed,defect_at_iteration,113
W3,800,1.25,17,HungarianMatcher+BellmanFordStrategy,687,mixed,defect_at_iteration,112
W3,800,1.25,17,HungarianMatcher+BellmanFordStrategy,688,mixed,defect_at_iteration,111
W3,800,1.25,17,HungarianMatcher+BellmanFordStrategy,689,mixed,defect_at_iteration,110
W3,800,1.25,17,HungarianMatcher+BellmanFordStrategy,690,mixed,defect_at_iteration,109
W3,800,1.25,17,HungarianMatcher+BellmanFordStrategy,691,mixed,defect_at_iteration,108
W3,800,1.25,17,HungarianMatcher+BellmanFordStrategy,692,mixed,defect_at_iteration,107
W3,800,1.25,17,HungarianMatcher+BellmanFordStrategy,693,mixed,defect_at_iteration,106
W3,800,1.25,17,HungarianMatcher+BellmanFordStrategy,694,mixed,defect_at_iteration,105
W3,800,1.25,17,HungarianMatcher+BellmanFordStrategy,695,mixed,defect_at_iteration,104
W3,800,1.25,17,HungarianMatcher+BellmanFordStrategy,696,mixed,defect_at_iteration,103
W3,800,1.25,17,HungarianMatcher+BellmanFordStrategy,697,mixed,defect_at_iteration,102
W3,800,1.25,17,HungarianMatcher+BellmanFordStrategy,698,mixed,defect_at_iteration,101
W3,800,1.25,17,HungarianMatcher+BellmanFordStrategy,699,mixed,defect_at_iteration,100
W3,800,1.25,17,HungarianMatcher+BellmanFordStrategy,700,mixed,defect_at_iteration,99
W3,800,1.25,17,HungarianMatcher+BellmanFordStrategy,701,mixed,defect_at_iteration,98
W3,800,1.25,17,HungarianMatcher+BellmanFordStrategy,702,mixed,defect_at_iteration,97
W3,800,1.25,17,HungarianMatcher+BellmanFordStrategy,703,mixed,defect_at_iteration,96
W3,800,1.25,17,HungarianMatcher+BellmanFordStrategy,704,mixed,defect_at_iteration,95
W3,800,1.25,17,HungarianMatcher+BellmanFordStrategy,705,mixed,defect_at_iteration,94
W3,800,1.25,17,HungarianMatcher+BellmanFordStrategy,706,mixed,defect_at_iteration,93
W3,800,1.25,17,HungarianMatcher+BellmanFordStrategy,707,mixed,defect_at_iteration,92
W3,800,1.25,17,HungarianMatcher+BellmanFordStrategy,708,mixed,defect_at_iteration,91
W3,800,1.25,17,HungarianMatcher+BellmanFordStrategy,709,mixed,defect_at_iteration,90
W3,800,1.25,17,HungarianMatcher+BellmanFordStrategy,710,mixed,defect_at_iteration,89
W3,800,1.25,17,HungarianMatcher+BellmanFordStrategy,711,mixed,defect_at_iteration,88
W3,800,1.25,17,HungarianMatcher+BellmanFordStrategy,712,mixed,defect_at_iteration,87
W3,800,1.25,17,HungarianMatcher+BellmanFordStrategy,713,mixed,defect_at_iteration,86
W3,800,1.25,17,HungarianMatcher+BellmanFordStrategy,714,mixed,defect_at_iteration,85
W3,800,1.25,17,HungarianMatcher+BellmanFordStrategy,715,mixed,defect_at_iteration,84
W3,800,1.25,17,HungarianMatcher+BellmanFordStrategy,716,mixed,defect_at_iteration,83
W3,800,1.25,17,HungarianMatcher+BellmanFordStrategy,717,mixed,defect_at_iteration,82
W3,800,1.25,17,HungarianMatcher+BellmanFordStrategy,718,mixed,defect_at_iteration,81
W3,800,1.25,17,HungarianMatcher+BellmanFordStrategy,719,mixed,defect_at_iteration,80
W3,800,1.25,17,HungarianMatcher+BellmanFordStrategy,720,mixed,defect_at_iteration,79
W3,800,1.25,17,HungarianMatcher+BellmanFordStrategy,721,mixed,defect_at_iteration,78
W3,800,1.25,17,HungarianMatcher+BellmanFordStrategy,722,mixed,defect_at_iteration,77
W3,800,1.25,17,HungarianMatcher+BellmanFordStrategy,723,mixed,defect_at_iteration,76
W3,800,1.25,17,HungarianMatcher+BellmanFordStrategy,724,mixed,defect_at_iteration,75
W3,800,1.25,17,HungarianMatcher+BellmanFordStrategy,725,mixed,defect_at_iteration,74
W3,800,1.25,17,HungarianMatcher+BellmanFordStrategy,726,mixed,defect_at_iteration,73
W3,800,1.25,17,HungarianMatcher+BellmanFordStrategy,727,mixed,defect_at_iteration,72
W3,800,1.25,17,HungarianMatcher+BellmanFordStrategy,728,mixed,defect_at_iteration,71
W3,800,1.25,17,HungarianMatcher+BellmanFordStrategy,729,mixed,defect_at_iteration,70
W3,800,1.25,17,HungarianMatcher+BellmanFordStrategy,730,mixed,defect_at_iteration,69
W3,800,1.25,17,HungarianMatcher+BellmanFordStrategy,731,mixed,defect_at_iteration,68
W3,800,1.25,17,HungarianMatcher+BellmanFordStrategy,732,mixed,defect_at_iteration,67
W3,800,1.25,17,HungarianMatcher+BellmanFordStrategy,733,mixed,defect_at_iteration,66
W3,800,1.25,17,HungarianMatcher+BellmanFordStrategy,734,mixed,defect_at_iteration,65
W3,800,1.25,17,HungarianMatcher+BellmanFordStrategy,735,mixed,defect_at_iteration,64
W3,800,1.25,17,HungarianMatcher+BellmanFordStrategy,736,mixed,defect_at_iteration,63
W3,800,1.25,17,HungarianMatcher+BellmanFordStrategy,737,mixed,defect_at_iteration,62
W3,800,1.25,17,HungarianMatcher+BellmanFordStrategy,738,mixed,defect_at_iteration,61
W3,800,1.25,17,HungarianMatcher+BellmanFordStrategy,739,mixed,defect_at_iteration,60
W3,800,1.25,17,HungarianMatcher+BellmanFordStrategy,740,mixed,defect_at_iteration,59
W3,800,1.25,17,HungarianMatcher+BellmanFordStrategy,741,mixed,defect_at_iteration,58
W3,800,1.25,17,HungarianMatcher+BellmanFordStrategy,742,mixed,defect_at_iteration,57
W3,800,1.25,17,HungarianMatcher+BellmanFordStrategy,743,mixed,defect_at_iteration,56
W3,800,1.25,17,HungarianMatcher+BellmanFordStrategy,744,mixed,defect_at_iteration,55
W3,800,1.25,17,HungarianMatcher+BellmanFordStrategy,745,mixed,defect_at_iteration,54
W3,800,1.25,17,HungarianMatcher+BellmanFordStrategy,746,mixed,defect_at_iteration,53
W3,800,1.25,17,HungarianMatcher+BellmanFordStrategy,747,mixed,defect_at_iteration,52
W3,800,1.25,17,HungarianMatcher+BellmanFordStrategy,748,mixed,defect_at_iteration,51
W3,800,1.25,17,HungarianMatcher+BellmanFordStrategy,749,mixed,defect_at_iteration,50
W3,800,1.25,17,HungarianMatcher+BellmanFordStrategy,750,mixed,defect_at_iteration,49
W3,800,1.25,17,HungarianMatcher+BellmanFordStrategy,751,mixed,defect_at_iteration,48
W3,800,1.25,17,HungarianMatcher+BellmanFordStrategy,752,mixed,defect_at_iteration,47
W3,800,1.25,17,HungarianMatcher+BellmanFordStrategy,753,mixed,defect_at_iteration,46
W3,800,1.25,17,HungarianMatcher+BellmanFordStrategy,754,mixed,defect_at_iteration,45
W3,800,1.25,17,HungarianMatcher+BellmanFordStrategy,755,mixed,defect_at_iteration,44
W3,800,1.25,17,HungarianMatcher+BellmanFordStrategy,756,mixed,defect_at_iteration,43
W3,800,1.25,17,HungarianMatcher+BellmanFordStrategy,757,mixed,defect_at_iteration,42
W3,800,1.25,17,HungarianMatcher+BellmanFordStrategy,758,mixed,defect_at_iteration,41
W3,800,1.25,17,HungarianMatcher+BellmanFordStrategy,759,mixed,defect_at_iteration,40
W3,800,1.25,17,HungarianMatcher+BellmanFordStrategy,760,mixed,defect_at_iteration,39
W3,800,1.25,17,HungarianMatcher+BellmanFordStrategy,761,mixed,defect_at_iteration,38
W3,800,1.25,17,HungarianMatcher+BellmanFordStrategy,762,mixed,defect_at_iteration,37
W3,800,1.25,17,HungarianMatcher+BellmanFordStrategy,763,mixed,defect_at_iteration,36
W3,800,1.25,17,HungarianMatcher+BellmanFordStrategy,764,mixed,defect_at_iteration,35
W3,800,1.25,17,HungarianMatcher+BellmanFordStrategy,765,mixed,defect_at_iteration,34
W3,800,1.25,17,HungarianMatcher+BellmanFordStrategy,766,mixed,defect_at_iteration,33
W3,800,1.25,17,HungarianMatcher+BellmanFordStrategy,767,mixed,defect_at_iteration,32
W3,800,1.25,17,HungarianMatcher+BellmanFordStrategy,768,mixed,defect_at_iteration,31
W3,800,1.25,17,HungarianMatcher+BellmanFordStrategy,769,mixed,defect_at_iteration,30
W3,800,1.25,17,HungarianMatcher+BellmanFordStrategy,770,mixed,defect_at_iteration,29
W3,800,1.25,17,HungarianMatcher+BellmanFordStrategy,771,mixed,defect_at_iteration,28
W3,800,1.25,17,HungarianMatcher+BellmanFordStrategy,772,mixed,defect_at_iteration,27
W3,800,1.25,17,HungarianMatcher+BellmanFordStrategy,773,mixed,defect_at_iteration,26
W3,800,1.25,17,HungarianMatcher+BellmanFordStrategy,774,mixed,defect_at_iteration,25
W3,800,1.25,17,HungarianMatcher+BellmanFordStrategy,775,mixed,defect_at_iteration,24
W3,800,1.25,17,HungarianMatcher+BellmanFordStrategy,776,mixed,defect_at_iteration,23
W3,800,1.25,17,HungarianMatcher+BellmanFordStrategy,777,mixed,defect_at_iteration,22
W3,800,1.25,17,HungarianMatcher+BellmanFordStrategy,778,mixed,defect_at_iteration,21
W3,800,1.25,17,HungarianMatcher+BellmanFordStrategy,779,mixed,defect_at_iteration,20
W3,800,1.25,17,HungarianMatcher+BellmanFordStrategy,780,mixed,defect_at_iteration,19
W3,800,1.25,17,HungarianMatcher+BellmanFordStrategy,781,mixed,defect_at_iteration,18
W3,800,1.25,17,HungarianMatcher+BellmanFordStrategy,782,mixed,defect_at_iteration,17
W3,800,1.25,17,HungarianMatcher+BellmanFordStrategy,783,mixed,defect_at_iteration,16
W3,800,1.25,17,HungarianMatcher+BellmanFordStrategy,784,mixed,defect_at_iteration,15
W3,800,1.25,17,HungarianMatcher+BellmanFordStrategy,785,mixed,defect_at_iteration,14
W3,800,1.25,17,HungarianMatcher+BellmanFordStrategy,786,mixed,defect_at_iteration,13
W3,800,1.25,17,HungarianMatcher+BellmanFordStrategy,787,mixed,defect_at_iteration,12
W3,800,1.25,17,HungarianMatcher+BellmanFordStrategy,788,mixed,defect_at_iteration,11
W3,800,1.25,17,HungarianMatcher+BellmanFordStrategy,789,mixed,defect_at_iteration,10
W3,800,1.25,17,HungarianMatcher+BellmanFordStrategy,790,mixed,defect_at_iteration,9
W3,800,1.25,17,HungarianMatcher+BellmanFordStrategy,791,mixed,defect_at_iteration,8
W3,800,1.25,17,HungarianMatcher+BellmanFordStrategy,792,mixed,defect_at_iteration,7
W3,800,1.25,17,HungarianMatcher+BellmanFordStrategy,793,mixed,defect_at_iteration,6
W3,800,1.25,17,HungarianMatcher+BellmanFordStrategy,794,mixed,defect_at_iteration,5
W3,800,1.25,17,HungarianMatcher+BellmanFordStrategy,-1,mixed,augmentation_count,795
W3,800,1.25,17,HungarianMatcher+BellmanFordStrategy,-1,mixed,matching_value,-4.93433e+08
W3,800,1.25,17,HungarianMatcher+BellmanFordStrategy,-1,mixed,matching_size,795
W3,800,1.25,17,HungarianMatcher+BellmanFordStrategy,-1,mixed,wall_clock_ms,6284.67
W3,800,1.25,17,HungarianMatcher+JohnsonDijkstraStrategy,0,mixed,edge_relaxations,4254
W3,800,1.25,17,HungarianMatcher+JohnsonDijkstraStrategy,0,mixed,defect_at_iteration,799
W3,800,1.25,17,HungarianMatcher+JohnsonDijkstraStrategy,1,mixed,edge_relaxations,4254
W3,800,1.25,17,HungarianMatcher+JohnsonDijkstraStrategy,1,mixed,defect_at_iteration,798
W3,800,1.25,17,HungarianMatcher+JohnsonDijkstraStrategy,2,mixed,edge_relaxations,4254
W3,800,1.25,17,HungarianMatcher+JohnsonDijkstraStrategy,2,mixed,defect_at_iteration,797
W3,800,1.25,17,HungarianMatcher+JohnsonDijkstraStrategy,3,mixed,edge_relaxations,4254
W3,800,1.25,17,HungarianMatcher+JohnsonDijkstraStrategy,3,mixed,defect_at_iteration,796
W3,800,1.25,17,HungarianMatcher+JohnsonDijkstraStrategy,4,mixed,edge_relaxations,4254
W3,800,1.25,17,HungarianMatcher+JohnsonDijkstraStrategy,4,mixed,defect_at_iteration,795
W3,800,1.25,17,HungarianMatcher+JohnsonDijkstraStrategy,5,mixed,edge_relaxations,4254
W3,800,1.25,17,HungarianMatcher+JohnsonDijkstraStrategy,5,mixed,defect_at_iteration,794
W3,800,1.25,17,HungarianMatcher+JohnsonDijkstraStrategy,6,mixed,edge_relaxations,4254
W3,800,1.25,17,HungarianMatcher+JohnsonDijkstraStrategy,6,mixed,defect_at_iteration,793
W3,800,1.25,17,HungarianMatcher+JohnsonDijkstraStrategy,7,mixed,edge_relaxations,4254
W3,800,1.25,17,HungarianMatcher+JohnsonDijkstraStrategy,7,mixed,defect_at_iteration,792
W3,800,1.25,17,HungarianMatcher+JohnsonDijkstraStrategy,8,mixed,edge_relaxations,4254
W3,800,1.25,17,HungarianMatcher+JohnsonDijkstraStrategy,8,mixed,defect_at_iteration,791
W3,800,1.25,17,HungarianMatcher+JohnsonDijkstraStrategy,9,mixed,edge_relaxations,4254
W3,800,1.25,17,HungarianMatcher+JohnsonDijkstraStrategy,9,mixed,defect_at_iteration,790
W3,800,1.25,17,HungarianMatcher+JohnsonDijkstraStrategy,10,mixed,edge_relaxations,4254
W3,800,1.25,17,HungarianMatcher+JohnsonDijkstraStrategy,10,mixed,defect_at_iteration,789
W3,800,1.25,17,HungarianMatcher+JohnsonDijkstraStrategy,11,mixed,edge_relaxations,4254
W3,800,1.25,17,HungarianMatcher+JohnsonDijkstraStrategy,11,mixed,defect_at_iteration,788
W3,800,1.25,17,HungarianMatcher+JohnsonDijkstraStrategy,12,mixed,edge_relaxations,4254
W3,800,1.25,17,HungarianMatcher+JohnsonDijkstraStrategy,12,mixed,defect_at_iteration,787
W3,800,1.25,17,HungarianMatcher+JohnsonDijkstraStrategy,13,mixed,edge_relaxations,4254
W3,800,1.25,17,HungarianMatcher+JohnsonDijkstraStrategy,13,mixed,defect_at_iteration,786
W3,800,1.25,17,HungarianMatcher+JohnsonDijkstraStrategy,14,mixed,edge_relaxations,4254
W3,800,1.25,17,HungarianMatcher+JohnsonDijkstraStrategy,14,mixed,defect_at_iteration,785
W3,800,1.25,17,HungarianMatcher+JohnsonDijkstraStrategy,15,mixed,edge_relaxations,4254
W3,800,1.25,17,HungarianMatcher+JohnsonDijkstraStrategy,15,mixed,defect_at_iteration,784
W3,800,1.25,17,HungarianMatcher+JohnsonDijkstraStrategy,16,mixed,edge_relaxations,4254
W3,800,1.25,17,HungarianMatcher+JohnsonDijkstraStrategy,16,mixed,defect_at_iteration,783
W3,800,1.25,17,HungarianMatcher+JohnsonDijkstraStrategy,17,mixed,edge_relaxations,4254
W3,800,1.25,17,HungarianMatcher+JohnsonDijkstraStrategy,17,mixed,defect_at_iteration,782
W3,800,1.25,17,HungarianMatcher+JohnsonDijkstraStrategy,18,mixed,edge_relaxations,4254
W3,800,1.25,17,HungarianMatcher+JohnsonDijkstraStrategy,18,mixed,defect_at_iteration,781
W3,800,1.25,17,HungarianMatcher+JohnsonDijkstraStrategy,19,mixed,edge_relaxations,4254
W3,800,1.25,17,HungarianMatcher+JohnsonDijkstraStrategy,19,mixed,defect_at_iteration,780
W3,800,1.25,17,HungarianMatcher+JohnsonDijkstraStrategy,20,mixed,edge_relaxations,4254
W3,800,1.25,17,HungarianMatcher+JohnsonDijkstraStrategy,20,mixed,defect_at_iteration,779
W3,800,1.25,17,HungarianMatcher+JohnsonDijkstraStrategy,21,mixed,edge_relaxations,4254
W3,800,1.25,17,HungarianMatcher+JohnsonDijkstraStrategy,21,mixed,defect_at_iteration,778
W3,800,1.25,17,HungarianMatcher+JohnsonDijkstraStrategy,22,mixed,edge_relaxations,4254
W3,800,1.25,17,HungarianMatcher+JohnsonDijkstraStrategy,22,mixed,defect_at_iteration,777
W3,800,1.25,17,HungarianMatcher+JohnsonDijkstraStrategy,23,mixed,edge_relaxations,4254
W3,800,1.25,17,HungarianMatcher+JohnsonDijkstraStrategy,23,mixed,defect_at_iteration,776
W3,800,1.25,17,HungarianMatcher+JohnsonDijkstraStrategy,24,mixed,edge_relaxations,4254
W3,800,1.25,17,HungarianMatcher+JohnsonDijkstraStrategy,24,mixed,defect_at_iteration,775
W3,800,1.25,17,HungarianMatcher+JohnsonDijkstraStrategy,25,mixed,edge_relaxations,4254
W3,800,1.25,17,HungarianMatcher+JohnsonDijkstraStrategy,25,mixed,defect_at_iteration,774
W3,800,1.25,17,HungarianMatcher+JohnsonDijkstraStrategy,26,mixed,edge_relaxations,4254
W3,800,1.25,17,HungarianMatcher+JohnsonDijkstraStrategy,26,mixed,defect_at_iteration,773
W3,800,1.25,17,HungarianMatcher+JohnsonDijkstraStrategy,27,mixed,edge_relaxations,4254
W3,800,1.25,17,HungarianMatcher+JohnsonDijkstraStrategy,27,mixed,defect_at_iteration,772
W3,800,1.25,17,HungarianMatcher+JohnsonDijkstraStrategy,28,mixed,edge_relaxations,4254
W3,800,1.25,17,HungarianMatcher+JohnsonDijkstraStrategy,28,mixed,defect_at_iteration,771
W3,800,1.25,17,HungarianMatcher+JohnsonDijkstraStrategy,29,mixed,edge_relaxations,4254
W3,800,1.25,17,HungarianMatcher+JohnsonDijkstraStrategy,29,mixed,defect_at_iteration,770
W3,800,1.25,17,HungarianMatcher+JohnsonDijkstraStrategy,30,mixed,edge_relaxations,4254
W3,800,1.25,17,HungarianMatcher+JohnsonDijkstraStrategy,30,mixed,defect_at_iteration,769
W3,800,1.25,17,HungarianMatcher+JohnsonDijkstraStrategy,31,mixed,edge_relaxations,4254
W3,800,1.25,17,HungarianMatcher+JohnsonDijkstraStrategy,31,mixed,defect_at_iteration,768
W3,800,1.25,17,HungarianMatcher+JohnsonDijkstraStrategy,32,mixed,edge_relaxations,4254
W3,800,1.25,17,HungarianMatcher+JohnsonDijkstraStrategy,32,mixed,defect_at_iteration,767
W3,800,1.25,17,HungarianMatcher+JohnsonDijkstraStrategy,33,mixed,edge_relaxations,4254
W3,800,1.25,17,HungarianMatcher+JohnsonDijkstraStrategy,33,mixed,defect_at_iteration,766
W3,800,1.25,17,HungarianMatcher+JohnsonDijkstraStrategy,34,mixed,edge_relaxations,4254
W3,800,1.25,17,HungarianMatcher+JohnsonDijkstraStrategy,34,mixed,defect_at_iteration,765
W3,800,1.25,17,HungarianMatcher+JohnsonDijkstraStrategy,35,mixed,edge_relaxations,4254
W3,800,1.25,17,HungarianMatcher+JohnsonDijkstraStrategy,35,mixed,defect_at_iteration,764
W3,800,1.25,17,HungarianMatcher+JohnsonDijkstraStrategy,36,mixed,edge_relaxations,4254
W3,800,1.25,17,HungarianMatcher+JohnsonDijkstraStrategy,36,mixed,defect_at_iteration,763
W3,800,1.25,17,HungarianMatcher+JohnsonDijkstraStrategy,37,mixed,edge_relaxations,4254
W3,800,1.25,17,HungarianMatcher+JohnsonDijkstraStrategy,37,mixed,defect_at_iteration,762
W3,800,1.25,17,HungarianMatcher+JohnsonDijkstraStrategy,38,mixed,edge_relaxations,4254
W3,800,1.25,17,HungarianMatcher+JohnsonDijkstraStrategy,38,mixed,defect_at_iteration,761
W3,800,1.25,17,HungarianMatcher+JohnsonDijkstraStrategy,39,mixed,edge_relaxations,4254
W3,800,1.25,17,HungarianMatcher+JohnsonDijkstraStrategy,39,mixed,defect_at_iteration,760
W3,800,1.25,17,HungarianMatcher+JohnsonDijkstraStrategy,40,mixed,edge_relaxations,4254
W3,800,1.25,17,HungarianMatcher+JohnsonDijkstraStrategy,40,mixed,defect_at_iteration,759
W3,800,1.25,17,HungarianMatcher+JohnsonDijkstraStrategy,41,mixed,edge_relaxations,4254
W3,800,1.25,17,HungarianMatcher+JohnsonDijkstraStrategy,41,mixed,defect_at_iteration,758
W3,800,1.25,17,HungarianMatcher+JohnsonDijkstraStrategy,42,mixed,edge_relaxations,4254
W3,800,1.25,17,HungarianMatcher+JohnsonDijkstraStrategy,42,mixed,defect_at_iteration,757
W3,800,1.25,17,HungarianMatcher+JohnsonDijkstraStrategy,43,mixed,edge_relaxations,4254
W3,800,1.25,17,HungarianMatcher+JohnsonDijkstraStrategy,43,mixed,defect_at_iteration,756
W3,800,1.25,17,HungarianMatcher+JohnsonDijkstraStrategy,44,mixed,edge_relaxations,4254
W3,800,1.25,17,HungarianMatcher+JohnsonDijkstraStrategy,44,mixed,defect_at_iteration,755
W3,800,1.25,17,HungarianMatcher+JohnsonDijkstraStrategy,45,mixed,edge_relaxations,4254
W3,800,1.25,17,HungarianMatcher+JohnsonDijkstraStrategy,45,mixed,defect_at_iteration,754
W3,800,1.25,17,HungarianMatcher+JohnsonDijkstraStrategy,46,mixed,edge_relaxations,4254
W3,800,1.25,17,HungarianMatcher+JohnsonDijkstraStrategy,46,mixed,defect_at_iteration,753
W3,800,1.25,17,HungarianMatcher+JohnsonDijkstraStrategy,47,mixed,edge_relaxations,4254
W3,800,1.25,17,HungarianMatcher+JohnsonDijkstraStrategy,47,mixed,defect_at_iteration,752
W3,800,1.25,17,HungarianMatcher+JohnsonDijkstraStrategy,48,mixed,edge_relaxations,4254
W3,800,1.25,17,HungarianMatcher+JohnsonDijkstraStrategy,48,mixed,defect_at_iteration,751
W3,800,1.25,17,HungarianMatcher+JohnsonDijkstraStrategy,49,mixed,edge_relaxations,4254
W3,800,1.25,17,HungarianMatcher+JohnsonDijkstraStrategy,49,mixed,defect_at_iteration,750
W3,800,1.25,17,HungarianMatcher+JohnsonDijkstraStrategy,50,mixed,edge_relaxations,4254
W3,800,1.25,17,HungarianMatcher+JohnsonDijkstraStrategy,50,mixed,defect_at_iteration,749
W3,800,1.25,17,HungarianMatcher+JohnsonDijkstraStrategy,51,mixed,edge_relaxations,4254
W3,800,1.25,17,HungarianMatcher+JohnsonDijkstraStrategy,51,mixed,defect_at_iteration,748
W3,800,1.25,17,HungarianMatcher+JohnsonDijkstraStrategy,52,mixed,edge_relaxations,4254
W3,800,1.25,17,HungarianMatcher+JohnsonDijkstraStrategy,52,mixed,defect_at_iteration,747
W3,800,1.25,17,HungarianMatcher+JohnsonDijkstraStrategy,53,mixed,edge_relaxations,4254
W3,800,1.25,17,HungarianMatcher+JohnsonDijkstraStrategy,53,mixed,defect_at_iteration,746
W3,800,1.25,17,HungarianMatcher+JohnsonDijkstraStrategy,54,mixed,edge_relaxations,4254
W3,800,1.25,17,HungarianMatcher+JohnsonDijkstraStrategy,54,mixed,defect_at_iteration,745
W3,800,1.25,17,HungarianMatcher+JohnsonDijkstraStrategy,55,mixed,edge_relaxations,4254
W3,800,1.25,17,HungarianMatcher+JohnsonDijkstraStrategy,55,mixed,defect_at_iteration,744
W3,800,1.25,17,HungarianMatcher+JohnsonDijkstraStrategy,56,mixed,edge_relaxations,4254
W3,800,1.25,17,HungarianMatcher+JohnsonDijkstraStrategy,56,mixed,defect_at_iteration,743
W3,800,1.25,17,HungarianMatcher+JohnsonDijkstraStrategy,57,mixed,edge_relaxations,4250
W3,800,1.25,17,HungarianMatcher+JohnsonDijkstraStrategy,57,mixed,defect_at_iteration,742
W3,800,1.25,17,HungarianMatcher+JohnsonDijkstraStrategy,58,mixed,edge_relaxations,4250
W3,800,1.25,17,HungarianMatcher+JohnsonDijkstraStrategy,58,mixed,defect_at_iteration,741
W3,800,1.25,17,HungarianMatcher+JohnsonDijkstraStrategy,59,mixed,edge_relaxations,4250
W3,800,1.25,17,HungarianMatcher+JohnsonDijkstraStrategy,59,mixed,defect_at_iteration,740
W3,800,1.25,17,HungarianMatcher+JohnsonDijkstraStrategy,60,mixed,edge_relaxations,4250
W3,800,1.25,17,HungarianMatcher+JohnsonDijkstraStrategy,60,mixed,defect_at_iteration,739
W3,800,1.25,17,HungarianMatcher+JohnsonDijkstraStrategy,61,mixed,edge_relaxations,4250
W3,800,1.25,17,HungarianMatcher+JohnsonDijkstraStrategy,61,mixed,defect_at_iteration,738
W3,800,1.25,17,HungarianMatcher+JohnsonDijkstraStrategy,62,mixed,edge_relaxations,4250
W3,800,1.25,17,HungarianMatcher+JohnsonDijkstraStrategy,62,mixed,defect_at_iteration,737
W3,800,1.25,17,HungarianMatcher+JohnsonDijkstraStrategy,63,mixed,edge_relaxations,4250
W3,800,1.25,17,HungarianMatcher+JohnsonDijkstraStrategy,63,mixed,defect_at_iteration,736
W3,800,1.25,17,HungarianMatcher+JohnsonDijkstraStrategy,64,mixed,edge_relaxations,4250
W3,800,1.25,17,HungarianMatcher+JohnsonDijkstraStrategy,64,mixed,defect_at_iteration,735
W3,800,1.25,17,HungarianMatcher+JohnsonDijkstraStrategy,65,mixed,edge_relaxations,4250
W3,800,1.25,17,HungarianMatcher+JohnsonDijkstraStrategy,65,mixed,defect_at_iteration,734
W3,800,1.25,17,HungarianMatcher+JohnsonDijkstraStrategy,66,mixed,edge_relaxations,4250
W3,800,1.25,17,HungarianMatcher+JohnsonDijkstraStrategy,66,mixed,defect_at_iteration,733
W3,800,1.25,17,HungarianMatcher+JohnsonDijkstraStrategy,67,mixed,edge_relaxations,4250
W3,800,1.25,17,HungarianMatcher+JohnsonDijkstraStrategy,67,mixed,defect_at_iteration,732
W3,800,1.25,17,HungarianMatcher+JohnsonDijkstraStrategy,68,mixed,edge_relaxations,4250
W3,800,1.25,17,HungarianMatcher+JohnsonDijkstraStrategy,68,mixed,defect_at_iteration,731
W3,800,1.25,17,HungarianMatcher+JohnsonDijkstraStrategy,69,mixed,edge_relaxations,4250
W3,800,1.25,17,HungarianMatcher+JohnsonDijkstraStrategy,69,mixed,defect_at_iteration,730
W3,800,1.25,17,HungarianMatcher+JohnsonDijkstraStrategy,70,mixed,edge_relaxations,4250
W3,800,1.25,17,HungarianMatcher+JohnsonDijkstraStrategy,70,mixed,defect_at_iteration,729
W3,800,1.25,17,HungarianMatcher+JohnsonDijkstraStrategy,71,mixed,edge_relaxations,4250
W3,800,1.25,17,HungarianMatcher+JohnsonDijkstraStrategy,71,mixed,defect_at_iteration,728
W3,800,1.25,17,HungarianMatcher+JohnsonDijkstraStrategy,72,mixed,edge_relaxations,4250
W3,800,1.25,17,HungarianMatcher+JohnsonDijkstraStrategy,72,mixed,defect_at_iteration,727
W3,800,1.25,17,HungarianMatcher+JohnsonDijkstraStrategy,73,mixed,edge_relaxations,4250
W3,800,1.25,17,HungarianMatcher+JohnsonDijkstraStrategy,73,mixed,defect_at_iteration,726
W3,800,1.25,17,HungarianMatcher+JohnsonDijkstraStrategy,74,mixed,edge_relaxations,4250
W3,800,1.25,17,HungarianMatcher+JohnsonDijkstraStrategy,74,mixed,defect_at_iteration,725
W3,800,1.25,17,HungarianMatcher+JohnsonDijkstraStrategy,75,mixed,edge_relaxations,4250
W3,800,1.25,17,HungarianMatcher+JohnsonDijkstraStrategy,75,mixed,defect_at_iteration,724
W3,800,1.25,17,HungarianMatcher+JohnsonDijkstraStrategy,76,mixed,edge_relaxations,4240
W3,800,1.25,17,HungarianMatcher+JohnsonDijkstraStrategy,76,mixed,defect_at_iteration,723
W3,800,1.25,17,HungarianMatcher+JohnsonDijkstraStrategy,77,mixed,edge_relaxations,4240
W3,800,1.25,17,HungarianMatcher+JohnsonDijkstraStrategy,77,mixed,defect_at_iteration,722
W3,800,1.25,17,HungarianMatcher+JohnsonDijkstraStrategy,78,mixed,edge_relaxations,4240
W3,800,1.25,17,HungarianMatcher+JohnsonDijkstraStrategy,78,mixed,defect_at_iteration,721
W3,800,1.25,17,HungarianMatcher+JohnsonDijkstraStrategy,79,mixed,edge_relaxations,4240
W3,800,1.25,17,HungarianMatcher+JohnsonDijkstraStrategy,79,mixed,defect_at_iteration,720
W3,800,1.25,17,HungarianMatcher+JohnsonDijkstraStrategy,80,mixed,edge_relaxations,4240
W3,800,1.25,17,HungarianMatcher+JohnsonDijkstraStrategy,80,mixed,defect_at_iteration,719
W3,800,1.25,17,HungarianMatcher+JohnsonDijkstraStrategy,81,mixed,edge_relaxations,4240
W3,800,1.25,17,HungarianMatcher+JohnsonDijkstraStrategy,81,mixed,defect_at_iteration,718
W3,800,1.25,17,HungarianMatcher+JohnsonDijkstraStrategy,82,mixed,edge_relaxations,4240
W3,800,1.25,17,HungarianMatcher+JohnsonDijkstraStrategy,82,mixed,defect_at_iteration,717
W3,800,1.25,17,HungarianMatcher+JohnsonDijkstraStrategy,83,mixed,edge_relaxations,4240
W3,800,1.25,17,HungarianMatcher+JohnsonDijkstraStrategy,83,mixed,defect_at_iteration,716
W3,800,1.25,17,HungarianMatcher+JohnsonDijkstraStrategy,84,mixed,edge_relaxations,4240
W3,800,1.25,17,HungarianMatcher+JohnsonDijkstraStrategy,84,mixed,defect_at_iteration,715
W3,800,1.25,17,HungarianMatcher+JohnsonDijkstraStrategy,85,mixed,edge_relaxations,4240
W3,800,1.25,17,HungarianMatcher+JohnsonDijkstraStrategy,85,mixed,defect_at_iteration,714
W3,800,1.25,17,HungarianMatcher+JohnsonDijkstraStrategy,86,mixed,edge_relaxations,4240
W3,800,1.25,17,HungarianMatcher+JohnsonDijkstraStrategy,86,mixed,defect_at_iteration,713
W3,800,1.25,17,HungarianMatcher+JohnsonDijkstraStrategy,87,mixed,edge_relaxations,4240
W3,800,1.25,17,HungarianMatcher+JohnsonDijkstraStrategy,87,mixed,defect_at_iteration,712
W3,800,1.25,17,HungarianMatcher+JohnsonDijkstraStrategy,88,mixed,edge_relaxations,4240
W3,800,1.25,17,HungarianMatcher+JohnsonDijkstraStrategy,88,mixed,defect_at_iteration,711
W3,800,1.25,17,HungarianMatcher+JohnsonDijkstraStrategy,89,mixed,edge_relaxations,4240
W3,800,1.25,17,HungarianMatcher+JohnsonDijkstraStrategy,89,mixed,defect_at_iteration,710
W3,800,1.25,17,HungarianMatcher+JohnsonDijkstraStrategy,90,mixed,edge_relaxations,4240
W3,800,1.25,17,HungarianMatcher+JohnsonDijkstraStrategy,90,mixed,defect_at_iteration,709
W3,800,1.25,17,HungarianMatcher+JohnsonDijkstraStrategy,91,mixed,edge_relaxations,4240
W3,800,1.25,17,HungarianMatcher+JohnsonDijkstraStrategy,91,mixed,defect_at_iteration,708
W3,800,1.25,17,HungarianMatcher+JohnsonDijkstraStrategy,92,mixed,edge_relaxations,4240
W3,800,1.25,17,HungarianMatcher+JohnsonDijkstraStrategy,92,mixed,defect_at_iteration,707
W3,800,1.25,17,HungarianMatcher+JohnsonDijkstraStrategy,93,mixed,edge_relaxations,4240
W3,800,1.25,17,HungarianMatcher+JohnsonDijkstraStrategy,93,mixed,defect_at_iteration,706
W3,800,1.25,17,HungarianMatcher+JohnsonDijkstraStrategy,94,mixed,edge_relaxations,4240
W3,800,1.25,17,HungarianMatcher+JohnsonDijkstraStrategy,94,mixed,defect_at_iteration,705
W3,800,1.25,17,HungarianMatcher+JohnsonDijkstraStrategy,95,mixed,edge_relaxations,4240
W3,800,1.25,17,HungarianMatcher+JohnsonDijkstraStrategy,95,mixed,defect_at_iteration,704
W3,800,1.25,17,HungarianMatcher+JohnsonDijkstraStrategy,96,mixed,edge_relaxations,4240
W3,800,1.25,17,HungarianMatcher+JohnsonDijkstraStrategy,96,mixed,defect_at_iteration,703
W3,800,1.25,17,HungarianMatcher+JohnsonDijkstraStrategy,97,mixed,edge_relaxations,4240
W3,800,1.25,17,HungarianMatcher+JohnsonDijkstraStrategy,97,mixed,defect_at_iteration,702
W3,800,1.25,17,HungarianMatcher+JohnsonDijkstraStrategy,98,mixed,edge_relaxations,4240
W3,800,1.25,17,HungarianMatcher+JohnsonDijkstraStrategy,98,mixed,defect_at_iteration,701
W3,800,1.25,17,HungarianMatcher+JohnsonDijkstraStrategy,99,mixed,edge_relaxations,4240
W3,800,1.25,17,HungarianMatcher+JohnsonDijkstraStrategy,99,mixed,defect_at_iteration,700
W3,800,1.25,17,HungarianMatcher+JohnsonDijkstraStrategy,100,mixed,edge_relaxations,4240
W3,800,1.25,17,HungarianMatcher+JohnsonDijkstraStrategy,100,mixed,defect_at_iteration,699
W3,800,1.25,17,HungarianMatcher+JohnsonDijkstraStrategy,101,mixed,edge_relaxations,4240
W3,800,1.25,17,HungarianMatcher+JohnsonDijkstraStrategy,101,mixed,defect_at_iteration,698
W3,800,1.25,17,HungarianMatcher+JohnsonDijkstraStrategy,102,mixed,edge_relaxations,4240
W3,800,1.25,17,HungarianMatcher+JohnsonDijkstraStrategy,102,mixed,defect_at_iteration,697
W3,800,1.25,17,HungarianMatcher+JohnsonDijkstraStrategy,103,mixed,edge_relaxations,4240
W3,800,1.25,17,HungarianMatcher+JohnsonDijkstraStrategy,103,mixed,defect_at_iteration,696
W3,800,1.25,17,HungarianMatcher+JohnsonDijkstraStrategy,104,mixed,edge_relaxations,4240
W3,800,1.25,17,HungarianMatcher+JohnsonDijkstraStrategy,104,mixed,defect_at_iteration,695
W3,800,1.25,17,HungarianMatcher+JohnsonDijkstraStrategy,105,mixed,edge_relaxations,4240
W3,800,1.25,17,HungarianMatcher+JohnsonDijkstraStrategy,105,mixed,defect_at_iteration,694
W3,800,1.25,17,HungarianMatcher+JohnsonDijkstraStrategy,106,mixed,edge_relaxations,4240
W3,800,1.25,17,HungarianMatcher+JohnsonDijkstraStrategy,106,mixed,defect_at_iteration,693
W3,800,1.25,17,HungarianMatcher+JohnsonDijkstraStrategy,107,mixed,edge_relaxations,4240
W3,800,1.25,17,HungarianMatcher+JohnsonDijkstraStrategy,107,mixed,defect_at_iteration,692
W3,800,1.25,17,HungarianMatcher+JohnsonDijkstraStrategy,108,mixed,edge_relaxations,4240
W3,800,1.25,17,HungarianMatcher+JohnsonDijkstraStrategy,108,mixed,defect_at_iteration,691
W3,800,1.25,17,HungarianMatcher+JohnsonDijkstraStrategy,109,mixed,edge_relaxations,4240
W3,800,1.25,17,HungarianMatcher+JohnsonDijkstraStrategy,109,mixed,defect_at_iteration,690
W3,800,1.25,17,HungarianMatcher+JohnsonDijkstraStrategy,110,mixed,edge_relaxations,4240
W3,800,1.25,17,HungarianMatcher+JohnsonDijkstraStrategy,110,mixed,defect_at_iteration,689
W3,800,1.25,17,HungarianMatcher+JohnsonDijkstraStrategy,111,mixed,edge_relaxations,4240
W3,800,1.25,17,HungarianMatcher+JohnsonDijkstraStrategy,111,mixed,defect_at_iteration,688
W3,800,1.25,17,HungarianMatcher+JohnsonDijkstraStrategy,112,mixed,edge_relaxations,4240
W3,800,1.25,17,HungarianMatcher+JohnsonDijkstraStrategy,112,mixed,defect_at_iteration,687
W3,800,1.25,17,HungarianMatcher+JohnsonDijkstraStrategy,113,mixed,edge_relaxations,4240
W3,800,1.25,17,HungarianMatcher+JohnsonDijkstraStrategy,113,mixed,defect_at_iteration,686
W3,800,1.25,17,HungarianMatcher+JohnsonDijkstraStrategy,114,mixed,edge_relaxations,4240
W3,800,1.25,17,HungarianMatcher+JohnsonDijkstraStrategy,114,mixed,defect_at_iteration,685
W3,800,1.25,17,HungarianMatcher+JohnsonDijkstraStrategy,115,mixed,edge_relaxations,4240
W3,800,1.25,17,HungarianMatcher+JohnsonDijkstraStrategy,115,mixed,defect_at_iteration,684
W3,800,1.25,17,HungarianMatcher+JohnsonDijkstraStrategy,116,mixed,edge_relaxations,4240
W3,800,1.25,17,HungarianMatcher+JohnsonDijkstraStrategy,116,mixed,defect_at_iteration,683
W3,800,1.25,17,HungarianMatcher+JohnsonDijkstraStrategy,117,mixed,edge_relaxations,4240
W3,800,1.25,17,HungarianMatcher+JohnsonDijkstraStrategy,117,mixed,defect_at_iteration,682
W3,800,1.25,17,HungarianMatcher+JohnsonDijkstraStrategy,118,mixed,edge_relaxations,4240
W3,800,1.25,17,HungarianMatcher+JohnsonDijkstraStrategy,118,mixed,defect_at_iteration,681
W3,800,1.25,17,HungarianMatcher+JohnsonDijkstraStrategy,119,mixed,edge_relaxations,4240
W3,800,1.25,17,HungarianMatcher+JohnsonDijkstraStrategy,119,mixed,defect_at_iteration,680
W3,800,1.25,17,HungarianMatcher+JohnsonDijkstraStrategy,120,mixed,edge_relaxations,4240
W3,800,1.25,17,HungarianMatcher+JohnsonDijkstraStrategy,120,mixed,defect_at_iteration,679
W3,800,1.25,17,HungarianMatcher+JohnsonDijkstraStrategy,121,mixed,edge_relaxations,4240
W3,800,1.25,17,HungarianMatcher+JohnsonDijkstraStrategy,121,mixed,defect_at_iteration,678
W3,800,1.25,17,HungarianMatcher+JohnsonDijkstraStrategy,122,mixed,edge_relaxations,4240
W3,800,1.25,17,HungarianMatcher+JohnsonDijkstraStrategy,122,mixed,defect_at_iteration,677
W3,800,1.25,17,HungarianMatcher+JohnsonDijkstraStrategy,123,mixed,edge_relaxations,4240
W3,800,1.25,17,HungarianMatcher+JohnsonDijkstraStrategy,123,mixed,defect_at_iteration,676
W3,800,1.25,17,HungarianMatcher+JohnsonDijkstraStrategy,124,mixed,edge_relaxations,4240
W3,800,1.25,17,HungarianMatcher+JohnsonDijkstraStrategy,124,mixed,defect_at_iteration,675
W3,800,1.25,17,HungarianMatcher+JohnsonDijkstraStrategy,125,mixed,edge_relaxations,4240
W3,800,1.25,17,HungarianMatcher+JohnsonDijkstraStrategy,125,mixed,defect_at_iteration,674
W3,800,1.25,17,HungarianMatcher+JohnsonDijkstraStrategy,126,mixed,edge_relaxations,4240
W3,800,1.25,17,HungarianMatcher+JohnsonDijkstraStrategy,126,mixed,defect_at_iteration,673
W3,800,1.25,17,HungarianMatcher+JohnsonDijkstraStrategy,127,mixed,edge_relaxations,4240
W3,800,1.25,17,HungarianMatcher+JohnsonDijkstraStrategy,127,mixed,defect_at_iteration,672
W3,800,1.25,17,HungarianMatcher+JohnsonDijkstraStrategy,128,mixed,edge_relaxations,4240
W3,800,1.25,17,HungarianMatcher+JohnsonDijkstraStrategy,128,mixed,defect_at_iteration,671
W3,800,1.25,17,HungarianMatcher+JohnsonDijkstraStrategy,129,mixed,edge_relaxations,4240
W3,800,1.25,17,HungarianMatcher+JohnsonDijkstraStrategy,129,mixed,defect_at_iteration,670
W3,800,1.25,17,HungarianMatcher+JohnsonDijkstraStrategy,130,mixed,edge_relaxations,4240
W3,800,1.25,17,HungarianMatcher+JohnsonDijkstraStrategy,130,mixed,defect_at_iteration,669
W3,800,1.25,17,HungarianMatcher+JohnsonDijkstraStrategy,131,mixed,edge_relaxations,4240
W3,800,1.25,17,HungarianMatcher+JohnsonDijkstraStrategy,131,mixed,defect_at_iteration,668
W3,800,1.25,17,HungarianMatcher+JohnsonDijkstraStrategy,132,mixed,edge_relaxations,4240
W3,800,1.25,17,HungarianMatcher+JohnsonDijkstraStrategy,132,mixed,defect_at_iteration,667
W3,800,1.25,17,HungarianMatcher+JohnsonDijkstraStrategy,133,mixed,edge_relaxations,4240
W3,800,1.25,17,HungarianMatcher+JohnsonDijkstraStrategy,133,mixed,defect_at_iteration,666
W3,800,1.25,17,HungarianMatcher+JohnsonDijkstraStrategy,134,mixed,edge_relaxations,4240
W3,800,1.25,17,HungarianMatcher+JohnsonDijkstraStrategy,134,mixed,defect_at_iteration,665
W3,800,1.25,17,HungarianMatcher+JohnsonDijkstraStrategy,135,mixed,edge_relaxations,4240
W3,800,1.25,17,HungarianMatcher+JohnsonDijkstraStrategy,135,mixed,defect_at_iteration,664
W3,800,1.25,17,HungarianMatcher+JohnsonDijkstraStrategy,136,mixed,edge_relaxations,4240
W3,800,1.25,17,HungarianMatcher+JohnsonDijkstraStrategy,136,mixed,defect_at_iteration,663
W3,800,1.25,17,HungarianMatcher+JohnsonDijkstraStrategy,137,mixed,edge_relaxations,4240
W3,800,1.25,17,HungarianMatcher+JohnsonDijkstraStrategy,137,mixed,defect_at_iteration,662
W3,800,1.25,17,HungarianMatcher+JohnsonDijkstraStrategy,138,mixed,edge_relaxations,4240
W3,800,1.25,17,HungarianMatcher+JohnsonDijkstraStrategy,138,mixed,defect_at_iteration,661
W3,800,1.25,17,HungarianMatcher+JohnsonDijkstraStrategy,139,mixed,edge_relaxations,4240
W3,800,1.25,17,HungarianMatcher+JohnsonDijkstraStrategy,139,mixed,defect_at_iteration,660
W3,800,1.25,17,HungarianMatcher+JohnsonDijkstraStrategy,140,mixed,edge_relaxations,4240
W3,800,1.25,17,HungarianMatcher+JohnsonDijkstraStrategy,140,mixed,defect_at_iteration,659
W3,800,1.25,17,HungarianMatcher+JohnsonDijkstraStrategy,141,mixed,edge_relaxations,4240
W3,800,1.25,17,HungarianMatcher+JohnsonDijkstraStrategy,141,mixed,defect_at_iteration,658
W3,800,1.25,17,HungarianMatcher+JohnsonDijkstraStrategy,142,mixed,edge_relaxations,4240
W3,800,1.25,17,HungarianMatcher+JohnsonDijkstraStrategy,142,mixed,defect_at_iteration,657
W3,800,1.25,17,HungarianMatcher+JohnsonDijkstraStrategy,143,mixed,edge_relaxations,4240
W3,800,1.25,17,HungarianMatcher+JohnsonDijkstraStrategy,143,mixed,defect_at_iteration,656
W3,800,1.25,17,HungarianMatcher+JohnsonDijkstraStrategy,144,mixed,edge_relaxations,4240
W3,800,1.25,17,HungarianMatcher+JohnsonDijkstraStrategy,144,mixed,defect_at_iteration,655
W3,800,1.25,17,HungarianMatcher+JohnsonDijkstraStrategy,145,mixed,edge_relaxations,4240
W3,800,1.25,17,HungarianMatcher+JohnsonDijkstraStrategy,145,mixed,defect_at_iteration,654
W3,800,1.25,17,HungarianMatcher+JohnsonDijkstraStrategy,146,mixed,edge_relaxations,4240
W3,800,1.25,17,HungarianMatcher+JohnsonDijkstraStrategy,146,mixed,defect_at_iteration,653
W3,800,1.25,17,HungarianMatcher+JohnsonDijkstraStrategy,147,mixed,edge_relaxations,4240
W3,800,1.25,17,HungarianMatcher+JohnsonDijkstraStrategy,147,mixed,defect_at_iteration,652
W3,800,1.25,17,HungarianMatcher+JohnsonDijkstraStrategy,148,mixed,edge_relaxations,4240
W3,800,1.25,17,HungarianMatcher+JohnsonDijkstraStrategy,148,mixed,defect_at_iteration,651
W3,800,1.25,17,HungarianMatcher+JohnsonDijkstraStrategy,149,mixed,edge_relaxations,4240
W3,800,1.25,17,HungarianMatcher+JohnsonDijkstraStrategy,149,mixed,defect_at_iteration,650
W3,800,1.25,17,HungarianMatcher+JohnsonDijkstraStrategy,150,mixed,edge_relaxations,4240
W3,800,1.25,17,HungarianMatcher+JohnsonDijkstraStrategy,150,mixed,defect_at_iteration,649
W3,800,1.25,17,HungarianMatcher+JohnsonDijkstraStrategy,151,mixed,edge_relaxations,4240
W3,800,1.25,17,HungarianMatcher+JohnsonDijkstraStrategy,151,mixed,defect_at_iteration,648
W3,800,1.25,17,HungarianMatcher+JohnsonDijkstraStrategy,152,mixed,edge_relaxations,4240
W3,800,1.25,17,HungarianMatcher+JohnsonDijkstraStrategy,152,mixed,defect_at_iteration,647
W3,800,1.25,17,HungarianMatcher+JohnsonDijkstraStrategy,153,mixed,edge_relaxations,4240
W3,800,1.25,17,HungarianMatcher+JohnsonDijkstraStrategy,153,mixed,defect_at_iteration,646
W3,800,1.25,17,HungarianMatcher+JohnsonDijkstraStrategy,154,mixed,edge_relaxations,4240
W3,800,1.25,17,HungarianMatcher+JohnsonDijkstraStrategy,154,mixed,defect_at_iteration,645
W3,800,1.25,17,HungarianMatcher+JohnsonDijkstraStrategy,155,mixed,edge_relaxations,4240
W3,800,1.25,17,HungarianMatcher+JohnsonDijkstraStrategy,155,mixed,defect_at_iteration,644
W3,800,1.25,17,HungarianMatcher+JohnsonDijkstraStrategy,156,mixed,edge_relaxations,4240
W3,800,1.25,17,HungarianMatcher+JohnsonDijkstraStrategy,156,mixed,defect_at_iteration,643
W3,800,1.25,17,HungarianMatcher+JohnsonDijkstraStrategy,157,mixed,edge_relaxations,4240
W3,800,1.25,17,HungarianMatcher+JohnsonDijkstraStrategy,157,mixed,defect_at_iteration,642
W3,800,1.25,17,HungarianMatcher+JohnsonDijkstraStrategy,158,mixed,edge_relaxations,4240
W3,800,1.25,17,HungarianMatcher+JohnsonDijkstraStrategy,158,mixed,defect_at_iteration,641
W3,800,1.25,17,HungarianMatcher+JohnsonDijkstraStrategy,159,mixed,edge_relaxations,4240
W3,800,1.25,17,HungarianMatcher+JohnsonDijkstraStrategy,159,mixed,defect_at_iteration,640
W3,800,1.25,17,HungarianMatcher+JohnsonDijkstraStrategy,160,mixed,edge_relaxations,4240
W3,800,1.25,17,HungarianMatcher+JohnsonDijkstraStrategy,160,mixed,defect_at_iteration,639
W3,800,1.25,17,HungarianMatcher+JohnsonDijkstraStrategy,161,mixed,edge_relaxations,4240
W3,800,1.25,17,HungarianMatcher+JohnsonDijkstraStrategy,161,mixed,defect_at_iteration,638
W3,800,1.25,17,HungarianMatcher+JohnsonDijkstraStrategy,162,mixed,edge_relaxations,4240
W3,800,1.25,17,HungarianMatcher+JohnsonDijkstraStrategy,162,mixed,defect_at_iteration,637
W3,800,1.25,17,HungarianMatcher+JohnsonDijkstraStrategy,163,mixed,edge_relaxations,4240
W3,800,1.25,17,HungarianMatcher+JohnsonDijkstraStrategy,163,mixed,defect_at_iteration,636
W3,800,1.25,17,HungarianMatcher+JohnsonDijkstraStrategy,164,mixed,edge_relaxations,4240
W3,800,1.25,17,HungarianMatcher+JohnsonDijkstraStrategy,164,mixed,defect_at_iteration,635
W3,800,1.25,17,HungarianMatcher+JohnsonDijkstraStrategy,165,mixed,edge_relaxations,4240
W3,800,1.25,17,HungarianMatcher+JohnsonDijkstraStrategy,165,mixed,defect_at_iteration,634
W3,800,1.25,17,HungarianMatcher+JohnsonDijkstraStrategy,166,mixed,edge_relaxations,4240
W3,800,1.25,17,HungarianMatcher+JohnsonDijkstraStrategy,166,mixed,defect_at_iteration,633
W3,800,1.25,17,HungarianMatcher+JohnsonDijkstraStrategy,167,mixed,edge_relaxations,4240
W3,800,1.25,17,HungarianMatcher+JohnsonDijkstraStrategy,167,mixed,defect_at_iteration,632
W3,800,1.25,17,HungarianMatcher+JohnsonDijkstraStrategy,168,mixed,edge_relaxations,4240
W3,800,1.25,17,HungarianMatcher+JohnsonDijkstraStrategy,168,mixed,defect_at_iteration,631
W3,800,1.25,17,HungarianMatcher+JohnsonDijkstraStrategy,169,mixed,edge_relaxations,4240
W3,800,1.25,17,HungarianMatcher+JohnsonDijkstraStrategy,169,mixed,defect_at_iteration,630
W3,800,1.25,17,HungarianMatcher+JohnsonDijkstraStrategy,170,mixed,edge_relaxations,4240
W3,800,1.25,17,HungarianMatcher+JohnsonDijkstraStrategy,170,mixed,defect_at_iteration,629
W3,800,1.25,17,HungarianMatcher+JohnsonDijkstraStrategy,171,mixed,edge_relaxations,4240
W3,800,1.25,17,HungarianMatcher+JohnsonDijkstraStrategy,171,mixed,defect_at_iteration,628
W3,800,1.25,17,HungarianMatcher+JohnsonDijkstraStrategy,172,mixed,edge_relaxations,4240
W3,800,1.25,17,HungarianMatcher+JohnsonDijkstraStrategy,172,mixed,defect_at_iteration,627
W3,800,1.25,17,HungarianMatcher+JohnsonDijkstraStrategy,173,mixed,edge_relaxations,4240
W3,800,1.25,17,HungarianMatcher+JohnsonDijkstraStrategy,173,mixed,defect_at_iteration,626
W3,800,1.25,17,HungarianMatcher+JohnsonDijkstraStrategy,174,mixed,edge_relaxations,4240
W3,800,1.25,17,HungarianMatcher+JohnsonDijkstraStrategy,174,mixed,defect_at_iteration,625
W3,800,1.25,17,HungarianMatcher+JohnsonDijkstraStrategy,175,mixed,edge_relaxations,4240
W3,800,1.25,17,HungarianMatcher+JohnsonDijkstraStrategy,175,mixed,defect_at_iteration,624
W3,800,1.25,17,HungarianMatcher+JohnsonDijkstraStrategy,176,mixed,edge_relaxations,4240
W3,800,1.25,17,HungarianMatcher+JohnsonDijkstraStrategy,176,mixed,defect_at_iteration,623
W3,800,1.25,17,HungarianMatcher+JohnsonDijkstraStrategy,177,mixed,edge_relaxations,4240
W3,800,1.25,17,HungarianMatcher+JohnsonDijkstraStrategy,177,mixed,defect_at_iteration,622
W3,800,1.25,17,HungarianMatcher+JohnsonDijkstraStrategy,178,mixed,edge_relaxations,4240
W3,800,1.25,17,HungarianMatcher+JohnsonDijkstraStrategy,178,mixed,defect_at_iteration,621
W3,800,1.25,17,HungarianMatcher+JohnsonDijkstraStrategy,179,mixed,edge_relaxations,4240
W3,800,1.25,17,HungarianMatcher+JohnsonDijkstraStrategy,179,mixed,defect_at_iteration,620
W3,800,1.25,17,HungarianMatcher+JohnsonDijkstraStrategy,180,mixed,edge_relaxations,4240
W3,800,1.25,17,HungarianMatcher+JohnsonDijkstraStrategy,180,mixed,defect_at_iteration,619
W3,800,1.25,17,HungarianMatcher+JohnsonDijkstraStrategy,181,mixed,edge_relaxations,4240
W3,800,1.25,17,HungarianMatcher+JohnsonDijkstraStrategy,181,mixed,defect_at_iteration,618
W3,800,1.25,17,HungarianMatcher+JohnsonDijkstraStrategy,182,mixed,edge_relaxations,4240
W3,800,1.25,17,HungarianMatcher+JohnsonDijkstraStrategy,182,mixed,defect_at_iteration,617
W3,800,1.25,17,HungarianMatcher+JohnsonDijkstraStrategy,183,mixed,edge_relaxations,4240
W3,800,1.25,17,HungarianMatcher+JohnsonDijkstraStrategy,183,mixed,defect_at_iteration,616
W3,800,1.25,17,HungarianMatcher+JohnsonDijkstraStrategy,184,mixed,edge_relaxations,4240
W3,800,1.25,17,HungarianMatcher+JohnsonDijkstraStrategy,184,mixed,defect_at_iteration,615
W3,800,1.25,17,HungarianMatcher+JohnsonDijkstraStrategy,185,mixed,edge_relaxations,4240
W3,800,1.25,17,HungarianMatcher+JohnsonDijkstraStrategy,185,mixed,defect_at_iteration,614
W3,800,1.25,17,HungarianMatcher+JohnsonDijkstraStrategy,186,mixed,edge_relaxations,4240
W3,800,1.25,17,HungarianMatcher+JohnsonDijkstraStrategy,186,mixed,defect_at_iteration,613
W3,800,1.25,17,HungarianMatcher+JohnsonDijkstraStrategy,187,mixed,edge_relaxations,4240
W3,800,1.25,17,HungarianMatcher+JohnsonDijkstraStrategy,187,mixed,defect_at_iteration,612
W3,800,1.25,17,HungarianMatcher+JohnsonDijkstraStrategy,188,mixed,edge_relaxations,4240
W3,800,1.25,17,HungarianMatcher+JohnsonDijkstraStrategy,188,mixed,defect_at_iteration,611
W3,800,1.25,17,HungarianMatcher+JohnsonDijkstraStrategy,189,mixed,edge_relaxations,4240
W3,800,1.25,17,HungarianMatcher+JohnsonDijkstraStrategy,189,mixed,defect_at_iteration,610
W3,800,1.25,17,HungarianMatcher+JohnsonDijkstraStrategy,190,mixed,edge_relaxations,4240
W3,800,1.25,17,HungarianMatcher+JohnsonDijkstraStrategy,190,mixed,defect_at_iteration,609
W3,800,1.25,17,HungarianMatcher+JohnsonDijkstraStrategy,191,mixed,edge_relaxations,4240
W3,800,1.25,17,HungarianMatcher+JohnsonDijkstraStrategy,191,mixed,defect_at_iteration,608
W3,800,1.25,17,HungarianMatcher+JohnsonDijkstraStrategy,192,mixed,edge_relaxations,4240
W3,800,1.25,17,HungarianMatcher+JohnsonDijkstraStrategy,192,mixed,defect_at_iteration,607
W3,800,1.25,17,HungarianMatcher+JohnsonDijkstraStrategy,193,mixed,edge_relaxations,4240
W3,800,1.25,17,HungarianMatcher+JohnsonDijkstraStrategy,193,mixed,defect_at_iteration,606
W3,800,1.25,17,HungarianMatcher+JohnsonDijkstraStrategy,194,mixed,edge_relaxations,4240
W3,800,1.25,17,HungarianMatcher+JohnsonDijkstraStrategy,194,mixed,defect_at_iteration,605
W3,800,1.25,17,HungarianMatcher+JohnsonDijkstraStrategy,195,mixed,edge_relaxations,4240
W3,800,1.25,17,HungarianMatcher+JohnsonDijkstraStrategy,195,mixed,defect_at_iteration,604
W3,800,1.25,17,HungarianMatcher+JohnsonDijkstraStrategy,196,mixed,edge_relaxations,4240
W3,800,1.25,17,HungarianMatcher+JohnsonDijkstraStrategy,196,mixed,defect_at_iteration,603
W3,800,1.25,17,HungarianMatcher+JohnsonDijkstraStrategy,197,mixed,edge_relaxations,4240
W3,800,1.25,17,HungarianMatcher+JohnsonDijkstraStrategy,197,mixed,defect_at_iteration,602
W3,800,1.25,17,HungarianMatcher+JohnsonDijkstraStrategy,198,mixed,edge_relaxations,4236
W3,800,1.25,17,HungarianMatcher+JohnsonDijkstraStrategy,198,mixed,defect_at_iteration,601
W3,800,1.25,17,HungarianMatcher+JohnsonDijkstraStrategy,199,mixed,edge_relaxations,4236
W3,800,1.25,17,HungarianMatcher+JohnsonDijkstraStrategy,199,mixed,defect_at_iteration,600
W3,800,1.25,17,HungarianMatcher+JohnsonDijkstraStrategy,200,mixed,edge_relaxations,4236
W3,800,1.25,17,HungarianMatcher+JohnsonDijkstraStrategy,200,mixed,defect_at_iteration,599
W3,800,1.25,17,HungarianMatcher+JohnsonDijkstraStrategy,201,mixed,edge_relaxations,4236
W3,800,1.25,17,HungarianMatcher+JohnsonDijkstraStrategy,201,mixed,defect_at_iteration,598
W3,800,1.25,17,HungarianMatcher+JohnsonDijkstraStrategy,202,mixed,edge_relaxations,4236
W3,800,1.25,17,HungarianMatcher+JohnsonDijkstraStrategy,202,mixed,defect_at_iteration,597
W3,800,1.25,17,HungarianMatcher+JohnsonDijkstraStrategy,203,mixed,edge_relaxations,4236
W3,800,1.25,17,HungarianMatcher+JohnsonDijkstraStrategy,203,mixed,defect_at_iteration,596
W3,800,1.25,17,HungarianMatcher+JohnsonDijkstraStrategy,204,mixed,edge_relaxations,4236
W3,800,1.25,17,HungarianMatcher+JohnsonDijkstraStrategy,204,mixed,defect_at_iteration,595
W3,800,1.25,17,HungarianMatcher+JohnsonDijkstraStrategy,205,mixed,edge_relaxations,4236
W3,800,1.25,17,HungarianMatcher+JohnsonDijkstraStrategy,205,mixed,defect_at_iteration,594
W3,800,1.25,17,HungarianMatcher+JohnsonDijkstraStrategy,206,mixed,edge_relaxations,4236
W3,800,1.25,17,HungarianMatcher+JohnsonDijkstraStrategy,206,mixed,defect_at_iteration,593
W3,800,1.25,17,HungarianMatcher+JohnsonDijkstraStrategy,207,mixed,edge_relaxations,4236
W3,800,1.25,17,HungarianMatcher+JohnsonDijkstraStrategy,207,mixed,defect_at_iteration,592
W3,800,1.25,17,HungarianMatcher+JohnsonDijkstraStrategy,208,mixed,edge_relaxations,4236
W3,800,1.25,17,HungarianMatcher+JohnsonDijkstraStrategy,208,mixed,defect_at_iteration,591
W3,800,1.25,17,HungarianMatcher+JohnsonDijkstraStrategy,209,mixed,edge_relaxations,4236
W3,800,1.25,17,HungarianMatcher+JohnsonDijkstraStrategy,209,mixed,defect_at_iteration,590
W3,800,1.25,17,HungarianMatcher+JohnsonDijkstraStrategy,210,mixed,edge_relaxations,4231
W3,800,1.25,17,HungarianMatcher+JohnsonDijkstraStrategy,210,mixed,defect_at_iteration,589
W3,800,1.25,17,HungarianMatcher+JohnsonDijkstraStrategy,211,mixed,edge_relaxations,4231
W3,800,1.25,17,HungarianMatcher+JohnsonDijkstraStrategy,211,mixed,defect_at_iteration,588
W3,800,1.25,17,HungarianMatcher+JohnsonDijkstraStrategy,212,mixed,edge_relaxations,4231
W3,800,1.25,17,HungarianMatcher+JohnsonDijkstraStrategy,212,mixed,defect_at_iteration,587
W3,800,1.25,17,HungarianMatcher+JohnsonDijkstraStrategy,213,mixed,edge_relaxations,4231
W3,800,1.25,17,HungarianMatcher+JohnsonDijkstraStrategy,213,mixed,defect_at_iteration,586
W3,800,1.25,17,HungarianMatcher+JohnsonDijkstraStrategy,214,mixed,edge_relaxations,4231
W3,800,1.25,17,HungarianMatcher+JohnsonDijkstraStrategy,214,mixed,defect_at_iteration,585
W3,800,1.25,17,HungarianMatcher+JohnsonDijkstraStrategy,215,mixed,edge_relaxations,4231
W3,800,1.25,17,HungarianMatcher+JohnsonDijkstraStrategy,215,mixed,defect_at_iteration,584
W3,800,1.25,17,HungarianMatcher+JohnsonDijkstraStrategy,216,mixed,edge_relaxations,4231
W3,800,1.25,17,HungarianMatcher+JohnsonDijkstraStrategy,216,mixed,defect_at_iteration,583
W3,800,1.25,17,HungarianMatcher+JohnsonDijkstraStrategy,217,mixed,edge_relaxations,4231
W3,800,1.25,17,HungarianMatcher+JohnsonDijkstraStrategy,217,mixed,defect_at_iteration,582
W3,800,1.25,17,HungarianMatcher+JohnsonDijkstraStrategy,218,mixed,edge_relaxations,4231
W3,800,1.25,17,HungarianMatcher+JohnsonDijkstraStrategy,218,mixed,defect_at_iteration,581
W3,800,1.25,17,HungarianMatcher+JohnsonDijkstraStrategy,219,mixed,edge_relaxations,4231
W3,800,1.25,17,HungarianMatcher+JohnsonDijkstraStrategy,219,mixed,defect_at_iteration,580
W3,800,1.25,17,HungarianMatcher+JohnsonDijkstraStrategy,220,mixed,edge_relaxations,4231
W3,800,1.25,17,HungarianMatcher+JohnsonDijkstraStrategy,220,mixed,defect_at_iteration,579
W3,800,1.25,17,HungarianMatcher+JohnsonDijkstraStrategy,221,mixed,edge_relaxations,4223
W3,800,1.25,17,HungarianMatcher+JohnsonDijkstraStrategy,221,mixed,defect_at_iteration,578
W3,800,1.25,17,HungarianMatcher+JohnsonDijkstraStrategy,222,mixed,edge_relaxations,4223
W3,800,1.25,17,HungarianMatcher+JohnsonDijkstraStrategy,222,mixed,defect_at_iteration,577
W3,800,1.25,17,HungarianMatcher+JohnsonDijkstraStrategy,223,mixed,edge_relaxations,4223
W3,800,1.25,17,HungarianMatcher+JohnsonDijkstraStrategy,223,mixed,defect_at_iteration,576
W3,800,1.25,17,HungarianMatcher+JohnsonDijkstraStrategy,224,mixed,edge_relaxations,4223
W3,800,1.25,17,HungarianMatcher+JohnsonDijkstraStrategy,224,mixed,defect_at_iteration,575
W3,800,1.25,17,HungarianMatcher+JohnsonDijkstraStrategy,225,mixed,edge_relaxations,4223
W3,800,1.25,17,HungarianMatcher+JohnsonDijkstraStrategy,225,mixed,defect_at_iteration,574
W3,800,1.25,17,HungarianMatcher+JohnsonDijkstraStrategy,226,mixed,edge_relaxations,4223
W3,800,1.25,17,HungarianMatcher+JohnsonDijkstraStrategy,226,mixed,defect_at_iteration,573
W3,800,1.25,17,HungarianMatcher+JohnsonDijkstraStrategy,227,mixed,edge_relaxations,4223
W3,800,1.25,17,HungarianMatcher+JohnsonDijkstraStrategy,227,mixed,defect_at_iteration,572
W3,800,1.25,17,HungarianMatcher+JohnsonDijkstraStrategy,228,mixed,edge_relaxations,4223
W3,800,1.25,17,HungarianMatcher+JohnsonDijkstraStrategy,228,mixed,defect_at_iteration,571
W3,800,1.25,17,HungarianMatcher+JohnsonDijkstraStrategy,229,mixed,edge_relaxations,4223
W3,800,1.25,17,HungarianMatcher+JohnsonDijkstraStrategy,229,mixed,defect_at_iteration,570
W3,800,1.25,17,HungarianMatcher+JohnsonDijkstraStrategy,230,mixed,edge_relaxations,4223
W3,800,1.25,17,HungarianMatcher+JohnsonDijkstraStrategy,230,mixed,defect_at_iteration,569
W3,800,1.25,17,HungarianMatcher+JohnsonDijkstraStrategy,231,mixed,edge_relaxations,4223
W3,800,1.25,17,HungarianMatcher+JohnsonDijkstraStrategy,231,mixed,defect_at_iteration,568
W3,800,1.25,17,HungarianMatcher+JohnsonDijkstraStrategy,232,mixed,edge_relaxations,4223
W3,800,1.25,17,HungarianMatcher+JohnsonDijkstraStrategy,232,mixed,defect_at_iteration,567
W3,800,1.25,17,HungarianMatcher+JohnsonDijkstraStrategy,233,mixed,edge_relaxations,4223
W3,800,1.25,17,HungarianMatcher+JohnsonDijkstraStrategy,233,mixed,defect_at_iteration,566
W3,800,1.25,17,HungarianMatcher+JohnsonDijkstraStrategy,234,mixed,edge_relaxations,4223
W3,800,1.25,17,HungarianMatcher+JohnsonDijkstraStrategy,234,mixed,defect_at_iteration,565
W3,800,1.25,17,HungarianMatcher+JohnsonDijkstraStrategy,235,mixed,edge_relaxations,4223
W3,800,1.25,17,HungarianMatcher+JohnsonDijkstraStrategy,235,mixed,defect_at_iteration,564
W3,800,1.25,17,HungarianMatcher+JohnsonDijkstraStrategy,236,mixed,edge_relaxations,4223
W3,800,1.25,17,HungarianMatcher+JohnsonDijkstraStrategy,236,mixed,defect_at_iteration,563
W3,800,1.25,17,HungarianMatcher+JohnsonDijkstraStrategy,237,mixed,edge_relaxations,4223
W3,800,1.25,17,HungarianMatcher+JohnsonDijkstraStrategy,237,mixed,defect_at_iteration,562
W3,800,1.25,17,HungarianMatcher+JohnsonDijkstraStrategy,238,mixed,edge_relaxations,4223
W3,800,1.25,17,HungarianMatcher+JohnsonDijkstraStrategy,238,mixed,defect_at_iteration,561
W3,800,1.25,17,HungarianMatcher+JohnsonDijkstraStrategy,239,mixed,edge_relaxations,4223
W3,800,1.25,17,HungarianMatcher+JohnsonDijkstraStrategy,239,mixed,defect_at_iteration,560
W3,800,1.25,17,HungarianMatcher+JohnsonDijkstraStrategy,240,mixed,edge_relaxations,4223
W3,800,1.25,17,HungarianMatcher+JohnsonDijkstraStrategy,240,mixed,defect_at_iteration,559
W3,800,1.25,17,HungarianMatcher+JohnsonDijkstraStrategy,241,mixed,edge_relaxations,4223
W3,800,1.25,17,HungarianMatcher+JohnsonDijkstraStrategy,241,mixed,defect_at_iteration,558
W3,800,1.25,17,HungarianMatcher+JohnsonDijkstraStrategy,242,mixed,edge_relaxations,4223
W3,800,1.25,17,HungarianMatcher+JohnsonDijkstraStrategy,242,mixed,defect_at_iteration,557
W3,800,1.25,17,HungarianMatcher+JohnsonDijkstraStrategy,243,mixed,edge_relaxations,4223
W3,800,1.25,17,HungarianMatcher+JohnsonDijkstraStrategy,243,mixed,defect_at_iteration,556
W3,800,1.25,17,HungarianMatcher+JohnsonDijkstraStrategy,244,mixed,edge_relaxations,4223
W3,800,1.25,17,HungarianMatcher+JohnsonDijkstraStrategy,244,mixed,defect_at_iteration,555
W3,800,1.25,17,HungarianMatcher+JohnsonDijkstraStrategy,245,mixed,edge_relaxations,4223
W3,800,1.25,17,HungarianMatcher+JohnsonDijkstraStrategy,245,mixed,defect_at_iteration,554
W3,800,1.25,17,HungarianMatcher+JohnsonDijkstraStrategy,246,mixed,edge_relaxations,4223
W3,800,1.25,17,HungarianMatcher+JohnsonDijkstraStrategy,246,mixed,defect_at_iteration,553
W3,800,1.25,17,HungarianMatcher+JohnsonDijkstraStrategy,247,mixed,edge_relaxations,4223
W3,800,1.25,17,HungarianMatcher+JohnsonDijkstraStrategy,247,mixed,defect_at_iteration,552
W3,800,1.25,17,HungarianMatcher+JohnsonDijkstraStrategy,248,mixed,edge_relaxations,4223
W3,800,1.25,17,HungarianMatcher+JohnsonDijkstraStrategy,248,mixed,defect_at_iteration,551
W3,800,1.25,17,HungarianMatcher+JohnsonDijkstraStrategy,249,mixed,edge_relaxations,4223
W3,800,1.25,17,HungarianMatcher+JohnsonDijkstraStrategy,249,mixed,defect_at_iteration,550
W3,800,1.25,17,HungarianMatcher+JohnsonDijkstraStrategy,250,mixed,edge_relaxations,4223
W3,800,1.25,17,HungarianMatcher+JohnsonDijkstraStrategy,250,mixed,defect_at_iteration,549
W3,800,1.25,17,HungarianMatcher+JohnsonDijkstraStrategy,251,mixed,edge_relaxations,4223
W3,800,1.25,17,HungarianMatcher+JohnsonDijkstraStrategy,251,mixed,defect_at_iteration,548
W3,800,1.25,17,HungarianMatcher+JohnsonDijkstraStrategy,252,mixed,edge_relaxations,4223
W3,800,1.25,17,HungarianMatcher+JohnsonDijkstraStrategy,252,mixed,defect_at_iteration,547
W3,800,1.25,17,HungarianMatcher+JohnsonDijkstraStrategy,253,mixed,edge_relaxations,4223
W3,800,1.25,17,HungarianMatcher+JohnsonDijkstraStrategy,253,mixed,defect_at_iteration,546
W3,800,1.25,17,HungarianMatcher+JohnsonDijkstraStrategy,254,mixed,edge_relaxations,4223
W3,800,1.25,17,HungarianMatcher+JohnsonDijkstraStrategy,254,mixed,defect_at_iteration,545
W3,800,1.25,17,HungarianMatcher+JohnsonDijkstraStrategy,255,mixed,edge_relaxations,4223
W3,800,1.25,17,HungarianMatcher+JohnsonDijkstraStrategy,255,mixed,defect_at_iteration,544
W3,800,1.25,17,HungarianMatcher+JohnsonDijkstraStrategy,256,mixed,edge_relaxations,4223
W3,800,1.25,17,HungarianMatcher+JohnsonDijkstraStrategy,256,mixed,defect_at_iteration,543
W3,800,1.25,17,HungarianMatcher+JohnsonDijkstraStrategy,257,mixed,edge_relaxations,4216
W3,800,1.25,17,HungarianMatcher+JohnsonDijkstraStrategy,257,mixed,defect_at_iteration,542
W3,800,1.25,17,HungarianMatcher+JohnsonDijkstraStrategy,258,mixed,edge_relaxations,4216
W3,800,1.25,17,HungarianMatcher+JohnsonDijkstraStrategy,258,mixed,defect_at_iteration,541
W3,800,1.25,17,HungarianMatcher+JohnsonDijkstraStrategy,259,mixed,edge_relaxations,4216
W3,800,1.25,17,HungarianMatcher+JohnsonDijkstraStrategy,259,mixed,defect_at_iteration,540
W3,800,1.25,17,HungarianMatcher+JohnsonDijkstraStrategy,260,mixed,edge_relaxations,4216
W3,800,1.25,17,HungarianMatcher+JohnsonDijkstraStrategy,260,mixed,defect_at_iteration,539
W3,800,1.25,17,HungarianMatcher+JohnsonDijkstraStrategy,261,mixed,edge_relaxations,4216
W3,800,1.25,17,HungarianMatcher+JohnsonDijkstraStrategy,261,mixed,defect_at_iteration,538
W3,800,1.25,17,HungarianMatcher+JohnsonDijkstraStrategy,262,mixed,edge_relaxations,4216
W3,800,1.25,17,HungarianMatcher+JohnsonDijkstraStrategy,262,mixed,defect_at_iteration,537
W3,800,1.25,17,HungarianMatcher+JohnsonDijkstraStrategy,263,mixed,edge_relaxations,4216
W3,800,1.25,17,HungarianMatcher+JohnsonDijkstraStrategy,263,mixed,defect_at_iteration,536
W3,800,1.25,17,HungarianMatcher+JohnsonDijkstraStrategy,264,mixed,edge_relaxations,4216
W3,800,1.25,17,HungarianMatcher+JohnsonDijkstraStrategy,264,mixed,defect_at_iteration,535
W3,800,1.25,17,HungarianMatcher+JohnsonDijkstraStrategy,265,mixed,edge_relaxations,4216
W3,800,1.25,17,HungarianMatcher+JohnsonDijkstraStrategy,265,mixed,defect_at_iteration,534
W3,800,1.25,17,HungarianMatcher+JohnsonDijkstraStrategy,266,mixed,edge_relaxations,4216
W3,800,1.25,17,HungarianMatcher+JohnsonDijkstraStrategy,266,mixed,defect_at_iteration,533
W3,800,1.25,17,HungarianMatcher+JohnsonDijkstraStrategy,267,mixed,edge_relaxations,4216
W3,800,1.25,17,HungarianMatcher+JohnsonDijkstraStrategy,267,mixed,defect_at_iteration,532
W3,800,1.25,17,HungarianMatcher+JohnsonDijkstraStrategy,268,mixed,edge_relaxations,4216
W3,800,1.25,17,HungarianMatcher+JohnsonDijkstraStrategy,268,mixed,defect_at_iteration,531
W3,800,1.25,17,HungarianMatcher+JohnsonDijkstraStrategy,269,mixed,edge_relaxations,4216
W3,800,1.25,17,HungarianMatcher+JohnsonDijkstraStrategy,269,mixed,defect_at_iteration,530
W3,800,1.25,17,HungarianMatcher+JohnsonDijkstraStrategy,270,mixed,edge_relaxations,4216
W3,800,1.25,17,HungarianMatcher+JohnsonDijkstraStrategy,270,mixed,defect_at_iteration,529
W3,800,1.25,17,HungarianMatcher+JohnsonDijkstraStrategy,271,mixed,edge_relaxations,4216
W3,800,1.25,17,HungarianMatcher+JohnsonDijkstraStrategy,271,mixed,defect_at_iteration,528
W3,800,1.25,17,HungarianMatcher+JohnsonDijkstraStrategy,272,mixed,edge_relaxations,4216
W3,800,1.25,17,HungarianMatcher+JohnsonDijkstraStrategy,272,mixed,defect_at_iteration,527
W3,800,1.25,17,HungarianMatcher+JohnsonDijkstraStrategy,273,mixed,edge_relaxations,4216
W3,800,1.25,17,HungarianMatcher+JohnsonDijkstraStrategy,273,mixed,defect_at_iteration,526
W3,800,1.25,17,HungarianMatcher+JohnsonDijkstraStrategy,274,mixed,edge_relaxations,4216
W3,800,1.25,17,HungarianMatcher+JohnsonDijkstraStrategy,274,mixed,defect_at_iteration,525
W3,800,1.25,17,HungarianMatcher+JohnsonDijkstraStrategy,275,mixed,edge_relaxations,4216
W3,800,1.25,17,HungarianMatcher+JohnsonDijkstraStrategy,275,mixed,defect_at_iteration,524
W3,800,1.25,17,HungarianMatcher+JohnsonDijkstraStrategy,276,mixed,edge_relaxations,4216
W3,800,1.25,17,HungarianMatcher+JohnsonDijkstraStrategy,276,mixed,defect_at_iteration,523
W3,800,1.25,17,HungarianMatcher+JohnsonDijkstraStrategy,277,mixed,edge_relaxations,4216
W3,800,1.25,17,HungarianMatcher+JohnsonDijkstraStrategy,277,mixed,defect_at_iteration,522
W3,800,1.25,17,HungarianMatcher+JohnsonDijkstraStrategy,278,mixed,edge_relaxations,4216
W3,800,1.25,17,HungarianMatcher+JohnsonDijkstraStrategy,278,mixed,defect_at_iteration,521
W3,800,1.25,17,HungarianMatcher+JohnsonDijkstraStrategy,279,mixed,edge_relaxations,4216
W3,800,1.25,17,HungarianMatcher+JohnsonDijkstraStrategy,279,mixed,defect_at_iteration,520
W3,800,1.25,17,HungarianMatcher+JohnsonDijkstraStrategy,280,mixed,edge_relaxations,4216
W3,800,1.25,17,HungarianMatcher+JohnsonDijkstraStrategy,280,mixed,defect_at_iteration,519
W3,800,1.25,17,HungarianMatcher+JohnsonDijkstraStrategy,281,mixed,edge_relaxations,4216
W3,800,1.25,17,HungarianMatcher+JohnsonDijkstraStrategy,281,mixed,defect_at_iteration,518
W3,800,1.25,17,HungarianMatcher+JohnsonDijkstraStrategy,282,mixed,edge_relaxations,4216
W3,800,1.25,17,HungarianMatcher+JohnsonDijkstraStrategy,282,mixed,defect_at_iteration,517
W3,800,1.25,17,HungarianMatcher+JohnsonDijkstraStrategy,283,mixed,edge_relaxations,4216
W3,800,1.25,17,HungarianMatcher+JohnsonDijkstraStrategy,283,mixed,defect_at_iteration,516
W3,800,1.25,17,HungarianMatcher+JohnsonDijkstraStrategy,284,mixed,edge_relaxations,4216
W3,800,1.25,17,HungarianMatcher+JohnsonDijkstraStrategy,284,mixed,defect_at_iteration,515
W3,800,1.25,17,HungarianMatcher+JohnsonDijkstraStrategy,285,mixed,edge_relaxations,4216
W3,800,1.25,17,HungarianMatcher+JohnsonDijkstraStrategy,285,mixed,defect_at_iteration,514
W3,800,1.25,17,HungarianMatcher+JohnsonDijkstraStrategy,286,mixed,edge_relaxations,4216
W3,800,1.25,17,HungarianMatcher+JohnsonDijkstraStrategy,286,mixed,defect_at_iteration,513
W3,800,1.25,17,HungarianMatcher+JohnsonDijkstraStrategy,287,mixed,edge_relaxations,4216
W3,800,1.25,17,HungarianMatcher+JohnsonDijkstraStrategy,287,mixed,defect_at_iteration,512
W3,800,1.25,17,HungarianMatcher+JohnsonDijkstraStrategy,288,mixed,edge_relaxations,4216
W3,800,1.25,17,HungarianMatcher+JohnsonDijkstraStrategy,288,mixed,defect_at_iteration,511
W3,800,1.25,17,HungarianMatcher+JohnsonDijkstraStrategy,289,mixed,edge_relaxations,4216
W3,800,1.25,17,HungarianMatcher+JohnsonDijkstraStrategy,289,mixed,defect_at_iteration,510
W3,800,1.25,17,HungarianMatcher+JohnsonDijkstraStrategy,290,mixed,edge_relaxations,4216
W3,800,1.25,17,HungarianMatcher+JohnsonDijkstraStrategy,290,mixed,defect_at_iteration,509
W3,800,1.25,17,HungarianMatcher+JohnsonDijkstraStrategy,291,mixed,edge_relaxations,4216
W3,800,1.25,17,HungarianMatcher+JohnsonDijkstraStrategy,291,mixed,defect_at_iteration,508
W3,800,1.25,17,HungarianMatcher+JohnsonDijkstraStrategy,292,mixed,edge_relaxations,4216
W3,800,1.25,17,HungarianMatcher+JohnsonDijkstraStrategy,292,mixed,defect_at_iteration,507
W3,800,1.25,17,HungarianMatcher+JohnsonDijkstraStrategy,293,mixed,edge_relaxations,4216
W3,800,1.25,17,HungarianMatcher+JohnsonDijkstraStrategy,293,mixed,defect_at_iteration,506
W3,800,1.25,17,HungarianMatcher+JohnsonDijkstraStrategy,294,mixed,edge_relaxations,4216
W3,800,1.25,17,HungarianMatcher+JohnsonDijkstraStrategy,294,mixed,defect_at_iteration,505
W3,800,1.25,17,HungarianMatcher+JohnsonDijkstraStrategy,295,mixed,edge_relaxations,4216
W3,800,1.25,17,HungarianMatcher+JohnsonDijkstraStrategy,295,mixed,defect_at_iteration,504
W3,800,1.25,17,HungarianMatcher+JohnsonDijkstraStrategy,296,mixed,edge_relaxations,4216
W3,800,1.25,17,HungarianMatcher+JohnsonDijkstraStrategy,296,mixed,defect_at_iteration,503
W3,800,1.25,17,HungarianMatcher+JohnsonDijkstraStrategy,297,mixed,edge_relaxations,4216
W3,800,1.25,17,HungarianMatcher+JohnsonDijkstraStrategy,297,mixed,defect_at_iteration,502
W3,800,1.25,17,HungarianMatcher+JohnsonDijkstraStrategy,298,mixed,edge_relaxations,4216
W3,800,1.25,17,HungarianMatcher+JohnsonDijkstraStrategy,298,mixed,defect_at_iteration,501
W3,800,1.25,17,HungarianMatcher+JohnsonDijkstraStrategy,299,mixed,edge_relaxations,4216
W3,800,1.25,17,HungarianMatcher+JohnsonDijkstraStrategy,299,mixed,defect_at_iteration,500
W3,800,1.25,17,HungarianMatcher+JohnsonDijkstraStrategy,300,mixed,edge_relaxations,4216
W3,800,1.25,17,HungarianMatcher+JohnsonDijkstraStrategy,300,mixed,defect_at_iteration,499
W3,800,1.25,17,HungarianMatcher+JohnsonDijkstraStrategy,301,mixed,edge_relaxations,4216
W3,800,1.25,17,HungarianMatcher+JohnsonDijkstraStrategy,301,mixed,defect_at_iteration,498
W3,800,1.25,17,HungarianMatcher+JohnsonDijkstraStrategy,302,mixed,edge_relaxations,4216
W3,800,1.25,17,HungarianMatcher+JohnsonDijkstraStrategy,302,mixed,defect_at_iteration,497
W3,800,1.25,17,HungarianMatcher+JohnsonDijkstraStrategy,303,mixed,edge_relaxations,4216
W3,800,1.25,17,HungarianMatcher+JohnsonDijkstraStrategy,303,mixed,defect_at_iteration,496
W3,800,1.25,17,HungarianMatcher+JohnsonDijkstraStrategy,304,mixed,edge_relaxations,4216
W3,800,1.25,17,HungarianMatcher+JohnsonDijkstraStrategy,304,mixed,defect_at_iteration,495
W3,800,1.25,17,HungarianMatcher+JohnsonDijkstraStrategy,305,mixed,edge_relaxations,4216
W3,800,1.25,17,HungarianMatcher+JohnsonDijkstraStrategy,305,mixed,defect_at_iteration,494
W3,800,1.25,17,HungarianMatcher+JohnsonDijkstraStrategy,306,mixed,edge_relaxations,4216
W3,800,1.25,17,HungarianMatcher+JohnsonDijkstraStrategy,306,mixed,defect_at_iteration,493
W3,800,1.25,17,HungarianMatcher+JohnsonDijkstraStrategy,307,mixed,edge_relaxations,4216
W3,800,1.25,17,HungarianMatcher+JohnsonDijkstraStrategy,307,mixed,defect_at_iteration,492
W3,800,1.25,17,HungarianMatcher+JohnsonDijkstraStrategy,308,mixed,edge_relaxations,4216
W3,800,1.25,17,HungarianMatcher+JohnsonDijkstraStrategy,308,mixed,defect_at_iteration,491
W3,800,1.25,17,HungarianMatcher+JohnsonDijkstraStrategy,309,mixed,edge_relaxations,4216
W3,800,1.25,17,HungarianMatcher+JohnsonDijkstraStrategy,309,mixed,defect_at_iteration,490
W3,800,1.25,17,HungarianMatcher+JohnsonDijkstraStrategy,310,mixed,edge_relaxations,4216
W3,800,1.25,17,HungarianMatcher+JohnsonDijkstraStrategy,310,mixed,defect_at_iteration,489
W3,800,1.25,17,HungarianMatcher+JohnsonDijkstraStrategy,311,mixed,edge_relaxations,4216
W3,800,1.25,17,HungarianMatcher+JohnsonDijkstraStrategy,311,mixed,defect_at_iteration,488
W3,800,1.25,17,HungarianMatcher+JohnsonDijkstraStrategy,312,mixed,edge_relaxations,4216
W3,800,1.25,17,HungarianMatcher+JohnsonDijkstraStrategy,312,mixed,defect_at_iteration,487
W3,800,1.25,17,HungarianMatcher+JohnsonDijkstraStrategy,313,mixed,edge_relaxations,4216
W3,800,1.25,17,HungarianMatcher+JohnsonDijkstraStrategy,313,mixed,defect_at_iteration,486
W3,800,1.25,17,HungarianMatcher+JohnsonDijkstraStrategy,314,mixed,edge_relaxations,4216
W3,800,1.25,17,HungarianMatcher+JohnsonDijkstraStrategy,314,mixed,defect_at_iteration,485
W3,800,1.25,17,HungarianMatcher+JohnsonDijkstraStrategy,315,mixed,edge_relaxations,4216
W3,800,1.25,17,HungarianMatcher+JohnsonDijkstraStrategy,315,mixed,defect_at_iteration,484
W3,800,1.25,17,HungarianMatcher+JohnsonDijkstraStrategy,316,mixed,edge_relaxations,4216
W3,800,1.25,17,HungarianMatcher+JohnsonDijkstraStrategy,316,mixed,defect_at_iteration,483
W3,800,1.25,17,HungarianMatcher+JohnsonDijkstraStrategy,317,mixed,edge_relaxations,4216
W3,800,1.25,17,HungarianMatcher+JohnsonDijkstraStrategy,317,mixed,defect_at_iteration,482
W3,800,1.25,17,HungarianMatcher+JohnsonDijkstraStrategy,318,mixed,edge_relaxations,4216
W3,800,1.25,17,HungarianMatcher+JohnsonDijkstraStrategy,318,mixed,defect_at_iteration,481
W3,800,1.25,17,HungarianMatcher+JohnsonDijkstraStrategy,319,mixed,edge_relaxations,4216
W3,800,1.25,17,HungarianMatcher+JohnsonDijkstraStrategy,319,mixed,defect_at_iteration,480
W3,800,1.25,17,HungarianMatcher+JohnsonDijkstraStrategy,320,mixed,edge_relaxations,4216
W3,800,1.25,17,HungarianMatcher+JohnsonDijkstraStrategy,320,mixed,defect_at_iteration,479
W3,800,1.25,17,HungarianMatcher+JohnsonDijkstraStrategy,321,mixed,edge_relaxations,4216
W3,800,1.25,17,HungarianMatcher+JohnsonDijkstraStrategy,321,mixed,defect_at_iteration,478
W3,800,1.25,17,HungarianMatcher+JohnsonDijkstraStrategy,322,mixed,edge_relaxations,4216
W3,800,1.25,17,HungarianMatcher+JohnsonDijkstraStrategy,322,mixed,defect_at_iteration,477
W3,800,1.25,17,HungarianMatcher+JohnsonDijkstraStrategy,323,mixed,edge_relaxations,4216
W3,800,1.25,17,HungarianMatcher+JohnsonDijkstraStrategy,323,mixed,defect_at_iteration,476
W3,800,1.25,17,HungarianMatcher+JohnsonDijkstraStrategy,324,mixed,edge_relaxations,4216
W3,800,1.25,17,HungarianMatcher+JohnsonDijkstraStrategy,324,mixed,defect_at_iteration,475
W3,800,1.25,17,HungarianMatcher+JohnsonDijkstraStrategy,325,mixed,edge_relaxations,4216
W3,800,1.25,17,HungarianMatcher+JohnsonDijkstraStrategy,325,mixed,defect_at_iteration,474
W3,800,1.25,17,HungarianMatcher+JohnsonDijkstraStrategy,326,mixed,edge_relaxations,4216
W3,800,1.25,17,HungarianMatcher+JohnsonDijkstraStrategy,326,mixed,defect_at_iteration,473
W3,800,1.25,17,HungarianMatcher+JohnsonDijkstraStrategy,327,mixed,edge_relaxations,4216
W3,800,1.25,17,HungarianMatcher+JohnsonDijkstraStrategy,327,mixed,defect_at_iteration,472
W3,800,1.25,17,HungarianMatcher+JohnsonDijkstraStrategy,328,mixed,edge_relaxations,4216
W3,800,1.25,17,HungarianMatcher+JohnsonDijkstraStrategy,328,mixed,defect_at_iteration,471
W3,800,1.25,17,HungarianMatcher+JohnsonDijkstraStrategy,329,mixed,edge_relaxations,4216
W3,800,1.25,17,HungarianMatcher+JohnsonDijkstraStrategy,329,mixed,defect_at_iteration,470
W3,800,1.25,17,HungarianMatcher+JohnsonDijkstraStrategy,330,mixed,edge_relaxations,4216
W3,800,1.25,17,HungarianMatcher+JohnsonDijkstraStrategy,330,mixed,defect_at_iteration,469
W3,800,1.25,17,HungarianMatcher+JohnsonDijkstraStrategy,331,mixed,edge_relaxations,4216
W3,800,1.25,17,HungarianMatcher+JohnsonDijkstraStrategy,331,mixed,defect_at_iteration,468
W3,800,1.25,17,HungarianMatcher+JohnsonDijkstraStrategy,332,mixed,edge_relaxations,4216
W3,800,1.25,17,HungarianMatcher+JohnsonDijkstraStrategy,332,mixed,defect_at_iteration,467
W3,800,1.25,17,HungarianMatcher+JohnsonDijkstraStrategy,333,mixed,edge_relaxations,4216
W3,800,1.25,17,HungarianMatcher+JohnsonDijkstraStrategy,333,mixed,defect_at_iteration,466
W3,800,1.25,17,HungarianMatcher+JohnsonDijkstraStrategy,334,mixed,edge_relaxations,4216
W3,800,1.25,17,HungarianMatcher+JohnsonDijkstraStrategy,334,mixed,defect_at_iteration,465
W3,800,1.25,17,HungarianMatcher+JohnsonDijkstraStrategy,335,mixed,edge_relaxations,4216
W3,800,1.25,17,HungarianMatcher+JohnsonDijkstraStrategy,335,mixed,defect_at_iteration,464
W3,800,1.25,17,HungarianMatcher+JohnsonDijkstraStrategy,336,mixed,edge_relaxations,4216
W3,800,1.25,17,HungarianMatcher+JohnsonDijkstraStrategy,336,mixed,defect_at_iteration,463
W3,800,1.25,17,HungarianMatcher+JohnsonDijkstraStrategy,337,mixed,edge_relaxations,4216
W3,800,1.25,17,HungarianMatcher+JohnsonDijkstraStrategy,337,mixed,defect_at_iteration,462
W3,800,1.25,17,HungarianMatcher+JohnsonDijkstraStrategy,338,mixed,edge_relaxations,4207
W3,800,1.25,17,HungarianMatcher+JohnsonDijkstraStrategy,338,mixed,defect_at_iteration,461
W3,800,1.25,17,HungarianMatcher+JohnsonDijkstraStrategy,339,mixed,edge_relaxations,4207
W3,800,1.25,17,HungarianMatcher+JohnsonDijkstraStrategy,339,mixed,defect_at_iteration,460
W3,800,1.25,17,HungarianMatcher+JohnsonDijkstraStrategy,340,mixed,edge_relaxations,4207
W3,800,1.25,17,HungarianMatcher+JohnsonDijkstraStrategy,340,mixed,defect_at_iteration,459
W3,800,1.25,17,HungarianMatcher+JohnsonDijkstraStrategy,341,mixed,edge_relaxations,4207
W3,800,1.25,17,HungarianMatcher+JohnsonDijkstraStrategy,341,mixed,defect_at_iteration,458
W3,800,1.25,17,HungarianMatcher+JohnsonDijkstraStrategy,342,mixed,edge_relaxations,4207
W3,800,1.25,17,HungarianMatcher+JohnsonDijkstraStrategy,342,mixed,defect_at_iteration,457
W3,800,1.25,17,HungarianMatcher+JohnsonDijkstraStrategy,343,mixed,edge_relaxations,4207
W3,800,1.25,17,HungarianMatcher+JohnsonDijkstraStrategy,343,mixed,defect_at_iteration,456
W3,800,1.25,17,HungarianMatcher+JohnsonDijkstraStrategy,344,mixed,edge_relaxations,4207
W3,800,1.25,17,HungarianMatcher+JohnsonDijkstraStrategy,344,mixed,defect_at_iteration,455
W3,800,1.25,17,HungarianMatcher+JohnsonDijkstraStrategy,345,mixed,edge_relaxations,4207
W3,800,1.25,17,HungarianMatcher+JohnsonDijkstraStrategy,345,mixed,defect_at_iteration,454
W3,800,1.25,17,HungarianMatcher+JohnsonDijkstraStrategy,346,mixed,edge_relaxations,4207
W3,800,1.25,17,HungarianMatcher+JohnsonDijkstraStrategy,346,mixed,defect_at_iteration,453
W3,800,1.25,17,HungarianMatcher+JohnsonDijkstraStrategy,347,mixed,edge_relaxations,4207
W3,800,1.25,17,HungarianMatcher+JohnsonDijkstraStrategy,347,mixed,defect_at_iteration,452
W3,800,1.25,17,HungarianMatcher+JohnsonDijkstraStrategy,348,mixed,edge_relaxations,4207
W3,800,1.25,17,HungarianMatcher+JohnsonDijkstraStrategy,348,mixed,defect_at_iteration,451
W3,800,1.25,17,HungarianMatcher+JohnsonDijkstraStrategy,349,mixed,edge_relaxations,4207
W3,800,1.25,17,HungarianMatcher+JohnsonDijkstraStrategy,349,mixed,defect_at_iteration,450
W3,800,1.25,17,HungarianMatcher+JohnsonDijkstraStrategy,350,mixed,edge_relaxations,4207
W3,800,1.25,17,HungarianMatcher+JohnsonDijkstraStrategy,350,mixed,defect_at_iteration,449
W3,800,1.25,17,HungarianMatcher+JohnsonDijkstraStrategy,351,mixed,edge_relaxations,4207
W3,800,1.25,17,HungarianMatcher+JohnsonDijkstraStrategy,351,mixed,defect_at_iteration,448
W3,800,1.25,17,HungarianMatcher+JohnsonDijkstraStrategy,352,mixed,edge_relaxations,4207
W3,800,1.25,17,HungarianMatcher+JohnsonDijkstraStrategy,352,mixed,defect_at_iteration,447
W3,800,1.25,17,HungarianMatcher+JohnsonDijkstraStrategy,353,mixed,edge_relaxations,4207
W3,800,1.25,17,HungarianMatcher+JohnsonDijkstraStrategy,353,mixed,defect_at_iteration,446
W3,800,1.25,17,HungarianMatcher+JohnsonDijkstraStrategy,354,mixed,edge_relaxations,4207
W3,800,1.25,17,HungarianMatcher+JohnsonDijkstraStrategy,354,mixed,defect_at_iteration,445
W3,800,1.25,17,HungarianMatcher+JohnsonDijkstraStrategy,355,mixed,edge_relaxations,4207
W3,800,1.25,17,HungarianMatcher+JohnsonDijkstraStrategy,355,mixed,defect_at_iteration,444
W3,800,1.25,17,HungarianMatcher+JohnsonDijkstraStrategy,356,mixed,edge_relaxations,4207
W3,800,1.25,17,HungarianMatcher+JohnsonDijkstraStrategy,356,mixed,defect_at_iteration,443
W3,800,1.25,17,HungarianMatcher+JohnsonDijkstraStrategy,357,mixed,edge_relaxations,4207
W3,800,1.25,17,HungarianMatcher+JohnsonDijkstraStrategy,357,mixed,defect_at_iteration,442
W3,800,1.25,17,HungarianMatcher+JohnsonDijkstraStrategy,358,mixed,edge_relaxations,4207
W3,800,1.25,17,HungarianMatcher+JohnsonDijkstraStrategy,358,mixed,defect_at_iteration,441
W3,800,1.25,17,HungarianMatcher+JohnsonDijkstraStrategy,359,mixed,edge_relaxations,4207
W3,800,1.25,17,HungarianMatcher+JohnsonDijkstraStrategy,359,mixed,defect_at_iteration,440
W3,800,1.25,17,HungarianMatcher+JohnsonDijkstraStrategy,360,mixed,edge_relaxations,4207
W3,800,1.25,17,HungarianMatcher+JohnsonDijkstraStrategy,360,mixed,defect_at_iteration,439
W3,800,1.25,17,HungarianMatcher+JohnsonDijkstraStrategy,361,mixed,edge_relaxations,4207
W3,800,1.25,17,HungarianMatcher+JohnsonDijkstraStrategy,361,mixed,defect_at_iteration,438
W3,800,1.25,17,HungarianMatcher+JohnsonDijkstraStrategy,362,mixed,edge_relaxations,4200
W3,800,1.25,17,HungarianMatcher+JohnsonDijkstraStrategy,362,mixed,defect_at_iteration,437
W3,800,1.25,17,HungarianMatcher+JohnsonDijkstraStrategy,363,mixed,edge_relaxations,4200
W3,800,1.25,17,HungarianMatcher+JohnsonDijkstraStrategy,363,mixed,defect_at_iteration,436
W3,800,1.25,17,HungarianMatcher+JohnsonDijkstraStrategy,364,mixed,edge_relaxations,4200
W3,800,1.25,17,HungarianMatcher+JohnsonDijkstraStrategy,364,mixed,defect_at_iteration,435
W3,800,1.25,17,HungarianMatcher+JohnsonDijkstraStrategy,365,mixed,edge_relaxations,4200
W3,800,1.25,17,HungarianMatcher+JohnsonDijkstraStrategy,365,mixed,defect_at_iteration,434
W3,800,1.25,17,HungarianMatcher+JohnsonDijkstraStrategy,366,mixed,edge_relaxations,4200
W3,800,1.25,17,HungarianMatcher+JohnsonDijkstraStrategy,366,mixed,defect_at_iteration,433
W3,800,1.25,17,HungarianMatcher+JohnsonDijkstraStrategy,367,mixed,edge_relaxations,4200
W3,800,1.25,17,HungarianMatcher+JohnsonDijkstraStrategy,367,mixed,defect_at_iteration,432
W3,800,1.25,17,HungarianMatcher+JohnsonDijkstraStrategy,368,mixed,edge_relaxations,4200
W3,800,1.25,17,HungarianMatcher+JohnsonDijkstraStrategy,368,mixed,defect_at_iteration,431
W3,800,1.25,17,HungarianMatcher+JohnsonDijkstraStrategy,369,mixed,edge_relaxations,4200
W3,800,1.25,17,HungarianMatcher+JohnsonDijkstraStrategy,369,mixed,defect_at_iteration,430
W3,800,1.25,17,HungarianMatcher+JohnsonDijkstraStrategy,370,mixed,edge_relaxations,4200
W3,800,1.25,17,HungarianMatcher+JohnsonDijkstraStrategy,370,mixed,defect_at_iteration,429
W3,800,1.25,17,HungarianMatcher+JohnsonDijkstraStrategy,371,mixed,edge_relaxations,4200
W3,800,1.25,17,HungarianMatcher+JohnsonDijkstraStrategy,371,mixed,defect_at_iteration,428
W3,800,1.25,17,HungarianMatcher+JohnsonDijkstraStrategy,372,mixed,edge_relaxations,4200
W3,800,1.25,17,HungarianMatcher+JohnsonDijkstraStrategy,372,mixed,defect_at_iteration,427
W3,800,1.25,17,HungarianMatcher+JohnsonDijkstraStrategy,373,mixed,edge_relaxations,4200
W3,800,1.25,17,HungarianMatcher+JohnsonDijkstraStrategy,373,mixed,defect_at_iteration,426
W3,800,1.25,17,HungarianMatcher+JohnsonDijkstraStrategy,374,mixed,edge_relaxations,4191
W3,800,1.25,17,HungarianMatcher+JohnsonDijkstraStrategy,374,mixed,defect_at_iteration,425
W3,800,1.25,17,HungarianMatcher+JohnsonDijkstraStrategy,375,mixed,edge_relaxations,4191
W3,800,1.25,17,HungarianMatcher+JohnsonDijkstraStrategy,375,mixed,defect_at_iteration,424
W3,800,1.25,17,HungarianMatcher+JohnsonDijkstraStrategy,376,mixed,edge_relaxations,4191
W3,800,1.25,17,HungarianMatcher+JohnsonDijkstraStrategy,376,mixed,defect_at_iteration,423
W3,800,1.25,17,HungarianMatcher+JohnsonDijkstraStrategy,377,mixed,edge_relaxations,4191
W3,800,1.25,17,HungarianMatcher+JohnsonDijkstraStrategy,377,mixed,defect_at_iteration,422
W3,800,1.25,17,HungarianMatcher+JohnsonDijkstraStrategy,378,mixed,edge_relaxations,4191
W3,800,1.25,17,HungarianMatcher+JohnsonDijkstraStrategy,378,mixed,defect_at_iteration,421
W3,800,1.25,17,HungarianMatcher+JohnsonDijkstraStrategy,379,mixed,edge_relaxations,4191
W3,800,1.25,17,HungarianMatcher+JohnsonDijkstraStrategy,379,mixed,defect_at_iteration,420
W3,800,1.25,17,HungarianMatcher+JohnsonDijkstraStrategy,380,mixed,edge_relaxations,4191
W3,800,1.25,17,HungarianMatcher+JohnsonDijkstraStrategy,380,mixed,defect_at_iteration,419
W3,800,1.25,17,HungarianMatcher+JohnsonDijkstraStrategy,381,mixed,edge_relaxations,4191
W3,800,1.25,17,HungarianMatcher+JohnsonDijkstraStrategy,381,mixed,defect_at_iteration,418
W3,800,1.25,17,HungarianMatcher+JohnsonDijkstraStrategy,382,mixed,edge_relaxations,4191
W3,800,1.25,17,HungarianMatcher+JohnsonDijkstraStrategy,382,mixed,defect_at_iteration,417
W3,800,1.25,17,HungarianMatcher+JohnsonDijkstraStrategy,383,mixed,edge_relaxations,4191
W3,800,1.25,17,HungarianMatcher+JohnsonDijkstraStrategy,383,mixed,defect_at_iteration,416
W3,800,1.25,17,HungarianMatcher+JohnsonDijkstraStrategy,384,mixed,edge_relaxations,4191
W3,800,1.25,17,HungarianMatcher+JohnsonDijkstraStrategy,384,mixed,defect_at_iteration,415
W3,800,1.25,17,HungarianMatcher+JohnsonDijkstraStrategy,385,mixed,edge_relaxations,4191
W3,800,1.25,17,HungarianMatcher+JohnsonDijkstraStrategy,385,mixed,defect_at_iteration,414
W3,800,1.25,17,HungarianMatcher+JohnsonDijkstraStrategy,386,mixed,edge_relaxations,4191
W3,800,1.25,17,HungarianMatcher+JohnsonDijkstraStrategy,386,mixed,defect_at_iteration,413
W3,800,1.25,17,HungarianMatcher+JohnsonDijkstraStrategy,387,mixed,edge_relaxations,4191
W3,800,1.25,17,HungarianMatcher+JohnsonDijkstraStrategy,387,mixed,defect_at_iteration,412
W3,800,1.25,17,HungarianMatcher+JohnsonDijkstraStrategy,388,mixed,edge_relaxations,4191
W3,800,1.25,17,HungarianMatcher+JohnsonDijkstraStrategy,388,mixed,defect_at_iteration,411
W3,800,1.25,17,HungarianMatcher+JohnsonDijkstraStrategy,389,mixed,edge_relaxations,4191
W3,800,1.25,17,HungarianMatcher+JohnsonDijkstraStrategy,389,mixed,defect_at_iteration,410
W3,800,1.25,17,HungarianMatcher+JohnsonDijkstraStrategy,390,mixed,edge_relaxations,4191
W3,800,1.25,17,HungarianMatcher+JohnsonDijkstraStrategy,390,mixed,defect_at_iteration,409
W3,800,1.25,17,HungarianMatcher+JohnsonDijkstraStrategy,391,mixed,edge_relaxations,4191
W3,800,1.25,17,HungarianMatcher+JohnsonDijkstraStrategy,391,mixed,defect_at_iteration,408
W3,800,1.25,17,HungarianMatcher+JohnsonDijkstraStrategy,392,mixed,edge_relaxations,4191
W3,800,1.25,17,HungarianMatcher+JohnsonDijkstraStrategy,392,mixed,defect_at_iteration,407
W3,800,1.25,17,HungarianMatcher+JohnsonDijkstraStrategy,393,mixed,edge_relaxations,4191
W3,800,1.25,17,HungarianMatcher+JohnsonDijkstraStrategy,393,mixed,defect_at_iteration,406
W3,800,1.25,17,HungarianMatcher+JohnsonDijkstraStrategy,394,mixed,edge_relaxations,4191
W3,800,1.25,17,HungarianMatcher+JohnsonDijkstraStrategy,394,mixed,defect_at_iteration,405
W3,800,1.25,17,HungarianMatcher+JohnsonDijkstraStrategy,395,mixed,edge_relaxations,4191
W3,800,1.25,17,HungarianMatcher+JohnsonDijkstraStrategy,395,mixed,defect_at_iteration,404
W3,800,1.25,17,HungarianMatcher+JohnsonDijkstraStrategy,396,mixed,edge_relaxations,4191
W3,800,1.25,17,HungarianMatcher+JohnsonDijkstraStrategy,396,mixed,defect_at_iteration,403
W3,800,1.25,17,HungarianMatcher+JohnsonDijkstraStrategy,397,mixed,edge_relaxations,4191
W3,800,1.25,17,HungarianMatcher+JohnsonDijkstraStrategy,397,mixed,defect_at_iteration,402
W3,800,1.25,17,HungarianMatcher+JohnsonDijkstraStrategy,398,mixed,edge_relaxations,4191
W3,800,1.25,17,HungarianMatcher+JohnsonDijkstraStrategy,398,mixed,defect_at_iteration,401
W3,800,1.25,17,HungarianMatcher+JohnsonDijkstraStrategy,399,mixed,edge_relaxations,4191
W3,800,1.25,17,HungarianMatcher+JohnsonDijkstraStrategy,399,mixed,defect_at_iteration,400
W3,800,1.25,17,HungarianMatcher+JohnsonDijkstraStrategy,400,mixed,edge_relaxations,4191
W3,800,1.25,17,HungarianMatcher+JohnsonDijkstraStrategy,400,mixed,defect_at_iteration,399
W3,800,1.25,17,HungarianMatcher+JohnsonDijkstraStrategy,401,mixed,edge_relaxations,4191
W3,800,1.25,17,HungarianMatcher+JohnsonDijkstraStrategy,401,mixed,defect_at_iteration,398
W3,800,1.25,17,HungarianMatcher+JohnsonDijkstraStrategy,402,mixed,edge_relaxations,4191
W3,800,1.25,17,HungarianMatcher+JohnsonDijkstraStrategy,402,mixed,defect_at_iteration,397
W3,800,1.25,17,HungarianMatcher+JohnsonDijkstraStrategy,403,mixed,edge_relaxations,4191
W3,800,1.25,17,HungarianMatcher+JohnsonDijkstraStrategy,403,mixed,defect_at_iteration,396
W3,800,1.25,17,HungarianMatcher+JohnsonDijkstraStrategy,404,mixed,edge_relaxations,4191
W3,800,1.25,17,HungarianMatcher+JohnsonDijkstraStrategy,404,mixed,defect_at_iteration,395
W3,800,1.25,17,HungarianMatcher+JohnsonDijkstraStrategy,405,mixed,edge_relaxations,4191
W3,800,1.25,17,HungarianMatcher+JohnsonDijkstraStrategy,405,mixed,defect_at_iteration,394
W3,800,1.25,17,HungarianMatcher+JohnsonDijkstraStrategy,406,mixed,edge_relaxations,4191
W3,800,1.25,17,HungarianMatcher+JohnsonDijkstraStrategy,406,mixed,defect_at_iteration,393
W3,800,1.25,17,HungarianMatcher+JohnsonDijkstraStrategy,407,mixed,edge_relaxations,4191
W3,800,1.25,17,HungarianMatcher+JohnsonDijkstraStrategy,407,mixed,defect_at_iteration,392
W3,800,1.25,17,HungarianMatcher+JohnsonDijkstraStrategy,408,mixed,edge_relaxations,4191
W3,800,1.25,17,HungarianMatcher+JohnsonDijkstraStrategy,408,mixed,defect_at_iteration,391
W3,800,1.25,17,HungarianMatcher+JohnsonDijkstraStrategy,409,mixed,edge_relaxations,4191
W3,800,1.25,17,HungarianMatcher+JohnsonDijkstraStrategy,409,mixed,defect_at_iteration,390
W3,800,1.25,17,HungarianMatcher+JohnsonDijkstraStrategy,410,mixed,edge_relaxations,4191
W3,800,1.25,17,HungarianMatcher+JohnsonDijkstraStrategy,410,mixed,defect_at_iteration,389
W3,800,1.25,17,HungarianMatcher+JohnsonDijkstraStrategy,411,mixed,edge_relaxations,4191
W3,800,1.25,17,HungarianMatcher+JohnsonDijkstraStrategy,411,mixed,defect_at_iteration,388
W3,800,1.25,17,HungarianMatcher+JohnsonDijkstraStrategy,412,mixed,edge_relaxations,4191
W3,800,1.25,17,HungarianMatcher+JohnsonDijkstraStrategy,412,mixed,defect_at_iteration,387
W3,800,1.25,17,HungarianMatcher+JohnsonDijkstraStrategy,413,mixed,edge_relaxations,4191
W3,800,1.25,17,HungarianMatcher+JohnsonDijkstraStrategy,413,mixed,defect_at_iteration,386
W3,800,1.25,17,HungarianMatcher+JohnsonDijkstraStrategy,414,mixed,edge_relaxations,4191
W3,800,1.25,17,HungarianMatcher+JohnsonDijkstraStrategy,414,mixed,defect_at_iteration,385
W3,800,1.25,17,HungarianMatcher+JohnsonDijkstraStrategy,415,mixed,edge_relaxations,4191
W3,800,1.25,17,HungarianMatcher+JohnsonDijkstraStrategy,415,mixed,defect_at_iteration,384
W3,800,1.25,17,HungarianMatcher+JohnsonDijkstraStrategy,416,mixed,edge_relaxations,4191
W3,800,1.25,17,HungarianMatcher+JohnsonDijkstraStrategy,416,mixed,defect_at_iteration,383
W3,800,1.25,17,HungarianMatcher+JohnsonDijkstraStrategy,417,mixed,edge_relaxations,4191
W3,800,1.25,17,HungarianMatcher+JohnsonDijkstraStrategy,417,mixed,defect_at_iteration,382
W3,800,1.25,17,HungarianMatcher+JohnsonDijkstraStrategy,418,mixed,edge_relaxations,4191
W3,800,1.25,17,HungarianMatcher+JohnsonDijkstraStrategy,418,mixed,defect_at_iteration,381
W3,800,1.25,17,HungarianMatcher+JohnsonDijkstraStrategy,419,mixed,edge_relaxations,4191
W3,800,1.25,17,HungarianMatcher+JohnsonDijkstraStrategy,419,mixed,defect_at_iteration,380
W3,800,1.25,17,HungarianMatcher+JohnsonDijkstraStrategy,420,mixed,edge_relaxations,4191
W3,800,1.25,17,HungarianMatcher+JohnsonDijkstraStrategy,420,mixed,defect_at_iteration,379
W3,800,1.25,17,HungarianMatcher+JohnsonDijkstraStrategy,421,mixed,edge_relaxations,4191
W3,800,1.25,17,HungarianMatcher+JohnsonDijkstraStrategy,421,mixed,defect_at_iteration,378
W3,800,1.25,17,HungarianMatcher+JohnsonDijkstraStrategy,422,mixed,edge_relaxations,4191
W3,800,1.25,17,HungarianMatcher+JohnsonDijkstraStrategy,422,mixed,defect_at_iteration,377
W3,800,1.25,17,HungarianMatcher+JohnsonDijkstraStrategy,423,mixed,edge_relaxations,4191
W3,800,1.25,17,HungarianMatcher+JohnsonDijkstraStrategy,423,mixed,defect_at_iteration,376
W3,800,1.25,17,HungarianMatcher+JohnsonDijkstraStrategy,424,mixed,edge_relaxations,4191
W3,800,1.25,17,HungarianMatcher+JohnsonDijkstraStrategy,424,mixed,defect_at_iteration,375
W3,800,1.25,17,HungarianMatcher+JohnsonDijkstraStrategy,425,mixed,edge_relaxations,4191
W3,800,1.25,17,HungarianMatcher+JohnsonDijkstraStrategy,425,mixed,defect_at_iteration,374
W3,800,1.25,17,HungarianMatcher+JohnsonDijkstraStrategy,426,mixed,edge_relaxations,4191
W3,800,1.25,17,HungarianMatcher+JohnsonDijkstraStrategy,426,mixed,defect_at_iteration,373
W3,800,1.25,17,HungarianMatcher+JohnsonDijkstraStrategy,427,mixed,edge_relaxations,4191
W3,800,1.25,17,HungarianMatcher+JohnsonDijkstraStrategy,427,mixed,defect_at_iteration,372
W3,800,1.25,17,HungarianMatcher+JohnsonDijkstraStrategy,428,mixed,edge_relaxations,4191
W3,800,1.25,17,HungarianMatcher+JohnsonDijkstraStrategy,428,mixed,defect_at_iteration,371
W3,800,1.25,17,HungarianMatcher+JohnsonDijkstraStrategy,429,mixed,edge_relaxations,4191
W3,800,1.25,17,HungarianMatcher+JohnsonDijkstraStrategy,429,mixed,defect_at_iteration,370
W3,800,1.25,17,HungarianMatcher+JohnsonDijkstraStrategy,430,mixed,edge_relaxations,4191
W3,800,1.25,17,HungarianMatcher+JohnsonDijkstraStrategy,430,mixed,defect_at_iteration,369
W3,800,1.25,17,HungarianMatcher+JohnsonDijkstraStrategy,431,mixed,edge_relaxations,4191
W3,800,1.25,17,HungarianMatcher+JohnsonDijkstraStrategy,431,mixed,defect_at_iteration,368
W3,800,1.25,17,HungarianMatcher+JohnsonDijkstraStrategy,432,mixed,edge_relaxations,4191
W3,800,1.25,17,HungarianMatcher+JohnsonDijkstraStrategy,432,mixed,defect_at_iteration,367
W3,800,1.25,17,HungarianMatcher+JohnsonDijkstraStrategy,433,mixed,edge_relaxations,4191
W3,800,1.25,17,HungarianMatcher+JohnsonDijkstraStrategy,433,mixed,defect_at_iteration,366
W3,800,1.25,17,HungarianMatcher+JohnsonDijkstraStrategy,434,mixed,edge_relaxations,4191
W3,800,1.25,17,HungarianMatcher+JohnsonDijkstraStrategy,434,mixed,defect_at_iteration,365
W3,800,1.25,17,HungarianMatcher+JohnsonDijkstraStrategy,435,mixed,edge_relaxations,4191
W3,800,1.25,17,HungarianMatcher+JohnsonDijkstraStrategy,435,mixed,defect_at_iteration,364
W3,800,1.25,17,HungarianMatcher+JohnsonDijkstraStrategy,436,mixed,edge_relaxations,4191
W3,800,1.25,17,HungarianMatcher+JohnsonDijkstraStrategy,436,mixed,defect_at_iteration,363
W3,800,1.25,17,HungarianMatcher+JohnsonDijkstraStrategy,437,mixed,edge_relaxations,4191
W3,800,1.25,17,HungarianMatcher+JohnsonDijkstraStrategy,437,mixed,defect_at_iteration,362
W3,800,1.25,17,HungarianMatcher+JohnsonDijkstraStrategy,438,mixed,edge_relaxations,4191
W3,800,1.25,17,HungarianMatcher+JohnsonDijkstraStrategy,438,mixed,defect_at_iteration,361
W3,800,1.25,17,HungarianMatcher+JohnsonDijkstraStrategy,439,mixed,edge_relaxations,4191
W3,800,1.25,17,HungarianMatcher+JohnsonDijkstraStrategy,439,mixed,defect_at_iteration,360
W3,800,1.25,17,HungarianMatcher+JohnsonDijkstraStrategy,440,mixed,edge_relaxations,4191
W3,800,1.25,17,HungarianMatcher+JohnsonDijkstraStrategy,440,mixed,defect_at_iteration,359
W3,800,1.25,17,HungarianMatcher+JohnsonDijkstraStrategy,441,mixed,edge_relaxations,4191
W3,800,1.25,17,HungarianMatcher+JohnsonDijkstraStrategy,441,mixed,defect_at_iteration,358
W3,800,1.25,17,HungarianMatcher+JohnsonDijkstraStrategy,442,mixed,edge_relaxations,4191
W3,800,1.25,17,HungarianMatcher+JohnsonDijkstraStrategy,442,mixed,defect_at_iteration,357
W3,800,1.25,17,HungarianMatcher+JohnsonDijkstraStrategy,443,mixed,edge_relaxations,4191
W3,800,1.25,17,HungarianMatcher+JohnsonDijkstraStrategy,443,mixed,defect_at_iteration,356
W3,800,1.25,17,HungarianMatcher+JohnsonDijkstraStrategy,444,mixed,edge_relaxations,4191
W3,800,1.25,17,HungarianMatcher+JohnsonDijkstraStrategy,444,mixed,defect_at_iteration,355
W3,800,1.25,17,HungarianMatcher+JohnsonDijkstraStrategy,445,mixed,edge_relaxations,4191
W3,800,1.25,17,HungarianMatcher+JohnsonDijkstraStrategy,445,mixed,defect_at_iteration,354
W3,800,1.25,17,HungarianMatcher+JohnsonDijkstraStrategy,446,mixed,edge_relaxations,4191
W3,800,1.25,17,HungarianMatcher+JohnsonDijkstraStrategy,446,mixed,defect_at_iteration,353
W3,800,1.25,17,HungarianMatcher+JohnsonDijkstraStrategy,447,mixed,edge_relaxations,4191
W3,800,1.25,17,HungarianMatcher+JohnsonDijkstraStrategy,447,mixed,defect_at_iteration,352
W3,800,1.25,17,HungarianMatcher+JohnsonDijkstraStrategy,448,mixed,edge_relaxations,4191
W3,800,1.25,17,HungarianMatcher+JohnsonDijkstraStrategy,448,mixed,defect_at_iteration,351
W3,800,1.25,17,HungarianMatcher+JohnsonDijkstraStrategy,449,mixed,edge_relaxations,4191
W3,800,1.25,17,HungarianMatcher+JohnsonDijkstraStrategy,449,mixed,defect_at_iteration,350
W3,800,1.25,17,HungarianMatcher+JohnsonDijkstraStrategy,450,mixed,edge_relaxations,4191
W3,800,1.25,17,HungarianMatcher+JohnsonDijkstraStrategy,450,mixed,defect_at_iteration,349
W3,800,1.25,17,HungarianMatcher+JohnsonDijkstraStrategy,451,mixed,edge_relaxations,4191
W3,800,1.25,17,HungarianMatcher+JohnsonDijkstraStrategy,451,mixed,defect_at_iteration,348
W3,800,1.25,17,HungarianMatcher+JohnsonDijkstraStrategy,452,mixed,edge_relaxations,4191
W3,800,1.25,17,HungarianMatcher+JohnsonDijkstraStrategy,452,mixed,defect_at_iteration,347
W3,800,1.25,17,HungarianMatcher+JohnsonDijkstraStrategy,453,mixed,edge_relaxations,4191
W3,800,1.25,17,HungarianMatcher+JohnsonDijkstraStrategy,453,mixed,defect_at_iteration,346
W3,800,1.25,17,HungarianMatcher+JohnsonDijkstraStrategy,454,mixed,edge_relaxations,4191
W3,800,1.25,17,HungarianMatcher+JohnsonDijkstraStrategy,454,mixed,defect_at_iteration,345
W3,800,1.25,17,HungarianMatcher+JohnsonDijkstraStrategy,455,mixed,edge_relaxations,4191
W3,800,1.25,17,HungarianMatcher+JohnsonDijkstraStrategy,455,mixed,defect_at_iteration,344
W3,800,1.25,17,HungarianMatcher+JohnsonDijkstraStrategy,456,mixed,edge_relaxations,4191
W3,800,1.25,17,HungarianMatcher+JohnsonDijkstraStrategy,456,mixed,defect_at_iteration,343
W3,800,1.25,17,HungarianMatcher+JohnsonDijkstraStrategy,457,mixed,edge_relaxations,4191
W3,800,1.25,17,HungarianMatcher+JohnsonDijkstraStrategy,457,mixed,defect_at_iteration,342
W3,800,1.25,17,HungarianMatcher+JohnsonDijkstraStrategy,458,mixed,edge_relaxations,4191
W3,800,1.25,17,HungarianMatcher+JohnsonDijkstraStrategy,458,mixed,defect_at_iteration,341
W3,800,1.25,17,HungarianMatcher+JohnsonDijkstraStrategy,459,mixed,edge_relaxations,4191
W3,800,1.25,17,HungarianMatcher+JohnsonDijkstraStrategy,459,mixed,defect_at_iteration,340
W3,800,1.25,17,HungarianMatcher+JohnsonDijkstraStrategy,460,mixed,edge_relaxations,4191
W3,800,1.25,17,HungarianMatcher+JohnsonDijkstraStrategy,460,mixed,defect_at_iteration,339
W3,800,1.25,17,HungarianMatcher+JohnsonDijkstraStrategy,461,mixed,edge_relaxations,4191
W3,800,1.25,17,HungarianMatcher+JohnsonDijkstraStrategy,461,mixed,defect_at_iteration,338
W3,800,1.25,17,HungarianMatcher+JohnsonDijkstraStrategy,462,mixed,edge_relaxations,4191
W3,800,1.25,17,HungarianMatcher+JohnsonDijkstraStrategy,462,mixed,defect_at_iteration,337
W3,800,1.25,17,HungarianMatcher+JohnsonDijkstraStrategy,463,mixed,edge_relaxations,4191
W3,800,1.25,17,HungarianMatcher+JohnsonDijkstraStrategy,463,mixed,defect_at_iteration,336
W3,800,1.25,17,HungarianMatcher+JohnsonDijkstraStrategy,464,mixed,edge_relaxations,4191
W3,800,1.25,17,HungarianMatcher+JohnsonDijkstraStrategy,464,mixed,defect_at_iteration,335
W3,800,1.25,17,HungarianMatcher+JohnsonDijkstraStrategy,465,mixed,edge_relaxations,4191
W3,800,1.25,17,HungarianMatcher+JohnsonDijkstraStrategy,465,mixed,defect_at_iteration,334
W3,800,1.25,17,HungarianMatcher+JohnsonDijkstraStrategy,466,mixed,edge_relaxations,4191
W3,800,1.25,17,HungarianMatcher+JohnsonDijkstraStrategy,466,mixed,defect_at_iteration,333
W3,800,1.25,17,HungarianMatcher+JohnsonDijkstraStrategy,467,mixed,edge_relaxations,4189
W3,800,1.25,17,HungarianMatcher+JohnsonDijkstraStrategy,467,mixed,defect_at_iteration,332
W3,800,1.25,17,HungarianMatcher+JohnsonDijkstraStrategy,468,mixed,edge_relaxations,4189
W3,800,1.25,17,HungarianMatcher+JohnsonDijkstraStrategy,468,mixed,defect_at_iteration,331
W3,800,1.25,17,HungarianMatcher+JohnsonDijkstraStrategy,469,mixed,edge_relaxations,4189
W3,800,1.25,17,HungarianMatcher+JohnsonDijkstraStrategy,469,mixed,defect_at_iteration,330
W3,800,1.25,17,HungarianMatcher+JohnsonDijkstraStrategy,470,mixed,edge_relaxations,4189
W3,800,1.25,17,HungarianMatcher+JohnsonDijkstraStrategy,470,mixed,defect_at_iteration,329
W3,800,1.25,17,HungarianMatcher+JohnsonDijkstraStrategy,471,mixed,edge_relaxations,4189
W3,800,1.25,17,HungarianMatcher+JohnsonDijkstraStrategy,471,mixed,defect_at_iteration,328
W3,800,1.25,17,HungarianMatcher+JohnsonDijkstraStrategy,472,mixed,edge_relaxations,4189
W3,800,1.25,17,HungarianMatcher+JohnsonDijkstraStrategy,472,mixed,defect_at_iteration,327
W3,800,1.25,17,HungarianMatcher+JohnsonDijkstraStrategy,473,mixed,edge_relaxations,4189
W3,800,1.25,17,HungarianMatcher+JohnsonDijkstraStrategy,473,mixed,defect_at_iteration,326
W3,800,1.25,17,HungarianMatcher+JohnsonDijkstraStrategy,474,mixed,edge_relaxations,4189
W3,800,1.25,17,HungarianMatcher+JohnsonDijkstraStrategy,474,mixed,defect_at_iteration,325
W3,800,1.25,17,HungarianMatcher+JohnsonDijkstraStrategy,475,mixed,edge_relaxations,4189
W3,800,1.25,17,HungarianMatcher+JohnsonDijkstraStrategy,475,mixed,defect_at_iteration,324
W3,800,1.25,17,HungarianMatcher+JohnsonDijkstraStrategy,476,mixed,edge_relaxations,4189
W3,800,1.25,17,HungarianMatcher+JohnsonDijkstraStrategy,476,mixed,defect_at_iteration,323
W3,800,1.25,17,HungarianMatcher+JohnsonDijkstraStrategy,477,mixed,edge_relaxations,4189
W3,800,1.25,17,HungarianMatcher+JohnsonDijkstraStrategy,477,mixed,defect_at_iteration,322
W3,800,1.25,17,HungarianMatcher+JohnsonDijkstraStrategy,478,mixed,edge_relaxations,4189
W3,800,1.25,17,HungarianMatcher+JohnsonDijkstraStrategy,478,mixed,defect_at_iteration,321
W3,800,1.25,17,HungarianMatcher+JohnsonDijkstraStrategy,479,mixed,edge_relaxations,4189
W3,800,1.25,17,HungarianMatcher+JohnsonDijkstraStrategy,479,mixed,defect_at_iteration,320
W3,800,1.25,17,HungarianMatcher+JohnsonDijkstraStrategy,480,mixed,edge_relaxations,4183
W3,800,1.25,17,HungarianMatcher+JohnsonDijkstraStrategy,480,mixed,defect_at_iteration,319
W3,800,1.25,17,HungarianMatcher+JohnsonDijkstraStrategy,481,mixed,edge_relaxations,4183
W3,800,1.25,17,HungarianMatcher+JohnsonDijkstraStrategy,481,mixed,defect_at_iteration,318
W3,800,1.25,17,HungarianMatcher+JohnsonDijkstraStrategy,482,mixed,edge_relaxations,4183
W3,800,1.25,17,HungarianMatcher+JohnsonDijkstraStrategy,482,mixed,defect_at_iteration,317
W3,800,1.25,17,HungarianMatcher+JohnsonDijkstraStrategy,483,mixed,edge_relaxations,4183
W3,800,1.25,17,HungarianMatcher+JohnsonDijkstraStrategy,483,mixed,defect_at_iteration,316
W3,800,1.25,17,HungarianMatcher+JohnsonDijkstraStrategy,484,mixed,edge_relaxations,4183
W3,800,1.25,17,HungarianMatcher+JohnsonDijkstraStrategy,484,mixed,defect_at_iteration,315
W3,800,1.25,17,HungarianMatcher+JohnsonDijkstraStrategy,485,mixed,edge_relaxations,4183
W3,800,1.25,17,HungarianMatcher+JohnsonDijkstraStrategy,485,mixed,defect_at_iteration,314
W3,800,1.25,17,HungarianMatcher+JohnsonDijkstraStrategy,486,mixed,edge_relaxations,4183
W3,800,1.25,17,HungarianMatcher+JohnsonDijkstraStrategy,486,mixed,defect_at_iteration,313
W3,800,1.25,17,HungarianMatcher+JohnsonDijkstraStrategy,487,mixed,edge_relaxations,4183
W3,800,1.25,17,HungarianMatcher+JohnsonDijkstraStrategy,487,mixed,defect_at_iteration,312
W3,800,1.25,17,HungarianMatcher+JohnsonDijkstraStrategy,488,mixed,edge_relaxations,4183
W3,800,1.25,17,HungarianMatcher+JohnsonDijkstraStrategy,488,mixed,defect_at_iteration,311
W3,800,1.25,17,HungarianMatcher+JohnsonDijkstraStrategy,489,mixed,edge_relaxations,4183
W3,800,1.25,17,HungarianMatcher+JohnsonDijkstraStrategy,489,mixed,defect_at_iteration,310
W3,800,1.25,17,HungarianMatcher+JohnsonDijkstraStrategy,490,mixed,edge_relaxations,4183
W3,800,1.25,17,HungarianMatcher+JohnsonDijkstraStrategy,490,mixed,defect_at_iteration,309
W3,800,1.25,17,HungarianMatcher+JohnsonDijkstraStrategy,491,mixed,edge_relaxations,4183
W3,800,1.25,17,HungarianMatcher+JohnsonDijkstraStrategy,491,mixed,defect_at_iteration,308
W3,800,1.25,17,HungarianMatcher+JohnsonDijkstraStrategy,492,mixed,edge_relaxations,4183
W3,800,1.25,17,HungarianMatcher+JohnsonDijkstraStrategy,492,mixed,defect_at_iteration,307
W3,800,1.25,17,HungarianMatcher+JohnsonDijkstraStrategy,493,mixed,edge_relaxations,4183
W3,800,1.25,17,HungarianMatcher+JohnsonDijkstraStrategy,493,mixed,defect_at_iteration,306
W3,800,1.25,17,HungarianMatcher+JohnsonDijkstraStrategy,494,mixed,edge_relaxations,4183
W3,800,1.25,17,HungarianMatcher+JohnsonDijkstraStrategy,494,mixed,defect_at_iteration,305
W3,800,1.25,17,HungarianMatcher+JohnsonDijkstraStrategy,495,mixed,edge_relaxations,4183
W3,800,1.25,17,HungarianMatcher+JohnsonDijkstraStrategy,495,mixed,defect_at_iteration,304
W3,800,1.25,17,HungarianMatcher+JohnsonDijkstraStrategy,496,mixed,edge_relaxations,4183
W3,800,1.25,17,HungarianMatcher+JohnsonDijkstraStrategy,496,mixed,defect_at_iteration,303
W3,800,1.25,17,HungarianMatcher+JohnsonDijkstraStrategy,497,mixed,edge_relaxations,4183
W3,800,1.25,17,HungarianMatcher+JohnsonDijkstraStrategy,497,mixed,defect_at_iteration,302
W3,800,1.25,17,HungarianMatcher+JohnsonDijkstraStrategy,498,mixed,edge_relaxations,4183
W3,800,1.25,17,HungarianMatcher+JohnsonDijkstraStrategy,498,mixed,defect_at_iteration,301
W3,800,1.25,17,HungarianMatcher+JohnsonDijkstraStrategy,499,mixed,edge_relaxations,4183
W3,800,1.25,17,HungarianMatcher+JohnsonDijkstraStrategy,499,mixed,defect_at_iteration,300
W3,800,1.25,17,HungarianMatcher+JohnsonDijkstraStrategy,500,mixed,edge_relaxations,4183
W3,800,1.25,17,HungarianMatcher+JohnsonDijkstraStrategy,500,mixed,defect_at_iteration,299
W3,800,1.25,17,HungarianMatcher+JohnsonDijkstraStrategy,501,mixed,edge_relaxations,4183
W3,800,1.25,17,HungarianMatcher+JohnsonDijkstraStrategy,501,mixed,defect_at_iteration,298
W3,800,1.25,17,HungarianMatcher+JohnsonDijkstraStrategy,502,mixed,edge_relaxations,4183
W3,800,1.25,17,HungarianMatcher+JohnsonDijkstraStrategy,502,mixed,defect_at_iteration,297
W3,800,1.25,17,HungarianMatcher+JohnsonDijkstraStrategy,503,mixed,edge_relaxations,4183
W3,800,1.25,17,HungarianMatcher+JohnsonDijkstraStrategy,503,mixed,defect_at_iteration,296
W3,800,1.25,17,HungarianMatcher+JohnsonDijkstraStrategy,504,mixed,edge_relaxations,4183
W3,800,1.25,17,HungarianMatcher+JohnsonDijkstraStrategy,504,mixed,defect_at_iteration,295
W3,800,1.25,17,HungarianMatcher+JohnsonDijkstraStrategy,505,mixed,edge_relaxations,4183
W3,800,1.25,17,HungarianMatcher+JohnsonDijkstraStrategy,505,mixed,defect_at_iteration,294
W3,800,1.25,17,HungarianMatcher+JohnsonDijkstraStrategy,506,mixed,edge_relaxations,4183
W3,800,1.25,17,HungarianMatcher+JohnsonDijkstraStrategy,506,mixed,defect_at_iteration,293
W3,800,1.25,17,HungarianMatcher+JohnsonDijkstraStrategy,507,mixed,edge_relaxations,4183
W3,800,1.25,17,HungarianMatcher+JohnsonDijkstraStrategy,507,mixed,defect_at_iteration,292
W3,800,1.25,17,HungarianMatcher+JohnsonDijkstraStrategy,508,mixed,edge_relaxations,4183
W3,800,1.25,17,HungarianMatcher+JohnsonDijkstraStrategy,508,mixed,defect_at_iteration,291
W3,800,1.25,17,HungarianMatcher+JohnsonDijkstraStrategy,509,mixed,edge_relaxations,4183
W3,800,1.25,17,HungarianMatcher+JohnsonDijkstraStrategy,509,mixed,defect_at_iteration,290
W3,800,1.25,17,HungarianMatcher+JohnsonDijkstraStrategy,510,mixed,edge_relaxations,4183
W3,800,1.25,17,HungarianMatcher+JohnsonDijkstraStrategy,510,mixed,defect_at_iteration,289
W3,800,1.25,17,HungarianMatcher+JohnsonDijkstraStrategy,511,mixed,edge_relaxations,4183
W3,800,1.25,17,HungarianMatcher+JohnsonDijkstraStrategy,511,mixed,defect_at_iteration,288
W3,800,1.25,17,HungarianMatcher+JohnsonDijkstraStrategy,512,mixed,edge_relaxations,4176
W3,800,1.25,17,HungarianMatcher+JohnsonDijkstraStrategy,512,mixed,defect_at_iteration,287
W3,800,1.25,17,HungarianMatcher+JohnsonDijkstraStrategy,513,mixed,edge_relaxations,4176
W3,800,1.25,17,HungarianMatcher+JohnsonDijkstraStrategy,513,mixed,defect_at_iteration,286
W3,800,1.25,17,HungarianMatcher+JohnsonDijkstraStrategy,514,mixed,edge_relaxations,4176
W3,800,1.25,17,HungarianMatcher+JohnsonDijkstraStrategy,514,mixed,defect_at_iteration,285
W3,800,1.25,17,HungarianMatcher+JohnsonDijkstraStrategy,515,mixed,edge_relaxations,4176
W3,800,1.25,17,HungarianMatcher+JohnsonDijkstraStrategy,515,mixed,defect_at_iteration,284
W3,800,1.25,17,HungarianMatcher+JohnsonDijkstraStrategy,516,mixed,edge_relaxations,4170
W3,800,1.25,17,HungarianMatcher+JohnsonDijkstraStrategy,516,mixed,defect_at_iteration,283
W3,800,1.25,17,HungarianMatcher+JohnsonDijkstraStrategy,517,mixed,edge_relaxations,4170
W3,800,1.25,17,HungarianMatcher+JohnsonDijkstraStrategy,517,mixed,defect_at_iteration,282
W3,800,1.25,17,HungarianMatcher+JohnsonDijkstraStrategy,518,mixed,edge_relaxations,4170
W3,800,1.25,17,HungarianMatcher+JohnsonDijkstraStrategy,518,mixed,defect_at_iteration,281
W3,800,1.25,17,HungarianMatcher+JohnsonDijkstraStrategy,519,mixed,edge_relaxations,4170
W3,800,1.25,17,HungarianMatcher+JohnsonDijkstraStrategy,519,mixed,defect_at_iteration,280
W3,800,1.25,17,HungarianMatcher+JohnsonDijkstraStrategy,520,mixed,edge_relaxations,4170
W3,800,1.25,17,HungarianMatcher+JohnsonDijkstraStrategy,520,mixed,defect_at_iteration,279
W3,800,1.25,17,HungarianMatcher+JohnsonDijkstraStrategy,521,mixed,edge_relaxations,4170
W3,800,1.25,17,HungarianMatcher+JohnsonDijkstraStrategy,521,mixed,defect_at_iteration,278
W3,800,1.25,17,HungarianMatcher+JohnsonDijkstraStrategy,522,mixed,edge_relaxations,4170
W3,800,1.25,17,HungarianMatcher+JohnsonDijkstraStrategy,522,mixed,defect_at_iteration,277
W3,800,1.25,17,HungarianMatcher+JohnsonDijkstraStrategy,523,mixed,edge_relaxations,4170
W3,800,1.25,17,HungarianMatcher+JohnsonDijkstraStrategy,523,mixed,defect_at_iteration,276
W3,800,1.25,17,HungarianMatcher+JohnsonDijkstraStrategy,524,mixed,edge_relaxations,4170
W3,800,1.25,17,HungarianMatcher+JohnsonDijkstraStrategy,524,mixed,defect_at_iteration,275
W3,800,1.25,17,HungarianMatcher+JohnsonDijkstraStrategy,525,mixed,edge_relaxations,4170
W3,800,1.25,17,HungarianMatcher+JohnsonDijkstraStrategy,525,mixed,defect_at_iteration,274
W3,800,1.25,17,HungarianMatcher+JohnsonDijkstraStrategy,526,mixed,edge_relaxations,4170
W3,800,1.25,17,HungarianMatcher+JohnsonDijkstraStrategy,526,mixed,defect_at_iteration,273
W3,800,1.25,17,HungarianMatcher+JohnsonDijkstraStrategy,527,mixed,edge_relaxations,4170
W3,800,1.25,17,HungarianMatcher+JohnsonDijkstraStrategy,527,mixed,defect_at_iteration,272
W3,800,1.25,17,HungarianMatcher+JohnsonDijkstraStrategy,528,mixed,edge_relaxations,4170
W3,800,1.25,17,HungarianMatcher+JohnsonDijkstraStrategy,528,mixed,defect_at_iteration,271
W3,800,1.25,17,HungarianMatcher+JohnsonDijkstraStrategy,529,mixed,edge_relaxations,4170
W3,800,1.25,17,HungarianMatcher+JohnsonDijkstraStrategy,529,mixed,defect_at_iteration,270
W3,800,1.25,17,HungarianMatcher+JohnsonDijkstraStrategy,530,mixed,edge_relaxations,4170
W3,800,1.25,17,HungarianMatcher+JohnsonDijkstraStrategy,530,mixed,defect_at_iteration,269
W3,800,1.25,17,HungarianMatcher+JohnsonDijkstraStrategy,531,mixed,edge_relaxations,4170
W3,800,1.25,17,HungarianMatcher+JohnsonDijkstraStrategy,531,mixed,defect_at_iteration,268
W3,800,1.25,17,HungarianMatcher+JohnsonDijkstraStrategy,532,mixed,edge_relaxations,4170
W3,800,1.25,17,HungarianMatcher+JohnsonDijkstraStrategy,532,mixed,defect_at_iteration,267
W3,800,1.25,17,HungarianMatcher+JohnsonDijkstraStrategy,533,mixed,edge_relaxations,4165
W3,800,1.25,17,HungarianMatcher+JohnsonDijkstraStrategy,533,mixed,defect_at_iteration,266
W3,800,1.25,17,HungarianMatcher+JohnsonDijkstraStrategy,534,mixed,edge_relaxations,4165
W3,800,1.25,17,HungarianMatcher+JohnsonDijkstraStrategy,534,mixed,defect_at_iteration,265
W3,800,1.25,17,HungarianMatcher+JohnsonDijkstraStrategy,535,mixed,edge_relaxations,4159
W3,800,1.25,17,HungarianMatcher+JohnsonDijkstraStrategy,535,mixed,defect_at_iteration,264
W3,800,1.25,17,HungarianMatcher+JohnsonDijkstraStrategy,536,mixed,edge_relaxations,4159
W3,800,1.25,17,HungarianMatcher+JohnsonDijkstraStrategy,536,mixed,defect_at_iteration,263
W3,800,1.25,17,HungarianMatcher+JohnsonDijkstraStrategy,537,mixed,edge_relaxations,4159
W3,800,1.25,17,HungarianMatcher+JohnsonDijkstraStrategy,537,mixed,defect_at_iteration,262
W3,800,1.25,17,HungarianMatcher+JohnsonDijkstraStrategy,538,mixed,edge_relaxations,4159
W3,800,1.25,17,HungarianMatcher+JohnsonDijkstraStrategy,538,mixed,defect_at_iteration,261
W3,800,1.25,17,HungarianMatcher+JohnsonDijkstraStrategy,539,mixed,edge_relaxations,4159
W3,800,1.25,17,HungarianMatcher+JohnsonDijkstraStrategy,539,mixed,defect_at_iteration,260
W3,800,1.25,17,HungarianMatcher+JohnsonDijkstraStrategy,540,mixed,edge_relaxations,4159
W3,800,1.25,17,HungarianMatcher+JohnsonDijkstraStrategy,540,mixed,defect_at_iteration,259
W3,800,1.25,17,HungarianMatcher+JohnsonDijkstraStrategy,541,mixed,edge_relaxations,4159
W3,800,1.25,17,HungarianMatcher+JohnsonDijkstraStrategy,541,mixed,defect_at_iteration,258
W3,800,1.25,17,HungarianMatcher+JohnsonDijkstraStrategy,542,mixed,edge_relaxations,4159
W3,800,1.25,17,HungarianMatcher+JohnsonDijkstraStrategy,542,mixed,defect_at_iteration,257
W3,800,1.25,17,HungarianMatcher+JohnsonDijkstraStrategy,543,mixed,edge_relaxations,4159
W3,800,1.25,17,HungarianMatcher+JohnsonDijkstraStrategy,543,mixed,defect_at_iteration,256
W3,800,1.25,17,HungarianMatcher+JohnsonDijkstraStrategy,544,mixed,edge_relaxations,4159
W3,800,1.25,17,HungarianMatcher+JohnsonDijkstraStrategy,544,mixed,defect_at_iteration,255
W3,800,1.25,17,HungarianMatcher+JohnsonDijkstraStrategy,545,mixed,edge_relaxations,4159
W3,800,1.25,17,HungarianMatcher+JohnsonDijkstraStrategy,545,mixed,defect_at_iteration,254
W3,800,1.25,17,HungarianMatcher+JohnsonDijkstraStrategy,546,mixed,edge_relaxations,4159
W3,800,1.25,17,HungarianMatcher+JohnsonDijkstraStrategy,546,mixed,defect_at_iteration,253
W3,800,1.25,17,HungarianMatcher+JohnsonDijkstraStrategy,547,mixed,edge_relaxations,4159
W3,800,1.25,17,HungarianMatcher+JohnsonDijkstraStrategy,547,mixed,defect_at_iteration,252
W3,800,1.25,17,HungarianMatcher+JohnsonDijkstraStrategy,548,mixed,edge_relaxations,4159
W3,800,1.25,17,HungarianMatcher+JohnsonDijkstraStrategy,548,mixed,defect_at_iteration,251
W3,800,1.25,17,HungarianMatcher+JohnsonDijkstraStrategy,549,mixed,edge_relaxations,4159
W3,800,1.25,17,HungarianMatcher+JohnsonDijkstraStrategy,549,mixed,defect_at_iteration,250
W3,800,1.25,17,HungarianMatcher+JohnsonDijkstraStrategy,550,mixed,edge_relaxations,4159
W3,800,1.25,17,HungarianMatcher+JohnsonDijkstraStrategy,550,mixed,defect_at_iteration,249
W3,800,1.25,17,HungarianMatcher+JohnsonDijkstraStrategy,551,mixed,edge_relaxations,4159
W3,800,1.25,17,HungarianMatcher+JohnsonDijkstraStrategy,551,mixed,defect_at_iteration,248
W3,800,1.25,17,HungarianMatcher+JohnsonDijkstraStrategy,552,mixed,edge_relaxations,4159
W3,800,1.25,17,HungarianMatcher+JohnsonDijkstraStrategy,552,mixed,defect_at_iteration,247
W3,800,1.25,17,HungarianMatcher+JohnsonDijkstraStrategy,553,mixed,edge_relaxations,4159
W3,800,1.25,17,HungarianMatcher+JohnsonDijkstraStrategy,553,mixed,defect_at_iteration,246
W3,800,1.25,17,HungarianMatcher+JohnsonDijkstraStrategy,554,mixed,edge_relaxations,4159
W3,800,1.25,17,HungarianMatcher+JohnsonDijkstraStrategy,554,mixed,defect_at_iteration,245
W3,800,1.25,17,HungarianMatcher+JohnsonDijkstraStrategy,555,mixed,edge_relaxations,4159
W3,800,1.25,17,HungarianMatcher+JohnsonDijkstraStrategy,555,mixed,defect_at_iteration,244
W3,800,1.25,17,HungarianMatcher+JohnsonDijkstraStrategy,556,mixed,edge_relaxations,4159
W3,800,1.25,17,HungarianMatcher+JohnsonDijkstraStrategy,556,mixed,defect_at_iteration,243
W3,800,1.25,17,HungarianMatcher+JohnsonDijkstraStrategy,557,mixed,edge_relaxations,4159
W3,800,1.25,17,HungarianMatcher+JohnsonDijkstraStrategy,557,mixed,defect_at_iteration,242
W3,800,1.25,17,HungarianMatcher+JohnsonDijkstraStrategy,558,mixed,edge_relaxations,4159
W3,800,1.25,17,HungarianMatcher+JohnsonDijkstraStrategy,558,mixed,defect_at_iteration,241
W3,800,1.25,17,HungarianMatcher+JohnsonDijkstraStrategy,559,mixed,edge_relaxations,4159
W3,800,1.25,17,HungarianMatcher+JohnsonDijkstraStrategy,559,mixed,defect_at_iteration,240
W3,800,1.25,17,HungarianMatcher+JohnsonDijkstraStrategy,560,mixed,edge_relaxations,4159
W3,800,1.25,17,HungarianMatcher+JohnsonDijkstraStrategy,560,mixed,defect_at_iteration,239
W3,800,1.25,17,HungarianMatcher+JohnsonDijkstraStrategy,561,mixed,edge_relaxations,4159
W3,800,1.25,17,HungarianMatcher+JohnsonDijkstraStrategy,561,mixed,defect_at_iteration,238
W3,800,1.25,17,HungarianMatcher+JohnsonDijkstraStrategy,562,mixed,edge_relaxations,4159
W3,800,1.25,17,HungarianMatcher+JohnsonDijkstraStrategy,562,mixed,defect_at_iteration,237
W3,800,1.25,17,HungarianMatcher+JohnsonDijkstraStrategy,563,mixed,edge_relaxations,4159
W3,800,1.25,17,HungarianMatcher+JohnsonDijkstraStrategy,563,mixed,defect_at_iteration,236
W3,800,1.25,17,HungarianMatcher+JohnsonDijkstraStrategy,564,mixed,edge_relaxations,4159
W3,800,1.25,17,HungarianMatcher+JohnsonDijkstraStrategy,564,mixed,defect_at_iteration,235
W3,800,1.25,17,HungarianMatcher+JohnsonDijkstraStrategy,565,mixed,edge_relaxations,4159
W3,800,1.25,17,HungarianMatcher+JohnsonDijkstraStrategy,565,mixed,defect_at_iteration,234
W3,800,1.25,17,HungarianMatcher+JohnsonDijkstraStrategy,566,mixed,edge_relaxations,4159
W3,800,1.25,17,HungarianMatcher+JohnsonDijkstraStrategy,566,mixed,defect_at_iteration,233
W3,800,1.25,17,HungarianMatcher+JohnsonDijkstraStrategy,567,mixed,edge_relaxations,4159
W3,800,1.25,17,HungarianMatcher+JohnsonDijkstraStrategy,567,mixed,defect_at_iteration,232
W3,800,1.25,17,HungarianMatcher+JohnsonDijkstraStrategy,568,mixed,edge_relaxations,4159
W3,800,1.25,17,HungarianMatcher+JohnsonDijkstraStrategy,568,mixed,defect_at_iteration,231
W3,800,1.25,17,HungarianMatcher+JohnsonDijkstraStrategy,569,mixed,edge_relaxations,4159
W3,800,1.25,17,HungarianMatcher+JohnsonDijkstraStrategy,569,mixed,defect_at_iteration,230
W3,800,1.25,17,HungarianMatcher+JohnsonDijkstraStrategy,570,mixed,edge_relaxations,4159
W3,800,1.25,17,HungarianMatcher+JohnsonDijkstraStrategy,570,mixed,defect_at_iteration,229
W3,800,1.25,17,HungarianMatcher+JohnsonDijkstraStrategy,571,mixed,edge_relaxations,4159
W3,800,1.25,17,HungarianMatcher+JohnsonDijkstraStrategy,571,mixed,defect_at_iteration,228
W3,800,1.25,17,HungarianMatcher+JohnsonDijkstraStrategy,572,mixed,edge_relaxations,4159
W3,800,1.25,17,HungarianMatcher+JohnsonDijkstraStrategy,572,mixed,defect_at_iteration,227
W3,800,1.25,17,HungarianMatcher+JohnsonDijkstraStrategy,573,mixed,edge_relaxations,4159
W3,800,1.25,17,HungarianMatcher+JohnsonDijkstraStrategy,573,mixed,defect_at_iteration,226
W3,800,1.25,17,HungarianMatcher+JohnsonDijkstraStrategy,574,mixed,edge_relaxations,4159
W3,800,1.25,17,HungarianMatcher+JohnsonDijkstraStrategy,574,mixed,defect_at_iteration,225
W3,800,1.25,17,HungarianMatcher+JohnsonDijkstraStrategy,575,mixed,edge_relaxations,4159
W3,800,1.25,17,HungarianMatcher+JohnsonDijkstraStrategy,575,mixed,defect_at_iteration,224
W3,800,1.25,17,HungarianMatcher+JohnsonDijkstraStrategy,576,mixed,edge_relaxations,4159
W3,800,1.25,17,HungarianMatcher+JohnsonDijkstraStrategy,576,mixed,defect_at_iteration,223
W3,800,1.25,17,HungarianMatcher+JohnsonDijkstraStrategy,577,mixed,edge_relaxations,4159
W3,800,1.25,17,HungarianMatcher+JohnsonDijkstraStrategy,577,mixed,defect_at_iteration,222
W3,800,1.25,17,HungarianMatcher+JohnsonDijkstraStrategy,578,mixed,edge_relaxations,4159
W3,800,1.25,17,HungarianMatcher+JohnsonDijkstraStrategy,578,mixed,defect_at_iteration,221
W3,800,1.25,17,HungarianMatcher+JohnsonDijkstraStrategy,579,mixed,edge_relaxations,4159
W3,800,1.25,17,HungarianMatcher+JohnsonDijkstraStrategy,579,mixed,defect_at_iteration,220
W3,800,1.25,17,HungarianMatcher+JohnsonDijkstraStrategy,580,mixed,edge_relaxations,4159
W3,800,1.25,17,HungarianMatcher+JohnsonDijkstraStrategy,580,mixed,defect_at_iteration,219
W3,800,1.25,17,HungarianMatcher+JohnsonDijkstraStrategy,581,mixed,edge_relaxations,4159
W3,800,1.25,17,HungarianMatcher+JohnsonDijkstraStrategy,581,mixed,defect_at_iteration,218
W3,800,1.25,17,HungarianMatcher+JohnsonDijkstraStrategy,582,mixed,edge_relaxations,4159
W3,800,1.25,17,HungarianMatcher+JohnsonDijkstraStrategy,582,mixed,defect_at_iteration,217
W3,800,1.25,17,HungarianMatcher+JohnsonDijkstraStrategy,583,mixed,edge_relaxations,4159
W3,800,1.25,17,HungarianMatcher+JohnsonDijkstraStrategy,583,mixed,defect_at_iteration,216
W3,800,1.25,17,HungarianMatcher+JohnsonDijkstraStrategy,584,mixed,edge_relaxations,4159
W3,800,1.25,17,HungarianMatcher+JohnsonDijkstraStrategy,584,mixed,defect_at_iteration,215
W3,800,1.25,17,HungarianMatcher+JohnsonDijkstraStrategy,585,mixed,edge_relaxations,4159
W3,800,1.25,17,HungarianMatcher+JohnsonDijkstraStrategy,585,mixed,defect_at_iteration,214
W3,800,1.25,17,HungarianMatcher+JohnsonDijkstraStrategy,586,mixed,edge_relaxations,4154
W3,800,1.25,17,HungarianMatcher+JohnsonDijkstraStrategy,586,mixed,defect_at_iteration,213
W3,800,1.25,17,HungarianMatcher+JohnsonDijkstraStrategy,587,mixed,edge_relaxations,4154
W3,800,1.25,17,HungarianMatcher+JohnsonDijkstraStrategy,587,mixed,defect_at_iteration,212
W3,800,1.25,17,HungarianMatcher+JohnsonDijkstraStrategy,588,mixed,edge_relaxations,4154
W3,800,1.25,17,HungarianMatcher+JohnsonDijkstraStrategy,588,mixed,defect_at_iteration,211
W3,800,1.25,17,HungarianMatcher+JohnsonDijkstraStrategy,589,mixed,edge_relaxations,4154
W3,800,1.25,17,HungarianMatcher+JohnsonDijkstraStrategy,589,mixed,defect_at_iteration,210
W3,800,1.25,17,HungarianMatcher+JohnsonDijkstraStrategy,590,mixed,edge_relaxations,4154
W3,800,1.25,17,HungarianMatcher+JohnsonDijkstraStrategy,590,mixed,defect_at_iteration,209
W3,800,1.25,17,HungarianMatcher+JohnsonDijkstraStrategy,591,mixed,edge_relaxations,4154
W3,800,1.25,17,HungarianMatcher+JohnsonDijkstraStrategy,591,mixed,defect_at_iteration,208
W3,800,1.25,17,HungarianMatcher+JohnsonDijkstraStrategy,592,mixed,edge_relaxations,4154
W3,800,1.25,17,HungarianMatcher+JohnsonDijkstraStrategy,592,mixed,defect_at_iteration,207
W3,800,1.25,17,HungarianMatcher+JohnsonDijkstraStrategy,593,mixed,edge_relaxations,4154
W3,800,1.25,17,HungarianMatcher+JohnsonDijkstraStrategy,593,mixed,defect_at_iteration,206
W3,800,1.25,17,HungarianMatcher+JohnsonDijkstraStrategy,594,mixed,edge_relaxations,4154
W3,800,1.25,17,HungarianMatcher+JohnsonDijkstraStrategy,594,mixed,defect_at_iteration,205
W3,800,1.25,17,HungarianMatcher+JohnsonDijkstraStrategy,595,mixed,edge_relaxations,4154
W3,800,1.25,17,HungarianMatcher+JohnsonDijkstraStrategy,595,mixed,defect_at_iteration,204
W3,800,1.25,17,HungarianMatcher+JohnsonDijkstraStrategy,596,mixed,edge_relaxations,4154
W3,800,1.25,17,HungarianMatcher+JohnsonDijkstraStrategy,596,mixed,defect_at_iteration,203
W3,800,1.25,17,HungarianMatcher+JohnsonDijkstraStrategy,597,mixed,edge_relaxations,4149
W3,800,1.25,17,HungarianMatcher+JohnsonDijkstraStrategy,597,mixed,defect_at_iteration,202
W3,800,1.25,17,HungarianMatcher+JohnsonDijkstraStrategy,598,mixed,edge_relaxations,4149
W3,800,1.25,17,HungarianMatcher+JohnsonDijkstraStrategy,598,mixed,defect_at_iteration,201
W3,800,1.25,17,HungarianMatcher+JohnsonDijkstraStrategy,599,mixed,edge_relaxations,4145
W3,800,1.25,17,HungarianMatcher+JohnsonDijkstraStrategy,599,mixed,defect_at_iteration,200
W3,800,1.25,17,HungarianMatcher+JohnsonDijkstraStrategy,600,mixed,edge_relaxations,4145
W3,800,1.25,17,HungarianMatcher+JohnsonDijkstraStrategy,600,mixed,defect_at_iteration,199
W3,800,1.25,17,HungarianMatcher+JohnsonDijkstraStrategy,601,mixed,edge_relaxations,4145
W3,800,1.25,17,HungarianMatcher+JohnsonDijkstraStrategy,601,mixed,defect_at_iteration,198
W3,800,1.25,17,HungarianMatcher+JohnsonDijkstraStrategy,602,mixed,edge_relaxations,4145
W3,800,1.25,17,HungarianMatcher+JohnsonDijkstraStrategy,602,mixed,defect_at_iteration,197
W3,800,1.25,17,HungarianMatcher+JohnsonDijkstraStrategy,603,mixed,edge_relaxations,4145
W3,800,1.25,17,HungarianMatcher+JohnsonDijkstraStrategy,603,mixed,defect_at_iteration,196
W3,800,1.25,17,HungarianMatcher+JohnsonDijkstraStrategy,604,mixed,edge_relaxations,4145
W3,800,1.25,17,HungarianMatcher+JohnsonDijkstraStrategy,604,mixed,defect_at_iteration,195
W3,800,1.25,17,HungarianMatcher+JohnsonDijkstraStrategy,605,mixed,edge_relaxations,4145
W3,800,1.25,17,HungarianMatcher+JohnsonDijkstraStrategy,605,mixed,defect_at_iteration,194
W3,800,1.25,17,HungarianMatcher+JohnsonDijkstraStrategy,606,mixed,edge_relaxations,4145
W3,800,1.25,17,HungarianMatcher+JohnsonDijkstraStrategy,606,mixed,defect_at_iteration,193
W3,800,1.25,17,HungarianMatcher+JohnsonDijkstraStrategy,607,mixed,edge_relaxations,4145
W3,800,1.25,17,HungarianMatcher+JohnsonDijkstraStrategy,607,mixed,defect_at_iteration,192
W3,800,1.25,17,HungarianMatcher+JohnsonDijkstraStrategy,608,mixed,edge_relaxations,4145
W3,800,1.25,17,HungarianMatcher+JohnsonDijkstraStrategy,608,mixed,defect_at_iteration,191
W3,800,1.25,17,HungarianMatcher+JohnsonDijkstraStrategy,609,mixed,edge_relaxations,4145
W3,800,1.25,17,HungarianMatcher+JohnsonDijkstraStrategy,609,mixed,defect_at_iteration,190
W3,800,1.25,17,HungarianMatcher+JohnsonDijkstraStrategy,610,mixed,edge_relaxations,4145
W3,800,1.25,17,HungarianMatcher+JohnsonDijkstraStrategy,610,mixed,defect_at_iteration,189
W3,800,1.25,17,HungarianMatcher+JohnsonDijkstraStrategy,611,mixed,edge_relaxations,4145
W3,800,1.25,17,HungarianMatcher+JohnsonDijkstraStrategy,611,mixed,defect_at_iteration,188
W3,800,1.25,17,HungarianMatcher+JohnsonDijkstraStrategy,612,mixed,edge_relaxations,4145
W3,800,1.25,17,HungarianMatcher+JohnsonDijkstraStrategy,612,mixed,defect_at_iteration,187
W3,800,1.25,17,HungarianMatcher+JohnsonDijkstraStrategy,613,mixed,edge_relaxations,4145
W3,800,1.25,17,HungarianMatcher+JohnsonDijkstraStrategy,613,mixed,defect_at_iteration,186
W3,800,1.25,17,HungarianMatcher+JohnsonDijkstraStrategy,614,mixed,edge_relaxations,4145
W3,800,1.25,17,HungarianMatcher+JohnsonDijkstraStrategy,614,mixed,defect_at_iteration,185
W3,800,1.25,17,HungarianMatcher+JohnsonDijkstraStrategy,615,mixed,edge_relaxations,4145
W3,800,1.25,17,HungarianMatcher+JohnsonDijkstraStrategy,615,mixed,defect_at_iteration,184
W3,800,1.25,17,HungarianMatcher+JohnsonDijkstraStrategy,616,mixed,edge_relaxations,4145
W3,800,1.25,17,HungarianMatcher+JohnsonDijkstraStrategy,616,mixed,defect_at_iteration,183
W3,800,1.25,17,HungarianMatcher+JohnsonDijkstraStrategy,617,mixed,edge_relaxations,4145
W3,800,1.25,17,HungarianMatcher+JohnsonDijkstraStrategy,617,mixed,defect_at_iteration,182
W3,800,1.25,17,HungarianMatcher+JohnsonDijkstraStrategy,618,mixed,edge_relaxations,4140
W3,800,1.25,17,HungarianMatcher+JohnsonDijkstraStrategy,618,mixed,defect_at_iteration,181
W3,800,1.25,17,HungarianMatcher+JohnsonDijkstraStrategy,619,mixed,edge_relaxations,4140
W3,800,1.25,17,HungarianMatcher+JohnsonDijkstraStrategy,619,mixed,defect_at_iteration,180
W3,800,1.25,17,HungarianMatcher+JohnsonDijkstraStrategy,620,mixed,edge_relaxations,4140
W3,800,1.25,17,HungarianMatcher+JohnsonDijkstraStrategy,620,mixed,defect_at_iteration,179
W3,800,1.25,17,HungarianMatcher+JohnsonDijkstraStrategy,621,mixed,edge_relaxations,4140
W3,800,1.25,17,HungarianMatcher+JohnsonDijkstraStrategy,621,mixed,defect_at_iteration,178
W3,800,1.25,17,HungarianMatcher+JohnsonDijkstraStrategy,622,mixed,edge_relaxations,4140
W3,800,1.25,17,HungarianMatcher+JohnsonDijkstraStrategy,622,mixed,defect_at_iteration,177
W3,800,1.25,17,HungarianMatcher+JohnsonDijkstraStrategy,623,mixed,edge_relaxations,4140
W3,800,1.25,17,HungarianMatcher+JohnsonDijkstraStrategy,623,mixed,defect_at_iteration,176
W3,800,1.25,17,HungarianMatcher+JohnsonDijkstraStrategy,624,mixed,edge_relaxations,4140
W3,800,1.25,17,HungarianMatcher+JohnsonDijkstraStrategy,624,mixed,defect_at_iteration,175
W3,800,1.25,17,HungarianMatcher+JohnsonDijkstraStrategy,625,mixed,edge_relaxations,4140
W3,800,1.25,17,HungarianMatcher+JohnsonDijkstraStrategy,625,mixed,defect_at_iteration,174
W3,800,1.25,17,HungarianMatcher+JohnsonDijkstraStrategy,626,mixed,edge_relaxations,4140
W3,800,1.25,17,HungarianMatcher+JohnsonDijkstraStrategy,626,mixed,defect_at_iteration,173
W3,800,1.25,17,HungarianMatcher+JohnsonDijkstraStrategy,627,mixed,edge_relaxations,4140
W3,800,1.25,17,HungarianMatcher+JohnsonDijkstraStrategy,627,mixed,defect_at_iteration,172
W3,800,1.25,17,HungarianMatcher+JohnsonDijkstraStrategy,628,mixed,edge_relaxations,4140
W3,800,1.25,17,HungarianMatcher+JohnsonDijkstraStrategy,628,mixed,defect_at_iteration,171
W3,800,1.25,17,HungarianMatcher+JohnsonDijkstraStrategy,629,mixed,edge_relaxations,4140
W3,800,1.25,17,HungarianMatcher+JohnsonDijkstraStrategy,629,mixed,defect_at_iteration,170
W3,800,1.25,17,HungarianMatcher+JohnsonDijkstraStrategy,630,mixed,edge_relaxations,4140
W3,800,1.25,17,HungarianMatcher+JohnsonDijkstraStrategy,630,mixed,defect_at_iteration,169
W3,800,1.25,17,HungarianMatcher+JohnsonDijkstraStrategy,631,mixed,edge_relaxations,4140
W3,800,1.25,17,HungarianMatcher+JohnsonDijkstraStrategy,631,mixed,defect_at_iteration,168
W3,800,1.25,17,HungarianMatcher+JohnsonDijkstraStrategy,632,mixed,edge_relaxations,4140
W3,800,1.25,17,HungarianMatcher+JohnsonDijkstraStrategy,632,mixed,defect_at_iteration,167
W3,800,1.25,17,HungarianMatcher+JohnsonDijkstraStrategy,633,mixed,edge_relaxations,4140
W3,800,1.25,17,HungarianMatcher+JohnsonDijkstraStrategy,633,mixed,defect_at_iteration,166
W3,800,1.25,17,HungarianMatcher+JohnsonDijkstraStrategy,634,mixed,edge_relaxations,4140
W3,800,1.25,17,HungarianMatcher+JohnsonDijkstraStrategy,634,mixed,defect_at_iteration,165
W3,800,1.25,17,HungarianMatcher+JohnsonDijkstraStrategy,635,mixed,edge_relaxations,4140
W3,800,1.25,17,HungarianMatcher+JohnsonDijkstraStrategy,635,mixed,defect_at_iteration,164
W3,800,1.25,17,HungarianMatcher+JohnsonDijkstraStrategy,636,mixed,edge_relaxations,4140
W3,800,1.25,17,HungarianMatcher+JohnsonDijkstraStrategy,636,mixed,defect_at_iteration,163
W3,800,1.25,17,HungarianMatcher+JohnsonDijkstraStrategy,637,mixed,edge_relaxations,4140
W3,800,1.25,17,HungarianMatcher+JohnsonDijkstraStrategy,637,mixed,defect_at_iteration,162
W3,800,1.25,17,HungarianMatcher+JohnsonDijkstraStrategy,638,mixed,edge_relaxations,4140
W3,800,1.25,17,HungarianMatcher+JohnsonDijkstraStrategy,638,mixed,defect_at_iteration,161
W3,800,1.25,17,HungarianMatcher+JohnsonDijkstraStrategy,639,mixed,edge_relaxations,4140
W3,800,1.25,17,HungarianMatcher+JohnsonDijkstraStrategy,639,mixed,defect_at_iteration,160
W3,800,1.25,17,HungarianMatcher+JohnsonDijkstraStrategy,640,mixed,edge_relaxations,4140
W3,800,1.25,17,HungarianMatcher+JohnsonDijkstraStrategy,640,mixed,defect_at_iteration,159
W3,800,1.25,17,HungarianMatcher+JohnsonDijkstraStrategy,641,mixed,edge_relaxations,4140
W3,800,1.25,17,HungarianMatcher+JohnsonDijkstraStrategy,641,mixed,defect_at_iteration,158
W3,800,1.25,17,HungarianMatcher+JohnsonDijkstraStrategy,642,mixed,edge_relaxations,4140
W3,800,1.25,17,HungarianMatcher+JohnsonDijkstraStrategy,642,mixed,defect_at_iteration,157
W3,800,1.25,17,HungarianMatcher+JohnsonDijkstraStrategy,643,mixed,edge_relaxations,4140
W3,800,1.25,17,HungarianMatcher+JohnsonDijkstraStrategy,643,mixed,defect_at_iteration,156
W3,800,1.25,17,HungarianMatcher+JohnsonDijkstraStrategy,644,mixed,edge_relaxations,4140
W3,800,1.25,17,HungarianMatcher+JohnsonDijkstraStrategy,644,mixed,defect_at_iteration,155
W3,800,1.25,17,HungarianMatcher+JohnsonDijkstraStrategy,645,mixed,edge_relaxations,4140
W3,800,1.25,17,HungarianMatcher+JohnsonDijkstraStrategy,645,mixed,defect_at_iteration,154
W3,800,1.25,17,HungarianMatcher+JohnsonDijkstraStrategy,646,mixed,edge_relaxations,4140
W3,800,1.25,17,HungarianMatcher+JohnsonDijkstraStrategy,646,mixed,defect_at_iteration,153
W3,800,1.25,17,HungarianMatcher+JohnsonDijkstraStrategy,647,mixed,edge_relaxations,4140
W3,800,1.25,17,HungarianMatcher+JohnsonDijkstraStrategy,647,mixed,defect_at_iteration,152
W3,800,1.25,17,HungarianMatcher+JohnsonDijkstraStrategy,648,mixed,edge_relaxations,4140
W3,800,1.25,17,HungarianMatcher+JohnsonDijkstraStrategy,648,mixed,defect_at_iteration,151
W3,800,1.25,17,HungarianMatcher+JohnsonDijkstraStrategy,649,mixed,edge_relaxations,4140
W3,800,1.25,17,HungarianMatcher+JohnsonDijkstraStrategy,649,mixed,defect_at_iteration,150
W3,800,1.25,17,HungarianMatcher+JohnsonDijkstraStrategy,650,mixed,edge_relaxations,4140
W3,800,1.25,17,HungarianMatcher+JohnsonDijkstraStrategy,650,mixed,defect_at_iteration,149
W3,800,1.25,17,HungarianMatcher+JohnsonDijkstraStrategy,651,mixed,edge_relaxations,4140
W3,800,1.25,17,HungarianMatcher+JohnsonDijkstraStrategy,651,mixed,defect_at_iteration,148
W3,800,1.25,17,HungarianMatcher+JohnsonDijkstraStrategy,652,mixed,edge_relaxations,4140
W3,800,1.25,17,HungarianMatcher+JohnsonDijkstraStrategy,652,mixed,defect_at_iteration,147
W3,800,1.25,17,HungarianMatcher+JohnsonDijkstraStrategy,653,mixed,edge_relaxations,4140
W3,800,1.25,17,HungarianMatcher+JohnsonDijkstraStrategy,653,mixed,defect_at_iteration,146
W3,800,1.25,17,HungarianMatcher+JohnsonDijkstraStrategy,654,mixed,edge_relaxations,4140
W3,800,1.25,17,HungarianMatcher+JohnsonDijkstraStrategy,654,mixed,defect_at_iteration,145
W3,800,1.25,17,HungarianMatcher+JohnsonDijkstraStrategy,655,mixed,edge_relaxations,4140
W3,800,1.25,17,HungarianMatcher+JohnsonDijkstraStrategy,655,mixed,defect_at_iteration,144
W3,800,1.25,17,HungarianMatcher+JohnsonDijkstraStrategy,656,mixed,edge_relaxations,4140
W3,800,1.25,17,HungarianMatcher+JohnsonDijkstraStrategy,656,mixed,defect_at_iteration,143
W3,800,1.25,17,HungarianMatcher+JohnsonDijkstraStrategy,657,mixed,edge_relaxations,4140
W3,800,1.25,17,HungarianMatcher+JohnsonDijkstraStrategy,657,mixed,defect_at_iteration,142
W3,800,1.25,17,HungarianMatcher+JohnsonDijkstraStrategy,658,mixed,edge_relaxations,4140
W3,800,1.25,17,HungarianMatcher+JohnsonDijkstraStrategy,658,mixed,defect_at_iteration,141
W3,800,1.25,17,HungarianMatcher+JohnsonDijkstraStrategy,659,mixed,edge_relaxations,4140
W3,800,1.25,17,HungarianMatcher+JohnsonDijkstraStrategy,659,mixed,defect_at_iteration,140
W3,800,1.25,17,HungarianMatcher+JohnsonDijkstraStrategy,660,mixed,edge_relaxations,4140
W3,800,1.25,17,HungarianMatcher+JohnsonDijkstraStrategy,660,mixed,defect_at_iteration,139
W3,800,1.25,17,HungarianMatcher+JohnsonDijkstraStrategy,661,mixed,edge_relaxations,4140
W3,800,1.25,17,HungarianMatcher+JohnsonDijkstraStrategy,661,mixed,defect_at_iteration,138
W3,800,1.25,17,HungarianMatcher+JohnsonDijkstraStrategy,662,mixed,edge_relaxations,4140
W3,800,1.25,17,HungarianMatcher+JohnsonDijkstraStrategy,662,mixed,defect_at_iteration,137
W3,800,1.25,17,HungarianMatcher+JohnsonDijkstraStrategy,663,mixed,edge_relaxations,4140
W3,800,1.25,17,HungarianMatcher+JohnsonDijkstraStrategy,663,mixed,defect_at_iteration,136
W3,800,1.25,17,HungarianMatcher+JohnsonDijkstraStrategy,664,mixed,edge_relaxations,4140
W3,800,1.25,17,HungarianMatcher+JohnsonDijkstraStrategy,664,mixed,defect_at_iteration,135
W3,800,1.25,17,HungarianMatcher+JohnsonDijkstraStrategy,665,mixed,edge_relaxations,4140
W3,800,1.25,17,HungarianMatcher+JohnsonDijkstraStrategy,665,mixed,defect_at_iteration,134
W3,800,1.25,17,HungarianMatcher+JohnsonDijkstraStrategy,666,mixed,edge_relaxations,4140
W3,800,1.25,17,HungarianMatcher+JohnsonDijkstraStrategy,666,mixed,defect_at_iteration,133
W3,800,1.25,17,HungarianMatcher+JohnsonDijkstraStrategy,667,mixed,edge_relaxations,4140
W3,800,1.25,17,HungarianMatcher+JohnsonDijkstraStrategy,667,mixed,defect_at_iteration,132
W3,800,1.25,17,HungarianMatcher+JohnsonDijkstraStrategy,668,mixed,edge_relaxations,4140
W3,800,1.25,17,HungarianMatcher+JohnsonDijkstraStrategy,668,mixed,defect_at_iteration,131
W3,800,1.25,17,HungarianMatcher+JohnsonDijkstraStrategy,669,mixed,edge_relaxations,4140
W3,800,1.25,17,HungarianMatcher+JohnsonDijkstraStrategy,669,mixed,defect_at_iteration,130
W3,800,1.25,17,HungarianMatcher+JohnsonDijkstraStrategy,670,mixed,edge_relaxations,4140
W3,800,1.25,17,HungarianMatcher+JohnsonDijkstraStrategy,670,mixed,defect_at_iteration,129
W3,800,1.25,17,HungarianMatcher+JohnsonDijkstraStrategy,671,mixed,edge_relaxations,4140
W3,800,1.25,17,HungarianMatcher+JohnsonDijkstraStrategy,671,mixed,defect_at_iteration,128
W3,800,1.25,17,HungarianMatcher+JohnsonDijkstraStrategy,672,mixed,edge_relaxations,4140
W3,800,1.25,17,HungarianMatcher+JohnsonDijkstraStrategy,672,mixed,defect_at_iteration,127
W3,800,1.25,17,HungarianMatcher+JohnsonDijkstraStrategy,673,mixed,edge_relaxations,4140
W3,800,1.25,17,HungarianMatcher+JohnsonDijkstraStrategy,673,mixed,defect_at_iteration,126
W3,800,1.25,17,HungarianMatcher+JohnsonDijkstraStrategy,674,mixed,edge_relaxations,4140
W3,800,1.25,17,HungarianMatcher+JohnsonDijkstraStrategy,674,mixed,defect_at_iteration,125
W3,800,1.25,17,HungarianMatcher+JohnsonDijkstraStrategy,675,mixed,edge_relaxations,4140
W3,800,1.25,17,HungarianMatcher+JohnsonDijkstraStrategy,675,mixed,defect_at_iteration,124
W3,800,1.25,17,HungarianMatcher+JohnsonDijkstraStrategy,676,mixed,edge_relaxations,4140
W3,800,1.25,17,HungarianMatcher+JohnsonDijkstraStrategy,676,mixed,defect_at_iteration,123
W3,800,1.25,17,HungarianMatcher+JohnsonDijkstraStrategy,677,mixed,edge_relaxations,4140
W3,800,1.25,17,HungarianMatcher+JohnsonDijkstraStrategy,677,mixed,defect_at_iteration,122
W3,800,1.25,17,HungarianMatcher+JohnsonDijkstraStrategy,678,mixed,edge_relaxations,4140
W3,800,1.25,17,HungarianMatcher+JohnsonDijkstraStrategy,678,mixed,defect_at_iteration,121
W3,800,1.25,17,HungarianMatcher+JohnsonDijkstraStrategy,679,mixed,edge_relaxations,4140
W3,800,1.25,17,HungarianMatcher+JohnsonDijkstraStrategy,679,mixed,defect_at_iteration,120
W3,800,1.25,17,HungarianMatcher+JohnsonDijkstraStrategy,680,mixed,edge_relaxations,4140
W3,800,1.25,17,HungarianMatcher+JohnsonDijkstraStrategy,680,mixed,defect_at_iteration,119
W3,800,1.25,17,HungarianMatcher+JohnsonDijkstraStrategy,681,mixed,edge_relaxations,4140
W3,800,1.25,17,HungarianMatcher+JohnsonDijkstraStrategy,681,mixed,defect_at_iteration,118
W3,800,1.25,17,HungarianMatcher+JohnsonDijkstraStrategy,682,mixed,edge_relaxations,4140
W3,800,1.25,17,HungarianMatcher+JohnsonDijkstraStrategy,682,mixed,defect_at_iteration,117
W3,800,1.25,17,HungarianMatcher+JohnsonDijkstraStrategy,683,mixed,edge_relaxations,4140
W3,800,1.25,17,HungarianMatcher+JohnsonDijkstraStrategy,683,mixed,defect_at_iteration,116
W3,800,1.25,17,HungarianMatcher+JohnsonDijkstraStrategy,684,mixed,edge_relaxations,4140
W3,800,1.25,17,HungarianMatcher+JohnsonDijkstraStrategy,684,mixed,defect_at_iteration,115
W3,800,1.25,17,HungarianMatcher+JohnsonDijkstraStrategy,685,mixed,edge_relaxations,4140
W3,800,1.25,17,HungarianMatcher+JohnsonDijkstraStrategy,685,mixed,defect_at_iteration,114
W3,800,1.25,17,HungarianMatcher+JohnsonDijkstraStrategy,686,mixed,edge_relaxations,4140
W3,800,1.25,17,HungarianMatcher+JohnsonDijkstraStrategy,686,mixed,defect_at_iteration,113
W3,800,1.25,17,HungarianMatcher+JohnsonDijkstraStrategy,687,mixed,edge_relaxations,4140
W3,800,1.25,17,HungarianMatcher+JohnsonDijkstraStrategy,687,mixed,defect_at_iteration,112
W3,800,1.25,17,HungarianMatcher+JohnsonDijkstraStrategy,688,mixed,edge_relaxations,4140
W3,800,1.25,17,HungarianMatcher+JohnsonDijkstraStrategy,688,mixed,defect_at_iteration,111
W3,800,1.25,17,HungarianMatcher+JohnsonDijkstraStrategy,689,mixed,edge_relaxations,4140
W3,800,1.25,17,HungarianMatcher+JohnsonDijkstraStrategy,689,mixed,defect_at_iteration,110
W3,800,1.25,17,HungarianMatcher+JohnsonDijkstraStrategy,690,mixed,edge_relaxations,4140
W3,800,1.25,17,HungarianMatcher+JohnsonDijkstraStrategy,690,mixed,defect_at_iteration,109
W3,800,1.25,17,HungarianMatcher+JohnsonDijkstraStrategy,691,mixed,edge_relaxations,4140
W3,800,1.25,17,HungarianMatcher+JohnsonDijkstraStrategy,691,mixed,defect_at_iteration,108
W3,800,1.25,17,HungarianMatcher+JohnsonDijkstraStrategy,692,mixed,edge_relaxations,4140
W3,800,1.25,17,HungarianMatcher+JohnsonDijkstraStrategy,692,mixed,defect_at_iteration,107
W3,800,1.25,17,HungarianMatcher+JohnsonDijkstraStrategy,693,mixed,edge_relaxations,4140
W3,800,1.25,17,HungarianMatcher+JohnsonDijkstraStrategy,693,mixed,defect_at_iteration,106
W3,800,1.25,17,HungarianMatcher+JohnsonDijkstraStrategy,694,mixed,edge_relaxations,4140
W3,800,1.25,17,HungarianMatcher+JohnsonDijkstraStrategy,694,mixed,defect_at_iteration,105
W3,800,1.25,17,HungarianMatcher+JohnsonDijkstraStrategy,695,mixed,edge_relaxations,4140
W3,800,1.25,17,HungarianMatcher+JohnsonDijkstraStrategy,695,mixed,defect_at_iteration,104
W3,800,1.25,17,HungarianMatcher+JohnsonDijkstraStrategy,696,mixed,edge_relaxations,4140
W3,800,1.25,17,HungarianMatcher+JohnsonDijkstraStrategy,696,mixed,defect_at_iteration,103
W3,800,1.25,17,HungarianMatcher+JohnsonDijkstraStrategy,697,mixed,edge_relaxations,4140
W3,800,1.25,17,HungarianMatcher+JohnsonDijkstraStrategy,697,mixed,defect_at_iteration,102
W3,800,1.25,17,HungarianMatcher+JohnsonDijkstraStrategy,698,mixed,edge_relaxations,4140
W3,800,1.25,17,HungarianMatcher+JohnsonDijkstraStrategy,698,mixed,defect_at_iteration,101
W3,800,1.25,17,HungarianMatcher+JohnsonDijkstraStrategy,699,mixed,edge_relaxations,4140
W3,800,1.25,17,HungarianMatcher+JohnsonDijkstraStrategy,699,mixed,defect_at_iteration,100
W3,800,1.25,17,HungarianMatcher+JohnsonDijkstraStrategy,700,mixed,edge_relaxations,4140
W3,800,1.25,17,HungarianMatcher+JohnsonDijkstraStrategy,700,mixed,defect_at_iteration,99
W3,800,1.25,17,HungarianMatcher+JohnsonDijkstraStrategy,701,mixed,edge_relaxations,4140
W3,800,1.25,17,HungarianMatcher+JohnsonDijkstraStrategy,701,mixed,defect_at_iteration,98
W3,800,1.25,17,HungarianMatcher+JohnsonDijkstraStrategy,702,mixed,edge_relaxations,4140
W3,800,1.25,17,HungarianMatcher+JohnsonDijkstraStrategy,702,mixed,defect_at_iteration,97
W3,800,1.25,17,HungarianMatcher+JohnsonDijkstraStrategy,703,mixed,edge_relaxations,4140
W3,800,1.25,17,HungarianMatcher+JohnsonDijkstraStrategy,703,mixed,defect_at_iteration,96
W3,800,1.25,17,HungarianMatcher+JohnsonDijkstraStrategy,704,mixed,edge_relaxations,4140
W3,800,1.25,17,HungarianMatcher+JohnsonDijkstraStrategy,704,mixed,defect_at_iteration,95
W3,800,1.25,17,HungarianMatcher+JohnsonDijkstraStrategy,705,mixed,edge_relaxations,4140
W3,800,1.25,17,HungarianMatcher+JohnsonDijkstraStrategy,705,mixed,defect_at_iteration,94
W3,800,1.25,17,HungarianMatcher+JohnsonDijkstraStrategy,706,mixed,edge_relaxations,4140
W3,800,1.25,17,HungarianMatcher+JohnsonDijkstraStrategy,706,mixed,defect_at_iteration,93
W3,800,1.25,17,HungarianMatcher+JohnsonDijkstraStrategy,707,mixed,edge_relaxations,4140
W3,800,1.25,17,HungarianMatcher+JohnsonDijkstraStrategy,707,mixed,defect_at_iteration,92
W3,800,1.25,17,HungarianMatcher+JohnsonDijkstraStrategy,708,mixed,edge_relaxations,4140
W3,800,1.25,17,HungarianMatcher+JohnsonDijkstraStrategy,708,mixed,defect_at_iteration,91
W3,800,1.25,17,HungarianMatcher+JohnsonDijkstraStrategy,709,mixed,edge_relaxations,4140
W3,800,1.25,17,HungarianMatcher+JohnsonDijkstraStrategy,709,mixed,defect_at_iteration,90
W3,800,1.25,17,HungarianMatcher+JohnsonDijkstraStrategy,710,mixed,edge_relaxations,4140
W3,800,1.25,17,HungarianMatcher+JohnsonDijkstraStrategy,710,mixed,defect_at_iteration,89
W3,800,1.25,17,HungarianMatcher+JohnsonDijkstraStrategy,711,mixed,edge_relaxations,4140
W3,800,1.25,17,HungarianMatcher+JohnsonDijkstraStrategy,711,mixed,defect_at_iteration,88
W3,800,1.25,17,HungarianMatcher+JohnsonDijkstraStrategy,712,mixed,edge_relaxations,4140
W3,800,1.25,17,HungarianMatcher+JohnsonDijkstraStrategy,712,mixed,defect_at_iteration,87
W3,800,1.25,17,HungarianMatcher+JohnsonDijkstraStrategy,713,mixed,edge_relaxations,4140
W3,800,1.25,17,HungarianMatcher+JohnsonDijkstraStrategy,713,mixed,defect_at_iteration,86
W3,800,1.25,17,HungarianMatcher+JohnsonDijkstraStrategy,714,mixed,edge_relaxations,4140
W3,800,1.25,17,HungarianMatcher+JohnsonDijkstraStrategy,714,mixed,defect_at_iteration,85
W3,800,1.25,17,HungarianMatcher+JohnsonDijkstraStrategy,715,mixed,edge_relaxations,4140
W3,800,1.25,17,HungarianMatcher+JohnsonDijkstraStrategy,715,mixed,defect_at_iteration,84
W3,800,1.25,17,HungarianMatcher+JohnsonDijkstraStrategy,716,mixed,edge_relaxations,4140
W3,800,1.25,17,HungarianMatcher+JohnsonDijkstraStrategy,716,mixed,defect_at_iteration,83
W3,800,1.25,17,HungarianMatcher+JohnsonDijkstraStrategy,717,mixed,edge_relaxations,4140
W3,800,1.25,17,HungarianMatcher+JohnsonDijkstraStrategy,717,mixed,defect_at_iteration,82
W3,800,1.25,17,HungarianMatcher+JohnsonDijkstraStrategy,718,mixed,edge_relaxations,4140
W3,800,1.25,17,HungarianMatcher+JohnsonDijkstraStrategy,718,mixed,defect_at_iteration,81
W3,800,1.25,17,HungarianMatcher+JohnsonDijkstraStrategy,719,mixed,edge_relaxations,4140
W3,800,1.25,17,HungarianMatcher+JohnsonDijkstraStrategy,719,mixed,defect_at_iteration,80
W3,800,1.25,17,HungarianMatcher+JohnsonDijkstraStrategy,720,mixed,edge_relaxations,4140
W3,800,1.25,17,HungarianMatcher+JohnsonDijkstraStrategy,720,mixed,defect_at_iteration,79
W3,800,1.25,17,HungarianMatcher+JohnsonDijkstraStrategy,721,mixed,edge_relaxations,4140
W3,800,1.25,17,HungarianMatcher+JohnsonDijkstraStrategy,721,mixed,defect_at_iteration,78
W3,800,1.25,17,HungarianMatcher+JohnsonDijkstraStrategy,722,mixed,edge_relaxations,4140
W3,800,1.25,17,HungarianMatcher+JohnsonDijkstraStrategy,722,mixed,defect_at_iteration,77
W3,800,1.25,17,HungarianMatcher+JohnsonDijkstraStrategy,723,mixed,edge_relaxations,4140
W3,800,1.25,17,HungarianMatcher+JohnsonDijkstraStrategy,723,mixed,defect_at_iteration,76
W3,800,1.25,17,HungarianMatcher+JohnsonDijkstraStrategy,724,mixed,edge_relaxations,4140
W3,800,1.25,17,HungarianMatcher+JohnsonDijkstraStrategy,724,mixed,defect_at_iteration,75
W3,800,1.25,17,HungarianMatcher+JohnsonDijkstraStrategy,725,mixed,edge_relaxations,4140
W3,800,1.25,17,HungarianMatcher+JohnsonDijkstraStrategy,725,mixed,defect_at_iteration,74
W3,800,1.25,17,HungarianMatcher+JohnsonDijkstraStrategy,726,mixed,edge_relaxations,4140
W3,800,1.25,17,HungarianMatcher+JohnsonDijkstraStrategy,726,mixed,defect_at_iteration,73
W3,800,1.25,17,HungarianMatcher+JohnsonDijkstraStrategy,727,mixed,edge_relaxations,4140
W3,800,1.25,17,HungarianMatcher+JohnsonDijkstraStrategy,727,mixed,defect_at_iteration,72
W3,800,1.25,17,HungarianMatcher+JohnsonDijkstraStrategy,728,mixed,edge_relaxations,4133
W3,800,1.25,17,HungarianMatcher+JohnsonDijkstraStrategy,728,mixed,defect_at_iteration,71
W3,800,1.25,17,HungarianMatcher+JohnsonDijkstraStrategy,729,mixed,edge_relaxations,4133
W3,800,1.25,17,HungarianMatcher+JohnsonDijkstraStrategy,729,mixed,defect_at_iteration,70
W3,800,1.25,17,HungarianMatcher+JohnsonDijkstraStrategy,730,mixed,edge_relaxations,4133
W3,800,1.25,17,HungarianMatcher+JohnsonDijkstraStrategy,730,mixed,defect_at_iteration,69
W3,800,1.25,17,HungarianMatcher+JohnsonDijkstraStrategy,731,mixed,edge_relaxations,4133
W3,800,1.25,17,HungarianMatcher+JohnsonDijkstraStrategy,731,mixed,defect_at_iteration,68
W3,800,1.25,17,HungarianMatcher+JohnsonDijkstraStrategy,732,mixed,edge_relaxations,4133
W3,800,1.25,17,HungarianMatcher+JohnsonDijkstraStrategy,732,mixed,defect_at_iteration,67
W3,800,1.25,17,HungarianMatcher+JohnsonDijkstraStrategy,733,mixed,edge_relaxations,4133
W3,800,1.25,17,HungarianMatcher+JohnsonDijkstraStrategy,733,mixed,defect_at_iteration,66
W3,800,1.25,17,HungarianMatcher+JohnsonDijkstraStrategy,734,mixed,edge_relaxations,4133
W3,800,1.25,17,HungarianMatcher+JohnsonDijkstraStrategy,734,mixed,defect_at_iteration,65
W3,800,1.25,17,HungarianMatcher+JohnsonDijkstraStrategy,735,mixed,edge_relaxations,4133
W3,800,1.25,17,HungarianMatcher+JohnsonDijkstraStrategy,735,mixed,defect_at_iteration,64
W3,800,1.25,17,HungarianMatcher+JohnsonDijkstraStrategy,736,mixed,edge_relaxations,4133
W3,800,1.25,17,HungarianMatcher+JohnsonDijkstraStrategy,736,mixed,defect_at_iteration,63
W3,800,1.25,17,HungarianMatcher+JohnsonDijkstraStrategy,737,mixed,edge_relaxations,4133
W3,800,1.25,17,HungarianMatcher+JohnsonDijkstraStrategy,737,mixed,defect_at_iteration,62
W3,800,1.25,17,HungarianMatcher+JohnsonDijkstraStrategy,738,mixed,edge_relaxations,4133
W3,800,1.25,17,HungarianMatcher+JohnsonDijkstraStrategy,738,mixed,defect_at_iteration,61
W3,800,1.25,17,HungarianMatcher+JohnsonDijkstraStrategy,739,mixed,edge_relaxations,4133
W3,800,1.25,17,HungarianMatcher+JohnsonDijkstraStrategy,739,mixed,defect_at_iteration,60
W3,800,1.25,17,HungarianMatcher+JohnsonDijkstraStrategy,740,mixed,edge_relaxations,4133
W3,800,1.25,17,HungarianMatcher+JohnsonDijkstraStrategy,740,mixed,defect_at_iteration,59
W3,800,1.25,17,HungarianMatcher+JohnsonDijkstraStrategy,741,mixed,edge_relaxations,4133
W3,800,1.25,17,HungarianMatcher+JohnsonDijkstraStrategy,741,mixed,defect_at_iteration,58
W3,800,1.25,17,HungarianMatcher+JohnsonDijkstraStrategy,742,mixed,edge_relaxations,4133
W3,800,1.25,17,HungarianMatcher+JohnsonDijkstraStrategy,742,mixed,defect_at_iteration,57
W3,800,1.25,17,HungarianMatcher+JohnsonDijkstraStrategy,743,mixed,edge_relaxations,4133
W3,800,1.25,17,HungarianMatcher+JohnsonDijkstraStrategy,743,mixed,defect_at_iteration,56
W3,800,1.25,17,HungarianMatcher+JohnsonDijkstraStrategy,744,mixed,edge_relaxations,4133
W3,800,1.25,17,HungarianMatcher+JohnsonDijkstraStrategy,744,mixed,defect_at_iteration,55
W3,800,1.25,17,HungarianMatcher+JohnsonDijkstraStrategy,745,mixed,edge_relaxations,4133
W3,800,1.25,17,HungarianMatcher+JohnsonDijkstraStrategy,745,mixed,defect_at_iteration,54
W3,800,1.25,17,HungarianMatcher+JohnsonDijkstraStrategy,746,mixed,edge_relaxations,4133
W3,800,1.25,17,HungarianMatcher+JohnsonDijkstraStrategy,746,mixed,defect_at_iteration,53
W3,800,1.25,17,HungarianMatcher+JohnsonDijkstraStrategy,747,mixed,edge_relaxations,4133
W3,800,1.25,17,HungarianMatcher+JohnsonDijkstraStrategy,747,mixed,defect_at_iteration,52
W3,800,1.25,17,HungarianMatcher+JohnsonDijkstraStrategy,748,mixed,edge_relaxations,4133
W3,800,1.25,17,HungarianMatcher+JohnsonDijkstraStrategy,748,mixed,defect_at_iteration,51
W3,800,1.25,17,HungarianMatcher+JohnsonDijkstraStrategy,749,mixed,edge_relaxations,4133
W3,800,1.25,17,HungarianMatcher+JohnsonDijkstraStrategy,749,mixed,defect_at_iteration,50
W3,800,1.25,17,HungarianMatcher+JohnsonDijkstraStrategy,750,mixed,edge_relaxations,4133
W3,800,1.25,17,HungarianMatcher+JohnsonDijkstraStrategy,750,mixed,defect_at_iteration,49
W3,800,1.25,17,HungarianMatcher+JohnsonDijkstraStrategy,751,mixed,edge_relaxations,4133
W3,800,1.25,17,HungarianMatcher+JohnsonDijkstraStrategy,751,mixed,defect_at_iteration,48
W3,800,1.25,17,HungarianMatcher+JohnsonDijkstraStrategy,752,mixed,edge_relaxations,4133
W3,800,1.25,17,HungarianMatcher+JohnsonDijkstraStrategy,752,mixed,defect_at_iteration,47
W3,800,1.25,17,HungarianMatcher+JohnsonDijkstraStrategy,753,mixed,edge_relaxations,4133
W3,800,1.25,17,HungarianMatcher+JohnsonDijkstraStrategy,753,mixed,defect_at_iteration,46
W3,800,1.25,17,HungarianMatcher+JohnsonDijkstraStrategy,754,mixed,edge_relaxations,4133
W3,800,1.25,17,HungarianMatcher+JohnsonDijkstraStrategy,754,mixed,defect_at_iteration,45
W3,800,1.25,17,HungarianMatcher+JohnsonDijkstraStrategy,755,mixed,edge_relaxations,4133
W3,800,1.25,17,HungarianMatcher+JohnsonDijkstraStrategy,755,mixed,defect_at_iteration,44
W3,800,1.25,17,HungarianMatcher+JohnsonDijkstraStrategy,756,mixed,edge_relaxations,4133
W3,800,1.25,17,HungarianMatcher+JohnsonDijkstraStrategy,756,mixed,defect_at_iteration,43
W3,800,1.25,17,HungarianMatcher+JohnsonDijkstraStrategy,757,mixed,edge_relaxations,4133
W3,800,1.25,17,HungarianMatcher+JohnsonDijkstraStrategy,757,mixed,defect_at_iteration,42
W3,800,1.25,17,HungarianMatcher+JohnsonDijkstraStrategy,758,mixed,edge_relaxations,4133
W3,800,1.25,17,HungarianMatcher+JohnsonDijkstraStrategy,758,mixed,defect_at_iteration,41
W3,800,1.25,17,HungarianMatcher+JohnsonDijkstraStrategy,759,mixed,edge_relaxations,4133
W3,800,1.25,17,HungarianMatcher+JohnsonDijkstraStrategy,759,mixed,defect_at_iteration,40
W3,800,1.25,17,HungarianMatcher+JohnsonDijkstraStrategy,760,mixed,edge_relaxations,4133
W3,800,1.25,17,HungarianMatcher+JohnsonDijkstraStrategy,760,mixed,defect_at_iteration,39
W3,800,1.25,17,HungarianMatcher+JohnsonDijkstraStrategy,761,mixed,edge_relaxations,4133
W3,800,1.25,17,HungarianMatcher+JohnsonDijkstraStrategy,761,mixed,defect_at_iteration,38
W3,800,1.25,17,HungarianMatcher+JohnsonDijkstraStrategy,762,mixed,edge_relaxations,4133
W3,800,1.25,17,HungarianMatcher+JohnsonDijkstraStrategy,762,mixed,defect_at_iteration,37
W3,800,1.25,17,HungarianMatcher+JohnsonDijkstraStrategy,763,mixed,edge_relaxations,4133
W3,800,1.25,17,HungarianMatcher+JohnsonDijkstraStrategy,763,mixed,defect_at_iteration,36
W3,800,1.25,17,HungarianMatcher+JohnsonDijkstraStrategy,764,mixed,edge_relaxations,4133
W3,800,1.25,17,HungarianMatcher+JohnsonDijkstraStrategy,764,mixed,defect_at_iteration,35
W3,800,1.25,17,HungarianMatcher+JohnsonDijkstraStrategy,765,mixed,edge_relaxations,4133
W3,800,1.25,17,HungarianMatcher+JohnsonDijkstraStrategy,765,mixed,defect_at_iteration,34
W3,800,1.25,17,HungarianMatcher+JohnsonDijkstraStrategy,766,mixed,edge_relaxations,4133
W3,800,1.25,17,HungarianMatcher+JohnsonDijkstraStrategy,766,mixed,defect_at_iteration,33
W3,800,1.25,17,HungarianMatcher+JohnsonDijkstraStrategy,767,mixed,edge_relaxations,4133
W3,800,1.25,17,HungarianMatcher+JohnsonDijkstraStrategy,767,mixed,defect_at_iteration,32
W3,800,1.25,17,HungarianMatcher+JohnsonDijkstraStrategy,768,mixed,edge_relaxations,4133
W3,800,1.25,17,HungarianMatcher+JohnsonDijkstraStrategy,768,mixed,defect_at_iteration,31
W3,800,1.25,17,HungarianMatcher+JohnsonDijkstraStrategy,769,mixed,edge_relaxations,4133
W3,800,1.25,17,HungarianMatcher+JohnsonDijkstraStrategy,769,mixed,defect_at_iteration,30
W3,800,1.25,17,HungarianMatcher+JohnsonDijkstraStrategy,770,mixed,edge_relaxations,4133
W3,800,1.25,17,HungarianMatcher+JohnsonDijkstraStrategy,770,mixed,defect_at_iteration,29
W3,800,1.25,17,HungarianMatcher+JohnsonDijkstraStrategy,771,mixed,edge_relaxations,4133
W3,800,1.25,17,HungarianMatcher+JohnsonDijkstraStrategy,771,mixed,defect_at_iteration,28
W3,800,1.25,17,HungarianMatcher+JohnsonDijkstraStrategy,772,mixed,edge_relaxations,4133
W3,800,1.25,17,HungarianMatcher+JohnsonDijkstraStrategy,772,mixed,defect_at_iteration,27
W3,800,1.25,17,HungarianMatcher+JohnsonDijkstraStrategy,773,mixed,edge_relaxations,4133
W3,800,1.25,17,HungarianMatcher+JohnsonDijkstraStrategy,773,mixed,defect_at_iteration,26
W3,800,1.25,17,HungarianMatcher+JohnsonDijkstraStrategy,774,mixed,edge_relaxations,4133
W3,800,1.25,17,HungarianMatcher+JohnsonDijkstraStrategy,774,mixed,defect_at_iteration,25
W3,800,1.25,17,HungarianMatcher+JohnsonDijkstraStrategy,775,mixed,edge_relaxations,4133
W3,800,1.25,17,HungarianMatcher+JohnsonDijkstraStrategy,775,mixed,defect_at_iteration,24
W3,800,1.25,17,HungarianMatcher+JohnsonDijkstraStrategy,776,mixed,edge_relaxations,4133
W3,800,1.25,17,HungarianMatcher+JohnsonDijkstraStrategy,776,mixed,defect_at_iteration,23
W3,800,1.25,17,HungarianMatcher+JohnsonDijkstraStrategy,777,mixed,edge_relaxations,4133
W3,800,1.25,17,HungarianMatcher+JohnsonDijkstraStrategy,777,mixed,defect_at_iteration,22
W3,800,1.25,17,HungarianMatcher+JohnsonDijkstraStrategy,778,mixed,edge_relaxations,4133
W3,800,1.25,17,HungarianMatcher+JohnsonDijkstraStrategy,778,mixed,defect_at_iteration,21
W3,800,1.25,17,HungarianMatcher+JohnsonDijkstraStrategy,779,mixed,edge_relaxations,4133
W3,800,1.25,17,HungarianMatcher+JohnsonDijkstraStrategy,779,mixed,defect_at_iteration,20
W3,800,1.25,17,HungarianMatcher+JohnsonDijkstraStrategy,780,mixed,edge_relaxations,4133
W3,800,1.25,17,HungarianMatcher+JohnsonDijkstraStrategy,780,mixed,defect_at_iteration,19
W3,800,1.25,17,HungarianMatcher+JohnsonDijkstraStrategy,781,mixed,edge_relaxations,4133
W3,800,1.25,17,HungarianMatcher+JohnsonDijkstraStrategy,781,mixed,defect_at_iteration,18
W3,800,1.25,17,HungarianMatcher+JohnsonDijkstraStrategy,782,mixed,edge_relaxations,4133
W3,800,1.25,17,HungarianMatcher+JohnsonDijkstraStrategy,782,mixed,defect_at_iteration,17
W3,800,1.25,17,HungarianMatcher+JohnsonDijkstraStrategy,783,mixed,edge_relaxations,4133
W3,800,1.25,17,HungarianMatcher+JohnsonDijkstraStrategy,783,mixed,defect_at_iteration,16
W3,800,1.25,17,HungarianMatcher+JohnsonDijkstraStrategy,784,mixed,edge_relaxations,4133
W3,800,1.25,17,HungarianMatcher+JohnsonDijkstraStrategy,784,mixed,defect_at_iteration,15
W3,800,1.25,17,HungarianMatcher+JohnsonDijkstraStrategy,785,mixed,edge_relaxations,4133
W3,800,1.25,17,HungarianMatcher+JohnsonDijkstraStrategy,785,mixed,defect_at_iteration,14
W3,800,1.25,17,HungarianMatcher+JohnsonDijkstraStrategy,786,mixed,edge_relaxations,4120
W3,800,1.25,17,HungarianMatcher+JohnsonDijkstraStrategy,786,mixed,defect_at_iteration,13
W3,800,1.25,17,HungarianMatcher+JohnsonDijkstraStrategy,787,mixed,edge_relaxations,4120
W3,800,1.25,17,HungarianMatcher+JohnsonDijkstraStrategy,787,mixed,defect_at_iteration,12
W3,800,1.25,17,HungarianMatcher+JohnsonDijkstraStrategy,788,mixed,edge_relaxations,4120
W3,800,1.25,17,HungarianMatcher+JohnsonDijkstraStrategy,788,mixed,defect_at_iteration,11
W3,800,1.25,17,HungarianMatcher+JohnsonDijkstraStrategy,789,mixed,edge_relaxations,4120
W3,800,1.25,17,HungarianMatcher+JohnsonDijkstraStrategy,789,mixed,defect_at_iteration,10
W3,800,1.25,17,HungarianMatcher+JohnsonDijkstraStrategy,790,mixed,edge_relaxations,4120
W3,800,1.25,17,HungarianMatcher+JohnsonDijkstraStrategy,790,mixed,defect_at_iteration,9
W3,800,1.25,17,HungarianMatcher+JohnsonDijkstraStrategy,791,mixed,edge_relaxations,4120
W3,800,1.25,17,HungarianMatcher+JohnsonDijkstraStrategy,791,mixed,defect_at_iteration,8
W3,800,1.25,17,HungarianMatcher+JohnsonDijkstraStrategy,792,mixed,edge_relaxations,4120
W3,800,1.25,17,HungarianMatcher+JohnsonDijkstraStrategy,792,mixed,defect_at_iteration,7
W3,800,1.25,17,HungarianMatcher+JohnsonDijkstraStrategy,793,mixed,edge_relaxations,4120
W3,800,1.25,17,HungarianMatcher+JohnsonDijkstraStrategy,793,mixed,defect_at_iteration,6
W3,800,1.25,17,HungarianMatcher+JohnsonDijkstraStrategy,794,mixed,edge_relaxations,4120
W3,800,1.25,17,HungarianMatcher+JohnsonDijkstraStrategy,794,mixed,defect_at_iteration,5
W3,800,1.25,17,HungarianMatcher+JohnsonDijkstraStrategy,-1,mixed,augmentation_count,795
W3,800,1.25,17,HungarianMatcher+JohnsonDijkstraStrategy,-1,mixed,matching_value,-4.93433e+08
W3,800,1.25,17,HungarianMatcher+JohnsonDijkstraStrategy,-1,mixed,matching_size,795
W3,800,1.25,17,HungarianMatcher+JohnsonDijkstraStrategy,-1,mixed,wall_clock_ms,704.927
