test_id,n,alpha,rep,algorithm,iteration,weight_regime,metric_name,metric_value
W4,500,1.5,15,HungarianMatcher+BellmanFordStrategy,0,positive,defect_at_iteration,499
W4,500,1.5,15,HungarianMatcher+BellmanFordStrategy,1,positive,defect_at_iteration,498
W4,500,1.5,15,HungarianMatcher+BellmanFordStrategy,2,positive,defect_at_iteration,497
W4,500,1.5,15,HungarianMatcher+BellmanFordStrategy,3,positive,defect_at_iteration,496
W4,500,1.5,15,HungarianMatcher+BellmanFordStrategy,4,positive,defect_at_iteration,495
W4,500,1.5,15,HungarianMatcher+BellmanFordStrategy,5,positive,defect_at_iteration,494
W4,500,1.5,15,HungarianMatcher+BellmanFordStrategy,6,positive,defect_at_iteration,493
W4,500,1.5,15,HungarianMatcher+BellmanFordStrategy,7,positive,defect_at_iteration,492
W4,500,1.5,15,HungarianMatcher+BellmanFordStrategy,8,positive,defect_at_iteration,491
W4,500,1.5,15,HungarianMatcher+BellmanFordStrategy,9,positive,defect_at_iteration,490
W4,500,1.5,15,HungarianMatcher+BellmanFordStrategy,10,positive,defect_at_iteration,489
W4,500,1.5,15,HungarianMatcher+BellmanFordStrategy,11,positive,defect_at_iteration,488
W4,500,1.5,15,HungarianMatcher+BellmanFordStrategy,12,positive,defect_at_iteration,487
W4,500,1.5,15,HungarianMatcher+BellmanFordStrategy,13,positive,defect_at_iteration,486
W4,500,1.5,15,HungarianMatcher+BellmanFordStrategy,14,positive,defect_at_iteration,485
W4,500,1.5,15,HungarianMatcher+BellmanFordStrategy,15,positive,defect_at_iteration,484
W4,500,1.5,15,HungarianMatcher+BellmanFordStrategy,16,positive,defect_at_iteration,483
W4,500,1.5,15,HungarianMatcher+BellmanFordStrategy,17,positive,defect_at_iteration,482
W4,500,1.5,15,HungarianMatcher+BellmanFordStrategy,18,positive,defect_at_iteration,481
W4,500,1.5,15,HungarianMatcher+BellmanFordStrategy,19,positive,defect_at_iteration,480
W4,500,1.5,15,HungarianMatcher+BellmanFordStrategy,20,positive,defect_at_iteration,479
W4,500,1.5,15,HungarianMatcher+BellmanFordStrategy,21,positive,defect_at_iteration,478
W4,500,1.5,15,HungarianMatcher+BellmanFordStrategy,22,positive,defect_at_iteration,477
W4,500,1.5,15,HungarianMatcher+BellmanFordStrategy,23,positive,defect_at_iteration,476
W4,500,1.5,15,HungarianMatcher+BellmanFordStrategy,24,positive,defect_at_iteration,475
W4,500,1.5,15,HungarianMatcher+BellmanFordStrategy,25,positive,defect_at_iteration,474
W4,500,1.5,15,HungarianMatcher+BellmanFordStrategy,26,positive,defect_at_iteration,473
W4,500,1.5,15,HungarianMatcher+BellmanFordStrategy,27,positive,defect_at_iteration,472
W4,500,1.5,15,HungarianMatcher+BellmanFordStrategy,28,positive,defect_at_iteration,471
W4,500,1.5,15,HungarianMatcher+BellmanFordStrategy,29,positive,defect_at_iteration,470
W4,500,1.5,15,HungarianMatcher+BellmanFordStrategy,30,positive,defect_at_iteration,469
W4,500,1.5,15,HungarianMatcher+BellmanFordStrategy,31,positive,defect_at_iteration,468
W4,500,1.5,15,HungarianMatcher+BellmanFordStrategy,32,positive,defect_at_iteration,467
W4,500,1.5,15,HungarianMatcher+BellmanFordStrategy,33,positive,defect_at_iteration,466
W4,500,1.5,15,HungarianMatcher+BellmanFordStrategy,34,positive,defect_at_iteration,465
W4,500,1.5,15,HungarianMatcher+BellmanFordStrategy,35,positive,defect_at_iteration,464
W4,500,1.5,15,HungarianMatcher+BellmanFordStrategy,36,positive,defect_at_iteration,463
W4,500,1.5,15,HungarianMatcher+BellmanFordStrategy,37,positive,defect_at_iteration,462
W4,500,1.5,15,HungarianMatcher+BellmanFordStrategy,38,positive,defect_at_iteration,461
W4,500,1.5,15,HungarianMatcher+BellmanFordStrategy,39,positive,defect_at_iteration,460
W4,500,1.5,15,HungarianMatcher+BellmanFordStrategy,40,positive,defect_at_iteration,459
W4,500,1.5,15,HungarianMatcher+BellmanFordStrategy,41,positive,defect_at_iteration,458
W4,500,1.5,15,HungarianMatcher+BellmanFordStrategy,42,positive,defect_at_iteration,457
W4,500,1.5,15,HungarianMatcher+BellmanFordStrategy,43,positive,defect_at_iteration,456
W4,500,1.5,15,HungarianMatcher+BellmanFordStrategy,44,positive,defect_at_iteration,455
W4,500,1.5,15,HungarianMatcher+BellmanFordStrategy,45,positive,defect_at_iteration,454
W4,500,1.5,15,HungarianMatcher+BellmanFordStrategy,46,positive,defect_at_iteration,453
W4,500,1.5,15,HungarianMatcher+BellmanFordStrategy,47,positive,defect_at_iteration,452
W4,500,1.5,15,HungarianMatcher+BellmanFordStrategy,48,positive,defect_at_iteration,451
W4,500,1.5,15,HungarianMatcher+BellmanFordStrategy,49,positive,defect_at_iteration,450
W4,500,1.5,15,HungarianMatcher+BellmanFordStrategy,50,positive,defect_at_iteration,449
W4,500,1.5,15,HungarianMatcher+BellmanFordStrategy,51,positive,defect_at_iteration,448
W4,500,1.5,15,HungarianMatcher+BellmanFordStrategy,52,positive,defect_at_iteration,447
W4,500,1.5,15,HungarianMatcher+BellmanFordStrategy,53,positive,defect_at_iteration,446
W4,500,1.5,15,HungarianMatcher+BellmanFordStrategy,54,positive,defect_at_iteration,445
W4,500,1.5,15,HungarianMatcher+BellmanFordStrategy,55,positive,defect_at_iteration,444
W4,500,1.5,15,HungarianMatcher+BellmanFordStrategy,56,positive,defect_at_iteration,443
W4,500,1.5,15,HungarianMatcher+BellmanFordStrategy,57,positive,defect_at_iteration,442
W4,500,1.5,15,HungarianMatcher+BellmanFordStrategy,58,positive,defect_at_iteration,441
W4,500,1.5,15,HungarianMatcher+BellmanFordStrategy,59,positive,defect_at_iteration,440
W4,500,1.5,15,HungarianMatcher+BellmanFordStrategy,60,positive,defect_at_iteration,439
W4,500,1.5,15,HungarianMatcher+BellmanFordStrategy,61,positive,defect_at_iteration,438
W4,500,1.5,15,HungarianMatcher+BellmanFordStrategy,62,positive,defect_at_iteration,437
W4,500,1.5,15,HungarianMatcher+BellmanFordStrategy,63,positive,defect_at_iteration,436
W4,500,1.5,15,HungarianMatcher+BellmanFordStrategy,64,positive,defect_at_iteration,435
W4,500,1.5,15,HungarianMatcher+BellmanFordStrategy,65,positive,defect_at_iteration,434
W4,500,1.5,15,HungarianMatcher+BellmanFordStrategy,66,positive,defect_at_iteration,433
W4,500,1.5,15,HungarianMatcher+BellmanFordStrategy,67,positive,defect_at_iteration,432
W4,500,1.5,15,HungarianMatcher+BellmanFordStrategy,68,positive,defect_at_iteration,431
W4,500,1.5,15,HungarianMatcher+BellmanFordStrategy,69,positive,defect_at_iteration,430
W4,500,1.5,15,HungarianMatcher+BellmanFordStrategy,70,positive,defect_at_iteration,429
W4,500,1.5,15,HungarianMatcher+BellmanFordStrategy,71,positive,defect_at_iteration,428
W4,500,1.5,15,HungarianMatcher+BellmanFordStrategy,72,positive,defect_at_iteration,427
W4,500,1.5,15,HungarianMatcher+BellmanFordStrategy,73,positive,defect_at_iteration,426
W4,500,1.5,15,HungarianMatcher+BellmanFordStrategy,74,positive,defect_at_iteration,425
W4,500,1.5,15,HungarianMatcher+BellmanFordStrategy,75,positive,defect_at_iteration,424
W4,500,1.5,15,HungarianMatcher+BellmanFordStrategy,76,positive,defect_at_iteration,423
W4,500,1.5,15,HungarianMatcher+BellmanFordStrategy,77,positive,defect_at_iteration,422
W4,500,1.5,15,HungarianMatcher+BellmanFordStrategy,78,positive,defect_at_iteration,421
W4,500,1.5,15,HungarianMatcher+BellmanFordStrategy,79,positive,defect_at_iteration,420
W4,500,1.5,15,HungarianMatcher+BellmanFordStrategy,80,positive,defect_at_iteration,419
W4,500,1.5,15,HungarianMatcher+BellmanFordStrategy,81,positive,defect_at_iteration,418
W4,500,1.5,15,HungarianMatcher+BellmanFordStrategy,82,positive,defect_at_iteration,417
W4,500,1.5,15,HungarianMatcher+BellmanFordStrategy,83,positive,defect_at_iteration,416
W4,500,1.5,15,HungarianMatcher+BellmanFordStrategy,84,positive,defect_at_iteration,415
W4,500,1.5,15,HungarianMatcher+BellmanFordStrategy,85,positive,defect_at_iteration,414
W4,500,1.5,15,HungarianMatcher+BellmanFordStrategy,86,positive,defect_at_iteration,413
W4,500,1.5,15,HungarianMatcher+BellmanFordStrategy,87,positive,defect_at_iteration,412
W4,500,1.5,15,HungarianMatcher+BellmanFordStrategy,88,positive,defect_at_iteration,411
W4,500,1.5,15,HungarianMatcher+BellmanFordStrategy,89,positive,defect_at_iteration,410
W4,500,1.5,15,HungarianMatcher+BellmanFordStrategy,90,positive,defect_at_iteration,409
W4,500,1.5,15,HungarianMatcher+BellmanFordStrategy,91,positive,defect_at_iteration,408
W4,500,1.5,15,HungarianMatcher+BellmanFordStrategy,92,positive,defect_at_iteration,407
W4,500,1.5,15,HungarianMatcher+BellmanFordStrategy,93,positive,defect_at_iteration,406
W4,500,1.5,15,HungarianMatcher+BellmanFordStrategy,94,positive,defect_at_iteration,405
W4,500,1.5,15,HungarianMatcher+BellmanFordStrategy,95,positive,defect_at_iteration,404
W4,500,1.5,15,HungarianMatcher+BellmanFordStrategy,96,positive,defect_at_iteration,403
W4,500,1.5,15,HungarianMatcher+BellmanFordStrategy,97,positive,defect_at_iteration,402
W4,500,1.5,15,HungarianMatcher+BellmanFordStrategy,98,positive,defect_at_iteration,401
W4,500,1.5,15,HungarianMatcher+BellmanFordStrategy,99,positive,defect_at_iteration,400
W4,500,1.5,15,HungarianMatcher+BellmanFordStrategy,100,positive,defect_at_iteration,399
W4,500,1.5,15,HungarianMatcher+BellmanFordStrategy,101,positive,defect_at_iteration,398
W4,500,1.5,15,HungarianMatcher+BellmanFordStrategy,102,positive,defect_at_iteration,397
W4,500,1.5,15,HungarianMatcher+BellmanFordStrategy,103,positive,defect_at_iteration,396
W4,500,1.5,15,HungarianMatcher+BellmanFordStrategy,104,positive,defect_at_iteration,395
W4,500,1.5,15,HungarianMatcher+BellmanFordStrategy,105,positive,defect_at_iteration,394
W4,500,1.5,15,HungarianMatcher+BellmanFordStrategy,106,positive,defect_at_iteration,393
W4,500,1.5,15,HungarianMatcher+BellmanFordStrategy,107,positive,defect_at_iteration,392
W4,500,1.5,15,HungarianMatcher+BellmanFordStrategy,108,positive,defect_at_iteration,391
W4,500,1.5,15,HungarianMatcher+BellmanFordStrategy,109,positive,defect_at_iteration,390
W4,500,1.5,15,HungarianMatcher+BellmanFordStrategy,110,positive,defect_at_iteration,389
W4,500,1.5,15,HungarianMatcher+BellmanFordStrategy,111,positive,defect_at_iteration,388
W4,500,1.5,15,HungarianMatcher+BellmanFordStrategy,112,positive,defect_at_iteration,387
W4,500,1.5,15,HungarianMatcher+BellmanFordStrategy,113,positive,defect_at_iteration,386
W4,500,1.5,15,HungarianMatcher+BellmanFordStrategy,114,positive,defect_at_iteration,385
W4,500,1.5,15,HungarianMatcher+BellmanFordStrategy,115,positive,defect_at_iteration,384
W4,500,1.5,15,HungarianMatcher+BellmanFordStrategy,116,positive,defect_at_iteration,383
W4,500,1.5,15,HungarianMatcher+BellmanFordStrategy,117,positive,defect_at_iteration,382
W4,500,1.5,15,HungarianMatcher+BellmanFordStrategy,118,positive,defect_at_iteration,381
W4,500,1.5,15,HungarianMatcher+BellmanFordStrategy,119,positive,defect_at_iteration,380
W4,500,1.5,15,HungarianMatcher+BellmanFordStrategy,120,positive,defect_at_iteration,379
W4,500,1.5,15,HungarianMatcher+BellmanFordStrategy,121,positive,defect_at_iteration,378
W4,500,1.5,15,HungarianMatcher+BellmanFordStrategy,122,positive,defect_at_iteration,377
W4,500,1.5,15,HungarianMatcher+BellmanFordStrategy,123,positive,defect_at_iteration,376
W4,500,1.5,15,HungarianMatcher+BellmanFordStrategy,124,positive,defect_at_iteration,375
W4,500,1.5,15,HungarianMatcher+BellmanFordStrategy,125,positive,defect_at_iteration,374
W4,500,1.5,15,HungarianMatcher+BellmanFordStrategy,126,positive,defect_at_iteration,373
W4,500,1.5,15,HungarianMatcher+BellmanFordStrategy,127,positive,defect_at_iteration,372
W4,500,1.5,15,HungarianMatcher+BellmanFordStrategy,128,positive,defect_at_iteration,371
W4,500,1.5,15,HungarianMatcher+BellmanFordStrategy,129,positive,defect_at_iteration,370
W4,500,1.5,15,HungarianMatcher+BellmanFordStrategy,130,positive,defect_at_iteration,369
W4,500,1.5,15,HungarianMatcher+BellmanFordStrategy,131,positive,defect_at_iteration,368
W4,500,1.5,15,HungarianMatcher+BellmanFordStrategy,132,positive,defect_at_iteration,367
W4,500,1.5,15,HungarianMatcher+BellmanFordStrategy,133,positive,defect_at_iteration,366
W4,500,1.5,15,HungarianMatcher+BellmanFordStrategy,134,positive,defect_at_iteration,365
W4,500,1.5,15,HungarianMatcher+BellmanFordStrategy,135,positive,defect_at_iteration,364
W4,500,1.5,15,HungarianMatcher+BellmanFordStrategy,136,positive,defect_at_iteration,363
W4,500,1.5,15,HungarianMatcher+BellmanFordStrategy,137,positive,defect_at_iteration,362
W4,500,1.5,15,HungarianMatcher+BellmanFordStrategy,138,positive,defect_at_iteration,361
W4,500,1.5,15,HungarianMatcher+BellmanFordStrategy,139,positive,defect_at_iteration,360
W4,500,1.5,15,HungarianMatcher+BellmanFordStrategy,140,positive,defect_at_iteration,359
W4,500,1.5,15,HungarianMatcher+BellmanFordStrategy,141,positive,defect_at_iteration,358
W4,500,1.5,15,HungarianMatcher+BellmanFordStrategy,142,positive,defect_at_iteration,357
W4,500,1.5,15,HungarianMatcher+BellmanFordStrategy,143,positive,defect_at_iteration,356
W4,500,1.5,15,HungarianMatcher+BellmanFordStrategy,144,positive,defect_at_iteration,355
W4,500,1.5,15,HungarianMatcher+BellmanFordStrategy,145,positive,defect_at_iteration,354
W4,500,1.5,15,HungarianMatcher+BellmanFordStrategy,146,positive,defect_at_iteration,353
W4,500,1.5,15,HungarianMatcher+BellmanFordStrategy,147,positive,defect_at_iteration,352
W4,500,1.5,15,HungarianMatcher+BellmanFordStrategy,148,positive,defect_at_iteration,351
W4,500,1.5,15,HungarianMatcher+BellmanFordStrategy,149,positive,defect_at_iteration,350
W4,500,1.5,15,HungarianMatcher+BellmanFordStrategy,150,positive,defect_at_iteration,349
W4,500,1.5,15,HungarianMatcher+BellmanFordStrategy,151,positive,defect_at_iteration,348
W4,500,1.5,15,HungarianMatcher+BellmanFordStrategy,152,positive,defect_at_iteration,347
W4,500,1.5,15,HungarianMatcher+BellmanFordStrategy,153,positive,defect_at_iteration,346
W4,500,1.5,15,HungarianMatcher+BellmanFordStrategy,154,positive,defect_at_iteration,345
W4,500,1.5,15,HungarianMatcher+BellmanFordStrategy,155,positive,defect_at_iteration,344
W4,500,1.5,15,HungarianMatcher+BellmanFordStrategy,156,positive,defect_at_iteration,343
W4,500,1.5,15,HungarianMatcher+BellmanFordStrategy,157,positive,defect_at_iteration,342
W4,500,1.5,15,HungarianMatcher+BellmanFordStrategy,158,positive,defect_at_iteration,341
W4,500,1.5,15,HungarianMatcher+BellmanFordStrategy,159,positive,defect_at_iteration,340
W4,500,1.5,15,HungarianMatcher+BellmanFordStrategy,160,positive,defect_at_iteration,339
W4,500,1.5,15,HungarianMatcher+BellmanFordStrategy,161,positive,defect_at_iteration,338
W4,500,1.5,15,HungarianMatcher+BellmanFordStrategy,162,positive,defect_at_iteration,337
W4,500,1.5,15,HungarianMatcher+BellmanFordStrategy,163,positive,defect_at_iteration,336
W4,500,1.5,15,HungarianMatcher+BellmanFordStrategy,164,positive,defect_at_iteration,335
W4,500,1.5,15,HungarianMatcher+BellmanFordStrategy,165,positive,defect_at_iteration,334
W4,500,1.5,15,HungarianMatcher+BellmanFordStrategy,166,positive,defect_at_iteration,333
W4,500,1.5,15,HungarianMatcher+BellmanFordStrategy,167,positive,defect_at_iteration,332
W4,500,1.5,15,HungarianMatcher+BellmanFordStrategy,168,positive,defect_at_iteration,331
W4,500,1.5,15,HungarianMatcher+BellmanFordStrategy,169,positive,defect_at_iteration,330
W4,500,1.5,15,HungarianMatcher+BellmanFordStrategy,170,positive,defect_at_iteration,329
W4,500,1.5,15,HungarianMatcher+BellmanFordStrategy,171,positive,defect_at_iteration,328
W4,500,1.5,15,HungarianMatcher+BellmanFordStrategy,172,positive,defect_at_iteration,327
W4,500,1.5,15,HungarianMatcher+BellmanFordStrategy,173,positive,defect_at_iteration,326
W4,500,1.5,15,HungarianMatcher+BellmanFordStrategy,174,positive,defect_at_iteration,325
W4,500,1.5,15,HungarianMatcher+BellmanFordStrategy,175,positive,defect_at_iteration,324
W4,500,1.5,15,HungarianMatcher+BellmanFordStrategy,176,positive,defect_at_iteration,323
W4,500,1.5,15,HungarianMatcher+BellmanFordStrategy,177,positive,defect_at_iteration,322
W4,500,1.5,15,HungarianMatcher+BellmanFordStrategy,178,positive,defect_at_iteration,321
W4,500,1.5,15,HungarianMatcher+BellmanFordStrategy,179,positive,defect_at_iteration,320
W4,500,1.5,15,HungarianMatcher+BellmanFordStrategy,180,positive,defect_at_iteration,319
W4,500,1.5,15,HungarianMatcher+BellmanFordStrategy,181,positive,defect_at_iteration,318
W4,500,1.5,15,HungarianMatcher+BellmanFordStrategy,182,positive,defect_at_iteration,317
W4,500,1.5,15,HungarianMatcher+BellmanFordStrategy,183,positive,defect_at_iteration,316
W4,500,1.5,15,HungarianMatcher+BellmanFordStrategy,184,positive,defect_at_iteration,315
W4,500,1.5,15,HungarianMatcher+BellmanFordStrategy,185,positive,defect_at_iteration,314
W4,500,1.5,15,HungarianMatcher+BellmanFordStrategy,186,positive,defect_at_iteration,313
W4,500,1.5,15,HungarianMatcher+BellmanFordStrategy,187,positive,defect_at_iteration,312
W4,500,1.5,15,HungarianMatcher+BellmanFordStrategy,188,positive,defect_at_iteration,311
W4,500,1.5,15,HungarianMatcher+BellmanFordStrategy,189,positive,defect_at_iteration,310
W4,500,1.5,15,HungarianMatcher+BellmanFordStrategy,190,positive,defect_at_iteration,309
W4,500,1.5,15,HungarianMatcher+BellmanFordStrategy,191,positive,defect_at_iteration,308
W4,500,1.5,15,HungarianMatcher+BellmanFordStrategy,192,positive,defect_at_iteration,307
W4,500,1.5,15,HungarianMatcher+BellmanFordStrategy,193,positive,defect_at_iteration,306
W4,500,1.5,15,HungarianMatcher+BellmanFordStrategy,194,positive,defect_at_iteration,305
W4,500,1.5,15,HungarianMatcher+BellmanFordStrategy,195,positive,defect_at_iteration,304
W4,500,1.5,15,HungarianMatcher+BellmanFordStrategy,196,positive,defect_at_iteration,303
W4,500,1.5,15,HungarianMatcher+BellmanFordStrategy,197,positive,defect_at_iteration,302
W4,500,1.5,15,HungarianMatcher+BellmanFordStrategy,198,positive,defect_at_iteration,301
W4,500,1.5,15,HungarianMatcher+BellmanFordStrategy,199,positive,defect_at_iteration,300
W4,500,1.5,15,HungarianMatcher+BellmanFordStrategy,200,positive,defect_at_iteration,299
W4,500,1.5,15,HungarianMatcher+BellmanFordStrategy,201,positive,defect_at_iteration,298
W4,500,1.5,15,HungarianMatcher+BellmanFordStrategy,202,positive,defect_at_iteration,297
W4,500,1.5,15,HungarianMatcher+BellmanFordStrategy,203,positive,defect_at_iteration,296
W4,500,1.5,15,HungarianMatcher+BellmanFordStrategy,204,positive,defect_at_iteration,295
W4,500,1.5,15,HungarianMatcher+BellmanFordStrategy,205,positive,defect_at_iteration,294
W4,500,1.5,15,HungarianMatcher+BellmanFordStrategy,206,positive,defect_at_iteration,293
W4,500,1.5,15,HungarianMatcher+BellmanFordStrategy,207,positive,defect_at_iteration,292
W4,500,1.5,15,HungarianMatcher+BellmanFordStrategy,208,positive,defect_at_iteration,291
W4,500,1.5,15,HungarianMatcher+BellmanFordStrategy,209,positive,defect_at_iteration,290
W4,500,1.5,15,HungarianMatcher+BellmanFordStrategy,210,positive,defect_at_iteration,289
W4,500,1.5,15,HungarianMatcher+BellmanFordStrategy,211,positive,defect_at_iteration,288
W4,500,1.5,15,HungarianMatcher+BellmanFordStrategy,212,positive,defect_at_iteration,287
W4,500,1.5,15,HungarianMatcher+BellmanFordStrategy,213,positive,defect_at_iteration,286
W4,500,1.5,15,HungarianMatcher+BellmanFordStrategy,214,positive,defect_at_iteration,285
W4,500,1.5,15,HungarianMatcher+BellmanFordStrategy,215,positive,defect_at_iteration,284
W4,500,1.5,15,HungarianMatcher+BellmanFordStrategy,216,positive,defect_at_iteration,283
W4,500,1.5,15,HungarianMatcher+BellmanFordStrategy,217,positive,defect_at_iteration,282
W4,500,1.5,15,HungarianMatcher+BellmanFordStrategy,218,positive,defect_at_iteration,281
W4,500,1.5,15,HungarianMatcher+BellmanFordStrategy,219,positive,defect_at_iteration,280
W4,500,1.5,15,HungarianMatcher+BellmanFordStrategy,220,positive,defect_at_iteration,279
W4,500,1.5,15,HungarianMatcher+BellmanFordStrategy,221,positive,defect_at_iteration,278
W4,500,1.5,15,HungarianMatcher+BellmanFordStrategy,222,positive,defect_at_iteration,277
W4,500,1.5,15,HungarianMatcher+BellmanFordStrategy,223,positive,defect_at_iteration,276
W4,500,1.5,15,HungarianMatcher+BellmanFordStrategy,224,positive,defect_at_iteration,275
W4,500,1.5,15,HungarianMatcher+BellmanFordStrategy,225,positive,defect_at_iteration,274
W4,500,1.5,15,HungarianMatcher+BellmanFordStrategy,226,positive,defect_at_iteration,273
W4,500,1.5,15,HungarianMatcher+BellmanFordStrategy,227,positive,defect_at_iteration,272
W4,500,1.5,15,HungarianMatcher+BellmanFordStrategy,228,positive,defect_at_iteration,271
W4,500,1.5,15,HungarianMatcher+BellmanFordStrategy,229,positive,defect_at_iteration,270
W4,500,1.5,15,HungarianMatcher+BellmanFordStrategy,230,positive,defect_at_iteration,269
W4,500,1.5,15,HungarianMatcher+BellmanFordStrategy,231,positive,defect_at_iteration,268
W4,500,1.5,15,HungarianMatcher+BellmanFordStrategy,232,positive,defect_at_iteration,267
W4,500,1.5,15,HungarianMatcher+BellmanFordStrategy,233,positive,defect_at_iteration,266
W4,500,1.5,15,HungarianMatcher+BellmanFordStrategy,234,positive,defect_at_iteration,265
W4,500,1.5,15,HungarianMatcher+BellmanFordStrategy,235,positive,defect_at_iteration,264
W4,500,1.5,15,HungarianMatcher+BellmanFordStrategy,236,positive,defect_at_iteration,263
W4,500,1.5,15,HungarianMatcher+BellmanFordStrategy,237,positive,defect_at_iteration,262
W4,500,1.5,15,HungarianMatcher+BellmanFordStrategy,238,positive,defect_at_iteration,261
W4,500,1.5,15,HungarianMatcher+BellmanFordStrategy,239,positive,defect_at_iteration,260
W4,500,1.5,15,HungarianMatcher+BellmanFordStrategy,240,positive,defect_at_iteration,259
W4,500,1.5,15,HungarianMatcher+BellmanFordStrategy,241,positive,defect_at_iteration,258
W4,500,1.5,15,HungarianMatcher+BellmanFordStrategy,242,positive,defect_at_iteration,257
W4,500,1.5,15,HungarianMatcher+BellmanFordStrategy,243,positive,defect_at_iteration,256
W4,500,1.5,15,HungarianMatcher+BellmanFordStrategy,244,positive,defect_at_iteration,255
W4,500,1.5,15,HungarianMatcher+BellmanFordStrategy,245,positive,defect_at_iteration,254
W4,500,1.5,15,HungarianMatcher+BellmanFordStrategy,246,positive,defect_at_iteration,253
W4,500,1.5,15,HungarianMatcher+BellmanFordStrategy,247,positive,defect_at_iteration,252
W4,500,1.5,15,HungarianMatcher+BellmanFordStrategy,248,positive,defect_at_iteration,251
W4,500,1.5,15,HungarianMatcher+BellmanFordStrategy,249,positive,defect_at_iteration,250
W4,500,1.5,15,HungarianMatcher+BellmanFordStrategy,250,positive,defect_at_iteration,249
W4,500,1.5,15,HungarianMatcher+BellmanFordStrategy,251,positive,defect_at_iteration,248
W4,500,1.5,15,HungarianMatcher+BellmanFordStrategy,252,positive,defect_at_iteration,247
W4,500,1.5,15,HungarianMatcher+BellmanFordStrategy,253,positive,defect_at_iteration,246
W4,500,1.5,15,HungarianMatcher+BellmanFordStrategy,254,positive,defect_at_iteration,245
W4,500,1.5,15,HungarianMatcher+BellmanFordStrategy,255,positive,defect_at_iteration,244
W4,500,1.5,15,HungarianMatcher+BellmanFordStrategy,256,positive,defect_at_iteration,243
W4,500,1.5,15,HungarianMatcher+BellmanFordStrategy,257,positive,defect_at_iteration,242
W4,500,1.5,15,HungarianMatcher+BellmanFordStrategy,258,positive,defect_at_iteration,241
W4,500,1.5,15,HungarianMatcher+BellmanFordStrategy,259,positive,defect_at_iteration,240
W4,500,1.5,15,HungarianMatcher+BellmanFordStrategy,260,positive,defect_at_iteration,239
W4,500,1.5,15,HungarianMatcher+BellmanFordStrategy,261,positive,defect_at_iteration,238
W4,500,1.5,15,HungarianMatcher+BellmanFordStrategy,262,positive,defect_at_iteration,237
W4,500,1.5,15,HungarianMatcher+BellmanFordStrategy,263,positive,defect_at_iteration,236
W4,500,1.5,15,HungarianMatcher+BellmanFordStrategy,264,positive,defect_at_iteration,235
W4,500,1.5,15,HungarianMatcher+BellmanFordStrategy,265,positive,defect_at_iteration,234
W4,500,1.5,15,HungarianMatcher+BellmanFordStrategy,266,positive,defect_at_iteration,233
W4,500,1.5,15,HungarianMatcher+BellmanFordStrategy,267,positive,defect_at_iteration,232
W4,500,1.5,15,HungarianMatcher+BellmanFordStrategy,268,positive,defect_at_iteration,231
W4,500,1.5,15,HungarianMatcher+BellmanFordStrategy,269,positive,defect_at_iteration,230
W4,500,1.5,15,HungarianMatcher+BellmanFordStrategy,270,positive,defect_at_iteration,229
W4,500,1.5,15,HungarianMatcher+BellmanFordStrategy,271,positive,defect_at_iteration,228
W4,500,1.5,15,HungarianMatcher+BellmanFordStrategy,272,positive,defect_at_iteration,227
W4,500,1.5,15,HungarianMatcher+BellmanFordStrategy,273,positive,defect_at_iteration,226
W4,500,1.5,15,HungarianMatcher+BellmanFordStrategy,274,positive,defect_at_iteration,225
W4,500,1.5,15,HungarianMatcher+BellmanFordStrategy,275,positive,defect_at_iteration,224
W4,500,1.5,15,HungarianMatcher+BellmanFordStrategy,276,positive,defect_at_iteration,223
W4,500,1.5,15,HungarianMatcher+BellmanFordStrategy,277,positive,defect_at_iteration,222
W4,500,1.5,15,HungarianMatcher+BellmanFordStrategy,278,positive,defect_at_iteration,221
W4,500,1.5,15,HungarianMatcher+BellmanFordStrategy,279,positive,defect_at_iteration,220
W4,500,1.5,15,HungarianMatcher+BellmanFordStrategy,280,positive,defect_at_iteration,219
W4,500,1.5,15,HungarianMatcher+BellmanFordStrategy,281,positive,defect_at_iteration,218
W4,500,1.5,15,HungarianMatcher+BellmanFordStrategy,282,positive,defect_at_iteration,217
W4,500,1.5,15,HungarianMatcher+BellmanFordStrategy,283,positive,defect_at_iteration,216
W4,500,1.5,15,HungarianMatcher+BellmanFordStrategy,284,positive,defect_at_iteration,215
W4,500,1.5,15,HungarianMatcher+BellmanFordStrategy,285,positive,defect_at_iteration,214
W4,500,1.5,15,HungarianMatcher+BellmanFordStrategy,286,positive,defect_at_iteration,213
W4,500,1.5,15,HungarianMatcher+BellmanFordStrategy,287,positive,defect_at_iteration,212
W4,500,1.5,15,HungarianMatcher+BellmanFordStrategy,288,positive,defect_at_iteration,211
W4,500,1.5,15,HungarianMatcher+BellmanFordStrategy,289,positive,defect_at_iteration,210
W4,500,1.5,15,HungarianMatcher+BellmanFordStrategy,290,positive,defect_at_iteration,209
W4,500,1.5,15,HungarianMatcher+BellmanFordStrategy,291,positive,defect_at_iteration,208
W4,500,1.5,15,HungarianMatcher+BellmanFordStrategy,292,positive,defect_at_iteration,207
W4,500,1.5,15,HungarianMatcher+BellmanFordStrategy,293,positive,defect_at_iteration,206
W4,500,1.5,15,HungarianMatcher+BellmanFordStrategy,294,positive,defect_at_iteration,205
W4,500,1.5,15,HungarianMatcher+BellmanFordStrategy,295,positive,defect_at_iteration,204
W4,500,1.5,15,HungarianMatcher+BellmanFordStrategy,296,positive,defect_at_iteration,203
W4,500,1.5,15,HungarianMatcher+BellmanFordStrategy,297,positive,defect_at_iteration,202
W4,500,1.5,15,HungarianMatcher+BellmanFordStrategy,298,positive,defect_at_iteration,201
W4,500,1.5,15,HungarianMatcher+BellmanFordStrategy,299,positive,defect_at_iteration,200
W4,500,1.5,15,HungarianMatcher+BellmanFordStrategy,300,positive,defect_at_iteration,199
W4,500,1.5,15,HungarianMatcher+BellmanFordStrategy,301,positive,defect_at_iteration,198
W4,500,1.5,15,HungarianMatcher+BellmanFordStrategy,302,positive,defect_at_iteration,197
W4,500,1.5,15,HungarianMatcher+BellmanFordStrategy,303,positive,defect_at_iteration,196
W4,500,1.5,15,HungarianMatcher+BellmanFordStrategy,304,positive,defect_at_iteration,195
W4,500,1.5,15,HungarianMatcher+BellmanFordStrategy,305,positive,defect_at_iteration,194
W4,500,1.5,15,HungarianMatcher+BellmanFordStrategy,306,positive,defect_at_iteration,193
W4,500,1.5,15,HungarianMatcher+BellmanFordStrategy,307,positive,defect_at_iteration,192
W4,500,1.5,15,HungarianMatcher+BellmanFordStrategy,308,positive,defect_at_iteration,191
W4,500,1.5,15,HungarianMatcher+BellmanFordStrategy,309,positive,defect_at_iteration,190
W4,500,1.5,15,HungarianMatcher+BellmanFordStrategy,310,positive,defect_at_iteration,189
W4,500,1.5,15,HungarianMatcher+BellmanFordStrategy,311,positive,defect_at_iteration,188
W4,500,1.5,15,HungarianMatcher+BellmanFordStrategy,312,positive,defect_at_iteration,187
W4,500,1.5,15,HungarianMatcher+BellmanFordStrategy,313,positive,defect_at_iteration,186
W4,500,1.5,15,HungarianMatcher+BellmanFordStrategy,314,positive,defect_at_iteration,185
W4,500,1.5,15,HungarianMatcher+BellmanFordStrategy,315,positive,defect_at_iteration,184
W4,500,1.5,15,HungarianMatcher+BellmanFordStrategy,316,positive,defect_at_iteration,183
W4,500,1.5,15,HungarianMatcher+BellmanFordStrategy,317,positive,defect_at_iteration,182
W4,500,1.5,15,HungarianMatcher+BellmanFordStrategy,318,positive,defect_at_iteration,181
W4,500,1.5,15,HungarianMatcher+BellmanFordStrategy,319,positive,defect_at_iteration,180
W4,500,1.5,15,HungarianMatcher+BellmanFordStrategy,320,positive,defect_at_iteration,179
W4,500,1.5,15,HungarianMatcher+BellmanFordStrategy,321,positive,defect_at_iteration,178
W4,500,1.5,15,HungarianMatcher+BellmanFordStrategy,322,positive,defect_at_iteration,177
W4,500,1.5,15,HungarianMatcher+BellmanFordStrategy,323,positive,defect_at_iteration,176
W4,500,1.5,15,HungarianMatcher+BellmanFordStrategy,324,positive,defect_at_iteration,175
W4,500,1.5,15,HungarianMatcher+BellmanFordStrategy,325,positive,defect_at_iteration,174
W4,500,1.5,15,HungarianMatcher+BellmanFordStrategy,326,positive,defect_at_iteration,173
W4,500,1.5,15,HungarianMatcher+BellmanFordStrategy,327,positive,defect_at_iteration,172
W4,500,1.5,15,HungarianMatcher+BellmanFordStrategy,328,positive,defect_at_iteration,171
W4,500,1.5,15,HungarianMatcher+BellmanFordStrategy,329,positive,defect_at_iteration,170
W4,500,1.5,15,HungarianMatcher+BellmanFordStrategy,330,positive,defect_at_iteration,169
W4,500,1.5,15,HungarianMatcher+BellmanFordStrategy,331,positive,defect_at_iteration,168
W4,500,1.5,15,HungarianMatcher+BellmanFordStrategy,332,positive,defect_at_iteration,167
W4,500,1.5,15,HungarianMatcher+BellmanFordStrategy,333,positive,defect_at_iteration,166
W4,500,1.5,15,HungarianMatcher+BellmanFordStrategy,334,positive,defect_at_iteration,165
W4,500,1.5,15,HungarianMatcher+BellmanFordStrategy,335,positive,defect_at_iteration,164
W4,500,1.5,15,HungarianMatcher+BellmanFordStrategy,336,positive,defect_at_iteration,163
W4,500,1.5,15,HungarianMatcher+BellmanFordStrategy,337,positive,defect_at_iteration,162
W4,500,1.5,15,HungarianMatcher+BellmanFordStrategy,338,positive,defect_at_iteration,161
W4,500,1.5,15,HungarianMatcher+BellmanFordStrategy,339,positive,defect_at_iteration,160
W4,500,1.5,15,HungarianMatcher+BellmanFordStrategy,340,positive,defect_at_iteration,159
W4,500,1.5,15,HungarianMatcher+BellmanFordStrategy,341,positive,defect_at_iteration,158
W4,500,1.5,15,HungarianMatcher+BellmanFordStrategy,342,positive,defect_at_iteration,157
W4,500,1.5,15,HungarianMatcher+BellmanFordStrategy,343,positive,defect_at_iteration,156
W4,500,1.5,15,HungarianMatcher+BellmanFordStrategy,344,positive,defect_at_iteration,155
W4,500,1.5,15,HungarianMatcher+BellmanFordStrategy,345,positive,defect_at_iteration,154
W4,500,1.5,15,HungarianMatcher+BellmanFordStrategy,346,positive,defect_at_iteration,153
W4,500,1.5,15,HungarianMatcher+BellmanFordStrategy,347,positive,defect_at_iteration,152
W4,500,1.5,15,HungarianMatcher+BellmanFordStrategy,348,positive,defect_at_iteration,151
W4,500,1.5,15,HungarianMatcher+BellmanFordStrategy,349,positive,defect_at_iteration,150
W4,500,1.5,15,HungarianMatcher+BellmanFordStrategy,350,positive,defect_at_iteration,149
W4,500,1.5,15,HungarianMatcher+BellmanFordStrategy,351,positive,defect_at_iteration,148
W4,500,1.5,15,HungarianMatcher+BellmanFordStrategy,352,positive,defect_at_iteration,147
W4,500,1.5,15,HungarianMatcher+BellmanFordStrategy,353,positive,defect_at_iteration,146
W4,500,1.5,15,HungarianMatcher+BellmanFordStrategy,354,positive,defect_at_iteration,145
W4,500,1.5,15,HungarianMatcher+BellmanFordStrategy,355,positive,defect_at_iteration,144
W4,500,1.5,15,HungarianMatcher+BellmanFordStrategy,356,positive,defect_at_iteration,143
W4,500,1.5,15,HungarianMatcher+BellmanFordStrategy,357,positive,defect_at_iteration,142
W4,500,1.5,15,HungarianMatcher+BellmanFordStrategy,358,positive,defect_at_iteration,141
W4,500,1.5,15,HungarianMatcher+BellmanFordStrategy,359,positive,defect_at_iteration,140
W4,500,1.5,15,HungarianMatcher+BellmanFordStrategy,360,positive,defect_at_iteration,139
W4,500,1.5,15,HungarianMatcher+BellmanFordStrategy,361,positive,defect_at_iteration,138
W4,500,1.5,15,HungarianMatcher+BellmanFordStrategy,362,positive,defect_at_iteration,137
W4,500,1.5,15,HungarianMatcher+BellmanFordStrategy,363,positive,defect_at_iteration,136
W4,500,1.5,15,HungarianMatcher+BellmanFordStrategy,364,positive,defect_at_iteration,135
W4,500,1.5,15,HungarianMatcher+BellmanFordStrategy,365,positive,defect_at_iteration,134
W4,500,1.5,15,HungarianMatcher+BellmanFordStrategy,366,positive,defect_at_iteration,133
W4,500,1.5,15,HungarianMatcher+BellmanFordStrategy,367,positive,defect_at_iteration,132
W4,500,1.5,15,HungarianMatcher+BellmanFordStrategy,368,positive,defect_at_iteration,131
W4,500,1.5,15,HungarianMatcher+BellmanFordStrategy,369,positive,defect_at_iteration,130
W4,500,1.5,15,HungarianMatcher+BellmanFordStrategy,370,positive,defect_at_iteration,129
W4,500,1.5,15,HungarianMatcher+BellmanFordStrategy,371,positive,defect_at_iteration,128
W4,500,1.5,15,HungarianMatcher+BellmanFordStrategy,372,positive,defect_at_iteration,127
W4,500,1.5,15,HungarianMatcher+BellmanFordStrategy,373,positive,defect_at_iteration,126
W4,500,1.5,15,HungarianMatcher+BellmanFordStrategy,374,positive,defect_at_iteration,125
W4,500,1.5,15,HungarianMatcher+BellmanFordStrategy,375,positive,defect_at_iteration,124
W4,500,1.5,15,HungarianMatcher+BellmanFordStrategy,376,positive,defect_at_iteration,123
W4,500,1.5,15,HungarianMatcher+BellmanFordStrategy,377,positive,defect_at_iteration,122
W4,500,1.5,15,HungarianMatcher+BellmanFordStrategy,378,positive,defect_at_iteration,121
W4,500,1.5,15,HungarianMatcher+BellmanFordStrategy,379,positive,defect_at_iteration,120
W4,500,1.5,15,HungarianMatcher+BellmanFordStrategy,380,positive,defect_at_iteration,119
W4,500,1.5,15,HungarianMatcher+BellmanFordStrategy,381,positive,defect_at_iteration,118
W4,500,1.5,15,HungarianMatcher+BellmanFordStrategy,382,positive,defect_at_iteration,117
W4,500,1.5,15,HungarianMatcher+BellmanFordStrategy,383,positive,defect_at_iteration,116
W4,500,1.5,15,HungarianMatcher+BellmanFordStrategy,384,positive,defect_at_iteration,115
W4,500,1.5,15,HungarianMatcher+BellmanFordStrategy,385,positive,defect_at_iteration,114
W4,500,1.5,15,HungarianMatcher+BellmanFordStrategy,386,positive,defect_at_iteration,113
W4,500,1.5,15,HungarianMatcher+BellmanFordStrategy,387,positive,defect_at_iteration,112
W4,500,1.5,15,HungarianMatcher+BellmanFordStrategy,388,positive,defect_at_iteration,111
W4,500,1.5,15,HungarianMatcher+BellmanFordStrategy,389,positive,defect_at_iteration,110
W4,500,1.5,15,HungarianMatcher+BellmanFordStrategy,390,positive,defect_at_iteration,109
W4,500,1.5,15,HungarianMatcher+BellmanFordStrategy,391,positive,defect_at_iteration,108
W4,500,1.5,15,HungarianMatcher+BellmanFordStrategy,392,positive,defect_at_iteration,107
W4,500,1.5,15,HungarianMatcher+BellmanFordStrategy,393,positive,defect_at_iteration,106
W4,500,1.5,15,HungarianMatcher+BellmanFordStrategy,394,positive,defect_at_iteration,105
W4,500,1.5,15,HungarianMatcher+BellmanFordStrategy,395,positive,defect_at_iteration,104
W4,500,1.5,15,HungarianMatcher+BellmanFordStrategy,396,positive,defect_at_iteration,103
W4,500,1.5,15,HungarianMatcher+BellmanFordStrategy,397,positive,defect_at_iteration,102
W4,500,1.5,15,HungarianMatcher+BellmanFordStrategy,398,positive,defect_at_iteration,101
W4,500,1.5,15,HungarianMatcher+BellmanFordStrategy,399,positive,defect_at_iteration,100
W4,500,1.5,15,HungarianMatcher+BellmanFordStrategy,400,positive,defect_at_iteration,99
W4,500,1.5,15,HungarianMatcher+BellmanFordStrategy,401,positive,defect_at_iteration,98
W4,500,1.5,15,HungarianMatcher+BellmanFordStrategy,402,positive,defect_at_iteration,97
W4,500,1.5,15,HungarianMatcher+BellmanFordStrategy,403,positive,defect_at_iteration,96
W4,500,1.5,15,HungarianMatcher+BellmanFordStrategy,404,positive,defect_at_iteration,95
W4,500,1.5,15,HungarianMatcher+BellmanFordStrategy,405,positive,defect_at_iteration,94
W4,500,1.5,15,HungarianMatcher+BellmanFordStrategy,406,positive,defect_at_iteration,93
W4,500,1.5,15,HungarianMatcher+BellmanFordStrategy,407,positive,defect_at_iteration,92
W4,500,1.5,15,HungarianMatcher+BellmanFordStrategy,408,positive,defect_at_iteration,91
W4,500,1.5,15,HungarianMatcher+BellmanFordStrategy,409,positive,defect_at_iteration,90
W4,500,1.5,15,HungarianMatcher+BellmanFordStrategy,410,positive,defect_at_iteration,89
W4,500,1.5,15,HungarianMatcher+BellmanFordStrategy,411,positive,defect_at_iteration,88
W4,500,1.5,15,HungarianMatcher+BellmanFordStrategy,412,positive,defect_at_iteration,87
W4,500,1.5,15,HungarianMatcher+BellmanFordStrategy,413,positive,defect_at_iteration,86
W4,500,1.5,15,HungarianMatcher+BellmanFordStrategy,414,positive,defect_at_iteration,85
W4,500,1.5,15,HungarianMatcher+BellmanFordStrategy,415,positive,defect_at_iteration,84
W4,500,1.5,15,HungarianMatcher+BellmanFordStrategy,416,positive,defect_at_iteration,83
W4,500,1.5,15,HungarianMatcher+BellmanFordStrategy,417,positive,defect_at_iteration,82
W4,500,1.5,15,HungarianMatcher+BellmanFordStrategy,418,positive,defect_at_iteration,81
W4,500,1.5,15,HungarianMatcher+BellmanFordStrategy,419,positive,defect_at_iteration,80
W4,500,1.5,15,HungarianMatcher+BellmanFordStrategy,420,positive,defect_at_iteration,79
W4,500,1.5,15,HungarianMatcher+BellmanFordStrategy,421,positive,defect_at_iteration,78
W4,500,1.5,15,HungarianMatcher+BellmanFordStrategy,422,positive,defect_at_iteration,77
W4,500,1.5,15,HungarianMatcher+BellmanFordStrategy,423,positive,defect_at_iteration,76
W4,500,1.5,15,HungarianMatcher+BellmanFordStrategy,424,positive,defect_at_iteration,75
W4,500,1.5,15,HungarianMatcher+BellmanFordStrategy,425,positive,defect_at_iteration,74
W4,500,1.5,15,HungarianMatcher+BellmanFordStrategy,426,positive,defect_at_iteration,73
W4,500,1.5,15,HungarianMatcher+BellmanFordStrategy,427,positive,defect_at_iteration,72
W4,500,1.5,15,HungarianMatcher+BellmanFordStrategy,428,positive,defect_at_iteration,71
W4,500,1.5,15,HungarianMatcher+BellmanFordStrategy,429,positive,defect_at_iteration,70
W4,500,1.5,15,HungarianMatcher+BellmanFordStrategy,430,positive,defect_at_iteration,69
W4,500,1.5,15,HungarianMatcher+BellmanFordStrategy,431,positive,defect_at_iteration,68
W4,500,1.5,15,HungarianMatcher+BellmanFordStrategy,432,positive,defect_at_iteration,67
W4,500,1.5,15,HungarianMatcher+BellmanFordStrategy,433,positive,defect_at_iteration,66
W4,500,1.5,15,HungarianMatcher+BellmanFordStrategy,434,positive,defect_at_iteration,65
W4,500,1.5,15,HungarianMatcher+BellmanFordStrategy,435,positive,defect_at_iteration,64
W4,500,1.5,15,HungarianMatcher+BellmanFordStrategy,436,positive,defect_at_iteration,63
W4,500,1.5,15,HungarianMatcher+BellmanFordStrategy,437,positive,defect_at_iteration,62
W4,500,1.5,15,HungarianMatcher+BellmanFordStrategy,438,positive,defect_at_iteration,61
W4,500,1.5,15,HungarianMatcher+BellmanFordStrategy,439,positive,defect_at_iteration,60
W4,500,1.5,15,HungarianMatcher+BellmanFordStrategy,440,positive,defect_at_iteration,59
W4,500,1.5,15,HungarianMatcher+BellmanFordStrategy,441,positive,defect_at_iteration,58
W4,500,1.5,15,HungarianMatcher+BellmanFordStrategy,442,positive,defect_at_iteration,57
W4,500,1.5,15,HungarianMatcher+BellmanFordStrategy,443,positive,defect_at_iteration,56
W4,500,1.5,15,HungarianMatcher+BellmanFordStrategy,444,positive,defect_at_iteration,55
W4,500,1.5,15,HungarianMatcher+BellmanFordStrategy,445,positive,defect_at_iteration,54
W4,500,1.5,15,HungarianMatcher+BellmanFordStrategy,446,positive,defect_at_iteration,53
W4,500,1.5,15,HungarianMatcher+BellmanFordStrategy,447,positive,defect_at_iteration,52
W4,500,1.5,15,HungarianMatcher+BellmanFordStrategy,448,positive,defect_at_iteration,51
W4,500,1.5,15,HungarianMatcher+BellmanFordStrategy,449,positive,defect_at_iteration,50
W4,500,1.5,15,HungarianMatcher+BellmanFordStrategy,450,positive,defect_at_iteration,49
W4,500,1.5,15,HungarianMatcher+BellmanFordStrategy,451,positive,defect_at_iteration,48
W4,500,1.5,15,HungarianMatcher+BellmanFordStrategy,452,positive,defect_at_iteration,47
W4,500,1.5,15,HungarianMatcher+BellmanFordStrategy,453,positive,defect_at_iteration,46
W4,500,1.5,15,HungarianMatcher+BellmanFordStrategy,454,positive,defect_at_iteration,45
W4,500,1.5,15,HungarianMatcher+BellmanFordStrategy,455,positive,defect_at_iteration,44
W4,500,1.5,15,HungarianMatcher+BellmanFordStrategy,456,positive,defect_at_iteration,43
W4,500,1.5,15,HungarianMatcher+BellmanFordStrategy,457,positive,defect_at_iteration,42
W4,500,1.5,15,HungarianMatcher+BellmanFordStrategy,458,positive,defect_at_iteration,41
W4,500,1.5,15,HungarianMatcher+BellmanFordStrategy,459,positive,defect_at_iteration,40
W4,500,1.5,15,HungarianMatcher+BellmanFordStrategy,460,positive,defect_at_iteration,39
W4,500,1.5,15,HungarianMatcher+BellmanFordStrategy,461,positive,defect_at_iteration,38
W4,500,1.5,15,HungarianMatcher+BellmanFordStrategy,462,positive,defect_at_iteration,37
W4,500,1.5,15,HungarianMatcher+BellmanFordStrategy,463,positive,defect_at_iteration,36
W4,500,1.5,15,HungarianMatcher+BellmanFordStrategy,464,positive,defect_at_iteration,35
W4,500,1.5,15,HungarianMatcher+BellmanFordStrategy,465,positive,defect_at_iteration,34
W4,500,1.5,15,HungarianMatcher+BellmanFordStrategy,466,positive,defect_at_iteration,33
W4,500,1.5,15,HungarianMatcher+BellmanFordStrategy,467,positive,defect_at_iteration,32
W4,500,1.5,15,HungarianMatcher+BellmanFordStrategy,468,positive,defect_at_iteration,31
W4,500,1.5,15,HungarianMatcher+BellmanFordStrategy,469,positive,defect_at_iteration,30
W4,500,1.5,15,HungarianMatcher+BellmanFordStrategy,470,positive,defect_at_iteration,29
W4,500,1.5,15,HungarianMatcher+BellmanFordStrategy,471,positive,defect_at_iteration,28
W4,500,1.5,15,HungarianMatcher+BellmanFordStrategy,472,positive,defect_at_iteration,27
W4,500,1.5,15,HungarianMatcher+BellmanFordStrategy,473,positive,defect_at_iteration,26
W4,500,1.5,15,HungarianMatcher+BellmanFordStrategy,474,positive,defect_at_iteration,25
W4,500,1.5,15,HungarianMatcher+BellmanFordStrategy,475,positive,defect_at_iteration,24
W4,500,1.5,15,HungarianMatcher+BellmanFordStrategy,476,positive,defect_at_iteration,23
W4,500,1.5,15,HungarianMatcher+BellmanFordStrategy,477,positive,defect_at_iteration,22
W4,500,1.5,15,HungarianMatcher+BellmanFordStrategy,478,positive,defect_at_iteration,21
W4,500,1.5,15,HungarianMatcher+BellmanFordStrategy,479,positive,defect_at_iteration,20
W4,500,1.5,15,HungarianMatcher+BellmanFordStrategy,480,positive,defect_at_iteration,19
W4,500,1.5,15,HungarianMatcher+BellmanFordStrategy,481,positive,defect_at_iteration,18
W4,500,1.5,15,HungarianMatcher+BellmanFordStrategy,482,positive,defect_at_iteration,17
W4,500,1.5,15,HungarianMatcher+BellmanFordStrategy,483,positive,defect_at_iteration,16
W4,500,1.5,15,HungarianMatcher+BellmanFordStrategy,484,positive,defect_at_iteration,15
W4,500,1.5,15,HungarianMatcher+BellmanFordStrategy,485,positive,defect_at_iteration,14
W4,500,1.5,15,HungarianMatcher+BellmanFordStrategy,486,positive,defect_at_iteration,13
W4,500,1.5,15,HungarianMatcher+BellmanFordStrategy,487,positive,defect_at_iteration,12
W4,500,1.5,15,HungarianMatcher+BellmanFordStrategy,488,positive,defect_at_iteration,11
W4,500,1.5,15,HungarianMatcher+BellmanFordStrategy,489,positive,defect_at_iteration,10
W4,500,1.5,15,HungarianMatcher+BellmanFordStrategy,490,positive,defect_at_iteration,9
W4,500,1.5,15,HungarianMatcher+BellmanFordStrategy,491,positive,defect_at_iteration,8
W4,500,1.5,15,HungarianMatcher+BellmanFordStrategy,492,positive,defect_at_iteration,7
W4,500,1.5,15,HungarianMatcher+BellmanFordStrategy,493,positive,defect_at_iteration,6
W4,500,1.5,15,HungarianMatcher+BellmanFordStrategy,494,positive,defect_at_iteration,5
W4,500,1.5,15,HungarianMatcher+BellmanFordStrategy,495,positive,defect_at_iteration,4
W4,500,1.5,15,HungarianMatcher+BellmanFordStrategy,496,positive,defect_at_iteration,3
W4,500,1.5,15,HungarianMatcher+BellmanFordStrategy,497,positive,defect_at_iteration,2
W4,500,1.5,15,HungarianMatcher+BellmanFordStrategy,498,positive,defect_at_iteration,1
W4,500,1.5,15,HungarianMatcher+BellmanFordStrategy,499,positive,defect_at_iteration,0
W4,500,1.5,15,HungarianMatcher+BellmanFordStrategy,-1,positive,augmentation_count,500
W4,500,1.5,15,HungarianMatcher+BellmanFordStrategy,-1,positive,matching_value,6.0405e+06
W4,500,1.5,15,HungarianMatcher+BellmanFordStrategy,-1,positive,matching_size,500
W4,500,1.5,15,HungarianMatcher+BellmanFordStrategy,-1,positive,wall_clock_ms,928.848
W4,500,1.5,15,HungarianMatcher+JohnsonDijkstraStrategy,0,positive,edge_relaxations,11180
W4,500,1.5,15,HungarianMatcher+JohnsonDijkstraStrategy,0,positive,defect_at_iteration,499
W4,500,1.5,15,HungarianMatcher+JohnsonDijkstraStrategy,1,positive,edge_relaxations,11180
W4,500,1.5,15,HungarianMatcher+JohnsonDijkstraStrategy,1,positive,defect_at_iteration,498
W4,500,1.5,15,HungarianMatcher+JohnsonDijkstraStrategy,2,positive,edge_relaxations,11180
W4,500,1.5,15,HungarianMatcher+JohnsonDijkstraStrategy,2,positive,defect_at_iteration,497
W4,500,1.5,15,HungarianMatcher+JohnsonDijkstraStrategy,3,positive,edge_relaxations,11180
W4,500,1.5,15,HungarianMatcher+JohnsonDijkstraStrategy,3,positive,defect_at_iteration,496
W4,500,1.5,15,HungarianMatcher+JohnsonDijkstraStrategy,4,positive,edge_relaxations,11180
W4,500,1.5,15,HungarianMatcher+JohnsonDijkstraStrategy,4,positive,defect_at_iteration,495
W4,500,1.5,15,HungarianMatcher+JohnsonDijkstraStrategy,5,positive,edge_relaxations,11180
W4,500,1.5,15,HungarianMatcher+JohnsonDijkstraStrategy,5,positive,defect_at_iteration,494
W4,500,1.5,15,HungarianMatcher+JohnsonDijkstraStrategy,6,positive,edge_relaxations,11180
W4,500,1.5,15,HungarianMatcher+JohnsonDijkstraStrategy,6,positive,defect_at_iteration,493
W4,500,1.5,15,HungarianMatcher+JohnsonDijkstraStrategy,7,positive,edge_relaxations,11180
W4,500,1.5,15,HungarianMatcher+JohnsonDijkstraStrategy,7,positive,defect_at_iteration,492
W4,500,1.5,15,HungarianMatcher+JohnsonDijkstraStrategy,8,positive,edge_relaxations,11180
W4,500,1.5,15,HungarianMatcher+JohnsonDijkstraStrategy,8,positive,defect_at_iteration,491
W4,500,1.5,15,HungarianMatcher+JohnsonDijkstraStrategy,9,positive,edge_relaxations,11180
W4,500,1.5,15,HungarianMatcher+JohnsonDijkstraStrategy,9,positive,defect_at_iteration,490
W4,500,1.5,15,HungarianMatcher+JohnsonDijkstraStrategy,10,positive,edge_relaxations,11180
W4,500,1.5,15,HungarianMatcher+JohnsonDijkstraStrategy,10,positive,defect_at_iteration,489
W4,500,1.5,15,HungarianMatcher+JohnsonDijkstraStrategy,11,positive,edge_relaxations,11180
W4,500,1.5,15,HungarianMatcher+JohnsonDijkstraStrategy,11,positive,defect_at_iteration,488
W4,500,1.5,15,HungarianMatcher+JohnsonDijkstraStrategy,12,positive,edge_relaxations,11180
W4,500,1.5,15,HungarianMatcher+JohnsonDijkstraStrategy,12,positive,defect_at_iteration,487
W4,500,1.5,15,HungarianMatcher+JohnsonDijkstraStrategy,13,positive,edge_relaxations,11180
W4,500,1.5,15,HungarianMatcher+JohnsonDijkstraStrategy,13,positive,defect_at_iteration,486
W4,500,1.5,15,HungarianMatcher+JohnsonDijkstraStrategy,14,positive,edge_relaxations,11180
W4,500,1.5,15,HungarianMatcher+JohnsonDijkstraStrategy,14,positive,defect_at_iteration,485
W4,500,1.5,15,HungarianMatcher+JohnsonDijkstraStrategy,15,positive,edge_relaxations,11180
W4,500,1.5,15,HungarianMatcher+JohnsonDijkstraStrategy,15,positive,defect_at_iteration,484
W4,500,1.5,15,HungarianMatcher+JohnsonDijkstraStrategy,16,positive,edge_relaxations,11180
W4,500,1.5,15,HungarianMatcher+JohnsonDijkstraStrategy,16,positive,defect_at_iteration,483
W4,500,1.5,15,HungarianMatcher+JohnsonDijkstraStrategy,17,positive,edge_relaxations,11180
W4,500,1.5,15,HungarianMatcher+JohnsonDijkstraStrategy,17,positive,defect_at_iteration,482
W4,500,1.5,15,HungarianMatcher+JohnsonDijkstraStrategy,18,positive,edge_relaxations,11180
W4,500,1.5,15,HungarianMatcher+JohnsonDijkstraStrategy,18,positive,defect_at_iteration,481
W4,500,1.5,15,HungarianMatcher+JohnsonDijkstraStrategy,19,positive,edge_relaxations,11180
W4,500,1.5,15,HungarianMatcher+JohnsonDijkstraStrategy,19,positive,defect_at_iteration,480
W4,500,1.5,15,HungarianMatcher+JohnsonDijkstraStrategy,20,positive,edge_relaxations,11180
W4,500,1.5,15,HungarianMatcher+JohnsonDijkstraStrategy,20,positive,defect_at_iteration,479
W4,500,1.5,15,HungarianMatcher+JohnsonDijkstraStrategy,21,positive,edge_relaxations,11180
W4,500,1.5,15,HungarianMatcher+JohnsonDijkstraStrategy,21,positive,defect_at_iteration,478
W4,500,1.5,15,HungarianMatcher+JohnsonDijkstraStrategy,22,positive,edge_relaxations,11180
W4,500,1.5,15,HungarianMatcher+JohnsonDijkstraStrategy,22,positive,defect_at_iteration,477
W4,500,1.5,15,HungarianMatcher+JohnsonDijkstraStrategy,23,positive,edge_relaxations,11180
W4,500,1.5,15,HungarianMatcher+JohnsonDijkstraStrategy,23,positive,defect_at_iteration,476
W4,500,1.5,15,HungarianMatcher+JohnsonDijkstraStrategy,24,positive,edge_relaxations,11180
W4,500,1.5,15,HungarianMatcher+JohnsonDijkstraStrategy,24,positive,defect_at_iteration,475
W4,500,1.5,15,HungarianMatcher+JohnsonDijkstraStrategy,25,positive,edge_relaxations,11180
W4,500,1.5,15,HungarianMatcher+JohnsonDijkstraStrategy,25,positive,defect_at_iteration,474
W4,500,1.5,15,HungarianMatcher+JohnsonDijkstraStrategy,26,positive,edge_relaxations,11180
W4,500,1.5,15,HungarianMatcher+JohnsonDijkstraStrategy,26,positive,defect_at_iteration,473
W4,500,1.5,15,HungarianMatcher+JohnsonDijkstraStrategy,27,positive,edge_relaxations,11180
W4,500,1.5,15,HungarianMatcher+JohnsonDijkstraStrategy,27,positive,defect_at_iteration,472
W4,500,1.5,15,HungarianMatcher+JohnsonDijkstraStrategy,28,positive,edge_relaxations,11180
W4,500,1.5,15,HungarianMatcher+JohnsonDijkstraStrategy,28,positive,defect_at_iteration,471
W4,500,1.5,15,HungarianMatcher+JohnsonDijkstraStrategy,29,positive,edge_relaxations,11180
W4,500,1.5,15,HungarianMatcher+JohnsonDijkstraStrategy,29,positive,defect_at_iteration,470
W4,500,1.5,15,HungarianMatcher+JohnsonDijkstraStrategy,30,positive,edge_relaxations,11180
W4,500,1.5,15,HungarianMatcher+JohnsonDijkstraStrategy,30,positive,defect_at_iteration,469
W4,500,1.5,15,HungarianMatcher+JohnsonDijkstraStrategy,31,positive,edge_relaxations,11180
W4,500,1.5,15,HungarianMatcher+JohnsonDijkstraStrategy,31,positive,defect_at_iteration,468
W4,500,1.5,15,HungarianMatcher+JohnsonDijkstraStrategy,32,positive,edge_relaxations,11180
W4,500,1.5,15,HungarianMatcher+JohnsonDijkstraStrategy,32,positive,defect_at_iteration,467
W4,500,1.5,15,HungarianMatcher+JohnsonDijkstraStrategy,33,positive,edge_relaxations,11180
W4,500,1.5,15,HungarianMatcher+JohnsonDijkstraStrategy,33,positive,defect_at_iteration,466
W4,500,1.5,15,HungarianMatcher+JohnsonDijkstraStrategy,34,positive,edge_relaxations,11180
W4,500,1.5,15,HungarianMatcher+JohnsonDijkstraStrategy,34,positive,defect_at_iteration,465
W4,500,1.5,15,HungarianMatcher+JohnsonDijkstraStrategy,35,positive,edge_relaxations,11180
W4,500,1.5,15,HungarianMatcher+JohnsonDijkstraStrategy,35,positive,defect_at_iteration,464
W4,500,1.5,15,HungarianMatcher+JohnsonDijkstraStrategy,36,positive,edge_relaxations,11180
W4,500,1.5,15,HungarianMatcher+JohnsonDijkstraStrategy,36,positive,defect_at_iteration,463
W4,500,1.5,15,HungarianMatcher+JohnsonDijkstraStrategy,37,positive,edge_relaxations,11180
W4,500,1.5,15,HungarianMatcher+JohnsonDijkstraStrategy,37,positive,defect_at_iteration,462
W4,500,1.5,15,HungarianMatcher+JohnsonDijkstraStrategy,38,positive,edge_relaxations,11180
W4,500,1.5,15,HungarianMatcher+JohnsonDijkstraStrategy,38,positive,defect_at_iteration,461
W4,500,1.5,15,HungarianMatcher+JohnsonDijkstraStrategy,39,positive,edge_relaxations,11180
W4,500,1.5,15,HungarianMatcher+JohnsonDijkstraStrategy,39,positive,defect_at_iteration,460
W4,500,1.5,15,HungarianMatcher+JohnsonDijkstraStrategy,40,positive,edge_relaxations,11180
W4,500,1.5,15,HungarianMatcher+JohnsonDijkstraStrategy,40,positive,defect_at_iteration,459
W4,500,1.5,15,HungarianMatcher+JohnsonDijkstraStrategy,41,positive,edge_relaxations,11180
W4,500,1.5,15,HungarianMatcher+JohnsonDijkstraStrategy,41,positive,defect_at_iteration,458
W4,500,1.5,15,HungarianMatcher+JohnsonDijkstraStrategy,42,positive,edge_relaxations,11180
W4,500,1.5,15,HungarianMatcher+JohnsonDijkstraStrategy,42,positive,defect_at_iteration,457
W4,500,1.5,15,HungarianMatcher+JohnsonDijkstraStrategy,43,positive,edge_relaxations,11180
W4,500,1.5,15,HungarianMatcher+JohnsonDijkstraStrategy,43,positive,defect_at_iteration,456
W4,500,1.5,15,HungarianMatcher+JohnsonDijkstraStrategy,44,positive,edge_relaxations,11180
W4,500,1.5,15,HungarianMatcher+JohnsonDijkstraStrategy,44,positive,defect_at_iteration,455
W4,500,1.5,15,HungarianMatcher+JohnsonDijkstraStrategy,45,positive,edge_relaxations,11180
W4,500,1.5,15,HungarianMatcher+JohnsonDijkstraStrategy,45,positive,defect_at_iteration,454
W4,500,1.5,15,HungarianMatcher+JohnsonDijkstraStrategy,46,positive,edge_relaxations,11180
W4,500,1.5,15,HungarianMatcher+JohnsonDijkstraStrategy,46,positive,defect_at_iteration,453
W4,500,1.5,15,HungarianMatcher+JohnsonDijkstraStrategy,47,positive,edge_relaxations,11180
W4,500,1.5,15,HungarianMatcher+JohnsonDijkstraStrategy,47,positive,defect_at_iteration,452
W4,500,1.5,15,HungarianMatcher+JohnsonDijkstraStrategy,48,positive,edge_relaxations,11180
W4,500,1.5,15,HungarianMatcher+JohnsonDijkstraStrategy,48,positive,defect_at_iteration,451
W4,500,1.5,15,HungarianMatcher+JohnsonDijkstraStrategy,49,positive,edge_relaxations,11180
W4,500,1.5,15,HungarianMatcher+JohnsonDijkstraStrategy,49,positive,defect_at_iteration,450
W4,500,1.5,15,HungarianMatcher+JohnsonDijkstraStrategy,50,positive,edge_relaxations,11180
W4,500,1.5,15,HungarianMatcher+JohnsonDijkstraStrategy,50,positive,defect_at_iteration,449
W4,500,1.5,15,HungarianMatcher+JohnsonDijkstraStrategy,51,positive,edge_relaxations,11180
W4,500,1.5,15,HungarianMatcher+JohnsonDijkstraStrategy,51,positive,defect_at_iteration,448
W4,500,1.5,15,HungarianMatcher+JohnsonDijkstraStrategy,52,positive,edge_relaxations,11180
W4,500,1.5,15,HungarianMatcher+JohnsonDijkstraStrategy,52,positive,defect_at_iteration,447
W4,500,1.5,15,HungarianMatcher+JohnsonDijkstraStrategy,53,positive,edge_relaxations,11180
W4,500,1.5,15,HungarianMatcher+JohnsonDijkstraStrategy,53,positive,defect_at_iteration,446
W4,500,1.5,15,HungarianMatcher+JohnsonDijkstraStrategy,54,positive,edge_relaxations,11180
W4,500,1.5,15,HungarianMatcher+JohnsonDijkstraStrategy,54,positive,defect_at_iteration,445
W4,500,1.5,15,HungarianMatcher+JohnsonDijkstraStrategy,55,positive,edge_relaxations,11180
W4,500,1.5,15,HungarianMatcher+JohnsonDijkstraStrategy,55,positive,defect_at_iteration,444
W4,500,1.5,15,HungarianMatcher+JohnsonDijkstraStrategy,56,positive,edge_relaxations,11180
W4,500,1.5,15,HungarianMatcher+JohnsonDijkstraStrategy,56,positive,defect_at_iteration,443
W4,500,1.5,15,HungarianMatcher+JohnsonDijkstraStrategy,57,positive,edge_relaxations,11180
W4,500,1.5,15,HungarianMatcher+JohnsonDijkstraStrategy,57,positive,defect_at_iteration,442
W4,500,1.5,15,HungarianMatcher+JohnsonDijkstraStrategy,58,positive,edge_relaxations,11180
W4,500,1.5,15,HungarianMatcher+JohnsonDijkstraStrategy,58,positive,defect_at_iteration,441
W4,500,1.5,15,HungarianMatcher+JohnsonDijkstraStrategy,59,positive,edge_relaxations,11180
W4,500,1.5,15,HungarianMatcher+JohnsonDijkstraStrategy,59,positive,defect_at_iteration,440
W4,500,1.5,15,HungarianMatcher+JohnsonDijkstraStrategy,60,positive,edge_relaxations,11180
W4,500,1.5,15,HungarianMatcher+JohnsonDijkstraStrategy,60,positive,defect_at_iteration,439
W4,500,1.5,15,HungarianMatcher+JohnsonDijkstraStrategy,61,positive,edge_relaxations,11180
W4,500,1.5,15,HungarianMatcher+JohnsonDijkstraStrategy,61,positive,defect_at_iteration,438
W4,500,1.5,15,HungarianMatcher+JohnsonDijkstraStrategy,62,positive,edge_relaxations,11180
W4,500,1.5,15,HungarianMatcher+JohnsonDijkstraStrategy,62,positive,defect_at_iteration,437
W4,500,1.5,15,HungarianMatcher+JohnsonDijkstraStrategy,63,positive,edge_relaxations,11180
W4,500,1.5,15,HungarianMatcher+JohnsonDijkstraStrategy,63,positive,defect_at_iteration,436
W4,500,1.5,15,HungarianMatcher+JohnsonDijkstraStrategy,64,positive,edge_relaxations,11180
W4,500,1.5,15,HungarianMatcher+JohnsonDijkstraStrategy,64,positive,defect_at_iteration,435
W4,500,1.5,15,HungarianMatcher+JohnsonDijkstraStrategy,65,positive,edge_relaxations,11180
W4,500,1.5,15,HungarianMatcher+JohnsonDijkstraStrategy,65,positive,defect_at_iteration,434
W4,500,1.5,15,HungarianMatcher+JohnsonDijkstraStrategy,66,positive,edge_relaxations,11180
W4,500,1.5,15,HungarianMatcher+JohnsonDijkstraStrategy,66,positive,defect_at_iteration,433
W4,500,1.5,15,HungarianMatcher+JohnsonDijkstraStrategy,67,positive,edge_relaxations,11180
W4,500,1.5,15,HungarianMatcher+JohnsonDijkstraStrategy,67,positive,defect_at_iteration,432
W4,500,1.5,15,HungarianMatcher+JohnsonDijkstraStrategy,68,positive,edge_relaxations,11180
W4,500,1.5,15,HungarianMatcher+JohnsonDijkstraStrategy,68,positive,defect_at_iteration,431
W4,500,1.5,15,HungarianMatcher+JohnsonDijkstraStrategy,69,positive,edge_relaxations,11180
W4,500,1.5,15,HungarianMatcher+JohnsonDijkstraStrategy,69,positive,defect_at_iteration,430
W4,500,1.5,15,HungarianMatcher+JohnsonDijkstraStrategy,70,positive,edge_relaxations,11180
W4,500,1.5,15,HungarianMatcher+JohnsonDijkstraStrategy,70,positive,defect_at_iteration,429
W4,500,1.5,15,HungarianMatcher+JohnsonDijkstraStrategy,71,positive,edge_relaxations,11180
W4,500,1.5,15,HungarianMatcher+JohnsonDijkstraStrategy,71,positive,defect_at_iteration,428
W4,500,1.5,15,HungarianMatcher+JohnsonDijkstraStrategy,72,positive,edge_relaxations,11180
W4,500,1.5,15,HungarianMatcher+JohnsonDijkstraStrategy,72,positive,defect_at_iteration,427
W4,500,1.5,15,HungarianMatcher+JohnsonDijkstraStrategy,73,positive,edge_relaxations,11180
W4,500,1.5,15,HungarianMatcher+JohnsonDijkstraStrategy,73,positive,defect_at_iteration,426
W4,500,1.5,15,HungarianMatcher+JohnsonDijkstraStrategy,74,positive,edge_relaxations,11180
W4,500,1.5,15,HungarianMatcher+JohnsonDijkstraStrategy,74,positive,defect_at_iteration,425
W4,500,1.5,15,HungarianMatcher+JohnsonDijkstraStrategy,75,positive,edge_relaxations,11180
W4,500,1.5,15,HungarianMatcher+JohnsonDijkstraStrategy,75,positive,defect_at_iteration,424
W4,500,1.5,15,HungarianMatcher+JohnsonDijkstraStrategy,76,positive,edge_relaxations,11180
W4,500,1.5,15,HungarianMatcher+JohnsonDijkstraStrategy,76,positive,defect_at_iteration,423
W4,500,1.5,15,HungarianMatcher+JohnsonDijkstraStrategy,77,positive,edge_relaxations,11180
W4,500,1.5,15,HungarianMatcher+JohnsonDijkstraStrategy,77,positive,defect_at_iteration,422
W4,500,1.5,15,HungarianMatcher+JohnsonDijkstraStrategy,78,positive,edge_relaxations,11180
W4,500,1.5,15,HungarianMatcher+JohnsonDijkstraStrategy,78,positive,defect_at_iteration,421
W4,500,1.5,15,HungarianMatcher+JohnsonDijkstraStrategy,79,positive,edge_relaxations,11180
W4,500,1.5,15,HungarianMatcher+JohnsonDijkstraStrategy,79,positive,defect_at_iteration,420
W4,500,1.5,15,HungarianMatcher+JohnsonDijkstraStrategy,80,positive,edge_relaxations,11180
W4,500,1.5,15,HungarianMatcher+JohnsonDijkstraStrategy,80,positive,defect_at_iteration,419
W4,500,1.5,15,HungarianMatcher+JohnsonDijkstraStrategy,81,positive,edge_relaxations,11180
W4,500,1.5,15,HungarianMatcher+JohnsonDijkstraStrategy,81,positive,defect_at_iteration,418
W4,500,1.5,15,HungarianMatcher+JohnsonDijkstraStrategy,82,positive,edge_relaxations,11180
W4,500,1.5,15,HungarianMatcher+JohnsonDijkstraStrategy,82,positive,defect_at_iteration,417
W4,500,1.5,15,HungarianMatcher+JohnsonDijkstraStrategy,83,positive,edge_relaxations,11180
W4,500,1.5,15,HungarianMatcher+JohnsonDijkstraStrategy,83,positive,defect_at_iteration,416
W4,500,1.5,15,HungarianMatcher+JohnsonDijkstraStrategy,84,positive,edge_relaxations,11180
W4,500,1.5,15,HungarianMatcher+JohnsonDijkstraStrategy,84,positive,defect_at_iteration,415
W4,500,1.5,15,HungarianMatcher+JohnsonDijkstraStrategy,85,positive,edge_relaxations,11180
W4,500,1.5,15,HungarianMatcher+JohnsonDijkstraStrategy,85,positive,defect_at_iteration,414
W4,500,1.5,15,HungarianMatcher+JohnsonDijkstraStrategy,86,positive,edge_relaxations,11180
W4,500,1.5,15,HungarianMatcher+JohnsonDijkstraStrategy,86,positive,defect_at_iteration,413
W4,500,1.5,15,HungarianMatcher+JohnsonDijkstraStrategy,87,positive,edge_relaxations,11180
W4,500,1.5,15,HungarianMatcher+JohnsonDijkstraStrategy,87,positive,defect_at_iteration,412
W4,500,1.5,15,HungarianMatcher+JohnsonDijkstraStrategy,88,positive,edge_relaxations,11180
W4,500,1.5,15,HungarianMatcher+JohnsonDijkstraStrategy,88,positive,defect_at_iteration,411
W4,500,1.5,15,HungarianMatcher+JohnsonDijkstraStrategy,89,positive,edge_relaxations,11180
W4,500,1.5,15,HungarianMatcher+JohnsonDijkstraStrategy,89,positive,defect_at_iteration,410
W4,500,1.5,15,HungarianMatcher+JohnsonDijkstraStrategy,90,positive,edge_relaxations,11180
W4,500,1.5,15,HungarianMatcher+JohnsonDijkstraStrategy,90,positive,defect_at_iteration,409
W4,500,1.5,15,HungarianMatcher+JohnsonDijkstraStrategy,91,positive,edge_relaxations,11180
W4,500,1.5,15,HungarianMatcher+JohnsonDijkstraStrategy,91,positive,defect_at_iteration,408
W4,500,1.5,15,HungarianMatcher+JohnsonDijkstraStrategy,92,positive,edge_relaxations,11180
W4,500,1.5,15,HungarianMatcher+JohnsonDijkstraStrategy,92,positive,defect_at_iteration,407
W4,500,1.5,15,HungarianMatcher+JohnsonDijkstraStrategy,93,positive,edge_relaxations,11180
W4,500,1.5,15,HungarianMatcher+JohnsonDijkstraStrategy,93,positive,defect_at_iteration,406
W4,500,1.5,15,HungarianMatcher+JohnsonDijkstraStrategy,94,positive,edge_relaxations,11180
W4,500,1.5,15,HungarianMatcher+JohnsonDijkstraStrategy,94,positive,defect_at_iteration,405
W4,500,1.5,15,HungarianMatcher+JohnsonDijkstraStrategy,95,positive,edge_relaxations,11180
W4,500,1.5,15,HungarianMatcher+JohnsonDijkstraStrategy,95,positive,defect_at_iteration,404
W4,500,1.5,15,HungarianMatcher+JohnsonDijkstraStrategy,96,positive,edge_relaxations,11180
W4,500,1.5,15,HungarianMatcher+JohnsonDijkstraStrategy,96,positive,defect_at_iteration,403
W4,500,1.5,15,HungarianMatcher+JohnsonDijkstraStrategy,97,positive,edge_relaxations,11180
W4,500,1.5,15,HungarianMatcher+JohnsonDijkstraStrategy,97,positive,defect_at_iteration,402
W4,500,1.5,15,HungarianMatcher+JohnsonDijkstraStrategy,98,positive,edge_relaxations,11180
W4,500,1.5,15,HungarianMatcher+JohnsonDijkstraStrategy,98,positive,defect_at_iteration,401
W4,500,1.5,15,HungarianMatcher+JohnsonDijkstraStrategy,99,positive,edge_relaxations,11180
W4,500,1.5,15,HungarianMatcher+JohnsonDijkstraStrategy,99,positive,defect_at_iteration,400
W4,500,1.5,15,HungarianMatcher+JohnsonDijkstraStrategy,100,positive,edge_relaxations,11180
W4,500,1.5,15,HungarianMatcher+JohnsonDijkstraStrategy,100,positive,defect_at_iteration,399
W4,500,1.5,15,HungarianMatcher+JohnsonDijkstraStrategy,101,positive,edge_relaxations,11180
W4,500,1.5,15,HungarianMatcher+JohnsonDijkstraStrategy,101,positive,defect_at_iteration,398
W4,500,1.5,15,HungarianMatcher+JohnsonDijkstraStrategy,102,positive,edge_relaxations,11180
W4,500,1.5,15,HungarianMatcher+JohnsonDijkstraStrategy,102,positive,defect_at_iteration,397
W4,500,1.5,15,HungarianMatcher+JohnsonDijkstraStrategy,103,positive,edge_relaxations,11180
W4,500,1.5,15,HungarianMatcher+JohnsonDijkstraStrategy,103,positive,defect_at_iteration,396
W4,500,1.5,15,HungarianMatcher+JohnsonDijkstraStrategy,104,positive,edge_relaxations,11180
W4,500,1.5,15,HungarianMatcher+JohnsonDijkstraStrategy,104,positive,defect_at_iteration,395
W4,500,1.5,15,HungarianMatcher+JohnsonDijkstraStrategy,105,positive,edge_relaxations,11180
W4,500,1.5,15,HungarianMatcher+JohnsonDijkstraStrategy,105,positive,defect_at_iteration,394
W4,500,1.5,15,HungarianMatcher+JohnsonDijkstraStrategy,106,positive,edge_relaxations,11180
W4,500,1.5,15,HungarianMatcher+JohnsonDijkstraStrategy,106,positive,defect_at_iteration,393
W4,500,1.5,15,HungarianMatcher+JohnsonDijkstraStrategy,107,positive,edge_relaxations,11180
W4,500,1.5,15,HungarianMatcher+JohnsonDijkstraStrategy,107,positive,defect_at_iteration,392
W4,500,1.5,15,HungarianMatcher+JohnsonDijkstraStrategy,108,positive,edge_relaxations,11180
W4,500,1.5,15,HungarianMatcher+JohnsonDijkstraStrategy,108,positive,defect_at_iteration,391
W4,500,1.5,15,HungarianMatcher+JohnsonDijkstraStrategy,109,positive,edge_relaxations,11180
W4,500,1.5,15,HungarianMatcher+JohnsonDijkstraStrategy,109,positive,defect_at_iteration,390
W4,500,1.5,15,HungarianMatcher+JohnsonDijkstraStrategy,110,positive,edge_relaxations,11180
W4,500,1.5,15,HungarianMatcher+JohnsonDijkstraStrategy,110,positive,defect_at_iteration,389
W4,500,1.5,15,HungarianMatcher+JohnsonDijkstraStrategy,111,positive,edge_relaxations,11180
W4,500,1.5,15,HungarianMatcher+JohnsonDijkstraStrategy,111,positive,defect_at_iteration,388
W4,500,1.5,15,HungarianMatcher+JohnsonDijkstraStrategy,112,positive,edge_relaxations,11180
W4,500,1.5,15,HungarianMatcher+JohnsonDijkstraStrategy,112,positive,defect_at_iteration,387
W4,500,1.5,15,HungarianMatcher+JohnsonDijkstraStrategy,113,positive,edge_relaxations,11180
W4,500,1.5,15,HungarianMatcher+JohnsonDijkstraStrategy,113,positive,defect_at_iteration,386
W4,500,1.5,15,HungarianMatcher+JohnsonDijkstraStrategy,114,positive,edge_relaxations,11180
W4,500,1.5,15,HungarianMatcher+JohnsonDijkstraStrategy,114,positive,defect_at_iteration,385
W4,500,1.5,15,HungarianMatcher+JohnsonDijkstraStrategy,115,positive,edge_relaxations,11180
W4,500,1.5,15,HungarianMatcher+JohnsonDijkstraStrategy,115,positive,defect_at_iteration,384
W4,500,1.5,15,HungarianMatcher+JohnsonDijkstraStrategy,116,positive,edge_relaxations,11180
W4,500,1.5,15,HungarianMatcher+JohnsonDijkstraStrategy,116,positive,defect_at_iteration,383
W4,500,1.5,15,HungarianMatcher+JohnsonDijkstraStrategy,117,positive,edge_relaxations,11180
W4,500,1.5,15,HungarianMatcher+JohnsonDijkstraStrategy,117,positive,defect_at_iteration,382
W4,500,1.5,15,HungarianMatcher+JohnsonDijkstraStrategy,118,positive,edge_relaxations,11180
W4,500,1.5,15,HungarianMatcher+JohnsonDijkstraStrategy,118,positive,defect_at_iteration,381
W4,500,1.5,15,HungarianMatcher+JohnsonDijkstraStrategy,119,positive,edge_relaxations,11180
W4,500,1.5,15,HungarianMatcher+JohnsonDijkstraStrategy,119,positive,defect_at_iteration,380
W4,500,1.5,15,HungarianMatcher+JohnsonDijkstraStrategy,120,positive,edge_relaxations,11180
W4,500,1.5,15,HungarianMatcher+JohnsonDijkstraStrategy,120,positive,defect_at_iteration,379
W4,500,1.5,15,HungarianMatcher+JohnsonDijkstraStrategy,121,positive,edge_relaxations,11180
W4,500,1.5,15,HungarianMatcher+JohnsonDijkstraStrategy,121,positive,defect_at_iteration,378
W4,500,1.5,15,HungarianMatcher+JohnsonDijkstraStrategy,122,positive,edge_relaxations,11180
W4,500,1.5,15,HungarianMatcher+JohnsonDijkstraStrategy,122,positive,defect_at_iteration,377
W4,500,1.5,15,HungarianMatcher+JohnsonDijkstraStrategy,123,positive,edge_relaxations,11180
W4,500,1.5,15,HungarianMatcher+JohnsonDijkstraStrategy,123,positive,defect_at_iteration,376
W4,500,1.5,15,HungarianMatcher+JohnsonDijkstraStrategy,124,positive,edge_relaxations,11180
W4,500,1.5,15,HungarianMatcher+JohnsonDijkstraStrategy,124,positive,defect_at_iteration,375
W4,500,1.5,15,HungarianMatcher+JohnsonDijkstraStrategy,125,positive,edge_relaxations,11180
W4,500,1.5,15,HungarianMatcher+JohnsonDijkstraStrategy,125,positive,defect_at_iteration,374
W4,500,1.5,15,HungarianMatcher+JohnsonDijkstraStrategy,126,positive,edge_relaxations,11180
W4,500,1.5,15,HungarianMatcher+JohnsonDijkstraStrategy,126,positive,defect_at_iteration,373
W4,500,1.5,15,HungarianMatcher+JohnsonDijkstraStrategy,127,positive,edge_relaxations,11180
W4,500,1.5,15,HungarianMatcher+JohnsonDijkstraStrategy,127,positive,defect_at_iteration,372
W4,500,1.5,15,HungarianMatcher+JohnsonDijkstraStrategy,128,positive,edge_relaxations,11180
W4,500,1.5,15,HungarianMatcher+JohnsonDijkstraStrategy,128,positive,defect_at_iteration,371
W4,500,1.5,15,HungarianMatcher+JohnsonDijkstraStrategy,129,positive,edge_relaxations,11180
W4,500,1.5,15,HungarianMatcher+JohnsonDijkstraStrategy,129,positive,defect_at_iteration,370
W4,500,1.5,15,HungarianMatcher+JohnsonDijkstraStrategy,130,positive,edge_relaxations,11180
W4,500,1.5,15,HungarianMatcher+JohnsonDijkstraStrategy,130,positive,defect_at_iteration,369
W4,500,1.5,15,HungarianMatcher+JohnsonDijkstraStrategy,131,positive,edge_relaxations,11180
W4,500,1.5,15,HungarianMatcher+JohnsonDijkstraStrategy,131,positive,defect_at_iteration,368
W4,500,1.5,15,HungarianMatcher+JohnsonDijkstraStrategy,132,positive,edge_relaxations,11180
W4,500,1.5,15,HungarianMatcher+JohnsonDijkstraStrategy,132,positive,defect_at_iteration,367
W4,500,1.5,15,HungarianMatcher+JohnsonDijkstraStrategy,133,positive,edge_relaxations,11180
W4,500,1.5,15,HungarianMatcher+JohnsonDijkstraStrategy,133,positive,defect_at_iteration,366
W4,500,1.5,15,HungarianMatcher+JohnsonDijkstraStrategy,134,positive,edge_relaxations,11180
W4,500,1.5,15,HungarianMatcher+JohnsonDijkstraStrategy,134,positive,defect_at_iteration,365
W4,500,1.5,15,HungarianMatcher+JohnsonDijkstraStrategy,135,positive,edge_relaxations,11180
W4,500,1.5,15,HungarianMatcher+JohnsonDijkstraStrategy,135,positive,defect_at_iteration,364
W4,500,1.5,15,HungarianMatcher+JohnsonDijkstraStrategy,136,positive,edge_relaxations,11180
W4,500,1.5,15,HungarianMatcher+JohnsonDijkstraStrategy,136,positive,defect_at_iteration,363
W4,500,1.5,15,HungarianMatcher+JohnsonDijkstraStrategy,137,positive,edge_relaxations,11180
W4,500,1.5,15,HungarianMatcher+JohnsonDijkstraStrategy,137,positive,defect_at_iteration,362
W4,500,1.5,15,HungarianMatcher+JohnsonDijkstraStrategy,138,positive,edge_relaxations,11180
W4,500,1.5,15,HungarianMatcher+JohnsonDijkstraStrategy,138,positive,defect_at_iteration,361
W4,500,1.5,15,HungarianMatcher+JohnsonDijkstraStrategy,139,positive,edge_relaxations,11180
W4,500,1.5,15,HungarianMatcher+JohnsonDijkstraStrategy,139,positive,defect_at_iteration,360
W4,500,1.5,15,HungarianMatcher+JohnsonDijkstraStrategy,140,positive,edge_relaxations,11180
W4,500,1.5,15,HungarianMatcher+JohnsonDijkstraStrategy,140,positive,defect_at_iteration,359
W4,500,1.5,15,HungarianMatcher+JohnsonDijkstraStrategy,141,positive,edge_relaxations,11180
W4,500,1.5,15,HungarianMatcher+JohnsonDijkstraStrategy,141,positive,defect_at_iteration,358
W4,500,1.5,15,HungarianMatcher+JohnsonDijkstraStrategy,142,positive,edge_relaxations,11180
W4,500,1.5,15,HungarianMatcher+JohnsonDijkstraStrategy,142,positive,defect_at_iteration,357
W4,500,1.5,15,HungarianMatcher+JohnsonDijkstraStrategy,143,positive,edge_relaxations,11180
W4,500,1.5,15,HungarianMatcher+JohnsonDijkstraStrategy,143,positive,defect_at_iteration,356
W4,500,1.5,15,HungarianMatcher+JohnsonDijkstraStrategy,144,positive,edge_relaxations,11180
W4,500,1.5,15,HungarianMatcher+JohnsonDijkstraStrategy,144,positive,defect_at_iteration,355
W4,500,1.5,15,HungarianMatcher+JohnsonDijkstraStrategy,145,positive,edge_relaxations,11180
W4,500,1.5,15,HungarianMatcher+JohnsonDijkstraStrategy,145,positive,defect_at_iteration,354
W4,500,1.5,15,HungarianMatcher+JohnsonDijkstraStrategy,146,positive,edge_relaxations,11180
W4,500,1.5,15,HungarianMatcher+JohnsonDijkstraStrategy,146,positive,defect_at_iteration,353
W4,500,1.5,15,HungarianMatcher+JohnsonDijkstraStrategy,147,positive,edge_relaxations,11180
W4,500,1.5,15,HungarianMatcher+JohnsonDijkstraStrategy,147,positive,defect_at_iteration,352
W4,500,1.5,15,HungarianMatcher+JohnsonDijkstraStrategy,148,positive,edge_relaxations,11180
W4,500,1.5,15,HungarianMatcher+JohnsonDijkstraStrategy,148,positive,defect_at_iteration,351
W4,500,1.5,15,HungarianMatcher+JohnsonDijkstraStrategy,149,positive,edge_relaxations,11180
W4,500,1.5,15,HungarianMatcher+JohnsonDijkstraStrategy,149,positive,defect_at_iteration,350
W4,500,1.5,15,HungarianMatcher+JohnsonDijkstraStrategy,150,positive,edge_relaxations,11180
W4,500,1.5,15,HungarianMatcher+JohnsonDijkstraStrategy,150,positive,defect_at_iteration,349
W4,500,1.5,15,HungarianMatcher+JohnsonDijkstraStrategy,151,positive,edge_relaxations,11180
W4,500,1.5,15,HungarianMatcher+JohnsonDijkstraStrategy,151,positive,defect_at_iteration,348
W4,500,1.5,15,HungarianMatcher+JohnsonDijkstraStrategy,152,positive,edge_relaxations,11180
W4,500,1.5,15,HungarianMatcher+JohnsonDijkstraStrategy,152,positive,defect_at_iteration,347
W4,500,1.5,15,HungarianMatcher+JohnsonDijkstraStrategy,153,positive,edge_relaxations,11180
W4,500,1.5,15,HungarianMatcher+JohnsonDijkstraStrategy,153,positive,defect_at_iteration,346
W4,500,1.5,15,HungarianMatcher+JohnsonDijkstraStrategy,154,positive,edge_relaxations,11180
W4,500,1.5,15,HungarianMatcher+JohnsonDijkstraStrategy,154,positive,defect_at_iteration,345
W4,500,1.5,15,HungarianMatcher+JohnsonDijkstraStrategy,155,positive,edge_relaxations,11180
W4,500,1.5,15,HungarianMatcher+JohnsonDijkstraStrategy,155,positive,defect_at_iteration,344
W4,500,1.5,15,HungarianMatcher+JohnsonDijkstraStrategy,156,positive,edge_relaxations,11180
W4,500,1.5,15,HungarianMatcher+JohnsonDijkstraStrategy,156,positive,defect_at_iteration,343
W4,500,1.5,15,HungarianMatcher+JohnsonDijkstraStrategy,157,positive,edge_relaxations,11180
W4,500,1.5,15,HungarianMatcher+JohnsonDijkstraStrategy,157,positive,defect_at_iteration,342
W4,500,1.5,15,HungarianMatcher+JohnsonDijkstraStrategy,158,positive,edge_relaxations,11180
W4,500,1.5,15,HungarianMatcher+JohnsonDijkstraStrategy,158,positive,defect_at_iteration,341
W4,500,1.5,15,HungarianMatcher+JohnsonDijkstraStrategy,159,positive,edge_relaxations,11180
W4,500,1.5,15,HungarianMatcher+JohnsonDijkstraStrategy,159,positive,defect_at_iteration,340
W4,500,1.5,15,HungarianMatcher+JohnsonDijkstraStrategy,160,positive,edge_relaxations,11180
W4,500,1.5,15,HungarianMatcher+JohnsonDijkstraStrategy,160,positive,defect_at_iteration,339
W4,500,1.5,15,HungarianMatcher+JohnsonDijkstraStrategy,161,positive,edge_relaxations,11180
W4,500,1.5,15,HungarianMatcher+JohnsonDijkstraStrategy,161,positive,defect_at_iteration,338
W4,500,1.5,15,HungarianMatcher+JohnsonDijkstraStrategy,162,positive,edge_relaxations,11180
W4,500,1.5,15,HungarianMatcher+JohnsonDijkstraStrategy,162,positive,defect_at_iteration,337
W4,500,1.5,15,HungarianMatcher+JohnsonDijkstraStrategy,163,positive,edge_relaxations,11180
W4,500,1.5,15,HungarianMatcher+JohnsonDijkstraStrategy,163,positive,defect_at_iteration,336
W4,500,1.5,15,HungarianMatcher+JohnsonDijkstraStrategy,164,positive,edge_relaxations,11180
W4,500,1.5,15,HungarianMatcher+JohnsonDijkstraStrategy,164,positive,defect_at_iteration,335
W4,500,1.5,15,HungarianMatcher+JohnsonDijkstraStrategy,165,positive,edge_relaxations,11180
W4,500,1.5,15,HungarianMatcher+JohnsonDijkstraStrategy,165,positive,defect_at_iteration,334
W4,500,1.5,15,HungarianMatcher+JohnsonDijkstraStrategy,166,positive,edge_relaxations,11180
W4,500,1.5,15,HungarianMatcher+JohnsonDijkstraStrategy,166,positive,defect_at_iteration,333
W4,500,1.5,15,HungarianMatcher+JohnsonDijkstraStrategy,167,positive,edge_relaxations,11180
W4,500,1.5,15,HungarianMatcher+JohnsonDijkstraStrategy,167,positive,defect_at_iteration,332
W4,500,1.5,15,HungarianMatcher+JohnsonDijkstraStrategy,168,positive,edge_relaxations,11180
W4,500,1.5,15,HungarianMatcher+JohnsonDijkstraStrategy,168,positive,defect_at_iteration,331
W4,500,1.5,15,HungarianMatcher+JohnsonDijkstraStrategy,169,positive,edge_relaxations,11180
W4,500,1.5,15,HungarianMatcher+JohnsonDijkstraStrategy,169,positive,defect_at_iteration,330
W4,500,1.5,15,HungarianMatcher+JohnsonDijkstraStrategy,170,positive,edge_relaxations,11180
W4,500,1.5,15,HungarianMatcher+JohnsonDijkstraStrategy,170,positive,defect_at_iteration,329
W4,500,1.5,15,HungarianMatcher+JohnsonDijkstraStrategy,171,positive,edge_relaxations,11180
W4,500,1.5,15,HungarianMatcher+JohnsonDijkstraStrategy,171,positive,defect_at_iteration,328
W4,500,1.5,15,HungarianMatcher+JohnsonDijkstraStrategy,172,positive,edge_relaxations,11180
W4,500,1.5,15,HungarianMatcher+JohnsonDijkstraStrategy,172,positive,defect_at_iteration,327
W4,500,1.5,15,HungarianMatcher+JohnsonDijkstraStrategy,173,positive,edge_relaxations,11180
W4,500,1.5,15,HungarianMatcher+JohnsonDijkstraStrategy,173,positive,defect_at_iteration,326
W4,500,1.5,15,HungarianMatcher+JohnsonDijkstraStrategy,174,positive,edge_relaxations,11180
W4,500,1.5,15,HungarianMatcher+JohnsonDijkstraStrategy,174,positive,defect_at_iteration,325
W4,500,1.5,15,HungarianMatcher+JohnsonDijkstraStrategy,175,positive,edge_relaxations,11180
W4,500,1.5,15,HungarianMatcher+JohnsonDijkstraStrategy,175,positive,defect_at_iteration,324
W4,500,1.5,15,HungarianMatcher+JohnsonDijkstraStrategy,176,positive,edge_relaxations,11180
W4,500,1.5,15,HungarianMatcher+JohnsonDijkstraStrategy,176,positive,defect_at_iteration,323
W4,500,1.5,15,HungarianMatcher+JohnsonDijkstraStrategy,177,positive,edge_relaxations,11180
W4,500,1.5,15,HungarianMatcher+JohnsonDijkstraStrategy,177,positive,defect_at_iteration,322
W4,500,1.5,15,HungarianMatcher+JohnsonDijkstraStrategy,178,positive,edge_relaxations,11180
W4,500,1.5,15,HungarianMatcher+JohnsonDijkstraStrategy,178,positive,defect_at_iteration,321
W4,500,1.5,15,HungarianMatcher+JohnsonDijkstraStrategy,179,positive,edge_relaxations,11180
W4,500,1.5,15,HungarianMatcher+JohnsonDijkstraStrategy,179,positive,defect_at_iteration,320
W4,500,1.5,15,HungarianMatcher+JohnsonDijkstraStrategy,180,positive,edge_relaxations,11180
W4,500,1.5,15,HungarianMatcher+JohnsonDijkstraStrategy,180,positive,defect_at_iteration,319
W4,500,1.5,15,HungarianMatcher+JohnsonDijkstraStrategy,181,positive,edge_relaxations,11180
W4,500,1.5,15,HungarianMatcher+JohnsonDijkstraStrategy,181,positive,defect_at_iteration,318
W4,500,1.5,15,HungarianMatcher+JohnsonDijkstraStrategy,182,positive,edge_relaxations,11180
W4,500,1.5,15,HungarianMatcher+JohnsonDijkstraStrategy,182,positive,defect_at_iteration,317
W4,500,1.5,15,HungarianMatcher+JohnsonDijkstraStrategy,183,positive,edge_relaxations,11180
W4,500,1.5,15,HungarianMatcher+JohnsonDijkstraStrategy,183,positive,defect_at_iteration,316
W4,500,1.5,15,HungarianMatcher+JohnsonDijkstraStrategy,184,positive,edge_relaxations,11180
W4,500,1.5,15,HungarianMatcher+JohnsonDijkstraStrategy,184,positive,defect_at_iteration,315
W4,500,1.5,15,HungarianMatcher+JohnsonDijkstraStrategy,185,positive,edge_relaxations,11180
W4,500,1.5,15,HungarianMatcher+JohnsonDijkstraStrategy,185,positive,defect_at_iteration,314
W4,500,1.5,15,HungarianMatcher+JohnsonDijkstraStrategy,186,positive,edge_relaxations,11180
W4,500,1.5,15,HungarianMatcher+JohnsonDijkstraStrategy,186,positive,defect_at_iteration,313
W4,500,1.5,15,HungarianMatcher+JohnsonDijkstraStrategy,187,positive,edge_relaxations,11180
W4,500,1.5,15,HungarianMatcher+JohnsonDijkstraStrategy,187,positive,defect_at_iteration,312
W4,500,1.5,15,HungarianMatcher+JohnsonDijkstraStrategy,188,positive,edge_relaxations,11180
W4,500,1.5,15,HungarianMatcher+JohnsonDijkstraStrategy,188,positive,defect_at_iteration,311
W4,500,1.5,15,HungarianMatcher+JohnsonDijkstraStrategy,189,positive,edge_relaxations,11180
W4,500,1.5,15,HungarianMatcher+JohnsonDijkstraStrategy,189,positive,defect_at_iteration,310
W4,500,1.5,15,HungarianMatcher+JohnsonDijkstraStrategy,190,positive,edge_relaxations,11180
W4,500,1.5,15,HungarianMatcher+JohnsonDijkstraStrategy,190,positive,defect_at_iteration,309
W4,500,1.5,15,HungarianMatcher+JohnsonDijkstraStrategy,191,positive,edge_relaxations,11180
W4,500,1.5,15,HungarianMatcher+JohnsonDijkstraStrategy,191,positive,defect_at_iteration,308
W4,500,1.5,15,HungarianMatcher+JohnsonDijkstraStrategy,192,positive,edge_relaxations,11180
W4,500,1.5,15,HungarianMatcher+JohnsonDijkstraStrategy,192,positive,defect_at_iteration,307
W4,500,1.5,15,HungarianMatcher+JohnsonDijkstraStrategy,193,positive,edge_relaxations,11180
W4,500,1.5,15,HungarianMatcher+JohnsonDijkstraStrategy,193,positive,defect_at_iteration,306
W4,500,1.5,15,HungarianMatcher+JohnsonDijkstraStrategy,194,positive,edge_relaxations,11180
W4,500,1.5,15,HungarianMatcher+JohnsonDijkstraStrategy,194,positive,defect_at_iteration,305
W4,500,1.5,15,HungarianMatcher+JohnsonDijkstraStrategy,195,positive,edge_relaxations,11180
W4,500,1.5,15,HungarianMatcher+JohnsonDijkstraStrategy,195,positive,defect_at_iteration,304
W4,500,1.5,15,HungarianMatcher+JohnsonDijkstraStrategy,196,positive,edge_relaxations,11180
W4,500,1.5,15,HungarianMatcher+JohnsonDijkstraStrategy,196,positive,defect_at_iteration,303
W4,500,1.5,15,HungarianMatcher+JohnsonDijkstraStrategy,197,positive,edge_relaxations,11180
W4,500,1.5,15,HungarianMatcher+JohnsonDijkstraStrategy,197,positive,defect_at_iteration,302
W4,500,1.5,15,HungarianMatcher+JohnsonDijkstraStrategy,198,positive,edge_relaxations,11180
W4,500,1.5,15,HungarianMatcher+JohnsonDijkstraStrategy,198,positive,defect_at_iteration,301
W4,500,1.5,15,HungarianMatcher+JohnsonDijkstraStrategy,199,positive,edge_relaxations,11180
W4,500,1.5,15,HungarianMatcher+JohnsonDijkstraStrategy,199,positive,defect_at_iteration,300
W4,500,1.5,15,HungarianMatcher+JohnsonDijkstraStrategy,200,positive,edge_relaxations,11180
W4,500,1.5,15,HungarianMatcher+JohnsonDijkstraStrategy,200,positive,defect_at_iteration,299
W4,500,1.5,15,HungarianMatcher+JohnsonDijkstraStrategy,201,positive,edge_relaxations,11180
W4,500,1.5,15,HungarianMatcher+JohnsonDijkstraStrategy,201,positive,defect_at_iteration,298
W4,500,1.5,15,HungarianMatcher+JohnsonDijkstraStrategy,202,positive,edge_relaxations,11180
W4,500,1.5,15,HungarianMatcher+JohnsonDijkstraStrategy,202,positive,defect_at_iteration,297
W4,500,1.5,15,HungarianMatcher+JohnsonDijkstraStrategy,203,positive,edge_relaxations,11180
W4,500,1.5,15,HungarianMatcher+JohnsonDijkstraStrategy,203,positive,defect_at_iteration,296
W4,500,1.5,15,HungarianMatcher+JohnsonDijkstraStrategy,204,positive,edge_relaxations,11180
W4,500,1.5,15,HungarianMatcher+JohnsonDijkstraStrategy,204,positive,defect_at_iteration,295
W4,500,1.5,15,HungarianMatcher+JohnsonDijkstraStrategy,205,positive,edge_relaxations,11180
W4,500,1.5,15,HungarianMatcher+JohnsonDijkstraStrategy,205,positive,defect_at_iteration,294
W4,500,1.5,15,HungarianMatcher+JohnsonDijkstraStrategy,206,positive,edge_relaxations,11180
W4,500,1.5,15,HungarianMatcher+JohnsonDijkstraStrategy,206,positive,defect_at_iteration,293
W4,500,1.5,15,HungarianMatcher+JohnsonDijkstraStrategy,207,positive,edge_relaxations,11180
W4,500,1.5,15,HungarianMatcher+JohnsonDijkstraStrategy,207,positive,defect_at_iteration,292
W4,500,1.5,15,HungarianMatcher+JohnsonDijkstraStrategy,208,positive,edge_relaxations,11180
W4,500,1.5,15,HungarianMatcher+JohnsonDijkstraStrategy,208,positive,defect_at_iteration,291
W4,500,1.5,15,HungarianMatcher+JohnsonDijkstraStrategy,209,positive,edge_relaxations,11180
W4,500,1.5,15,HungarianMatcher+JohnsonDijkstraStrategy,209,positive,defect_at_iteration,290
W4,500,1.5,15,HungarianMatcher+JohnsonDijkstraStrategy,210,positive,edge_relaxations,11180
W4,500,1.5,15,HungarianMatcher+JohnsonDijkstraStrategy,210,positive,defect_at_iteration,289
W4,500,1.5,15,HungarianMatcher+JohnsonDijkstraStrategy,211,positive,edge_relaxations,11180
W4,500,1.5,15,HungarianMatcher+JohnsonDijkstraStrategy,211,positive,defect_at_iteration,288
W4,500,1.5,15,HungarianMatcher+JohnsonDijkstraStrategy,212,positive,edge_relaxations,11180
W4,500,1.5,15,HungarianMatcher+JohnsonDijkstraStrategy,212,positive,defect_at_iteration,287
W4,500,1.5,15,HungarianMatcher+JohnsonDijkstraStrategy,213,positive,edge_relaxations,11180
W4,500,1.5,15,HungarianMatcher+JohnsonDijkstraStrategy,213,positive,defect_at_iteration,286
W4,500,1.5,15,HungarianMatcher+JohnsonDijkstraStrategy,214,positive,edge_relaxations,11180
W4,500,1.5,15,HungarianMatcher+JohnsonDijkstraStrategy,214,positive,defect_at_iteration,285
W4,500,1.5,15,HungarianMatcher+JohnsonDijkstraStrategy,215,positive,edge_relaxations,11180
W4,500,1.5,15,HungarianMatcher+JohnsonDijkstraStrategy,215,positive,defect_at_iteration,284
W4,500,1.5,15,HungarianMatcher+JohnsonDijkstraStrategy,216,positive,edge_relaxations,11180
W4,500,1.5,15,HungarianMatcher+JohnsonDijkstraStrategy,216,positive,defect_at_iteration,283
W4,500,1.5,15,HungarianMatcher+JohnsonDijkstraStrategy,217,positive,edge_relaxations,11180
W4,500,1.5,15,HungarianMatcher+JohnsonDijkstraStrategy,217,positive,defect_at_iteration,282
W4,500,1.5,15,HungarianMatcher+JohnsonDijkstraStrategy,218,positive,edge_relaxations,11180
W4,500,1.5,15,HungarianMatcher+JohnsonDijkstraStrategy,218,positive,defect_at_iteration,281
W4,500,1.5,15,HungarianMatcher+JohnsonDijkstraStrategy,219,positive,edge_relaxations,11180
W4,500,1.5,15,HungarianMatcher+JohnsonDijkstraStrategy,219,positive,defect_at_iteration,280
W4,500,1.5,15,HungarianMatcher+JohnsonDijkstraStrategy,220,positive,edge_relaxations,11180
W4,500,1.5,15,HungarianMatcher+JohnsonDijkstraStrategy,220,positive,defect_at_iteration,279
W4,500,1.5,15,HungarianMatcher+JohnsonDijkstraStrategy,221,positive,edge_relaxations,11180
W4,500,1.5,15,HungarianMatcher+JohnsonDijkstraStrategy,221,positive,defect_at_iteration,278
W4,500,1.5,15,HungarianMatcher+JohnsonDijkstraStrategy,222,positive,edge_relaxations,11180
W4,500,1.5,15,HungarianMatcher+JohnsonDijkstraStrategy,222,positive,defect_at_iteration,277
W4,500,1.5,15,HungarianMatcher+JohnsonDijkstraStrategy,223,positive,edge_relaxations,11180
W4,500,1.5,15,HungarianMatcher+JohnsonDijkstraStrategy,223,positive,defect_at_iteration,276
W4,500,1.5,15,HungarianMatcher+JohnsonDijkstraStrategy,224,positive,edge_relaxations,11180
W4,500,1.5,15,HungarianMatcher+JohnsonDijkstraStrategy,224,positive,defect_at_iteration,275
W4,500,1.5,15,HungarianMatcher+JohnsonDijkstraStrategy,225,positive,edge_relaxations,11180
W4,500,1.5,15,HungarianMatcher+JohnsonDijkstraStrategy,225,positive,defect_at_iteration,274
W4,500,1.5,15,HungarianMatcher+JohnsonDijkstraStrategy,226,positive,edge_relaxations,11180
W4,500,1.5,15,HungarianMatcher+JohnsonDijkstraStrategy,226,positive,defect_at_iteration,273
W4,500,1.5,15,HungarianMatcher+JohnsonDijkstraStrategy,227,positive,edge_relaxations,11180
W4,500,1.5,15,HungarianMatcher+JohnsonDijkstraStrategy,227,positive,defect_at_iteration,272
W4,500,1.5,15,HungarianMatcher+JohnsonDijkstraStrategy,228,positive,edge_relaxations,11180
W4,500,1.5,15,HungarianMatcher+JohnsonDijkstraStrategy,228,positive,defect_at_iteration,271
W4,500,1.5,15,HungarianMatcher+JohnsonDijkstraStrategy,229,positive,edge_relaxations,11180
W4,500,1.5,15,HungarianMatcher+JohnsonDijkstraStrategy,229,positive,defect_at_iteration,270
W4,500,1.5,15,HungarianMatcher+JohnsonDijkstraStrategy,230,positive,edge_relaxations,11180
W4,500,1.5,15,HungarianMatcher+JohnsonDijkstraStrategy,230,positive,defect_at_iteration,269
W4,500,1.5,15,HungarianMatcher+JohnsonDijkstraStrategy,231,positive,edge_relaxations,11180
W4,500,1.5,15,HungarianMatcher+JohnsonDijkstraStrategy,231,positive,defect_at_iteration,268
W4,500,1.5,15,HungarianMatcher+JohnsonDijkstraStrategy,232,positive,edge_relaxations,11180
W4,500,1.5,15,HungarianMatcher+JohnsonDijkstraStrategy,232,positive,defect_at_iteration,267
W4,500,1.5,15,HungarianMatcher+JohnsonDijkstraStrategy,233,positive,edge_relaxations,11180
W4,500,1.5,15,HungarianMatcher+JohnsonDijkstraStrategy,233,positive,defect_at_iteration,266
W4,500,1.5,15,HungarianMatcher+JohnsonDijkstraStrategy,234,positive,edge_relaxations,11180
W4,500,1.5,15,HungarianMatcher+JohnsonDijkstraStrategy,234,positive,defect_at_iteration,265
W4,500,1.5,15,HungarianMatcher+JohnsonDijkstraStrategy,235,positive,edge_relaxations,11180
W4,500,1.5,15,HungarianMatcher+JohnsonDijkstraStrategy,235,positive,defect_at_iteration,264
W4,500,1.5,15,HungarianMatcher+JohnsonDijkstraStrategy,236,positive,edge_relaxations,11180
W4,500,1.5,15,HungarianMatcher+JohnsonDijkstraStrategy,236,positive,defect_at_iteration,263
W4,500,1.5,15,HungarianMatcher+JohnsonDijkstraStrategy,237,positive,edge_relaxations,11180
W4,500,1.5,15,HungarianMatcher+JohnsonDijkstraStrategy,237,positive,defect_at_iteration,262
W4,500,1.5,15,HungarianMatcher+JohnsonDijkstraStrategy,238,positive,edge_relaxations,11180
W4,500,1.5,15,HungarianMatcher+JohnsonDijkstraStrategy,238,positive,defect_at_iteration,261
W4,500,1.5,15,HungarianMatcher+JohnsonDijkstraStrategy,239,positive,edge_relaxations,11180
W4,500,1.5,15,HungarianMatcher+JohnsonDijkstraStrategy,239,positive,defect_at_iteration,260
W4,500,1.5,15,HungarianMatcher+JohnsonDijkstraStrategy,240,positive,edge_relaxations,11180
W4,500,1.5,15,HungarianMatcher+JohnsonDijkstraStrategy,240,positive,defect_at_iteration,259
W4,500,1.5,15,HungarianMatcher+JohnsonDijkstraStrategy,241,positive,edge_relaxations,11180
W4,500,1.5,15,HungarianMatcher+JohnsonDijkstraStrategy,241,positive,defect_at_iteration,258
W4,500,1.5,15,HungarianMatcher+JohnsonDijkstraStrategy,242,positive,edge_relaxations,11180
W4,500,1.5,15,HungarianMatcher+JohnsonDijkstraStrategy,242,positive,defect_at_iteration,257
W4,500,1.5,15,HungarianMatcher+JohnsonDijkstraStrategy,243,positive,edge_relaxations,11180
W4,500,1.5,15,HungarianMatcher+JohnsonDijkstraStrategy,243,positive,defect_at_iteration,256
W4,500,1.5,15,HungarianMatcher+JohnsonDijkstraStrategy,244,positive,edge_relaxations,11180
W4,500,1.5,15,HungarianMatcher+JohnsonDijkstraStrategy,244,positive,defect_at_iteration,255
W4,500,1.5,15,HungarianMatcher+JohnsonDijkstraStrategy,245,positive,edge_relaxations,11180
W4,500,1.5,15,HungarianMatcher+JohnsonDijkstraStrategy,245,positive,defect_at_iteration,254
W4,500,1.5,15,HungarianMatcher+JohnsonDijkstraStrategy,246,positive,edge_relaxations,11180
W4,500,1.5,15,HungarianMatcher+JohnsonDijkstraStrategy,246,positive,defect_at_iteration,253
W4,500,1.5,15,HungarianMatcher+JohnsonDijkstraStrategy,247,positive,edge_relaxations,11180
W4,500,1.5,15,HungarianMatcher+JohnsonDijkstraStrategy,247,positive,defect_at_iteration,252
W4,500,1.5,15,HungarianMatcher+JohnsonDijkstraStrategy,248,positive,edge_relaxations,11180
W4,500,1.5,15,HungarianMatcher+JohnsonDijkstraStrategy,248,positive,defect_at_iteration,251
W4,500,1.5,15,HungarianMatcher+JohnsonDijkstraStrategy,249,positive,edge_relaxations,11180
W4,500,1.5,15,HungarianMatcher+JohnsonDijkstraStrategy,249,positive,defect_at_iteration,250
W4,500,1.5,15,HungarianMatcher+JohnsonDijkstraStrategy,250,positive,edge_relaxations,11180
W4,500,1.5,15,HungarianMatcher+JohnsonDijkstraStrategy,250,positive,defect_at_iteration,249
W4,500,1.5,15,HungarianMatcher+JohnsonDijkstraStrategy,251,positive,edge_relaxations,11180
W4,500,1.5,15,HungarianMatcher+JohnsonDijkstraStrategy,251,positive,defect_at_iteration,248
W4,500,1.5,15,HungarianMatcher+JohnsonDijkstraStrategy,252,positive,edge_relaxations,11180
W4,500,1.5,15,HungarianMatcher+JohnsonDijkstraStrategy,252,positive,defect_at_iteration,247
W4,500,1.5,15,HungarianMatcher+JohnsonDijkstraStrategy,253,positive,edge_relaxations,11180
W4,500,1.5,15,HungarianMatcher+JohnsonDijkstraStrategy,253,positive,defect_at_iteration,246
W4,500,1.5,15,HungarianMatcher+JohnsonDijkstraStrategy,254,positive,edge_relaxations,11180
W4,500,1.5,15,HungarianMatcher+JohnsonDijkstraStrategy,254,positive,defect_at_iteration,245
W4,500,1.5,15,HungarianMatcher+JohnsonDijkstraStrategy,255,positive,edge_relaxations,11180
W4,500,1.5,15,HungarianMatcher+JohnsonDijkstraStrategy,255,positive,defect_at_iteration,244
W4,500,1.5,15,HungarianMatcher+JohnsonDijkstraStrategy,256,positive,edge_relaxations,11180
W4,500,1.5,15,HungarianMatcher+JohnsonDijkstraStrategy,256,positive,defect_at_iteration,243
W4,500,1.5,15,HungarianMatcher+JohnsonDijkstraStrategy,257,positive,edge_relaxations,11180
W4,500,1.5,15,HungarianMatcher+JohnsonDijkstraStrategy,257,positive,defect_at_iteration,242
W4,500,1.5,15,HungarianMatcher+JohnsonDijkstraStrategy,258,positive,edge_relaxations,11180
W4,500,1.5,15,HungarianMatcher+JohnsonDijkstraStrategy,258,positive,defect_at_iteration,241
W4,500,1.5,15,HungarianMatcher+JohnsonDijkstraStrategy,259,positive,edge_relaxations,11180
W4,500,1.5,15,HungarianMatcher+JohnsonDijkstraStrategy,259,positive,defect_at_iteration,240
W4,500,1.5,15,HungarianMatcher+JohnsonDijkstraStrategy,260,positive,edge_relaxations,11180
W4,500,1.5,15,HungarianMatcher+JohnsonDijkstraStrategy,260,positive,defect_at_iteration,239
W4,500,1.5,15,HungarianMatcher+JohnsonDijkstraStrategy,261,positive,edge_relaxations,11180
W4,500,1.5,15,HungarianMatcher+JohnsonDijkstraStrategy,261,positive,defect_at_iteration,238
W4,500,1.5,15,HungarianMatcher+JohnsonDijkstraStrategy,262,positive,edge_relaxations,11180
W4,500,1.5,15,HungarianMatcher+JohnsonDijkstraStrategy,262,positive,defect_at_iteration,237
W4,500,1.5,15,HungarianMatcher+JohnsonDijkstraStrategy,263,positive,edge_relaxations,11180
W4,500,1.5,15,HungarianMatcher+JohnsonDijkstraStrategy,263,positive,defect_at_iteration,236
W4,500,1.5,15,HungarianMatcher+JohnsonDijkstraStrategy,264,positive,edge_relaxations,11180
W4,500,1.5,15,HungarianMatcher+JohnsonDijkstraStrategy,264,positive,defect_at_iteration,235
W4,500,1.5,15,HungarianMatcher+JohnsonDijkstraStrategy,265,positive,edge_relaxations,11180
W4,500,1.5,15,HungarianMatcher+JohnsonDijkstraStrategy,265,positive,defect_at_iteration,234
W4,500,1.5,15,HungarianMatcher+JohnsonDijkstraStrategy,266,positive,edge_relaxations,11180
W4,500,1.5,15,HungarianMatcher+JohnsonDijkstraStrategy,266,positive,defect_at_iteration,233
W4,500,1.5,15,HungarianMatcher+JohnsonDijkstraStrategy,267,positive,edge_relaxations,11180
W4,500,1.5,15,HungarianMatcher+JohnsonDijkstraStrategy,267,positive,defect_at_iteration,232
W4,500,1.5,15,HungarianMatcher+JohnsonDijkstraStrategy,268,positive,edge_relaxations,11180
W4,500,1.5,15,HungarianMatcher+JohnsonDijkstraStrategy,268,positive,defect_at_iteration,231
W4,500,1.5,15,HungarianMatcher+JohnsonDijkstraStrategy,269,positive,edge_relaxations,11180
W4,500,1.5,15,HungarianMatcher+JohnsonDijkstraStrategy,269,positive,defect_at_iteration,230
W4,500,1.5,15,HungarianMatcher+JohnsonDijkstraStrategy,270,positive,edge_relaxations,11180
W4,500,1.5,15,HungarianMatcher+JohnsonDijkstraStrategy,270,positive,defect_at_iteration,229
W4,500,1.5,15,HungarianMatcher+JohnsonDijkstraStrategy,271,positive,edge_relaxations,11180
W4,500,1.5,15,HungarianMatcher+JohnsonDijkstraStrategy,271,positive,defect_at_iteration,228
W4,500,1.5,15,HungarianMatcher+JohnsonDijkstraStrategy,272,positive,edge_relaxations,11180
W4,500,1.5,15,HungarianMatcher+JohnsonDijkstraStrategy,272,positive,defect_at_iteration,227
W4,500,1.5,15,HungarianMatcher+JohnsonDijkstraStrategy,273,positive,edge_relaxations,11180
W4,500,1.5,15,HungarianMatcher+JohnsonDijkstraStrategy,273,positive,defect_at_iteration,226
W4,500,1.5,15,HungarianMatcher+JohnsonDijkstraStrategy,274,positive,edge_relaxations,11180
W4,500,1.5,15,HungarianMatcher+JohnsonDijkstraStrategy,274,positive,defect_at_iteration,225
W4,500,1.5,15,HungarianMatcher+JohnsonDijkstraStrategy,275,positive,edge_relaxations,11180
W4,500,1.5,15,HungarianMatcher+JohnsonDijkstraStrategy,275,positive,defect_at_iteration,224
W4,500,1.5,15,HungarianMatcher+JohnsonDijkstraStrategy,276,positive,edge_relaxations,11180
W4,500,1.5,15,HungarianMatcher+JohnsonDijkstraStrategy,276,positive,defect_at_iteration,223
W4,500,1.5,15,HungarianMatcher+JohnsonDijkstraStrategy,277,positive,edge_relaxations,11180
W4,500,1.5,15,HungarianMatcher+JohnsonDijkstraStrategy,277,positive,defect_at_iteration,222
W4,500,1.5,15,HungarianMatcher+JohnsonDijkstraStrategy,278,positive,edge_relaxations,11180
W4,500,1.5,15,HungarianMatcher+JohnsonDijkstraStrategy,278,positive,defect_at_iteration,221
W4,500,1.5,15,HungarianMatcher+JohnsonDijkstraStrategy,279,positive,edge_relaxations,11180
W4,500,1.5,15,HungarianMatcher+JohnsonDijkstraStrategy,279,positive,defect_at_iteration,220
W4,500,1.5,15,HungarianMatcher+JohnsonDijkstraStrategy,280,positive,edge_relaxations,11180
W4,500,1.5,15,HungarianMatcher+JohnsonDijkstraStrategy,280,positive,defect_at_iteration,219
W4,500,1.5,15,HungarianMatcher+JohnsonDijkstraStrategy,281,positive,edge_relaxations,11180
W4,500,1.5,15,HungarianMatcher+JohnsonDijkstraStrategy,281,positive,defect_at_iteration,218
W4,500,1.5,15,HungarianMatcher+JohnsonDijkstraStrategy,282,positive,edge_relaxations,11180
W4,500,1.5,15,HungarianMatcher+JohnsonDijkstraStrategy,282,positive,defect_at_iteration,217
W4,500,1.5,15,HungarianMatcher+JohnsonDijkstraStrategy,283,positive,edge_relaxations,11180
W4,500,1.5,15,HungarianMatcher+JohnsonDijkstraStrategy,283,positive,defect_at_iteration,216
W4,500,1.5,15,HungarianMatcher+JohnsonDijkstraStrategy,284,positive,edge_relaxations,11180
W4,500,1.5,15,HungarianMatcher+JohnsonDijkstraStrategy,284,positive,defect_at_iteration,215
W4,500,1.5,15,HungarianMatcher+JohnsonDijkstraStrategy,285,positive,edge_relaxations,11180
W4,500,1.5,15,HungarianMatcher+JohnsonDijkstraStrategy,285,positive,defect_at_iteration,214
W4,500,1.5,15,HungarianMatcher+JohnsonDijkstraStrategy,286,positive,edge_relaxations,11180
W4,500,1.5,15,HungarianMatcher+JohnsonDijkstraStrategy,286,positive,defect_at_iteration,213
W4,500,1.5,15,HungarianMatcher+JohnsonDijkstraStrategy,287,positive,edge_relaxations,11180
W4,500,1.5,15,HungarianMatcher+JohnsonDijkstraStrategy,287,positive,defect_at_iteration,212
W4,500,1.5,15,HungarianMatcher+JohnsonDijkstraStrategy,288,positive,edge_relaxations,11180
W4,500,1.5,15,HungarianMatcher+JohnsonDijkstraStrategy,288,positive,defect_at_iteration,211
W4,500,1.5,15,HungarianMatcher+JohnsonDijkstraStrategy,289,positive,edge_relaxations,11180
W4,500,1.5,15,HungarianMatcher+JohnsonDijkstraStrategy,289,positive,defect_at_iteration,210
W4,500,1.5,15,HungarianMatcher+JohnsonDijkstraStrategy,290,positive,edge_relaxations,11180
W4,500,1.5,15,HungarianMatcher+JohnsonDijkstraStrategy,290,positive,defect_at_iteration,209
W4,500,1.5,15,HungarianMatcher+JohnsonDijkstraStrategy,291,positive,edge_relaxations,11180
W4,500,1.5,15,HungarianMatcher+JohnsonDijkstraStrategy,291,positive,defect_at_iteration,208
W4,500,1.5,15,HungarianMatcher+JohnsonDijkstraStrategy,292,positive,edge_relaxations,11180
W4,500,1.5,15,HungarianMatcher+JohnsonDijkstraStrategy,292,positive,defect_at_iteration,207
W4,500,1.5,15,HungarianMatcher+JohnsonDijkstraStrategy,293,positive,edge_relaxations,11180
W4,500,1.5,15,HungarianMatcher+JohnsonDijkstraStrategy,293,positive,defect_at_iteration,206
W4,500,1.5,15,HungarianMatcher+JohnsonDijkstraStrategy,294,positive,edge_relaxations,11180
W4,500,1.5,15,HungarianMatcher+JohnsonDijkstraStrategy,294,positive,defect_at_iteration,205
W4,500,1.5,15,HungarianMatcher+JohnsonDijkstraStrategy,295,positive,edge_relaxations,11180
W4,500,1.5,15,HungarianMatcher+JohnsonDijkstraStrategy,295,positive,defect_at_iteration,204
W4,500,1.5,15,HungarianMatcher+JohnsonDijkstraStrategy,296,positive,edge_relaxations,11180
W4,500,1.5,15,HungarianMatcher+JohnsonDijkstraStrategy,296,positive,defect_at_iteration,203
W4,500,1.5,15,HungarianMatcher+JohnsonDijkstraStrategy,297,positive,edge_relaxations,11180
W4,500,1.5,15,HungarianMatcher+JohnsonDijkstraStrategy,297,positive,defect_at_iteration,202
W4,500,1.5,15,HungarianMatcher+JohnsonDijkstraStrategy,298,positive,edge_relaxations,11180
W4,500,1.5,15,HungarianMatcher+JohnsonDijkstraStrategy,298,positive,defect_at_iteration,201
W4,500,1.5,15,HungarianMatcher+JohnsonDijkstraStrategy,299,positive,edge_relaxations,11180
W4,500,1.5,15,HungarianMatcher+JohnsonDijkstraStrategy,299,positive,defect_at_iteration,200
W4,500,1.5,15,HungarianMatcher+JohnsonDijkstraStrategy,300,positive,edge_relaxations,11180
W4,500,1.5,15,HungarianMatcher+JohnsonDijkstraStrategy,300,positive,defect_at_iteration,199
W4,500,1.5,15,HungarianMatcher+JohnsonDijkstraStrategy,301,positive,edge_relaxations,11180
W4,500,1.5,15,HungarianMatcher+JohnsonDijkstraStrategy,301,positive,defect_at_iteration,198
W4,500,1.5,15,HungarianMatcher+JohnsonDijkstraStrategy,302,positive,edge_relaxations,11180
W4,500,1.5,15,HungarianMatcher+JohnsonDijkstraStrategy,302,positive,defect_at_iteration,197
W4,500,1.5,15,HungarianMatcher+JohnsonDijkstraStrategy,303,positive,edge_relaxations,11180
W4,500,1.5,15,HungarianMatcher+JohnsonDijkstraStrategy,303,positive,defect_at_iteration,196
W4,500,1.5,15,HungarianMatcher+JohnsonDijkstraStrategy,304,positive,edge_relaxations,11180
W4,500,1.5,15,HungarianMatcher+JohnsonDijkstraStrategy,304,positive,defect_at_iteration,195
W4,500,1.5,15,HungarianMatcher+JohnsonDijkstraStrategy,305,positive,edge_relaxations,11180
W4,500,1.5,15,HungarianMatcher+JohnsonDijkstraStrategy,305,positive,defect_at_iteration,194
W4,500,1.5,15,HungarianMatcher+JohnsonDijkstraStrategy,306,positive,edge_relaxations,11180
W4,500,1.5,15,HungarianMatcher+JohnsonDijkstraStrategy,306,positive,defect_at_iteration,193
W4,500,1.5,15,HungarianMatcher+JohnsonDijkstraStrategy,307,positive,edge_relaxations,11180
W4,500,1.5,15,HungarianMatcher+JohnsonDijkstraStrategy,307,positive,defect_at_iteration,192
W4,500,1.5,15,HungarianMatcher+JohnsonDijkstraStrategy,308,positive,edge_relaxations,11180
W4,500,1.5,15,HungarianMatcher+JohnsonDijkstraStrategy,308,positive,defect_at_iteration,191
W4,500,1.5,15,HungarianMatcher+JohnsonDijkstraStrategy,309,positive,edge_relaxations,11180
W4,500,1.5,15,HungarianMatcher+JohnsonDijkstraStrategy,309,positive,defect_at_iteration,190
W4,500,1.5,15,HungarianMatcher+JohnsonDijkstraStrategy,310,positive,edge_relaxations,11180
W4,500,1.5,15,HungarianMatcher+JohnsonDijkstraStrategy,310,positive,defect_at_iteration,189
W4,500,1.5,15,HungarianMatcher+JohnsonDijkstraStrategy,311,positive,edge_relaxations,11180
W4,500,1.5,15,HungarianMatcher+JohnsonDijkstraStrategy,311,positive,defect_at_iteration,188
W4,500,1.5,15,HungarianMatcher+JohnsonDijkstraStrategy,312,positive,edge_relaxations,11180
W4,500,1.5,15,HungarianMatcher+JohnsonDijkstraStrategy,312,positive,defect_at_iteration,187
W4,500,1.5,15,HungarianMatcher+JohnsonDijkstraStrategy,313,positive,edge_relaxations,11180
W4,500,1.5,15,HungarianMatcher+JohnsonDijkstraStrategy,313,positive,defect_at_iteration,186
W4,500,1.5,15,HungarianMatcher+JohnsonDijkstraStrategy,314,positive,edge_relaxations,11180
W4,500,1.5,15,HungarianMatcher+JohnsonDijkstraStrategy,314,positive,defect_at_iteration,185
W4,500,1.5,15,HungarianMatcher+JohnsonDijkstraStrategy,315,positive,edge_relaxations,11180
W4,500,1.5,15,HungarianMatcher+JohnsonDijkstraStrategy,315,positive,defect_at_iteration,184
W4,500,1.5,15,HungarianMatcher+JohnsonDijkstraStrategy,316,positive,edge_relaxations,11180
W4,500,1.5,15,HungarianMatcher+JohnsonDijkstraStrategy,316,positive,defect_at_iteration,183
W4,500,1.5,15,HungarianMatcher+JohnsonDijkstraStrategy,317,positive,edge_relaxations,11180
W4,500,1.5,15,HungarianMatcher+JohnsonDijkstraStrategy,317,positive,defect_at_iteration,182
W4,500,1.5,15,HungarianMatcher+JohnsonDijkstraStrategy,318,positive,edge_relaxations,11180
W4,500,1.5,15,HungarianMatcher+JohnsonDijkstraStrategy,318,positive,defect_at_iteration,181
W4,500,1.5,15,HungarianMatcher+JohnsonDijkstraStrategy,319,positive,edge_relaxations,11180
W4,500,1.5,15,HungarianMatcher+JohnsonDijkstraStrategy,319,positive,defect_at_iteration,180
W4,500,1.5,15,HungarianMatcher+JohnsonDijkstraStrategy,320,positive,edge_relaxations,11180
W4,500,1.5,15,HungarianMatcher+JohnsonDijkstraStrategy,320,positive,defect_at_iteration,179
W4,500,1.5,15,HungarianMatcher+JohnsonDijkstraStrategy,321,positive,edge_relaxations,11180
W4,500,1.5,15,HungarianMatcher+JohnsonDijkstraStrategy,321,positive,defect_at_iteration,178
W4,500,1.5,15,HungarianMatcher+JohnsonDijkstraStrategy,322,positive,edge_relaxations,11180
W4,500,1.5,15,HungarianMatcher+JohnsonDijkstraStrategy,322,positive,defect_at_iteration,177
W4,500,1.5,15,HungarianMatcher+JohnsonDijkstraStrategy,323,positive,edge_relaxations,11180
W4,500,1.5,15,HungarianMatcher+JohnsonDijkstraStrategy,323,positive,defect_at_iteration,176
W4,500,1.5,15,HungarianMatcher+JohnsonDijkstraStrategy,324,positive,edge_relaxations,11180
W4,500,1.5,15,HungarianMatcher+JohnsonDijkstraStrategy,324,positive,defect_at_iteration,175
W4,500,1.5,15,HungarianMatcher+JohnsonDijkstraStrategy,325,positive,edge_relaxations,11180
W4,500,1.5,15,HungarianMatcher+JohnsonDijkstraStrategy,325,positive,defect_at_iteration,174
W4,500,1.5,15,HungarianMatcher+JohnsonDijkstraStrategy,326,positive,edge_relaxations,11180
W4,500,1.5,15,HungarianMatcher+JohnsonDijkstraStrategy,326,positive,defect_at_iteration,173
W4,500,1.5,15,HungarianMatcher+JohnsonDijkstraStrategy,327,positive,edge_relaxations,11180
W4,500,1.5,15,HungarianMatcher+JohnsonDijkstraStrategy,327,positive,defect_at_iteration,172
W4,500,1.5,15,HungarianMatcher+JohnsonDijkstraStrategy,328,positive,edge_relaxations,11180
W4,500,1.5,15,HungarianMatcher+JohnsonDijkstraStrategy,328,positive,defect_at_iteration,171
W4,500,1.5,15,HungarianMatcher+JohnsonDijkstraStrategy,329,positive,edge_relaxations,11180
W4,500,1.5,15,HungarianMatcher+JohnsonDijkstraStrategy,329,positive,defect_at_iteration,170
W4,500,1.5,15,HungarianMatcher+JohnsonDijkstraStrategy,330,positive,edge_relaxations,11180
W4,500,1.5,15,HungarianMatcher+JohnsonDijkstraStrategy,330,positive,defect_at_iteration,169
W4,500,1.5,15,HungarianMatcher+JohnsonDijkstraStrategy,331,positive,edge_relaxations,11180
W4,500,1.5,15,HungarianMatcher+JohnsonDijkstraStrategy,331,positive,defect_at_iteration,168
W4,500,1.5,15,HungarianMatcher+JohnsonDijkstraStrategy,332,positive,edge_relaxations,11180
W4,500,1.5,15,HungarianMatcher+JohnsonDijkstraStrategy,332,positive,defect_at_iteration,167
W4,500,1.5,15,HungarianMatcher+JohnsonDijkstraStrategy,333,positive,edge_relaxations,11180
W4,500,1.5,15,HungarianMatcher+JohnsonDijkstraStrategy,333,positive,defect_at_iteration,166
W4,500,1.5,15,HungarianMatcher+JohnsonDijkstraStrategy,334,positive,edge_relaxations,11180
W4,500,1.5,15,HungarianMatcher+JohnsonDijkstraStrategy,334,positive,defect_at_iteration,165
W4,500,1.5,15,HungarianMatcher+JohnsonDijkstraStrategy,335,positive,edge_relaxations,11180
W4,500,1.5,15,HungarianMatcher+JohnsonDijkstraStrategy,335,positive,defect_at_iteration,164
W4,500,1.5,15,HungarianMatcher+JohnsonDijkstraStrategy,336,positive,edge_relaxations,11180
W4,500,1.5,15,HungarianMatcher+JohnsonDijkstraStrategy,336,positive,defect_at_iteration,163
W4,500,1.5,15,HungarianMatcher+JohnsonDijkstraStrategy,337,positive,edge_relaxations,11180
W4,500,1.5,15,HungarianMatcher+JohnsonDijkstraStrategy,337,positive,defect_at_iteration,162
W4,500,1.5,15,HungarianMatcher+JohnsonDijkstraStrategy,338,positive,edge_relaxations,11180
W4,500,1.5,15,HungarianMatcher+JohnsonDijkstraStrategy,338,positive,defect_at_iteration,161
W4,500,1.5,15,HungarianMatcher+JohnsonDijkstraStrategy,339,positive,edge_relaxations,11180
W4,500,1.5,15,HungarianMatcher+JohnsonDijkstraStrategy,339,positive,defect_at_iteration,160
W4,500,1.5,15,HungarianMatcher+JohnsonDijkstraStrategy,340,positive,edge_relaxations,11180
W4,500,1.5,15,HungarianMatcher+JohnsonDijkstraStrategy,340,positive,defect_at_iteration,159
W4,500,1.5,15,HungarianMatcher+JohnsonDijkstraStrategy,341,positive,edge_relaxations,11180
W4,500,1.5,15,HungarianMatcher+JohnsonDijkstraStrategy,341,positive,defect_at_iteration,158
W4,500,1.5,15,HungarianMatcher+JohnsonDijkstraStrategy,342,positive,edge_relaxations,11180
W4,500,1.5,15,HungarianMatcher+JohnsonDijkstraStrategy,342,positive,defect_at_iteration,157
W4,500,1.5,15,HungarianMatcher+JohnsonDijkstraStrategy,343,positive,edge_relaxations,11180
W4,500,1.5,15,HungarianMatcher+JohnsonDijkstraStrategy,343,positive,defect_at_iteration,156
W4,500,1.5,15,HungarianMatcher+JohnsonDijkstraStrategy,344,positive,edge_relaxations,11180
W4,500,1.5,15,HungarianMatcher+JohnsonDijkstraStrategy,344,positive,defect_at_iteration,155
W4,500,1.5,15,HungarianMatcher+JohnsonDijkstraStrategy,345,positive,edge_relaxations,11180
W4,500,1.5,15,HungarianMatcher+JohnsonDijkstraStrategy,345,positive,defect_at_iteration,154
W4,500,1.5,15,HungarianMatcher+JohnsonDijkstraStrategy,346,positive,edge_relaxations,11180
W4,500,1.5,15,HungarianMatcher+JohnsonDijkstraStrategy,346,positive,defect_at_iteration,153
W4,500,1.5,15,HungarianMatcher+JohnsonDijkstraStrategy,347,positive,edge_relaxations,11180
W4,500,1.5,15,HungarianMatcher+JohnsonDijkstraStrategy,347,positive,defect_at_iteration,152
W4,500,1.5,15,HungarianMatcher+JohnsonDijkstraStrategy,348,positive,edge_relaxations,11180
W4,500,1.5,15,HungarianMatcher+JohnsonDijkstraStrategy,348,positive,defect_at_iteration,151
W4,500,1.5,15,HungarianMatcher+JohnsonDijkstraStrategy,349,positive,edge_relaxations,11180
W4,500,1.5,15,HungarianMatcher+JohnsonDijkstraStrategy,349,positive,defect_at_iteration,150
W4,500,1.5,15,HungarianMatcher+JohnsonDijkstraStrategy,350,positive,edge_relaxations,11180
W4,500,1.5,15,HungarianMatcher+JohnsonDijkstraStrategy,350,positive,defect_at_iteration,149
W4,500,1.5,15,HungarianMatcher+JohnsonDijkstraStrategy,351,positive,edge_relaxations,11180
W4,500,1.5,15,HungarianMatcher+JohnsonDijkstraStrategy,351,positive,defect_at_iteration,148
W4,500,1.5,15,HungarianMatcher+JohnsonDijkstraStrategy,352,positive,edge_relaxations,11180
W4,500,1.5,15,HungarianMatcher+JohnsonDijkstraStrategy,352,positive,defect_at_iteration,147
W4,500,1.5,15,HungarianMatcher+JohnsonDijkstraStrategy,353,positive,edge_relaxations,11180
W4,500,1.5,15,HungarianMatcher+JohnsonDijkstraStrategy,353,positive,defect_at_iteration,146
W4,500,1.5,15,HungarianMatcher+JohnsonDijkstraStrategy,354,positive,edge_relaxations,11180
W4,500,1.5,15,HungarianMatcher+JohnsonDijkstraStrategy,354,positive,defect_at_iteration,145
W4,500,1.5,15,HungarianMatcher+JohnsonDijkstraStrategy,355,positive,edge_relaxations,11180
W4,500,1.5,15,HungarianMatcher+JohnsonDijkstraStrategy,355,positive,defect_at_iteration,144
W4,500,1.5,15,HungarianMatcher+JohnsonDijkstraStrategy,356,positive,edge_relaxations,11180
W4,500,1.5,15,HungarianMatcher+JohnsonDijkstraStrategy,356,positive,defect_at_iteration,143
W4,500,1.5,15,HungarianMatcher+JohnsonDijkstraStrategy,357,positive,edge_relaxations,11180
W4,500,1.5,15,HungarianMatcher+JohnsonDijkstraStrategy,357,positive,defect_at_iteration,142
W4,500,1.5,15,HungarianMatcher+JohnsonDijkstraStrategy,358,positive,edge_relaxations,11180
W4,500,1.5,15,HungarianMatcher+JohnsonDijkstraStrategy,358,positive,defect_at_iteration,141
W4,500,1.5,15,HungarianMatcher+JohnsonDijkstraStrategy,359,positive,edge_relaxations,11180
W4,500,1.5,15,HungarianMatcher+JohnsonDijkstraStrategy,359,positive,defect_at_iteration,140
W4,500,1.5,15,HungarianMatcher+JohnsonDijkstraStrategy,360,positive,edge_relaxations,11180
W4,500,1.5,15,HungarianMatcher+JohnsonDijkstraStrategy,360,positive,defect_at_iteration,139
W4,500,1.5,15,HungarianMatcher+JohnsonDijkstraStrategy,361,positive,edge_relaxations,11180
W4,500,1.5,15,HungarianMatcher+JohnsonDijkstraStrategy,361,positive,defect_at_iteration,138
W4,500,1.5,15,HungarianMatcher+JohnsonDijkstraStrategy,362,positive,edge_relaxations,11180
W4,500,1.5,15,HungarianMatcher+JohnsonDijkstraStrategy,362,positive,defect_at_iteration,137
W4,500,1.5,15,HungarianMatcher+JohnsonDijkstraStrategy,363,positive,edge_relaxations,11180
W4,500,1.5,15,HungarianMatcher+JohnsonDijkstraStrategy,363,positive,defect_at_iteration,136
W4,500,1.5,15,HungarianMatcher+JohnsonDijkstraStrategy,364,positive,edge_relaxations,11180
W4,500,1.5,15,HungarianMatcher+JohnsonDijkstraStrategy,364,positive,defect_at_iteration,135
W4,500,1.5,15,HungarianMatcher+JohnsonDijkstraStrategy,365,positive,edge_relaxations,11180
W4,500,1.5,15,HungarianMatcher+JohnsonDijkstraStrategy,365,positive,defect_at_iteration,134
W4,500,1.5,15,HungarianMatcher+JohnsonDijkstraStrategy,366,positive,edge_relaxations,11180
W4,500,1.5,15,HungarianMatcher+JohnsonDijkstraStrategy,366,positive,defect_at_iteration,133
W4,500,1.5,15,HungarianMatcher+JohnsonDijkstraStrategy,367,positive,edge_relaxations,11180
W4,500,1.5,15,HungarianMatcher+JohnsonDijkstraStrategy,367,positive,defect_at_iteration,132
W4,500,1.5,15,HungarianMatcher+JohnsonDijkstraStrategy,368,positive,edge_relaxations,11180
W4,500,1.5,15,HungarianMatcher+JohnsonDijkstraStrategy,368,positive,defect_at_iteration,131
W4,500,1.5,15,HungarianMatcher+JohnsonDijkstraStrategy,369,positive,edge_relaxations,11180
W4,500,1.5,15,HungarianMatcher+JohnsonDijkstraStrategy,369,positive,defect_at_iteration,130
W4,500,1.5,15,HungarianMatcher+JohnsonDijkstraStrategy,370,positive,edge_relaxations,11180
W4,500,1.5,15,HungarianMatcher+JohnsonDijkstraStrategy,370,positive,defect_at_iteration,129
W4,500,1.5,15,HungarianMatcher+JohnsonDijkstraStrategy,371,positive,edge_relaxations,11180
W4,500,1.5,15,HungarianMatcher+JohnsonDijkstraStrategy,371,positive,defect_at_iteration,128
W4,500,1.5,15,HungarianMatcher+JohnsonDijkstraStrategy,372,positive,edge_relaxations,11180
W4,500,1.5,15,HungarianMatcher+JohnsonDijkstraStrategy,372,positive,defect_at_iteration,127
W4,500,1.5,15,HungarianMatcher+JohnsonDijkstraStrategy,373,positive,edge_relaxations,11180
W4,500,1.5,15,HungarianMatcher+JohnsonDijkstraStrategy,373,positive,defect_at_iteration,126
W4,500,1.5,15,HungarianMatcher+JohnsonDijkstraStrategy,374,positive,edge_relaxations,11180
W4,500,1.5,15,HungarianMatcher+JohnsonDijkstraStrategy,374,positive,defect_at_iteration,125
W4,500,1.5,15,HungarianMatcher+JohnsonDijkstraStrategy,375,positive,edge_relaxations,11180
W4,500,1.5,15,HungarianMatcher+JohnsonDijkstraStrategy,375,positive,defect_at_iteration,124
W4,500,1.5,15,HungarianMatcher+JohnsonDijkstraStrategy,376,positive,edge_relaxations,11180
W4,500,1.5,15,HungarianMatcher+JohnsonDijkstraStrategy,376,positive,defect_at_iteration,123
W4,500,1.5,15,HungarianMatcher+JohnsonDijkstraStrategy,377,positive,edge_relaxations,11180
W4,500,1.5,15,HungarianMatcher+JohnsonDijkstraStrategy,377,positive,defect_at_iteration,122
W4,500,1.5,15,HungarianMatcher+JohnsonDijkstraStrategy,378,positive,edge_relaxations,11180
W4,500,1.5,15,HungarianMatcher+JohnsonDijkstraStrategy,378,positive,defect_at_iteration,121
W4,500,1.5,15,HungarianMatcher+JohnsonDijkstraStrategy,379,positive,edge_relaxations,11180
W4,500,1.5,15,HungarianMatcher+JohnsonDijkstraStrategy,379,positive,defect_at_iteration,120
W4,500,1.5,15,HungarianMatcher+JohnsonDijkstraStrategy,380,positive,edge_relaxations,11180
W4,500,1.5,15,HungarianMatcher+JohnsonDijkstraStrategy,380,positive,defect_at_iteration,119
W4,500,1.5,15,HungarianMatcher+JohnsonDijkstraStrategy,381,positive,edge_relaxations,11180
W4,500,1.5,15,HungarianMatcher+JohnsonDijkstraStrategy,381,positive,defect_at_iteration,118
W4,500,1.5,15,HungarianMatcher+JohnsonDijkstraStrategy,382,positive,edge_relaxations,11180
W4,500,1.5,15,HungarianMatcher+JohnsonDijkstraStrategy,382,positive,defect_at_iteration,117
W4,500,1.5,15,HungarianMatcher+JohnsonDijkstraStrategy,383,positive,edge_relaxations,11180
W4,500,1.5,15,HungarianMatcher+JohnsonDijkstraStrategy,383,positive,defect_at_iteration,116
W4,500,1.5,15,HungarianMatcher+JohnsonDijkstraStrategy,384,positive,edge_relaxations,11180
W4,500,1.5,15,HungarianMatcher+JohnsonDijkstraStrategy,384,positive,defect_at_iteration,115
W4,500,1.5,15,HungarianMatcher+JohnsonDijkstraStrategy,385,positive,edge_relaxations,11180
W4,500,1.5,15,HungarianMatcher+JohnsonDijkstraStrategy,385,positive,defect_at_iteration,114
W4,500,1.5,15,HungarianMatcher+JohnsonDijkstraStrategy,386,positive,edge_relaxations,11180
W4,500,1.5,15,HungarianMatcher+JohnsonDijkstraStrategy,386,positive,defect_at_iteration,113
W4,500,1.5,15,HungarianMatcher+JohnsonDijkstraStrategy,387,positive,edge_relaxations,11180
W4,500,1.5,15,HungarianMatcher+JohnsonDijkstraStrategy,387,positive,defect_at_iteration,112
W4,500,1.5,15,HungarianMatcher+JohnsonDijkstraStrategy,388,positive,edge_relaxations,11180
W4,500,1.5,15,HungarianMatcher+JohnsonDijkstraStrategy,388,positive,defect_at_iteration,111
W4,500,1.5,15,HungarianMatcher+JohnsonDijkstraStrategy,389,positive,edge_relaxations,11180
W4,500,1.5,15,HungarianMatcher+JohnsonDijkstraStrategy,389,positive,defect_at_iteration,110
W4,500,1.5,15,HungarianMatcher+JohnsonDijkstraStrategy,390,positive,edge_relaxations,11180
W4,500,1.5,15,HungarianMatcher+JohnsonDijkstraStrategy,390,positive,defect_at_iteration,109
W4,500,1.5,15,HungarianMatcher+JohnsonDijkstraStrategy,391,positive,edge_relaxations,11180
W4,500,1.5,15,HungarianMatcher+JohnsonDijkstraStrategy,391,positive,defect_at_iteration,108
W4,500,1.5,15,HungarianMatcher+JohnsonDijkstraStrategy,392,positive,edge_relaxations,11180
W4,500,1.5,15,HungarianMatcher+JohnsonDijkstraStrategy,392,positive,defect_at_iteration,107
W4,500,1.5,15,HungarianMatcher+JohnsonDijkstraStrategy,393,positive,edge_relaxations,11180
W4,500,1.5,15,HungarianMatcher+JohnsonDijkstraStrategy,393,positive,defect_at_iteration,106
W4,500,1.5,15,HungarianMatcher+JohnsonDijkstraStrategy,394,positive,edge_relaxations,11180
W4,500,1.5,15,HungarianMatcher+JohnsonDijkstraStrategy,394,positive,defect_at_iteration,105
W4,500,1.5,15,HungarianMatcher+JohnsonDijkstraStrategy,395,positive,edge_relaxations,11180
W4,500,1.5,15,HungarianMatcher+JohnsonDijkstraStrategy,395,positive,defect_at_iteration,104
W4,500,1.5,15,HungarianMatcher+JohnsonDijkstraStrategy,396,positive,edge_relaxations,11180
W4,500,1.5,15,HungarianMatcher+JohnsonDijkstraStrategy,396,positive,defect_at_iteration,103
W4,500,1.5,15,HungarianMatcher+JohnsonDijkstraStrategy,397,positive,edge_relaxations,11180
W4,500,1.5,15,HungarianMatcher+JohnsonDijkstraStrategy,397,positive,defect_at_iteration,102
W4,500,1.5,15,HungarianMatcher+JohnsonDijkstraStrategy,398,positive,edge_relaxations,11180
W4,500,1.5,15,HungarianMatcher+JohnsonDijkstraStrategy,398,positive,defect_at_iteration,101
W4,500,1.5,15,HungarianMatcher+JohnsonDijkstraStrategy,399,positive,edge_relaxations,11180
W4,500,1.5,15,HungarianMatcher+JohnsonDijkstraStrategy,399,positive,defect_at_iteration,100
W4,500,1.5,15,HungarianMatcher+JohnsonDijkstraStrategy,400,positive,edge_relaxations,11180
W4,500,1.5,15,HungarianMatcher+JohnsonDijkstraStrategy,400,positive,defect_at_iteration,99
W4,500,1.5,15,HungarianMatcher+JohnsonDijkstraStrategy,401,positive,edge_relaxations,11180
W4,500,1.5,15,HungarianMatcher+JohnsonDijkstraStrategy,401,positive,defect_at_iteration,98
W4,500,1.5,15,HungarianMatcher+JohnsonDijkstraStrategy,402,positive,edge_relaxations,11180
W4,500,1.5,15,HungarianMatcher+JohnsonDijkstraStrategy,402,positive,defect_at_iteration,97
W4,500,1.5,15,HungarianMatcher+JohnsonDijkstraStrategy,403,positive,edge_relaxations,11180
W4,500,1.5,15,HungarianMatcher+JohnsonDijkstraStrategy,403,positive,defect_at_iteration,96
W4,500,1.5,15,HungarianMatcher+JohnsonDijkstraStrategy,404,positive,edge_relaxations,11180
W4,500,1.5,15,HungarianMatcher+JohnsonDijkstraStrategy,404,positive,defect_at_iteration,95
W4,500,1.5,15,HungarianMatcher+JohnsonDijkstraStrategy,405,positive,edge_relaxations,11180
W4,500,1.5,15,HungarianMatcher+JohnsonDijkstraStrategy,405,positive,defect_at_iteration,94
W4,500,1.5,15,HungarianMatcher+JohnsonDijkstraStrategy,406,positive,edge_relaxations,11180
W4,500,1.5,15,HungarianMatcher+JohnsonDijkstraStrategy,406,positive,defect_at_iteration,93
W4,500,1.5,15,HungarianMatcher+JohnsonDijkstraStrategy,407,positive,edge_relaxations,11180
W4,500,1.5,15,HungarianMatcher+JohnsonDijkstraStrategy,407,positive,defect_at_iteration,92
W4,500,1.5,15,HungarianMatcher+JohnsonDijkstraStrategy,408,positive,edge_relaxations,11180
W4,500,1.5,15,HungarianMatcher+JohnsonDijkstraStrategy,408,positive,defect_at_iteration,91
W4,500,1.5,15,HungarianMatcher+JohnsonDijkstraStrategy,409,positive,edge_relaxations,11180
W4,500,1.5,15,HungarianMatcher+JohnsonDijkstraStrategy,409,positive,defect_at_iteration,90
W4,500,1.5,15,HungarianMatcher+JohnsonDijkstraStrategy,410,positive,edge_relaxations,11180
W4,500,1.5,15,HungarianMatcher+JohnsonDijkstraStrategy,410,positive,defect_at_iteration,89
W4,500,1.5,15,HungarianMatcher+JohnsonDijkstraStrategy,411,positive,edge_relaxations,11180
W4,500,1.5,15,HungarianMatcher+JohnsonDijkstraStrategy,411,positive,defect_at_iteration,88
W4,500,1.5,15,HungarianMatcher+JohnsonDijkstraStrategy,412,positive,edge_relaxations,11180
W4,500,1.5,15,HungarianMatcher+JohnsonDijkstraStrategy,412,positive,defect_at_iteration,87
W4,500,1.5,15,HungarianMatcher+JohnsonDijkstraStrategy,413,positive,edge_relaxations,11180
W4,500,1.5,15,HungarianMatcher+JohnsonDijkstraStrategy,413,positive,defect_at_iteration,86
W4,500,1.5,15,HungarianMatcher+JohnsonDijkstraStrategy,414,positive,edge_relaxations,11180
W4,500,1.5,15,HungarianMatcher+JohnsonDijkstraStrategy,414,positive,defect_at_iteration,85
W4,500,1.5,15,HungarianMatcher+JohnsonDijkstraStrategy,415,positive,edge_relaxations,11180
W4,500,1.5,15,HungarianMatcher+JohnsonDijkstraStrategy,415,positive,defect_at_iteration,84
W4,500,1.5,15,HungarianMatcher+JohnsonDijkstraStrategy,416,positive,edge_relaxations,11180
W4,500,1.5,15,HungarianMatcher+JohnsonDijkstraStrategy,416,positive,defect_at_iteration,83
W4,500,1.5,15,HungarianMatcher+JohnsonDijkstraStrategy,417,positive,edge_relaxations,11180
W4,500,1.5,15,HungarianMatcher+JohnsonDijkstraStrategy,417,positive,defect_at_iteration,82
W4,500,1.5,15,HungarianMatcher+JohnsonDijkstraStrategy,418,positive,edge_relaxations,11180
W4,500,1.5,15,HungarianMatcher+JohnsonDijkstraStrategy,418,positive,defect_at_iteration,81
W4,500,1.5,15,HungarianMatcher+JohnsonDijkstraStrategy,419,positive,edge_relaxations,11180
W4,500,1.5,15,HungarianMatcher+JohnsonDijkstraStrategy,419,positive,defect_at_iteration,80
W4,500,1.5,15,HungarianMatcher+JohnsonDijkstraStrategy,420,positive,edge_relaxations,11180
W4,500,1.5,15,HungarianMatcher+JohnsonDijkstraStrategy,420,positive,defect_at_iteration,79
W4,500,1.5,15,HungarianMatcher+JohnsonDijkstraStrategy,421,positive,edge_relaxations,11180
W4,500,1.5,15,HungarianMatcher+JohnsonDijkstraStrategy,421,positive,defect_at_iteration,78
W4,500,1.5,15,HungarianMatcher+JohnsonDijkstraStrategy,422,positive,edge_relaxations,11180
W4,500,1.5,15,HungarianMatcher+JohnsonDijkstraStrategy,422,positive,defect_at_iteration,77
W4,500,1.5,15,HungarianMatcher+JohnsonDijkstraStrategy,423,positive,edge_relaxations,11180
W4,500,1.5,15,HungarianMatcher+JohnsonDijkstraStrategy,423,positive,defect_at_iteration,76
W4,500,1.5,15,HungarianMatcher+JohnsonDijkstraStrategy,424,positive,edge_relaxations,11180
W4,500,1.5,15,HungarianMatcher+JohnsonDijkstraStrategy,424,positive,defect_at_iteration,75
W4,500,1.5,15,HungarianMatcher+JohnsonDijkstraStrategy,425,positive,edge_relaxations,11180
W4,500,1.5,15,HungarianMatcher+JohnsonDijkstraStrategy,425,positive,defect_at_iteration,74
W4,500,1.5,15,HungarianMatcher+JohnsonDijkstraStrategy,426,positive,edge_relaxations,11180
W4,500,1.5,15,HungarianMatcher+JohnsonDijkstraStrategy,426,positive,defect_at_iteration,73
W4,500,1.5,15,HungarianMatcher+JohnsonDijkstraStrategy,427,positive,edge_relaxations,11180
W4,500,1.5,15,HungarianMatcher+JohnsonDijkstraStrategy,427,positive,defect_at_iteration,72
W4,500,1.5,15,HungarianMatcher+JohnsonDijkstraStrategy,428,positive,edge_relaxations,11180
W4,500,1.5,15,HungarianMatcher+JohnsonDijkstraStrategy,428,positive,defect_at_iteration,71
W4,500,1.5,15,HungarianMatcher+JohnsonDijkstraStrategy,429,positive,edge_relaxations,11180
W4,500,1.5,15,HungarianMatcher+JohnsonDijkstraStrategy,429,positive,defect_at_iteration,70
W4,500,1.5,15,HungarianMatcher+JohnsonDijkstraStrategy,430,positive,edge_relaxations,11180
W4,500,1.5,15,HungarianMatcher+JohnsonDijkstraStrategy,430,positive,defect_at_iteration,69
W4,500,1.5,15,HungarianMatcher+JohnsonDijkstraStrategy,431,positive,edge_relaxations,11180
W4,500,1.5,15,HungarianMatcher+JohnsonDijkstraStrategy,431,positive,defect_at_iteration,68
W4,500,1.5,15,HungarianMatcher+JohnsonDijkstraStrategy,432,positive,edge_relaxations,11180
W4,500,1.5,15,HungarianMatcher+JohnsonDijkstraStrategy,432,positive,defect_at_iteration,67
W4,500,1.5,15,HungarianMatcher+JohnsonDijkstraStrategy,433,positive,edge_relaxations,11180
W4,500,1.5,15,HungarianMatcher+JohnsonDijkstraStrategy,433,positive,defect_at_iteration,66
W4,500,1.5,15,HungarianMatcher+JohnsonDijkstraStrategy,434,positive,edge_relaxations,11180
W4,500,1.5,15,HungarianMatcher+JohnsonDijkstraStrategy,434,positive,defect_at_iteration,65
W4,500,1.5,15,HungarianMatcher+JohnsonDijkstraStrategy,435,positive,edge_relaxations,11180
W4,500,1.5,15,HungarianMatcher+JohnsonDijkstraStrategy,435,positive,defect_at_iteration,64
W4,500,1.5,15,HungarianMatcher+JohnsonDijkstraStrategy,436,positive,edge_relaxations,11180
W4,500,1.5,15,HungarianMatcher+JohnsonDijkstraStrategy,436,positive,defect_at_iteration,63
W4,500,1.5,15,HungarianMatcher+JohnsonDijkstraStrategy,437,positive,edge_relaxations,11180
W4,500,1.5,15,HungarianMatcher+JohnsonDijkstraStrategy,437,positive,defect_at_iteration,62
W4,500,1.5,15,HungarianMatcher+JohnsonDijkstraStrategy,438,positive,edge_relaxations,11180
W4,500,1.5,15,HungarianMatcher+JohnsonDijkstraStrategy,438,positive,defect_at_iteration,61
W4,500,1.5,15,HungarianMatcher+JohnsonDijkstraStrategy,439,positive,edge_relaxations,11180
W4,500,1.5,15,HungarianMatcher+JohnsonDijkstraStrategy,439,positive,defect_at_iteration,60
W4,500,1.5,15,HungarianMatcher+JohnsonDijkstraStrategy,440,positive,edge_relaxations,11180
W4,500,1.5,15,HungarianMatcher+JohnsonDijkstraStrategy,440,positive,defect_at_iteration,59
W4,500,1.5,15,HungarianMatcher+JohnsonDijkstraStrategy,441,positive,edge_relaxations,11180
W4,500,1.5,15,HungarianMatcher+JohnsonDijkstraStrategy,441,positive,defect_at_iteration,58
W4,500,1.5,15,HungarianMatcher+JohnsonDijkstraStrategy,442,positive,edge_relaxations,11180
W4,500,1.5,15,HungarianMatcher+JohnsonDijkstraStrategy,442,positive,defect_at_iteration,57
W4,500,1.5,15,HungarianMatcher+JohnsonDijkstraStrategy,443,positive,edge_relaxations,11180
W4,500,1.5,15,HungarianMatcher+JohnsonDijkstraStrategy,443,positive,defect_at_iteration,56
W4,500,1.5,15,HungarianMatcher+JohnsonDijkstraStrategy,444,positive,edge_relaxations,11180
W4,500,1.5,15,HungarianMatcher+JohnsonDijkstraStrategy,444,positive,defect_at_iteration,55
W4,500,1.5,15,HungarianMatcher+JohnsonDijkstraStrategy,445,positive,edge_relaxations,11180
W4,500,1.5,15,HungarianMatcher+JohnsonDijkstraStrategy,445,positive,defect_at_iteration,54
W4,500,1.5,15,HungarianMatcher+JohnsonDijkstraStrategy,446,positive,edge_relaxations,11180
W4,500,1.5,15,HungarianMatcher+JohnsonDijkstraStrategy,446,positive,defect_at_iteration,53
W4,500,1.5,15,HungarianMatcher+JohnsonDijkstraStrategy,447,positive,edge_relaxations,11180
W4,500,1.5,15,HungarianMatcher+JohnsonDijkstraStrategy,447,positive,defect_at_iteration,52
W4,500,1.5,15,HungarianMatcher+JohnsonDijkstraStrategy,448,positive,edge_relaxations,11180
W4,500,1.5,15,HungarianMatcher+JohnsonDijkstraStrategy,448,positive,defect_at_iteration,51
W4,500,1.5,15,HungarianMatcher+JohnsonDijkstraStrategy,449,positive,edge_relaxations,11180
W4,500,1.5,15,HungarianMatcher+JohnsonDijkstraStrategy,449,positive,defect_at_iteration,50
W4,500,1.5,15,HungarianMatcher+JohnsonDijkstraStrategy,450,positive,edge_relaxations,11180
W4,500,1.5,15,HungarianMatcher+JohnsonDijkstraStrategy,450,positive,defect_at_iteration,49
W4,500,1.5,15,HungarianMatcher+JohnsonDijkstraStrategy,451,positive,edge_relaxations,11180
W4,500,1.5,15,HungarianMatcher+JohnsonDijkstraStrategy,451,positive,defect_at_iteration,48
W4,500,1.5,15,HungarianMatcher+JohnsonDijkstraStrategy,452,positive,edge_relaxations,11180
W4,500,1.5,15,HungarianMatcher+JohnsonDijkstraStrategy,452,positive,defect_at_iteration,47
W4,500,1.5,15,HungarianMatcher+JohnsonDijkstraStrategy,453,positive,edge_relaxations,11180
W4,500,1.5,15,HungarianMatcher+JohnsonDijkstraStrategy,453,positive,defect_at_iteration,46
W4,500,1.5,15,HungarianMatcher+JohnsonDijkstraStrategy,454,positive,edge_relaxations,11180
W4,500,1.5,15,HungarianMatcher+JohnsonDijkstraStrategy,454,positive,defect_at_iteration,45
W4,500,1.5,15,HungarianMatcher+JohnsonDijkstraStrategy,455,positive,edge_relaxations,11180
W4,500,1.5,15,HungarianMatcher+JohnsonDijkstraStrategy,455,positive,defect_at_iteration,44
W4,500,1.5,15,HungarianMatcher+JohnsonDijkstraStrategy,456,positive,edge_relaxations,11180
W4,500,1.5,15,HungarianMatcher+JohnsonDijkstraStrategy,456,positive,defect_at_iteration,43
W4,500,1.5,15,HungarianMatcher+JohnsonDijkstraStrategy,457,positive,edge_relaxations,11180
W4,500,1.5,15,HungarianMatcher+JohnsonDijkstraStrategy,457,positive,defect_at_iteration,42
W4,500,1.5,15,HungarianMatcher+JohnsonDijkstraStrategy,458,positive,edge_relaxations,11180
W4,500,1.5,15,HungarianMatcher+JohnsonDijkstraStrategy,458,positive,defect_at_iteration,41
W4,500,1.5,15,HungarianMatcher+JohnsonDijkstraStrategy,459,positive,edge_relaxations,11180
W4,500,1.5,15,HungarianMatcher+JohnsonDijkstraStrategy,459,positive,defect_at_iteration,40
W4,500,1.5,15,HungarianMatcher+JohnsonDijkstraStrategy,460,positive,edge_relaxations,11180
W4,500,1.5,15,HungarianMatcher+JohnsonDijkstraStrategy,460,positive,defect_at_iteration,39
W4,500,1.5,15,HungarianMatcher+JohnsonDijkstraStrategy,461,positive,edge_relaxations,11180
W4,500,1.5,15,HungarianMatcher+JohnsonDijkstraStrategy,461,positive,defect_at_iteration,38
W4,500,1.5,15,HungarianMatcher+JohnsonDijkstraStrategy,462,positive,edge_relaxations,11180
W4,500,1.5,15,HungarianMatcher+JohnsonDijkstraStrategy,462,positive,defect_at_iteration,37
W4,500,1.5,15,HungarianMatcher+JohnsonDijkstraStrategy,463,positive,edge_relaxations,11180
W4,500,1.5,15,HungarianMatcher+JohnsonDijkstraStrategy,463,positive,defect_at_iteration,36
W4,500,1.5,15,HungarianMatcher+JohnsonDijkstraStrategy,464,positive,edge_relaxations,11180
W4,500,1.5,15,HungarianMatcher+JohnsonDijkstraStrategy,464,positive,defect_at_iteration,35
W4,500,1.5,15,HungarianMatcher+JohnsonDijkstraStrategy,465,positive,edge_relaxations,11180
W4,500,1.5,15,HungarianMatcher+JohnsonDijkstraStrategy,465,positive,defect_at_iteration,34
W4,500,1.5,15,HungarianMatcher+JohnsonDijkstraStrategy,466,positive,edge_relaxations,11180
W4,500,1.5,15,HungarianMatcher+JohnsonDijkstraStrategy,466,positive,defect_at_iteration,33
W4,500,1.5,15,HungarianMatcher+JohnsonDijkstraStrategy,467,positive,edge_relaxations,11180
W4,500,1.5,15,HungarianMatcher+JohnsonDijkstraStrategy,467,positive,defect_at_iteration,32
W4,500,1.5,15,HungarianMatcher+JohnsonDijkstraStrategy,468,positive,edge_relaxations,11180
W4,500,1.5,15,HungarianMatcher+JohnsonDijkstraStrategy,468,positive,defect_at_iteration,31
W4,500,1.5,15,HungarianMatcher+JohnsonDijkstraStrategy,469,positive,edge_relaxations,11180
W4,500,1.5,15,HungarianMatcher+JohnsonDijkstraStrategy,469,positive,defect_at_iteration,30
W4,500,1.5,15,HungarianMatcher+JohnsonDijkstraStrategy,470,positive,edge_relaxations,11180
W4,500,1.5,15,HungarianMatcher+JohnsonDijkstraStrategy,470,positive,defect_at_iteration,29
W4,500,1.5,15,HungarianMatcher+JohnsonDijkstraStrategy,471,positive,edge_relaxations,11180
W4,500,1.5,15,HungarianMatcher+JohnsonDijkstraStrategy,471,positive,defect_at_iteration,28
W4,500,1.5,15,HungarianMatcher+JohnsonDijkstraStrategy,472,positive,edge_relaxations,11180
W4,500,1.5,15,HungarianMatcher+JohnsonDijkstraStrategy,472,positive,defect_at_iteration,27
W4,500,1.5,15,HungarianMatcher+JohnsonDijkstraStrategy,473,positive,edge_relaxations,11180
W4,500,1.5,15,HungarianMatcher+JohnsonDijkstraStrategy,473,positive,defect_at_iteration,26
W4,500,1.5,15,HungarianMatcher+JohnsonDijkstraStrategy,474,positive,edge_relaxations,11180
W4,500,1.5,15,HungarianMatcher+JohnsonDijkstraStrategy,474,positive,defect_at_iteration,25
W4,500,1.5,15,HungarianMatcher+JohnsonDijkstraStrategy,475,positive,edge_relaxations,11180
W4,500,1.5,15,HungarianMatcher+JohnsonDijkstraStrategy,475,positive,defect_at_iteration,24
W4,500,1.5,15,HungarianMatcher+JohnsonDijkstraStrategy,476,positive,edge_relaxations,11180
W4,500,1.5,15,HungarianMatcher+JohnsonDijkstraStrategy,476,positive,defect_at_iteration,23
W4,500,1.5,15,HungarianMatcher+JohnsonDijkstraStrategy,477,positive,edge_relaxations,11180
W4,500,1.5,15,HungarianMatcher+JohnsonDijkstraStrategy,477,positive,defect_at_iteration,22
W4,500,1.5,15,HungarianMatcher+JohnsonDijkstraStrategy,478,positive,edge_relaxations,11180
W4,500,1.5,15,HungarianMatcher+JohnsonDijkstraStrategy,478,positive,defect_at_iteration,21
W4,500,1.5,15,HungarianMatcher+JohnsonDijkstraStrategy,479,positive,edge_relaxations,11180
W4,500,1.5,15,HungarianMatcher+JohnsonDijkstraStrategy,479,positive,defect_at_iteration,20
W4,500,1.5,15,HungarianMatcher+JohnsonDijkstraStrategy,480,positive,edge_relaxations,11180
W4,500,1.5,15,HungarianMatcher+JohnsonDijkstraStrategy,480,positive,defect_at_iteration,19
W4,500,1.5,15,HungarianMatcher+JohnsonDijkstraStrategy,481,positive,edge_relaxations,11180
W4,500,1.5,15,HungarianMatcher+JohnsonDijkstraStrategy,481,positive,defect_at_iteration,18
W4,500,1.5,15,HungarianMatcher+JohnsonDijkstraStrategy,482,positive,edge_relaxations,11180
W4,500,1.5,15,HungarianMatcher+JohnsonDijkstraStrategy,482,positive,defect_at_iteration,17
W4,500,1.5,15,HungarianMatcher+JohnsonDijkstraStrategy,483,positive,edge_relaxations,11180
W4,500,1.5,15,HungarianMatcher+JohnsonDijkstraStrategy,483,positive,defect_at_iteration,16
W4,500,1.5,15,HungarianMatcher+JohnsonDijkstraStrategy,484,positive,edge_relaxations,11180
W4,500,1.5,15,HungarianMatcher+JohnsonDijkstraStrategy,484,positive,defect_at_iteration,15
W4,500,1.5,15,HungarianMatcher+JohnsonDijkstraStrategy,485,positive,edge_relaxations,11180
W4,500,1.5,15,HungarianMatcher+JohnsonDijkstraStrategy,485,positive,defect_at_iteration,14
W4,500,1.5,15,HungarianMatcher+JohnsonDijkstraStrategy,486,positive,edge_relaxations,11180
W4,500,1.5,15,HungarianMatcher+JohnsonDijkstraStrategy,486,positive,defect_at_iteration,13
W4,500,1.5,15,HungarianMatcher+JohnsonDijkstraStrategy,487,positive,edge_relaxations,11180
W4,500,1.5,15,HungarianMatcher+JohnsonDijkstraStrategy,487,positive,defect_at_iteration,12
W4,500,1.5,15,HungarianMatcher+JohnsonDijkstraStrategy,488,positive,edge_relaxations,11180
W4,500,1.5,15,HungarianMatcher+JohnsonDijkstraStrategy,488,positive,defect_at_iteration,11
W4,500,1.5,15,HungarianMatcher+JohnsonDijkstraStrategy,489,positive,edge_relaxations,11180
W4,500,1.5,15,HungarianMatcher+JohnsonDijkstraStrategy,489,positive,defect_at_iteration,10
W4,500,1.5,15,HungarianMatcher+JohnsonDijkstraStrategy,490,positive,edge_relaxations,11180
W4,500,1.5,15,HungarianMatcher+JohnsonDijkstraStrategy,490,positive,defect_at_iteration,9
W4,500,1.5,15,HungarianMatcher+JohnsonDijkstraStrategy,491,positive,edge_relaxations,11180
W4,500,1.5,15,HungarianMatcher+JohnsonDijkstraStrategy,491,positive,defect_at_iteration,8
W4,500,1.5,15,HungarianMatcher+JohnsonDijkstraStrategy,492,positive,edge_relaxations,11180
W4,500,1.5,15,HungarianMatcher+JohnsonDijkstraStrategy,492,positive,defect_at_iteration,7
W4,500,1.5,15,HungarianMatcher+JohnsonDijkstraStrategy,493,positive,edge_relaxations,11180
W4,500,1.5,15,HungarianMatcher+JohnsonDijkstraStrategy,493,positive,defect_at_iteration,6
W4,500,1.5,15,HungarianMatcher+JohnsonDijkstraStrategy,494,positive,edge_relaxations,11180
W4,500,1.5,15,HungarianMatcher+JohnsonDijkstraStrategy,494,positive,defect_at_iteration,5
W4,500,1.5,15,HungarianMatcher+JohnsonDijkstraStrategy,495,positive,edge_relaxations,11180
W4,500,1.5,15,HungarianMatcher+JohnsonDijkstraStrategy,495,positive,defect_at_iteration,4
W4,500,1.5,15,HungarianMatcher+JohnsonDijkstraStrategy,496,positive,edge_relaxations,11180
W4,500,1.5,15,HungarianMatcher+JohnsonDijkstraStrategy,496,positive,defect_at_iteration,3
W4,500,1.5,15,HungarianMatcher+JohnsonDijkstraStrategy,497,positive,edge_relaxations,11180
W4,500,1.5,15,HungarianMatcher+JohnsonDijkstraStrategy,497,positive,defect_at_iteration,2
W4,500,1.5,15,HungarianMatcher+JohnsonDijkstraStrategy,498,positive,edge_relaxations,11180
W4,500,1.5,15,HungarianMatcher+JohnsonDijkstraStrategy,498,positive,defect_at_iteration,1
W4,500,1.5,15,HungarianMatcher+JohnsonDijkstraStrategy,499,positive,edge_relaxations,11180
W4,500,1.5,15,HungarianMatcher+JohnsonDijkstraStrategy,499,positive,defect_at_iteration,0
W4,500,1.5,15,HungarianMatcher+JohnsonDijkstraStrategy,-1,positive,augmentation_count,500
W4,500,1.5,15,HungarianMatcher+JohnsonDijkstraStrategy,-1,positive,matching_value,6.0405e+06
W4,500,1.5,15,HungarianMatcher+JohnsonDijkstraStrategy,-1,positive,matching_size,500
W4,500,1.5,15,HungarianMatcher+JohnsonDijkstraStrategy,-1,positive,wall_clock_ms,401.048
