test_id,n,alpha,rep,algorithm,iteration,weight_regime,metric_name,metric_value
W4,1000,1.5,16,HungarianMatcher+BellmanFordStrategy,0,positive,defect_at_iteration,999
W4,1000,1.5,16,HungarianMatcher+BellmanFordStrategy,1,positive,defect_at_iteration,998
W4,1000,1.5,16,HungarianMatcher+BellmanFordStrategy,2,positive,defect_at_iteration,997
W4,1000,1.5,16,HungarianMatcher+BellmanFordStrategy,3,positive,defect_at_iteration,996
W4,1000,1.5,16,HungarianMatcher+BellmanFordStrategy,4,positive,defect_at_iteration,995
W4,1000,1.5,16,HungarianMatcher+BellmanFordStrategy,5,positive,defect_at_iteration,994
W4,1000,1.5,16,HungarianMatcher+BellmanFordStrategy,6,positive,defect_at_iteration,993
W4,1000,1.5,16,HungarianMatcher+BellmanFordStrategy,7,positive,defect_at_iteration,992
W4,1000,1.5,16,HungarianMatcher+BellmanFordStrategy,8,positive,defect_at_iteration,991
W4,1000,1.5,16,HungarianMatcher+BellmanFordStrategy,9,positive,defect_at_iteration,990
W4,1000,1.5,16,HungarianMatcher+BellmanFordStrategy,10,positive,defect_at_iteration,989
W4,1000,1.5,16,HungarianMatcher+BellmanFordStrategy,11,positive,defect_at_iteration,988
W4,1000,1.5,16,HungarianMatcher+BellmanFordStrategy,12,positive,defect_at_iteration,987
W4,1000,1.5,16,HungarianMatcher+BellmanFordStrategy,13,positive,defect_at_iteration,986
W4,1000,1.5,16,HungarianMatcher+BellmanFordStrategy,14,positive,defect_at_iteration,985
W4,1000,1.5,16,HungarianMatcher+BellmanFordStrategy,15,positive,defect_at_iteration,984
W4,1000,1.5,16,HungarianMatcher+BellmanFordStrategy,16,positive,defect_at_iteration,983
W4,1000,1.5,16,HungarianMatcher+BellmanFordStrategy,17,positive,defect_at_iteration,982
W4,1000,1.5,16,HungarianMatcher+BellmanFordStrategy,18,positive,defect_at_iteration,981
W4,1000,1.5,16,HungarianMatcher+BellmanFordStrategy,19,positive,defect_at_iteration,980
W4,1000,1.5,16,HungarianMatcher+BellmanFordStrategy,20,positive,defect_at_iteration,979
W4,1000,1.5,16,HungarianMatcher+BellmanFordStrategy,21,positive,defect_at_iteration,978
W4,1000,1.5,16,HungarianMatcher+BellmanFordStrategy,22,positive,defect_at_iteration,977
W4,1000,1.5,16,HungarianMatcher+BellmanFordStrategy,23,positive,defect_at_iteration,976
W4,1000,1.5,16,HungarianMatcher+BellmanFordStrategy,24,positive,defect_at_iteration,975
W4,1000,1.5,16,HungarianMatcher+BellmanFordStrategy,25,positive,defect_at_iteration,974
W4,1000,1.5,16,HungarianMatcher+BellmanFordStrategy,26,positive,defect_at_iteration,973
W4,1000,1.5,16,HungarianMatcher+BellmanFordStrategy,27,positive,defect_at_iteration,972
W4,1000,1.5,16,HungarianMatcher+BellmanFordStrategy,28,positive,defect_at_iteration,971
W4,1000,1.5,16,HungarianMatcher+BellmanFordStrategy,29,positive,defect_at_iteration,970
W4,1000,1.5,16,HungarianMatcher+BellmanFordStrategy,30,positive,defect_at_iteration,969
W4,1000,1.5,16,HungarianMatcher+BellmanFordStrategy,31,positive,defect_at_iteration,968
W4,1000,1.5,16,HungarianMatcher+BellmanFordStrategy,32,positive,defect_at_iteration,967
W4,1000,1.5,16,HungarianMatcher+BellmanFordStrategy,33,positive,defect_at_iteration,966
W4,1000,1.5,16,HungarianMatcher+BellmanFordStrategy,34,positive,defect_at_iteration,965
W4,1000,1.5,16,HungarianMatcher+BellmanFordStrategy,35,positive,defect_at_iteration,964
W4,1000,1.5,16,HungarianMatcher+BellmanFordStrategy,36,positive,defect_at_iteration,963
W4,1000,1.5,16,HungarianMatcher+BellmanFordStrategy,37,positive,defect_at_iteration,962
W4,1000,1.5,16,HungarianMatcher+BellmanFordStrategy,38,positive,defect_at_iteration,961
W4,1000,1.5,16,HungarianMatcher+BellmanFordStrategy,39,positive,defect_at_iteration,960
W4,1000,1.5,16,HungarianMatcher+BellmanFordStrategy,40,positive,defect_at_iteration,959
W4,1000,1.5,16,HungarianMatcher+BellmanFordStrategy,41,positive,defect_at_iteration,958
W4,1000,1.5,16,HungarianMatcher+BellmanFordStrategy,42,positive,defect_at_iteration,957
W4,1000,1.5,16,HungarianMatcher+BellmanFordStrategy,43,positive,defect_at_iteration,956
W4,1000,1.5,16,HungarianMatcher+BellmanFordStrategy,44,positive,defect_at_iteration,955
W4,1000,1.5,16,HungarianMatcher+BellmanFordStrategy,45,positive,defect_at_iteration,954
W4,1000,1.5,16,HungarianMatcher+BellmanFordStrategy,46,positive,defect_at_iteration,953
W4,1000,1.5,16,HungarianMatcher+BellmanFordStrategy,47,positive,defect_at_iteration,952
W4,1000,1.5,16,HungarianMatcher+BellmanFordStrategy,48,positive,defect_at_iteration,951
W4,1000,1.5,16,HungarianMatcher+BellmanFordStrategy,49,positive,defect_at_iteration,950
W4,1000,1.5,16,HungarianMatcher+BellmanFordStrategy,50,positive,defect_at_iteration,949
W4,1000,1.5,16,HungarianMatcher+BellmanFordStrategy,51,positive,defect_at_iteration,948
W4,1000,1.5,16,HungarianMatcher+BellmanFordStrategy,52,positive,defect_at_iteration,947
W4,1000,1.5,16,HungarianMatcher+BellmanFordStrategy,53,positive,defect_at_iteration,946
W4,1000,1.5,16,HungarianMatcher+BellmanFordStrategy,54,positive,defect_at_iteration,945
W4,1000,1.5,16,HungarianMatcher+BellmanFordStrategy,55,positive,defect_at_iteration,944
W4,1000,1.5,16,HungarianMatcher+BellmanFordStrategy,56,positive,defect_at_iteration,943
W4,1000,1.5,16,HungarianMatcher+BellmanFordStrategy,57,positive,defect_at_iteration,942
W4,1000,1.5,16,HungarianMatcher+BellmanFordStrategy,58,positive,defect_at_iteration,941
W4,1000,1.5,16,HungarianMatcher+BellmanFordStrategy,59,positive,defect_at_iteration,940
W4,1000,1.5,16,HungarianMatcher+BellmanFordStrategy,60,positive,defect_at_iteration,939
W4,1000,1.5,16,HungarianMatcher+BellmanFordStrategy,61,positive,defect_at_iteration,938
W4,1000,1.5,16,HungarianMatcher+BellmanFordStrategy,62,positive,defect_at_iteration,937
W4,1000,1.5,16,HungarianMatcher+BellmanFordStrategy,63,positive,defect_at_iteration,936
W4,1000,1.5,16,HungarianMatcher+BellmanFordStrategy,64,positive,defect_at_iteration,935
W4,1000,1.5,16,HungarianMatcher+BellmanFordStrategy,65,positive,defect_at_iteration,934
W4,1000,1.5,16,HungarianMatcher+BellmanFordStrategy,66,positive,defect_at_iteration,933
W4,1000,1.5,16,HungarianMatcher+BellmanFordStrategy,67,positive,defect_at_iteration,932
W4,1000,1.5,16,HungarianMatcher+BellmanFordStrategy,68,positive,defect_at_iteration,931
W4,1000,1.5,16,HungarianMatcher+BellmanFordStrategy,69,positive,defect_at_iteration,930
W4,1000,1.5,16,HungarianMatcher+BellmanFordStrategy,70,positive,defect_at_iteration,929
W4,1000,1.5,16,HungarianMatcher+BellmanFordStrategy,71,positive,defect_at_iteration,928
W4,1000,1.5,16,HungarianMatcher+BellmanFordStrategy,72,positive,defect_at_iteration,927
W4,1000,1.5,16,HungarianMatcher+BellmanFordStrategy,73,positive,defect_at_iteration,926
W4,1000,1.5,16,HungarianMatcher+BellmanFordStrategy,74,positive,defect_at_iteration,925
W4,1000,1.5,16,HungarianMatcher+BellmanFordStrategy,75,positive,defect_at_iteration,924
W4,1000,1.5,16,HungarianMatcher+BellmanFordStrategy,76,positive,defect_at_iteration,923
W4,1000,1.5,16,HungarianMatcher+BellmanFordStrategy,77,positive,defect_at_iteration,922
W4,1000,1.5,16,HungarianMatcher+BellmanFordStrategy,78,positive,defect_at_iteration,921
W4,1000,1.5,16,HungarianMatcher+BellmanFordStrategy,79,positive,defect_at_iteration,920
W4,1000,1.5,16,HungarianMatcher+BellmanFordStrategy,80,positive,defect_at_iteration,919
W4,1000,1.5,16,HungarianMatcher+BellmanFordStrategy,81,positive,defect_at_iteration,918
W4,1000,1.5,16,HungarianMatcher+BellmanFordStrategy,82,positive,defect_at_iteration,917
W4,1000,1.5,16,HungarianMatcher+BellmanFordStrategy,83,positive,defect_at_iteration,916
W4,1000,1.5,16,HungarianMatcher+BellmanFordStrategy,84,positive,defect_at_iteration,915
W4,1000,1.5,16,HungarianMatcher+BellmanFordStrategy,85,positive,defect_at_iteration,914
W4,1000,1.5,16,HungarianMatcher+BellmanFordStrategy,86,positive,defect_at_iteration,913
W4,1000,1.5,16,HungarianMatcher+BellmanFordStrategy,87,positive,defect_at_iteration,912
W4,1000,1.5,16,HungarianMatcher+BellmanFordStrategy,88,positive,defect_at_iteration,911
W4,1000,1.5,16,HungarianMatcher+BellmanFordStrategy,89,positive,defect_at_iteration,910
W4,1000,1.5,16,HungarianMatcher+BellmanFordStrategy,90,positive,defect_at_iteration,909
W4,1000,1.5,16,HungarianMatcher+BellmanFordStrategy,91,positive,defect_at_iteration,908
W4,1000,1.5,16,HungarianMatcher+BellmanFordStrategy,92,positive,defect_at_iteration,907
W4,1000,1.5,16,HungarianMatcher+BellmanFordStrategy,93,positive,defect_at_iteration,906
W4,1000,1.5,16,HungarianMatcher+BellmanFordStrategy,94,positive,defect_at_iteration,905
W4,1000,1.5,16,HungarianMatcher+BellmanFordStrategy,95,positive,defect_at_iteration,904
W4,1000,1.5,16,HungarianMatcher+BellmanFordStrategy,96,positive,defect_at_iteration,903
W4,1000,1.5,16,HungarianMatcher+BellmanFordStrategy,97,positive,defect_at_iteration,902
W4,1000,1.5,16,HungarianMatcher+BellmanFordStrategy,98,positive,defect_at_iteration,901
W4,1000,1.5,16,HungarianMatcher+BellmanFordStrategy,99,positive,defect_at_iteration,900
W4,1000,1.5,16,HungarianMatcher+BellmanFordStrategy,100,positive,defect_at_iteration,899
W4,1000,1.5,16,HungarianMatcher+BellmanFordStrategy,101,positive,defect_at_iteration,898
W4,1000,1.5,16,HungarianMatcher+BellmanFordStrategy,102,positive,defect_at_iteration,897
W4,1000,1.5,16,HungarianMatcher+BellmanFordStrategy,103,positive,defect_at_iteration,896
W4,1000,1.5,16,HungarianMatcher+BellmanFordStrategy,104,positive,defect_at_iteration,895
W4,1000,1.5,16,HungarianMatcher+BellmanFordStrategy,105,positive,defect_at_iteration,894
W4,1000,1.5,16,HungarianMatcher+BellmanFordStrategy,106,positive,defect_at_iteration,893
W4,1000,1.5,16,HungarianMatcher+BellmanFordStrategy,107,positive,defect_at_iteration,892
W4,1000,1.5,16,HungarianMatcher+BellmanFordStrategy,108,positive,defect_at_iteration,891
W4,1000,1.5,16,HungarianMatcher+BellmanFordStrategy,109,positive,defect_at_iteration,890
W4,1000,1.5,16,HungarianMatcher+BellmanFordStrategy,110,positive,defect_at_iteration,889
W4,1000,1.5,16,HungarianMatcher+BellmanFordStrategy,111,positive,defect_at_iteration,888
W4,1000,1.5,16,HungarianMatcher+BellmanFordStrategy,112,positive,defect_at_iteration,887
W4,1000,1.5,16,HungarianMatcher+BellmanFordStrategy,113,positive,defect_at_iteration,886
W4,1000,1.5,16,HungarianMatcher+BellmanFordStrategy,114,positive,defect_at_iteration,885
W4,1000,1.5,16,HungarianMatcher+BellmanFordStrategy,115,positive,defect_at_iteration,884
W4,1000,1.5,16,HungarianMatcher+BellmanFordStrategy,116,positive,defect_at_iteration,883
W4,1000,1.5,16,HungarianMatcher+BellmanFordStrategy,117,positive,defect_at_iteration,882
W4,1000,1.5,16,HungarianMatcher+BellmanFordStrategy,118,positive,defect_at_iteration,881
W4,1000,1.5,16,HungarianMatcher+BellmanFordStrategy,119,positive,defect_at_iteration,880
W4,1000,1.5,16,HungarianMatcher+BellmanFordStrategy,120,positive,defect_at_iteration,879
W4,1000,1.5,16,HungarianMatcher+BellmanFordStrategy,121,positive,defect_at_iteration,878
W4,1000,1.5,16,HungarianMatcher+BellmanFordStrategy,122,positive,defect_at_iteration,877
W4,1000,1.5,16,HungarianMatcher+BellmanFordStrategy,123,positive,defect_at_iteration,876
W4,1000,1.5,16,HungarianMatcher+BellmanFordStrategy,124,positive,defect_at_iteration,875
W4,1000,1.5,16,HungarianMatcher+BellmanFordStrategy,125,positive,defect_at_iteration,874
W4,1000,1.5,16,HungarianMatcher+BellmanFordStrategy,126,positive,defect_at_iteration,873
W4,1000,1.5,16,HungarianMatcher+BellmanFordStrategy,127,positive,defect_at_iteration,872
W4,1000,1.5,16,HungarianMatcher+BellmanFordStrategy,128,positive,defect_at_iteration,871
W4,1000,1.5,16,HungarianMatcher+BellmanFordStrategy,129,positive,defect_at_iteration,870
W4,1000,1.5,16,HungarianMatcher+BellmanFordStrategy,130,positive,defect_at_iteration,869
W4,1000,1.5,16,HungarianMatcher+BellmanFordStrategy,131,positive,defect_at_iteration,868
W4,1000,1.5,16,HungarianMatcher+BellmanFordStrategy,132,positive,defect_at_iteration,867
W4,1000,1.5,16,HungarianMatcher+BellmanFordStrategy,133,positive,defect_at_iteration,866
W4,1000,1.5,16,HungarianMatcher+BellmanFordStrategy,134,positive,defect_at_iteration,865
W4,1000,1.5,16,HungarianMatcher+BellmanFordStrategy,135,positive,defect_at_iteration,864
W4,1000,1.5,16,HungarianMatcher+BellmanFordStrategy,136,positive,defect_at_iteration,863
W4,1000,1.5,16,HungarianMatcher+BellmanFordStrategy,137,positive,defect_at_iteration,862
W4,1000,1.5,16,HungarianMatcher+BellmanFordStrategy,138,positive,defect_at_iteration,861
W4,1000,1.5,16,HungarianMatcher+BellmanFordStrategy,139,positive,defect_at_iteration,860
W4,1000,1.5,16,HungarianMatcher+BellmanFordStrategy,140,positive,defect_at_iteration,859
W4,1000,1.5,16,HungarianMatcher+BellmanFordStrategy,141,positive,defect_at_iteration,858
W4,1000,1.5,16,HungarianMatcher+BellmanFordStrategy,142,positive,defect_at_iteration,857
W4,1000,1.5,16,HungarianMatcher+BellmanFordStrategy,143,positive,defect_at_iteration,856
W4,1000,1.5,16,HungarianMatcher+BellmanFordStrategy,144,positive,defect_at_iteration,855
W4,1000,1.5,16,HungarianMatcher+BellmanFordStrategy,145,positive,defect_at_iteration,854
W4,1000,1.5,16,HungarianMatcher+BellmanFordStrategy,146,positive,defect_at_iteration,853
W4,1000,1.5,16,HungarianMatcher+BellmanFordStrategy,147,positive,defect_at_iteration,852
W4,1000,1.5,16,HungarianMatcher+BellmanFordStrategy,148,positive,defect_at_iteration,851
W4,1000,1.5,16,HungarianMatcher+BellmanFordStrategy,149,positive,defect_at_iteration,850
W4,1000,1.5,16,HungarianMatcher+BellmanFordStrategy,150,positive,defect_at_iteration,849
W4,1000,1.5,16,HungarianMatcher+BellmanFordStrategy,151,positive,defect_at_iteration,848
W4,1000,1.5,16,HungarianMatcher+BellmanFordStrategy,152,positive,defect_at_iteration,847
W4,1000,1.5,16,HungarianMatcher+BellmanFordStrategy,153,positive,defect_at_iteration,846
W4,1000,1.5,16,HungarianMatcher+BellmanFordStrategy,154,positive,defect_at_iteration,845
W4,1000,1.5,16,HungarianMatcher+BellmanFordStrategy,155,positive,defect_at_iteration,844
W4,1000,1.5,16,HungarianMatcher+BellmanFordStrategy,156,positive,defect_at_iteration,843
W4,1000,1.5,16,HungarianMatcher+BellmanFordStrategy,157,positive,defect_at_iteration,842
W4,1000,1.5,16,HungarianMatcher+BellmanFordStrategy,158,positive,defect_at_iteration,841
W4,1000,1.5,16,HungarianMatcher+BellmanFordStrategy,159,positive,defect_at_iteration,840
W4,1000,1.5,16,HungarianMatcher+BellmanFordStrategy,160,positive,defect_at_iteration,839
W4,1000,1.5,16,HungarianMatcher+BellmanFordStrategy,161,positive,defect_at_iteration,838
W4,1000,1.5,16,HungarianMatcher+BellmanFordStrategy,162,positive,defect_at_iteration,837
W4,1000,1.5,16,HungarianMatcher+BellmanFordStrategy,163,positive,defect_at_iteration,836
W4,1000,1.5,16,HungarianMatcher+BellmanFordStrategy,164,positive,defect_at_iteration,835
W4,1000,1.5,16,HungarianMatcher+BellmanFordStrategy,165,positive,defect_at_iteration,834
W4,1000,1.5,16,HungarianMatcher+BellmanFordStrategy,166,positive,defect_at_iteration,833
W4,1000,1.5,16,HungarianMatcher+BellmanFordStrategy,167,positive,defect_at_iteration,832
W4,1000,1.5,16,HungarianMatcher+BellmanFordStrategy,168,positive,defect_at_iteration,831
W4,1000,1.5,16,HungarianMatcher+BellmanFordStrategy,169,positive,defect_at_iteration,830
W4,1000,1.5,16,HungarianMatcher+BellmanFordStrategy,170,positive,defect_at_iteration,829
W4,1000,1.5,16,HungarianMatcher+BellmanFordStrategy,171,positive,defect_at_iteration,828
W4,1000,1.5,16,HungarianMatcher+BellmanFordStrategy,172,positive,defect_at_iteration,827
W4,1000,1.5,16,HungarianMatcher+BellmanFordStrategy,173,positive,defect_at_iteration,826
W4,1000,1.5,16,HungarianMatcher+BellmanFordStrategy,174,positive,defect_at_iteration,825
W4,1000,1.5,16,HungarianMatcher+BellmanFordStrategy,175,positive,defect_at_iteration,824
W4,1000,1.5,16,HungarianMatcher+BellmanFordStrategy,176,positive,defect_at_iteration,823
W4,1000,1.5,16,HungarianMatcher+BellmanFordStrategy,177,positive,defect_at_iteration,822
W4,1000,1.5,16,HungarianMatcher+BellmanFordStrategy,178,positive,defect_at_iteration,821
W4,1000,1.5,16,HungarianMatcher+BellmanFordStrategy,179,positive,defect_at_iteration,820
W4,1000,1.5,16,HungarianMatcher+BellmanFordStrategy,180,positive,defect_at_iteration,819
W4,1000,1.5,16,HungarianMatcher+BellmanFordStrategy,181,positive,defect_at_iteration,818
W4,1000,1.5,16,HungarianMatcher+BellmanFordStrategy,182,positive,defect_at_iteration,817
W4,1000,1.5,16,HungarianMatcher+BellmanFordStrategy,183,positive,defect_at_iteration,816
W4,1000,1.5,16,HungarianMatcher+BellmanFordStrategy,184,positive,defect_at_iteration,815
W4,1000,1.5,16,HungarianMatcher+BellmanFordStrategy,185,positive,defect_at_iteration,814
W4,1000,1.5,16,HungarianMatcher+BellmanFordStrategy,186,positive,defect_at_iteration,813
W4,1000,1.5,16,HungarianMatcher+BellmanFordStrategy,187,positive,defect_at_iteration,812
W4,1000,1.5,16,HungarianMatcher+BellmanFordStrategy,188,positive,defect_at_iteration,811
W4,1000,1.5,16,HungarianMatcher+BellmanFordStrategy,189,positive,defect_at_iteration,810
W4,1000,1.5,16,HungarianMatcher+BellmanFordStrategy,190,positive,defect_at_iteration,809
W4,1000,1.5,16,HungarianMatcher+BellmanFordStrategy,191,positive,defect_at_iteration,808
W4,1000,1.5,16,HungarianMatcher+BellmanFordStrategy,192,positive,defect_at_iteration,807
W4,1000,1.5,16,HungarianMatcher+BellmanFordStrategy,193,positive,defect_at_iteration,806
W4,1000,1.5,16,HungarianMatcher+BellmanFordStrategy,194,positive,defect_at_iteration,805
W4,1000,1.5,16,HungarianMatcher+BellmanFordStrategy,195,positive,defect_at_iteration,804
W4,1000,1.5,16,HungarianMatcher+BellmanFordStrategy,196,positive,defect_at_iteration,803
W4,1000,1.5,16,HungarianMatcher+BellmanFordStrategy,197,positive,defect_at_iteration,802
W4,1000,1.5,16,HungarianMatcher+BellmanFordStrategy,198,positive,defect_at_iteration,801
W4,1000,1.5,16,HungarianMatcher+BellmanFordStrategy,199,positive,defect_at_iteration,800
W4,1000,1.5,16,HungarianMatcher+BellmanFordStrategy,200,positive,defect_at_iteration,799
W4,1000,1.5,16,HungarianMatcher+BellmanFordStrategy,201,positive,defect_at_iteration,798
W4,1000,1.5,16,HungarianMatcher+BellmanFordStrategy,202,positive,defect_at_iteration,797
W4,1000,1.5,16,HungarianMatcher+BellmanFordStrategy,203,positive,defect_at_iteration,796
W4,1000,1.5,16,HungarianMatcher+BellmanFordStrategy,204,positive,defect_at_iteration,795
W4,1000,1.5,16,HungarianMatcher+BellmanFordStrategy,205,positive,defect_at_iteration,794
W4,1000,1.5,16,HungarianMatcher+BellmanFordStrategy,206,positive,defect_at_iteration,793
W4,1000,1.5,16,HungarianMatcher+BellmanFordStrategy,207,positive,defect_at_iteration,792
W4,1000,1.5,16,HungarianMatcher+BellmanFordStrategy,208,positive,defect_at_iteration,791
W4,1000,1.5,16,HungarianMatcher+BellmanFordStrategy,209,positive,defect_at_iteration,790
W4,1000,1.5,16,HungarianMatcher+BellmanFordStrategy,210,positive,defect_at_iteration,789
W4,1000,1.5,16,HungarianMatcher+BellmanFordStrategy,211,positive,defect_at_iteration,788
W4,1000,1.5,16,HungarianMatcher+BellmanFordStrategy,212,positive,defect_at_iteration,787
W4,1000,1.5,16,HungarianMatcher+BellmanFordStrategy,213,positive,defect_at_iteration,786
W4,1000,1.5,16,HungarianMatcher+BellmanFordStrategy,214,positive,defect_at_iteration,785
W4,1000,1.5,16,HungarianMatcher+BellmanFordStrategy,215,positive,defect_at_iteration,784
W4,1000,1.5,16,HungarianMatcher+BellmanFordStrategy,216,positive,defect_at_iteration,783
W4,1000,1.5,16,HungarianMatcher+BellmanFordStrategy,217,positive,defect_at_iteration,782
W4,1000,1.5,16,HungarianMatcher+BellmanFordStrategy,218,positive,defect_at_iteration,781
W4,1000,1.5,16,HungarianMatcher+BellmanFordStrategy,219,positive,defect_at_iteration,780
W4,1000,1.5,16,HungarianMatcher+BellmanFordStrategy,220,positive,defect_at_iteration,779
W4,1000,1.5,16,HungarianMatcher+BellmanFordStrategy,221,positive,defect_at_iteration,778
W4,1000,1.5,16,HungarianMatcher+BellmanFordStrategy,222,positive,defect_at_iteration,777
W4,1000,1.5,16,HungarianMatcher+BellmanFordStrategy,223,positive,defect_at_iteration,776
W4,1000,1.5,16,HungarianMatcher+BellmanFordStrategy,224,positive,defect_at_iteration,775
W4,1000,1.5,16,HungarianMatcher+BellmanFordStrategy,225,positive,defect_at_iteration,774
W4,1000,1.5,16,HungarianMatcher+BellmanFordStrategy,226,positive,defect_at_iteration,773
W4,1000,1.5,16,HungarianMatcher+BellmanFordStrategy,227,positive,defect_at_iteration,772
W4,1000,1.5,16,HungarianMatcher+BellmanFordStrategy,228,positive,defect_at_iteration,771
W4,1000,1.5,16,HungarianMatcher+BellmanFordStrategy,229,positive,defect_at_iteration,770
W4,1000,1.5,16,HungarianMatcher+BellmanFordStrategy,230,positive,defect_at_iteration,769
W4,1000,1.5,16,HungarianMatcher+BellmanFordStrategy,231,positive,defect_at_iteration,768
W4,1000,1.5,16,HungarianMatcher+BellmanFordStrategy,232,positive,defect_at_iteration,767
W4,1000,1.5,16,HungarianMatcher+BellmanFordStrategy,233,positive,defect_at_iteration,766
W4,1000,1.5,16,HungarianMatcher+BellmanFordStrategy,234,positive,defect_at_iteration,765
W4,1000,1.5,16,HungarianMatcher+BellmanFordStrategy,235,positive,defect_at_iteration,764
W4,1000,1.5,16,HungarianMatcher+BellmanFordStrategy,236,positive,defect_at_iteration,763
W4,1000,1.5,16,HungarianMatcher+BellmanFordStrategy,237,positive,defect_at_iteration,762
W4,1000,1.5,16,HungarianMatcher+BellmanFordStrategy,238,positive,defect_at_iteration,761
W4,1000,1.5,16,HungarianMatcher+BellmanFordStrategy,239,positive,defect_at_iteration,760
W4,1000,1.5,16,HungarianMatcher+BellmanFordStrategy,240,positive,defect_at_iteration,759
W4,1000,1.5,16,HungarianMatcher+BellmanFordStrategy,241,positive,defect_at_iteration,758
W4,1000,1.5,16,HungarianMatcher+BellmanFordStrategy,242,positive,defect_at_iteration,757
W4,1000,1.5,16,HungarianMatcher+BellmanFordStrategy,243,positive,defect_at_iteration,756
W4,1000,1.5,16,HungarianMatcher+BellmanFordStrategy,244,positive,defect_at_iteration,755
W4,1000,1.5,16,HungarianMatcher+BellmanFordStrategy,245,positive,defect_at_iteration,754
W4,1000,1.5,16,HungarianMatcher+BellmanFordStrategy,246,positive,defect_at_iteration,753
W4,1000,1.5,16,HungarianMatcher+BellmanFordStrategy,247,positive,defect_at_iteration,752
W4,1000,1.5,16,HungarianMatcher+BellmanFordStrategy,248,positive,defect_at_iteration,751
W4,1000,1.5,16,HungarianMatcher+BellmanFordStrategy,249,positive,defect_at_iteration,750
W4,1000,1.5,16,HungarianMatcher+BellmanFordStrategy,250,positive,defect_at_iteration,749
W4,1000,1.5,16,HungarianMatcher+BellmanFordStrategy,251,positive,defect_at_iteration,748
W4,1000,1.5,16,HungarianMatcher+BellmanFordStrategy,252,positive,defect_at_iteration,747
W4,1000,1.5,16,HungarianMatcher+BellmanFordStrategy,253,positive,defect_at_iteration,746
W4,1000,1.5,16,HungarianMatcher+BellmanFordStrategy,254,positive,defect_at_iteration,745
W4,1000,1.5,16,HungarianMatcher+BellmanFordStrategy,255,positive,defect_at_iteration,744
W4,1000,1.5,16,HungarianMatcher+BellmanFordStrategy,256,positive,defect_at_iteration,743
W4,1000,1.5,16,HungarianMatcher+BellmanFordStrategy,257,positive,defect_at_iteration,742
W4,1000,1.5,16,HungarianMatcher+BellmanFordStrategy,258,positive,defect_at_iteration,741
W4,1000,1.5,16,HungarianMatcher+BellmanFordStrategy,259,positive,defect_at_iteration,740
W4,1000,1.5,16,HungarianMatcher+BellmanFordStrategy,260,positive,defect_at_iteration,739
W4,1000,1.5,16,HungarianMatcher+BellmanFordStrategy,261,positive,defect_at_iteration,738
W4,1000,1.5,16,HungarianMatcher+BellmanFordStrategy,262,positive,defect_at_iteration,737
W4,1000,1.5,16,HungarianMatcher+BellmanFordStrategy,263,positive,defect_at_iteration,736
W4,1000,1.5,16,HungarianMatcher+BellmanFordStrategy,264,positive,defect_at_iteration,735
W4,1000,1.5,16,HungarianMatcher+BellmanFordStrategy,265,positive,defect_at_iteration,734
W4,1000,1.5,16,HungarianMatcher+BellmanFordStrategy,266,positive,defect_at_iteration,733
W4,1000,1.5,16,HungarianMatcher+BellmanFordStrategy,267,positive,defect_at_iteration,732
W4,1000,1.5,16,HungarianMatcher+BellmanFordStrategy,268,positive,defect_at_iteration,731
W4,1000,1.5,16,HungarianMatcher+BellmanFordStrategy,269,positive,defect_at_iteration,730
W4,1000,1.5,16,HungarianMatcher+BellmanFordStrategy,270,positive,defect_at_iteration,729
W4,1000,1.5,16,HungarianMatcher+BellmanFordStrategy,271,positive,defect_at_iteration,728
W4,1000,1.5,16,HungarianMatcher+BellmanFordStrategy,272,positive,defect_at_iteration,727
W4,1000,1.5,16,HungarianMatcher+BellmanFordStrategy,273,positive,defect_at_iteration,726
W4,1000,1.5,16,HungarianMatcher+BellmanFordStrategy,274,positive,defect_at_iteration,725
W4,1000,1.5,16,HungarianMatcher+BellmanFordStrategy,275,positive,defect_at_iteration,724
W4,1000,1.5,16,HungarianMatcher+BellmanFordStrategy,276,positive,defect_at_iteration,723
W4,1000,1.5,16,HungarianMatcher+BellmanFordStrategy,277,positive,defect_at_iteration,722
W4,1000,1.5,16,HungarianMatcher+BellmanFordStrategy,278,positive,defect_at_iteration,721
W4,1000,1.5,16,HungarianMatcher+BellmanFordStrategy,279,positive,defect_at_iteration,720
W4,1000,1.5,16,HungarianMatcher+BellmanFordStrategy,280,positive,defect_at_iteration,719
W4,1000,1.5,16,HungarianMatcher+BellmanFordStrategy,281,positive,defect_at_iteration,718
W4,1000,1.5,16,HungarianMatcher+BellmanFordStrategy,282,positive,defect_at_iteration,717
W4,1000,1.5,16,HungarianMatcher+BellmanFordStrategy,283,positive,defect_at_iteration,716
W4,1000,1.5,16,HungarianMatcher+BellmanFordStrategy,284,positive,defect_at_iteration,715
W4,1000,1.5,16,HungarianMatcher+BellmanFordStrategy,285,positive,defect_at_iteration,714
W4,1000,1.5,16,HungarianMatcher+BellmanFordStrategy,286,positive,defect_at_iteration,713
W4,1000,1.5,16,HungarianMatcher+BellmanFordStrategy,287,positive,defect_at_iteration,712
W4,1000,1.5,16,HungarianMatcher+BellmanFordStrategy,288,positive,defect_at_iteration,711
W4,1000,1.5,16,HungarianMatcher+BellmanFordStrategy,289,positive,defect_at_iteration,710
W4,1000,1.5,16,HungarianMatcher+BellmanFordStrategy,290,positive,defect_at_iteration,709
W4,1000,1.5,16,HungarianMatcher+BellmanFordStrategy,291,positive,defect_at_iteration,708
W4,1000,1.5,16,HungarianMatcher+BellmanFordStrategy,292,positive,defect_at_iteration,707
W4,1000,1.5,16,HungarianMatcher+BellmanFordStrategy,293,positive,defect_at_iteration,706
W4,1000,1.5,16,HungarianMatcher+BellmanFordStrategy,294,positive,defect_at_iteration,705
W4,1000,1.5,16,HungarianMatcher+BellmanFordStrategy,295,positive,defect_at_iteration,704
W4,1000,1.5,16,HungarianMatcher+BellmanFordStrategy,296,positive,defect_at_iteration,703
W4,1000,1.5,16,HungarianMatcher+BellmanFordStrategy,297,positive,defect_at_iteration,702
W4,1000,1.5,16,HungarianMatcher+BellmanFordStrategy,298,positive,defect_at_iteration,701
W4,1000,1.5,16,HungarianMatcher+BellmanFordStrategy,299,positive,defect_at_iteration,700
W4,1000,1.5,16,HungarianMatcher+BellmanFordStrategy,300,positive,defect_at_iteration,699
W4,1000,1.5,16,HungarianMatcher+BellmanFordStrategy,301,positive,defect_at_iteration,698
W4,1000,1.5,16,HungarianMatcher+BellmanFordStrategy,302,positive,defect_at_iteration,697
W4,1000,1.5,16,HungarianMatcher+BellmanFordStrategy,303,positive,defect_at_iteration,696
W4,1000,1.5,16,HungarianMatcher+BellmanFordStrategy,304,positive,defect_at_iteration,695
W4,1000,1.5,16,HungarianMatcher+BellmanFordStrategy,305,positive,defect_at_iteration,694
W4,1000,1.5,16,HungarianMatcher+BellmanFordStrategy,306,positive,defect_at_iteration,693
W4,1000,1.5,16,HungarianMatcher+BellmanFordStrategy,307,positive,defect_at_iteration,692
W4,1000,1.5,16,HungarianMatcher+BellmanFordStrategy,308,positive,defect_at_iteration,691
W4,1000,1.5,16,HungarianMatcher+BellmanFordStrategy,309,positive,defect_at_iteration,690
W4,1000,1.5,16,HungarianMatcher+BellmanFordStrategy,310,positive,defect_at_iteration,689
W4,1000,1.5,16,HungarianMatcher+BellmanFordStrategy,311,positive,defect_at_iteration,688
W4,1000,1.5,16,HungarianMatcher+BellmanFordStrategy,312,positive,defect_at_iteration,687
W4,1000,1.5,16,HungarianMatcher+BellmanFordStrategy,313,positive,defect_at_iteration,686
W4,1000,1.5,16,HungarianMatcher+BellmanFordStrategy,314,positive,defect_at_iteration,685
W4,1000,1.5,16,HungarianMatcher+BellmanFordStrategy,315,positive,defect_at_iteration,684
W4,1000,1.5,16,HungarianMatcher+BellmanFordStrategy,316,positive,defect_at_iteration,683
W4,1000,1.5,16,HungarianMatcher+BellmanFordStrategy,317,positive,defect_at_iteration,682
W4,1000,1.5,16,HungarianMatcher+BellmanFordStrategy,318,positive,defect_at_iteration,681
W4,1000,1.5,16,HungarianMatcher+BellmanFordStrategy,319,positive,defect_at_iteration,680
W4,1000,1.5,16,HungarianMatcher+BellmanFordStrategy,320,positive,defect_at_iteration,679
W4,1000,1.5,16,HungarianMatcher+BellmanFordStrategy,321,positive,defect_at_iteration,678
W4,1000,1.5,16,HungarianMatcher+BellmanFordStrategy,322,positive,defect_at_iteration,677
W4,1000,1.5,16,HungarianMatcher+BellmanFordStrategy,323,positive,defect_at_iteration,676
W4,1000,1.5,16,HungarianMatcher+BellmanFordStrategy,324,positive,defect_at_iteration,675
W4,1000,1.5,16,HungarianMatcher+BellmanFordStrategy,325,positive,defect_at_iteration,674
W4,1000,1.5,16,HungarianMatcher+BellmanFordStrategy,326,positive,defect_at_iteration,673
W4,1000,1.5,16,HungarianMatcher+BellmanFordStrategy,327,positive,defect_at_iteration,672
W4,1000,1.5,16,HungarianMatcher+BellmanFordStrategy,328,positive,defect_at_iteration,671
W4,1000,1.5,16,HungarianMatcher+BellmanFordStrategy,329,positive,defect_at_iteration,670
W4,1000,1.5,16,HungarianMatcher+BellmanFordStrategy,330,positive,defect_at_iteration,669
W4,1000,1.5,16,HungarianMatcher+BellmanFordStrategy,331,positive,defect_at_iteration,668
W4,1000,1.5,16,HungarianMatcher+BellmanFordStrategy,332,positive,defect_at_iteration,667
W4,1000,1.5,16,HungarianMatcher+BellmanFordStrategy,333,positive,defect_at_iteration,666
W4,1000,1.5,16,HungarianMatcher+BellmanFordStrategy,334,positive,defect_at_iteration,665
W4,1000,1.5,16,HungarianMatcher+BellmanFordStrategy,335,positive,defect_at_iteration,664
W4,1000,1.5,16,HungarianMatcher+BellmanFordStrategy,336,positive,defect_at_iteration,663
W4,1000,1.5,16,HungarianMatcher+BellmanFordStrategy,337,positive,defect_at_iteration,662
W4,1000,1.5,16,HungarianMatcher+BellmanFordStrategy,338,positive,defect_at_iteration,661
W4,1000,1.5,16,HungarianMatcher+BellmanFordStrategy,339,positive,defect_at_iteration,660
W4,1000,1.5,16,HungarianMatcher+BellmanFordStrategy,340,positive,defect_at_iteration,659
W4,1000,1.5,16,HungarianMatcher+BellmanFordStrategy,341,positive,defect_at_iteration,658
W4,1000,1.5,16,HungarianMatcher+BellmanFordStrategy,342,positive,defect_at_iteration,657
W4,1000,1.5,16,HungarianMatcher+BellmanFordStrategy,343,positive,defect_at_iteration,656
W4,1000,1.5,16,HungarianMatcher+BellmanFordStrategy,344,positive,defect_at_iteration,655
W4,1000,1.5,16,HungarianMatcher+BellmanFordStrategy,345,positive,defect_at_iteration,654
W4,1000,1.5,16,HungarianMatcher+BellmanFordStrategy,346,positive,defect_at_iteration,653
W4,1000,1.5,16,HungarianMatcher+BellmanFordStrategy,347,positive,defect_at_iteration,652
W4,1000,1.5,16,HungarianMatcher+BellmanFordStrategy,348,positive,defect_at_iteration,651
W4,1000,1.5,16,HungarianMatcher+BellmanFordStrategy,349,positive,defect_at_iteration,650
W4,1000,1.5,16,HungarianMatcher+BellmanFordStrategy,350,positive,defect_at_iteration,649
W4,1000,1.5,16,HungarianMatcher+BellmanFordStrategy,351,positive,defect_at_iteration,648
W4,1000,1.5,16,HungarianMatcher+BellmanFordStrategy,352,positive,defect_at_iteration,647
W4,1000,1.5,16,HungarianMatcher+BellmanFordStrategy,353,positive,defect_at_iteration,646
W4,1000,1.5,16,HungarianMatcher+BellmanFordStrategy,354,positive,defect_at_iteration,645
W4,1000,1.5,16,HungarianMatcher+BellmanFordStrategy,355,positive,defect_at_iteration,644
W4,1000,1.5,16,HungarianMatcher+BellmanFordStrategy,356,positive,defect_at_iteration,643
W4,1000,1.5,16,HungarianMatcher+BellmanFordStrategy,357,positive,defect_at_iteration,642
W4,1000,1.5,16,HungarianMatcher+BellmanFordStrategy,358,positive,defect_at_iteration,641
W4,1000,1.5,16,HungarianMatcher+BellmanFordStrategy,359,positive,defect_at_iteration,640
W4,1000,1.5,16,HungarianMatcher+BellmanFordStrategy,360,positive,defect_at_iteration,639
W4,1000,1.5,16,HungarianMatcher+BellmanFordStrategy,361,positive,defect_at_iteration,638
W4,1000,1.5,16,HungarianMatcher+BellmanFordStrategy,362,positive,defect_at_iteration,637
W4,1000,1.5,16,HungarianMatcher+BellmanFordStrategy,363,positive,defect_at_iteration,636
W4,1000,1.5,16,HungarianMatcher+BellmanFordStrategy,364,positive,defect_at_iteration,635
W4,1000,1.5,16,HungarianMatcher+BellmanFordStrategy,365,positive,defect_at_iteration,634
W4,1000,1.5,16,HungarianMatcher+BellmanFordStrategy,366,positive,defect_at_iteration,633
W4,1000,1.5,16,HungarianMatcher+BellmanFordStrategy,367,positive,defect_at_iteration,632
W4,1000,1.5,16,HungarianMatcher+BellmanFordStrategy,368,positive,defect_at_iteration,631
W4,1000,1.5,16,HungarianMatcher+BellmanFordStrategy,369,positive,defect_at_iteration,630
W4,1000,1.5,16,HungarianMatcher+BellmanFordStrategy,370,positive,defect_at_iteration,629
W4,1000,1.5,16,HungarianMatcher+BellmanFordStrategy,371,positive,defect_at_iteration,628
W4,1000,1.5,16,HungarianMatcher+BellmanFordStrategy,372,positive,defect_at_iteration,627
W4,1000,1.5,16,HungarianMatcher+BellmanFordStrategy,373,positive,defect_at_iteration,626
W4,1000,1.5,16,HungarianMatcher+BellmanFordStrategy,374,positive,defect_at_iteration,625
W4,1000,1.5,16,HungarianMatcher+BellmanFordStrategy,375,positive,defect_at_iteration,624
W4,1000,1.5,16,HungarianMatcher+BellmanFordStrategy,376,positive,defect_at_iteration,623
W4,1000,1.5,16,HungarianMatcher+BellmanFordStrategy,377,positive,defect_at_iteration,622
W4,1000,1.5,16,HungarianMatcher+BellmanFordStrategy,378,positive,defect_at_iteration,621
W4,1000,1.5,16,HungarianMatcher+BellmanFordStrategy,379,positive,defect_at_iteration,620
W4,1000,1.5,16,HungarianMatcher+BellmanFordStrategy,380,positive,defect_at_iteration,619
W4,1000,1.5,16,HungarianMatcher+BellmanFordStrategy,381,positive,defect_at_iteration,618
W4,1000,1.5,16,HungarianMatcher+BellmanFordStrategy,382,positive,defect_at_iteration,617
W4,1000,1.5,16,HungarianMatcher+BellmanFordStrategy,383,positive,defect_at_iteration,616
W4,1000,1.5,16,HungarianMatcher+BellmanFordStrategy,384,positive,defect_at_iteration,615
W4,1000,1.5,16,HungarianMatcher+BellmanFordStrategy,385,positive,defect_at_iteration,614
W4,1000,1.5,16,HungarianMatcher+BellmanFordStrategy,386,positive,defect_at_iteration,613
W4,1000,1.5,16,HungarianMatcher+BellmanFordStrategy,387,positive,defect_at_iteration,612
W4,1000,1.5,16,HungarianMatcher+BellmanFordStrategy,388,positive,defect_at_iteration,611
W4,1000,1.5,16,HungarianMatcher+BellmanFordStrategy,389,positive,defect_at_iteration,610
W4,1000,1.5,16,HungarianMatcher+BellmanFordStrategy,390,positive,defect_at_iteration,609
W4,1000,1.5,16,HungarianMatcher+BellmanFordStrategy,391,positive,defect_at_iteration,608
W4,1000,1.5,16,HungarianMatcher+BellmanFordStrategy,392,positive,defect_at_iteration,607
W4,1000,1.5,16,HungarianMatcher+BellmanFordStrategy,393,positive,defect_at_iteration,606
W4,1000,1.5,16,HungarianMatcher+BellmanFordStrategy,394,positive,defect_at_iteration,605
W4,1000,1.5,16,HungarianMatcher+BellmanFordStrategy,395,positive,defect_at_iteration,604
W4,1000,1.5,16,HungarianMatcher+BellmanFordStrategy,396,positive,defect_at_iteration,603
W4,1000,1.5,16,HungarianMatcher+BellmanFordStrategy,397,positive,defect_at_iteration,602
W4,1000,1.5,16,HungarianMatcher+BellmanFordStrategy,398,positive,defect_at_iteration,601
W4,1000,1.5,16,HungarianMatcher+BellmanFordStrategy,399,positive,defect_at_iteration,600
W4,1000,1.5,16,HungarianMatcher+BellmanFordStrategy,400,positive,defect_at_iteration,599
W4,1000,1.5,16,HungarianMatcher+BellmanFordStrategy,401,positive,defect_at_iteration,598
W4,1000,1.5,16,HungarianMatcher+BellmanFordStrategy,402,positive,defect_at_iteration,597
W4,1000,1.5,16,HungarianMatcher+BellmanFordStrategy,403,positive,defect_at_iteration,596
W4,1000,1.5,16,HungarianMatcher+BellmanFordStrategy,404,positive,defect_at_iteration,595
W4,1000,1.5,16,HungarianMatcher+BellmanFordStrategy,405,positive,defect_at_iteration,594
W4,1000,1.5,16,HungarianMatcher+BellmanFordStrategy,406,positive,defect_at_iteration,593
W4,1000,1.5,16,HungarianMatcher+BellmanFordStrategy,407,positive,defect_at_iteration,592
W4,1000,1.5,16,HungarianMatcher+BellmanFordStrategy,408,positive,defect_at_iteration,591
W4,1000,1.5,16,HungarianMatcher+BellmanFordStrategy,409,positive,defect_at_iteration,590
W4,1000,1.5,16,HungarianMatcher+BellmanFordStrategy,410,positive,defect_at_iteration,589
W4,1000,1.5,16,HungarianMatcher+BellmanFordStrategy,411,positive,defect_at_iteration,588
W4,1000,1.5,16,HungarianMatcher+BellmanFordStrategy,412,positive,defect_at_iteration,587
W4,1000,1.5,16,HungarianMatcher+BellmanFordStrategy,413,positive,defect_at_iteration,586
W4,1000,1.5,16,HungarianMatcher+BellmanFordStrategy,414,positive,defect_at_iteration,585
W4,1000,1.5,16,HungarianMatcher+BellmanFordStrategy,415,positive,defect_at_iteration,584
W4,1000,1.5,16,HungarianMatcher+BellmanFordStrategy,416,positive,defect_at_iteration,583
W4,1000,1.5,16,HungarianMatcher+BellmanFordStrategy,417,positive,defect_at_iteration,582
W4,1000,1.5,16,HungarianMatcher+BellmanFordStrategy,418,positive,defect_at_iteration,581
W4,1000,1.5,16,HungarianMatcher+BellmanFordStrategy,419,positive,defect_at_iteration,580
W4,1000,1.5,16,HungarianMatcher+BellmanFordStrategy,420,positive,defect_at_iteration,579
W4,1000,1.5,16,HungarianMatcher+BellmanFordStrategy,421,positive,defect_at_iteration,578
W4,1000,1.5,16,HungarianMatcher+BellmanFordStrategy,422,positive,defect_at_iteration,577
W4,1000,1.5,16,HungarianMatcher+BellmanFordStrategy,423,positive,defect_at_iteration,576
W4,1000,1.5,16,HungarianMatcher+BellmanFordStrategy,424,positive,defect_at_iteration,575
W4,1000,1.5,16,HungarianMatcher+BellmanFordStrategy,425,positive,defect_at_iteration,574
W4,1000,1.5,16,HungarianMatcher+BellmanFordStrategy,426,positive,defect_at_iteration,573
W4,1000,1.5,16,HungarianMatcher+BellmanFordStrategy,427,positive,defect_at_iteration,572
W4,1000,1.5,16,HungarianMatcher+BellmanFordStrategy,428,positive,defect_at_iteration,571
W4,1000,1.5,16,HungarianMatcher+BellmanFordStrategy,429,positive,defect_at_iteration,570
W4,1000,1.5,16,HungarianMatcher+BellmanFordStrategy,430,positive,defect_at_iteration,569
W4,1000,1.5,16,HungarianMatcher+BellmanFordStrategy,431,positive,defect_at_iteration,568
W4,1000,1.5,16,HungarianMatcher+BellmanFordStrategy,432,positive,defect_at_iteration,567
W4,1000,1.5,16,HungarianMatcher+BellmanFordStrategy,433,positive,defect_at_iteration,566
W4,1000,1.5,16,HungarianMatcher+BellmanFordStrategy,434,positive,defect_at_iteration,565
W4,1000,1.5,16,HungarianMatcher+BellmanFordStrategy,435,positive,defect_at_iteration,564
W4,1000,1.5,16,HungarianMatcher+BellmanFordStrategy,436,positive,defect_at_iteration,563
W4,1000,1.5,16,HungarianMatcher+BellmanFordStrategy,437,positive,defect_at_iteration,562
W4,1000,1.5,16,HungarianMatcher+BellmanFordStrategy,438,positive,defect_at_iteration,561
W4,1000,1.5,16,HungarianMatcher+BellmanFordStrategy,439,positive,defect_at_iteration,560
W4,1000,1.5,16,HungarianMatcher+BellmanFordStrategy,440,positive,defect_at_iteration,559
W4,1000,1.5,16,HungarianMatcher+BellmanFordStrategy,441,positive,defect_at_iteration,558
W4,1000,1.5,16,HungarianMatcher+BellmanFordStrategy,442,positive,defect_at_iteration,557
W4,1000,1.5,16,HungarianMatcher+BellmanFordStrategy,443,positive,defect_at_iteration,556
W4,1000,1.5,16,HungarianMatcher+BellmanFordStrategy,444,positive,defect_at_iteration,555
W4,1000,1.5,16,HungarianMatcher+BellmanFordStrategy,445,positive,defect_at_iteration,554
W4,1000,1.5,16,HungarianMatcher+BellmanFordStrategy,446,positive,defect_at_iteration,553
W4,1000,1.5,16,HungarianMatcher+BellmanFordStrategy,447,positive,defect_at_iteration,552
W4,1000,1.5,16,HungarianMatcher+BellmanFordStrategy,448,positive,defect_at_iteration,551
W4,1000,1.5,16,HungarianMatcher+BellmanFordStrategy,449,positive,defect_at_iteration,550
W4,1000,1.5,16,HungarianMatcher+BellmanFordStrategy,450,positive,defect_at_iteration,549
W4,1000,1.5,16,HungarianMatcher+BellmanFordStrategy,451,positive,defect_at_iteration,548
W4,1000,1.5,16,HungarianMatcher+BellmanFordStrategy,452,positive,defect_at_iteration,547
W4,1000,1.5,16,HungarianMatcher+BellmanFordStrategy,453,positive,defect_at_iteration,546
W4,1000,1.5,16,HungarianMatcher+BellmanFordStrategy,454,positive,defect_at_iteration,545
W4,1000,1.5,16,HungarianMatcher+BellmanFordStrategy,455,positive,defect_at_iteration,544
W4,1000,1.5,16,HungarianMatcher+BellmanFordStrategy,456,positive,defect_at_iteration,543
W4,1000,1.5,16,HungarianMatcher+BellmanFordStrategy,457,positive,defect_at_iteration,542
W4,1000,1.5,16,HungarianMatcher+BellmanFordStrategy,458,positive,defect_at_iteration,541
W4,1000,1.5,16,HungarianMatcher+BellmanFordStrategy,459,positive,defect_at_iteration,540
W4,1000,1.5,16,HungarianMatcher+BellmanFordStrategy,460,positive,defect_at_iteration,539
W4,1000,1.5,16,HungarianMatcher+BellmanFordStrategy,461,positive,defect_at_iteration,538
W4,1000,1.5,16,HungarianMatcher+BellmanFordStrategy,462,positive,defect_at_iteration,537
W4,1000,1.5,16,HungarianMatcher+BellmanFordStrategy,463,positive,defect_at_iteration,536
W4,1000,1.5,16,HungarianMatcher+BellmanFordStrategy,464,positive,defect_at_iteration,535
W4,1000,1.5,16,HungarianMatcher+BellmanFordStrategy,465,positive,defect_at_iteration,534
W4,1000,1.5,16,HungarianMatcher+BellmanFordStrategy,466,positive,defect_at_iteration,533
W4,1000,1.5,16,HungarianMatcher+BellmanFordStrategy,467,positive,defect_at_iteration,532
W4,1000,1.5,16,HungarianMatcher+BellmanFordStrategy,468,positive,defect_at_iteration,531
W4,1000,1.5,16,HungarianMatcher+BellmanFordStrategy,469,positive,defect_at_iteration,530
W4,1000,1.5,16,HungarianMatcher+BellmanFordStrategy,470,positive,defect_at_iteration,529
W4,1000,1.5,16,HungarianMatcher+BellmanFordStrategy,471,positive,defect_at_iteration,528
W4,1000,1.5,16,HungarianMatcher+BellmanFordStrategy,472,positive,defect_at_iteration,527
W4,1000,1.5,16,HungarianMatcher+BellmanFordStrategy,473,positive,defect_at_iteration,526
W4,1000,1.5,16,HungarianMatcher+BellmanFordStrategy,474,positive,defect_at_iteration,525
W4,1000,1.5,16,HungarianMatcher+BellmanFordStrategy,475,positive,defect_at_iteration,524
W4,1000,1.5,16,HungarianMatcher+BellmanFordStrategy,476,positive,defect_at_iteration,523
W4,1000,1.5,16,HungarianMatcher+BellmanFordStrategy,477,positive,defect_at_iteration,522
W4,1000,1.5,16,HungarianMatcher+BellmanFordStrategy,478,positive,defect_at_iteration,521
W4,1000,1.5,16,HungarianMatcher+BellmanFordStrategy,479,positive,defect_at_iteration,520
W4,1000,1.5,16,HungarianMatcher+BellmanFordStrategy,480,positive,defect_at_iteration,519
W4,1000,1.5,16,HungarianMatcher+BellmanFordStrategy,481,positive,defect_at_iteration,518
W4,1000,1.5,16,HungarianMatcher+BellmanFordStrategy,482,positive,defect_at_iteration,517
W4,1000,1.5,16,HungarianMatcher+BellmanFordStrategy,483,positive,defect_at_iteration,516
W4,1000,1.5,16,HungarianMatcher+BellmanFordStrategy,484,positive,defect_at_iteration,515
W4,1000,1.5,16,HungarianMatcher+BellmanFordStrategy,485,positive,defect_at_iteration,514
W4,1000,1.5,16,HungarianMatcher+BellmanFordStrategy,486,positive,defect_at_iteration,513
W4,1000,1.5,16,HungarianMatcher+BellmanFordStrategy,487,positive,defect_at_iteration,512
W4,1000,1.5,16,HungarianMatcher+BellmanFordStrategy,488,positive,defect_at_iteration,511
W4,1000,1.5,16,HungarianMatcher+BellmanFordStrategy,489,positive,defect_at_iteration,510
W4,1000,1.5,16,HungarianMatcher+BellmanFordStrategy,490,positive,defect_at_iteration,509
W4,1000,1.5,16,HungarianMatcher+BellmanFordStrategy,491,positive,defect_at_iteration,508
W4,1000,1.5,16,HungarianMatcher+BellmanFordStrategy,492,positive,defect_at_iteration,507
W4,1000,1.5,16,HungarianMatcher+BellmanFordStrategy,493,positive,defect_at_iteration,506
W4,1000,1.5,16,HungarianMatcher+BellmanFordStrategy,494,positive,defect_at_iteration,505
W4,1000,1.5,16,HungarianMatcher+BellmanFordStrategy,495,positive,defect_at_iteration,504
W4,1000,1.5,16,HungarianMatcher+BellmanFordStrategy,496,positive,defect_at_iteration,503
W4,1000,1.5,16,HungarianMatcher+BellmanFordStrategy,497,positive,defect_at_iteration,502
W4,1000,1.5,16,HungarianMatcher+BellmanFordStrategy,498,positive,defect_at_iteration,501
W4,1000,1.5,16,HungarianMatcher+BellmanFordStrategy,499,positive,defect_at_iteration,500
W4,1000,1.5,16,HungarianMatcher+BellmanFordStrategy,500,positive,defect_at_iteration,499
W4,1000,1.5,16,HungarianMatcher+BellmanFordStrategy,501,positive,defect_at_iteration,498
W4,1000,1.5,16,HungarianMatcher+BellmanFordStrategy,502,positive,defect_at_iteration,497
W4,1000,1.5,16,HungarianMatcher+BellmanFordStrategy,503,positive,defect_at_iteration,496
W4,1000,1.5,16,HungarianMatcher+BellmanFordStrategy,504,positive,defect_at_iteration,495
W4,1000,1.5,16,HungarianMatcher+BellmanFordStrategy,505,positive,defect_at_iteration,494
W4,1000,1.5,16,HungarianMatcher+BellmanFordStrategy,506,positive,defect_at_iteration,493
W4,1000,1.5,16,HungarianMatcher+BellmanFordStrategy,507,positive,defect_at_iteration,492
W4,1000,1.5,16,HungarianMatcher+BellmanFordStrategy,508,positive,defect_at_iteration,491
W4,1000,1.5,16,HungarianMatcher+BellmanFordStrategy,509,positive,defect_at_iteration,490
W4,1000,1.5,16,HungarianMatcher+BellmanFordStrategy,510,positive,defect_at_iteration,489
W4,1000,1.5,16,HungarianMatcher+BellmanFordStrategy,511,positive,defect_at_iteration,488
W4,1000,1.5,16,HungarianMatcher+BellmanFordStrategy,512,positive,defect_at_iteration,487
W4,1000,1.5,16,HungarianMatcher+BellmanFordStrategy,513,positive,defect_at_iteration,486
W4,1000,1.5,16,HungarianMatcher+BellmanFordStrategy,514,positive,defect_at_iteration,485
W4,1000,1.5,16,HungarianMatcher+BellmanFordStrategy,515,positive,defect_at_iteration,484
W4,1000,1.5,16,HungarianMatcher+BellmanFordStrategy,516,positive,defect_at_iteration,483
W4,1000,1.5,16,HungarianMatcher+BellmanFordStrategy,517,positive,defect_at_iteration,482
W4,1000,1.5,16,HungarianMatcher+BellmanFordStrategy,518,positive,defect_at_iteration,481
W4,1000,1.5,16,HungarianMatcher+BellmanFordStrategy,519,positive,defect_at_iteration,480
W4,1000,1.5,16,HungarianMatcher+BellmanFordStrategy,520,positive,defect_at_iteration,479
W4,1000,1.5,16,HungarianMatcher+BellmanFordStrategy,521,positive,defect_at_iteration,478
W4,1000,1.5,16,HungarianMatcher+BellmanFordStrategy,522,positive,defect_at_iteration,477
W4,1000,1.5,16,HungarianMatcher+BellmanFordStrategy,523,positive,defect_at_iteration,476
W4,1000,1.5,16,HungarianMatcher+BellmanFordStrategy,524,positive,defect_at_iteration,475
W4,1000,1.5,16,HungarianMatcher+BellmanFordStrategy,525,positive,defect_at_iteration,474
W4,1000,1.5,16,HungarianMatcher+BellmanFordStrategy,526,positive,defect_at_iteration,473
W4,1000,1.5,16,HungarianMatcher+BellmanFordStrategy,527,positive,defect_at_iteration,472
W4,1000,1.5,16,HungarianMatcher+BellmanFordStrategy,528,positive,defect_at_iteration,471
W4,1000,1.5,16,HungarianMatcher+BellmanFordStrategy,529,positive,defect_at_iteration,470
W4,1000,1.5,16,HungarianMatcher+BellmanFordStrategy,530,positive,defect_at_iteration,469
W4,1000,1.5,16,HungarianMatcher+BellmanFordStrategy,531,positive,defect_at_iteration,468
W4,1000,1.5,16,HungarianMatcher+BellmanFordStrategy,532,positive,defect_at_iteration,467
W4,1000,1.5,16,HungarianMatcher+BellmanFordStrategy,533,positive,defect_at_iteration,466
W4,1000,1.5,16,HungarianMatcher+BellmanFordStrategy,534,positive,defect_at_iteration,465
W4,1000,1.5,16,HungarianMatcher+BellmanFordStrategy,535,positive,defect_at_iteration,464
W4,1000,1.5,16,HungarianMatcher+BellmanFordStrategy,536,positive,defect_at_iteration,463
W4,1000,1.5,16,HungarianMatcher+BellmanFordStrategy,537,positive,defect_at_iteration,462
W4,1000,1.5,16,HungarianMatcher+BellmanFordStrategy,538,positive,defect_at_iteration,461
W4,1000,1.5,16,HungarianMatcher+BellmanFordStrategy,539,positive,defect_at_iteration,460
W4,1000,1.5,16,HungarianMatcher+BellmanFordStrategy,540,positive,defect_at_iteration,459
W4,1000,1.5,16,HungarianMatcher+BellmanFordStrategy,541,positive,defect_at_iteration,458
W4,1000,1.5,16,HungarianMatcher+BellmanFordStrategy,542,positive,defect_at_iteration,457
W4,1000,1.5,16,HungarianMatcher+BellmanFordStrategy,543,positive,defect_at_iteration,456
W4,1000,1.5,16,HungarianMatcher+BellmanFordStrategy,544,positive,defect_at_iteration,455
W4,1000,1.5,16,HungarianMatcher+BellmanFordStrategy,545,positive,defect_at_iteration,454
W4,1000,1.5,16,HungarianMatcher+BellmanFordStrategy,546,positive,defect_at_iteration,453
W4,1000,1.5,16,HungarianMatcher+BellmanFordStrategy,547,positive,defect_at_iteration,452
W4,1000,1.5,16,HungarianMatcher+BellmanFordStrategy,548,positive,defect_at_iteration,451
W4,1000,1.5,16,HungarianMatcher+BellmanFordStrategy,549,positive,defect_at_iteration,450
W4,1000,1.5,16,HungarianMatcher+BellmanFordStrategy,550,positive,defect_at_iteration,449
W4,1000,1.5,16,HungarianMatcher+BellmanFordStrategy,551,positive,defect_at_iteration,448
W4,1000,1.5,16,HungarianMatcher+BellmanFordStrategy,552,positive,defect_at_iteration,447
W4,1000,1.5,16,HungarianMatcher+BellmanFordStrategy,553,positive,defect_at_iteration,446
W4,1000,1.5,16,HungarianMatcher+BellmanFordStrategy,554,positive,defect_at_iteration,445
W4,1000,1.5,16,HungarianMatcher+BellmanFordStrategy,555,positive,defect_at_iteration,444
W4,1000,1.5,16,HungarianMatcher+BellmanFordStrategy,556,positive,defect_at_iteration,443
W4,1000,1.5,16,HungarianMatcher+BellmanFordStrategy,557,positive,defect_at_iteration,442
W4,1000,1.5,16,HungarianMatcher+BellmanFordStrategy,558,positive,defect_at_iteration,441
W4,1000,1.5,16,HungarianMatcher+BellmanFordStrategy,559,positive,defect_at_iteration,440
W4,1000,1.5,16,HungarianMatcher+BellmanFordStrategy,560,positive,defect_at_iteration,439
W4,1000,1.5,16,HungarianMatcher+BellmanFordStrategy,561,positive,defect_at_iteration,438
W4,1000,1.5,16,HungarianMatcher+BellmanFordStrategy,562,positive,defect_at_iteration,437
W4,1000,1.5,16,HungarianMatcher+BellmanFordStrategy,563,positive,defect_at_iteration,436
W4,1000,1.5,16,HungarianMatcher+BellmanFordStrategy,564,positive,defect_at_iteration,435
W4,1000,1.5,16,HungarianMatcher+BellmanFordStrategy,565,positive,defect_at_iteration,434
W4,1000,1.5,16,HungarianMatcher+BellmanFordStrategy,566,positive,defect_at_iteration,433
W4,1000,1.5,16,HungarianMatcher+BellmanFordStrategy,567,positive,defect_at_iteration,432
W4,1000,1.5,16,HungarianMatcher+BellmanFordStrategy,568,positive,defect_at_iteration,431
W4,1000,1.5,16,HungarianMatcher+BellmanFordStrategy,569,positive,defect_at_iteration,430
W4,1000,1.5,16,HungarianMatcher+BellmanFordStrategy,570,positive,defect_at_iteration,429
W4,1000,1.5,16,HungarianMatcher+BellmanFordStrategy,571,positive,defect_at_iteration,428
W4,1000,1.5,16,HungarianMatcher+BellmanFordStrategy,572,positive,defect_at_iteration,427
W4,1000,1.5,16,HungarianMatcher+BellmanFordStrategy,573,positive,defect_at_iteration,426
W4,1000,1.5,16,HungarianMatcher+BellmanFordStrategy,574,positive,defect_at_iteration,425
W4,1000,1.5,16,HungarianMatcher+BellmanFordStrategy,575,positive,defect_at_iteration,424
W4,1000,1.5,16,HungarianMatcher+BellmanFordStrategy,576,positive,defect_at_iteration,423
W4,1000,1.5,16,HungarianMatcher+BellmanFordStrategy,577,positive,defect_at_iteration,422
W4,1000,1.5,16,HungarianMatcher+BellmanFordStrategy,578,positive,defect_at_iteration,421
W4,1000,1.5,16,HungarianMatcher+BellmanFordStrategy,579,positive,defect_at_iteration,420
W4,1000,1.5,16,HungarianMatcher+BellmanFordStrategy,580,positive,defect_at_iteration,419
W4,1000,1.5,16,HungarianMatcher+BellmanFordStrategy,581,positive,defect_at_iteration,418
W4,1000,1.5,16,HungarianMatcher+BellmanFordStrategy,582,positive,defect_at_iteration,417
W4,1000,1.5,16,HungarianMatcher+BellmanFordStrategy,583,positive,defect_at_iteration,416
W4,1000,1.5,16,HungarianMatcher+BellmanFordStrategy,584,positive,defect_at_iteration,415
W4,1000,1.5,16,HungarianMatcher+BellmanFordStrategy,585,positive,defect_at_iteration,414
W4,1000,1.5,16,HungarianMatcher+BellmanFordStrategy,586,positive,defect_at_iteration,413
W4,1000,1.5,16,HungarianMatcher+BellmanFordStrategy,587,positive,defect_at_iteration,412
W4,1000,1.5,16,HungarianMatcher+BellmanFordStrategy,588,positive,defect_at_iteration,411
W4,1000,1.5,16,HungarianMatcher+BellmanFordStrategy,589,positive,defect_at_iteration,410
W4,1000,1.5,16,HungarianMatcher+BellmanFordStrategy,590,positive,defect_at_iteration,409
W4,1000,1.5,16,HungarianMatcher+BellmanFordStrategy,591,positive,defect_at_iteration,408
W4,1000,1.5,16,HungarianMatcher+BellmanFordStrategy,592,positive,defect_at_iteration,407
W4,1000,1.5,16,HungarianMatcher+BellmanFordStrategy,593,positive,defect_at_iteration,406
W4,1000,1.5,16,HungarianMatcher+BellmanFordStrategy,594,positive,defect_at_iteration,405
W4,1000,1.5,16,HungarianMatcher+BellmanFordStrategy,595,positive,defect_at_iteration,404
W4,1000,1.5,16,HungarianMatcher+BellmanFordStrategy,596,positive,defect_at_iteration,403
W4,1000,1.5,16,HungarianMatcher+BellmanFordStrategy,597,positive,defect_at_iteration,402
W4,1000,1.5,16,HungarianMatcher+BellmanFordStrategy,598,positive,defect_at_iteration,401
W4,1000,1.5,16,HungarianMatcher+BellmanFordStrategy,599,positive,defect_at_iteration,400
W4,1000,1.5,16,HungarianMatcher+BellmanFordStrategy,600,positive,defect_at_iteration,399
W4,1000,1.5,16,HungarianMatcher+BellmanFordStrategy,601,positive,defect_at_iteration,398
W4,1000,1.5,16,HungarianMatcher+BellmanFordStrategy,602,positive,defect_at_iteration,397
W4,1000,1.5,16,HungarianMatcher+BellmanFordStrategy,603,positive,defect_at_iteration,396
W4,1000,1.5,16,HungarianMatcher+BellmanFordStrategy,604,positive,defect_at_iteration,395
W4,1000,1.5,16,HungarianMatcher+BellmanFordStrategy,605,positive,defect_at_iteration,394
W4,1000,1.5,16,HungarianMatcher+BellmanFordStrategy,606,positive,defect_at_iteration,393
W4,1000,1.5,16,HungarianMatcher+BellmanFordStrategy,607,positive,defect_at_iteration,392
W4,1000,1.5,16,HungarianMatcher+BellmanFordStrategy,608,positive,defect_at_iteration,391
W4,1000,1.5,16,HungarianMatcher+BellmanFordStrategy,609,positive,defect_at_iteration,390
W4,1000,1.5,16,HungarianMatcher+BellmanFordStrategy,610,positive,defect_at_iteration,389
W4,1000,1.5,16,HungarianMatcher+BellmanFordStrategy,611,positive,defect_at_iteration,388
W4,1000,1.5,16,HungarianMatcher+BellmanFordStrategy,612,positive,defect_at_iteration,387
W4,1000,1.5,16,HungarianMatcher+BellmanFordStrategy,613,positive,defect_at_iteration,386
W4,1000,1.5,16,HungarianMatcher+BellmanFordStrategy,614,positive,defect_at_iteration,385
W4,1000,1.5,16,HungarianMatcher+BellmanFordStrategy,615,positive,defect_at_iteration,384
W4,1000,1.5,16,HungarianMatcher+BellmanFordStrategy,616,positive,defect_at_iteration,383
W4,1000,1.5,16,HungarianMatcher+BellmanFordStrategy,617,positive,defect_at_iteration,382
W4,1000,1.5,16,HungarianMatcher+BellmanFordStrategy,618,positive,defect_at_iteration,381
W4,1000,1.5,16,HungarianMatcher+BellmanFordStrategy,619,positive,defect_at_iteration,380
W4,1000,1.5,16,HungarianMatcher+BellmanFordStrategy,620,positive,defect_at_iteration,379
W4,1000,1.5,16,HungarianMatcher+BellmanFordStrategy,621,positive,defect_at_iteration,378
W4,1000,1.5,16,HungarianMatcher+BellmanFordStrategy,622,positive,defect_at_iteration,377
W4,1000,1.5,16,HungarianMatcher+BellmanFordStrategy,623,positive,defect_at_iteration,376
W4,1000,1.5,16,HungarianMatcher+BellmanFordStrategy,624,positive,defect_at_iteration,375
W4,1000,1.5,16,HungarianMatcher+BellmanFordStrategy,625,positive,defect_at_iteration,374
W4,1000,1.5,16,HungarianMatcher+BellmanFordStrategy,626,positive,defect_at_iteration,373
W4,1000,1.5,16,HungarianMatcher+BellmanFordStrategy,627,positive,defect_at_iteration,372
W4,1000,1.5,16,HungarianMatcher+BellmanFordStrategy,628,positive,defect_at_iteration,371
W4,1000,1.5,16,HungarianMatcher+BellmanFordStrategy,629,positive,defect_at_iteration,370
W4,1000,1.5,16,HungarianMatcher+BellmanFordStrategy,630,positive,defect_at_iteration,369
W4,1000,1.5,16,HungarianMatcher+BellmanFordStrategy,631,positive,defect_at_iteration,368
W4,1000,1.5,16,HungarianMatcher+BellmanFordStrategy,632,positive,defect_at_iteration,367
W4,1000,1.5,16,HungarianMatcher+BellmanFordStrategy,633,positive,defect_at_iteration,366
W4,1000,1.5,16,HungarianMatcher+BellmanFordStrategy,634,positive,defect_at_iteration,365
W4,1000,1.5,16,HungarianMatcher+BellmanFordStrategy,635,positive,defect_at_iteration,364
W4,1000,1.5,16,HungarianMatcher+BellmanFordStrategy,636,positive,defect_at_iteration,363
W4,1000,1.5,16,HungarianMatcher+BellmanFordStrategy,637,positive,defect_at_iteration,362
W4,1000,1.5,16,HungarianMatcher+BellmanFordStrategy,638,positive,defect_at_iteration,361
W4,1000,1.5,16,HungarianMatcher+BellmanFordStrategy,639,positive,defect_at_iteration,360
W4,1000,1.5,16,HungarianMatcher+BellmanFordStrategy,640,positive,defect_at_iteration,359
W4,1000,1.5,16,HungarianMatcher+BellmanFordStrategy,641,positive,defect_at_iteration,358
W4,1000,1.5,16,HungarianMatcher+BellmanFordStrategy,642,positive,defect_at_iteration,357
W4,1000,1.5,16,HungarianMatcher+BellmanFordStrategy,643,positive,defect_at_iteration,356
W4,1000,1.5,16,HungarianMatcher+BellmanFordStrategy,644,positive,defect_at_iteration,355
W4,1000,1.5,16,HungarianMatcher+BellmanFordStrategy,645,positive,defect_at_iteration,354
W4,1000,1.5,16,HungarianMatcher+BellmanFordStrategy,646,positive,defect_at_iteration,353
W4,1000,1.5,16,HungarianMatcher+BellmanFordStrategy,647,positive,defect_at_iteration,352
W4,1000,1.5,16,HungarianMatcher+BellmanFordStrategy,648,positive,defect_at_iteration,351
W4,1000,1.5,16,HungarianMatcher+BellmanFordStrategy,649,positive,defect_at_iteration,350
W4,1000,1.5,16,HungarianMatcher+BellmanFordStrategy,650,positive,defect_at_iteration,349
W4,1000,1.5,16,HungarianMatcher+BellmanFordStrategy,651,positive,defect_at_iteration,348
W4,1000,1.5,16,HungarianMatcher+BellmanFordStrategy,652,positive,defect_at_iteration,347
W4,1000,1.5,16,HungarianMatcher+BellmanFordStrategy,653,positive,defect_at_iteration,346
W4,1000,1.5,16,HungarianMatcher+BellmanFordStrategy,654,positive,defect_at_iteration,345
W4,1000,1.5,16,HungarianMatcher+BellmanFordStrategy,655,positive,defect_at_iteration,344
W4,1000,1.5,16,HungarianMatcher+BellmanFordStrategy,656,positive,defect_at_iteration,343
W4,1000,1.5,16,HungarianMatcher+BellmanFordStrategy,657,positive,defect_at_iteration,342
W4,1000,1.5,16,HungarianMatcher+BellmanFordStrategy,658,positive,defect_at_iteration,341
W4,1000,1.5,16,HungarianMatcher+BellmanFordStrategy,659,positive,defect_at_iteration,340
W4,1000,1.5,16,HungarianMatcher+BellmanFordStrategy,660,positive,defect_at_iteration,339
W4,1000,1.5,16,HungarianMatcher+BellmanFordStrategy,661,positive,defect_at_iteration,338
W4,1000,1.5,16,HungarianMatcher+BellmanFordStrategy,662,positive,defect_at_iteration,337
W4,1000,1.5,16,HungarianMatcher+BellmanFordStrategy,663,positive,defect_at_iteration,336
W4,1000,1.5,16,HungarianMatcher+BellmanFordStrategy,664,positive,defect_at_iteration,335
W4,1000,1.5,16,HungarianMatcher+BellmanFordStrategy,665,positive,defect_at_iteration,334
W4,1000,1.5,16,HungarianMatcher+BellmanFordStrategy,666,positive,defect_at_iteration,333
W4,1000,1.5,16,HungarianMatcher+BellmanFordStrategy,667,positive,defect_at_iteration,332
W4,1000,1.5,16,HungarianMatcher+BellmanFordStrategy,668,positive,defect_at_iteration,331
W4,1000,1.5,16,HungarianMatcher+BellmanFordStrategy,669,positive,defect_at_iteration,330
W4,1000,1.5,16,HungarianMatcher+BellmanFordStrategy,670,positive,defect_at_iteration,329
W4,1000,1.5,16,HungarianMatcher+BellmanFordStrategy,671,positive,defect_at_iteration,328
W4,1000,1.5,16,HungarianMatcher+BellmanFordStrategy,672,positive,defect_at_iteration,327
W4,1000,1.5,16,HungarianMatcher+BellmanFordStrategy,673,positive,defect_at_iteration,326
W4,1000,1.5,16,HungarianMatcher+BellmanFordStrategy,674,positive,defect_at_iteration,325
W4,1000,1.5,16,HungarianMatcher+BellmanFordStrategy,675,positive,defect_at_iteration,324
W4,1000,1.5,16,HungarianMatcher+BellmanFordStrategy,676,positive,defect_at_iteration,323
W4,1000,1.5,16,HungarianMatcher+BellmanFordStrategy,677,positive,defect_at_iteration,322
W4,1000,1.5,16,HungarianMatcher+BellmanFordStrategy,678,positive,defect_at_iteration,321
W4,1000,1.5,16,HungarianMatcher+BellmanFordStrategy,679,positive,defect_at_iteration,320
W4,1000,1.5,16,HungarianMatcher+BellmanFordStrategy,680,positive,defect_at_iteration,319
W4,1000,1.5,16,HungarianMatcher+BellmanFordStrategy,681,positive,defect_at_iteration,318
W4,1000,1.5,16,HungarianMatcher+BellmanFordStrategy,682,positive,defect_at_iteration,317
W4,1000,1.5,16,HungarianMatcher+BellmanFordStrategy,683,positive,defect_at_iteration,316
W4,1000,1.5,16,HungarianMatcher+BellmanFordStrategy,684,positive,defect_at_iteration,315
W4,1000,1.5,16,HungarianMatcher+BellmanFordStrategy,685,positive,defect_at_iteration,314
W4,1000,1.5,16,HungarianMatcher+BellmanFordStrategy,686,positive,defect_at_iteration,313
W4,1000,1.5,16,HungarianMatcher+BellmanFordStrategy,687,positive,defect_at_iteration,312
W4,1000,1.5,16,HungarianMatcher+BellmanFordStrategy,688,positive,defect_at_iteration,311
W4,1000,1.5,16,HungarianMatcher+BellmanFordStrategy,689,positive,defect_at_iteration,310
W4,1000,1.5,16,HungarianMatcher+BellmanFordStrategy,690,positive,defect_at_iteration,309
W4,1000,1.5,16,HungarianMatcher+BellmanFordStrategy,691,positive,defect_at_iteration,308
W4,1000,1.5,16,HungarianMatcher+BellmanFordStrategy,692,positive,defect_at_iteration,307
W4,1000,1.5,16,HungarianMatcher+BellmanFordStrategy,693,positive,defect_at_iteration,306
W4,1000,1.5,16,HungarianMatcher+BellmanFordStrategy,694,positive,defect_at_iteration,305
W4,1000,1.5,16,HungarianMatcher+BellmanFordStrategy,695,positive,defect_at_iteration,304
W4,1000,1.5,16,HungarianMatcher+BellmanFordStrategy,696,positive,defect_at_iteration,303
W4,1000,1.5,16,HungarianMatcher+BellmanFordStrategy,697,positive,defect_at_iteration,302
W4,1000,1.5,16,HungarianMatcher+BellmanFordStrategy,698,positive,defect_at_iteration,301
W4,1000,1.5,16,HungarianMatcher+BellmanFordStrategy,699,positive,defect_at_iteration,300
W4,1000,1.5,16,HungarianMatcher+BellmanFordStrategy,700,positive,defect_at_iteration,299
W4,1000,1.5,16,HungarianMatcher+BellmanFordStrategy,701,positive,defect_at_iteration,298
W4,1000,1.5,16,HungarianMatcher+BellmanFordStrategy,702,positive,defect_at_iteration,297
W4,1000,1.5,16,HungarianMatcher+BellmanFordStrategy,703,positive,defect_at_iteration,296
W4,1000,1.5,16,HungarianMatcher+BellmanFordStrategy,704,positive,defect_at_iteration,295
W4,1000,1.5,16,HungarianMatcher+BellmanFordStrategy,705,positive,defect_at_iteration,294
W4,1000,1.5,16,HungarianMatcher+BellmanFordStrategy,706,positive,defect_at_iteration,293
W4,1000,1.5,16,HungarianMatcher+BellmanFordStrategy,707,positive,defect_at_iteration,292
W4,1000,1.5,16,HungarianMatcher+BellmanFordStrategy,708,positive,defect_at_iteration,291
W4,1000,1.5,16,HungarianMatcher+BellmanFordStrategy,709,positive,defect_at_iteration,290
W4,1000,1.5,16,HungarianMatcher+BellmanFordStrategy,710,positive,defect_at_iteration,289
W4,1000,1.5,16,HungarianMatcher+BellmanFordStrategy,711,positive,defect_at_iteration,288
W4,1000,1.5,16,HungarianMatcher+BellmanFordStrategy,712,positive,defect_at_iteration,287
W4,1000,1.5,16,HungarianMatcher+BellmanFordStrategy,713,positive,defect_at_iteration,286
W4,1000,1.5,16,HungarianMatcher+BellmanFordStrategy,714,positive,defect_at_iteration,285
W4,1000,1.5,16,HungarianMatcher+BellmanFordStrategy,715,positive,defect_at_iteration,284
W4,1000,1.5,16,HungarianMatcher+BellmanFordStrategy,716,positive,defect_at_iteration,283
W4,1000,1.5,16,HungarianMatcher+BellmanFordStrategy,717,positive,defect_at_iteration,282
W4,1000,1.5,16,HungarianMatcher+BellmanFordStrategy,718,positive,defect_at_iteration,281
W4,1000,1.5,16,HungarianMatcher+BellmanFordStrategy,719,positive,defect_at_iteration,280
W4,1000,1.5,16,HungarianMatcher+BellmanFordStrategy,720,positive,defect_at_iteration,279
W4,1000,1.5,16,HungarianMatcher+BellmanFordStrategy,721,positive,defect_at_iteration,278
W4,1000,1.5,16,HungarianMatcher+BellmanFordStrategy,722,positive,defect_at_iteration,277
W4,1000,1.5,16,HungarianMatcher+BellmanFordStrategy,723,positive,defect_at_iteration,276
W4,1000,1.5,16,HungarianMatcher+BellmanFordStrategy,724,positive,defect_at_iteration,275
W4,1000,1.5,16,HungarianMatcher+BellmanFordStrategy,725,positive,defect_at_iteration,274
W4,1000,1.5,16,HungarianMatcher+BellmanFordStrategy,726,positive,defect_at_iteration,273
W4,1000,1.5,16,HungarianMatcher+BellmanFordStrategy,727,positive,defect_at_iteration,272
W4,1000,1.5,16,HungarianMatcher+BellmanFordStrategy,728,positive,defect_at_iteration,271
W4,1000,1.5,16,HungarianMatcher+BellmanFordStrategy,729,positive,defect_at_iteration,270
W4,1000,1.5,16,HungarianMatcher+BellmanFordStrategy,730,positive,defect_at_iteration,269
W4,1000,1.5,16,HungarianMatcher+BellmanFordStrategy,731,positive,defect_at_iteration,268
W4,1000,1.5,16,HungarianMatcher+BellmanFordStrategy,732,positive,defect_at_iteration,267
W4,1000,1.5,16,HungarianMatcher+BellmanFordStrategy,733,positive,defect_at_iteration,266
W4,1000,1.5,16,HungarianMatcher+BellmanFordStrategy,734,positive,defect_at_iteration,265
W4,1000,1.5,16,HungarianMatcher+BellmanFordStrategy,735,positive,defect_at_iteration,264
W4,1000,1.5,16,HungarianMatcher+BellmanFordStrategy,736,positive,defect_at_iteration,263
W4,1000,1.5,16,HungarianMatcher+BellmanFordStrategy,737,positive,defect_at_iteration,262
W4,1000,1.5,16,HungarianMatcher+BellmanFordStrategy,738,positive,defect_at_iteration,261
W4,1000,1.5,16,HungarianMatcher+BellmanFordStrategy,739,positive,defect_at_iteration,260
W4,1000,1.5,16,HungarianMatcher+BellmanFordStrategy,740,positive,defect_at_iteration,259
W4,1000,1.5,16,HungarianMatcher+BellmanFordStrategy,741,positive,defect_at_iteration,258
W4,1000,1.5,16,HungarianMatcher+BellmanFordStrategy,742,positive,defect_at_iteration,257
W4,1000,1.5,16,HungarianMatcher+BellmanFordStrategy,743,positive,defect_at_iteration,256
W4,1000,1.5,16,HungarianMatcher+BellmanFordStrategy,744,positive,defect_at_iteration,255
W4,1000,1.5,16,HungarianMatcher+BellmanFordStrategy,745,positive,defect_at_iteration,254
W4,1000,1.5,16,HungarianMatcher+BellmanFordStrategy,746,positive,defect_at_iteration,253
W4,1000,1.5,16,HungarianMatcher+BellmanFordStrategy,747,positive,defect_at_iteration,252
W4,1000,1.5,16,HungarianMatcher+BellmanFordStrategy,748,positive,defect_at_iteration,251
W4,1000,1.5,16,HungarianMatcher+BellmanFordStrategy,749,positive,defect_at_iteration,250
W4,1000,1.5,16,HungarianMatcher+BellmanFordStrategy,750,positive,defect_at_iteration,249
W4,1000,1.5,16,HungarianMatcher+BellmanFordStrategy,751,positive,defect_at_iteration,248
W4,1000,1.5,16,HungarianMatcher+BellmanFordStrategy,752,positive,defect_at_iteration,247
W4,1000,1.5,16,HungarianMatcher+BellmanFordStrategy,753,positive,defect_at_iteration,246
W4,1000,1.5,16,HungarianMatcher+BellmanFordStrategy,754,positive,defect_at_iteration,245
W4,1000,1.5,16,HungarianMatcher+BellmanFordStrategy,755,positive,defect_at_iteration,244
W4,1000,1.5,16,HungarianMatcher+BellmanFordStrategy,756,positive,defect_at_iteration,243
W4,1000,1.5,16,HungarianMatcher+BellmanFordStrategy,757,positive,defect_at_iteration,242
W4,1000,1.5,16,HungarianMatcher+BellmanFordStrategy,758,positive,defect_at_iteration,241
W4,1000,1.5,16,HungarianMatcher+BellmanFordStrategy,759,positive,defect_at_iteration,240
W4,1000,1.5,16,HungarianMatcher+BellmanFordStrategy,760,positive,defect_at_iteration,239
W4,1000,1.5,16,HungarianMatcher+BellmanFordStrategy,761,positive,defect_at_iteration,238
W4,1000,1.5,16,HungarianMatcher+BellmanFordStrategy,762,positive,defect_at_iteration,237
W4,1000,1.5,16,HungarianMatcher+BellmanFordStrategy,763,positive,defect_at_iteration,236
W4,1000,1.5,16,HungarianMatcher+BellmanFordStrategy,764,positive,defect_at_iteration,235
W4,1000,1.5,16,HungarianMatcher+BellmanFordStrategy,765,positive,defect_at_iteration,234
W4,1000,1.5,16,HungarianMatcher+BellmanFordStrategy,766,positive,defect_at_iteration,233
W4,1000,1.5,16,HungarianMatcher+BellmanFordStrategy,767,positive,defect_at_iteration,232
W4,1000,1.5,16,HungarianMatcher+BellmanFordStrategy,768,positive,defect_at_iteration,231
W4,1000,1.5,16,HungarianMatcher+BellmanFordStrategy,769,positive,defect_at_iteration,230
W4,1000,1.5,16,HungarianMatcher+BellmanFordStrategy,770,positive,defect_at_iteration,229
W4,1000,1.5,16,HungarianMatcher+BellmanFordStrategy,771,positive,defect_at_iteration,228
W4,1000,1.5,16,HungarianMatcher+BellmanFordStrategy,772,positive,defect_at_iteration,227
W4,1000,1.5,16,HungarianMatcher+BellmanFordStrategy,773,positive,defect_at_iteration,226
W4,1000,1.5,16,HungarianMatcher+BellmanFordStrategy,774,positive,defect_at_iteration,225
W4,1000,1.5,16,HungarianMatcher+BellmanFordStrategy,775,positive,defect_at_iteration,224
W4,1000,1.5,16,HungarianMatcher+BellmanFordStrategy,776,positive,defect_at_iteration,223
W4,1000,1.5,16,HungarianMatcher+BellmanFordStrategy,777,positive,defect_at_iteration,222
W4,1000,1.5,16,HungarianMatcher+BellmanFordStrategy,778,positive,defect_at_iteration,221
W4,1000,1.5,16,HungarianMatcher+BellmanFordStrategy,779,positive,defect_at_iteration,220
W4,1000,1.5,16,HungarianMatcher+BellmanFordStrategy,780,positive,defect_at_iteration,219
W4,1000,1.5,16,HungarianMatcher+BellmanFordStrategy,781,positive,defect_at_iteration,218
W4,1000,1.5,16,HungarianMatcher+BellmanFordStrategy,782,positive,defect_at_iteration,217
W4,1000,1.5,16,HungarianMatcher+BellmanFordStrategy,783,positive,defect_at_iteration,216
W4,1000,1.5,16,HungarianMatcher+BellmanFordStrategy,784,positive,defect_at_iteration,215
W4,1000,1.5,16,HungarianMatcher+BellmanFordStrategy,785,positive,defect_at_iteration,214
W4,1000,1.5,16,HungarianMatcher+BellmanFordStrategy,786,positive,defect_at_iteration,213
W4,1000,1.5,16,HungarianMatcher+BellmanFordStrategy,787,positive,defect_at_iteration,212
W4,1000,1.5,16,HungarianMatcher+BellmanFordStrategy,788,positive,defect_at_iteration,211
W4,1000,1.5,16,HungarianMatcher+BellmanFordStrategy,789,positive,defect_at_iteration,210
W4,1000,1.5,16,HungarianMatcher+BellmanFordStrategy,790,positive,defect_at_iteration,209
W4,1000,1.5,16,HungarianMatcher+BellmanFordStrategy,791,positive,defect_at_iteration,208
W4,1000,1.5,16,HungarianMatcher+BellmanFordStrategy,792,positive,defect_at_iteration,207
W4,1000,1.5,16,HungarianMatcher+BellmanFordStrategy,793,positive,defect_at_iteration,206
W4,1000,1.5,16,HungarianMatcher+BellmanFordStrategy,794,positive,defect_at_iteration,205
W4,1000,1.5,16,HungarianMatcher+BellmanFordStrategy,795,positive,defect_at_iteration,204
W4,1000,1.5,16,HungarianMatcher+BellmanFordStrategy,796,positive,defect_at_iteration,203
W4,1000,1.5,16,HungarianMatcher+BellmanFordStrategy,797,positive,defect_at_iteration,202
W4,1000,1.5,16,HungarianMatcher+BellmanFordStrategy,798,positive,defect_at_iteration,201
W4,1000,1.5,16,HungarianMatcher+BellmanFordStrategy,799,positive,defect_at_iteration,200
W4,1000,1.5,16,HungarianMatcher+BellmanFordStrategy,800,positive,defect_at_iteration,199
W4,1000,1.5,16,HungarianMatcher+BellmanFordStrategy,801,positive,defect_at_iteration,198
W4,1000,1.5,16,HungarianMatcher+BellmanFordStrategy,802,positive,defect_at_iteration,197
W4,1000,1.5,16,HungarianMatcher+BellmanFordStrategy,803,positive,defect_at_iteration,196
W4,1000,1.5,16,HungarianMatcher+BellmanFordStrategy,804,positive,defect_at_iteration,195
W4,1000,1.5,16,HungarianMatcher+BellmanFordStrategy,805,positive,defect_at_iteration,194
W4,1000,1.5,16,HungarianMatcher+BellmanFordStrategy,806,positive,defect_at_iteration,193
W4,1000,1.5,16,HungarianMatcher+BellmanFordStrategy,807,positive,defect_at_iteration,192
W4,1000,1.5,16,HungarianMatcher+BellmanFordStrategy,808,positive,defect_at_iteration,191
W4,1000,1.5,16,HungarianMatcher+BellmanFordStrategy,809,positive,defect_at_iteration,190
W4,1000,1.5,16,HungarianMatcher+BellmanFordStrategy,810,positive,defect_at_iteration,189
W4,1000,1.5,16,HungarianMatcher+BellmanFordStrategy,811,positive,defect_at_iteration,188
W4,1000,1.5,16,HungarianMatcher+BellmanFordStrategy,812,positive,defect_at_iteration,187
W4,1000,1.5,16,HungarianMatcher+BellmanFordStrategy,813,positive,defect_at_iteration,186
W4,1000,1.5,16,HungarianMatcher+BellmanFordStrategy,814,positive,defect_at_iteration,185
W4,1000,1.5,16,HungarianMatcher+BellmanFordStrategy,815,positive,defect_at_iteration,184
W4,1000,1.5,16,HungarianMatcher+BellmanFordStrategy,816,positive,defect_at_iteration,183
W4,1000,1.5,16,HungarianMatcher+BellmanFordStrategy,817,positive,defect_at_iteration,182
W4,1000,1.5,16,HungarianMatcher+BellmanFordStrategy,818,positive,defect_at_iteration,181
W4,1000,1.5,16,HungarianMatcher+BellmanFordStrategy,819,positive,defect_at_iteration,180
W4,1000,1.5,16,HungarianMatcher+BellmanFordStrategy,820,positive,defect_at_iteration,179
W4,1000,1.5,16,HungarianMatcher+BellmanFordStrategy,821,positive,defect_at_iteration,178
W4,1000,1.5,16,HungarianMatcher+BellmanFordStrategy,822,positive,defect_at_iteration,177
W4,1000,1.5,16,HungarianMatcher+BellmanFordStrategy,823,positive,defect_at_iteration,176
W4,1000,1.5,16,HungarianMatcher+BellmanFordStrategy,824,positive,defect_at_iteration,175
W4,1000,1.5,16,HungarianMatcher+BellmanFordStrategy,825,positive,defect_at_iteration,174
W4,1000,1.5,16,HungarianMatcher+BellmanFordStrategy,826,positive,defect_at_iteration,173
W4,1000,1.5,16,HungarianMatcher+BellmanFordStrategy,827,positive,defect_at_iteration,172
W4,1000,1.5,16,HungarianMatcher+BellmanFordStrategy,828,positive,defect_at_iteration,171
W4,1000,1.5,16,HungarianMatcher+BellmanFordStrategy,829,positive,defect_at_iteration,170
W4,1000,1.5,16,HungarianMatcher+BellmanFordStrategy,830,positive,defect_at_iteration,169
W4,1000,1.5,16,HungarianMatcher+BellmanFordStrategy,831,positive,defect_at_iteration,168
W4,1000,1.5,16,HungarianMatcher+BellmanFordStrategy,832,positive,defect_at_iteration,167
W4,1000,1.5,16,HungarianMatcher+BellmanFordStrategy,833,positive,defect_at_iteration,166
W4,1000,1.5,16,HungarianMatcher+BellmanFordStrategy,834,positive,defect_at_iteration,165
W4,1000,1.5,16,HungarianMatcher+BellmanFordStrategy,835,positive,defect_at_iteration,164
W4,1000,1.5,16,HungarianMatcher+BellmanFordStrategy,836,positive,defect_at_iteration,163
W4,1000,1.5,16,HungarianMatcher+BellmanFordStrategy,837,positive,defect_at_iteration,162
W4,1000,1.5,16,HungarianMatcher+BellmanFordStrategy,838,positive,defect_at_iteration,161
W4,1000,1.5,16,HungarianMatcher+BellmanFordStrategy,839,positive,defect_at_iteration,160
W4,1000,1.5,16,HungarianMatcher+BellmanFordStrategy,840,positive,defect_at_iteration,159
W4,1000,1.5,16,HungarianMatcher+BellmanFordStrategy,841,positive,defect_at_iteration,158
W4,1000,1.5,16,HungarianMatcher+BellmanFordStrategy,842,positive,defect_at_iteration,157
W4,1000,1.5,16,HungarianMatcher+BellmanFordStrategy,843,positive,defect_at_iteration,156
W4,1000,1.5,16,HungarianMatcher+BellmanFordStrategy,844,positive,defect_at_iteration,155
W4,1000,1.5,16,HungarianMatcher+BellmanFordStrategy,845,positive,defect_at_iteration,154
W4,1000,1.5,16,HungarianMatcher+BellmanFordStrategy,846,positive,defect_at_iteration,153
W4,1000,1.5,16,HungarianMatcher+BellmanFordStrategy,847,positive,defect_at_iteration,152
W4,1000,1.5,16,HungarianMatcher+BellmanFordStrategy,848,positive,defect_at_iteration,151
W4,1000,1.5,16,HungarianMatcher+BellmanFordStrategy,849,positive,defect_at_iteration,150
W4,1000,1.5,16,HungarianMatcher+BellmanFordStrategy,850,positive,defect_at_iteration,149
W4,1000,1.5,16,HungarianMatcher+BellmanFordStrategy,851,positive,defect_at_iteration,148
W4,1000,1.5,16,HungarianMatcher+BellmanFordStrategy,852,positive,defect_at_iteration,147
W4,1000,1.5,16,HungarianMatcher+BellmanFordStrategy,853,positive,defect_at_iteration,146
W4,1000,1.5,16,HungarianMatcher+BellmanFordStrategy,854,positive,defect_at_iteration,145
W4,1000,1.5,16,HungarianMatcher+BellmanFordStrategy,855,positive,defect_at_iteration,144
W4,1000,1.5,16,HungarianMatcher+BellmanFordStrategy,856,positive,defect_at_iteration,143
W4,1000,1.5,16,HungarianMatcher+BellmanFordStrategy,857,positive,defect_at_iteration,142
W4,1000,1.5,16,HungarianMatcher+BellmanFordStrategy,858,positive,defect_at_iteration,141
W4,1000,1.5,16,HungarianMatcher+BellmanFordStrategy,859,positive,defect_at_iteration,140
W4,1000,1.5,16,HungarianMatcher+BellmanFordStrategy,860,positive,defect_at_iteration,139
W4,1000,1.5,16,HungarianMatcher+BellmanFordStrategy,861,positive,defect_at_iteration,138
W4,1000,1.5,16,HungarianMatcher+BellmanFordStrategy,862,positive,defect_at_iteration,137
W4,1000,1.5,16,HungarianMatcher+BellmanFordStrategy,863,positive,defect_at_iteration,136
W4,1000,1.5,16,HungarianMatcher+BellmanFordStrategy,864,positive,defect_at_iteration,135
W4,1000,1.5,16,HungarianMatcher+BellmanFordStrategy,865,positive,defect_at_iteration,134
W4,1000,1.5,16,HungarianMatcher+BellmanFordStrategy,866,positive,defect_at_iteration,133
W4,1000,1.5,16,HungarianMatcher+BellmanFordStrategy,867,positive,defect_at_iteration,132
W4,1000,1.5,16,HungarianMatcher+BellmanFordStrategy,868,positive,defect_at_iteration,131
W4,1000,1.5,16,HungarianMatcher+BellmanFordStrategy,869,positive,defect_at_iteration,130
W4,1000,1.5,16,HungarianMatcher+BellmanFordStrategy,870,positive,defect_at_iteration,129
W4,1000,1.5,16,HungarianMatcher+BellmanFordStrategy,871,positive,defect_at_iteration,128
W4,1000,1.5,16,HungarianMatcher+BellmanFordStrategy,872,positive,defect_at_iteration,127
W4,1000,1.5,16,HungarianMatcher+BellmanFordStrategy,873,positive,defect_at_iteration,126
W4,1000,1.5,16,HungarianMatcher+BellmanFordStrategy,874,positive,defect_at_iteration,125
W4,1000,1.5,16,HungarianMatcher+BellmanFordStrategy,875,positive,defect_at_iteration,124
W4,1000,1.5,16,HungarianMatcher+BellmanFordStrategy,876,positive,defect_at_iteration,123
W4,1000,1.5,16,HungarianMatcher+BellmanFordStrategy,877,positive,defect_at_iteration,122
W4,1000,1.5,16,HungarianMatcher+BellmanFordStrategy,878,positive,defect_at_iteration,121
W4,1000,1.5,16,HungarianMatcher+BellmanFordStrategy,879,positive,defect_at_iteration,120
W4,1000,1.5,16,HungarianMatcher+BellmanFordStrategy,880,positive,defect_at_iteration,119
W4,1000,1.5,16,HungarianMatcher+BellmanFordStrategy,881,positive,defect_at_iteration,118
W4,1000,1.5,16,HungarianMatcher+BellmanFordStrategy,882,positive,defect_at_iteration,117
W4,1000,1.5,16,HungarianMatcher+BellmanFordStrategy,883,positive,defect_at_iteration,116
W4,1000,1.5,16,HungarianMatcher+BellmanFordStrategy,884,positive,defect_at_iteration,115
W4,1000,1.5,16,HungarianMatcher+BellmanFordStrategy,885,positive,defect_at_iteration,114
W4,1000,1.5,16,HungarianMatcher+BellmanFordStrategy,886,positive,defect_at_iteration,113
W4,1000,1.5,16,HungarianMatcher+BellmanFordStrategy,887,positive,defect_at_iteration,112
W4,1000,1.5,16,HungarianMatcher+BellmanFordStrategy,888,positive,defect_at_iteration,111
W4,1000,1.5,16,HungarianMatcher+BellmanFordStrategy,889,positive,defect_at_iteration,110
W4,1000,1.5,16,HungarianMatcher+BellmanFordStrategy,890,positive,defect_at_iteration,109
W4,1000,1.5,16,HungarianMatcher+BellmanFordStrategy,891,positive,defect_at_iteration,108
W4,1000,1.5,16,HungarianMatcher+BellmanFordStrategy,892,positive,defect_at_iteration,107
W4,1000,1.5,16,HungarianMatcher+BellmanFordStrategy,893,positive,defect_at_iteration,106
W4,1000,1.5,16,HungarianMatcher+BellmanFordStrategy,894,positive,defect_at_iteration,105
W4,1000,1.5,16,HungarianMatcher+BellmanFordStrategy,895,positive,defect_at_iteration,104
W4,1000,1.5,16,HungarianMatcher+BellmanFordStrategy,896,positive,defect_at_iteration,103
W4,1000,1.5,16,HungarianMatcher+BellmanFordStrategy,897,positive,defect_at_iteration,102
W4,1000,1.5,16,HungarianMatcher+BellmanFordStrategy,898,positive,defect_at_iteration,101
W4,1000,1.5,16,HungarianMatcher+BellmanFordStrategy,899,positive,defect_at_iteration,100
W4,1000,1.5,16,HungarianMatcher+BellmanFordStrategy,900,positive,defect_at_iteration,99
W4,1000,1.5,16,HungarianMatcher+BellmanFordStrategy,901,positive,defect_at_iteration,98
W4,1000,1.5,16,HungarianMatcher+BellmanFordStrategy,902,positive,defect_at_iteration,97
W4,1000,1.5,16,HungarianMatcher+BellmanFordStrategy,903,positive,defect_at_iteration,96
W4,1000,1.5,16,HungarianMatcher+BellmanFordStrategy,904,positive,defect_at_iteration,95
W4,1000,1.5,16,HungarianMatcher+BellmanFordStrategy,905,positive,defect_at_iteration,94
W4,1000,1.5,16,HungarianMatcher+BellmanFordStrategy,906,positive,defect_at_iteration,93
W4,1000,1.5,16,HungarianMatcher+BellmanFordStrategy,907,positive,defect_at_iteration,92
W4,1000,1.5,16,HungarianMatcher+BellmanFordStrategy,908,positive,defect_at_iteration,91
W4,1000,1.5,16,HungarianMatcher+BellmanFordStrategy,909,positive,defect_at_iteration,90
W4,1000,1.5,16,HungarianMatcher+BellmanFordStrategy,910,positive,defect_at_iteration,89
W4,1000,1.5,16,HungarianMatcher+BellmanFordStrategy,911,positive,defect_at_iteration,88
W4,1000,1.5,16,HungarianMatcher+BellmanFordStrategy,912,positive,defect_at_iteration,87
W4,1000,1.5,16,HungarianMatcher+BellmanFordStrategy,913,positive,defect_at_iteration,86
W4,1000,1.5,16,HungarianMatcher+BellmanFordStrategy,914,positive,defect_at_iteration,85
W4,1000,1.5,16,HungarianMatcher+BellmanFordStrategy,915,positive,defect_at_iteration,84
W4,1000,1.5,16,HungarianMatcher+BellmanFordStrategy,916,positive,defect_at_iteration,83
W4,1000,1.5,16,HungarianMatcher+BellmanFordStrategy,917,positive,defect_at_iteration,82
W4,1000,1.5,16,HungarianMatcher+BellmanFordStrategy,918,positive,defect_at_iteration,81
W4,1000,1.5,16,HungarianMatcher+BellmanFordStrategy,919,positive,defect_at_iteration,80
W4,1000,1.5,16,HungarianMatcher+BellmanFordStrategy,920,positive,defect_at_iteration,79
W4,1000,1.5,16,HungarianMatcher+BellmanFordStrategy,921,positive,defect_at_iteration,78
W4,1000,1.5,16,HungarianMatcher+BellmanFordStrategy,922,positive,defect_at_iteration,77
W4,1000,1.5,16,HungarianMatcher+BellmanFordStrategy,923,positive,defect_at_iteration,76
W4,1000,1.5,16,HungarianMatcher+BellmanFordStrategy,924,positive,defect_at_iteration,75
W4,1000,1.5,16,HungarianMatcher+BellmanFordStrategy,925,positive,defect_at_iteration,74
W4,1000,1.5,16,HungarianMatcher+BellmanFordStrategy,926,positive,defect_at_iteration,73
W4,1000,1.5,16,HungarianMatcher+BellmanFordStrategy,927,positive,defect_at_iteration,72
W4,1000,1.5,16,HungarianMatcher+BellmanFordStrategy,928,positive,defect_at_iteration,71
W4,1000,1.5,16,HungarianMatcher+BellmanFordStrategy,929,positive,defect_at_iteration,70
W4,1000,1.5,16,HungarianMatcher+BellmanFordStrategy,930,positive,defect_at_iteration,69
W4,1000,1.5,16,HungarianMatcher+BellmanFordStrategy,931,positive,defect_at_iteration,68
W4,1000,1.5,16,HungarianMatcher+BellmanFordStrategy,932,positive,defect_at_iteration,67
W4,1000,1.5,16,HungarianMatcher+BellmanFordStrategy,933,positive,defect_at_iteration,66
W4,1000,1.5,16,HungarianMatcher+BellmanFordStrategy,934,positive,defect_at_iteration,65
W4,1000,1.5,16,HungarianMatcher+BellmanFordStrategy,935,positive,defect_at_iteration,64
W4,1000,1.5,16,HungarianMatcher+BellmanFordStrategy,936,positive,defect_at_iteration,63
W4,1000,1.5,16,HungarianMatcher+BellmanFordStrategy,937,positive,defect_at_iteration,62
W4,1000,1.5,16,HungarianMatcher+BellmanFordStrategy,938,positive,defect_at_iteration,61
W4,1000,1.5,16,HungarianMatcher+BellmanFordStrategy,939,positive,defect_at_iteration,60
W4,1000,1.5,16,HungarianMatcher+BellmanFordStrategy,940,positive,defect_at_iteration,59
W4,1000,1.5,16,HungarianMatcher+BellmanFordStrategy,941,positive,defect_at_iteration,58
W4,1000,1.5,16,HungarianMatcher+BellmanFordStrategy,942,positive,defect_at_iteration,57
W4,1000,1.5,16,HungarianMatcher+BellmanFordStrategy,943,positive,defect_at_iteration,56
W4,1000,1.5,16,HungarianMatcher+BellmanFordStrategy,944,positive,defect_at_iteration,55
W4,1000,1.5,16,HungarianMatcher+BellmanFordStrategy,945,positive,defect_at_iteration,54
W4,1000,1.5,16,HungarianMatcher+BellmanFordStrategy,946,positive,defect_at_iteration,53
W4,1000,1.5,16,HungarianMatcher+BellmanFordStrategy,947,positive,defect_at_iteration,52
W4,1000,1.5,16,HungarianMatcher+BellmanFordStrategy,948,positive,defect_at_iteration,51
W4,1000,1.5,16,HungarianMatcher+BellmanFordStrategy,949,positive,defect_at_iteration,50
W4,1000,1.5,16,HungarianMatcher+BellmanFordStrategy,950,positive,defect_at_iteration,49
W4,1000,1.5,16,HungarianMatcher+BellmanFordStrategy,951,positive,defect_at_iteration,48
W4,1000,1.5,16,HungarianMatcher+BellmanFordStrategy,952,positive,defect_at_iteration,47
W4,1000,1.5,16,HungarianMatcher+BellmanFordStrategy,953,positive,defect_at_iteration,46
W4,1000,1.5,16,HungarianMatcher+BellmanFordStrategy,954,positive,defect_at_iteration,45
W4,1000,1.5,16,HungarianMatcher+BellmanFordStrategy,955,positive,defect_at_iteration,44
W4,1000,1.5,16,HungarianMatcher+BellmanFordStrategy,956,positive,defect_at_iteration,43
W4,1000,1.5,16,HungarianMatcher+BellmanFordStrategy,957,positive,defect_at_iteration,42
W4,1000,1.5,16,HungarianMatcher+BellmanFordStrategy,958,positive,defect_at_iteration,41
W4,1000,1.5,16,HungarianMatcher+BellmanFordStrategy,959,positive,defect_at_iteration,40
W4,1000,1.5,16,HungarianMatcher+BellmanFordStrategy,960,positive,defect_at_iteration,39
W4,1000,1.5,16,HungarianMatcher+BellmanFordStrategy,961,positive,defect_at_iteration,38
W4,1000,1.5,16,HungarianMatcher+BellmanFordStrategy,962,positive,defect_at_iteration,37
W4,1000,1.5,16,HungarianMatcher+BellmanFordStrategy,963,positive,defect_at_iteration,36
W4,1000,1.5,16,HungarianMatcher+BellmanFordStrategy,964,positive,defect_at_iteration,35
W4,1000,1.5,16,HungarianMatcher+BellmanFordStrategy,965,positive,defect_at_iteration,34
W4,1000,1.5,16,HungarianMatcher+BellmanFordStrategy,966,positive,defect_at_iteration,33
W4,1000,1.5,16,HungarianMatcher+BellmanFordStrategy,967,positive,defect_at_iteration,32
W4,1000,1.5,16,HungarianMatcher+BellmanFordStrategy,968,positive,defect_at_iteration,31
W4,1000,1.5,16,HungarianMatcher+BellmanFordStrategy,969,positive,defect_at_iteration,30
W4,1000,1.5,16,HungarianMatcher+BellmanFordStrategy,970,positive,defect_at_iteration,29
W4,1000,1.5,16,HungarianMatcher+BellmanFordStrategy,971,positive,defect_at_iteration,28
W4,1000,1.5,16,HungarianMatcher+BellmanFordStrategy,972,positive,defect_at_iteration,27
W4,1000,1.5,16,HungarianMatcher+BellmanFordStrategy,973,positive,defect_at_iteration,26
W4,1000,1.5,16,HungarianMatcher+BellmanFordStrategy,974,positive,defect_at_iteration,25
W4,1000,1.5,16,HungarianMatcher+BellmanFordStrategy,975,positive,defect_at_iteration,24
W4,1000,1.5,16,HungarianMatcher+BellmanFordStrategy,976,positive,defect_at_iteration,23
W4,1000,1.5,16,HungarianMatcher+BellmanFordStrategy,977,positive,defect_at_iteration,22
W4,1000,1.5,16,HungarianMatcher+BellmanFordStrategy,978,positive,defect_at_iteration,21
W4,1000,1.5,16,HungarianMatcher+BellmanFordStrategy,979,positive,defect_at_iteration,20
W4,1000,1.5,16,HungarianMatcher+BellmanFordStrategy,980,positive,defect_at_iteration,19
W4,1000,1.5,16,HungarianMatcher+BellmanFordStrategy,981,positive,defect_at_iteration,18
W4,1000,1.5,16,HungarianMatcher+BellmanFordStrategy,982,positive,defect_at_iteration,17
W4,1000,1.5,16,HungarianMatcher+BellmanFordStrategy,983,positive,defect_at_iteration,16
W4,1000,1.5,16,HungarianMatcher+BellmanFordStrategy,984,positive,defect_at_iteration,15
W4,1000,1.5,16,HungarianMatcher+BellmanFordStrategy,985,positive,defect_at_iteration,14
W4,1000,1.5,16,HungarianMatcher+BellmanFordStrategy,986,positive,defect_at_iteration,13
W4,1000,1.5,16,HungarianMatcher+BellmanFordStrategy,987,positive,defect_at_iteration,12
W4,1000,1.5,16,HungarianMatcher+BellmanFordStrategy,988,positive,defect_at_iteration,11
W4,1000,1.5,16,HungarianMatcher+BellmanFordStrategy,989,positive,defect_at_iteration,10
W4,1000,1.5,16,HungarianMatcher+BellmanFordStrategy,990,positive,defect_at_iteration,9
W4,1000,1.5,16,HungarianMatcher+BellmanFordStrategy,991,positive,defect_at_iteration,8
W4,1000,1.5,16,HungarianMatcher+BellmanFordStrategy,992,positive,defect_at_iteration,7
W4,1000,1.5,16,HungarianMatcher+BellmanFordStrategy,993,positive,defect_at_iteration,6
W4,1000,1.5,16,HungarianMatcher+BellmanFordStrategy,994,positive,defect_at_iteration,5
W4,1000,1.5,16,HungarianMatcher+BellmanFordStrategy,995,positive,defect_at_iteration,4
W4,1000,1.5,16,HungarianMatcher+BellmanFordStrategy,996,positive,defect_at_iteration,3
W4,1000,1.5,16,HungarianMatcher+BellmanFordStrategy,997,positive,defect_at_iteration,2
W4,1000,1.5,16,HungarianMatcher+BellmanFordStrategy,998,positive,defect_at_iteration,1
W4,1000,1.5,16,HungarianMatcher+BellmanFordStrategy,999,positive,defect_at_iteration,0
W4,1000,1.5,16,HungarianMatcher+BellmanFordStrategy,-1,positive,augmentation_count,1000
W4,1000,1.5,16,HungarianMatcher+BellmanFordStrategy,-1,positive,matching_value,2.4088e+07
W4,1000,1.5,16,HungarianMatcher+BellmanFordStrategy,-1,positive,matching_size,1000
W4,1000,1.5,16,HungarianMatcher+BellmanFordStrategy,-1,positive,wall_clock_ms,6827.55
W4,1000,1.5,16,HungarianMatcher+JohnsonDijkstraStrategy,0,positive,edge_relaxations,31622
W4,1000,1.5,16,HungarianMatcher+JohnsonDijkstraStrategy,0,positive,defect_at_iteration,999
W4,1000,1.5,16,HungarianMatcher+JohnsonDijkstraStrategy,1,positive,edge_relaxations,31622
W4,1000,1.5,16,HungarianMatcher+JohnsonDijkstraStrategy,1,positive,defect_at_iteration,998
W4,1000,1.5,16,HungarianMatcher+JohnsonDijkstraStrategy,2,positive,edge_relaxations,31622
W4,1000,1.5,16,HungarianMatcher+JohnsonDijkstraStrategy,2,positive,defect_at_iteration,997
W4,1000,1.5,16,HungarianMatcher+JohnsonDijkstraStrategy,3,positive,edge_relaxations,31622
W4,1000,1.5,16,HungarianMatcher+JohnsonDijkstraStrategy,3,positive,defect_at_iteration,996
W4,1000,1.5,16,HungarianMatcher+JohnsonDijkstraStrategy,4,positive,edge_relaxations,31622
W4,1000,1.5,16,HungarianMatcher+JohnsonDijkstraStrategy,4,positive,defect_at_iteration,995
W4,1000,1.5,16,HungarianMatcher+JohnsonDijkstraStrategy,5,positive,edge_relaxations,31622
W4,1000,1.5,16,HungarianMatcher+JohnsonDijkstraStrategy,5,positive,defect_at_iteration,994
W4,1000,1.5,16,HungarianMatcher+JohnsonDijkstraStrategy,6,positive,edge_relaxations,31622
W4,1000,1.5,16,HungarianMatcher+JohnsonDijkstraStrategy,6,positive,defect_at_iteration,993
W4,1000,1.5,16,HungarianMatcher+JohnsonDijkstraStrategy,7,positive,edge_relaxations,31622
W4,1000,1.5,16,HungarianMatcher+JohnsonDijkstraStrategy,7,positive,defect_at_iteration,992
W4,1000,1.5,16,HungarianMatcher+JohnsonDijkstraStrategy,8,positive,edge_relaxations,31622
W4,1000,1.5,16,HungarianMatcher+JohnsonDijkstraStrategy,8,positive,defect_at_iteration,991
W4,1000,1.5,16,HungarianMatcher+JohnsonDijkstraStrategy,9,positive,edge_relaxations,31622
W4,1000,1.5,16,HungarianMatcher+JohnsonDijkstraStrategy,9,positive,defect_at_iteration,990
W4,1000,1.5,16,HungarianMatcher+JohnsonDijkstraStrategy,10,positive,edge_relaxations,31622
W4,1000,1.5,16,HungarianMatcher+JohnsonDijkstraStrategy,10,positive,defect_at_iteration,989
W4,1000,1.5,16,HungarianMatcher+JohnsonDijkstraStrategy,11,positive,edge_relaxations,31622
W4,1000,1.5,16,HungarianMatcher+JohnsonDijkstraStrategy,11,positive,defect_at_iteration,988
W4,1000,1.5,16,HungarianMatcher+JohnsonDijkstraStrategy,12,positive,edge_relaxations,31622
W4,1000,1.5,16,HungarianMatcher+JohnsonDijkstraStrategy,12,positive,defect_at_iteration,987
W4,1000,1.5,16,HungarianMatcher+JohnsonDijkstraStrategy,13,positive,edge_relaxations,31622
W4,1000,1.5,16,HungarianMatcher+JohnsonDijkstraStrategy,13,positive,defect_at_iteration,986
W4,1000,1.5,16,HungarianMatcher+JohnsonDijkstraStrategy,14,positive,edge_relaxations,31622
W4,1000,1.5,16,HungarianMatcher+JohnsonDijkstraStrategy,14,positive,defect_at_iteration,985
W4,1000,1.5,16,HungarianMatcher+JohnsonDijkstraStrategy,15,positive,edge_relaxations,31622
W4,1000,1.5,16,HungarianMatcher+JohnsonDijkstraStrategy,15,positive,defect_at_iteration,984
W4,1000,1.5,16,HungarianMatcher+JohnsonDijkstraStrategy,16,positive,edge_relaxations,31622
W4,1000,1.5,16,HungarianMatcher+JohnsonDijkstraStrategy,16,positive,defect_at_iteration,983
W4,1000,1.5,16,HungarianMatcher+JohnsonDijkstraStrategy,17,positive,edge_relaxations,31622
W4,1000,1.5,16,HungarianMatcher+JohnsonDijkstraStrategy,17,positive,defect_at_iteration,982
W4,1000,1.5,16,HungarianMatcher+JohnsonDijkstraStrategy,18,positive,edge_relaxations,31622
W4,1000,1.5,16,HungarianMatcher+JohnsonDijkstraStrategy,18,positive,defect_at_iteration,981
W4,1000,1.5,16,HungarianMatcher+JohnsonDijkstraStrategy,19,positive,edge_relaxations,31622
W4,1000,1.5,16,HungarianMatcher+JohnsonDijkstraStrategy,19,positive,defect_at_iteration,980
W4,1000,1.5,16,HungarianMatcher+JohnsonDijkstraStrategy,20,positive,edge_relaxations,31622
W4,1000,1.5,16,HungarianMatcher+JohnsonDijkstraStrategy,20,positive,defect_at_iteration,979
W4,1000,1.5,16,HungarianMatcher+JohnsonDijkstraStrategy,21,positive,edge_relaxations,31622
W4,1000,1.5,16,HungarianMatcher+JohnsonDijkstraStrategy,21,positive,defect_at_iteration,978
W4,1000,1.5,16,HungarianMatcher+JohnsonDijkstraStrategy,22,positive,edge_relaxations,31622
W4,1000,1.5,16,HungarianMatcher+JohnsonDijkstraStrategy,22,positive,defect_at_iteration,977
W4,1000,1.5,16,HungarianMatcher+JohnsonDijkstraStrategy,23,positive,edge_relaxations,31622
W4,1000,1.5,16,HungarianMatcher+JohnsonDijkstraStrategy,23,positive,defect_at_iteration,976
W4,1000,1.5,16,HungarianMatcher+JohnsonDijkstraStrategy,24,positive,edge_relaxations,31622
W4,1000,1.5,16,HungarianMatcher+JohnsonDijkstraStrategy,24,positive,defect_at_iteration,975
W4,1000,1.5,16,HungarianMatcher+JohnsonDijkstraStrategy,25,positive,edge_relaxations,31622
W4,1000,1.5,16,HungarianMatcher+JohnsonDijkstraStrategy,25,positive,defect_at_iteration,974
W4,1000,1.5,16,HungarianMatcher+JohnsonDijkstraStrategy,26,positive,edge_relaxations,31622
W4,1000,1.5,16,HungarianMatcher+JohnsonDijkstraStrategy,26,positive,defect_at_iteration,973
W4,1000,1.5,16,HungarianMatcher+JohnsonDijkstraStrategy,27,positive,edge_relaxations,31622
W4,1000,1.5,16,HungarianMatcher+JohnsonDijkstraStrategy,27,positive,defect_at_iteration,972
W4,1000,1.5,16,HungarianMatcher+JohnsonDijkstraStrategy,28,positive,edge_relaxations,31622
W4,1000,1.5,16,HungarianMatcher+JohnsonDijkstraStrategy,28,positive,defect_at_iteration,971
W4,1000,1.5,16,HungarianMatcher+JohnsonDijkstraStrategy,29,positive,edge_relaxations,31622
W4,1000,1.5,16,HungarianMatcher+JohnsonDijkstraStrategy,29,positive,defect_at_iteration,970
W4,1000,1.5,16,HungarianMatcher+JohnsonDijkstraStrategy,30,positive,edge_relaxations,31622
W4,1000,1.5,16,HungarianMatcher+JohnsonDijkstraStrategy,30,positive,defect_at_iteration,969
W4,1000,1.5,16,HungarianMatcher+JohnsonDijkstraStrategy,31,positive,edge_relaxations,31622
W4,1000,1.5,16,HungarianMatcher+JohnsonDijkstraStrategy,31,positive,defect_at_iteration,968
W4,1000,1.5,16,HungarianMatcher+JohnsonDijkstraStrategy,32,positive,edge_relaxations,31622
W4,1000,1.5,16,HungarianMatcher+JohnsonDijkstraStrategy,32,positive,defect_at_iteration,967
W4,1000,1.5,16,HungarianMatcher+JohnsonDijkstraStrategy,33,positive,edge_relaxations,31622
W4,1000,1.5,16,HungarianMatcher+JohnsonDijkstraStrategy,33,positive,defect_at_iteration,966
W4,1000,1.5,16,HungarianMatcher+JohnsonDijkstraStrategy,34,positive,edge_relaxations,31622
W4,1000,1.5,16,HungarianMatcher+JohnsonDijkstraStrategy,34,positive,defect_at_iteration,965
W4,1000,1.5,16,HungarianMatcher+JohnsonDijkstraStrategy,35,positive,edge_relaxations,31622
W4,1000,1.5,16,HungarianMatcher+JohnsonDijkstraStrategy,35,positive,defect_at_iteration,964
W4,1000,1.5,16,HungarianMatcher+JohnsonDijkstraStrategy,36,positive,edge_relaxations,31622
W4,1000,1.5,16,HungarianMatcher+JohnsonDijkstraStrategy,36,positive,defect_at_iteration,963
W4,1000,1.5,16,HungarianMatcher+JohnsonDijkstraStrategy,37,positive,edge_relaxations,31622
W4,1000,1.5,16,HungarianMatcher+JohnsonDijkstraStrategy,37,positive,defect_at_iteration,962
W4,1000,1.5,16,HungarianMatcher+JohnsonDijkstraStrategy,38,positive,edge_relaxations,31622
W4,1000,1.5,16,HungarianMatcher+JohnsonDijkstraStrategy,38,positive,defect_at_iteration,961
W4,1000,1.5,16,HungarianMatcher+JohnsonDijkstraStrategy,39,positive,edge_relaxations,31622
W4,1000,1.5,16,HungarianMatcher+JohnsonDijkstraStrategy,39,positive,defect_at_iteration,960
W4,1000,1.5,16,HungarianMatcher+JohnsonDijkstraStrategy,40,positive,edge_relaxations,31622
W4,1000,1.5,16,HungarianMatcher+JohnsonDijkstraStrategy,40,positive,defect_at_iteration,959
W4,1000,1.5,16,HungarianMatcher+JohnsonDijkstraStrategy,41,positive,edge_relaxations,31622
W4,1000,1.5,16,HungarianMatcher+JohnsonDijkstraStrategy,41,positive,defect_at_iteration,958
W4,1000,1.5,16,HungarianMatcher+JohnsonDijkstraStrategy,42,positive,edge_relaxations,31622
W4,1000,1.5,16,HungarianMatcher+JohnsonDijkstraStrategy,42,positive,defect_at_iteration,957
W4,1000,1.5,16,HungarianMatcher+JohnsonDijkstraStrategy,43,positive,edge_relaxations,31622
W4,1000,1.5,16,HungarianMatcher+JohnsonDijkstraStrategy,43,positive,defect_at_iteration,956
W4,1000,1.5,16,HungarianMatcher+JohnsonDijkstraStrategy,44,positive,edge_relaxations,31622
W4,1000,1.5,16,HungarianMatcher+JohnsonDijkstraStrategy,44,positive,defect_at_iteration,955
W4,1000,1.5,16,HungarianMatcher+JohnsonDijkstraStrategy,45,positive,edge_relaxations,31622
W4,1000,1.5,16,HungarianMatcher+JohnsonDijkstraStrategy,45,positive,defect_at_iteration,954
W4,1000,1.5,16,HungarianMatcher+JohnsonDijkstraStrategy,46,positive,edge_relaxations,31622
W4,1000,1.5,16,HungarianMatcher+JohnsonDijkstraStrategy,46,positive,defect_at_iteration,953
W4,1000,1.5,16,HungarianMatcher+JohnsonDijkstraStrategy,47,positive,edge_relaxations,31622
W4,1000,1.5,16,HungarianMatcher+JohnsonDijkstraStrategy,47,positive,defect_at_iteration,952
W4,1000,1.5,16,HungarianMatcher+JohnsonDijkstraStrategy,48,positive,edge_relaxations,31622
W4,1000,1.5,16,HungarianMatcher+JohnsonDijkstraStrategy,48,positive,defect_at_iteration,951
W4,1000,1.5,16,HungarianMatcher+JohnsonDijkstraStrategy,49,positive,edge_relaxations,31622
W4,1000,1.5,16,HungarianMatcher+JohnsonDijkstraStrategy,49,positive,defect_at_iteration,950
W4,1000,1.5,16,HungarianMatcher+JohnsonDijkstraStrategy,50,positive,edge_relaxations,31622
W4,1000,1.5,16,HungarianMatcher+JohnsonDijkstraStrategy,50,positive,defect_at_iteration,949
W4,1000,1.5,16,HungarianMatcher+JohnsonDijkstraStrategy,51,positive,edge_relaxations,31622
W4,1000,1.5,16,HungarianMatcher+JohnsonDijkstraStrategy,51,positive,defect_at_iteration,948
W4,1000,1.5,16,HungarianMatcher+JohnsonDijkstraStrategy,52,positive,edge_relaxations,31622
W4,1000,1.5,16,HungarianMatcher+JohnsonDijkstraStrategy,52,positive,defect_at_iteration,947
W4,1000,1.5,16,HungarianMatcher+JohnsonDijkstraStrategy,53,positive,edge_relaxations,31622
W4,1000,1.5,16,HungarianMatcher+JohnsonDijkstraStrategy,53,positive,defect_at_iteration,946
W4,1000,1.5,16,HungarianMatcher+JohnsonDijkstraStrategy,54,positive,edge_relaxations,31622
W4,1000,1.5,16,HungarianMatcher+JohnsonDijkstraStrategy,54,positive,defect_at_iteration,945
W4,1000,1.5,16,HungarianMatcher+JohnsonDijkstraStrategy,55,positive,edge_relaxations,31622
W4,1000,1.5,16,HungarianMatcher+JohnsonDijkstraStrategy,55,positive,defect_at_iteration,944
W4,1000,1.5,16,HungarianMatcher+JohnsonDijkstraStrategy,56,positive,edge_relaxations,31622
W4,1000,1.5,16,HungarianMatcher+JohnsonDijkstraStrategy,56,positive,defect_at_iteration,943
W4,1000,1.5,16,HungarianMatcher+JohnsonDijkstraStrategy,57,positive,edge_relaxations,31622
W4,1000,1.5,16,HungarianMatcher+JohnsonDijkstraStrategy,57,positive,defect_at_iteration,942
W4,1000,1.5,16,HungarianMatcher+JohnsonDijkstraStrategy,58,positive,edge_relaxations,31622
W4,1000,1.5,16,HungarianMatcher+JohnsonDijkstraStrategy,58,positive,defect_at_iteration,941
W4,1000,1.5,16,HungarianMatcher+JohnsonDijkstraStrategy,59,positive,edge_relaxations,31622
W4,1000,1.5,16,HungarianMatcher+JohnsonDijkstraStrategy,59,positive,defect_at_iteration,940
W4,1000,1.5,16,HungarianMatcher+JohnsonDijkstraStrategy,60,positive,edge_relaxations,31622
W4,1000,1.5,16,HungarianMatcher+JohnsonDijkstraStrategy,60,positive,defect_at_iteration,939
W4,1000,1.5,16,HungarianMatcher+JohnsonDijkstraStrategy,61,positive,edge_relaxations,31622
W4,1000,1.5,16,HungarianMatcher+JohnsonDijkstraStrategy,61,positive,defect_at_iteration,938
W4,1000,1.5,16,HungarianMatcher+JohnsonDijkstraStrategy,62,positive,edge_relaxations,31622
W4,1000,1.5,16,HungarianMatcher+JohnsonDijkstraStrategy,62,positive,defect_at_iteration,937
W4,1000,1.5,16,HungarianMatcher+JohnsonDijkstraStrategy,63,positive,edge_relaxations,31622
W4,1000,1.5,16,HungarianMatcher+JohnsonDijkstraStrategy,63,positive,defect_at_iteration,936
W4,1000,1.5,16,HungarianMatcher+JohnsonDijkstraStrategy,64,positive,edge_relaxations,31622
W4,1000,1.5,16,HungarianMatcher+JohnsonDijkstraStrategy,64,positive,defect_at_iteration,935
W4,1000,1.5,16,HungarianMatcher+JohnsonDijkstraStrategy,65,positive,edge_relaxations,31622
W4,1000,1.5,16,HungarianMatcher+JohnsonDijkstraStrategy,65,positive,defect_at_iteration,934
W4,1000,1.5,16,HungarianMatcher+JohnsonDijkstraStrategy,66,positive,edge_relaxations,31622
W4,1000,1.5,16,HungarianMatcher+JohnsonDijkstraStrategy,66,positive,defect_at_iteration,933
W4,1000,1.5,16,HungarianMatcher+JohnsonDijkstraStrategy,67,positive,edge_relaxations,31622
W4,1000,1.5,16,HungarianMatcher+JohnsonDijkstraStrategy,67,positive,defect_at_iteration,932
W4,1000,1.5,16,HungarianMatcher+JohnsonDijkstraStrategy,68,positive,edge_relaxations,31622
W4,1000,1.5,16,HungarianMatcher+JohnsonDijkstraStrategy,68,positive,defect_at_iteration,931
W4,1000,1.5,16,HungarianMatcher+JohnsonDijkstraStrategy,69,positive,edge_relaxations,31622
W4,1000,1.5,16,HungarianMatcher+JohnsonDijkstraStrategy,69,positive,defect_at_iteration,930
W4,1000,1.5,16,HungarianMatcher+JohnsonDijkstraStrategy,70,positive,edge_relaxations,31622
W4,1000,1.5,16,HungarianMatcher+JohnsonDijkstraStrategy,70,positive,defect_at_iteration,929
W4,1000,1.5,16,HungarianMatcher+JohnsonDijkstraStrategy,71,positive,edge_relaxations,31622
W4,1000,1.5,16,HungarianMatcher+JohnsonDijkstraStrategy,71,positive,defect_at_iteration,928
W4,1000,1.5,16,HungarianMatcher+JohnsonDijkstraStrategy,72,positive,edge_relaxations,31622
W4,1000,1.5,16,HungarianMatcher+JohnsonDijkstraStrategy,72,positive,defect_at_iteration,927
W4,1000,1.5,16,HungarianMatcher+JohnsonDijkstraStrategy,73,positive,edge_relaxations,31622
W4,1000,1.5,16,HungarianMatcher+JohnsonDijkstraStrategy,73,positive,defect_at_iteration,926
W4,1000,1.5,16,HungarianMatcher+JohnsonDijkstraStrategy,74,positive,edge_relaxations,31622
W4,1000,1.5,16,HungarianMatcher+JohnsonDijkstraStrategy,74,positive,defect_at_iteration,925
W4,1000,1.5,16,HungarianMatcher+JohnsonDijkstraStrategy,75,positive,edge_relaxations,31622
W4,1000,1.5,16,HungarianMatcher+JohnsonDijkstraStrategy,75,positive,defect_at_iteration,924
W4,1000,1.5,16,HungarianMatcher+JohnsonDijkstraStrategy,76,positive,edge_relaxations,31622
W4,1000,1.5,16,HungarianMatcher+JohnsonDijkstraStrategy,76,positive,defect_at_iteration,923
W4,1000,1.5,16,HungarianMatcher+JohnsonDijkstraStrategy,77,positive,edge_relaxations,31622
W4,1000,1.5,16,HungarianMatcher+JohnsonDijkstraStrategy,77,positive,defect_at_iteration,922
W4,1000,1.5,16,HungarianMatcher+JohnsonDijkstraStrategy,78,positive,edge_relaxations,31622
W4,1000,1.5,16,HungarianMatcher+JohnsonDijkstraStrategy,78,positive,defect_at_iteration,921
W4,1000,1.5,16,HungarianMatcher+JohnsonDijkstraStrategy,79,positive,edge_relaxations,31622
W4,1000,1.5,16,HungarianMatcher+JohnsonDijkstraStrategy,79,positive,defect_at_iteration,920
W4,1000,1.5,16,HungarianMatcher+JohnsonDijkstraStrategy,80,positive,edge_relaxations,31622
W4,1000,1.5,16,HungarianMatcher+JohnsonDijkstraStrategy,80,positive,defect_at_iteration,919
W4,1000,1.5,16,HungarianMatcher+JohnsonDijkstraStrategy,81,positive,edge_relaxations,31622
W4,1000,1.5,16,HungarianMatcher+JohnsonDijkstraStrategy,81,positive,defect_at_iteration,918
W4,1000,1.5,16,HungarianMatcher+JohnsonDijkstraStrategy,82,positive,edge_relaxations,31622
W4,1000,1.5,16,HungarianMatcher+JohnsonDijkstraStrategy,82,positive,defect_at_iteration,917
W4,1000,1.5,16,HungarianMatcher+JohnsonDijkstraStrategy,83,positive,edge_relaxations,31622
W4,1000,1.5,16,HungarianMatcher+JohnsonDijkstraStrategy,83,positive,defect_at_iteration,916
W4,1000,1.5,16,HungarianMatcher+JohnsonDijkstraStrategy,84,positive,edge_relaxations,31622
W4,1000,1.5,16,HungarianMatcher+JohnsonDijkstraStrategy,84,positive,defect_at_iteration,915
W4,1000,1.5,16,HungarianMatcher+JohnsonDijkstraStrategy,85,positive,edge_relaxations,31622
W4,1000,1.5,16,HungarianMatcher+JohnsonDijkstraStrategy,85,positive,defect_at_iteration,914
W4,1000,1.5,16,HungarianMatcher+JohnsonDijkstraStrategy,86,positive,edge_relaxations,31622
W4,1000,1.5,16,HungarianMatcher+JohnsonDijkstraStrategy,86,positive,defect_at_iteration,913
W4,1000,1.5,16,HungarianMatcher+JohnsonDijkstraStrategy,87,positive,edge_relaxations,31622
W4,1000,1.5,16,HungarianMatcher+JohnsonDijkstraStrategy,87,positive,defect_at_iteration,912
W4,1000,1.5,16,HungarianMatcher+JohnsonDijkstraStrategy,88,positive,edge_relaxations,31622
W4,1000,1.5,16,HungarianMatcher+JohnsonDijkstraStrategy,88,positive,defect_at_iteration,911
W4,1000,1.5,16,HungarianMatcher+JohnsonDijkstraStrategy,89,positive,edge_relaxations,31622
W4,1000,1.5,16,HungarianMatcher+JohnsonDijkstraStrategy,89,positive,defect_at_iteration,910
W4,1000,1.5,16,HungarianMatcher+JohnsonDijkstraStrategy,90,positive,edge_relaxations,31622
W4,1000,1.5,16,HungarianMatcher+JohnsonDijkstraStrategy,90,positive,defect_at_iteration,909
W4,1000,1.5,16,HungarianMatcher+JohnsonDijkstraStrategy,91,positive,edge_relaxations,31622
W4,1000,1.5,16,HungarianMatcher+JohnsonDijkstraStrategy,91,positive,defect_at_iteration,908
W4,1000,1.5,16,HungarianMatcher+JohnsonDijkstraStrategy,92,positive,edge_relaxations,31622
W4,1000,1.5,16,HungarianMatcher+JohnsonDijkstraStrategy,92,positive,defect_at_iteration,907
W4,1000,1.5,16,HungarianMatcher+JohnsonDijkstraStrategy,93,positive,edge_relaxations,31622
W4,1000,1.5,16,HungarianMatcher+JohnsonDijkstraStrategy,93,positive,defect_at_iteration,906
W4,1000,1.5,16,HungarianMatcher+JohnsonDijkstraStrategy,94,positive,edge_relaxations,31622
W4,1000,1.5,16,HungarianMatcher+JohnsonDijkstraStrategy,94,positive,defect_at_iteration,905
W4,1000,1.5,16,HungarianMatcher+JohnsonDijkstraStrategy,95,positive,edge_relaxations,31622
W4,1000,1.5,16,HungarianMatcher+JohnsonDijkstraStrategy,95,positive,defect_at_iteration,904
W4,1000,1.5,16,HungarianMatcher+JohnsonDijkstraStrategy,96,positive,edge_relaxations,31622
W4,1000,1.5,16,HungarianMatcher+JohnsonDijkstraStrategy,96,positive,defect_at_iteration,903
W4,1000,1.5,16,HungarianMatcher+JohnsonDijkstraStrategy,97,positive,edge_relaxations,31622
W4,1000,1.5,16,HungarianMatcher+JohnsonDijkstraStrategy,97,positive,defect_at_iteration,902
W4,1000,1.5,16,HungarianMatcher+JohnsonDijkstraStrategy,98,positive,edge_relaxations,31622
W4,1000,1.5,16,HungarianMatcher+JohnsonDijkstraStrategy,98,positive,defect_at_iteration,901
W4,1000,1.5,16,HungarianMatcher+JohnsonDijkstraStrategy,99,positive,edge_relaxations,31622
W4,1000,1.5,16,HungarianMatcher+JohnsonDijkstraStrategy,99,positive,defect_at_iteration,900
W4,1000,1.5,16,HungarianMatcher+JohnsonDijkstraStrategy,100,positive,edge_relaxations,31622
W4,1000,1.5,16,HungarianMatcher+JohnsonDijkstraStrategy,100,positive,defect_at_iteration,899
W4,1000,1.5,16,HungarianMatcher+JohnsonDijkstraStrategy,101,positive,edge_relaxations,31622
W4,1000,1.5,16,HungarianMatcher+JohnsonDijkstraStrategy,101,positive,defect_at_iteration,898
W4,1000,1.5,16,HungarianMatcher+JohnsonDijkstraStrategy,102,positive,edge_relaxations,31622
W4,1000,1.5,16,HungarianMatcher+JohnsonDijkstraStrategy,102,positive,defect_at_iteration,897
W4,1000,1.5,16,HungarianMatcher+JohnsonDijkstraStrategy,103,positive,edge_relaxations,31622
W4,1000,1.5,16,HungarianMatcher+JohnsonDijkstraStrategy,103,positive,defect_at_iteration,896
W4,1000,1.5,16,HungarianMatcher+JohnsonDijkstraStrategy,104,positive,edge_relaxations,31622
W4,1000,1.5,16,HungarianMatcher+JohnsonDijkstraStrategy,104,positive,defect_at_iteration,895
W4,1000,1.5,16,HungarianMatcher+JohnsonDijkstraStrategy,105,positive,edge_relaxations,31622
W4,1000,1.5,16,HungarianMatcher+JohnsonDijkstraStrategy,105,positive,defect_at_iteration,894
W4,1000,1.5,16,HungarianMatcher+JohnsonDijkstraStrategy,106,positive,edge_relaxations,31622
W4,1000,1.5,16,HungarianMatcher+JohnsonDijkstraStrategy,106,positive,defect_at_iteration,893
W4,1000,1.5,16,HungarianMatcher+JohnsonDijkstraStrategy,107,positive,edge_relaxations,31622
W4,1000,1.5,16,HungarianMatcher+JohnsonDijkstraStrategy,107,positive,defect_at_iteration,892
W4,1000,1.5,16,HungarianMatcher+JohnsonDijkstraStrategy,108,positive,edge_relaxations,31622
W4,1000,1.5,16,HungarianMatcher+JohnsonDijkstraStrategy,108,positive,defect_at_iteration,891
W4,1000,1.5,16,HungarianMatcher+JohnsonDijkstraStrategy,109,positive,edge_relaxations,31622
W4,1000,1.5,16,HungarianMatcher+JohnsonDijkstraStrategy,109,positive,defect_at_iteration,890
W4,1000,1.5,16,HungarianMatcher+JohnsonDijkstraStrategy,110,positive,edge_relaxations,31622
W4,1000,1.5,16,HungarianMatcher+JohnsonDijkstraStrategy,110,positive,defect_at_iteration,889
W4,1000,1.5,16,HungarianMatcher+JohnsonDijkstraStrategy,111,positive,edge_relaxations,31622
W4,1000,1.5,16,HungarianMatcher+JohnsonDijkstraStrategy,111,positive,defect_at_iteration,888
W4,1000,1.5,16,HungarianMatcher+JohnsonDijkstraStrategy,112,positive,edge_relaxations,31622
W4,1000,1.5,16,HungarianMatcher+JohnsonDijkstraStrategy,112,positive,defect_at_iteration,887
W4,1000,1.5,16,HungarianMatcher+JohnsonDijkstraStrategy,113,positive,edge_relaxations,31622
W4,1000,1.5,16,HungarianMatcher+JohnsonDijkstraStrategy,113,positive,defect_at_iteration,886
W4,1000,1.5,16,HungarianMatcher+JohnsonDijkstraStrategy,114,positive,edge_relaxations,31622
W4,1000,1.5,16,HungarianMatcher+JohnsonDijkstraStrategy,114,positive,defect_at_iteration,885
W4,1000,1.5,16,HungarianMatcher+JohnsonDijkstraStrategy,115,positive,edge_relaxations,31622
W4,1000,1.5,16,HungarianMatcher+JohnsonDijkstraStrategy,115,positive,defect_at_iteration,884
W4,1000,1.5,16,HungarianMatcher+JohnsonDijkstraStrategy,116,positive,edge_relaxations,31622
W4,1000,1.5,16,HungarianMatcher+JohnsonDijkstraStrategy,116,positive,defect_at_iteration,883
W4,1000,1.5,16,HungarianMatcher+JohnsonDijkstraStrategy,117,positive,edge_relaxations,31622
W4,1000,1.5,16,HungarianMatcher+JohnsonDijkstraStrategy,117,positive,defect_at_iteration,882
W4,1000,1.5,16,HungarianMatcher+JohnsonDijkstraStrategy,118,positive,edge_relaxations,31622
W4,1000,1.5,16,HungarianMatcher+JohnsonDijkstraStrategy,118,positive,defect_at_iteration,881
W4,1000,1.5,16,HungarianMatcher+JohnsonDijkstraStrategy,119,positive,edge_relaxations,31622
W4,1000,1.5,16,HungarianMatcher+JohnsonDijkstraStrategy,119,positive,defect_at_iteration,880
W4,1000,1.5,16,HungarianMatcher+JohnsonDijkstraStrategy,120,positive,edge_relaxations,31622
W4,1000,1.5,16,HungarianMatcher+JohnsonDijkstraStrategy,120,positive,defect_at_iteration,879
W4,1000,1.5,16,HungarianMatcher+JohnsonDijkstraStrategy,121,positive,edge_relaxations,31622
W4,1000,1.5,16,HungarianMatcher+JohnsonDijkstraStrategy,121,positive,defect_at_iteration,878
W4,1000,1.5,16,HungarianMatcher+JohnsonDijkstraStrategy,122,positive,edge_relaxations,31622
W4,1000,1.5,16,HungarianMatcher+JohnsonDijkstraStrategy,122,positive,defect_at_iteration,877
W4,1000,1.5,16,HungarianMatcher+JohnsonDijkstraStrategy,123,positive,edge_relaxations,31622
W4,1000,1.5,16,HungarianMatcher+JohnsonDijkstraStrategy,123,positive,defect_at_iteration,876
W4,1000,1.5,16,HungarianMatcher+JohnsonDijkstraStrategy,124,positive,edge_relaxations,31622
W4,1000,1.5,16,HungarianMatcher+JohnsonDijkstraStrategy,124,positive,defect_at_iteration,875
W4,1000,1.5,16,HungarianMatcher+JohnsonDijkstraStrategy,125,positive,edge_relaxations,31622
W4,1000,1.5,16,HungarianMatcher+JohnsonDijkstraStrategy,125,positive,defect_at_iteration,874
W4,1000,1.5,16,HungarianMatcher+JohnsonDijkstraStrategy,126,positive,edge_relaxations,31622
W4,1000,1.5,16,HungarianMatcher+JohnsonDijkstraStrategy,126,positive,defect_at_iteration,873
W4,1000,1.5,16,HungarianMatcher+JohnsonDijkstraStrategy,127,positive,edge_relaxations,31622
W4,1000,1.5,16,HungarianMatcher+JohnsonDijkstraStrategy,127,positive,defect_at_iteration,872
W4,1000,1.5,16,HungarianMatcher+JohnsonDijkstraStrategy,128,positive,edge_relaxations,31622
W4,1000,1.5,16,HungarianMatcher+JohnsonDijkstraStrategy,128,positive,defect_at_iteration,871
W4,1000,1.5,16,HungarianMatcher+JohnsonDijkstraStrategy,129,positive,edge_relaxations,31622
W4,1000,1.5,16,HungarianMatcher+JohnsonDijkstraStrategy,129,positive,defect_at_iteration,870
W4,1000,1.5,16,HungarianMatcher+JohnsonDijkstraStrategy,130,positive,edge_relaxations,31622
W4,1000,1.5,16,HungarianMatcher+JohnsonDijkstraStrategy,130,positive,defect_at_iteration,869
W4,1000,1.5,16,HungarianMatcher+JohnsonDijkstraStrategy,131,positive,edge_relaxations,31622
W4,1000,1.5,16,HungarianMatcher+JohnsonDijkstraStrategy,131,positive,defect_at_iteration,868
W4,1000,1.5,16,HungarianMatcher+JohnsonDijkstraStrategy,132,positive,edge_relaxations,31622
W4,1000,1.5,16,HungarianMatcher+JohnsonDijkstraStrategy,132,positive,defect_at_iteration,867
W4,1000,1.5,16,HungarianMatcher+JohnsonDijkstraStrategy,133,positive,edge_relaxations,31622
W4,1000,1.5,16,HungarianMatcher+JohnsonDijkstraStrategy,133,positive,defect_at_iteration,866
W4,1000,1.5,16,HungarianMatcher+JohnsonDijkstraStrategy,134,positive,edge_relaxations,31622
W4,1000,1.5,16,HungarianMatcher+JohnsonDijkstraStrategy,134,positive,defect_at_iteration,865
W4,1000,1.5,16,HungarianMatcher+JohnsonDijkstraStrategy,135,positive,edge_relaxations,31622
W4,1000,1.5,16,HungarianMatcher+JohnsonDijkstraStrategy,135,positive,defect_at_iteration,864
W4,1000,1.5,16,HungarianMatcher+JohnsonDijkstraStrategy,136,positive,edge_relaxations,31622
W4,1000,1.5,16,HungarianMatcher+JohnsonDijkstraStrategy,136,positive,defect_at_iteration,863
W4,1000,1.5,16,HungarianMatcher+JohnsonDijkstraStrategy,137,positive,edge_relaxations,31622
W4,1000,1.5,16,HungarianMatcher+JohnsonDijkstraStrategy,137,positive,defect_at_iteration,862
W4,1000,1.5,16,HungarianMatcher+JohnsonDijkstraStrategy,138,positive,edge_relaxations,31622
W4,1000,1.5,16,HungarianMatcher+JohnsonDijkstraStrategy,138,positive,defect_at_iteration,861
W4,1000,1.5,16,HungarianMatcher+JohnsonDijkstraStrategy,139,positive,edge_relaxations,31622
W4,1000,1.5,16,HungarianMatcher+JohnsonDijkstraStrategy,139,positive,defect_at_iteration,860
W4,1000,1.5,16,HungarianMatcher+JohnsonDijkstraStrategy,140,positive,edge_relaxations,31622
W4,1000,1.5,16,HungarianMatcher+JohnsonDijkstraStrategy,140,positive,defect_at_iteration,859
W4,1000,1.5,16,HungarianMatcher+JohnsonDijkstraStrategy,141,positive,edge_relaxations,31622
W4,1000,1.5,16,HungarianMatcher+JohnsonDijkstraStrategy,141,positive,defect_at_iteration,858
W4,1000,1.5,16,HungarianMatcher+JohnsonDijkstraStrategy,142,positive,edge_relaxations,31622
W4,1000,1.5,16,HungarianMatcher+JohnsonDijkstraStrategy,142,positive,defect_at_iteration,857
W4,1000,1.5,16,HungarianMatcher+JohnsonDijkstraStrategy,143,positive,edge_relaxations,31622
W4,1000,1.5,16,HungarianMatcher+JohnsonDijkstraStrategy,143,positive,defect_at_iteration,856
W4,1000,1.5,16,HungarianMatcher+JohnsonDijkstraStrategy,144,positive,edge_relaxations,31622
W4,1000,1.5,16,HungarianMatcher+JohnsonDijkstraStrategy,144,positive,defect_at_iteration,855
W4,1000,1.5,16,HungarianMatcher+JohnsonDijkstraStrategy,145,positive,edge_relaxations,31622
W4,1000,1.5,16,HungarianMatcher+JohnsonDijkstraStrategy,145,positive,defect_at_iteration,854
W4,1000,1.5,16,HungarianMatcher+JohnsonDijkstraStrategy,146,positive,edge_relaxations,31622
W4,1000,1.5,16,HungarianMatcher+JohnsonDijkstraStrategy,146,positive,defect_at_iteration,853
W4,1000,1.5,16,HungarianMatcher+JohnsonDijkstraStrategy,147,positive,edge_relaxations,31622
W4,1000,1.5,16,HungarianMatcher+JohnsonDijkstraStrategy,147,positive,defect_at_iteration,852
W4,1000,1.5,16,HungarianMatcher+JohnsonDijkstraStrategy,148,positive,edge_relaxations,31622
W4,1000,1.5,16,HungarianMatcher+JohnsonDijkstraStrategy,148,positive,defect_at_iteration,851
W4,1000,1.5,16,HungarianMatcher+JohnsonDijkstraStrategy,149,positive,edge_relaxations,31622
W4,1000,1.5,16,HungarianMatcher+JohnsonDijkstraStrategy,149,positive,defect_at_iteration,850
W4,1000,1.5,16,HungarianMatcher+JohnsonDijkstraStrategy,150,positive,edge_relaxations,31622
W4,1000,1.5,16,HungarianMatcher+JohnsonDijkstraStrategy,150,positive,defect_at_iteration,849
W4,1000,1.5,16,HungarianMatcher+JohnsonDijkstraStrategy,151,positive,edge_relaxations,31622
W4,1000,1.5,16,HungarianMatcher+JohnsonDijkstraStrategy,151,positive,defect_at_iteration,848
W4,1000,1.5,16,HungarianMatcher+JohnsonDijkstraStrategy,152,positive,edge_relaxations,31622
W4,1000,1.5,16,HungarianMatcher+JohnsonDijkstraStrategy,152,positive,defect_at_iteration,847
W4,1000,1.5,16,HungarianMatcher+JohnsonDijkstraStrategy,153,positive,edge_relaxations,31622
W4,1000,1.5,16,HungarianMatcher+JohnsonDijkstraStrategy,153,positive,defect_at_iteration,846
W4,1000,1.5,16,HungarianMatcher+JohnsonDijkstraStrategy,154,positive,edge_relaxations,31622
W4,1000,1.5,16,HungarianMatcher+JohnsonDijkstraStrategy,154,positive,defect_at_iteration,845
W4,1000,1.5,16,HungarianMatcher+JohnsonDijkstraStrategy,155,positive,edge_relaxations,31622
W4,1000,1.5,16,HungarianMatcher+JohnsonDijkstraStrategy,155,positive,defect_at_iteration,844
W4,1000,1.5,16,HungarianMatcher+JohnsonDijkstraStrategy,156,positive,edge_relaxations,31622
W4,1000,1.5,16,HungarianMatcher+JohnsonDijkstraStrategy,156,positive,defect_at_iteration,843
W4,1000,1.5,16,HungarianMatcher+JohnsonDijkstraStrategy,157,positive,edge_relaxations,31622
W4,1000,1.5,16,HungarianMatcher+JohnsonDijkstraStrategy,157,positive,defect_at_iteration,842
W4,1000,1.5,16,HungarianMatcher+JohnsonDijkstraStrategy,158,positive,edge_relaxations,31622
W4,1000,1.5,16,HungarianMatcher+JohnsonDijkstraStrategy,158,positive,defect_at_iteration,841
W4,1000,1.5,16,HungarianMatcher+JohnsonDijkstraStrategy,159,positive,edge_relaxations,31622
W4,1000,1.5,16,HungarianMatcher+JohnsonDijkstraStrategy,159,positive,defect_at_iteration,840
W4,1000,1.5,16,HungarianMatcher+JohnsonDijkstraStrategy,160,positive,edge_relaxations,31622
W4,1000,1.5,16,HungarianMatcher+JohnsonDijkstraStrategy,160,positive,defect_at_iteration,839
W4,1000,1.5,16,HungarianMatcher+JohnsonDijkstraStrategy,161,positive,edge_relaxations,31622
W4,1000,1.5,16,HungarianMatcher+JohnsonDijkstraStrategy,161,positive,defect_at_iteration,838
W4,1000,1.5,16,HungarianMatcher+JohnsonDijkstraStrategy,162,positive,edge_relaxations,31622
W4,1000,1.5,16,HungarianMatcher+JohnsonDijkstraStrategy,162,positive,defect_at_iteration,837
W4,1000,1.5,16,HungarianMatcher+JohnsonDijkstraStrategy,163,positive,edge_relaxations,31622
W4,1000,1.5,16,HungarianMatcher+JohnsonDijkstraStrategy,163,positive,defect_at_iteration,836
W4,1000,1.5,16,HungarianMatcher+JohnsonDijkstraStrategy,164,positive,edge_relaxations,31622
W4,1000,1.5,16,HungarianMatcher+JohnsonDijkstraStrategy,164,positive,defect_at_iteration,835
W4,1000,1.5,16,HungarianMatcher+JohnsonDijkstraStrategy,165,positive,edge_relaxations,31622
W4,1000,1.5,16,HungarianMatcher+JohnsonDijkstraStrategy,165,positive,defect_at_iteration,834
W4,1000,1.5,16,HungarianMatcher+JohnsonDijkstraStrategy,166,positive,edge_relaxations,31622
W4,1000,1.5,16,HungarianMatcher+JohnsonDijkstraStrategy,166,positive,defect_at_iteration,833
W4,1000,1.5,16,HungarianMatcher+JohnsonDijkstraStrategy,167,positive,edge_relaxations,31622
W4,1000,1.5,16,HungarianMatcher+JohnsonDijkstraStrategy,167,positive,defect_at_iteration,832
W4,1000,1.5,16,HungarianMatcher+JohnsonDijkstraStrategy,168,positive,edge_relaxations,31622
W4,1000,1.5,16,HungarianMatcher+JohnsonDijkstraStrategy,168,positive,defect_at_iteration,831
W4,1000,1.5,16,HungarianMatcher+JohnsonDijkstraStrategy,169,positive,edge_relaxations,31622
W4,1000,1.5,16,HungarianMatcher+JohnsonDijkstraStrategy,169,positive,defect_at_iteration,830
W4,1000,1.5,16,HungarianMatcher+JohnsonDijkstraStrategy,170,positive,edge_relaxations,31622
W4,1000,1.5,16,HungarianMatcher+JohnsonDijkstraStrategy,170,positive,defect_at_iteration,829
W4,1000,1.5,16,HungarianMatcher+JohnsonDijkstraStrategy,171,positive,edge_relaxations,31622
W4,1000,1.5,16,HungarianMatcher+JohnsonDijkstraStrategy,171,positive,defect_at_iteration,828
W4,1000,1.5,16,HungarianMatcher+JohnsonDijkstraStrategy,172,positive,edge_relaxations,31622
W4,1000,1.5,16,HungarianMatcher+JohnsonDijkstraStrategy,172,positive,defect_at_iteration,827
W4,1000,1.5,16,HungarianMatcher+JohnsonDijkstraStrategy,173,positive,edge_relaxations,31622
W4,1000,1.5,16,HungarianMatcher+JohnsonDijkstraStrategy,173,positive,defect_at_iteration,826
W4,1000,1.5,16,HungarianMatcher+JohnsonDijkstraStrategy,174,positive,edge_relaxations,31622
W4,1000,1.5,16,HungarianMatcher+JohnsonDijkstraStrategy,174,positive,defect_at_iteration,825
W4,1000,1.5,16,HungarianMatcher+JohnsonDijkstraStrategy,175,positive,edge_relaxations,31622
W4,1000,1.5,16,HungarianMatcher+JohnsonDijkstraStrategy,175,positive,defect_at_iteration,824
W4,1000,1.5,16,HungarianMatcher+JohnsonDijkstraStrategy,176,positive,edge_relaxations,31622
W4,1000,1.5,16,HungarianMatcher+JohnsonDijkstraStrategy,176,positive,defect_at_iteration,823
W4,1000,1.5,16,HungarianMatcher+JohnsonDijkstraStrategy,177,positive,edge_relaxations,31622
W4,1000,1.5,16,HungarianMatcher+JohnsonDijkstraStrategy,177,positive,defect_at_iteration,822
W4,1000,1.5,16,HungarianMatcher+JohnsonDijkstraStrategy,178,positive,edge_relaxations,31622
W4,1000,1.5,16,HungarianMatcher+JohnsonDijkstraStrategy,178,positive,defect_at_iteration,821
W4,1000,1.5,16,HungarianMatcher+JohnsonDijkstraStrategy,179,positive,edge_relaxations,31622
W4,1000,1.5,16,HungarianMatcher+JohnsonDijkstraStrategy,179,positive,defect_at_iteration,820
W4,1000,1.5,16,HungarianMatcher+JohnsonDijkstraStrategy,180,positive,edge_relaxations,31622
W4,1000,1.5,16,HungarianMatcher+JohnsonDijkstraStrategy,180,positive,defect_at_iteration,819
W4,1000,1.5,16,HungarianMatcher+JohnsonDijkstraStrategy,181,positive,edge_relaxations,31622
W4,1000,1.5,16,HungarianMatcher+JohnsonDijkstraStrategy,181,positive,defect_at_iteration,818
W4,1000,1.5,16,HungarianMatcher+JohnsonDijkstraStrategy,182,positive,edge_relaxations,31622
W4,1000,1.5,16,HungarianMatcher+JohnsonDijkstraStrategy,182,positive,defect_at_iteration,817
W4,1000,1.5,16,HungarianMatcher+JohnsonDijkstraStrategy,183,positive,edge_relaxations,31622
W4,1000,1.5,16,HungarianMatcher+JohnsonDijkstraStrategy,183,positive,defect_at_iteration,816
W4,1000,1.5,16,HungarianMatcher+JohnsonDijkstraStrategy,184,positive,edge_relaxations,31622
W4,1000,1.5,16,HungarianMatcher+JohnsonDijkstraStrategy,184,positive,defect_at_iteration,815
W4,1000,1.5,16,HungarianMatcher+JohnsonDijkstraStrategy,185,positive,edge_relaxations,31622
W4,1000,1.5,16,HungarianMatcher+JohnsonDijkstraStrategy,185,positive,defect_at_iteration,814
W4,1000,1.5,16,HungarianMatcher+JohnsonDijkstraStrategy,186,positive,edge_relaxations,31622
W4,1000,1.5,16,HungarianMatcher+JohnsonDijkstraStrategy,186,positive,defect_at_iteration,813
W4,1000,1.5,16,HungarianMatcher+JohnsonDijkstraStrategy,187,positive,edge_relaxations,31622
W4,1000,1.5,16,HungarianMatcher+JohnsonDijkstraStrategy,187,positive,defect_at_iteration,812
W4,1000,1.5,16,HungarianMatcher+JohnsonDijkstraStrategy,188,positive,edge_relaxations,31622
W4,1000,1.5,16,HungarianMatcher+JohnsonDijkstraStrategy,188,positive,defect_at_iteration,811
W4,1000,1.5,16,HungarianMatcher+JohnsonDijkstraStrategy,189,positive,edge_relaxations,31622
W4,1000,1.5,16,HungarianMatcher+JohnsonDijkstraStrategy,189,positive,defect_at_iteration,810
W4,1000,1.5,16,HungarianMatcher+JohnsonDijkstraStrategy,190,positive,edge_relaxations,31622
W4,1000,1.5,16,HungarianMatcher+JohnsonDijkstraStrategy,190,positive,defect_at_iteration,809
W4,1000,1.5,16,HungarianMatcher+JohnsonDijkstraStrategy,191,positive,edge_relaxations,31622
W4,1000,1.5,16,HungarianMatcher+JohnsonDijkstraStrategy,191,positive,defect_at_iteration,808
W4,1000,1.5,16,HungarianMatcher+JohnsonDijkstraStrategy,192,positive,edge_relaxations,31622
W4,1000,1.5,16,HungarianMatcher+JohnsonDijkstraStrategy,192,positive,defect_at_iteration,807
W4,1000,1.5,16,HungarianMatcher+JohnsonDijkstraStrategy,193,positive,edge_relaxations,31622
W4,1000,1.5,16,HungarianMatcher+JohnsonDijkstraStrategy,193,positive,defect_at_iteration,806
W4,1000,1.5,16,HungarianMatcher+JohnsonDijkstraStrategy,194,positive,edge_relaxations,31622
W4,1000,1.5,16,HungarianMatcher+JohnsonDijkstraStrategy,194,positive,defect_at_iteration,805
W4,1000,1.5,16,HungarianMatcher+JohnsonDijkstraStrategy,195,positive,edge_relaxations,31622
W4,1000,1.5,16,HungarianMatcher+JohnsonDijkstraStrategy,195,positive,defect_at_iteration,804
W4,1000,1.5,16,HungarianMatcher+JohnsonDijkstraStrategy,196,positive,edge_relaxations,31622
W4,1000,1.5,16,HungarianMatcher+JohnsonDijkstraStrategy,196,positive,defect_at_iteration,803
W4,1000,1.5,16,HungarianMatcher+JohnsonDijkstraStrategy,197,positive,edge_relaxations,31622
W4,1000,1.5,16,HungarianMatcher+JohnsonDijkstraStrategy,197,positive,defect_at_iteration,802
W4,1000,1.5,16,HungarianMatcher+JohnsonDijkstraStrategy,198,positive,edge_relaxations,31622
W4,1000,1.5,16,HungarianMatcher+JohnsonDijkstraStrategy,198,positive,defect_at_iteration,801
W4,1000,1.5,16,HungarianMatcher+JohnsonDijkstraStrategy,199,positive,edge_relaxations,31622
W4,1000,1.5,16,HungarianMatcher+JohnsonDijkstraStrategy,199,positive,defect_at_iteration,800
W4,1000,1.5,16,HungarianMatcher+JohnsonDijkstraStrategy,200,positive,edge_relaxations,31622
W4,1000,1.5,16,HungarianMatcher+JohnsonDijkstraStrategy,200,positive,defect_at_iteration,799
W4,1000,1.5,16,HungarianMatcher+JohnsonDijkstraStrategy,201,positive,edge_relaxations,31622
W4,1000,1.5,16,HungarianMatcher+JohnsonDijkstraStrategy,201,positive,defect_at_iteration,798
W4,1000,1.5,16,HungarianMatcher+JohnsonDijkstraStrategy,202,positive,edge_relaxations,31622
W4,1000,1.5,16,HungarianMatcher+JohnsonDijkstraStrategy,202,positive,defect_at_iteration,797
W4,1000,1.5,16,HungarianMatcher+JohnsonDijkstraStrategy,203,positive,edge_relaxations,31622
W4,1000,1.5,16,HungarianMatcher+JohnsonDijkstraStrategy,203,positive,defect_at_iteration,796
W4,1000,1.5,16,HungarianMatcher+JohnsonDijkstraStrategy,204,positive,edge_relaxations,31622
W4,1000,1.5,16,HungarianMatcher+JohnsonDijkstraStrategy,204,positive,defect_at_iteration,795
W4,1000,1.5,16,HungarianMatcher+JohnsonDijkstraStrategy,205,positive,edge_relaxations,31622
W4,1000,1.5,16,HungarianMatcher+JohnsonDijkstraStrategy,205,positive,defect_at_iteration,794
W4,1000,1.5,16,HungarianMatcher+JohnsonDijkstraStrategy,206,positive,edge_relaxations,31622
W4,1000,1.5,16,HungarianMatcher+JohnsonDijkstraStrategy,206,positive,defect_at_iteration,793
W4,1000,1.5,16,HungarianMatcher+JohnsonDijkstraStrategy,207,positive,edge_relaxations,31622
W4,1000,1.5,16,HungarianMatcher+JohnsonDijkstraStrategy,207,positive,defect_at_iteration,792
W4,1000,1.5,16,HungarianMatcher+JohnsonDijkstraStrategy,208,positive,edge_relaxations,31622
W4,1000,1.5,16,HungarianMatcher+JohnsonDijkstraStrategy,208,positive,defect_at_iteration,791
W4,1000,1.5,16,HungarianMatcher+JohnsonDijkstraStrategy,209,positive,edge_relaxations,31622
W4,1000,1.5,16,HungarianMatcher+JohnsonDijkstraStrategy,209,positive,defect_at_iteration,790
W4,1000,1.5,16,HungarianMatcher+JohnsonDijkstraStrategy,210,positive,edge_relaxations,31622
W4,1000,1.5,16,HungarianMatcher+JohnsonDijkstraStrategy,210,positive,defect_at_iteration,789
W4,1000,1.5,16,HungarianMatcher+JohnsonDijkstraStrategy,211,positive,edge_relaxations,31622
W4,1000,1.5,16,HungarianMatcher+JohnsonDijkstraStrategy,211,positive,defect_at_iteration,788
W4,1000,1.5,16,HungarianMatcher+JohnsonDijkstraStrategy,212,positive,edge_relaxations,31622
W4,1000,1.5,16,HungarianMatcher+JohnsonDijkstraStrategy,212,positive,defect_at_iteration,787
W4,1000,1.5,16,HungarianMatcher+JohnsonDijkstraStrategy,213,positive,edge_relaxations,31622
W4,1000,1.5,16,HungarianMatcher+JohnsonDijkstraStrategy,213,positive,defect_at_iteration,786
W4,1000,1.5,16,HungarianMatcher+JohnsonDijkstraStrategy,214,positive,edge_relaxations,31622
W4,1000,1.5,16,HungarianMatcher+JohnsonDijkstraStrategy,214,positive,defect_at_iteration,785
W4,1000,1.5,16,HungarianMatcher+JohnsonDijkstraStrategy,215,positive,edge_relaxations,31622
W4,1000,1.5,16,HungarianMatcher+JohnsonDijkstraStrategy,215,positive,defect_at_iteration,784
W4,1000,1.5,16,HungarianMatcher+JohnsonDijkstraStrategy,216,positive,edge_relaxations,31622
W4,1000,1.5,16,HungarianMatcher+JohnsonDijkstraStrategy,216,positive,defect_at_iteration,783
W4,1000,1.5,16,HungarianMatcher+JohnsonDijkstraStrategy,217,positive,edge_relaxations,31622
W4,1000,1.5,16,HungarianMatcher+JohnsonDijkstraStrategy,217,positive,defect_at_iteration,782
W4,1000,1.5,16,HungarianMatcher+JohnsonDijkstraStrategy,218,positive,edge_relaxations,31622
W4,1000,1.5,16,HungarianMatcher+JohnsonDijkstraStrategy,218,positive,defect_at_iteration,781
W4,1000,1.5,16,HungarianMatcher+JohnsonDijkstraStrategy,219,positive,edge_relaxations,31622
W4,1000,1.5,16,HungarianMatcher+JohnsonDijkstraStrategy,219,positive,defect_at_iteration,780
W4,1000,1.5,16,HungarianMatcher+JohnsonDijkstraStrategy,220,positive,edge_relaxations,31622
W4,1000,1.5,16,HungarianMatcher+JohnsonDijkstraStrategy,220,positive,defect_at_iteration,779
W4,1000,1.5,16,HungarianMatcher+JohnsonDijkstraStrategy,221,positive,edge_relaxations,31622
W4,1000,1.5,16,HungarianMatcher+JohnsonDijkstraStrategy,221,positive,defect_at_iteration,778
W4,1000,1.5,16,HungarianMatcher+JohnsonDijkstraStrategy,222,positive,edge_relaxations,31622
W4,1000,1.5,16,HungarianMatcher+JohnsonDijkstraStrategy,222,positive,defect_at_iteration,777
W4,1000,1.5,16,HungarianMatcher+JohnsonDijkstraStrategy,223,positive,edge_relaxations,31622
W4,1000,1.5,16,HungarianMatcher+JohnsonDijkstraStrategy,223,positive,defect_at_iteration,776
W4,1000,1.5,16,HungarianMatcher+JohnsonDijkstraStrategy,224,positive,edge_relaxations,31622
W4,1000,1.5,16,HungarianMatcher+JohnsonDijkstraStrategy,224,positive,defect_at_iteration,775
W4,1000,1.5,16,HungarianMatcher+JohnsonDijkstraStrategy,225,positive,edge_relaxations,31622
W4,1000,1.5,16,HungarianMatcher+JohnsonDijkstraStrategy,225,positive,defect_at_iteration,774
W4,1000,1.5,16,HungarianMatcher+JohnsonDijkstraStrategy,226,positive,edge_relaxations,31622
W4,1000,1.5,16,HungarianMatcher+JohnsonDijkstraStrategy,226,positive,defect_at_iteration,773
W4,1000,1.5,16,HungarianMatcher+JohnsonDijkstraStrategy,227,positive,edge_relaxations,31622
W4,1000,1.5,16,HungarianMatcher+JohnsonDijkstraStrategy,227,positive,defect_at_iteration,772
W4,1000,1.5,16,HungarianMatcher+JohnsonDijkstraStrategy,228,positive,edge_relaxations,31622
W4,1000,1.5,16,HungarianMatcher+JohnsonDijkstraStrategy,228,positive,defect_at_iteration,771
W4,1000,1.5,16,HungarianMatcher+JohnsonDijkstraStrategy,229,positive,edge_relaxations,31622
W4,1000,1.5,16,HungarianMatcher+JohnsonDijkstraStrategy,229,positive,defect_at_iteration,770
W4,1000,1.5,16,HungarianMatcher+JohnsonDijkstraStrategy,230,positive,edge_relaxations,31622
W4,1000,1.5,16,HungarianMatcher+JohnsonDijkstraStrategy,230,positive,defect_at_iteration,769
W4,1000,1.5,16,HungarianMatcher+JohnsonDijkstraStrategy,231,positive,edge_relaxations,31622
W4,1000,1.5,16,HungarianMatcher+JohnsonDijkstraStrategy,231,positive,defect_at_iteration,768
W4,1000,1.5,16,HungarianMatcher+JohnsonDijkstraStrategy,232,positive,edge_relaxations,31622
W4,1000,1.5,16,HungarianMatcher+JohnsonDijkstraStrategy,232,positive,defect_at_iteration,767
W4,1000,1.5,16,HungarianMatcher+JohnsonDijkstraStrategy,233,positive,edge_relaxations,31622
W4,1000,1.5,16,HungarianMatcher+JohnsonDijkstraStrategy,233,positive,defect_at_iteration,766
W4,1000,1.5,16,HungarianMatcher+JohnsonDijkstraStrategy,234,positive,edge_relaxations,31622
W4,1000,1.5,16,HungarianMatcher+JohnsonDijkstraStrategy,234,positive,defect_at_iteration,765
W4,1000,1.5,16,HungarianMatcher+JohnsonDijkstraStrategy,235,positive,edge_relaxations,31622
W4,1000,1.5,16,HungarianMatcher+JohnsonDijkstraStrategy,235,positive,defect_at_iteration,764
W4,1000,1.5,16,HungarianMatcher+JohnsonDijkstraStrategy,236,positive,edge_relaxations,31622
W4,1000,1.5,16,HungarianMatcher+JohnsonDijkstraStrategy,236,positive,defect_at_iteration,763
W4,1000,1.5,16,HungarianMatcher+JohnsonDijkstraStrategy,237,positive,edge_relaxations,31622
W4,1000,1.5,16,HungarianMatcher+JohnsonDijkstraStrategy,237,positive,defect_at_iteration,762
W4,1000,1.5,16,HungarianMatcher+JohnsonDijkstraStrategy,238,positive,edge_relaxations,31622
W4,1000,1.5,16,HungarianMatcher+JohnsonDijkstraStrategy,238,positive,defect_at_iteration,761
W4,1000,1.5,16,HungarianMatcher+JohnsonDijkstraStrategy,239,positive,edge_relaxations,31622
W4,1000,1.5,16,HungarianMatcher+JohnsonDijkstraStrategy,239,positive,defect_at_iteration,760
W4,1000,1.5,16,HungarianMatcher+JohnsonDijkstraStrategy,240,positive,edge_relaxations,31622
W4,1000,1.5,16,HungarianMatcher+JohnsonDijkstraStrategy,240,positive,defect_at_iteration,759
W4,1000,1.5,16,HungarianMatcher+JohnsonDijkstraStrategy,241,positive,edge_relaxations,31622
W4,1000,1.5,16,HungarianMatcher+JohnsonDijkstraStrategy,241,positive,defect_at_iteration,758
W4,1000,1.5,16,HungarianMatcher+JohnsonDijkstraStrategy,242,positive,edge_relaxations,31622
W4,1000,1.5,16,HungarianMatcher+JohnsonDijkstraStrategy,242,positive,defect_at_iteration,757
W4,1000,1.5,16,HungarianMatcher+JohnsonDijkstraStrategy,243,positive,edge_relaxations,31622
W4,1000,1.5,16,HungarianMatcher+JohnsonDijkstraStrategy,243,positive,defect_at_iteration,756
W4,1000,1.5,16,HungarianMatcher+JohnsonDijkstraStrategy,244,positive,edge_relaxations,31622
W4,1000,1.5,16,HungarianMatcher+JohnsonDijkstraStrategy,244,positive,defect_at_iteration,755
W4,1000,1.5,16,HungarianMatcher+JohnsonDijkstraStrategy,245,positive,edge_relaxations,31622
W4,1000,1.5,16,HungarianMatcher+JohnsonDijkstraStrategy,245,positive,defect_at_iteration,754
W4,1000,1.5,16,HungarianMatcher+JohnsonDijkstraStrategy,246,positive,edge_relaxations,31622
W4,1000,1.5,16,HungarianMatcher+JohnsonDijkstraStrategy,246,positive,defect_at_iteration,753
W4,1000,1.5,16,HungarianMatcher+JohnsonDijkstraStrategy,247,positive,edge_relaxations,31622
W4,1000,1.5,16,HungarianMatcher+JohnsonDijkstraStrategy,247,positive,defect_at_iteration,752
W4,1000,1.5,16,HungarianMatcher+JohnsonDijkstraStrategy,248,positive,edge_relaxations,31622
W4,1000,1.5,16,HungarianMatcher+JohnsonDijkstraStrategy,248,positive,defect_at_iteration,751
W4,1000,1.5,16,HungarianMatcher+JohnsonDijkstraStrategy,249,positive,edge_relaxations,31622
W4,1000,1.5,16,HungarianMatcher+JohnsonDijkstraStrategy,249,positive,defect_at_iteration,750
W4,1000,1.5,16,HungarianMatcher+JohnsonDijkstraStrategy,250,positive,edge_relaxations,31622
W4,1000,1.5,16,HungarianMatcher+JohnsonDijkstraStrategy,250,positive,defect_at_iteration,749
W4,1000,1.5,16,HungarianMatcher+JohnsonDijkstraStrategy,251,positive,edge_relaxations,31622
W4,1000,1.5,16,HungarianMatcher+JohnsonDijkstraStrategy,251,positive,defect_at_iteration,748
W4,1000,1.5,16,HungarianMatcher+JohnsonDijkstraStrategy,252,positive,edge_relaxations,31622
W4,1000,1.5,16,HungarianMatcher+JohnsonDijkstraStrategy,252,positive,defect_at_iteration,747
W4,1000,1.5,16,HungarianMatcher+JohnsonDijkstraStrategy,253,positive,edge_relaxations,31622
W4,1000,1.5,16,HungarianMatcher+JohnsonDijkstraStrategy,253,positive,defect_at_iteration,746
W4,1000,1.5,16,HungarianMatcher+JohnsonDijkstraStrategy,254,positive,edge_relaxations,31622
W4,1000,1.5,16,HungarianMatcher+JohnsonDijkstraStrategy,254,positive,defect_at_iteration,745
W4,1000,1.5,16,HungarianMatcher+JohnsonDijkstraStrategy,255,positive,edge_relaxations,31622
W4,1000,1.5,16,HungarianMatcher+JohnsonDijkstraStrategy,255,positive,defect_at_iteration,744
W4,1000,1.5,16,HungarianMatcher+JohnsonDijkstraStrategy,256,positive,edge_relaxations,31622
W4,1000,1.5,16,HungarianMatcher+JohnsonDijkstraStrategy,256,positive,defect_at_iteration,743
W4,1000,1.5,16,HungarianMatcher+JohnsonDijkstraStrategy,257,positive,edge_relaxations,31622
W4,1000,1.5,16,HungarianMatcher+JohnsonDijkstraStrategy,257,positive,defect_at_iteration,742
W4,1000,1.5,16,HungarianMatcher+JohnsonDijkstraStrategy,258,positive,edge_relaxations,31622
W4,1000,1.5,16,HungarianMatcher+JohnsonDijkstraStrategy,258,positive,defect_at_iteration,741
W4,1000,1.5,16,HungarianMatcher+JohnsonDijkstraStrategy,259,positive,edge_relaxations,31622
W4,1000,1.5,16,HungarianMatcher+JohnsonDijkstraStrategy,259,positive,defect_at_iteration,740
W4,1000,1.5,16,HungarianMatcher+JohnsonDijkstraStrategy,260,positive,edge_relaxations,31622
W4,1000,1.5,16,HungarianMatcher+JohnsonDijkstraStrategy,260,positive,defect_at_iteration,739
W4,1000,1.5,16,HungarianMatcher+JohnsonDijkstraStrategy,261,positive,edge_relaxations,31622
W4,1000,1.5,16,HungarianMatcher+JohnsonDijkstraStrategy,261,positive,defect_at_iteration,738
W4,1000,1.5,16,HungarianMatcher+JohnsonDijkstraStrategy,262,positive,edge_relaxations,31622
W4,1000,1.5,16,HungarianMatcher+JohnsonDijkstraStrategy,262,positive,defect_at_iteration,737
W4,1000,1.5,16,HungarianMatcher+JohnsonDijkstraStrategy,263,positive,edge_relaxations,31622
W4,1000,1.5,16,HungarianMatcher+JohnsonDijkstraStrategy,263,positive,defect_at_iteration,736
W4,1000,1.5,16,HungarianMatcher+JohnsonDijkstraStrategy,264,positive,edge_relaxations,31622
W4,1000,1.5,16,HungarianMatcher+JohnsonDijkstraStrategy,264,positive,defect_at_iteration,735
W4,1000,1.5,16,HungarianMatcher+JohnsonDijkstraStrategy,265,positive,edge_relaxations,31622
W4,1000,1.5,16,HungarianMatcher+JohnsonDijkstraStrategy,265,positive,defect_at_iteration,734
W4,1000,1.5,16,HungarianMatcher+JohnsonDijkstraStrategy,266,positive,edge_relaxations,31622
W4,1000,1.5,16,HungarianMatcher+JohnsonDijkstraStrategy,266,positive,defect_at_iteration,733
W4,1000,1.5,16,HungarianMatcher+JohnsonDijkstraStrategy,267,positive,edge_relaxations,31622
W4,1000,1.5,16,HungarianMatcher+JohnsonDijkstraStrategy,267,positive,defect_at_iteration,732
W4,1000,1.5,16,HungarianMatcher+JohnsonDijkstraStrategy,268,positive,edge_relaxations,31622
W4,1000,1.5,16,HungarianMatcher+JohnsonDijkstraStrategy,268,positive,defect_at_iteration,731
W4,1000,1.5,16,HungarianMatcher+JohnsonDijkstraStrategy,269,positive,edge_relaxations,31622
W4,1000,1.5,16,HungarianMatcher+JohnsonDijkstraStrategy,269,positive,defect_at_iteration,730
W4,1000,1.5,16,HungarianMatcher+JohnsonDijkstraStrategy,270,positive,edge_relaxations,31622
W4,1000,1.5,16,HungarianMatcher+JohnsonDijkstraStrategy,270,positive,defect_at_iteration,729
W4,1000,1.5,16,HungarianMatcher+JohnsonDijkstraStrategy,271,positive,edge_relaxations,31622
W4,1000,1.5,16,HungarianMatcher+JohnsonDijkstraStrategy,271,positive,defect_at_iteration,728
W4,1000,1.5,16,HungarianMatcher+JohnsonDijkstraStrategy,272,positive,edge_relaxations,31622
W4,1000,1.5,16,HungarianMatcher+JohnsonDijkstraStrategy,272,positive,defect_at_iteration,727
W4,1000,1.5,16,HungarianMatcher+JohnsonDijkstraStrategy,273,positive,edge_relaxations,31622
W4,1000,1.5,16,HungarianMatcher+JohnsonDijkstraStrategy,273,positive,defect_at_iteration,726
W4,1000,1.5,16,HungarianMatcher+JohnsonDijkstraStrategy,274,positive,edge_relaxations,31622
W4,1000,1.5,16,HungarianMatcher+JohnsonDijkstraStrategy,274,positive,defect_at_iteration,725
W4,1000,1.5,16,HungarianMatcher+JohnsonDijkstraStrategy,275,positive,edge_relaxations,31622
W4,1000,1.5,16,HungarianMatcher+JohnsonDijkstraStrategy,275,positive,defect_at_iteration,724
W4,1000,1.5,16,HungarianMatcher+JohnsonDijkstraStrategy,276,positive,edge_relaxations,31622
W4,1000,1.5,16,HungarianMatcher+JohnsonDijkstraStrategy,276,positive,defect_at_iteration,723
W4,1000,1.5,16,HungarianMatcher+JohnsonDijkstraStrategy,277,positive,edge_relaxations,31622
W4,1000,1.5,16,HungarianMatcher+JohnsonDijkstraStrategy,277,positive,defect_at_iteration,722
W4,1000,1.5,16,HungarianMatcher+JohnsonDijkstraStrategy,278,positive,edge_relaxations,31622
W4,1000,1.5,16,HungarianMatcher+JohnsonDijkstraStrategy,278,positive,defect_at_iteration,721
W4,1000,1.5,16,HungarianMatcher+JohnsonDijkstraStrategy,279,positive,edge_relaxations,31622
W4,1000,1.5,16,HungarianMatcher+JohnsonDijkstraStrategy,279,positive,defect_at_iteration,720
W4,1000,1.5,16,HungarianMatcher+JohnsonDijkstraStrategy,280,positive,edge_relaxations,31622
W4,1000,1.5,16,HungarianMatcher+JohnsonDijkstraStrategy,280,positive,defect_at_iteration,719
W4,1000,1.5,16,HungarianMatcher+JohnsonDijkstraStrategy,281,positive,edge_relaxations,31622
W4,1000,1.5,16,HungarianMatcher+JohnsonDijkstraStrategy,281,positive,defect_at_iteration,718
W4,1000,1.5,16,HungarianMatcher+JohnsonDijkstraStrategy,282,positive,edge_relaxations,31622
W4,1000,1.5,16,HungarianMatcher+JohnsonDijkstraStrategy,282,positive,defect_at_iteration,717
W4,1000,1.5,16,HungarianMatcher+JohnsonDijkstraStrategy,283,positive,edge_relaxations,31622
W4,1000,1.5,16,HungarianMatcher+JohnsonDijkstraStrategy,283,positive,defect_at_iteration,716
W4,1000,1.5,16,HungarianMatcher+JohnsonDijkstraStrategy,284,positive,edge_relaxations,31622
W4,1000,1.5,16,HungarianMatcher+JohnsonDijkstraStrategy,284,positive,defect_at_iteration,715
W4,1000,1.5,16,HungarianMatcher+JohnsonDijkstraStrategy,285,positive,edge_relaxations,31622
W4,1000,1.5,16,HungarianMatcher+JohnsonDijkstraStrategy,285,positive,defect_at_iteration,714
W4,1000,1.5,16,HungarianMatcher+JohnsonDijkstraStrategy,286,positive,edge_relaxations,31622
W4,1000,1.5,16,HungarianMatcher+JohnsonDijkstraStrategy,286,positive,defect_at_iteration,713
W4,1000,1.5,16,HungarianMatcher+JohnsonDijkstraStrategy,287,positive,edge_relaxations,31622
W4,1000,1.5,16,HungarianMatcher+JohnsonDijkstraStrategy,287,positive,defect_at_iteration,712
W4,1000,1.5,16,HungarianMatcher+JohnsonDijkstraStrategy,288,positive,edge_relaxations,31622
W4,1000,1.5,16,HungarianMatcher+JohnsonDijkstraStrategy,288,positive,defect_at_iteration,711
W4,1000,1.5,16,HungarianMatcher+JohnsonDijkstraStrategy,289,positive,edge_relaxations,31622
W4,1000,1.5,16,HungarianMatcher+JohnsonDijkstraStrategy,289,positive,defect_at_iteration,710
W4,1000,1.5,16,HungarianMatcher+JohnsonDijkstraStrategy,290,positive,edge_relaxations,31622
W4,1000,1.5,16,HungarianMatcher+JohnsonDijkstraStrategy,290,positive,defect_at_iteration,709
W4,1000,1.5,16,HungarianMatcher+JohnsonDijkstraStrategy,291,positive,edge_relaxations,31622
W4,1000,1.5,16,HungarianMatcher+JohnsonDijkstraStrategy,291,positive,defect_at_iteration,708
W4,1000,1.5,16,HungarianMatcher+JohnsonDijkstraStrategy,292,positive,edge_relaxations,31622
W4,1000,1.5,16,HungarianMatcher+JohnsonDijkstraStrategy,292,positive,defect_at_iteration,707
W4,1000,1.5,16,HungarianMatcher+JohnsonDijkstraStrategy,293,positive,edge_relaxations,31622
W4,1000,1.5,16,HungarianMatcher+JohnsonDijkstraStrategy,293,positive,defect_at_iteration,706
W4,1000,1.5,16,HungarianMatcher+JohnsonDijkstraStrategy,294,positive,edge_relaxations,31622
W4,1000,1.5,16,HungarianMatcher+JohnsonDijkstraStrategy,294,positive,defect_at_iteration,705
W4,1000,1.5,16,HungarianMatcher+JohnsonDijkstraStrategy,295,positive,edge_relaxations,31622
W4,1000,1.5,16,HungarianMatcher+JohnsonDijkstraStrategy,295,positive,defect_at_iteration,704
W4,1000,1.5,16,HungarianMatcher+JohnsonDijkstraStrategy,296,positive,edge_relaxations,31622
W4,1000,1.5,16,HungarianMatcher+JohnsonDijkstraStrategy,296,positive,defect_at_iteration,703
W4,1000,1.5,16,HungarianMatcher+JohnsonDijkstraStrategy,297,positive,edge_relaxations,31622
W4,1000,1.5,16,HungarianMatcher+JohnsonDijkstraStrategy,297,positive,defect_at_iteration,702
W4,1000,1.5,16,HungarianMatcher+JohnsonDijkstraStrategy,298,positive,edge_relaxations,31622
W4,1000,1.5,16,HungarianMatcher+JohnsonDijkstraStrategy,298,positive,defect_at_iteration,701
W4,1000,1.5,16,HungarianMatcher+JohnsonDijkstraStrategy,299,positive,edge_relaxations,31622
W4,1000,1.5,16,HungarianMatcher+JohnsonDijkstraStrategy,299,positive,defect_at_iteration,700
W4,1000,1.5,16,HungarianMatcher+JohnsonDijkstraStrategy,300,positive,edge_relaxations,31622
W4,1000,1.5,16,HungarianMatcher+JohnsonDijkstraStrategy,300,positive,defect_at_iteration,699
W4,1000,1.5,16,HungarianMatcher+JohnsonDijkstraStrategy,301,positive,edge_relaxations,31622
W4,1000,1.5,16,HungarianMatcher+JohnsonDijkstraStrategy,301,positive,defect_at_iteration,698
W4,1000,1.5,16,HungarianMatcher+JohnsonDijkstraStrategy,302,positive,edge_relaxations,31622
W4,1000,1.5,16,HungarianMatcher+JohnsonDijkstraStrategy,302,positive,defect_at_iteration,697
W4,1000,1.5,16,HungarianMatcher+JohnsonDijkstraStrategy,303,positive,edge_relaxations,31622
W4,1000,1.5,16,HungarianMatcher+JohnsonDijkstraStrategy,303,positive,defect_at_iteration,696
W4,1000,1.5,16,HungarianMatcher+JohnsonDijkstraStrategy,304,positive,edge_relaxations,31622
W4,1000,1.5,16,HungarianMatcher+JohnsonDijkstraStrategy,304,positive,defect_at_iteration,695
W4,1000,1.5,16,HungarianMatcher+JohnsonDijkstraStrategy,305,positive,edge_relaxations,31622
W4,1000,1.5,16,HungarianMatcher+JohnsonDijkstraStrategy,305,positive,defect_at_iteration,694
W4,1000,1.5,16,HungarianMatcher+JohnsonDijkstraStrategy,306,positive,edge_relaxations,31622
W4,1000,1.5,16,HungarianMatcher+JohnsonDijkstraStrategy,306,positive,defect_at_iteration,693
W4,1000,1.5,16,HungarianMatcher+JohnsonDijkstraStrategy,307,positive,edge_relaxations,31622
W4,1000,1.5,16,HungarianMatcher+JohnsonDijkstraStrategy,307,positive,defect_at_iteration,692
W4,1000,1.5,16,HungarianMatcher+JohnsonDijkstraStrategy,308,positive,edge_relaxations,31622
W4,1000,1.5,16,HungarianMatcher+JohnsonDijkstraStrategy,308,positive,defect_at_iteration,691
W4,1000,1.5,16,HungarianMatcher+JohnsonDijkstraStrategy,309,positive,edge_relaxations,31622
W4,1000,1.5,16,HungarianMatcher+JohnsonDijkstraStrategy,309,positive,defect_at_iteration,690
W4,1000,1.5,16,HungarianMatcher+JohnsonDijkstraStrategy,310,positive,edge_relaxations,31622
W4,1000,1.5,16,HungarianMatcher+JohnsonDijkstraStrategy,310,positive,defect_at_iteration,689
W4,1000,1.5,16,HungarianMatcher+JohnsonDijkstraStrategy,311,positive,edge_relaxations,31622
W4,1000,1.5,16,HungarianMatcher+JohnsonDijkstraStrategy,311,positive,defect_at_iteration,688
W4,1000,1.5,16,HungarianMatcher+JohnsonDijkstraStrategy,312,positive,edge_relaxations,31622
W4,1000,1.5,16,HungarianMatcher+JohnsonDijkstraStrategy,312,positive,defect_at_iteration,687
W4,1000,1.5,16,HungarianMatcher+JohnsonDijkstraStrategy,313,positive,edge_relaxations,31622
W4,1000,1.5,16,HungarianMatcher+JohnsonDijkstraStrategy,313,positive,defect_at_iteration,686
W4,1000,1.5,16,HungarianMatcher+JohnsonDijkstraStrategy,314,positive,edge_relaxations,31622
W4,1000,1.5,16,HungarianMatcher+JohnsonDijkstraStrategy,314,positive,defect_at_iteration,685
W4,1000,1.5,16,HungarianMatcher+JohnsonDijkstraStrategy,315,positive,edge_relaxations,31622
W4,1000,1.5,16,HungarianMatcher+JohnsonDijkstraStrategy,315,positive,defect_at_iteration,684
W4,1000,1.5,16,HungarianMatcher+JohnsonDijkstraStrategy,316,positive,edge_relaxations,31622
W4,1000,1.5,16,HungarianMatcher+JohnsonDijkstraStrategy,316,positive,defect_at_iteration,683
W4,1000,1.5,16,HungarianMatcher+JohnsonDijkstraStrategy,317,positive,edge_relaxations,31622
W4,1000,1.5,16,HungarianMatcher+JohnsonDijkstraStrategy,317,positive,defect_at_iteration,682
W4,1000,1.5,16,HungarianMatcher+JohnsonDijkstraStrategy,318,positive,edge_relaxations,31622
W4,1000,1.5,16,HungarianMatcher+JohnsonDijkstraStrategy,318,positive,defect_at_iteration,681
W4,1000,1.5,16,HungarianMatcher+JohnsonDijkstraStrategy,319,positive,edge_relaxations,31622
W4,1000,1.5,16,HungarianMatcher+JohnsonDijkstraStrategy,319,positive,defect_at_iteration,680
W4,1000,1.5,16,HungarianMatcher+JohnsonDijkstraStrategy,320,positive,edge_relaxations,31622
W4,1000,1.5,16,HungarianMatcher+JohnsonDijkstraStrategy,320,positive,defect_at_iteration,679
W4,1000,1.5,16,HungarianMatcher+JohnsonDijkstraStrategy,321,positive,edge_relaxations,31622
W4,1000,1.5,16,HungarianMatcher+JohnsonDijkstraStrategy,321,positive,defect_at_iteration,678
W4,1000,1.5,16,HungarianMatcher+JohnsonDijkstraStrategy,322,positive,edge_relaxations,31622
W4,1000,1.5,16,HungarianMatcher+JohnsonDijkstraStrategy,322,positive,defect_at_iteration,677
W4,1000,1.5,16,HungarianMatcher+JohnsonDijkstraStrategy,323,positive,edge_relaxations,31622
W4,1000,1.5,16,HungarianMatcher+JohnsonDijkstraStrategy,323,positive,defect_at_iteration,676
W4,1000,1.5,16,HungarianMatcher+JohnsonDijkstraStrategy,324,positive,edge_relaxations,31622
W4,1000,1.5,16,HungarianMatcher+JohnsonDijkstraStrategy,324,positive,defect_at_iteration,675
W4,1000,1.5,16,HungarianMatcher+JohnsonDijkstraStrategy,325,positive,edge_relaxations,31622
W4,1000,1.5,16,HungarianMatcher+JohnsonDijkstraStrategy,325,positive,defect_at_iteration,674
W4,1000,1.5,16,HungarianMatcher+JohnsonDijkstraStrategy,326,positive,edge_relaxations,31622
W4,1000,1.5,16,HungarianMatcher+JohnsonDijkstraStrategy,326,positive,defect_at_iteration,673
W4,1000,1.5,16,HungarianMatcher+JohnsonDijkstraStrategy,327,positive,edge_relaxations,31622
W4,1000,1.5,16,HungarianMatcher+JohnsonDijkstraStrategy,327,positive,defect_at_iteration,672
W4,1000,1.5,16,HungarianMatcher+JohnsonDijkstraStrategy,328,positive,edge_relaxations,31622
W4,1000,1.5,16,HungarianMatcher+JohnsonDijkstraStrategy,328,positive,defect_at_iteration,671
W4,1000,1.5,16,HungarianMatcher+JohnsonDijkstraStrategy,329,positive,edge_relaxations,31622
W4,1000,1.5,16,HungarianMatcher+JohnsonDijkstraStrategy,329,positive,defect_at_iteration,670
W4,1000,1.5,16,HungarianMatcher+JohnsonDijkstraStrategy,330,positive,edge_relaxations,31622
W4,1000,1.5,16,HungarianMatcher+JohnsonDijkstraStrategy,330,positive,defect_at_iteration,669
W4,1000,1.5,16,HungarianMatcher+JohnsonDijkstraStrategy,331,positive,edge_relaxations,31622
W4,1000,1.5,16,HungarianMatcher+JohnsonDijkstraStrategy,331,positive,defect_at_iteration,668
W4,1000,1.5,16,HungarianMatcher+JohnsonDijkstraStrategy,332,positive,edge_relaxations,31622
W4,1000,1.5,16,HungarianMatcher+JohnsonDijkstraStrategy,332,positive,defect_at_iteration,667
W4,1000,1.5,16,HungarianMatcher+JohnsonDijkstraStrategy,333,positive,edge_relaxations,31622
W4,1000,1.5,16,HungarianMatcher+JohnsonDijkstraStrategy,333,positive,defect_at_iteration,666
W4,1000,1.5,16,HungarianMatcher+JohnsonDijkstraStrategy,334,positive,edge_relaxations,31622
W4,1000,1.5,16,HungarianMatcher+JohnsonDijkstraStrategy,334,positive,defect_at_iteration,665
W4,1000,1.5,16,HungarianMatcher+JohnsonDijkstraStrategy,335,positive,edge_relaxations,31622
W4,1000,1.5,16,HungarianMatcher+JohnsonDijkstraStrategy,335,positive,defect_at_iteration,664
W4,1000,1.5,16,HungarianMatcher+JohnsonDijkstraStrategy,336,positive,edge_relaxations,31622
W4,1000,1.5,16,HungarianMatcher+JohnsonDijkstraStrategy,336,positive,defect_at_iteration,663
W4,1000,1.5,16,HungarianMatcher+JohnsonDijkstraStrategy,337,positive,edge_relaxations,31622
W4,1000,1.5,16,HungarianMatcher+JohnsonDijkstraStrategy,337,positive,defect_at_iteration,662
W4,1000,1.5,16,HungarianMatcher+JohnsonDijkstraStrategy,338,positive,edge_relaxations,31622
W4,1000,1.5,16,HungarianMatcher+JohnsonDijkstraStrategy,338,positive,defect_at_iteration,661
W4,1000,1.5,16,HungarianMatcher+JohnsonDijkstraStrategy,339,positive,edge_relaxations,31622
W4,1000,1.5,16,HungarianMatcher+JohnsonDijkstraStrategy,339,positive,defect_at_iteration,660
W4,1000,1.5,16,HungarianMatcher+JohnsonDijkstraStrategy,340,positive,edge_relaxations,31622
W4,1000,1.5,16,HungarianMatcher+JohnsonDijkstraStrategy,340,positive,defect_at_iteration,659
W4,1000,1.5,16,HungarianMatcher+JohnsonDijkstraStrategy,341,positive,edge_relaxations,31622
W4,1000,1.5,16,HungarianMatcher+JohnsonDijkstraStrategy,341,positive,defect_at_iteration,658
W4,1000,1.5,16,HungarianMatcher+JohnsonDijkstraStrategy,342,positive,edge_relaxations,31622
W4,1000,1.5,16,HungarianMatcher+JohnsonDijkstraStrategy,342,positive,defect_at_iteration,657
W4,1000,1.5,16,HungarianMatcher+JohnsonDijkstraStrategy,343,positive,edge_relaxations,31622
W4,1000,1.5,16,HungarianMatcher+JohnsonDijkstraStrategy,343,positive,defect_at_iteration,656
W4,1000,1.5,16,HungarianMatcher+JohnsonDijkstraStrategy,344,positive,edge_relaxations,31622
W4,1000,1.5,16,HungarianMatcher+JohnsonDijkstraStrategy,344,positive,defect_at_iteration,655
W4,1000,1.5,16,HungarianMatcher+JohnsonDijkstraStrategy,345,positive,edge_relaxations,31622
W4,1000,1.5,16,HungarianMatcher+JohnsonDijkstraStrategy,345,positive,defect_at_iteration,654
W4,1000,1.5,16,HungarianMatcher+JohnsonDijkstraStrategy,346,positive,edge_relaxations,31622
W4,1000,1.5,16,HungarianMatcher+JohnsonDijkstraStrategy,346,positive,defect_at_iteration,653
W4,1000,1.5,16,HungarianMatcher+JohnsonDijkstraStrategy,347,positive,edge_relaxations,31622
W4,1000,1.5,16,HungarianMatcher+JohnsonDijkstraStrategy,347,positive,defect_at_iteration,652
W4,1000,1.5,16,HungarianMatcher+JohnsonDijkstraStrategy,348,positive,edge_relaxations,31622
W4,1000,1.5,16,HungarianMatcher+JohnsonDijkstraStrategy,348,positive,defect_at_iteration,651
W4,1000,1.5,16,HungarianMatcher+JohnsonDijkstraStrategy,349,positive,edge_relaxations,31622
W4,1000,1.5,16,HungarianMatcher+JohnsonDijkstraStrategy,349,positive,defect_at_iteration,650
W4,1000,1.5,16,HungarianMatcher+JohnsonDijkstraStrategy,350,positive,edge_relaxations,31622
W4,1000,1.5,16,HungarianMatcher+JohnsonDijkstraStrategy,350,positive,defect_at_iteration,649
W4,1000,1.5,16,HungarianMatcher+JohnsonDijkstraStrategy,351,positive,edge_relaxations,31622
W4,1000,1.5,16,HungarianMatcher+JohnsonDijkstraStrategy,351,positive,defect_at_iteration,648
W4,1000,1.5,16,HungarianMatcher+JohnsonDijkstraStrategy,352,positive,edge_relaxations,31622
W4,1000,1.5,16,HungarianMatcher+JohnsonDijkstraStrategy,352,positive,defect_at_iteration,647
W4,1000,1.5,16,HungarianMatcher+JohnsonDijkstraStrategy,353,positive,edge_relaxations,31622
W4,1000,1.5,16,HungarianMatcher+JohnsonDijkstraStrategy,353,positive,defect_at_iteration,646
W4,1000,1.5,16,HungarianMatcher+JohnsonDijkstraStrategy,354,positive,edge_relaxations,31622
W4,1000,1.5,16,HungarianMatcher+JohnsonDijkstraStrategy,354,positive,defect_at_iteration,645
W4,1000,1.5,16,HungarianMatcher+JohnsonDijkstraStrategy,355,positive,edge_relaxations,31622
W4,1000,1.5,16,HungarianMatcher+JohnsonDijkstraStrategy,355,positive,defect_at_iteration,644
W4,1000,1.5,16,HungarianMatcher+JohnsonDijkstraStrategy,356,positive,edge_relaxations,31622
W4,1000,1.5,16,HungarianMatcher+JohnsonDijkstraStrategy,356,positive,defect_at_iteration,643
W4,1000,1.5,16,HungarianMatcher+JohnsonDijkstraStrategy,357,positive,edge_relaxations,31622
W4,1000,1.5,16,HungarianMatcher+JohnsonDijkstraStrategy,357,positive,defect_at_iteration,642
W4,1000,1.5,16,HungarianMatcher+JohnsonDijkstraStrategy,358,positive,edge_relaxations,31622
W4,1000,1.5,16,HungarianMatcher+JohnsonDijkstraStrategy,358,positive,defect_at_iteration,641
W4,1000,1.5,16,HungarianMatcher+JohnsonDijkstraStrategy,359,positive,edge_relaxations,31622
W4,1000,1.5,16,HungarianMatcher+JohnsonDijkstraStrategy,359,positive,defect_at_iteration,640
W4,1000,1.5,16,HungarianMatcher+JohnsonDijkstraStrategy,360,positive,edge_relaxations,31622
W4,1000,1.5,16,HungarianMatcher+JohnsonDijkstraStrategy,360,positive,defect_at_iteration,639
W4,1000,1.5,16,HungarianMatcher+JohnsonDijkstraStrategy,361,positive,edge_relaxations,31622
W4,1000,1.5,16,HungarianMatcher+JohnsonDijkstraStrategy,361,positive,defect_at_iteration,638
W4,1000,1.5,16,HungarianMatcher+JohnsonDijkstraStrategy,362,positive,edge_relaxations,31622
W4,1000,1.5,16,HungarianMatcher+JohnsonDijkstraStrategy,362,positive,defect_at_iteration,637
W4,1000,1.5,16,HungarianMatcher+JohnsonDijkstraStrategy,363,positive,edge_relaxations,31622
W4,1000,1.5,16,HungarianMatcher+JohnsonDijkstraStrategy,363,positive,defect_at_iteration,636
W4,1000,1.5,16,HungarianMatcher+JohnsonDijkstraStrategy,364,positive,edge_relaxations,31622
W4,1000,1.5,16,HungarianMatcher+JohnsonDijkstraStrategy,364,positive,defect_at_iteration,635
W4,1000,1.5,16,HungarianMatcher+JohnsonDijkstraStrategy,365,positive,edge_relaxations,31622
W4,1000,1.5,16,HungarianMatcher+JohnsonDijkstraStrategy,365,positive,defect_at_iteration,634
W4,1000,1.5,16,HungarianMatcher+JohnsonDijkstraStrategy,366,positive,edge_relaxations,31622
W4,1000,1.5,16,HungarianMatcher+JohnsonDijkstraStrategy,366,positive,defect_at_iteration,633
W4,1000,1.5,16,HungarianMatcher+JohnsonDijkstraStrategy,367,positive,edge_relaxations,31622
W4,1000,1.5,16,HungarianMatcher+JohnsonDijkstraStrategy,367,positive,defect_at_iteration,632
W4,1000,1.5,16,HungarianMatcher+JohnsonDijkstraStrategy,368,positive,edge_relaxations,31622
W4,1000,1.5,16,HungarianMatcher+JohnsonDijkstraStrategy,368,positive,defect_at_iteration,631
W4,1000,1.5,16,HungarianMatcher+JohnsonDijkstraStrategy,369,positive,edge_relaxations,31622
W4,1000,1.5,16,HungarianMatcher+JohnsonDijkstraStrategy,369,positive,defect_at_iteration,630
W4,1000,1.5,16,HungarianMatcher+JohnsonDijkstraStrategy,370,positive,edge_relaxations,31622
W4,1000,1.5,16,HungarianMatcher+JohnsonDijkstraStrategy,370,positive,defect_at_iteration,629
W4,1000,1.5,16,HungarianMatcher+JohnsonDijkstraStrategy,371,positive,edge_relaxations,31622
W4,1000,1.5,16,HungarianMatcher+JohnsonDijkstraStrategy,371,positive,defect_at_iteration,628
W4,1000,1.5,16,HungarianMatcher+JohnsonDijkstraStrategy,372,positive,edge_relaxations,31622
W4,1000,1.5,16,HungarianMatcher+JohnsonDijkstraStrategy,372,positive,defect_at_iteration,627
W4,1000,1.5,16,HungarianMatcher+JohnsonDijkstraStrategy,373,positive,edge_relaxations,31622
W4,1000,1.5,16,HungarianMatcher+JohnsonDijkstraStrategy,373,positive,defect_at_iteration,626
W4,1000,1.5,16,HungarianMatcher+JohnsonDijkstraStrategy,374,positive,edge_relaxations,31622
W4,1000,1.5,16,HungarianMatcher+JohnsonDijkstraStrategy,374,positive,defect_at_iteration,625
W4,1000,1.5,16,HungarianMatcher+JohnsonDijkstraStrategy,375,positive,edge_relaxations,31622
W4,1000,1.5,16,HungarianMatcher+JohnsonDijkstraStrategy,375,positive,defect_at_iteration,624
W4,1000,1.5,16,HungarianMatcher+JohnsonDijkstraStrategy,376,positive,edge_relaxations,31622
W4,1000,1.5,16,HungarianMatcher+JohnsonDijkstraStrategy,376,positive,defect_at_iteration,623
W4,1000,1.5,16,HungarianMatcher+JohnsonDijkstraStrategy,377,positive,edge_relaxations,31622
W4,1000,1.5,16,HungarianMatcher+JohnsonDijkstraStrategy,377,positive,defect_at_iteration,622
W4,1000,1.5,16,HungarianMatcher+JohnsonDijkstraStrategy,378,positive,edge_relaxations,31622
W4,1000,1.5,16,HungarianMatcher+JohnsonDijkstraStrategy,378,positive,defect_at_iteration,621
W4,1000,1.5,16,HungarianMatcher+JohnsonDijkstraStrategy,379,positive,edge_relaxations,31622
W4,1000,1.5,16,HungarianMatcher+JohnsonDijkstraStrategy,379,positive,defect_at_iteration,620
W4,1000,1.5,16,HungarianMatcher+JohnsonDijkstraStrategy,380,positive,edge_relaxations,31622
W4,1000,1.5,16,HungarianMatcher+JohnsonDijkstraStrategy,380,positive,defect_at_iteration,619
W4,1000,1.5,16,HungarianMatcher+JohnsonDijkstraStrategy,381,positive,edge_relaxations,31622
W4,1000,1.5,16,HungarianMatcher+JohnsonDijkstraStrategy,381,positive,defect_at_iteration,618
W4,1000,1.5,16,HungarianMatcher+JohnsonDijkstraStrategy,382,positive,edge_relaxations,31622
W4,1000,1.5,16,HungarianMatcher+JohnsonDijkstraStrategy,382,positive,defect_at_iteration,617
W4,1000,1.5,16,HungarianMatcher+JohnsonDijkstraStrategy,383,positive,edge_relaxations,31622
W4,1000,1.5,16,HungarianMatcher+JohnsonDijkstraStrategy,383,positive,defect_at_iteration,616
W4,1000,1.5,16,HungarianMatcher+JohnsonDijkstraStrategy,384,positive,edge_relaxations,31622
W4,1000,1.5,16,HungarianMatcher+JohnsonDijkstraStrategy,384,positive,defect_at_iteration,615
W4,1000,1.5,16,HungarianMatcher+JohnsonDijkstraStrategy,385,positive,edge_relaxations,31622
W4,1000,1.5,16,HungarianMatcher+JohnsonDijkstraStrategy,385,positive,defect_at_iteration,614
W4,1000,1.5,16,HungarianMatcher+JohnsonDijkstraStrategy,386,positive,edge_relaxations,31622
W4,1000,1.5,16,HungarianMatcher+JohnsonDijkstraStrategy,386,positive,defect_at_iteration,613
W4,1000,1.5,16,HungarianMatcher+JohnsonDijkstraStrategy,387,positive,edge_relaxations,31622
W4,1000,1.5,16,HungarianMatcher+JohnsonDijkstraStrategy,387,positive,defect_at_iteration,612
W4,1000,1.5,16,HungarianMatcher+JohnsonDijkstraStrategy,388,positive,edge_relaxations,31622
W4,1000,1.5,16,HungarianMatcher+JohnsonDijkstraStrategy,388,positive,defect_at_iteration,611
W4,1000,1.5,16,HungarianMatcher+JohnsonDijkstraStrategy,389,positive,edge_relaxations,31622
W4,1000,1.5,16,HungarianMatcher+JohnsonDijkstraStrategy,389,positive,defect_at_iteration,610
W4,1000,1.5,16,HungarianMatcher+JohnsonDijkstraStrategy,390,positive,edge_relaxations,31622
W4,1000,1.5,16,HungarianMatcher+JohnsonDijkstraStrategy,390,positive,defect_at_iteration,609
W4,1000,1.5,16,HungarianMatcher+JohnsonDijkstraStrategy,391,positive,edge_relaxations,31622
W4,1000,1.5,16,HungarianMatcher+JohnsonDijkstraStrategy,391,positive,defect_at_iteration,608
W4,1000,1.5,16,HungarianMatcher+JohnsonDijkstraStrategy,392,positive,edge_relaxations,31622
W4,1000,1.5,16,HungarianMatcher+JohnsonDijkstraStrategy,392,positive,defect_at_iteration,607
W4,1000,1.5,16,HungarianMatcher+JohnsonDijkstraStrategy,393,positive,edge_relaxations,31622
W4,1000,1.5,16,HungarianMatcher+JohnsonDijkstraStrategy,393,positive,defect_at_iteration,606
W4,1000,1.5,16,HungarianMatcher+JohnsonDijkstraStrategy,394,positive,edge_relaxations,31622
W4,1000,1.5,16,HungarianMatcher+JohnsonDijkstraStrategy,394,positive,defect_at_iteration,605
W4,1000,1.5,16,HungarianMatcher+JohnsonDijkstraStrategy,395,positive,edge_relaxations,31622
W4,1000,1.5,16,HungarianMatcher+JohnsonDijkstraStrategy,395,positive,defect_at_iteration,604
W4,1000,1.5,16,HungarianMatcher+JohnsonDijkstraStrategy,396,positive,edge_relaxations,31622
W4,1000,1.5,16,HungarianMatcher+JohnsonDijkstraStrategy,396,positive,defect_at_iteration,603
W4,1000,1.5,16,HungarianMatcher+JohnsonDijkstraStrategy,397,positive,edge_relaxations,31622
W4,1000,1.5,16,HungarianMatcher+JohnsonDijkstraStrategy,397,positive,defect_at_iteration,602
W4,1000,1.5,16,HungarianMatcher+JohnsonDijkstraStrategy,398,positive,edge_relaxations,31622
W4,1000,1.5,16,HungarianMatcher+JohnsonDijkstraStrategy,398,positive,defect_at_iteration,601
W4,1000,1.5,16,HungarianMatcher+JohnsonDijkstraStrategy,399,positive,edge_relaxations,31622
W4,1000,1.5,16,HungarianMatcher+JohnsonDijkstraStrategy,399,positive,defect_at_iteration,600
W4,1000,1.5,16,HungarianMatcher+JohnsonDijkstraStrategy,400,positive,edge_relaxations,31622
W4,1000,1.5,16,HungarianMatcher+JohnsonDijkstraStrategy,400,positive,defect_at_iteration,599
W4,1000,1.5,16,HungarianMatcher+JohnsonDijkstraStrategy,401,positive,edge_relaxations,31622
W4,1000,1.5,16,HungarianMatcher+JohnsonDijkstraStrategy,401,positive,defect_at_iteration,598
W4,1000,1.5,16,HungarianMatcher+JohnsonDijkstraStrategy,402,positive,edge_relaxations,31622
W4,1000,1.5,16,HungarianMatcher+JohnsonDijkstraStrategy,402,positive,defect_at_iteration,597
W4,1000,1.5,16,HungarianMatcher+JohnsonDijkstraStrategy,403,positive,edge_relaxations,31622
W4,1000,1.5,16,HungarianMatcher+JohnsonDijkstraStrategy,403,positive,defect_at_iteration,596
W4,1000,1.5,16,HungarianMatcher+JohnsonDijkstraStrategy,404,positive,edge_relaxations,31622
W4,1000,1.5,16,HungarianMatcher+JohnsonDijkstraStrategy,404,positive,defect_at_iteration,595
W4,1000,1.5,16,HungarianMatcher+JohnsonDijkstraStrategy,405,positive,edge_relaxations,31622
W4,1000,1.5,16,HungarianMatcher+JohnsonDijkstraStrategy,405,positive,defect_at_iteration,594
W4,1000,1.5,16,HungarianMatcher+JohnsonDijkstraStrategy,406,positive,edge_relaxations,31622
W4,1000,1.5,16,HungarianMatcher+JohnsonDijkstraStrategy,406,positive,defect_at_iteration,593
W4,1000,1.5,16,HungarianMatcher+JohnsonDijkstraStrategy,407,positive,edge_relaxations,31622
W4,1000,1.5,16,HungarianMatcher+JohnsonDijkstraStrategy,407,positive,defect_at_iteration,592
W4,1000,1.5,16,HungarianMatcher+JohnsonDijkstraStrategy,408,positive,edge_relaxations,31622
W4,1000,1.5,16,HungarianMatcher+JohnsonDijkstraStrategy,408,positive,defect_at_iteration,591
W4,1000,1.5,16,HungarianMatcher+JohnsonDijkstraStrategy,409,positive,edge_relaxations,31622
W4,1000,1.5,16,HungarianMatcher+JohnsonDijkstraStrategy,409,positive,defect_at_iteration,590
W4,1000,1.5,16,HungarianMatcher+JohnsonDijkstraStrategy,410,positive,edge_relaxations,31622
W4,1000,1.5,16,HungarianMatcher+JohnsonDijkstraStrategy,410,positive,defect_at_iteration,589
W4,1000,1.5,16,HungarianMatcher+JohnsonDijkstraStrategy,411,positive,edge_relaxations,31622
W4,1000,1.5,16,HungarianMatcher+JohnsonDijkstraStrategy,411,positive,defect_at_iteration,588
W4,1000,1.5,16,HungarianMatcher+JohnsonDijkstraStrategy,412,positive,edge_relaxations,31622
W4,1000,1.5,16,HungarianMatcher+JohnsonDijkstraStrategy,412,positive,defect_at_iteration,587
W4,1000,1.5,16,HungarianMatcher+JohnsonDijkstraStrategy,413,positive,edge_relaxations,31622
W4,1000,1.5,16,HungarianMatcher+JohnsonDijkstraStrategy,413,positive,defect_at_iteration,586
W4,1000,1.5,16,HungarianMatcher+JohnsonDijkstraStrategy,414,positive,edge_relaxations,31622
W4,1000,1.5,16,HungarianMatcher+JohnsonDijkstraStrategy,414,positive,defect_at_iteration,585
W4,1000,1.5,16,HungarianMatcher+JohnsonDijkstraStrategy,415,positive,edge_relaxations,31622
W4,1000,1.5,16,HungarianMatcher+JohnsonDijkstraStrategy,415,positive,defect_at_iteration,584
W4,1000,1.5,16,HungarianMatcher+JohnsonDijkstraStrategy,416,positive,edge_relaxations,31622
W4,1000,1.5,16,HungarianMatcher+JohnsonDijkstraStrategy,416,positive,defect_at_iteration,583
W4,1000,1.5,16,HungarianMatcher+JohnsonDijkstraStrategy,417,positive,edge_relaxations,31622
W4,1000,1.5,16,HungarianMatcher+JohnsonDijkstraStrategy,417,positive,defect_at_iteration,582
W4,1000,1.5,16,HungarianMatcher+JohnsonDijkstraStrategy,418,positive,edge_relaxations,31622
W4,1000,1.5,16,HungarianMatcher+JohnsonDijkstraStrategy,418,positive,defect_at_iteration,581
W4,1000,1.5,16,HungarianMatcher+JohnsonDijkstraStrategy,419,positive,edge_relaxations,31622
W4,1000,1.5,16,HungarianMatcher+JohnsonDijkstraStrategy,419,positive,defect_at_iteration,580
W4,1000,1.5,16,HungarianMatcher+JohnsonDijkstraStrategy,420,positive,edge_relaxations,31622
W4,1000,1.5,16,HungarianMatcher+JohnsonDijkstraStrategy,420,positive,defect_at_iteration,579
W4,1000,1.5,16,HungarianMatcher+JohnsonDijkstraStrategy,421,positive,edge_relaxations,31622
W4,1000,1.5,16,HungarianMatcher+JohnsonDijkstraStrategy,421,positive,defect_at_iteration,578
W4,1000,1.5,16,HungarianMatcher+JohnsonDijkstraStrategy,422,positive,edge_relaxations,31622
W4,1000,1.5,16,HungarianMatcher+JohnsonDijkstraStrategy,422,positive,defect_at_iteration,577
W4,1000,1.5,16,HungarianMatcher+JohnsonDijkstraStrategy,423,positive,edge_relaxations,31622
W4,1000,1.5,16,HungarianMatcher+JohnsonDijkstraStrategy,423,positive,defect_at_iteration,576
W4,1000,1.5,16,HungarianMatcher+JohnsonDijkstraStrategy,424,positive,edge_relaxations,31622
W4,1000,1.5,16,HungarianMatcher+JohnsonDijkstraStrategy,424,positive,defect_at_iteration,575
W4,1000,1.5,16,HungarianMatcher+JohnsonDijkstraStrategy,425,positive,edge_relaxations,31622
W4,1000,1.5,16,HungarianMatcher+JohnsonDijkstraStrategy,425,positive,defect_at_iteration,574
W4,1000,1.5,16,HungarianMatcher+JohnsonDijkstraStrategy,426,positive,edge_relaxations,31622
W4,1000,1.5,16,HungarianMatcher+JohnsonDijkstraStrategy,426,positive,defect_at_iteration,573
W4,1000,1.5,16,HungarianMatcher+JohnsonDijkstraStrategy,427,positive,edge_relaxations,31622
W4,1000,1.5,16,HungarianMatcher+JohnsonDijkstraStrategy,427,positive,defect_at_iteration,572
W4,1000,1.5,16,HungarianMatcher+JohnsonDijkstraStrategy,428,positive,edge_relaxations,31622
W4,1000,1.5,16,HungarianMatcher+JohnsonDijkstraStrategy,428,positive,defect_at_iteration,571
W4,1000,1.5,16,HungarianMatcher+JohnsonDijkstraStrategy,429,positive,edge_relaxations,31622
W4,1000,1.5,16,HungarianMatcher+JohnsonDijkstraStrategy,429,positive,defect_at_iteration,570
W4,1000,1.5,16,HungarianMatcher+JohnsonDijkstraStrategy,430,positive,edge_relaxations,31622
W4,1000,1.5,16,HungarianMatcher+JohnsonDijkstraStrategy,430,positive,defect_at_iteration,569
W4,1000,1.5,16,HungarianMatcher+JohnsonDijkstraStrategy,431,positive,edge_relaxations,31622
W4,1000,1.5,16,HungarianMatcher+JohnsonDijkstraStrategy,431,positive,defect_at_iteration,568
W4,1000,1.5,16,HungarianMatcher+JohnsonDijkstraStrategy,432,positive,edge_relaxations,31622
W4,1000,1.5,16,HungarianMatcher+JohnsonDijkstraStrategy,432,positive,defect_at_iteration,567
W4,1000,1.5,16,HungarianMatcher+JohnsonDijkstraStrategy,433,positive,edge_relaxations,31622
W4,1000,1.5,16,HungarianMatcher+JohnsonDijkstraStrategy,433,positive,defect_at_iteration,566
W4,1000,1.5,16,HungarianMatcher+JohnsonDijkstraStrategy,434,positive,edge_relaxations,31622
W4,1000,1.5,16,HungarianMatcher+JohnsonDijkstraStrategy,434,positive,defect_at_iteration,565
W4,1000,1.5,16,HungarianMatcher+JohnsonDijkstraStrategy,435,positive,edge_relaxations,31622
W4,1000,1.5,16,HungarianMatcher+JohnsonDijkstraStrategy,435,positive,defect_at_iteration,564
W4,1000,1.5,16,HungarianMatcher+JohnsonDijkstraStrategy,436,positive,edge_relaxations,31622
W4,1000,1.5,16,HungarianMatcher+JohnsonDijkstraStrategy,436,positive,defect_at_iteration,563
W4,1000,1.5,16,HungarianMatcher+JohnsonDijkstraStrategy,437,positive,edge_relaxations,31622
W4,1000,1.5,16,HungarianMatcher+JohnsonDijkstraStrategy,437,positive,defect_at_iteration,562
W4,1000,1.5,16,HungarianMatcher+JohnsonDijkstraStrategy,438,positive,edge_relaxations,31622
W4,1000,1.5,16,HungarianMatcher+JohnsonDijkstraStrategy,438,positive,defect_at_iteration,561
W4,1000,1.5,16,HungarianMatcher+JohnsonDijkstraStrategy,439,positive,edge_relaxations,31622
W4,1000,1.5,16,HungarianMatcher+JohnsonDijkstraStrategy,439,positive,defect_at_iteration,560
W4,1000,1.5,16,HungarianMatcher+JohnsonDijkstraStrategy,440,positive,edge_relaxations,31622
W4,1000,1.5,16,HungarianMatcher+JohnsonDijkstraStrategy,440,positive,defect_at_iteration,559
W4,1000,1.5,16,HungarianMatcher+JohnsonDijkstraStrategy,441,positive,edge_relaxations,31622
W4,1000,1.5,16,HungarianMatcher+JohnsonDijkstraStrategy,441,positive,defect_at_iteration,558
W4,1000,1.5,16,HungarianMatcher+JohnsonDijkstraStrategy,442,positive,edge_relaxations,31622
W4,1000,1.5,16,HungarianMatcher+JohnsonDijkstraStrategy,442,positive,defect_at_iteration,557
W4,1000,1.5,16,HungarianMatcher+JohnsonDijkstraStrategy,443,positive,edge_relaxations,31622
W4,1000,1.5,16,HungarianMatcher+JohnsonDijkstraStrategy,443,positive,defect_at_iteration,556
W4,1000,1.5,16,HungarianMatcher+JohnsonDijkstraStrategy,444,positive,edge_relaxations,31622
W4,1000,1.5,16,HungarianMatcher+JohnsonDijkstraStrategy,444,positive,defect_at_iteration,555
W4,1000,1.5,16,HungarianMatcher+JohnsonDijkstraStrategy,445,positive,edge_relaxations,31622
W4,1000,1.5,16,HungarianMatcher+JohnsonDijkstraStrategy,445,positive,defect_at_iteration,554
W4,1000,1.5,16,HungarianMatcher+JohnsonDijkstraStrategy,446,positive,edge_relaxations,31622
W4,1000,1.5,16,HungarianMatcher+JohnsonDijkstraStrategy,446,positive,defect_at_iteration,553
W4,1000,1.5,16,HungarianMatcher+JohnsonDijkstraStrategy,447,positive,edge_relaxations,31622
W4,1000,1.5,16,HungarianMatcher+JohnsonDijkstraStrategy,447,positive,defect_at_iteration,552
W4,1000,1.5,16,HungarianMatcher+JohnsonDijkstraStrategy,448,positive,edge_relaxations,31622
W4,1000,1.5,16,HungarianMatcher+JohnsonDijkstraStrategy,448,positive,defect_at_iteration,551
W4,1000,1.5,16,HungarianMatcher+JohnsonDijkstraStrategy,449,positive,edge_relaxations,31622
W4,1000,1.5,16,HungarianMatcher+JohnsonDijkstraStrategy,449,positive,defect_at_iteration,550
W4,1000,1.5,16,HungarianMatcher+JohnsonDijkstraStrategy,450,positive,edge_relaxations,31622
W4,1000,1.5,16,HungarianMatcher+JohnsonDijkstraStrategy,450,positive,defect_at_iteration,549
W4,1000,1.5,16,HungarianMatcher+JohnsonDijkstraStrategy,451,positive,edge_relaxations,31622
W4,1000,1.5,16,HungarianMatcher+JohnsonDijkstraStrategy,451,positive,defect_at_iteration,548
W4,1000,1.5,16,HungarianMatcher+JohnsonDijkstraStrategy,452,positive,edge_relaxations,31622
W4,1000,1.5,16,HungarianMatcher+JohnsonDijkstraStrategy,452,positive,defect_at_iteration,547
W4,1000,1.5,16,HungarianMatcher+JohnsonDijkstraStrategy,453,positive,edge_relaxations,31622
W4,1000,1.5,16,HungarianMatcher+JohnsonDijkstraStrategy,453,positive,defect_at_iteration,546
W4,1000,1.5,16,HungarianMatcher+JohnsonDijkstraStrategy,454,positive,edge_relaxations,31622
W4,1000,1.5,16,HungarianMatcher+JohnsonDijkstraStrategy,454,positive,defect_at_iteration,545
W4,1000,1.5,16,HungarianMatcher+JohnsonDijkstraStrategy,455,positive,edge_relaxations,31622
W4,1000,1.5,16,HungarianMatcher+JohnsonDijkstraStrategy,455,positive,defect_at_iteration,544
W4,1000,1.5,16,HungarianMatcher+JohnsonDijkstraStrategy,456,positive,edge_relaxations,31622
W4,1000,1.5,16,HungarianMatcher+JohnsonDijkstraStrategy,456,positive,defect_at_iteration,543
W4,1000,1.5,16,HungarianMatcher+JohnsonDijkstraStrategy,457,positive,edge_relaxations,31622
W4,1000,1.5,16,HungarianMatcher+JohnsonDijkstraStrategy,457,positive,defect_at_iteration,542
W4,1000,1.5,16,HungarianMatcher+JohnsonDijkstraStrategy,458,positive,edge_relaxations,31622
W4,1000,1.5,16,HungarianMatcher+JohnsonDijkstraStrategy,458,positive,defect_at_iteration,541
W4,1000,1.5,16,HungarianMatcher+JohnsonDijkstraStrategy,459,positive,edge_relaxations,31622
W4,1000,1.5,16,HungarianMatcher+JohnsonDijkstraStrategy,459,positive,defect_at_iteration,540
W4,1000,1.5,16,HungarianMatcher+JohnsonDijkstraStrategy,460,positive,edge_relaxations,31622
W4,1000,1.5,16,HungarianMatcher+JohnsonDijkstraStrategy,460,positive,defect_at_iteration,539
W4,1000,1.5,16,HungarianMatcher+JohnsonDijkstraStrategy,461,positive,edge_relaxations,31622
W4,1000,1.5,16,HungarianMatcher+JohnsonDijkstraStrategy,461,positive,defect_at_iteration,538
W4,1000,1.5,16,HungarianMatcher+JohnsonDijkstraStrategy,462,positive,edge_relaxations,31622
W4,1000,1.5,16,HungarianMatcher+JohnsonDijkstraStrategy,462,positive,defect_at_iteration,537
W4,1000,1.5,16,HungarianMatcher+JohnsonDijkstraStrategy,463,positive,edge_relaxations,31622
W4,1000,1.5,16,HungarianMatcher+JohnsonDijkstraStrategy,463,positive,defect_at_iteration,536
W4,1000,1.5,16,HungarianMatcher+JohnsonDijkstraStrategy,464,positive,edge_relaxations,31622
W4,1000,1.5,16,HungarianMatcher+JohnsonDijkstraStrategy,464,positive,defect_at_iteration,535
W4,1000,1.5,16,HungarianMatcher+JohnsonDijkstraStrategy,465,positive,edge_relaxations,31622
W4,1000,1.5,16,HungarianMatcher+JohnsonDijkstraStrategy,465,positive,defect_at_iteration,534
W4,1000,1.5,16,HungarianMatcher+JohnsonDijkstraStrategy,466,positive,edge_relaxations,31622
W4,1000,1.5,16,HungarianMatcher+JohnsonDijkstraStrategy,466,positive,defect_at_iteration,533
W4,1000,1.5,16,HungarianMatcher+JohnsonDijkstraStrategy,467,positive,edge_relaxations,31622
W4,1000,1.5,16,HungarianMatcher+JohnsonDijkstraStrategy,467,positive,defect_at_iteration,532
W4,1000,1.5,16,HungarianMatcher+JohnsonDijkstraStrategy,468,positive,edge_relaxations,31622
W4,1000,1.5,16,HungarianMatcher+JohnsonDijkstraStrategy,468,positive,defect_at_iteration,531
W4,1000,1.5,16,HungarianMatcher+JohnsonDijkstraStrategy,469,positive,edge_relaxations,31622
W4,1000,1.5,16,HungarianMatcher+JohnsonDijkstraStrategy,469,positive,defect_at_iteration,530
W4,1000,1.5,16,HungarianMatcher+JohnsonDijkstraStrategy,470,positive,edge_relaxations,31622
W4,1000,1.5,16,HungarianMatcher+JohnsonDijkstraStrategy,470,positive,defect_at_iteration,529
W4,1000,1.5,16,HungarianMatcher+JohnsonDijkstraStrategy,471,positive,edge_relaxations,31622
W4,1000,1.5,16,HungarianMatcher+JohnsonDijkstraStrategy,471,positive,defect_at_iteration,528
W4,1000,1.5,16,HungarianMatcher+JohnsonDijkstraStrategy,472,positive,edge_relaxations,31622
W4,1000,1.5,16,HungarianMatcher+JohnsonDijkstraStrategy,472,positive,defect_at_iteration,527
W4,1000,1.5,16,HungarianMatcher+JohnsonDijkstraStrategy,473,positive,edge_relaxations,31622
W4,1000,1.5,16,HungarianMatcher+JohnsonDijkstraStrategy,473,positive,defect_at_iteration,526
W4,1000,1.5,16,HungarianMatcher+JohnsonDijkstraStrategy,474,positive,edge_relaxations,31622
W4,1000,1.5,16,HungarianMatcher+JohnsonDijkstraStrategy,474,positive,defect_at_iteration,525
W4,1000,1.5,16,HungarianMatcher+JohnsonDijkstraStrategy,475,positive,edge_relaxations,31622
W4,1000,1.5,16,HungarianMatcher+JohnsonDijkstraStrategy,475,positive,defect_at_iteration,524
W4,1000,1.5,16,HungarianMatcher+JohnsonDijkstraStrategy,476,positive,edge_relaxations,31622
W4,1000,1.5,16,HungarianMatcher+JohnsonDijkstraStrategy,476,positive,defect_at_iteration,523
W4,1000,1.5,16,HungarianMatcher+JohnsonDijkstraStrategy,477,positive,edge_relaxations,31622
W4,1000,1.5,16,HungarianMatcher+JohnsonDijkstraStrategy,477,positive,defect_at_iteration,522
W4,1000,1.5,16,HungarianMatcher+JohnsonDijkstraStrategy,478,positive,edge_relaxations,31622
W4,1000,1.5,16,HungarianMatcher+JohnsonDijkstraStrategy,478,positive,defect_at_iteration,521
W4,1000,1.5,16,HungarianMatcher+JohnsonDijkstraStrategy,479,positive,edge_relaxations,31622
W4,1000,1.5,16,HungarianMatcher+JohnsonDijkstraStrategy,479,positive,defect_at_iteration,520
W4,1000,1.5,16,HungarianMatcher+JohnsonDijkstraStrategy,480,positive,edge_relaxations,31622
W4,1000,1.5,16,HungarianMatcher+JohnsonDijkstraStrategy,480,positive,defect_at_iteration,519
W4,1000,1.5,16,HungarianMatcher+JohnsonDijkstraStrategy,481,positive,edge_relaxations,31622
W4,1000,1.5,16,HungarianMatcher+JohnsonDijkstraStrategy,481,positive,defect_at_iteration,518
W4,1000,1.5,16,HungarianMatcher+JohnsonDijkstraStrategy,482,positive,edge_relaxations,31622
W4,1000,1.5,16,HungarianMatcher+JohnsonDijkstraStrategy,482,positive,defect_at_iteration,517
W4,1000,1.5,16,HungarianMatcher+JohnsonDijkstraStrategy,483,positive,edge_relaxations,31622
W4,1000,1.5,16,HungarianMatcher+JohnsonDijkstraStrategy,483,positive,defect_at_iteration,516
W4,1000,1.5,16,HungarianMatcher+JohnsonDijkstraStrategy,484,positive,edge_relaxations,31622
W4,1000,1.5,16,HungarianMatcher+JohnsonDijkstraStrategy,484,positive,defect_at_iteration,515
W4,1000,1.5,16,HungarianMatcher+JohnsonDijkstraStrategy,485,positive,edge_relaxations,31622
W4,1000,1.5,16,HungarianMatcher+JohnsonDijkstraStrategy,485,positive,defect_at_iteration,514
W4,1000,1.5,16,HungarianMatcher+JohnsonDijkstraStrategy,486,positive,edge_relaxations,31622
W4,1000,1.5,16,HungarianMatcher+JohnsonDijkstraStrategy,486,positive,defect_at_iteration,513
W4,1000,1.5,16,HungarianMatcher+JohnsonDijkstraStrategy,487,positive,edge_relaxations,31622
W4,1000,1.5,16,HungarianMatcher+JohnsonDijkstraStrategy,487,positive,defect_at_iteration,512
W4,1000,1.5,16,HungarianMatcher+JohnsonDijkstraStrategy,488,positive,edge_relaxations,31622
W4,1000,1.5,16,HungarianMatcher+JohnsonDijkstraStrategy,488,positive,defect_at_iteration,511
W4,1000,1.5,16,HungarianMatcher+JohnsonDijkstraStrategy,489,positive,edge_relaxations,31622
W4,1000,1.5,16,HungarianMatcher+JohnsonDijkstraStrategy,489,positive,defect_at_iteration,510
W4,1000,1.5,16,HungarianMatcher+JohnsonDijkstraStrategy,490,positive,edge_relaxations,31622
W4,1000,1.5,16,HungarianMatcher+JohnsonDijkstraStrategy,490,positive,defect_at_iteration,509
W4,1000,1.5,16,HungarianMatcher+JohnsonDijkstraStrategy,491,positive,edge_relaxations,31622
W4,1000,1.5,16,HungarianMatcher+JohnsonDijkstraStrategy,491,positive,defect_at_iteration,508
W4,1000,1.5,16,HungarianMatcher+JohnsonDijkstraStrategy,492,positive,edge_relaxations,31622
W4,1000,1.5,16,HungarianMatcher+JohnsonDijkstraStrategy,492,positive,defect_at_iteration,507
W4,1000,1.5,16,HungarianMatcher+JohnsonDijkstraStrategy,493,positive,edge_relaxations,31622
W4,1000,1.5,16,HungarianMatcher+JohnsonDijkstraStrategy,493,positive,defect_at_iteration,506
W4,1000,1.5,16,HungarianMatcher+JohnsonDijkstraStrategy,494,positive,edge_relaxations,31622
W4,1000,1.5,16,HungarianMatcher+JohnsonDijkstraStrategy,494,positive,defect_at_iteration,505
W4,1000,1.5,16,HungarianMatcher+JohnsonDijkstraStrategy,495,positive,edge_relaxations,31622
W4,1000,1.5,16,HungarianMatcher+JohnsonDijkstraStrategy,495,positive,defect_at_iteration,504
W4,1000,1.5,16,HungarianMatcher+JohnsonDijkstraStrategy,496,positive,edge_relaxations,31622
W4,1000,1.5,16,HungarianMatcher+JohnsonDijkstraStrategy,496,positive,defect_at_iteration,503
W4,1000,1.5,16,HungarianMatcher+JohnsonDijkstraStrategy,497,positive,edge_relaxations,31622
W4,1000,1.5,16,HungarianMatcher+JohnsonDijkstraStrategy,497,positive,defect_at_iteration,502
W4,1000,1.5,16,HungarianMatcher+JohnsonDijkstraStrategy,498,positive,edge_relaxations,31622
W4,1000,1.5,16,HungarianMatcher+JohnsonDijkstraStrategy,498,positive,defect_at_iteration,501
W4,1000,1.5,16,HungarianMatcher+JohnsonDijkstraStrategy,499,positive,edge_relaxations,31622
W4,1000,1.5,16,HungarianMatcher+JohnsonDijkstraStrategy,499,positive,defect_at_iteration,500
W4,1000,1.5,16,HungarianMatcher+JohnsonDijkstraStrategy,500,positive,edge_relaxations,31622
W4,1000,1.5,16,HungarianMatcher+JohnsonDijkstraStrategy,500,positive,defect_at_iteration,499
W4,1000,1.5,16,HungarianMatcher+JohnsonDijkstraStrategy,501,positive,edge_relaxations,31622
W4,1000,1.5,16,HungarianMatcher+JohnsonDijkstraStrategy,501,positive,defect_at_iteration,498
W4,1000,1.5,16,HungarianMatcher+JohnsonDijkstraStrategy,502,positive,edge_relaxations,31622
W4,1000,1.5,16,HungarianMatcher+JohnsonDijkstraStrategy,502,positive,defect_at_iteration,497
W4,1000,1.5,16,HungarianMatcher+JohnsonDijkstraStrategy,503,positive,edge_relaxations,31622
W4,1000,1.5,16,HungarianMatcher+JohnsonDijkstraStrategy,503,positive,defect_at_iteration,496
W4,1000,1.5,16,HungarianMatcher+JohnsonDijkstraStrategy,504,positive,edge_relaxations,31622
W4,1000,1.5,16,HungarianMatcher+JohnsonDijkstraStrategy,504,positive,defect_at_iteration,495
W4,1000,1.5,16,HungarianMatcher+JohnsonDijkstraStrategy,505,positive,edge_relaxations,31622
W4,1000,1.5,16,HungarianMatcher+JohnsonDijkstraStrategy,505,positive,defect_at_iteration,494
W4,1000,1.5,16,HungarianMatcher+JohnsonDijkstraStrategy,506,positive,edge_relaxations,31622
W4,1000,1.5,16,HungarianMatcher+JohnsonDijkstraStrategy,506,positive,defect_at_iteration,493
W4,1000,1.5,16,HungarianMatcher+JohnsonDijkstraStrategy,507,positive,edge_relaxations,31622
W4,1000,1.5,16,HungarianMatcher+JohnsonDijkstraStrategy,507,positive,defect_at_iteration,492
W4,1000,1.5,16,HungarianMatcher+JohnsonDijkstraStrategy,508,positive,edge_relaxations,31622
W4,1000,1.5,16,HungarianMatcher+JohnsonDijkstraStrategy,508,positive,defect_at_iteration,491
W4,1000,1.5,16,HungarianMatcher+JohnsonDijkstraStrategy,509,positive,edge_relaxations,31622
W4,1000,1.5,16,HungarianMatcher+JohnsonDijkstraStrategy,509,positive,defect_at_iteration,490
W4,1000,1.5,16,HungarianMatcher+JohnsonDijkstraStrategy,510,positive,edge_relaxations,31622
W4,1000,1.5,16,HungarianMatcher+JohnsonDijkstraStrategy,510,positive,defect_at_iteration,489
W4,1000,1.5,16,HungarianMatcher+JohnsonDijkstraStrategy,511,positive,edge_relaxations,31622
W4,1000,1.5,16,HungarianMatcher+JohnsonDijkstraStrategy,511,positive,defect_at_iteration,488
W4,1000,1.5,16,HungarianMatcher+JohnsonDijkstraStrategy,512,positive,edge_relaxations,31622
W4,1000,1.5,16,HungarianMatcher+JohnsonDijkstraStrategy,512,positive,defect_at_iteration,487
W4,1000,1.5,16,HungarianMatcher+JohnsonDijkstraStrategy,513,positive,edge_relaxations,31622
W4,1000,1.5,16,HungarianMatcher+JohnsonDijkstraStrategy,513,positive,defect_at_iteration,486
W4,1000,1.5,16,HungarianMatcher+JohnsonDijkstraStrategy,514,positive,edge_relaxations,31622
W4,1000,1.5,16,HungarianMatcher+JohnsonDijkstraStrategy,514,positive,defect_at_iteration,485
W4,1000,1.5,16,HungarianMatcher+JohnsonDijkstraStrategy,515,positive,edge_relaxations,31622
W4,1000,1.5,16,HungarianMatcher+JohnsonDijkstraStrategy,515,positive,defect_at_iteration,484
W4,1000,1.5,16,HungarianMatcher+JohnsonDijkstraStrategy,516,positive,edge_relaxations,31622
W4,1000,1.5,16,HungarianMatcher+JohnsonDijkstraStrategy,516,positive,defect_at_iteration,483
W4,1000,1.5,16,HungarianMatcher+JohnsonDijkstraStrategy,517,positive,edge_relaxations,31622
W4,1000,1.5,16,HungarianMatcher+JohnsonDijkstraStrategy,517,positive,defect_at_iteration,482
W4,1000,1.5,16,HungarianMatcher+JohnsonDijkstraStrategy,518,positive,edge_relaxations,31622
W4,1000,1.5,16,HungarianMatcher+JohnsonDijkstraStrategy,518,positive,defect_at_iteration,481
W4,1000,1.5,16,HungarianMatcher+JohnsonDijkstraStrategy,519,positive,edge_relaxations,31622
W4,1000,1.5,16,HungarianMatcher+JohnsonDijkstraStrategy,519,positive,defect_at_iteration,480
W4,1000,1.5,16,HungarianMatcher+JohnsonDijkstraStrategy,520,positive,edge_relaxations,31622
W4,1000,1.5,16,HungarianMatcher+JohnsonDijkstraStrategy,520,positive,defect_at_iteration,479
W4,1000,1.5,16,HungarianMatcher+JohnsonDijkstraStrategy,521,positive,edge_relaxations,31622
W4,1000,1.5,16,HungarianMatcher+JohnsonDijkstraStrategy,521,positive,defect_at_iteration,478
W4,1000,1.5,16,HungarianMatcher+JohnsonDijkstraStrategy,522,positive,edge_relaxations,31622
W4,1000,1.5,16,HungarianMatcher+JohnsonDijkstraStrategy,522,positive,defect_at_iteration,477
W4,1000,1.5,16,HungarianMatcher+JohnsonDijkstraStrategy,523,positive,edge_relaxations,31622
W4,1000,1.5,16,HungarianMatcher+JohnsonDijkstraStrategy,523,positive,defect_at_iteration,476
W4,1000,1.5,16,HungarianMatcher+JohnsonDijkstraStrategy,524,positive,edge_relaxations,31622
W4,1000,1.5,16,HungarianMatcher+JohnsonDijkstraStrategy,524,positive,defect_at_iteration,475
W4,1000,1.5,16,HungarianMatcher+JohnsonDijkstraStrategy,525,positive,edge_relaxations,31622
W4,1000,1.5,16,HungarianMatcher+JohnsonDijkstraStrategy,525,positive,defect_at_iteration,474
W4,1000,1.5,16,HungarianMatcher+JohnsonDijkstraStrategy,526,positive,edge_relaxations,31622
W4,1000,1.5,16,HungarianMatcher+JohnsonDijkstraStrategy,526,positive,defect_at_iteration,473
W4,1000,1.5,16,HungarianMatcher+JohnsonDijkstraStrategy,527,positive,edge_relaxations,31622
W4,1000,1.5,16,HungarianMatcher+JohnsonDijkstraStrategy,527,positive,defect_at_iteration,472
W4,1000,1.5,16,HungarianMatcher+JohnsonDijkstraStrategy,528,positive,edge_relaxations,31622
W4,1000,1.5,16,HungarianMatcher+JohnsonDijkstraStrategy,528,positive,defect_at_iteration,471
W4,1000,1.5,16,HungarianMatcher+JohnsonDijkstraStrategy,529,positive,edge_relaxations,31622
W4,1000,1.5,16,HungarianMatcher+JohnsonDijkstraStrategy,529,positive,defect_at_iteration,470
W4,1000,1.5,16,HungarianMatcher+JohnsonDijkstraStrategy,530,positive,edge_relaxations,31622
W4,1000,1.5,16,HungarianMatcher+JohnsonDijkstraStrategy,530,positive,defect_at_iteration,469
W4,1000,1.5,16,HungarianMatcher+JohnsonDijkstraStrategy,531,positive,edge_relaxations,31622
W4,1000,1.5,16,HungarianMatcher+JohnsonDijkstraStrategy,531,positive,defect_at_iteration,468
W4,1000,1.5,16,HungarianMatcher+JohnsonDijkstraStrategy,532,positive,edge_relaxations,31622
W4,1000,1.5,16,HungarianMatcher+JohnsonDijkstraStrategy,532,positive,defect_at_iteration,467
W4,1000,1.5,16,HungarianMatcher+JohnsonDijkstraStrategy,533,positive,edge_relaxations,31622
W4,1000,1.5,16,HungarianMatcher+JohnsonDijkstraStrategy,533,positive,defect_at_iteration,466
W4,1000,1.5,16,HungarianMatcher+JohnsonDijkstraStrategy,534,positive,edge_relaxations,31622
W4,1000,1.5,16,HungarianMatcher+JohnsonDijkstraStrategy,534,positive,defect_at_iteration,465
W4,1000,1.5,16,HungarianMatcher+JohnsonDijkstraStrategy,535,positive,edge_relaxations,31622
W4,1000,1.5,16,HungarianMatcher+JohnsonDijkstraStrategy,535,positive,defect_at_iteration,464
W4,1000,1.5,16,HungarianMatcher+JohnsonDijkstraStrategy,536,positive,edge_relaxations,31622
W4,1000,1.5,16,HungarianMatcher+JohnsonDijkstraStrategy,536,positive,defect_at_iteration,463
W4,1000,1.5,16,HungarianMatcher+JohnsonDijkstraStrategy,537,positive,edge_relaxations,31622
W4,1000,1.5,16,HungarianMatcher+JohnsonDijkstraStrategy,537,positive,defect_at_iteration,462
W4,1000,1.5,16,HungarianMatcher+JohnsonDijkstraStrategy,538,positive,edge_relaxations,31622
W4,1000,1.5,16,HungarianMatcher+JohnsonDijkstraStrategy,538,positive,defect_at_iteration,461
W4,1000,1.5,16,HungarianMatcher+JohnsonDijkstraStrategy,539,positive,edge_relaxations,31622
W4,1000,1.5,16,HungarianMatcher+JohnsonDijkstraStrategy,539,positive,defect_at_iteration,460
W4,1000,1.5,16,HungarianMatcher+JohnsonDijkstraStrategy,540,positive,edge_relaxations,31622
W4,1000,1.5,16,HungarianMatcher+JohnsonDijkstraStrategy,540,positive,defect_at_iteration,459
W4,1000,1.5,16,HungarianMatcher+JohnsonDijkstraStrategy,541,positive,edge_relaxations,31622
W4,1000,1.5,16,HungarianMatcher+JohnsonDijkstraStrategy,541,positive,defect_at_iteration,458
W4,1000,1.5,16,HungarianMatcher+JohnsonDijkstraStrategy,542,positive,edge_relaxations,31622
W4,1000,1.5,16,HungarianMatcher+JohnsonDijkstraStrategy,542,positive,defect_at_iteration,457
W4,1000,1.5,16,HungarianMatcher+JohnsonDijkstraStrategy,543,positive,edge_relaxations,31622
W4,1000,1.5,16,HungarianMatcher+JohnsonDijkstraStrategy,543,positive,defect_at_iteration,456
W4,1000,1.5,16,HungarianMatcher+JohnsonDijkstraStrategy,544,positive,edge_relaxations,31622
W4,1000,1.5,16,HungarianMatcher+JohnsonDijkstraStrategy,544,positive,defect_at_iteration,455
W4,1000,1.5,16,HungarianMatcher+JohnsonDijkstraStrategy,545,positive,edge_relaxations,31622
W4,1000,1.5,16,HungarianMatcher+JohnsonDijkstraStrategy,545,positive,defect_at_iteration,454
W4,1000,1.5,16,HungarianMatcher+JohnsonDijkstraStrategy,546,positive,edge_relaxations,31622
W4,1000,1.5,16,HungarianMatcher+JohnsonDijkstraStrategy,546,positive,defect_at_iteration,453
W4,1000,1.5,16,HungarianMatcher+JohnsonDijkstraStrategy,547,positive,edge_relaxations,31622
W4,1000,1.5,16,HungarianMatcher+JohnsonDijkstraStrategy,547,positive,defect_at_iteration,452
W4,1000,1.5,16,HungarianMatcher+JohnsonDijkstraStrategy,548,positive,edge_relaxations,31622
W4,1000,1.5,16,HungarianMatcher+JohnsonDijkstraStrategy,548,positive,defect_at_iteration,451
W4,1000,1.5,16,HungarianMatcher+JohnsonDijkstraStrategy,549,positive,edge_relaxations,31622
W4,1000,1.5,16,HungarianMatcher+JohnsonDijkstraStrategy,549,positive,defect_at_iteration,450
W4,1000,1.5,16,HungarianMatcher+JohnsonDijkstraStrategy,550,positive,edge_relaxations,31622
W4,1000,1.5,16,HungarianMatcher+JohnsonDijkstraStrategy,550,positive,defect_at_iteration,449
W4,1000,1.5,16,HungarianMatcher+JohnsonDijkstraStrategy,551,positive,edge_relaxations,31622
W4,1000,1.5,16,HungarianMatcher+JohnsonDijkstraStrategy,551,positive,defect_at_iteration,448
W4,1000,1.5,16,HungarianMatcher+JohnsonDijkstraStrategy,552,positive,edge_relaxations,31622
W4,1000,1.5,16,HungarianMatcher+JohnsonDijkstraStrategy,552,positive,defect_at_iteration,447
W4,1000,1.5,16,HungarianMatcher+JohnsonDijkstraStrategy,553,positive,edge_relaxations,31622
W4,1000,1.5,16,HungarianMatcher+JohnsonDijkstraStrategy,553,positive,defect_at_iteration,446
W4,1000,1.5,16,HungarianMatcher+JohnsonDijkstraStrategy,554,positive,edge_relaxations,31622
W4,1000,1.5,16,HungarianMatcher+JohnsonDijkstraStrategy,554,positive,defect_at_iteration,445
W4,1000,1.5,16,HungarianMatcher+JohnsonDijkstraStrategy,555,positive,edge_relaxations,31622
W4,1000,1.5,16,HungarianMatcher+JohnsonDijkstraStrategy,555,positive,defect_at_iteration,444
W4,1000,1.5,16,HungarianMatcher+JohnsonDijkstraStrategy,556,positive,edge_relaxations,31622
W4,1000,1.5,16,HungarianMatcher+JohnsonDijkstraStrategy,556,positive,defect_at_iteration,443
W4,1000,1.5,16,HungarianMatcher+JohnsonDijkstraStrategy,557,positive,edge_relaxations,31622
W4,1000,1.5,16,HungarianMatcher+JohnsonDijkstraStrategy,557,positive,defect_at_iteration,442
W4,1000,1.5,16,HungarianMatcher+JohnsonDijkstraStrategy,558,positive,edge_relaxations,31622
W4,1000,1.5,16,HungarianMatcher+JohnsonDijkstraStrategy,558,positive,defect_at_iteration,441
W4,1000,1.5,16,HungarianMatcher+JohnsonDijkstraStrategy,559,positive,edge_relaxations,31622
W4,1000,1.5,16,HungarianMatcher+JohnsonDijkstraStrategy,559,positive,defect_at_iteration,440
W4,1000,1.5,16,HungarianMatcher+JohnsonDijkstraStrategy,560,positive,edge_relaxations,31622
W4,1000,1.5,16,HungarianMatcher+JohnsonDijkstraStrategy,560,positive,defect_at_iteration,439
W4,1000,1.5,16,HungarianMatcher+JohnsonDijkstraStrategy,561,positive,edge_relaxations,31622
W4,1000,1.5,16,HungarianMatcher+JohnsonDijkstraStrategy,561,positive,defect_at_iteration,438
W4,1000,1.5,16,HungarianMatcher+JohnsonDijkstraStrategy,562,positive,edge_relaxations,31622
W4,1000,1.5,16,HungarianMatcher+JohnsonDijkstraStrategy,562,positive,defect_at_iteration,437
W4,1000,1.5,16,HungarianMatcher+JohnsonDijkstraStrategy,563,positive,edge_relaxations,31622
W4,1000,1.5,16,HungarianMatcher+JohnsonDijkstraStrategy,563,positive,defect_at_iteration,436
W4,1000,1.5,16,HungarianMatcher+JohnsonDijkstraStrategy,564,positive,edge_relaxations,31622
W4,1000,1.5,16,HungarianMatcher+JohnsonDijkstraStrategy,564,positive,defect_at_iteration,435
W4,1000,1.5,16,HungarianMatcher+JohnsonDijkstraStrategy,565,positive,edge_relaxations,31622
W4,1000,1.5,16,HungarianMatcher+JohnsonDijkstraStrategy,565,positive,defect_at_iteration,434
W4,1000,1.5,16,HungarianMatcher+JohnsonDijkstraStrategy,566,positive,edge_relaxations,31622
W4,1000,1.5,16,HungarianMatcher+JohnsonDijkstraStrategy,566,positive,defect_at_iteration,433
W4,1000,1.5,16,HungarianMatcher+JohnsonDijkstraStrategy,567,positive,edge_relaxations,31622
W4,1000,1.5,16,HungarianMatcher+JohnsonDijkstraStrategy,567,positive,defect_at_iteration,432
W4,1000,1.5,16,HungarianMatcher+JohnsonDijkstraStrategy,568,positive,edge_relaxations,31622
W4,1000,1.5,16,HungarianMatcher+JohnsonDijkstraStrategy,568,positive,defect_at_iteration,431
W4,1000,1.5,16,HungarianMatcher+JohnsonDijkstraStrategy,569,positive,edge_relaxations,31622
W4,1000,1.5,16,HungarianMatcher+JohnsonDijkstraStrategy,569,positive,defect_at_iteration,430
W4,1000,1.5,16,HungarianMatcher+JohnsonDijkstraStrategy,570,positive,edge_relaxations,31622
W4,1000,1.5,16,HungarianMatcher+JohnsonDijkstraStrategy,570,positive,defect_at_iteration,429
W4,1000,1.5,16,HungarianMatcher+JohnsonDijkstraStrategy,571,positive,edge_relaxations,31622
W4,1000,1.5,16,HungarianMatcher+JohnsonDijkstraStrategy,571,positive,defect_at_iteration,428
W4,1000,1.5,16,HungarianMatcher+JohnsonDijkstraStrategy,572,positive,edge_relaxations,31622
W4,1000,1.5,16,HungarianMatcher+JohnsonDijkstraStrategy,572,positive,defect_at_iteration,427
W4,1000,1.5,16,HungarianMatcher+JohnsonDijkstraStrategy,573,positive,edge_relaxations,31622
W4,1000,1.5,16,HungarianMatcher+JohnsonDijkstraStrategy,573,positive,defect_at_iteration,426
W4,1000,1.5,16,HungarianMatcher+JohnsonDijkstraStrategy,574,positive,edge_relaxations,31622
W4,1000,1.5,16,HungarianMatcher+JohnsonDijkstraStrategy,574,positive,defect_at_iteration,425
W4,1000,1.5,16,HungarianMatcher+JohnsonDijkstraStrategy,575,positive,edge_relaxations,31622
W4,1000,1.5,16,HungarianMatcher+JohnsonDijkstraStrategy,575,positive,defect_at_iteration,424
W4,1000,1.5,16,HungarianMatcher+JohnsonDijkstraStrategy,576,positive,edge_relaxations,31622
W4,1000,1.5,16,HungarianMatcher+JohnsonDijkstraStrategy,576,positive,defect_at_iteration,423
W4,1000,1.5,16,HungarianMatcher+JohnsonDijkstraStrategy,577,positive,edge_relaxations,31622
W4,1000,1.5,16,HungarianMatcher+JohnsonDijkstraStrategy,577,positive,defect_at_iteration,422
W4,1000,1.5,16,HungarianMatcher+JohnsonDijkstraStrategy,578,positive,edge_relaxations,31622
W4,1000,1.5,16,HungarianMatcher+JohnsonDijkstraStrategy,578,positive,defect_at_iteration,421
W4,1000,1.5,16,HungarianMatcher+JohnsonDijkstraStrategy,579,positive,edge_relaxations,31622
W4,1000,1.5,16,HungarianMatcher+JohnsonDijkstraStrategy,579,positive,defect_at_iteration,420
W4,1000,1.5,16,HungarianMatcher+JohnsonDijkstraStrategy,580,positive,edge_relaxations,31622
W4,1000,1.5,16,HungarianMatcher+JohnsonDijkstraStrategy,580,positive,defect_at_iteration,419
W4,1000,1.5,16,HungarianMatcher+JohnsonDijkstraStrategy,581,positive,edge_relaxations,31622
W4,1000,1.5,16,HungarianMatcher+JohnsonDijkstraStrategy,581,positive,defect_at_iteration,418
W4,1000,1.5,16,HungarianMatcher+JohnsonDijkstraStrategy,582,positive,edge_relaxations,31622
W4,1000,1.5,16,HungarianMatcher+JohnsonDijkstraStrategy,582,positive,defect_at_iteration,417
W4,1000,1.5,16,HungarianMatcher+JohnsonDijkstraStrategy,583,positive,edge_relaxations,31622
W4,1000,1.5,16,HungarianMatcher+JohnsonDijkstraStrategy,583,positive,defect_at_iteration,416
W4,1000,1.5,16,HungarianMatcher+JohnsonDijkstraStrategy,584,positive,edge_relaxations,31622
W4,1000,1.5,16,HungarianMatcher+JohnsonDijkstraStrategy,584,positive,defect_at_iteration,415
W4,1000,1.5,16,HungarianMatcher+JohnsonDijkstraStrategy,585,positive,edge_relaxations,31622
W4,1000,1.5,16,HungarianMatcher+JohnsonDijkstraStrategy,585,positive,defect_at_iteration,414
W4,1000,1.5,16,HungarianMatcher+JohnsonDijkstraStrategy,586,positive,edge_relaxations,31622
W4,1000,1.5,16,HungarianMatcher+JohnsonDijkstraStrategy,586,positive,defect_at_iteration,413
W4,1000,1.5,16,HungarianMatcher+JohnsonDijkstraStrategy,587,positive,edge_relaxations,31622
W4,1000,1.5,16,HungarianMatcher+JohnsonDijkstraStrategy,587,positive,defect_at_iteration,412
W4,1000,1.5,16,HungarianMatcher+JohnsonDijkstraStrategy,588,positive,edge_relaxations,31622
W4,1000,1.5,16,HungarianMatcher+JohnsonDijkstraStrategy,588,positive,defect_at_iteration,411
W4,1000,1.5,16,HungarianMatcher+JohnsonDijkstraStrategy,589,positive,edge_relaxations,31622
W4,1000,1.5,16,HungarianMatcher+JohnsonDijkstraStrategy,589,positive,defect_at_iteration,410
W4,1000,1.5,16,HungarianMatcher+JohnsonDijkstraStrategy,590,positive,edge_relaxations,31622
W4,1000,1.5,16,HungarianMatcher+JohnsonDijkstraStrategy,590,positive,defect_at_iteration,409
W4,1000,1.5,16,HungarianMatcher+JohnsonDijkstraStrategy,591,positive,edge_relaxations,31622
W4,1000,1.5,16,HungarianMatcher+JohnsonDijkstraStrategy,591,positive,defect_at_iteration,408
W4,1000,1.5,16,HungarianMatcher+JohnsonDijkstraStrategy,592,positive,edge_relaxations,31622
W4,1000,1.5,16,HungarianMatcher+JohnsonDijkstraStrategy,592,positive,defect_at_iteration,407
W4,1000,1.5,16,HungarianMatcher+JohnsonDijkstraStrategy,593,positive,edge_relaxations,31622
W4,1000,1.5,16,HungarianMatcher+JohnsonDijkstraStrategy,593,positive,defect_at_iteration,406
W4,1000,1.5,16,HungarianMatcher+JohnsonDijkstraStrategy,594,positive,edge_relaxations,31622
W4,1000,1.5,16,HungarianMatcher+JohnsonDijkstraStrategy,594,positive,defect_at_iteration,405
W4,1000,1.5,16,HungarianMatcher+JohnsonDijkstraStrategy,595,positive,edge_relaxations,31622
W4,1000,1.5,16,HungarianMatcher+JohnsonDijkstraStrategy,595,positive,defect_at_iteration,404
W4,1000,1.5,16,HungarianMatcher+JohnsonDijkstraStrategy,596,positive,edge_relaxations,31622
W4,1000,1.5,16,HungarianMatcher+JohnsonDijkstraStrategy,596,positive,defect_at_iteration,403
W4,1000,1.5,16,HungarianMatcher+JohnsonDijkstraStrategy,597,positive,edge_relaxations,31622
W4,1000,1.5,16,HungarianMatcher+JohnsonDijkstraStrategy,597,positive,defect_at_iteration,402
W4,1000,1.5,16,HungarianMatcher+JohnsonDijkstraStrategy,598,positive,edge_relaxations,31622
W4,1000,1.5,16,HungarianMatcher+JohnsonDijkstraStrategy,598,positive,defect_at_iteration,401
W4,1000,1.5,16,HungarianMatcher+JohnsonDijkstraStrategy,599,positive,edge_relaxations,31622
W4,1000,1.5,16,HungarianMatcher+JohnsonDijkstraStrategy,599,positive,defect_at_iteration,400
W4,1000,1.5,16,HungarianMatcher+JohnsonDijkstraStrategy,600,positive,edge_relaxations,31622
W4,1000,1.5,16,HungarianMatcher+JohnsonDijkstraStrategy,600,positive,defect_at_iteration,399
W4,1000,1.5,16,HungarianMatcher+JohnsonDijkstraStrategy,601,positive,edge_relaxations,31622
W4,1000,1.5,16,HungarianMatcher+JohnsonDijkstraStrategy,601,positive,defect_at_iteration,398
W4,1000,1.5,16,HungarianMatcher+JohnsonDijkstraStrategy,602,positive,edge_relaxations,31622
W4,1000,1.5,16,HungarianMatcher+JohnsonDijkstraStrategy,602,positive,defect_at_iteration,397
W4,1000,1.5,16,HungarianMatcher+JohnsonDijkstraStrategy,603,positive,edge_relaxations,31622
W4,1000,1.5,16,HungarianMatcher+JohnsonDijkstraStrategy,603,positive,defect_at_iteration,396
W4,1000,1.5,16,HungarianMatcher+JohnsonDijkstraStrategy,604,positive,edge_relaxations,31622
W4,1000,1.5,16,HungarianMatcher+JohnsonDijkstraStrategy,604,positive,defect_at_iteration,395
W4,1000,1.5,16,HungarianMatcher+JohnsonDijkstraStrategy,605,positive,edge_relaxations,31622
W4,1000,1.5,16,HungarianMatcher+JohnsonDijkstraStrategy,605,positive,defect_at_iteration,394
W4,1000,1.5,16,HungarianMatcher+JohnsonDijkstraStrategy,606,positive,edge_relaxations,31622
W4,1000,1.5,16,HungarianMatcher+JohnsonDijkstraStrategy,606,positive,defect_at_iteration,393
W4,1000,1.5,16,HungarianMatcher+JohnsonDijkstraStrategy,607,positive,edge_relaxations,31622
W4,1000,1.5,16,HungarianMatcher+JohnsonDijkstraStrategy,607,positive,defect_at_iteration,392
W4,1000,1.5,16,HungarianMatcher+JohnsonDijkstraStrategy,608,positive,edge_relaxations,31622
W4,1000,1.5,16,HungarianMatcher+JohnsonDijkstraStrategy,608,positive,defect_at_iteration,391
W4,1000,1.5,16,HungarianMatcher+JohnsonDijkstraStrategy,609,positive,edge_relaxations,31622
W4,1000,1.5,16,HungarianMatcher+JohnsonDijkstraStrategy,609,positive,defect_at_iteration,390
W4,1000,1.5,16,HungarianMatcher+JohnsonDijkstraStrategy,610,positive,edge_relaxations,31622
W4,1000,1.5,16,HungarianMatcher+JohnsonDijkstraStrategy,610,positive,defect_at_iteration,389
W4,1000,1.5,16,HungarianMatcher+JohnsonDijkstraStrategy,611,positive,edge_relaxations,31622
W4,1000,1.5,16,HungarianMatcher+JohnsonDijkstraStrategy,611,positive,defect_at_iteration,388
W4,1000,1.5,16,HungarianMatcher+JohnsonDijkstraStrategy,612,positive,edge_relaxations,31622
W4,1000,1.5,16,HungarianMatcher+JohnsonDijkstraStrategy,612,positive,defect_at_iteration,387
W4,1000,1.5,16,HungarianMatcher+JohnsonDijkstraStrategy,613,positive,edge_relaxations,31622
W4,1000,1.5,16,HungarianMatcher+JohnsonDijkstraStrategy,613,positive,defect_at_iteration,386
W4,1000,1.5,16,HungarianMatcher+JohnsonDijkstraStrategy,614,positive,edge_relaxations,31622
W4,1000,1.5,16,HungarianMatcher+JohnsonDijkstraStrategy,614,positive,defect_at_iteration,385
W4,1000,1.5,16,HungarianMatcher+JohnsonDijkstraStrategy,615,positive,edge_relaxations,31622
W4,1000,1.5,16,HungarianMatcher+JohnsonDijkstraStrategy,615,positive,defect_at_iteration,384
W4,1000,1.5,16,HungarianMatcher+JohnsonDijkstraStrategy,616,positive,edge_relaxations,31622
W4,1000,1.5,16,HungarianMatcher+JohnsonDijkstraStrategy,616,positive,defect_at_iteration,383
W4,1000,1.5,16,HungarianMatcher+JohnsonDijkstraStrategy,617,positive,edge_relaxations,31622
W4,1000,1.5,16,HungarianMatcher+JohnsonDijkstraStrategy,617,positive,defect_at_iteration,382
W4,1000,1.5,16,HungarianMatcher+JohnsonDijkstraStrategy,618,positive,edge_relaxations,31622
W4,1000,1.5,16,HungarianMatcher+JohnsonDijkstraStrategy,618,positive,defect_at_iteration,381
W4,1000,1.5,16,HungarianMatcher+JohnsonDijkstraStrategy,619,positive,edge_relaxations,31622
W4,1000,1.5,16,HungarianMatcher+JohnsonDijkstraStrategy,619,positive,defect_at_iteration,380
W4,1000,1.5,16,HungarianMatcher+JohnsonDijkstraStrategy,620,positive,edge_relaxations,31622
W4,1000,1.5,16,HungarianMatcher+JohnsonDijkstraStrategy,620,positive,defect_at_iteration,379
W4,1000,1.5,16,HungarianMatcher+JohnsonDijkstraStrategy,621,positive,edge_relaxations,31622
W4,1000,1.5,16,HungarianMatcher+JohnsonDijkstraStrategy,621,positive,defect_at_iteration,378
W4,1000,1.5,16,HungarianMatcher+JohnsonDijkstraStrategy,622,positive,edge_relaxations,31622
W4,1000,1.5,16,HungarianMatcher+JohnsonDijkstraStrategy,622,positive,defect_at_iteration,377
W4,1000,1.5,16,HungarianMatcher+JohnsonDijkstraStrategy,623,positive,edge_relaxations,31622
W4,1000,1.5,16,HungarianMatcher+JohnsonDijkstraStrategy,623,positive,defect_at_iteration,376
W4,1000,1.5,16,HungarianMatcher+JohnsonDijkstraStrategy,624,positive,edge_relaxations,31622
W4,1000,1.5,16,HungarianMatcher+JohnsonDijkstraStrategy,624,positive,defect_at_iteration,375
W4,1000,1.5,16,HungarianMatcher+JohnsonDijkstraStrategy,625,positive,edge_relaxations,31622
W4,1000,1.5,16,HungarianMatcher+JohnsonDijkstraStrategy,625,positive,defect_at_iteration,374
W4,1000,1.5,16,HungarianMatcher+JohnsonDijkstraStrategy,626,positive,edge_relaxations,31622
W4,1000,1.5,16,HungarianMatcher+JohnsonDijkstraStrategy,626,positive,defect_at_iteration,373
W4,1000,1.5,16,HungarianMatcher+JohnsonDijkstraStrategy,627,positive,edge_relaxations,31622
W4,1000,1.5,16,HungarianMatcher+JohnsonDijkstraStrategy,627,positive,defect_at_iteration,372
W4,1000,1.5,16,HungarianMatcher+JohnsonDijkstraStrategy,628,positive,edge_relaxations,31622
W4,1000,1.5,16,HungarianMatcher+JohnsonDijkstraStrategy,628,positive,defect_at_iteration,371
W4,1000,1.5,16,HungarianMatcher+JohnsonDijkstraStrategy,629,positive,edge_relaxations,31622
W4,1000,1.5,16,HungarianMatcher+JohnsonDijkstraStrategy,629,positive,defect_at_iteration,370
W4,1000,1.5,16,HungarianMatcher+JohnsonDijkstraStrategy,630,positive,edge_relaxations,31622
W4,1000,1.5,16,HungarianMatcher+JohnsonDijkstraStrategy,630,positive,defect_at_iteration,369
W4,1000,1.5,16,HungarianMatcher+JohnsonDijkstraStrategy,631,positive,edge_relaxations,31622
W4,1000,1.5,16,HungarianMatcher+JohnsonDijkstraStrategy,631,positive,defect_at_iteration,368
W4,1000,1.5,16,HungarianMatcher+JohnsonDijkstraStrategy,632,positive,edge_relaxations,31622
W4,1000,1.5,16,HungarianMatcher+JohnsonDijkstraStrategy,632,positive,defect_at_iteration,367
W4,1000,1.5,16,HungarianMatcher+JohnsonDijkstraStrategy,633,positive,edge_relaxations,31622
W4,1000,1.5,16,HungarianMatcher+JohnsonDijkstraStrategy,633,positive,defect_at_iteration,366
W4,1000,1.5,16,HungarianMatcher+JohnsonDijkstraStrategy,634,positive,edge_relaxations,31622
W4,1000,1.5,16,HungarianMatcher+JohnsonDijkstraStrategy,634,positive,defect_at_iteration,365
W4,1000,1.5,16,HungarianMatcher+JohnsonDijkstraStrategy,635,positive,edge_relaxations,31622
W4,1000,1.5,16,HungarianMatcher+JohnsonDijkstraStrategy,635,positive,defect_at_iteration,364
W4,1000,1.5,16,HungarianMatcher+JohnsonDijkstraStrategy,636,positive,edge_relaxations,31622
W4,1000,1.5,16,HungarianMatcher+JohnsonDijkstraStrategy,636,positive,defect_at_iteration,363
W4,1000,1.5,16,HungarianMatcher+JohnsonDijkstraStrategy,637,positive,edge_relaxations,31622
W4,1000,1.5,16,HungarianMatcher+JohnsonDijkstraStrategy,637,positive,defect_at_iteration,362
W4,1000,1.5,16,HungarianMatcher+JohnsonDijkstraStrategy,638,positive,edge_relaxations,31622
W4,1000,1.5,16,HungarianMatcher+JohnsonDijkstraStrategy,638,positive,defect_at_iteration,361
W4,1000,1.5,16,HungarianMatcher+JohnsonDijkstraStrategy,639,positive,edge_relaxations,31622
W4,1000,1.5,16,HungarianMatcher+JohnsonDijkstraStrategy,639,positive,defect_at_iteration,360
W4,1000,1.5,16,HungarianMatcher+JohnsonDijkstraStrategy,640,positive,edge_relaxations,31622
W4,1000,1.5,16,HungarianMatcher+JohnsonDijkstraStrategy,640,positive,defect_at_iteration,359
W4,1000,1.5,16,HungarianMatcher+JohnsonDijkstraStrategy,641,positive,edge_relaxations,31622
W4,1000,1.5,16,HungarianMatcher+JohnsonDijkstraStrategy,641,positive,defect_at_iteration,358
W4,1000,1.5,16,HungarianMatcher+JohnsonDijkstraStrategy,642,positive,edge_relaxations,31622
W4,1000,1.5,16,HungarianMatcher+JohnsonDijkstraStrategy,642,positive,defect_at_iteration,357
W4,1000,1.5,16,HungarianMatcher+JohnsonDijkstraStrategy,643,positive,edge_relaxations,31622
W4,1000,1.5,16,HungarianMatcher+JohnsonDijkstraStrategy,643,positive,defect_at_iteration,356
W4,1000,1.5,16,HungarianMatcher+JohnsonDijkstraStrategy,644,positive,edge_relaxations,31622
W4,1000,1.5,16,HungarianMatcher+JohnsonDijkstraStrategy,644,positive,defect_at_iteration,355
W4,1000,1.5,16,HungarianMatcher+JohnsonDijkstraStrategy,645,positive,edge_relaxations,31622
W4,1000,1.5,16,HungarianMatcher+JohnsonDijkstraStrategy,645,positive,defect_at_iteration,354
W4,1000,1.5,16,HungarianMatcher+JohnsonDijkstraStrategy,646,positive,edge_relaxations,31622
W4,1000,1.5,16,HungarianMatcher+JohnsonDijkstraStrategy,646,positive,defect_at_iteration,353
W4,1000,1.5,16,HungarianMatcher+JohnsonDijkstraStrategy,647,positive,edge_relaxations,31622
W4,1000,1.5,16,HungarianMatcher+JohnsonDijkstraStrategy,647,positive,defect_at_iteration,352
W4,1000,1.5,16,HungarianMatcher+JohnsonDijkstraStrategy,648,positive,edge_relaxations,31622
W4,1000,1.5,16,HungarianMatcher+JohnsonDijkstraStrategy,648,positive,defect_at_iteration,351
W4,1000,1.5,16,HungarianMatcher+JohnsonDijkstraStrategy,649,positive,edge_relaxations,31622
W4,1000,1.5,16,HungarianMatcher+JohnsonDijkstraStrategy,649,positive,defect_at_iteration,350
W4,1000,1.5,16,HungarianMatcher+JohnsonDijkstraStrategy,650,positive,edge_relaxations,31622
W4,1000,1.5,16,HungarianMatcher+JohnsonDijkstraStrategy,650,positive,defect_at_iteration,349
W4,1000,1.5,16,HungarianMatcher+JohnsonDijkstraStrategy,651,positive,edge_relaxations,31622
W4,1000,1.5,16,HungarianMatcher+JohnsonDijkstraStrategy,651,positive,defect_at_iteration,348
W4,1000,1.5,16,HungarianMatcher+JohnsonDijkstraStrategy,652,positive,edge_relaxations,31622
W4,1000,1.5,16,HungarianMatcher+JohnsonDijkstraStrategy,652,positive,defect_at_iteration,347
W4,1000,1.5,16,HungarianMatcher+JohnsonDijkstraStrategy,653,positive,edge_relaxations,31622
W4,1000,1.5,16,HungarianMatcher+JohnsonDijkstraStrategy,653,positive,defect_at_iteration,346
W4,1000,1.5,16,HungarianMatcher+JohnsonDijkstraStrategy,654,positive,edge_relaxations,31622
W4,1000,1.5,16,HungarianMatcher+JohnsonDijkstraStrategy,654,positive,defect_at_iteration,345
W4,1000,1.5,16,HungarianMatcher+JohnsonDijkstraStrategy,655,positive,edge_relaxations,31622
W4,1000,1.5,16,HungarianMatcher+JohnsonDijkstraStrategy,655,positive,defect_at_iteration,344
W4,1000,1.5,16,HungarianMatcher+JohnsonDijkstraStrategy,656,positive,edge_relaxations,31622
W4,1000,1.5,16,HungarianMatcher+JohnsonDijkstraStrategy,656,positive,defect_at_iteration,343
W4,1000,1.5,16,HungarianMatcher+JohnsonDijkstraStrategy,657,positive,edge_relaxations,31622
W4,1000,1.5,16,HungarianMatcher+JohnsonDijkstraStrategy,657,positive,defect_at_iteration,342
W4,1000,1.5,16,HungarianMatcher+JohnsonDijkstraStrategy,658,positive,edge_relaxations,31622
W4,1000,1.5,16,HungarianMatcher+JohnsonDijkstraStrategy,658,positive,defect_at_iteration,341
W4,1000,1.5,16,HungarianMatcher+JohnsonDijkstraStrategy,659,positive,edge_relaxations,31622
W4,1000,1.5,16,HungarianMatcher+JohnsonDijkstraStrategy,659,positive,defect_at_iteration,340
W4,1000,1.5,16,HungarianMatcher+JohnsonDijkstraStrategy,660,positive,edge_relaxations,31622
W4,1000,1.5,16,HungarianMatcher+JohnsonDijkstraStrategy,660,positive,defect_at_iteration,339
W4,1000,1.5,16,HungarianMatcher+JohnsonDijkstraStrategy,661,positive,edge_relaxations,31622
W4,1000,1.5,16,HungarianMatcher+JohnsonDijkstraStrategy,661,positive,defect_at_iteration,338
W4,1000,1.5,16,HungarianMatcher+JohnsonDijkstraStrategy,662,positive,edge_relaxations,31622
W4,1000,1.5,16,HungarianMatcher+JohnsonDijkstraStrategy,662,positive,defect_at_iteration,337
W4,1000,1.5,16,HungarianMatcher+JohnsonDijkstraStrategy,663,positive,edge_relaxations,31622
W4,1000,1.5,16,HungarianMatcher+JohnsonDijkstraStrategy,663,positive,defect_at_iteration,336
W4,1000,1.5,16,HungarianMatcher+JohnsonDijkstraStrategy,664,positive,edge_relaxations,31622
W4,1000,1.5,16,HungarianMatcher+JohnsonDijkstraStrategy,664,positive,defect_at_iteration,335
W4,1000,1.5,16,HungarianMatcher+JohnsonDijkstraStrategy,665,positive,edge_relaxations,31622
W4,1000,1.5,16,HungarianMatcher+JohnsonDijkstraStrategy,665,positive,defect_at_iteration,334
W4,1000,1.5,16,HungarianMatcher+JohnsonDijkstraStrategy,666,positive,edge_relaxations,31622
W4,1000,1.5,16,HungarianMatcher+JohnsonDijkstraStrategy,666,positive,defect_at_iteration,333
W4,1000,1.5,16,HungarianMatcher+JohnsonDijkstraStrategy,667,positive,edge_relaxations,31622
W4,1000,1.5,16,HungarianMatcher+JohnsonDijkstraStrategy,667,positive,defect_at_iteration,332
W4,1000,1.5,16,HungarianMatcher+JohnsonDijkstraStrategy,668,positive,edge_relaxations,31622
W4,1000,1.5,16,HungarianMatcher+JohnsonDijkstraStrategy,668,positive,defect_at_iteration,331
W4,1000,1.5,16,HungarianMatcher+JohnsonDijkstraStrategy,669,positive,edge_relaxations,31622
W4,1000,1.5,16,HungarianMatcher+JohnsonDijkstraStrategy,669,positive,defect_at_iteration,330
W4,1000,1.5,16,HungarianMatcher+JohnsonDijkstraStrategy,670,positive,edge_relaxations,31622
W4,1000,1.5,16,HungarianMatcher+JohnsonDijkstraStrategy,670,positive,defect_at_iteration,329
W4,1000,1.5,16,HungarianMatcher+JohnsonDijkstraStrategy,671,positive,edge_relaxations,31622
W4,1000,1.5,16,HungarianMatcher+JohnsonDijkstraStrategy,671,positive,defect_at_iteration,328
W4,1000,1.5,16,HungarianMatcher+JohnsonDijkstraStrategy,672,positive,edge_relaxations,31622
W4,1000,1.5,16,HungarianMatcher+JohnsonDijkstraStrategy,672,positive,defect_at_iteration,327
W4,1000,1.5,16,HungarianMatcher+JohnsonDijkstraStrategy,673,positive,edge_relaxations,31622
W4,1000,1.5,16,HungarianMatcher+JohnsonDijkstraStrategy,673,positive,defect_at_iteration,326
W4,1000,1.5,16,HungarianMatcher+JohnsonDijkstraStrategy,674,positive,edge_relaxations,31622
W4,1000,1.5,16,HungarianMatcher+JohnsonDijkstraStrategy,674,positive,defect_at_iteration,325
W4,1000,1.5,16,HungarianMatcher+JohnsonDijkstraStrategy,675,positive,edge_relaxations,31622
W4,1000,1.5,16,HungarianMatcher+JohnsonDijkstraStrategy,675,positive,defect_at_iteration,324
W4,1000,1.5,16,HungarianMatcher+JohnsonDijkstraStrategy,676,positive,edge_relaxations,31622
W4,1000,1.5,16,HungarianMatcher+JohnsonDijkstraStrategy,676,positive,defect_at_iteration,323
W4,1000,1.5,16,HungarianMatcher+JohnsonDijkstraStrategy,677,positive,edge_relaxations,31622
W4,1000,1.5,16,HungarianMatcher+JohnsonDijkstraStrategy,677,positive,defect_at_iteration,322
W4,1000,1.5,16,HungarianMatcher+JohnsonDijkstraStrategy,678,positive,edge_relaxations,31622
W4,1000,1.5,16,HungarianMatcher+JohnsonDijkstraStrategy,678,positive,defect_at_iteration,321
W4,1000,1.5,16,HungarianMatcher+JohnsonDijkstraStrategy,679,positive,edge_relaxations,31622
W4,1000,1.5,16,HungarianMatcher+JohnsonDijkstraStrategy,679,positive,defect_at_iteration,320
W4,1000,1.5,16,HungarianMatcher+JohnsonDijkstraStrategy,680,positive,edge_relaxations,31622
W4,1000,1.5,16,HungarianMatcher+JohnsonDijkstraStrategy,680,positive,defect_at_iteration,319
W4,1000,1.5,16,HungarianMatcher+JohnsonDijkstraStrategy,681,positive,edge_relaxations,31622
W4,1000,1.5,16,HungarianMatcher+JohnsonDijkstraStrategy,681,positive,defect_at_iteration,318
W4,1000,1.5,16,HungarianMatcher+JohnsonDijkstraStrategy,682,positive,edge_relaxations,31622
W4,1000,1.5,16,HungarianMatcher+JohnsonDijkstraStrategy,682,positive,defect_at_iteration,317
W4,1000,1.5,16,HungarianMatcher+JohnsonDijkstraStrategy,683,positive,edge_relaxations,31622
W4,1000,1.5,16,HungarianMatcher+JohnsonDijkstraStrategy,683,positive,defect_at_iteration,316
W4,1000,1.5,16,HungarianMatcher+JohnsonDijkstraStrategy,684,positive,edge_relaxations,31622
W4,1000,1.5,16,HungarianMatcher+JohnsonDijkstraStrategy,684,positive,defect_at_iteration,315
W4,1000,1.5,16,HungarianMatcher+JohnsonDijkstraStrategy,685,positive,edge_relaxations,31622
W4,1000,1.5,16,HungarianMatcher+JohnsonDijkstraStrategy,685,positive,defect_at_iteration,314
W4,1000,1.5,16,HungarianMatcher+JohnsonDijkstraStrategy,686,positive,edge_relaxations,31622
W4,1000,1.5,16,HungarianMatcher+JohnsonDijkstraStrategy,686,positive,defect_at_iteration,313
W4,1000,1.5,16,HungarianMatcher+JohnsonDijkstraStrategy,687,positive,edge_relaxations,31622
W4,1000,1.5,16,HungarianMatcher+JohnsonDijkstraStrategy,687,positive,defect_at_iteration,312
W4,1000,1.5,16,HungarianMatcher+JohnsonDijkstraStrategy,688,positive,edge_relaxations,31622
W4,1000,1.5,16,HungarianMatcher+JohnsonDijkstraStrategy,688,positive,defect_at_iteration,311
W4,1000,1.5,16,HungarianMatcher+JohnsonDijkstraStrategy,689,positive,edge_relaxations,31622
W4,1000,1.5,16,HungarianMatcher+JohnsonDijkstraStrategy,689,positive,defect_at_iteration,310
W4,1000,1.5,16,HungarianMatcher+JohnsonDijkstraStrategy,690,positive,edge_relaxations,31622
W4,1000,1.5,16,HungarianMatcher+JohnsonDijkstraStrategy,690,positive,defect_at_iteration,309
W4,1000,1.5,16,HungarianMatcher+JohnsonDijkstraStrategy,691,positive,edge_relaxations,31622
W4,1000,1.5,16,HungarianMatcher+JohnsonDijkstraStrategy,691,positive,defect_at_iteration,308
W4,1000,1.5,16,HungarianMatcher+JohnsonDijkstraStrategy,692,positive,edge_relaxations,31622
W4,1000,1.5,16,HungarianMatcher+JohnsonDijkstraStrategy,692,positive,defect_at_iteration,307
W4,1000,1.5,16,HungarianMatcher+JohnsonDijkstraStrategy,693,positive,edge_relaxations,31622
W4,1000,1.5,16,HungarianMatcher+JohnsonDijkstraStrategy,693,positive,defect_at_iteration,306
W4,1000,1.5,16,HungarianMatcher+JohnsonDijkstraStrategy,694,positive,edge_relaxations,31622
W4,1000,1.5,16,HungarianMatcher+JohnsonDijkstraStrategy,694,positive,defect_at_iteration,305
W4,1000,1.5,16,HungarianMatcher+JohnsonDijkstraStrategy,695,positive,edge_relaxations,31622
W4,1000,1.5,16,HungarianMatcher+JohnsonDijkstraStrategy,695,positive,defect_at_iteration,304
W4,1000,1.5,16,HungarianMatcher+JohnsonDijkstraStrategy,696,positive,edge_relaxations,31622
W4,1000,1.5,16,HungarianMatcher+JohnsonDijkstraStrategy,696,positive,defect_at_iteration,303
W4,1000,1.5,16,HungarianMatcher+JohnsonDijkstraStrategy,697,positive,edge_relaxations,31622
W4,1000,1.5,16,HungarianMatcher+JohnsonDijkstraStrategy,697,positive,defect_at_iteration,302
W4,1000,1.5,16,HungarianMatcher+JohnsonDijkstraStrategy,698,positive,edge_relaxations,31622
W4,1000,1.5,16,HungarianMatcher+JohnsonDijkstraStrategy,698,positive,defect_at_iteration,301
W4,1000,1.5,16,HungarianMatcher+JohnsonDijkstraStrategy,699,positive,edge_relaxations,31622
W4,1000,1.5,16,HungarianMatcher+JohnsonDijkstraStrategy,699,positive,defect_at_iteration,300
W4,1000,1.5,16,HungarianMatcher+JohnsonDijkstraStrategy,700,positive,edge_relaxations,31622
W4,1000,1.5,16,HungarianMatcher+JohnsonDijkstraStrategy,700,positive,defect_at_iteration,299
W4,1000,1.5,16,HungarianMatcher+JohnsonDijkstraStrategy,701,positive,edge_relaxations,31622
W4,1000,1.5,16,HungarianMatcher+JohnsonDijkstraStrategy,701,positive,defect_at_iteration,298
W4,1000,1.5,16,HungarianMatcher+JohnsonDijkstraStrategy,702,positive,edge_relaxations,31622
W4,1000,1.5,16,HungarianMatcher+JohnsonDijkstraStrategy,702,positive,defect_at_iteration,297
W4,1000,1.5,16,HungarianMatcher+JohnsonDijkstraStrategy,703,positive,edge_relaxations,31622
W4,1000,1.5,16,HungarianMatcher+JohnsonDijkstraStrategy,703,positive,defect_at_iteration,296
W4,1000,1.5,16,HungarianMatcher+JohnsonDijkstraStrategy,704,positive,edge_relaxations,31622
W4,1000,1.5,16,HungarianMatcher+JohnsonDijkstraStrategy,704,positive,defect_at_iteration,295
W4,1000,1.5,16,HungarianMatcher+JohnsonDijkstraStrategy,705,positive,edge_relaxations,31622
W4,1000,1.5,16,HungarianMatcher+JohnsonDijkstraStrategy,705,positive,defect_at_iteration,294
W4,1000,1.5,16,HungarianMatcher+JohnsonDijkstraStrategy,706,positive,edge_relaxations,31622
W4,1000,1.5,16,HungarianMatcher+JohnsonDijkstraStrategy,706,positive,defect_at_iteration,293
W4,1000,1.5,16,HungarianMatcher+JohnsonDijkstraStrategy,707,positive,edge_relaxations,31622
W4,1000,1.5,16,HungarianMatcher+JohnsonDijkstraStrategy,707,positive,defect_at_iteration,292
W4,1000,1.5,16,HungarianMatcher+JohnsonDijkstraStrategy,708,positive,edge_relaxations,31622
W4,1000,1.5,16,HungarianMatcher+JohnsonDijkstraStrategy,708,positive,defect_at_iteration,291
W4,1000,1.5,16,HungarianMatcher+JohnsonDijkstraStrategy,709,positive,edge_relaxations,31622
W4,1000,1.5,16,HungarianMatcher+JohnsonDijkstraStrategy,709,positive,defect_at_iteration,290
W4,1000,1.5,16,HungarianMatcher+JohnsonDijkstraStrategy,710,positive,edge_relaxations,31622
W4,1000,1.5,16,HungarianMatcher+JohnsonDijkstraStrategy,710,positive,defect_at_iteration,289
W4,1000,1.5,16,HungarianMatcher+JohnsonDijkstraStrategy,711,positive,edge_relaxations,31622
W4,1000,1.5,16,HungarianMatcher+JohnsonDijkstraStrategy,711,positive,defect_at_iteration,288
W4,1000,1.5,16,HungarianMatcher+JohnsonDijkstraStrategy,712,positive,edge_relaxations,31622
W4,1000,1.5,16,HungarianMatcher+JohnsonDijkstraStrategy,712,positive,defect_at_iteration,287
W4,1000,1.5,16,HungarianMatcher+JohnsonDijkstraStrategy,713,positive,edge_relaxations,31622
W4,1000,1.5,16,HungarianMatcher+JohnsonDijkstraStrategy,713,positive,defect_at_iteration,286
W4,1000,1.5,16,HungarianMatcher+JohnsonDijkstraStrategy,714,positive,edge_relaxations,31622
W4,1000,1.5,16,HungarianMatcher+JohnsonDijkstraStrategy,714,positive,defect_at_iteration,285
W4,1000,1.5,16,HungarianMatcher+JohnsonDijkstraStrategy,715,positive,edge_relaxations,31622
W4,1000,1.5,16,HungarianMatcher+JohnsonDijkstraStrategy,715,positive,defect_at_iteration,284
W4,1000,1.5,16,HungarianMatcher+JohnsonDijkstraStrategy,716,positive,edge_relaxations,31622
W4,1000,1.5,16,HungarianMatcher+JohnsonDijkstraStrategy,716,positive,defect_at_iteration,283
W4,1000,1.5,16,HungarianMatcher+JohnsonDijkstraStrategy,717,positive,edge_relaxations,31622
W4,1000,1.5,16,HungarianMatcher+JohnsonDijkstraStrategy,717,positive,defect_at_iteration,282
W4,1000,1.5,16,HungarianMatcher+JohnsonDijkstraStrategy,718,positive,edge_relaxations,31622
W4,1000,1.5,16,HungarianMatcher+JohnsonDijkstraStrategy,718,positive,defect_at_iteration,281
W4,1000,1.5,16,HungarianMatcher+JohnsonDijkstraStrategy,719,positive,edge_relaxations,31622
W4,1000,1.5,16,HungarianMatcher+JohnsonDijkstraStrategy,719,positive,defect_at_iteration,280
W4,1000,1.5,16,HungarianMatcher+JohnsonDijkstraStrategy,720,positive,edge_relaxations,31622
W4,1000,1.5,16,HungarianMatcher+JohnsonDijkstraStrategy,720,positive,defect_at_iteration,279
W4,1000,1.5,16,HungarianMatcher+JohnsonDijkstraStrategy,721,positive,edge_relaxations,31622
W4,1000,1.5,16,HungarianMatcher+JohnsonDijkstraStrategy,721,positive,defect_at_iteration,278
W4,1000,1.5,16,HungarianMatcher+JohnsonDijkstraStrategy,722,positive,edge_relaxations,31622
W4,1000,1.5,16,HungarianMatcher+JohnsonDijkstraStrategy,722,positive,defect_at_iteration,277
W4,1000,1.5,16,HungarianMatcher+JohnsonDijkstraStrategy,723,positive,edge_relaxations,31622
W4,1000,1.5,16,HungarianMatcher+JohnsonDijkstraStrategy,723,positive,defect_at_iteration,276
W4,1000,1.5,16,HungarianMatcher+JohnsonDijkstraStrategy,724,positive,edge_relaxations,31622
W4,1000,1.5,16,HungarianMatcher+JohnsonDijkstraStrategy,724,positive,defect_at_iteration,275
W4,1000,1.5,16,HungarianMatcher+JohnsonDijkstraStrategy,725,positive,edge_relaxations,31622
W4,1000,1.5,16,HungarianMatcher+JohnsonDijkstraStrategy,725,positive,defect_at_iteration,274
W4,1000,1.5,16,HungarianMatcher+JohnsonDijkstraStrategy,726,positive,edge_relaxations,31622
W4,1000,1.5,16,HungarianMatcher+JohnsonDijkstraStrategy,726,positive,defect_at_iteration,273
W4,1000,1.5,16,HungarianMatcher+JohnsonDijkstraStrategy,727,positive,edge_relaxations,31622
W4,1000,1.5,16,HungarianMatcher+JohnsonDijkstraStrategy,727,positive,defect_at_iteration,272
W4,1000,1.5,16,HungarianMatcher+JohnsonDijkstraStrategy,728,positive,edge_relaxations,31622
W4,1000,1.5,16,HungarianMatcher+JohnsonDijkstraStrategy,728,positive,defect_at_iteration,271
W4,1000,1.5,16,HungarianMatcher+JohnsonDijkstraStrategy,729,positive,edge_relaxations,31622
W4,1000,1.5,16,HungarianMatcher+JohnsonDijkstraStrategy,729,positive,defect_at_iteration,270
W4,1000,1.5,16,HungarianMatcher+JohnsonDijkstraStrategy,730,positive,edge_relaxations,31622
W4,1000,1.5,16,HungarianMatcher+JohnsonDijkstraStrategy,730,positive,defect_at_iteration,269
W4,1000,1.5,16,HungarianMatcher+JohnsonDijkstraStrategy,731,positive,edge_relaxations,31622
W4,1000,1.5,16,HungarianMatcher+JohnsonDijkstraStrategy,731,positive,defect_at_iteration,268
W4,1000,1.5,16,HungarianMatcher+JohnsonDijkstraStrategy,732,positive,edge_relaxations,31622
W4,1000,1.5,16,HungarianMatcher+JohnsonDijkstraStrategy,732,positive,defect_at_iteration,267
W4,1000,1.5,16,HungarianMatcher+JohnsonDijkstraStrategy,733,positive,edge_relaxations,31622
W4,1000,1.5,16,HungarianMatcher+JohnsonDijkstraStrategy,733,positive,defect_at_iteration,266
W4,1000,1.5,16,HungarianMatcher+JohnsonDijkstraStrategy,734,positive,edge_relaxations,31622
W4,1000,1.5,16,HungarianMatcher+JohnsonDijkstraStrategy,734,positive,defect_at_iteration,265
W4,1000,1.5,16,HungarianMatcher+JohnsonDijkstraStrategy,735,positive,edge_relaxations,31622
W4,1000,1.5,16,HungarianMatcher+JohnsonDijkstraStrategy,735,positive,defect_at_iteration,264
W4,1000,1.5,16,HungarianMatcher+JohnsonDijkstraStrategy,736,positive,edge_relaxations,31622
W4,1000,1.5,16,HungarianMatcher+JohnsonDijkstraStrategy,736,positive,defect_at_iteration,263
W4,1000,1.5,16,HungarianMatcher+JohnsonDijkstraStrategy,737,positive,edge_relaxations,31622
W4,1000,1.5,16,HungarianMatcher+JohnsonDijkstraStrategy,737,positive,defect_at_iteration,262
W4,1000,1.5,16,HungarianMatcher+JohnsonDijkstraStrategy,738,positive,edge_relaxations,31622
W4,1000,1.5,16,HungarianMatcher+JohnsonDijkstraStrategy,738,positive,defect_at_iteration,261
W4,1000,1.5,16,HungarianMatcher+JohnsonDijkstraStrategy,739,positive,edge_relaxations,31622
W4,1000,1.5,16,HungarianMatcher+JohnsonDijkstraStrategy,739,positive,defect_at_iteration,260
W4,1000,1.5,16,HungarianMatcher+JohnsonDijkstraStrategy,740,positive,edge_relaxations,31622
W4,1000,1.5,16,HungarianMatcher+JohnsonDijkstraStrategy,740,positive,defect_at_iteration,259
W4,1000,1.5,16,HungarianMatcher+JohnsonDijkstraStrategy,741,positive,edge_relaxations,31622
W4,1000,1.5,16,HungarianMatcher+JohnsonDijkstraStrategy,741,positive,defect_at_iteration,258
W4,1000,1.5,16,HungarianMatcher+JohnsonDijkstraStrategy,742,positive,edge_relaxations,31622
W4,1000,1.5,16,HungarianMatcher+JohnsonDijkstraStrategy,742,positive,defect_at_iteration,257
W4,1000,1.5,16,HungarianMatcher+JohnsonDijkstraStrategy,743,positive,edge_relaxations,31622
W4,1000,1.5,16,HungarianMatcher+JohnsonDijkstraStrategy,743,positive,defect_at_iteration,256
W4,1000,1.5,16,HungarianMatcher+JohnsonDijkstraStrategy,744,positive,edge_relaxations,31622
W4,1000,1.5,16,HungarianMatcher+JohnsonDijkstraStrategy,744,positive,defect_at_iteration,255
W4,1000,1.5,16,HungarianMatcher+JohnsonDijkstraStrategy,745,positive,edge_relaxations,31622
W4,1000,1.5,16,HungarianMatcher+JohnsonDijkstraStrategy,745,positive,defect_at_iteration,254
W4,1000,1.5,16,HungarianMatcher+JohnsonDijkstraStrategy,746,positive,edge_relaxations,31622
W4,1000,1.5,16,HungarianMatcher+JohnsonDijkstraStrategy,746,positive,defect_at_iteration,253
W4,1000,1.5,16,HungarianMatcher+JohnsonDijkstraStrategy,747,positive,edge_relaxations,31622
W4,1000,1.5,16,HungarianMatcher+JohnsonDijkstraStrategy,747,positive,defect_at_iteration,252
W4,1000,1.5,16,HungarianMatcher+JohnsonDijkstraStrategy,748,positive,edge_relaxations,31622
W4,1000,1.5,16,HungarianMatcher+JohnsonDijkstraStrategy,748,positive,defect_at_iteration,251
W4,1000,1.5,16,HungarianMatcher+JohnsonDijkstraStrategy,749,positive,edge_relaxations,31622
W4,1000,1.5,16,HungarianMatcher+JohnsonDijkstraStrategy,749,positive,defect_at_iteration,250
W4,1000,1.5,16,HungarianMatcher+JohnsonDijkstraStrategy,750,positive,edge_relaxations,31622
W4,1000,1.5,16,HungarianMatcher+JohnsonDijkstraStrategy,750,positive,defect_at_iteration,249
W4,1000,1.5,16,HungarianMatcher+JohnsonDijkstraStrategy,751,positive,edge_relaxations,31622
W4,1000,1.5,16,HungarianMatcher+JohnsonDijkstraStrategy,751,positive,defect_at_iteration,248
W4,1000,1.5,16,HungarianMatcher+JohnsonDijkstraStrategy,752,positive,edge_relaxations,31622
W4,1000,1.5,16,HungarianMatcher+JohnsonDijkstraStrategy,752,positive,defect_at_iteration,247
W4,1000,1.5,16,HungarianMatcher+JohnsonDijkstraStrategy,753,positive,edge_relaxations,31622
W4,1000,1.5,16,HungarianMatcher+JohnsonDijkstraStrategy,753,positive,defect_at_iteration,246
W4,1000,1.5,16,HungarianMatcher+JohnsonDijkstraStrategy,754,positive,edge_relaxations,31622
W4,1000,1.5,16,HungarianMatcher+JohnsonDijkstraStrategy,754,positive,defect_at_iteration,245
W4,1000,1.5,16,HungarianMatcher+JohnsonDijkstraStrategy,755,positive,edge_relaxations,31622
W4,1000,1.5,16,HungarianMatcher+JohnsonDijkstraStrategy,755,positive,defect_at_iteration,244
W4,1000,1.5,16,HungarianMatcher+JohnsonDijkstraStrategy,756,positive,edge_relaxations,31622
W4,1000,1.5,16,HungarianMatcher+JohnsonDijkstraStrategy,756,positive,defect_at_iteration,243
W4,1000,1.5,16,HungarianMatcher+JohnsonDijkstraStrategy,757,positive,edge_relaxations,31622
W4,1000,1.5,16,HungarianMatcher+JohnsonDijkstraStrategy,757,positive,defect_at_iteration,242
W4,1000,1.5,16,HungarianMatcher+JohnsonDijkstraStrategy,758,positive,edge_relaxations,31622
W4,1000,1.5,16,HungarianMatcher+JohnsonDijkstraStrategy,758,positive,defect_at_iteration,241
W4,1000,1.5,16,HungarianMatcher+JohnsonDijkstraStrategy,759,positive,edge_relaxations,31622
W4,1000,1.5,16,HungarianMatcher+JohnsonDijkstraStrategy,759,positive,defect_at_iteration,240
W4,1000,1.5,16,HungarianMatcher+JohnsonDijkstraStrategy,760,positive,edge_relaxations,31622
W4,1000,1.5,16,HungarianMatcher+JohnsonDijkstraStrategy,760,positive,defect_at_iteration,239
W4,1000,1.5,16,HungarianMatcher+JohnsonDijkstraStrategy,761,positive,edge_relaxations,31622
W4,1000,1.5,16,HungarianMatcher+JohnsonDijkstraStrategy,761,positive,defect_at_iteration,238
W4,1000,1.5,16,HungarianMatcher+JohnsonDijkstraStrategy,762,positive,edge_relaxations,31622
W4,1000,1.5,16,HungarianMatcher+JohnsonDijkstraStrategy,762,positive,defect_at_iteration,237
W4,1000,1.5,16,HungarianMatcher+JohnsonDijkstraStrategy,763,positive,edge_relaxations,31622
W4,1000,1.5,16,HungarianMatcher+JohnsonDijkstraStrategy,763,positive,defect_at_iteration,236
W4,1000,1.5,16,HungarianMatcher+JohnsonDijkstraStrategy,764,positive,edge_relaxations,31622
W4,1000,1.5,16,HungarianMatcher+JohnsonDijkstraStrategy,764,positive,defect_at_iteration,235
W4,1000,1.5,16,HungarianMatcher+JohnsonDijkstraStrategy,765,positive,edge_relaxations,31622
W4,1000,1.5,16,HungarianMatcher+JohnsonDijkstraStrategy,765,positive,defect_at_iteration,234
W4,1000,1.5,16,HungarianMatcher+JohnsonDijkstraStrategy,766,positive,edge_relaxations,31622
W4,1000,1.5,16,HungarianMatcher+JohnsonDijkstraStrategy,766,positive,defect_at_iteration,233
W4,1000,1.5,16,HungarianMatcher+JohnsonDijkstraStrategy,767,positive,edge_relaxations,31622
W4,1000,1.5,16,HungarianMatcher+JohnsonDijkstraStrategy,767,positive,defect_at_iteration,232
W4,1000,1.5,16,HungarianMatcher+JohnsonDijkstraStrategy,768,positive,edge_relaxations,31622
W4,1000,1.5,16,HungarianMatcher+JohnsonDijkstraStrategy,768,positive,defect_at_iteration,231
W4,1000,1.5,16,HungarianMatcher+JohnsonDijkstraStrategy,769,positive,edge_relaxations,31622
W4,1000,1.5,16,HungarianMatcher+JohnsonDijkstraStrategy,769,positive,defect_at_iteration,230
W4,1000,1.5,16,HungarianMatcher+JohnsonDijkstraStrategy,770,positive,edge_relaxations,31622
W4,1000,1.5,16,HungarianMatcher+JohnsonDijkstraStrategy,770,positive,defect_at_iteration,229
W4,1000,1.5,16,HungarianMatcher+JohnsonDijkstraStrategy,771,positive,edge_relaxations,31622
W4,1000,1.5,16,HungarianMatcher+JohnsonDijkstraStrategy,771,positive,defect_at_iteration,228
W4,1000,1.5,16,HungarianMatcher+JohnsonDijkstraStrategy,772,positive,edge_relaxations,31622
W4,1000,1.5,16,HungarianMatcher+JohnsonDijkstraStrategy,772,positive,defect_at_iteration,227
W4,1000,1.5,16,HungarianMatcher+JohnsonDijkstraStrategy,773,positive,edge_relaxations,31622
W4,1000,1.5,16,HungarianMatcher+JohnsonDijkstraStrategy,773,positive,defect_at_iteration,226
W4,1000,1.5,16,HungarianMatcher+JohnsonDijkstraStrategy,774,positive,edge_relaxations,31622
W4,1000,1.5,16,HungarianMatcher+JohnsonDijkstraStrategy,774,positive,defect_at_iteration,225
W4,1000,1.5,16,HungarianMatcher+JohnsonDijkstraStrategy,775,positive,edge_relaxations,31622
W4,1000,1.5,16,HungarianMatcher+JohnsonDijkstraStrategy,775,positive,defect_at_iteration,224
W4,1000,1.5,16,HungarianMatcher+JohnsonDijkstraStrategy,776,positive,edge_relaxations,31622
W4,1000,1.5,16,HungarianMatcher+JohnsonDijkstraStrategy,776,positive,defect_at_iteration,223
W4,1000,1.5,16,HungarianMatcher+JohnsonDijkstraStrategy,777,positive,edge_relaxations,31622
W4,1000,1.5,16,HungarianMatcher+JohnsonDijkstraStrategy,777,positive,defect_at_iteration,222
W4,1000,1.5,16,HungarianMatcher+JohnsonDijkstraStrategy,778,positive,edge_relaxations,31622
W4,1000,1.5,16,HungarianMatcher+JohnsonDijkstraStrategy,778,positive,defect_at_iteration,221
W4,1000,1.5,16,HungarianMatcher+JohnsonDijkstraStrategy,779,positive,edge_relaxations,31622
W4,1000,1.5,16,HungarianMatcher+JohnsonDijkstraStrategy,779,positive,defect_at_iteration,220
W4,1000,1.5,16,HungarianMatcher+JohnsonDijkstraStrategy,780,positive,edge_relaxations,31622
W4,1000,1.5,16,HungarianMatcher+JohnsonDijkstraStrategy,780,positive,defect_at_iteration,219
W4,1000,1.5,16,HungarianMatcher+JohnsonDijkstraStrategy,781,positive,edge_relaxations,31622
W4,1000,1.5,16,HungarianMatcher+JohnsonDijkstraStrategy,781,positive,defect_at_iteration,218
W4,1000,1.5,16,HungarianMatcher+JohnsonDijkstraStrategy,782,positive,edge_relaxations,31622
W4,1000,1.5,16,HungarianMatcher+JohnsonDijkstraStrategy,782,positive,defect_at_iteration,217
W4,1000,1.5,16,HungarianMatcher+JohnsonDijkstraStrategy,783,positive,edge_relaxations,31622
W4,1000,1.5,16,HungarianMatcher+JohnsonDijkstraStrategy,783,positive,defect_at_iteration,216
W4,1000,1.5,16,HungarianMatcher+JohnsonDijkstraStrategy,784,positive,edge_relaxations,31622
W4,1000,1.5,16,HungarianMatcher+JohnsonDijkstraStrategy,784,positive,defect_at_iteration,215
W4,1000,1.5,16,HungarianMatcher+JohnsonDijkstraStrategy,785,positive,edge_relaxations,31622
W4,1000,1.5,16,HungarianMatcher+JohnsonDijkstraStrategy,785,positive,defect_at_iteration,214
W4,1000,1.5,16,HungarianMatcher+JohnsonDijkstraStrategy,786,positive,edge_relaxations,31622
W4,1000,1.5,16,HungarianMatcher+JohnsonDijkstraStrategy,786,positive,defect_at_iteration,213
W4,1000,1.5,16,HungarianMatcher+JohnsonDijkstraStrategy,787,positive,edge_relaxations,31622
W4,1000,1.5,16,HungarianMatcher+JohnsonDijkstraStrategy,787,positive,defect_at_iteration,212
W4,1000,1.5,16,HungarianMatcher+JohnsonDijkstraStrategy,788,positive,edge_relaxations,31622
W4,1000,1.5,16,HungarianMatcher+JohnsonDijkstraStrategy,788,positive,defect_at_iteration,211
W4,1000,1.5,16,HungarianMatcher+JohnsonDijkstraStrategy,789,positive,edge_relaxations,31622
W4,1000,1.5,16,HungarianMatcher+JohnsonDijkstraStrategy,789,positive,defect_at_iteration,210
W4,1000,1.5,16,HungarianMatcher+JohnsonDijkstraStrategy,790,positive,edge_relaxations,31622
W4,1000,1.5,16,HungarianMatcher+JohnsonDijkstraStrategy,790,positive,defect_at_iteration,209
W4,1000,1.5,16,HungarianMatcher+JohnsonDijkstraStrategy,791,positive,edge_relaxations,31622
W4,1000,1.5,16,HungarianMatcher+JohnsonDijkstraStrategy,791,positive,defect_at_iteration,208
W4,1000,1.5,16,HungarianMatcher+JohnsonDijkstraStrategy,792,positive,edge_relaxations,31622
W4,1000,1.5,16,HungarianMatcher+JohnsonDijkstraStrategy,792,positive,defect_at_iteration,207
W4,1000,1.5,16,HungarianMatcher+JohnsonDijkstraStrategy,793,positive,edge_relaxations,31622
W4,1000,1.5,16,HungarianMatcher+JohnsonDijkstraStrategy,793,positive,defect_at_iteration,206
W4,1000,1.5,16,HungarianMatcher+JohnsonDijkstraStrategy,794,positive,edge_relaxations,31622
W4,1000,1.5,16,HungarianMatcher+JohnsonDijkstraStrategy,794,positive,defect_at_iteration,205
W4,1000,1.5,16,HungarianMatcher+JohnsonDijkstraStrategy,795,positive,edge_relaxations,31622
W4,1000,1.5,16,HungarianMatcher+JohnsonDijkstraStrategy,795,positive,defect_at_iteration,204
W4,1000,1.5,16,HungarianMatcher+JohnsonDijkstraStrategy,796,positive,edge_relaxations,31622
W4,1000,1.5,16,HungarianMatcher+JohnsonDijkstraStrategy,796,positive,defect_at_iteration,203
W4,1000,1.5,16,HungarianMatcher+JohnsonDijkstraStrategy,797,positive,edge_relaxations,31622
W4,1000,1.5,16,HungarianMatcher+JohnsonDijkstraStrategy,797,positive,defect_at_iteration,202
W4,1000,1.5,16,HungarianMatcher+JohnsonDijkstraStrategy,798,positive,edge_relaxations,31622
W4,1000,1.5,16,HungarianMatcher+JohnsonDijkstraStrategy,798,positive,defect_at_iteration,201
W4,1000,1.5,16,HungarianMatcher+JohnsonDijkstraStrategy,799,positive,edge_relaxations,31622
W4,1000,1.5,16,HungarianMatcher+JohnsonDijkstraStrategy,799,positive,defect_at_iteration,200
W4,1000,1.5,16,HungarianMatcher+JohnsonDijkstraStrategy,800,positive,edge_relaxations,31622
W4,1000,1.5,16,HungarianMatcher+JohnsonDijkstraStrategy,800,positive,defect_at_iteration,199
W4,1000,1.5,16,HungarianMatcher+JohnsonDijkstraStrategy,801,positive,edge_relaxations,31622
W4,1000,1.5,16,HungarianMatcher+JohnsonDijkstraStrategy,801,positive,defect_at_iteration,198
W4,1000,1.5,16,HungarianMatcher+JohnsonDijkstraStrategy,802,positive,edge_relaxations,31622
W4,1000,1.5,16,HungarianMatcher+JohnsonDijkstraStrategy,802,positive,defect_at_iteration,197
W4,1000,1.5,16,HungarianMatcher+JohnsonDijkstraStrategy,803,positive,edge_relaxations,31622
W4,1000,1.5,16,HungarianMatcher+JohnsonDijkstraStrategy,803,positive,defect_at_iteration,196
W4,1000,1.5,16,HungarianMatcher+JohnsonDijkstraStrategy,804,positive,edge_relaxations,31622
W4,1000,1.5,16,HungarianMatcher+JohnsonDijkstraStrategy,804,positive,defect_at_iteration,195
W4,1000,1.5,16,HungarianMatcher+JohnsonDijkstraStrategy,805,positive,edge_relaxations,31622
W4,1000,1.5,16,HungarianMatcher+JohnsonDijkstraStrategy,805,positive,defect_at_iteration,194
W4,1000,1.5,16,HungarianMatcher+JohnsonDijkstraStrategy,806,positive,edge_relaxations,31622
W4,1000,1.5,16,HungarianMatcher+JohnsonDijkstraStrategy,806,positive,defect_at_iteration,193
W4,1000,1.5,16,HungarianMatcher+JohnsonDijkstraStrategy,807,positive,edge_relaxations,31622
W4,1000,1.5,16,HungarianMatcher+JohnsonDijkstraStrategy,807,positive,defect_at_iteration,192
W4,1000,1.5,16,HungarianMatcher+JohnsonDijkstraStrategy,808,positive,edge_relaxations,31622
W4,1000,1.5,16,HungarianMatcher+JohnsonDijkstraStrategy,808,positive,defect_at_iteration,191
W4,1000,1.5,16,HungarianMatcher+JohnsonDijkstraStrategy,809,positive,edge_relaxations,31622
W4,1000,1.5,16,HungarianMatcher+JohnsonDijkstraStrategy,809,positive,defect_at_iteration,190
W4,1000,1.5,16,HungarianMatcher+JohnsonDijkstraStrategy,810,positive,edge_relaxations,31622
W4,1000,1.5,16,HungarianMatcher+JohnsonDijkstraStrategy,810,positive,defect_at_iteration,189
W4,1000,1.5,16,HungarianMatcher+JohnsonDijkstraStrategy,811,positive,edge_relaxations,31622
W4,1000,1.5,16,HungarianMatcher+JohnsonDijkstraStrategy,811,positive,defect_at_iteration,188
W4,1000,1.5,16,HungarianMatcher+JohnsonDijkstraStrategy,812,positive,edge_relaxations,31622
W4,1000,1.5,16,HungarianMatcher+JohnsonDijkstraStrategy,812,positive,defect_at_iteration,187
W4,1000,1.5,16,HungarianMatcher+JohnsonDijkstraStrategy,813,positive,edge_relaxations,31622
W4,1000,1.5,16,HungarianMatcher+JohnsonDijkstraStrategy,813,positive,defect_at_iteration,186
W4,1000,1.5,16,HungarianMatcher+JohnsonDijkstraStrategy,814,positive,edge_relaxations,31622
W4,1000,1.5,16,HungarianMatcher+JohnsonDijkstraStrategy,814,positive,defect_at_iteration,185
W4,1000,1.5,16,HungarianMatcher+JohnsonDijkstraStrategy,815,positive,edge_relaxations,31622
W4,1000,1.5,16,HungarianMatcher+JohnsonDijkstraStrategy,815,positive,defect_at_iteration,184
W4,1000,1.5,16,HungarianMatcher+JohnsonDijkstraStrategy,816,positive,edge_relaxations,31622
W4,1000,1.5,16,HungarianMatcher+JohnsonDijkstraStrategy,816,positive,defect_at_iteration,183
W4,1000,1.5,16,HungarianMatcher+JohnsonDijkstraStrategy,817,positive,edge_relaxations,31622
W4,1000,1.5,16,HungarianMatcher+JohnsonDijkstraStrategy,817,positive,defect_at_iteration,182
W4,1000,1.5,16,HungarianMatcher+JohnsonDijkstraStrategy,818,positive,edge_relaxations,31622
W4,1000,1.5,16,HungarianMatcher+JohnsonDijkstraStrategy,818,positive,defect_at_iteration,181
W4,1000,1.5,16,HungarianMatcher+JohnsonDijkstraStrategy,819,positive,edge_relaxations,31622
W4,1000,1.5,16,HungarianMatcher+JohnsonDijkstraStrategy,819,positive,defect_at_iteration,180
W4,1000,1.5,16,HungarianMatcher+JohnsonDijkstraStrategy,820,positive,edge_relaxations,31622
W4,1000,1.5,16,HungarianMatcher+JohnsonDijkstraStrategy,820,positive,defect_at_iteration,179
W4,1000,1.5,16,HungarianMatcher+JohnsonDijkstraStrategy,821,positive,edge_relaxations,31622
W4,1000,1.5,16,HungarianMatcher+JohnsonDijkstraStrategy,821,positive,defect_at_iteration,178
W4,1000,1.5,16,HungarianMatcher+JohnsonDijkstraStrategy,822,positive,edge_relaxations,31622
W4,1000,1.5,16,HungarianMatcher+JohnsonDijkstraStrategy,822,positive,defect_at_iteration,177
W4,1000,1.5,16,HungarianMatcher+JohnsonDijkstraStrategy,823,positive,edge_relaxations,31622
W4,1000,1.5,16,HungarianMatcher+JohnsonDijkstraStrategy,823,positive,defect_at_iteration,176
W4,1000,1.5,16,HungarianMatcher+JohnsonDijkstraStrategy,824,positive,edge_relaxations,31622
W4,1000,1.5,16,HungarianMatcher+JohnsonDijkstraStrategy,824,positive,defect_at_iteration,175
W4,1000,1.5,16,HungarianMatcher+JohnsonDijkstraStrategy,825,positive,edge_relaxations,31622
W4,1000,1.5,16,HungarianMatcher+JohnsonDijkstraStrategy,825,positive,defect_at_iteration,174
W4,1000,1.5,16,HungarianMatcher+JohnsonDijkstraStrategy,826,positive,edge_relaxations,31622
W4,1000,1.5,16,HungarianMatcher+JohnsonDijkstraStrategy,826,positive,defect_at_iteration,173
W4,1000,1.5,16,HungarianMatcher+JohnsonDijkstraStrategy,827,positive,edge_relaxations,31622
W4,1000,1.5,16,HungarianMatcher+JohnsonDijkstraStrategy,827,positive,defect_at_iteration,172
W4,1000,1.5,16,HungarianMatcher+JohnsonDijkstraStrategy,828,positive,edge_relaxations,31622
W4,1000,1.5,16,HungarianMatcher+JohnsonDijkstraStrategy,828,positive,defect_at_iteration,171
W4,1000,1.5,16,HungarianMatcher+JohnsonDijkstraStrategy,829,positive,edge_relaxations,31622
W4,1000,1.5,16,HungarianMatcher+JohnsonDijkstraStrategy,829,positive,defect_at_iteration,170
W4,1000,1.5,16,HungarianMatcher+JohnsonDijkstraStrategy,830,positive,edge_relaxations,31622
W4,1000,1.5,16,HungarianMatcher+JohnsonDijkstraStrategy,830,positive,defect_at_iteration,169
W4,1000,1.5,16,HungarianMatcher+JohnsonDijkstraStrategy,831,positive,edge_relaxations,31622
W4,1000,1.5,16,HungarianMatcher+JohnsonDijkstraStrategy,831,positive,defect_at_iteration,168
W4,1000,1.5,16,HungarianMatcher+JohnsonDijkstraStrategy,832,positive,edge_relaxations,31622
W4,1000,1.5,16,HungarianMatcher+JohnsonDijkstraStrategy,832,positive,defect_at_iteration,167
W4,1000,1.5,16,HungarianMatcher+JohnsonDijkstraStrategy,833,positive,edge_relaxations,31622
W4,1000,1.5,16,HungarianMatcher+JohnsonDijkstraStrategy,833,positive,defect_at_iteration,166
W4,1000,1.5,16,HungarianMatcher+JohnsonDijkstraStrategy,834,positive,edge_relaxations,31622
W4,1000,1.5,16,HungarianMatcher+JohnsonDijkstraStrategy,834,positive,defect_at_iteration,165
W4,1000,1.5,16,HungarianMatcher+JohnsonDijkstraStrategy,835,positive,edge_relaxations,31622
W4,1000,1.5,16,HungarianMatcher+JohnsonDijkstraStrategy,835,positive,defect_at_iteration,164
W4,1000,1.5,16,HungarianMatcher+JohnsonDijkstraStrategy,836,positive,edge_relaxations,31622
W4,1000,1.5,16,HungarianMatcher+JohnsonDijkstraStrategy,836,positive,defect_at_iteration,163
W4,1000,1.5,16,HungarianMatcher+JohnsonDijkstraStrategy,837,positive,edge_relaxations,31622
W4,1000,1.5,16,HungarianMatcher+JohnsonDijkstraStrategy,837,positive,defect_at_iteration,162
W4,1000,1.5,16,HungarianMatcher+JohnsonDijkstraStrategy,838,positive,edge_relaxations,31622
W4,1000,1.5,16,HungarianMatcher+JohnsonDijkstraStrategy,838,positive,defect_at_iteration,161
W4,1000,1.5,16,HungarianMatcher+JohnsonDijkstraStrategy,839,positive,edge_relaxations,31622
W4,1000,1.5,16,HungarianMatcher+JohnsonDijkstraStrategy,839,positive,defect_at_iteration,160
W4,1000,1.5,16,HungarianMatcher+JohnsonDijkstraStrategy,840,positive,edge_relaxations,31622
W4,1000,1.5,16,HungarianMatcher+JohnsonDijkstraStrategy,840,positive,defect_at_iteration,159
W4,1000,1.5,16,HungarianMatcher+JohnsonDijkstraStrategy,841,positive,edge_relaxations,31622
W4,1000,1.5,16,HungarianMatcher+JohnsonDijkstraStrategy,841,positive,defect_at_iteration,158
W4,1000,1.5,16,HungarianMatcher+JohnsonDijkstraStrategy,842,positive,edge_relaxations,31622
W4,1000,1.5,16,HungarianMatcher+JohnsonDijkstraStrategy,842,positive,defect_at_iteration,157
W4,1000,1.5,16,HungarianMatcher+JohnsonDijkstraStrategy,843,positive,edge_relaxations,31622
W4,1000,1.5,16,HungarianMatcher+JohnsonDijkstraStrategy,843,positive,defect_at_iteration,156
W4,1000,1.5,16,HungarianMatcher+JohnsonDijkstraStrategy,844,positive,edge_relaxations,31622
W4,1000,1.5,16,HungarianMatcher+JohnsonDijkstraStrategy,844,positive,defect_at_iteration,155
W4,1000,1.5,16,HungarianMatcher+JohnsonDijkstraStrategy,845,positive,edge_relaxations,31622
W4,1000,1.5,16,HungarianMatcher+JohnsonDijkstraStrategy,845,positive,defect_at_iteration,154
W4,1000,1.5,16,HungarianMatcher+JohnsonDijkstraStrategy,846,positive,edge_relaxations,31622
W4,1000,1.5,16,HungarianMatcher+JohnsonDijkstraStrategy,846,positive,defect_at_iteration,153
W4,1000,1.5,16,HungarianMatcher+JohnsonDijkstraStrategy,847,positive,edge_relaxations,31622
W4,1000,1.5,16,HungarianMatcher+JohnsonDijkstraStrategy,847,positive,defect_at_iteration,152
W4,1000,1.5,16,HungarianMatcher+JohnsonDijkstraStrategy,848,positive,edge_relaxations,31622
W4,1000,1.5,16,HungarianMatcher+JohnsonDijkstraStrategy,848,positive,defect_at_iteration,151
W4,1000,1.5,16,HungarianMatcher+JohnsonDijkstraStrategy,849,positive,edge_relaxations,31622
W4,1000,1.5,16,HungarianMatcher+JohnsonDijkstraStrategy,849,positive,defect_at_iteration,150
W4,1000,1.5,16,HungarianMatcher+JohnsonDijkstraStrategy,850,positive,edge_relaxations,31622
W4,1000,1.5,16,HungarianMatcher+JohnsonDijkstraStrategy,850,positive,defect_at_iteration,149
W4,1000,1.5,16,HungarianMatcher+JohnsonDijkstraStrategy,851,positive,edge_relaxations,31622
W4,1000,1.5,16,HungarianMatcher+JohnsonDijkstraStrategy,851,positive,defect_at_iteration,148
W4,1000,1.5,16,HungarianMatcher+JohnsonDijkstraStrategy,852,positive,edge_relaxations,31622
W4,1000,1.5,16,HungarianMatcher+JohnsonDijkstraStrategy,852,positive,defect_at_iteration,147
W4,1000,1.5,16,HungarianMatcher+JohnsonDijkstraStrategy,853,positive,edge_relaxations,31622
W4,1000,1.5,16,HungarianMatcher+JohnsonDijkstraStrategy,853,positive,defect_at_iteration,146
W4,1000,1.5,16,HungarianMatcher+JohnsonDijkstraStrategy,854,positive,edge_relaxations,31622
W4,1000,1.5,16,HungarianMatcher+JohnsonDijkstraStrategy,854,positive,defect_at_iteration,145
W4,1000,1.5,16,HungarianMatcher+JohnsonDijkstraStrategy,855,positive,edge_relaxations,31622
W4,1000,1.5,16,HungarianMatcher+JohnsonDijkstraStrategy,855,positive,defect_at_iteration,144
W4,1000,1.5,16,HungarianMatcher+JohnsonDijkstraStrategy,856,positive,edge_relaxations,31622
W4,1000,1.5,16,HungarianMatcher+JohnsonDijkstraStrategy,856,positive,defect_at_iteration,143
W4,1000,1.5,16,HungarianMatcher+JohnsonDijkstraStrategy,857,positive,edge_relaxations,31622
W4,1000,1.5,16,HungarianMatcher+JohnsonDijkstraStrategy,857,positive,defect_at_iteration,142
W4,1000,1.5,16,HungarianMatcher+JohnsonDijkstraStrategy,858,positive,edge_relaxations,31622
W4,1000,1.5,16,HungarianMatcher+JohnsonDijkstraStrategy,858,positive,defect_at_iteration,141
W4,1000,1.5,16,HungarianMatcher+JohnsonDijkstraStrategy,859,positive,edge_relaxations,31622
W4,1000,1.5,16,HungarianMatcher+JohnsonDijkstraStrategy,859,positive,defect_at_iteration,140
W4,1000,1.5,16,HungarianMatcher+JohnsonDijkstraStrategy,860,positive,edge_relaxations,31622
W4,1000,1.5,16,HungarianMatcher+JohnsonDijkstraStrategy,860,positive,defect_at_iteration,139
W4,1000,1.5,16,HungarianMatcher+JohnsonDijkstraStrategy,861,positive,edge_relaxations,31622
W4,1000,1.5,16,HungarianMatcher+JohnsonDijkstraStrategy,861,positive,defect_at_iteration,138
W4,1000,1.5,16,HungarianMatcher+JohnsonDijkstraStrategy,862,positive,edge_relaxations,31622
W4,1000,1.5,16,HungarianMatcher+JohnsonDijkstraStrategy,862,positive,defect_at_iteration,137
W4,1000,1.5,16,HungarianMatcher+JohnsonDijkstraStrategy,863,positive,edge_relaxations,31622
W4,1000,1.5,16,HungarianMatcher+JohnsonDijkstraStrategy,863,positive,defect_at_iteration,136
W4,1000,1.5,16,HungarianMatcher+JohnsonDijkstraStrategy,864,positive,edge_relaxations,31622
W4,1000,1.5,16,HungarianMatcher+JohnsonDijkstraStrategy,864,positive,defect_at_iteration,135
W4,1000,1.5,16,HungarianMatcher+JohnsonDijkstraStrategy,865,positive,edge_relaxations,31622
W4,1000,1.5,16,HungarianMatcher+JohnsonDijkstraStrategy,865,positive,defect_at_iteration,134
W4,1000,1.5,16,HungarianMatcher+JohnsonDijkstraStrategy,866,positive,edge_relaxations,31622
W4,1000,1.5,16,HungarianMatcher+JohnsonDijkstraStrategy,866,positive,defect_at_iteration,133
W4,1000,1.5,16,HungarianMatcher+JohnsonDijkstraStrategy,867,positive,edge_relaxations,31622
W4,1000,1.5,16,HungarianMatcher+JohnsonDijkstraStrategy,867,positive,defect_at_iteration,132
W4,1000,1.5,16,HungarianMatcher+JohnsonDijkstraStrategy,868,positive,edge_relaxations,31622
W4,1000,1.5,16,HungarianMatcher+JohnsonDijkstraStrategy,868,positive,defect_at_iteration,131
W4,1000,1.5,16,HungarianMatcher+JohnsonDijkstraStrategy,869,positive,edge_relaxations,31622
W4,1000,1.5,16,HungarianMatcher+JohnsonDijkstraStrategy,869,positive,defect_at_iteration,130
W4,1000,1.5,16,HungarianMatcher+JohnsonDijkstraStrategy,870,positive,edge_relaxations,31622
W4,1000,1.5,16,HungarianMatcher+JohnsonDijkstraStrategy,870,positive,defect_at_iteration,129
W4,1000,1.5,16,HungarianMatcher+JohnsonDijkstraStrategy,871,positive,edge_relaxations,31622
W4,1000,1.5,16,HungarianMatcher+JohnsonDijkstraStrategy,871,positive,defect_at_iteration,128
W4,1000,1.5,16,HungarianMatcher+JohnsonDijkstraStrategy,872,positive,edge_relaxations,31622
W4,1000,1.5,16,HungarianMatcher+JohnsonDijkstraStrategy,872,positive,defect_at_iteration,127
W4,1000,1.5,16,HungarianMatcher+JohnsonDijkstraStrategy,873,positive,edge_relaxations,31622
W4,1000,1.5,16,HungarianMatcher+JohnsonDijkstraStrategy,873,positive,defect_at_iteration,126
W4,1000,1.5,16,HungarianMatcher+JohnsonDijkstraStrategy,874,positive,edge_relaxations,31622
W4,1000,1.5,16,HungarianMatcher+JohnsonDijkstraStrategy,874,positive,defect_at_iteration,125
W4,1000,1.5,16,HungarianMatcher+JohnsonDijkstraStrategy,875,positive,edge_relaxations,31622
W4,1000,1.5,16,HungarianMatcher+JohnsonDijkstraStrategy,875,positive,defect_at_iteration,124
W4,1000,1.5,16,HungarianMatcher+JohnsonDijkstraStrategy,876,positive,edge_relaxations,31622
W4,1000,1.5,16,HungarianMatcher+JohnsonDijkstraStrategy,876,positive,defect_at_iteration,123
W4,1000,1.5,16,HungarianMatcher+JohnsonDijkstraStrategy,877,positive,edge_relaxations,31622
W4,1000,1.5,16,HungarianMatcher+JohnsonDijkstraStrategy,877,positive,defect_at_iteration,122
W4,1000,1.5,16,HungarianMatcher+JohnsonDijkstraStrategy,878,positive,edge_relaxations,31622
W4,1000,1.5,16,HungarianMatcher+JohnsonDijkstraStrategy,878,positive,defect_at_iteration,121
W4,1000,1.5,16,HungarianMatcher+JohnsonDijkstraStrategy,879,positive,edge_relaxations,31622
W4,1000,1.5,16,HungarianMatcher+JohnsonDijkstraStrategy,879,positive,defect_at_iteration,120
W4,1000,1.5,16,HungarianMatcher+JohnsonDijkstraStrategy,880,positive,edge_relaxations,31622
W4,1000,1.5,16,HungarianMatcher+JohnsonDijkstraStrategy,880,positive,defect_at_iteration,119
W4,1000,1.5,16,HungarianMatcher+JohnsonDijkstraStrategy,881,positive,edge_relaxations,31622
W4,1000,1.5,16,HungarianMatcher+JohnsonDijkstraStrategy,881,positive,defect_at_iteration,118
W4,1000,1.5,16,HungarianMatcher+JohnsonDijkstraStrategy,882,positive,edge_relaxations,31622
W4,1000,1.5,16,HungarianMatcher+JohnsonDijkstraStrategy,882,positive,defect_at_iteration,117
W4,1000,1.5,16,HungarianMatcher+JohnsonDijkstraStrategy,883,positive,edge_relaxations,31622
W4,1000,1.5,16,HungarianMatcher+JohnsonDijkstraStrategy,883,positive,defect_at_iteration,116
W4,1000,1.5,16,HungarianMatcher+JohnsonDijkstraStrategy,884,positive,edge_relaxations,31622
W4,1000,1.5,16,HungarianMatcher+JohnsonDijkstraStrategy,884,positive,defect_at_iteration,115
W4,1000,1.5,16,HungarianMatcher+JohnsonDijkstraStrategy,885,positive,edge_relaxations,31622
W4,1000,1.5,16,HungarianMatcher+JohnsonDijkstraStrategy,885,positive,defect_at_iteration,114
W4,1000,1.5,16,HungarianMatcher+JohnsonDijkstraStrategy,886,positive,edge_relaxations,31622
W4,1000,1.5,16,HungarianMatcher+JohnsonDijkstraStrategy,886,positive,defect_at_iteration,113
W4,1000,1.5,16,HungarianMatcher+JohnsonDijkstraStrategy,887,positive,edge_relaxations,31622
W4,1000,1.5,16,HungarianMatcher+JohnsonDijkstraStrategy,887,positive,defect_at_iteration,112
W4,1000,1.5,16,HungarianMatcher+JohnsonDijkstraStrategy,888,positive,edge_relaxations,31622
W4,1000,1.5,16,HungarianMatcher+JohnsonDijkstraStrategy,888,positive,defect_at_iteration,111
W4,1000,1.5,16,HungarianMatcher+JohnsonDijkstraStrategy,889,positive,edge_relaxations,31622
W4,1000,1.5,16,HungarianMatcher+JohnsonDijkstraStrategy,889,positive,defect_at_iteration,110
W4,1000,1.5,16,HungarianMatcher+JohnsonDijkstraStrategy,890,positive,edge_relaxations,31622
W4,1000,1.5,16,HungarianMatcher+JohnsonDijkstraStrategy,890,positive,defect_at_iteration,109
W4,1000,1.5,16,HungarianMatcher+JohnsonDijkstraStrategy,891,positive,edge_relaxations,31622
W4,1000,1.5,16,HungarianMatcher+JohnsonDijkstraStrategy,891,positive,defect_at_iteration,108
W4,1000,1.5,16,HungarianMatcher+JohnsonDijkstraStrategy,892,positive,edge_relaxations,31622
W4,1000,1.5,16,HungarianMatcher+JohnsonDijkstraStrategy,892,positive,defect_at_iteration,107
W4,1000,1.5,16,HungarianMatcher+JohnsonDijkstraStrategy,893,positive,edge_relaxations,31622
W4,1000,1.5,16,HungarianMatcher+JohnsonDijkstraStrategy,893,positive,defect_at_iteration,106
W4,1000,1.5,16,HungarianMatcher+JohnsonDijkstraStrategy,894,positive,edge_relaxations,31622
W4,1000,1.5,16,HungarianMatcher+JohnsonDijkstraStrategy,894,positive,defect_at_iteration,105
W4,1000,1.5,16,HungarianMatcher+JohnsonDijkstraStrategy,895,positive,edge_relaxations,31622
W4,1000,1.5,16,HungarianMatcher+JohnsonDijkstraStrategy,895,positive,defect_at_iteration,104
W4,1000,1.5,16,HungarianMatcher+JohnsonDijkstraStrategy,896,positive,edge_relaxations,31622
W4,1000,1.5,16,HungarianMatcher+JohnsonDijkstraStrategy,896,positive,defect_at_iteration,103
W4,1000,1.5,16,HungarianMatcher+JohnsonDijkstraStrategy,897,positive,edge_relaxations,31622
W4,1000,1.5,16,HungarianMatcher+JohnsonDijkstraStrategy,897,positive,defect_at_iteration,102
W4,1000,1.5,16,HungarianMatcher+JohnsonDijkstraStrategy,898,positive,edge_relaxations,31622
W4,1000,1.5,16,HungarianMatcher+JohnsonDijkstraStrategy,898,positive,defect_at_iteration,101
W4,1000,1.5,16,HungarianMatcher+JohnsonDijkstraStrategy,899,positive,edge_relaxations,31622
W4,1000,1.5,16,HungarianMatcher+JohnsonDijkstraStrategy,899,positive,defect_at_iteration,100
W4,1000,1.5,16,HungarianMatcher+JohnsonDijkstraStrategy,900,positive,edge_relaxations,31622
W4,1000,1.5,16,HungarianMatcher+JohnsonDijkstraStrategy,900,positive,defect_at_iteration,99
W4,1000,1.5,16,HungarianMatcher+JohnsonDijkstraStrategy,901,positive,edge_relaxations,31622
W4,1000,1.5,16,HungarianMatcher+JohnsonDijkstraStrategy,901,positive,defect_at_iteration,98
W4,1000,1.5,16,HungarianMatcher+JohnsonDijkstraStrategy,902,positive,edge_relaxations,31622
W4,1000,1.5,16,HungarianMatcher+JohnsonDijkstraStrategy,902,positive,defect_at_iteration,97
W4,1000,1.5,16,HungarianMatcher+JohnsonDijkstraStrategy,903,positive,edge_relaxations,31622
W4,1000,1.5,16,HungarianMatcher+JohnsonDijkstraStrategy,903,positive,defect_at_iteration,96
W4,1000,1.5,16,HungarianMatcher+JohnsonDijkstraStrategy,904,positive,edge_relaxations,31622
W4,1000,1.5,16,HungarianMatcher+JohnsonDijkstraStrategy,904,positive,defect_at_iteration,95
W4,1000,1.5,16,HungarianMatcher+JohnsonDijkstraStrategy,905,positive,edge_relaxations,31622
W4,1000,1.5,16,HungarianMatcher+JohnsonDijkstraStrategy,905,positive,defect_at_iteration,94
W4,1000,1.5,16,HungarianMatcher+JohnsonDijkstraStrategy,906,positive,edge_relaxations,31622
W4,1000,1.5,16,HungarianMatcher+JohnsonDijkstraStrategy,906,positive,defect_at_iteration,93
W4,1000,1.5,16,HungarianMatcher+JohnsonDijkstraStrategy,907,positive,edge_relaxations,31622
W4,1000,1.5,16,HungarianMatcher+JohnsonDijkstraStrategy,907,positive,defect_at_iteration,92
W4,1000,1.5,16,HungarianMatcher+JohnsonDijkstraStrategy,908,positive,edge_relaxations,31622
W4,1000,1.5,16,HungarianMatcher+JohnsonDijkstraStrategy,908,positive,defect_at_iteration,91
W4,1000,1.5,16,HungarianMatcher+JohnsonDijkstraStrategy,909,positive,edge_relaxations,31622
W4,1000,1.5,16,HungarianMatcher+JohnsonDijkstraStrategy,909,positive,defect_at_iteration,90
W4,1000,1.5,16,HungarianMatcher+JohnsonDijkstraStrategy,910,positive,edge_relaxations,31622
W4,1000,1.5,16,HungarianMatcher+JohnsonDijkstraStrategy,910,positive,defect_at_iteration,89
W4,1000,1.5,16,HungarianMatcher+JohnsonDijkstraStrategy,911,positive,edge_relaxations,31622
W4,1000,1.5,16,HungarianMatcher+JohnsonDijkstraStrategy,911,positive,defect_at_iteration,88
W4,1000,1.5,16,HungarianMatcher+JohnsonDijkstraStrategy,912,positive,edge_relaxations,31622
W4,1000,1.5,16,HungarianMatcher+JohnsonDijkstraStrategy,912,positive,defect_at_iteration,87
W4,1000,1.5,16,HungarianMatcher+JohnsonDijkstraStrategy,913,positive,edge_relaxations,31622
W4,1000,1.5,16,HungarianMatcher+JohnsonDijkstraStrategy,913,positive,defect_at_iteration,86
W4,1000,1.5,16,HungarianMatcher+JohnsonDijkstraStrategy,914,positive,edge_relaxations,31622
W4,1000,1.5,16,HungarianMatcher+JohnsonDijkstraStrategy,914,positive,defect_at_iteration,85
W4,1000,1.5,16,HungarianMatcher+JohnsonDijkstraStrategy,915,positive,edge_relaxations,31622
W4,1000,1.5,16,HungarianMatcher+JohnsonDijkstraStrategy,915,positive,defect_at_iteration,84
W4,1000,1.5,16,HungarianMatcher+JohnsonDijkstraStrategy,916,positive,edge_relaxations,31622
W4,1000,1.5,16,HungarianMatcher+JohnsonDijkstraStrategy,916,positive,defect_at_iteration,83
W4,1000,1.5,16,HungarianMatcher+JohnsonDijkstraStrategy,917,positive,edge_relaxations,31622
W4,1000,1.5,16,HungarianMatcher+JohnsonDijkstraStrategy,917,positive,defect_at_iteration,82
W4,1000,1.5,16,HungarianMatcher+JohnsonDijkstraStrategy,918,positive,edge_relaxations,31622
W4,1000,1.5,16,HungarianMatcher+JohnsonDijkstraStrategy,918,positive,defect_at_iteration,81
W4,1000,1.5,16,HungarianMatcher+JohnsonDijkstraStrategy,919,positive,edge_relaxations,31622
W4,1000,1.5,16,HungarianMatcher+JohnsonDijkstraStrategy,919,positive,defect_at_iteration,80
W4,1000,1.5,16,HungarianMatcher+JohnsonDijkstraStrategy,920,positive,edge_relaxations,31622
W4,1000,1.5,16,HungarianMatcher+JohnsonDijkstraStrategy,920,positive,defect_at_iteration,79
W4,1000,1.5,16,HungarianMatcher+JohnsonDijkstraStrategy,921,positive,edge_relaxations,31622
W4,1000,1.5,16,HungarianMatcher+JohnsonDijkstraStrategy,921,positive,defect_at_iteration,78
W4,1000,1.5,16,HungarianMatcher+JohnsonDijkstraStrategy,922,positive,edge_relaxations,31622
W4,1000,1.5,16,HungarianMatcher+JohnsonDijkstraStrategy,922,positive,defect_at_iteration,77
W4,1000,1.5,16,HungarianMatcher+JohnsonDijkstraStrategy,923,positive,edge_relaxations,31622
W4,1000,1.5,16,HungarianMatcher+JohnsonDijkstraStrategy,923,positive,defect_at_iteration,76
W4,1000,1.5,16,HungarianMatcher+JohnsonDijkstraStrategy,924,positive,edge_relaxations,31622
W4,1000,1.5,16,HungarianMatcher+JohnsonDijkstraStrategy,924,positive,defect_at_iteration,75
W4,1000,1.5,16,HungarianMatcher+JohnsonDijkstraStrategy,925,positive,edge_relaxations,31622
W4,1000,1.5,16,HungarianMatcher+JohnsonDijkstraStrategy,925,positive,defect_at_iteration,74
W4,1000,1.5,16,HungarianMatcher+JohnsonDijkstraStrategy,926,positive,edge_relaxations,31622
W4,1000,1.5,16,HungarianMatcher+JohnsonDijkstraStrategy,926,positive,defect_at_iteration,73
W4,1000,1.5,16,HungarianMatcher+JohnsonDijkstraStrategy,927,positive,edge_relaxations,31622
W4,1000,1.5,16,HungarianMatcher+JohnsonDijkstraStrategy,927,positive,defect_at_iteration,72
W4,1000,1.5,16,HungarianMatcher+JohnsonDijkstraStrategy,928,positive,edge_relaxations,31622
W4,1000,1.5,16,HungarianMatcher+JohnsonDijkstraStrategy,928,positive,defect_at_iteration,71
W4,1000,1.5,16,HungarianMatcher+JohnsonDijkstraStrategy,929,positive,edge_relaxations,31622
W4,1000,1.5,16,HungarianMatcher+JohnsonDijkstraStrategy,929,positive,defect_at_iteration,70
W4,1000,1.5,16,HungarianMatcher+JohnsonDijkstraStrategy,930,positive,edge_relaxations,31622
W4,1000,1.5,16,HungarianMatcher+JohnsonDijkstraStrategy,930,positive,defect_at_iteration,69
W4,1000,1.5,16,HungarianMatcher+JohnsonDijkstraStrategy,931,positive,edge_relaxations,31622
W4,1000,1.5,16,HungarianMatcher+JohnsonDijkstraStrategy,931,positive,defect_at_iteration,68
W4,1000,1.5,16,HungarianMatcher+JohnsonDijkstraStrategy,932,positive,edge_relaxations,31622
W4,1000,1.5,16,HungarianMatcher+JohnsonDijkstraStrategy,932,positive,defect_at_iteration,67
W4,1000,1.5,16,HungarianMatcher+JohnsonDijkstraStrategy,933,positive,edge_relaxations,31622
W4,1000,1.5,16,HungarianMatcher+JohnsonDijkstraStrategy,933,positive,defect_at_iteration,66
W4,1000,1.5,16,HungarianMatcher+JohnsonDijkstraStrategy,934,positive,edge_relaxations,31622
W4,1000,1.5,16,HungarianMatcher+JohnsonDijkstraStrategy,934,positive,defect_at_iteration,65
W4,1000,1.5,16,HungarianMatcher+JohnsonDijkstraStrategy,935,positive,edge_relaxations,31622
W4,1000,1.5,16,HungarianMatcher+JohnsonDijkstraStrategy,935,positive,defect_at_iteration,64
W4,1000,1.5,16,HungarianMatcher+JohnsonDijkstraStrategy,936,positive,edge_relaxations,31622
W4,1000,1.5,16,HungarianMatcher+JohnsonDijkstraStrategy,936,positive,defect_at_iteration,63
W4,1000,1.5,16,HungarianMatcher+JohnsonDijkstraStrategy,937,positive,edge_relaxations,31622
W4,1000,1.5,16,HungarianMatcher+JohnsonDijkstraStrategy,937,positive,defect_at_iteration,62
W4,1000,1.5,16,HungarianMatcher+JohnsonDijkstraStrategy,938,positive,edge_relaxations,31622
W4,1000,1.5,16,HungarianMatcher+JohnsonDijkstraStrategy,938,positive,defect_at_iteration,61
W4,1000,1.5,16,HungarianMatcher+JohnsonDijkstraStrategy,939,positive,edge_relaxations,31622
W4,1000,1.5,16,HungarianMatcher+JohnsonDijkstraStrategy,939,positive,defect_at_iteration,60
W4,1000,1.5,16,HungarianMatcher+JohnsonDijkstraStrategy,940,positive,edge_relaxations,31622
W4,1000,1.5,16,HungarianMatcher+JohnsonDijkstraStrategy,940,positive,defect_at_iteration,59
W4,1000,1.5,16,HungarianMatcher+JohnsonDijkstraStrategy,941,positive,edge_relaxations,31622
W4,1000,1.5,16,HungarianMatcher+JohnsonDijkstraStrategy,941,positive,defect_at_iteration,58
W4,1000,1.5,16,HungarianMatcher+JohnsonDijkstraStrategy,942,positive,edge_relaxations,31622
W4,1000,1.5,16,HungarianMatcher+JohnsonDijkstraStrategy,942,positive,defect_at_iteration,57
W4,1000,1.5,16,HungarianMatcher+JohnsonDijkstraStrategy,943,positive,edge_relaxations,31622
W4,1000,1.5,16,HungarianMatcher+JohnsonDijkstraStrategy,943,positive,defect_at_iteration,56
W4,1000,1.5,16,HungarianMatcher+JohnsonDijkstraStrategy,944,positive,edge_relaxations,31622
W4,1000,1.5,16,HungarianMatcher+JohnsonDijkstraStrategy,944,positive,defect_at_iteration,55
W4,1000,1.5,16,HungarianMatcher+JohnsonDijkstraStrategy,945,positive,edge_relaxations,31622
W4,1000,1.5,16,HungarianMatcher+JohnsonDijkstraStrategy,945,positive,defect_at_iteration,54
W4,1000,1.5,16,HungarianMatcher+JohnsonDijkstraStrategy,946,positive,edge_relaxations,31622
W4,1000,1.5,16,HungarianMatcher+JohnsonDijkstraStrategy,946,positive,defect_at_iteration,53
W4,1000,1.5,16,HungarianMatcher+JohnsonDijkstraStrategy,947,positive,edge_relaxations,31622
W4,1000,1.5,16,HungarianMatcher+JohnsonDijkstraStrategy,947,positive,defect_at_iteration,52
W4,1000,1.5,16,HungarianMatcher+JohnsonDijkstraStrategy,948,positive,edge_relaxations,31622
W4,1000,1.5,16,HungarianMatcher+JohnsonDijkstraStrategy,948,positive,defect_at_iteration,51
W4,1000,1.5,16,HungarianMatcher+JohnsonDijkstraStrategy,949,positive,edge_relaxations,31622
W4,1000,1.5,16,HungarianMatcher+JohnsonDijkstraStrategy,949,positive,defect_at_iteration,50
W4,1000,1.5,16,HungarianMatcher+JohnsonDijkstraStrategy,950,positive,edge_relaxations,31622
W4,1000,1.5,16,HungarianMatcher+JohnsonDijkstraStrategy,950,positive,defect_at_iteration,49
W4,1000,1.5,16,HungarianMatcher+JohnsonDijkstraStrategy,951,positive,edge_relaxations,31622
W4,1000,1.5,16,HungarianMatcher+JohnsonDijkstraStrategy,951,positive,defect_at_iteration,48
W4,1000,1.5,16,HungarianMatcher+JohnsonDijkstraStrategy,952,positive,edge_relaxations,31622
W4,1000,1.5,16,HungarianMatcher+JohnsonDijkstraStrategy,952,positive,defect_at_iteration,47
W4,1000,1.5,16,HungarianMatcher+JohnsonDijkstraStrategy,953,positive,edge_relaxations,31622
W4,1000,1.5,16,HungarianMatcher+JohnsonDijkstraStrategy,953,positive,defect_at_iteration,46
W4,1000,1.5,16,HungarianMatcher+JohnsonDijkstraStrategy,954,positive,edge_relaxations,31622
W4,1000,1.5,16,HungarianMatcher+JohnsonDijkstraStrategy,954,positive,defect_at_iteration,45
W4,1000,1.5,16,HungarianMatcher+JohnsonDijkstraStrategy,955,positive,edge_relaxations,31622
W4,1000,1.5,16,HungarianMatcher+JohnsonDijkstraStrategy,955,positive,defect_at_iteration,44
W4,1000,1.5,16,HungarianMatcher+JohnsonDijkstraStrategy,956,positive,edge_relaxations,31622
W4,1000,1.5,16,HungarianMatcher+JohnsonDijkstraStrategy,956,positive,defect_at_iteration,43
W4,1000,1.5,16,HungarianMatcher+JohnsonDijkstraStrategy,957,positive,edge_relaxations,31622
W4,1000,1.5,16,HungarianMatcher+JohnsonDijkstraStrategy,957,positive,defect_at_iteration,42
W4,1000,1.5,16,HungarianMatcher+JohnsonDijkstraStrategy,958,positive,edge_relaxations,31622
W4,1000,1.5,16,HungarianMatcher+JohnsonDijkstraStrategy,958,positive,defect_at_iteration,41
W4,1000,1.5,16,HungarianMatcher+JohnsonDijkstraStrategy,959,positive,edge_relaxations,31622
W4,1000,1.5,16,HungarianMatcher+JohnsonDijkstraStrategy,959,positive,defect_at_iteration,40
W4,1000,1.5,16,HungarianMatcher+JohnsonDijkstraStrategy,960,positive,edge_relaxations,31622
W4,1000,1.5,16,HungarianMatcher+JohnsonDijkstraStrategy,960,positive,defect_at_iteration,39
W4,1000,1.5,16,HungarianMatcher+JohnsonDijkstraStrategy,961,positive,edge_relaxations,31622
W4,1000,1.5,16,HungarianMatcher+JohnsonDijkstraStrategy,961,positive,defect_at_iteration,38
W4,1000,1.5,16,HungarianMatcher+JohnsonDijkstraStrategy,962,positive,edge_relaxations,31622
W4,1000,1.5,16,HungarianMatcher+JohnsonDijkstraStrategy,962,positive,defect_at_iteration,37
W4,1000,1.5,16,HungarianMatcher+JohnsonDijkstraStrategy,963,positive,edge_relaxations,31622
W4,1000,1.5,16,HungarianMatcher+JohnsonDijkstraStrategy,963,positive,defect_at_iteration,36
W4,1000,1.5,16,HungarianMatcher+JohnsonDijkstraStrategy,964,positive,edge_relaxations,31622
W4,1000,1.5,16,HungarianMatcher+JohnsonDijkstraStrategy,964,positive,defect_at_iteration,35
W4,1000,1.5,16,HungarianMatcher+JohnsonDijkstraStrategy,965,positive,edge_relaxations,31622
W4,1000,1.5,16,HungarianMatcher+JohnsonDijkstraStrategy,965,positive,defect_at_iteration,34
W4,1000,1.5,16,HungarianMatcher+JohnsonDijkstraStrategy,966,positive,edge_relaxations,31622
W4,1000,1.5,16,HungarianMatcher+JohnsonDijkstraStrategy,966,positive,defect_at_iteration,33
W4,1000,1.5,16,HungarianMatcher+JohnsonDijkstraStrategy,967,positive,edge_relaxations,31622
W4,1000,1.5,16,HungarianMatcher+JohnsonDijkstraStrategy,967,positive,defect_at_iteration,32
W4,1000,1.5,16,HungarianMatcher+JohnsonDijkstraStrategy,968,positive,edge_relaxations,31622
W4,1000,1.5,16,HungarianMatcher+JohnsonDijkstraStrategy,968,positive,defect_at_iteration,31
W4,1000,1.5,16,HungarianMatcher+JohnsonDijkstraStrategy,969,positive,edge_relaxations,31622
W4,1000,1.5,16,HungarianMatcher+JohnsonDijkstraStrategy,969,positive,defect_at_iteration,30
W4,1000,1.5,16,HungarianMatcher+JohnsonDijkstraStrategy,970,positive,edge_relaxations,31622
W4,1000,1.5,16,HungarianMatcher+JohnsonDijkstraStrategy,970,positive,defect_at_iteration,29
W4,1000,1.5,16,HungarianMatcher+JohnsonDijkstraStrategy,971,positive,edge_relaxations,31622
W4,1000,1.5,16,HungarianMatcher+JohnsonDijkstraStrategy,971,positive,defect_at_iteration,28
W4,1000,1.5,16,HungarianMatcher+JohnsonDijkstraStrategy,972,positive,edge_relaxations,31622
W4,1000,1.5,16,HungarianMatcher+JohnsonDijkstraStrategy,972,positive,defect_at_iteration,27
W4,1000,1.5,16,HungarianMatcher+JohnsonDijkstraStrategy,973,positive,edge_relaxations,31622
W4,1000,1.5,16,HungarianMatcher+JohnsonDijkstraStrategy,973,positive,defect_at_iteration,26
W4,1000,1.5,16,HungarianMatcher+JohnsonDijkstraStrategy,974,positive,edge_relaxations,31622
W4,1000,1.5,16,HungarianMatcher+JohnsonDijkstraStrategy,974,positive,defect_at_iteration,25
W4,1000,1.5,16,HungarianMatcher+JohnsonDijkstraStrategy,975,positive,edge_relaxations,31622
W4,1000,1.5,16,HungarianMatcher+JohnsonDijkstraStrategy,975,positive,defect_at_iteration,24
W4,1000,1.5,16,HungarianMatcher+JohnsonDijkstraStrategy,976,positive,edge_relaxations,31622
W4,1000,1.5,16,HungarianMatcher+JohnsonDijkstraStrategy,976,positive,defect_at_iteration,23
W4,1000,1.5,16,HungarianMatcher+JohnsonDijkstraStrategy,977,positive,edge_relaxations,31622
W4,1000,1.5,16,HungarianMatcher+JohnsonDijkstraStrategy,977,positive,defect_at_iteration,22
W4,1000,1.5,16,HungarianMatcher+JohnsonDijkstraStrategy,978,positive,edge_relaxations,31622
W4,1000,1.5,16,HungarianMatcher+JohnsonDijkstraStrategy,978,positive,defect_at_iteration,21
W4,1000,1.5,16,HungarianMatcher+JohnsonDijkstraStrategy,979,positive,edge_relaxations,31622
W4,1000,1.5,16,HungarianMatcher+JohnsonDijkstraStrategy,979,positive,defect_at_iteration,20
W4,1000,1.5,16,HungarianMatcher+JohnsonDijkstraStrategy,980,positive,edge_relaxations,31622
W4,1000,1.5,16,HungarianMatcher+JohnsonDijkstraStrategy,980,positive,defect_at_iteration,19
W4,1000,1.5,16,HungarianMatcher+JohnsonDijkstraStrategy,981,positive,edge_relaxations,31622
W4,1000,1.5,16,HungarianMatcher+JohnsonDijkstraStrategy,981,positive,defect_at_iteration,18
W4,1000,1.5,16,HungarianMatcher+JohnsonDijkstraStrategy,982,positive,edge_relaxations,31622
W4,1000,1.5,16,HungarianMatcher+JohnsonDijkstraStrategy,982,positive,defect_at_iteration,17
W4,1000,1.5,16,HungarianMatcher+JohnsonDijkstraStrategy,983,positive,edge_relaxations,31622
W4,1000,1.5,16,HungarianMatcher+JohnsonDijkstraStrategy,983,positive,defect_at_iteration,16
W4,1000,1.5,16,HungarianMatcher+JohnsonDijkstraStrategy,984,positive,edge_relaxations,31622
W4,1000,1.5,16,HungarianMatcher+JohnsonDijkstraStrategy,984,positive,defect_at_iteration,15
W4,1000,1.5,16,HungarianMatcher+JohnsonDijkstraStrategy,985,positive,edge_relaxations,31622
W4,1000,1.5,16,HungarianMatcher+JohnsonDijkstraStrategy,985,positive,defect_at_iteration,14
W4,1000,1.5,16,HungarianMatcher+JohnsonDijkstraStrategy,986,positive,edge_relaxations,31622
W4,1000,1.5,16,HungarianMatcher+JohnsonDijkstraStrategy,986,positive,defect_at_iteration,13
W4,1000,1.5,16,HungarianMatcher+JohnsonDijkstraStrategy,987,positive,edge_relaxations,31622
W4,1000,1.5,16,HungarianMatcher+JohnsonDijkstraStrategy,987,positive,defect_at_iteration,12
W4,1000,1.5,16,HungarianMatcher+JohnsonDijkstraStrategy,988,positive,edge_relaxations,31622
W4,1000,1.5,16,HungarianMatcher+JohnsonDijkstraStrategy,988,positive,defect_at_iteration,11
W4,1000,1.5,16,HungarianMatcher+JohnsonDijkstraStrategy,989,positive,edge_relaxations,31622
W4,1000,1.5,16,HungarianMatcher+JohnsonDijkstraStrategy,989,positive,defect_at_iteration,10
W4,1000,1.5,16,HungarianMatcher+JohnsonDijkstraStrategy,990,positive,edge_relaxations,31622
W4,1000,1.5,16,HungarianMatcher+JohnsonDijkstraStrategy,990,positive,defect_at_iteration,9
W4,1000,1.5,16,HungarianMatcher+JohnsonDijkstraStrategy,991,positive,edge_relaxations,31622
W4,1000,1.5,16,HungarianMatcher+JohnsonDijkstraStrategy,991,positive,defect_at_iteration,8
W4,1000,1.5,16,HungarianMatcher+JohnsonDijkstraStrategy,992,positive,edge_relaxations,31622
W4,1000,1.5,16,HungarianMatcher+JohnsonDijkstraStrategy,992,positive,defect_at_iteration,7
W4,1000,1.5,16,HungarianMatcher+JohnsonDijkstraStrategy,993,positive,edge_relaxations,31622
W4,1000,1.5,16,HungarianMatcher+JohnsonDijkstraStrategy,993,positive,defect_at_iteration,6
W4,1000,1.5,16,HungarianMatcher+JohnsonDijkstraStrategy,994,positive,edge_relaxations,31622
W4,1000,1.5,16,HungarianMatcher+JohnsonDijkstraStrategy,994,positive,defect_at_iteration,5
W4,1000,1.5,16,HungarianMatcher+JohnsonDijkstraStrategy,995,positive,edge_relaxations,31622
W4,1000,1.5,16,HungarianMatcher+JohnsonDijkstraStrategy,995,positive,defect_at_iteration,4
W4,1000,1.5,16,HungarianMatcher+JohnsonDijkstraStrategy,996,positive,edge_relaxations,31622
W4,1000,1.5,16,HungarianMatcher+JohnsonDijkstraStrategy,996,positive,defect_at_iteration,3
W4,1000,1.5,16,HungarianMatcher+JohnsonDijkstraStrategy,997,positive,edge_relaxations,31622
W4,1000,1.5,16,HungarianMatcher+JohnsonDijkstraStrategy,997,positive,defect_at_iteration,2
W4,1000,1.5,16,HungarianMatcher+JohnsonDijkstraStrategy,998,positive,edge_relaxations,31622
W4,1000,1.5,16,HungarianMatcher+JohnsonDijkstraStrategy,998,positive,defect_at_iteration,1
W4,1000,1.5,16,HungarianMatcher+JohnsonDijkstraStrategy,999,positive,edge_relaxations,31622
W4,1000,1.5,16,HungarianMatcher+JohnsonDijkstraStrategy,999,positive,defect_at_iteration,0
W4,1000,1.5,16,HungarianMatcher+JohnsonDijkstraStrategy,-1,positive,augmentation_count,1000
W4,1000,1.5,16,HungarianMatcher+JohnsonDijkstraStrategy,-1,positive,matching_value,2.4088e+07
W4,1000,1.5,16,HungarianMatcher+JohnsonDijkstraStrategy,-1,positive,matching_size,1000
W4,1000,1.5,16,HungarianMatcher+JohnsonDijkstraStrategy,-1,positive,wall_clock_ms,2575.34
