test_id,n,alpha,rep,algorithm,iteration,weight_regime,metric_name,metric_value
W4,1000,1.5,2,HungarianMatcher+BellmanFordStrategy,0,negative,defect_at_iteration,999
W4,1000,1.5,2,HungarianMatcher+BellmanFordStrategy,1,negative,defect_at_iteration,998
W4,1000,1.5,2,HungarianMatcher+BellmanFordStrategy,2,negative,defect_at_iteration,997
W4,1000,1.5,2,HungarianMatcher+BellmanFordStrategy,3,negative,defect_at_iteration,996
W4,1000,1.5,2,HungarianMatcher+BellmanFordStrategy,4,negative,defect_at_iteration,995
W4,1000,1.5,2,HungarianMatcher+BellmanFordStrategy,5,negative,defect_at_iteration,994
W4,1000,1.5,2,HungarianMatcher+BellmanFordStrategy,6,negative,defect_at_iteration,993
W4,1000,1.5,2,HungarianMatcher+BellmanFordStrategy,7,negative,defect_at_iteration,992
W4,1000,1.5,2,HungarianMatcher+BellmanFordStrategy,8,negative,defect_at_iteration,991
W4,1000,1.5,2,HungarianMatcher+BellmanFordStrategy,9,negative,defect_at_iteration,990
W4,1000,1.5,2,HungarianMatcher+BellmanFordStrategy,10,negative,defect_at_iteration,989
W4,1000,1.5,2,HungarianMatcher+BellmanFordStrategy,11,negative,defect_at_iteration,988
W4,1000,1.5,2,HungarianMatcher+BellmanFordStrategy,12,negative,defect_at_iteration,987
W4,1000,1.5,2,HungarianMatcher+BellmanFordStrategy,13,negative,defect_at_iteration,986
W4,1000,1.5,2,HungarianMatcher+BellmanFordStrategy,14,negative,defect_at_iteration,985
W4,1000,1.5,2,HungarianMatcher+BellmanFordStrategy,15,negative,defect_at_iteration,984
W4,1000,1.5,2,HungarianMatcher+BellmanFordStrategy,16,negative,defect_at_iteration,983
W4,1000,1.5,2,HungarianMatcher+BellmanFordStrategy,17,negative,defect_at_iteration,982
W4,1000,1.5,2,HungarianMatcher+BellmanFordStrategy,18,negative,defect_at_iteration,981
W4,1000,1.5,2,HungarianMatcher+BellmanFordStrategy,19,negative,defect_at_iteration,980
W4,1000,1.5,2,HungarianMatcher+BellmanFordStrategy,20,negative,defect_at_iteration,979
W4,1000,1.5,2,HungarianMatcher+BellmanFordStrategy,21,negative,defect_at_iteration,978
W4,1000,1.5,2,HungarianMatcher+BellmanFordStrategy,22,negative,defect_at_iteration,977
W4,1000,1.5,2,HungarianMatcher+BellmanFordStrategy,23,negative,defect_at_iteration,976
W4,1000,1.5,2,HungarianMatcher+BellmanFordStrategy,24,negative,defect_at_iteration,975
W4,1000,1.5,2,HungarianMatcher+BellmanFordStrategy,25,negative,defect_at_iteration,974
W4,1000,1.5,2,HungarianMatcher+BellmanFordStrategy,26,negative,defect_at_iteration,973
W4,1000,1.5,2,HungarianMatcher+BellmanFordStrategy,27,negative,defect_at_iteration,972
W4,1000,1.5,2,HungarianMatcher+BellmanFordStrategy,28,negative,defect_at_iteration,971
W4,1000,1.5,2,HungarianMatcher+BellmanFordStrategy,29,negative,defect_at_iteration,970
W4,1000,1.5,2,HungarianMatcher+BellmanFordStrategy,30,negative,defect_at_iteration,969
W4,1000,1.5,2,HungarianMatcher+BellmanFordStrategy,31,negative,defect_at_iteration,968
W4,1000,1.5,2,HungarianMatcher+BellmanFordStrategy,32,negative,defect_at_iteration,967
W4,1000,1.5,2,HungarianMatcher+BellmanFordStrategy,33,negative,defect_at_iteration,966
W4,1000,1.5,2,HungarianMatcher+BellmanFordStrategy,34,negative,defect_at_iteration,965
W4,1000,1.5,2,HungarianMatcher+BellmanFordStrategy,35,negative,defect_at_iteration,964
W4,1000,1.5,2,HungarianMatcher+BellmanFordStrategy,36,negative,defect_at_iteration,963
W4,1000,1.5,2,HungarianMatcher+BellmanFordStrategy,37,negative,defect_at_iteration,962
W4,1000,1.5,2,HungarianMatcher+BellmanFordStrategy,38,negative,defect_at_iteration,961
W4,1000,1.5,2,HungarianMatcher+BellmanFordStrategy,39,negative,defect_at_iteration,960
W4,1000,1.5,2,HungarianMatcher+BellmanFordStrategy,40,negative,defect_at_iteration,959
W4,1000,1.5,2,HungarianMatcher+BellmanFordStrategy,41,negative,defect_at_iteration,958
W4,1000,1.5,2,HungarianMatcher+BellmanFordStrategy,42,negative,defect_at_iteration,957
W4,1000,1.5,2,HungarianMatcher+BellmanFordStrategy,43,negative,defect_at_iteration,956
W4,1000,1.5,2,HungarianMatcher+BellmanFordStrategy,44,negative,defect_at_iteration,955
W4,1000,1.5,2,HungarianMatcher+BellmanFordStrategy,45,negative,defect_at_iteration,954
W4,1000,1.5,2,HungarianMatcher+BellmanFordStrategy,46,negative,defect_at_iteration,953
W4,1000,1.5,2,HungarianMatcher+BellmanFordStrategy,47,negative,defect_at_iteration,952
W4,1000,1.5,2,HungarianMatcher+BellmanFordStrategy,48,negative,defect_at_iteration,951
W4,1000,1.5,2,HungarianMatcher+BellmanFordStrategy,49,negative,defect_at_iteration,950
W4,1000,1.5,2,HungarianMatcher+BellmanFordStrategy,50,negative,defect_at_iteration,949
W4,1000,1.5,2,HungarianMatcher+BellmanFordStrategy,51,negative,defect_at_iteration,948
W4,1000,1.5,2,HungarianMatcher+BellmanFordStrategy,52,negative,defect_at_iteration,947
W4,1000,1.5,2,HungarianMatcher+BellmanFordStrategy,53,negative,defect_at_iteration,946
W4,1000,1.5,2,HungarianMatcher+BellmanFordStrategy,54,negative,defect_at_iteration,945
W4,1000,1.5,2,HungarianMatcher+BellmanFordStrategy,55,negative,defect_at_iteration,944
W4,1000,1.5,2,HungarianMatcher+BellmanFordStrategy,56,negative,defect_at_iteration,943
W4,1000,1.5,2,HungarianMatcher+BellmanFordStrategy,57,negative,defect_at_iteration,942
W4,1000,1.5,2,HungarianMatcher+BellmanFordStrategy,58,negative,defect_at_iteration,941
W4,1000,1.5,2,HungarianMatcher+BellmanFordStrategy,59,negative,defect_at_iteration,940
W4,1000,1.5,2,HungarianMatcher+BellmanFordStrategy,60,negative,defect_at_iteration,939
W4,1000,1.5,2,HungarianMatcher+BellmanFordStrategy,61,negative,defect_at_iteration,938
W4,1000,1.5,2,HungarianMatcher+BellmanFordStrategy,62,negative,defect_at_iteration,937
W4,1000,1.5,2,HungarianMatcher+BellmanFordStrategy,63,negative,defect_at_iteration,936
W4,1000,1.5,2,HungarianMatcher+BellmanFordStrategy,64,negative,defect_at_iteration,935
W4,1000,1.5,2,HungarianMatcher+BellmanFordStrategy,65,negative,defect_at_iteration,934
W4,1000,1.5,2,HungarianMatcher+BellmanFordStrategy,66,negative,defect_at_iteration,933
W4,1000,1.5,2,HungarianMatcher+BellmanFordStrategy,67,negative,defect_at_iteration,932
W4,1000,1.5,2,HungarianMatcher+BellmanFordStrategy,68,negative,defect_at_iteration,931
W4,1000,1.5,2,HungarianMatcher+BellmanFordStrategy,69,negative,defect_at_iteration,930
W4,1000,1.5,2,HungarianMatcher+BellmanFordStrategy,70,negative,defect_at_iteration,929
W4,1000,1.5,2,HungarianMatcher+BellmanFordStrategy,71,negative,defect_at_iteration,928
W4,1000,1.5,2,HungarianMatcher+BellmanFordStrategy,72,negative,defect_at_iteration,927
W4,1000,1.5,2,HungarianMatcher+BellmanFordStrategy,73,negative,defect_at_iteration,926
W4,1000,1.5,2,HungarianMatcher+BellmanFordStrategy,74,negative,defect_at_iteration,925
W4,1000,1.5,2,HungarianMatcher+BellmanFordStrategy,75,negative,defect_at_iteration,924
W4,1000,1.5,2,HungarianMatcher+BellmanFordStrategy,76,negative,defect_at_iteration,923
W4,1000,1.5,2,HungarianMatcher+BellmanFordStrategy,77,negative,defect_at_iteration,922
W4,1000,1.5,2,HungarianMatcher+BellmanFordStrategy,78,negative,defect_at_iteration,921
W4,1000,1.5,2,HungarianMatcher+BellmanFordStrategy,79,negative,defect_at_iteration,920
W4,1000,1.5,2,HungarianMatcher+BellmanFordStrategy,80,negative,defect_at_iteration,919
W4,1000,1.5,2,HungarianMatcher+BellmanFordStrategy,81,negative,defect_at_iteration,918
W4,1000,1.5,2,HungarianMatcher+BellmanFordStrategy,82,negative,defect_at_iteration,917
W4,1000,1.5,2,HungarianMatcher+BellmanFordStrategy,83,negative,defect_at_iteration,916
W4,1000,1.5,2,HungarianMatcher+BellmanFordStrategy,84,negative,defect_at_iteration,915
W4,1000,1.5,2,HungarianMatcher+BellmanFordStrategy,85,negative,defect_at_iteration,914
W4,1000,1.5,2,HungarianMatcher+BellmanFordStrategy,86,negative,defect_at_iteration,913
W4,1000,1.5,2,HungarianMatcher+BellmanFordStrategy,87,negative,defect_at_iteration,912
W4,1000,1.5,2,HungarianMatcher+BellmanFordStrategy,88,negative,defect_at_iteration,911
W4,1000,1.5,2,HungarianMatcher+BellmanFordStrategy,89,negative,defect_at_iteration,910
W4,1000,1.5,2,HungarianMatcher+BellmanFordStrategy,90,negative,defect_at_iteration,909
W4,1000,1.5,2,HungarianMatcher+BellmanFordStrategy,91,negative,defect_at_iteration,908
W4,1000,1.5,2,HungarianMatcher+BellmanFordStrategy,92,negative,defect_at_iteration,907
W4,1000,1.5,2,HungarianMatcher+BellmanFordStrategy,93,negative,defect_at_iteration,906
W4,1000,1.5,2,HungarianMatcher+BellmanFordStrategy,94,negative,defect_at_iteration,905
W4,1000,1.5,2,HungarianMatcher+BellmanFordStrategy,95,negative,defect_at_iteration,904
W4,1000,1.5,2,HungarianMatcher+BellmanFordStrategy,96,negative,defect_at_iteration,903
W4,1000,1.5,2,HungarianMatcher+BellmanFordStrategy,97,negative,defect_at_iteration,902
W4,1000,1.5,2,HungarianMatcher+BellmanFordStrategy,98,negative,defect_at_iteration,901
W4,1000,1.5,2,HungarianMatcher+BellmanFordStrategy,99,negative,defect_at_iteration,900
W4,1000,1.5,2,HungarianMatcher+BellmanFordStrategy,100,negative,defect_at_iteration,899
W4,1000,1.5,2,HungarianMatcher+BellmanFordStrategy,101,negative,defect_at_iteration,898
W4,1000,1.5,2,HungarianMatcher+BellmanFordStrategy,102,negative,defect_at_iteration,897
W4,1000,1.5,2,HungarianMatcher+BellmanFordStrategy,103,negative,defect_at_iteration,896
W4,1000,1.5,2,HungarianMatcher+BellmanFordStrategy,104,negative,defect_at_iteration,895
W4,1000,1.5,2,HungarianMatcher+BellmanFordStrategy,105,negative,defect_at_iteration,894
W4,1000,1.5,2,HungarianMatcher+BellmanFordStrategy,106,negative,defect_at_iteration,893
W4,1000,1.5,2,HungarianMatcher+BellmanFordStrategy,107,negative,defect_at_iteration,892
W4,1000,1.5,2,HungarianMatcher+BellmanFordStrategy,108,negative,defect_at_iteration,891
W4,1000,1.5,2,HungarianMatcher+BellmanFordStrategy,109,negative,defect_at_iteration,890
W4,1000,1.5,2,HungarianMatcher+BellmanFordStrategy,110,negative,defect_at_iteration,889
W4,1000,1.5,2,HungarianMatcher+BellmanFordStrategy,111,negative,defect_at_iteration,888
W4,1000,1.5,2,HungarianMatcher+BellmanFordStrategy,112,negative,defect_at_iteration,887
W4,1000,1.5,2,HungarianMatcher+BellmanFordStrategy,113,negative,defect_at_iteration,886
W4,1000,1.5,2,HungarianMatcher+BellmanFordStrategy,114,negative,defect_at_iteration,885
W4,1000,1.5,2,HungarianMatcher+BellmanFordStrategy,115,negative,defect_at_iteration,884
W4,1000,1.5,2,HungarianMatcher+BellmanFordStrategy,116,negative,defect_at_iteration,883
W4,1000,1.5,2,HungarianMatcher+BellmanFordStrategy,117,negative,defect_at_iteration,882
W4,1000,1.5,2,HungarianMatcher+BellmanFordStrategy,118,negative,defect_at_iteration,881
W4,1000,1.5,2,HungarianMatcher+BellmanFordStrategy,119,negative,defect_at_iteration,880
W4,1000,1.5,2,HungarianMatcher+BellmanFordStrategy,120,negative,defect_at_iteration,879
W4,1000,1.5,2,HungarianMatcher+BellmanFordStrategy,121,negative,defect_at_iteration,878
W4,1000,1.5,2,HungarianMatcher+BellmanFordStrategy,122,negative,defect_at_iteration,877
W4,1000,1.5,2,HungarianMatcher+BellmanFordStrategy,123,negative,defect_at_iteration,876
W4,1000,1.5,2,HungarianMatcher+BellmanFordStrategy,124,negative,defect_at_iteration,875
W4,1000,1.5,2,HungarianMatcher+BellmanFordStrategy,125,negative,defect_at_iteration,874
W4,1000,1.5,2,HungarianMatcher+BellmanFordStrategy,126,negative,defect_at_iteration,873
W4,1000,1.5,2,HungarianMatcher+BellmanFordStrategy,127,negative,defect_at_iteration,872
W4,1000,1.5,2,HungarianMatcher+BellmanFordStrategy,128,negative,defect_at_iteration,871
W4,1000,1.5,2,HungarianMatcher+BellmanFordStrategy,129,negative,defect_at_iteration,870
W4,1000,1.5,2,HungarianMatcher+BellmanFordStrategy,130,negative,defect_at_iteration,869
W4,1000,1.5,2,HungarianMatcher+BellmanFordStrategy,131,negative,defect_at_iteration,868
W4,1000,1.5,2,HungarianMatcher+BellmanFordStrategy,132,negative,defect_at_iteration,867
W4,1000,1.5,2,HungarianMatcher+BellmanFordStrategy,133,negative,defect_at_iteration,866
W4,1000,1.5,2,HungarianMatcher+BellmanFordStrategy,134,negative,defect_at_iteration,865
W4,1000,1.5,2,HungarianMatcher+BellmanFordStrategy,135,negative,defect_at_iteration,864
W4,1000,1.5,2,HungarianMatcher+BellmanFordStrategy,136,negative,defect_at_iteration,863
W4,1000,1.5,2,HungarianMatcher+BellmanFordStrategy,137,negative,defect_at_iteration,862
W4,1000,1.5,2,HungarianMatcher+BellmanFordStrategy,138,negative,defect_at_iteration,861
W4,1000,1.5,2,HungarianMatcher+BellmanFordStrategy,139,negative,defect_at_iteration,860
W4,1000,1.5,2,HungarianMatcher+BellmanFordStrategy,140,negative,defect_at_iteration,859
W4,1000,1.5,2,HungarianMatcher+BellmanFordStrategy,141,negative,defect_at_iteration,858
W4,1000,1.5,2,HungarianMatcher+BellmanFordStrategy,142,negative,defect_at_iteration,857
W4,1000,1.5,2,HungarianMatcher+BellmanFordStrategy,143,negative,defect_at_iteration,856
W4,1000,1.5,2,HungarianMatcher+BellmanFordStrategy,144,negative,defect_at_iteration,855
W4,1000,1.5,2,HungarianMatcher+BellmanFordStrategy,145,negative,defect_at_iteration,854
W4,1000,1.5,2,HungarianMatcher+BellmanFordStrategy,146,negative,defect_at_iteration,853
W4,1000,1.5,2,HungarianMatcher+BellmanFordStrategy,147,negative,defect_at_iteration,852
W4,1000,1.5,2,HungarianMatcher+BellmanFordStrategy,148,negative,defect_at_iteration,851
W4,1000,1.5,2,HungarianMatcher+BellmanFordStrategy,149,negative,defect_at_iteration,850
W4,1000,1.5,2,HungarianMatcher+BellmanFordStrategy,150,negative,defect_at_iteration,849
W4,1000,1.5,2,HungarianMatcher+BellmanFordStrategy,151,negative,defect_at_iteration,848
W4,1000,1.5,2,HungarianMatcher+BellmanFordStrategy,152,negative,defect_at_iteration,847
W4,1000,1.5,2,HungarianMatcher+BellmanFordStrategy,153,negative,defect_at_iteration,846
W4,1000,1.5,2,HungarianMatcher+BellmanFordStrategy,154,negative,defect_at_iteration,845
W4,1000,1.5,2,HungarianMatcher+BellmanFordStrategy,155,negative,defect_at_iteration,844
W4,1000,1.5,2,HungarianMatcher+BellmanFordStrategy,156,negative,defect_at_iteration,843
W4,1000,1.5,2,HungarianMatcher+BellmanFordStrategy,157,negative,defect_at_iteration,842
W4,1000,1.5,2,HungarianMatcher+BellmanFordStrategy,158,negative,defect_at_iteration,841
W4,1000,1.5,2,HungarianMatcher+BellmanFordStrategy,159,negative,defect_at_iteration,840
W4,1000,1.5,2,HungarianMatcher+BellmanFordStrategy,160,negative,defect_at_iteration,839
W4,1000,1.5,2,HungarianMatcher+BellmanFordStrategy,161,negative,defect_at_iteration,838
W4,1000,1.5,2,HungarianMatcher+BellmanFordStrategy,162,negative,defect_at_iteration,837
W4,1000,1.5,2,HungarianMatcher+BellmanFordStrategy,163,negative,defect_at_iteration,836
W4,1000,1.5,2,HungarianMatcher+BellmanFordStrategy,164,negative,defect_at_iteration,835
W4,1000,1.5,2,HungarianMatcher+BellmanFordStrategy,165,negative,defect_at_iteration,834
W4,1000,1.5,2,HungarianMatcher+BellmanFordStrategy,166,negative,defect_at_iteration,833
W4,1000,1.5,2,HungarianMatcher+BellmanFordStrategy,167,negative,defect_at_iteration,832
W4,1000,1.5,2,HungarianMatcher+BellmanFordStrategy,168,negative,defect_at_iteration,831
W4,1000,1.5,2,HungarianMatcher+BellmanFordStrategy,169,negative,defect_at_iteration,830
W4,1000,1.5,2,HungarianMatcher+BellmanFordStrategy,170,negative,defect_at_iteration,829
W4,1000,1.5,2,HungarianMatcher+BellmanFordStrategy,171,negative,defect_at_iteration,828
W4,1000,1.5,2,HungarianMatcher+BellmanFordStrategy,172,negative,defect_at_iteration,827
W4,1000,1.5,2,HungarianMatcher+BellmanFordStrategy,173,negative,defect_at_iteration,826
W4,1000,1.5,2,HungarianMatcher+BellmanFordStrategy,174,negative,defect_at_iteration,825
W4,1000,1.5,2,HungarianMatcher+BellmanFordStrategy,175,negative,defect_at_iteration,824
W4,1000,1.5,2,HungarianMatcher+BellmanFordStrategy,176,negative,defect_at_iteration,823
W4,1000,1.5,2,HungarianMatcher+BellmanFordStrategy,177,negative,defect_at_iteration,822
W4,1000,1.5,2,HungarianMatcher+BellmanFordStrategy,178,negative,defect_at_iteration,821
W4,1000,1.5,2,HungarianMatcher+BellmanFordStrategy,179,negative,defect_at_iteration,820
W4,1000,1.5,2,HungarianMatcher+BellmanFordStrategy,180,negative,defect_at_iteration,819
W4,1000,1.5,2,HungarianMatcher+BellmanFordStrategy,181,negative,defect_at_iteration,818
W4,1000,1.5,2,HungarianMatcher+BellmanFordStrategy,182,negative,defect_at_iteration,817
W4,1000,1.5,2,HungarianMatcher+BellmanFordStrategy,183,negative,defect_at_iteration,816
W4,1000,1.5,2,HungarianMatcher+BellmanFordStrategy,184,negative,defect_at_iteration,815
W4,1000,1.5,2,HungarianMatcher+BellmanFordStrategy,185,negative,defect_at_iteration,814
W4,1000,1.5,2,HungarianMatcher+BellmanFordStrategy,186,negative,defect_at_iteration,813
W4,1000,1.5,2,HungarianMatcher+BellmanFordStrategy,187,negative,defect_at_iteration,812
W4,1000,1.5,2,HungarianMatcher+BellmanFordStrategy,188,negative,defect_at_iteration,811
W4,1000,1.5,2,HungarianMatcher+BellmanFordStrategy,189,negative,defect_at_iteration,810
W4,1000,1.5,2,HungarianMatcher+BellmanFordStrategy,190,negative,defect_at_iteration,809
W4,1000,1.5,2,HungarianMatcher+BellmanFordStrategy,191,negative,defect_at_iteration,808
W4,1000,1.5,2,HungarianMatcher+BellmanFordStrategy,192,negative,defect_at_iteration,807
W4,1000,1.5,2,HungarianMatcher+BellmanFordStrategy,193,negative,defect_at_iteration,806
W4,1000,1.5,2,HungarianMatcher+BellmanFordStrategy,194,negative,defect_at_iteration,805
W4,1000,1.5,2,HungarianMatcher+BellmanFordStrategy,195,negative,defect_at_iteration,804
W4,1000,1.5,2,HungarianMatcher+BellmanFordStrategy,196,negative,defect_at_iteration,803
W4,1000,1.5,2,HungarianMatcher+BellmanFordStrategy,197,negative,defect_at_iteration,802
W4,1000,1.5,2,HungarianMatcher+BellmanFordStrategy,198,negative,defect_at_iteration,801
W4,1000,1.5,2,HungarianMatcher+BellmanFordStrategy,199,negative,defect_at_iteration,800
W4,1000,1.5,2,HungarianMatcher+BellmanFordStrategy,200,negative,defect_at_iteration,799
W4,1000,1.5,2,HungarianMatcher+BellmanFordStrategy,201,negative,defect_at_iteration,798
W4,1000,1.5,2,HungarianMatcher+BellmanFordStrategy,202,negative,defect_at_iteration,797
W4,1000,1.5,2,HungarianMatcher+BellmanFordStrategy,203,negative,defect_at_iteration,796
W4,1000,1.5,2,HungarianMatcher+BellmanFordStrategy,204,negative,defect_at_iteration,795
W4,1000,1.5,2,HungarianMatcher+BellmanFordStrategy,205,negative,defect_at_iteration,794
W4,1000,1.5,2,HungarianMatcher+BellmanFordStrategy,206,negative,defect_at_iteration,793
W4,1000,1.5,2,HungarianMatcher+BellmanFordStrategy,207,negative,defect_at_iteration,792
W4,1000,1.5,2,HungarianMatcher+BellmanFordStrategy,208,negative,defect_at_iteration,791
W4,1000,1.5,2,HungarianMatcher+BellmanFordStrategy,209,negative,defect_at_iteration,790
W4,1000,1.5,2,HungarianMatcher+BellmanFordStrategy,210,negative,defect_at_iteration,789
W4,1000,1.5,2,HungarianMatcher+BellmanFordStrategy,211,negative,defect_at_iteration,788
W4,1000,1.5,2,HungarianMatcher+BellmanFordStrategy,212,negative,defect_at_iteration,787
W4,1000,1.5,2,HungarianMatcher+BellmanFordStrategy,213,negative,defect_at_iteration,786
W4,1000,1.5,2,HungarianMatcher+BellmanFordStrategy,214,negative,defect_at_iteration,785
W4,1000,1.5,2,HungarianMatcher+BellmanFordStrategy,215,negative,defect_at_iteration,784
W4,1000,1.5,2,HungarianMatcher+BellmanFordStrategy,216,negative,defect_at_iteration,783
W4,1000,1.5,2,HungarianMatcher+BellmanFordStrategy,217,negative,defect_at_iteration,782
W4,1000,1.5,2,HungarianMatcher+BellmanFordStrategy,218,negative,defect_at_iteration,781
W4,1000,1.5,2,HungarianMatcher+BellmanFordStrategy,219,negative,defect_at_iteration,780
W4,1000,1.5,2,HungarianMatcher+BellmanFordStrategy,220,negative,defect_at_iteration,779
W4,1000,1.5,2,HungarianMatcher+BellmanFordStrategy,221,negative,defect_at_iteration,778
W4,1000,1.5,2,HungarianMatcher+BellmanFordStrategy,222,negative,defect_at_iteration,777
W4,1000,1.5,2,HungarianMatcher+BellmanFordStrategy,223,negative,defect_at_iteration,776
W4,1000,1.5,2,HungarianMatcher+BellmanFordStrategy,224,negative,defect_at_iteration,775
W4,1000,1.5,2,HungarianMatcher+BellmanFordStrategy,225,negative,defect_at_iteration,774
W4,1000,1.5,2,HungarianMatcher+BellmanFordStrategy,226,negative,defect_at_iteration,773
W4,1000,1.5,2,HungarianMatcher+BellmanFordStrategy,227,negative,defect_at_iteration,772
W4,1000,1.5,2,HungarianMatcher+BellmanFordStrategy,228,negative,defect_at_iteration,771
W4,1000,1.5,2,HungarianMatcher+BellmanFordStrategy,229,negative,defect_at_iteration,770
W4,1000,1.5,2,HungarianMatcher+BellmanFordStrategy,230,negative,defect_at_iteration,769
W4,1000,1.5,2,HungarianMatcher+BellmanFordStrategy,231,negative,defect_at_iteration,768
W4,1000,1.5,2,HungarianMatcher+BellmanFordStrategy,232,negative,defect_at_iteration,767
W4,1000,1.5,2,HungarianMatcher+BellmanFordStrategy,233,negative,defect_at_iteration,766
W4,1000,1.5,2,HungarianMatcher+BellmanFordStrategy,234,negative,defect_at_iteration,765
W4,1000,1.5,2,HungarianMatcher+BellmanFordStrategy,235,negative,defect_at_iteration,764
W4,1000,1.5,2,HungarianMatcher+BellmanFordStrategy,236,negative,defect_at_iteration,763
W4,1000,1.5,2,HungarianMatcher+BellmanFordStrategy,237,negative,defect_at_iteration,762
W4,1000,1.5,2,HungarianMatcher+BellmanFordStrategy,238,negative,defect_at_iteration,761
W4,1000,1.5,2,HungarianMatcher+BellmanFordStrategy,239,negative,defect_at_iteration,760
W4,1000,1.5,2,HungarianMatcher+BellmanFordStrategy,240,negative,defect_at_iteration,759
W4,1000,1.5,2,HungarianMatcher+BellmanFordStrategy,241,negative,defect_at_iteration,758
W4,1000,1.5,2,HungarianMatcher+BellmanFordStrategy,242,negative,defect_at_iteration,757
W4,1000,1.5,2,HungarianMatcher+BellmanFordStrategy,243,negative,defect_at_iteration,756
W4,1000,1.5,2,HungarianMatcher+BellmanFordStrategy,244,negative,defect_at_iteration,755
W4,1000,1.5,2,HungarianMatcher+BellmanFordStrategy,245,negative,defect_at_iteration,754
W4,1000,1.5,2,HungarianMatcher+BellmanFordStrategy,246,negative,defect_at_iteration,753
W4,1000,1.5,2,HungarianMatcher+BellmanFordStrategy,247,negative,defect_at_iteration,752
W4,1000,1.5,2,HungarianMatcher+BellmanFordStrategy,248,negative,defect_at_iteration,751
W4,1000,1.5,2,HungarianMatcher+BellmanFordStrategy,249,negative,defect_at_iteration,750
W4,1000,1.5,2,HungarianMatcher+BellmanFordStrategy,250,negative,defect_at_iteration,749
W4,1000,1.5,2,HungarianMatcher+BellmanFordStrategy,251,negative,defect_at_iteration,748
W4,1000,1.5,2,HungarianMatcher+BellmanFordStrategy,252,negative,defect_at_iteration,747
W4,1000,1.5,2,HungarianMatcher+BellmanFordStrategy,253,negative,defect_at_iteration,746
W4,1000,1.5,2,HungarianMatcher+BellmanFordStrategy,254,negative,defect_at_iteration,745
W4,1000,1.5,2,HungarianMatcher+BellmanFordStrategy,255,negative,defect_at_iteration,744
W4,1000,1.5,2,HungarianMatcher+BellmanFordStrategy,256,negative,defect_at_iteration,743
W4,1000,1.5,2,HungarianMatcher+BellmanFordStrategy,257,negative,defect_at_iteration,742
W4,1000,1.5,2,HungarianMatcher+BellmanFordStrategy,258,negative,defect_at_iteration,741
W4,1000,1.5,2,HungarianMatcher+BellmanFordStrategy,259,negative,defect_at_iteration,740
W4,1000,1.5,2,HungarianMatcher+BellmanFordStrategy,260,negative,defect_at_iteration,739
W4,1000,1.5,2,HungarianMatcher+BellmanFordStrategy,261,negative,defect_at_iteration,738
W4,1000,1.5,2,HungarianMatcher+BellmanFordStrategy,262,negative,defect_at_iteration,737
W4,1000,1.5,2,HungarianMatcher+BellmanFordStrategy,263,negative,defect_at_iteration,736
W4,1000,1.5,2,HungarianMatcher+BellmanFordStrategy,264,negative,defect_at_iteration,735
W4,1000,1.5,2,HungarianMatcher+BellmanFordStrategy,265,negative,defect_at_iteration,734
W4,1000,1.5,2,HungarianMatcher+BellmanFordStrategy,266,negative,defect_at_iteration,733
W4,1000,1.5,2,HungarianMatcher+BellmanFordStrategy,267,negative,defect_at_iteration,732
W4,1000,1.5,2,HungarianMatcher+BellmanFordStrategy,268,negative,defect_at_iteration,731
W4,1000,1.5,2,HungarianMatcher+BellmanFordStrategy,269,negative,defect_at_iteration,730
W4,1000,1.5,2,HungarianMatcher+BellmanFordStrategy,270,negative,defect_at_iteration,729
W4,1000,1.5,2,HungarianMatcher+BellmanFordStrategy,271,negative,defect_at_iteration,728
W4,1000,1.5,2,HungarianMatcher+BellmanFordStrategy,272,negative,defect_at_iteration,727
W4,1000,1.5,2,HungarianMatcher+BellmanFordStrategy,273,negative,defect_at_iteration,726
W4,1000,1.5,2,HungarianMatcher+BellmanFordStrategy,274,negative,defect_at_iteration,725
W4,1000,1.5,2,HungarianMatcher+BellmanFordStrategy,275,negative,defect_at_iteration,724
W4,1000,1.5,2,HungarianMatcher+BellmanFordStrategy,276,negative,defect_at_iteration,723
W4,1000,1.5,2,HungarianMatcher+BellmanFordStrategy,277,negative,defect_at_iteration,722
W4,1000,1.5,2,HungarianMatcher+BellmanFordStrategy,278,negative,defect_at_iteration,721
W4,1000,1.5,2,HungarianMatcher+BellmanFordStrategy,279,negative,defect_at_iteration,720
W4,1000,1.5,2,HungarianMatcher+BellmanFordStrategy,280,negative,defect_at_iteration,719
W4,1000,1.5,2,HungarianMatcher+BellmanFordStrategy,281,negative,defect_at_iteration,718
W4,1000,1.5,2,HungarianMatcher+BellmanFordStrategy,282,negative,defect_at_iteration,717
W4,1000,1.5,2,HungarianMatcher+BellmanFordStrategy,283,negative,defect_at_iteration,716
W4,1000,1.5,2,HungarianMatcher+BellmanFordStrategy,284,negative,defect_at_iteration,715
W4,1000,1.5,2,HungarianMatcher+BellmanFordStrategy,285,negative,defect_at_iteration,714
W4,1000,1.5,2,HungarianMatcher+BellmanFordStrategy,286,negative,defect_at_iteration,713
W4,1000,1.5,2,HungarianMatcher+BellmanFordStrategy,287,negative,defect_at_iteration,712
W4,1000,1.5,2,HungarianMatcher+BellmanFordStrategy,288,negative,defect_at_iteration,711
W4,1000,1.5,2,HungarianMatcher+BellmanFordStrategy,289,negative,defect_at_iteration,710
W4,1000,1.5,2,HungarianMatcher+BellmanFordStrategy,290,negative,defect_at_iteration,709
W4,1000,1.5,2,HungarianMatcher+BellmanFordStrategy,291,negative,defect_at_iteration,708
W4,1000,1.5,2,HungarianMatcher+BellmanFordStrategy,292,negative,defect_at_iteration,707
W4,1000,1.5,2,HungarianMatcher+BellmanFordStrategy,293,negative,defect_at_iteration,706
W4,1000,1.5,2,HungarianMatcher+BellmanFordStrategy,294,negative,defect_at_iteration,705
W4,1000,1.5,2,HungarianMatcher+BellmanFordStrategy,295,negative,defect_at_iteration,704
W4,1000,1.5,2,HungarianMatcher+BellmanFordStrategy,296,negative,defect_at_iteration,703
W4,1000,1.5,2,HungarianMatcher+BellmanFordStrategy,297,negative,defect_at_iteration,702
W4,1000,1.5,2,HungarianMatcher+BellmanFordStrategy,298,negative,defect_at_iteration,701
W4,1000,1.5,2,HungarianMatcher+BellmanFordStrategy,299,negative,defect_at_iteration,700
W4,1000,1.5,2,HungarianMatcher+BellmanFordStrategy,300,negative,defect_at_iteration,699
W4,1000,1.5,2,HungarianMatcher+BellmanFordStrategy,301,negative,defect_at_iteration,698
W4,1000,1.5,2,HungarianMatcher+BellmanFordStrategy,302,negative,defect_at_iteration,697
W4,1000,1.5,2,HungarianMatcher+BellmanFordStrategy,303,negative,defect_at_iteration,696
W4,1000,1.5,2,HungarianMatcher+BellmanFordStrategy,304,negative,defect_at_iteration,695
W4,1000,1.5,2,HungarianMatcher+BellmanFordStrategy,305,negative,defect_at_iteration,694
W4,1000,1.5,2,HungarianMatcher+BellmanFordStrategy,306,negative,defect_at_iteration,693
W4,1000,1.5,2,HungarianMatcher+BellmanFordStrategy,307,negative,defect_at_iteration,692
W4,1000,1.5,2,HungarianMatcher+BellmanFordStrategy,308,negative,defect_at_iteration,691
W4,1000,1.5,2,HungarianMatcher+BellmanFordStrategy,309,negative,defect_at_iteration,690
W4,1000,1.5,2,HungarianMatcher+BellmanFordStrategy,310,negative,defect_at_iteration,689
W4,1000,1.5,2,HungarianMatcher+BellmanFordStrategy,311,negative,defect_at_iteration,688
W4,1000,1.5,2,HungarianMatcher+BellmanFordStrategy,312,negative,defect_at_iteration,687
W4,1000,1.5,2,HungarianMatcher+BellmanFordStrategy,313,negative,defect_at_iteration,686
W4,1000,1.5,2,HungarianMatcher+BellmanFordStrategy,314,negative,defect_at_iteration,685
W4,1000,1.5,2,HungarianMatcher+BellmanFordStrategy,315,negative,defect_at_iteration,684
W4,1000,1.5,2,HungarianMatcher+BellmanFordStrategy,316,negative,defect_at_iteration,683
W4,1000,1.5,2,HungarianMatcher+BellmanFordStrategy,317,negative,defect_at_iteration,682
W4,1000,1.5,2,HungarianMatcher+BellmanFordStrategy,318,negative,defect_at_iteration,681
W4,1000,1.5,2,HungarianMatcher+BellmanFordStrategy,319,negative,defect_at_iteration,680
W4,1000,1.5,2,HungarianMatcher+BellmanFordStrategy,320,negative,defect_at_iteration,679
W4,1000,1.5,2,HungarianMatcher+BellmanFordStrategy,321,negative,defect_at_iteration,678
W4,1000,1.5,2,HungarianMatcher+BellmanFordStrategy,322,negative,defect_at_iteration,677
W4,1000,1.5,2,HungarianMatcher+BellmanFordStrategy,323,negative,defect_at_iteration,676
W4,1000,1.5,2,HungarianMatcher+BellmanFordStrategy,324,negative,defect_at_iteration,675
W4,1000,1.5,2,HungarianMatcher+BellmanFordStrategy,325,negative,defect_at_iteration,674
W4,1000,1.5,2,HungarianMatcher+BellmanFordStrategy,326,negative,defect_at_iteration,673
W4,1000,1.5,2,HungarianMatcher+BellmanFordStrategy,327,negative,defect_at_iteration,672
W4,1000,1.5,2,HungarianMatcher+BellmanFordStrategy,328,negative,defect_at_iteration,671
W4,1000,1.5,2,HungarianMatcher+BellmanFordStrategy,329,negative,defect_at_iteration,670
W4,1000,1.5,2,HungarianMatcher+BellmanFordStrategy,330,negative,defect_at_iteration,669
W4,1000,1.5,2,HungarianMatcher+BellmanFordStrategy,331,negative,defect_at_iteration,668
W4,1000,1.5,2,HungarianMatcher+BellmanFordStrategy,332,negative,defect_at_iteration,667
W4,1000,1.5,2,HungarianMatcher+BellmanFordStrategy,333,negative,defect_at_iteration,666
W4,1000,1.5,2,HungarianMatcher+BellmanFordStrategy,334,negative,defect_at_iteration,665
W4,1000,1.5,2,HungarianMatcher+BellmanFordStrategy,335,negative,defect_at_iteration,664
W4,1000,1.5,2,HungarianMatcher+BellmanFordStrategy,336,negative,defect_at_iteration,663
W4,1000,1.5,2,HungarianMatcher+BellmanFordStrategy,337,negative,defect_at_iteration,662
W4,1000,1.5,2,HungarianMatcher+BellmanFordStrategy,338,negative,defect_at_iteration,661
W4,1000,1.5,2,HungarianMatcher+BellmanFordStrategy,339,negative,defect_at_iteration,660
W4,1000,1.5,2,HungarianMatcher+BellmanFordStrategy,340,negative,defect_at_iteration,659
W4,1000,1.5,2,HungarianMatcher+BellmanFordStrategy,341,negative,defect_at_iteration,658
W4,1000,1.5,2,HungarianMatcher+BellmanFordStrategy,342,negative,defect_at_iteration,657
W4,1000,1.5,2,HungarianMatcher+BellmanFordStrategy,343,negative,defect_at_iteration,656
W4,1000,1.5,2,HungarianMatcher+BellmanFordStrategy,344,negative,defect_at_iteration,655
W4,1000,1.5,2,HungarianMatcher+BellmanFordStrategy,345,negative,defect_at_iteration,654
W4,1000,1.5,2,HungarianMatcher+BellmanFordStrategy,346,negative,defect_at_iteration,653
W4,1000,1.5,2,HungarianMatcher+BellmanFordStrategy,347,negative,defect_at_iteration,652
W4,1000,1.5,2,HungarianMatcher+BellmanFordStrategy,348,negative,defect_at_iteration,651
W4,1000,1.5,2,HungarianMatcher+BellmanFordStrategy,349,negative,defect_at_iteration,650
W4,1000,1.5,2,HungarianMatcher+BellmanFordStrategy,350,negative,defect_at_iteration,649
W4,1000,1.5,2,HungarianMatcher+BellmanFordStrategy,351,negative,defect_at_iteration,648
W4,1000,1.5,2,HungarianMatcher+BellmanFordStrategy,352,negative,defect_at_iteration,647
W4,1000,1.5,2,HungarianMatcher+BellmanFordStrategy,353,negative,defect_at_iteration,646
W4,1000,1.5,2,HungarianMatcher+BellmanFordStrategy,354,negative,defect_at_iteration,645
W4,1000,1.5,2,HungarianMatcher+BellmanFordStrategy,355,negative,defect_at_iteration,644
W4,1000,1.5,2,HungarianMatcher+BellmanFordStrategy,356,negative,defect_at_iteration,643
W4,1000,1.5,2,HungarianMatcher+BellmanFordStrategy,357,negative,defect_at_iteration,642
W4,1000,1.5,2,HungarianMatcher+BellmanFordStrategy,358,negative,defect_at_iteration,641
W4,1000,1.5,2,HungarianMatcher+BellmanFordStrategy,359,negative,defect_at_iteration,640
W4,1000,1.5,2,HungarianMatcher+BellmanFordStrategy,360,negative,defect_at_iteration,639
W4,1000,1.5,2,HungarianMatcher+BellmanFordStrategy,361,negative,defect_at_iteration,638
W4,1000,1.5,2,HungarianMatcher+BellmanFordStrategy,362,negative,defect_at_iteration,637
W4,1000,1.5,2,HungarianMatcher+BellmanFordStrategy,363,negative,defect_at_iteration,636
W4,1000,1.5,2,HungarianMatcher+BellmanFordStrategy,364,negative,defect_at_iteration,635
W4,1000,1.5,2,HungarianMatcher+BellmanFordStrategy,365,negative,defect_at_iteration,634
W4,1000,1.5,2,HungarianMatcher+BellmanFordStrategy,366,negative,defect_at_iteration,633
W4,1000,1.5,2,HungarianMatcher+BellmanFordStrategy,367,negative,defect_at_iteration,632
W4,1000,1.5,2,HungarianMatcher+BellmanFordStrategy,368,negative,defect_at_iteration,631
W4,1000,1.5,2,HungarianMatcher+BellmanFordStrategy,369,negative,defect_at_iteration,630
W4,1000,1.5,2,HungarianMatcher+BellmanFordStrategy,370,negative,defect_at_iteration,629
W4,1000,1.5,2,HungarianMatcher+BellmanFordStrategy,371,negative,defect_at_iteration,628
W4,1000,1.5,2,HungarianMatcher+BellmanFordStrategy,372,negative,defect_at_iteration,627
W4,1000,1.5,2,HungarianMatcher+BellmanFordStrategy,373,negative,defect_at_iteration,626
W4,1000,1.5,2,HungarianMatcher+BellmanFordStrategy,374,negative,defect_at_iteration,625
W4,1000,1.5,2,HungarianMatcher+BellmanFordStrategy,375,negative,defect_at_iteration,624
W4,1000,1.5,2,HungarianMatcher+BellmanFordStrategy,376,negative,defect_at_iteration,623
W4,1000,1.5,2,HungarianMatcher+BellmanFordStrategy,377,negative,defect_at_iteration,622
W4,1000,1.5,2,HungarianMatcher+BellmanFordStrategy,378,negative,defect_at_iteration,621
W4,1000,1.5,2,HungarianMatcher+BellmanFordStrategy,379,negative,defect_at_iteration,620
W4,1000,1.5,2,HungarianMatcher+BellmanFordStrategy,380,negative,defect_at_iteration,619
W4,1000,1.5,2,HungarianMatcher+BellmanFordStrategy,381,negative,defect_at_iteration,618
W4,1000,1.5,2,HungarianMatcher+BellmanFordStrategy,382,negative,defect_at_iteration,617
W4,1000,1.5,2,HungarianMatcher+BellmanFordStrategy,383,negative,defect_at_iteration,616
W4,1000,1.5,2,HungarianMatcher+BellmanFordStrategy,384,negative,defect_at_iteration,615
W4,1000,1.5,2,HungarianMatcher+BellmanFordStrategy,385,negative,defect_at_iteration,614
W4,1000,1.5,2,HungarianMatcher+BellmanFordStrategy,386,negative,defect_at_iteration,613
W4,1000,1.5,2,HungarianMatcher+BellmanFordStrategy,387,negative,defect_at_iteration,612
W4,1000,1.5,2,HungarianMatcher+BellmanFordStrategy,388,negative,defect_at_iteration,611
W4,1000,1.5,2,HungarianMatcher+BellmanFordStrategy,389,negative,defect_at_iteration,610
W4,1000,1.5,2,HungarianMatcher+BellmanFordStrategy,390,negative,defect_at_iteration,609
W4,1000,1.5,2,HungarianMatcher+BellmanFordStrategy,391,negative,defect_at_iteration,608
W4,1000,1.5,2,HungarianMatcher+BellmanFordStrategy,392,negative,defect_at_iteration,607
W4,1000,1.5,2,HungarianMatcher+BellmanFordStrategy,393,negative,defect_at_iteration,606
W4,1000,1.5,2,HungarianMatcher+BellmanFordStrategy,394,negative,defect_at_iteration,605
W4,1000,1.5,2,HungarianMatcher+BellmanFordStrategy,395,negative,defect_at_iteration,604
W4,1000,1.5,2,HungarianMatcher+BellmanFordStrategy,396,negative,defect_at_iteration,603
W4,1000,1.5,2,HungarianMatcher+BellmanFordStrategy,397,negative,defect_at_iteration,602
W4,1000,1.5,2,HungarianMatcher+BellmanFordStrategy,398,negative,defect_at_iteration,601
W4,1000,1.5,2,HungarianMatcher+BellmanFordStrategy,399,negative,defect_at_iteration,600
W4,1000,1.5,2,HungarianMatcher+BellmanFordStrategy,400,negative,defect_at_iteration,599
W4,1000,1.5,2,HungarianMatcher+BellmanFordStrategy,401,negative,defect_at_iteration,598
W4,1000,1.5,2,HungarianMatcher+BellmanFordStrategy,402,negative,defect_at_iteration,597
W4,1000,1.5,2,HungarianMatcher+BellmanFordStrategy,403,negative,defect_at_iteration,596
W4,1000,1.5,2,HungarianMatcher+BellmanFordStrategy,404,negative,defect_at_iteration,595
W4,1000,1.5,2,HungarianMatcher+BellmanFordStrategy,405,negative,defect_at_iteration,594
W4,1000,1.5,2,HungarianMatcher+BellmanFordStrategy,406,negative,defect_at_iteration,593
W4,1000,1.5,2,HungarianMatcher+BellmanFordStrategy,407,negative,defect_at_iteration,592
W4,1000,1.5,2,HungarianMatcher+BellmanFordStrategy,408,negative,defect_at_iteration,591
W4,1000,1.5,2,HungarianMatcher+BellmanFordStrategy,409,negative,defect_at_iteration,590
W4,1000,1.5,2,HungarianMatcher+BellmanFordStrategy,410,negative,defect_at_iteration,589
W4,1000,1.5,2,HungarianMatcher+BellmanFordStrategy,411,negative,defect_at_iteration,588
W4,1000,1.5,2,HungarianMatcher+BellmanFordStrategy,412,negative,defect_at_iteration,587
W4,1000,1.5,2,HungarianMatcher+BellmanFordStrategy,413,negative,defect_at_iteration,586
W4,1000,1.5,2,HungarianMatcher+BellmanFordStrategy,414,negative,defect_at_iteration,585
W4,1000,1.5,2,HungarianMatcher+BellmanFordStrategy,415,negative,defect_at_iteration,584
W4,1000,1.5,2,HungarianMatcher+BellmanFordStrategy,416,negative,defect_at_iteration,583
W4,1000,1.5,2,HungarianMatcher+BellmanFordStrategy,417,negative,defect_at_iteration,582
W4,1000,1.5,2,HungarianMatcher+BellmanFordStrategy,418,negative,defect_at_iteration,581
W4,1000,1.5,2,HungarianMatcher+BellmanFordStrategy,419,negative,defect_at_iteration,580
W4,1000,1.5,2,HungarianMatcher+BellmanFordStrategy,420,negative,defect_at_iteration,579
W4,1000,1.5,2,HungarianMatcher+BellmanFordStrategy,421,negative,defect_at_iteration,578
W4,1000,1.5,2,HungarianMatcher+BellmanFordStrategy,422,negative,defect_at_iteration,577
W4,1000,1.5,2,HungarianMatcher+BellmanFordStrategy,423,negative,defect_at_iteration,576
W4,1000,1.5,2,HungarianMatcher+BellmanFordStrategy,424,negative,defect_at_iteration,575
W4,1000,1.5,2,HungarianMatcher+BellmanFordStrategy,425,negative,defect_at_iteration,574
W4,1000,1.5,2,HungarianMatcher+BellmanFordStrategy,426,negative,defect_at_iteration,573
W4,1000,1.5,2,HungarianMatcher+BellmanFordStrategy,427,negative,defect_at_iteration,572
W4,1000,1.5,2,HungarianMatcher+BellmanFordStrategy,428,negative,defect_at_iteration,571
W4,1000,1.5,2,HungarianMatcher+BellmanFordStrategy,429,negative,defect_at_iteration,570
W4,1000,1.5,2,HungarianMatcher+BellmanFordStrategy,430,negative,defect_at_iteration,569
W4,1000,1.5,2,HungarianMatcher+BellmanFordStrategy,431,negative,defect_at_iteration,568
W4,1000,1.5,2,HungarianMatcher+BellmanFordStrategy,432,negative,defect_at_iteration,567
W4,1000,1.5,2,HungarianMatcher+BellmanFordStrategy,433,negative,defect_at_iteration,566
W4,1000,1.5,2,HungarianMatcher+BellmanFordStrategy,434,negative,defect_at_iteration,565
W4,1000,1.5,2,HungarianMatcher+BellmanFordStrategy,435,negative,defect_at_iteration,564
W4,1000,1.5,2,HungarianMatcher+BellmanFordStrategy,436,negative,defect_at_iteration,563
W4,1000,1.5,2,HungarianMatcher+BellmanFordStrategy,437,negative,defect_at_iteration,562
W4,1000,1.5,2,HungarianMatcher+BellmanFordStrategy,438,negative,defect_at_iteration,561
W4,1000,1.5,2,HungarianMatcher+BellmanFordStrategy,439,negative,defect_at_iteration,560
W4,1000,1.5,2,HungarianMatcher+BellmanFordStrategy,440,negative,defect_at_iteration,559
W4,1000,1.5,2,HungarianMatcher+BellmanFordStrategy,441,negative,defect_at_iteration,558
W4,1000,1.5,2,HungarianMatcher+BellmanFordStrategy,442,negative,defect_at_iteration,557
W4,1000,1.5,2,HungarianMatcher+BellmanFordStrategy,443,negative,defect_at_iteration,556
W4,1000,1.5,2,HungarianMatcher+BellmanFordStrategy,444,negative,defect_at_iteration,555
W4,1000,1.5,2,HungarianMatcher+BellmanFordStrategy,445,negative,defect_at_iteration,554
W4,1000,1.5,2,HungarianMatcher+BellmanFordStrategy,446,negative,defect_at_iteration,553
W4,1000,1.5,2,HungarianMatcher+BellmanFordStrategy,447,negative,defect_at_iteration,552
W4,1000,1.5,2,HungarianMatcher+BellmanFordStrategy,448,negative,defect_at_iteration,551
W4,1000,1.5,2,HungarianMatcher+BellmanFordStrategy,449,negative,defect_at_iteration,550
W4,1000,1.5,2,HungarianMatcher+BellmanFordStrategy,450,negative,defect_at_iteration,549
W4,1000,1.5,2,HungarianMatcher+BellmanFordStrategy,451,negative,defect_at_iteration,548
W4,1000,1.5,2,HungarianMatcher+BellmanFordStrategy,452,negative,defect_at_iteration,547
W4,1000,1.5,2,HungarianMatcher+BellmanFordStrategy,453,negative,defect_at_iteration,546
W4,1000,1.5,2,HungarianMatcher+BellmanFordStrategy,454,negative,defect_at_iteration,545
W4,1000,1.5,2,HungarianMatcher+BellmanFordStrategy,455,negative,defect_at_iteration,544
W4,1000,1.5,2,HungarianMatcher+BellmanFordStrategy,456,negative,defect_at_iteration,543
W4,1000,1.5,2,HungarianMatcher+BellmanFordStrategy,457,negative,defect_at_iteration,542
W4,1000,1.5,2,HungarianMatcher+BellmanFordStrategy,458,negative,defect_at_iteration,541
W4,1000,1.5,2,HungarianMatcher+BellmanFordStrategy,459,negative,defect_at_iteration,540
W4,1000,1.5,2,HungarianMatcher+BellmanFordStrategy,460,negative,defect_at_iteration,539
W4,1000,1.5,2,HungarianMatcher+BellmanFordStrategy,461,negative,defect_at_iteration,538
W4,1000,1.5,2,HungarianMatcher+BellmanFordStrategy,462,negative,defect_at_iteration,537
W4,1000,1.5,2,HungarianMatcher+BellmanFordStrategy,463,negative,defect_at_iteration,536
W4,1000,1.5,2,HungarianMatcher+BellmanFordStrategy,464,negative,defect_at_iteration,535
W4,1000,1.5,2,HungarianMatcher+BellmanFordStrategy,465,negative,defect_at_iteration,534
W4,1000,1.5,2,HungarianMatcher+BellmanFordStrategy,466,negative,defect_at_iteration,533
W4,1000,1.5,2,HungarianMatcher+BellmanFordStrategy,467,negative,defect_at_iteration,532
W4,1000,1.5,2,HungarianMatcher+BellmanFordStrategy,468,negative,defect_at_iteration,531
W4,1000,1.5,2,HungarianMatcher+BellmanFordStrategy,469,negative,defect_at_iteration,530
W4,1000,1.5,2,HungarianMatcher+BellmanFordStrategy,470,negative,defect_at_iteration,529
W4,1000,1.5,2,HungarianMatcher+BellmanFordStrategy,471,negative,defect_at_iteration,528
W4,1000,1.5,2,HungarianMatcher+BellmanFordStrategy,472,negative,defect_at_iteration,527
W4,1000,1.5,2,HungarianMatcher+BellmanFordStrategy,473,negative,defect_at_iteration,526
W4,1000,1.5,2,HungarianMatcher+BellmanFordStrategy,474,negative,defect_at_iteration,525
W4,1000,1.5,2,HungarianMatcher+BellmanFordStrategy,475,negative,defect_at_iteration,524
W4,1000,1.5,2,HungarianMatcher+BellmanFordStrategy,476,negative,defect_at_iteration,523
W4,1000,1.5,2,HungarianMatcher+BellmanFordStrategy,477,negative,defect_at_iteration,522
W4,1000,1.5,2,HungarianMatcher+BellmanFordStrategy,478,negative,defect_at_iteration,521
W4,1000,1.5,2,HungarianMatcher+BellmanFordStrategy,479,negative,defect_at_iteration,520
W4,1000,1.5,2,HungarianMatcher+BellmanFordStrategy,480,negative,defect_at_iteration,519
W4,1000,1.5,2,HungarianMatcher+BellmanFordStrategy,481,negative,defect_at_iteration,518
W4,1000,1.5,2,HungarianMatcher+BellmanFordStrategy,482,negative,defect_at_iteration,517
W4,1000,1.5,2,HungarianMatcher+BellmanFordStrategy,483,negative,defect_at_iteration,516
W4,1000,1.5,2,HungarianMatcher+BellmanFordStrategy,484,negative,defect_at_iteration,515
W4,1000,1.5,2,HungarianMatcher+BellmanFordStrategy,485,negative,defect_at_iteration,514
W4,1000,1.5,2,HungarianMatcher+BellmanFordStrategy,486,negative,defect_at_iteration,513
W4,1000,1.5,2,HungarianMatcher+BellmanFordStrategy,487,negative,defect_at_iteration,512
W4,1000,1.5,2,HungarianMatcher+BellmanFordStrategy,488,negative,defect_at_iteration,511
W4,1000,1.5,2,HungarianMatcher+BellmanFordStrategy,489,negative,defect_at_iteration,510
W4,1000,1.5,2,HungarianMatcher+BellmanFordStrategy,490,negative,defect_at_iteration,509
W4,1000,1.5,2,HungarianMatcher+BellmanFordStrategy,491,negative,defect_at_iteration,508
W4,1000,1.5,2,HungarianMatcher+BellmanFordStrategy,492,negative,defect_at_iteration,507
W4,1000,1.5,2,HungarianMatcher+BellmanFordStrategy,493,negative,defect_at_iteration,506
W4,1000,1.5,2,HungarianMatcher+BellmanFordStrategy,494,negative,defect_at_iteration,505
W4,1000,1.5,2,HungarianMatcher+BellmanFordStrategy,495,negative,defect_at_iteration,504
W4,1000,1.5,2,HungarianMatcher+BellmanFordStrategy,496,negative,defect_at_iteration,503
W4,1000,1.5,2,HungarianMatcher+BellmanFordStrategy,497,negative,defect_at_iteration,502
W4,1000,1.5,2,HungarianMatcher+BellmanFordStrategy,498,negative,defect_at_iteration,501
W4,1000,1.5,2,HungarianMatcher+BellmanFordStrategy,499,negative,defect_at_iteration,500
W4,1000,1.5,2,HungarianMatcher+BellmanFordStrategy,500,negative,defect_at_iteration,499
W4,1000,1.5,2,HungarianMatcher+BellmanFordStrategy,501,negative,defect_at_iteration,498
W4,1000,1.5,2,HungarianMatcher+BellmanFordStrategy,502,negative,defect_at_iteration,497
W4,1000,1.5,2,HungarianMatcher+BellmanFordStrategy,503,negative,defect_at_iteration,496
W4,1000,1.5,2,HungarianMatcher+BellmanFordStrategy,504,negative,defect_at_iteration,495
W4,1000,1.5,2,HungarianMatcher+BellmanFordStrategy,505,negative,defect_at_iteration,494
W4,1000,1.5,2,HungarianMatcher+BellmanFordStrategy,506,negative,defect_at_iteration,493
W4,1000,1.5,2,HungarianMatcher+BellmanFordStrategy,507,negative,defect_at_iteration,492
W4,1000,1.5,2,HungarianMatcher+BellmanFordStrategy,508,negative,defect_at_iteration,491
W4,1000,1.5,2,HungarianMatcher+BellmanFordStrategy,509,negative,defect_at_iteration,490
W4,1000,1.5,2,HungarianMatcher+BellmanFordStrategy,510,negative,defect_at_iteration,489
W4,1000,1.5,2,HungarianMatcher+BellmanFordStrategy,511,negative,defect_at_iteration,488
W4,1000,1.5,2,HungarianMatcher+BellmanFordStrategy,512,negative,defect_at_iteration,487
W4,1000,1.5,2,HungarianMatcher+BellmanFordStrategy,513,negative,defect_at_iteration,486
W4,1000,1.5,2,HungarianMatcher+BellmanFordStrategy,514,negative,defect_at_iteration,485
W4,1000,1.5,2,HungarianMatcher+BellmanFordStrategy,515,negative,defect_at_iteration,484
W4,1000,1.5,2,HungarianMatcher+BellmanFordStrategy,516,negative,defect_at_iteration,483
W4,1000,1.5,2,HungarianMatcher+BellmanFordStrategy,517,negative,defect_at_iteration,482
W4,1000,1.5,2,HungarianMatcher+BellmanFordStrategy,518,negative,defect_at_iteration,481
W4,1000,1.5,2,HungarianMatcher+BellmanFordStrategy,519,negative,defect_at_iteration,480
W4,1000,1.5,2,HungarianMatcher+BellmanFordStrategy,520,negative,defect_at_iteration,479
W4,1000,1.5,2,HungarianMatcher+BellmanFordStrategy,521,negative,defect_at_iteration,478
W4,1000,1.5,2,HungarianMatcher+BellmanFordStrategy,522,negative,defect_at_iteration,477
W4,1000,1.5,2,HungarianMatcher+BellmanFordStrategy,523,negative,defect_at_iteration,476
W4,1000,1.5,2,HungarianMatcher+BellmanFordStrategy,524,negative,defect_at_iteration,475
W4,1000,1.5,2,HungarianMatcher+BellmanFordStrategy,525,negative,defect_at_iteration,474
W4,1000,1.5,2,HungarianMatcher+BellmanFordStrategy,526,negative,defect_at_iteration,473
W4,1000,1.5,2,HungarianMatcher+BellmanFordStrategy,527,negative,defect_at_iteration,472
W4,1000,1.5,2,HungarianMatcher+BellmanFordStrategy,528,negative,defect_at_iteration,471
W4,1000,1.5,2,HungarianMatcher+BellmanFordStrategy,529,negative,defect_at_iteration,470
W4,1000,1.5,2,HungarianMatcher+BellmanFordStrategy,530,negative,defect_at_iteration,469
W4,1000,1.5,2,HungarianMatcher+BellmanFordStrategy,531,negative,defect_at_iteration,468
W4,1000,1.5,2,HungarianMatcher+BellmanFordStrategy,532,negative,defect_at_iteration,467
W4,1000,1.5,2,HungarianMatcher+BellmanFordStrategy,533,negative,defect_at_iteration,466
W4,1000,1.5,2,HungarianMatcher+BellmanFordStrategy,534,negative,defect_at_iteration,465
W4,1000,1.5,2,HungarianMatcher+BellmanFordStrategy,535,negative,defect_at_iteration,464
W4,1000,1.5,2,HungarianMatcher+BellmanFordStrategy,536,negative,defect_at_iteration,463
W4,1000,1.5,2,HungarianMatcher+BellmanFordStrategy,537,negative,defect_at_iteration,462
W4,1000,1.5,2,HungarianMatcher+BellmanFordStrategy,538,negative,defect_at_iteration,461
W4,1000,1.5,2,HungarianMatcher+BellmanFordStrategy,539,negative,defect_at_iteration,460
W4,1000,1.5,2,HungarianMatcher+BellmanFordStrategy,540,negative,defect_at_iteration,459
W4,1000,1.5,2,HungarianMatcher+BellmanFordStrategy,541,negative,defect_at_iteration,458
W4,1000,1.5,2,HungarianMatcher+BellmanFordStrategy,542,negative,defect_at_iteration,457
W4,1000,1.5,2,HungarianMatcher+BellmanFordStrategy,543,negative,defect_at_iteration,456
W4,1000,1.5,2,HungarianMatcher+BellmanFordStrategy,544,negative,defect_at_iteration,455
W4,1000,1.5,2,HungarianMatcher+BellmanFordStrategy,545,negative,defect_at_iteration,454
W4,1000,1.5,2,HungarianMatcher+BellmanFordStrategy,546,negative,defect_at_iteration,453
W4,1000,1.5,2,HungarianMatcher+BellmanFordStrategy,547,negative,defect_at_iteration,452
W4,1000,1.5,2,HungarianMatcher+BellmanFordStrategy,548,negative,defect_at_iteration,451
W4,1000,1.5,2,HungarianMatcher+BellmanFordStrategy,549,negative,defect_at_iteration,450
W4,1000,1.5,2,HungarianMatcher+BellmanFordStrategy,550,negative,defect_at_iteration,449
W4,1000,1.5,2,HungarianMatcher+BellmanFordStrategy,551,negative,defect_at_iteration,448
W4,1000,1.5,2,HungarianMatcher+BellmanFordStrategy,552,negative,defect_at_iteration,447
W4,1000,1.5,2,HungarianMatcher+BellmanFordStrategy,553,negative,defect_at_iteration,446
W4,1000,1.5,2,HungarianMatcher+BellmanFordStrategy,554,negative,defect_at_iteration,445
W4,1000,1.5,2,HungarianMatcher+BellmanFordStrategy,555,negative,defect_at_iteration,444
W4,1000,1.5,2,HungarianMatcher+BellmanFordStrategy,556,negative,defect_at_iteration,443
W4,1000,1.5,2,HungarianMatcher+BellmanFordStrategy,557,negative,defect_at_iteration,442
W4,1000,1.5,2,HungarianMatcher+BellmanFordStrategy,558,negative,defect_at_iteration,441
W4,1000,1.5,2,HungarianMatcher+BellmanFordStrategy,559,negative,defect_at_iteration,440
W4,1000,1.5,2,HungarianMatcher+BellmanFordStrategy,560,negative,defect_at_iteration,439
W4,1000,1.5,2,HungarianMatcher+BellmanFordStrategy,561,negative,defect_at_iteration,438
W4,1000,1.5,2,HungarianMatcher+BellmanFordStrategy,562,negative,defect_at_iteration,437
W4,1000,1.5,2,HungarianMatcher+BellmanFordStrategy,563,negative,defect_at_iteration,436
W4,1000,1.5,2,HungarianMatcher+BellmanFordStrategy,564,negative,defect_at_iteration,435
W4,1000,1.5,2,HungarianMatcher+BellmanFordStrategy,565,negative,defect_at_iteration,434
W4,1000,1.5,2,HungarianMatcher+BellmanFordStrategy,566,negative,defect_at_iteration,433
W4,1000,1.5,2,HungarianMatcher+BellmanFordStrategy,567,negative,defect_at_iteration,432
W4,1000,1.5,2,HungarianMatcher+BellmanFordStrategy,568,negative,defect_at_iteration,431
W4,1000,1.5,2,HungarianMatcher+BellmanFordStrategy,569,negative,defect_at_iteration,430
W4,1000,1.5,2,HungarianMatcher+BellmanFordStrategy,570,negative,defect_at_iteration,429
W4,1000,1.5,2,HungarianMatcher+BellmanFordStrategy,571,negative,defect_at_iteration,428
W4,1000,1.5,2,HungarianMatcher+BellmanFordStrategy,572,negative,defect_at_iteration,427
W4,1000,1.5,2,HungarianMatcher+BellmanFordStrategy,573,negative,defect_at_iteration,426
W4,1000,1.5,2,HungarianMatcher+BellmanFordStrategy,574,negative,defect_at_iteration,425
W4,1000,1.5,2,HungarianMatcher+BellmanFordStrategy,575,negative,defect_at_iteration,424
W4,1000,1.5,2,HungarianMatcher+BellmanFordStrategy,576,negative,defect_at_iteration,423
W4,1000,1.5,2,HungarianMatcher+BellmanFordStrategy,577,negative,defect_at_iteration,422
W4,1000,1.5,2,HungarianMatcher+BellmanFordStrategy,578,negative,defect_at_iteration,421
W4,1000,1.5,2,HungarianMatcher+BellmanFordStrategy,579,negative,defect_at_iteration,420
W4,1000,1.5,2,HungarianMatcher+BellmanFordStrategy,580,negative,defect_at_iteration,419
W4,1000,1.5,2,HungarianMatcher+BellmanFordStrategy,581,negative,defect_at_iteration,418
W4,1000,1.5,2,HungarianMatcher+BellmanFordStrategy,582,negative,defect_at_iteration,417
W4,1000,1.5,2,HungarianMatcher+BellmanFordStrategy,583,negative,defect_at_iteration,416
W4,1000,1.5,2,HungarianMatcher+BellmanFordStrategy,584,negative,defect_at_iteration,415
W4,1000,1.5,2,HungarianMatcher+BellmanFordStrategy,585,negative,defect_at_iteration,414
W4,1000,1.5,2,HungarianMatcher+BellmanFordStrategy,586,negative,defect_at_iteration,413
W4,1000,1.5,2,HungarianMatcher+BellmanFordStrategy,587,negative,defect_at_iteration,412
W4,1000,1.5,2,HungarianMatcher+BellmanFordStrategy,588,negative,defect_at_iteration,411
W4,1000,1.5,2,HungarianMatcher+BellmanFordStrategy,589,negative,defect_at_iteration,410
W4,1000,1.5,2,HungarianMatcher+BellmanFordStrategy,590,negative,defect_at_iteration,409
W4,1000,1.5,2,HungarianMatcher+BellmanFordStrategy,591,negative,defect_at_iteration,408
W4,1000,1.5,2,HungarianMatcher+BellmanFordStrategy,592,negative,defect_at_iteration,407
W4,1000,1.5,2,HungarianMatcher+BellmanFordStrategy,593,negative,defect_at_iteration,406
W4,1000,1.5,2,HungarianMatcher+BellmanFordStrategy,594,negative,defect_at_iteration,405
W4,1000,1.5,2,HungarianMatcher+BellmanFordStrategy,595,negative,defect_at_iteration,404
W4,1000,1.5,2,HungarianMatcher+BellmanFordStrategy,596,negative,defect_at_iteration,403
W4,1000,1.5,2,HungarianMatcher+BellmanFordStrategy,597,negative,defect_at_iteration,402
W4,1000,1.5,2,HungarianMatcher+BellmanFordStrategy,598,negative,defect_at_iteration,401
W4,1000,1.5,2,HungarianMatcher+BellmanFordStrategy,599,negative,defect_at_iteration,400
W4,1000,1.5,2,HungarianMatcher+BellmanFordStrategy,600,negative,defect_at_iteration,399
W4,1000,1.5,2,HungarianMatcher+BellmanFordStrategy,601,negative,defect_at_iteration,398
W4,1000,1.5,2,HungarianMatcher+BellmanFordStrategy,602,negative,defect_at_iteration,397
W4,1000,1.5,2,HungarianMatcher+BellmanFordStrategy,603,negative,defect_at_iteration,396
W4,1000,1.5,2,HungarianMatcher+BellmanFordStrategy,604,negative,defect_at_iteration,395
W4,1000,1.5,2,HungarianMatcher+BellmanFordStrategy,605,negative,defect_at_iteration,394
W4,1000,1.5,2,HungarianMatcher+BellmanFordStrategy,606,negative,defect_at_iteration,393
W4,1000,1.5,2,HungarianMatcher+BellmanFordStrategy,607,negative,defect_at_iteration,392
W4,1000,1.5,2,HungarianMatcher+BellmanFordStrategy,608,negative,defect_at_iteration,391
W4,1000,1.5,2,HungarianMatcher+BellmanFordStrategy,609,negative,defect_at_iteration,390
W4,1000,1.5,2,HungarianMatcher+BellmanFordStrategy,610,negative,defect_at_iteration,389
W4,1000,1.5,2,HungarianMatcher+BellmanFordStrategy,611,negative,defect_at_iteration,388
W4,1000,1.5,2,HungarianMatcher+BellmanFordStrategy,612,negative,defect_at_iteration,387
W4,1000,1.5,2,HungarianMatcher+BellmanFordStrategy,613,negative,defect_at_iteration,386
W4,1000,1.5,2,HungarianMatcher+BellmanFordStrategy,614,negative,defect_at_iteration,385
W4,1000,1.5,2,HungarianMatcher+BellmanFordStrategy,615,negative,defect_at_iteration,384
W4,1000,1.5,2,HungarianMatcher+BellmanFordStrategy,616,negative,defect_at_iteration,383
W4,1000,1.5,2,HungarianMatcher+BellmanFordStrategy,617,negative,defect_at_iteration,382
W4,1000,1.5,2,HungarianMatcher+BellmanFordStrategy,618,negative,defect_at_iteration,381
W4,1000,1.5,2,HungarianMatcher+BellmanFordStrategy,619,negative,defect_at_iteration,380
W4,1000,1.5,2,HungarianMatcher+BellmanFordStrategy,620,negative,defect_at_iteration,379
W4,1000,1.5,2,HungarianMatcher+BellmanFordStrategy,621,negative,defect_at_iteration,378
W4,1000,1.5,2,HungarianMatcher+BellmanFordStrategy,622,negative,defect_at_iteration,377
W4,1000,1.5,2,HungarianMatcher+BellmanFordStrategy,623,negative,defect_at_iteration,376
W4,1000,1.5,2,HungarianMatcher+BellmanFordStrategy,624,negative,defect_at_iteration,375
W4,1000,1.5,2,HungarianMatcher+BellmanFordStrategy,625,negative,defect_at_iteration,374
W4,1000,1.5,2,HungarianMatcher+BellmanFordStrategy,626,negative,defect_at_iteration,373
W4,1000,1.5,2,HungarianMatcher+BellmanFordStrategy,627,negative,defect_at_iteration,372
W4,1000,1.5,2,HungarianMatcher+BellmanFordStrategy,628,negative,defect_at_iteration,371
W4,1000,1.5,2,HungarianMatcher+BellmanFordStrategy,629,negative,defect_at_iteration,370
W4,1000,1.5,2,HungarianMatcher+BellmanFordStrategy,630,negative,defect_at_iteration,369
W4,1000,1.5,2,HungarianMatcher+BellmanFordStrategy,631,negative,defect_at_iteration,368
W4,1000,1.5,2,HungarianMatcher+BellmanFordStrategy,632,negative,defect_at_iteration,367
W4,1000,1.5,2,HungarianMatcher+BellmanFordStrategy,633,negative,defect_at_iteration,366
W4,1000,1.5,2,HungarianMatcher+BellmanFordStrategy,634,negative,defect_at_iteration,365
W4,1000,1.5,2,HungarianMatcher+BellmanFordStrategy,635,negative,defect_at_iteration,364
W4,1000,1.5,2,HungarianMatcher+BellmanFordStrategy,636,negative,defect_at_iteration,363
W4,1000,1.5,2,HungarianMatcher+BellmanFordStrategy,637,negative,defect_at_iteration,362
W4,1000,1.5,2,HungarianMatcher+BellmanFordStrategy,638,negative,defect_at_iteration,361
W4,1000,1.5,2,HungarianMatcher+BellmanFordStrategy,639,negative,defect_at_iteration,360
W4,1000,1.5,2,HungarianMatcher+BellmanFordStrategy,640,negative,defect_at_iteration,359
W4,1000,1.5,2,HungarianMatcher+BellmanFordStrategy,641,negative,defect_at_iteration,358
W4,1000,1.5,2,HungarianMatcher+BellmanFordStrategy,642,negative,defect_at_iteration,357
W4,1000,1.5,2,HungarianMatcher+BellmanFordStrategy,643,negative,defect_at_iteration,356
W4,1000,1.5,2,HungarianMatcher+BellmanFordStrategy,644,negative,defect_at_iteration,355
W4,1000,1.5,2,HungarianMatcher+BellmanFordStrategy,645,negative,defect_at_iteration,354
W4,1000,1.5,2,HungarianMatcher+BellmanFordStrategy,646,negative,defect_at_iteration,353
W4,1000,1.5,2,HungarianMatcher+BellmanFordStrategy,647,negative,defect_at_iteration,352
W4,1000,1.5,2,HungarianMatcher+BellmanFordStrategy,648,negative,defect_at_iteration,351
W4,1000,1.5,2,HungarianMatcher+BellmanFordStrategy,649,negative,defect_at_iteration,350
W4,1000,1.5,2,HungarianMatcher+BellmanFordStrategy,650,negative,defect_at_iteration,349
W4,1000,1.5,2,HungarianMatcher+BellmanFordStrategy,651,negative,defect_at_iteration,348
W4,1000,1.5,2,HungarianMatcher+BellmanFordStrategy,652,negative,defect_at_iteration,347
W4,1000,1.5,2,HungarianMatcher+BellmanFordStrategy,653,negative,defect_at_iteration,346
W4,1000,1.5,2,HungarianMatcher+BellmanFordStrategy,654,negative,defect_at_iteration,345
W4,1000,1.5,2,HungarianMatcher+BellmanFordStrategy,655,negative,defect_at_iteration,344
W4,1000,1.5,2,HungarianMatcher+BellmanFordStrategy,656,negative,defect_at_iteration,343
W4,1000,1.5,2,HungarianMatcher+BellmanFordStrategy,657,negative,defect_at_iteration,342
W4,1000,1.5,2,HungarianMatcher+BellmanFordStrategy,658,negative,defect_at_iteration,341
W4,1000,1.5,2,HungarianMatcher+BellmanFordStrategy,659,negative,defect_at_iteration,340
W4,1000,1.5,2,HungarianMatcher+BellmanFordStrategy,660,negative,defect_at_iteration,339
W4,1000,1.5,2,HungarianMatcher+BellmanFordStrategy,661,negative,defect_at_iteration,338
W4,1000,1.5,2,HungarianMatcher+BellmanFordStrategy,662,negative,defect_at_iteration,337
W4,1000,1.5,2,HungarianMatcher+BellmanFordStrategy,663,negative,defect_at_iteration,336
W4,1000,1.5,2,HungarianMatcher+BellmanFordStrategy,664,negative,defect_at_iteration,335
W4,1000,1.5,2,HungarianMatcher+BellmanFordStrategy,665,negative,defect_at_iteration,334
W4,1000,1.5,2,HungarianMatcher+BellmanFordStrategy,666,negative,defect_at_iteration,333
W4,1000,1.5,2,HungarianMatcher+BellmanFordStrategy,667,negative,defect_at_iteration,332
W4,1000,1.5,2,HungarianMatcher+BellmanFordStrategy,668,negative,defect_at_iteration,331
W4,1000,1.5,2,HungarianMatcher+BellmanFordStrategy,669,negative,defect_at_iteration,330
W4,1000,1.5,2,HungarianMatcher+BellmanFordStrategy,670,negative,defect_at_iteration,329
W4,1000,1.5,2,HungarianMatcher+BellmanFordStrategy,671,negative,defect_at_iteration,328
W4,1000,1.5,2,HungarianMatcher+BellmanFordStrategy,672,negative,defect_at_iteration,327
W4,1000,1.5,2,HungarianMatcher+BellmanFordStrategy,673,negative,defect_at_iteration,326
W4,1000,1.5,2,HungarianMatcher+BellmanFordStrategy,674,negative,defect_at_iteration,325
W4,1000,1.5,2,HungarianMatcher+BellmanFordStrategy,675,negative,defect_at_iteration,324
W4,1000,1.5,2,HungarianMatcher+BellmanFordStrategy,676,negative,defect_at_iteration,323
W4,1000,1.5,2,HungarianMatcher+BellmanFordStrategy,677,negative,defect_at_iteration,322
W4,1000,1.5,2,HungarianMatcher+BellmanFordStrategy,678,negative,defect_at_iteration,321
W4,1000,1.5,2,HungarianMatcher+BellmanFordStrategy,679,negative,defect_at_iteration,320
W4,1000,1.5,2,HungarianMatcher+BellmanFordStrategy,680,negative,defect_at_iteration,319
W4,1000,1.5,2,HungarianMatcher+BellmanFordStrategy,681,negative,defect_at_iteration,318
W4,1000,1.5,2,HungarianMatcher+BellmanFordStrategy,682,negative,defect_at_iteration,317
W4,1000,1.5,2,HungarianMatcher+BellmanFordStrategy,683,negative,defect_at_iteration,316
W4,1000,1.5,2,HungarianMatcher+BellmanFordStrategy,684,negative,defect_at_iteration,315
W4,1000,1.5,2,HungarianMatcher+BellmanFordStrategy,685,negative,defect_at_iteration,314
W4,1000,1.5,2,HungarianMatcher+BellmanFordStrategy,686,negative,defect_at_iteration,313
W4,1000,1.5,2,HungarianMatcher+BellmanFordStrategy,687,negative,defect_at_iteration,312
W4,1000,1.5,2,HungarianMatcher+BellmanFordStrategy,688,negative,defect_at_iteration,311
W4,1000,1.5,2,HungarianMatcher+BellmanFordStrategy,689,negative,defect_at_iteration,310
W4,1000,1.5,2,HungarianMatcher+BellmanFordStrategy,690,negative,defect_at_iteration,309
W4,1000,1.5,2,HungarianMatcher+BellmanFordStrategy,691,negative,defect_at_iteration,308
W4,1000,1.5,2,HungarianMatcher+BellmanFordStrategy,692,negative,defect_at_iteration,307
W4,1000,1.5,2,HungarianMatcher+BellmanFordStrategy,693,negative,defect_at_iteration,306
W4,1000,1.5,2,HungarianMatcher+BellmanFordStrategy,694,negative,defect_at_iteration,305
W4,1000,1.5,2,HungarianMatcher+BellmanFordStrategy,695,negative,defect_at_iteration,304
W4,1000,1.5,2,HungarianMatcher+BellmanFordStrategy,696,negative,defect_at_iteration,303
W4,1000,1.5,2,HungarianMatcher+BellmanFordStrategy,697,negative,defect_at_iteration,302
W4,1000,1.5,2,HungarianMatcher+BellmanFordStrategy,698,negative,defect_at_iteration,301
W4,1000,1.5,2,HungarianMatcher+BellmanFordStrategy,699,negative,defect_at_iteration,300
W4,1000,1.5,2,HungarianMatcher+BellmanFordStrategy,700,negative,defect_at_iteration,299
W4,1000,1.5,2,HungarianMatcher+BellmanFordStrategy,701,negative,defect_at_iteration,298
W4,1000,1.5,2,HungarianMatcher+BellmanFordStrategy,702,negative,defect_at_iteration,297
W4,1000,1.5,2,HungarianMatcher+BellmanFordStrategy,703,negative,defect_at_iteration,296
W4,1000,1.5,2,HungarianMatcher+BellmanFordStrategy,704,negative,defect_at_iteration,295
W4,1000,1.5,2,HungarianMatcher+BellmanFordStrategy,705,negative,defect_at_iteration,294
W4,1000,1.5,2,HungarianMatcher+BellmanFordStrategy,706,negative,defect_at_iteration,293
W4,1000,1.5,2,HungarianMatcher+BellmanFordStrategy,707,negative,defect_at_iteration,292
W4,1000,1.5,2,HungarianMatcher+BellmanFordStrategy,708,negative,defect_at_iteration,291
W4,1000,1.5,2,HungarianMatcher+BellmanFordStrategy,709,negative,defect_at_iteration,290
W4,1000,1.5,2,HungarianMatcher+BellmanFordStrategy,710,negative,defect_at_iteration,289
W4,1000,1.5,2,HungarianMatcher+BellmanFordStrategy,711,negative,defect_at_iteration,288
W4,1000,1.5,2,HungarianMatcher+BellmanFordStrategy,712,negative,defect_at_iteration,287
W4,1000,1.5,2,HungarianMatcher+BellmanFordStrategy,713,negative,defect_at_iteration,286
W4,1000,1.5,2,HungarianMatcher+BellmanFordStrategy,714,negative,defect_at_iteration,285
W4,1000,1.5,2,HungarianMatcher+BellmanFordStrategy,715,negative,defect_at_iteration,284
W4,1000,1.5,2,HungarianMatcher+BellmanFordStrategy,716,negative,defect_at_iteration,283
W4,1000,1.5,2,HungarianMatcher+BellmanFordStrategy,717,negative,defect_at_iteration,282
W4,1000,1.5,2,HungarianMatcher+BellmanFordStrategy,718,negative,defect_at_iteration,281
W4,1000,1.5,2,HungarianMatcher+BellmanFordStrategy,719,negative,defect_at_iteration,280
W4,1000,1.5,2,HungarianMatcher+BellmanFordStrategy,720,negative,defect_at_iteration,279
W4,1000,1.5,2,HungarianMatcher+BellmanFordStrategy,721,negative,defect_at_iteration,278
W4,1000,1.5,2,HungarianMatcher+BellmanFordStrategy,722,negative,defect_at_iteration,277
W4,1000,1.5,2,HungarianMatcher+BellmanFordStrategy,723,negative,defect_at_iteration,276
W4,1000,1.5,2,HungarianMatcher+BellmanFordStrategy,724,negative,defect_at_iteration,275
W4,1000,1.5,2,HungarianMatcher+BellmanFordStrategy,725,negative,defect_at_iteration,274
W4,1000,1.5,2,HungarianMatcher+BellmanFordStrategy,726,negative,defect_at_iteration,273
W4,1000,1.5,2,HungarianMatcher+BellmanFordStrategy,727,negative,defect_at_iteration,272
W4,1000,1.5,2,HungarianMatcher+BellmanFordStrategy,728,negative,defect_at_iteration,271
W4,1000,1.5,2,HungarianMatcher+BellmanFordStrategy,729,negative,defect_at_iteration,270
W4,1000,1.5,2,HungarianMatcher+BellmanFordStrategy,730,negative,defect_at_iteration,269
W4,1000,1.5,2,HungarianMatcher+BellmanFordStrategy,731,negative,defect_at_iteration,268
W4,1000,1.5,2,HungarianMatcher+BellmanFordStrategy,732,negative,defect_at_iteration,267
W4,1000,1.5,2,HungarianMatcher+BellmanFordStrategy,733,negative,defect_at_iteration,266
W4,1000,1.5,2,HungarianMatcher+BellmanFordStrategy,734,negative,defect_at_iteration,265
W4,1000,1.5,2,HungarianMatcher+BellmanFordStrategy,735,negative,defect_at_iteration,264
W4,1000,1.5,2,HungarianMatcher+BellmanFordStrategy,736,negative,defect_at_iteration,263
W4,1000,1.5,2,HungarianMatcher+BellmanFordStrategy,737,negative,defect_at_iteration,262
W4,1000,1.5,2,HungarianMatcher+BellmanFordStrategy,738,negative,defect_at_iteration,261
W4,1000,1.5,2,HungarianMatcher+BellmanFordStrategy,739,negative,defect_at_iteration,260
W4,1000,1.5,2,HungarianMatcher+BellmanFordStrategy,740,negative,defect_at_iteration,259
W4,1000,1.5,2,HungarianMatcher+BellmanFordStrategy,741,negative,defect_at_iteration,258
W4,1000,1.5,2,HungarianMatcher+BellmanFordStrategy,742,negative,defect_at_iteration,257
W4,1000,1.5,2,HungarianMatcher+BellmanFordStrategy,743,negative,defect_at_iteration,256
W4,1000,1.5,2,HungarianMatcher+BellmanFordStrategy,744,negative,defect_at_iteration,255
W4,1000,1.5,2,HungarianMatcher+BellmanFordStrategy,745,negative,defect_at_iteration,254
W4,1000,1.5,2,HungarianMatcher+BellmanFordStrategy,746,negative,defect_at_iteration,253
W4,1000,1.5,2,HungarianMatcher+BellmanFordStrategy,747,negative,defect_at_iteration,252
W4,1000,1.5,2,HungarianMatcher+BellmanFordStrategy,748,negative,defect_at_iteration,251
W4,1000,1.5,2,HungarianMatcher+BellmanFordStrategy,749,negative,defect_at_iteration,250
W4,1000,1.5,2,HungarianMatcher+BellmanFordStrategy,750,negative,defect_at_iteration,249
W4,1000,1.5,2,HungarianMatcher+BellmanFordStrategy,751,negative,defect_at_iteration,248
W4,1000,1.5,2,HungarianMatcher+BellmanFordStrategy,752,negative,defect_at_iteration,247
W4,1000,1.5,2,HungarianMatcher+BellmanFordStrategy,753,negative,defect_at_iteration,246
W4,1000,1.5,2,HungarianMatcher+BellmanFordStrategy,754,negative,defect_at_iteration,245
W4,1000,1.5,2,HungarianMatcher+BellmanFordStrategy,755,negative,defect_at_iteration,244
W4,1000,1.5,2,HungarianMatcher+BellmanFordStrategy,756,negative,defect_at_iteration,243
W4,1000,1.5,2,HungarianMatcher+BellmanFordStrategy,757,negative,defect_at_iteration,242
W4,1000,1.5,2,HungarianMatcher+BellmanFordStrategy,758,negative,defect_at_iteration,241
W4,1000,1.5,2,HungarianMatcher+BellmanFordStrategy,759,negative,defect_at_iteration,240
W4,1000,1.5,2,HungarianMatcher+BellmanFordStrategy,760,negative,defect_at_iteration,239
W4,1000,1.5,2,HungarianMatcher+BellmanFordStrategy,761,negative,defect_at_iteration,238
W4,1000,1.5,2,HungarianMatcher+BellmanFordStrategy,762,negative,defect_at_iteration,237
W4,1000,1.5,2,HungarianMatcher+BellmanFordStrategy,763,negative,defect_at_iteration,236
W4,1000,1.5,2,HungarianMatcher+BellmanFordStrategy,764,negative,defect_at_iteration,235
W4,1000,1.5,2,HungarianMatcher+BellmanFordStrategy,765,negative,defect_at_iteration,234
W4,1000,1.5,2,HungarianMatcher+BellmanFordStrategy,766,negative,defect_at_iteration,233
W4,1000,1.5,2,HungarianMatcher+BellmanFordStrategy,767,negative,defect_at_iteration,232
W4,1000,1.5,2,HungarianMatcher+BellmanFordStrategy,768,negative,defect_at_iteration,231
W4,1000,1.5,2,HungarianMatcher+BellmanFordStrategy,769,negative,defect_at_iteration,230
W4,1000,1.5,2,HungarianMatcher+BellmanFordStrategy,770,negative,defect_at_iteration,229
W4,1000,1.5,2,HungarianMatcher+BellmanFordStrategy,771,negative,defect_at_iteration,228
W4,1000,1.5,2,HungarianMatcher+BellmanFordStrategy,772,negative,defect_at_iteration,227
W4,1000,1.5,2,HungarianMatcher+BellmanFordStrategy,773,negative,defect_at_iteration,226
W4,1000,1.5,2,HungarianMatcher+BellmanFordStrategy,774,negative,defect_at_iteration,225
W4,1000,1.5,2,HungarianMatcher+BellmanFordStrategy,775,negative,defect_at_iteration,224
W4,1000,1.5,2,HungarianMatcher+BellmanFordStrategy,776,negative,defect_at_iteration,223
W4,1000,1.5,2,HungarianMatcher+BellmanFordStrategy,777,negative,defect_at_iteration,222
W4,1000,1.5,2,HungarianMatcher+BellmanFordStrategy,778,negative,defect_at_iteration,221
W4,1000,1.5,2,HungarianMatcher+BellmanFordStrategy,779,negative,defect_at_iteration,220
W4,1000,1.5,2,HungarianMatcher+BellmanFordStrategy,780,negative,defect_at_iteration,219
W4,1000,1.5,2,HungarianMatcher+BellmanFordStrategy,781,negative,defect_at_iteration,218
W4,1000,1.5,2,HungarianMatcher+BellmanFordStrategy,782,negative,defect_at_iteration,217
W4,1000,1.5,2,HungarianMatcher+BellmanFordStrategy,783,negative,defect_at_iteration,216
W4,1000,1.5,2,HungarianMatcher+BellmanFordStrategy,784,negative,defect_at_iteration,215
W4,1000,1.5,2,HungarianMatcher+BellmanFordStrategy,785,negative,defect_at_iteration,214
W4,1000,1.5,2,HungarianMatcher+BellmanFordStrategy,786,negative,defect_at_iteration,213
W4,1000,1.5,2,HungarianMatcher+BellmanFordStrategy,787,negative,defect_at_iteration,212
W4,1000,1.5,2,HungarianMatcher+BellmanFordStrategy,788,negative,defect_at_iteration,211
W4,1000,1.5,2,HungarianMatcher+BellmanFordStrategy,789,negative,defect_at_iteration,210
W4,1000,1.5,2,HungarianMatcher+BellmanFordStrategy,790,negative,defect_at_iteration,209
W4,1000,1.5,2,HungarianMatcher+BellmanFordStrategy,791,negative,defect_at_iteration,208
W4,1000,1.5,2,HungarianMatcher+BellmanFordStrategy,792,negative,defect_at_iteration,207
W4,1000,1.5,2,HungarianMatcher+BellmanFordStrategy,793,negative,defect_at_iteration,206
W4,1000,1.5,2,HungarianMatcher+BellmanFordStrategy,794,negative,defect_at_iteration,205
W4,1000,1.5,2,HungarianMatcher+BellmanFordStrategy,795,negative,defect_at_iteration,204
W4,1000,1.5,2,HungarianMatcher+BellmanFordStrategy,796,negative,defect_at_iteration,203
W4,1000,1.5,2,HungarianMatcher+BellmanFordStrategy,797,negative,defect_at_iteration,202
W4,1000,1.5,2,HungarianMatcher+BellmanFordStrategy,798,negative,defect_at_iteration,201
W4,1000,1.5,2,HungarianMatcher+BellmanFordStrategy,799,negative,defect_at_iteration,200
W4,1000,1.5,2,HungarianMatcher+BellmanFordStrategy,800,negative,defect_at_iteration,199
W4,1000,1.5,2,HungarianMatcher+BellmanFordStrategy,801,negative,defect_at_iteration,198
W4,1000,1.5,2,HungarianMatcher+BellmanFordStrategy,802,negative,defect_at_iteration,197
W4,1000,1.5,2,HungarianMatcher+BellmanFordStrategy,803,negative,defect_at_iteration,196
W4,1000,1.5,2,HungarianMatcher+BellmanFordStrategy,804,negative,defect_at_iteration,195
W4,1000,1.5,2,HungarianMatcher+BellmanFordStrategy,805,negative,defect_at_iteration,194
W4,1000,1.5,2,HungarianMatcher+BellmanFordStrategy,806,negative,defect_at_iteration,193
W4,1000,1.5,2,HungarianMatcher+BellmanFordStrategy,807,negative,defect_at_iteration,192
W4,1000,1.5,2,HungarianMatcher+BellmanFordStrategy,808,negative,defect_at_iteration,191
W4,1000,1.5,2,HungarianMatcher+BellmanFordStrategy,809,negative,defect_at_iteration,190
W4,1000,1.5,2,HungarianMatcher+BellmanFordStrategy,810,negative,defect_at_iteration,189
W4,1000,1.5,2,HungarianMatcher+BellmanFordStrategy,811,negative,defect_at_iteration,188
W4,1000,1.5,2,HungarianMatcher+BellmanFordStrategy,812,negative,defect_at_iteration,187
W4,1000,1.5,2,HungarianMatcher+BellmanFordStrategy,813,negative,defect_at_iteration,186
W4,1000,1.5,2,HungarianMatcher+BellmanFordStrategy,814,negative,defect_at_iteration,185
W4,1000,1.5,2,HungarianMatcher+BellmanFordStrategy,815,negative,defect_at_iteration,184
W4,1000,1.5,2,HungarianMatcher+BellmanFordStrategy,816,negative,defect_at_iteration,183
W4,1000,1.5,2,HungarianMatcher+BellmanFordStrategy,817,negative,defect_at_iteration,182
W4,1000,1.5,2,HungarianMatcher+BellmanFordStrategy,818,negative,defect_at_iteration,181
W4,1000,1.5,2,HungarianMatcher+BellmanFordStrategy,819,negative,defect_at_iteration,180
W4,1000,1.5,2,HungarianMatcher+BellmanFordStrategy,820,negative,defect_at_iteration,179
W4,1000,1.5,2,HungarianMatcher+BellmanFordStrategy,821,negative,defect_at_iteration,178
W4,1000,1.5,2,HungarianMatcher+BellmanFordStrategy,822,negative,defect_at_iteration,177
W4,1000,1.5,2,HungarianMatcher+BellmanFordStrategy,823,negative,defect_at_iteration,176
W4,1000,1.5,2,HungarianMatcher+BellmanFordStrategy,824,negative,defect_at_iteration,175
W4,1000,1.5,2,HungarianMatcher+BellmanFordStrategy,825,negative,defect_at_iteration,174
W4,1000,1.5,2,HungarianMatcher+BellmanFordStrategy,826,negative,defect_at_iteration,173
W4,1000,1.5,2,HungarianMatcher+BellmanFordStrategy,827,negative,defect_at_iteration,172
W4,1000,1.5,2,HungarianMatcher+BellmanFordStrategy,828,negative,defect_at_iteration,171
W4,1000,1.5,2,HungarianMatcher+BellmanFordStrategy,829,negative,defect_at_iteration,170
W4,1000,1.5,2,HungarianMatcher+BellmanFordStrategy,830,negative,defect_at_iteration,169
W4,1000,1.5,2,HungarianMatcher+BellmanFordStrategy,831,negative,defect_at_iteration,168
W4,1000,1.5,2,HungarianMatcher+BellmanFordStrategy,832,negative,defect_at_iteration,167
W4,1000,1.5,2,HungarianMatcher+BellmanFordStrategy,833,negative,defect_at_iteration,166
W4,1000,1.5,2,HungarianMatcher+BellmanFordStrategy,834,negative,defect_at_iteration,165
W4,1000,1.5,2,HungarianMatcher+BellmanFordStrategy,835,negative,defect_at_iteration,164
W4,1000,1.5,2,HungarianMatcher+BellmanFordStrategy,836,negative,defect_at_iteration,163
W4,1000,1.5,2,HungarianMatcher+BellmanFordStrategy,837,negative,defect_at_iteration,162
W4,1000,1.5,2,HungarianMatcher+BellmanFordStrategy,838,negative,defect_at_iteration,161
W4,1000,1.5,2,HungarianMatcher+BellmanFordStrategy,839,negative,defect_at_iteration,160
W4,1000,1.5,2,HungarianMatcher+BellmanFordStrategy,840,negative,defect_at_iteration,159
W4,1000,1.5,2,HungarianMatcher+BellmanFordStrategy,841,negative,defect_at_iteration,158
W4,1000,1.5,2,HungarianMatcher+BellmanFordStrategy,842,negative,defect_at_iteration,157
W4,1000,1.5,2,HungarianMatcher+BellmanFordStrategy,843,negative,defect_at_iteration,156
W4,1000,1.5,2,HungarianMatcher+BellmanFordStrategy,844,negative,defect_at_iteration,155
W4,1000,1.5,2,HungarianMatcher+BellmanFordStrategy,845,negative,defect_at_iteration,154
W4,1000,1.5,2,HungarianMatcher+BellmanFordStrategy,846,negative,defect_at_iteration,153
W4,1000,1.5,2,HungarianMatcher+BellmanFordStrategy,847,negative,defect_at_iteration,152
W4,1000,1.5,2,HungarianMatcher+BellmanFordStrategy,848,negative,defect_at_iteration,151
W4,1000,1.5,2,HungarianMatcher+BellmanFordStrategy,849,negative,defect_at_iteration,150
W4,1000,1.5,2,HungarianMatcher+BellmanFordStrategy,850,negative,defect_at_iteration,149
W4,1000,1.5,2,HungarianMatcher+BellmanFordStrategy,851,negative,defect_at_iteration,148
W4,1000,1.5,2,HungarianMatcher+BellmanFordStrategy,852,negative,defect_at_iteration,147
W4,1000,1.5,2,HungarianMatcher+BellmanFordStrategy,853,negative,defect_at_iteration,146
W4,1000,1.5,2,HungarianMatcher+BellmanFordStrategy,854,negative,defect_at_iteration,145
W4,1000,1.5,2,HungarianMatcher+BellmanFordStrategy,855,negative,defect_at_iteration,144
W4,1000,1.5,2,HungarianMatcher+BellmanFordStrategy,856,negative,defect_at_iteration,143
W4,1000,1.5,2,HungarianMatcher+BellmanFordStrategy,857,negative,defect_at_iteration,142
W4,1000,1.5,2,HungarianMatcher+BellmanFordStrategy,858,negative,defect_at_iteration,141
W4,1000,1.5,2,HungarianMatcher+BellmanFordStrategy,859,negative,defect_at_iteration,140
W4,1000,1.5,2,HungarianMatcher+BellmanFordStrategy,860,negative,defect_at_iteration,139
W4,1000,1.5,2,HungarianMatcher+BellmanFordStrategy,861,negative,defect_at_iteration,138
W4,1000,1.5,2,HungarianMatcher+BellmanFordStrategy,862,negative,defect_at_iteration,137
W4,1000,1.5,2,HungarianMatcher+BellmanFordStrategy,863,negative,defect_at_iteration,136
W4,1000,1.5,2,HungarianMatcher+BellmanFordStrategy,864,negative,defect_at_iteration,135
W4,1000,1.5,2,HungarianMatcher+BellmanFordStrategy,865,negative,defect_at_iteration,134
W4,1000,1.5,2,HungarianMatcher+BellmanFordStrategy,866,negative,defect_at_iteration,133
W4,1000,1.5,2,HungarianMatcher+BellmanFordStrategy,867,negative,defect_at_iteration,132
W4,1000,1.5,2,HungarianMatcher+BellmanFordStrategy,868,negative,defect_at_iteration,131
W4,1000,1.5,2,HungarianMatcher+BellmanFordStrategy,869,negative,defect_at_iteration,130
W4,1000,1.5,2,HungarianMatcher+BellmanFordStrategy,870,negative,defect_at_iteration,129
W4,1000,1.5,2,HungarianMatcher+BellmanFordStrategy,871,negative,defect_at_iteration,128
W4,1000,1.5,2,HungarianMatcher+BellmanFordStrategy,872,negative,defect_at_iteration,127
W4,1000,1.5,2,HungarianMatcher+BellmanFordStrategy,873,negative,defect_at_iteration,126
W4,1000,1.5,2,HungarianMatcher+BellmanFordStrategy,874,negative,defect_at_iteration,125
W4,1000,1.5,2,HungarianMatcher+BellmanFordStrategy,875,negative,defect_at_iteration,124
W4,1000,1.5,2,HungarianMatcher+BellmanFordStrategy,876,negative,defect_at_iteration,123
W4,1000,1.5,2,HungarianMatcher+BellmanFordStrategy,877,negative,defect_at_iteration,122
W4,1000,1.5,2,HungarianMatcher+BellmanFordStrategy,878,negative,defect_at_iteration,121
W4,1000,1.5,2,HungarianMatcher+BellmanFordStrategy,879,negative,defect_at_iteration,120
W4,1000,1.5,2,HungarianMatcher+BellmanFordStrategy,880,negative,defect_at_iteration,119
W4,1000,1.5,2,HungarianMatcher+BellmanFordStrategy,881,negative,defect_at_iteration,118
W4,1000,1.5,2,HungarianMatcher+BellmanFordStrategy,882,negative,defect_at_iteration,117
W4,1000,1.5,2,HungarianMatcher+BellmanFordStrategy,883,negative,defect_at_iteration,116
W4,1000,1.5,2,HungarianMatcher+BellmanFordStrategy,884,negative,defect_at_iteration,115
W4,1000,1.5,2,HungarianMatcher+BellmanFordStrategy,885,negative,defect_at_iteration,114
W4,1000,1.5,2,HungarianMatcher+BellmanFordStrategy,886,negative,defect_at_iteration,113
W4,1000,1.5,2,HungarianMatcher+BellmanFordStrategy,887,negative,defect_at_iteration,112
W4,1000,1.5,2,HungarianMatcher+BellmanFordStrategy,888,negative,defect_at_iteration,111
W4,1000,1.5,2,HungarianMatcher+BellmanFordStrategy,889,negative,defect_at_iteration,110
W4,1000,1.5,2,HungarianMatcher+BellmanFordStrategy,890,negative,defect_at_iteration,109
W4,1000,1.5,2,HungarianMatcher+BellmanFordStrategy,891,negative,defect_at_iteration,108
W4,1000,1.5,2,HungarianMatcher+BellmanFordStrategy,892,negative,defect_at_iteration,107
W4,1000,1.5,2,HungarianMatcher+BellmanFordStrategy,893,negative,defect_at_iteration,106
W4,1000,1.5,2,HungarianMatcher+BellmanFordStrategy,894,negative,defect_at_iteration,105
W4,1000,1.5,2,HungarianMatcher+BellmanFordStrategy,895,negative,defect_at_iteration,104
W4,1000,1.5,2,HungarianMatcher+BellmanFordStrategy,896,negative,defect_at_iteration,103
W4,1000,1.5,2,HungarianMatcher+BellmanFordStrategy,897,negative,defect_at_iteration,102
W4,1000,1.5,2,HungarianMatcher+BellmanFordStrategy,898,negative,defect_at_iteration,101
W4,1000,1.5,2,HungarianMatcher+BellmanFordStrategy,899,negative,defect_at_iteration,100
W4,1000,1.5,2,HungarianMatcher+BellmanFordStrategy,900,negative,defect_at_iteration,99
W4,1000,1.5,2,HungarianMatcher+BellmanFordStrategy,901,negative,defect_at_iteration,98
W4,1000,1.5,2,HungarianMatcher+BellmanFordStrategy,902,negative,defect_at_iteration,97
W4,1000,1.5,2,HungarianMatcher+BellmanFordStrategy,903,negative,defect_at_iteration,96
W4,1000,1.5,2,HungarianMatcher+BellmanFordStrategy,904,negative,defect_at_iteration,95
W4,1000,1.5,2,HungarianMatcher+BellmanFordStrategy,905,negative,defect_at_iteration,94
W4,1000,1.5,2,HungarianMatcher+BellmanFordStrategy,906,negative,defect_at_iteration,93
W4,1000,1.5,2,HungarianMatcher+BellmanFordStrategy,907,negative,defect_at_iteration,92
W4,1000,1.5,2,HungarianMatcher+BellmanFordStrategy,908,negative,defect_at_iteration,91
W4,1000,1.5,2,HungarianMatcher+BellmanFordStrategy,909,negative,defect_at_iteration,90
W4,1000,1.5,2,HungarianMatcher+BellmanFordStrategy,910,negative,defect_at_iteration,89
W4,1000,1.5,2,HungarianMatcher+BellmanFordStrategy,911,negative,defect_at_iteration,88
W4,1000,1.5,2,HungarianMatcher+BellmanFordStrategy,912,negative,defect_at_iteration,87
W4,1000,1.5,2,HungarianMatcher+BellmanFordStrategy,913,negative,defect_at_iteration,86
W4,1000,1.5,2,HungarianMatcher+BellmanFordStrategy,914,negative,defect_at_iteration,85
W4,1000,1.5,2,HungarianMatcher+BellmanFordStrategy,915,negative,defect_at_iteration,84
W4,1000,1.5,2,HungarianMatcher+BellmanFordStrategy,916,negative,defect_at_iteration,83
W4,1000,1.5,2,HungarianMatcher+BellmanFordStrategy,917,negative,defect_at_iteration,82
W4,1000,1.5,2,HungarianMatcher+BellmanFordStrategy,918,negative,defect_at_iteration,81
W4,1000,1.5,2,HungarianMatcher+BellmanFordStrategy,919,negative,defect_at_iteration,80
W4,1000,1.5,2,HungarianMatcher+BellmanFordStrategy,920,negative,defect_at_iteration,79
W4,1000,1.5,2,HungarianMatcher+BellmanFordStrategy,921,negative,defect_at_iteration,78
W4,1000,1.5,2,HungarianMatcher+BellmanFordStrategy,922,negative,defect_at_iteration,77
W4,1000,1.5,2,HungarianMatcher+BellmanFordStrategy,923,negative,defect_at_iteration,76
W4,1000,1.5,2,HungarianMatcher+BellmanFordStrategy,924,negative,defect_at_iteration,75
W4,1000,1.5,2,HungarianMatcher+BellmanFordStrategy,925,negative,defect_at_iteration,74
W4,1000,1.5,2,HungarianMatcher+BellmanFordStrategy,926,negative,defect_at_iteration,73
W4,1000,1.5,2,HungarianMatcher+BellmanFordStrategy,927,negative,defect_at_iteration,72
W4,1000,1.5,2,HungarianMatcher+BellmanFordStrategy,928,negative,defect_at_iteration,71
W4,1000,1.5,2,HungarianMatcher+BellmanFordStrategy,929,negative,defect_at_iteration,70
W4,1000,1.5,2,HungarianMatcher+BellmanFordStrategy,930,negative,defect_at_iteration,69
W4,1000,1.5,2,HungarianMatcher+BellmanFordStrategy,931,negative,defect_at_iteration,68
W4,1000,1.5,2,HungarianMatcher+BellmanFordStrategy,932,negative,defect_at_iteration,67
W4,1000,1.5,2,HungarianMatcher+BellmanFordStrategy,933,negative,defect_at_iteration,66
W4,1000,1.5,2,HungarianMatcher+BellmanFordStrategy,934,negative,defect_at_iteration,65
W4,1000,1.5,2,HungarianMatcher+BellmanFordStrategy,935,negative,defect_at_iteration,64
W4,1000,1.5,2,HungarianMatcher+BellmanFordStrategy,936,negative,defect_at_iteration,63
W4,1000,1.5,2,HungarianMatcher+BellmanFordStrategy,937,negative,defect_at_iteration,62
W4,1000,1.5,2,HungarianMatcher+BellmanFordStrategy,938,negative,defect_at_iteration,61
W4,1000,1.5,2,HungarianMatcher+BellmanFordStrategy,939,negative,defect_at_iteration,60
W4,1000,1.5,2,HungarianMatcher+BellmanFordStrategy,940,negative,defect_at_iteration,59
W4,1000,1.5,2,HungarianMatcher+BellmanFordStrategy,941,negative,defect_at_iteration,58
W4,1000,1.5,2,HungarianMatcher+BellmanFordStrategy,942,negative,defect_at_iteration,57
W4,1000,1.5,2,HungarianMatcher+BellmanFordStrategy,943,negative,defect_at_iteration,56
W4,1000,1.5,2,HungarianMatcher+BellmanFordStrategy,944,negative,defect_at_iteration,55
W4,1000,1.5,2,HungarianMatcher+BellmanFordStrategy,945,negative,defect_at_iteration,54
W4,1000,1.5,2,HungarianMatcher+BellmanFordStrategy,946,negative,defect_at_iteration,53
W4,1000,1.5,2,HungarianMatcher+BellmanFordStrategy,947,negative,defect_at_iteration,52
W4,1000,1.5,2,HungarianMatcher+BellmanFordStrategy,948,negative,defect_at_iteration,51
W4,1000,1.5,2,HungarianMatcher+BellmanFordStrategy,949,negative,defect_at_iteration,50
W4,1000,1.5,2,HungarianMatcher+BellmanFordStrategy,950,negative,defect_at_iteration,49
W4,1000,1.5,2,HungarianMatcher+BellmanFordStrategy,951,negative,defect_at_iteration,48
W4,1000,1.5,2,HungarianMatcher+BellmanFordStrategy,952,negative,defect_at_iteration,47
W4,1000,1.5,2,HungarianMatcher+BellmanFordStrategy,953,negative,defect_at_iteration,46
W4,1000,1.5,2,HungarianMatcher+BellmanFordStrategy,954,negative,defect_at_iteration,45
W4,1000,1.5,2,HungarianMatcher+BellmanFordStrategy,955,negative,defect_at_iteration,44
W4,1000,1.5,2,HungarianMatcher+BellmanFordStrategy,956,negative,defect_at_iteration,43
W4,1000,1.5,2,HungarianMatcher+BellmanFordStrategy,957,negative,defect_at_iteration,42
W4,1000,1.5,2,HungarianMatcher+BellmanFordStrategy,958,negative,defect_at_iteration,41
W4,1000,1.5,2,HungarianMatcher+BellmanFordStrategy,959,negative,defect_at_iteration,40
W4,1000,1.5,2,HungarianMatcher+BellmanFordStrategy,960,negative,defect_at_iteration,39
W4,1000,1.5,2,HungarianMatcher+BellmanFordStrategy,961,negative,defect_at_iteration,38
W4,1000,1.5,2,HungarianMatcher+BellmanFordStrategy,962,negative,defect_at_iteration,37
W4,1000,1.5,2,HungarianMatcher+BellmanFordStrategy,963,negative,defect_at_iteration,36
W4,1000,1.5,2,HungarianMatcher+BellmanFordStrategy,964,negative,defect_at_iteration,35
W4,1000,1.5,2,HungarianMatcher+BellmanFordStrategy,965,negative,defect_at_iteration,34
W4,1000,1.5,2,HungarianMatcher+BellmanFordStrategy,966,negative,defect_at_iteration,33
W4,1000,1.5,2,HungarianMatcher+BellmanFordStrategy,967,negative,defect_at_iteration,32
W4,1000,1.5,2,HungarianMatcher+BellmanFordStrategy,968,negative,defect_at_iteration,31
W4,1000,1.5,2,HungarianMatcher+BellmanFordStrategy,969,negative,defect_at_iteration,30
W4,1000,1.5,2,HungarianMatcher+BellmanFordStrategy,970,negative,defect_at_iteration,29
W4,1000,1.5,2,HungarianMatcher+BellmanFordStrategy,971,negative,defect_at_iteration,28
W4,1000,1.5,2,HungarianMatcher+BellmanFordStrategy,972,negative,defect_at_iteration,27
W4,1000,1.5,2,HungarianMatcher+BellmanFordStrategy,973,negative,defect_at_iteration,26
W4,1000,1.5,2,HungarianMatcher+BellmanFordStrategy,974,negative,defect_at_iteration,25
W4,1000,1.5,2,HungarianMatcher+BellmanFordStrategy,975,negative,defect_at_iteration,24
W4,1000,1.5,2,HungarianMatcher+BellmanFordStrategy,976,negative,defect_at_iteration,23
W4,1000,1.5,2,HungarianMatcher+BellmanFordStrategy,977,negative,defect_at_iteration,22
W4,1000,1.5,2,HungarianMatcher+BellmanFordStrategy,978,negative,defect_at_iteration,21
W4,1000,1.5,2,HungarianMatcher+BellmanFordStrategy,979,negative,defect_at_iteration,20
W4,1000,1.5,2,HungarianMatcher+BellmanFordStrategy,980,negative,defect_at_iteration,19
W4,1000,1.5,2,HungarianMatcher+BellmanFordStrategy,981,negative,defect_at_iteration,18
W4,1000,1.5,2,HungarianMatcher+BellmanFordStrategy,982,negative,defect_at_iteration,17
W4,1000,1.5,2,HungarianMatcher+BellmanFordStrategy,983,negative,defect_at_iteration,16
W4,1000,1.5,2,HungarianMatcher+BellmanFordStrategy,984,negative,defect_at_iteration,15
W4,1000,1.5,2,HungarianMatcher+BellmanFordStrategy,985,negative,defect_at_iteration,14
W4,1000,1.5,2,HungarianMatcher+BellmanFordStrategy,986,negative,defect_at_iteration,13
W4,1000,1.5,2,HungarianMatcher+BellmanFordStrategy,987,negative,defect_at_iteration,12
W4,1000,1.5,2,HungarianMatcher+BellmanFordStrategy,988,negative,defect_at_iteration,11
W4,1000,1.5,2,HungarianMatcher+BellmanFordStrategy,989,negative,defect_at_iteration,10
W4,1000,1.5,2,HungarianMatcher+BellmanFordStrategy,990,negative,defect_at_iteration,9
W4,1000,1.5,2,HungarianMatcher+BellmanFordStrategy,991,negative,defect_at_iteration,8
W4,1000,1.5,2,HungarianMatcher+BellmanFordStrategy,992,negative,defect_at_iteration,7
W4,1000,1.5,2,HungarianMatcher+BellmanFordStrategy,993,negative,defect_at_iteration,6
W4,1000,1.5,2,HungarianMatcher+BellmanFordStrategy,994,negative,defect_at_iteration,5
W4,1000,1.5,2,HungarianMatcher+BellmanFordStrategy,995,negative,defect_at_iteration,4
W4,1000,1.5,2,HungarianMatcher+BellmanFordStrategy,996,negative,defect_at_iteration,3
W4,1000,1.5,2,HungarianMatcher+BellmanFordStrategy,997,negative,defect_at_iteration,2
W4,1000,1.5,2,HungarianMatcher+BellmanFordStrategy,998,negative,defect_at_iteration,1
W4,1000,1.5,2,HungarianMatcher+BellmanFordStrategy,999,negative,defect_at_iteration,0
W4,1000,1.5,2,HungarianMatcher+BellmanFordStrategy,-1,negative,augmentation_count,1000
W4,1000,1.5,2,HungarianMatcher+BellmanFordStrategy,-1,negative,matching_value,-9.7601e+08
W4,1000,1.5,2,HungarianMatcher+BellmanFordStrategy,-1,negative,matching_size,1000
W4,1000,1.5,2,HungarianMatcher+BellmanFordStrategy,-1,negative,wall_clock_ms,6609.01
W4,1000,1.5,2,HungarianMatcher+JohnsonDijkstraStrategy,0,negative,edge_relaxations,31622
W4,1000,1.5,2,HungarianMatcher+JohnsonDijkstraStrategy,0,negative,defect_at_iteration,999
W4,1000,1.5,2,HungarianMatcher+JohnsonDijkstraStrategy,1,negative,edge_relaxations,31622
W4,1000,1.5,2,HungarianMatcher+JohnsonDijkstraStrategy,1,negative,defect_at_iteration,998
W4,1000,1.5,2,HungarianMatcher+JohnsonDijkstraStrategy,2,negative,edge_relaxations,31622
W4,1000,1.5,2,HungarianMatcher+JohnsonDijkstraStrategy,2,negative,defect_at_iteration,997
W4,1000,1.5,2,HungarianMatcher+JohnsonDijkstraStrategy,3,negative,edge_relaxations,31622
W4,1000,1.5,2,HungarianMatcher+JohnsonDijkstraStrategy,3,negative,defect_at_iteration,996
W4,1000,1.5,2,HungarianMatcher+JohnsonDijkstraStrategy,4,negative,edge_relaxations,31622
W4,1000,1.5,2,HungarianMatcher+JohnsonDijkstraStrategy,4,negative,defect_at_iteration,995
W4,1000,1.5,2,HungarianMatcher+JohnsonDijkstraStrategy,5,negative,edge_relaxations,31622
W4,1000,1.5,2,HungarianMatcher+JohnsonDijkstraStrategy,5,negative,defect_at_iteration,994
W4,1000,1.5,2,HungarianMatcher+JohnsonDijkstraStrategy,6,negative,edge_relaxations,31622
W4,1000,1.5,2,HungarianMatcher+JohnsonDijkstraStrategy,6,negative,defect_at_iteration,993
W4,1000,1.5,2,HungarianMatcher+JohnsonDijkstraStrategy,7,negative,edge_relaxations,31622
W4,1000,1.5,2,HungarianMatcher+JohnsonDijkstraStrategy,7,negative,defect_at_iteration,992
W4,1000,1.5,2,HungarianMatcher+JohnsonDijkstraStrategy,8,negative,edge_relaxations,31622
W4,1000,1.5,2,HungarianMatcher+JohnsonDijkstraStrategy,8,negative,defect_at_iteration,991
W4,1000,1.5,2,HungarianMatcher+JohnsonDijkstraStrategy,9,negative,edge_relaxations,31622
W4,1000,1.5,2,HungarianMatcher+JohnsonDijkstraStrategy,9,negative,defect_at_iteration,990
W4,1000,1.5,2,HungarianMatcher+JohnsonDijkstraStrategy,10,negative,edge_relaxations,31622
W4,1000,1.5,2,HungarianMatcher+JohnsonDijkstraStrategy,10,negative,defect_at_iteration,989
W4,1000,1.5,2,HungarianMatcher+JohnsonDijkstraStrategy,11,negative,edge_relaxations,31622
W4,1000,1.5,2,HungarianMatcher+JohnsonDijkstraStrategy,11,negative,defect_at_iteration,988
W4,1000,1.5,2,HungarianMatcher+JohnsonDijkstraStrategy,12,negative,edge_relaxations,31622
W4,1000,1.5,2,HungarianMatcher+JohnsonDijkstraStrategy,12,negative,defect_at_iteration,987
W4,1000,1.5,2,HungarianMatcher+JohnsonDijkstraStrategy,13,negative,edge_relaxations,31622
W4,1000,1.5,2,HungarianMatcher+JohnsonDijkstraStrategy,13,negative,defect_at_iteration,986
W4,1000,1.5,2,HungarianMatcher+JohnsonDijkstraStrategy,14,negative,edge_relaxations,31622
W4,1000,1.5,2,HungarianMatcher+JohnsonDijkstraStrategy,14,negative,defect_at_iteration,985
W4,1000,1.5,2,HungarianMatcher+JohnsonDijkstraStrategy,15,negative,edge_relaxations,31622
W4,1000,1.5,2,HungarianMatcher+JohnsonDijkstraStrategy,15,negative,defect_at_iteration,984
W4,1000,1.5,2,HungarianMatcher+JohnsonDijkstraStrategy,16,negative,edge_relaxations,31622
W4,1000,1.5,2,HungarianMatcher+JohnsonDijkstraStrategy,16,negative,defect_at_iteration,983
W4,1000,1.5,2,HungarianMatcher+JohnsonDijkstraStrategy,17,negative,edge_relaxations,31622
W4,1000,1.5,2,HungarianMatcher+JohnsonDijkstraStrategy,17,negative,defect_at_iteration,982
W4,1000,1.5,2,HungarianMatcher+JohnsonDijkstraStrategy,18,negative,edge_relaxations,31622
W4,1000,1.5,2,HungarianMatcher+JohnsonDijkstraStrategy,18,negative,defect_at_iteration,981
W4,1000,1.5,2,HungarianMatcher+JohnsonDijkstraStrategy,19,negative,edge_relaxations,31622
W4,1000,1.5,2,HungarianMatcher+JohnsonDijkstraStrategy,19,negative,defect_at_iteration,980
W4,1000,1.5,2,HungarianMatcher+JohnsonDijkstraStrategy,20,negative,edge_relaxations,31622
W4,1000,1.5,2,HungarianMatcher+JohnsonDijkstraStrategy,20,negative,defect_at_iteration,979
W4,1000,1.5,2,HungarianMatcher+JohnsonDijkstraStrategy,21,negative,edge_relaxations,31622
W4,1000,1.5,2,HungarianMatcher+JohnsonDijkstraStrategy,21,negative,defect_at_iteration,978
W4,1000,1.5,2,HungarianMatcher+JohnsonDijkstraStrategy,22,negative,edge_relaxations,31622
W4,1000,1.5,2,HungarianMatcher+JohnsonDijkstraStrategy,22,negative,defect_at_iteration,977
W4,1000,1.5,2,HungarianMatcher+JohnsonDijkstraStrategy,23,negative,edge_relaxations,31622
W4,1000,1.5,2,HungarianMatcher+JohnsonDijkstraStrategy,23,negative,defect_at_iteration,976
W4,1000,1.5,2,HungarianMatcher+JohnsonDijkstraStrategy,24,negative,edge_relaxations,31622
W4,1000,1.5,2,HungarianMatcher+JohnsonDijkstraStrategy,24,negative,defect_at_iteration,975
W4,1000,1.5,2,HungarianMatcher+JohnsonDijkstraStrategy,25,negative,edge_relaxations,31622
W4,1000,1.5,2,HungarianMatcher+JohnsonDijkstraStrategy,25,negative,defect_at_iteration,974
W4,1000,1.5,2,HungarianMatcher+JohnsonDijkstraStrategy,26,negative,edge_relaxations,31622
W4,1000,1.5,2,HungarianMatcher+JohnsonDijkstraStrategy,26,negative,defect_at_iteration,973
W4,1000,1.5,2,HungarianMatcher+JohnsonDijkstraStrategy,27,negative,edge_relaxations,31622
W4,1000,1.5,2,HungarianMatcher+JohnsonDijkstraStrategy,27,negative,defect_at_iteration,972
W4,1000,1.5,2,HungarianMatcher+JohnsonDijkstraStrategy,28,negative,edge_relaxations,31622
W4,1000,1.5,2,HungarianMatcher+JohnsonDijkstraStrategy,28,negative,defect_at_iteration,971
W4,1000,1.5,2,HungarianMatcher+JohnsonDijkstraStrategy,29,negative,edge_relaxations,31622
W4,1000,1.5,2,HungarianMatcher+JohnsonDijkstraStrategy,29,negative,defect_at_iteration,970
W4,1000,1.5,2,HungarianMatcher+JohnsonDijkstraStrategy,30,negative,edge_relaxations,31622
W4,1000,1.5,2,HungarianMatcher+JohnsonDijkstraStrategy,30,negative,defect_at_iteration,969
W4,1000,1.5,2,HungarianMatcher+JohnsonDijkstraStrategy,31,negative,edge_relaxations,31622
W4,1000,1.5,2,HungarianMatcher+JohnsonDijkstraStrategy,31,negative,defect_at_iteration,968
W4,1000,1.5,2,HungarianMatcher+JohnsonDijkstraStrategy,32,negative,edge_relaxations,31622
W4,1000,1.5,2,HungarianMatcher+JohnsonDijkstraStrategy,32,negative,defect_at_iteration,967
W4,1000,1.5,2,HungarianMatcher+JohnsonDijkstraStrategy,33,negative,edge_relaxations,31622
W4,1000,1.5,2,HungarianMatcher+JohnsonDijkstraStrategy,33,negative,defect_at_iteration,966
W4,1000,1.5,2,HungarianMatcher+JohnsonDijkstraStrategy,34,negative,edge_relaxations,31622
W4,1000,1.5,2,HungarianMatcher+JohnsonDijkstraStrategy,34,negative,defect_at_iteration,965
W4,1000,1.5,2,HungarianMatcher+JohnsonDijkstraStrategy,35,negative,edge_relaxations,31622
W4,1000,1.5,2,HungarianMatcher+JohnsonDijkstraStrategy,35,negative,defect_at_iteration,964
W4,1000,1.5,2,HungarianMatcher+JohnsonDijkstraStrategy,36,negative,edge_relaxations,31622
W4,1000,1.5,2,HungarianMatcher+JohnsonDijkstraStrategy,36,negative,defect_at_iteration,963
W4,1000,1.5,2,HungarianMatcher+JohnsonDijkstraStrategy,37,negative,edge_relaxations,31622
W4,1000,1.5,2,HungarianMatcher+JohnsonDijkstraStrategy,37,negative,defect_at_iteration,962
W4,1000,1.5,2,HungarianMatcher+JohnsonDijkstraStrategy,38,negative,edge_relaxations,31622
W4,1000,1.5,2,HungarianMatcher+JohnsonDijkstraStrategy,38,negative,defect_at_iteration,961
W4,1000,1.5,2,HungarianMatcher+JohnsonDijkstraStrategy,39,negative,edge_relaxations,31622
W4,1000,1.5,2,HungarianMatcher+JohnsonDijkstraStrategy,39,negative,defect_at_iteration,960
W4,1000,1.5,2,HungarianMatcher+JohnsonDijkstraStrategy,40,negative,edge_relaxations,31622
W4,1000,1.5,2,HungarianMatcher+JohnsonDijkstraStrategy,40,negative,defect_at_iteration,959
W4,1000,1.5,2,HungarianMatcher+JohnsonDijkstraStrategy,41,negative,edge_relaxations,31622
W4,1000,1.5,2,HungarianMatcher+JohnsonDijkstraStrategy,41,negative,defect_at_iteration,958
W4,1000,1.5,2,HungarianMatcher+JohnsonDijkstraStrategy,42,negative,edge_relaxations,31622
W4,1000,1.5,2,HungarianMatcher+JohnsonDijkstraStrategy,42,negative,defect_at_iteration,957
W4,1000,1.5,2,HungarianMatcher+JohnsonDijkstraStrategy,43,negative,edge_relaxations,31622
W4,1000,1.5,2,HungarianMatcher+JohnsonDijkstraStrategy,43,negative,defect_at_iteration,956
W4,1000,1.5,2,HungarianMatcher+JohnsonDijkstraStrategy,44,negative,edge_relaxations,31622
W4,1000,1.5,2,HungarianMatcher+JohnsonDijkstraStrategy,44,negative,defect_at_iteration,955
W4,1000,1.5,2,HungarianMatcher+JohnsonDijkstraStrategy,45,negative,edge_relaxations,31622
W4,1000,1.5,2,HungarianMatcher+JohnsonDijkstraStrategy,45,negative,defect_at_iteration,954
W4,1000,1.5,2,HungarianMatcher+JohnsonDijkstraStrategy,46,negative,edge_relaxations,31622
W4,1000,1.5,2,HungarianMatcher+JohnsonDijkstraStrategy,46,negative,defect_at_iteration,953
W4,1000,1.5,2,HungarianMatcher+JohnsonDijkstraStrategy,47,negative,edge_relaxations,31622
W4,1000,1.5,2,HungarianMatcher+JohnsonDijkstraStrategy,47,negative,defect_at_iteration,952
W4,1000,1.5,2,HungarianMatcher+JohnsonDijkstraStrategy,48,negative,edge_relaxations,31622
W4,1000,1.5,2,HungarianMatcher+JohnsonDijkstraStrategy,48,negative,defect_at_iteration,951
W4,1000,1.5,2,HungarianMatcher+JohnsonDijkstraStrategy,49,negative,edge_relaxations,31622
W4,1000,1.5,2,HungarianMatcher+JohnsonDijkstraStrategy,49,negative,defect_at_iteration,950
W4,1000,1.5,2,HungarianMatcher+JohnsonDijkstraStrategy,50,negative,edge_relaxations,31622
W4,1000,1.5,2,HungarianMatcher+JohnsonDijkstraStrategy,50,negative,defect_at_iteration,949
W4,1000,1.5,2,HungarianMatcher+JohnsonDijkstraStrategy,51,negative,edge_relaxations,31622
W4,1000,1.5,2,HungarianMatcher+JohnsonDijkstraStrategy,51,negative,defect_at_iteration,948
W4,1000,1.5,2,HungarianMatcher+JohnsonDijkstraStrategy,52,negative,edge_relaxations,31622
W4,1000,1.5,2,HungarianMatcher+JohnsonDijkstraStrategy,52,negative,defect_at_iteration,947
W4,1000,1.5,2,HungarianMatcher+JohnsonDijkstraStrategy,53,negative,edge_relaxations,31622
W4,1000,1.5,2,HungarianMatcher+JohnsonDijkstraStrategy,53,negative,defect_at_iteration,946
W4,1000,1.5,2,HungarianMatcher+JohnsonDijkstraStrategy,54,negative,edge_relaxations,31622
W4,1000,1.5,2,HungarianMatcher+JohnsonDijkstraStrategy,54,negative,defect_at_iteration,945
W4,1000,1.5,2,HungarianMatcher+JohnsonDijkstraStrategy,55,negative,edge_relaxations,31622
W4,1000,1.5,2,HungarianMatcher+JohnsonDijkstraStrategy,55,negative,defect_at_iteration,944
W4,1000,1.5,2,HungarianMatcher+JohnsonDijkstraStrategy,56,negative,edge_relaxations,31622
W4,1000,1.5,2,HungarianMatcher+JohnsonDijkstraStrategy,56,negative,defect_at_iteration,943
W4,1000,1.5,2,HungarianMatcher+JohnsonDijkstraStrategy,57,negative,edge_relaxations,31622
W4,1000,1.5,2,HungarianMatcher+JohnsonDijkstraStrategy,57,negative,defect_at_iteration,942
W4,1000,1.5,2,HungarianMatcher+JohnsonDijkstraStrategy,58,negative,edge_relaxations,31622
W4,1000,1.5,2,HungarianMatcher+JohnsonDijkstraStrategy,58,negative,defect_at_iteration,941
W4,1000,1.5,2,HungarianMatcher+JohnsonDijkstraStrategy,59,negative,edge_relaxations,31622
W4,1000,1.5,2,HungarianMatcher+JohnsonDijkstraStrategy,59,negative,defect_at_iteration,940
W4,1000,1.5,2,HungarianMatcher+JohnsonDijkstraStrategy,60,negative,edge_relaxations,31622
W4,1000,1.5,2,HungarianMatcher+JohnsonDijkstraStrategy,60,negative,defect_at_iteration,939
W4,1000,1.5,2,HungarianMatcher+JohnsonDijkstraStrategy,61,negative,edge_relaxations,31622
W4,1000,1.5,2,HungarianMatcher+JohnsonDijkstraStrategy,61,negative,defect_at_iteration,938
W4,1000,1.5,2,HungarianMatcher+JohnsonDijkstraStrategy,62,negative,edge_relaxations,31622
W4,1000,1.5,2,HungarianMatcher+JohnsonDijkstraStrategy,62,negative,defect_at_iteration,937
W4,1000,1.5,2,HungarianMatcher+JohnsonDijkstraStrategy,63,negative,edge_relaxations,31622
W4,1000,1.5,2,HungarianMatcher+JohnsonDijkstraStrategy,63,negative,defect_at_iteration,936
W4,1000,1.5,2,HungarianMatcher+JohnsonDijkstraStrategy,64,negative,edge_relaxations,31622
W4,1000,1.5,2,HungarianMatcher+JohnsonDijkstraStrategy,64,negative,defect_at_iteration,935
W4,1000,1.5,2,HungarianMatcher+JohnsonDijkstraStrategy,65,negative,edge_relaxations,31622
W4,1000,1.5,2,HungarianMatcher+JohnsonDijkstraStrategy,65,negative,defect_at_iteration,934
W4,1000,1.5,2,HungarianMatcher+JohnsonDijkstraStrategy,66,negative,edge_relaxations,31622
W4,1000,1.5,2,HungarianMatcher+JohnsonDijkstraStrategy,66,negative,defect_at_iteration,933
W4,1000,1.5,2,HungarianMatcher+JohnsonDijkstraStrategy,67,negative,edge_relaxations,31622
W4,1000,1.5,2,HungarianMatcher+JohnsonDijkstraStrategy,67,negative,defect_at_iteration,932
W4,1000,1.5,2,HungarianMatcher+JohnsonDijkstraStrategy,68,negative,edge_relaxations,31622
W4,1000,1.5,2,HungarianMatcher+JohnsonDijkstraStrategy,68,negative,defect_at_iteration,931
W4,1000,1.5,2,HungarianMatcher+JohnsonDijkstraStrategy,69,negative,edge_relaxations,31622
W4,1000,1.5,2,HungarianMatcher+JohnsonDijkstraStrategy,69,negative,defect_at_iteration,930
W4,1000,1.5,2,HungarianMatcher+JohnsonDijkstraStrategy,70,negative,edge_relaxations,31622
W4,1000,1.5,2,HungarianMatcher+JohnsonDijkstraStrategy,70,negative,defect_at_iteration,929
W4,1000,1.5,2,HungarianMatcher+JohnsonDijkstraStrategy,71,negative,edge_relaxations,31622
W4,1000,1.5,2,HungarianMatcher+JohnsonDijkstraStrategy,71,negative,defect_at_iteration,928
W4,1000,1.5,2,HungarianMatcher+JohnsonDijkstraStrategy,72,negative,edge_relaxations,31622
W4,1000,1.5,2,HungarianMatcher+JohnsonDijkstraStrategy,72,negative,defect_at_iteration,927
W4,1000,1.5,2,HungarianMatcher+JohnsonDijkstraStrategy,73,negative,edge_relaxations,31622
W4,1000,1.5,2,HungarianMatcher+JohnsonDijkstraStrategy,73,negative,defect_at_iteration,926
W4,1000,1.5,2,HungarianMatcher+JohnsonDijkstraStrategy,74,negative,edge_relaxations,31622
W4,1000,1.5,2,HungarianMatcher+JohnsonDijkstraStrategy,74,negative,defect_at_iteration,925
W4,1000,1.5,2,HungarianMatcher+JohnsonDijkstraStrategy,75,negative,edge_relaxations,31622
W4,1000,1.5,2,HungarianMatcher+JohnsonDijkstraStrategy,75,negative,defect_at_iteration,924
W4,1000,1.5,2,HungarianMatcher+JohnsonDijkstraStrategy,76,negative,edge_relaxations,31622
W4,1000,1.5,2,HungarianMatcher+JohnsonDijkstraStrategy,76,negative,defect_at_iteration,923
W4,1000,1.5,2,HungarianMatcher+JohnsonDijkstraStrategy,77,negative,edge_relaxations,31622
W4,1000,1.5,2,HungarianMatcher+JohnsonDijkstraStrategy,77,negative,defect_at_iteration,922
W4,1000,1.5,2,HungarianMatcher+JohnsonDijkstraStrategy,78,negative,edge_relaxations,31622
W4,1000,1.5,2,HungarianMatcher+JohnsonDijkstraStrategy,78,negative,defect_at_iteration,921
W4,1000,1.5,2,HungarianMatcher+JohnsonDijkstraStrategy,79,negative,edge_relaxations,31622
W4,1000,1.5,2,HungarianMatcher+JohnsonDijkstraStrategy,79,negative,defect_at_iteration,920
W4,1000,1.5,2,HungarianMatcher+JohnsonDijkstraStrategy,80,negative,edge_relaxations,31622
W4,1000,1.5,2,HungarianMatcher+JohnsonDijkstraStrategy,80,negative,defect_at_iteration,919
W4,1000,1.5,2,HungarianMatcher+JohnsonDijkstraStrategy,81,negative,edge_relaxations,31622
W4,1000,1.5,2,HungarianMatcher+JohnsonDijkstraStrategy,81,negative,defect_at_iteration,918
W4,1000,1.5,2,HungarianMatcher+JohnsonDijkstraStrategy,82,negative,edge_relaxations,31622
W4,1000,1.5,2,HungarianMatcher+JohnsonDijkstraStrategy,82,negative,defect_at_iteration,917
W4,1000,1.5,2,HungarianMatcher+JohnsonDijkstraStrategy,83,negative,edge_relaxations,31622
W4,1000,1.5,2,HungarianMatcher+JohnsonDijkstraStrategy,83,negative,defect_at_iteration,916
W4,1000,1.5,2,HungarianMatcher+JohnsonDijkstraStrategy,84,negative,edge_relaxations,31622
W4,1000,1.5,2,HungarianMatcher+JohnsonDijkstraStrategy,84,negative,defect_at_iteration,915
W4,1000,1.5,2,HungarianMatcher+JohnsonDijkstraStrategy,85,negative,edge_relaxations,31622
W4,1000,1.5,2,HungarianMatcher+JohnsonDijkstraStrategy,85,negative,defect_at_iteration,914
W4,1000,1.5,2,HungarianMatcher+JohnsonDijkstraStrategy,86,negative,edge_relaxations,31622
W4,1000,1.5,2,HungarianMatcher+JohnsonDijkstraStrategy,86,negative,defect_at_iteration,913
W4,1000,1.5,2,HungarianMatcher+JohnsonDijkstraStrategy,87,negative,edge_relaxations,31622
W4,1000,1.5,2,HungarianMatcher+JohnsonDijkstraStrategy,87,negative,defect_at_iteration,912
W4,1000,1.5,2,HungarianMatcher+JohnsonDijkstraStrategy,88,negative,edge_relaxations,31622
W4,1000,1.5,2,HungarianMatcher+JohnsonDijkstraStrategy,88,negative,defect_at_iteration,911
W4,1000,1.5,2,HungarianMatcher+JohnsonDijkstraStrategy,89,negative,edge_relaxations,31622
W4,1000,1.5,2,HungarianMatcher+JohnsonDijkstraStrategy,89,negative,defect_at_iteration,910
W4,1000,1.5,2,HungarianMatcher+JohnsonDijkstraStrategy,90,negative,edge_relaxations,31622
W4,1000,1.5,2,HungarianMatcher+JohnsonDijkstraStrategy,90,negative,defect_at_iteration,909
W4,1000,1.5,2,HungarianMatcher+JohnsonDijkstraStrategy,91,negative,edge_relaxations,31622
W4,1000,1.5,2,HungarianMatcher+JohnsonDijkstraStrategy,91,negative,defect_at_iteration,908
W4,1000,1.5,2,HungarianMatcher+JohnsonDijkstraStrategy,92,negative,edge_relaxations,31622
W4,1000,1.5,2,HungarianMatcher+JohnsonDijkstraStrategy,92,negative,defect_at_iteration,907
W4,1000,1.5,2,HungarianMatcher+JohnsonDijkstraStrategy,93,negative,edge_relaxations,31622
W4,1000,1.5,2,HungarianMatcher+JohnsonDijkstraStrategy,93,negative,defect_at_iteration,906
W4,1000,1.5,2,HungarianMatcher+JohnsonDijkstraStrategy,94,negative,edge_relaxations,31622
W4,1000,1.5,2,HungarianMatcher+JohnsonDijkstraStrategy,94,negative,defect_at_iteration,905
W4,1000,1.5,2,HungarianMatcher+JohnsonDijkstraStrategy,95,negative,edge_relaxations,31622
W4,1000,1.5,2,HungarianMatcher+JohnsonDijkstraStrategy,95,negative,defect_at_iteration,904
W4,1000,1.5,2,HungarianMatcher+JohnsonDijkstraStrategy,96,negative,edge_relaxations,31622
W4,1000,1.5,2,HungarianMatcher+JohnsonDijkstraStrategy,96,negative,defect_at_iteration,903
W4,1000,1.5,2,HungarianMatcher+JohnsonDijkstraStrategy,97,negative,edge_relaxations,31622
W4,1000,1.5,2,HungarianMatcher+JohnsonDijkstraStrategy,97,negative,defect_at_iteration,902
W4,1000,1.5,2,HungarianMatcher+JohnsonDijkstraStrategy,98,negative,edge_relaxations,31622
W4,1000,1.5,2,HungarianMatcher+JohnsonDijkstraStrategy,98,negative,defect_at_iteration,901
W4,1000,1.5,2,HungarianMatcher+JohnsonDijkstraStrategy,99,negative,edge_relaxations,31622
W4,1000,1.5,2,HungarianMatcher+JohnsonDijkstraStrategy,99,negative,defect_at_iteration,900
W4,1000,1.5,2,HungarianMatcher+JohnsonDijkstraStrategy,100,negative,edge_relaxations,31622
W4,1000,1.5,2,HungarianMatcher+JohnsonDijkstraStrategy,100,negative,defect_at_iteration,899
W4,1000,1.5,2,HungarianMatcher+JohnsonDijkstraStrategy,101,negative,edge_relaxations,31622
W4,1000,1.5,2,HungarianMatcher+JohnsonDijkstraStrategy,101,negative,defect_at_iteration,898
W4,1000,1.5,2,HungarianMatcher+JohnsonDijkstraStrategy,102,negative,edge_relaxations,31622
W4,1000,1.5,2,HungarianMatcher+JohnsonDijkstraStrategy,102,negative,defect_at_iteration,897
W4,1000,1.5,2,HungarianMatcher+JohnsonDijkstraStrategy,103,negative,edge_relaxations,31622
W4,1000,1.5,2,HungarianMatcher+JohnsonDijkstraStrategy,103,negative,defect_at_iteration,896
W4,1000,1.5,2,HungarianMatcher+JohnsonDijkstraStrategy,104,negative,edge_relaxations,31622
W4,1000,1.5,2,HungarianMatcher+JohnsonDijkstraStrategy,104,negative,defect_at_iteration,895
W4,1000,1.5,2,HungarianMatcher+JohnsonDijkstraStrategy,105,negative,edge_relaxations,31622
W4,1000,1.5,2,HungarianMatcher+JohnsonDijkstraStrategy,105,negative,defect_at_iteration,894
W4,1000,1.5,2,HungarianMatcher+JohnsonDijkstraStrategy,106,negative,edge_relaxations,31622
W4,1000,1.5,2,HungarianMatcher+JohnsonDijkstraStrategy,106,negative,defect_at_iteration,893
W4,1000,1.5,2,HungarianMatcher+JohnsonDijkstraStrategy,107,negative,edge_relaxations,31622
W4,1000,1.5,2,HungarianMatcher+JohnsonDijkstraStrategy,107,negative,defect_at_iteration,892
W4,1000,1.5,2,HungarianMatcher+JohnsonDijkstraStrategy,108,negative,edge_relaxations,31622
W4,1000,1.5,2,HungarianMatcher+JohnsonDijkstraStrategy,108,negative,defect_at_iteration,891
W4,1000,1.5,2,HungarianMatcher+JohnsonDijkstraStrategy,109,negative,edge_relaxations,31622
W4,1000,1.5,2,HungarianMatcher+JohnsonDijkstraStrategy,109,negative,defect_at_iteration,890
W4,1000,1.5,2,HungarianMatcher+JohnsonDijkstraStrategy,110,negative,edge_relaxations,31622
W4,1000,1.5,2,HungarianMatcher+JohnsonDijkstraStrategy,110,negative,defect_at_iteration,889
W4,1000,1.5,2,HungarianMatcher+JohnsonDijkstraStrategy,111,negative,edge_relaxations,31622
W4,1000,1.5,2,HungarianMatcher+JohnsonDijkstraStrategy,111,negative,defect_at_iteration,888
W4,1000,1.5,2,HungarianMatcher+JohnsonDijkstraStrategy,112,negative,edge_relaxations,31622
W4,1000,1.5,2,HungarianMatcher+JohnsonDijkstraStrategy,112,negative,defect_at_iteration,887
W4,1000,1.5,2,HungarianMatcher+JohnsonDijkstraStrategy,113,negative,edge_relaxations,31622
W4,1000,1.5,2,HungarianMatcher+JohnsonDijkstraStrategy,113,negative,defect_at_iteration,886
W4,1000,1.5,2,HungarianMatcher+JohnsonDijkstraStrategy,114,negative,edge_relaxations,31622
W4,1000,1.5,2,HungarianMatcher+JohnsonDijkstraStrategy,114,negative,defect_at_iteration,885
W4,1000,1.5,2,HungarianMatcher+JohnsonDijkstraStrategy,115,negative,edge_relaxations,31622
W4,1000,1.5,2,HungarianMatcher+JohnsonDijkstraStrategy,115,negative,defect_at_iteration,884
W4,1000,1.5,2,HungarianMatcher+JohnsonDijkstraStrategy,116,negative,edge_relaxations,31622
W4,1000,1.5,2,HungarianMatcher+JohnsonDijkstraStrategy,116,negative,defect_at_iteration,883
W4,1000,1.5,2,HungarianMatcher+JohnsonDijkstraStrategy,117,negative,edge_relaxations,31622
W4,1000,1.5,2,HungarianMatcher+JohnsonDijkstraStrategy,117,negative,defect_at_iteration,882
W4,1000,1.5,2,HungarianMatcher+JohnsonDijkstraStrategy,118,negative,edge_relaxations,31622
W4,1000,1.5,2,HungarianMatcher+JohnsonDijkstraStrategy,118,negative,defect_at_iteration,881
W4,1000,1.5,2,HungarianMatcher+JohnsonDijkstraStrategy,119,negative,edge_relaxations,31622
W4,1000,1.5,2,HungarianMatcher+JohnsonDijkstraStrategy,119,negative,defect_at_iteration,880
W4,1000,1.5,2,HungarianMatcher+JohnsonDijkstraStrategy,120,negative,edge_relaxations,31622
W4,1000,1.5,2,HungarianMatcher+JohnsonDijkstraStrategy,120,negative,defect_at_iteration,879
W4,1000,1.5,2,HungarianMatcher+JohnsonDijkstraStrategy,121,negative,edge_relaxations,31622
W4,1000,1.5,2,HungarianMatcher+JohnsonDijkstraStrategy,121,negative,defect_at_iteration,878
W4,1000,1.5,2,HungarianMatcher+JohnsonDijkstraStrategy,122,negative,edge_relaxations,31622
W4,1000,1.5,2,HungarianMatcher+JohnsonDijkstraStrategy,122,negative,defect_at_iteration,877
W4,1000,1.5,2,HungarianMatcher+JohnsonDijkstraStrategy,123,negative,edge_relaxations,31622
W4,1000,1.5,2,HungarianMatcher+JohnsonDijkstraStrategy,123,negative,defect_at_iteration,876
W4,1000,1.5,2,HungarianMatcher+JohnsonDijkstraStrategy,124,negative,edge_relaxations,31622
W4,1000,1.5,2,HungarianMatcher+JohnsonDijkstraStrategy,124,negative,defect_at_iteration,875
W4,1000,1.5,2,HungarianMatcher+JohnsonDijkstraStrategy,125,negative,edge_relaxations,31622
W4,1000,1.5,2,HungarianMatcher+JohnsonDijkstraStrategy,125,negative,defect_at_iteration,874
W4,1000,1.5,2,HungarianMatcher+JohnsonDijkstraStrategy,126,negative,edge_relaxations,31622
W4,1000,1.5,2,HungarianMatcher+JohnsonDijkstraStrategy,126,negative,defect_at_iteration,873
W4,1000,1.5,2,HungarianMatcher+JohnsonDijkstraStrategy,127,negative,edge_relaxations,31622
W4,1000,1.5,2,HungarianMatcher+JohnsonDijkstraStrategy,127,negative,defect_at_iteration,872
W4,1000,1.5,2,HungarianMatcher+JohnsonDijkstraStrategy,128,negative,edge_relaxations,31622
W4,1000,1.5,2,HungarianMatcher+JohnsonDijkstraStrategy,128,negative,defect_at_iteration,871
W4,1000,1.5,2,HungarianMatcher+JohnsonDijkstraStrategy,129,negative,edge_relaxations,31622
W4,1000,1.5,2,HungarianMatcher+JohnsonDijkstraStrategy,129,negative,defect_at_iteration,870
W4,1000,1.5,2,HungarianMatcher+JohnsonDijkstraStrategy,130,negative,edge_relaxations,31622
W4,1000,1.5,2,HungarianMatcher+JohnsonDijkstraStrategy,130,negative,defect_at_iteration,869
W4,1000,1.5,2,HungarianMatcher+JohnsonDijkstraStrategy,131,negative,edge_relaxations,31622
W4,1000,1.5,2,HungarianMatcher+JohnsonDijkstraStrategy,131,negative,defect_at_iteration,868
W4,1000,1.5,2,HungarianMatcher+JohnsonDijkstraStrategy,132,negative,edge_relaxations,31622
W4,1000,1.5,2,HungarianMatcher+JohnsonDijkstraStrategy,132,negative,defect_at_iteration,867
W4,1000,1.5,2,HungarianMatcher+JohnsonDijkstraStrategy,133,negative,edge_relaxations,31622
W4,1000,1.5,2,HungarianMatcher+JohnsonDijkstraStrategy,133,negative,defect_at_iteration,866
W4,1000,1.5,2,HungarianMatcher+JohnsonDijkstraStrategy,134,negative,edge_relaxations,31622
W4,1000,1.5,2,HungarianMatcher+JohnsonDijkstraStrategy,134,negative,defect_at_iteration,865
W4,1000,1.5,2,HungarianMatcher+JohnsonDijkstraStrategy,135,negative,edge_relaxations,31622
W4,1000,1.5,2,HungarianMatcher+JohnsonDijkstraStrategy,135,negative,defect_at_iteration,864
W4,1000,1.5,2,HungarianMatcher+JohnsonDijkstraStrategy,136,negative,edge_relaxations,31622
W4,1000,1.5,2,HungarianMatcher+JohnsonDijkstraStrategy,136,negative,defect_at_iteration,863
W4,1000,1.5,2,HungarianMatcher+JohnsonDijkstraStrategy,137,negative,edge_relaxations,31622
W4,1000,1.5,2,HungarianMatcher+JohnsonDijkstraStrategy,137,negative,defect_at_iteration,862
W4,1000,1.5,2,HungarianMatcher+JohnsonDijkstraStrategy,138,negative,edge_relaxations,31622
W4,1000,1.5,2,HungarianMatcher+JohnsonDijkstraStrategy,138,negative,defect_at_iteration,861
W4,1000,1.5,2,HungarianMatcher+JohnsonDijkstraStrategy,139,negative,edge_relaxations,31622
W4,1000,1.5,2,HungarianMatcher+JohnsonDijkstraStrategy,139,negative,defect_at_iteration,860
W4,1000,1.5,2,HungarianMatcher+JohnsonDijkstraStrategy,140,negative,edge_relaxations,31622
W4,1000,1.5,2,HungarianMatcher+JohnsonDijkstraStrategy,140,negative,defect_at_iteration,859
W4,1000,1.5,2,HungarianMatcher+JohnsonDijkstraStrategy,141,negative,edge_relaxations,31622
W4,1000,1.5,2,HungarianMatcher+JohnsonDijkstraStrategy,141,negative,defect_at_iteration,858
W4,1000,1.5,2,HungarianMatcher+JohnsonDijkstraStrategy,142,negative,edge_relaxations,31622
W4,1000,1.5,2,HungarianMatcher+JohnsonDijkstraStrategy,142,negative,defect_at_iteration,857
W4,1000,1.5,2,HungarianMatcher+JohnsonDijkstraStrategy,143,negative,edge_relaxations,31622
W4,1000,1.5,2,HungarianMatcher+JohnsonDijkstraStrategy,143,negative,defect_at_iteration,856
W4,1000,1.5,2,HungarianMatcher+JohnsonDijkstraStrategy,144,negative,edge_relaxations,31622
W4,1000,1.5,2,HungarianMatcher+JohnsonDijkstraStrategy,144,negative,defect_at_iteration,855
W4,1000,1.5,2,HungarianMatcher+JohnsonDijkstraStrategy,145,negative,edge_relaxations,31622
W4,1000,1.5,2,HungarianMatcher+JohnsonDijkstraStrategy,145,negative,defect_at_iteration,854
W4,1000,1.5,2,HungarianMatcher+JohnsonDijkstraStrategy,146,negative,edge_relaxations,31622
W4,1000,1.5,2,HungarianMatcher+JohnsonDijkstraStrategy,146,negative,defect_at_iteration,853
W4,1000,1.5,2,HungarianMatcher+JohnsonDijkstraStrategy,147,negative,edge_relaxations,31622
W4,1000,1.5,2,HungarianMatcher+JohnsonDijkstraStrategy,147,negative,defect_at_iteration,852
W4,1000,1.5,2,HungarianMatcher+JohnsonDijkstraStrategy,148,negative,edge_relaxations,31622
W4,1000,1.5,2,HungarianMatcher+JohnsonDijkstraStrategy,148,negative,defect_at_iteration,851
W4,1000,1.5,2,HungarianMatcher+JohnsonDijkstraStrategy,149,negative,edge_relaxations,31622
W4,1000,1.5,2,HungarianMatcher+JohnsonDijkstraStrategy,149,negative,defect_at_iteration,850
W4,1000,1.5,2,HungarianMatcher+JohnsonDijkstraStrategy,150,negative,edge_relaxations,31622
W4,1000,1.5,2,HungarianMatcher+JohnsonDijkstraStrategy,150,negative,defect_at_iteration,849
W4,1000,1.5,2,HungarianMatcher+JohnsonDijkstraStrategy,151,negative,edge_relaxations,31622
W4,1000,1.5,2,HungarianMatcher+JohnsonDijkstraStrategy,151,negative,defect_at_iteration,848
W4,1000,1.5,2,HungarianMatcher+JohnsonDijkstraStrategy,152,negative,edge_relaxations,31622
W4,1000,1.5,2,HungarianMatcher+JohnsonDijkstraStrategy,152,negative,defect_at_iteration,847
W4,1000,1.5,2,HungarianMatcher+JohnsonDijkstraStrategy,153,negative,edge_relaxations,31622
W4,1000,1.5,2,HungarianMatcher+JohnsonDijkstraStrategy,153,negative,defect_at_iteration,846
W4,1000,1.5,2,HungarianMatcher+JohnsonDijkstraStrategy,154,negative,edge_relaxations,31622
W4,1000,1.5,2,HungarianMatcher+JohnsonDijkstraStrategy,154,negative,defect_at_iteration,845
W4,1000,1.5,2,HungarianMatcher+JohnsonDijkstraStrategy,155,negative,edge_relaxations,31622
W4,1000,1.5,2,HungarianMatcher+JohnsonDijkstraStrategy,155,negative,defect_at_iteration,844
W4,1000,1.5,2,HungarianMatcher+JohnsonDijkstraStrategy,156,negative,edge_relaxations,31622
W4,1000,1.5,2,HungarianMatcher+JohnsonDijkstraStrategy,156,negative,defect_at_iteration,843
W4,1000,1.5,2,HungarianMatcher+JohnsonDijkstraStrategy,157,negative,edge_relaxations,31622
W4,1000,1.5,2,HungarianMatcher+JohnsonDijkstraStrategy,157,negative,defect_at_iteration,842
W4,1000,1.5,2,HungarianMatcher+JohnsonDijkstraStrategy,158,negative,edge_relaxations,31622
W4,1000,1.5,2,HungarianMatcher+JohnsonDijkstraStrategy,158,negative,defect_at_iteration,841
W4,1000,1.5,2,HungarianMatcher+JohnsonDijkstraStrategy,159,negative,edge_relaxations,31622
W4,1000,1.5,2,HungarianMatcher+JohnsonDijkstraStrategy,159,negative,defect_at_iteration,840
W4,1000,1.5,2,HungarianMatcher+JohnsonDijkstraStrategy,160,negative,edge_relaxations,31622
W4,1000,1.5,2,HungarianMatcher+JohnsonDijkstraStrategy,160,negative,defect_at_iteration,839
W4,1000,1.5,2,HungarianMatcher+JohnsonDijkstraStrategy,161,negative,edge_relaxations,31622
W4,1000,1.5,2,HungarianMatcher+JohnsonDijkstraStrategy,161,negative,defect_at_iteration,838
W4,1000,1.5,2,HungarianMatcher+JohnsonDijkstraStrategy,162,negative,edge_relaxations,31622
W4,1000,1.5,2,HungarianMatcher+JohnsonDijkstraStrategy,162,negative,defect_at_iteration,837
W4,1000,1.5,2,HungarianMatcher+JohnsonDijkstraStrategy,163,negative,edge_relaxations,31622
W4,1000,1.5,2,HungarianMatcher+JohnsonDijkstraStrategy,163,negative,defect_at_iteration,836
W4,1000,1.5,2,HungarianMatcher+JohnsonDijkstraStrategy,164,negative,edge_relaxations,31622
W4,1000,1.5,2,HungarianMatcher+JohnsonDijkstraStrategy,164,negative,defect_at_iteration,835
W4,1000,1.5,2,HungarianMatcher+JohnsonDijkstraStrategy,165,negative,edge_relaxations,31622
W4,1000,1.5,2,HungarianMatcher+JohnsonDijkstraStrategy,165,negative,defect_at_iteration,834
W4,1000,1.5,2,HungarianMatcher+JohnsonDijkstraStrategy,166,negative,edge_relaxations,31622
W4,1000,1.5,2,HungarianMatcher+JohnsonDijkstraStrategy,166,negative,defect_at_iteration,833
W4,1000,1.5,2,HungarianMatcher+JohnsonDijkstraStrategy,167,negative,edge_relaxations,31622
W4,1000,1.5,2,HungarianMatcher+JohnsonDijkstraStrategy,167,negative,defect_at_iteration,832
W4,1000,1.5,2,HungarianMatcher+JohnsonDijkstraStrategy,168,negative,edge_relaxations,31622
W4,1000,1.5,2,HungarianMatcher+JohnsonDijkstraStrategy,168,negative,defect_at_iteration,831
W4,1000,1.5,2,HungarianMatcher+JohnsonDijkstraStrategy,169,negative,edge_relaxations,31622
W4,1000,1.5,2,HungarianMatcher+JohnsonDijkstraStrategy,169,negative,defect_at_iteration,830
W4,1000,1.5,2,HungarianMatcher+JohnsonDijkstraStrategy,170,negative,edge_relaxations,31622
W4,1000,1.5,2,HungarianMatcher+JohnsonDijkstraStrategy,170,negative,defect_at_iteration,829
W4,1000,1.5,2,HungarianMatcher+JohnsonDijkstraStrategy,171,negative,edge_relaxations,31622
W4,1000,1.5,2,HungarianMatcher+JohnsonDijkstraStrategy,171,negative,defect_at_iteration,828
W4,1000,1.5,2,HungarianMatcher+JohnsonDijkstraStrategy,172,negative,edge_relaxations,31622
W4,1000,1.5,2,HungarianMatcher+JohnsonDijkstraStrategy,172,negative,defect_at_iteration,827
W4,1000,1.5,2,HungarianMatcher+JohnsonDijkstraStrategy,173,negative,edge_relaxations,31622
W4,1000,1.5,2,HungarianMatcher+JohnsonDijkstraStrategy,173,negative,defect_at_iteration,826
W4,1000,1.5,2,HungarianMatcher+JohnsonDijkstraStrategy,174,negative,edge_relaxations,31622
W4,1000,1.5,2,HungarianMatcher+JohnsonDijkstraStrategy,174,negative,defect_at_iteration,825
W4,1000,1.5,2,HungarianMatcher+JohnsonDijkstraStrategy,175,negative,edge_relaxations,31622
W4,1000,1.5,2,HungarianMatcher+JohnsonDijkstraStrategy,175,negative,defect_at_iteration,824
W4,1000,1.5,2,HungarianMatcher+JohnsonDijkstraStrategy,176,negative,edge_relaxations,31622
W4,1000,1.5,2,HungarianMatcher+JohnsonDijkstraStrategy,176,negative,defect_at_iteration,823
W4,1000,1.5,2,HungarianMatcher+JohnsonDijkstraStrategy,177,negative,edge_relaxations,31622
W4,1000,1.5,2,HungarianMatcher+JohnsonDijkstraStrategy,177,negative,defect_at_iteration,822
W4,1000,1.5,2,HungarianMatcher+JohnsonDijkstraStrategy,178,negative,edge_relaxations,31622
W4,1000,1.5,2,HungarianMatcher+JohnsonDijkstraStrategy,178,negative,defect_at_iteration,821
W4,1000,1.5,2,HungarianMatcher+JohnsonDijkstraStrategy,179,negative,edge_relaxations,31622
W4,1000,1.5,2,HungarianMatcher+JohnsonDijkstraStrategy,179,negative,defect_at_iteration,820
W4,1000,1.5,2,HungarianMatcher+JohnsonDijkstraStrategy,180,negative,edge_relaxations,31622
W4,1000,1.5,2,HungarianMatcher+JohnsonDijkstraStrategy,180,negative,defect_at_iteration,819
W4,1000,1.5,2,HungarianMatcher+JohnsonDijkstraStrategy,181,negative,edge_relaxations,31622
W4,1000,1.5,2,HungarianMatcher+JohnsonDijkstraStrategy,181,negative,defect_at_iteration,818
W4,1000,1.5,2,HungarianMatcher+JohnsonDijkstraStrategy,182,negative,edge_relaxations,31622
W4,1000,1.5,2,HungarianMatcher+JohnsonDijkstraStrategy,182,negative,defect_at_iteration,817
W4,1000,1.5,2,HungarianMatcher+JohnsonDijkstraStrategy,183,negative,edge_relaxations,31622
W4,1000,1.5,2,HungarianMatcher+JohnsonDijkstraStrategy,183,negative,defect_at_iteration,816
W4,1000,1.5,2,HungarianMatcher+JohnsonDijkstraStrategy,184,negative,edge_relaxations,31622
W4,1000,1.5,2,HungarianMatcher+JohnsonDijkstraStrategy,184,negative,defect_at_iteration,815
W4,1000,1.5,2,HungarianMatcher+JohnsonDijkstraStrategy,185,negative,edge_relaxations,31622
W4,1000,1.5,2,HungarianMatcher+JohnsonDijkstraStrategy,185,negative,defect_at_iteration,814
W4,1000,1.5,2,HungarianMatcher+JohnsonDijkstraStrategy,186,negative,edge_relaxations,31622
W4,1000,1.5,2,HungarianMatcher+JohnsonDijkstraStrategy,186,negative,defect_at_iteration,813
W4,1000,1.5,2,HungarianMatcher+JohnsonDijkstraStrategy,187,negative,edge_relaxations,31622
W4,1000,1.5,2,HungarianMatcher+JohnsonDijkstraStrategy,187,negative,defect_at_iteration,812
W4,1000,1.5,2,HungarianMatcher+JohnsonDijkstraStrategy,188,negative,edge_relaxations,31622
W4,1000,1.5,2,HungarianMatcher+JohnsonDijkstraStrategy,188,negative,defect_at_iteration,811
W4,1000,1.5,2,HungarianMatcher+JohnsonDijkstraStrategy,189,negative,edge_relaxations,31622
W4,1000,1.5,2,HungarianMatcher+JohnsonDijkstraStrategy,189,negative,defect_at_iteration,810
W4,1000,1.5,2,HungarianMatcher+JohnsonDijkstraStrategy,190,negative,edge_relaxations,31622
W4,1000,1.5,2,HungarianMatcher+JohnsonDijkstraStrategy,190,negative,defect_at_iteration,809
W4,1000,1.5,2,HungarianMatcher+JohnsonDijkstraStrategy,191,negative,edge_relaxations,31622
W4,1000,1.5,2,HungarianMatcher+JohnsonDijkstraStrategy,191,negative,defect_at_iteration,808
W4,1000,1.5,2,HungarianMatcher+JohnsonDijkstraStrategy,192,negative,edge_relaxations,31622
W4,1000,1.5,2,HungarianMatcher+JohnsonDijkstraStrategy,192,negative,defect_at_iteration,807
W4,1000,1.5,2,HungarianMatcher+JohnsonDijkstraStrategy,193,negative,edge_relaxations,31622
W4,1000,1.5,2,HungarianMatcher+JohnsonDijkstraStrategy,193,negative,defect_at_iteration,806
W4,1000,1.5,2,HungarianMatcher+JohnsonDijkstraStrategy,194,negative,edge_relaxations,31622
W4,1000,1.5,2,HungarianMatcher+JohnsonDijkstraStrategy,194,negative,defect_at_iteration,805
W4,1000,1.5,2,HungarianMatcher+JohnsonDijkstraStrategy,195,negative,edge_relaxations,31622
W4,1000,1.5,2,HungarianMatcher+JohnsonDijkstraStrategy,195,negative,defect_at_iteration,804
W4,1000,1.5,2,HungarianMatcher+JohnsonDijkstraStrategy,196,negative,edge_relaxations,31622
W4,1000,1.5,2,HungarianMatcher+JohnsonDijkstraStrategy,196,negative,defect_at_iteration,803
W4,1000,1.5,2,HungarianMatcher+JohnsonDijkstraStrategy,197,negative,edge_relaxations,31622
W4,1000,1.5,2,HungarianMatcher+JohnsonDijkstraStrategy,197,negative,defect_at_iteration,802
W4,1000,1.5,2,HungarianMatcher+JohnsonDijkstraStrategy,198,negative,edge_relaxations,31622
W4,1000,1.5,2,HungarianMatcher+JohnsonDijkstraStrategy,198,negative,defect_at_iteration,801
W4,1000,1.5,2,HungarianMatcher+JohnsonDijkstraStrategy,199,negative,edge_relaxations,31622
W4,1000,1.5,2,HungarianMatcher+JohnsonDijkstraStrategy,199,negative,defect_at_iteration,800
W4,1000,1.5,2,HungarianMatcher+JohnsonDijkstraStrategy,200,negative,edge_relaxations,31622
W4,1000,1.5,2,HungarianMatcher+JohnsonDijkstraStrategy,200,negative,defect_at_iteration,799
W4,1000,1.5,2,HungarianMatcher+JohnsonDijkstraStrategy,201,negative,edge_relaxations,31622
W4,1000,1.5,2,HungarianMatcher+JohnsonDijkstraStrategy,201,negative,defect_at_iteration,798
W4,1000,1.5,2,HungarianMatcher+JohnsonDijkstraStrategy,202,negative,edge_relaxations,31622
W4,1000,1.5,2,HungarianMatcher+JohnsonDijkstraStrategy,202,negative,defect_at_iteration,797
W4,1000,1.5,2,HungarianMatcher+JohnsonDijkstraStrategy,203,negative,edge_relaxations,31622
W4,1000,1.5,2,HungarianMatcher+JohnsonDijkstraStrategy,203,negative,defect_at_iteration,796
W4,1000,1.5,2,HungarianMatcher+JohnsonDijkstraStrategy,204,negative,edge_relaxations,31622
W4,1000,1.5,2,HungarianMatcher+JohnsonDijkstraStrategy,204,negative,defect_at_iteration,795
W4,1000,1.5,2,HungarianMatcher+JohnsonDijkstraStrategy,205,negative,edge_relaxations,31622
W4,1000,1.5,2,HungarianMatcher+JohnsonDijkstraStrategy,205,negative,defect_at_iteration,794
W4,1000,1.5,2,HungarianMatcher+JohnsonDijkstraStrategy,206,negative,edge_relaxations,31622
W4,1000,1.5,2,HungarianMatcher+JohnsonDijkstraStrategy,206,negative,defect_at_iteration,793
W4,1000,1.5,2,HungarianMatcher+JohnsonDijkstraStrategy,207,negative,edge_relaxations,31622
W4,1000,1.5,2,HungarianMatcher+JohnsonDijkstraStrategy,207,negative,defect_at_iteration,792
W4,1000,1.5,2,HungarianMatcher+JohnsonDijkstraStrategy,208,negative,edge_relaxations,31622
W4,1000,1.5,2,HungarianMatcher+JohnsonDijkstraStrategy,208,negative,defect_at_iteration,791
W4,1000,1.5,2,HungarianMatcher+JohnsonDijkstraStrategy,209,negative,edge_relaxations,31622
W4,1000,1.5,2,HungarianMatcher+JohnsonDijkstraStrategy,209,negative,defect_at_iteration,790
W4,1000,1.5,2,HungarianMatcher+JohnsonDijkstraStrategy,210,negative,edge_relaxations,31622
W4,1000,1.5,2,HungarianMatcher+JohnsonDijkstraStrategy,210,negative,defect_at_iteration,789
W4,1000,1.5,2,HungarianMatcher+JohnsonDijkstraStrategy,211,negative,edge_relaxations,31622
W4,1000,1.5,2,HungarianMatcher+JohnsonDijkstraStrategy,211,negative,defect_at_iteration,788
W4,1000,1.5,2,HungarianMatcher+JohnsonDijkstraStrategy,212,negative,edge_relaxations,31622
W4,1000,1.5,2,HungarianMatcher+JohnsonDijkstraStrategy,212,negative,defect_at_iteration,787
W4,1000,1.5,2,HungarianMatcher+JohnsonDijkstraStrategy,213,negative,edge_relaxations,31622
W4,1000,1.5,2,HungarianMatcher+JohnsonDijkstraStrategy,213,negative,defect_at_iteration,786
W4,1000,1.5,2,HungarianMatcher+JohnsonDijkstraStrategy,214,negative,edge_relaxations,31622
W4,1000,1.5,2,HungarianMatcher+JohnsonDijkstraStrategy,214,negative,defect_at_iteration,785
W4,1000,1.5,2,HungarianMatcher+JohnsonDijkstraStrategy,215,negative,edge_relaxations,31622
W4,1000,1.5,2,HungarianMatcher+JohnsonDijkstraStrategy,215,negative,defect_at_iteration,784
W4,1000,1.5,2,HungarianMatcher+JohnsonDijkstraStrategy,216,negative,edge_relaxations,31622
W4,1000,1.5,2,HungarianMatcher+JohnsonDijkstraStrategy,216,negative,defect_at_iteration,783
W4,1000,1.5,2,HungarianMatcher+JohnsonDijkstraStrategy,217,negative,edge_relaxations,31622
W4,1000,1.5,2,HungarianMatcher+JohnsonDijkstraStrategy,217,negative,defect_at_iteration,782
W4,1000,1.5,2,HungarianMatcher+JohnsonDijkstraStrategy,218,negative,edge_relaxations,31622
W4,1000,1.5,2,HungarianMatcher+JohnsonDijkstraStrategy,218,negative,defect_at_iteration,781
W4,1000,1.5,2,HungarianMatcher+JohnsonDijkstraStrategy,219,negative,edge_relaxations,31622
W4,1000,1.5,2,HungarianMatcher+JohnsonDijkstraStrategy,219,negative,defect_at_iteration,780
W4,1000,1.5,2,HungarianMatcher+JohnsonDijkstraStrategy,220,negative,edge_relaxations,31622
W4,1000,1.5,2,HungarianMatcher+JohnsonDijkstraStrategy,220,negative,defect_at_iteration,779
W4,1000,1.5,2,HungarianMatcher+JohnsonDijkstraStrategy,221,negative,edge_relaxations,31622
W4,1000,1.5,2,HungarianMatcher+JohnsonDijkstraStrategy,221,negative,defect_at_iteration,778
W4,1000,1.5,2,HungarianMatcher+JohnsonDijkstraStrategy,222,negative,edge_relaxations,31622
W4,1000,1.5,2,HungarianMatcher+JohnsonDijkstraStrategy,222,negative,defect_at_iteration,777
W4,1000,1.5,2,HungarianMatcher+JohnsonDijkstraStrategy,223,negative,edge_relaxations,31622
W4,1000,1.5,2,HungarianMatcher+JohnsonDijkstraStrategy,223,negative,defect_at_iteration,776
W4,1000,1.5,2,HungarianMatcher+JohnsonDijkstraStrategy,224,negative,edge_relaxations,31622
W4,1000,1.5,2,HungarianMatcher+JohnsonDijkstraStrategy,224,negative,defect_at_iteration,775
W4,1000,1.5,2,HungarianMatcher+JohnsonDijkstraStrategy,225,negative,edge_relaxations,31622
W4,1000,1.5,2,HungarianMatcher+JohnsonDijkstraStrategy,225,negative,defect_at_iteration,774
W4,1000,1.5,2,HungarianMatcher+JohnsonDijkstraStrategy,226,negative,edge_relaxations,31622
W4,1000,1.5,2,HungarianMatcher+JohnsonDijkstraStrategy,226,negative,defect_at_iteration,773
W4,1000,1.5,2,HungarianMatcher+JohnsonDijkstraStrategy,227,negative,edge_relaxations,31622
W4,1000,1.5,2,HungarianMatcher+JohnsonDijkstraStrategy,227,negative,defect_at_iteration,772
W4,1000,1.5,2,HungarianMatcher+JohnsonDijkstraStrategy,228,negative,edge_relaxations,31622
W4,1000,1.5,2,HungarianMatcher+JohnsonDijkstraStrategy,228,negative,defect_at_iteration,771
W4,1000,1.5,2,HungarianMatcher+JohnsonDijkstraStrategy,229,negative,edge_relaxations,31622
W4,1000,1.5,2,HungarianMatcher+JohnsonDijkstraStrategy,229,negative,defect_at_iteration,770
W4,1000,1.5,2,HungarianMatcher+JohnsonDijkstraStrategy,230,negative,edge_relaxations,31622
W4,1000,1.5,2,HungarianMatcher+JohnsonDijkstraStrategy,230,negative,defect_at_iteration,769
W4,1000,1.5,2,HungarianMatcher+JohnsonDijkstraStrategy,231,negative,edge_relaxations,31622
W4,1000,1.5,2,HungarianMatcher+JohnsonDijkstraStrategy,231,negative,defect_at_iteration,768
W4,1000,1.5,2,HungarianMatcher+JohnsonDijkstraStrategy,232,negative,edge_relaxations,31622
W4,1000,1.5,2,HungarianMatcher+JohnsonDijkstraStrategy,232,negative,defect_at_iteration,767
W4,1000,1.5,2,HungarianMatcher+JohnsonDijkstraStrategy,233,negative,edge_relaxations,31622
W4,1000,1.5,2,HungarianMatcher+JohnsonDijkstraStrategy,233,negative,defect_at_iteration,766
W4,1000,1.5,2,HungarianMatcher+JohnsonDijkstraStrategy,234,negative,edge_relaxations,31622
W4,1000,1.5,2,HungarianMatcher+JohnsonDijkstraStrategy,234,negative,defect_at_iteration,765
W4,1000,1.5,2,HungarianMatcher+JohnsonDijkstraStrategy,235,negative,edge_relaxations,31622
W4,1000,1.5,2,HungarianMatcher+JohnsonDijkstraStrategy,235,negative,defect_at_iteration,764
W4,1000,1.5,2,HungarianMatcher+JohnsonDijkstraStrategy,236,negative,edge_relaxations,31622
W4,1000,1.5,2,HungarianMatcher+JohnsonDijkstraStrategy,236,negative,defect_at_iteration,763
W4,1000,1.5,2,HungarianMatcher+JohnsonDijkstraStrategy,237,negative,edge_relaxations,31622
W4,1000,1.5,2,HungarianMatcher+JohnsonDijkstraStrategy,237,negative,defect_at_iteration,762
W4,1000,1.5,2,HungarianMatcher+JohnsonDijkstraStrategy,238,negative,edge_relaxations,31622
W4,1000,1.5,2,HungarianMatcher+JohnsonDijkstraStrategy,238,negative,defect_at_iteration,761
W4,1000,1.5,2,HungarianMatcher+JohnsonDijkstraStrategy,239,negative,edge_relaxations,31622
W4,1000,1.5,2,HungarianMatcher+JohnsonDijkstraStrategy,239,negative,defect_at_iteration,760
W4,1000,1.5,2,HungarianMatcher+JohnsonDijkstraStrategy,240,negative,edge_relaxations,31622
W4,1000,1.5,2,HungarianMatcher+JohnsonDijkstraStrategy,240,negative,defect_at_iteration,759
W4,1000,1.5,2,HungarianMatcher+JohnsonDijkstraStrategy,241,negative,edge_relaxations,31622
W4,1000,1.5,2,HungarianMatcher+JohnsonDijkstraStrategy,241,negative,defect_at_iteration,758
W4,1000,1.5,2,HungarianMatcher+JohnsonDijkstraStrategy,242,negative,edge_relaxations,31622
W4,1000,1.5,2,HungarianMatcher+JohnsonDijkstraStrategy,242,negative,defect_at_iteration,757
W4,1000,1.5,2,HungarianMatcher+JohnsonDijkstraStrategy,243,negative,edge_relaxations,31622
W4,1000,1.5,2,HungarianMatcher+JohnsonDijkstraStrategy,243,negative,defect_at_iteration,756
W4,1000,1.5,2,HungarianMatcher+JohnsonDijkstraStrategy,244,negative,edge_relaxations,31622
W4,1000,1.5,2,HungarianMatcher+JohnsonDijkstraStrategy,244,negative,defect_at_iteration,755
W4,1000,1.5,2,HungarianMatcher+JohnsonDijkstraStrategy,245,negative,edge_relaxations,31622
W4,1000,1.5,2,HungarianMatcher+JohnsonDijkstraStrategy,245,negative,defect_at_iteration,754
W4,1000,1.5,2,HungarianMatcher+JohnsonDijkstraStrategy,246,negative,edge_relaxations,31622
W4,1000,1.5,2,HungarianMatcher+JohnsonDijkstraStrategy,246,negative,defect_at_iteration,753
W4,1000,1.5,2,HungarianMatcher+JohnsonDijkstraStrategy,247,negative,edge_relaxations,31622
W4,1000,1.5,2,HungarianMatcher+JohnsonDijkstraStrategy,247,negative,defect_at_iteration,752
W4,1000,1.5,2,HungarianMatcher+JohnsonDijkstraStrategy,248,negative,edge_relaxations,31622
W4,1000,1.5,2,HungarianMatcher+JohnsonDijkstraStrategy,248,negative,defect_at_iteration,751
W4,1000,1.5,2,HungarianMatcher+JohnsonDijkstraStrategy,249,negative,edge_relaxations,31622
W4,1000,1.5,2,HungarianMatcher+JohnsonDijkstraStrategy,249,negative,defect_at_iteration,750
W4,1000,1.5,2,HungarianMatcher+JohnsonDijkstraStrategy,250,negative,edge_relaxations,31622
W4,1000,1.5,2,HungarianMatcher+JohnsonDijkstraStrategy,250,negative,defect_at_iteration,749
W4,1000,1.5,2,HungarianMatcher+JohnsonDijkstraStrategy,251,negative,edge_relaxations,31622
W4,1000,1.5,2,HungarianMatcher+JohnsonDijkstraStrategy,251,negative,defect_at_iteration,748
W4,1000,1.5,2,HungarianMatcher+JohnsonDijkstraStrategy,252,negative,edge_relaxations,31622
W4,1000,1.5,2,HungarianMatcher+JohnsonDijkstraStrategy,252,negative,defect_at_iteration,747
W4,1000,1.5,2,HungarianMatcher+JohnsonDijkstraStrategy,253,negative,edge_relaxations,31622
W4,1000,1.5,2,HungarianMatcher+JohnsonDijkstraStrategy,253,negative,defect_at_iteration,746
W4,1000,1.5,2,HungarianMatcher+JohnsonDijkstraStrategy,254,negative,edge_relaxations,31622
W4,1000,1.5,2,HungarianMatcher+JohnsonDijkstraStrategy,254,negative,defect_at_iteration,745
W4,1000,1.5,2,HungarianMatcher+JohnsonDijkstraStrategy,255,negative,edge_relaxations,31622
W4,1000,1.5,2,HungarianMatcher+JohnsonDijkstraStrategy,255,negative,defect_at_iteration,744
W4,1000,1.5,2,HungarianMatcher+JohnsonDijkstraStrategy,256,negative,edge_relaxations,31622
W4,1000,1.5,2,HungarianMatcher+JohnsonDijkstraStrategy,256,negative,defect_at_iteration,743
W4,1000,1.5,2,HungarianMatcher+JohnsonDijkstraStrategy,257,negative,edge_relaxations,31622
W4,1000,1.5,2,HungarianMatcher+JohnsonDijkstraStrategy,257,negative,defect_at_iteration,742
W4,1000,1.5,2,HungarianMatcher+JohnsonDijkstraStrategy,258,negative,edge_relaxations,31622
W4,1000,1.5,2,HungarianMatcher+JohnsonDijkstraStrategy,258,negative,defect_at_iteration,741
W4,1000,1.5,2,HungarianMatcher+JohnsonDijkstraStrategy,259,negative,edge_relaxations,31622
W4,1000,1.5,2,HungarianMatcher+JohnsonDijkstraStrategy,259,negative,defect_at_iteration,740
W4,1000,1.5,2,HungarianMatcher+JohnsonDijkstraStrategy,260,negative,edge_relaxations,31622
W4,1000,1.5,2,HungarianMatcher+JohnsonDijkstraStrategy,260,negative,defect_at_iteration,739
W4,1000,1.5,2,HungarianMatcher+JohnsonDijkstraStrategy,261,negative,edge_relaxations,31622
W4,1000,1.5,2,HungarianMatcher+JohnsonDijkstraStrategy,261,negative,defect_at_iteration,738
W4,1000,1.5,2,HungarianMatcher+JohnsonDijkstraStrategy,262,negative,edge_relaxations,31622
W4,1000,1.5,2,HungarianMatcher+JohnsonDijkstraStrategy,262,negative,defect_at_iteration,737
W4,1000,1.5,2,HungarianMatcher+JohnsonDijkstraStrategy,263,negative,edge_relaxations,31622
W4,1000,1.5,2,HungarianMatcher+JohnsonDijkstraStrategy,263,negative,defect_at_iteration,736
W4,1000,1.5,2,HungarianMatcher+JohnsonDijkstraStrategy,264,negative,edge_relaxations,31622
W4,1000,1.5,2,HungarianMatcher+JohnsonDijkstraStrategy,264,negative,defect_at_iteration,735
W4,1000,1.5,2,HungarianMatcher+JohnsonDijkstraStrategy,265,negative,edge_relaxations,31622
W4,1000,1.5,2,HungarianMatcher+JohnsonDijkstraStrategy,265,negative,defect_at_iteration,734
W4,1000,1.5,2,HungarianMatcher+JohnsonDijkstraStrategy,266,negative,edge_relaxations,31622
W4,1000,1.5,2,HungarianMatcher+JohnsonDijkstraStrategy,266,negative,defect_at_iteration,733
W4,1000,1.5,2,HungarianMatcher+JohnsonDijkstraStrategy,267,negative,edge_relaxations,31622
W4,1000,1.5,2,HungarianMatcher+JohnsonDijkstraStrategy,267,negative,defect_at_iteration,732
W4,1000,1.5,2,HungarianMatcher+JohnsonDijkstraStrategy,268,negative,edge_relaxations,31622
W4,1000,1.5,2,HungarianMatcher+JohnsonDijkstraStrategy,268,negative,defect_at_iteration,731
W4,1000,1.5,2,HungarianMatcher+JohnsonDijkstraStrategy,269,negative,edge_relaxations,31622
W4,1000,1.5,2,HungarianMatcher+JohnsonDijkstraStrategy,269,negative,defect_at_iteration,730
W4,1000,1.5,2,HungarianMatcher+JohnsonDijkstraStrategy,270,negative,edge_relaxations,31622
W4,1000,1.5,2,HungarianMatcher+JohnsonDijkstraStrategy,270,negative,defect_at_iteration,729
W4,1000,1.5,2,HungarianMatcher+JohnsonDijkstraStrategy,271,negative,edge_relaxations,31622
W4,1000,1.5,2,HungarianMatcher+JohnsonDijkstraStrategy,271,negative,defect_at_iteration,728
W4,1000,1.5,2,HungarianMatcher+JohnsonDijkstraStrategy,272,negative,edge_relaxations,31622
W4,1000,1.5,2,HungarianMatcher+JohnsonDijkstraStrategy,272,negative,defect_at_iteration,727
W4,1000,1.5,2,HungarianMatcher+JohnsonDijkstraStrategy,273,negative,edge_relaxations,31622
W4,1000,1.5,2,HungarianMatcher+JohnsonDijkstraStrategy,273,negative,defect_at_iteration,726
W4,1000,1.5,2,HungarianMatcher+JohnsonDijkstraStrategy,274,negative,edge_relaxations,31622
W4,1000,1.5,2,HungarianMatcher+JohnsonDijkstraStrategy,274,negative,defect_at_iteration,725
W4,1000,1.5,2,HungarianMatcher+JohnsonDijkstraStrategy,275,negative,edge_relaxations,31622
W4,1000,1.5,2,HungarianMatcher+JohnsonDijkstraStrategy,275,negative,defect_at_iteration,724
W4,1000,1.5,2,HungarianMatcher+JohnsonDijkstraStrategy,276,negative,edge_relaxations,31622
W4,1000,1.5,2,HungarianMatcher+JohnsonDijkstraStrategy,276,negative,defect_at_iteration,723
W4,1000,1.5,2,HungarianMatcher+JohnsonDijkstraStrategy,277,negative,edge_relaxations,31622
W4,1000,1.5,2,HungarianMatcher+JohnsonDijkstraStrategy,277,negative,defect_at_iteration,722
W4,1000,1.5,2,HungarianMatcher+JohnsonDijkstraStrategy,278,negative,edge_relaxations,31622
W4,1000,1.5,2,HungarianMatcher+JohnsonDijkstraStrategy,278,negative,defect_at_iteration,721
W4,1000,1.5,2,HungarianMatcher+JohnsonDijkstraStrategy,279,negative,edge_relaxations,31622
W4,1000,1.5,2,HungarianMatcher+JohnsonDijkstraStrategy,279,negative,defect_at_iteration,720
W4,1000,1.5,2,HungarianMatcher+JohnsonDijkstraStrategy,280,negative,edge_relaxations,31622
W4,1000,1.5,2,HungarianMatcher+JohnsonDijkstraStrategy,280,negative,defect_at_iteration,719
W4,1000,1.5,2,HungarianMatcher+JohnsonDijkstraStrategy,281,negative,edge_relaxations,31622
W4,1000,1.5,2,HungarianMatcher+JohnsonDijkstraStrategy,281,negative,defect_at_iteration,718
W4,1000,1.5,2,HungarianMatcher+JohnsonDijkstraStrategy,282,negative,edge_relaxations,31622
W4,1000,1.5,2,HungarianMatcher+JohnsonDijkstraStrategy,282,negative,defect_at_iteration,717
W4,1000,1.5,2,HungarianMatcher+JohnsonDijkstraStrategy,283,negative,edge_relaxations,31622
W4,1000,1.5,2,HungarianMatcher+JohnsonDijkstraStrategy,283,negative,defect_at_iteration,716
W4,1000,1.5,2,HungarianMatcher+JohnsonDijkstraStrategy,284,negative,edge_relaxations,31622
W4,1000,1.5,2,HungarianMatcher+JohnsonDijkstraStrategy,284,negative,defect_at_iteration,715
W4,1000,1.5,2,HungarianMatcher+JohnsonDijkstraStrategy,285,negative,edge_relaxations,31622
W4,1000,1.5,2,HungarianMatcher+JohnsonDijkstraStrategy,285,negative,defect_at_iteration,714
W4,1000,1.5,2,HungarianMatcher+JohnsonDijkstraStrategy,286,negative,edge_relaxations,31622
W4,1000,1.5,2,HungarianMatcher+JohnsonDijkstraStrategy,286,negative,defect_at_iteration,713
W4,1000,1.5,2,HungarianMatcher+JohnsonDijkstraStrategy,287,negative,edge_relaxations,31622
W4,1000,1.5,2,HungarianMatcher+JohnsonDijkstraStrategy,287,negative,defect_at_iteration,712
W4,1000,1.5,2,HungarianMatcher+JohnsonDijkstraStrategy,288,negative,edge_relaxations,31622
W4,1000,1.5,2,HungarianMatcher+JohnsonDijkstraStrategy,288,negative,defect_at_iteration,711
W4,1000,1.5,2,HungarianMatcher+JohnsonDijkstraStrategy,289,negative,edge_relaxations,31622
W4,1000,1.5,2,HungarianMatcher+JohnsonDijkstraStrategy,289,negative,defect_at_iteration,710
W4,1000,1.5,2,HungarianMatcher+JohnsonDijkstraStrategy,290,negative,edge_relaxations,31622
W4,1000,1.5,2,HungarianMatcher+JohnsonDijkstraStrategy,290,negative,defect_at_iteration,709
W4,1000,1.5,2,HungarianMatcher+JohnsonDijkstraStrategy,291,negative,edge_relaxations,31622
W4,1000,1.5,2,HungarianMatcher+JohnsonDijkstraStrategy,291,negative,defect_at_iteration,708
W4,1000,1.5,2,HungarianMatcher+JohnsonDijkstraStrategy,292,negative,edge_relaxations,31622
W4,1000,1.5,2,HungarianMatcher+JohnsonDijkstraStrategy,292,negative,defect_at_iteration,707
W4,1000,1.5,2,HungarianMatcher+JohnsonDijkstraStrategy,293,negative,edge_relaxations,31622
W4,1000,1.5,2,HungarianMatcher+JohnsonDijkstraStrategy,293,negative,defect_at_iteration,706
W4,1000,1.5,2,HungarianMatcher+JohnsonDijkstraStrategy,294,negative,edge_relaxations,31622
W4,1000,1.5,2,HungarianMatcher+JohnsonDijkstraStrategy,294,negative,defect_at_iteration,705
W4,1000,1.5,2,HungarianMatcher+JohnsonDijkstraStrategy,295,negative,edge_relaxations,31622
W4,1000,1.5,2,HungarianMatcher+JohnsonDijkstraStrategy,295,negative,defect_at_iteration,704
W4,1000,1.5,2,HungarianMatcher+JohnsonDijkstraStrategy,296,negative,edge_relaxations,31622
W4,1000,1.5,2,HungarianMatcher+JohnsonDijkstraStrategy,296,negative,defect_at_iteration,703
W4,1000,1.5,2,HungarianMatcher+JohnsonDijkstraStrategy,297,negative,edge_relaxations,31622
W4,1000,1.5,2,HungarianMatcher+JohnsonDijkstraStrategy,297,negative,defect_at_iteration,702
W4,1000,1.5,2,HungarianMatcher+JohnsonDijkstraStrategy,298,negative,edge_relaxations,31622
W4,1000,1.5,2,HungarianMatcher+JohnsonDijkstraStrategy,298,negative,defect_at_iteration,701
W4,1000,1.5,2,HungarianMatcher+JohnsonDijkstraStrategy,299,negative,edge_relaxations,31622
W4,1000,1.5,2,HungarianMatcher+JohnsonDijkstraStrategy,299,negative,defect_at_iteration,700
W4,1000,1.5,2,HungarianMatcher+JohnsonDijkstraStrategy,300,negative,edge_relaxations,31622
W4,1000,1.5,2,HungarianMatcher+JohnsonDijkstraStrategy,300,negative,defect_at_iteration,699
W4,1000,1.5,2,HungarianMatcher+JohnsonDijkstraStrategy,301,negative,edge_relaxations,31622
W4,1000,1.5,2,HungarianMatcher+JohnsonDijkstraStrategy,301,negative,defect_at_iteration,698
W4,1000,1.5,2,HungarianMatcher+JohnsonDijkstraStrategy,302,negative,edge_relaxations,31622
W4,1000,1.5,2,HungarianMatcher+JohnsonDijkstraStrategy,302,negative,defect_at_iteration,697
W4,1000,1.5,2,HungarianMatcher+JohnsonDijkstraStrategy,303,negative,edge_relaxations,31622
W4,1000,1.5,2,HungarianMatcher+JohnsonDijkstraStrategy,303,negative,defect_at_iteration,696
W4,1000,1.5,2,HungarianMatcher+JohnsonDijkstraStrategy,304,negative,edge_relaxations,31622
W4,1000,1.5,2,HungarianMatcher+JohnsonDijkstraStrategy,304,negative,defect_at_iteration,695
W4,1000,1.5,2,HungarianMatcher+JohnsonDijkstraStrategy,305,negative,edge_relaxations,31622
W4,1000,1.5,2,HungarianMatcher+JohnsonDijkstraStrategy,305,negative,defect_at_iteration,694
W4,1000,1.5,2,HungarianMatcher+JohnsonDijkstraStrategy,306,negative,edge_relaxations,31622
W4,1000,1.5,2,HungarianMatcher+JohnsonDijkstraStrategy,306,negative,defect_at_iteration,693
W4,1000,1.5,2,HungarianMatcher+JohnsonDijkstraStrategy,307,negative,edge_relaxations,31622
W4,1000,1.5,2,HungarianMatcher+JohnsonDijkstraStrategy,307,negative,defect_at_iteration,692
W4,1000,1.5,2,HungarianMatcher+JohnsonDijkstraStrategy,308,negative,edge_relaxations,31622
W4,1000,1.5,2,HungarianMatcher+JohnsonDijkstraStrategy,308,negative,defect_at_iteration,691
W4,1000,1.5,2,HungarianMatcher+JohnsonDijkstraStrategy,309,negative,edge_relaxations,31622
W4,1000,1.5,2,HungarianMatcher+JohnsonDijkstraStrategy,309,negative,defect_at_iteration,690
W4,1000,1.5,2,HungarianMatcher+JohnsonDijkstraStrategy,310,negative,edge_relaxations,31622
W4,1000,1.5,2,HungarianMatcher+JohnsonDijkstraStrategy,310,negative,defect_at_iteration,689
W4,1000,1.5,2,HungarianMatcher+JohnsonDijkstraStrategy,311,negative,edge_relaxations,31622
W4,1000,1.5,2,HungarianMatcher+JohnsonDijkstraStrategy,311,negative,defect_at_iteration,688
W4,1000,1.5,2,HungarianMatcher+JohnsonDijkstraStrategy,312,negative,edge_relaxations,31622
W4,1000,1.5,2,HungarianMatcher+JohnsonDijkstraStrategy,312,negative,defect_at_iteration,687
W4,1000,1.5,2,HungarianMatcher+JohnsonDijkstraStrategy,313,negative,edge_relaxations,31622
W4,1000,1.5,2,HungarianMatcher+JohnsonDijkstraStrategy,313,negative,defect_at_iteration,686
W4,1000,1.5,2,HungarianMatcher+JohnsonDijkstraStrategy,314,negative,edge_relaxations,31622
W4,1000,1.5,2,HungarianMatcher+JohnsonDijkstraStrategy,314,negative,defect_at_iteration,685
W4,1000,1.5,2,HungarianMatcher+JohnsonDijkstraStrategy,315,negative,edge_relaxations,31622
W4,1000,1.5,2,HungarianMatcher+JohnsonDijkstraStrategy,315,negative,defect_at_iteration,684
W4,1000,1.5,2,HungarianMatcher+JohnsonDijkstraStrategy,316,negative,edge_relaxations,31622
W4,1000,1.5,2,HungarianMatcher+JohnsonDijkstraStrategy,316,negative,defect_at_iteration,683
W4,1000,1.5,2,HungarianMatcher+JohnsonDijkstraStrategy,317,negative,edge_relaxations,31622
W4,1000,1.5,2,HungarianMatcher+JohnsonDijkstraStrategy,317,negative,defect_at_iteration,682
W4,1000,1.5,2,HungarianMatcher+JohnsonDijkstraStrategy,318,negative,edge_relaxations,31622
W4,1000,1.5,2,HungarianMatcher+JohnsonDijkstraStrategy,318,negative,defect_at_iteration,681
W4,1000,1.5,2,HungarianMatcher+JohnsonDijkstraStrategy,319,negative,edge_relaxations,31622
W4,1000,1.5,2,HungarianMatcher+JohnsonDijkstraStrategy,319,negative,defect_at_iteration,680
W4,1000,1.5,2,HungarianMatcher+JohnsonDijkstraStrategy,320,negative,edge_relaxations,31622
W4,1000,1.5,2,HungarianMatcher+JohnsonDijkstraStrategy,320,negative,defect_at_iteration,679
W4,1000,1.5,2,HungarianMatcher+JohnsonDijkstraStrategy,321,negative,edge_relaxations,31622
W4,1000,1.5,2,HungarianMatcher+JohnsonDijkstraStrategy,321,negative,defect_at_iteration,678
W4,1000,1.5,2,HungarianMatcher+JohnsonDijkstraStrategy,322,negative,edge_relaxations,31622
W4,1000,1.5,2,HungarianMatcher+JohnsonDijkstraStrategy,322,negative,defect_at_iteration,677
W4,1000,1.5,2,HungarianMatcher+JohnsonDijkstraStrategy,323,negative,edge_relaxations,31622
W4,1000,1.5,2,HungarianMatcher+JohnsonDijkstraStrategy,323,negative,defect_at_iteration,676
W4,1000,1.5,2,HungarianMatcher+JohnsonDijkstraStrategy,324,negative,edge_relaxations,31622
W4,1000,1.5,2,HungarianMatcher+JohnsonDijkstraStrategy,324,negative,defect_at_iteration,675
W4,1000,1.5,2,HungarianMatcher+JohnsonDijkstraStrategy,325,negative,edge_relaxations,31622
W4,1000,1.5,2,HungarianMatcher+JohnsonDijkstraStrategy,325,negative,defect_at_iteration,674
W4,1000,1.5,2,HungarianMatcher+JohnsonDijkstraStrategy,326,negative,edge_relaxations,31622
W4,1000,1.5,2,HungarianMatcher+JohnsonDijkstraStrategy,326,negative,defect_at_iteration,673
W4,1000,1.5,2,HungarianMatcher+JohnsonDijkstraStrategy,327,negative,edge_relaxations,31622
W4,1000,1.5,2,HungarianMatcher+JohnsonDijkstraStrategy,327,negative,defect_at_iteration,672
W4,1000,1.5,2,HungarianMatcher+JohnsonDijkstraStrategy,328,negative,edge_relaxations,31622
W4,1000,1.5,2,HungarianMatcher+JohnsonDijkstraStrategy,328,negative,defect_at_iteration,671
W4,1000,1.5,2,HungarianMatcher+JohnsonDijkstraStrategy,329,negative,edge_relaxations,31622
W4,1000,1.5,2,HungarianMatcher+JohnsonDijkstraStrategy,329,negative,defect_at_iteration,670
W4,1000,1.5,2,HungarianMatcher+JohnsonDijkstraStrategy,330,negative,edge_relaxations,31622
W4,1000,1.5,2,HungarianMatcher+JohnsonDijkstraStrategy,330,negative,defect_at_iteration,669
W4,1000,1.5,2,HungarianMatcher+JohnsonDijkstraStrategy,331,negative,edge_relaxations,31622
W4,1000,1.5,2,HungarianMatcher+JohnsonDijkstraStrategy,331,negative,defect_at_iteration,668
W4,1000,1.5,2,HungarianMatcher+JohnsonDijkstraStrategy,332,negative,edge_relaxations,31622
W4,1000,1.5,2,HungarianMatcher+JohnsonDijkstraStrategy,332,negative,defect_at_iteration,667
W4,1000,1.5,2,HungarianMatcher+JohnsonDijkstraStrategy,333,negative,edge_relaxations,31622
W4,1000,1.5,2,HungarianMatcher+JohnsonDijkstraStrategy,333,negative,defect_at_iteration,666
W4,1000,1.5,2,HungarianMatcher+JohnsonDijkstraStrategy,334,negative,edge_relaxations,31622
W4,1000,1.5,2,HungarianMatcher+JohnsonDijkstraStrategy,334,negative,defect_at_iteration,665
W4,1000,1.5,2,HungarianMatcher+JohnsonDijkstraStrategy,335,negative,edge_relaxations,31622
W4,1000,1.5,2,HungarianMatcher+JohnsonDijkstraStrategy,335,negative,defect_at_iteration,664
W4,1000,1.5,2,HungarianMatcher+JohnsonDijkstraStrategy,336,negative,edge_relaxations,31622
W4,1000,1.5,2,HungarianMatcher+JohnsonDijkstraStrategy,336,negative,defect_at_iteration,663
W4,1000,1.5,2,HungarianMatcher+JohnsonDijkstraStrategy,337,negative,edge_relaxations,31622
W4,1000,1.5,2,HungarianMatcher+JohnsonDijkstraStrategy,337,negative,defect_at_iteration,662
W4,1000,1.5,2,HungarianMatcher+JohnsonDijkstraStrategy,338,negative,edge_relaxations,31622
W4,1000,1.5,2,HungarianMatcher+JohnsonDijkstraStrategy,338,negative,defect_at_iteration,661
W4,1000,1.5,2,HungarianMatcher+JohnsonDijkstraStrategy,339,negative,edge_relaxations,31622
W4,1000,1.5,2,HungarianMatcher+JohnsonDijkstraStrategy,339,negative,defect_at_iteration,660
W4,1000,1.5,2,HungarianMatcher+JohnsonDijkstraStrategy,340,negative,edge_relaxations,31622
W4,1000,1.5,2,HungarianMatcher+JohnsonDijkstraStrategy,340,negative,defect_at_iteration,659
W4,1000,1.5,2,HungarianMatcher+JohnsonDijkstraStrategy,341,negative,edge_relaxations,31622
W4,1000,1.5,2,HungarianMatcher+JohnsonDijkstraStrategy,341,negative,defect_at_iteration,658
W4,1000,1.5,2,HungarianMatcher+JohnsonDijkstraStrategy,342,negative,edge_relaxations,31622
W4,1000,1.5,2,HungarianMatcher+JohnsonDijkstraStrategy,342,negative,defect_at_iteration,657
W4,1000,1.5,2,HungarianMatcher+JohnsonDijkstraStrategy,343,negative,edge_relaxations,31622
W4,1000,1.5,2,HungarianMatcher+JohnsonDijkstraStrategy,343,negative,defect_at_iteration,656
W4,1000,1.5,2,HungarianMatcher+JohnsonDijkstraStrategy,344,negative,edge_relaxations,31622
W4,1000,1.5,2,HungarianMatcher+JohnsonDijkstraStrategy,344,negative,defect_at_iteration,655
W4,1000,1.5,2,HungarianMatcher+JohnsonDijkstraStrategy,345,negative,edge_relaxations,31622
W4,1000,1.5,2,HungarianMatcher+JohnsonDijkstraStrategy,345,negative,defect_at_iteration,654
W4,1000,1.5,2,HungarianMatcher+JohnsonDijkstraStrategy,346,negative,edge_relaxations,31622
W4,1000,1.5,2,HungarianMatcher+JohnsonDijkstraStrategy,346,negative,defect_at_iteration,653
W4,1000,1.5,2,HungarianMatcher+JohnsonDijkstraStrategy,347,negative,edge_relaxations,31622
W4,1000,1.5,2,HungarianMatcher+JohnsonDijkstraStrategy,347,negative,defect_at_iteration,652
W4,1000,1.5,2,HungarianMatcher+JohnsonDijkstraStrategy,348,negative,edge_relaxations,31622
W4,1000,1.5,2,HungarianMatcher+JohnsonDijkstraStrategy,348,negative,defect_at_iteration,651
W4,1000,1.5,2,HungarianMatcher+JohnsonDijkstraStrategy,349,negative,edge_relaxations,31622
W4,1000,1.5,2,HungarianMatcher+JohnsonDijkstraStrategy,349,negative,defect_at_iteration,650
W4,1000,1.5,2,HungarianMatcher+JohnsonDijkstraStrategy,350,negative,edge_relaxations,31622
W4,1000,1.5,2,HungarianMatcher+JohnsonDijkstraStrategy,350,negative,defect_at_iteration,649
W4,1000,1.5,2,HungarianMatcher+JohnsonDijkstraStrategy,351,negative,edge_relaxations,31622
W4,1000,1.5,2,HungarianMatcher+JohnsonDijkstraStrategy,351,negative,defect_at_iteration,648
W4,1000,1.5,2,HungarianMatcher+JohnsonDijkstraStrategy,352,negative,edge_relaxations,31622
W4,1000,1.5,2,HungarianMatcher+JohnsonDijkstraStrategy,352,negative,defect_at_iteration,647
W4,1000,1.5,2,HungarianMatcher+JohnsonDijkstraStrategy,353,negative,edge_relaxations,31622
W4,1000,1.5,2,HungarianMatcher+JohnsonDijkstraStrategy,353,negative,defect_at_iteration,646
W4,1000,1.5,2,HungarianMatcher+JohnsonDijkstraStrategy,354,negative,edge_relaxations,31622
W4,1000,1.5,2,HungarianMatcher+JohnsonDijkstraStrategy,354,negative,defect_at_iteration,645
W4,1000,1.5,2,HungarianMatcher+JohnsonDijkstraStrategy,355,negative,edge_relaxations,31622
W4,1000,1.5,2,HungarianMatcher+JohnsonDijkstraStrategy,355,negative,defect_at_iteration,644
W4,1000,1.5,2,HungarianMatcher+JohnsonDijkstraStrategy,356,negative,edge_relaxations,31622
W4,1000,1.5,2,HungarianMatcher+JohnsonDijkstraStrategy,356,negative,defect_at_iteration,643
W4,1000,1.5,2,HungarianMatcher+JohnsonDijkstraStrategy,357,negative,edge_relaxations,31622
W4,1000,1.5,2,HungarianMatcher+JohnsonDijkstraStrategy,357,negative,defect_at_iteration,642
W4,1000,1.5,2,HungarianMatcher+JohnsonDijkstraStrategy,358,negative,edge_relaxations,31622
W4,1000,1.5,2,HungarianMatcher+JohnsonDijkstraStrategy,358,negative,defect_at_iteration,641
W4,1000,1.5,2,HungarianMatcher+JohnsonDijkstraStrategy,359,negative,edge_relaxations,31622
W4,1000,1.5,2,HungarianMatcher+JohnsonDijkstraStrategy,359,negative,defect_at_iteration,640
W4,1000,1.5,2,HungarianMatcher+JohnsonDijkstraStrategy,360,negative,edge_relaxations,31622
W4,1000,1.5,2,HungarianMatcher+JohnsonDijkstraStrategy,360,negative,defect_at_iteration,639
W4,1000,1.5,2,HungarianMatcher+JohnsonDijkstraStrategy,361,negative,edge_relaxations,31622
W4,1000,1.5,2,HungarianMatcher+JohnsonDijkstraStrategy,361,negative,defect_at_iteration,638
W4,1000,1.5,2,HungarianMatcher+JohnsonDijkstraStrategy,362,negative,edge_relaxations,31622
W4,1000,1.5,2,HungarianMatcher+JohnsonDijkstraStrategy,362,negative,defect_at_iteration,637
W4,1000,1.5,2,HungarianMatcher+JohnsonDijkstraStrategy,363,negative,edge_relaxations,31622
W4,1000,1.5,2,HungarianMatcher+JohnsonDijkstraStrategy,363,negative,defect_at_iteration,636
W4,1000,1.5,2,HungarianMatcher+JohnsonDijkstraStrategy,364,negative,edge_relaxations,31622
W4,1000,1.5,2,HungarianMatcher+JohnsonDijkstraStrategy,364,negative,defect_at_iteration,635
W4,1000,1.5,2,HungarianMatcher+JohnsonDijkstraStrategy,365,negative,edge_relaxations,31622
W4,1000,1.5,2,HungarianMatcher+JohnsonDijkstraStrategy,365,negative,defect_at_iteration,634
W4,1000,1.5,2,HungarianMatcher+JohnsonDijkstraStrategy,366,negative,edge_relaxations,31622
W4,1000,1.5,2,HungarianMatcher+JohnsonDijkstraStrategy,366,negative,defect_at_iteration,633
W4,1000,1.5,2,HungarianMatcher+JohnsonDijkstraStrategy,367,negative,edge_relaxations,31622
W4,1000,1.5,2,HungarianMatcher+JohnsonDijkstraStrategy,367,negative,defect_at_iteration,632
W4,1000,1.5,2,HungarianMatcher+JohnsonDijkstraStrategy,368,negative,edge_relaxations,31622
W4,1000,1.5,2,HungarianMatcher+JohnsonDijkstraStrategy,368,negative,defect_at_iteration,631
W4,1000,1.5,2,HungarianMatcher+JohnsonDijkstraStrategy,369,negative,edge_relaxations,31622
W4,1000,1.5,2,HungarianMatcher+JohnsonDijkstraStrategy,369,negative,defect_at_iteration,630
W4,1000,1.5,2,HungarianMatcher+JohnsonDijkstraStrategy,370,negative,edge_relaxations,31622
W4,1000,1.5,2,HungarianMatcher+JohnsonDijkstraStrategy,370,negative,defect_at_iteration,629
W4,1000,1.5,2,HungarianMatcher+JohnsonDijkstraStrategy,371,negative,edge_relaxations,31622
W4,1000,1.5,2,HungarianMatcher+JohnsonDijkstraStrategy,371,negative,defect_at_iteration,628
W4,1000,1.5,2,HungarianMatcher+JohnsonDijkstraStrategy,372,negative,edge_relaxations,31622
W4,1000,1.5,2,HungarianMatcher+JohnsonDijkstraStrategy,372,negative,defect_at_iteration,627
W4,1000,1.5,2,HungarianMatcher+JohnsonDijkstraStrategy,373,negative,edge_relaxations,31622
W4,1000,1.5,2,HungarianMatcher+JohnsonDijkstraStrategy,373,negative,defect_at_iteration,626
W4,1000,1.5,2,HungarianMatcher+JohnsonDijkstraStrategy,374,negative,edge_relaxations,31622
W4,1000,1.5,2,HungarianMatcher+JohnsonDijkstraStrategy,374,negative,defect_at_iteration,625
W4,1000,1.5,2,HungarianMatcher+JohnsonDijkstraStrategy,375,negative,edge_relaxations,31622
W4,1000,1.5,2,HungarianMatcher+JohnsonDijkstraStrategy,375,negative,defect_at_iteration,624
W4,1000,1.5,2,HungarianMatcher+JohnsonDijkstraStrategy,376,negative,edge_relaxations,31622
W4,1000,1.5,2,HungarianMatcher+JohnsonDijkstraStrategy,376,negative,defect_at_iteration,623
W4,1000,1.5,2,HungarianMatcher+JohnsonDijkstraStrategy,377,negative,edge_relaxations,31622
W4,1000,1.5,2,HungarianMatcher+JohnsonDijkstraStrategy,377,negative,defect_at_iteration,622
W4,1000,1.5,2,HungarianMatcher+JohnsonDijkstraStrategy,378,negative,edge_relaxations,31622
W4,1000,1.5,2,HungarianMatcher+JohnsonDijkstraStrategy,378,negative,defect_at_iteration,621
W4,1000,1.5,2,HungarianMatcher+JohnsonDijkstraStrategy,379,negative,edge_relaxations,31622
W4,1000,1.5,2,HungarianMatcher+JohnsonDijkstraStrategy,379,negative,defect_at_iteration,620
W4,1000,1.5,2,HungarianMatcher+JohnsonDijkstraStrategy,380,negative,edge_relaxations,31622
W4,1000,1.5,2,HungarianMatcher+JohnsonDijkstraStrategy,380,negative,defect_at_iteration,619
W4,1000,1.5,2,HungarianMatcher+JohnsonDijkstraStrategy,381,negative,edge_relaxations,31622
W4,1000,1.5,2,HungarianMatcher+JohnsonDijkstraStrategy,381,negative,defect_at_iteration,618
W4,1000,1.5,2,HungarianMatcher+JohnsonDijkstraStrategy,382,negative,edge_relaxations,31622
W4,1000,1.5,2,HungarianMatcher+JohnsonDijkstraStrategy,382,negative,defect_at_iteration,617
W4,1000,1.5,2,HungarianMatcher+JohnsonDijkstraStrategy,383,negative,edge_relaxations,31622
W4,1000,1.5,2,HungarianMatcher+JohnsonDijkstraStrategy,383,negative,defect_at_iteration,616
W4,1000,1.5,2,HungarianMatcher+JohnsonDijkstraStrategy,384,negative,edge_relaxations,31622
W4,1000,1.5,2,HungarianMatcher+JohnsonDijkstraStrategy,384,negative,defect_at_iteration,615
W4,1000,1.5,2,HungarianMatcher+JohnsonDijkstraStrategy,385,negative,edge_relaxations,31622
W4,1000,1.5,2,HungarianMatcher+JohnsonDijkstraStrategy,385,negative,defect_at_iteration,614
W4,1000,1.5,2,HungarianMatcher+JohnsonDijkstraStrategy,386,negative,edge_relaxations,31622
W4,1000,1.5,2,HungarianMatcher+JohnsonDijkstraStrategy,386,negative,defect_at_iteration,613
W4,1000,1.5,2,HungarianMatcher+JohnsonDijkstraStrategy,387,negative,edge_relaxations,31622
W4,1000,1.5,2,HungarianMatcher+JohnsonDijkstraStrategy,387,negative,defect_at_iteration,612
W4,1000,1.5,2,HungarianMatcher+JohnsonDijkstraStrategy,388,negative,edge_relaxations,31622
W4,1000,1.5,2,HungarianMatcher+JohnsonDijkstraStrategy,388,negative,defect_at_iteration,611
W4,1000,1.5,2,HungarianMatcher+JohnsonDijkstraStrategy,389,negative,edge_relaxations,31622
W4,1000,1.5,2,HungarianMatcher+JohnsonDijkstraStrategy,389,negative,defect_at_iteration,610
W4,1000,1.5,2,HungarianMatcher+JohnsonDijkstraStrategy,390,negative,edge_relaxations,31622
W4,1000,1.5,2,HungarianMatcher+JohnsonDijkstraStrategy,390,negative,defect_at_iteration,609
W4,1000,1.5,2,HungarianMatcher+JohnsonDijkstraStrategy,391,negative,edge_relaxations,31622
W4,1000,1.5,2,HungarianMatcher+JohnsonDijkstraStrategy,391,negative,defect_at_iteration,608
W4,1000,1.5,2,HungarianMatcher+JohnsonDijkstraStrategy,392,negative,edge_relaxations,31622
W4,1000,1.5,2,HungarianMatcher+JohnsonDijkstraStrategy,392,negative,defect_at_iteration,607
W4,1000,1.5,2,HungarianMatcher+JohnsonDijkstraStrategy,393,negative,edge_relaxations,31622
W4,1000,1.5,2,HungarianMatcher+JohnsonDijkstraStrategy,393,negative,defect_at_iteration,606
W4,1000,1.5,2,HungarianMatcher+JohnsonDijkstraStrategy,394,negative,edge_relaxations,31622
W4,1000,1.5,2,HungarianMatcher+JohnsonDijkstraStrategy,394,negative,defect_at_iteration,605
W4,1000,1.5,2,HungarianMatcher+JohnsonDijkstraStrategy,395,negative,edge_relaxations,31622
W4,1000,1.5,2,HungarianMatcher+JohnsonDijkstraStrategy,395,negative,defect_at_iteration,604
W4,1000,1.5,2,HungarianMatcher+JohnsonDijkstraStrategy,396,negative,edge_relaxations,31622
W4,1000,1.5,2,HungarianMatcher+JohnsonDijkstraStrategy,396,negative,defect_at_iteration,603
W4,1000,1.5,2,HungarianMatcher+JohnsonDijkstraStrategy,397,negative,edge_relaxations,31622
W4,1000,1.5,2,HungarianMatcher+JohnsonDijkstraStrategy,397,negative,defect_at_iteration,602
W4,1000,1.5,2,HungarianMatcher+JohnsonDijkstraStrategy,398,negative,edge_relaxations,31622
W4,1000,1.5,2,HungarianMatcher+JohnsonDijkstraStrategy,398,negative,defect_at_iteration,601
W4,1000,1.5,2,HungarianMatcher+JohnsonDijkstraStrategy,399,negative,edge_relaxations,31622
W4,1000,1.5,2,HungarianMatcher+JohnsonDijkstraStrategy,399,negative,defect_at_iteration,600
W4,1000,1.5,2,HungarianMatcher+JohnsonDijkstraStrategy,400,negative,edge_relaxations,31622
W4,1000,1.5,2,HungarianMatcher+JohnsonDijkstraStrategy,400,negative,defect_at_iteration,599
W4,1000,1.5,2,HungarianMatcher+JohnsonDijkstraStrategy,401,negative,edge_relaxations,31622
W4,1000,1.5,2,HungarianMatcher+JohnsonDijkstraStrategy,401,negative,defect_at_iteration,598
W4,1000,1.5,2,HungarianMatcher+JohnsonDijkstraStrategy,402,negative,edge_relaxations,31622
W4,1000,1.5,2,HungarianMatcher+JohnsonDijkstraStrategy,402,negative,defect_at_iteration,597
W4,1000,1.5,2,HungarianMatcher+JohnsonDijkstraStrategy,403,negative,edge_relaxations,31622
W4,1000,1.5,2,HungarianMatcher+JohnsonDijkstraStrategy,403,negative,defect_at_iteration,596
W4,1000,1.5,2,HungarianMatcher+JohnsonDijkstraStrategy,404,negative,edge_relaxations,31622
W4,1000,1.5,2,HungarianMatcher+JohnsonDijkstraStrategy,404,negative,defect_at_iteration,595
W4,1000,1.5,2,HungarianMatcher+JohnsonDijkstraStrategy,405,negative,edge_relaxations,31622
W4,1000,1.5,2,HungarianMatcher+JohnsonDijkstraStrategy,405,negative,defect_at_iteration,594
W4,1000,1.5,2,HungarianMatcher+JohnsonDijkstraStrategy,406,negative,edge_relaxations,31622
W4,1000,1.5,2,HungarianMatcher+JohnsonDijkstraStrategy,406,negative,defect_at_iteration,593
W4,1000,1.5,2,HungarianMatcher+JohnsonDijkstraStrategy,407,negative,edge_relaxations,31622
W4,1000,1.5,2,HungarianMatcher+JohnsonDijkstraStrategy,407,negative,defect_at_iteration,592
W4,1000,1.5,2,HungarianMatcher+JohnsonDijkstraStrategy,408,negative,edge_relaxations,31622
W4,1000,1.5,2,HungarianMatcher+JohnsonDijkstraStrategy,408,negative,defect_at_iteration,591
W4,1000,1.5,2,HungarianMatcher+JohnsonDijkstraStrategy,409,negative,edge_relaxations,31622
W4,1000,1.5,2,HungarianMatcher+JohnsonDijkstraStrategy,409,negative,defect_at_iteration,590
W4,1000,1.5,2,HungarianMatcher+JohnsonDijkstraStrategy,410,negative,edge_relaxations,31622
W4,1000,1.5,2,HungarianMatcher+JohnsonDijkstraStrategy,410,negative,defect_at_iteration,589
W4,1000,1.5,2,HungarianMatcher+JohnsonDijkstraStrategy,411,negative,edge_relaxations,31622
W4,1000,1.5,2,HungarianMatcher+JohnsonDijkstraStrategy,411,negative,defect_at_iteration,588
W4,1000,1.5,2,HungarianMatcher+JohnsonDijkstraStrategy,412,negative,edge_relaxations,31622
W4,1000,1.5,2,HungarianMatcher+JohnsonDijkstraStrategy,412,negative,defect_at_iteration,587
W4,1000,1.5,2,HungarianMatcher+JohnsonDijkstraStrategy,413,negative,edge_relaxations,31622
W4,1000,1.5,2,HungarianMatcher+JohnsonDijkstraStrategy,413,negative,defect_at_iteration,586
W4,1000,1.5,2,HungarianMatcher+JohnsonDijkstraStrategy,414,negative,edge_relaxations,31622
W4,1000,1.5,2,HungarianMatcher+JohnsonDijkstraStrategy,414,negative,defect_at_iteration,585
W4,1000,1.5,2,HungarianMatcher+JohnsonDijkstraStrategy,415,negative,edge_relaxations,31622
W4,1000,1.5,2,HungarianMatcher+JohnsonDijkstraStrategy,415,negative,defect_at_iteration,584
W4,1000,1.5,2,HungarianMatcher+JohnsonDijkstraStrategy,416,negative,edge_relaxations,31622
W4,1000,1.5,2,HungarianMatcher+JohnsonDijkstraStrategy,416,negative,defect_at_iteration,583
W4,1000,1.5,2,HungarianMatcher+JohnsonDijkstraStrategy,417,negative,edge_relaxations,31622
W4,1000,1.5,2,HungarianMatcher+JohnsonDijkstraStrategy,417,negative,defect_at_iteration,582
W4,1000,1.5,2,HungarianMatcher+JohnsonDijkstraStrategy,418,negative,edge_relaxations,31622
W4,1000,1.5,2,HungarianMatcher+JohnsonDijkstraStrategy,418,negative,defect_at_iteration,581
W4,1000,1.5,2,HungarianMatcher+JohnsonDijkstraStrategy,419,negative,edge_relaxations,31622
W4,1000,1.5,2,HungarianMatcher+JohnsonDijkstraStrategy,419,negative,defect_at_iteration,580
W4,1000,1.5,2,HungarianMatcher+JohnsonDijkstraStrategy,420,negative,edge_relaxations,31622
W4,1000,1.5,2,HungarianMatcher+JohnsonDijkstraStrategy,420,negative,defect_at_iteration,579
W4,1000,1.5,2,HungarianMatcher+JohnsonDijkstraStrategy,421,negative,edge_relaxations,31622
W4,1000,1.5,2,HungarianMatcher+JohnsonDijkstraStrategy,421,negative,defect_at_iteration,578
W4,1000,1.5,2,HungarianMatcher+JohnsonDijkstraStrategy,422,negative,edge_relaxations,31622
W4,1000,1.5,2,HungarianMatcher+JohnsonDijkstraStrategy,422,negative,defect_at_iteration,577
W4,1000,1.5,2,HungarianMatcher+JohnsonDijkstraStrategy,423,negative,edge_relaxations,31622
W4,1000,1.5,2,HungarianMatcher+JohnsonDijkstraStrategy,423,negative,defect_at_iteration,576
W4,1000,1.5,2,HungarianMatcher+JohnsonDijkstraStrategy,424,negative,edge_relaxations,31622
W4,1000,1.5,2,HungarianMatcher+JohnsonDijkstraStrategy,424,negative,defect_at_iteration,575
W4,1000,1.5,2,HungarianMatcher+JohnsonDijkstraStrategy,425,negative,edge_relaxations,31622
W4,1000,1.5,2,HungarianMatcher+JohnsonDijkstraStrategy,425,negative,defect_at_iteration,574
W4,1000,1.5,2,HungarianMatcher+JohnsonDijkstraStrategy,426,negative,edge_relaxations,31622
W4,1000,1.5,2,HungarianMatcher+JohnsonDijkstraStrategy,426,negative,defect_at_iteration,573
W4,1000,1.5,2,HungarianMatcher+JohnsonDijkstraStrategy,427,negative,edge_relaxations,31622
W4,1000,1.5,2,HungarianMatcher+JohnsonDijkstraStrategy,427,negative,defect_at_iteration,572
W4,1000,1.5,2,HungarianMatcher+JohnsonDijkstraStrategy,428,negative,edge_relaxations,31622
W4,1000,1.5,2,HungarianMatcher+JohnsonDijkstraStrategy,428,negative,defect_at_iteration,571
W4,1000,1.5,2,HungarianMatcher+JohnsonDijkstraStrategy,429,negative,edge_relaxations,31622
W4,1000,1.5,2,HungarianMatcher+JohnsonDijkstraStrategy,429,negative,defect_at_iteration,570
W4,1000,1.5,2,HungarianMatcher+JohnsonDijkstraStrategy,430,negative,edge_relaxations,31622
W4,1000,1.5,2,HungarianMatcher+JohnsonDijkstraStrategy,430,negative,defect_at_iteration,569
W4,1000,1.5,2,HungarianMatcher+JohnsonDijkstraStrategy,431,negative,edge_relaxations,31622
W4,1000,1.5,2,HungarianMatcher+JohnsonDijkstraStrategy,431,negative,defect_at_iteration,568
W4,1000,1.5,2,HungarianMatcher+JohnsonDijkstraStrategy,432,negative,edge_relaxations,31622
W4,1000,1.5,2,HungarianMatcher+JohnsonDijkstraStrategy,432,negative,defect_at_iteration,567
W4,1000,1.5,2,HungarianMatcher+JohnsonDijkstraStrategy,433,negative,edge_relaxations,31622
W4,1000,1.5,2,HungarianMatcher+JohnsonDijkstraStrategy,433,negative,defect_at_iteration,566
W4,1000,1.5,2,HungarianMatcher+JohnsonDijkstraStrategy,434,negative,edge_relaxations,31622
W4,1000,1.5,2,HungarianMatcher+JohnsonDijkstraStrategy,434,negative,defect_at_iteration,565
W4,1000,1.5,2,HungarianMatcher+JohnsonDijkstraStrategy,435,negative,edge_relaxations,31622
W4,1000,1.5,2,HungarianMatcher+JohnsonDijkstraStrategy,435,negative,defect_at_iteration,564
W4,1000,1.5,2,HungarianMatcher+JohnsonDijkstraStrategy,436,negative,edge_relaxations,31622
W4,1000,1.5,2,HungarianMatcher+JohnsonDijkstraStrategy,436,negative,defect_at_iteration,563
W4,1000,1.5,2,HungarianMatcher+JohnsonDijkstraStrategy,437,negative,edge_relaxations,31622
W4,1000,1.5,2,HungarianMatcher+JohnsonDijkstraStrategy,437,negative,defect_at_iteration,562
W4,1000,1.5,2,HungarianMatcher+JohnsonDijkstraStrategy,438,negative,edge_relaxations,31622
W4,1000,1.5,2,HungarianMatcher+JohnsonDijkstraStrategy,438,negative,defect_at_iteration,561
W4,1000,1.5,2,HungarianMatcher+JohnsonDijkstraStrategy,439,negative,edge_relaxations,31622
W4,1000,1.5,2,HungarianMatcher+JohnsonDijkstraStrategy,439,negative,defect_at_iteration,560
W4,1000,1.5,2,HungarianMatcher+JohnsonDijkstraStrategy,440,negative,edge_relaxations,31622
W4,1000,1.5,2,HungarianMatcher+JohnsonDijkstraStrategy,440,negative,defect_at_iteration,559
W4,1000,1.5,2,HungarianMatcher+JohnsonDijkstraStrategy,441,negative,edge_relaxations,31622
W4,1000,1.5,2,HungarianMatcher+JohnsonDijkstraStrategy,441,negative,defect_at_iteration,558
W4,1000,1.5,2,HungarianMatcher+JohnsonDijkstraStrategy,442,negative,edge_relaxations,31622
W4,1000,1.5,2,HungarianMatcher+JohnsonDijkstraStrategy,442,negative,defect_at_iteration,557
W4,1000,1.5,2,HungarianMatcher+JohnsonDijkstraStrategy,443,negative,edge_relaxations,31622
W4,1000,1.5,2,HungarianMatcher+JohnsonDijkstraStrategy,443,negative,defect_at_iteration,556
W4,1000,1.5,2,HungarianMatcher+JohnsonDijkstraStrategy,444,negative,edge_relaxations,31622
W4,1000,1.5,2,HungarianMatcher+JohnsonDijkstraStrategy,444,negative,defect_at_iteration,555
W4,1000,1.5,2,HungarianMatcher+JohnsonDijkstraStrategy,445,negative,edge_relaxations,31622
W4,1000,1.5,2,HungarianMatcher+JohnsonDijkstraStrategy,445,negative,defect_at_iteration,554
W4,1000,1.5,2,HungarianMatcher+JohnsonDijkstraStrategy,446,negative,edge_relaxations,31622
W4,1000,1.5,2,HungarianMatcher+JohnsonDijkstraStrategy,446,negative,defect_at_iteration,553
W4,1000,1.5,2,HungarianMatcher+JohnsonDijkstraStrategy,447,negative,edge_relaxations,31622
W4,1000,1.5,2,HungarianMatcher+JohnsonDijkstraStrategy,447,negative,defect_at_iteration,552
W4,1000,1.5,2,HungarianMatcher+JohnsonDijkstraStrategy,448,negative,edge_relaxations,31622
W4,1000,1.5,2,HungarianMatcher+JohnsonDijkstraStrategy,448,negative,defect_at_iteration,551
W4,1000,1.5,2,HungarianMatcher+JohnsonDijkstraStrategy,449,negative,edge_relaxations,31622
W4,1000,1.5,2,HungarianMatcher+JohnsonDijkstraStrategy,449,negative,defect_at_iteration,550
W4,1000,1.5,2,HungarianMatcher+JohnsonDijkstraStrategy,450,negative,edge_relaxations,31622
W4,1000,1.5,2,HungarianMatcher+JohnsonDijkstraStrategy,450,negative,defect_at_iteration,549
W4,1000,1.5,2,HungarianMatcher+JohnsonDijkstraStrategy,451,negative,edge_relaxations,31622
W4,1000,1.5,2,HungarianMatcher+JohnsonDijkstraStrategy,451,negative,defect_at_iteration,548
W4,1000,1.5,2,HungarianMatcher+JohnsonDijkstraStrategy,452,negative,edge_relaxations,31622
W4,1000,1.5,2,HungarianMatcher+JohnsonDijkstraStrategy,452,negative,defect_at_iteration,547
W4,1000,1.5,2,HungarianMatcher+JohnsonDijkstraStrategy,453,negative,edge_relaxations,31622
W4,1000,1.5,2,HungarianMatcher+JohnsonDijkstraStrategy,453,negative,defect_at_iteration,546
W4,1000,1.5,2,HungarianMatcher+JohnsonDijkstraStrategy,454,negative,edge_relaxations,31622
W4,1000,1.5,2,HungarianMatcher+JohnsonDijkstraStrategy,454,negative,defect_at_iteration,545
W4,1000,1.5,2,HungarianMatcher+JohnsonDijkstraStrategy,455,negative,edge_relaxations,31622
W4,1000,1.5,2,HungarianMatcher+JohnsonDijkstraStrategy,455,negative,defect_at_iteration,544
W4,1000,1.5,2,HungarianMatcher+JohnsonDijkstraStrategy,456,negative,edge_relaxations,31622
W4,1000,1.5,2,HungarianMatcher+JohnsonDijkstraStrategy,456,negative,defect_at_iteration,543
W4,1000,1.5,2,HungarianMatcher+JohnsonDijkstraStrategy,457,negative,edge_relaxations,31622
W4,1000,1.5,2,HungarianMatcher+JohnsonDijkstraStrategy,457,negative,defect_at_iteration,542
W4,1000,1.5,2,HungarianMatcher+JohnsonDijkstraStrategy,458,negative,edge_relaxations,31622
W4,1000,1.5,2,HungarianMatcher+JohnsonDijkstraStrategy,458,negative,defect_at_iteration,541
W4,1000,1.5,2,HungarianMatcher+JohnsonDijkstraStrategy,459,negative,edge_relaxations,31622
W4,1000,1.5,2,HungarianMatcher+JohnsonDijkstraStrategy,459,negative,defect_at_iteration,540
W4,1000,1.5,2,HungarianMatcher+JohnsonDijkstraStrategy,460,negative,edge_relaxations,31622
W4,1000,1.5,2,HungarianMatcher+JohnsonDijkstraStrategy,460,negative,defect_at_iteration,539
W4,1000,1.5,2,HungarianMatcher+JohnsonDijkstraStrategy,461,negative,edge_relaxations,31622
W4,1000,1.5,2,HungarianMatcher+JohnsonDijkstraStrategy,461,negative,defect_at_iteration,538
W4,1000,1.5,2,HungarianMatcher+JohnsonDijkstraStrategy,462,negative,edge_relaxations,31622
W4,1000,1.5,2,HungarianMatcher+JohnsonDijkstraStrategy,462,negative,defect_at_iteration,537
W4,1000,1.5,2,HungarianMatcher+JohnsonDijkstraStrategy,463,negative,edge_relaxations,31622
W4,1000,1.5,2,HungarianMatcher+JohnsonDijkstraStrategy,463,negative,defect_at_iteration,536
W4,1000,1.5,2,HungarianMatcher+JohnsonDijkstraStrategy,464,negative,edge_relaxations,31622
W4,1000,1.5,2,HungarianMatcher+JohnsonDijkstraStrategy,464,negative,defect_at_iteration,535
W4,1000,1.5,2,HungarianMatcher+JohnsonDijkstraStrategy,465,negative,edge_relaxations,31622
W4,1000,1.5,2,HungarianMatcher+JohnsonDijkstraStrategy,465,negative,defect_at_iteration,534
W4,1000,1.5,2,HungarianMatcher+JohnsonDijkstraStrategy,466,negative,edge_relaxations,31622
W4,1000,1.5,2,HungarianMatcher+JohnsonDijkstraStrategy,466,negative,defect_at_iteration,533
W4,1000,1.5,2,HungarianMatcher+JohnsonDijkstraStrategy,467,negative,edge_relaxations,31622
W4,1000,1.5,2,HungarianMatcher+JohnsonDijkstraStrategy,467,negative,defect_at_iteration,532
W4,1000,1.5,2,HungarianMatcher+JohnsonDijkstraStrategy,468,negative,edge_relaxations,31622
W4,1000,1.5,2,HungarianMatcher+JohnsonDijkstraStrategy,468,negative,defect_at_iteration,531
W4,1000,1.5,2,HungarianMatcher+JohnsonDijkstraStrategy,469,negative,edge_relaxations,31622
W4,1000,1.5,2,HungarianMatcher+JohnsonDijkstraStrategy,469,negative,defect_at_iteration,530
W4,1000,1.5,2,HungarianMatcher+JohnsonDijkstraStrategy,470,negative,edge_relaxations,31622
W4,1000,1.5,2,HungarianMatcher+JohnsonDijkstraStrategy,470,negative,defect_at_iteration,529
W4,1000,1.5,2,HungarianMatcher+JohnsonDijkstraStrategy,471,negative,edge_relaxations,31622
W4,1000,1.5,2,HungarianMatcher+JohnsonDijkstraStrategy,471,negative,defect_at_iteration,528
W4,1000,1.5,2,HungarianMatcher+JohnsonDijkstraStrategy,472,negative,edge_relaxations,31622
W4,1000,1.5,2,HungarianMatcher+JohnsonDijkstraStrategy,472,negative,defect_at_iteration,527
W4,1000,1.5,2,HungarianMatcher+JohnsonDijkstraStrategy,473,negative,edge_relaxations,31622
W4,1000,1.5,2,HungarianMatcher+JohnsonDijkstraStrategy,473,negative,defect_at_iteration,526
W4,1000,1.5,2,HungarianMatcher+JohnsonDijkstraStrategy,474,negative,edge_relaxations,31622
W4,1000,1.5,2,HungarianMatcher+JohnsonDijkstraStrategy,474,negative,defect_at_iteration,525
W4,1000,1.5,2,HungarianMatcher+JohnsonDijkstraStrategy,475,negative,edge_relaxations,31622
W4,1000,1.5,2,HungarianMatcher+JohnsonDijkstraStrategy,475,negative,defect_at_iteration,524
W4,1000,1.5,2,HungarianMatcher+JohnsonDijkstraStrategy,476,negative,edge_relaxations,31622
W4,1000,1.5,2,HungarianMatcher+JohnsonDijkstraStrategy,476,negative,defect_at_iteration,523
W4,1000,1.5,2,HungarianMatcher+JohnsonDijkstraStrategy,477,negative,edge_relaxations,31622
W4,1000,1.5,2,HungarianMatcher+JohnsonDijkstraStrategy,477,negative,defect_at_iteration,522
W4,1000,1.5,2,HungarianMatcher+JohnsonDijkstraStrategy,478,negative,edge_relaxations,31622
W4,1000,1.5,2,HungarianMatcher+JohnsonDijkstraStrategy,478,negative,defect_at_iteration,521
W4,1000,1.5,2,HungarianMatcher+JohnsonDijkstraStrategy,479,negative,edge_relaxations,31622
W4,1000,1.5,2,HungarianMatcher+JohnsonDijkstraStrategy,479,negative,defect_at_iteration,520
W4,1000,1.5,2,HungarianMatcher+JohnsonDijkstraStrategy,480,negative,edge_relaxations,31622
W4,1000,1.5,2,HungarianMatcher+JohnsonDijkstraStrategy,480,negative,defect_at_iteration,519
W4,1000,1.5,2,HungarianMatcher+JohnsonDijkstraStrategy,481,negative,edge_relaxations,31622
W4,1000,1.5,2,HungarianMatcher+JohnsonDijkstraStrategy,481,negative,defect_at_iteration,518
W4,1000,1.5,2,HungarianMatcher+JohnsonDijkstraStrategy,482,negative,edge_relaxations,31622
W4,1000,1.5,2,HungarianMatcher+JohnsonDijkstraStrategy,482,negative,defect_at_iteration,517
W4,1000,1.5,2,HungarianMatcher+JohnsonDijkstraStrategy,483,negative,edge_relaxations,31622
W4,1000,1.5,2,HungarianMatcher+JohnsonDijkstraStrategy,483,negative,defect_at_iteration,516
W4,1000,1.5,2,HungarianMatcher+JohnsonDijkstraStrategy,484,negative,edge_relaxations,31622
W4,1000,1.5,2,HungarianMatcher+JohnsonDijkstraStrategy,484,negative,defect_at_iteration,515
W4,1000,1.5,2,HungarianMatcher+JohnsonDijkstraStrategy,485,negative,edge_relaxations,31622
W4,1000,1.5,2,HungarianMatcher+JohnsonDijkstraStrategy,485,negative,defect_at_iteration,514
W4,1000,1.5,2,HungarianMatcher+JohnsonDijkstraStrategy,486,negative,edge_relaxations,31622
W4,1000,1.5,2,HungarianMatcher+JohnsonDijkstraStrategy,486,negative,defect_at_iteration,513
W4,1000,1.5,2,HungarianMatcher+JohnsonDijkstraStrategy,487,negative,edge_relaxations,31622
W4,1000,1.5,2,HungarianMatcher+JohnsonDijkstraStrategy,487,negative,defect_at_iteration,512
W4,1000,1.5,2,HungarianMatcher+JohnsonDijkstraStrategy,488,negative,edge_relaxations,31622
W4,1000,1.5,2,HungarianMatcher+JohnsonDijkstraStrategy,488,negative,defect_at_iteration,511
W4,1000,1.5,2,HungarianMatcher+JohnsonDijkstraStrategy,489,negative,edge_relaxations,31622
W4,1000,1.5,2,HungarianMatcher+JohnsonDijkstraStrategy,489,negative,defect_at_iteration,510
W4,1000,1.5,2,HungarianMatcher+JohnsonDijkstraStrategy,490,negative,edge_relaxations,31622
W4,1000,1.5,2,HungarianMatcher+JohnsonDijkstraStrategy,490,negative,defect_at_iteration,509
W4,1000,1.5,2,HungarianMatcher+JohnsonDijkstraStrategy,491,negative,edge_relaxations,31622
W4,1000,1.5,2,HungarianMatcher+JohnsonDijkstraStrategy,491,negative,defect_at_iteration,508
W4,1000,1.5,2,HungarianMatcher+JohnsonDijkstraStrategy,492,negative,edge_relaxations,31622
W4,1000,1.5,2,HungarianMatcher+JohnsonDijkstraStrategy,492,negative,defect_at_iteration,507
W4,1000,1.5,2,HungarianMatcher+JohnsonDijkstraStrategy,493,negative,edge_relaxations,31622
W4,1000,1.5,2,HungarianMatcher+JohnsonDijkstraStrategy,493,negative,defect_at_iteration,506
W4,1000,1.5,2,HungarianMatcher+JohnsonDijkstraStrategy,494,negative,edge_relaxations,31622
W4,1000,1.5,2,HungarianMatcher+JohnsonDijkstraStrategy,494,negative,defect_at_iteration,505
W4,1000,1.5,2,HungarianMatcher+JohnsonDijkstraStrategy,495,negative,edge_relaxations,31622
W4,1000,1.5,2,HungarianMatcher+JohnsonDijkstraStrategy,495,negative,defect_at_iteration,504
W4,1000,1.5,2,HungarianMatcher+JohnsonDijkstraStrategy,496,negative,edge_relaxations,31622
W4,1000,1.5,2,HungarianMatcher+JohnsonDijkstraStrategy,496,negative,defect_at_iteration,503
W4,1000,1.5,2,HungarianMatcher+JohnsonDijkstraStrategy,497,negative,edge_relaxations,31622
W4,1000,1.5,2,HungarianMatcher+JohnsonDijkstraStrategy,497,negative,defect_at_iteration,502
W4,1000,1.5,2,HungarianMatcher+JohnsonDijkstraStrategy,498,negative,edge_relaxations,31622
W4,1000,1.5,2,HungarianMatcher+JohnsonDijkstraStrategy,498,negative,defect_at_iteration,501
W4,1000,1.5,2,HungarianMatcher+JohnsonDijkstraStrategy,499,negative,edge_relaxations,31622
W4,1000,1.5,2,HungarianMatcher+JohnsonDijkstraStrategy,499,negative,defect_at_iteration,500
W4,1000,1.5,2,HungarianMatcher+JohnsonDijkstraStrategy,500,negative,edge_relaxations,31622
W4,1000,1.5,2,HungarianMatcher+JohnsonDijkstraStrategy,500,negative,defect_at_iteration,499
W4,1000,1.5,2,HungarianMatcher+JohnsonDijkstraStrategy,501,negative,edge_relaxations,31622
W4,1000,1.5,2,HungarianMatcher+JohnsonDijkstraStrategy,501,negative,defect_at_iteration,498
W4,1000,1.5,2,HungarianMatcher+JohnsonDijkstraStrategy,502,negative,edge_relaxations,31622
W4,1000,1.5,2,HungarianMatcher+JohnsonDijkstraStrategy,502,negative,defect_at_iteration,497
W4,1000,1.5,2,HungarianMatcher+JohnsonDijkstraStrategy,503,negative,edge_relaxations,31622
W4,1000,1.5,2,HungarianMatcher+JohnsonDijkstraStrategy,503,negative,defect_at_iteration,496
W4,1000,1.5,2,HungarianMatcher+JohnsonDijkstraStrategy,504,negative,edge_relaxations,31622
W4,1000,1.5,2,HungarianMatcher+JohnsonDijkstraStrategy,504,negative,defect_at_iteration,495
W4,1000,1.5,2,HungarianMatcher+JohnsonDijkstraStrategy,505,negative,edge_relaxations,31622
W4,1000,1.5,2,HungarianMatcher+JohnsonDijkstraStrategy,505,negative,defect_at_iteration,494
W4,1000,1.5,2,HungarianMatcher+JohnsonDijkstraStrategy,506,negative,edge_relaxations,31622
W4,1000,1.5,2,HungarianMatcher+JohnsonDijkstraStrategy,506,negative,defect_at_iteration,493
W4,1000,1.5,2,HungarianMatcher+JohnsonDijkstraStrategy,507,negative,edge_relaxations,31622
W4,1000,1.5,2,HungarianMatcher+JohnsonDijkstraStrategy,507,negative,defect_at_iteration,492
W4,1000,1.5,2,HungarianMatcher+JohnsonDijkstraStrategy,508,negative,edge_relaxations,31622
W4,1000,1.5,2,HungarianMatcher+JohnsonDijkstraStrategy,508,negative,defect_at_iteration,491
W4,1000,1.5,2,HungarianMatcher+JohnsonDijkstraStrategy,509,negative,edge_relaxations,31622
W4,1000,1.5,2,HungarianMatcher+JohnsonDijkstraStrategy,509,negative,defect_at_iteration,490
W4,1000,1.5,2,HungarianMatcher+JohnsonDijkstraStrategy,510,negative,edge_relaxations,31622
W4,1000,1.5,2,HungarianMatcher+JohnsonDijkstraStrategy,510,negative,defect_at_iteration,489
W4,1000,1.5,2,HungarianMatcher+JohnsonDijkstraStrategy,511,negative,edge_relaxations,31622
W4,1000,1.5,2,HungarianMatcher+JohnsonDijkstraStrategy,511,negative,defect_at_iteration,488
W4,1000,1.5,2,HungarianMatcher+JohnsonDijkstraStrategy,512,negative,edge_relaxations,31622
W4,1000,1.5,2,HungarianMatcher+JohnsonDijkstraStrategy,512,negative,defect_at_iteration,487
W4,1000,1.5,2,HungarianMatcher+JohnsonDijkstraStrategy,513,negative,edge_relaxations,31622
W4,1000,1.5,2,HungarianMatcher+JohnsonDijkstraStrategy,513,negative,defect_at_iteration,486
W4,1000,1.5,2,HungarianMatcher+JohnsonDijkstraStrategy,514,negative,edge_relaxations,31622
W4,1000,1.5,2,HungarianMatcher+JohnsonDijkstraStrategy,514,negative,defect_at_iteration,485
W4,1000,1.5,2,HungarianMatcher+JohnsonDijkstraStrategy,515,negative,edge_relaxations,31622
W4,1000,1.5,2,HungarianMatcher+JohnsonDijkstraStrategy,515,negative,defect_at_iteration,484
W4,1000,1.5,2,HungarianMatcher+JohnsonDijkstraStrategy,516,negative,edge_relaxations,31622
W4,1000,1.5,2,HungarianMatcher+JohnsonDijkstraStrategy,516,negative,defect_at_iteration,483
W4,1000,1.5,2,HungarianMatcher+JohnsonDijkstraStrategy,517,negative,edge_relaxations,31622
W4,1000,1.5,2,HungarianMatcher+JohnsonDijkstraStrategy,517,negative,defect_at_iteration,482
W4,1000,1.5,2,HungarianMatcher+JohnsonDijkstraStrategy,518,negative,edge_relaxations,31622
W4,1000,1.5,2,HungarianMatcher+JohnsonDijkstraStrategy,518,negative,defect_at_iteration,481
W4,1000,1.5,2,HungarianMatcher+JohnsonDijkstraStrategy,519,negative,edge_relaxations,31622
W4,1000,1.5,2,HungarianMatcher+JohnsonDijkstraStrategy,519,negative,defect_at_iteration,480
W4,1000,1.5,2,HungarianMatcher+JohnsonDijkstraStrategy,520,negative,edge_relaxations,31622
W4,1000,1.5,2,HungarianMatcher+JohnsonDijkstraStrategy,520,negative,defect_at_iteration,479
W4,1000,1.5,2,HungarianMatcher+JohnsonDijkstraStrategy,521,negative,edge_relaxations,31622
W4,1000,1.5,2,HungarianMatcher+JohnsonDijkstraStrategy,521,negative,defect_at_iteration,478
W4,1000,1.5,2,HungarianMatcher+JohnsonDijkstraStrategy,522,negative,edge_relaxations,31622
W4,1000,1.5,2,HungarianMatcher+JohnsonDijkstraStrategy,522,negative,defect_at_iteration,477
W4,1000,1.5,2,HungarianMatcher+JohnsonDijkstraStrategy,523,negative,edge_relaxations,31622
W4,1000,1.5,2,HungarianMatcher+JohnsonDijkstraStrategy,523,negative,defect_at_iteration,476
W4,1000,1.5,2,HungarianMatcher+JohnsonDijkstraStrategy,524,negative,edge_relaxations,31622
W4,1000,1.5,2,HungarianMatcher+JohnsonDijkstraStrategy,524,negative,defect_at_iteration,475
W4,1000,1.5,2,HungarianMatcher+JohnsonDijkstraStrategy,525,negative,edge_relaxations,31622
W4,1000,1.5,2,HungarianMatcher+JohnsonDijkstraStrategy,525,negative,defect_at_iteration,474
W4,1000,1.5,2,HungarianMatcher+JohnsonDijkstraStrategy,526,negative,edge_relaxations,31622
W4,1000,1.5,2,HungarianMatcher+JohnsonDijkstraStrategy,526,negative,defect_at_iteration,473
W4,1000,1.5,2,HungarianMatcher+JohnsonDijkstraStrategy,527,negative,edge_relaxations,31622
W4,1000,1.5,2,HungarianMatcher+JohnsonDijkstraStrategy,527,negative,defect_at_iteration,472
W4,1000,1.5,2,HungarianMatcher+JohnsonDijkstraStrategy,528,negative,edge_relaxations,31622
W4,1000,1.5,2,HungarianMatcher+JohnsonDijkstraStrategy,528,negative,defect_at_iteration,471
W4,1000,1.5,2,HungarianMatcher+JohnsonDijkstraStrategy,529,negative,edge_relaxations,31622
W4,1000,1.5,2,HungarianMatcher+JohnsonDijkstraStrategy,529,negative,defect_at_iteration,470
W4,1000,1.5,2,HungarianMatcher+JohnsonDijkstraStrategy,530,negative,edge_relaxations,31622
W4,1000,1.5,2,HungarianMatcher+JohnsonDijkstraStrategy,530,negative,defect_at_iteration,469
W4,1000,1.5,2,HungarianMatcher+JohnsonDijkstraStrategy,531,negative,edge_relaxations,31622
W4,1000,1.5,2,HungarianMatcher+JohnsonDijkstraStrategy,531,negative,defect_at_iteration,468
W4,1000,1.5,2,HungarianMatcher+JohnsonDijkstraStrategy,532,negative,edge_relaxations,31622
W4,1000,1.5,2,HungarianMatcher+JohnsonDijkstraStrategy,532,negative,defect_at_iteration,467
W4,1000,1.5,2,HungarianMatcher+JohnsonDijkstraStrategy,533,negative,edge_relaxations,31622
W4,1000,1.5,2,HungarianMatcher+JohnsonDijkstraStrategy,533,negative,defect_at_iteration,466
W4,1000,1.5,2,HungarianMatcher+JohnsonDijkstraStrategy,534,negative,edge_relaxations,31622
W4,1000,1.5,2,HungarianMatcher+JohnsonDijkstraStrategy,534,negative,defect_at_iteration,465
W4,1000,1.5,2,HungarianMatcher+JohnsonDijkstraStrategy,535,negative,edge_relaxations,31622
W4,1000,1.5,2,HungarianMatcher+JohnsonDijkstraStrategy,535,negative,defect_at_iteration,464
W4,1000,1.5,2,HungarianMatcher+JohnsonDijkstraStrategy,536,negative,edge_relaxations,31622
W4,1000,1.5,2,HungarianMatcher+JohnsonDijkstraStrategy,536,negative,defect_at_iteration,463
W4,1000,1.5,2,HungarianMatcher+JohnsonDijkstraStrategy,537,negative,edge_relaxations,31622
W4,1000,1.5,2,HungarianMatcher+JohnsonDijkstraStrategy,537,negative,defect_at_iteration,462
W4,1000,1.5,2,HungarianMatcher+JohnsonDijkstraStrategy,538,negative,edge_relaxations,31622
W4,1000,1.5,2,HungarianMatcher+JohnsonDijkstraStrategy,538,negative,defect_at_iteration,461
W4,1000,1.5,2,HungarianMatcher+JohnsonDijkstraStrategy,539,negative,edge_relaxations,31622
W4,1000,1.5,2,HungarianMatcher+JohnsonDijkstraStrategy,539,negative,defect_at_iteration,460
W4,1000,1.5,2,HungarianMatcher+JohnsonDijkstraStrategy,540,negative,edge_relaxations,31622
W4,1000,1.5,2,HungarianMatcher+JohnsonDijkstraStrategy,540,negative,defect_at_iteration,459
W4,1000,1.5,2,HungarianMatcher+JohnsonDijkstraStrategy,541,negative,edge_relaxations,31622
W4,1000,1.5,2,HungarianMatcher+JohnsonDijkstraStrategy,541,negative,defect_at_iteration,458
W4,1000,1.5,2,HungarianMatcher+JohnsonDijkstraStrategy,542,negative,edge_relaxations,31622
W4,1000,1.5,2,HungarianMatcher+JohnsonDijkstraStrategy,542,negative,defect_at_iteration,457
W4,1000,1.5,2,HungarianMatcher+JohnsonDijkstraStrategy,543,negative,edge_relaxations,31622
W4,1000,1.5,2,HungarianMatcher+JohnsonDijkstraStrategy,543,negative,defect_at_iteration,456
W4,1000,1.5,2,HungarianMatcher+JohnsonDijkstraStrategy,544,negative,edge_relaxations,31622
W4,1000,1.5,2,HungarianMatcher+JohnsonDijkstraStrategy,544,negative,defect_at_iteration,455
W4,1000,1.5,2,HungarianMatcher+JohnsonDijkstraStrategy,545,negative,edge_relaxations,31622
W4,1000,1.5,2,HungarianMatcher+JohnsonDijkstraStrategy,545,negative,defect_at_iteration,454
W4,1000,1.5,2,HungarianMatcher+JohnsonDijkstraStrategy,546,negative,edge_relaxations,31622
W4,1000,1.5,2,HungarianMatcher+JohnsonDijkstraStrategy,546,negative,defect_at_iteration,453
W4,1000,1.5,2,HungarianMatcher+JohnsonDijkstraStrategy,547,negative,edge_relaxations,31622
W4,1000,1.5,2,HungarianMatcher+JohnsonDijkstraStrategy,547,negative,defect_at_iteration,452
W4,1000,1.5,2,HungarianMatcher+JohnsonDijkstraStrategy,548,negative,edge_relaxations,31622
W4,1000,1.5,2,HungarianMatcher+JohnsonDijkstraStrategy,548,negative,defect_at_iteration,451
W4,1000,1.5,2,HungarianMatcher+JohnsonDijkstraStrategy,549,negative,edge_relaxations,31622
W4,1000,1.5,2,HungarianMatcher+JohnsonDijkstraStrategy,549,negative,defect_at_iteration,450
W4,1000,1.5,2,HungarianMatcher+JohnsonDijkstraStrategy,550,negative,edge_relaxations,31622
W4,1000,1.5,2,HungarianMatcher+JohnsonDijkstraStrategy,550,negative,defect_at_iteration,449
W4,1000,1.5,2,HungarianMatcher+JohnsonDijkstraStrategy,551,negative,edge_relaxations,31622
W4,1000,1.5,2,HungarianMatcher+JohnsonDijkstraStrategy,551,negative,defect_at_iteration,448
W4,1000,1.5,2,HungarianMatcher+JohnsonDijkstraStrategy,552,negative,edge_relaxations,31622
W4,1000,1.5,2,HungarianMatcher+JohnsonDijkstraStrategy,552,negative,defect_at_iteration,447
W4,1000,1.5,2,HungarianMatcher+JohnsonDijkstraStrategy,553,negative,edge_relaxations,31622
W4,1000,1.5,2,HungarianMatcher+JohnsonDijkstraStrategy,553,negative,defect_at_iteration,446
W4,1000,1.5,2,HungarianMatcher+JohnsonDijkstraStrategy,554,negative,edge_relaxations,31622
W4,1000,1.5,2,HungarianMatcher+JohnsonDijkstraStrategy,554,negative,defect_at_iteration,445
W4,1000,1.5,2,HungarianMatcher+JohnsonDijkstraStrategy,555,negative,edge_relaxations,31622
W4,1000,1.5,2,HungarianMatcher+JohnsonDijkstraStrategy,555,negative,defect_at_iteration,444
W4,1000,1.5,2,HungarianMatcher+JohnsonDijkstraStrategy,556,negative,edge_relaxations,31622
W4,1000,1.5,2,HungarianMatcher+JohnsonDijkstraStrategy,556,negative,defect_at_iteration,443
W4,1000,1.5,2,HungarianMatcher+JohnsonDijkstraStrategy,557,negative,edge_relaxations,31622
W4,1000,1.5,2,HungarianMatcher+JohnsonDijkstraStrategy,557,negative,defect_at_iteration,442
W4,1000,1.5,2,HungarianMatcher+JohnsonDijkstraStrategy,558,negative,edge_relaxations,31622
W4,1000,1.5,2,HungarianMatcher+JohnsonDijkstraStrategy,558,negative,defect_at_iteration,441
W4,1000,1.5,2,HungarianMatcher+JohnsonDijkstraStrategy,559,negative,edge_relaxations,31622
W4,1000,1.5,2,HungarianMatcher+JohnsonDijkstraStrategy,559,negative,defect_at_iteration,440
W4,1000,1.5,2,HungarianMatcher+JohnsonDijkstraStrategy,560,negative,edge_relaxations,31622
W4,1000,1.5,2,HungarianMatcher+JohnsonDijkstraStrategy,560,negative,defect_at_iteration,439
W4,1000,1.5,2,HungarianMatcher+JohnsonDijkstraStrategy,561,negative,edge_relaxations,31622
W4,1000,1.5,2,HungarianMatcher+JohnsonDijkstraStrategy,561,negative,defect_at_iteration,438
W4,1000,1.5,2,HungarianMatcher+JohnsonDijkstraStrategy,562,negative,edge_relaxations,31622
W4,1000,1.5,2,HungarianMatcher+JohnsonDijkstraStrategy,562,negative,defect_at_iteration,437
W4,1000,1.5,2,HungarianMatcher+JohnsonDijkstraStrategy,563,negative,edge_relaxations,31622
W4,1000,1.5,2,HungarianMatcher+JohnsonDijkstraStrategy,563,negative,defect_at_iteration,436
W4,1000,1.5,2,HungarianMatcher+JohnsonDijkstraStrategy,564,negative,edge_relaxations,31622
W4,1000,1.5,2,HungarianMatcher+JohnsonDijkstraStrategy,564,negative,defect_at_iteration,435
W4,1000,1.5,2,HungarianMatcher+JohnsonDijkstraStrategy,565,negative,edge_relaxations,31622
W4,1000,1.5,2,HungarianMatcher+JohnsonDijkstraStrategy,565,negative,defect_at_iteration,434
W4,1000,1.5,2,HungarianMatcher+JohnsonDijkstraStrategy,566,negative,edge_relaxations,31622
W4,1000,1.5,2,HungarianMatcher+JohnsonDijkstraStrategy,566,negative,defect_at_iteration,433
W4,1000,1.5,2,HungarianMatcher+JohnsonDijkstraStrategy,567,negative,edge_relaxations,31622
W4,1000,1.5,2,HungarianMatcher+JohnsonDijkstraStrategy,567,negative,defect_at_iteration,432
W4,1000,1.5,2,HungarianMatcher+JohnsonDijkstraStrategy,568,negative,edge_relaxations,31622
W4,1000,1.5,2,HungarianMatcher+JohnsonDijkstraStrategy,568,negative,defect_at_iteration,431
W4,1000,1.5,2,HungarianMatcher+JohnsonDijkstraStrategy,569,negative,edge_relaxations,31622
W4,1000,1.5,2,HungarianMatcher+JohnsonDijkstraStrategy,569,negative,defect_at_iteration,430
W4,1000,1.5,2,HungarianMatcher+JohnsonDijkstraStrategy,570,negative,edge_relaxations,31622
W4,1000,1.5,2,HungarianMatcher+JohnsonDijkstraStrategy,570,negative,defect_at_iteration,429
W4,1000,1.5,2,HungarianMatcher+JohnsonDijkstraStrategy,571,negative,edge_relaxations,31622
W4,1000,1.5,2,HungarianMatcher+JohnsonDijkstraStrategy,571,negative,defect_at_iteration,428
W4,1000,1.5,2,HungarianMatcher+JohnsonDijkstraStrategy,572,negative,edge_relaxations,31622
W4,1000,1.5,2,HungarianMatcher+JohnsonDijkstraStrategy,572,negative,defect_at_iteration,427
W4,1000,1.5,2,HungarianMatcher+JohnsonDijkstraStrategy,573,negative,edge_relaxations,31622
W4,1000,1.5,2,HungarianMatcher+JohnsonDijkstraStrategy,573,negative,defect_at_iteration,426
W4,1000,1.5,2,HungarianMatcher+JohnsonDijkstraStrategy,574,negative,edge_relaxations,31622
W4,1000,1.5,2,HungarianMatcher+JohnsonDijkstraStrategy,574,negative,defect_at_iteration,425
W4,1000,1.5,2,HungarianMatcher+JohnsonDijkstraStrategy,575,negative,edge_relaxations,31622
W4,1000,1.5,2,HungarianMatcher+JohnsonDijkstraStrategy,575,negative,defect_at_iteration,424
W4,1000,1.5,2,HungarianMatcher+JohnsonDijkstraStrategy,576,negative,edge_relaxations,31622
W4,1000,1.5,2,HungarianMatcher+JohnsonDijkstraStrategy,576,negative,defect_at_iteration,423
W4,1000,1.5,2,HungarianMatcher+JohnsonDijkstraStrategy,577,negative,edge_relaxations,31622
W4,1000,1.5,2,HungarianMatcher+JohnsonDijkstraStrategy,577,negative,defect_at_iteration,422
W4,1000,1.5,2,HungarianMatcher+JohnsonDijkstraStrategy,578,negative,edge_relaxations,31622
W4,1000,1.5,2,HungarianMatcher+JohnsonDijkstraStrategy,578,negative,defect_at_iteration,421
W4,1000,1.5,2,HungarianMatcher+JohnsonDijkstraStrategy,579,negative,edge_relaxations,31622
W4,1000,1.5,2,HungarianMatcher+JohnsonDijkstraStrategy,579,negative,defect_at_iteration,420
W4,1000,1.5,2,HungarianMatcher+JohnsonDijkstraStrategy,580,negative,edge_relaxations,31622
W4,1000,1.5,2,HungarianMatcher+JohnsonDijkstraStrategy,580,negative,defect_at_iteration,419
W4,1000,1.5,2,HungarianMatcher+JohnsonDijkstraStrategy,581,negative,edge_relaxations,31622
W4,1000,1.5,2,HungarianMatcher+JohnsonDijkstraStrategy,581,negative,defect_at_iteration,418
W4,1000,1.5,2,HungarianMatcher+JohnsonDijkstraStrategy,582,negative,edge_relaxations,31622
W4,1000,1.5,2,HungarianMatcher+JohnsonDijkstraStrategy,582,negative,defect_at_iteration,417
W4,1000,1.5,2,HungarianMatcher+JohnsonDijkstraStrategy,583,negative,edge_relaxations,31622
W4,1000,1.5,2,HungarianMatcher+JohnsonDijkstraStrategy,583,negative,defect_at_iteration,416
W4,1000,1.5,2,HungarianMatcher+JohnsonDijkstraStrategy,584,negative,edge_relaxations,31622
W4,1000,1.5,2,HungarianMatcher+JohnsonDijkstraStrategy,584,negative,defect_at_iteration,415
W4,1000,1.5,2,HungarianMatcher+JohnsonDijkstraStrategy,585,negative,edge_relaxations,31622
W4,1000,1.5,2,HungarianMatcher+JohnsonDijkstraStrategy,585,negative,defect_at_iteration,414
W4,1000,1.5,2,HungarianMatcher+JohnsonDijkstraStrategy,586,negative,edge_relaxations,31622
W4,1000,1.5,2,HungarianMatcher+JohnsonDijkstraStrategy,586,negative,defect_at_iteration,413
W4,1000,1.5,2,HungarianMatcher+JohnsonDijkstraStrategy,587,negative,edge_relaxations,31622
W4,1000,1.5,2,HungarianMatcher+JohnsonDijkstraStrategy,587,negative,defect_at_iteration,412
W4,1000,1.5,2,HungarianMatcher+JohnsonDijkstraStrategy,588,negative,edge_relaxations,31622
W4,1000,1.5,2,HungarianMatcher+JohnsonDijkstraStrategy,588,negative,defect_at_iteration,411
W4,1000,1.5,2,HungarianMatcher+JohnsonDijkstraStrategy,589,negative,edge_relaxations,31622
W4,1000,1.5,2,HungarianMatcher+JohnsonDijkstraStrategy,589,negative,defect_at_iteration,410
W4,1000,1.5,2,HungarianMatcher+JohnsonDijkstraStrategy,590,negative,edge_relaxations,31622
W4,1000,1.5,2,HungarianMatcher+JohnsonDijkstraStrategy,590,negative,defect_at_iteration,409
W4,1000,1.5,2,HungarianMatcher+JohnsonDijkstraStrategy,591,negative,edge_relaxations,31622
W4,1000,1.5,2,HungarianMatcher+JohnsonDijkstraStrategy,591,negative,defect_at_iteration,408
W4,1000,1.5,2,HungarianMatcher+JohnsonDijkstraStrategy,592,negative,edge_relaxations,31622
W4,1000,1.5,2,HungarianMatcher+JohnsonDijkstraStrategy,592,negative,defect_at_iteration,407
W4,1000,1.5,2,HungarianMatcher+JohnsonDijkstraStrategy,593,negative,edge_relaxations,31622
W4,1000,1.5,2,HungarianMatcher+JohnsonDijkstraStrategy,593,negative,defect_at_iteration,406
W4,1000,1.5,2,HungarianMatcher+JohnsonDijkstraStrategy,594,negative,edge_relaxations,31622
W4,1000,1.5,2,HungarianMatcher+JohnsonDijkstraStrategy,594,negative,defect_at_iteration,405
W4,1000,1.5,2,HungarianMatcher+JohnsonDijkstraStrategy,595,negative,edge_relaxations,31622
W4,1000,1.5,2,HungarianMatcher+JohnsonDijkstraStrategy,595,negative,defect_at_iteration,404
W4,1000,1.5,2,HungarianMatcher+JohnsonDijkstraStrategy,596,negative,edge_relaxations,31622
W4,1000,1.5,2,HungarianMatcher+JohnsonDijkstraStrategy,596,negative,defect_at_iteration,403
W4,1000,1.5,2,HungarianMatcher+JohnsonDijkstraStrategy,597,negative,edge_relaxations,31622
W4,1000,1.5,2,HungarianMatcher+JohnsonDijkstraStrategy,597,negative,defect_at_iteration,402
W4,1000,1.5,2,HungarianMatcher+JohnsonDijkstraStrategy,598,negative,edge_relaxations,31622
W4,1000,1.5,2,HungarianMatcher+JohnsonDijkstraStrategy,598,negative,defect_at_iteration,401
W4,1000,1.5,2,HungarianMatcher+JohnsonDijkstraStrategy,599,negative,edge_relaxations,31622
W4,1000,1.5,2,HungarianMatcher+JohnsonDijkstraStrategy,599,negative,defect_at_iteration,400
W4,1000,1.5,2,HungarianMatcher+JohnsonDijkstraStrategy,600,negative,edge_relaxations,31622
W4,1000,1.5,2,HungarianMatcher+JohnsonDijkstraStrategy,600,negative,defect_at_iteration,399
W4,1000,1.5,2,HungarianMatcher+JohnsonDijkstraStrategy,601,negative,edge_relaxations,31622
W4,1000,1.5,2,HungarianMatcher+JohnsonDijkstraStrategy,601,negative,defect_at_iteration,398
W4,1000,1.5,2,HungarianMatcher+JohnsonDijkstraStrategy,602,negative,edge_relaxations,31622
W4,1000,1.5,2,HungarianMatcher+JohnsonDijkstraStrategy,602,negative,defect_at_iteration,397
W4,1000,1.5,2,HungarianMatcher+JohnsonDijkstraStrategy,603,negative,edge_relaxations,31622
W4,1000,1.5,2,HungarianMatcher+JohnsonDijkstraStrategy,603,negative,defect_at_iteration,396
W4,1000,1.5,2,HungarianMatcher+JohnsonDijkstraStrategy,604,negative,edge_relaxations,31622
W4,1000,1.5,2,HungarianMatcher+JohnsonDijkstraStrategy,604,negative,defect_at_iteration,395
W4,1000,1.5,2,HungarianMatcher+JohnsonDijkstraStrategy,605,negative,edge_relaxations,31622
W4,1000,1.5,2,HungarianMatcher+JohnsonDijkstraStrategy,605,negative,defect_at_iteration,394
W4,1000,1.5,2,HungarianMatcher+JohnsonDijkstraStrategy,606,negative,edge_relaxations,31622
W4,1000,1.5,2,HungarianMatcher+JohnsonDijkstraStrategy,606,negative,defect_at_iteration,393
W4,1000,1.5,2,HungarianMatcher+JohnsonDijkstraStrategy,607,negative,edge_relaxations,31622
W4,1000,1.5,2,HungarianMatcher+JohnsonDijkstraStrategy,607,negative,defect_at_iteration,392
W4,1000,1.5,2,HungarianMatcher+JohnsonDijkstraStrategy,608,negative,edge_relaxations,31622
W4,1000,1.5,2,HungarianMatcher+JohnsonDijkstraStrategy,608,negative,defect_at_iteration,391
W4,1000,1.5,2,HungarianMatcher+JohnsonDijkstraStrategy,609,negative,edge_relaxations,31622
W4,1000,1.5,2,HungarianMatcher+JohnsonDijkstraStrategy,609,negative,defect_at_iteration,390
W4,1000,1.5,2,HungarianMatcher+JohnsonDijkstraStrategy,610,negative,edge_relaxations,31622
W4,1000,1.5,2,HungarianMatcher+JohnsonDijkstraStrategy,610,negative,defect_at_iteration,389
W4,1000,1.5,2,HungarianMatcher+JohnsonDijkstraStrategy,611,negative,edge_relaxations,31622
W4,1000,1.5,2,HungarianMatcher+JohnsonDijkstraStrategy,611,negative,defect_at_iteration,388
W4,1000,1.5,2,HungarianMatcher+JohnsonDijkstraStrategy,612,negative,edge_relaxations,31622
W4,1000,1.5,2,HungarianMatcher+JohnsonDijkstraStrategy,612,negative,defect_at_iteration,387
W4,1000,1.5,2,HungarianMatcher+JohnsonDijkstraStrategy,613,negative,edge_relaxations,31622
W4,1000,1.5,2,HungarianMatcher+JohnsonDijkstraStrategy,613,negative,defect_at_iteration,386
W4,1000,1.5,2,HungarianMatcher+JohnsonDijkstraStrategy,614,negative,edge_relaxations,31622
W4,1000,1.5,2,HungarianMatcher+JohnsonDijkstraStrategy,614,negative,defect_at_iteration,385
W4,1000,1.5,2,HungarianMatcher+JohnsonDijkstraStrategy,615,negative,edge_relaxations,31622
W4,1000,1.5,2,HungarianMatcher+JohnsonDijkstraStrategy,615,negative,defect_at_iteration,384
W4,1000,1.5,2,HungarianMatcher+JohnsonDijkstraStrategy,616,negative,edge_relaxations,31622
W4,1000,1.5,2,HungarianMatcher+JohnsonDijkstraStrategy,616,negative,defect_at_iteration,383
W4,1000,1.5,2,HungarianMatcher+JohnsonDijkstraStrategy,617,negative,edge_relaxations,31622
W4,1000,1.5,2,HungarianMatcher+JohnsonDijkstraStrategy,617,negative,defect_at_iteration,382
W4,1000,1.5,2,HungarianMatcher+JohnsonDijkstraStrategy,618,negative,edge_relaxations,31622
W4,1000,1.5,2,HungarianMatcher+JohnsonDijkstraStrategy,618,negative,defect_at_iteration,381
W4,1000,1.5,2,HungarianMatcher+JohnsonDijkstraStrategy,619,negative,edge_relaxations,31622
W4,1000,1.5,2,HungarianMatcher+JohnsonDijkstraStrategy,619,negative,defect_at_iteration,380
W4,1000,1.5,2,HungarianMatcher+JohnsonDijkstraStrategy,620,negative,edge_relaxations,31622
W4,1000,1.5,2,HungarianMatcher+JohnsonDijkstraStrategy,620,negative,defect_at_iteration,379
W4,1000,1.5,2,HungarianMatcher+JohnsonDijkstraStrategy,621,negative,edge_relaxations,31622
W4,1000,1.5,2,HungarianMatcher+JohnsonDijkstraStrategy,621,negative,defect_at_iteration,378
W4,1000,1.5,2,HungarianMatcher+JohnsonDijkstraStrategy,622,negative,edge_relaxations,31622
W4,1000,1.5,2,HungarianMatcher+JohnsonDijkstraStrategy,622,negative,defect_at_iteration,377
W4,1000,1.5,2,HungarianMatcher+JohnsonDijkstraStrategy,623,negative,edge_relaxations,31622
W4,1000,1.5,2,HungarianMatcher+JohnsonDijkstraStrategy,623,negative,defect_at_iteration,376
W4,1000,1.5,2,HungarianMatcher+JohnsonDijkstraStrategy,624,negative,edge_relaxations,31622
W4,1000,1.5,2,HungarianMatcher+JohnsonDijkstraStrategy,624,negative,defect_at_iteration,375
W4,1000,1.5,2,HungarianMatcher+JohnsonDijkstraStrategy,625,negative,edge_relaxations,31622
W4,1000,1.5,2,HungarianMatcher+JohnsonDijkstraStrategy,625,negative,defect_at_iteration,374
W4,1000,1.5,2,HungarianMatcher+JohnsonDijkstraStrategy,626,negative,edge_relaxations,31622
W4,1000,1.5,2,HungarianMatcher+JohnsonDijkstraStrategy,626,negative,defect_at_iteration,373
W4,1000,1.5,2,HungarianMatcher+JohnsonDijkstraStrategy,627,negative,edge_relaxations,31622
W4,1000,1.5,2,HungarianMatcher+JohnsonDijkstraStrategy,627,negative,defect_at_iteration,372
W4,1000,1.5,2,HungarianMatcher+JohnsonDijkstraStrategy,628,negative,edge_relaxations,31622
W4,1000,1.5,2,HungarianMatcher+JohnsonDijkstraStrategy,628,negative,defect_at_iteration,371
W4,1000,1.5,2,HungarianMatcher+JohnsonDijkstraStrategy,629,negative,edge_relaxations,31622
W4,1000,1.5,2,HungarianMatcher+JohnsonDijkstraStrategy,629,negative,defect_at_iteration,370
W4,1000,1.5,2,HungarianMatcher+JohnsonDijkstraStrategy,630,negative,edge_relaxations,31622
W4,1000,1.5,2,HungarianMatcher+JohnsonDijkstraStrategy,630,negative,defect_at_iteration,369
W4,1000,1.5,2,HungarianMatcher+JohnsonDijkstraStrategy,631,negative,edge_relaxations,31622
W4,1000,1.5,2,HungarianMatcher+JohnsonDijkstraStrategy,631,negative,defect_at_iteration,368
W4,1000,1.5,2,HungarianMatcher+JohnsonDijkstraStrategy,632,negative,edge_relaxations,31622
W4,1000,1.5,2,HungarianMatcher+JohnsonDijkstraStrategy,632,negative,defect_at_iteration,367
W4,1000,1.5,2,HungarianMatcher+JohnsonDijkstraStrategy,633,negative,edge_relaxations,31622
W4,1000,1.5,2,HungarianMatcher+JohnsonDijkstraStrategy,633,negative,defect_at_iteration,366
W4,1000,1.5,2,HungarianMatcher+JohnsonDijkstraStrategy,634,negative,edge_relaxations,31622
W4,1000,1.5,2,HungarianMatcher+JohnsonDijkstraStrategy,634,negative,defect_at_iteration,365
W4,1000,1.5,2,HungarianMatcher+JohnsonDijkstraStrategy,635,negative,edge_relaxations,31622
W4,1000,1.5,2,HungarianMatcher+JohnsonDijkstraStrategy,635,negative,defect_at_iteration,364
W4,1000,1.5,2,HungarianMatcher+JohnsonDijkstraStrategy,636,negative,edge_relaxations,31622
W4,1000,1.5,2,HungarianMatcher+JohnsonDijkstraStrategy,636,negative,defect_at_iteration,363
W4,1000,1.5,2,HungarianMatcher+JohnsonDijkstraStrategy,637,negative,edge_relaxations,31622
W4,1000,1.5,2,HungarianMatcher+JohnsonDijkstraStrategy,637,negative,defect_at_iteration,362
W4,1000,1.5,2,HungarianMatcher+JohnsonDijkstraStrategy,638,negative,edge_relaxations,31622
W4,1000,1.5,2,HungarianMatcher+JohnsonDijkstraStrategy,638,negative,defect_at_iteration,361
W4,1000,1.5,2,HungarianMatcher+JohnsonDijkstraStrategy,639,negative,edge_relaxations,31622
W4,1000,1.5,2,HungarianMatcher+JohnsonDijkstraStrategy,639,negative,defect_at_iteration,360
W4,1000,1.5,2,HungarianMatcher+JohnsonDijkstraStrategy,640,negative,edge_relaxations,31622
W4,1000,1.5,2,HungarianMatcher+JohnsonDijkstraStrategy,640,negative,defect_at_iteration,359
W4,1000,1.5,2,HungarianMatcher+JohnsonDijkstraStrategy,641,negative,edge_relaxations,31622
W4,1000,1.5,2,HungarianMatcher+JohnsonDijkstraStrategy,641,negative,defect_at_iteration,358
W4,1000,1.5,2,HungarianMatcher+JohnsonDijkstraStrategy,642,negative,edge_relaxations,31622
W4,1000,1.5,2,HungarianMatcher+JohnsonDijkstraStrategy,642,negative,defect_at_iteration,357
W4,1000,1.5,2,HungarianMatcher+JohnsonDijkstraStrategy,643,negative,edge_relaxations,31622
W4,1000,1.5,2,HungarianMatcher+JohnsonDijkstraStrategy,643,negative,defect_at_iteration,356
W4,1000,1.5,2,HungarianMatcher+JohnsonDijkstraStrategy,644,negative,edge_relaxations,31622
W4,1000,1.5,2,HungarianMatcher+JohnsonDijkstraStrategy,644,negative,defect_at_iteration,355
W4,1000,1.5,2,HungarianMatcher+JohnsonDijkstraStrategy,645,negative,edge_relaxations,31622
W4,1000,1.5,2,HungarianMatcher+JohnsonDijkstraStrategy,645,negative,defect_at_iteration,354
W4,1000,1.5,2,HungarianMatcher+JohnsonDijkstraStrategy,646,negative,edge_relaxations,31622
W4,1000,1.5,2,HungarianMatcher+JohnsonDijkstraStrategy,646,negative,defect_at_iteration,353
W4,1000,1.5,2,HungarianMatcher+JohnsonDijkstraStrategy,647,negative,edge_relaxations,31622
W4,1000,1.5,2,HungarianMatcher+JohnsonDijkstraStrategy,647,negative,defect_at_iteration,352
W4,1000,1.5,2,HungarianMatcher+JohnsonDijkstraStrategy,648,negative,edge_relaxations,31622
W4,1000,1.5,2,HungarianMatcher+JohnsonDijkstraStrategy,648,negative,defect_at_iteration,351
W4,1000,1.5,2,HungarianMatcher+JohnsonDijkstraStrategy,649,negative,edge_relaxations,31622
W4,1000,1.5,2,HungarianMatcher+JohnsonDijkstraStrategy,649,negative,defect_at_iteration,350
W4,1000,1.5,2,HungarianMatcher+JohnsonDijkstraStrategy,650,negative,edge_relaxations,31622
W4,1000,1.5,2,HungarianMatcher+JohnsonDijkstraStrategy,650,negative,defect_at_iteration,349
W4,1000,1.5,2,HungarianMatcher+JohnsonDijkstraStrategy,651,negative,edge_relaxations,31622
W4,1000,1.5,2,HungarianMatcher+JohnsonDijkstraStrategy,651,negative,defect_at_iteration,348
W4,1000,1.5,2,HungarianMatcher+JohnsonDijkstraStrategy,652,negative,edge_relaxations,31622
W4,1000,1.5,2,HungarianMatcher+JohnsonDijkstraStrategy,652,negative,defect_at_iteration,347
W4,1000,1.5,2,HungarianMatcher+JohnsonDijkstraStrategy,653,negative,edge_relaxations,31622
W4,1000,1.5,2,HungarianMatcher+JohnsonDijkstraStrategy,653,negative,defect_at_iteration,346
W4,1000,1.5,2,HungarianMatcher+JohnsonDijkstraStrategy,654,negative,edge_relaxations,31622
W4,1000,1.5,2,HungarianMatcher+JohnsonDijkstraStrategy,654,negative,defect_at_iteration,345
W4,1000,1.5,2,HungarianMatcher+JohnsonDijkstraStrategy,655,negative,edge_relaxations,31622
W4,1000,1.5,2,HungarianMatcher+JohnsonDijkstraStrategy,655,negative,defect_at_iteration,344
W4,1000,1.5,2,HungarianMatcher+JohnsonDijkstraStrategy,656,negative,edge_relaxations,31622
W4,1000,1.5,2,HungarianMatcher+JohnsonDijkstraStrategy,656,negative,defect_at_iteration,343
W4,1000,1.5,2,HungarianMatcher+JohnsonDijkstraStrategy,657,negative,edge_relaxations,31622
W4,1000,1.5,2,HungarianMatcher+JohnsonDijkstraStrategy,657,negative,defect_at_iteration,342
W4,1000,1.5,2,HungarianMatcher+JohnsonDijkstraStrategy,658,negative,edge_relaxations,31622
W4,1000,1.5,2,HungarianMatcher+JohnsonDijkstraStrategy,658,negative,defect_at_iteration,341
W4,1000,1.5,2,HungarianMatcher+JohnsonDijkstraStrategy,659,negative,edge_relaxations,31622
W4,1000,1.5,2,HungarianMatcher+JohnsonDijkstraStrategy,659,negative,defect_at_iteration,340
W4,1000,1.5,2,HungarianMatcher+JohnsonDijkstraStrategy,660,negative,edge_relaxations,31622
W4,1000,1.5,2,HungarianMatcher+JohnsonDijkstraStrategy,660,negative,defect_at_iteration,339
W4,1000,1.5,2,HungarianMatcher+JohnsonDijkstraStrategy,661,negative,edge_relaxations,31622
W4,1000,1.5,2,HungarianMatcher+JohnsonDijkstraStrategy,661,negative,defect_at_iteration,338
W4,1000,1.5,2,HungarianMatcher+JohnsonDijkstraStrategy,662,negative,edge_relaxations,31622
W4,1000,1.5,2,HungarianMatcher+JohnsonDijkstraStrategy,662,negative,defect_at_iteration,337
W4,1000,1.5,2,HungarianMatcher+JohnsonDijkstraStrategy,663,negative,edge_relaxations,31622
W4,1000,1.5,2,HungarianMatcher+JohnsonDijkstraStrategy,663,negative,defect_at_iteration,336
W4,1000,1.5,2,HungarianMatcher+JohnsonDijkstraStrategy,664,negative,edge_relaxations,31622
W4,1000,1.5,2,HungarianMatcher+JohnsonDijkstraStrategy,664,negative,defect_at_iteration,335
W4,1000,1.5,2,HungarianMatcher+JohnsonDijkstraStrategy,665,negative,edge_relaxations,31622
W4,1000,1.5,2,HungarianMatcher+JohnsonDijkstraStrategy,665,negative,defect_at_iteration,334
W4,1000,1.5,2,HungarianMatcher+JohnsonDijkstraStrategy,666,negative,edge_relaxations,31622
W4,1000,1.5,2,HungarianMatcher+JohnsonDijkstraStrategy,666,negative,defect_at_iteration,333
W4,1000,1.5,2,HungarianMatcher+JohnsonDijkstraStrategy,667,negative,edge_relaxations,31622
W4,1000,1.5,2,HungarianMatcher+JohnsonDijkstraStrategy,667,negative,defect_at_iteration,332
W4,1000,1.5,2,HungarianMatcher+JohnsonDijkstraStrategy,668,negative,edge_relaxations,31622
W4,1000,1.5,2,HungarianMatcher+JohnsonDijkstraStrategy,668,negative,defect_at_iteration,331
W4,1000,1.5,2,HungarianMatcher+JohnsonDijkstraStrategy,669,negative,edge_relaxations,31622
W4,1000,1.5,2,HungarianMatcher+JohnsonDijkstraStrategy,669,negative,defect_at_iteration,330
W4,1000,1.5,2,HungarianMatcher+JohnsonDijkstraStrategy,670,negative,edge_relaxations,31622
W4,1000,1.5,2,HungarianMatcher+JohnsonDijkstraStrategy,670,negative,defect_at_iteration,329
W4,1000,1.5,2,HungarianMatcher+JohnsonDijkstraStrategy,671,negative,edge_relaxations,31622
W4,1000,1.5,2,HungarianMatcher+JohnsonDijkstraStrategy,671,negative,defect_at_iteration,328
W4,1000,1.5,2,HungarianMatcher+JohnsonDijkstraStrategy,672,negative,edge_relaxations,31622
W4,1000,1.5,2,HungarianMatcher+JohnsonDijkstraStrategy,672,negative,defect_at_iteration,327
W4,1000,1.5,2,HungarianMatcher+JohnsonDijkstraStrategy,673,negative,edge_relaxations,31622
W4,1000,1.5,2,HungarianMatcher+JohnsonDijkstraStrategy,673,negative,defect_at_iteration,326
W4,1000,1.5,2,HungarianMatcher+JohnsonDijkstraStrategy,674,negative,edge_relaxations,31622
W4,1000,1.5,2,HungarianMatcher+JohnsonDijkstraStrategy,674,negative,defect_at_iteration,325
W4,1000,1.5,2,HungarianMatcher+JohnsonDijkstraStrategy,675,negative,edge_relaxations,31622
W4,1000,1.5,2,HungarianMatcher+JohnsonDijkstraStrategy,675,negative,defect_at_iteration,324
W4,1000,1.5,2,HungarianMatcher+JohnsonDijkstraStrategy,676,negative,edge_relaxations,31622
W4,1000,1.5,2,HungarianMatcher+JohnsonDijkstraStrategy,676,negative,defect_at_iteration,323
W4,1000,1.5,2,HungarianMatcher+JohnsonDijkstraStrategy,677,negative,edge_relaxations,31622
W4,1000,1.5,2,HungarianMatcher+JohnsonDijkstraStrategy,677,negative,defect_at_iteration,322
W4,1000,1.5,2,HungarianMatcher+JohnsonDijkstraStrategy,678,negative,edge_relaxations,31622
W4,1000,1.5,2,HungarianMatcher+JohnsonDijkstraStrategy,678,negative,defect_at_iteration,321
W4,1000,1.5,2,HungarianMatcher+JohnsonDijkstraStrategy,679,negative,edge_relaxations,31622
W4,1000,1.5,2,HungarianMatcher+JohnsonDijkstraStrategy,679,negative,defect_at_iteration,320
W4,1000,1.5,2,HungarianMatcher+JohnsonDijkstraStrategy,680,negative,edge_relaxations,31622
W4,1000,1.5,2,HungarianMatcher+JohnsonDijkstraStrategy,680,negative,defect_at_iteration,319
W4,1000,1.5,2,HungarianMatcher+JohnsonDijkstraStrategy,681,negative,edge_relaxations,31622
W4,1000,1.5,2,HungarianMatcher+JohnsonDijkstraStrategy,681,negative,defect_at_iteration,318
W4,1000,1.5,2,HungarianMatcher+JohnsonDijkstraStrategy,682,negative,edge_relaxations,31622
W4,1000,1.5,2,HungarianMatcher+JohnsonDijkstraStrategy,682,negative,defect_at_iteration,317
W4,1000,1.5,2,HungarianMatcher+JohnsonDijkstraStrategy,683,negative,edge_relaxations,31622
W4,1000,1.5,2,HungarianMatcher+JohnsonDijkstraStrategy,683,negative,defect_at_iteration,316
W4,1000,1.5,2,HungarianMatcher+JohnsonDijkstraStrategy,684,negative,edge_relaxations,31622
W4,1000,1.5,2,HungarianMatcher+JohnsonDijkstraStrategy,684,negative,defect_at_iteration,315
W4,1000,1.5,2,HungarianMatcher+JohnsonDijkstraStrategy,685,negative,edge_relaxations,31622
W4,1000,1.5,2,HungarianMatcher+JohnsonDijkstraStrategy,685,negative,defect_at_iteration,314
W4,1000,1.5,2,HungarianMatcher+JohnsonDijkstraStrategy,686,negative,edge_relaxations,31622
W4,1000,1.5,2,HungarianMatcher+JohnsonDijkstraStrategy,686,negative,defect_at_iteration,313
W4,1000,1.5,2,HungarianMatcher+JohnsonDijkstraStrategy,687,negative,edge_relaxations,31622
W4,1000,1.5,2,HungarianMatcher+JohnsonDijkstraStrategy,687,negative,defect_at_iteration,312
W4,1000,1.5,2,HungarianMatcher+JohnsonDijkstraStrategy,688,negative,edge_relaxations,31622
W4,1000,1.5,2,HungarianMatcher+JohnsonDijkstraStrategy,688,negative,defect_at_iteration,311
W4,1000,1.5,2,HungarianMatcher+JohnsonDijkstraStrategy,689,negative,edge_relaxations,31622
W4,1000,1.5,2,HungarianMatcher+JohnsonDijkstraStrategy,689,negative,defect_at_iteration,310
W4,1000,1.5,2,HungarianMatcher+JohnsonDijkstraStrategy,690,negative,edge_relaxations,31622
W4,1000,1.5,2,HungarianMatcher+JohnsonDijkstraStrategy,690,negative,defect_at_iteration,309
W4,1000,1.5,2,HungarianMatcher+JohnsonDijkstraStrategy,691,negative,edge_relaxations,31622
W4,1000,1.5,2,HungarianMatcher+JohnsonDijkstraStrategy,691,negative,defect_at_iteration,308
W4,1000,1.5,2,HungarianMatcher+JohnsonDijkstraStrategy,692,negative,edge_relaxations,31622
W4,1000,1.5,2,HungarianMatcher+JohnsonDijkstraStrategy,692,negative,defect_at_iteration,307
W4,1000,1.5,2,HungarianMatcher+JohnsonDijkstraStrategy,693,negative,edge_relaxations,31622
W4,1000,1.5,2,HungarianMatcher+JohnsonDijkstraStrategy,693,negative,defect_at_iteration,306
W4,1000,1.5,2,HungarianMatcher+JohnsonDijkstraStrategy,694,negative,edge_relaxations,31622
W4,1000,1.5,2,HungarianMatcher+JohnsonDijkstraStrategy,694,negative,defect_at_iteration,305
W4,1000,1.5,2,HungarianMatcher+JohnsonDijkstraStrategy,695,negative,edge_relaxations,31622
W4,1000,1.5,2,HungarianMatcher+JohnsonDijkstraStrategy,695,negative,defect_at_iteration,304
W4,1000,1.5,2,HungarianMatcher+JohnsonDijkstraStrategy,696,negative,edge_relaxations,31622
W4,1000,1.5,2,HungarianMatcher+JohnsonDijkstraStrategy,696,negative,defect_at_iteration,303
W4,1000,1.5,2,HungarianMatcher+JohnsonDijkstraStrategy,697,negative,edge_relaxations,31622
W4,1000,1.5,2,HungarianMatcher+JohnsonDijkstraStrategy,697,negative,defect_at_iteration,302
W4,1000,1.5,2,HungarianMatcher+JohnsonDijkstraStrategy,698,negative,edge_relaxations,31622
W4,1000,1.5,2,HungarianMatcher+JohnsonDijkstraStrategy,698,negative,defect_at_iteration,301
W4,1000,1.5,2,HungarianMatcher+JohnsonDijkstraStrategy,699,negative,edge_relaxations,31622
W4,1000,1.5,2,HungarianMatcher+JohnsonDijkstraStrategy,699,negative,defect_at_iteration,300
W4,1000,1.5,2,HungarianMatcher+JohnsonDijkstraStrategy,700,negative,edge_relaxations,31622
W4,1000,1.5,2,HungarianMatcher+JohnsonDijkstraStrategy,700,negative,defect_at_iteration,299
W4,1000,1.5,2,HungarianMatcher+JohnsonDijkstraStrategy,701,negative,edge_relaxations,31622
W4,1000,1.5,2,HungarianMatcher+JohnsonDijkstraStrategy,701,negative,defect_at_iteration,298
W4,1000,1.5,2,HungarianMatcher+JohnsonDijkstraStrategy,702,negative,edge_relaxations,31622
W4,1000,1.5,2,HungarianMatcher+JohnsonDijkstraStrategy,702,negative,defect_at_iteration,297
W4,1000,1.5,2,HungarianMatcher+JohnsonDijkstraStrategy,703,negative,edge_relaxations,31622
W4,1000,1.5,2,HungarianMatcher+JohnsonDijkstraStrategy,703,negative,defect_at_iteration,296
W4,1000,1.5,2,HungarianMatcher+JohnsonDijkstraStrategy,704,negative,edge_relaxations,31622
W4,1000,1.5,2,HungarianMatcher+JohnsonDijkstraStrategy,704,negative,defect_at_iteration,295
W4,1000,1.5,2,HungarianMatcher+JohnsonDijkstraStrategy,705,negative,edge_relaxations,31622
W4,1000,1.5,2,HungarianMatcher+JohnsonDijkstraStrategy,705,negative,defect_at_iteration,294
W4,1000,1.5,2,HungarianMatcher+JohnsonDijkstraStrategy,706,negative,edge_relaxations,31622
W4,1000,1.5,2,HungarianMatcher+JohnsonDijkstraStrategy,706,negative,defect_at_iteration,293
W4,1000,1.5,2,HungarianMatcher+JohnsonDijkstraStrategy,707,negative,edge_relaxations,31622
W4,1000,1.5,2,HungarianMatcher+JohnsonDijkstraStrategy,707,negative,defect_at_iteration,292
W4,1000,1.5,2,HungarianMatcher+JohnsonDijkstraStrategy,708,negative,edge_relaxations,31622
W4,1000,1.5,2,HungarianMatcher+JohnsonDijkstraStrategy,708,negative,defect_at_iteration,291
W4,1000,1.5,2,HungarianMatcher+JohnsonDijkstraStrategy,709,negative,edge_relaxations,31622
W4,1000,1.5,2,HungarianMatcher+JohnsonDijkstraStrategy,709,negative,defect_at_iteration,290
W4,1000,1.5,2,HungarianMatcher+JohnsonDijkstraStrategy,710,negative,edge_relaxations,31622
W4,1000,1.5,2,HungarianMatcher+JohnsonDijkstraStrategy,710,negative,defect_at_iteration,289
W4,1000,1.5,2,HungarianMatcher+JohnsonDijkstraStrategy,711,negative,edge_relaxations,31622
W4,1000,1.5,2,HungarianMatcher+JohnsonDijkstraStrategy,711,negative,defect_at_iteration,288
W4,1000,1.5,2,HungarianMatcher+JohnsonDijkstraStrategy,712,negative,edge_relaxations,31622
W4,1000,1.5,2,HungarianMatcher+JohnsonDijkstraStrategy,712,negative,defect_at_iteration,287
W4,1000,1.5,2,HungarianMatcher+JohnsonDijkstraStrategy,713,negative,edge_relaxations,31622
W4,1000,1.5,2,HungarianMatcher+JohnsonDijkstraStrategy,713,negative,defect_at_iteration,286
W4,1000,1.5,2,HungarianMatcher+JohnsonDijkstraStrategy,714,negative,edge_relaxations,31622
W4,1000,1.5,2,HungarianMatcher+JohnsonDijkstraStrategy,714,negative,defect_at_iteration,285
W4,1000,1.5,2,HungarianMatcher+JohnsonDijkstraStrategy,715,negative,edge_relaxations,31622
W4,1000,1.5,2,HungarianMatcher+JohnsonDijkstraStrategy,715,negative,defect_at_iteration,284
W4,1000,1.5,2,HungarianMatcher+JohnsonDijkstraStrategy,716,negative,edge_relaxations,31622
W4,1000,1.5,2,HungarianMatcher+JohnsonDijkstraStrategy,716,negative,defect_at_iteration,283
W4,1000,1.5,2,HungarianMatcher+JohnsonDijkstraStrategy,717,negative,edge_relaxations,31622
W4,1000,1.5,2,HungarianMatcher+JohnsonDijkstraStrategy,717,negative,defect_at_iteration,282
W4,1000,1.5,2,HungarianMatcher+JohnsonDijkstraStrategy,718,negative,edge_relaxations,31622
W4,1000,1.5,2,HungarianMatcher+JohnsonDijkstraStrategy,718,negative,defect_at_iteration,281
W4,1000,1.5,2,HungarianMatcher+JohnsonDijkstraStrategy,719,negative,edge_relaxations,31622
W4,1000,1.5,2,HungarianMatcher+JohnsonDijkstraStrategy,719,negative,defect_at_iteration,280
W4,1000,1.5,2,HungarianMatcher+JohnsonDijkstraStrategy,720,negative,edge_relaxations,31622
W4,1000,1.5,2,HungarianMatcher+JohnsonDijkstraStrategy,720,negative,defect_at_iteration,279
W4,1000,1.5,2,HungarianMatcher+JohnsonDijkstraStrategy,721,negative,edge_relaxations,31622
W4,1000,1.5,2,HungarianMatcher+JohnsonDijkstraStrategy,721,negative,defect_at_iteration,278
W4,1000,1.5,2,HungarianMatcher+JohnsonDijkstraStrategy,722,negative,edge_relaxations,31622
W4,1000,1.5,2,HungarianMatcher+JohnsonDijkstraStrategy,722,negative,defect_at_iteration,277
W4,1000,1.5,2,HungarianMatcher+JohnsonDijkstraStrategy,723,negative,edge_relaxations,31622
W4,1000,1.5,2,HungarianMatcher+JohnsonDijkstraStrategy,723,negative,defect_at_iteration,276
W4,1000,1.5,2,HungarianMatcher+JohnsonDijkstraStrategy,724,negative,edge_relaxations,31622
W4,1000,1.5,2,HungarianMatcher+JohnsonDijkstraStrategy,724,negative,defect_at_iteration,275
W4,1000,1.5,2,HungarianMatcher+JohnsonDijkstraStrategy,725,negative,edge_relaxations,31622
W4,1000,1.5,2,HungarianMatcher+JohnsonDijkstraStrategy,725,negative,defect_at_iteration,274
W4,1000,1.5,2,HungarianMatcher+JohnsonDijkstraStrategy,726,negative,edge_relaxations,31622
W4,1000,1.5,2,HungarianMatcher+JohnsonDijkstraStrategy,726,negative,defect_at_iteration,273
W4,1000,1.5,2,HungarianMatcher+JohnsonDijkstraStrategy,727,negative,edge_relaxations,31622
W4,1000,1.5,2,HungarianMatcher+JohnsonDijkstraStrategy,727,negative,defect_at_iteration,272
W4,1000,1.5,2,HungarianMatcher+JohnsonDijkstraStrategy,728,negative,edge_relaxations,31622
W4,1000,1.5,2,HungarianMatcher+JohnsonDijkstraStrategy,728,negative,defect_at_iteration,271
W4,1000,1.5,2,HungarianMatcher+JohnsonDijkstraStrategy,729,negative,edge_relaxations,31622
W4,1000,1.5,2,HungarianMatcher+JohnsonDijkstraStrategy,729,negative,defect_at_iteration,270
W4,1000,1.5,2,HungarianMatcher+JohnsonDijkstraStrategy,730,negative,edge_relaxations,31622
W4,1000,1.5,2,HungarianMatcher+JohnsonDijkstraStrategy,730,negative,defect_at_iteration,269
W4,1000,1.5,2,HungarianMatcher+JohnsonDijkstraStrategy,731,negative,edge_relaxations,31622
W4,1000,1.5,2,HungarianMatcher+JohnsonDijkstraStrategy,731,negative,defect_at_iteration,268
W4,1000,1.5,2,HungarianMatcher+JohnsonDijkstraStrategy,732,negative,edge_relaxations,31622
W4,1000,1.5,2,HungarianMatcher+JohnsonDijkstraStrategy,732,negative,defect_at_iteration,267
W4,1000,1.5,2,HungarianMatcher+JohnsonDijkstraStrategy,733,negative,edge_relaxations,31622
W4,1000,1.5,2,HungarianMatcher+JohnsonDijkstraStrategy,733,negative,defect_at_iteration,266
W4,1000,1.5,2,HungarianMatcher+JohnsonDijkstraStrategy,734,negative,edge_relaxations,31622
W4,1000,1.5,2,HungarianMatcher+JohnsonDijkstraStrategy,734,negative,defect_at_iteration,265
W4,1000,1.5,2,HungarianMatcher+JohnsonDijkstraStrategy,735,negative,edge_relaxations,31622
W4,1000,1.5,2,HungarianMatcher+JohnsonDijkstraStrategy,735,negative,defect_at_iteration,264
W4,1000,1.5,2,HungarianMatcher+JohnsonDijkstraStrategy,736,negative,edge_relaxations,31622
W4,1000,1.5,2,HungarianMatcher+JohnsonDijkstraStrategy,736,negative,defect_at_iteration,263
W4,1000,1.5,2,HungarianMatcher+JohnsonDijkstraStrategy,737,negative,edge_relaxations,31622
W4,1000,1.5,2,HungarianMatcher+JohnsonDijkstraStrategy,737,negative,defect_at_iteration,262
W4,1000,1.5,2,HungarianMatcher+JohnsonDijkstraStrategy,738,negative,edge_relaxations,31622
W4,1000,1.5,2,HungarianMatcher+JohnsonDijkstraStrategy,738,negative,defect_at_iteration,261
W4,1000,1.5,2,HungarianMatcher+JohnsonDijkstraStrategy,739,negative,edge_relaxations,31622
W4,1000,1.5,2,HungarianMatcher+JohnsonDijkstraStrategy,739,negative,defect_at_iteration,260
W4,1000,1.5,2,HungarianMatcher+JohnsonDijkstraStrategy,740,negative,edge_relaxations,31622
W4,1000,1.5,2,HungarianMatcher+JohnsonDijkstraStrategy,740,negative,defect_at_iteration,259
W4,1000,1.5,2,HungarianMatcher+JohnsonDijkstraStrategy,741,negative,edge_relaxations,31622
W4,1000,1.5,2,HungarianMatcher+JohnsonDijkstraStrategy,741,negative,defect_at_iteration,258
W4,1000,1.5,2,HungarianMatcher+JohnsonDijkstraStrategy,742,negative,edge_relaxations,31622
W4,1000,1.5,2,HungarianMatcher+JohnsonDijkstraStrategy,742,negative,defect_at_iteration,257
W4,1000,1.5,2,HungarianMatcher+JohnsonDijkstraStrategy,743,negative,edge_relaxations,31622
W4,1000,1.5,2,HungarianMatcher+JohnsonDijkstraStrategy,743,negative,defect_at_iteration,256
W4,1000,1.5,2,HungarianMatcher+JohnsonDijkstraStrategy,744,negative,edge_relaxations,31622
W4,1000,1.5,2,HungarianMatcher+JohnsonDijkstraStrategy,744,negative,defect_at_iteration,255
W4,1000,1.5,2,HungarianMatcher+JohnsonDijkstraStrategy,745,negative,edge_relaxations,31622
W4,1000,1.5,2,HungarianMatcher+JohnsonDijkstraStrategy,745,negative,defect_at_iteration,254
W4,1000,1.5,2,HungarianMatcher+JohnsonDijkstraStrategy,746,negative,edge_relaxations,31622
W4,1000,1.5,2,HungarianMatcher+JohnsonDijkstraStrategy,746,negative,defect_at_iteration,253
W4,1000,1.5,2,HungarianMatcher+JohnsonDijkstraStrategy,747,negative,edge_relaxations,31622
W4,1000,1.5,2,HungarianMatcher+JohnsonDijkstraStrategy,747,negative,defect_at_iteration,252
W4,1000,1.5,2,HungarianMatcher+JohnsonDijkstraStrategy,748,negative,edge_relaxations,31622
W4,1000,1.5,2,HungarianMatcher+JohnsonDijkstraStrategy,748,negative,defect_at_iteration,251
W4,1000,1.5,2,HungarianMatcher+JohnsonDijkstraStrategy,749,negative,edge_relaxations,31622
W4,1000,1.5,2,HungarianMatcher+JohnsonDijkstraStrategy,749,negative,defect_at_iteration,250
W4,1000,1.5,2,HungarianMatcher+JohnsonDijkstraStrategy,750,negative,edge_relaxations,31622
W4,1000,1.5,2,HungarianMatcher+JohnsonDijkstraStrategy,750,negative,defect_at_iteration,249
W4,1000,1.5,2,HungarianMatcher+JohnsonDijkstraStrategy,751,negative,edge_relaxations,31622
W4,1000,1.5,2,HungarianMatcher+JohnsonDijkstraStrategy,751,negative,defect_at_iteration,248
W4,1000,1.5,2,HungarianMatcher+JohnsonDijkstraStrategy,752,negative,edge_relaxations,31622
W4,1000,1.5,2,HungarianMatcher+JohnsonDijkstraStrategy,752,negative,defect_at_iteration,247
W4,1000,1.5,2,HungarianMatcher+JohnsonDijkstraStrategy,753,negative,edge_relaxations,31622
W4,1000,1.5,2,HungarianMatcher+JohnsonDijkstraStrategy,753,negative,defect_at_iteration,246
W4,1000,1.5,2,HungarianMatcher+JohnsonDijkstraStrategy,754,negative,edge_relaxations,31622
W4,1000,1.5,2,HungarianMatcher+JohnsonDijkstraStrategy,754,negative,defect_at_iteration,245
W4,1000,1.5,2,HungarianMatcher+JohnsonDijkstraStrategy,755,negative,edge_relaxations,31622
W4,1000,1.5,2,HungarianMatcher+JohnsonDijkstraStrategy,755,negative,defect_at_iteration,244
W4,1000,1.5,2,HungarianMatcher+JohnsonDijkstraStrategy,756,negative,edge_relaxations,31622
W4,1000,1.5,2,HungarianMatcher+JohnsonDijkstraStrategy,756,negative,defect_at_iteration,243
W4,1000,1.5,2,HungarianMatcher+JohnsonDijkstraStrategy,757,negative,edge_relaxations,31622
W4,1000,1.5,2,HungarianMatcher+JohnsonDijkstraStrategy,757,negative,defect_at_iteration,242
W4,1000,1.5,2,HungarianMatcher+JohnsonDijkstraStrategy,758,negative,edge_relaxations,31622
W4,1000,1.5,2,HungarianMatcher+JohnsonDijkstraStrategy,758,negative,defect_at_iteration,241
W4,1000,1.5,2,HungarianMatcher+JohnsonDijkstraStrategy,759,negative,edge_relaxations,31622
W4,1000,1.5,2,HungarianMatcher+JohnsonDijkstraStrategy,759,negative,defect_at_iteration,240
W4,1000,1.5,2,HungarianMatcher+JohnsonDijkstraStrategy,760,negative,edge_relaxations,31622
W4,1000,1.5,2,HungarianMatcher+JohnsonDijkstraStrategy,760,negative,defect_at_iteration,239
W4,1000,1.5,2,HungarianMatcher+JohnsonDijkstraStrategy,761,negative,edge_relaxations,31622
W4,1000,1.5,2,HungarianMatcher+JohnsonDijkstraStrategy,761,negative,defect_at_iteration,238
W4,1000,1.5,2,HungarianMatcher+JohnsonDijkstraStrategy,762,negative,edge_relaxations,31622
W4,1000,1.5,2,HungarianMatcher+JohnsonDijkstraStrategy,762,negative,defect_at_iteration,237
W4,1000,1.5,2,HungarianMatcher+JohnsonDijkstraStrategy,763,negative,edge_relaxations,31622
W4,1000,1.5,2,HungarianMatcher+JohnsonDijkstraStrategy,763,negative,defect_at_iteration,236
W4,1000,1.5,2,HungarianMatcher+JohnsonDijkstraStrategy,764,negative,edge_relaxations,31622
W4,1000,1.5,2,HungarianMatcher+JohnsonDijkstraStrategy,764,negative,defect_at_iteration,235
W4,1000,1.5,2,HungarianMatcher+JohnsonDijkstraStrategy,765,negative,edge_relaxations,31622
W4,1000,1.5,2,HungarianMatcher+JohnsonDijkstraStrategy,765,negative,defect_at_iteration,234
W4,1000,1.5,2,HungarianMatcher+JohnsonDijkstraStrategy,766,negative,edge_relaxations,31622
W4,1000,1.5,2,HungarianMatcher+JohnsonDijkstraStrategy,766,negative,defect_at_iteration,233
W4,1000,1.5,2,HungarianMatcher+JohnsonDijkstraStrategy,767,negative,edge_relaxations,31622
W4,1000,1.5,2,HungarianMatcher+JohnsonDijkstraStrategy,767,negative,defect_at_iteration,232
W4,1000,1.5,2,HungarianMatcher+JohnsonDijkstraStrategy,768,negative,edge_relaxations,31622
W4,1000,1.5,2,HungarianMatcher+JohnsonDijkstraStrategy,768,negative,defect_at_iteration,231
W4,1000,1.5,2,HungarianMatcher+JohnsonDijkstraStrategy,769,negative,edge_relaxations,31622
W4,1000,1.5,2,HungarianMatcher+JohnsonDijkstraStrategy,769,negative,defect_at_iteration,230
W4,1000,1.5,2,HungarianMatcher+JohnsonDijkstraStrategy,770,negative,edge_relaxations,31622
W4,1000,1.5,2,HungarianMatcher+JohnsonDijkstraStrategy,770,negative,defect_at_iteration,229
W4,1000,1.5,2,HungarianMatcher+JohnsonDijkstraStrategy,771,negative,edge_relaxations,31622
W4,1000,1.5,2,HungarianMatcher+JohnsonDijkstraStrategy,771,negative,defect_at_iteration,228
W4,1000,1.5,2,HungarianMatcher+JohnsonDijkstraStrategy,772,negative,edge_relaxations,31622
W4,1000,1.5,2,HungarianMatcher+JohnsonDijkstraStrategy,772,negative,defect_at_iteration,227
W4,1000,1.5,2,HungarianMatcher+JohnsonDijkstraStrategy,773,negative,edge_relaxations,31622
W4,1000,1.5,2,HungarianMatcher+JohnsonDijkstraStrategy,773,negative,defect_at_iteration,226
W4,1000,1.5,2,HungarianMatcher+JohnsonDijkstraStrategy,774,negative,edge_relaxations,31622
W4,1000,1.5,2,HungarianMatcher+JohnsonDijkstraStrategy,774,negative,defect_at_iteration,225
W4,1000,1.5,2,HungarianMatcher+JohnsonDijkstraStrategy,775,negative,edge_relaxations,31622
W4,1000,1.5,2,HungarianMatcher+JohnsonDijkstraStrategy,775,negative,defect_at_iteration,224
W4,1000,1.5,2,HungarianMatcher+JohnsonDijkstraStrategy,776,negative,edge_relaxations,31622
W4,1000,1.5,2,HungarianMatcher+JohnsonDijkstraStrategy,776,negative,defect_at_iteration,223
W4,1000,1.5,2,HungarianMatcher+JohnsonDijkstraStrategy,777,negative,edge_relaxations,31622
W4,1000,1.5,2,HungarianMatcher+JohnsonDijkstraStrategy,777,negative,defect_at_iteration,222
W4,1000,1.5,2,HungarianMatcher+JohnsonDijkstraStrategy,778,negative,edge_relaxations,31622
W4,1000,1.5,2,HungarianMatcher+JohnsonDijkstraStrategy,778,negative,defect_at_iteration,221
W4,1000,1.5,2,HungarianMatcher+JohnsonDijkstraStrategy,779,negative,edge_relaxations,31622
W4,1000,1.5,2,HungarianMatcher+JohnsonDijkstraStrategy,779,negative,defect_at_iteration,220
W4,1000,1.5,2,HungarianMatcher+JohnsonDijkstraStrategy,780,negative,edge_relaxations,31622
W4,1000,1.5,2,HungarianMatcher+JohnsonDijkstraStrategy,780,negative,defect_at_iteration,219
W4,1000,1.5,2,HungarianMatcher+JohnsonDijkstraStrategy,781,negative,edge_relaxations,31622
W4,1000,1.5,2,HungarianMatcher+JohnsonDijkstraStrategy,781,negative,defect_at_iteration,218
W4,1000,1.5,2,HungarianMatcher+JohnsonDijkstraStrategy,782,negative,edge_relaxations,31622
W4,1000,1.5,2,HungarianMatcher+JohnsonDijkstraStrategy,782,negative,defect_at_iteration,217
W4,1000,1.5,2,HungarianMatcher+JohnsonDijkstraStrategy,783,negative,edge_relaxations,31622
W4,1000,1.5,2,HungarianMatcher+JohnsonDijkstraStrategy,783,negative,defect_at_iteration,216
W4,1000,1.5,2,HungarianMatcher+JohnsonDijkstraStrategy,784,negative,edge_relaxations,31622
W4,1000,1.5,2,HungarianMatcher+JohnsonDijkstraStrategy,784,negative,defect_at_iteration,215
W4,1000,1.5,2,HungarianMatcher+JohnsonDijkstraStrategy,785,negative,edge_relaxations,31622
W4,1000,1.5,2,HungarianMatcher+JohnsonDijkstraStrategy,785,negative,defect_at_iteration,214
W4,1000,1.5,2,HungarianMatcher+JohnsonDijkstraStrategy,786,negative,edge_relaxations,31622
W4,1000,1.5,2,HungarianMatcher+JohnsonDijkstraStrategy,786,negative,defect_at_iteration,213
W4,1000,1.5,2,HungarianMatcher+JohnsonDijkstraStrategy,787,negative,edge_relaxations,31622
W4,1000,1.5,2,HungarianMatcher+JohnsonDijkstraStrategy,787,negative,defect_at_iteration,212
W4,1000,1.5,2,HungarianMatcher+JohnsonDijkstraStrategy,788,negative,edge_relaxations,31622
W4,1000,1.5,2,HungarianMatcher+JohnsonDijkstraStrategy,788,negative,defect_at_iteration,211
W4,1000,1.5,2,HungarianMatcher+JohnsonDijkstraStrategy,789,negative,edge_relaxations,31622
W4,1000,1.5,2,HungarianMatcher+JohnsonDijkstraStrategy,789,negative,defect_at_iteration,210
W4,1000,1.5,2,HungarianMatcher+JohnsonDijkstraStrategy,790,negative,edge_relaxations,31622
W4,1000,1.5,2,HungarianMatcher+JohnsonDijkstraStrategy,790,negative,defect_at_iteration,209
W4,1000,1.5,2,HungarianMatcher+JohnsonDijkstraStrategy,791,negative,edge_relaxations,31622
W4,1000,1.5,2,HungarianMatcher+JohnsonDijkstraStrategy,791,negative,defect_at_iteration,208
W4,1000,1.5,2,HungarianMatcher+JohnsonDijkstraStrategy,792,negative,edge_relaxations,31622
W4,1000,1.5,2,HungarianMatcher+JohnsonDijkstraStrategy,792,negative,defect_at_iteration,207
W4,1000,1.5,2,HungarianMatcher+JohnsonDijkstraStrategy,793,negative,edge_relaxations,31622
W4,1000,1.5,2,HungarianMatcher+JohnsonDijkstraStrategy,793,negative,defect_at_iteration,206
W4,1000,1.5,2,HungarianMatcher+JohnsonDijkstraStrategy,794,negative,edge_relaxations,31622
W4,1000,1.5,2,HungarianMatcher+JohnsonDijkstraStrategy,794,negative,defect_at_iteration,205
W4,1000,1.5,2,HungarianMatcher+JohnsonDijkstraStrategy,795,negative,edge_relaxations,31622
W4,1000,1.5,2,HungarianMatcher+JohnsonDijkstraStrategy,795,negative,defect_at_iteration,204
W4,1000,1.5,2,HungarianMatcher+JohnsonDijkstraStrategy,796,negative,edge_relaxations,31622
W4,1000,1.5,2,HungarianMatcher+JohnsonDijkstraStrategy,796,negative,defect_at_iteration,203
W4,1000,1.5,2,HungarianMatcher+JohnsonDijkstraStrategy,797,negative,edge_relaxations,31622
W4,1000,1.5,2,HungarianMatcher+JohnsonDijkstraStrategy,797,negative,defect_at_iteration,202
W4,1000,1.5,2,HungarianMatcher+JohnsonDijkstraStrategy,798,negative,edge_relaxations,31622
W4,1000,1.5,2,HungarianMatcher+JohnsonDijkstraStrategy,798,negative,defect_at_iteration,201
W4,1000,1.5,2,HungarianMatcher+JohnsonDijkstraStrategy,799,negative,edge_relaxations,31622
W4,1000,1.5,2,HungarianMatcher+JohnsonDijkstraStrategy,799,negative,defect_at_iteration,200
W4,1000,1.5,2,HungarianMatcher+JohnsonDijkstraStrategy,800,negative,edge_relaxations,31622
W4,1000,1.5,2,HungarianMatcher+JohnsonDijkstraStrategy,800,negative,defect_at_iteration,199
W4,1000,1.5,2,HungarianMatcher+JohnsonDijkstraStrategy,801,negative,edge_relaxations,31622
W4,1000,1.5,2,HungarianMatcher+JohnsonDijkstraStrategy,801,negative,defect_at_iteration,198
W4,1000,1.5,2,HungarianMatcher+JohnsonDijkstraStrategy,802,negative,edge_relaxations,31622
W4,1000,1.5,2,HungarianMatcher+JohnsonDijkstraStrategy,802,negative,defect_at_iteration,197
W4,1000,1.5,2,HungarianMatcher+JohnsonDijkstraStrategy,803,negative,edge_relaxations,31622
W4,1000,1.5,2,HungarianMatcher+JohnsonDijkstraStrategy,803,negative,defect_at_iteration,196
W4,1000,1.5,2,HungarianMatcher+JohnsonDijkstraStrategy,804,negative,edge_relaxations,31622
W4,1000,1.5,2,HungarianMatcher+JohnsonDijkstraStrategy,804,negative,defect_at_iteration,195
W4,1000,1.5,2,HungarianMatcher+JohnsonDijkstraStrategy,805,negative,edge_relaxations,31622
W4,1000,1.5,2,HungarianMatcher+JohnsonDijkstraStrategy,805,negative,defect_at_iteration,194
W4,1000,1.5,2,HungarianMatcher+JohnsonDijkstraStrategy,806,negative,edge_relaxations,31622
W4,1000,1.5,2,HungarianMatcher+JohnsonDijkstraStrategy,806,negative,defect_at_iteration,193
W4,1000,1.5,2,HungarianMatcher+JohnsonDijkstraStrategy,807,negative,edge_relaxations,31622
W4,1000,1.5,2,HungarianMatcher+JohnsonDijkstraStrategy,807,negative,defect_at_iteration,192
W4,1000,1.5,2,HungarianMatcher+JohnsonDijkstraStrategy,808,negative,edge_relaxations,31622
W4,1000,1.5,2,HungarianMatcher+JohnsonDijkstraStrategy,808,negative,defect_at_iteration,191
W4,1000,1.5,2,HungarianMatcher+JohnsonDijkstraStrategy,809,negative,edge_relaxations,31622
W4,1000,1.5,2,HungarianMatcher+JohnsonDijkstraStrategy,809,negative,defect_at_iteration,190
W4,1000,1.5,2,HungarianMatcher+JohnsonDijkstraStrategy,810,negative,edge_relaxations,31622
W4,1000,1.5,2,HungarianMatcher+JohnsonDijkstraStrategy,810,negative,defect_at_iteration,189
W4,1000,1.5,2,HungarianMatcher+JohnsonDijkstraStrategy,811,negative,edge_relaxations,31622
W4,1000,1.5,2,HungarianMatcher+JohnsonDijkstraStrategy,811,negative,defect_at_iteration,188
W4,1000,1.5,2,HungarianMatcher+JohnsonDijkstraStrategy,812,negative,edge_relaxations,31622
W4,1000,1.5,2,HungarianMatcher+JohnsonDijkstraStrategy,812,negative,defect_at_iteration,187
W4,1000,1.5,2,HungarianMatcher+JohnsonDijkstraStrategy,813,negative,edge_relaxations,31622
W4,1000,1.5,2,HungarianMatcher+JohnsonDijkstraStrategy,813,negative,defect_at_iteration,186
W4,1000,1.5,2,HungarianMatcher+JohnsonDijkstraStrategy,814,negative,edge_relaxations,31622
W4,1000,1.5,2,HungarianMatcher+JohnsonDijkstraStrategy,814,negative,defect_at_iteration,185
W4,1000,1.5,2,HungarianMatcher+JohnsonDijkstraStrategy,815,negative,edge_relaxations,31622
W4,1000,1.5,2,HungarianMatcher+JohnsonDijkstraStrategy,815,negative,defect_at_iteration,184
W4,1000,1.5,2,HungarianMatcher+JohnsonDijkstraStrategy,816,negative,edge_relaxations,31622
W4,1000,1.5,2,HungarianMatcher+JohnsonDijkstraStrategy,816,negative,defect_at_iteration,183
W4,1000,1.5,2,HungarianMatcher+JohnsonDijkstraStrategy,817,negative,edge_relaxations,31622
W4,1000,1.5,2,HungarianMatcher+JohnsonDijkstraStrategy,817,negative,defect_at_iteration,182
W4,1000,1.5,2,HungarianMatcher+JohnsonDijkstraStrategy,818,negative,edge_relaxations,31622
W4,1000,1.5,2,HungarianMatcher+JohnsonDijkstraStrategy,818,negative,defect_at_iteration,181
W4,1000,1.5,2,HungarianMatcher+JohnsonDijkstraStrategy,819,negative,edge_relaxations,31622
W4,1000,1.5,2,HungarianMatcher+JohnsonDijkstraStrategy,819,negative,defect_at_iteration,180
W4,1000,1.5,2,HungarianMatcher+JohnsonDijkstraStrategy,820,negative,edge_relaxations,31622
W4,1000,1.5,2,HungarianMatcher+JohnsonDijkstraStrategy,820,negative,defect_at_iteration,179
W4,1000,1.5,2,HungarianMatcher+JohnsonDijkstraStrategy,821,negative,edge_relaxations,31622
W4,1000,1.5,2,HungarianMatcher+JohnsonDijkstraStrategy,821,negative,defect_at_iteration,178
W4,1000,1.5,2,HungarianMatcher+JohnsonDijkstraStrategy,822,negative,edge_relaxations,31622
W4,1000,1.5,2,HungarianMatcher+JohnsonDijkstraStrategy,822,negative,defect_at_iteration,177
W4,1000,1.5,2,HungarianMatcher+JohnsonDijkstraStrategy,823,negative,edge_relaxations,31622
W4,1000,1.5,2,HungarianMatcher+JohnsonDijkstraStrategy,823,negative,defect_at_iteration,176
W4,1000,1.5,2,HungarianMatcher+JohnsonDijkstraStrategy,824,negative,edge_relaxations,31622
W4,1000,1.5,2,HungarianMatcher+JohnsonDijkstraStrategy,824,negative,defect_at_iteration,175
W4,1000,1.5,2,HungarianMatcher+JohnsonDijkstraStrategy,825,negative,edge_relaxations,31622
W4,1000,1.5,2,HungarianMatcher+JohnsonDijkstraStrategy,825,negative,defect_at_iteration,174
W4,1000,1.5,2,HungarianMatcher+JohnsonDijkstraStrategy,826,negative,edge_relaxations,31622
W4,1000,1.5,2,HungarianMatcher+JohnsonDijkstraStrategy,826,negative,defect_at_iteration,173
W4,1000,1.5,2,HungarianMatcher+JohnsonDijkstraStrategy,827,negative,edge_relaxations,31622
W4,1000,1.5,2,HungarianMatcher+JohnsonDijkstraStrategy,827,negative,defect_at_iteration,172
W4,1000,1.5,2,HungarianMatcher+JohnsonDijkstraStrategy,828,negative,edge_relaxations,31622
W4,1000,1.5,2,HungarianMatcher+JohnsonDijkstraStrategy,828,negative,defect_at_iteration,171
W4,1000,1.5,2,HungarianMatcher+JohnsonDijkstraStrategy,829,negative,edge_relaxations,31622
W4,1000,1.5,2,HungarianMatcher+JohnsonDijkstraStrategy,829,negative,defect_at_iteration,170
W4,1000,1.5,2,HungarianMatcher+JohnsonDijkstraStrategy,830,negative,edge_relaxations,31622
W4,1000,1.5,2,HungarianMatcher+JohnsonDijkstraStrategy,830,negative,defect_at_iteration,169
W4,1000,1.5,2,HungarianMatcher+JohnsonDijkstraStrategy,831,negative,edge_relaxations,31622
W4,1000,1.5,2,HungarianMatcher+JohnsonDijkstraStrategy,831,negative,defect_at_iteration,168
W4,1000,1.5,2,HungarianMatcher+JohnsonDijkstraStrategy,832,negative,edge_relaxations,31622
W4,1000,1.5,2,HungarianMatcher+JohnsonDijkstraStrategy,832,negative,defect_at_iteration,167
W4,1000,1.5,2,HungarianMatcher+JohnsonDijkstraStrategy,833,negative,edge_relaxations,31622
W4,1000,1.5,2,HungarianMatcher+JohnsonDijkstraStrategy,833,negative,defect_at_iteration,166
W4,1000,1.5,2,HungarianMatcher+JohnsonDijkstraStrategy,834,negative,edge_relaxations,31622
W4,1000,1.5,2,HungarianMatcher+JohnsonDijkstraStrategy,834,negative,defect_at_iteration,165
W4,1000,1.5,2,HungarianMatcher+JohnsonDijkstraStrategy,835,negative,edge_relaxations,31622
W4,1000,1.5,2,HungarianMatcher+JohnsonDijkstraStrategy,835,negative,defect_at_iteration,164
W4,1000,1.5,2,HungarianMatcher+JohnsonDijkstraStrategy,836,negative,edge_relaxations,31622
W4,1000,1.5,2,HungarianMatcher+JohnsonDijkstraStrategy,836,negative,defect_at_iteration,163
W4,1000,1.5,2,HungarianMatcher+JohnsonDijkstraStrategy,837,negative,edge_relaxations,31622
W4,1000,1.5,2,HungarianMatcher+JohnsonDijkstraStrategy,837,negative,defect_at_iteration,162
W4,1000,1.5,2,HungarianMatcher+JohnsonDijkstraStrategy,838,negative,edge_relaxations,31622
W4,1000,1.5,2,HungarianMatcher+JohnsonDijkstraStrategy,838,negative,defect_at_iteration,161
W4,1000,1.5,2,HungarianMatcher+JohnsonDijkstraStrategy,839,negative,edge_relaxations,31622
W4,1000,1.5,2,HungarianMatcher+JohnsonDijkstraStrategy,839,negative,defect_at_iteration,160
W4,1000,1.5,2,HungarianMatcher+JohnsonDijkstraStrategy,840,negative,edge_relaxations,31622
W4,1000,1.5,2,HungarianMatcher+JohnsonDijkstraStrategy,840,negative,defect_at_iteration,159
W4,1000,1.5,2,HungarianMatcher+JohnsonDijkstraStrategy,841,negative,edge_relaxations,31622
W4,1000,1.5,2,HungarianMatcher+JohnsonDijkstraStrategy,841,negative,defect_at_iteration,158
W4,1000,1.5,2,HungarianMatcher+JohnsonDijkstraStrategy,842,negative,edge_relaxations,31622
W4,1000,1.5,2,HungarianMatcher+JohnsonDijkstraStrategy,842,negative,defect_at_iteration,157
W4,1000,1.5,2,HungarianMatcher+JohnsonDijkstraStrategy,843,negative,edge_relaxations,31622
W4,1000,1.5,2,HungarianMatcher+JohnsonDijkstraStrategy,843,negative,defect_at_iteration,156
W4,1000,1.5,2,HungarianMatcher+JohnsonDijkstraStrategy,844,negative,edge_relaxations,31622
W4,1000,1.5,2,HungarianMatcher+JohnsonDijkstraStrategy,844,negative,defect_at_iteration,155
W4,1000,1.5,2,HungarianMatcher+JohnsonDijkstraStrategy,845,negative,edge_relaxations,31622
W4,1000,1.5,2,HungarianMatcher+JohnsonDijkstraStrategy,845,negative,defect_at_iteration,154
W4,1000,1.5,2,HungarianMatcher+JohnsonDijkstraStrategy,846,negative,edge_relaxations,31622
W4,1000,1.5,2,HungarianMatcher+JohnsonDijkstraStrategy,846,negative,defect_at_iteration,153
W4,1000,1.5,2,HungarianMatcher+JohnsonDijkstraStrategy,847,negative,edge_relaxations,31622
W4,1000,1.5,2,HungarianMatcher+JohnsonDijkstraStrategy,847,negative,defect_at_iteration,152
W4,1000,1.5,2,HungarianMatcher+JohnsonDijkstraStrategy,848,negative,edge_relaxations,31622
W4,1000,1.5,2,HungarianMatcher+JohnsonDijkstraStrategy,848,negative,defect_at_iteration,151
W4,1000,1.5,2,HungarianMatcher+JohnsonDijkstraStrategy,849,negative,edge_relaxations,31622
W4,1000,1.5,2,HungarianMatcher+JohnsonDijkstraStrategy,849,negative,defect_at_iteration,150
W4,1000,1.5,2,HungarianMatcher+JohnsonDijkstraStrategy,850,negative,edge_relaxations,31622
W4,1000,1.5,2,HungarianMatcher+JohnsonDijkstraStrategy,850,negative,defect_at_iteration,149
W4,1000,1.5,2,HungarianMatcher+JohnsonDijkstraStrategy,851,negative,edge_relaxations,31622
W4,1000,1.5,2,HungarianMatcher+JohnsonDijkstraStrategy,851,negative,defect_at_iteration,148
W4,1000,1.5,2,HungarianMatcher+JohnsonDijkstraStrategy,852,negative,edge_relaxations,31622
W4,1000,1.5,2,HungarianMatcher+JohnsonDijkstraStrategy,852,negative,defect_at_iteration,147
W4,1000,1.5,2,HungarianMatcher+JohnsonDijkstraStrategy,853,negative,edge_relaxations,31622
W4,1000,1.5,2,HungarianMatcher+JohnsonDijkstraStrategy,853,negative,defect_at_iteration,146
W4,1000,1.5,2,HungarianMatcher+JohnsonDijkstraStrategy,854,negative,edge_relaxations,31622
W4,1000,1.5,2,HungarianMatcher+JohnsonDijkstraStrategy,854,negative,defect_at_iteration,145
W4,1000,1.5,2,HungarianMatcher+JohnsonDijkstraStrategy,855,negative,edge_relaxations,31622
W4,1000,1.5,2,HungarianMatcher+JohnsonDijkstraStrategy,855,negative,defect_at_iteration,144
W4,1000,1.5,2,HungarianMatcher+JohnsonDijkstraStrategy,856,negative,edge_relaxations,31622
W4,1000,1.5,2,HungarianMatcher+JohnsonDijkstraStrategy,856,negative,defect_at_iteration,143
W4,1000,1.5,2,HungarianMatcher+JohnsonDijkstraStrategy,857,negative,edge_relaxations,31622
W4,1000,1.5,2,HungarianMatcher+JohnsonDijkstraStrategy,857,negative,defect_at_iteration,142
W4,1000,1.5,2,HungarianMatcher+JohnsonDijkstraStrategy,858,negative,edge_relaxations,31622
W4,1000,1.5,2,HungarianMatcher+JohnsonDijkstraStrategy,858,negative,defect_at_iteration,141
W4,1000,1.5,2,HungarianMatcher+JohnsonDijkstraStrategy,859,negative,edge_relaxations,31622
W4,1000,1.5,2,HungarianMatcher+JohnsonDijkstraStrategy,859,negative,defect_at_iteration,140
W4,1000,1.5,2,HungarianMatcher+JohnsonDijkstraStrategy,860,negative,edge_relaxations,31622
W4,1000,1.5,2,HungarianMatcher+JohnsonDijkstraStrategy,860,negative,defect_at_iteration,139
W4,1000,1.5,2,HungarianMatcher+JohnsonDijkstraStrategy,861,negative,edge_relaxations,31622
W4,1000,1.5,2,HungarianMatcher+JohnsonDijkstraStrategy,861,negative,defect_at_iteration,138
W4,1000,1.5,2,HungarianMatcher+JohnsonDijkstraStrategy,862,negative,edge_relaxations,31622
W4,1000,1.5,2,HungarianMatcher+JohnsonDijkstraStrategy,862,negative,defect_at_iteration,137
W4,1000,1.5,2,HungarianMatcher+JohnsonDijkstraStrategy,863,negative,edge_relaxations,31622
W4,1000,1.5,2,HungarianMatcher+JohnsonDijkstraStrategy,863,negative,defect_at_iteration,136
W4,1000,1.5,2,HungarianMatcher+JohnsonDijkstraStrategy,864,negative,edge_relaxations,31622
W4,1000,1.5,2,HungarianMatcher+JohnsonDijkstraStrategy,864,negative,defect_at_iteration,135
W4,1000,1.5,2,HungarianMatcher+JohnsonDijkstraStrategy,865,negative,edge_relaxations,31622
W4,1000,1.5,2,HungarianMatcher+JohnsonDijkstraStrategy,865,negative,defect_at_iteration,134
W4,1000,1.5,2,HungarianMatcher+JohnsonDijkstraStrategy,866,negative,edge_relaxations,31622
W4,1000,1.5,2,HungarianMatcher+JohnsonDijkstraStrategy,866,negative,defect_at_iteration,133
W4,1000,1.5,2,HungarianMatcher+JohnsonDijkstraStrategy,867,negative,edge_relaxations,31622
W4,1000,1.5,2,HungarianMatcher+JohnsonDijkstraStrategy,867,negative,defect_at_iteration,132
W4,1000,1.5,2,HungarianMatcher+JohnsonDijkstraStrategy,868,negative,edge_relaxations,31622
W4,1000,1.5,2,HungarianMatcher+JohnsonDijkstraStrategy,868,negative,defect_at_iteration,131
W4,1000,1.5,2,HungarianMatcher+JohnsonDijkstraStrategy,869,negative,edge_relaxations,31622
W4,1000,1.5,2,HungarianMatcher+JohnsonDijkstraStrategy,869,negative,defect_at_iteration,130
W4,1000,1.5,2,HungarianMatcher+JohnsonDijkstraStrategy,870,negative,edge_relaxations,31622
W4,1000,1.5,2,HungarianMatcher+JohnsonDijkstraStrategy,870,negative,defect_at_iteration,129
W4,1000,1.5,2,HungarianMatcher+JohnsonDijkstraStrategy,871,negative,edge_relaxations,31622
W4,1000,1.5,2,HungarianMatcher+JohnsonDijkstraStrategy,871,negative,defect_at_iteration,128
W4,1000,1.5,2,HungarianMatcher+JohnsonDijkstraStrategy,872,negative,edge_relaxations,31622
W4,1000,1.5,2,HungarianMatcher+JohnsonDijkstraStrategy,872,negative,defect_at_iteration,127
W4,1000,1.5,2,HungarianMatcher+JohnsonDijkstraStrategy,873,negative,edge_relaxations,31622
W4,1000,1.5,2,HungarianMatcher+JohnsonDijkstraStrategy,873,negative,defect_at_iteration,126
W4,1000,1.5,2,HungarianMatcher+JohnsonDijkstraStrategy,874,negative,edge_relaxations,31622
W4,1000,1.5,2,HungarianMatcher+JohnsonDijkstraStrategy,874,negative,defect_at_iteration,125
W4,1000,1.5,2,HungarianMatcher+JohnsonDijkstraStrategy,875,negative,edge_relaxations,31622
W4,1000,1.5,2,HungarianMatcher+JohnsonDijkstraStrategy,875,negative,defect_at_iteration,124
W4,1000,1.5,2,HungarianMatcher+JohnsonDijkstraStrategy,876,negative,edge_relaxations,31622
W4,1000,1.5,2,HungarianMatcher+JohnsonDijkstraStrategy,876,negative,defect_at_iteration,123
W4,1000,1.5,2,HungarianMatcher+JohnsonDijkstraStrategy,877,negative,edge_relaxations,31622
W4,1000,1.5,2,HungarianMatcher+JohnsonDijkstraStrategy,877,negative,defect_at_iteration,122
W4,1000,1.5,2,HungarianMatcher+JohnsonDijkstraStrategy,878,negative,edge_relaxations,31622
W4,1000,1.5,2,HungarianMatcher+JohnsonDijkstraStrategy,878,negative,defect_at_iteration,121
W4,1000,1.5,2,HungarianMatcher+JohnsonDijkstraStrategy,879,negative,edge_relaxations,31622
W4,1000,1.5,2,HungarianMatcher+JohnsonDijkstraStrategy,879,negative,defect_at_iteration,120
W4,1000,1.5,2,HungarianMatcher+JohnsonDijkstraStrategy,880,negative,edge_relaxations,31622
W4,1000,1.5,2,HungarianMatcher+JohnsonDijkstraStrategy,880,negative,defect_at_iteration,119
W4,1000,1.5,2,HungarianMatcher+JohnsonDijkstraStrategy,881,negative,edge_relaxations,31622
W4,1000,1.5,2,HungarianMatcher+JohnsonDijkstraStrategy,881,negative,defect_at_iteration,118
W4,1000,1.5,2,HungarianMatcher+JohnsonDijkstraStrategy,882,negative,edge_relaxations,31622
W4,1000,1.5,2,HungarianMatcher+JohnsonDijkstraStrategy,882,negative,defect_at_iteration,117
W4,1000,1.5,2,HungarianMatcher+JohnsonDijkstraStrategy,883,negative,edge_relaxations,31622
W4,1000,1.5,2,HungarianMatcher+JohnsonDijkstraStrategy,883,negative,defect_at_iteration,116
W4,1000,1.5,2,HungarianMatcher+JohnsonDijkstraStrategy,884,negative,edge_relaxations,31622
W4,1000,1.5,2,HungarianMatcher+JohnsonDijkstraStrategy,884,negative,defect_at_iteration,115
W4,1000,1.5,2,HungarianMatcher+JohnsonDijkstraStrategy,885,negative,edge_relaxations,31622
W4,1000,1.5,2,HungarianMatcher+JohnsonDijkstraStrategy,885,negative,defect_at_iteration,114
W4,1000,1.5,2,HungarianMatcher+JohnsonDijkstraStrategy,886,negative,edge_relaxations,31622
W4,1000,1.5,2,HungarianMatcher+JohnsonDijkstraStrategy,886,negative,defect_at_iteration,113
W4,1000,1.5,2,HungarianMatcher+JohnsonDijkstraStrategy,887,negative,edge_relaxations,31622
W4,1000,1.5,2,HungarianMatcher+JohnsonDijkstraStrategy,887,negative,defect_at_iteration,112
W4,1000,1.5,2,HungarianMatcher+JohnsonDijkstraStrategy,888,negative,edge_relaxations,31622
W4,1000,1.5,2,HungarianMatcher+JohnsonDijkstraStrategy,888,negative,defect_at_iteration,111
W4,1000,1.5,2,HungarianMatcher+JohnsonDijkstraStrategy,889,negative,edge_relaxations,31622
W4,1000,1.5,2,HungarianMatcher+JohnsonDijkstraStrategy,889,negative,defect_at_iteration,110
W4,1000,1.5,2,HungarianMatcher+JohnsonDijkstraStrategy,890,negative,edge_relaxations,31622
W4,1000,1.5,2,HungarianMatcher+JohnsonDijkstraStrategy,890,negative,defect_at_iteration,109
W4,1000,1.5,2,HungarianMatcher+JohnsonDijkstraStrategy,891,negative,edge_relaxations,31622
W4,1000,1.5,2,HungarianMatcher+JohnsonDijkstraStrategy,891,negative,defect_at_iteration,108
W4,1000,1.5,2,HungarianMatcher+JohnsonDijkstraStrategy,892,negative,edge_relaxations,31622
W4,1000,1.5,2,HungarianMatcher+JohnsonDijkstraStrategy,892,negative,defect_at_iteration,107
W4,1000,1.5,2,HungarianMatcher+JohnsonDijkstraStrategy,893,negative,edge_relaxations,31622
W4,1000,1.5,2,HungarianMatcher+JohnsonDijkstraStrategy,893,negative,defect_at_iteration,106
W4,1000,1.5,2,HungarianMatcher+JohnsonDijkstraStrategy,894,negative,edge_relaxations,31622
W4,1000,1.5,2,HungarianMatcher+JohnsonDijkstraStrategy,894,negative,defect_at_iteration,105
W4,1000,1.5,2,HungarianMatcher+JohnsonDijkstraStrategy,895,negative,edge_relaxations,31622
W4,1000,1.5,2,HungarianMatcher+JohnsonDijkstraStrategy,895,negative,defect_at_iteration,104
W4,1000,1.5,2,HungarianMatcher+JohnsonDijkstraStrategy,896,negative,edge_relaxations,31622
W4,1000,1.5,2,HungarianMatcher+JohnsonDijkstraStrategy,896,negative,defect_at_iteration,103
W4,1000,1.5,2,HungarianMatcher+JohnsonDijkstraStrategy,897,negative,edge_relaxations,31622
W4,1000,1.5,2,HungarianMatcher+JohnsonDijkstraStrategy,897,negative,defect_at_iteration,102
W4,1000,1.5,2,HungarianMatcher+JohnsonDijkstraStrategy,898,negative,edge_relaxations,31622
W4,1000,1.5,2,HungarianMatcher+JohnsonDijkstraStrategy,898,negative,defect_at_iteration,101
W4,1000,1.5,2,HungarianMatcher+JohnsonDijkstraStrategy,899,negative,edge_relaxations,31622
W4,1000,1.5,2,HungarianMatcher+JohnsonDijkstraStrategy,899,negative,defect_at_iteration,100
W4,1000,1.5,2,HungarianMatcher+JohnsonDijkstraStrategy,900,negative,edge_relaxations,31622
W4,1000,1.5,2,HungarianMatcher+JohnsonDijkstraStrategy,900,negative,defect_at_iteration,99
W4,1000,1.5,2,HungarianMatcher+JohnsonDijkstraStrategy,901,negative,edge_relaxations,31622
W4,1000,1.5,2,HungarianMatcher+JohnsonDijkstraStrategy,901,negative,defect_at_iteration,98
W4,1000,1.5,2,HungarianMatcher+JohnsonDijkstraStrategy,902,negative,edge_relaxations,31622
W4,1000,1.5,2,HungarianMatcher+JohnsonDijkstraStrategy,902,negative,defect_at_iteration,97
W4,1000,1.5,2,HungarianMatcher+JohnsonDijkstraStrategy,903,negative,edge_relaxations,31622
W4,1000,1.5,2,HungarianMatcher+JohnsonDijkstraStrategy,903,negative,defect_at_iteration,96
W4,1000,1.5,2,HungarianMatcher+JohnsonDijkstraStrategy,904,negative,edge_relaxations,31622
W4,1000,1.5,2,HungarianMatcher+JohnsonDijkstraStrategy,904,negative,defect_at_iteration,95
W4,1000,1.5,2,HungarianMatcher+JohnsonDijkstraStrategy,905,negative,edge_relaxations,31622
W4,1000,1.5,2,HungarianMatcher+JohnsonDijkstraStrategy,905,negative,defect_at_iteration,94
W4,1000,1.5,2,HungarianMatcher+JohnsonDijkstraStrategy,906,negative,edge_relaxations,31622
W4,1000,1.5,2,HungarianMatcher+JohnsonDijkstraStrategy,906,negative,defect_at_iteration,93
W4,1000,1.5,2,HungarianMatcher+JohnsonDijkstraStrategy,907,negative,edge_relaxations,31622
W4,1000,1.5,2,HungarianMatcher+JohnsonDijkstraStrategy,907,negative,defect_at_iteration,92
W4,1000,1.5,2,HungarianMatcher+JohnsonDijkstraStrategy,908,negative,edge_relaxations,31622
W4,1000,1.5,2,HungarianMatcher+JohnsonDijkstraStrategy,908,negative,defect_at_iteration,91
W4,1000,1.5,2,HungarianMatcher+JohnsonDijkstraStrategy,909,negative,edge_relaxations,31622
W4,1000,1.5,2,HungarianMatcher+JohnsonDijkstraStrategy,909,negative,defect_at_iteration,90
W4,1000,1.5,2,HungarianMatcher+JohnsonDijkstraStrategy,910,negative,edge_relaxations,31622
W4,1000,1.5,2,HungarianMatcher+JohnsonDijkstraStrategy,910,negative,defect_at_iteration,89
W4,1000,1.5,2,HungarianMatcher+JohnsonDijkstraStrategy,911,negative,edge_relaxations,31622
W4,1000,1.5,2,HungarianMatcher+JohnsonDijkstraStrategy,911,negative,defect_at_iteration,88
W4,1000,1.5,2,HungarianMatcher+JohnsonDijkstraStrategy,912,negative,edge_relaxations,31622
W4,1000,1.5,2,HungarianMatcher+JohnsonDijkstraStrategy,912,negative,defect_at_iteration,87
W4,1000,1.5,2,HungarianMatcher+JohnsonDijkstraStrategy,913,negative,edge_relaxations,31622
W4,1000,1.5,2,HungarianMatcher+JohnsonDijkstraStrategy,913,negative,defect_at_iteration,86
W4,1000,1.5,2,HungarianMatcher+JohnsonDijkstraStrategy,914,negative,edge_relaxations,31622
W4,1000,1.5,2,HungarianMatcher+JohnsonDijkstraStrategy,914,negative,defect_at_iteration,85
W4,1000,1.5,2,HungarianMatcher+JohnsonDijkstraStrategy,915,negative,edge_relaxations,31622
W4,1000,1.5,2,HungarianMatcher+JohnsonDijkstraStrategy,915,negative,defect_at_iteration,84
W4,1000,1.5,2,HungarianMatcher+JohnsonDijkstraStrategy,916,negative,edge_relaxations,31622
W4,1000,1.5,2,HungarianMatcher+JohnsonDijkstraStrategy,916,negative,defect_at_iteration,83
W4,1000,1.5,2,HungarianMatcher+JohnsonDijkstraStrategy,917,negative,edge_relaxations,31622
W4,1000,1.5,2,HungarianMatcher+JohnsonDijkstraStrategy,917,negative,defect_at_iteration,82
W4,1000,1.5,2,HungarianMatcher+JohnsonDijkstraStrategy,918,negative,edge_relaxations,31622
W4,1000,1.5,2,HungarianMatcher+JohnsonDijkstraStrategy,918,negative,defect_at_iteration,81
W4,1000,1.5,2,HungarianMatcher+JohnsonDijkstraStrategy,919,negative,edge_relaxations,31622
W4,1000,1.5,2,HungarianMatcher+JohnsonDijkstraStrategy,919,negative,defect_at_iteration,80
W4,1000,1.5,2,HungarianMatcher+JohnsonDijkstraStrategy,920,negative,edge_relaxations,31622
W4,1000,1.5,2,HungarianMatcher+JohnsonDijkstraStrategy,920,negative,defect_at_iteration,79
W4,1000,1.5,2,HungarianMatcher+JohnsonDijkstraStrategy,921,negative,edge_relaxations,31622
W4,1000,1.5,2,HungarianMatcher+JohnsonDijkstraStrategy,921,negative,defect_at_iteration,78
W4,1000,1.5,2,HungarianMatcher+JohnsonDijkstraStrategy,922,negative,edge_relaxations,31622
W4,1000,1.5,2,HungarianMatcher+JohnsonDijkstraStrategy,922,negative,defect_at_iteration,77
W4,1000,1.5,2,HungarianMatcher+JohnsonDijkstraStrategy,923,negative,edge_relaxations,31622
W4,1000,1.5,2,HungarianMatcher+JohnsonDijkstraStrategy,923,negative,defect_at_iteration,76
W4,1000,1.5,2,HungarianMatcher+JohnsonDijkstraStrategy,924,negative,edge_relaxations,31622
W4,1000,1.5,2,HungarianMatcher+JohnsonDijkstraStrategy,924,negative,defect_at_iteration,75
W4,1000,1.5,2,HungarianMatcher+JohnsonDijkstraStrategy,925,negative,edge_relaxations,31622
W4,1000,1.5,2,HungarianMatcher+JohnsonDijkstraStrategy,925,negative,defect_at_iteration,74
W4,1000,1.5,2,HungarianMatcher+JohnsonDijkstraStrategy,926,negative,edge_relaxations,31622
W4,1000,1.5,2,HungarianMatcher+JohnsonDijkstraStrategy,926,negative,defect_at_iteration,73
W4,1000,1.5,2,HungarianMatcher+JohnsonDijkstraStrategy,927,negative,edge_relaxations,31622
W4,1000,1.5,2,HungarianMatcher+JohnsonDijkstraStrategy,927,negative,defect_at_iteration,72
W4,1000,1.5,2,HungarianMatcher+JohnsonDijkstraStrategy,928,negative,edge_relaxations,31622
W4,1000,1.5,2,HungarianMatcher+JohnsonDijkstraStrategy,928,negative,defect_at_iteration,71
W4,1000,1.5,2,HungarianMatcher+JohnsonDijkstraStrategy,929,negative,edge_relaxations,31622
W4,1000,1.5,2,HungarianMatcher+JohnsonDijkstraStrategy,929,negative,defect_at_iteration,70
W4,1000,1.5,2,HungarianMatcher+JohnsonDijkstraStrategy,930,negative,edge_relaxations,31622
W4,1000,1.5,2,HungarianMatcher+JohnsonDijkstraStrategy,930,negative,defect_at_iteration,69
W4,1000,1.5,2,HungarianMatcher+JohnsonDijkstraStrategy,931,negative,edge_relaxations,31622
W4,1000,1.5,2,HungarianMatcher+JohnsonDijkstraStrategy,931,negative,defect_at_iteration,68
W4,1000,1.5,2,HungarianMatcher+JohnsonDijkstraStrategy,932,negative,edge_relaxations,31622
W4,1000,1.5,2,HungarianMatcher+JohnsonDijkstraStrategy,932,negative,defect_at_iteration,67
W4,1000,1.5,2,HungarianMatcher+JohnsonDijkstraStrategy,933,negative,edge_relaxations,31622
W4,1000,1.5,2,HungarianMatcher+JohnsonDijkstraStrategy,933,negative,defect_at_iteration,66
W4,1000,1.5,2,HungarianMatcher+JohnsonDijkstraStrategy,934,negative,edge_relaxations,31622
W4,1000,1.5,2,HungarianMatcher+JohnsonDijkstraStrategy,934,negative,defect_at_iteration,65
W4,1000,1.5,2,HungarianMatcher+JohnsonDijkstraStrategy,935,negative,edge_relaxations,31622
W4,1000,1.5,2,HungarianMatcher+JohnsonDijkstraStrategy,935,negative,defect_at_iteration,64
W4,1000,1.5,2,HungarianMatcher+JohnsonDijkstraStrategy,936,negative,edge_relaxations,31622
W4,1000,1.5,2,HungarianMatcher+JohnsonDijkstraStrategy,936,negative,defect_at_iteration,63
W4,1000,1.5,2,HungarianMatcher+JohnsonDijkstraStrategy,937,negative,edge_relaxations,31622
W4,1000,1.5,2,HungarianMatcher+JohnsonDijkstraStrategy,937,negative,defect_at_iteration,62
W4,1000,1.5,2,HungarianMatcher+JohnsonDijkstraStrategy,938,negative,edge_relaxations,31622
W4,1000,1.5,2,HungarianMatcher+JohnsonDijkstraStrategy,938,negative,defect_at_iteration,61
W4,1000,1.5,2,HungarianMatcher+JohnsonDijkstraStrategy,939,negative,edge_relaxations,31622
W4,1000,1.5,2,HungarianMatcher+JohnsonDijkstraStrategy,939,negative,defect_at_iteration,60
W4,1000,1.5,2,HungarianMatcher+JohnsonDijkstraStrategy,940,negative,edge_relaxations,31622
W4,1000,1.5,2,HungarianMatcher+JohnsonDijkstraStrategy,940,negative,defect_at_iteration,59
W4,1000,1.5,2,HungarianMatcher+JohnsonDijkstraStrategy,941,negative,edge_relaxations,31622
W4,1000,1.5,2,HungarianMatcher+JohnsonDijkstraStrategy,941,negative,defect_at_iteration,58
W4,1000,1.5,2,HungarianMatcher+JohnsonDijkstraStrategy,942,negative,edge_relaxations,31622
W4,1000,1.5,2,HungarianMatcher+JohnsonDijkstraStrategy,942,negative,defect_at_iteration,57
W4,1000,1.5,2,HungarianMatcher+JohnsonDijkstraStrategy,943,negative,edge_relaxations,31622
W4,1000,1.5,2,HungarianMatcher+JohnsonDijkstraStrategy,943,negative,defect_at_iteration,56
W4,1000,1.5,2,HungarianMatcher+JohnsonDijkstraStrategy,944,negative,edge_relaxations,31622
W4,1000,1.5,2,HungarianMatcher+JohnsonDijkstraStrategy,944,negative,defect_at_iteration,55
W4,1000,1.5,2,HungarianMatcher+JohnsonDijkstraStrategy,945,negative,edge_relaxations,31622
W4,1000,1.5,2,HungarianMatcher+JohnsonDijkstraStrategy,945,negative,defect_at_iteration,54
W4,1000,1.5,2,HungarianMatcher+JohnsonDijkstraStrategy,946,negative,edge_relaxations,31622
W4,1000,1.5,2,HungarianMatcher+JohnsonDijkstraStrategy,946,negative,defect_at_iteration,53
W4,1000,1.5,2,HungarianMatcher+JohnsonDijkstraStrategy,947,negative,edge_relaxations,31622
W4,1000,1.5,2,HungarianMatcher+JohnsonDijkstraStrategy,947,negative,defect_at_iteration,52
W4,1000,1.5,2,HungarianMatcher+JohnsonDijkstraStrategy,948,negative,edge_relaxations,31622
W4,1000,1.5,2,HungarianMatcher+JohnsonDijkstraStrategy,948,negative,defect_at_iteration,51
W4,1000,1.5,2,HungarianMatcher+JohnsonDijkstraStrategy,949,negative,edge_relaxations,31622
W4,1000,1.5,2,HungarianMatcher+JohnsonDijkstraStrategy,949,negative,defect_at_iteration,50
W4,1000,1.5,2,HungarianMatcher+JohnsonDijkstraStrategy,950,negative,edge_relaxations,31622
W4,1000,1.5,2,HungarianMatcher+JohnsonDijkstraStrategy,950,negative,defect_at_iteration,49
W4,1000,1.5,2,HungarianMatcher+JohnsonDijkstraStrategy,951,negative,edge_relaxations,31622
W4,1000,1.5,2,HungarianMatcher+JohnsonDijkstraStrategy,951,negative,defect_at_iteration,48
W4,1000,1.5,2,HungarianMatcher+JohnsonDijkstraStrategy,952,negative,edge_relaxations,31622
W4,1000,1.5,2,HungarianMatcher+JohnsonDijkstraStrategy,952,negative,defect_at_iteration,47
W4,1000,1.5,2,HungarianMatcher+JohnsonDijkstraStrategy,953,negative,edge_relaxations,31622
W4,1000,1.5,2,HungarianMatcher+JohnsonDijkstraStrategy,953,negative,defect_at_iteration,46
W4,1000,1.5,2,HungarianMatcher+JohnsonDijkstraStrategy,954,negative,edge_relaxations,31622
W4,1000,1.5,2,HungarianMatcher+JohnsonDijkstraStrategy,954,negative,defect_at_iteration,45
W4,1000,1.5,2,HungarianMatcher+JohnsonDijkstraStrategy,955,negative,edge_relaxations,31622
W4,1000,1.5,2,HungarianMatcher+JohnsonDijkstraStrategy,955,negative,defect_at_iteration,44
W4,1000,1.5,2,HungarianMatcher+JohnsonDijkstraStrategy,956,negative,edge_relaxations,31622
W4,1000,1.5,2,HungarianMatcher+JohnsonDijkstraStrategy,956,negative,defect_at_iteration,43
W4,1000,1.5,2,HungarianMatcher+JohnsonDijkstraStrategy,957,negative,edge_relaxations,31622
W4,1000,1.5,2,HungarianMatcher+JohnsonDijkstraStrategy,957,negative,defect_at_iteration,42
W4,1000,1.5,2,HungarianMatcher+JohnsonDijkstraStrategy,958,negative,edge_relaxations,31622
W4,1000,1.5,2,HungarianMatcher+JohnsonDijkstraStrategy,958,negative,defect_at_iteration,41
W4,1000,1.5,2,HungarianMatcher+JohnsonDijkstraStrategy,959,negative,edge_relaxations,31622
W4,1000,1.5,2,HungarianMatcher+JohnsonDijkstraStrategy,959,negative,defect_at_iteration,40
W4,1000,1.5,2,HungarianMatcher+JohnsonDijkstraStrategy,960,negative,edge_relaxations,31622
W4,1000,1.5,2,HungarianMatcher+JohnsonDijkstraStrategy,960,negative,defect_at_iteration,39
W4,1000,1.5,2,HungarianMatcher+JohnsonDijkstraStrategy,961,negative,edge_relaxations,31622
W4,1000,1.5,2,HungarianMatcher+JohnsonDijkstraStrategy,961,negative,defect_at_iteration,38
W4,1000,1.5,2,HungarianMatcher+JohnsonDijkstraStrategy,962,negative,edge_relaxations,31622
W4,1000,1.5,2,HungarianMatcher+JohnsonDijkstraStrategy,962,negative,defect_at_iteration,37
W4,1000,1.5,2,HungarianMatcher+JohnsonDijkstraStrategy,963,negative,edge_relaxations,31622
W4,1000,1.5,2,HungarianMatcher+JohnsonDijkstraStrategy,963,negative,defect_at_iteration,36
W4,1000,1.5,2,HungarianMatcher+JohnsonDijkstraStrategy,964,negative,edge_relaxations,31622
W4,1000,1.5,2,HungarianMatcher+JohnsonDijkstraStrategy,964,negative,defect_at_iteration,35
W4,1000,1.5,2,HungarianMatcher+JohnsonDijkstraStrategy,965,negative,edge_relaxations,31622
W4,1000,1.5,2,HungarianMatcher+JohnsonDijkstraStrategy,965,negative,defect_at_iteration,34
W4,1000,1.5,2,HungarianMatcher+JohnsonDijkstraStrategy,966,negative,edge_relaxations,31622
W4,1000,1.5,2,HungarianMatcher+JohnsonDijkstraStrategy,966,negative,defect_at_iteration,33
W4,1000,1.5,2,HungarianMatcher+JohnsonDijkstraStrategy,967,negative,edge_relaxations,31622
W4,1000,1.5,2,HungarianMatcher+JohnsonDijkstraStrategy,967,negative,defect_at_iteration,32
W4,1000,1.5,2,HungarianMatcher+JohnsonDijkstraStrategy,968,negative,edge_relaxations,31622
W4,1000,1.5,2,HungarianMatcher+JohnsonDijkstraStrategy,968,negative,defect_at_iteration,31
W4,1000,1.5,2,HungarianMatcher+JohnsonDijkstraStrategy,969,negative,edge_relaxations,31622
W4,1000,1.5,2,HungarianMatcher+JohnsonDijkstraStrategy,969,negative,defect_at_iteration,30
W4,1000,1.5,2,HungarianMatcher+JohnsonDijkstraStrategy,970,negative,edge_relaxations,31622
W4,1000,1.5,2,HungarianMatcher+JohnsonDijkstraStrategy,970,negative,defect_at_iteration,29
W4,1000,1.5,2,HungarianMatcher+JohnsonDijkstraStrategy,971,negative,edge_relaxations,31622
W4,1000,1.5,2,HungarianMatcher+JohnsonDijkstraStrategy,971,negative,defect_at_iteration,28
W4,1000,1.5,2,HungarianMatcher+JohnsonDijkstraStrategy,972,negative,edge_relaxations,31622
W4,1000,1.5,2,HungarianMatcher+JohnsonDijkstraStrategy,972,negative,defect_at_iteration,27
W4,1000,1.5,2,HungarianMatcher+JohnsonDijkstraStrategy,973,negative,edge_relaxations,31622
W4,1000,1.5,2,HungarianMatcher+JohnsonDijkstraStrategy,973,negative,defect_at_iteration,26
W4,1000,1.5,2,HungarianMatcher+JohnsonDijkstraStrategy,974,negative,edge_relaxations,31622
W4,1000,1.5,2,HungarianMatcher+JohnsonDijkstraStrategy,974,negative,defect_at_iteration,25
W4,1000,1.5,2,HungarianMatcher+JohnsonDijkstraStrategy,975,negative,edge_relaxations,31622
W4,1000,1.5,2,HungarianMatcher+JohnsonDijkstraStrategy,975,negative,defect_at_iteration,24
W4,1000,1.5,2,HungarianMatcher+JohnsonDijkstraStrategy,976,negative,edge_relaxations,31622
W4,1000,1.5,2,HungarianMatcher+JohnsonDijkstraStrategy,976,negative,defect_at_iteration,23
W4,1000,1.5,2,HungarianMatcher+JohnsonDijkstraStrategy,977,negative,edge_relaxations,31622
W4,1000,1.5,2,HungarianMatcher+JohnsonDijkstraStrategy,977,negative,defect_at_iteration,22
W4,1000,1.5,2,HungarianMatcher+JohnsonDijkstraStrategy,978,negative,edge_relaxations,31622
W4,1000,1.5,2,HungarianMatcher+JohnsonDijkstraStrategy,978,negative,defect_at_iteration,21
W4,1000,1.5,2,HungarianMatcher+JohnsonDijkstraStrategy,979,negative,edge_relaxations,31622
W4,1000,1.5,2,HungarianMatcher+JohnsonDijkstraStrategy,979,negative,defect_at_iteration,20
W4,1000,1.5,2,HungarianMatcher+JohnsonDijkstraStrategy,980,negative,edge_relaxations,31622
W4,1000,1.5,2,HungarianMatcher+JohnsonDijkstraStrategy,980,negative,defect_at_iteration,19
W4,1000,1.5,2,HungarianMatcher+JohnsonDijkstraStrategy,981,negative,edge_relaxations,31622
W4,1000,1.5,2,HungarianMatcher+JohnsonDijkstraStrategy,981,negative,defect_at_iteration,18
W4,1000,1.5,2,HungarianMatcher+JohnsonDijkstraStrategy,982,negative,edge_relaxations,31622
W4,1000,1.5,2,HungarianMatcher+JohnsonDijkstraStrategy,982,negative,defect_at_iteration,17
W4,1000,1.5,2,HungarianMatcher+JohnsonDijkstraStrategy,983,negative,edge_relaxations,31622
W4,1000,1.5,2,HungarianMatcher+JohnsonDijkstraStrategy,983,negative,defect_at_iteration,16
W4,1000,1.5,2,HungarianMatcher+JohnsonDijkstraStrategy,984,negative,edge_relaxations,31622
W4,1000,1.5,2,HungarianMatcher+JohnsonDijkstraStrategy,984,negative,defect_at_iteration,15
W4,1000,1.5,2,HungarianMatcher+JohnsonDijkstraStrategy,985,negative,edge_relaxations,31622
W4,1000,1.5,2,HungarianMatcher+JohnsonDijkstraStrategy,985,negative,defect_at_iteration,14
W4,1000,1.5,2,HungarianMatcher+JohnsonDijkstraStrategy,986,negative,edge_relaxations,31622
W4,1000,1.5,2,HungarianMatcher+JohnsonDijkstraStrategy,986,negative,defect_at_iteration,13
W4,1000,1.5,2,HungarianMatcher+JohnsonDijkstraStrategy,987,negative,edge_relaxations,31622
W4,1000,1.5,2,HungarianMatcher+JohnsonDijkstraStrategy,987,negative,defect_at_iteration,12
W4,1000,1.5,2,HungarianMatcher+JohnsonDijkstraStrategy,988,negative,edge_relaxations,31622
W4,1000,1.5,2,HungarianMatcher+JohnsonDijkstraStrategy,988,negative,defect_at_iteration,11
W4,1000,1.5,2,HungarianMatcher+JohnsonDijkstraStrategy,989,negative,edge_relaxations,31622
W4,1000,1.5,2,HungarianMatcher+JohnsonDijkstraStrategy,989,negative,defect_at_iteration,10
W4,1000,1.5,2,HungarianMatcher+JohnsonDijkstraStrategy,990,negative,edge_relaxations,31622
W4,1000,1.5,2,HungarianMatcher+JohnsonDijkstraStrategy,990,negative,defect_at_iteration,9
W4,1000,1.5,2,HungarianMatcher+JohnsonDijkstraStrategy,991,negative,edge_relaxations,31622
W4,1000,1.5,2,HungarianMatcher+JohnsonDijkstraStrategy,991,negative,defect_at_iteration,8
W4,1000,1.5,2,HungarianMatcher+JohnsonDijkstraStrategy,992,negative,edge_relaxations,31622
W4,1000,1.5,2,HungarianMatcher+JohnsonDijkstraStrategy,992,negative,defect_at_iteration,7
W4,1000,1.5,2,HungarianMatcher+JohnsonDijkstraStrategy,993,negative,edge_relaxations,31622
W4,1000,1.5,2,HungarianMatcher+JohnsonDijkstraStrategy,993,negative,defect_at_iteration,6
W4,1000,1.5,2,HungarianMatcher+JohnsonDijkstraStrategy,994,negative,edge_relaxations,31622
W4,1000,1.5,2,HungarianMatcher+JohnsonDijkstraStrategy,994,negative,defect_at_iteration,5
W4,1000,1.5,2,HungarianMatcher+JohnsonDijkstraStrategy,995,negative,edge_relaxations,31622
W4,1000,1.5,2,HungarianMatcher+JohnsonDijkstraStrategy,995,negative,defect_at_iteration,4
W4,1000,1.5,2,HungarianMatcher+JohnsonDijkstraStrategy,996,negative,edge_relaxations,31622
W4,1000,1.5,2,HungarianMatcher+JohnsonDijkstraStrategy,996,negative,defect_at_iteration,3
W4,1000,1.5,2,HungarianMatcher+JohnsonDijkstraStrategy,997,negative,edge_relaxations,31622
W4,1000,1.5,2,HungarianMatcher+JohnsonDijkstraStrategy,997,negative,defect_at_iteration,2
W4,1000,1.5,2,HungarianMatcher+JohnsonDijkstraStrategy,998,negative,edge_relaxations,31622
W4,1000,1.5,2,HungarianMatcher+JohnsonDijkstraStrategy,998,negative,defect_at_iteration,1
W4,1000,1.5,2,HungarianMatcher+JohnsonDijkstraStrategy,999,negative,edge_relaxations,31622
W4,1000,1.5,2,HungarianMatcher+JohnsonDijkstraStrategy,999,negative,defect_at_iteration,0
W4,1000,1.5,2,HungarianMatcher+JohnsonDijkstraStrategy,-1,negative,augmentation_count,1000
W4,1000,1.5,2,HungarianMatcher+JohnsonDijkstraStrategy,-1,negative,matching_value,-9.7601e+08
W4,1000,1.5,2,HungarianMatcher+JohnsonDijkstraStrategy,-1,negative,matching_size,1000
W4,1000,1.5,2,HungarianMatcher+JohnsonDijkstraStrategy,-1,negative,wall_clock_ms,2579.16
