test_id,n,alpha,rep,algorithm,iteration,weight_regime,metric_name,metric_value
U0,6,2,20,Oracle,-1,na,oracle_size,6
U0,6,2,20,SimpleAugmentingMatcher,-1,na,wall_clock_ms,0.000726
U0,6,2,20,SimpleAugmentingMatcher,-1,na,matching_size,6
U0,6,2,20,HopcroftKarpMatcher,0,na,paths_found_per_phase,6
U0,6,2,20,HopcroftKarpMatcher,0,na,bfs_edges_visited,36
U0,6,2,20,HopcroftKarpMatcher,0,na,dfs_edges_visited,21
U0,6,2,20,HopcroftKarpMatcher,0,na,defect_at_iteration,0
U0,6,2,20,HopcroftKarpMatcher,-1,na,phase_count,1
U0,6,2,20,HopcroftKarpMatcher,-1,na,main_loop_iters,1
U0,6,2,20,HopcroftKarpMatcher,-1,na,total_bfs_edges_visited,36
U0,6,2,20,HopcroftKarpMatcher,-1,na,total_edges_visited,57
U0,6,2,20,HopcroftKarpMatcher,-1,na,matching_size,6
U0,6,2,20,HopcroftKarpMatcher,-1,na,wall_clock_ms,0.005135
U0,6,2,20,HopcroftKarpMatcher,-1,na,matching_size,6
U0,5,1,40,Oracle,-1,na,oracle_size,3
U0,5,1,40,SimpleAugmentingMatcher,-1,na,wall_clock_ms,0.000821
U0,5,1,40,SimpleAugmentingMatcher,-1,na,matching_size,3
U0,5,1,40,HopcroftKarpMatcher,0,na,paths_found_per_phase,2
U0,5,1,40,HopcroftKarpMatcher,0,na,bfs_edges_visited,5
U0,5,1,40,HopcroftKarpMatcher,0,na,dfs_edges_visited,4
U0,5,1,40,HopcroftKarpMatcher,0,na,defect_at_iteration,3
U0,5,1,40,HopcroftKarpMatcher,1,na,paths_found_per_phase,1
U0,5,1,40,HopcroftKarpMatcher,1,na,bfs_edges_visited,3
U0,5,1,40,HopcroftKarpMatcher,1,na,dfs_edges_visited,3
U0,5,1,40,HopcroftKarpMatcher,1,na,defect_at_iteration,2
U0,5,1,40,HopcroftKarpMatcher,-1,na,phase_count,2
U0,5,1,40,HopcroftKarpMatcher,-1,na,main_loop_iters,2
U0,5,1,40,HopcroftKarpMatcher,-1,na,total_bfs_edges_visited,8
U0,5,1,40,HopcroftKarpMatcher,-1,na,total_edges_visited,15
U0,5,1,40,HopcroftKarpMatcher,-1,na,matching_size,3
U0,5,1,40,HopcroftKarpMatcher,-1,na,wall_clock_ms,0.008952
U0,5,1,40,HopcroftKarpMatcher,-1,na,matching_size,3
U0,4,2,27,Oracle,-1,na,oracle_size,4
U0,4,2,27,SimpleAugmentingMatcher,-1,na,wall_clock_ms,0.000615
U0,4,2,27,SimpleAugmentingMatcher,-1,na,matching_size,4
U0,4,2,27,HopcroftKarpMatcher,0,na,paths_found_per_phase,4
U0,4,2,27,HopcroftKarpMatcher,0,na,bfs_edges_visited,16
U0,4,2,27,HopcroftKarpMatcher,0,na,dfs_edges_visited,10
U0,4,2,27,HopcroftKarpMatcher,0,na,defect_at_iteration,0
U0,4,2,27,HopcroftKarpMatcher,-1,na,phase_count,1
U0,4,2,27,HopcroftKarpMatcher,-1,na,main_loop_iters,1
U0,4,2,27,HopcroftKarpMatcher,-1,na,total_bfs_edges_visited,16
U0,4,2,27,HopcroftKarpMatcher,-1,na,total_edges_visited,26
U0,4,2,27,HopcroftKarpMatcher,-1,na,matching_size,4
U0,4,2,27,HopcroftKarpMatcher,-1,na,wall_clock_ms,0.006974
U0,4,2,27,HopcroftKarpMatcher,-1,na,matching_size,4
U0,6,1,2,Oracle,-1,na,oracle_size,3
U0,6,1,2,SimpleAugmentingMatcher,-1,na,wall_clock_ms,0.000874
U0,6,1,2,SimpleAugmentingMatcher,-1,na,matching_size,3
U0,6,1,2,HopcroftKarpMatcher,0,na,paths_found_per_phase,3
U0,6,1,2,HopcroftKarpMatcher,0,na,bfs_edges_visited,6
U0,6,1,2,HopcroftKarpMatcher,0,na,dfs_edges_visited,6
U0,6,1,2,HopcroftKarpMatcher,0,na,defect_at_iteration,3
U0,6,1,2,HopcroftKarpMatcher,-1,na,phase_count,1
U0,6,1,2,HopcroftKarpMatcher,-1,na,main_loop_iters,1
U0,6,1,2,HopcroftKarpMatcher,-1,na,total_bfs_edges_visited,6
U0,6,1,2,HopcroftKarpMatcher,-1,na,total_edges_visited,12
U0,6,1,2,HopcroftKarpMatcher,-1,na,matching_size,3
U0,6,1,2,HopcroftKarpMatcher,-1,na,wall_clock_ms,0.006855
U0,6,1,2,HopcroftKarpMatcher,-1,na,matching_size,3
U0,4,2,15,Oracle,-1,na,oracle_size,4
U0,4,2,15,SimpleAugmentingMatcher,-1,na,wall_clock_ms,0.000645
U0,4,2,15,SimpleAugmentingMatcher,-1,na,matching_size,4
U0,4,2,15,HopcroftKarpMatcher,0,na,paths_found_per_phase,4
U0,4,2,15,HopcroftKarpMatcher,0,na,bfs_edges_visited,16
U0,4,2,15,HopcroftKarpMatcher,0,na,dfs_edges_visited,10
U0,4,2,15,HopcroftKarpMatcher,0,na,defect_at_iteration,0
U0,4,2,15,HopcroftKarpMatcher,-1,na,phase_count,1
U0,4,2,15,HopcroftKarpMatcher,-1,na,main_loop_iters,1
U0,4,2,15,HopcroftKarpMatcher,-1,na,total_bfs_edges_visited,16
U0,4,2,15,HopcroftKarpMatcher,-1,na,total_edges_visited,26
U0,4,2,15,HopcroftKarpMatcher,-1,na,matching_size,4
U0,4,2,15,HopcroftKarpMatcher,-1,na,wall_clock_ms,0.006537
U0,4,2,15,HopcroftKarpMatcher,-1,na,matching_size,4
U0,4,1,11,Oracle,-1,na,oracle_size,3
U0,4,1,11,SimpleAugmentingMatcher,-1,na,wall_clock_ms,0.000522
U0,4,1,11,SimpleAugmentingMatcher,-1,na,matching_size,3
U0,4,1,11,HopcroftKarpMatcher,0,na,paths_found_per_phase,3
U0,4,1,11,HopcroftKarpMatcher,0,na,bfs_edges_visited,4
U0,4,1,11,HopcroftKarpMatcher,0,na,dfs_edges_visited,3
U0,4,1,11,HopcroftKarpMatcher,0,na,defect_at_iteration,1
U0,4,1,11,HopcroftKarpMatcher,-1,na,phase_count,1
U0,4,1,11,HopcroftKarpMatcher,-1,na,main_loop_iters,1
U0,4,1,11,HopcroftKarpMatcher,-1,na,total_bfs_edges_visited,4
U0,4,1,11,HopcroftKarpMatcher,-1,na,total_edges_visited,7
U0,4,1,11,HopcroftKarpMatcher,-1,na,matching_size,3
U0,4,1,11,HopcroftKarpMatcher,-1,na,wall_clock_ms,0.006012
U0,4,1,11,HopcroftKarpMatcher,-1,na,matching_size,3
U0,6,1,19,Oracle,-1,na,oracle_size,4
U0,6,1,19,SimpleAugmentingMatcher,-1,na,wall_clock_ms,0.000664
U0,6,1,19,SimpleAugmentingMatcher,-1,na,matching_size,4
U0,6,1,19,HopcroftKarpMatcher,0,na,paths_found_per_phase,4
U0,6,1,19,HopcroftKarpMatcher,0,na,bfs_edges_visited,6
U0,6,1,19,HopcroftKarpMatcher,0,na,dfs_edges_visited,5
U0,6,1,19,HopcroftKarpMatcher,0,na,defect_at_iteration,2
U0,6,1,19,HopcroftKarpMatcher,-1,na,phase_count,1
U0,6,1,19,HopcroftKarpMatcher,-1,na,main_loop_iters,1
U0,6,1,19,HopcroftKarpMatcher,-1,na,total_bfs_edges_visited,6
U0,6,1,19,HopcroftKarpMatcher,-1,na,total_edges_visited,11
U0,6,1,19,HopcroftKarpMatcher,-1,na,matching_size,4
U0,6,1,19,HopcroftKarpMatcher,-1,na,wall_clock_ms,0.006507
U0,6,1,19,HopcroftKarpMatcher,-1,na,matching_size,4
U0,3,2,2,Oracle,-1,na,oracle_size,3
U0,3,2,2,SimpleAugmentingMatcher,-1,na,wall_clock_ms,0.000551
U0,3,2,2,SimpleAugmentingMatcher,-1,na,matching_size,3
U0,3,2,2,HopcroftKarpMatcher,0,na,paths_found_per_phase,3
U0,3,2,2,HopcroftKarpMatcher,0,na,bfs_edges_visited,9
U0,3,2,2,HopcroftKarpMatcher,0,na,dfs_edges_visited,6
U0,3,2,2,HopcroftKarpMatcher,0,na,defect_at_iteration,0
U0,3,2,2,HopcroftKarpMatcher,-1,na,phase_count,1
U0,3,2,2,HopcroftKarpMatcher,-1,na,main_loop_iters,1
U0,3,2,2,HopcroftKarpMatcher,-1,na,total_bfs_edges_visited,9
U0,3,2,2,HopcroftKarpMatcher,-1,na,total_edges_visited,15
U0,3,2,2,HopcroftKarpMatcher,-1,na,matching_size,3
U0,3,2,2,HopcroftKarpMatcher,-1,na,wall_clock_ms,0.006731
U0,3,2,2,HopcroftKarpMatcher,-1,na,matching_size,3
U0,2,1.5,43,Oracle,-1,na,oracle_size,2
U0,2,1.5,43,SimpleAugmentingMatcher,-1,na,wall_clock_ms,0.000387
U0,2,1.5,43,SimpleAugmentingMatcher,-1,na,matching_size,2
U0,2,1.5,43,HopcroftKarpMatcher,0,na,paths_found_per_phase,2
U0,2,1.5,43,HopcroftKarpMatcher,0,na,bfs_edges_visited,2
U0,2,1.5,43,HopcroftKarpMatcher,0,na,dfs_edges_visited,2
U0,2,1.5,43,HopcroftKarpMatcher,0,na,defect_at_iteration,0
U0,2,1.5,43,HopcroftKarpMatcher,-1,na,phase_count,1
U0,2,1.5,43,HopcroftKarpMatcher,-1,na,main_loop_iters,1
U0,2,1.5,43,HopcroftKarpMatcher,-1,na,total_bfs_edges_visited,2
U0,2,1.5,43,HopcroftKarpMatcher,-1,na,total_edges_visited,4
U0,2,1.5,43,HopcroftKarpMatcher,-1,na,matching_size,2
U0,2,1.5,43,HopcroftKarpMatcher,-1,na,wall_clock_ms,0.006071
U0,2,1.5,43,HopcroftKarpMatcher,-1,na,matching_size,2
U0,6,2,27,Oracle,-1,na,oracle_size,6
U0,6,2,27,SimpleAugmentingMatcher,-1,na,wall_clock_ms,0.000962
U0,6,2,27,SimpleAugmentingMatcher,-1,na,matching_size,6
U0,6,2,27,HopcroftKarpMatcher,0,na,paths_found_per_phase,6
U0,6,2,27,HopcroftKarpMatcher,0,na,bfs_edges_visited,36
U0,6,2,27,HopcroftKarpMatcher,0,na,dfs_edges_visited,21
U0,6,2,27,HopcroftKarpMatcher,0,na,defect_at_iteration,0
U0,6,2,27,HopcroftKarpMatcher,-1,na,phase_count,1
U0,6,2,27,HopcroftKarpMatcher,-1,na,main_loop_iters,1
U0,6,2,27,HopcroftKarpMatcher,-1,na,total_bfs_edges_visited,36
U0,6,2,27,HopcroftKarpMatcher,-1,na,total_edges_visited,57
U0,6,2,27,HopcroftKarpMatcher,-1,na,matching_size,6
U0,6,2,27,HopcroftKarpMatcher,-1,na,wall_clock_ms,0.007324
U0,6,2,27,HopcroftKarpMatcher,-1,na,matching_size,6
U0,4,1.5,32,Oracle,-1,na,oracle_size,4
U0,4,1.5,32,SimpleAugmentingMatcher,-1,na,wall_clock_ms,0.000481
U0,4,1.5,32,SimpleAugmentingMatcher,-1,na,matching_size,4
U0,4,1.5,32,HopcroftKarpMatcher,0,na,paths_found_per_phase,4
U0,4,1.5,32,HopcroftKarpMatcher,0,na,bfs_edges_visited,8
U0,4,1.5,32,HopcroftKarpMatcher,0,na,dfs_edges_visited,5
U0,4,1.5,32,HopcroftKarpMatcher,0,na,defect_at_iteration,0
U0,4,1.5,32,HopcroftKarpMatcher,-1,na,phase_count,1
U0,4,1.5,32,HopcroftKarpMatcher,-1,na,main_loop_iters,1
U0,4,1.5,32,HopcroftKarpMatcher,-1,na,total_bfs_edges_visited,8
U0,4,1.5,32,HopcroftKarpMatcher,-1,na,total_edges_visited,13
U0,4,1.5,32,HopcroftKarpMatcher,-1,na,matching_size,4
U0,4,1.5,32,HopcroftKarpMatcher,-1,na,wall_clock_ms,0.004891
U0,4,1.5,32,HopcroftKarpMatcher,-1,na,matching_size,4
U0,6,2,49,Oracle,-1,na,oracle_size,6
U0,6,2,49,SimpleAugmentingMatcher,-1,na,wall_clock_ms,0.001083
U0,6,2,49,SimpleAugmentingMatcher,-1,na,matching_size,6
U0,6,2,49,HopcroftKarpMatcher,0,na,paths_found_per_phase,6
U0,6,2,49,HopcroftKarpMatcher,0,na,bfs_edges_visited,36
U0,6,2,49,HopcroftKarpMatcher,0,na,dfs_edges_visited,21
U0,6,2,49,HopcroftKarpMatcher,0,na,defect_at_iteration,0
U0,6,2,49,HopcroftKarpMatcher,-1,na,phase_count,1
U0,6,2,49,HopcroftKarpMatcher,-1,na,main_loop_iters,1
U0,6,2,49,HopcroftKarpMatcher,-1,na,total_bfs_edges_visited,36
U0,6,2,49,HopcroftKarpMatcher,-1,na,total_edges_visited,57
U0,6,2,49,HopcroftKarpMatcher,-1,na,matching_size,6
U0,6,2,49,HopcroftKarpMatcher,-1,na,wall_clock_ms,0.007292
U0,6,2,49,HopcroftKarpMatcher,-1,na,matching_size,6
U0,5,1,29,Oracle,-1,na,oracle_size,2
U0,5,1,29,SimpleAugmentingMatcher,-1,na,wall_clock_ms,0.000653
U0,5,1,29,SimpleAugmentingMatcher,-1,na,matching_size,2
U0,5,1,29,HopcroftKarpMatcher,0,na,paths_found_per_phase,2
U0,5,1,29,HopcroftKarpMatcher,0,na,bfs_edges_visited,5
U0,5,1,29,HopcroftKarpMatcher,0,na,dfs_edges_visited,2
U0,5,1,29,HopcroftKarpMatcher,0,na,defect_at_iteration,3
U0,5,1,29,HopcroftKarpMatcher,-1,na,phase_count,1
U0,5,1,29,HopcroftKarpMatcher,-1,na,main_loop_iters,1
U0,5,1,29,HopcroftKarpMatcher,-1,na,total_bfs_edges_visited,5
U0,5,1,29,HopcroftKarpMatcher,-1,na,total_edges_visited,7
U0,5,1,29,HopcroftKarpMatcher,-1,na,matching_size,2
U0,5,1,29,HopcroftKarpMatcher,-1,na,wall_clock_ms,0.006202
U0,5,1,29,HopcroftKarpMatcher,-1,na,matching_size,2
U0,2,2,41,Oracle,-1,na,oracle_size,2
U0,2,2,41,SimpleAugmentingMatcher,-1,na,wall_clock_ms,0.000405
U0,2,2,41,SimpleAugmentingMatcher,-1,na,matching_size,2
U0,2,2,41,HopcroftKarpMatcher,0,na,paths_found_per_phase,2
U0,2,2,41,HopcroftKarpMatcher,0,na,bfs_edges_visited,4
U0,2,2,41,HopcroftKarpMatcher,0,na,dfs_edges_visited,3
U0,2,2,41,HopcroftKarpMatcher,0,na,defect_at_iteration,0
U0,2,2,41,HopcroftKarpMatcher,-1,na,phase_count,1
U0,2,2,41,HopcroftKarpMatcher,-1,na,main_loop_iters,1
U0,2,2,41,HopcroftKarpMatcher,-1,na,total_bfs_edges_visited,4
U0,2,2,41,HopcroftKarpMatcher,-1,na,total_edges_visited,7
U0,2,2,41,HopcroftKarpMatcher,-1,na,matching_size,2
U0,2,2,41,HopcroftKarpMatcher,-1,na,wall_clock_ms,0.005768
U0,2,2,41,HopcroftKarpMatcher,-1,na,matching_size,2
U0,4,1.5,16,Oracle,-1,na,oracle_size,3
U0,4,1.5,16,SimpleAugmentingMatcher,-1,na,wall_clock_ms,0.000707
U0,4,1.5,16,SimpleAugmentingMatcher,-1,na,matching_size,3
U0,4,1.5,16,HopcroftKarpMatcher,0,na,paths_found_per_phase,3
U0,4,1.5,16,HopcroftKarpMatcher,0,na,bfs_edges_visited,8
U0,4,1.5,16,HopcroftKarpMatcher,0,na,dfs_edges_visited,5
U0,4,1.5,16,HopcroftKarpMatcher,0,na,defect_at_iteration,1
U0,4,1.5,16,HopcroftKarpMatcher,-1,na,phase_count,1
U0,4,1.5,16,HopcroftKarpMatcher,-1,na,main_loop_iters,1
U0,4,1.5,16,HopcroftKarpMatcher,-1,na,total_bfs_edges_visited,8
U0,4,1.5,16,HopcroftKarpMatcher,-1,na,total_edges_visited,13
U0,4,1.5,16,HopcroftKarpMatcher,-1,na,matching_size,3
U0,4,1.5,16,HopcroftKarpMatcher,-1,na,wall_clock_ms,0.006605
U0,4,1.5,16,HopcroftKarpMatcher,-1,na,matching_size,3
U0,2,1,25,Oracle,-1,na,oracle_size,2
U0,2,1,25,SimpleAugmentingMatcher,-1,na,wall_clock_ms,0.000526
U0,2,1,25,SimpleAugmentingMatcher,-1,na,matching_size,2
U0,2,1,25,HopcroftKarpMatcher,0,na,paths_found_per_phase,2
U0,2,1,25,HopcroftKarpMatcher,0,na,bfs_edges_visited,2
U0,2,1,25,HopcroftKarpMatcher,0,na,dfs_edges_visited,2
U0,2,1,25,HopcroftKarpMatcher,0,na,defect_at_iteration,0
U0,2,1,25,HopcroftKarpMatcher,-1,na,phase_count,1
U0,2,1,25,HopcroftKarpMatcher,-1,na,main_loop_iters,1
U0,2,1,25,HopcroftKarpMatcher,-1,na,total_bfs_edges_visited,2
U0,2,1,25,HopcroftKarpMatcher,-1,na,total_edges_visited,4
U0,2,1,25,HopcroftKarpMatcher,-1,na,matching_size,2
U0,2,1,25,HopcroftKarpMatcher,-1,na,wall_clock_ms,0.005826
U0,2,1,25,HopcroftKarpMatcher,-1,na,matching_size,2
U0,6,1,5,Oracle,-1,na,oracle_size,4
U0,6,1,5,SimpleAugmentingMatcher,-1,na,wall_clock_ms,0.000793
U0,6,1,5,SimpleAugmentingMatcher,-1,na,matching_size,4
U0,6,1,5,HopcroftKarpMatcher,0,na,paths_found_per_phase,3
U0,6,1,5,HopcroftKarpMatcher,0,na,bfs_edges_visited,6
U0,6,1,5,HopcroftKarpMatcher,0,na,dfs_edges_visited,5
U0,6,1,5,HopcroftKarpMatcher,0,na,defect_at_iteration,3
U0,6,1,5,HopcroftKarpMatcher,1,na,paths_found_per_phase,1
U0,6,1,5,HopcroftKarpMatcher,1,na,bfs_edges_visited,5
U0,6,1,5,HopcroftKarpMatcher,1,na,dfs_edges_visited,5
U0,6,1,5,HopcroftKarpMatcher,1,na,defect_at_iteration,2
U0,6,1,5,HopcroftKarpMatcher,-1,na,phase_count,2
U0,6,1,5,HopcroftKarpMatcher,-1,na,main_loop_iters,2
U0,6,1,5,HopcroftKarpMatcher,-1,na,total_bfs_edges_visited,11
U0,6,1,5,HopcroftKarpMatcher,-1,na,total_edges_visited,21
U0,6,1,5,HopcroftKarpMatcher,-1,na,matching_size,4
U0,6,1,5,HopcroftKarpMatcher,-1,na,wall_clock_ms,0.009168
U0,6,1,5,HopcroftKarpMatcher,-1,na,matching_size,4
U0,3,2,13,Oracle,-1,na,oracle_size,3
U0,3,2,13,SimpleAugmentingMatcher,-1,na,wall_clock_ms,0.000439
U0,3,2,13,SimpleAugmentingMatcher,-1,na,matching_size,3
U0,3,2,13,HopcroftKarpMatcher,0,na,paths_found_per_phase,3
U0,3,2,13,HopcroftKarpMatcher,0,na,bfs_edges_visited,9
U0,3,2,13,HopcroftKarpMatcher,0,na,dfs_edges_visited,6
U0,3,2,13,HopcroftKarpMatcher,0,na,defect_at_iteration,0
U0,3,2,13,HopcroftKarpMatcher,-1,na,phase_count,1
U0,3,2,13,HopcroftKarpMatcher,-1,na,main_loop_iters,1
U0,3,2,13,HopcroftKarpMatcher,-1,na,total_bfs_edges_visited,9
U0,3,2,13,HopcroftKarpMatcher,-1,na,total_edges_visited,15
U0,3,2,13,HopcroftKarpMatcher,-1,na,matching_size,3
U0,3,2,13,HopcroftKarpMatcher,-1,na,wall_clock_ms,0.006515
U0,3,2,13,HopcroftKarpMatcher,-1,na,matching_size,3
U0,5,1,26,Oracle,-1,na,oracle_size,4
U0,5,1,26,SimpleAugmentingMatcher,-1,na,wall_clock_ms,0.000584
U0,5,1,26,SimpleAugmentingMatcher,-1,na,matching_size,4
U0,5,1,26,HopcroftKarpMatcher,0,na,paths_found_per_phase,4
U0,5,1,26,HopcroftKarpMatcher,0,na,bfs_edges_visited,5
U0,5,1,26,HopcroftKarpMatcher,0,na,dfs_edges_visited,4
U0,5,1,26,HopcroftKarpMatcher,0,na,defect_at_iteration,1
U0,5,1,26,HopcroftKarpMatcher,-1,na,phase_count,1
U0,5,1,26,HopcroftKarpMatcher,-1,na,main_loop_iters,1
U0,5,1,26,HopcroftKarpMatcher,-1,na,total_bfs_edges_visited,5
U0,5,1,26,HopcroftKarpMatcher,-1,na,total_edges_visited,9
U0,5,1,26,HopcroftKarpMatcher,-1,na,matching_size,4
U0,5,1,26,HopcroftKarpMatcher,-1,na,wall_clock_ms,0.006042
U0,5,1,26,HopcroftKarpMatcher,-1,na,matching_size,4
U0,2,1.5,39,Oracle,-1,na,oracle_size,1
U0,2,1.5,39,SimpleAugmentingMatcher,-1,na,wall_clock_ms,0.000341
U0,2,1.5,39,SimpleAugmentingMatcher,-1,na,matching_size,1
U0,2,1.5,39,HopcroftKarpMatcher,0,na,paths_found_per_phase,1
U0,2,1.5,39,HopcroftKarpMatcher,0,na,bfs_edges_visited,2
U0,2,1.5,39,HopcroftKarpMatcher,0,na,dfs_edges_visited,1
U0,2,1.5,39,HopcroftKarpMatcher,0,na,defect_at_iteration,1
U0,2,1.5,39,HopcroftKarpMatcher,-1,na,phase_count,1
U0,2,1.5,39,HopcroftKarpMatcher,-1,na,main_loop_iters,1
U0,2,1.5,39,HopcroftKarpMatcher,-1,na,total_bfs_edges_visited,2
U0,2,1.5,39,HopcroftKarpMatcher,-1,na,total_edges_visited,3
U0,2,1.5,39,HopcroftKarpMatcher,-1,na,matching_size,1
U0,2,1.5,39,HopcroftKarpMatcher,-1,na,wall_clock_ms,0.004686
U0,2,1.5,39,HopcroftKarpMatcher,-1,na,matching_size,1
U0,4,2,21,Oracle,-1,na,oracle_size,4
U0,4,2,21,SimpleAugmentingMatcher,-1,na,wall_clock_ms,0.00051
U0,4,2,21,SimpleAugmentingMatcher,-1,na,matching_size,4
U0,4,2,21,HopcroftKarpMatcher,0,na,paths_found_per_phase,4
U0,4,2,21,HopcroftKarpMatcher,0,na,bfs_edges_visited,16
U0,4,2,21,HopcroftKarpMatcher,0,na,dfs_edges_visited,10
U0,4,2,21,HopcroftKarpMatcher,0,na,defect_at_iteration,0
U0,4,2,21,HopcroftKarpMatcher,-1,na,phase_count,1
U0,4,2,21,HopcroftKarpMatcher,-1,na,main_loop_iters,1
U0,4,2,21,HopcroftKarpMatcher,-1,na,total_bfs_edges_visited,16
U0,4,2,21,HopcroftKarpMatcher,-1,na,total_edges_visited,26
U0,4,2,21,HopcroftKarpMatcher,-1,na,matching_size,4
U0,4,2,21,HopcroftKarpMatcher,-1,na,wall_clock_ms,0.005131
U0,4,2,21,HopcroftKarpMatcher,-1,na,matching_size,4
U0,3,1,8,Oracle,-1,na,oracle_size,1
U0,3,1,8,SimpleAugmentingMatcher,-1,na,wall_clock_ms,0.00052
U0,3,1,8,SimpleAugmentingMatcher,-1,na,matching_size,1
U0,3,1,8,HopcroftKarpMatcher,0,na,paths_found_per_phase,1
U0,3,1,8,HopcroftKarpMatcher,0,na,bfs_edges_visited,3
U0,3,1,8,HopcroftKarpMatcher,0,na,dfs_edges_visited,3
U0,3,1,8,HopcroftKarpMatcher,0,na,defect_at_iteration,2
U0,3,1,8,HopcroftKarpMatcher,-1,na,phase_count,1
U0,3,1,8,HopcroftKarpMatcher,-1,na,main_loop_iters,1
U0,3,1,8,HopcroftKarpMatcher,-1,na,total_bfs_edges_visited,3
U0,3,1,8,HopcroftKarpMatcher,-1,na,total_edges_visited,6
U0,3,1,8,HopcroftKarpMatcher,-1,na,matching_size,1
U0,3,1,8,HopcroftKarpMatcher,-1,na,wall_clock_ms,0.004523
U0,3,1,8,HopcroftKarpMatcher,-1,na,matching_size,1
U0,5,2,10,Oracle,-1,na,oracle_size,5
U0,5,2,10,SimpleAugmentingMatcher,-1,na,wall_clock_ms,0.000681
U0,5,2,10,SimpleAugmentingMatcher,-1,na,matching_size,5
U0,5,2,10,HopcroftKarpMatcher,0,na,paths_found_per_phase,5
U0,5,2,10,HopcroftKarpMatcher,0,na,bfs_edges_visited,25
U0,5,2,10,HopcroftKarpMatcher,0,na,dfs_edges_visited,15
U0,5,2,10,HopcroftKarpMatcher,0,na,defect_at_iteration,0
U0,5,2,10,HopcroftKarpMatcher,-1,na,phase_count,1
U0,5,2,10,HopcroftKarpMatcher,-1,na,main_loop_iters,1
U0,5,2,10,HopcroftKarpMatcher,-1,na,total_bfs_edges_visited,25
U0,5,2,10,HopcroftKarpMatcher,-1,na,total_edges_visited,40
U0,5,2,10,HopcroftKarpMatcher,-1,na,matching_size,5
U0,5,2,10,HopcroftKarpMatcher,-1,na,wall_clock_ms,0.006395
U0,5,2,10,HopcroftKarpMatcher,-1,na,matching_size,5
U0,6,2,30,Oracle,-1,na,oracle_size,6
U0,6,2,30,SimpleAugmentingMatcher,-1,na,wall_clock_ms,0.000959
U0,6,2,30,SimpleAugmentingMatcher,-1,na,matching_size,6
U0,6,2,30,HopcroftKarpMatcher,0,na,paths_found_per_phase,6
U0,6,2,30,HopcroftKarpMatcher,0,na,bfs_edges_visited,36
U0,6,2,30,HopcroftKarpMatcher,0,na,dfs_edges_visited,21
U0,6,2,30,HopcroftKarpMatcher,0,na,defect_at_iteration,0
U0,6,2,30,HopcroftKarpMatcher,-1,na,phase_count,1
U0,6,2,30,HopcroftKarpMatcher,-1,na,main_loop_iters,1
U0,6,2,30,HopcroftKarpMatcher,-1,na,total_bfs_edges_visited,36
U0,6,2,30,HopcroftKarpMatcher,-1,na,total_edges_visited,57
U0,6,2,30,HopcroftKarpMatcher,-1,na,matching_size,6
U0,6,2,30,HopcroftKarpMatcher,-1,na,wall_clock_ms,0.007506
U0,6,2,30,HopcroftKarpMatcher,-1,na,matching_size,6
U0,3,1,46,Oracle,-1,na,oracle_size,2
U0,3,1,46,SimpleAugmentingMatcher,-1,na,wall_clock_ms,0.000481
U0,3,1,46,SimpleAugmentingMatcher,-1,na,matching_size,2
U0,3,1,46,HopcroftKarpMatcher,0,na,paths_found_per_phase,2
U0,3,1,46,HopcroftKarpMatcher,0,na,bfs_edges_visited,3
U0,3,1,46,HopcroftKarpMatcher,0,na,dfs_edges_visited,2
U0,3,1,46,HopcroftKarpMatcher,0,na,defect_at_iteration,1
U0,3,1,46,HopcroftKarpMatcher,-1,na,phase_count,1
U0,3,1,46,HopcroftKarpMatcher,-1,na,main_loop_iters,1
U0,3,1,46,HopcroftKarpMatcher,-1,na,total_bfs_edges_visited,3
U0,3,1,46,HopcroftKarpMatcher,-1,na,total_edges_visited,5
U0,3,1,46,HopcroftKarpMatcher,-1,na,matching_size,2
U0,3,1,46,HopcroftKarpMatcher,-1,na,wall_clock_ms,0.00602
U0,3,1,46,HopcroftKarpMatcher,-1,na,matching_size,2
U0,6,1.5,5,Oracle,-1,na,oracle_size,6
U0,6,1.5,5,SimpleAugmentingMatcher,-1,na,wall_clock_ms,0.001183
U0,6,1.5,5,SimpleAugmentingMatcher,-1,na,matching_size,6
U0,6,1.5,5,HopcroftKarpMatcher,0,na,paths_found_per_phase,5
U0,6,1.5,5,HopcroftKarpMatcher,0,na,bfs_edges_visited,14
U0,6,1.5,5,HopcroftKarpMatcher,0,na,dfs_edges_visited,10
U0,6,1.5,5,HopcroftKarpMatcher,0,na,defect_at_iteration,1
U0,6,1.5,5,HopcroftKarpMatcher,1,na,paths_found_per_phase,1
U0,6,1.5,5,HopcroftKarpMatcher,1,na,bfs_edges_visited,14
U0,6,1.5,5,HopcroftKarpMatcher,1,na,dfs_edges_visited,10
U0,6,1.5,5,HopcroftKarpMatcher,1,na,defect_at_iteration,0
U0,6,1.5,5,HopcroftKarpMatcher,-1,na,phase_count,2
U0,6,1.5,5,HopcroftKarpMatcher,-1,na,main_loop_iters,2
U0,6,1.5,5,HopcroftKarpMatcher,-1,na,total_bfs_edges_visited,28
U0,6,1.5,5,HopcroftKarpMatcher,-1,na,total_edges_visited,48
U0,6,1.5,5,HopcroftKarpMatcher,-1,na,matching_size,6
U0,6,1.5,5,HopcroftKarpMatcher,-1,na,wall_clock_ms,0.010324
U0,6,1.5,5,HopcroftKarpMatcher,-1,na,matching_size,6
U0,2,2,2,Oracle,-1,na,oracle_size,2
U0,2,2,2,SimpleAugmentingMatcher,-1,na,wall_clock_ms,0.000354
U0,2,2,2,SimpleAugmentingMatcher,-1,na,matching_size,2
U0,2,2,2,HopcroftKarpMatcher,0,na,paths_found_per_phase,2
U0,2,2,2,HopcroftKarpMatcher,0,na,bfs_edges_visited,4
U0,2,2,2,HopcroftKarpMatcher,0,na,dfs_edges_visited,3
U0,2,2,2,HopcroftKarpMatcher,0,na,defect_at_iteration,0
U0,2,2,2,HopcroftKarpMatcher,-1,na,phase_count,1
U0,2,2,2,HopcroftKarpMatcher,-1,na,main_loop_iters,1
U0,2,2,2,HopcroftKarpMatcher,-1,na,total_bfs_edges_visited,4
U0,2,2,2,HopcroftKarpMatcher,-1,na,total_edges_visited,7
U0,2,2,2,HopcroftKarpMatcher,-1,na,matching_size,2
U0,2,2,2,HopcroftKarpMatcher,-1,na,wall_clock_ms,0.004208
U0,2,2,2,HopcroftKarpMatcher,-1,na,matching_size,2
U0,2,1.5,40,Oracle,-1,na,oracle_size,1
U0,2,1.5,40,SimpleAugmentingMatcher,-1,na,wall_clock_ms,0.00058
U0,2,1.5,40,SimpleAugmentingMatcher,-1,na,matching_size,1
U0,2,1.5,40,HopcroftKarpMatcher,0,na,paths_found_per_phase,1
U0,2,1.5,40,HopcroftKarpMatcher,0,na,bfs_edges_visited,2
U0,2,1.5,40,HopcroftKarpMatcher,0,na,dfs_edges_visited,2
U0,2,1.5,40,HopcroftKarpMatcher,0,na,defect_at_iteration,1
U0,2,1.5,40,HopcroftKarpMatcher,-1,na,phase_count,1
U0,2,1.5,40,HopcroftKarpMatcher,-1,na,main_loop_iters,1
U0,2,1.5,40,HopcroftKarpMatcher,-1,na,total_bfs_edges_visited,2
U0,2,1.5,40,HopcroftKarpMatcher,-1,na,total_edges_visited,4
U0,2,1.5,40,HopcroftKarpMatcher,-1,na,matching_size,1
U0,2,1.5,40,HopcroftKarpMatcher,-1,na,wall_clock_ms,0.006347
U0,2,1.5,40,HopcroftKarpMatcher,-1,na,matching_size,1
U0,5,1.5,5,Oracle,-1,na,oracle_size,5
U0,5,1.5,5,SimpleAugmentingMatcher,-1,na,wall_clock_ms,0.000728
U0,5,1.5,5,SimpleAugmentingMatcher,-1,na,matching_size,5
U0,5,1.5,5,HopcroftKarpMatcher,0,na,paths_found_per_phase,5
U0,5,1.5,5,HopcroftKarpMatcher,0,na,bfs_edges_visited,11
U0,5,1.5,5,HopcroftKarpMatcher,0,na,dfs_edges_visited,6
U0,5,1.5,5,HopcroftKarpMatcher,0,na,defect_at_iteration,0
U0,5,1.5,5,HopcroftKarpMatcher,-1,na,phase_count,1
U0,5,1.5,5,HopcroftKarpMatcher,-1,na,main_loop_iters,1
U0,5,1.5,5,HopcroftKarpMatcher,-1,na,total_bfs_edges_visited,11
U0,5,1.5,5,HopcroftKarpMatcher,-1,na,total_edges_visited,17
U0,5,1.5,5,HopcroftKarpMatcher,-1,na,matching_size,5
U0,5,1.5,5,HopcroftKarpMatcher,-1,na,wall_clock_ms,0.006969
U0,5,1.5,5,HopcroftKarpMatcher,-1,na,matching_size,5
U0,2,1,28,Oracle,-1,na,oracle_size,1
U0,2,1,28,SimpleAugmentingMatcher,-1,na,wall_clock_ms,0.00042
U0,2,1,28,SimpleAugmentingMatcher,-1,na,matching_size,1
U0,2,1,28,HopcroftKarpMatcher,0,na,paths_found_per_phase,1
U0,2,1,28,HopcroftKarpMatcher,0,na,bfs_edges_visited,2
U0,2,1,28,HopcroftKarpMatcher,0,na,dfs_edges_visited,1
U0,2,1,28,HopcroftKarpMatcher,0,na,defect_at_iteration,1
U0,2,1,28,HopcroftKarpMatcher,-1,na,phase_count,1
U0,2,1,28,HopcroftKarpMatcher,-1,na,main_loop_iters,1
U0,2,1,28,HopcroftKarpMatcher,-1,na,total_bfs_edges_visited,2
U0,2,1,28,HopcroftKarpMatcher,-1,na,total_edges_visited,3
U0,2,1,28,HopcroftKarpMatcher,-1,na,matching_size,1
U0,2,1,28,HopcroftKarpMatcher,-1,na,wall_clock_ms,0.00551
U0,2,1,28,HopcroftKarpMatcher,-1,na,matching_size,1
U0,4,2,26,Oracle,-1,na,oracle_size,4
U0,4,2,26,SimpleAugmentingMatcher,-1,na,wall_clock_ms,0.000856
U0,4,2,26,SimpleAugmentingMatcher,-1,na,matching_size,4
U0,4,2,26,HopcroftKarpMatcher,0,na,paths_found_per_phase,4
U0,4,2,26,HopcroftKarpMatcher,0,na,bfs_edges_visited,16
U0,4,2,26,HopcroftKarpMatcher,0,na,dfs_edges_visited,10
U0,4,2,26,HopcroftKarpMatcher,0,na,defect_at_iteration,0
U0,4,2,26,HopcroftKarpMatcher,-1,na,phase_count,1
U0,4,2,26,HopcroftKarpMatcher,-1,na,main_loop_iters,1
U0,4,2,26,HopcroftKarpMatcher,-1,na,total_bfs_edges_visited,16
U0,4,2,26,HopcroftKarpMatcher,-1,na,total_edges_visited,26
U0,4,2,26,HopcroftKarpMatcher,-1,na,matching_size,4
U0,4,2,26,HopcroftKarpMatcher,-1,na,wall_clock_ms,0.007435
U0,4,2,26,HopcroftKarpMatcher,-1,na,matching_size,4
U0,2,1,44,Oracle,-1,na,oracle_size,1
U0,2,1,44,SimpleAugmentingMatcher,-1,na,wall_clock_ms,0.00054
U0,2,1,44,SimpleAugmentingMatcher,-1,na,matching_size,1
U0,2,1,44,HopcroftKarpMatcher,0,na,paths_found_per_phase,1
U0,2,1,44,HopcroftKarpMatcher,0,na,bfs_edges_visited,2
U0,2,1,44,HopcroftKarpMatcher,0,na,dfs_edges_visited,2
U0,2,1,44,HopcroftKarpMatcher,0,na,defect_at_iteration,1
U0,2,1,44,HopcroftKarpMatcher,-1,na,phase_count,1
U0,2,1,44,HopcroftKarpMatcher,-1,na,main_loop_iters,1
U0,2,1,44,HopcroftKarpMatcher,-1,na,total_bfs_edges_visited,2
U0,2,1,44,HopcroftKarpMatcher,-1,na,total_edges_visited,4
U0,2,1,44,HopcroftKarpMatcher,-1,na,matching_size,1
U0,2,1,44,HopcroftKarpMatcher,-1,na,wall_clock_ms,0.005986
U0,2,1,44,HopcroftKarpMatcher,-1,na,matching_size,1
U0,2,1,10,Oracle,-1,na,oracle_size,2
U0,2,1,10,SimpleAugmentingMatcher,-1,na,wall_clock_ms,0.00032
U0,2,1,10,SimpleAugmentingMatcher,-1,na,matching_size,2
U0,2,1,10,HopcroftKarpMatcher,0,na,paths_found_per_phase,2
U0,2,1,10,HopcroftKarpMatcher,0,na,bfs_edges_visited,2
U0,2,1,10,HopcroftKarpMatcher,0,na,dfs_edges_visited,2
U0,2,1,10,HopcroftKarpMatcher,0,na,defect_at_iteration,0
U0,2,1,10,HopcroftKarpMatcher,-1,na,phase_count,1
U0,2,1,10,HopcroftKarpMatcher,-1,na,main_loop_iters,1
U0,2,1,10,HopcroftKarpMatcher,-1,na,total_bfs_edges_visited,2
U0,2,1,10,HopcroftKarpMatcher,-1,na,total_edges_visited,4
U0,2,1,10,HopcroftKarpMatcher,-1,na,matching_size,2
U0,2,1,10,HopcroftKarpMatcher,-1,na,wall_clock_ms,0.004219
U0,2,1,10,HopcroftKarpMatcher,-1,na,matching_size,2
U0,4,2,49,Oracle,-1,na,oracle_size,4
U0,4,2,49,SimpleAugmentingMatcher,-1,na,wall_clock_ms,0.000656
U0,4,2,49,SimpleAugmentingMatcher,-1,na,matching_size,4
U0,4,2,49,HopcroftKarpMatcher,0,na,paths_found_per_phase,4
U0,4,2,49,HopcroftKarpMatcher,0,na,bfs_edges_visited,16
U0,4,2,49,HopcroftKarpMatcher,0,na,dfs_edges_visited,10
U0,4,2,49,HopcroftKarpMatcher,0,na,defect_at_iteration,0
U0,4,2,49,HopcroftKarpMatcher,-1,na,phase_count,1
U0,4,2,49,HopcroftKarpMatcher,-1,na,main_loop_iters,1
U0,4,2,49,HopcroftKarpMatcher,-1,na,total_bfs_edges_visited,16
U0,4,2,49,HopcroftKarpMatcher,-1,na,total_edges_visited,26
U0,4,2,49,HopcroftKarpMatcher,-1,na,matching_size,4
U0,4,2,49,HopcroftKarpMatcher,-1,na,wall_clock_ms,0.007297
U0,4,2,49,HopcroftKarpMatcher,-1,na,matching_size,4
U0,2,1.5,22,Oracle,-1,na,oracle_size,2
U0,2,1.5,22,SimpleAugmentingMatcher,-1,na,wall_clock_ms,0.000316
U0,2,1.5,22,SimpleAugmentingMatcher,-1,na,matching_size,2
U0,2,1.5,22,HopcroftKarpMatcher,0,na,paths_found_per_phase,2
U0,2,1.5,22,HopcroftKarpMatcher,0,na,bfs_edges_visited,2
U0,2,1.5,22,HopcroftKarpMatcher,0,na,dfs_edges_visited,2
U0,2,1.5,22,HopcroftKarpMatcher,0,na,defect_at_iteration,0
U0,2,1.5,22,HopcroftKarpMatcher,-1,na,phase_count,1
U0,2,1.5,22,HopcroftKarpMatcher,-1,na,main_loop_iters,1
U0,2,1.5,22,HopcroftKarpMatcher,-1,na,total_bfs_edges_visited,2
U0,2,1.5,22,HopcroftKarpMatcher,-1,na,total_edges_visited,4
U0,2,1.5,22,HopcroftKarpMatcher,-1,na,matching_size,2
U0,2,1.5,22,HopcroftKarpMatcher,-1,na,wall_clock_ms,0.004236
U0,2,1.5,22,HopcroftKarpMatcher,-1,na,matching_size,2
U0,5,1.5,8,Oracle,-1,na,oracle_size,5
U0,5,1.5,8,SimpleAugmentingMatcher,-1,na,wall_clock_ms,0.000645
U0,5,1.5,8,SimpleAugmentingMatcher,-1,na,matching_size,5
U0,5,1.5,8,HopcroftKarpMatcher,0,na,paths_found_per_phase,4
U0,5,1.5,8,HopcroftKarpMatcher,0,na,bfs_edges_visited,11
U0,5,1.5,8,HopcroftKarpMatcher,0,na,dfs_edges_visited,6
U0,5,1.5,8,HopcroftKarpMatcher,0,na,defect_at_iteration,1
U0,5,1.5,8,HopcroftKarpMatcher,1,na,paths_found_per_phase,1
U0,5,1.5,8,HopcroftKarpMatcher,1,na,bfs_edges_visited,7
U0,5,1.5,8,HopcroftKarpMatcher,1,na,dfs_edges_visited,4
U0,5,1.5,8,HopcroftKarpMatcher,1,na,defect_at_iteration,0
U0,5,1.5,8,HopcroftKarpMatcher,-1,na,phase_count,2
U0,5,1.5,8,HopcroftKarpMatcher,-1,na,main_loop_iters,2
U0,5,1.5,8,HopcroftKarpMatcher,-1,na,total_bfs_edges_visited,18
U0,5,1.5,8,HopcroftKarpMatcher,-1,na,total_edges_visited,28
U0,5,1.5,8,HopcroftKarpMatcher,-1,na,matching_size,5
U0,5,1.5,8,HopcroftKarpMatcher,-1,na,wall_clock_ms,0.006848
U0,5,1.5,8,HopcroftKarpMatcher,-1,na,matching_size,5
U0,4,1,34,Oracle,-1,na,oracle_size,3
U0,4,1,34,SimpleAugmentingMatcher,-1,na,wall_clock_ms,0.00063
U0,4,1,34,SimpleAugmentingMatcher,-1,na,matching_size,3
U0,4,1,34,HopcroftKarpMatcher,0,na,paths_found_per_phase,2
U0,4,1,34,HopcroftKarpMatcher,0,na,bfs_edges_visited,4
U0,4,1,34,HopcroftKarpMatcher,0,na,dfs_edges_visited,3
U0,4,1,34,HopcroftKarpMatcher,0,na,defect_at_iteration,2
U0,4,1,34,HopcroftKarpMatcher,1,na,paths_found_per_phase,1
U0,4,1,34,HopcroftKarpMatcher,1,na,bfs_edges_visited,3
U0,4,1,34,HopcroftKarpMatcher,1,na,dfs_edges_visited,3
U0,4,1,34,HopcroftKarpMatcher,1,na,defect_at_iteration,1
U0,4,1,34,HopcroftKarpMatcher,-1,na,phase_count,2
U0,4,1,34,HopcroftKarpMatcher,-1,na,main_loop_iters,2
U0,4,1,34,HopcroftKarpMatcher,-1,na,total_bfs_edges_visited,7
U0,4,1,34,HopcroftKarpMatcher,-1,na,total_edges_visited,13
U0,4,1,34,HopcroftKarpMatcher,-1,na,matching_size,3
U0,4,1,34,HopcroftKarpMatcher,-1,na,wall_clock_ms,0.00892
U0,4,1,34,HopcroftKarpMatcher,-1,na,matching_size,3
U0,5,1,43,Oracle,-1,na,oracle_size,4
U0,5,1,43,SimpleAugmentingMatcher,-1,na,wall_clock_ms,0.00061
U0,5,1,43,SimpleAugmentingMatcher,-1,na,matching_size,4
U0,5,1,43,HopcroftKarpMatcher,0,na,paths_found_per_phase,3
U0,5,1,43,HopcroftKarpMatcher,0,na,bfs_edges_visited,5
U0,5,1,43,HopcroftKarpMatcher,0,na,dfs_edges_visited,4
U0,5,1,43,HopcroftKarpMatcher,0,na,defect_at_iteration,2
U0,5,1,43,HopcroftKarpMatcher,1,na,paths_found_per_phase,1
U0,5,1,43,HopcroftKarpMatcher,1,na,bfs_edges_visited,3
U0,5,1,43,HopcroftKarpMatcher,1,na,dfs_edges_visited,3
U0,5,1,43,HopcroftKarpMatcher,1,na,defect_at_iteration,1
U0,5,1,43,HopcroftKarpMatcher,-1,na,phase_count,2
U0,5,1,43,HopcroftKarpMatcher,-1,na,main_loop_iters,2
U0,5,1,43,HopcroftKarpMatcher,-1,na,total_bfs_edges_visited,8
U0,5,1,43,HopcroftKarpMatcher,-1,na,total_edges_visited,15
U0,5,1,43,HopcroftKarpMatcher,-1,na,matching_size,4
U0,5,1,43,HopcroftKarpMatcher,-1,na,wall_clock_ms,0.009292
U0,5,1,43,HopcroftKarpMatcher,-1,na,matching_size,4
U0,3,2,37,Oracle,-1,na,oracle_size,3
U0,3,2,37,SimpleAugmentingMatcher,-1,na,wall_clock_ms,0.000485
U0,3,2,37,SimpleAugmentingMatcher,-1,na,matching_size,3
U0,3,2,37,HopcroftKarpMatcher,0,na,paths_found_per_phase,3
U0,3,2,37,HopcroftKarpMatcher,0,na,bfs_edges_visited,9
U0,3,2,37,HopcroftKarpMatcher,0,na,dfs_edges_visited,6
U0,3,2,37,HopcroftKarpMatcher,0,na,defect_at_iteration,0
U0,3,2,37,HopcroftKarpMatcher,-1,na,phase_count,1
U0,3,2,37,HopcroftKarpMatcher,-1,na,main_loop_iters,1
U0,3,2,37,HopcroftKarpMatcher,-1,na,total_bfs_edges_visited,9
U0,3,2,37,HopcroftKarpMatcher,-1,na,total_edges_visited,15
U0,3,2,37,HopcroftKarpMatcher,-1,na,matching_size,3
U0,3,2,37,HopcroftKarpMatcher,-1,na,wall_clock_ms,0.005165
U0,3,2,37,HopcroftKarpMatcher,-1,na,matching_size,3
U0,5,1,41,Oracle,-1,na,oracle_size,4
U0,5,1,41,SimpleAugmentingMatcher,-1,na,wall_clock_ms,0.0006
U0,5,1,41,SimpleAugmentingMatcher,-1,na,matching_size,4
U0,5,1,41,HopcroftKarpMatcher,0,na,paths_found_per_phase,4
U0,5,1,41,HopcroftKarpMatcher,0,na,bfs_edges_visited,5
U0,5,1,41,HopcroftKarpMatcher,0,na,dfs_edges_visited,4
U0,5,1,41,HopcroftKarpMatcher,0,na,defect_at_iteration,1
U0,5,1,41,HopcroftKarpMatcher,-1,na,phase_count,1
U0,5,1,41,HopcroftKarpMatcher,-1,na,main_loop_iters,1
U0,5,1,41,HopcroftKarpMatcher,-1,na,total_bfs_edges_visited,5
U0,5,1,41,HopcroftKarpMatcher,-1,na,total_edges_visited,9
U0,5,1,41,HopcroftKarpMatcher,-1,na,matching_size,4
U0,5,1,41,HopcroftKarpMatcher,-1,na,wall_clock_ms,0.006387
U0,5,1,41,HopcroftKarpMatcher,-1,na,matching_size,4
U0,6,2,0,Oracle,-1,na,oracle_size,6
U0,6,2,0,SimpleAugmentingMatcher,-1,na,wall_clock_ms,0.000906
U0,6,2,0,SimpleAugmentingMatcher,-1,na,matching_size,6
U0,6,2,0,HopcroftKarpMatcher,0,na,paths_found_per_phase,6
U0,6,2,0,HopcroftKarpMatcher,0,na,bfs_edges_visited,36
U0,6,2,0,HopcroftKarpMatcher,0,na,dfs_edges_visited,21
U0,6,2,0,HopcroftKarpMatcher,0,na,defect_at_iteration,0
U0,6,2,0,HopcroftKarpMatcher,-1,na,phase_count,1
U0,6,2,0,HopcroftKarpMatcher,-1,na,main_loop_iters,1
U0,6,2,0,HopcroftKarpMatcher,-1,na,total_bfs_edges_visited,36
U0,6,2,0,HopcroftKarpMatcher,-1,na,total_edges_visited,57
U0,6,2,0,HopcroftKarpMatcher,-1,na,matching_size,6
U0,6,2,0,HopcroftKarpMatcher,-1,na,wall_clock_ms,0.006831
U0,6,2,0,HopcroftKarpMatcher,-1,na,matching_size,6
U0,6,1.5,43,Oracle,-1,na,oracle_size,6
U0,6,1.5,43,SimpleAugmentingMatcher,-1,na,wall_clock_ms,0.000892
U0,6,1.5,43,SimpleAugmentingMatcher,-1,na,matching_size,6
U0,6,1.5,43,HopcroftKarpMatcher,0,na,paths_found_per_phase,6
U0,6,1.5,43,HopcroftKarpMatcher,0,na,bfs_edges_visited,14
U0,6,1.5,43,HopcroftKarpMatcher,0,na,dfs_edges_visited,8
U0,6,1.5,43,HopcroftKarpMatcher,0,na,defect_at_iteration,0
U0,6,1.5,43,HopcroftKarpMatcher,-1,na,phase_count,1
U0,6,1.5,43,HopcroftKarpMatcher,-1,na,main_loop_iters,1
U0,6,1.5,43,HopcroftKarpMatcher,-1,na,total_bfs_edges_visited,14
U0,6,1.5,43,HopcroftKarpMatcher,-1,na,total_edges_visited,22
U0,6,1.5,43,HopcroftKarpMatcher,-1,na,matching_size,6
U0,6,1.5,43,HopcroftKarpMatcher,-1,na,wall_clock_ms,0.007794
U0,6,1.5,43,HopcroftKarpMatcher,-1,na,matching_size,6
U0,2,1,36,Oracle,-1,na,oracle_size,2
U0,2,1,36,SimpleAugmentingMatcher,-1,na,wall_clock_ms,0.000532
U0,2,1,36,SimpleAugmentingMatcher,-1,na,matching_size,2
U0,2,1,36,HopcroftKarpMatcher,0,na,paths_found_per_phase,2
U0,2,1,36,HopcroftKarpMatcher,0,na,bfs_edges_visited,2
U0,2,1,36,HopcroftKarpMatcher,0,na,dfs_edges_visited,2
U0,2,1,36,HopcroftKarpMatcher,0,na,defect_at_iteration,0
U0,2,1,36,HopcroftKarpMatcher,-1,na,phase_count,1
U0,2,1,36,HopcroftKarpMatcher,-1,na,main_loop_iters,1
U0,2,1,36,HopcroftKarpMatcher,-1,na,total_bfs_edges_visited,2
U0,2,1,36,HopcroftKarpMatcher,-1,na,total_edges_visited,4
U0,2,1,36,HopcroftKarpMatcher,-1,na,matching_size,2
U0,2,1,36,HopcroftKarpMatcher,-1,na,wall_clock_ms,0.006115
U0,2,1,36,HopcroftKarpMatcher,-1,na,matching_size,2
U0,6,1,18,Oracle,-1,na,oracle_size,3
U0,6,1,18,SimpleAugmentingMatcher,-1,na,wall_clock_ms,0.000693
U0,6,1,18,SimpleAugmentingMatcher,-1,na,matching_size,3
U0,6,1,18,HopcroftKarpMatcher,0,na,paths_found_per_phase,3
U0,6,1,18,HopcroftKarpMatcher,0,na,bfs_edges_visited,6
U0,6,1,18,HopcroftKarpMatcher,0,na,dfs_edges_visited,5
U0,6,1,18,HopcroftKarpMatcher,0,na,defect_at_iteration,3
U0,6,1,18,HopcroftKarpMatcher,-1,na,phase_count,1
U0,6,1,18,HopcroftKarpMatcher,-1,na,main_loop_iters,1
U0,6,1,18,HopcroftKarpMatcher,-1,na,total_bfs_edges_visited,6
U0,6,1,18,HopcroftKarpMatcher,-1,na,total_edges_visited,11
U0,6,1,18,HopcroftKarpMatcher,-1,na,matching_size,3
U0,6,1,18,HopcroftKarpMatcher,-1,na,wall_clock_ms,0.006843
U0,6,1,18,HopcroftKarpMatcher,-1,na,matching_size,3
U0,5,1,0,Oracle,-1,na,oracle_size,3
U0,5,1,0,SimpleAugmentingMatcher,-1,na,wall_clock_ms,0.000613
U0,5,1,0,SimpleAugmentingMatcher,-1,na,matching_size,3
U0,5,1,0,HopcroftKarpMatcher,0,na,paths_found_per_phase,2
U0,5,1,0,HopcroftKarpMatcher,0,na,bfs_edges_visited,5
U0,5,1,0,HopcroftKarpMatcher,0,na,dfs_edges_visited,4
U0,5,1,0,HopcroftKarpMatcher,0,na,defect_at_iteration,3
U0,5,1,0,HopcroftKarpMatcher,1,na,paths_found_per_phase,1
U0,5,1,0,HopcroftKarpMatcher,1,na,bfs_edges_visited,3
U0,5,1,0,HopcroftKarpMatcher,1,na,dfs_edges_visited,3
U0,5,1,0,HopcroftKarpMatcher,1,na,defect_at_iteration,2
U0,5,1,0,HopcroftKarpMatcher,-1,na,phase_count,2
U0,5,1,0,HopcroftKarpMatcher,-1,na,main_loop_iters,2
U0,5,1,0,HopcroftKarpMatcher,-1,na,total_bfs_edges_visited,8
U0,5,1,0,HopcroftKarpMatcher,-1,na,total_edges_visited,15
U0,5,1,0,HopcroftKarpMatcher,-1,na,matching_size,3
U0,5,1,0,HopcroftKarpMatcher,-1,na,wall_clock_ms,0.00897
U0,5,1,0,HopcroftKarpMatcher,-1,na,matching_size,3
U0,6,1,27,Oracle,-1,na,oracle_size,3
U0,6,1,27,SimpleAugmentingMatcher,-1,na,wall_clock_ms,0.000819
U0,6,1,27,SimpleAugmentingMatcher,-1,na,matching_size,3
U0,6,1,27,HopcroftKarpMatcher,0,na,paths_found_per_phase,2
U0,6,1,27,HopcroftKarpMatcher,0,na,bfs_edges_visited,6
U0,6,1,27,HopcroftKarpMatcher,0,na,dfs_edges_visited,3
U0,6,1,27,HopcroftKarpMatcher,0,na,defect_at_iteration,4
U0,6,1,27,HopcroftKarpMatcher,1,na,paths_found_per_phase,1
U0,6,1,27,HopcroftKarpMatcher,1,na,bfs_edges_visited,4
U0,6,1,27,HopcroftKarpMatcher,1,na,dfs_edges_visited,5
U0,6,1,27,HopcroftKarpMatcher,1,na,defect_at_iteration,3
U0,6,1,27,HopcroftKarpMatcher,-1,na,phase_count,2
U0,6,1,27,HopcroftKarpMatcher,-1,na,main_loop_iters,2
U0,6,1,27,HopcroftKarpMatcher,-1,na,total_bfs_edges_visited,10
U0,6,1,27,HopcroftKarpMatcher,-1,na,total_edges_visited,18
U0,6,1,27,HopcroftKarpMatcher,-1,na,matching_size,3
U0,6,1,27,HopcroftKarpMatcher,-1,na,wall_clock_ms,0.009486
U0,6,1,27,HopcroftKarpMatcher,-1,na,matching_size,3
U0,3,1.5,9,Oracle,-1,na,oracle_size,3
U0,3,1.5,9,SimpleAugmentingMatcher,-1,na,wall_clock_ms,0.00049
U0,3,1.5,9,SimpleAugmentingMatcher,-1,na,matching_size,3
U0,3,1.5,9,HopcroftKarpMatcher,0,na,paths_found_per_phase,2
U0,3,1.5,9,HopcroftKarpMatcher,0,na,bfs_edges_visited,5
U0,3,1.5,9,HopcroftKarpMatcher,0,na,dfs_edges_visited,3
U0,3,1.5,9,HopcroftKarpMatcher,0,na,defect_at_iteration,1
U0,3,1.5,9,HopcroftKarpMatcher,1,na,paths_found_per_phase,1
U0,3,1.5,9,HopcroftKarpMatcher,1,na,bfs_edges_visited,3
U0,3,1.5,9,HopcroftKarpMatcher,1,na,dfs_edges_visited,3
U0,3,1.5,9,HopcroftKarpMatcher,1,na,defect_at_iteration,0
U0,3,1.5,9,HopcroftKarpMatcher,-1,na,phase_count,2
U0,3,1.5,9,HopcroftKarpMatcher,-1,na,main_loop_iters,2
U0,3,1.5,9,HopcroftKarpMatcher,-1,na,total_bfs_edges_visited,8
U0,3,1.5,9,HopcroftKarpMatcher,-1,na,total_edges_visited,14
U0,3,1.5,9,HopcroftKarpMatcher,-1,na,matching_size,3
U0,3,1.5,9,HopcroftKarpMatcher,-1,na,wall_clock_ms,0.016893
U0,3,1.5,9,HopcroftKarpMatcher,-1,na,matching_size,3
U0,4,2,5,Oracle,-1,na,oracle_size,4
U0,4,2,5,SimpleAugmentingMatcher,-1,na,wall_clock_ms,0.000617
U0,4,2,5,SimpleAugmentingMatcher,-1,na,matching_size,4
U0,4,2,5,HopcroftKarpMatcher,0,na,paths_found_per_phase,4
U0,4,2,5,HopcroftKarpMatcher,0,na,bfs_edges_visited,16
U0,4,2,5,HopcroftKarpMatcher,0,na,dfs_edges_visited,10
U0,4,2,5,HopcroftKarpMatcher,0,na,defect_at_iteration,0
U0,4,2,5,HopcroftKarpMatcher,-1,na,phase_count,1
U0,4,2,5,HopcroftKarpMatcher,-1,na,main_loop_iters,1
U0,4,2,5,HopcroftKarpMatcher,-1,na,total_bfs_edges_visited,16
U0,4,2,5,HopcroftKarpMatcher,-1,na,total_edges_visited,26
U0,4,2,5,HopcroftKarpMatcher,-1,na,matching_size,4
U0,4,2,5,HopcroftKarpMatcher,-1,na,wall_clock_ms,0.006875
U0,4,2,5,HopcroftKarpMatcher,-1,na,matching_size,4
U0,6,1.5,12,Oracle,-1,na,oracle_size,4
U0,6,1.5,12,SimpleAugmentingMatcher,-1,na,wall_clock_ms,0.001011
U0,6,1.5,12,SimpleAugmentingMatcher,-1,na,matching_size,4
U0,6,1.5,12,HopcroftKarpMatcher,0,na,paths_found_per_phase,4
U0,6,1.5,12,HopcroftKarpMatcher,0,na,bfs_edges_visited,14
U0,6,1.5,12,HopcroftKarpMatcher,0,na,dfs_edges_visited,10
U0,6,1.5,12,HopcroftKarpMatcher,0,na,defect_at_iteration,2
U0,6,1.5,12,HopcroftKarpMatcher,-1,na,phase_count,1
U0,6,1.5,12,HopcroftKarpMatcher,-1,na,main_loop_iters,1
U0,6,1.5,12,HopcroftKarpMatcher,-1,na,total_bfs_edges_visited,14
U0,6,1.5,12,HopcroftKarpMatcher,-1,na,total_edges_visited,24
U0,6,1.5,12,HopcroftKarpMatcher,-1,na,matching_size,4
U0,6,1.5,12,HopcroftKarpMatcher,-1,na,wall_clock_ms,0.007295
U0,6,1.5,12,HopcroftKarpMatcher,-1,na,matching_size,4
U0,2,2,3,Oracle,-1,na,oracle_size,2
U0,2,2,3,SimpleAugmentingMatcher,-1,na,wall_clock_ms,0.000596
U0,2,2,3,SimpleAugmentingMatcher,-1,na,matching_size,2
U0,2,2,3,HopcroftKarpMatcher,0,na,paths_found_per_phase,2
U0,2,2,3,HopcroftKarpMatcher,0,na,bfs_edges_visited,4
U0,2,2,3,HopcroftKarpMatcher,0,na,dfs_edges_visited,3
U0,2,2,3,HopcroftKarpMatcher,0,na,defect_at_iteration,0
U0,2,2,3,HopcroftKarpMatcher,-1,na,phase_count,1
U0,2,2,3,HopcroftKarpMatcher,-1,na,main_loop_iters,1
U0,2,2,3,HopcroftKarpMatcher,-1,na,total_bfs_edges_visited,4
U0,2,2,3,HopcroftKarpMatcher,-1,na,total_edges_visited,7
U0,2,2,3,HopcroftKarpMatcher,-1,na,matching_size,2
U0,2,2,3,HopcroftKarpMatcher,-1,na,wall_clock_ms,0.006173
U0,2,2,3,HopcroftKarpMatcher,-1,na,matching_size,2
U0,6,1.5,17,Oracle,-1,na,oracle_size,5
U0,6,1.5,17,SimpleAugmentingMatcher,-1,na,wall_clock_ms,0.000999
U0,6,1.5,17,SimpleAugmentingMatcher,-1,na,matching_size,5
U0,6,1.5,17,HopcroftKarpMatcher,0,na,paths_found_per_phase,4
U0,6,1.5,17,HopcroftKarpMatcher,0,na,bfs_edges_visited,14
U0,6,1.5,17,HopcroftKarpMatcher,0,na,dfs_edges_visited,8
U0,6,1.5,17,HopcroftKarpMatcher,0,na,defect_at_iteration,2
U0,6,1.5,17,HopcroftKarpMatcher,1,na,paths_found_per_phase,1
U0,6,1.5,17,HopcroftKarpMatcher,1,na,bfs_edges_visited,14
U0,6,1.5,17,HopcroftKarpMatcher,1,na,dfs_edges_visited,9
U0,6,1.5,17,HopcroftKarpMatcher,1,na,defect_at_iteration,1
U0,6,1.5,17,HopcroftKarpMatcher,-1,na,phase_count,2
U0,6,1.5,17,HopcroftKarpMatcher,-1,na,main_loop_iters,2
U0,6,1.5,17,HopcroftKarpMatcher,-1,na,total_bfs_edges_visited,28
U0,6,1.5,17,HopcroftKarpMatcher,-1,na,total_edges_visited,45
U0,6,1.5,17,HopcroftKarpMatcher,-1,na,matching_size,5
U0,6,1.5,17,HopcroftKarpMatcher,-1,na,wall_clock_ms,0.00983
U0,6,1.5,17,HopcroftKarpMatcher,-1,na,matching_size,5
U0,6,1,40,Oracle,-1,na,oracle_size,4
U0,6,1,40,SimpleAugmentingMatcher,-1,na,wall_clock_ms,0.000648
U0,6,1,40,SimpleAugmentingMatcher,-1,na,matching_size,4
U0,6,1,40,HopcroftKarpMatcher,0,na,paths_found_per_phase,4
U0,6,1,40,HopcroftKarpMatcher,0,na,bfs_edges_visited,6
U0,6,1,40,HopcroftKarpMatcher,0,na,dfs_edges_visited,4
U0,6,1,40,HopcroftKarpMatcher,0,na,defect_at_iteration,2
U0,6,1,40,HopcroftKarpMatcher,-1,na,phase_count,1
U0,6,1,40,HopcroftKarpMatcher,-1,na,main_loop_iters,1
U0,6,1,40,HopcroftKarpMatcher,-1,na,total_bfs_edges_visited,6
U0,6,1,40,HopcroftKarpMatcher,-1,na,total_edges_visited,10
U0,6,1,40,HopcroftKarpMatcher,-1,na,matching_size,4
U0,6,1,40,HopcroftKarpMatcher,-1,na,wall_clock_ms,0.006974
U0,6,1,40,HopcroftKarpMatcher,-1,na,matching_size,4
U0,5,1.5,37,Oracle,-1,na,oracle_size,5
U0,5,1.5,37,SimpleAugmentingMatcher,-1,na,wall_clock_ms,0.000662
U0,5,1.5,37,SimpleAugmentingMatcher,-1,na,matching_size,5
U0,5,1.5,37,HopcroftKarpMatcher,0,na,paths_found_per_phase,5
U0,5,1.5,37,HopcroftKarpMatcher,0,na,bfs_edges_visited,11
U0,5,1.5,37,HopcroftKarpMatcher,0,na,dfs_edges_visited,8
U0,5,1.5,37,HopcroftKarpMatcher,0,na,defect_at_iteration,0
U0,5,1.5,37,HopcroftKarpMatcher,-1,na,phase_count,1
U0,5,1.5,37,HopcroftKarpMatcher,-1,na,main_loop_iters,1
U0,5,1.5,37,HopcroftKarpMatcher,-1,na,total_bfs_edges_visited,11
U0,5,1.5,37,HopcroftKarpMatcher,-1,na,total_edges_visited,19
U0,5,1.5,37,HopcroftKarpMatcher,-1,na,matching_size,5
U0,5,1.5,37,HopcroftKarpMatcher,-1,na,wall_clock_ms,0.007122
U0,5,1.5,37,HopcroftKarpMatcher,-1,na,matching_size,5
U0,3,1.5,6,Oracle,-1,na,oracle_size,2
U0,3,1.5,6,SimpleAugmentingMatcher,-1,na,wall_clock_ms,0.000463
U0,3,1.5,6,SimpleAugmentingMatcher,-1,na,matching_size,2
U0,3,1.5,6,HopcroftKarpMatcher,0,na,paths_found_per_phase,2
U0,3,1.5,6,HopcroftKarpMatcher,0,na,bfs_edges_visited,5
U0,3,1.5,6,HopcroftKarpMatcher,0,na,dfs_edges_visited,3
U0,3,1.5,6,HopcroftKarpMatcher,0,na,defect_at_iteration,1
U0,3,1.5,6,HopcroftKarpMatcher,-1,na,phase_count,1
U0,3,1.5,6,HopcroftKarpMatcher,-1,na,main_loop_iters,1
U0,3,1.5,6,HopcroftKarpMatcher,-1,na,total_bfs_edges_visited,5
U0,3,1.5,6,HopcroftKarpMatcher,-1,na,total_edges_visited,8
U0,3,1.5,6,HopcroftKarpMatcher,-1,na,matching_size,2
U0,3,1.5,6,HopcroftKarpMatcher,-1,na,wall_clock_ms,0.006309
U0,3,1.5,6,HopcroftKarpMatcher,-1,na,matching_size,2
U0,2,2,12,Oracle,-1,na,oracle_size,2
U0,2,2,12,SimpleAugmentingMatcher,-1,na,wall_clock_ms,0.000412
U0,2,2,12,SimpleAugmentingMatcher,-1,na,matching_size,2
U0,2,2,12,HopcroftKarpMatcher,0,na,paths_found_per_phase,2
U0,2,2,12,HopcroftKarpMatcher,0,na,bfs_edges_visited,4
U0,2,2,12,HopcroftKarpMatcher,0,na,dfs_edges_visited,3
U0,2,2,12,HopcroftKarpMatcher,0,na,defect_at_iteration,0
U0,2,2,12,HopcroftKarpMatcher,-1,na,phase_count,1
U0,2,2,12,HopcroftKarpMatcher,-1,na,main_loop_iters,1
U0,2,2,12,HopcroftKarpMatcher,-1,na,total_bfs_edges_visited,4
U0,2,2,12,HopcroftKarpMatcher,-1,na,total_edges_visited,7
U0,2,2,12,HopcroftKarpMatcher,-1,na,matching_size,2
U0,2,2,12,HopcroftKarpMatcher,-1,na,wall_clock_ms,0.005877
U0,2,2,12,HopcroftKarpMatcher,-1,na,matching_size,2
U0,3,1.5,12,Oracle,-1,na,oracle_size,3
U0,3,1.5,12,SimpleAugmentingMatcher,-1,na,wall_clock_ms,0.000503
U0,3,1.5,12,SimpleAugmentingMatcher,-1,na,matching_size,3
U0,3,1.5,12,HopcroftKarpMatcher,0,na,paths_found_per_phase,3
U0,3,1.5,12,HopcroftKarpMatcher,0,na,bfs_edges_visited,5
U0,3,1.5,12,HopcroftKarpMatcher,0,na,dfs_edges_visited,4
U0,3,1.5,12,HopcroftKarpMatcher,0,na,defect_at_iteration,0
U0,3,1.5,12,HopcroftKarpMatcher,-1,na,phase_count,1
U0,3,1.5,12,HopcroftKarpMatcher,-1,na,main_loop_iters,1
U0,3,1.5,12,HopcroftKarpMatcher,-1,na,total_bfs_edges_visited,5
U0,3,1.5,12,HopcroftKarpMatcher,-1,na,total_edges_visited,9
U0,3,1.5,12,HopcroftKarpMatcher,-1,na,matching_size,3
U0,3,1.5,12,HopcroftKarpMatcher,-1,na,wall_clock_ms,0.00611
U0,3,1.5,12,HopcroftKarpMatcher,-1,na,matching_size,3
U0,6,1,33,Oracle,-1,na,oracle_size,4
U0,6,1,33,SimpleAugmentingMatcher,-1,na,wall_clock_ms,0.0006
U0,6,1,33,SimpleAugmentingMatcher,-1,na,matching_size,4
U0,6,1,33,HopcroftKarpMatcher,0,na,paths_found_per_phase,4
U0,6,1,33,HopcroftKarpMatcher,0,na,bfs_edges_visited,6
U0,6,1,33,HopcroftKarpMatcher,0,na,dfs_edges_visited,4
U0,6,1,33,HopcroftKarpMatcher,0,na,defect_at_iteration,2
U0,6,1,33,HopcroftKarpMatcher,-1,na,phase_count,1
U0,6,1,33,HopcroftKarpMatcher,-1,na,main_loop_iters,1
U0,6,1,33,HopcroftKarpMatcher,-1,na,total_bfs_edges_visited,6
U0,6,1,33,HopcroftKarpMatcher,-1,na,total_edges_visited,10
U0,6,1,33,HopcroftKarpMatcher,-1,na,matching_size,4
U0,6,1,33,HopcroftKarpMatcher,-1,na,wall_clock_ms,0.00679
U0,6,1,33,HopcroftKarpMatcher,-1,na,matching_size,4
U0,5,2,39,Oracle,-1,na,oracle_size,5
U0,5,2,39,SimpleAugmentingMatcher,-1,na,wall_clock_ms,0.000951
U0,5,2,39,SimpleAugmentingMatcher,-1,na,matching_size,5
U0,5,2,39,HopcroftKarpMatcher,0,na,paths_found_per_phase,5
U0,5,2,39,HopcroftKarpMatcher,0,na,bfs_edges_visited,25
U0,5,2,39,HopcroftKarpMatcher,0,na,dfs_edges_visited,15
U0,5,2,39,HopcroftKarpMatcher,0,na,defect_at_iteration,0
U0,5,2,39,HopcroftKarpMatcher,-1,na,phase_count,1
U0,5,2,39,HopcroftKarpMatcher,-1,na,main_loop_iters,1
U0,5,2,39,HopcroftKarpMatcher,-1,na,total_bfs_edges_visited,25
U0,5,2,39,HopcroftKarpMatcher,-1,na,total_edges_visited,40
U0,5,2,39,HopcroftKarpMatcher,-1,na,matching_size,5
U0,5,2,39,HopcroftKarpMatcher,-1,na,wall_clock_ms,0.007378
U0,5,2,39,HopcroftKarpMatcher,-1,na,matching_size,5
U0,2,2,37,Oracle,-1,na,oracle_size,2
U0,2,2,37,SimpleAugmentingMatcher,-1,na,wall_clock_ms,0.000464
U0,2,2,37,SimpleAugmentingMatcher,-1,na,matching_size,2
U0,2,2,37,HopcroftKarpMatcher,0,na,paths_found_per_phase,2
U0,2,2,37,HopcroftKarpMatcher,0,na,bfs_edges_visited,4
U0,2,2,37,HopcroftKarpMatcher,0,na,dfs_edges_visited,3
U0,2,2,37,HopcroftKarpMatcher,0,na,defect_at_iteration,0
U0,2,2,37,HopcroftKarpMatcher,-1,na,phase_count,1
U0,2,2,37,HopcroftKarpMatcher,-1,na,main_loop_iters,1
U0,2,2,37,HopcroftKarpMatcher,-1,na,total_bfs_edges_visited,4
U0,2,2,37,HopcroftKarpMatcher,-1,na,total_edges_visited,7
U0,2,2,37,HopcroftKarpMatcher,-1,na,matching_size,2
U0,2,2,37,HopcroftKarpMatcher,-1,na,wall_clock_ms,0.005489
U0,2,2,37,HopcroftKarpMatcher,-1,na,matching_size,2
U0,3,2,23,Oracle,-1,na,oracle_size,3
U0,3,2,23,SimpleAugmentingMatcher,-1,na,wall_clock_ms,0.000481
U0,3,2,23,SimpleAugmentingMatcher,-1,na,matching_size,3
U0,3,2,23,HopcroftKarpMatcher,0,na,paths_found_per_phase,3
U0,3,2,23,HopcroftKarpMatcher,0,na,bfs_edges_visited,9
U0,3,2,23,HopcroftKarpMatcher,0,na,dfs_edges_visited,6
U0,3,2,23,HopcroftKarpMatcher,0,na,defect_at_iteration,0
U0,3,2,23,HopcroftKarpMatcher,-1,na,phase_count,1
U0,3,2,23,HopcroftKarpMatcher,-1,na,main_loop_iters,1
U0,3,2,23,HopcroftKarpMatcher,-1,na,total_bfs_edges_visited,9
U0,3,2,23,HopcroftKarpMatcher,-1,na,total_edges_visited,15
U0,3,2,23,HopcroftKarpMatcher,-1,na,matching_size,3
U0,3,2,23,HopcroftKarpMatcher,-1,na,wall_clock_ms,0.006556
U0,3,2,23,HopcroftKarpMatcher,-1,na,matching_size,3
U0,2,1,2,Oracle,-1,na,oracle_size,1
U0,2,1,2,SimpleAugmentingMatcher,-1,na,wall_clock_ms,0.000798
U0,2,1,2,SimpleAugmentingMatcher,-1,na,matching_size,1
U0,2,1,2,HopcroftKarpMatcher,0,na,paths_found_per_phase,1
U0,2,1,2,HopcroftKarpMatcher,0,na,bfs_edges_visited,2
U0,2,1,2,HopcroftKarpMatcher,0,na,dfs_edges_visited,1
U0,2,1,2,HopcroftKarpMatcher,0,na,defect_at_iteration,1
U0,2,1,2,HopcroftKarpMatcher,-1,na,phase_count,1
U0,2,1,2,HopcroftKarpMatcher,-1,na,main_loop_iters,1
U0,2,1,2,HopcroftKarpMatcher,-1,na,total_bfs_edges_visited,2
U0,2,1,2,HopcroftKarpMatcher,-1,na,total_edges_visited,3
U0,2,1,2,HopcroftKarpMatcher,-1,na,matching_size,1
U0,2,1,2,HopcroftKarpMatcher,-1,na,wall_clock_ms,0.006417
U0,2,1,2,HopcroftKarpMatcher,-1,na,matching_size,1
U0,3,1,31,Oracle,-1,na,oracle_size,2
U0,3,1,31,SimpleAugmentingMatcher,-1,na,wall_clock_ms,0.000358
U0,3,1,31,SimpleAugmentingMatcher,-1,na,matching_size,2
U0,3,1,31,HopcroftKarpMatcher,0,na,paths_found_per_phase,2
U0,3,1,31,HopcroftKarpMatcher,0,na,bfs_edges_visited,3
U0,3,1,31,HopcroftKarpMatcher,0,na,dfs_edges_visited,2
U0,3,1,31,HopcroftKarpMatcher,0,na,defect_at_iteration,1
U0,3,1,31,HopcroftKarpMatcher,-1,na,phase_count,1
U0,3,1,31,HopcroftKarpMatcher,-1,na,main_loop_iters,1
U0,3,1,31,HopcroftKarpMatcher,-1,na,total_bfs_edges_visited,3
U0,3,1,31,HopcroftKarpMatcher,-1,na,total_edges_visited,5
U0,3,1,31,HopcroftKarpMatcher,-1,na,matching_size,2
U0,3,1,31,HopcroftKarpMatcher,-1,na,wall_clock_ms,0.005832
U0,3,1,31,HopcroftKarpMatcher,-1,na,matching_size,2
U0,2,1,39,Oracle,-1,na,oracle_size,1
U0,2,1,39,SimpleAugmentingMatcher,-1,na,wall_clock_ms,0.00054
U0,2,1,39,SimpleAugmentingMatcher,-1,na,matching_size,1
U0,2,1,39,HopcroftKarpMatcher,0,na,paths_found_per_phase,1
U0,2,1,39,HopcroftKarpMatcher,0,na,bfs_edges_visited,2
U0,2,1,39,HopcroftKarpMatcher,0,na,dfs_edges_visited,2
U0,2,1,39,HopcroftKarpMatcher,0,na,defect_at_iteration,1
U0,2,1,39,HopcroftKarpMatcher,-1,na,phase_count,1
U0,2,1,39,HopcroftKarpMatcher,-1,na,main_loop_iters,1
U0,2,1,39,HopcroftKarpMatcher,-1,na,total_bfs_edges_visited,2
U0,2,1,39,HopcroftKarpMatcher,-1,na,total_edges_visited,4
U0,2,1,39,HopcroftKarpMatcher,-1,na,matching_size,1
U0,2,1,39,HopcroftKarpMatcher,-1,na,wall_clock_ms,0.005853
U0,2,1,39,HopcroftKarpMatcher,-1,na,matching_size,1
U0,3,1,17,Oracle,-1,na,oracle_size,2
U0,3,1,17,SimpleAugmentingMatcher,-1,na,wall_clock_ms,0.000535
U0,3,1,17,SimpleAugmentingMatcher,-1,na,matching_size,2
U0,3,1,17,HopcroftKarpMatcher,0,na,paths_found_per_phase,2
U0,3,1,17,HopcroftKarpMatcher,0,na,bfs_edges_visited,3
U0,3,1,17,HopcroftKarpMatcher,0,na,dfs_edges_visited,3
U0,3,1,17,HopcroftKarpMatcher,0,na,defect_at_iteration,1
U0,3,1,17,HopcroftKarpMatcher,-1,na,phase_count,1
U0,3,1,17,HopcroftKarpMatcher,-1,na,main_loop_iters,1
U0,3,1,17,HopcroftKarpMatcher,-1,na,total_bfs_edges_visited,3
U0,3,1,17,HopcroftKarpMatcher,-1,na,total_edges_visited,6
U0,3,1,17,HopcroftKarpMatcher,-1,na,matching_size,2
U0,3,1,17,HopcroftKarpMatcher,-1,na,wall_clock_ms,0.005845
U0,3,1,17,HopcroftKarpMatcher,-1,na,matching_size,2
U0,4,1.5,9,Oracle,-1,na,oracle_size,4
U0,4,1.5,9,SimpleAugmentingMatcher,-1,na,wall_clock_ms,0.000767
U0,4,1.5,9,SimpleAugmentingMatcher,-1,na,matching_size,4
U0,4,1.5,9,HopcroftKarpMatcher,0,na,paths_found_per_phase,4
U0,4,1.5,9,HopcroftKarpMatcher,0,na,bfs_edges_visited,8
U0,4,1.5,9,HopcroftKarpMatcher,0,na,dfs_edges_visited,7
U0,4,1.5,9,HopcroftKarpMatcher,0,na,defect_at_iteration,0
U0,4,1.5,9,HopcroftKarpMatcher,-1,na,phase_count,1
U0,4,1.5,9,HopcroftKarpMatcher,-1,na,main_loop_iters,1
U0,4,1.5,9,HopcroftKarpMatcher,-1,na,total_bfs_edges_visited,8
U0,4,1.5,9,HopcroftKarpMatcher,-1,na,total_edges_visited,15
U0,4,1.5,9,HopcroftKarpMatcher,-1,na,matching_size,4
U0,4,1.5,9,HopcroftKarpMatcher,-1,na,wall_clock_ms,0.006888
U0,4,1.5,9,HopcroftKarpMatcher,-1,na,matching_size,4
U0,2,1,13,Oracle,-1,na,oracle_size,1
U0,2,1,13,SimpleAugmentingMatcher,-1,na,wall_clock_ms,0.000356
U0,2,1,13,SimpleAugmentingMatcher,-1,na,matching_size,1
U0,2,1,13,HopcroftKarpMatcher,0,na,paths_found_per_phase,1
U0,2,1,13,HopcroftKarpMatcher,0,na,bfs_edges_visited,2
U0,2,1,13,HopcroftKarpMatcher,0,na,dfs_edges_visited,2
U0,2,1,13,HopcroftKarpMatcher,0,na,defect_at_iteration,1
U0,2,1,13,HopcroftKarpMatcher,-1,na,phase_count,1
U0,2,1,13,HopcroftKarpMatcher,-1,na,main_loop_iters,1
U0,2,1,13,HopcroftKarpMatcher,-1,na,total_bfs_edges_visited,2
U0,2,1,13,HopcroftKarpMatcher,-1,na,total_edges_visited,4
U0,2,1,13,HopcroftKarpMatcher,-1,na,matching_size,1
U0,2,1,13,HopcroftKarpMatcher,-1,na,wall_clock_ms,0.004516
U0,2,1,13,HopcroftKarpMatcher,-1,na,matching_size,1
U0,5,1,34,Oracle,-1,na,oracle_size,3
U0,5,1,34,SimpleAugmentingMatcher,-1,na,wall_clock_ms,0.000668
U0,5,1,34,SimpleAugmentingMatcher,-1,na,matching_size,3
U0,5,1,34,HopcroftKarpMatcher,0,na,paths_found_per_phase,3
U0,5,1,34,HopcroftKarpMatcher,0,na,bfs_edges_visited,5
U0,5,1,34,HopcroftKarpMatcher,0,na,dfs_edges_visited,4
U0,5,1,34,HopcroftKarpMatcher,0,na,defect_at_iteration,2
U0,5,1,34,HopcroftKarpMatcher,-1,na,phase_count,1
U0,5,1,34,HopcroftKarpMatcher,-1,na,main_loop_iters,1
U0,5,1,34,HopcroftKarpMatcher,-1,na,total_bfs_edges_visited,5
U0,5,1,34,HopcroftKarpMatcher,-1,na,total_edges_visited,9
U0,5,1,34,HopcroftKarpMatcher,-1,na,matching_size,3
U0,5,1,34,HopcroftKarpMatcher,-1,na,wall_clock_ms,0.006391
U0,5,1,34,HopcroftKarpMatcher,-1,na,matching_size,3
U0,3,1.5,1,Oracle,-1,na,oracle_size,2
U0,3,1.5,1,SimpleAugmentingMatcher,-1,na,wall_clock_ms,0.000544
U0,3,1.5,1,SimpleAugmentingMatcher,-1,na,matching_size,2
U0,3,1.5,1,HopcroftKarpMatcher,0,na,paths_found_per_phase,2
U0,3,1.5,1,HopcroftKarpMatcher,0,na,bfs_edges_visited,5
U0,3,1.5,1,HopcroftKarpMatcher,0,na,dfs_edges_visited,4
U0,3,1.5,1,HopcroftKarpMatcher,0,na,defect_at_iteration,1
U0,3,1.5,1,HopcroftKarpMatcher,-1,na,phase_count,1
U0,3,1.5,1,HopcroftKarpMatcher,-1,na,main_loop_iters,1
U0,3,1.5,1,HopcroftKarpMatcher,-1,na,total_bfs_edges_visited,5
U0,3,1.5,1,HopcroftKarpMatcher,-1,na,total_edges_visited,9
U0,3,1.5,1,HopcroftKarpMatcher,-1,na,matching_size,2
U0,3,1.5,1,HopcroftKarpMatcher,-1,na,wall_clock_ms,0.006409
U0,3,1.5,1,HopcroftKarpMatcher,-1,na,matching_size,2
U0,3,2,15,Oracle,-1,na,oracle_size,3
U0,3,2,15,SimpleAugmentingMatcher,-1,na,wall_clock_ms,0.000539
U0,3,2,15,SimpleAugmentingMatcher,-1,na,matching_size,3
U0,3,2,15,HopcroftKarpMatcher,0,na,paths_found_per_phase,3
U0,3,2,15,HopcroftKarpMatcher,0,na,bfs_edges_visited,9
U0,3,2,15,HopcroftKarpMatcher,0,na,dfs_edges_visited,6
U0,3,2,15,HopcroftKarpMatcher,0,na,defect_at_iteration,0
U0,3,2,15,HopcroftKarpMatcher,-1,na,phase_count,1
U0,3,2,15,HopcroftKarpMatcher,-1,na,main_loop_iters,1
U0,3,2,15,HopcroftKarpMatcher,-1,na,total_bfs_edges_visited,9
U0,3,2,15,HopcroftKarpMatcher,-1,na,total_edges_visited,15
U0,3,2,15,HopcroftKarpMatcher,-1,na,matching_size,3
U0,3,2,15,HopcroftKarpMatcher,-1,na,wall_clock_ms,0.006615
U0,3,2,15,HopcroftKarpMatcher,-1,na,matching_size,3
U0,6,1,12,Oracle,-1,na,oracle_size,3
U0,6,1,12,SimpleAugmentingMatcher,-1,na,wall_clock_ms,0.000608
U0,6,1,12,SimpleAugmentingMatcher,-1,na,matching_size,3
U0,6,1,12,HopcroftKarpMatcher,0,na,paths_found_per_phase,3
U0,6,1,12,HopcroftKarpMatcher,0,na,bfs_edges_visited,6
U0,6,1,12,HopcroftKarpMatcher,0,na,dfs_edges_visited,3
U0,6,1,12,HopcroftKarpMatcher,0,na,defect_at_iteration,3
U0,6,1,12,HopcroftKarpMatcher,-1,na,phase_count,1
U0,6,1,12,HopcroftKarpMatcher,-1,na,main_loop_iters,1
U0,6,1,12,HopcroftKarpMatcher,-1,na,total_bfs_edges_visited,6
U0,6,1,12,HopcroftKarpMatcher,-1,na,total_edges_visited,9
U0,6,1,12,HopcroftKarpMatcher,-1,na,matching_size,3
U0,6,1,12,HopcroftKarpMatcher,-1,na,wall_clock_ms,0.006805
U0,6,1,12,HopcroftKarpMatcher,-1,na,matching_size,3
U0,5,1,38,Oracle,-1,na,oracle_size,3
U0,5,1,38,SimpleAugmentingMatcher,-1,na,wall_clock_ms,0.000519
U0,5,1,38,SimpleAugmentingMatcher,-1,na,matching_size,3
U0,5,1,38,HopcroftKarpMatcher,0,na,paths_found_per_phase,3
U0,5,1,38,HopcroftKarpMatcher,0,na,bfs_edges_visited,5
U0,5,1,38,HopcroftKarpMatcher,0,na,dfs_edges_visited,3
U0,5,1,38,HopcroftKarpMatcher,0,na,defect_at_iteration,2
U0,5,1,38,HopcroftKarpMatcher,-1,na,phase_count,1
U0,5,1,38,HopcroftKarpMatcher,-1,na,main_loop_iters,1
U0,5,1,38,HopcroftKarpMatcher,-1,na,total_bfs_edges_visited,5
U0,5,1,38,HopcroftKarpMatcher,-1,na,total_edges_visited,8
U0,5,1,38,HopcroftKarpMatcher,-1,na,matching_size,3
U0,5,1,38,HopcroftKarpMatcher,-1,na,wall_clock_ms,0.004766
U0,5,1,38,HopcroftKarpMatcher,-1,na,matching_size,3
U0,5,2,15,Oracle,-1,na,oracle_size,5
U0,5,2,15,SimpleAugmentingMatcher,-1,na,wall_clock_ms,0.000753
U0,5,2,15,SimpleAugmentingMatcher,-1,na,matching_size,5
U0,5,2,15,HopcroftKarpMatcher,0,na,paths_found_per_phase,5
U0,5,2,15,HopcroftKarpMatcher,0,na,bfs_edges_visited,25
U0,5,2,15,HopcroftKarpMatcher,0,na,dfs_edges_visited,15
U0,5,2,15,HopcroftKarpMatcher,0,na,defect_at_iteration,0
U0,5,2,15,HopcroftKarpMatcher,-1,na,phase_count,1
U0,5,2,15,HopcroftKarpMatcher,-1,na,main_loop_iters,1
U0,5,2,15,HopcroftKarpMatcher,-1,na,total_bfs_edges_visited,25
U0,5,2,15,HopcroftKarpMatcher,-1,na,total_edges_visited,40
U0,5,2,15,HopcroftKarpMatcher,-1,na,matching_size,5
U0,5,2,15,HopcroftKarpMatcher,-1,na,wall_clock_ms,0.006667
U0,5,2,15,HopcroftKarpMatcher,-1,na,matching_size,5
U0,3,1.5,42,Oracle,-1,na,oracle_size,3
U0,3,1.5,42,SimpleAugmentingMatcher,-1,na,wall_clock_ms,0.00052
U0,3,1.5,42,SimpleAugmentingMatcher,-1,na,matching_size,3
U0,3,1.5,42,HopcroftKarpMatcher,0,na,paths_found_per_phase,3
U0,3,1.5,42,HopcroftKarpMatcher,0,na,bfs_edges_visited,5
U0,3,1.5,42,HopcroftKarpMatcher,0,na,dfs_edges_visited,5
U0,3,1.5,42,HopcroftKarpMatcher,0,na,defect_at_iteration,0
U0,3,1.5,42,HopcroftKarpMatcher,-1,na,phase_count,1
U0,3,1.5,42,HopcroftKarpMatcher,-1,na,main_loop_iters,1
U0,3,1.5,42,HopcroftKarpMatcher,-1,na,total_bfs_edges_visited,5
U0,3,1.5,42,HopcroftKarpMatcher,-1,na,total_edges_visited,10
U0,3,1.5,42,HopcroftKarpMatcher,-1,na,matching_size,3
U0,3,1.5,42,HopcroftKarpMatcher,-1,na,wall_clock_ms,0.006654
U0,3,1.5,42,HopcroftKarpMatcher,-1,na,matching_size,3
U0,6,1,44,Oracle,-1,na,oracle_size,4
U0,6,1,44,SimpleAugmentingMatcher,-1,na,wall_clock_ms,0.000833
U0,6,1,44,SimpleAugmentingMatcher,-1,na,matching_size,4
U0,6,1,44,HopcroftKarpMatcher,0,na,paths_found_per_phase,3
U0,6,1,44,HopcroftKarpMatcher,0,na,bfs_edges_visited,6
U0,6,1,44,HopcroftKarpMatcher,0,na,dfs_edges_visited,4
U0,6,1,44,HopcroftKarpMatcher,0,na,defect_at_iteration,3
U0,6,1,44,HopcroftKarpMatcher,1,na,paths_found_per_phase,1
U0,6,1,44,HopcroftKarpMatcher,1,na,bfs_edges_visited,5
U0,6,1,44,HopcroftKarpMatcher,1,na,dfs_edges_visited,5
U0,6,1,44,HopcroftKarpMatcher,1,na,defect_at_iteration,2
U0,6,1,44,HopcroftKarpMatcher,-1,na,phase_count,2
U0,6,1,44,HopcroftKarpMatcher,-1,na,main_loop_iters,2
U0,6,1,44,HopcroftKarpMatcher,-1,na,total_bfs_edges_visited,11
U0,6,1,44,HopcroftKarpMatcher,-1,na,total_edges_visited,20
U0,6,1,44,HopcroftKarpMatcher,-1,na,matching_size,4
U0,6,1,44,HopcroftKarpMatcher,-1,na,wall_clock_ms,0.009277
U0,6,1,44,HopcroftKarpMatcher,-1,na,matching_size,4
U0,2,1.5,37,Oracle,-1,na,oracle_size,1
U0,2,1.5,37,SimpleAugmentingMatcher,-1,na,wall_clock_ms,0.000414
U0,2,1.5,37,SimpleAugmentingMatcher,-1,na,matching_size,1
U0,2,1.5,37,HopcroftKarpMatcher,0,na,paths_found_per_phase,1
U0,2,1.5,37,HopcroftKarpMatcher,0,na,bfs_edges_visited,2
U0,2,1.5,37,HopcroftKarpMatcher,0,na,dfs_edges_visited,2
U0,2,1.5,37,HopcroftKarpMatcher,0,na,defect_at_iteration,1
U0,2,1.5,37,HopcroftKarpMatcher,-1,na,phase_count,1
U0,2,1.5,37,HopcroftKarpMatcher,-1,na,main_loop_iters,1
U0,2,1.5,37,HopcroftKarpMatcher,-1,na,total_bfs_edges_visited,2
U0,2,1.5,37,HopcroftKarpMatcher,-1,na,total_edges_visited,4
U0,2,1.5,37,HopcroftKarpMatcher,-1,na,matching_size,1
U0,2,1.5,37,HopcroftKarpMatcher,-1,na,wall_clock_ms,0.004905
U0,2,1.5,37,HopcroftKarpMatcher,-1,na,matching_size,1
U0,5,1,17,Oracle,-1,na,oracle_size,4
U0,5,1,17,SimpleAugmentingMatcher,-1,na,wall_clock_ms,0.00055
U0,5,1,17,SimpleAugmentingMatcher,-1,na,matching_size,4
U0,5,1,17,HopcroftKarpMatcher,0,na,paths_found_per_phase,4
U0,5,1,17,HopcroftKarpMatcher,0,na,bfs_edges_visited,5
U0,5,1,17,HopcroftKarpMatcher,0,na,dfs_edges_visited,4
U0,5,1,17,HopcroftKarpMatcher,0,na,defect_at_iteration,1
U0,5,1,17,HopcroftKarpMatcher,-1,na,phase_count,1
U0,5,1,17,HopcroftKarpMatcher,-1,na,main_loop_iters,1
U0,5,1,17,HopcroftKarpMatcher,-1,na,total_bfs_edges_visited,5
U0,5,1,17,HopcroftKarpMatcher,-1,na,total_edges_visited,9
U0,5,1,17,HopcroftKarpMatcher,-1,na,matching_size,4
U0,5,1,17,HopcroftKarpMatcher,-1,na,wall_clock_ms,0.006299
U0,5,1,17,HopcroftKarpMatcher,-1,na,matching_size,4
U0,4,1.5,20,Oracle,-1,na,oracle_size,4
U0,4,1.5,20,SimpleAugmentingMatcher,-1,na,wall_clock_ms,0.000617
U0,4,1.5,20,SimpleAugmentingMatcher,-1,na,matching_size,4
U0,4,1.5,20,HopcroftKarpMatcher,0,na,paths_found_per_phase,4
U0,4,1.5,20,HopcroftKarpMatcher,0,na,bfs_edges_visited,8
U0,4,1.5,20,HopcroftKarpMatcher,0,na,dfs_edges_visited,6
U0,4,1.5,20,HopcroftKarpMatcher,0,na,defect_at_iteration,0
U0,4,1.5,20,HopcroftKarpMatcher,-1,na,phase_count,1
U0,4,1.5,20,HopcroftKarpMatcher,-1,na,main_loop_iters,1
U0,4,1.5,20,HopcroftKarpMatcher,-1,na,total_bfs_edges_visited,8
U0,4,1.5,20,HopcroftKarpMatcher,-1,na,total_edges_visited,14
U0,4,1.5,20,HopcroftKarpMatcher,-1,na,matching_size,4
U0,4,1.5,20,HopcroftKarpMatcher,-1,na,wall_clock_ms,0.006696
U0,4,1.5,20,HopcroftKarpMatcher,-1,na,matching_size,4
U0,6,1.5,39,Oracle,-1,na,oracle_size,5
U0,6,1.5,39,SimpleAugmentingMatcher,-1,na,wall_clock_ms,0.000918
U0,6,1.5,39,SimpleAugmentingMatcher,-1,na,matching_size,5
U0,6,1.5,39,HopcroftKarpMatcher,0,na,paths_found_per_phase,5
U0,6,1.5,39,HopcroftKarpMatcher,0,na,bfs_edges_visited,14
U0,6,1.5,39,HopcroftKarpMatcher,0,na,dfs_edges_visited,9
U0,6,1.5,39,HopcroftKarpMatcher,0,na,defect_at_iteration,1
U0,6,1.5,39,HopcroftKarpMatcher,-1,na,phase_count,1
U0,6,1.5,39,HopcroftKarpMatcher,-1,na,main_loop_iters,1
U0,6,1.5,39,HopcroftKarpMatcher,-1,na,total_bfs_edges_visited,14
U0,6,1.5,39,HopcroftKarpMatcher,-1,na,total_edges_visited,23
U0,6,1.5,39,HopcroftKarpMatcher,-1,na,matching_size,5
U0,6,1.5,39,HopcroftKarpMatcher,-1,na,wall_clock_ms,0.007394
U0,6,1.5,39,HopcroftKarpMatcher,-1,na,matching_size,5
U0,3,1,4,Oracle,-1,na,oracle_size,2
U0,3,1,4,SimpleAugmentingMatcher,-1,na,wall_clock_ms,0.000507
U0,3,1,4,SimpleAugmentingMatcher,-1,na,matching_size,2
U0,3,1,4,HopcroftKarpMatcher,0,na,paths_found_per_phase,2
U0,3,1,4,HopcroftKarpMatcher,0,na,bfs_edges_visited,3
U0,3,1,4,HopcroftKarpMatcher,0,na,dfs_edges_visited,2
U0,3,1,4,HopcroftKarpMatcher,0,na,defect_at_iteration,1
U0,3,1,4,HopcroftKarpMatcher,-1,na,phase_count,1
U0,3,1,4,HopcroftKarpMatcher,-1,na,main_loop_iters,1
U0,3,1,4,HopcroftKarpMatcher,-1,na,total_bfs_edges_visited,3
U0,3,1,4,HopcroftKarpMatcher,-1,na,total_edges_visited,5
U0,3,1,4,HopcroftKarpMatcher,-1,na,matching_size,2
U0,3,1,4,HopcroftKarpMatcher,-1,na,wall_clock_ms,0.005713
U0,3,1,4,HopcroftKarpMatcher,-1,na,matching_size,2
U0,2,2,40,Oracle,-1,na,oracle_size,2
U0,2,2,40,SimpleAugmentingMatcher,-1,na,wall_clock_ms,0.000422
U0,2,2,40,SimpleAugmentingMatcher,-1,na,matching_size,2
U0,2,2,40,HopcroftKarpMatcher,0,na,paths_found_per_phase,2
U0,2,2,40,HopcroftKarpMatcher,0,na,bfs_edges_visited,4
U0,2,2,40,HopcroftKarpMatcher,0,na,dfs_edges_visited,3
U0,2,2,40,HopcroftKarpMatcher,0,na,defect_at_iteration,0
U0,2,2,40,HopcroftKarpMatcher,-1,na,phase_count,1
U0,2,2,40,HopcroftKarpMatcher,-1,na,main_loop_iters,1
U0,2,2,40,HopcroftKarpMatcher,-1,na,total_bfs_edges_visited,4
U0,2,2,40,HopcroftKarpMatcher,-1,na,total_edges_visited,7
U0,2,2,40,HopcroftKarpMatcher,-1,na,matching_size,2
U0,2,2,40,HopcroftKarpMatcher,-1,na,wall_clock_ms,0.006242
U0,2,2,40,HopcroftKarpMatcher,-1,na,matching_size,2
U0,3,1,2,Oracle,-1,na,oracle_size,2
U0,3,1,2,SimpleAugmentingMatcher,-1,na,wall_clock_ms,0.000623
U0,3,1,2,SimpleAugmentingMatcher,-1,na,matching_size,2
U0,3,1,2,HopcroftKarpMatcher,0,na,paths_found_per_phase,1
U0,3,1,2,HopcroftKarpMatcher,0,na,bfs_edges_visited,3
U0,3,1,2,HopcroftKarpMatcher,0,na,dfs_edges_visited,2
U0,3,1,2,HopcroftKarpMatcher,0,na,defect_at_iteration,2
U0,3,1,2,HopcroftKarpMatcher,1,na,paths_found_per_phase,1
U0,3,1,2,HopcroftKarpMatcher,1,na,bfs_edges_visited,3
U0,3,1,2,HopcroftKarpMatcher,1,na,dfs_edges_visited,3
U0,3,1,2,HopcroftKarpMatcher,1,na,defect_at_iteration,1
U0,3,1,2,HopcroftKarpMatcher,-1,na,phase_count,2
U0,3,1,2,HopcroftKarpMatcher,-1,na,main_loop_iters,2
U0,3,1,2,HopcroftKarpMatcher,-1,na,total_bfs_edges_visited,6
U0,3,1,2,HopcroftKarpMatcher,-1,na,total_edges_visited,11
U0,3,1,2,HopcroftKarpMatcher,-1,na,matching_size,2
U0,3,1,2,HopcroftKarpMatcher,-1,na,wall_clock_ms,0.00955
U0,3,1,2,HopcroftKarpMatcher,-1,na,matching_size,2
U0,3,1,48,Oracle,-1,na,oracle_size,1
U0,3,1,48,SimpleAugmentingMatcher,-1,na,wall_clock_ms,0.000709
U0,3,1,48,SimpleAugmentingMatcher,-1,na,matching_size,1
U0,3,1,48,HopcroftKarpMatcher,0,na,paths_found_per_phase,1
U0,3,1,48,HopcroftKarpMatcher,0,na,bfs_edges_visited,3
U0,3,1,48,HopcroftKarpMatcher,0,na,dfs_edges_visited,3
U0,3,1,48,HopcroftKarpMatcher,0,na,defect_at_iteration,2
U0,3,1,48,HopcroftKarpMatcher,-1,na,phase_count,1
U0,3,1,48,HopcroftKarpMatcher,-1,na,main_loop_iters,1
U0,3,1,48,HopcroftKarpMatcher,-1,na,total_bfs_edges_visited,3
U0,3,1,48,HopcroftKarpMatcher,-1,na,total_edges_visited,6
U0,3,1,48,HopcroftKarpMatcher,-1,na,matching_size,1
U0,3,1,48,HopcroftKarpMatcher,-1,na,wall_clock_ms,0.005995
U0,3,1,48,HopcroftKarpMatcher,-1,na,matching_size,1
U0,5,1.5,7,Oracle,-1,na,oracle_size,5
U0,5,1.5,7,SimpleAugmentingMatcher,-1,na,wall_clock_ms,0.000796
U0,5,1.5,7,SimpleAugmentingMatcher,-1,na,matching_size,5
U0,5,1.5,7,HopcroftKarpMatcher,0,na,paths_found_per_phase,4
U0,5,1.5,7,HopcroftKarpMatcher,0,na,bfs_edges_visited,11
U0,5,1.5,7,HopcroftKarpMatcher,0,na,dfs_edges_visited,8
U0,5,1.5,7,HopcroftKarpMatcher,0,na,defect_at_iteration,1
U0,5,1.5,7,HopcroftKarpMatcher,1,na,paths_found_per_phase,1
U0,5,1.5,7,HopcroftKarpMatcher,1,na,bfs_edges_visited,11
U0,5,1.5,7,HopcroftKarpMatcher,1,na,dfs_edges_visited,7
U0,5,1.5,7,HopcroftKarpMatcher,1,na,defect_at_iteration,0
U0,5,1.5,7,HopcroftKarpMatcher,-1,na,phase_count,2
U0,5,1.5,7,HopcroftKarpMatcher,-1,na,main_loop_iters,2
U0,5,1.5,7,HopcroftKarpMatcher,-1,na,total_bfs_edges_visited,22
U0,5,1.5,7,HopcroftKarpMatcher,-1,na,total_edges_visited,37
U0,5,1.5,7,HopcroftKarpMatcher,-1,na,matching_size,5
U0,5,1.5,7,HopcroftKarpMatcher,-1,na,wall_clock_ms,0.009667
U0,5,1.5,7,HopcroftKarpMatcher,-1,na,matching_size,5
U0,2,1,16,Oracle,-1,na,oracle_size,2
U0,2,1,16,SimpleAugmentingMatcher,-1,na,wall_clock_ms,0.000522
U0,2,1,16,SimpleAugmentingMatcher,-1,na,matching_size,2
U0,2,1,16,HopcroftKarpMatcher,0,na,paths_found_per_phase,2
U0,2,1,16,HopcroftKarpMatcher,0,na,bfs_edges_visited,2
U0,2,1,16,HopcroftKarpMatcher,0,na,dfs_edges_visited,2
U0,2,1,16,HopcroftKarpMatcher,0,na,defect_at_iteration,0
U0,2,1,16,HopcroftKarpMatcher,-1,na,phase_count,1
U0,2,1,16,HopcroftKarpMatcher,-1,na,main_loop_iters,1
U0,2,1,16,HopcroftKarpMatcher,-1,na,total_bfs_edges_visited,2
U0,2,1,16,HopcroftKarpMatcher,-1,na,total_edges_visited,4
U0,2,1,16,HopcroftKarpMatcher,-1,na,matching_size,2
U0,2,1,16,HopcroftKarpMatcher,-1,na,wall_clock_ms,0.006201
U0,2,1,16,HopcroftKarpMatcher,-1,na,matching_size,2
U0,6,1,10,Oracle,-1,na,oracle_size,4
U0,6,1,10,SimpleAugmentingMatcher,-1,na,wall_clock_ms,0.000679
U0,6,1,10,SimpleAugmentingMatcher,-1,na,matching_size,4
U0,6,1,10,HopcroftKarpMatcher,0,na,paths_found_per_phase,4
U0,6,1,10,HopcroftKarpMatcher,0,na,bfs_edges_visited,6
U0,6,1,10,HopcroftKarpMatcher,0,na,dfs_edges_visited,6
U0,6,1,10,HopcroftKarpMatcher,0,na,defect_at_iteration,2
U0,6,1,10,HopcroftKarpMatcher,-1,na,phase_count,1
U0,6,1,10,HopcroftKarpMatcher,-1,na,main_loop_iters,1
U0,6,1,10,HopcroftKarpMatcher,-1,na,total_bfs_edges_visited,6
U0,6,1,10,HopcroftKarpMatcher,-1,na,total_edges_visited,12
U0,6,1,10,HopcroftKarpMatcher,-1,na,matching_size,4
U0,6,1,10,HopcroftKarpMatcher,-1,na,wall_clock_ms,0.007126
U0,6,1,10,HopcroftKarpMatcher,-1,na,matching_size,4
U0,6,1.5,8,Oracle,-1,na,oracle_size,6
U0,6,1.5,8,SimpleAugmentingMatcher,-1,na,wall_clock_ms,0.00186
U0,6,1.5,8,SimpleAugmentingMatcher,-1,na,matching_size,6
U0,6,1.5,8,HopcroftKarpMatcher,0,na,paths_found_per_phase,6
U0,6,1.5,8,HopcroftKarpMatcher,0,na,bfs_edges_visited,14
U0,6,1.5,8,HopcroftKarpMatcher,0,na,dfs_edges_visited,11
U0,6,1.5,8,HopcroftKarpMatcher,0,na,defect_at_iteration,0
U0,6,1.5,8,HopcroftKarpMatcher,-1,na,phase_count,1
U0,6,1.5,8,HopcroftKarpMatcher,-1,na,main_loop_iters,1
U0,6,1.5,8,HopcroftKarpMatcher,-1,na,total_bfs_edges_visited,14
U0,6,1.5,8,HopcroftKarpMatcher,-1,na,total_edges_visited,25
U0,6,1.5,8,HopcroftKarpMatcher,-1,na,matching_size,6
U0,6,1.5,8,HopcroftKarpMatcher,-1,na,wall_clock_ms,0.009145
U0,6,1.5,8,HopcroftKarpMatcher,-1,na,matching_size,6
U0,4,1.5,38,Oracle,-1,na,oracle_size,4
U0,4,1.5,38,SimpleAugmentingMatcher,-1,na,wall_clock_ms,0.000691
U0,4,1.5,38,SimpleAugmentingMatcher,-1,na,matching_size,4
U0,4,1.5,38,HopcroftKarpMatcher,0,na,paths_found_per_phase,4
U0,4,1.5,38,HopcroftKarpMatcher,0,na,bfs_edges_visited,8
U0,4,1.5,38,HopcroftKarpMatcher,0,na,dfs_edges_visited,5
U0,4,1.5,38,HopcroftKarpMatcher,0,na,defect_at_iteration,0
U0,4,1.5,38,HopcroftKarpMatcher,-1,na,phase_count,1
U0,4,1.5,38,HopcroftKarpMatcher,-1,na,main_loop_iters,1
U0,4,1.5,38,HopcroftKarpMatcher,-1,na,total_bfs_edges_visited,8
U0,4,1.5,38,HopcroftKarpMatcher,-1,na,total_edges_visited,13
U0,4,1.5,38,HopcroftKarpMatcher,-1,na,matching_size,4
U0,4,1.5,38,HopcroftKarpMatcher,-1,na,wall_clock_ms,0.006401
U0,4,1.5,38,HopcroftKarpMatcher,-1,na,matching_size,4
U0,4,1,14,Oracle,-1,na,oracle_size,3
U0,4,1,14,SimpleAugmentingMatcher,-1,na,wall_clock_ms,0.000667
U0,4,1,14,SimpleAugmentingMatcher,-1,na,matching_size,3
U0,4,1,14,HopcroftKarpMatcher,0,na,paths_found_per_phase,3
U0,4,1,14,HopcroftKarpMatcher,0,na,bfs_edges_visited,4
U0,4,1,14,HopcroftKarpMatcher,0,na,dfs_edges_visited,4
U0,4,1,14,HopcroftKarpMatcher,0,na,defect_at_iteration,1
U0,4,1,14,HopcroftKarpMatcher,-1,na,phase_count,1
U0,4,1,14,HopcroftKarpMatcher,-1,na,main_loop_iters,1
U0,4,1,14,HopcroftKarpMatcher,-1,na,total_bfs_edges_visited,4
U0,4,1,14,HopcroftKarpMatcher,-1,na,total_edges_visited,8
U0,4,1,14,HopcroftKarpMatcher,-1,na,matching_size,3
U0,4,1,14,HopcroftKarpMatcher,-1,na,wall_clock_ms,0.006576
U0,4,1,14,HopcroftKarpMatcher,-1,na,matching_size,3
U0,2,1,32,Oracle,-1,na,oracle_size,2
U0,2,1,32,SimpleAugmentingMatcher,-1,na,wall_clock_ms,0.000457
U0,2,1,32,SimpleAugmentingMatcher,-1,na,matching_size,2
U0,2,1,32,HopcroftKarpMatcher,0,na,paths_found_per_phase,2
U0,2,1,32,HopcroftKarpMatcher,0,na,bfs_edges_visited,2
U0,2,1,32,HopcroftKarpMatcher,0,na,dfs_edges_visited,2
U0,2,1,32,HopcroftKarpMatcher,0,na,defect_at_iteration,0
U0,2,1,32,HopcroftKarpMatcher,-1,na,phase_count,1
U0,2,1,32,HopcroftKarpMatcher,-1,na,main_loop_iters,1
U0,2,1,32,HopcroftKarpMatcher,-1,na,total_bfs_edges_visited,2
U0,2,1,32,HopcroftKarpMatcher,-1,na,total_edges_visited,4
U0,2,1,32,HopcroftKarpMatcher,-1,na,matching_size,2
U0,2,1,32,HopcroftKarpMatcher,-1,na,wall_clock_ms,0.005745
U0,2,1,32,HopcroftKarpMatcher,-1,na,matching_size,2
U0,3,1.5,21,Oracle,-1,na,oracle_size,3
U0,3,1.5,21,SimpleAugmentingMatcher,-1,na,wall_clock_ms,0.000471
U0,3,1.5,21,SimpleAugmentingMatcher,-1,na,matching_size,3
U0,3,1.5,21,HopcroftKarpMatcher,0,na,paths_found_per_phase,3
U0,3,1.5,21,HopcroftKarpMatcher,0,na,bfs_edges_visited,5
U0,3,1.5,21,HopcroftKarpMatcher,0,na,dfs_edges_visited,4
U0,3,1.5,21,HopcroftKarpMatcher,0,na,defect_at_iteration,0
U0,3,1.5,21,HopcroftKarpMatcher,-1,na,phase_count,1
U0,3,1.5,21,HopcroftKarpMatcher,-1,na,main_loop_iters,1
U0,3,1.5,21,HopcroftKarpMatcher,-1,na,total_bfs_edges_visited,5
U0,3,1.5,21,HopcroftKarpMatcher,-1,na,total_edges_visited,9
U0,3,1.5,21,HopcroftKarpMatcher,-1,na,matching_size,3
U0,3,1.5,21,HopcroftKarpMatcher,-1,na,wall_clock_ms,0.005852
U0,3,1.5,21,HopcroftKarpMatcher,-1,na,matching_size,3
U0,5,2,2,Oracle,-1,na,oracle_size,5
U0,5,2,2,SimpleAugmentingMatcher,-1,na,wall_clock_ms,0.000784
U0,5,2,2,SimpleAugmentingMatcher,-1,na,matching_size,5
U0,5,2,2,HopcroftKarpMatcher,0,na,paths_found_per_phase,5
U0,5,2,2,HopcroftKarpMatcher,0,na,bfs_edges_visited,25
U0,5,2,2,HopcroftKarpMatcher,0,na,dfs_edges_visited,15
U0,5,2,2,HopcroftKarpMatcher,0,na,defect_at_iteration,0
U0,5,2,2,HopcroftKarpMatcher,-1,na,phase_count,1
U0,5,2,2,HopcroftKarpMatcher,-1,na,main_loop_iters,1
U0,5,2,2,HopcroftKarpMatcher,-1,na,total_bfs_edges_visited,25
U0,5,2,2,HopcroftKarpMatcher,-1,na,total_edges_visited,40
U0,5,2,2,HopcroftKarpMatcher,-1,na,matching_size,5
U0,5,2,2,HopcroftKarpMatcher,-1,na,wall_clock_ms,0.006595
U0,5,2,2,HopcroftKarpMatcher,-1,na,matching_size,5
U0,4,1,24,Oracle,-1,na,oracle_size,3
U0,4,1,24,SimpleAugmentingMatcher,-1,na,wall_clock_ms,0.000544
U0,4,1,24,SimpleAugmentingMatcher,-1,na,matching_size,3
U0,4,1,24,HopcroftKarpMatcher,0,na,paths_found_per_phase,3
U0,4,1,24,HopcroftKarpMatcher,0,na,bfs_edges_visited,4
U0,4,1,24,HopcroftKarpMatcher,0,na,dfs_edges_visited,3
U0,4,1,24,HopcroftKarpMatcher,0,na,defect_at_iteration,1
U0,4,1,24,HopcroftKarpMatcher,-1,na,phase_count,1
U0,4,1,24,HopcroftKarpMatcher,-1,na,main_loop_iters,1
U0,4,1,24,HopcroftKarpMatcher,-1,na,total_bfs_edges_visited,4
U0,4,1,24,HopcroftKarpMatcher,-1,na,total_edges_visited,7
U0,4,1,24,HopcroftKarpMatcher,-1,na,matching_size,3
U0,4,1,24,HopcroftKarpMatcher,-1,na,wall_clock_ms,0.005585
U0,4,1,24,HopcroftKarpMatcher,-1,na,matching_size,3
U0,5,1,21,Oracle,-1,na,oracle_size,4
U0,5,1,21,SimpleAugmentingMatcher,-1,na,wall_clock_ms,0.000729
U0,5,1,21,SimpleAugmentingMatcher,-1,na,matching_size,4
U0,5,1,21,HopcroftKarpMatcher,0,na,paths_found_per_phase,3
U0,5,1,21,HopcroftKarpMatcher,0,na,bfs_edges_visited,5
U0,5,1,21,HopcroftKarpMatcher,0,na,dfs_edges_visited,4
U0,5,1,21,HopcroftKarpMatcher,0,na,defect_at_iteration,2
U0,5,1,21,HopcroftKarpMatcher,1,na,paths_found_per_phase,1
U0,5,1,21,HopcroftKarpMatcher,1,na,bfs_edges_visited,3
U0,5,1,21,HopcroftKarpMatcher,1,na,dfs_edges_visited,3
U0,5,1,21,HopcroftKarpMatcher,1,na,defect_at_iteration,1
U0,5,1,21,HopcroftKarpMatcher,-1,na,phase_count,2
U0,5,1,21,HopcroftKarpMatcher,-1,na,main_loop_iters,2
U0,5,1,21,HopcroftKarpMatcher,-1,na,total_bfs_edges_visited,8
U0,5,1,21,HopcroftKarpMatcher,-1,na,total_edges_visited,15
U0,5,1,21,HopcroftKarpMatcher,-1,na,matching_size,4
U0,5,1,21,HopcroftKarpMatcher,-1,na,wall_clock_ms,0.009446
U0,5,1,21,HopcroftKarpMatcher,-1,na,matching_size,4
U0,2,1.5,44,Oracle,-1,na,oracle_size,1
U0,2,1.5,44,SimpleAugmentingMatcher,-1,na,wall_clock_ms,0.000404
U0,2,1.5,44,SimpleAugmentingMatcher,-1,na,matching_size,1
U0,2,1.5,44,HopcroftKarpMatcher,0,na,paths_found_per_phase,1
U0,2,1.5,44,HopcroftKarpMatcher,0,na,bfs_edges_visited,2
U0,2,1.5,44,HopcroftKarpMatcher,0,na,dfs_edges_visited,2
U0,2,1.5,44,HopcroftKarpMatcher,0,na,defect_at_iteration,1
U0,2,1.5,44,HopcroftKarpMatcher,-1,na,phase_count,1
U0,2,1.5,44,HopcroftKarpMatcher,-1,na,main_loop_iters,1
U0,2,1.5,44,HopcroftKarpMatcher,-1,na,total_bfs_edges_visited,2
U0,2,1.5,44,HopcroftKarpMatcher,-1,na,total_edges_visited,4
U0,2,1.5,44,HopcroftKarpMatcher,-1,na,matching_size,1
U0,2,1.5,44,HopcroftKarpMatcher,-1,na,wall_clock_ms,0.004598
U0,2,1.5,44,HopcroftKarpMatcher,-1,na,matching_size,1
U0,5,1,10,Oracle,-1,na,oracle_size,3
U0,5,1,10,SimpleAugmentingMatcher,-1,na,wall_clock_ms,0.000886
U0,5,1,10,SimpleAugmentingMatcher,-1,na,matching_size,3
U0,5,1,10,HopcroftKarpMatcher,0,na,paths_found_per_phase,3
U0,5,1,10,HopcroftKarpMatcher,0,na,bfs_edges_visited,5
U0,5,1,10,HopcroftKarpMatcher,0,na,dfs_edges_visited,5
U0,5,1,10,HopcroftKarpMatcher,0,na,defect_at_iteration,2
U0,5,1,10,HopcroftKarpMatcher,-1,na,phase_count,1
U0,5,1,10,HopcroftKarpMatcher,-1,na,main_loop_iters,1
U0,5,1,10,HopcroftKarpMatcher,-1,na,total_bfs_edges_visited,5
U0,5,1,10,HopcroftKarpMatcher,-1,na,total_edges_visited,10
U0,5,1,10,HopcroftKarpMatcher,-1,na,matching_size,3
U0,5,1,10,HopcroftKarpMatcher,-1,na,wall_clock_ms,0.006856
U0,5,1,10,HopcroftKarpMatcher,-1,na,matching_size,3
U0,2,1,3,Oracle,-1,na,oracle_size,1
U0,2,1,3,SimpleAugmentingMatcher,-1,na,wall_clock_ms,0.000331
U0,2,1,3,SimpleAugmentingMatcher,-1,na,matching_size,1
U0,2,1,3,HopcroftKarpMatcher,0,na,paths_found_per_phase,1
U0,2,1,3,HopcroftKarpMatcher,0,na,bfs_edges_visited,2
U0,2,1,3,HopcroftKarpMatcher,0,na,dfs_edges_visited,1
U0,2,1,3,HopcroftKarpMatcher,0,na,defect_at_iteration,1
U0,2,1,3,HopcroftKarpMatcher,-1,na,phase_count,1
U0,2,1,3,HopcroftKarpMatcher,-1,na,main_loop_iters,1
U0,2,1,3,HopcroftKarpMatcher,-1,na,total_bfs_edges_visited,2
U0,2,1,3,HopcroftKarpMatcher,-1,na,total_edges_visited,3
U0,2,1,3,HopcroftKarpMatcher,-1,na,matching_size,1
U0,2,1,3,HopcroftKarpMatcher,-1,na,wall_clock_ms,0.00415
U0,2,1,3,HopcroftKarpMatcher,-1,na,matching_size,1
U0,4,1,35,Oracle,-1,na,oracle_size,3
U0,4,1,35,SimpleAugmentingMatcher,-1,na,wall_clock_ms,0.0005
U0,4,1,35,SimpleAugmentingMatcher,-1,na,matching_size,3
U0,4,1,35,HopcroftKarpMatcher,0,na,paths_found_per_phase,3
U0,4,1,35,HopcroftKarpMatcher,0,na,bfs_edges_visited,4
U0,4,1,35,HopcroftKarpMatcher,0,na,dfs_edges_visited,3
U0,4,1,35,HopcroftKarpMatcher,0,na,defect_at_iteration,1
U0,4,1,35,HopcroftKarpMatcher,-1,na,phase_count,1
U0,4,1,35,HopcroftKarpMatcher,-1,na,main_loop_iters,1
U0,4,1,35,HopcroftKarpMatcher,-1,na,total_bfs_edges_visited,4
U0,4,1,35,HopcroftKarpMatcher,-1,na,total_edges_visited,7
U0,4,1,35,HopcroftKarpMatcher,-1,na,matching_size,3
U0,4,1,35,HopcroftKarpMatcher,-1,na,wall_clock_ms,0.005984
U0,4,1,35,HopcroftKarpMatcher,-1,na,matching_size,3
U0,6,2,31,Oracle,-1,na,oracle_size,6
U0,6,2,31,SimpleAugmentingMatcher,-1,na,wall_clock_ms,0.000748
U0,6,2,31,SimpleAugmentingMatcher,-1,na,matching_size,6
U0,6,2,31,HopcroftKarpMatcher,0,na,paths_found_per_phase,6
U0,6,2,31,HopcroftKarpMatcher,0,na,bfs_edges_visited,36
U0,6,2,31,HopcroftKarpMatcher,0,na,dfs_edges_visited,21
U0,6,2,31,HopcroftKarpMatcher,0,na,defect_at_iteration,0
U0,6,2,31,HopcroftKarpMatcher,-1,na,phase_count,1
U0,6,2,31,HopcroftKarpMatcher,-1,na,main_loop_iters,1
U0,6,2,31,HopcroftKarpMatcher,-1,na,total_bfs_edges_visited,36
U0,6,2,31,HopcroftKarpMatcher,-1,na,total_edges_visited,57
U0,6,2,31,HopcroftKarpMatcher,-1,na,matching_size,6
U0,6,2,31,HopcroftKarpMatcher,-1,na,wall_clock_ms,0.005199
U0,6,2,31,HopcroftKarpMatcher,-1,na,matching_size,6
U0,6,1.5,9,Oracle,-1,na,oracle_size,6
U0,6,1.5,9,SimpleAugmentingMatcher,-1,na,wall_clock_ms,0.00095
U0,6,1.5,9,SimpleAugmentingMatcher,-1,na,matching_size,6
U0,6,1.5,9,HopcroftKarpMatcher,0,na,paths_found_per_phase,6
U0,6,1.5,9,HopcroftKarpMatcher,0,na,bfs_edges_visited,14
U0,6,1.5,9,HopcroftKarpMatcher,0,na,dfs_edges_visited,9
U0,6,1.5,9,HopcroftKarpMatcher,0,na,defect_at_iteration,0
U0,6,1.5,9,HopcroftKarpMatcher,-1,na,phase_count,1
U0,6,1.5,9,HopcroftKarpMatcher,-1,na,main_loop_iters,1
U0,6,1.5,9,HopcroftKarpMatcher,-1,na,total_bfs_edges_visited,14
U0,6,1.5,9,HopcroftKarpMatcher,-1,na,total_edges_visited,23
U0,6,1.5,9,HopcroftKarpMatcher,-1,na,matching_size,6
U0,6,1.5,9,HopcroftKarpMatcher,-1,na,wall_clock_ms,0.007633
U0,6,1.5,9,HopcroftKarpMatcher,-1,na,matching_size,6
U0,4,1,44,Oracle,-1,na,oracle_size,3
U0,4,1,44,SimpleAugmentingMatcher,-1,na,wall_clock_ms,0.000597
U0,4,1,44,SimpleAugmentingMatcher,-1,na,matching_size,3
U0,4,1,44,HopcroftKarpMatcher,0,na,paths_found_per_phase,2
U0,4,1,44,HopcroftKarpMatcher,0,na,bfs_edges_visited,4
U0,4,1,44,HopcroftKarpMatcher,0,na,dfs_edges_visited,3
U0,4,1,44,HopcroftKarpMatcher,0,na,defect_at_iteration,2
U0,4,1,44,HopcroftKarpMatcher,1,na,paths_found_per_phase,1
U0,4,1,44,HopcroftKarpMatcher,1,na,bfs_edges_visited,3
U0,4,1,44,HopcroftKarpMatcher,1,na,dfs_edges_visited,3
U0,4,1,44,HopcroftKarpMatcher,1,na,defect_at_iteration,1
U0,4,1,44,HopcroftKarpMatcher,-1,na,phase_count,2
U0,4,1,44,HopcroftKarpMatcher,-1,na,main_loop_iters,2
U0,4,1,44,HopcroftKarpMatcher,-1,na,total_bfs_edges_visited,7
U0,4,1,44,HopcroftKarpMatcher,-1,na,total_edges_visited,13
U0,4,1,44,HopcroftKarpMatcher,-1,na,matching_size,3
U0,4,1,44,HopcroftKarpMatcher,-1,na,wall_clock_ms,0.009202
U0,4,1,44,HopcroftKarpMatcher,-1,na,matching_size,3
U0,3,1,15,Oracle,-1,na,oracle_size,2
U0,3,1,15,SimpleAugmentingMatcher,-1,na,wall_clock_ms,0.000593
U0,3,1,15,SimpleAugmentingMatcher,-1,na,matching_size,2
U0,3,1,15,HopcroftKarpMatcher,0,na,paths_found_per_phase,2
U0,3,1,15,HopcroftKarpMatcher,0,na,bfs_edges_visited,3
U0,3,1,15,HopcroftKarpMatcher,0,na,dfs_edges_visited,3
U0,3,1,15,HopcroftKarpMatcher,0,na,defect_at_iteration,1
U0,3,1,15,HopcroftKarpMatcher,-1,na,phase_count,1
U0,3,1,15,HopcroftKarpMatcher,-1,na,main_loop_iters,1
U0,3,1,15,HopcroftKarpMatcher,-1,na,total_bfs_edges_visited,3
U0,3,1,15,HopcroftKarpMatcher,-1,na,total_edges_visited,6
U0,3,1,15,HopcroftKarpMatcher,-1,na,matching_size,2
U0,3,1,15,HopcroftKarpMatcher,-1,na,wall_clock_ms,0.004457
U0,3,1,15,HopcroftKarpMatcher,-1,na,matching_size,2
U0,6,1.5,29,Oracle,-1,na,oracle_size,5
U0,6,1.5,29,SimpleAugmentingMatcher,-1,na,wall_clock_ms,0.001356
U0,6,1.5,29,SimpleAugmentingMatcher,-1,na,matching_size,5
U0,6,1.5,29,HopcroftKarpMatcher,0,na,paths_found_per_phase,4
U0,6,1.5,29,HopcroftKarpMatcher,0,na,bfs_edges_visited,14
U0,6,1.5,29,HopcroftKarpMatcher,0,na,dfs_edges_visited,12
U0,6,1.5,29,HopcroftKarpMatcher,0,na,defect_at_iteration,2
U0,6,1.5,29,HopcroftKarpMatcher,1,na,paths_found_per_phase,1
U0,6,1.5,29,HopcroftKarpMatcher,1,na,bfs_edges_visited,14
U0,6,1.5,29,HopcroftKarpMatcher,1,na,dfs_edges_visited,11
U0,6,1.5,29,HopcroftKarpMatcher,1,na,defect_at_iteration,1
U0,6,1.5,29,HopcroftKarpMatcher,-1,na,phase_count,2
U0,6,1.5,29,HopcroftKarpMatcher,-1,na,main_loop_iters,2
U0,6,1.5,29,HopcroftKarpMatcher,-1,na,total_bfs_edges_visited,28
U0,6,1.5,29,HopcroftKarpMatcher,-1,na,total_edges_visited,51
U0,6,1.5,29,HopcroftKarpMatcher,-1,na,matching_size,5
U0,6,1.5,29,HopcroftKarpMatcher,-1,na,wall_clock_ms,0.010523
U0,6,1.5,29,HopcroftKarpMatcher,-1,na,matching_size,5
U0,5,2,44,Oracle,-1,na,oracle_size,5
U0,5,2,44,SimpleAugmentingMatcher,-1,na,wall_clock_ms,0.000737
U0,5,2,44,SimpleAugmentingMatcher,-1,na,matching_size,5
U0,5,2,44,HopcroftKarpMatcher,0,na,paths_found_per_phase,5
U0,5,2,44,HopcroftKarpMatcher,0,na,bfs_edges_visited,25
U0,5,2,44,HopcroftKarpMatcher,0,na,dfs_edges_visited,15
U0,5,2,44,HopcroftKarpMatcher,0,na,defect_at_iteration,0
U0,5,2,44,HopcroftKarpMatcher,-1,na,phase_count,1
U0,5,2,44,HopcroftKarpMatcher,-1,na,main_loop_iters,1
U0,5,2,44,HopcroftKarpMatcher,-1,na,total_bfs_edges_visited,25
U0,5,2,44,HopcroftKarpMatcher,-1,na,total_edges_visited,40
U0,5,2,44,HopcroftKarpMatcher,-1,na,matching_size,5
U0,5,2,44,HopcroftKarpMatcher,-1,na,wall_clock_ms,0.006623
U0,5,2,44,HopcroftKarpMatcher,-1,na,matching_size,5
U0,3,2,28,Oracle,-1,na,oracle_size,3
U0,3,2,28,SimpleAugmentingMatcher,-1,na,wall_clock_ms,0.00048
U0,3,2,28,SimpleAugmentingMatcher,-1,na,matching_size,3
U0,3,2,28,HopcroftKarpMatcher,0,na,paths_found_per_phase,3
U0,3,2,28,HopcroftKarpMatcher,0,na,bfs_edges_visited,9
U0,3,2,28,HopcroftKarpMatcher,0,na,dfs_edges_visited,6
U0,3,2,28,HopcroftKarpMatcher,0,na,defect_at_iteration,0
U0,3,2,28,HopcroftKarpMatcher,-1,na,phase_count,1
U0,3,2,28,HopcroftKarpMatcher,-1,na,main_loop_iters,1
U0,3,2,28,HopcroftKarpMatcher,-1,na,total_bfs_edges_visited,9
U0,3,2,28,HopcroftKarpMatcher,-1,na,total_edges_visited,15
U0,3,2,28,HopcroftKarpMatcher,-1,na,matching_size,3
U0,3,2,28,HopcroftKarpMatcher,-1,na,wall_clock_ms,0.006442
U0,3,2,28,HopcroftKarpMatcher,-1,na,matching_size,3
U0,6,1,43,Oracle,-1,na,oracle_size,4
U0,6,1,43,SimpleAugmentingMatcher,-1,na,wall_clock_ms,0.000723
U0,6,1,43,SimpleAugmentingMatcher,-1,na,matching_size,4
U0,6,1,43,HopcroftKarpMatcher,0,na,paths_found_per_phase,4
U0,6,1,43,HopcroftKarpMatcher,0,na,bfs_edges_visited,6
U0,6,1,43,HopcroftKarpMatcher,0,na,dfs_edges_visited,5
U0,6,1,43,HopcroftKarpMatcher,0,na,defect_at_iteration,2
U0,6,1,43,HopcroftKarpMatcher,-1,na,phase_count,1
U0,6,1,43,HopcroftKarpMatcher,-1,na,main_loop_iters,1
U0,6,1,43,HopcroftKarpMatcher,-1,na,total_bfs_edges_visited,6
U0,6,1,43,HopcroftKarpMatcher,-1,na,total_edges_visited,11
U0,6,1,43,HopcroftKarpMatcher,-1,na,matching_size,4
U0,6,1,43,HopcroftKarpMatcher,-1,na,wall_clock_ms,0.006962
U0,6,1,43,HopcroftKarpMatcher,-1,na,matching_size,4
U0,2,2,15,Oracle,-1,na,oracle_size,2
U0,2,2,15,SimpleAugmentingMatcher,-1,na,wall_clock_ms,0.000404
U0,2,2,15,SimpleAugmentingMatcher,-1,na,matching_size,2
U0,2,2,15,HopcroftKarpMatcher,0,na,paths_found_per_phase,2
U0,2,2,15,HopcroftKarpMatcher,0,na,bfs_edges_visited,4
U0,2,2,15,HopcroftKarpMatcher,0,na,dfs_edges_visited,3
U0,2,2,15,HopcroftKarpMatcher,0,na,defect_at_iteration,0
U0,2,2,15,HopcroftKarpMatcher,-1,na,phase_count,1
U0,2,2,15,HopcroftKarpMatcher,-1,na,main_loop_iters,1
U0,2,2,15,HopcroftKarpMatcher,-1,na,total_bfs_edges_visited,4
U0,2,2,15,HopcroftKarpMatcher,-1,na,total_edges_visited,7
U0,2,2,15,HopcroftKarpMatcher,-1,na,matching_size,2
U0,2,2,15,HopcroftKarpMatcher,-1,na,wall_clock_ms,0.005549
U0,2,2,15,HopcroftKarpMatcher,-1,na,matching_size,2
U0,5,1,47,Oracle,-1,na,oracle_size,3
U0,5,1,47,SimpleAugmentingMatcher,-1,na,wall_clock_ms,0.000701
U0,5,1,47,SimpleAugmentingMatcher,-1,na,matching_size,3
U0,5,1,47,HopcroftKarpMatcher,0,na,paths_found_per_phase,3
U0,5,1,47,HopcroftKarpMatcher,0,na,bfs_edges_visited,5
U0,5,1,47,HopcroftKarpMatcher,0,na,dfs_edges_visited,5
U0,5,1,47,HopcroftKarpMatcher,0,na,defect_at_iteration,2
U0,5,1,47,HopcroftKarpMatcher,-1,na,phase_count,1
U0,5,1,47,HopcroftKarpMatcher,-1,na,main_loop_iters,1
U0,5,1,47,HopcroftKarpMatcher,-1,na,total_bfs_edges_visited,5
U0,5,1,47,HopcroftKarpMatcher,-1,na,total_edges_visited,10
U0,5,1,47,HopcroftKarpMatcher,-1,na,matching_size,3
U0,5,1,47,HopcroftKarpMatcher,-1,na,wall_clock_ms,0.007281
U0,5,1,47,HopcroftKarpMatcher,-1,na,matching_size,3
U0,3,1,47,Oracle,-1,na,oracle_size,2
U0,3,1,47,SimpleAugmentingMatcher,-1,na,wall_clock_ms,0.000607
U0,3,1,47,SimpleAugmentingMatcher,-1,na,matching_size,2
U0,3,1,47,HopcroftKarpMatcher,0,na,paths_found_per_phase,2
U0,3,1,47,HopcroftKarpMatcher,0,na,bfs_edges_visited,3
U0,3,1,47,HopcroftKarpMatcher,0,na,dfs_edges_visited,2
U0,3,1,47,HopcroftKarpMatcher,0,na,defect_at_iteration,1
U0,3,1,47,HopcroftKarpMatcher,-1,na,phase_count,1
U0,3,1,47,HopcroftKarpMatcher,-1,na,main_loop_iters,1
U0,3,1,47,HopcroftKarpMatcher,-1,na,total_bfs_edges_visited,3
U0,3,1,47,HopcroftKarpMatcher,-1,na,total_edges_visited,5
U0,3,1,47,HopcroftKarpMatcher,-1,na,matching_size,2
U0,3,1,47,HopcroftKarpMatcher,-1,na,wall_clock_ms,0.005893
U0,3,1,47,HopcroftKarpMatcher,-1,na,matching_size,2
U0,6,1,47,Oracle,-1,na,oracle_size,3
U0,6,1,47,SimpleAugmentingMatcher,-1,na,wall_clock_ms,0.000634
U0,6,1,47,SimpleAugmentingMatcher,-1,na,matching_size,3
U0,6,1,47,HopcroftKarpMatcher,0,na,paths_found_per_phase,3
U0,6,1,47,HopcroftKarpMatcher,0,na,bfs_edges_visited,6
U0,6,1,47,HopcroftKarpMatcher,0,na,dfs_edges_visited,4
U0,6,1,47,HopcroftKarpMatcher,0,na,defect_at_iteration,3
U0,6,1,47,HopcroftKarpMatcher,-1,na,phase_count,1
U0,6,1,47,HopcroftKarpMatcher,-1,na,main_loop_iters,1
U0,6,1,47,HopcroftKarpMatcher,-1,na,total_bfs_edges_visited,6
U0,6,1,47,HopcroftKarpMatcher,-1,na,total_edges_visited,10
U0,6,1,47,HopcroftKarpMatcher,-1,na,matching_size,3
U0,6,1,47,HopcroftKarpMatcher,-1,na,wall_clock_ms,0.0057
U0,6,1,47,HopcroftKarpMatcher,-1,na,matching_size,3
U0,5,1.5,44,Oracle,-1,na,oracle_size,5
U0,5,1.5,44,SimpleAugmentingMatcher,-1,na,wall_clock_ms,0.000642
U0,5,1.5,44,SimpleAugmentingMatcher,-1,na,matching_size,5
U0,5,1.5,44,HopcroftKarpMatcher,0,na,paths_found_per_phase,5
U0,5,1.5,44,HopcroftKarpMatcher,0,na,bfs_edges_visited,11
U0,5,1.5,44,HopcroftKarpMatcher,0,na,dfs_edges_visited,7
U0,5,1.5,44,HopcroftKarpMatcher,0,na,defect_at_iteration,0
U0,5,1.5,44,HopcroftKarpMatcher,-1,na,phase_count,1
U0,5,1.5,44,HopcroftKarpMatcher,-1,na,main_loop_iters,1
U0,5,1.5,44,HopcroftKarpMatcher,-1,na,total_bfs_edges_visited,11
U0,5,1.5,44,HopcroftKarpMatcher,-1,na,total_edges_visited,18
U0,5,1.5,44,HopcroftKarpMatcher,-1,na,matching_size,5
U0,5,1.5,44,HopcroftKarpMatcher,-1,na,wall_clock_ms,0.005091
U0,5,1.5,44,HopcroftKarpMatcher,-1,na,matching_size,5
U0,2,1.5,48,Oracle,-1,na,oracle_size,2
U0,2,1.5,48,SimpleAugmentingMatcher,-1,na,wall_clock_ms,0.000495
U0,2,1.5,48,SimpleAugmentingMatcher,-1,na,matching_size,2
U0,2,1.5,48,HopcroftKarpMatcher,0,na,paths_found_per_phase,2
U0,2,1.5,48,HopcroftKarpMatcher,0,na,bfs_edges_visited,2
U0,2,1.5,48,HopcroftKarpMatcher,0,na,dfs_edges_visited,2
U0,2,1.5,48,HopcroftKarpMatcher,0,na,defect_at_iteration,0
U0,2,1.5,48,HopcroftKarpMatcher,-1,na,phase_count,1
U0,2,1.5,48,HopcroftKarpMatcher,-1,na,main_loop_iters,1
U0,2,1.5,48,HopcroftKarpMatcher,-1,na,total_bfs_edges_visited,2
U0,2,1.5,48,HopcroftKarpMatcher,-1,na,total_edges_visited,4
U0,2,1.5,48,HopcroftKarpMatcher,-1,na,matching_size,2
U0,2,1.5,48,HopcroftKarpMatcher,-1,na,wall_clock_ms,0.006118
U0,2,1.5,48,HopcroftKarpMatcher,-1,na,matching_size,2
U0,6,1.5,46,Oracle,-1,na,oracle_size,6
U0,6,1.5,46,SimpleAugmentingMatcher,-1,na,wall_clock_ms,0.001043
U0,6,1.5,46,SimpleAugmentingMatcher,-1,na,matching_size,6
U0,6,1.5,46,HopcroftKarpMatcher,0,na,paths_found_per_phase,5
U0,6,1.5,46,HopcroftKarpMatcher,0,na,bfs_edges_visited,14
U0,6,1.5,46,HopcroftKarpMatcher,0,na,dfs_edges_visited,8
U0,6,1.5,46,HopcroftKarpMatcher,0,na,defect_at_iteration,1
U0,6,1.5,46,HopcroftKarpMatcher,1,na,paths_found_per_phase,1
U0,6,1.5,46,HopcroftKarpMatcher,1,na,bfs_edges_visited,4
U0,6,1.5,46,HopcroftKarpMatcher,1,na,dfs_edges_visited,6
U0,6,1.5,46,HopcroftKarpMatcher,1,na,defect_at_iteration,0
U0,6,1.5,46,HopcroftKarpMatcher,-1,na,phase_count,2
U0,6,1.5,46,HopcroftKarpMatcher,-1,na,main_loop_iters,2
U0,6,1.5,46,HopcroftKarpMatcher,-1,na,total_bfs_edges_visited,18
U0,6,1.5,46,HopcroftKarpMatcher,-1,na,total_edges_visited,32
U0,6,1.5,46,HopcroftKarpMatcher,-1,na,matching_size,6
U0,6,1.5,46,HopcroftKarpMatcher,-1,na,wall_clock_ms,0.010032
U0,6,1.5,46,HopcroftKarpMatcher,-1,na,matching_size,6
U0,6,2,15,Oracle,-1,na,oracle_size,6
U0,6,2,15,SimpleAugmentingMatcher,-1,na,wall_clock_ms,0.000787
U0,6,2,15,SimpleAugmentingMatcher,-1,na,matching_size,6
U0,6,2,15,HopcroftKarpMatcher,0,na,paths_found_per_phase,6
U0,6,2,15,HopcroftKarpMatcher,0,na,bfs_edges_visited,36
U0,6,2,15,HopcroftKarpMatcher,0,na,dfs_edges_visited,21
U0,6,2,15,HopcroftKarpMatcher,0,na,defect_at_iteration,0
U0,6,2,15,HopcroftKarpMatcher,-1,na,phase_count,1
U0,6,2,15,HopcroftKarpMatcher,-1,na,main_loop_iters,1
U0,6,2,15,HopcroftKarpMatcher,-1,na,total_bfs_edges_visited,36
U0,6,2,15,HopcroftKarpMatcher,-1,na,total_edges_visited,57
U0,6,2,15,HopcroftKarpMatcher,-1,na,matching_size,6
U0,6,2,15,HopcroftKarpMatcher,-1,na,wall_clock_ms,0.005137
U0,6,2,15,HopcroftKarpMatcher,-1,na,matching_size,6
U0,3,2,10,Oracle,-1,na,oracle_size,3
U0,3,2,10,SimpleAugmentingMatcher,-1,na,wall_clock_ms,0.000483
U0,3,2,10,SimpleAugmentingMatcher,-1,na,matching_size,3
U0,3,2,10,HopcroftKarpMatcher,0,na,paths_found_per_phase,3
U0,3,2,10,HopcroftKarpMatcher,0,na,bfs_edges_visited,9
U0,3,2,10,HopcroftKarpMatcher,0,na,dfs_edges_visited,6
U0,3,2,10,HopcroftKarpMatcher,0,na,defect_at_iteration,0
U0,3,2,10,HopcroftKarpMatcher,-1,na,phase_count,1
U0,3,2,10,HopcroftKarpMatcher,-1,na,main_loop_iters,1
U0,3,2,10,HopcroftKarpMatcher,-1,na,total_bfs_edges_visited,9
U0,3,2,10,HopcroftKarpMatcher,-1,na,total_edges_visited,15
U0,3,2,10,HopcroftKarpMatcher,-1,na,matching_size,3
U0,3,2,10,HopcroftKarpMatcher,-1,na,wall_clock_ms,0.006234
U0,3,2,10,HopcroftKarpMatcher,-1,na,matching_size,3
U0,6,2,5,Oracle,-1,na,oracle_size,6
U0,6,2,5,SimpleAugmentingMatcher,-1,na,wall_clock_ms,0.001078
U0,6,2,5,SimpleAugmentingMatcher,-1,na,matching_size,6
U0,6,2,5,HopcroftKarpMatcher,0,na,paths_found_per_phase,6
U0,6,2,5,HopcroftKarpMatcher,0,na,bfs_edges_visited,36
U0,6,2,5,HopcroftKarpMatcher,0,na,dfs_edges_visited,21
U0,6,2,5,HopcroftKarpMatcher,0,na,defect_at_iteration,0
U0,6,2,5,HopcroftKarpMatcher,-1,na,phase_count,1
U0,6,2,5,HopcroftKarpMatcher,-1,na,main_loop_iters,1
U0,6,2,5,HopcroftKarpMatcher,-1,na,total_bfs_edges_visited,36
U0,6,2,5,HopcroftKarpMatcher,-1,na,total_edges_visited,57
U0,6,2,5,HopcroftKarpMatcher,-1,na,matching_size,6
U0,6,2,5,HopcroftKarpMatcher,-1,na,wall_clock_ms,0.006796
U0,6,2,5,HopcroftKarpMatcher,-1,na,matching_size,6
U0,3,1,34,Oracle,-1,na,oracle_size,2
U0,3,1,34,SimpleAugmentingMatcher,-1,na,wall_clock_ms,0.0006
U0,3,1,34,SimpleAugmentingMatcher,-1,na,matching_size,2
U0,3,1,34,HopcroftKarpMatcher,0,na,paths_found_per_phase,2
U0,3,1,34,HopcroftKarpMatcher,0,na,bfs_edges_visited,3
U0,3,1,34,HopcroftKarpMatcher,0,na,dfs_edges_visited,2
U0,3,1,34,HopcroftKarpMatcher,0,na,defect_at_iteration,1
U0,3,1,34,HopcroftKarpMatcher,-1,na,phase_count,1
U0,3,1,34,HopcroftKarpMatcher,-1,na,main_loop_iters,1
U0,3,1,34,HopcroftKarpMatcher,-1,na,total_bfs_edges_visited,3
U0,3,1,34,HopcroftKarpMatcher,-1,na,total_edges_visited,5
U0,3,1,34,HopcroftKarpMatcher,-1,na,matching_size,2
U0,3,1,34,HopcroftKarpMatcher,-1,na,wall_clock_ms,0.005632
U0,3,1,34,HopcroftKarpMatcher,-1,na,matching_size,2
U0,2,2,33,Oracle,-1,na,oracle_size,2
U0,2,2,33,SimpleAugmentingMatcher,-1,na,wall_clock_ms,0.00041
U0,2,2,33,SimpleAugmentingMatcher,-1,na,matching_size,2
U0,2,2,33,HopcroftKarpMatcher,0,na,paths_found_per_phase,2
U0,2,2,33,HopcroftKarpMatcher,0,na,bfs_edges_visited,4
U0,2,2,33,HopcroftKarpMatcher,0,na,dfs_edges_visited,3
U0,2,2,33,HopcroftKarpMatcher,0,na,defect_at_iteration,0
U0,2,2,33,HopcroftKarpMatcher,-1,na,phase_count,1
U0,2,2,33,HopcroftKarpMatcher,-1,na,main_loop_iters,1
U0,2,2,33,HopcroftKarpMatcher,-1,na,total_bfs_edges_visited,4
U0,2,2,33,HopcroftKarpMatcher,-1,na,total_edges_visited,7
U0,2,2,33,HopcroftKarpMatcher,-1,na,matching_size,2
U0,2,2,33,HopcroftKarpMatcher,-1,na,wall_clock_ms,0.005696
U0,2,2,33,HopcroftKarpMatcher,-1,na,matching_size,2
U0,3,2,14,Oracle,-1,na,oracle_size,3
U0,3,2,14,SimpleAugmentingMatcher,-1,na,wall_clock_ms,0.000645
U0,3,2,14,SimpleAugmentingMatcher,-1,na,matching_size,3
U0,3,2,14,HopcroftKarpMatcher,0,na,paths_found_per_phase,3
U0,3,2,14,HopcroftKarpMatcher,0,na,bfs_edges_visited,9
U0,3,2,14,HopcroftKarpMatcher,0,na,dfs_edges_visited,6
U0,3,2,14,HopcroftKarpMatcher,0,na,defect_at_iteration,0
U0,3,2,14,HopcroftKarpMatcher,-1,na,phase_count,1
U0,3,2,14,HopcroftKarpMatcher,-1,na,main_loop_iters,1
U0,3,2,14,HopcroftKarpMatcher,-1,na,total_bfs_edges_visited,9
U0,3,2,14,HopcroftKarpMatcher,-1,na,total_edges_visited,15
U0,3,2,14,HopcroftKarpMatcher,-1,na,matching_size,3
U0,3,2,14,HopcroftKarpMatcher,-1,na,wall_clock_ms,0.006448
U0,3,2,14,HopcroftKarpMatcher,-1,na,matching_size,3
U0,4,1,7,Oracle,-1,na,oracle_size,2
U0,4,1,7,SimpleAugmentingMatcher,-1,na,wall_clock_ms,0.000503
U0,4,1,7,SimpleAugmentingMatcher,-1,na,matching_size,2
U0,4,1,7,HopcroftKarpMatcher,0,na,paths_found_per_phase,2
U0,4,1,7,HopcroftKarpMatcher,0,na,bfs_edges_visited,4
U0,4,1,7,HopcroftKarpMatcher,0,na,dfs_edges_visited,2
U0,4,1,7,HopcroftKarpMatcher,0,na,defect_at_iteration,2
U0,4,1,7,HopcroftKarpMatcher,-1,na,phase_count,1
U0,4,1,7,HopcroftKarpMatcher,-1,na,main_loop_iters,1
U0,4,1,7,HopcroftKarpMatcher,-1,na,total_bfs_edges_visited,4
U0,4,1,7,HopcroftKarpMatcher,-1,na,total_edges_visited,6
U0,4,1,7,HopcroftKarpMatcher,-1,na,matching_size,2
U0,4,1,7,HopcroftKarpMatcher,-1,na,wall_clock_ms,0.006203
U0,4,1,7,HopcroftKarpMatcher,-1,na,matching_size,2
U0,4,2,19,Oracle,-1,na,oracle_size,4
U0,4,2,19,SimpleAugmentingMatcher,-1,na,wall_clock_ms,0.000608
U0,4,2,19,SimpleAugmentingMatcher,-1,na,matching_size,4
U0,4,2,19,HopcroftKarpMatcher,0,na,paths_found_per_phase,4
U0,4,2,19,HopcroftKarpMatcher,0,na,bfs_edges_visited,16
U0,4,2,19,HopcroftKarpMatcher,0,na,dfs_edges_visited,10
U0,4,2,19,HopcroftKarpMatcher,0,na,defect_at_iteration,0
U0,4,2,19,HopcroftKarpMatcher,-1,na,phase_count,1
U0,4,2,19,HopcroftKarpMatcher,-1,na,main_loop_iters,1
U0,4,2,19,HopcroftKarpMatcher,-1,na,total_bfs_edges_visited,16
U0,4,2,19,HopcroftKarpMatcher,-1,na,total_edges_visited,26
U0,4,2,19,HopcroftKarpMatcher,-1,na,matching_size,4
U0,4,2,19,HopcroftKarpMatcher,-1,na,wall_clock_ms,0.005473
U0,4,2,19,HopcroftKarpMatcher,-1,na,matching_size,4
U0,5,1.5,40,Oracle,-1,na,oracle_size,4
U0,5,1.5,40,SimpleAugmentingMatcher,-1,na,wall_clock_ms,0.00059
U0,5,1.5,40,SimpleAugmentingMatcher,-1,na,matching_size,4
U0,5,1.5,40,HopcroftKarpMatcher,0,na,paths_found_per_phase,3
U0,5,1.5,40,HopcroftKarpMatcher,0,na,bfs_edges_visited,11
U0,5,1.5,40,HopcroftKarpMatcher,0,na,dfs_edges_visited,6
U0,5,1.5,40,HopcroftKarpMatcher,0,na,defect_at_iteration,2
U0,5,1.5,40,HopcroftKarpMatcher,1,na,paths_found_per_phase,1
U0,5,1.5,40,HopcroftKarpMatcher,1,na,bfs_edges_visited,11
U0,5,1.5,40,HopcroftKarpMatcher,1,na,dfs_edges_visited,4
U0,5,1.5,40,HopcroftKarpMatcher,1,na,defect_at_iteration,1
U0,5,1.5,40,HopcroftKarpMatcher,-1,na,phase_count,2
U0,5,1.5,40,HopcroftKarpMatcher,-1,na,main_loop_iters,2
U0,5,1.5,40,HopcroftKarpMatcher,-1,na,total_bfs_edges_visited,22
U0,5,1.5,40,HopcroftKarpMatcher,-1,na,total_edges_visited,32
U0,5,1.5,40,HopcroftKarpMatcher,-1,na,matching_size,4
U0,5,1.5,40,HopcroftKarpMatcher,-1,na,wall_clock_ms,0.007094
U0,5,1.5,40,HopcroftKarpMatcher,-1,na,matching_size,4
U0,4,1.5,28,Oracle,-1,na,oracle_size,4
U0,4,1.5,28,SimpleAugmentingMatcher,-1,na,wall_clock_ms,0.000699
U0,4,1.5,28,SimpleAugmentingMatcher,-1,na,matching_size,4
U0,4,1.5,28,HopcroftKarpMatcher,0,na,paths_found_per_phase,4
U0,4,1.5,28,HopcroftKarpMatcher,0,na,bfs_edges_visited,8
U0,4,1.5,28,HopcroftKarpMatcher,0,na,dfs_edges_visited,6
U0,4,1.5,28,HopcroftKarpMatcher,0,na,defect_at_iteration,0
U0,4,1.5,28,HopcroftKarpMatcher,-1,na,phase_count,1
U0,4,1.5,28,HopcroftKarpMatcher,-1,na,main_loop_iters,1
U0,4,1.5,28,HopcroftKarpMatcher,-1,na,total_bfs_edges_visited,8
U0,4,1.5,28,HopcroftKarpMatcher,-1,na,total_edges_visited,14
U0,4,1.5,28,HopcroftKarpMatcher,-1,na,matching_size,4
U0,4,1.5,28,HopcroftKarpMatcher,-1,na,wall_clock_ms,0.006875
U0,4,1.5,28,HopcroftKarpMatcher,-1,na,matching_size,4
U0,3,2,43,Oracle,-1,na,oracle_size,3
U0,3,2,43,SimpleAugmentingMatcher,-1,na,wall_clock_ms,0.000495
U0,3,2,43,SimpleAugmentingMatcher,-1,na,matching_size,3
U0,3,2,43,HopcroftKarpMatcher,0,na,paths_found_per_phase,3
U0,3,2,43,HopcroftKarpMatcher,0,na,bfs_edges_visited,9
U0,3,2,43,HopcroftKarpMatcher,0,na,dfs_edges_visited,6
U0,3,2,43,HopcroftKarpMatcher,0,na,defect_at_iteration,0
U0,3,2,43,HopcroftKarpMatcher,-1,na,phase_count,1
U0,3,2,43,HopcroftKarpMatcher,-1,na,main_loop_iters,1
U0,3,2,43,HopcroftKarpMatcher,-1,na,total_bfs_edges_visited,9
U0,3,2,43,HopcroftKarpMatcher,-1,na,total_edges_visited,15
U0,3,2,43,HopcroftKarpMatcher,-1,na,matching_size,3
U0,3,2,43,HopcroftKarpMatcher,-1,na,wall_clock_ms,0.006567
U0,3,2,43,HopcroftKarpMatcher,-1,na,matching_size,3
U0,2,1.5,46,Oracle,-1,na,oracle_size,1
U0,2,1.5,46,SimpleAugmentingMatcher,-1,na,wall_clock_ms,0.000328
U0,2,1.5,46,SimpleAugmentingMatcher,-1,na,matching_size,1
U0,2,1.5,46,HopcroftKarpMatcher,0,na,paths_found_per_phase,1
U0,2,1.5,46,HopcroftKarpMatcher,0,na,bfs_edges_visited,2
U0,2,1.5,46,HopcroftKarpMatcher,0,na,dfs_edges_visited,1
U0,2,1.5,46,HopcroftKarpMatcher,0,na,defect_at_iteration,1
U0,2,1.5,46,HopcroftKarpMatcher,-1,na,phase_count,1
U0,2,1.5,46,HopcroftKarpMatcher,-1,na,main_loop_iters,1
U0,2,1.5,46,HopcroftKarpMatcher,-1,na,total_bfs_edges_visited,2
U0,2,1.5,46,HopcroftKarpMatcher,-1,na,total_edges_visited,3
U0,2,1.5,46,HopcroftKarpMatcher,-1,na,matching_size,1
U0,2,1.5,46,HopcroftKarpMatcher,-1,na,wall_clock_ms,0.004693
U0,2,1.5,46,HopcroftKarpMatcher,-1,na,matching_size,1
U0,5,1,36,Oracle,-1,na,oracle_size,3
U0,5,1,36,SimpleAugmentingMatcher,-1,na,wall_clock_ms,0.000839
U0,5,1,36,SimpleAugmentingMatcher,-1,na,matching_size,3
U0,5,1,36,HopcroftKarpMatcher,0,na,paths_found_per_phase,3
U0,5,1,36,HopcroftKarpMatcher,0,na,bfs_edges_visited,5
U0,5,1,36,HopcroftKarpMatcher,0,na,dfs_edges_visited,5
U0,5,1,36,HopcroftKarpMatcher,0,na,defect_at_iteration,2
U0,5,1,36,HopcroftKarpMatcher,-1,na,phase_count,1
U0,5,1,36,HopcroftKarpMatcher,-1,na,main_loop_iters,1
U0,5,1,36,HopcroftKarpMatcher,-1,na,total_bfs_edges_visited,5
U0,5,1,36,HopcroftKarpMatcher,-1,na,total_edges_visited,10
U0,5,1,36,HopcroftKarpMatcher,-1,na,matching_size,3
U0,5,1,36,HopcroftKarpMatcher,-1,na,wall_clock_ms,0.006821
U0,5,1,36,HopcroftKarpMatcher,-1,na,matching_size,3
U0,2,1,12,Oracle,-1,na,oracle_size,1
U0,2,1,12,SimpleAugmentingMatcher,-1,na,wall_clock_ms,0.000351
U0,2,1,12,SimpleAugmentingMatcher,-1,na,matching_size,1
U0,2,1,12,HopcroftKarpMatcher,0,na,paths_found_per_phase,1
U0,2,1,12,HopcroftKarpMatcher,0,na,bfs_edges_visited,2
U0,2,1,12,HopcroftKarpMatcher,0,na,dfs_edges_visited,1
U0,2,1,12,HopcroftKarpMatcher,0,na,defect_at_iteration,1
U0,2,1,12,HopcroftKarpMatcher,-1,na,phase_count,1
U0,2,1,12,HopcroftKarpMatcher,-1,na,main_loop_iters,1
U0,2,1,12,HopcroftKarpMatcher,-1,na,total_bfs_edges_visited,2
U0,2,1,12,HopcroftKarpMatcher,-1,na,total_edges_visited,3
U0,2,1,12,HopcroftKarpMatcher,-1,na,matching_size,1
U0,2,1,12,HopcroftKarpMatcher,-1,na,wall_clock_ms,0.004248
U0,2,1,12,HopcroftKarpMatcher,-1,na,matching_size,1
U0,4,1.5,37,Oracle,-1,na,oracle_size,4
U0,4,1.5,37,SimpleAugmentingMatcher,-1,na,wall_clock_ms,0.000628
U0,4,1.5,37,SimpleAugmentingMatcher,-1,na,matching_size,4
U0,4,1.5,37,HopcroftKarpMatcher,0,na,paths_found_per_phase,4
U0,4,1.5,37,HopcroftKarpMatcher,0,na,bfs_edges_visited,8
U0,4,1.5,37,HopcroftKarpMatcher,0,na,dfs_edges_visited,5
U0,4,1.5,37,HopcroftKarpMatcher,0,na,defect_at_iteration,0
U0,4,1.5,37,HopcroftKarpMatcher,-1,na,phase_count,1
U0,4,1.5,37,HopcroftKarpMatcher,-1,na,main_loop_iters,1
U0,4,1.5,37,HopcroftKarpMatcher,-1,na,total_bfs_edges_visited,8
U0,4,1.5,37,HopcroftKarpMatcher,-1,na,total_edges_visited,13
U0,4,1.5,37,HopcroftKarpMatcher,-1,na,matching_size,4
U0,4,1.5,37,HopcroftKarpMatcher,-1,na,wall_clock_ms,0.0066
U0,4,1.5,37,HopcroftKarpMatcher,-1,na,matching_size,4
U0,5,1.5,48,Oracle,-1,na,oracle_size,4
U0,5,1.5,48,SimpleAugmentingMatcher,-1,na,wall_clock_ms,0.000694
U0,5,1.5,48,SimpleAugmentingMatcher,-1,na,matching_size,4
U0,5,1.5,48,HopcroftKarpMatcher,0,na,paths_found_per_phase,3
U0,5,1.5,48,HopcroftKarpMatcher,0,na,bfs_edges_visited,11
U0,5,1.5,48,HopcroftKarpMatcher,0,na,dfs_edges_visited,8
U0,5,1.5,48,HopcroftKarpMatcher,0,na,defect_at_iteration,2
U0,5,1.5,48,HopcroftKarpMatcher,1,na,paths_found_per_phase,1
U0,5,1.5,48,HopcroftKarpMatcher,1,na,bfs_edges_visited,11
U0,5,1.5,48,HopcroftKarpMatcher,1,na,dfs_edges_visited,7
U0,5,1.5,48,HopcroftKarpMatcher,1,na,defect_at_iteration,1
U0,5,1.5,48,HopcroftKarpMatcher,-1,na,phase_count,2
U0,5,1.5,48,HopcroftKarpMatcher,-1,na,main_loop_iters,2
U0,5,1.5,48,HopcroftKarpMatcher,-1,na,total_bfs_edges_visited,22
U0,5,1.5,48,HopcroftKarpMatcher,-1,na,total_edges_visited,37
U0,5,1.5,48,HopcroftKarpMatcher,-1,na,matching_size,4
U0,5,1.5,48,HopcroftKarpMatcher,-1,na,wall_clock_ms,0.007297
U0,5,1.5,48,HopcroftKarpMatcher,-1,na,matching_size,4
U0,3,2,6,Oracle,-1,na,oracle_size,3
U0,3,2,6,SimpleAugmentingMatcher,-1,na,wall_clock_ms,0.000529
U0,3,2,6,SimpleAugmentingMatcher,-1,na,matching_size,3
U0,3,2,6,HopcroftKarpMatcher,0,na,paths_found_per_phase,3
U0,3,2,6,HopcroftKarpMatcher,0,na,bfs_edges_visited,9
U0,3,2,6,HopcroftKarpMatcher,0,na,dfs_edges_visited,6
U0,3,2,6,HopcroftKarpMatcher,0,na,defect_at_iteration,0
U0,3,2,6,HopcroftKarpMatcher,-1,na,phase_count,1
U0,3,2,6,HopcroftKarpMatcher,-1,na,main_loop_iters,1
U0,3,2,6,HopcroftKarpMatcher,-1,na,total_bfs_edges_visited,9
U0,3,2,6,HopcroftKarpMatcher,-1,na,total_edges_visited,15
U0,3,2,6,HopcroftKarpMatcher,-1,na,matching_size,3
U0,3,2,6,HopcroftKarpMatcher,-1,na,wall_clock_ms,0.006603
U0,3,2,6,HopcroftKarpMatcher,-1,na,matching_size,3
U0,6,2,3,Oracle,-1,na,oracle_size,6
U0,6,2,3,SimpleAugmentingMatcher,-1,na,wall_clock_ms,0.000925
U0,6,2,3,SimpleAugmentingMatcher,-1,na,matching_size,6
U0,6,2,3,HopcroftKarpMatcher,0,na,paths_found_per_phase,6
U0,6,2,3,HopcroftKarpMatcher,0,na,bfs_edges_visited,36
U0,6,2,3,HopcroftKarpMatcher,0,na,dfs_edges_visited,21
U0,6,2,3,HopcroftKarpMatcher,0,na,defect_at_iteration,0
U0,6,2,3,HopcroftKarpMatcher,-1,na,phase_count,1
U0,6,2,3,HopcroftKarpMatcher,-1,na,main_loop_iters,1
U0,6,2,3,HopcroftKarpMatcher,-1,na,total_bfs_edges_visited,36
U0,6,2,3,HopcroftKarpMatcher,-1,na,total_edges_visited,57
U0,6,2,3,HopcroftKarpMatcher,-1,na,matching_size,6
U0,6,2,3,HopcroftKarpMatcher,-1,na,wall_clock_ms,0.006963
U0,6,2,3,HopcroftKarpMatcher,-1,na,matching_size,6
U0,3,2,46,Oracle,-1,na,oracle_size,3
U0,3,2,46,SimpleAugmentingMatcher,-1,na,wall_clock_ms,0.000501
U0,3,2,46,SimpleAugmentingMatcher,-1,na,matching_size,3
U0,3,2,46,HopcroftKarpMatcher,0,na,paths_found_per_phase,3
U0,3,2,46,HopcroftKarpMatcher,0,na,bfs_edges_visited,9
U0,3,2,46,HopcroftKarpMatcher,0,na,dfs_edges_visited,6
U0,3,2,46,HopcroftKarpMatcher,0,na,defect_at_iteration,0
U0,3,2,46,HopcroftKarpMatcher,-1,na,phase_count,1
U0,3,2,46,HopcroftKarpMatcher,-1,na,main_loop_iters,1
U0,3,2,46,HopcroftKarpMatcher,-1,na,total_bfs_edges_visited,9
U0,3,2,46,HopcroftKarpMatcher,-1,na,total_edges_visited,15
U0,3,2,46,HopcroftKarpMatcher,-1,na,matching_size,3
U0,3,2,46,HopcroftKarpMatcher,-1,na,wall_clock_ms,0.006118
U0,3,2,46,HopcroftKarpMatcher,-1,na,matching_size,3
U0,6,1.5,28,Oracle,-1,na,oracle_size,5
U0,6,1.5,28,SimpleAugmentingMatcher,-1,na,wall_clock_ms,0.000765
U0,6,1.5,28,SimpleAugmentingMatcher,-1,na,matching_size,5
U0,6,1.5,28,HopcroftKarpMatcher,0,na,paths_found_per_phase,5
U0,6,1.5,28,HopcroftKarpMatcher,0,na,bfs_edges_visited,14
U0,6,1.5,28,HopcroftKarpMatcher,0,na,dfs_edges_visited,9
U0,6,1.5,28,HopcroftKarpMatcher,0,na,defect_at_iteration,1
U0,6,1.5,28,HopcroftKarpMatcher,-1,na,phase_count,1
U0,6,1.5,28,HopcroftKarpMatcher,-1,na,main_loop_iters,1
U0,6,1.5,28,HopcroftKarpMatcher,-1,na,total_bfs_edges_visited,14
U0,6,1.5,28,HopcroftKarpMatcher,-1,na,total_edges_visited,23
U0,6,1.5,28,HopcroftKarpMatcher,-1,na,matching_size,5
U0,6,1.5,28,HopcroftKarpMatcher,-1,na,wall_clock_ms,0.005104
U0,6,1.5,28,HopcroftKarpMatcher,-1,na,matching_size,5
U0,2,2,22,Oracle,-1,na,oracle_size,2
U0,2,2,22,SimpleAugmentingMatcher,-1,na,wall_clock_ms,0.000446
U0,2,2,22,SimpleAugmentingMatcher,-1,na,matching_size,2
U0,2,2,22,HopcroftKarpMatcher,0,na,paths_found_per_phase,2
U0,2,2,22,HopcroftKarpMatcher,0,na,bfs_edges_visited,4
U0,2,2,22,HopcroftKarpMatcher,0,na,dfs_edges_visited,3
U0,2,2,22,HopcroftKarpMatcher,0,na,defect_at_iteration,0
U0,2,2,22,HopcroftKarpMatcher,-1,na,phase_count,1
U0,2,2,22,HopcroftKarpMatcher,-1,na,main_loop_iters,1
U0,2,2,22,HopcroftKarpMatcher,-1,na,total_bfs_edges_visited,4
U0,2,2,22,HopcroftKarpMatcher,-1,na,total_edges_visited,7
U0,2,2,22,HopcroftKarpMatcher,-1,na,matching_size,2
U0,2,2,22,HopcroftKarpMatcher,-1,na,wall_clock_ms,0.005707
U0,2,2,22,HopcroftKarpMatcher,-1,na,matching_size,2
U0,2,1.5,26,Oracle,-1,na,oracle_size,1
U0,2,1.5,26,SimpleAugmentingMatcher,-1,na,wall_clock_ms,0.000529
U0,2,1.5,26,SimpleAugmentingMatcher,-1,na,matching_size,1
U0,2,1.5,26,HopcroftKarpMatcher,0,na,paths_found_per_phase,1
U0,2,1.5,26,HopcroftKarpMatcher,0,na,bfs_edges_visited,2
U0,2,1.5,26,HopcroftKarpMatcher,0,na,dfs_edges_visited,1
U0,2,1.5,26,HopcroftKarpMatcher,0,na,defect_at_iteration,1
U0,2,1.5,26,HopcroftKarpMatcher,-1,na,phase_count,1
U0,2,1.5,26,HopcroftKarpMatcher,-1,na,main_loop_iters,1
U0,2,1.5,26,HopcroftKarpMatcher,-1,na,total_bfs_edges_visited,2
U0,2,1.5,26,HopcroftKarpMatcher,-1,na,total_edges_visited,3
U0,2,1.5,26,HopcroftKarpMatcher,-1,na,matching_size,1
U0,2,1.5,26,HopcroftKarpMatcher,-1,na,wall_clock_ms,0.00661
U0,2,1.5,26,HopcroftKarpMatcher,-1,na,matching_size,1
U0,6,2,11,Oracle,-1,na,oracle_size,6
U0,6,2,11,SimpleAugmentingMatcher,-1,na,wall_clock_ms,0.000805
U0,6,2,11,SimpleAugmentingMatcher,-1,na,matching_size,6
U0,6,2,11,HopcroftKarpMatcher,0,na,paths_found_per_phase,6
U0,6,2,11,HopcroftKarpMatcher,0,na,bfs_edges_visited,36
U0,6,2,11,HopcroftKarpMatcher,0,na,dfs_edges_visited,21
U0,6,2,11,HopcroftKarpMatcher,0,na,defect_at_iteration,0
U0,6,2,11,HopcroftKarpMatcher,-1,na,phase_count,1
U0,6,2,11,HopcroftKarpMatcher,-1,na,main_loop_iters,1
U0,6,2,11,HopcroftKarpMatcher,-1,na,total_bfs_edges_visited,36
U0,6,2,11,HopcroftKarpMatcher,-1,na,total_edges_visited,57
U0,6,2,11,HopcroftKarpMatcher,-1,na,matching_size,6
U0,6,2,11,HopcroftKarpMatcher,-1,na,wall_clock_ms,0.005224
U0,6,2,11,HopcroftKarpMatcher,-1,na,matching_size,6
U0,6,2,38,Oracle,-1,na,oracle_size,6
U0,6,2,38,SimpleAugmentingMatcher,-1,na,wall_clock_ms,0.000871
U0,6,2,38,SimpleAugmentingMatcher,-1,na,matching_size,6
U0,6,2,38,HopcroftKarpMatcher,0,na,paths_found_per_phase,6
U0,6,2,38,HopcroftKarpMatcher,0,na,bfs_edges_visited,36
U0,6,2,38,HopcroftKarpMatcher,0,na,dfs_edges_visited,21
U0,6,2,38,HopcroftKarpMatcher,0,na,defect_at_iteration,0
U0,6,2,38,HopcroftKarpMatcher,-1,na,phase_count,1
U0,6,2,38,HopcroftKarpMatcher,-1,na,main_loop_iters,1
U0,6,2,38,HopcroftKarpMatcher,-1,na,total_bfs_edges_visited,36
U0,6,2,38,HopcroftKarpMatcher,-1,na,total_edges_visited,57
U0,6,2,38,HopcroftKarpMatcher,-1,na,matching_size,6
U0,6,2,38,HopcroftKarpMatcher,-1,na,wall_clock_ms,0.006695
U0,6,2,38,HopcroftKarpMatcher,-1,na,matching_size,6
U0,2,1.5,16,Oracle,-1,na,oracle_size,2
U0,2,1.5,16,SimpleAugmentingMatcher,-1,na,wall_clock_ms,0.000332
U0,2,1.5,16,SimpleAugmentingMatcher,-1,na,matching_size,2
U0,2,1.5,16,HopcroftKarpMatcher,0,na,paths_found_per_phase,2
U0,2,1.5,16,HopcroftKarpMatcher,0,na,bfs_edges_visited,2
U0,2,1.5,16,HopcroftKarpMatcher,0,na,dfs_edges_visited,2
U0,2,1.5,16,HopcroftKarpMatcher,0,na,defect_at_iteration,0
U0,2,1.5,16,HopcroftKarpMatcher,-1,na,phase_count,1
U0,2,1.5,16,HopcroftKarpMatcher,-1,na,main_loop_iters,1
U0,2,1.5,16,HopcroftKarpMatcher,-1,na,total_bfs_edges_visited,2
U0,2,1.5,16,HopcroftKarpMatcher,-1,na,total_edges_visited,4
U0,2,1.5,16,HopcroftKarpMatcher,-1,na,matching_size,2
U0,2,1.5,16,HopcroftKarpMatcher,-1,na,wall_clock_ms,0.00439
U0,2,1.5,16,HopcroftKarpMatcher,-1,na,matching_size,2
U0,6,1.5,27,Oracle,-1,na,oracle_size,5
U0,6,1.5,27,SimpleAugmentingMatcher,-1,na,wall_clock_ms,0.001094
U0,6,1.5,27,SimpleAugmentingMatcher,-1,na,matching_size,5
U0,6,1.5,27,HopcroftKarpMatcher,0,na,paths_found_per_phase,5
U0,6,1.5,27,HopcroftKarpMatcher,0,na,bfs_edges_visited,14
U0,6,1.5,27,HopcroftKarpMatcher,0,na,dfs_edges_visited,10
U0,6,1.5,27,HopcroftKarpMatcher,0,na,defect_at_iteration,1
U0,6,1.5,27,HopcroftKarpMatcher,-1,na,phase_count,1
U0,6,1.5,27,HopcroftKarpMatcher,-1,na,main_loop_iters,1
U0,6,1.5,27,HopcroftKarpMatcher,-1,na,total_bfs_edges_visited,14
U0,6,1.5,27,HopcroftKarpMatcher,-1,na,total_edges_visited,24
U0,6,1.5,27,HopcroftKarpMatcher,-1,na,matching_size,5
U0,6,1.5,27,HopcroftKarpMatcher,-1,na,wall_clock_ms,0.008029
U0,6,1.5,27,HopcroftKarpMatcher,-1,na,matching_size,5
U0,2,1.5,20,Oracle,-1,na,oracle_size,2
U0,2,1.5,20,SimpleAugmentingMatcher,-1,na,wall_clock_ms,0.000334
U0,2,1.5,20,SimpleAugmentingMatcher,-1,na,matching_size,2
U0,2,1.5,20,HopcroftKarpMatcher,0,na,paths_found_per_phase,2
U0,2,1.5,20,HopcroftKarpMatcher,0,na,bfs_edges_visited,2
U0,2,1.5,20,HopcroftKarpMatcher,0,na,dfs_edges_visited,2
U0,2,1.5,20,HopcroftKarpMatcher,0,na,defect_at_iteration,0
U0,2,1.5,20,HopcroftKarpMatcher,-1,na,phase_count,1
U0,2,1.5,20,HopcroftKarpMatcher,-1,na,main_loop_iters,1
U0,2,1.5,20,HopcroftKarpMatcher,-1,na,total_bfs_edges_visited,2
U0,2,1.5,20,HopcroftKarpMatcher,-1,na,total_edges_visited,4
U0,2,1.5,20,HopcroftKarpMatcher,-1,na,matching_size,2
U0,2,1.5,20,HopcroftKarpMatcher,-1,na,wall_clock_ms,0.004404
U0,2,1.5,20,HopcroftKarpMatcher,-1,na,matching_size,2
U0,4,1,45,Oracle,-1,na,oracle_size,3
U0,4,1,45,SimpleAugmentingMatcher,-1,na,wall_clock_ms,0.000534
U0,4,1,45,SimpleAugmentingMatcher,-1,na,matching_size,3
U0,4,1,45,HopcroftKarpMatcher,0,na,paths_found_per_phase,3
U0,4,1,45,HopcroftKarpMatcher,0,na,bfs_edges_visited,4
U0,4,1,45,HopcroftKarpMatcher,0,na,dfs_edges_visited,3
U0,4,1,45,HopcroftKarpMatcher,0,na,defect_at_iteration,1
U0,4,1,45,HopcroftKarpMatcher,-1,na,phase_count,1
U0,4,1,45,HopcroftKarpMatcher,-1,na,main_loop_iters,1
U0,4,1,45,HopcroftKarpMatcher,-1,na,total_bfs_edges_visited,4
U0,4,1,45,HopcroftKarpMatcher,-1,na,total_edges_visited,7
U0,4,1,45,HopcroftKarpMatcher,-1,na,matching_size,3
U0,4,1,45,HopcroftKarpMatcher,-1,na,wall_clock_ms,0.005999
U0,4,1,45,HopcroftKarpMatcher,-1,na,matching_size,3
U0,5,1,16,Oracle,-1,na,oracle_size,3
U0,5,1,16,SimpleAugmentingMatcher,-1,na,wall_clock_ms,0.000703
U0,5,1,16,SimpleAugmentingMatcher,-1,na,matching_size,3
U0,5,1,16,HopcroftKarpMatcher,0,na,paths_found_per_phase,2
U0,5,1,16,HopcroftKarpMatcher,0,na,bfs_edges_visited,5
U0,5,1,16,HopcroftKarpMatcher,0,na,dfs_edges_visited,3
U0,5,1,16,HopcroftKarpMatcher,0,na,defect_at_iteration,3
U0,5,1,16,HopcroftKarpMatcher,1,na,paths_found_per_phase,1
U0,5,1,16,HopcroftKarpMatcher,1,na,bfs_edges_visited,3
U0,5,1,16,HopcroftKarpMatcher,1,na,dfs_edges_visited,3
U0,5,1,16,HopcroftKarpMatcher,1,na,defect_at_iteration,2
U0,5,1,16,HopcroftKarpMatcher,-1,na,phase_count,2
U0,5,1,16,HopcroftKarpMatcher,-1,na,main_loop_iters,2
U0,5,1,16,HopcroftKarpMatcher,-1,na,total_bfs_edges_visited,8
U0,5,1,16,HopcroftKarpMatcher,-1,na,total_edges_visited,14
U0,5,1,16,HopcroftKarpMatcher,-1,na,matching_size,3
U0,5,1,16,HopcroftKarpMatcher,-1,na,wall_clock_ms,0.00875
U0,5,1,16,HopcroftKarpMatcher,-1,na,matching_size,3
U0,4,2,4,Oracle,-1,na,oracle_size,4
U0,4,2,4,SimpleAugmentingMatcher,-1,na,wall_clock_ms,0.00072
U0,4,2,4,SimpleAugmentingMatcher,-1,na,matching_size,4
U0,4,2,4,HopcroftKarpMatcher,0,na,paths_found_per_phase,4
U0,4,2,4,HopcroftKarpMatcher,0,na,bfs_edges_visited,16
U0,4,2,4,HopcroftKarpMatcher,0,na,dfs_edges_visited,10
U0,4,2,4,HopcroftKarpMatcher,0,na,defect_at_iteration,0
U0,4,2,4,HopcroftKarpMatcher,-1,na,phase_count,1
U0,4,2,4,HopcroftKarpMatcher,-1,na,main_loop_iters,1
U0,4,2,4,HopcroftKarpMatcher,-1,na,total_bfs_edges_visited,16
U0,4,2,4,HopcroftKarpMatcher,-1,na,total_edges_visited,26
U0,4,2,4,HopcroftKarpMatcher,-1,na,matching_size,4
U0,4,2,4,HopcroftKarpMatcher,-1,na,wall_clock_ms,0.007257
U0,4,2,4,HopcroftKarpMatcher,-1,na,matching_size,4
U0,3,1,10,Oracle,-1,na,oracle_size,2
U0,3,1,10,SimpleAugmentingMatcher,-1,na,wall_clock_ms,0.000427
U0,3,1,10,SimpleAugmentingMatcher,-1,na,matching_size,2
U0,3,1,10,HopcroftKarpMatcher,0,na,paths_found_per_phase,2
U0,3,1,10,HopcroftKarpMatcher,0,na,bfs_edges_visited,3
U0,3,1,10,HopcroftKarpMatcher,0,na,dfs_edges_visited,2
U0,3,1,10,HopcroftKarpMatcher,0,na,defect_at_iteration,1
U0,3,1,10,HopcroftKarpMatcher,-1,na,phase_count,1
U0,3,1,10,HopcroftKarpMatcher,-1,na,main_loop_iters,1
U0,3,1,10,HopcroftKarpMatcher,-1,na,total_bfs_edges_visited,3
U0,3,1,10,HopcroftKarpMatcher,-1,na,total_edges_visited,5
U0,3,1,10,HopcroftKarpMatcher,-1,na,matching_size,2
U0,3,1,10,HopcroftKarpMatcher,-1,na,wall_clock_ms,0.004307
U0,3,1,10,HopcroftKarpMatcher,-1,na,matching_size,2
U0,6,1,32,Oracle,-1,na,oracle_size,4
U0,6,1,32,SimpleAugmentingMatcher,-1,na,wall_clock_ms,0.00075
U0,6,1,32,SimpleAugmentingMatcher,-1,na,matching_size,4
U0,6,1,32,HopcroftKarpMatcher,0,na,paths_found_per_phase,3
U0,6,1,32,HopcroftKarpMatcher,0,na,bfs_edges_visited,6
U0,6,1,32,HopcroftKarpMatcher,0,na,dfs_edges_visited,5
U0,6,1,32,HopcroftKarpMatcher,0,na,defect_at_iteration,3
U0,6,1,32,HopcroftKarpMatcher,1,na,paths_found_per_phase,1
U0,6,1,32,HopcroftKarpMatcher,1,na,bfs_edges_visited,3
U0,6,1,32,HopcroftKarpMatcher,1,na,dfs_edges_visited,3
U0,6,1,32,HopcroftKarpMatcher,1,na,defect_at_iteration,2
U0,6,1,32,HopcroftKarpMatcher,-1,na,phase_count,2
U0,6,1,32,HopcroftKarpMatcher,-1,na,main_loop_iters,2
U0,6,1,32,HopcroftKarpMatcher,-1,na,total_bfs_edges_visited,9
U0,6,1,32,HopcroftKarpMatcher,-1,na,total_edges_visited,17
U0,6,1,32,HopcroftKarpMatcher,-1,na,matching_size,4
U0,6,1,32,HopcroftKarpMatcher,-1,na,wall_clock_ms,0.008674
U0,6,1,32,HopcroftKarpMatcher,-1,na,matching_size,4
U0,2,1.5,38,Oracle,-1,na,oracle_size,1
U0,2,1.5,38,SimpleAugmentingMatcher,-1,na,wall_clock_ms,0.000585
U0,2,1.5,38,SimpleAugmentingMatcher,-1,na,matching_size,1
U0,2,1.5,38,HopcroftKarpMatcher,0,na,paths_found_per_phase,1
U0,2,1.5,38,HopcroftKarpMatcher,0,na,bfs_edges_visited,2
U0,2,1.5,38,HopcroftKarpMatcher,0,na,dfs_edges_visited,2
U0,2,1.5,38,HopcroftKarpMatcher,0,na,defect_at_iteration,1
U0,2,1.5,38,HopcroftKarpMatcher,-1,na,phase_count,1
U0,2,1.5,38,HopcroftKarpMatcher,-1,na,main_loop_iters,1
U0,2,1.5,38,HopcroftKarpMatcher,-1,na,total_bfs_edges_visited,2
U0,2,1.5,38,HopcroftKarpMatcher,-1,na,total_edges_visited,4
U0,2,1.5,38,HopcroftKarpMatcher,-1,na,matching_size,1
U0,2,1.5,38,HopcroftKarpMatcher,-1,na,wall_clock_ms,0.006529
U0,2,1.5,38,HopcroftKarpMatcher,-1,na,matching_size,1
U0,5,2,20,Oracle,-1,na,oracle_size,5
U0,5,2,20,SimpleAugmentingMatcher,-1,na,wall_clock_ms,0.00074
U0,5,2,20,SimpleAugmentingMatcher,-1,na,matching_size,5
U0,5,2,20,HopcroftKarpMatcher,0,na,paths_found_per_phase,5
U0,5,2,20,HopcroftKarpMatcher,0,na,bfs_edges_visited,25
U0,5,2,20,HopcroftKarpMatcher,0,na,dfs_edges_visited,15
U0,5,2,20,HopcroftKarpMatcher,0,na,defect_at_iteration,0
U0,5,2,20,HopcroftKarpMatcher,-1,na,phase_count,1
U0,5,2,20,HopcroftKarpMatcher,-1,na,main_loop_iters,1
U0,5,2,20,HopcroftKarpMatcher,-1,na,total_bfs_edges_visited,25
U0,5,2,20,HopcroftKarpMatcher,-1,na,total_edges_visited,40
U0,5,2,20,HopcroftKarpMatcher,-1,na,matching_size,5
U0,5,2,20,HopcroftKarpMatcher,-1,na,wall_clock_ms,0.006892
U0,5,2,20,HopcroftKarpMatcher,-1,na,matching_size,5
U0,4,1.5,44,Oracle,-1,na,oracle_size,3
U0,4,1.5,44,SimpleAugmentingMatcher,-1,na,wall_clock_ms,0.0005
U0,4,1.5,44,SimpleAugmentingMatcher,-1,na,matching_size,3
U0,4,1.5,44,HopcroftKarpMatcher,0,na,paths_found_per_phase,3
U0,4,1.5,44,HopcroftKarpMatcher,0,na,bfs_edges_visited,8
U0,4,1.5,44,HopcroftKarpMatcher,0,na,dfs_edges_visited,4
U0,4,1.5,44,HopcroftKarpMatcher,0,na,defect_at_iteration,1
U0,4,1.5,44,HopcroftKarpMatcher,-1,na,phase_count,1
U0,4,1.5,44,HopcroftKarpMatcher,-1,na,main_loop_iters,1
U0,4,1.5,44,HopcroftKarpMatcher,-1,na,total_bfs_edges_visited,8
U0,4,1.5,44,HopcroftKarpMatcher,-1,na,total_edges_visited,12
U0,4,1.5,44,HopcroftKarpMatcher,-1,na,matching_size,3
U0,4,1.5,44,HopcroftKarpMatcher,-1,na,wall_clock_ms,0.005138
U0,4,1.5,44,HopcroftKarpMatcher,-1,na,matching_size,3
U0,3,1.5,45,Oracle,-1,na,oracle_size,3
U0,3,1.5,45,SimpleAugmentingMatcher,-1,na,wall_clock_ms,0.00045
U0,3,1.5,45,SimpleAugmentingMatcher,-1,na,matching_size,3
U0,3,1.5,45,HopcroftKarpMatcher,0,na,paths_found_per_phase,3
U0,3,1.5,45,HopcroftKarpMatcher,0,na,bfs_edges_visited,5
U0,3,1.5,45,HopcroftKarpMatcher,0,na,dfs_edges_visited,3
U0,3,1.5,45,HopcroftKarpMatcher,0,na,defect_at_iteration,0
U0,3,1.5,45,HopcroftKarpMatcher,-1,na,phase_count,1
U0,3,1.5,45,HopcroftKarpMatcher,-1,na,main_loop_iters,1
U0,3,1.5,45,HopcroftKarpMatcher,-1,na,total_bfs_edges_visited,5
U0,3,1.5,45,HopcroftKarpMatcher,-1,na,total_edges_visited,8
U0,3,1.5,45,HopcroftKarpMatcher,-1,na,matching_size,3
U0,3,1.5,45,HopcroftKarpMatcher,-1,na,wall_clock_ms,0.0061
U0,3,1.5,45,HopcroftKarpMatcher,-1,na,matching_size,3
U0,2,1.5,2,Oracle,-1,na,oracle_size,1
U0,2,1.5,2,SimpleAugmentingMatcher,-1,na,wall_clock_ms,0.000342
U0,2,1.5,2,SimpleAugmentingMatcher,-1,na,matching_size,1
U0,2,1.5,2,HopcroftKarpMatcher,0,na,paths_found_per_phase,1
U0,2,1.5,2,HopcroftKarpMatcher,0,na,bfs_edges_visited,2
U0,2,1.5,2,HopcroftKarpMatcher,0,na,dfs_edges_visited,2
U0,2,1.5,2,HopcroftKarpMatcher,0,na,defect_at_iteration,1
U0,2,1.5,2,HopcroftKarpMatcher,-1,na,phase_count,1
U0,2,1.5,2,HopcroftKarpMatcher,-1,na,main_loop_iters,1
U0,2,1.5,2,HopcroftKarpMatcher,-1,na,total_bfs_edges_visited,2
U0,2,1.5,2,HopcroftKarpMatcher,-1,na,total_edges_visited,4
U0,2,1.5,2,HopcroftKarpMatcher,-1,na,matching_size,1
U0,2,1.5,2,HopcroftKarpMatcher,-1,na,wall_clock_ms,0.004259
U0,2,1.5,2,HopcroftKarpMatcher,-1,na,matching_size,1
U0,5,1.5,4,Oracle,-1,na,oracle_size,4
U0,5,1.5,4,SimpleAugmentingMatcher,-1,na,wall_clock_ms,0.000976
U0,5,1.5,4,SimpleAugmentingMatcher,-1,na,matching_size,4
U0,5,1.5,4,HopcroftKarpMatcher,0,na,paths_found_per_phase,4
U0,5,1.5,4,HopcroftKarpMatcher,0,na,bfs_edges_visited,11
U0,5,1.5,4,HopcroftKarpMatcher,0,na,dfs_edges_visited,9
U0,5,1.5,4,HopcroftKarpMatcher,0,na,defect_at_iteration,1
U0,5,1.5,4,HopcroftKarpMatcher,-1,na,phase_count,1
U0,5,1.5,4,HopcroftKarpMatcher,-1,na,main_loop_iters,1
U0,5,1.5,4,HopcroftKarpMatcher,-1,na,total_bfs_edges_visited,11
U0,5,1.5,4,HopcroftKarpMatcher,-1,na,total_edges_visited,20
U0,5,1.5,4,HopcroftKarpMatcher,-1,na,matching_size,4
U0,5,1.5,4,HopcroftKarpMatcher,-1,na,wall_clock_ms,0.007576
U0,5,1.5,4,HopcroftKarpMatcher,-1,na,matching_size,4
U0,3,1,37,Oracle,-1,na,oracle_size,2
U0,3,1,37,SimpleAugmentingMatcher,-1,na,wall_clock_ms,0.000569
U0,3,1,37,SimpleAugmentingMatcher,-1,na,matching_size,2
U0,3,1,37,HopcroftKarpMatcher,0,na,paths_found_per_phase,1
U0,3,1,37,HopcroftKarpMatcher,0,na,bfs_edges_visited,3
U0,3,1,37,HopcroftKarpMatcher,0,na,dfs_edges_visited,2
U0,3,1,37,HopcroftKarpMatcher,0,na,defect_at_iteration,2
U0,3,1,37,HopcroftKarpMatcher,1,na,paths_found_per_phase,1
U0,3,1,37,HopcroftKarpMatcher,1,na,bfs_edges_visited,3
U0,3,1,37,HopcroftKarpMatcher,1,na,dfs_edges_visited,3
U0,3,1,37,HopcroftKarpMatcher,1,na,defect_at_iteration,1
U0,3,1,37,HopcroftKarpMatcher,-1,na,phase_count,2
U0,3,1,37,HopcroftKarpMatcher,-1,na,main_loop_iters,2
U0,3,1,37,HopcroftKarpMatcher,-1,na,total_bfs_edges_visited,6
U0,3,1,37,HopcroftKarpMatcher,-1,na,total_edges_visited,11
U0,3,1,37,HopcroftKarpMatcher,-1,na,matching_size,2
U0,3,1,37,HopcroftKarpMatcher,-1,na,wall_clock_ms,0.008807
U0,3,1,37,HopcroftKarpMatcher,-1,na,matching_size,2
U0,4,2,43,Oracle,-1,na,oracle_size,4
U0,4,2,43,SimpleAugmentingMatcher,-1,na,wall_clock_ms,0.000735
U0,4,2,43,SimpleAugmentingMatcher,-1,na,matching_size,4
U0,4,2,43,HopcroftKarpMatcher,0,na,paths_found_per_phase,4
U0,4,2,43,HopcroftKarpMatcher,0,na,bfs_edges_visited,16
U0,4,2,43,HopcroftKarpMatcher,0,na,dfs_edges_visited,10
U0,4,2,43,HopcroftKarpMatcher,0,na,defect_at_iteration,0
U0,4,2,43,HopcroftKarpMatcher,-1,na,phase_count,1
U0,4,2,43,HopcroftKarpMatcher,-1,na,main_loop_iters,1
U0,4,2,43,HopcroftKarpMatcher,-1,na,total_bfs_edges_visited,16
U0,4,2,43,HopcroftKarpMatcher,-1,na,total_edges_visited,26
U0,4,2,43,HopcroftKarpMatcher,-1,na,matching_size,4
U0,4,2,43,HopcroftKarpMatcher,-1,na,wall_clock_ms,0.0076
U0,4,2,43,HopcroftKarpMatcher,-1,na,matching_size,4
U0,3,1,18,Oracle,-1,na,oracle_size,2
U0,3,1,18,SimpleAugmentingMatcher,-1,na,wall_clock_ms,0.000466
U0,3,1,18,SimpleAugmentingMatcher,-1,na,matching_size,2
U0,3,1,18,HopcroftKarpMatcher,0,na,paths_found_per_phase,2
U0,3,1,18,HopcroftKarpMatcher,0,na,bfs_edges_visited,3
U0,3,1,18,HopcroftKarpMatcher,0,na,dfs_edges_visited,2
U0,3,1,18,HopcroftKarpMatcher,0,na,defect_at_iteration,1
U0,3,1,18,HopcroftKarpMatcher,-1,na,phase_count,1
U0,3,1,18,HopcroftKarpMatcher,-1,na,main_loop_iters,1
U0,3,1,18,HopcroftKarpMatcher,-1,na,total_bfs_edges_visited,3
U0,3,1,18,HopcroftKarpMatcher,-1,na,total_edges_visited,5
U0,3,1,18,HopcroftKarpMatcher,-1,na,matching_size,2
U0,3,1,18,HopcroftKarpMatcher,-1,na,wall_clock_ms,0.006266
U0,3,1,18,HopcroftKarpMatcher,-1,na,matching_size,2
U0,5,1.5,28,Oracle,-1,na,oracle_size,5
U0,5,1.5,28,SimpleAugmentingMatcher,-1,na,wall_clock_ms,0.00075
U0,5,1.5,28,SimpleAugmentingMatcher,-1,na,matching_size,5
U0,5,1.5,28,HopcroftKarpMatcher,0,na,paths_found_per_phase,5
U0,5,1.5,28,HopcroftKarpMatcher,0,na,bfs_edges_visited,11
U0,5,1.5,28,HopcroftKarpMatcher,0,na,dfs_edges_visited,8
U0,5,1.5,28,HopcroftKarpMatcher,0,na,defect_at_iteration,0
U0,5,1.5,28,HopcroftKarpMatcher,-1,na,phase_count,1
U0,5,1.5,28,HopcroftKarpMatcher,-1,na,main_loop_iters,1
U0,5,1.5,28,HopcroftKarpMatcher,-1,na,total_bfs_edges_visited,11
U0,5,1.5,28,HopcroftKarpMatcher,-1,na,total_edges_visited,19
U0,5,1.5,28,HopcroftKarpMatcher,-1,na,matching_size,5
U0,5,1.5,28,HopcroftKarpMatcher,-1,na,wall_clock_ms,0.006779
U0,5,1.5,28,HopcroftKarpMatcher,-1,na,matching_size,5
U0,2,1.5,21,Oracle,-1,na,oracle_size,1
U0,2,1.5,21,SimpleAugmentingMatcher,-1,na,wall_clock_ms,0.000347
U0,2,1.5,21,SimpleAugmentingMatcher,-1,na,matching_size,1
U0,2,1.5,21,HopcroftKarpMatcher,0,na,paths_found_per_phase,1
U0,2,1.5,21,HopcroftKarpMatcher,0,na,bfs_edges_visited,2
U0,2,1.5,21,HopcroftKarpMatcher,0,na,dfs_edges_visited,1
U0,2,1.5,21,HopcroftKarpMatcher,0,na,defect_at_iteration,1
U0,2,1.5,21,HopcroftKarpMatcher,-1,na,phase_count,1
U0,2,1.5,21,HopcroftKarpMatcher,-1,na,main_loop_iters,1
U0,2,1.5,21,HopcroftKarpMatcher,-1,na,total_bfs_edges_visited,2
U0,2,1.5,21,HopcroftKarpMatcher,-1,na,total_edges_visited,3
U0,2,1.5,21,HopcroftKarpMatcher,-1,na,matching_size,1
U0,2,1.5,21,HopcroftKarpMatcher,-1,na,wall_clock_ms,0.004195
U0,2,1.5,21,HopcroftKarpMatcher,-1,na,matching_size,1
U0,3,2,44,Oracle,-1,na,oracle_size,3
U0,3,2,44,SimpleAugmentingMatcher,-1,na,wall_clock_ms,0.000489
U0,3,2,44,SimpleAugmentingMatcher,-1,na,matching_size,3
U0,3,2,44,HopcroftKarpMatcher,0,na,paths_found_per_phase,3
U0,3,2,44,HopcroftKarpMatcher,0,na,bfs_edges_visited,9
U0,3,2,44,HopcroftKarpMatcher,0,na,dfs_edges_visited,6
U0,3,2,44,HopcroftKarpMatcher,0,na,defect_at_iteration,0
U0,3,2,44,HopcroftKarpMatcher,-1,na,phase_count,1
U0,3,2,44,HopcroftKarpMatcher,-1,na,main_loop_iters,1
U0,3,2,44,HopcroftKarpMatcher,-1,na,total_bfs_edges_visited,9
U0,3,2,44,HopcroftKarpMatcher,-1,na,total_edges_visited,15
U0,3,2,44,HopcroftKarpMatcher,-1,na,matching_size,3
U0,3,2,44,HopcroftKarpMatcher,-1,na,wall_clock_ms,0.006515
U0,3,2,44,HopcroftKarpMatcher,-1,na,matching_size,3
U0,4,1.5,24,Oracle,-1,na,oracle_size,3
U0,4,1.5,24,SimpleAugmentingMatcher,-1,na,wall_clock_ms,0.000928
U0,4,1.5,24,SimpleAugmentingMatcher,-1,na,matching_size,3
U0,4,1.5,24,HopcroftKarpMatcher,0,na,paths_found_per_phase,3
U0,4,1.5,24,HopcroftKarpMatcher,0,na,bfs_edges_visited,8
U0,4,1.5,24,HopcroftKarpMatcher,0,na,dfs_edges_visited,7
U0,4,1.5,24,HopcroftKarpMatcher,0,na,defect_at_iteration,1
U0,4,1.5,24,HopcroftKarpMatcher,-1,na,phase_count,1
U0,4,1.5,24,HopcroftKarpMatcher,-1,na,main_loop_iters,1
U0,4,1.5,24,HopcroftKarpMatcher,-1,na,total_bfs_edges_visited,8
U0,4,1.5,24,HopcroftKarpMatcher,-1,na,total_edges_visited,15
U0,4,1.5,24,HopcroftKarpMatcher,-1,na,matching_size,3
U0,4,1.5,24,HopcroftKarpMatcher,-1,na,wall_clock_ms,0.006802
U0,4,1.5,24,HopcroftKarpMatcher,-1,na,matching_size,3
U0,5,1.5,33,Oracle,-1,na,oracle_size,4
U0,5,1.5,33,SimpleAugmentingMatcher,-1,na,wall_clock_ms,0.000866
U0,5,1.5,33,SimpleAugmentingMatcher,-1,na,matching_size,4
U0,5,1.5,33,HopcroftKarpMatcher,0,na,paths_found_per_phase,3
U0,5,1.5,33,HopcroftKarpMatcher,0,na,bfs_edges_visited,11
U0,5,1.5,33,HopcroftKarpMatcher,0,na,dfs_edges_visited,8
U0,5,1.5,33,HopcroftKarpMatcher,0,na,defect_at_iteration,2
U0,5,1.5,33,HopcroftKarpMatcher,1,na,paths_found_per_phase,1
U0,5,1.5,33,HopcroftKarpMatcher,1,na,bfs_edges_visited,8
U0,5,1.5,33,HopcroftKarpMatcher,1,na,dfs_edges_visited,11
U0,5,1.5,33,HopcroftKarpMatcher,1,na,defect_at_iteration,1
U0,5,1.5,33,HopcroftKarpMatcher,-1,na,phase_count,2
U0,5,1.5,33,HopcroftKarpMatcher,-1,na,main_loop_iters,2
U0,5,1.5,33,HopcroftKarpMatcher,-1,na,total_bfs_edges_visited,19
U0,5,1.5,33,HopcroftKarpMatcher,-1,na,total_edges_visited,38
U0,5,1.5,33,HopcroftKarpMatcher,-1,na,matching_size,4
U0,5,1.5,33,HopcroftKarpMatcher,-1,na,wall_clock_ms,0.009384
U0,5,1.5,33,HopcroftKarpMatcher,-1,na,matching_size,4
U0,4,1.5,1,Oracle,-1,na,oracle_size,4
U0,4,1.5,1,SimpleAugmentingMatcher,-1,na,wall_clock_ms,0.000696
U0,4,1.5,1,SimpleAugmentingMatcher,-1,na,matching_size,4
U0,4,1.5,1,HopcroftKarpMatcher,0,na,paths_found_per_phase,3
U0,4,1.5,1,HopcroftKarpMatcher,0,na,bfs_edges_visited,8
U0,4,1.5,1,HopcroftKarpMatcher,0,na,dfs_edges_visited,6
U0,4,1.5,1,HopcroftKarpMatcher,0,na,defect_at_iteration,1
U0,4,1.5,1,HopcroftKarpMatcher,1,na,paths_found_per_phase,1
U0,4,1.5,1,HopcroftKarpMatcher,1,na,bfs_edges_visited,6
U0,4,1.5,1,HopcroftKarpMatcher,1,na,dfs_edges_visited,4
U0,4,1.5,1,HopcroftKarpMatcher,1,na,defect_at_iteration,0
U0,4,1.5,1,HopcroftKarpMatcher,-1,na,phase_count,2
U0,4,1.5,1,HopcroftKarpMatcher,-1,na,main_loop_iters,2
U0,4,1.5,1,HopcroftKarpMatcher,-1,na,total_bfs_edges_visited,14
U0,4,1.5,1,HopcroftKarpMatcher,-1,na,total_edges_visited,24
U0,4,1.5,1,HopcroftKarpMatcher,-1,na,matching_size,4
U0,4,1.5,1,HopcroftKarpMatcher,-1,na,wall_clock_ms,0.008902
U0,4,1.5,1,HopcroftKarpMatcher,-1,na,matching_size,4
U0,4,2,6,Oracle,-1,na,oracle_size,4
U0,4,2,6,SimpleAugmentingMatcher,-1,na,wall_clock_ms,0.000636
U0,4,2,6,SimpleAugmentingMatcher,-1,na,matching_size,4
U0,4,2,6,HopcroftKarpMatcher,0,na,paths_found_per_phase,4
U0,4,2,6,HopcroftKarpMatcher,0,na,bfs_edges_visited,16
U0,4,2,6,HopcroftKarpMatcher,0,na,dfs_edges_visited,10
U0,4,2,6,HopcroftKarpMatcher,0,na,defect_at_iteration,0
U0,4,2,6,HopcroftKarpMatcher,-1,na,phase_count,1
U0,4,2,6,HopcroftKarpMatcher,-1,na,main_loop_iters,1
U0,4,2,6,HopcroftKarpMatcher,-1,na,total_bfs_edges_visited,16
U0,4,2,6,HopcroftKarpMatcher,-1,na,total_edges_visited,26
U0,4,2,6,HopcroftKarpMatcher,-1,na,matching_size,4
U0,4,2,6,HopcroftKarpMatcher,-1,na,wall_clock_ms,0.006485
U0,4,2,6,HopcroftKarpMatcher,-1,na,matching_size,4
U0,5,2,3,Oracle,-1,na,oracle_size,5
U0,5,2,3,SimpleAugmentingMatcher,-1,na,wall_clock_ms,0.000717
U0,5,2,3,SimpleAugmentingMatcher,-1,na,matching_size,5
U0,5,2,3,HopcroftKarpMatcher,0,na,paths_found_per_phase,5
U0,5,2,3,HopcroftKarpMatcher,0,na,bfs_edges_visited,25
U0,5,2,3,HopcroftKarpMatcher,0,na,dfs_edges_visited,15
U0,5,2,3,HopcroftKarpMatcher,0,na,defect_at_iteration,0
U0,5,2,3,HopcroftKarpMatcher,-1,na,phase_count,1
U0,5,2,3,HopcroftKarpMatcher,-1,na,main_loop_iters,1
U0,5,2,3,HopcroftKarpMatcher,-1,na,total_bfs_edges_visited,25
U0,5,2,3,HopcroftKarpMatcher,-1,na,total_edges_visited,40
U0,5,2,3,HopcroftKarpMatcher,-1,na,matching_size,5
U0,5,2,3,HopcroftKarpMatcher,-1,na,wall_clock_ms,0.007119
U0,5,2,3,HopcroftKarpMatcher,-1,na,matching_size,5
U0,6,1,42,Oracle,-1,na,oracle_size,4
U0,6,1,42,SimpleAugmentingMatcher,-1,na,wall_clock_ms,0.000708
U0,6,1,42,SimpleAugmentingMatcher,-1,na,matching_size,4
U0,6,1,42,HopcroftKarpMatcher,0,na,paths_found_per_phase,3
U0,6,1,42,HopcroftKarpMatcher,0,na,bfs_edges_visited,6
U0,6,1,42,HopcroftKarpMatcher,0,na,dfs_edges_visited,5
U0,6,1,42,HopcroftKarpMatcher,0,na,defect_at_iteration,3
U0,6,1,42,HopcroftKarpMatcher,1,na,paths_found_per_phase,1
U0,6,1,42,HopcroftKarpMatcher,1,na,bfs_edges_visited,5
U0,6,1,42,HopcroftKarpMatcher,1,na,dfs_edges_visited,3
U0,6,1,42,HopcroftKarpMatcher,1,na,defect_at_iteration,2
U0,6,1,42,HopcroftKarpMatcher,-1,na,phase_count,2
U0,6,1,42,HopcroftKarpMatcher,-1,na,main_loop_iters,2
U0,6,1,42,HopcroftKarpMatcher,-1,na,total_bfs_edges_visited,11
U0,6,1,42,HopcroftKarpMatcher,-1,na,total_edges_visited,19
U0,6,1,42,HopcroftKarpMatcher,-1,na,matching_size,4
U0,6,1,42,HopcroftKarpMatcher,-1,na,wall_clock_ms,0.009066
U0,6,1,42,HopcroftKarpMatcher,-1,na,matching_size,4
U0,3,2,27,Oracle,-1,na,oracle_size,3
U0,3,2,27,SimpleAugmentingMatcher,-1,na,wall_clock_ms,0.000522
U0,3,2,27,SimpleAugmentingMatcher,-1,na,matching_size,3
U0,3,2,27,HopcroftKarpMatcher,0,na,paths_found_per_phase,3
U0,3,2,27,HopcroftKarpMatcher,0,na,bfs_edges_visited,9
U0,3,2,27,HopcroftKarpMatcher,0,na,dfs_edges_visited,6
U0,3,2,27,HopcroftKarpMatcher,0,na,defect_at_iteration,0
U0,3,2,27,HopcroftKarpMatcher,-1,na,phase_count,1
U0,3,2,27,HopcroftKarpMatcher,-1,na,main_loop_iters,1
U0,3,2,27,HopcroftKarpMatcher,-1,na,total_bfs_edges_visited,9
U0,3,2,27,HopcroftKarpMatcher,-1,na,total_edges_visited,15
U0,3,2,27,HopcroftKarpMatcher,-1,na,matching_size,3
U0,3,2,27,HopcroftKarpMatcher,-1,na,wall_clock_ms,0.006366
U0,3,2,27,HopcroftKarpMatcher,-1,na,matching_size,3
U0,3,1.5,31,Oracle,-1,na,oracle_size,3
U0,3,1.5,31,SimpleAugmentingMatcher,-1,na,wall_clock_ms,0.000624
U0,3,1.5,31,SimpleAugmentingMatcher,-1,na,matching_size,3
U0,3,1.5,31,HopcroftKarpMatcher,0,na,paths_found_per_phase,3
U0,3,1.5,31,HopcroftKarpMatcher,0,na,bfs_edges_visited,5
U0,3,1.5,31,HopcroftKarpMatcher,0,na,dfs_edges_visited,4
U0,3,1.5,31,HopcroftKarpMatcher,0,na,defect_at_iteration,0
U0,3,1.5,31,HopcroftKarpMatcher,-1,na,phase_count,1
U0,3,1.5,31,HopcroftKarpMatcher,-1,na,main_loop_iters,1
U0,3,1.5,31,HopcroftKarpMatcher,-1,na,total_bfs_edges_visited,5
U0,3,1.5,31,HopcroftKarpMatcher,-1,na,total_edges_visited,9
U0,3,1.5,31,HopcroftKarpMatcher,-1,na,matching_size,3
U0,3,1.5,31,HopcroftKarpMatcher,-1,na,wall_clock_ms,0.006593
U0,3,1.5,31,HopcroftKarpMatcher,-1,na,matching_size,3
U0,5,1,30,Oracle,-1,na,oracle_size,3
U0,5,1,30,SimpleAugmentingMatcher,-1,na,wall_clock_ms,0.000504
U0,5,1,30,SimpleAugmentingMatcher,-1,na,matching_size,3
U0,5,1,30,HopcroftKarpMatcher,0,na,paths_found_per_phase,3
U0,5,1,30,HopcroftKarpMatcher,0,na,bfs_edges_visited,5
U0,5,1,30,HopcroftKarpMatcher,0,na,dfs_edges_visited,3
U0,5,1,30,HopcroftKarpMatcher,0,na,defect_at_iteration,2
U0,5,1,30,HopcroftKarpMatcher,-1,na,phase_count,1
U0,5,1,30,HopcroftKarpMatcher,-1,na,main_loop_iters,1
U0,5,1,30,HopcroftKarpMatcher,-1,na,total_bfs_edges_visited,5
U0,5,1,30,HopcroftKarpMatcher,-1,na,total_edges_visited,8
U0,5,1,30,HopcroftKarpMatcher,-1,na,matching_size,3
U0,5,1,30,HopcroftKarpMatcher,-1,na,wall_clock_ms,0.006003
U0,5,1,30,HopcroftKarpMatcher,-1,na,matching_size,3
U0,3,1.5,37,Oracle,-1,na,oracle_size,2
U0,3,1.5,37,SimpleAugmentingMatcher,-1,na,wall_clock_ms,0.000619
U0,3,1.5,37,SimpleAugmentingMatcher,-1,na,matching_size,2
U0,3,1.5,37,HopcroftKarpMatcher,0,na,paths_found_per_phase,2
U0,3,1.5,37,HopcroftKarpMatcher,0,na,bfs_edges_visited,5
U0,3,1.5,37,HopcroftKarpMatcher,0,na,dfs_edges_visited,3
U0,3,1.5,37,HopcroftKarpMatcher,0,na,defect_at_iteration,1
U0,3,1.5,37,HopcroftKarpMatcher,-1,na,phase_count,1
U0,3,1.5,37,HopcroftKarpMatcher,-1,na,main_loop_iters,1
U0,3,1.5,37,HopcroftKarpMatcher,-1,na,total_bfs_edges_visited,5
U0,3,1.5,37,HopcroftKarpMatcher,-1,na,total_edges_visited,8
U0,3,1.5,37,HopcroftKarpMatcher,-1,na,matching_size,2
U0,3,1.5,37,HopcroftKarpMatcher,-1,na,wall_clock_ms,0.006351
U0,3,1.5,37,HopcroftKarpMatcher,-1,na,matching_size,2
U0,5,2,25,Oracle,-1,na,oracle_size,5
U0,5,2,25,SimpleAugmentingMatcher,-1,na,wall_clock_ms,0.000636
U0,5,2,25,SimpleAugmentingMatcher,-1,na,matching_size,5
U0,5,2,25,HopcroftKarpMatcher,0,na,paths_found_per_phase,5
U0,5,2,25,HopcroftKarpMatcher,0,na,bfs_edges_visited,25
U0,5,2,25,HopcroftKarpMatcher,0,na,dfs_edges_visited,15
U0,5,2,25,HopcroftKarpMatcher,0,na,defect_at_iteration,0
U0,5,2,25,HopcroftKarpMatcher,-1,na,phase_count,1
U0,5,2,25,HopcroftKarpMatcher,-1,na,main_loop_iters,1
U0,5,2,25,HopcroftKarpMatcher,-1,na,total_bfs_edges_visited,25
U0,5,2,25,HopcroftKarpMatcher,-1,na,total_edges_visited,40
U0,5,2,25,HopcroftKarpMatcher,-1,na,matching_size,5
U0,5,2,25,HopcroftKarpMatcher,-1,na,wall_clock_ms,0.006498
U0,5,2,25,HopcroftKarpMatcher,-1,na,matching_size,5
U0,4,1.5,41,Oracle,-1,na,oracle_size,3
U0,4,1.5,41,SimpleAugmentingMatcher,-1,na,wall_clock_ms,0.000544
U0,4,1.5,41,SimpleAugmentingMatcher,-1,na,matching_size,3
U0,4,1.5,41,HopcroftKarpMatcher,0,na,paths_found_per_phase,3
U0,4,1.5,41,HopcroftKarpMatcher,0,na,bfs_edges_visited,8
U0,4,1.5,41,HopcroftKarpMatcher,0,na,dfs_edges_visited,6
U0,4,1.5,41,HopcroftKarpMatcher,0,na,defect_at_iteration,1
U0,4,1.5,41,HopcroftKarpMatcher,-1,na,phase_count,1
U0,4,1.5,41,HopcroftKarpMatcher,-1,na,main_loop_iters,1
U0,4,1.5,41,HopcroftKarpMatcher,-1,na,total_bfs_edges_visited,8
U0,4,1.5,41,HopcroftKarpMatcher,-1,na,total_edges_visited,14
U0,4,1.5,41,HopcroftKarpMatcher,-1,na,matching_size,3
U0,4,1.5,41,HopcroftKarpMatcher,-1,na,wall_clock_ms,0.007253
U0,4,1.5,41,HopcroftKarpMatcher,-1,na,matching_size,3
U0,6,1.5,44,Oracle,-1,na,oracle_size,5
U0,6,1.5,44,SimpleAugmentingMatcher,-1,na,wall_clock_ms,0.000761
U0,6,1.5,44,SimpleAugmentingMatcher,-1,na,matching_size,5
U0,6,1.5,44,HopcroftKarpMatcher,0,na,paths_found_per_phase,5
U0,6,1.5,44,HopcroftKarpMatcher,0,na,bfs_edges_visited,14
U0,6,1.5,44,HopcroftKarpMatcher,0,na,dfs_edges_visited,9
U0,6,1.5,44,HopcroftKarpMatcher,0,na,defect_at_iteration,1
U0,6,1.5,44,HopcroftKarpMatcher,-1,na,phase_count,1
U0,6,1.5,44,HopcroftKarpMatcher,-1,na,main_loop_iters,1
U0,6,1.5,44,HopcroftKarpMatcher,-1,na,total_bfs_edges_visited,14
U0,6,1.5,44,HopcroftKarpMatcher,-1,na,total_edges_visited,23
U0,6,1.5,44,HopcroftKarpMatcher,-1,na,matching_size,5
U0,6,1.5,44,HopcroftKarpMatcher,-1,na,wall_clock_ms,0.005494
U0,6,1.5,44,HopcroftKarpMatcher,-1,na,matching_size,5
U0,6,1.5,49,Oracle,-1,na,oracle_size,5
U0,6,1.5,49,SimpleAugmentingMatcher,-1,na,wall_clock_ms,0.001273
U0,6,1.5,49,SimpleAugmentingMatcher,-1,na,matching_size,5
U0,6,1.5,49,HopcroftKarpMatcher,0,na,paths_found_per_phase,4
U0,6,1.5,49,HopcroftKarpMatcher,0,na,bfs_edges_visited,14
U0,6,1.5,49,HopcroftKarpMatcher,0,na,dfs_edges_visited,9
U0,6,1.5,49,HopcroftKarpMatcher,0,na,defect_at_iteration,2
U0,6,1.5,49,HopcroftKarpMatcher,1,na,paths_found_per_phase,1
U0,6,1.5,49,HopcroftKarpMatcher,1,na,bfs_edges_visited,11
U0,6,1.5,49,HopcroftKarpMatcher,1,na,dfs_edges_visited,11
U0,6,1.5,49,HopcroftKarpMatcher,1,na,defect_at_iteration,1
U0,6,1.5,49,HopcroftKarpMatcher,-1,na,phase_count,2
U0,6,1.5,49,HopcroftKarpMatcher,-1,na,main_loop_iters,2
U0,6,1.5,49,HopcroftKarpMatcher,-1,na,total_bfs_edges_visited,25
U0,6,1.5,49,HopcroftKarpMatcher,-1,na,total_edges_visited,45
U0,6,1.5,49,HopcroftKarpMatcher,-1,na,matching_size,5
U0,6,1.5,49,HopcroftKarpMatcher,-1,na,wall_clock_ms,0.010127
U0,6,1.5,49,HopcroftKarpMatcher,-1,na,matching_size,5
U0,5,2,43,Oracle,-1,na,oracle_size,5
U0,5,2,43,SimpleAugmentingMatcher,-1,na,wall_clock_ms,0.000837
U0,5,2,43,SimpleAugmentingMatcher,-1,na,matching_size,5
U0,5,2,43,HopcroftKarpMatcher,0,na,paths_found_per_phase,5
U0,5,2,43,HopcroftKarpMatcher,0,na,bfs_edges_visited,25
U0,5,2,43,HopcroftKarpMatcher,0,na,dfs_edges_visited,15
U0,5,2,43,HopcroftKarpMatcher,0,na,defect_at_iteration,0
U0,5,2,43,HopcroftKarpMatcher,-1,na,phase_count,1
U0,5,2,43,HopcroftKarpMatcher,-1,na,main_loop_iters,1
U0,5,2,43,HopcroftKarpMatcher,-1,na,total_bfs_edges_visited,25
U0,5,2,43,HopcroftKarpMatcher,-1,na,total_edges_visited,40
U0,5,2,43,HopcroftKarpMatcher,-1,na,matching_size,5
U0,5,2,43,HopcroftKarpMatcher,-1,na,wall_clock_ms,0.006893
U0,5,2,43,HopcroftKarpMatcher,-1,na,matching_size,5
U0,4,2,46,Oracle,-1,na,oracle_size,4
U0,4,2,46,SimpleAugmentingMatcher,-1,na,wall_clock_ms,0.0005
U0,4,2,46,SimpleAugmentingMatcher,-1,na,matching_size,4
U0,4,2,46,HopcroftKarpMatcher,0,na,paths_found_per_phase,4
U0,4,2,46,HopcroftKarpMatcher,0,na,bfs_edges_visited,16
U0,4,2,46,HopcroftKarpMatcher,0,na,dfs_edges_visited,10
U0,4,2,46,HopcroftKarpMatcher,0,na,defect_at_iteration,0
U0,4,2,46,HopcroftKarpMatcher,-1,na,phase_count,1
U0,4,2,46,HopcroftKarpMatcher,-1,na,main_loop_iters,1
U0,4,2,46,HopcroftKarpMatcher,-1,na,total_bfs_edges_visited,16
U0,4,2,46,HopcroftKarpMatcher,-1,na,total_edges_visited,26
U0,4,2,46,HopcroftKarpMatcher,-1,na,matching_size,4
U0,4,2,46,HopcroftKarpMatcher,-1,na,wall_clock_ms,0.006108
U0,4,2,46,HopcroftKarpMatcher,-1,na,matching_size,4
U0,5,1.5,43,Oracle,-1,na,oracle_size,5
U0,5,1.5,43,SimpleAugmentingMatcher,-1,na,wall_clock_ms,0.000794
U0,5,1.5,43,SimpleAugmentingMatcher,-1,na,matching_size,5
U0,5,1.5,43,HopcroftKarpMatcher,0,na,paths_found_per_phase,4
U0,5,1.5,43,HopcroftKarpMatcher,0,na,bfs_edges_visited,11
U0,5,1.5,43,HopcroftKarpMatcher,0,na,dfs_edges_visited,8
U0,5,1.5,43,HopcroftKarpMatcher,0,na,defect_at_iteration,1
U0,5,1.5,43,HopcroftKarpMatcher,1,na,paths_found_per_phase,1
U0,5,1.5,43,HopcroftKarpMatcher,1,na,bfs_edges_visited,5
U0,5,1.5,43,HopcroftKarpMatcher,1,na,dfs_edges_visited,5
U0,5,1.5,43,HopcroftKarpMatcher,1,na,defect_at_iteration,0
U0,5,1.5,43,HopcroftKarpMatcher,-1,na,phase_count,2
U0,5,1.5,43,HopcroftKarpMatcher,-1,na,main_loop_iters,2
U0,5,1.5,43,HopcroftKarpMatcher,-1,na,total_bfs_edges_visited,16
U0,5,1.5,43,HopcroftKarpMatcher,-1,na,total_edges_visited,29
U0,5,1.5,43,HopcroftKarpMatcher,-1,na,matching_size,5
U0,5,1.5,43,HopcroftKarpMatcher,-1,na,wall_clock_ms,0.009535
U0,5,1.5,43,HopcroftKarpMatcher,-1,na,matching_size,5
U0,4,1,38,Oracle,-1,na,oracle_size,2
U0,4,1,38,SimpleAugmentingMatcher,-1,na,wall_clock_ms,0.000618
U0,4,1,38,SimpleAugmentingMatcher,-1,na,matching_size,2
U0,4,1,38,HopcroftKarpMatcher,0,na,paths_found_per_phase,2
U0,4,1,38,HopcroftKarpMatcher,0,na,bfs_edges_visited,4
U0,4,1,38,HopcroftKarpMatcher,0,na,dfs_edges_visited,4
U0,4,1,38,HopcroftKarpMatcher,0,na,defect_at_iteration,2
U0,4,1,38,HopcroftKarpMatcher,-1,na,phase_count,1
U0,4,1,38,HopcroftKarpMatcher,-1,na,main_loop_iters,1
U0,4,1,38,HopcroftKarpMatcher,-1,na,total_bfs_edges_visited,4
U0,4,1,38,HopcroftKarpMatcher,-1,na,total_edges_visited,8
U0,4,1,38,HopcroftKarpMatcher,-1,na,matching_size,2
U0,4,1,38,HopcroftKarpMatcher,-1,na,wall_clock_ms,0.005305
U0,4,1,38,HopcroftKarpMatcher,-1,na,matching_size,2
U0,6,1,26,Oracle,-1,na,oracle_size,4
U0,6,1,26,SimpleAugmentingMatcher,-1,na,wall_clock_ms,0.00067
U0,6,1,26,SimpleAugmentingMatcher,-1,na,matching_size,4
U0,6,1,26,HopcroftKarpMatcher,0,na,paths_found_per_phase,4
U0,6,1,26,HopcroftKarpMatcher,0,na,bfs_edges_visited,6
U0,6,1,26,HopcroftKarpMatcher,0,na,dfs_edges_visited,4
U0,6,1,26,HopcroftKarpMatcher,0,na,defect_at_iteration,2
U0,6,1,26,HopcroftKarpMatcher,-1,na,phase_count,1
U0,6,1,26,HopcroftKarpMatcher,-1,na,main_loop_iters,1
U0,6,1,26,HopcroftKarpMatcher,-1,na,total_bfs_edges_visited,6
U0,6,1,26,HopcroftKarpMatcher,-1,na,total_edges_visited,10
U0,6,1,26,HopcroftKarpMatcher,-1,na,matching_size,4
U0,6,1,26,HopcroftKarpMatcher,-1,na,wall_clock_ms,0.006564
U0,6,1,26,HopcroftKarpMatcher,-1,na,matching_size,4
U0,3,1.5,5,Oracle,-1,na,oracle_size,3
U0,3,1.5,5,SimpleAugmentingMatcher,-1,na,wall_clock_ms,0.000531
U0,3,1.5,5,SimpleAugmentingMatcher,-1,na,matching_size,3
U0,3,1.5,5,HopcroftKarpMatcher,0,na,paths_found_per_phase,2
U0,3,1.5,5,HopcroftKarpMatcher,0,na,bfs_edges_visited,5
U0,3,1.5,5,HopcroftKarpMatcher,0,na,dfs_edges_visited,4
U0,3,1.5,5,HopcroftKarpMatcher,0,na,defect_at_iteration,1
U0,3,1.5,5,HopcroftKarpMatcher,1,na,paths_found_per_phase,1
U0,3,1.5,5,HopcroftKarpMatcher,1,na,bfs_edges_visited,3
U0,3,1.5,5,HopcroftKarpMatcher,1,na,dfs_edges_visited,3
U0,3,1.5,5,HopcroftKarpMatcher,1,na,defect_at_iteration,0
U0,3,1.5,5,HopcroftKarpMatcher,-1,na,phase_count,2
U0,3,1.5,5,HopcroftKarpMatcher,-1,na,main_loop_iters,2
U0,3,1.5,5,HopcroftKarpMatcher,-1,na,total_bfs_edges_visited,8
U0,3,1.5,5,HopcroftKarpMatcher,-1,na,total_edges_visited,15
U0,3,1.5,5,HopcroftKarpMatcher,-1,na,matching_size,3
U0,3,1.5,5,HopcroftKarpMatcher,-1,na,wall_clock_ms,0.00909
U0,3,1.5,5,HopcroftKarpMatcher,-1,na,matching_size,3
U0,3,2,49,Oracle,-1,na,oracle_size,3
U0,3,2,49,SimpleAugmentingMatcher,-1,na,wall_clock_ms,0.000509
U0,3,2,49,SimpleAugmentingMatcher,-1,na,matching_size,3
U0,3,2,49,HopcroftKarpMatcher,0,na,paths_found_per_phase,3
U0,3,2,49,HopcroftKarpMatcher,0,na,bfs_edges_visited,9
U0,3,2,49,HopcroftKarpMatcher,0,na,dfs_edges_visited,6
U0,3,2,49,HopcroftKarpMatcher,0,na,defect_at_iteration,0
U0,3,2,49,HopcroftKarpMatcher,-1,na,phase_count,1
U0,3,2,49,HopcroftKarpMatcher,-1,na,main_loop_iters,1
U0,3,2,49,HopcroftKarpMatcher,-1,na,total_bfs_edges_visited,9
U0,3,2,49,HopcroftKarpMatcher,-1,na,total_edges_visited,15
U0,3,2,49,HopcroftKarpMatcher,-1,na,matching_size,3
U0,3,2,49,HopcroftKarpMatcher,-1,na,wall_clock_ms,0.006487
U0,3,2,49,HopcroftKarpMatcher,-1,na,matching_size,3
U0,6,2,48,Oracle,-1,na,oracle_size,6
U0,6,2,48,SimpleAugmentingMatcher,-1,na,wall_clock_ms,0.000775
U0,6,2,48,SimpleAugmentingMatcher,-1,na,matching_size,6
U0,6,2,48,HopcroftKarpMatcher,0,na,paths_found_per_phase,6
U0,6,2,48,HopcroftKarpMatcher,0,na,bfs_edges_visited,36
U0,6,2,48,HopcroftKarpMatcher,0,na,dfs_edges_visited,21
U0,6,2,48,HopcroftKarpMatcher,0,na,defect_at_iteration,0
U0,6,2,48,HopcroftKarpMatcher,-1,na,phase_count,1
U0,6,2,48,HopcroftKarpMatcher,-1,na,main_loop_iters,1
U0,6,2,48,HopcroftKarpMatcher,-1,na,total_bfs_edges_visited,36
U0,6,2,48,HopcroftKarpMatcher,-1,na,total_edges_visited,57
U0,6,2,48,HopcroftKarpMatcher,-1,na,matching_size,6
U0,6,2,48,HopcroftKarpMatcher,-1,na,wall_clock_ms,0.004934
U0,6,2,48,HopcroftKarpMatcher,-1,na,matching_size,6
U0,2,1,37,Oracle,-1,na,oracle_size,1
U0,2,1,37,SimpleAugmentingMatcher,-1,na,wall_clock_ms,0.000511
U0,2,1,37,SimpleAugmentingMatcher,-1,na,matching_size,1
U0,2,1,37,HopcroftKarpMatcher,0,na,paths_found_per_phase,1
U0,2,1,37,HopcroftKarpMatcher,0,na,bfs_edges_visited,2
U0,2,1,37,HopcroftKarpMatcher,0,na,dfs_edges_visited,2
U0,2,1,37,HopcroftKarpMatcher,0,na,defect_at_iteration,1
U0,2,1,37,HopcroftKarpMatcher,-1,na,phase_count,1
U0,2,1,37,HopcroftKarpMatcher,-1,na,main_loop_iters,1
U0,2,1,37,HopcroftKarpMatcher,-1,na,total_bfs_edges_visited,2
U0,2,1,37,HopcroftKarpMatcher,-1,na,total_edges_visited,4
U0,2,1,37,HopcroftKarpMatcher,-1,na,matching_size,1
U0,2,1,37,HopcroftKarpMatcher,-1,na,wall_clock_ms,0.004217
U0,2,1,37,HopcroftKarpMatcher,-1,na,matching_size,1
U0,5,2,32,Oracle,-1,na,oracle_size,5
U0,5,2,32,SimpleAugmentingMatcher,-1,na,wall_clock_ms,0.000618
U0,5,2,32,SimpleAugmentingMatcher,-1,na,matching_size,5
U0,5,2,32,HopcroftKarpMatcher,0,na,paths_found_per_phase,5
U0,5,2,32,HopcroftKarpMatcher,0,na,bfs_edges_visited,25
U0,5,2,32,HopcroftKarpMatcher,0,na,dfs_edges_visited,15
U0,5,2,32,HopcroftKarpMatcher,0,na,defect_at_iteration,0
U0,5,2,32,HopcroftKarpMatcher,-1,na,phase_count,1
U0,5,2,32,HopcroftKarpMatcher,-1,na,main_loop_iters,1
U0,5,2,32,HopcroftKarpMatcher,-1,na,total_bfs_edges_visited,25
U0,5,2,32,HopcroftKarpMatcher,-1,na,total_edges_visited,40
U0,5,2,32,HopcroftKarpMatcher,-1,na,matching_size,5
U0,5,2,32,HopcroftKarpMatcher,-1,na,wall_clock_ms,0.004897
U0,5,2,32,HopcroftKarpMatcher,-1,na,matching_size,5
U0,5,1,12,Oracle,-1,na,oracle_size,3
U0,5,1,12,SimpleAugmentingMatcher,-1,na,wall_clock_ms,0.000751
U0,5,1,12,SimpleAugmentingMatcher,-1,na,matching_size,3
U0,5,1,12,HopcroftKarpMatcher,0,na,paths_found_per_phase,3
U0,5,1,12,HopcroftKarpMatcher,0,na,bfs_edges_visited,5
U0,5,1,12,HopcroftKarpMatcher,0,na,dfs_edges_visited,4
U0,5,1,12,HopcroftKarpMatcher,0,na,defect_at_iteration,2
U0,5,1,12,HopcroftKarpMatcher,-1,na,phase_count,1
U0,5,1,12,HopcroftKarpMatcher,-1,na,main_loop_iters,1
U0,5,1,12,HopcroftKarpMatcher,-1,na,total_bfs_edges_visited,5
U0,5,1,12,HopcroftKarpMatcher,-1,na,total_edges_visited,9
U0,5,1,12,HopcroftKarpMatcher,-1,na,matching_size,3
U0,5,1,12,HopcroftKarpMatcher,-1,na,wall_clock_ms,0.007042
U0,5,1,12,HopcroftKarpMatcher,-1,na,matching_size,3
U0,4,1.5,23,Oracle,-1,na,oracle_size,3
U0,4,1.5,23,SimpleAugmentingMatcher,-1,na,wall_clock_ms,0.000707
U0,4,1.5,23,SimpleAugmentingMatcher,-1,na,matching_size,3
U0,4,1.5,23,HopcroftKarpMatcher,0,na,paths_found_per_phase,3
U0,4,1.5,23,HopcroftKarpMatcher,0,na,bfs_edges_visited,8
U0,4,1.5,23,HopcroftKarpMatcher,0,na,dfs_edges_visited,6
U0,4,1.5,23,HopcroftKarpMatcher,0,na,defect_at_iteration,1
U0,4,1.5,23,HopcroftKarpMatcher,-1,na,phase_count,1
U0,4,1.5,23,HopcroftKarpMatcher,-1,na,main_loop_iters,1
U0,4,1.5,23,HopcroftKarpMatcher,-1,na,total_bfs_edges_visited,8
U0,4,1.5,23,HopcroftKarpMatcher,-1,na,total_edges_visited,14
U0,4,1.5,23,HopcroftKarpMatcher,-1,na,matching_size,3
U0,4,1.5,23,HopcroftKarpMatcher,-1,na,wall_clock_ms,0.006981
U0,4,1.5,23,HopcroftKarpMatcher,-1,na,matching_size,3
U0,5,1,46,Oracle,-1,na,oracle_size,3
U0,5,1,46,SimpleAugmentingMatcher,-1,na,wall_clock_ms,0.00071
U0,5,1,46,SimpleAugmentingMatcher,-1,na,matching_size,3
U0,5,1,46,HopcroftKarpMatcher,0,na,paths_found_per_phase,2
U0,5,1,46,HopcroftKarpMatcher,0,na,bfs_edges_visited,5
U0,5,1,46,HopcroftKarpMatcher,0,na,dfs_edges_visited,3
U0,5,1,46,HopcroftKarpMatcher,0,na,defect_at_iteration,3
U0,5,1,46,HopcroftKarpMatcher,1,na,paths_found_per_phase,1
U0,5,1,46,HopcroftKarpMatcher,1,na,bfs_edges_visited,4
U0,5,1,46,HopcroftKarpMatcher,1,na,dfs_edges_visited,5
U0,5,1,46,HopcroftKarpMatcher,1,na,defect_at_iteration,2
U0,5,1,46,HopcroftKarpMatcher,-1,na,phase_count,2
U0,5,1,46,HopcroftKarpMatcher,-1,na,main_loop_iters,2
U0,5,1,46,HopcroftKarpMatcher,-1,na,total_bfs_edges_visited,9
U0,5,1,46,HopcroftKarpMatcher,-1,na,total_edges_visited,17
U0,5,1,46,HopcroftKarpMatcher,-1,na,matching_size,3
U0,5,1,46,HopcroftKarpMatcher,-1,na,wall_clock_ms,0.006608
U0,5,1,46,HopcroftKarpMatcher,-1,na,matching_size,3
U0,4,1.5,27,Oracle,-1,na,oracle_size,3
U0,4,1.5,27,SimpleAugmentingMatcher,-1,na,wall_clock_ms,0.00051
U0,4,1.5,27,SimpleAugmentingMatcher,-1,na,matching_size,3
U0,4,1.5,27,HopcroftKarpMatcher,0,na,paths_found_per_phase,3
U0,4,1.5,27,HopcroftKarpMatcher,0,na,bfs_edges_visited,8
U0,4,1.5,27,HopcroftKarpMatcher,0,na,dfs_edges_visited,4
U0,4,1.5,27,HopcroftKarpMatcher,0,na,defect_at_iteration,1
U0,4,1.5,27,HopcroftKarpMatcher,-1,na,phase_count,1
U0,4,1.5,27,HopcroftKarpMatcher,-1,na,main_loop_iters,1
U0,4,1.5,27,HopcroftKarpMatcher,-1,na,total_bfs_edges_visited,8
U0,4,1.5,27,HopcroftKarpMatcher,-1,na,total_edges_visited,12
U0,4,1.5,27,HopcroftKarpMatcher,-1,na,matching_size,3
U0,4,1.5,27,HopcroftKarpMatcher,-1,na,wall_clock_ms,0.006647
U0,4,1.5,27,HopcroftKarpMatcher,-1,na,matching_size,3
U0,3,1.5,43,Oracle,-1,na,oracle_size,3
U0,3,1.5,43,SimpleAugmentingMatcher,-1,na,wall_clock_ms,0.000568
U0,3,1.5,43,SimpleAugmentingMatcher,-1,na,matching_size,3
U0,3,1.5,43,HopcroftKarpMatcher,0,na,paths_found_per_phase,2
U0,3,1.5,43,HopcroftKarpMatcher,0,na,bfs_edges_visited,5
U0,3,1.5,43,HopcroftKarpMatcher,0,na,dfs_edges_visited,4
U0,3,1.5,43,HopcroftKarpMatcher,0,na,defect_at_iteration,1
U0,3,1.5,43,HopcroftKarpMatcher,1,na,paths_found_per_phase,1
U0,3,1.5,43,HopcroftKarpMatcher,1,na,bfs_edges_visited,3
U0,3,1.5,43,HopcroftKarpMatcher,1,na,dfs_edges_visited,3
U0,3,1.5,43,HopcroftKarpMatcher,1,na,defect_at_iteration,0
U0,3,1.5,43,HopcroftKarpMatcher,-1,na,phase_count,2
U0,3,1.5,43,HopcroftKarpMatcher,-1,na,main_loop_iters,2
U0,3,1.5,43,HopcroftKarpMatcher,-1,na,total_bfs_edges_visited,8
U0,3,1.5,43,HopcroftKarpMatcher,-1,na,total_edges_visited,15
U0,3,1.5,43,HopcroftKarpMatcher,-1,na,matching_size,3
U0,3,1.5,43,HopcroftKarpMatcher,-1,na,wall_clock_ms,0.008905
U0,3,1.5,43,HopcroftKarpMatcher,-1,na,matching_size,3
U0,2,1.5,29,Oracle,-1,na,oracle_size,2
U0,2,1.5,29,SimpleAugmentingMatcher,-1,na,wall_clock_ms,0.000443
U0,2,1.5,29,SimpleAugmentingMatcher,-1,na,matching_size,2
U0,2,1.5,29,HopcroftKarpMatcher,0,na,paths_found_per_phase,2
U0,2,1.5,29,HopcroftKarpMatcher,0,na,bfs_edges_visited,2
U0,2,1.5,29,HopcroftKarpMatcher,0,na,dfs_edges_visited,2
U0,2,1.5,29,HopcroftKarpMatcher,0,na,defect_at_iteration,0
U0,2,1.5,29,HopcroftKarpMatcher,-1,na,phase_count,1
U0,2,1.5,29,HopcroftKarpMatcher,-1,na,main_loop_iters,1
U0,2,1.5,29,HopcroftKarpMatcher,-1,na,total_bfs_edges_visited,2
U0,2,1.5,29,HopcroftKarpMatcher,-1,na,total_edges_visited,4
U0,2,1.5,29,HopcroftKarpMatcher,-1,na,matching_size,2
U0,2,1.5,29,HopcroftKarpMatcher,-1,na,wall_clock_ms,0.005906
U0,2,1.5,29,HopcroftKarpMatcher,-1,na,matching_size,2
U0,6,1,25,Oracle,-1,na,oracle_size,4
U0,6,1,25,SimpleAugmentingMatcher,-1,na,wall_clock_ms,0.000863
U0,6,1,25,SimpleAugmentingMatcher,-1,na,matching_size,4
U0,6,1,25,HopcroftKarpMatcher,0,na,paths_found_per_phase,3
U0,6,1,25,HopcroftKarpMatcher,0,na,bfs_edges_visited,6
U0,6,1,25,HopcroftKarpMatcher,0,na,dfs_edges_visited,5
U0,6,1,25,HopcroftKarpMatcher,0,na,defect_at_iteration,3
U0,6,1,25,HopcroftKarpMatcher,1,na,paths_found_per_phase,1
U0,6,1,25,HopcroftKarpMatcher,1,na,bfs_edges_visited,5
U0,6,1,25,HopcroftKarpMatcher,1,na,dfs_edges_visited,5
U0,6,1,25,HopcroftKarpMatcher,1,na,defect_at_iteration,2
U0,6,1,25,HopcroftKarpMatcher,-1,na,phase_count,2
U0,6,1,25,HopcroftKarpMatcher,-1,na,main_loop_iters,2
U0,6,1,25,HopcroftKarpMatcher,-1,na,total_bfs_edges_visited,11
U0,6,1,25,HopcroftKarpMatcher,-1,na,total_edges_visited,21
U0,6,1,25,HopcroftKarpMatcher,-1,na,matching_size,4
U0,6,1,25,HopcroftKarpMatcher,-1,na,wall_clock_ms,0.009565
U0,6,1,25,HopcroftKarpMatcher,-1,na,matching_size,4
U0,4,2,29,Oracle,-1,na,oracle_size,4
U0,4,2,29,SimpleAugmentingMatcher,-1,na,wall_clock_ms,0.000621
U0,4,2,29,SimpleAugmentingMatcher,-1,na,matching_size,4
U0,4,2,29,HopcroftKarpMatcher,0,na,paths_found_per_phase,4
U0,4,2,29,HopcroftKarpMatcher,0,na,bfs_edges_visited,16
U0,4,2,29,HopcroftKarpMatcher,0,na,dfs_edges_visited,10
U0,4,2,29,HopcroftKarpMatcher,0,na,defect_at_iteration,0
U0,4,2,29,HopcroftKarpMatcher,-1,na,phase_count,1
U0,4,2,29,HopcroftKarpMatcher,-1,na,main_loop_iters,1
U0,4,2,29,HopcroftKarpMatcher,-1,na,total_bfs_edges_visited,16
U0,4,2,29,HopcroftKarpMatcher,-1,na,total_edges_visited,26
U0,4,2,29,HopcroftKarpMatcher,-1,na,matching_size,4
U0,4,2,29,HopcroftKarpMatcher,-1,na,wall_clock_ms,0.006852
U0,4,2,29,HopcroftKarpMatcher,-1,na,matching_size,4
U0,2,2,7,Oracle,-1,na,oracle_size,2
U0,2,2,7,SimpleAugmentingMatcher,-1,na,wall_clock_ms,0.000344
U0,2,2,7,SimpleAugmentingMatcher,-1,na,matching_size,2
U0,2,2,7,HopcroftKarpMatcher,0,na,paths_found_per_phase,2
U0,2,2,7,HopcroftKarpMatcher,0,na,bfs_edges_visited,4
U0,2,2,7,HopcroftKarpMatcher,0,na,dfs_edges_visited,3
U0,2,2,7,HopcroftKarpMatcher,0,na,defect_at_iteration,0
U0,2,2,7,HopcroftKarpMatcher,-1,na,phase_count,1
U0,2,2,7,HopcroftKarpMatcher,-1,na,main_loop_iters,1
U0,2,2,7,HopcroftKarpMatcher,-1,na,total_bfs_edges_visited,4
U0,2,2,7,HopcroftKarpMatcher,-1,na,total_edges_visited,7
U0,2,2,7,HopcroftKarpMatcher,-1,na,matching_size,2
U0,2,2,7,HopcroftKarpMatcher,-1,na,wall_clock_ms,0.004389
U0,2,2,7,HopcroftKarpMatcher,-1,na,matching_size,2
U0,6,1.5,30,Oracle,-1,na,oracle_size,4
U0,6,1.5,30,SimpleAugmentingMatcher,-1,na,wall_clock_ms,0.000981
U0,6,1.5,30,SimpleAugmentingMatcher,-1,na,matching_size,4
U0,6,1.5,30,HopcroftKarpMatcher,0,na,paths_found_per_phase,3
U0,6,1.5,30,HopcroftKarpMatcher,0,na,bfs_edges_visited,14
U0,6,1.5,30,HopcroftKarpMatcher,0,na,dfs_edges_visited,10
U0,6,1.5,30,HopcroftKarpMatcher,0,na,defect_at_iteration,3
U0,6,1.5,30,HopcroftKarpMatcher,1,na,paths_found_per_phase,1
U0,6,1.5,30,HopcroftKarpMatcher,1,na,bfs_edges_visited,14
U0,6,1.5,30,HopcroftKarpMatcher,1,na,dfs_edges_visited,10
U0,6,1.5,30,HopcroftKarpMatcher,1,na,defect_at_iteration,2
U0,6,1.5,30,HopcroftKarpMatcher,-1,na,phase_count,2
U0,6,1.5,30,HopcroftKarpMatcher,-1,na,main_loop_iters,2
U0,6,1.5,30,HopcroftKarpMatcher,-1,na,total_bfs_edges_visited,28
U0,6,1.5,30,HopcroftKarpMatcher,-1,na,total_edges_visited,48
U0,6,1.5,30,HopcroftKarpMatcher,-1,na,matching_size,4
U0,6,1.5,30,HopcroftKarpMatcher,-1,na,wall_clock_ms,0.010416
U0,6,1.5,30,HopcroftKarpMatcher,-1,na,matching_size,4
U0,4,1,20,Oracle,-1,na,oracle_size,3
U0,4,1,20,SimpleAugmentingMatcher,-1,na,wall_clock_ms,0.000535
U0,4,1,20,SimpleAugmentingMatcher,-1,na,matching_size,3
U0,4,1,20,HopcroftKarpMatcher,0,na,paths_found_per_phase,3
U0,4,1,20,HopcroftKarpMatcher,0,na,bfs_edges_visited,4
U0,4,1,20,HopcroftKarpMatcher,0,na,dfs_edges_visited,3
U0,4,1,20,HopcroftKarpMatcher,0,na,defect_at_iteration,1
U0,4,1,20,HopcroftKarpMatcher,-1,na,phase_count,1
U0,4,1,20,HopcroftKarpMatcher,-1,na,main_loop_iters,1
U0,4,1,20,HopcroftKarpMatcher,-1,na,total_bfs_edges_visited,4
U0,4,1,20,HopcroftKarpMatcher,-1,na,total_edges_visited,7
U0,4,1,20,HopcroftKarpMatcher,-1,na,matching_size,3
U0,4,1,20,HopcroftKarpMatcher,-1,na,wall_clock_ms,0.005814
U0,4,1,20,HopcroftKarpMatcher,-1,na,matching_size,3
U0,4,1.5,40,Oracle,-1,na,oracle_size,4
U0,4,1.5,40,SimpleAugmentingMatcher,-1,na,wall_clock_ms,0.000557
U0,4,1.5,40,SimpleAugmentingMatcher,-1,na,matching_size,4
U0,4,1.5,40,HopcroftKarpMatcher,0,na,paths_found_per_phase,3
U0,4,1.5,40,HopcroftKarpMatcher,0,na,bfs_edges_visited,8
U0,4,1.5,40,HopcroftKarpMatcher,0,na,dfs_edges_visited,5
U0,4,1.5,40,HopcroftKarpMatcher,0,na,defect_at_iteration,1
U0,4,1.5,40,HopcroftKarpMatcher,1,na,paths_found_per_phase,1
U0,4,1.5,40,HopcroftKarpMatcher,1,na,bfs_edges_visited,6
U0,4,1.5,40,HopcroftKarpMatcher,1,na,dfs_edges_visited,3
U0,4,1.5,40,HopcroftKarpMatcher,1,na,defect_at_iteration,0
U0,4,1.5,40,HopcroftKarpMatcher,-1,na,phase_count,2
U0,4,1.5,40,HopcroftKarpMatcher,-1,na,main_loop_iters,2
U0,4,1.5,40,HopcroftKarpMatcher,-1,na,total_bfs_edges_visited,14
U0,4,1.5,40,HopcroftKarpMatcher,-1,na,total_edges_visited,22
U0,4,1.5,40,HopcroftKarpMatcher,-1,na,matching_size,4
U0,4,1.5,40,HopcroftKarpMatcher,-1,na,wall_clock_ms,0.009544
U0,4,1.5,40,HopcroftKarpMatcher,-1,na,matching_size,4
U0,2,1,45,Oracle,-1,na,oracle_size,1
U0,2,1,45,SimpleAugmentingMatcher,-1,na,wall_clock_ms,0.000334
U0,2,1,45,SimpleAugmentingMatcher,-1,na,matching_size,1
U0,2,1,45,HopcroftKarpMatcher,0,na,paths_found_per_phase,1
U0,2,1,45,HopcroftKarpMatcher,0,na,bfs_edges_visited,2
U0,2,1,45,HopcroftKarpMatcher,0,na,dfs_edges_visited,1
U0,2,1,45,HopcroftKarpMatcher,0,na,defect_at_iteration,1
U0,2,1,45,HopcroftKarpMatcher,-1,na,phase_count,1
U0,2,1,45,HopcroftKarpMatcher,-1,na,main_loop_iters,1
U0,2,1,45,HopcroftKarpMatcher,-1,na,total_bfs_edges_visited,2
U0,2,1,45,HopcroftKarpMatcher,-1,na,total_edges_visited,3
U0,2,1,45,HopcroftKarpMatcher,-1,na,matching_size,1
U0,2,1,45,HopcroftKarpMatcher,-1,na,wall_clock_ms,0.004455
U0,2,1,45,HopcroftKarpMatcher,-1,na,matching_size,1
U0,2,2,48,Oracle,-1,na,oracle_size,2
U0,2,2,48,SimpleAugmentingMatcher,-1,na,wall_clock_ms,0.000427
U0,2,2,48,SimpleAugmentingMatcher,-1,na,matching_size,2
U0,2,2,48,HopcroftKarpMatcher,0,na,paths_found_per_phase,2
U0,2,2,48,HopcroftKarpMatcher,0,na,bfs_edges_visited,4
U0,2,2,48,HopcroftKarpMatcher,0,na,dfs_edges_visited,3
U0,2,2,48,HopcroftKarpMatcher,0,na,defect_at_iteration,0
U0,2,2,48,HopcroftKarpMatcher,-1,na,phase_count,1
U0,2,2,48,HopcroftKarpMatcher,-1,na,main_loop_iters,1
U0,2,2,48,HopcroftKarpMatcher,-1,na,total_bfs_edges_visited,4
U0,2,2,48,HopcroftKarpMatcher,-1,na,total_edges_visited,7
U0,2,2,48,HopcroftKarpMatcher,-1,na,matching_size,2
U0,2,2,48,HopcroftKarpMatcher,-1,na,wall_clock_ms,0.005871
U0,2,2,48,HopcroftKarpMatcher,-1,na,matching_size,2
U0,3,1,1,Oracle,-1,na,oracle_size,2
U0,3,1,1,SimpleAugmentingMatcher,-1,na,wall_clock_ms,0.000475
U0,3,1,1,SimpleAugmentingMatcher,-1,na,matching_size,2
U0,3,1,1,HopcroftKarpMatcher,0,na,paths_found_per_phase,2
U0,3,1,1,HopcroftKarpMatcher,0,na,bfs_edges_visited,3
U0,3,1,1,HopcroftKarpMatcher,0,na,dfs_edges_visited,3
U0,3,1,1,HopcroftKarpMatcher,0,na,defect_at_iteration,1
U0,3,1,1,HopcroftKarpMatcher,-1,na,phase_count,1
U0,3,1,1,HopcroftKarpMatcher,-1,na,main_loop_iters,1
U0,3,1,1,HopcroftKarpMatcher,-1,na,total_bfs_edges_visited,3
U0,3,1,1,HopcroftKarpMatcher,-1,na,total_edges_visited,6
U0,3,1,1,HopcroftKarpMatcher,-1,na,matching_size,2
U0,3,1,1,HopcroftKarpMatcher,-1,na,wall_clock_ms,0.004578
U0,3,1,1,HopcroftKarpMatcher,-1,na,matching_size,2
U0,4,1,18,Oracle,-1,na,oracle_size,2
U0,4,1,18,SimpleAugmentingMatcher,-1,na,wall_clock_ms,0.000598
U0,4,1,18,SimpleAugmentingMatcher,-1,na,matching_size,2
U0,4,1,18,HopcroftKarpMatcher,0,na,paths_found_per_phase,2
U0,4,1,18,HopcroftKarpMatcher,0,na,bfs_edges_visited,4
U0,4,1,18,HopcroftKarpMatcher,0,na,dfs_edges_visited,3
U0,4,1,18,HopcroftKarpMatcher,0,na,defect_at_iteration,2
U0,4,1,18,HopcroftKarpMatcher,-1,na,phase_count,1
U0,4,1,18,HopcroftKarpMatcher,-1,na,main_loop_iters,1
U0,4,1,18,HopcroftKarpMatcher,-1,na,total_bfs_edges_visited,4
U0,4,1,18,HopcroftKarpMatcher,-1,na,total_edges_visited,7
U0,4,1,18,HopcroftKarpMatcher,-1,na,matching_size,2
U0,4,1,18,HopcroftKarpMatcher,-1,na,wall_clock_ms,0.006037
U0,4,1,18,HopcroftKarpMatcher,-1,na,matching_size,2
U0,2,2,10,Oracle,-1,na,oracle_size,2
U0,2,2,10,SimpleAugmentingMatcher,-1,na,wall_clock_ms,0.00058
U0,2,2,10,SimpleAugmentingMatcher,-1,na,matching_size,2
U0,2,2,10,HopcroftKarpMatcher,0,na,paths_found_per_phase,2
U0,2,2,10,HopcroftKarpMatcher,0,na,bfs_edges_visited,4
U0,2,2,10,HopcroftKarpMatcher,0,na,dfs_edges_visited,3
U0,2,2,10,HopcroftKarpMatcher,0,na,defect_at_iteration,0
U0,2,2,10,HopcroftKarpMatcher,-1,na,phase_count,1
U0,2,2,10,HopcroftKarpMatcher,-1,na,main_loop_iters,1
U0,2,2,10,HopcroftKarpMatcher,-1,na,total_bfs_edges_visited,4
U0,2,2,10,HopcroftKarpMatcher,-1,na,total_edges_visited,7
U0,2,2,10,HopcroftKarpMatcher,-1,na,matching_size,2
U0,2,2,10,HopcroftKarpMatcher,-1,na,wall_clock_ms,0.005825
U0,2,2,10,HopcroftKarpMatcher,-1,na,matching_size,2
U0,3,1.5,17,Oracle,-1,na,oracle_size,3
U0,3,1.5,17,SimpleAugmentingMatcher,-1,na,wall_clock_ms,0.000574
U0,3,1.5,17,SimpleAugmentingMatcher,-1,na,matching_size,3
U0,3,1.5,17,HopcroftKarpMatcher,0,na,paths_found_per_phase,3
U0,3,1.5,17,HopcroftKarpMatcher,0,na,bfs_edges_visited,5
U0,3,1.5,17,HopcroftKarpMatcher,0,na,dfs_edges_visited,4
U0,3,1.5,17,HopcroftKarpMatcher,0,na,defect_at_iteration,0
U0,3,1.5,17,HopcroftKarpMatcher,-1,na,phase_count,1
U0,3,1.5,17,HopcroftKarpMatcher,-1,na,main_loop_iters,1
U0,3,1.5,17,HopcroftKarpMatcher,-1,na,total_bfs_edges_visited,5
U0,3,1.5,17,HopcroftKarpMatcher,-1,na,total_edges_visited,9
U0,3,1.5,17,HopcroftKarpMatcher,-1,na,matching_size,3
U0,3,1.5,17,HopcroftKarpMatcher,-1,na,wall_clock_ms,0.006285
U0,3,1.5,17,HopcroftKarpMatcher,-1,na,matching_size,3
U0,5,2,42,Oracle,-1,na,oracle_size,5
U0,5,2,42,SimpleAugmentingMatcher,-1,na,wall_clock_ms,0.000845
U0,5,2,42,SimpleAugmentingMatcher,-1,na,matching_size,5
U0,5,2,42,HopcroftKarpMatcher,0,na,paths_found_per_phase,5
U0,5,2,42,HopcroftKarpMatcher,0,na,bfs_edges_visited,25
U0,5,2,42,HopcroftKarpMatcher,0,na,dfs_edges_visited,15
U0,5,2,42,HopcroftKarpMatcher,0,na,defect_at_iteration,0
U0,5,2,42,HopcroftKarpMatcher,-1,na,phase_count,1
U0,5,2,42,HopcroftKarpMatcher,-1,na,main_loop_iters,1
U0,5,2,42,HopcroftKarpMatcher,-1,na,total_bfs_edges_visited,25
U0,5,2,42,HopcroftKarpMatcher,-1,na,total_edges_visited,40
U0,5,2,42,HopcroftKarpMatcher,-1,na,matching_size,5
U0,5,2,42,HopcroftKarpMatcher,-1,na,wall_clock_ms,0.006376
U0,5,2,42,HopcroftKarpMatcher,-1,na,matching_size,5
U0,5,2,36,Oracle,-1,na,oracle_size,5
U0,5,2,36,SimpleAugmentingMatcher,-1,na,wall_clock_ms,0.00065
U0,5,2,36,SimpleAugmentingMatcher,-1,na,matching_size,5
U0,5,2,36,HopcroftKarpMatcher,0,na,paths_found_per_phase,5
U0,5,2,36,HopcroftKarpMatcher,0,na,bfs_edges_visited,25
U0,5,2,36,HopcroftKarpMatcher,0,na,dfs_edges_visited,15
U0,5,2,36,HopcroftKarpMatcher,0,na,defect_at_iteration,0
U0,5,2,36,HopcroftKarpMatcher,-1,na,phase_count,1
U0,5,2,36,HopcroftKarpMatcher,-1,na,main_loop_iters,1
U0,5,2,36,HopcroftKarpMatcher,-1,na,total_bfs_edges_visited,25
U0,5,2,36,HopcroftKarpMatcher,-1,na,total_edges_visited,40
U0,5,2,36,HopcroftKarpMatcher,-1,na,matching_size,5
U0,5,2,36,HopcroftKarpMatcher,-1,na,wall_clock_ms,0.004851
U0,5,2,36,HopcroftKarpMatcher,-1,na,matching_size,5
U0,2,1.5,6,Oracle,-1,na,oracle_size,1
U0,2,1.5,6,SimpleAugmentingMatcher,-1,na,wall_clock_ms,0.00059
U0,2,1.5,6,SimpleAugmentingMatcher,-1,na,matching_size,1
U0,2,1.5,6,HopcroftKarpMatcher,0,na,paths_found_per_phase,1
U0,2,1.5,6,HopcroftKarpMatcher,0,na,bfs_edges_visited,2
U0,2,1.5,6,HopcroftKarpMatcher,0,na,dfs_edges_visited,1
U0,2,1.5,6,HopcroftKarpMatcher,0,na,defect_at_iteration,1
U0,2,1.5,6,HopcroftKarpMatcher,-1,na,phase_count,1
U0,2,1.5,6,HopcroftKarpMatcher,-1,na,main_loop_iters,1
U0,2,1.5,6,HopcroftKarpMatcher,-1,na,total_bfs_edges_visited,2
U0,2,1.5,6,HopcroftKarpMatcher,-1,na,total_edges_visited,3
U0,2,1.5,6,HopcroftKarpMatcher,-1,na,matching_size,1
U0,2,1.5,6,HopcroftKarpMatcher,-1,na,wall_clock_ms,0.006136
U0,2,1.5,6,HopcroftKarpMatcher,-1,na,matching_size,1
U0,4,1,5,Oracle,-1,na,oracle_size,2
U0,4,1,5,SimpleAugmentingMatcher,-1,na,wall_clock_ms,0.000753
U0,4,1,5,SimpleAugmentingMatcher,-1,na,matching_size,2
U0,4,1,5,HopcroftKarpMatcher,0,na,paths_found_per_phase,2
U0,4,1,5,HopcroftKarpMatcher,0,na,bfs_edges_visited,4
U0,4,1,5,HopcroftKarpMatcher,0,na,dfs_edges_visited,4
U0,4,1,5,HopcroftKarpMatcher,0,na,defect_at_iteration,2
U0,4,1,5,HopcroftKarpMatcher,-1,na,phase_count,1
U0,4,1,5,HopcroftKarpMatcher,-1,na,main_loop_iters,1
U0,4,1,5,HopcroftKarpMatcher,-1,na,total_bfs_edges_visited,4
U0,4,1,5,HopcroftKarpMatcher,-1,na,total_edges_visited,8
U0,4,1,5,HopcroftKarpMatcher,-1,na,matching_size,2
U0,4,1,5,HopcroftKarpMatcher,-1,na,wall_clock_ms,0.007079
U0,4,1,5,HopcroftKarpMatcher,-1,na,matching_size,2
U0,2,2,8,Oracle,-1,na,oracle_size,2
U0,2,2,8,SimpleAugmentingMatcher,-1,na,wall_clock_ms,0.000604
U0,2,2,8,SimpleAugmentingMatcher,-1,na,matching_size,2
U0,2,2,8,HopcroftKarpMatcher,0,na,paths_found_per_phase,2
U0,2,2,8,HopcroftKarpMatcher,0,na,bfs_edges_visited,4
U0,2,2,8,HopcroftKarpMatcher,0,na,dfs_edges_visited,3
U0,2,2,8,HopcroftKarpMatcher,0,na,defect_at_iteration,0
U0,2,2,8,HopcroftKarpMatcher,-1,na,phase_count,1
U0,2,2,8,HopcroftKarpMatcher,-1,na,main_loop_iters,1
U0,2,2,8,HopcroftKarpMatcher,-1,na,total_bfs_edges_visited,4
U0,2,2,8,HopcroftKarpMatcher,-1,na,total_edges_visited,7
U0,2,2,8,HopcroftKarpMatcher,-1,na,matching_size,2
U0,2,2,8,HopcroftKarpMatcher,-1,na,wall_clock_ms,0.005896
U0,2,2,8,HopcroftKarpMatcher,-1,na,matching_size,2
U0,4,2,0,Oracle,-1,na,oracle_size,4
U0,4,2,0,SimpleAugmentingMatcher,-1,na,wall_clock_ms,0.000621
U0,4,2,0,SimpleAugmentingMatcher,-1,na,matching_size,4
U0,4,2,0,HopcroftKarpMatcher,0,na,paths_found_per_phase,4
U0,4,2,0,HopcroftKarpMatcher,0,na,bfs_edges_visited,16
U0,4,2,0,HopcroftKarpMatcher,0,na,dfs_edges_visited,10
U0,4,2,0,HopcroftKarpMatcher,0,na,defect_at_iteration,0
U0,4,2,0,HopcroftKarpMatcher,-1,na,phase_count,1
U0,4,2,0,HopcroftKarpMatcher,-1,na,main_loop_iters,1
U0,4,2,0,HopcroftKarpMatcher,-1,na,total_bfs_edges_visited,16
U0,4,2,0,HopcroftKarpMatcher,-1,na,total_edges_visited,26
U0,4,2,0,HopcroftKarpMatcher,-1,na,matching_size,4
U0,4,2,0,HopcroftKarpMatcher,-1,na,wall_clock_ms,0.006893
U0,4,2,0,HopcroftKarpMatcher,-1,na,matching_size,4
U0,2,2,11,Oracle,-1,na,oracle_size,2
U0,2,2,11,SimpleAugmentingMatcher,-1,na,wall_clock_ms,0.000427
U0,2,2,11,SimpleAugmentingMatcher,-1,na,matching_size,2
U0,2,2,11,HopcroftKarpMatcher,0,na,paths_found_per_phase,2
U0,2,2,11,HopcroftKarpMatcher,0,na,bfs_edges_visited,4
U0,2,2,11,HopcroftKarpMatcher,0,na,dfs_edges_visited,3
U0,2,2,11,HopcroftKarpMatcher,0,na,defect_at_iteration,0
U0,2,2,11,HopcroftKarpMatcher,-1,na,phase_count,1
U0,2,2,11,HopcroftKarpMatcher,-1,na,main_loop_iters,1
U0,2,2,11,HopcroftKarpMatcher,-1,na,total_bfs_edges_visited,4
U0,2,2,11,HopcroftKarpMatcher,-1,na,total_edges_visited,7
U0,2,2,11,HopcroftKarpMatcher,-1,na,matching_size,2
U0,2,2,11,HopcroftKarpMatcher,-1,na,wall_clock_ms,0.0057
U0,2,2,11,HopcroftKarpMatcher,-1,na,matching_size,2
U0,5,2,41,Oracle,-1,na,oracle_size,5
U0,5,2,41,SimpleAugmentingMatcher,-1,na,wall_clock_ms,0.000939
U0,5,2,41,SimpleAugmentingMatcher,-1,na,matching_size,5
U0,5,2,41,HopcroftKarpMatcher,0,na,paths_found_per_phase,5
U0,5,2,41,HopcroftKarpMatcher,0,na,bfs_edges_visited,25
U0,5,2,41,HopcroftKarpMatcher,0,na,dfs_edges_visited,15
U0,5,2,41,HopcroftKarpMatcher,0,na,defect_at_iteration,0
U0,5,2,41,HopcroftKarpMatcher,-1,na,phase_count,1
U0,5,2,41,HopcroftKarpMatcher,-1,na,main_loop_iters,1
U0,5,2,41,HopcroftKarpMatcher,-1,na,total_bfs_edges_visited,25
U0,5,2,41,HopcroftKarpMatcher,-1,na,total_edges_visited,40
U0,5,2,41,HopcroftKarpMatcher,-1,na,matching_size,5
U0,5,2,41,HopcroftKarpMatcher,-1,na,wall_clock_ms,0.00698
U0,5,2,41,HopcroftKarpMatcher,-1,na,matching_size,5
U0,4,1,26,Oracle,-1,na,oracle_size,2
U0,4,1,26,SimpleAugmentingMatcher,-1,na,wall_clock_ms,0.000532
U0,4,1,26,SimpleAugmentingMatcher,-1,na,matching_size,2
U0,4,1,26,HopcroftKarpMatcher,0,na,paths_found_per_phase,2
U0,4,1,26,HopcroftKarpMatcher,0,na,bfs_edges_visited,4
U0,4,1,26,HopcroftKarpMatcher,0,na,dfs_edges_visited,3
U0,4,1,26,HopcroftKarpMatcher,0,na,defect_at_iteration,2
U0,4,1,26,HopcroftKarpMatcher,-1,na,phase_count,1
U0,4,1,26,HopcroftKarpMatcher,-1,na,main_loop_iters,1
U0,4,1,26,HopcroftKarpMatcher,-1,na,total_bfs_edges_visited,4
U0,4,1,26,HopcroftKarpMatcher,-1,na,total_edges_visited,7
U0,4,1,26,HopcroftKarpMatcher,-1,na,matching_size,2
U0,4,1,26,HopcroftKarpMatcher,-1,na,wall_clock_ms,0.006049
U0,4,1,26,HopcroftKarpMatcher,-1,na,matching_size,2
U0,2,2,45,Oracle,-1,na,oracle_size,2
U0,2,2,45,SimpleAugmentingMatcher,-1,na,wall_clock_ms,0.000429
U0,2,2,45,SimpleAugmentingMatcher,-1,na,matching_size,2
U0,2,2,45,HopcroftKarpMatcher,0,na,paths_found_per_phase,2
U0,2,2,45,HopcroftKarpMatcher,0,na,bfs_edges_visited,4
U0,2,2,45,HopcroftKarpMatcher,0,na,dfs_edges_visited,3
U0,2,2,45,HopcroftKarpMatcher,0,na,defect_at_iteration,0
U0,2,2,45,HopcroftKarpMatcher,-1,na,phase_count,1
U0,2,2,45,HopcroftKarpMatcher,-1,na,main_loop_iters,1
U0,2,2,45,HopcroftKarpMatcher,-1,na,total_bfs_edges_visited,4
U0,2,2,45,HopcroftKarpMatcher,-1,na,total_edges_visited,7
U0,2,2,45,HopcroftKarpMatcher,-1,na,matching_size,2
U0,2,2,45,HopcroftKarpMatcher,-1,na,wall_clock_ms,0.005294
U0,2,2,45,HopcroftKarpMatcher,-1,na,matching_size,2
U0,2,1.5,33,Oracle,-1,na,oracle_size,1
U0,2,1.5,33,SimpleAugmentingMatcher,-1,na,wall_clock_ms,0.000472
U0,2,1.5,33,SimpleAugmentingMatcher,-1,na,matching_size,1
U0,2,1.5,33,HopcroftKarpMatcher,0,na,paths_found_per_phase,1
U0,2,1.5,33,HopcroftKarpMatcher,0,na,bfs_edges_visited,2
U0,2,1.5,33,HopcroftKarpMatcher,0,na,dfs_edges_visited,2
U0,2,1.5,33,HopcroftKarpMatcher,0,na,defect_at_iteration,1
U0,2,1.5,33,HopcroftKarpMatcher,-1,na,phase_count,1
U0,2,1.5,33,HopcroftKarpMatcher,-1,na,main_loop_iters,1
U0,2,1.5,33,HopcroftKarpMatcher,-1,na,total_bfs_edges_visited,2
U0,2,1.5,33,HopcroftKarpMatcher,-1,na,total_edges_visited,4
U0,2,1.5,33,HopcroftKarpMatcher,-1,na,matching_size,1
U0,2,1.5,33,HopcroftKarpMatcher,-1,na,wall_clock_ms,0.006343
U0,2,1.5,33,HopcroftKarpMatcher,-1,na,matching_size,1
U0,5,1,23,Oracle,-1,na,oracle_size,4
U0,5,1,23,SimpleAugmentingMatcher,-1,na,wall_clock_ms,0.000648
U0,5,1,23,SimpleAugmentingMatcher,-1,na,matching_size,4
U0,5,1,23,HopcroftKarpMatcher,0,na,paths_found_per_phase,4
U0,5,1,23,HopcroftKarpMatcher,0,na,bfs_edges_visited,5
U0,5,1,23,HopcroftKarpMatcher,0,na,dfs_edges_visited,4
U0,5,1,23,HopcroftKarpMatcher,0,na,defect_at_iteration,1
U0,5,1,23,HopcroftKarpMatcher,-1,na,phase_count,1
U0,5,1,23,HopcroftKarpMatcher,-1,na,main_loop_iters,1
U0,5,1,23,HopcroftKarpMatcher,-1,na,total_bfs_edges_visited,5
U0,5,1,23,HopcroftKarpMatcher,-1,na,total_edges_visited,9
U0,5,1,23,HopcroftKarpMatcher,-1,na,matching_size,4
U0,5,1,23,HopcroftKarpMatcher,-1,na,wall_clock_ms,0.006036
U0,5,1,23,HopcroftKarpMatcher,-1,na,matching_size,4
U0,3,1.5,22,Oracle,-1,na,oracle_size,3
U0,3,1.5,22,SimpleAugmentingMatcher,-1,na,wall_clock_ms,0.000558
U0,3,1.5,22,SimpleAugmentingMatcher,-1,na,matching_size,3
U0,3,1.5,22,HopcroftKarpMatcher,0,na,paths_found_per_phase,2
U0,3,1.5,22,HopcroftKarpMatcher,0,na,bfs_edges_visited,5
U0,3,1.5,22,HopcroftKarpMatcher,0,na,dfs_edges_visited,3
U0,3,1.5,22,HopcroftKarpMatcher,0,na,defect_at_iteration,1
U0,3,1.5,22,HopcroftKarpMatcher,1,na,paths_found_per_phase,1
U0,3,1.5,22,HopcroftKarpMatcher,1,na,bfs_edges_visited,4
U0,3,1.5,22,HopcroftKarpMatcher,1,na,dfs_edges_visited,5
U0,3,1.5,22,HopcroftKarpMatcher,1,na,defect_at_iteration,0
U0,3,1.5,22,HopcroftKarpMatcher,-1,na,phase_count,2
U0,3,1.5,22,HopcroftKarpMatcher,-1,na,main_loop_iters,2
U0,3,1.5,22,HopcroftKarpMatcher,-1,na,total_bfs_edges_visited,9
U0,3,1.5,22,HopcroftKarpMatcher,-1,na,total_edges_visited,17
U0,3,1.5,22,HopcroftKarpMatcher,-1,na,matching_size,3
U0,3,1.5,22,HopcroftKarpMatcher,-1,na,wall_clock_ms,0.008909
U0,3,1.5,22,HopcroftKarpMatcher,-1,na,matching_size,3
U0,5,2,26,Oracle,-1,na,oracle_size,5
U0,5,2,26,SimpleAugmentingMatcher,-1,na,wall_clock_ms,0.00077
U0,5,2,26,SimpleAugmentingMatcher,-1,na,matching_size,5
U0,5,2,26,HopcroftKarpMatcher,0,na,paths_found_per_phase,5
U0,5,2,26,HopcroftKarpMatcher,0,na,bfs_edges_visited,25
U0,5,2,26,HopcroftKarpMatcher,0,na,dfs_edges_visited,15
U0,5,2,26,HopcroftKarpMatcher,0,na,defect_at_iteration,0
U0,5,2,26,HopcroftKarpMatcher,-1,na,phase_count,1
U0,5,2,26,HopcroftKarpMatcher,-1,na,main_loop_iters,1
U0,5,2,26,HopcroftKarpMatcher,-1,na,total_bfs_edges_visited,25
U0,5,2,26,HopcroftKarpMatcher,-1,na,total_edges_visited,40
U0,5,2,26,HopcroftKarpMatcher,-1,na,matching_size,5
U0,5,2,26,HopcroftKarpMatcher,-1,na,wall_clock_ms,0.00738
U0,5,2,26,HopcroftKarpMatcher,-1,na,matching_size,5
U0,4,1,8,Oracle,-1,na,oracle_size,4
U0,4,1,8,SimpleAugmentingMatcher,-1,na,wall_clock_ms,0.000458
U0,4,1,8,SimpleAugmentingMatcher,-1,na,matching_size,4
U0,4,1,8,HopcroftKarpMatcher,0,na,paths_found_per_phase,4
U0,4,1,8,HopcroftKarpMatcher,0,na,bfs_edges_visited,4
U0,4,1,8,HopcroftKarpMatcher,0,na,dfs_edges_visited,4
U0,4,1,8,HopcroftKarpMatcher,0,na,defect_at_iteration,0
U0,4,1,8,HopcroftKarpMatcher,-1,na,phase_count,1
U0,4,1,8,HopcroftKarpMatcher,-1,na,main_loop_iters,1
U0,4,1,8,HopcroftKarpMatcher,-1,na,total_bfs_edges_visited,4
U0,4,1,8,HopcroftKarpMatcher,-1,na,total_edges_visited,8
U0,4,1,8,HopcroftKarpMatcher,-1,na,matching_size,4
U0,4,1,8,HopcroftKarpMatcher,-1,na,wall_clock_ms,0.006399
U0,4,1,8,HopcroftKarpMatcher,-1,na,matching_size,4
U0,4,1,41,Oracle,-1,na,oracle_size,3
U0,4,1,41,SimpleAugmentingMatcher,-1,na,wall_clock_ms,0.00055
U0,4,1,41,SimpleAugmentingMatcher,-1,na,matching_size,3
U0,4,1,41,HopcroftKarpMatcher,0,na,paths_found_per_phase,3
U0,4,1,41,HopcroftKarpMatcher,0,na,bfs_edges_visited,4
U0,4,1,41,HopcroftKarpMatcher,0,na,dfs_edges_visited,3
U0,4,1,41,HopcroftKarpMatcher,0,na,defect_at_iteration,1
U0,4,1,41,HopcroftKarpMatcher,-1,na,phase_count,1
U0,4,1,41,HopcroftKarpMatcher,-1,na,main_loop_iters,1
U0,4,1,41,HopcroftKarpMatcher,-1,na,total_bfs_edges_visited,4
U0,4,1,41,HopcroftKarpMatcher,-1,na,total_edges_visited,7
U0,4,1,41,HopcroftKarpMatcher,-1,na,matching_size,3
U0,4,1,41,HopcroftKarpMatcher,-1,na,wall_clock_ms,0.005781
U0,4,1,41,HopcroftKarpMatcher,-1,na,matching_size,3
U0,3,2,48,Oracle,-1,na,oracle_size,3
U0,3,2,48,SimpleAugmentingMatcher,-1,na,wall_clock_ms,0.000854
U0,3,2,48,SimpleAugmentingMatcher,-1,na,matching_size,3
U0,3,2,48,HopcroftKarpMatcher,0,na,paths_found_per_phase,3
U0,3,2,48,HopcroftKarpMatcher,0,na,bfs_edges_visited,9
U0,3,2,48,HopcroftKarpMatcher,0,na,dfs_edges_visited,6
U0,3,2,48,HopcroftKarpMatcher,0,na,defect_at_iteration,0
U0,3,2,48,HopcroftKarpMatcher,-1,na,phase_count,1
U0,3,2,48,HopcroftKarpMatcher,-1,na,main_loop_iters,1
U0,3,2,48,HopcroftKarpMatcher,-1,na,total_bfs_edges_visited,9
U0,3,2,48,HopcroftKarpMatcher,-1,na,total_edges_visited,15
U0,3,2,48,HopcroftKarpMatcher,-1,na,matching_size,3
U0,3,2,48,HopcroftKarpMatcher,-1,na,wall_clock_ms,0.006936
U0,3,2,48,HopcroftKarpMatcher,-1,na,matching_size,3
U0,2,1.5,19,Oracle,-1,na,oracle_size,1
U0,2,1.5,19,SimpleAugmentingMatcher,-1,na,wall_clock_ms,0.000397
U0,2,1.5,19,SimpleAugmentingMatcher,-1,na,matching_size,1
U0,2,1.5,19,HopcroftKarpMatcher,0,na,paths_found_per_phase,1
U0,2,1.5,19,HopcroftKarpMatcher,0,na,bfs_edges_visited,2
U0,2,1.5,19,HopcroftKarpMatcher,0,na,dfs_edges_visited,2
U0,2,1.5,19,HopcroftKarpMatcher,0,na,defect_at_iteration,1
U0,2,1.5,19,HopcroftKarpMatcher,-1,na,phase_count,1
U0,2,1.5,19,HopcroftKarpMatcher,-1,na,main_loop_iters,1
U0,2,1.5,19,HopcroftKarpMatcher,-1,na,total_bfs_edges_visited,2
U0,2,1.5,19,HopcroftKarpMatcher,-1,na,total_edges_visited,4
U0,2,1.5,19,HopcroftKarpMatcher,-1,na,matching_size,1
U0,2,1.5,19,HopcroftKarpMatcher,-1,na,wall_clock_ms,0.004714
U0,2,1.5,19,HopcroftKarpMatcher,-1,na,matching_size,1
U0,4,1,15,Oracle,-1,na,oracle_size,3
U0,4,1,15,SimpleAugmentingMatcher,-1,na,wall_clock_ms,0.00052
U0,4,1,15,SimpleAugmentingMatcher,-1,na,matching_size,3
U0,4,1,15,HopcroftKarpMatcher,0,na,paths_found_per_phase,3
U0,4,1,15,HopcroftKarpMatcher,0,na,bfs_edges_visited,4
U0,4,1,15,HopcroftKarpMatcher,0,na,dfs_edges_visited,3
U0,4,1,15,HopcroftKarpMatcher,0,na,defect_at_iteration,1
U0,4,1,15,HopcroftKarpMatcher,-1,na,phase_count,1
U0,4,1,15,HopcroftKarpMatcher,-1,na,main_loop_iters,1
U0,4,1,15,HopcroftKarpMatcher,-1,na,total_bfs_edges_visited,4
U0,4,1,15,HopcroftKarpMatcher,-1,na,total_edges_visited,7
U0,4,1,15,HopcroftKarpMatcher,-1,na,matching_size,3
U0,4,1,15,HopcroftKarpMatcher,-1,na,wall_clock_ms,0.005944
U0,4,1,15,HopcroftKarpMatcher,-1,na,matching_size,3
U0,6,1.5,20,Oracle,-1,na,oracle_size,5
U0,6,1.5,20,SimpleAugmentingMatcher,-1,na,wall_clock_ms,0.001108
U0,6,1.5,20,SimpleAugmentingMatcher,-1,na,matching_size,5
U0,6,1.5,20,HopcroftKarpMatcher,0,na,paths_found_per_phase,4
U0,6,1.5,20,HopcroftKarpMatcher,0,na,bfs_edges_visited,14
U0,6,1.5,20,HopcroftKarpMatcher,0,na,dfs_edges_visited,9
U0,6,1.5,20,HopcroftKarpMatcher,0,na,defect_at_iteration,2
U0,6,1.5,20,HopcroftKarpMatcher,1,na,paths_found_per_phase,1
U0,6,1.5,20,HopcroftKarpMatcher,1,na,bfs_edges_visited,9
U0,6,1.5,20,HopcroftKarpMatcher,1,na,dfs_edges_visited,7
U0,6,1.5,20,HopcroftKarpMatcher,1,na,defect_at_iteration,1
U0,6,1.5,20,HopcroftKarpMatcher,-1,na,phase_count,2
U0,6,1.5,20,HopcroftKarpMatcher,-1,na,main_loop_iters,2
U0,6,1.5,20,HopcroftKarpMatcher,-1,na,total_bfs_edges_visited,23
U0,6,1.5,20,HopcroftKarpMatcher,-1,na,total_edges_visited,39
U0,6,1.5,20,HopcroftKarpMatcher,-1,na,matching_size,5
U0,6,1.5,20,HopcroftKarpMatcher,-1,na,wall_clock_ms,0.009912
U0,6,1.5,20,HopcroftKarpMatcher,-1,na,matching_size,5
U0,5,1,8,Oracle,-1,na,oracle_size,3
U0,5,1,8,SimpleAugmentingMatcher,-1,na,wall_clock_ms,0.000689
U0,5,1,8,SimpleAugmentingMatcher,-1,na,matching_size,3
U0,5,1,8,HopcroftKarpMatcher,0,na,paths_found_per_phase,3
U0,5,1,8,HopcroftKarpMatcher,0,na,bfs_edges_visited,5
U0,5,1,8,HopcroftKarpMatcher,0,na,dfs_edges_visited,4
U0,5,1,8,HopcroftKarpMatcher,0,na,defect_at_iteration,2
U0,5,1,8,HopcroftKarpMatcher,-1,na,phase_count,1
U0,5,1,8,HopcroftKarpMatcher,-1,na,main_loop_iters,1
U0,5,1,8,HopcroftKarpMatcher,-1,na,total_bfs_edges_visited,5
U0,5,1,8,HopcroftKarpMatcher,-1,na,total_edges_visited,9
U0,5,1,8,HopcroftKarpMatcher,-1,na,matching_size,3
U0,5,1,8,HopcroftKarpMatcher,-1,na,wall_clock_ms,0.006523
U0,5,1,8,HopcroftKarpMatcher,-1,na,matching_size,3
U0,5,1,13,Oracle,-1,na,oracle_size,2
U0,5,1,13,SimpleAugmentingMatcher,-1,na,wall_clock_ms,0.000617
U0,5,1,13,SimpleAugmentingMatcher,-1,na,matching_size,2
U0,5,1,13,HopcroftKarpMatcher,0,na,paths_found_per_phase,2
U0,5,1,13,HopcroftKarpMatcher,0,na,bfs_edges_visited,5
U0,5,1,13,HopcroftKarpMatcher,0,na,dfs_edges_visited,3
U0,5,1,13,HopcroftKarpMatcher,0,na,defect_at_iteration,3
U0,5,1,13,HopcroftKarpMatcher,-1,na,phase_count,1
U0,5,1,13,HopcroftKarpMatcher,-1,na,main_loop_iters,1
U0,5,1,13,HopcroftKarpMatcher,-1,na,total_bfs_edges_visited,5
U0,5,1,13,HopcroftKarpMatcher,-1,na,total_edges_visited,8
U0,5,1,13,HopcroftKarpMatcher,-1,na,matching_size,2
U0,5,1,13,HopcroftKarpMatcher,-1,na,wall_clock_ms,0.006808
U0,5,1,13,HopcroftKarpMatcher,-1,na,matching_size,2
U0,3,2,41,Oracle,-1,na,oracle_size,3
U0,3,2,41,SimpleAugmentingMatcher,-1,na,wall_clock_ms,0.000468
U0,3,2,41,SimpleAugmentingMatcher,-1,na,matching_size,3
U0,3,2,41,HopcroftKarpMatcher,0,na,paths_found_per_phase,3
U0,3,2,41,HopcroftKarpMatcher,0,na,bfs_edges_visited,9
U0,3,2,41,HopcroftKarpMatcher,0,na,dfs_edges_visited,6
U0,3,2,41,HopcroftKarpMatcher,0,na,defect_at_iteration,0
U0,3,2,41,HopcroftKarpMatcher,-1,na,phase_count,1
U0,3,2,41,HopcroftKarpMatcher,-1,na,main_loop_iters,1
U0,3,2,41,HopcroftKarpMatcher,-1,na,total_bfs_edges_visited,9
U0,3,2,41,HopcroftKarpMatcher,-1,na,total_edges_visited,15
U0,3,2,41,HopcroftKarpMatcher,-1,na,matching_size,3
U0,3,2,41,HopcroftKarpMatcher,-1,na,wall_clock_ms,0.006604
U0,3,2,41,HopcroftKarpMatcher,-1,na,matching_size,3
U0,4,2,47,Oracle,-1,na,oracle_size,4
U0,4,2,47,SimpleAugmentingMatcher,-1,na,wall_clock_ms,0.000599
U0,4,2,47,SimpleAugmentingMatcher,-1,na,matching_size,4
U0,4,2,47,HopcroftKarpMatcher,0,na,paths_found_per_phase,4
U0,4,2,47,HopcroftKarpMatcher,0,na,bfs_edges_visited,16
U0,4,2,47,HopcroftKarpMatcher,0,na,dfs_edges_visited,10
U0,4,2,47,HopcroftKarpMatcher,0,na,defect_at_iteration,0
U0,4,2,47,HopcroftKarpMatcher,-1,na,phase_count,1
U0,4,2,47,HopcroftKarpMatcher,-1,na,main_loop_iters,1
U0,4,2,47,HopcroftKarpMatcher,-1,na,total_bfs_edges_visited,16
U0,4,2,47,HopcroftKarpMatcher,-1,na,total_edges_visited,26
U0,4,2,47,HopcroftKarpMatcher,-1,na,matching_size,4
U0,4,2,47,HopcroftKarpMatcher,-1,na,wall_clock_ms,0.006697
U0,4,2,47,HopcroftKarpMatcher,-1,na,matching_size,4
U0,6,2,33,Oracle,-1,na,oracle_size,6
U0,6,2,33,SimpleAugmentingMatcher,-1,na,wall_clock_ms,0.000791
U0,6,2,33,SimpleAugmentingMatcher,-1,na,matching_size,6
U0,6,2,33,HopcroftKarpMatcher,0,na,paths_found_per_phase,6
U0,6,2,33,HopcroftKarpMatcher,0,na,bfs_edges_visited,36
U0,6,2,33,HopcroftKarpMatcher,0,na,dfs_edges_visited,21
U0,6,2,33,HopcroftKarpMatcher,0,na,defect_at_iteration,0
U0,6,2,33,HopcroftKarpMatcher,-1,na,phase_count,1
U0,6,2,33,HopcroftKarpMatcher,-1,na,main_loop_iters,1
U0,6,2,33,HopcroftKarpMatcher,-1,na,total_bfs_edges_visited,36
U0,6,2,33,HopcroftKarpMatcher,-1,na,total_edges_visited,57
U0,6,2,33,HopcroftKarpMatcher,-1,na,matching_size,6
U0,6,2,33,HopcroftKarpMatcher,-1,na,wall_clock_ms,0.00514
U0,6,2,33,HopcroftKarpMatcher,-1,na,matching_size,6
U0,4,2,32,Oracle,-1,na,oracle_size,4
U0,4,2,32,SimpleAugmentingMatcher,-1,na,wall_clock_ms,0.000642
U0,4,2,32,SimpleAugmentingMatcher,-1,na,matching_size,4
U0,4,2,32,HopcroftKarpMatcher,0,na,paths_found_per_phase,4
U0,4,2,32,HopcroftKarpMatcher,0,na,bfs_edges_visited,16
U0,4,2,32,HopcroftKarpMatcher,0,na,dfs_edges_visited,10
U0,4,2,32,HopcroftKarpMatcher,0,na,defect_at_iteration,0
U0,4,2,32,HopcroftKarpMatcher,-1,na,phase_count,1
U0,4,2,32,HopcroftKarpMatcher,-1,na,main_loop_iters,1
U0,4,2,32,HopcroftKarpMatcher,-1,na,total_bfs_edges_visited,16
U0,4,2,32,HopcroftKarpMatcher,-1,na,total_edges_visited,26
U0,4,2,32,HopcroftKarpMatcher,-1,na,matching_size,4
U0,4,2,32,HopcroftKarpMatcher,-1,na,wall_clock_ms,0.006503
U0,4,2,32,HopcroftKarpMatcher,-1,na,matching_size,4
U0,6,1.5,41,Oracle,-1,na,oracle_size,6
U0,6,1.5,41,SimpleAugmentingMatcher,-1,na,wall_clock_ms,0.001029
U0,6,1.5,41,SimpleAugmentingMatcher,-1,na,matching_size,6
U0,6,1.5,41,HopcroftKarpMatcher,0,na,paths_found_per_phase,5
U0,6,1.5,41,HopcroftKarpMatcher,0,na,bfs_edges_visited,14
U0,6,1.5,41,HopcroftKarpMatcher,0,na,dfs_edges_visited,10
U0,6,1.5,41,HopcroftKarpMatcher,0,na,defect_at_iteration,1
U0,6,1.5,41,HopcroftKarpMatcher,1,na,paths_found_per_phase,1
U0,6,1.5,41,HopcroftKarpMatcher,1,na,bfs_edges_visited,7
U0,6,1.5,41,HopcroftKarpMatcher,1,na,dfs_edges_visited,5
U0,6,1.5,41,HopcroftKarpMatcher,1,na,defect_at_iteration,0
U0,6,1.5,41,HopcroftKarpMatcher,-1,na,phase_count,2
U0,6,1.5,41,HopcroftKarpMatcher,-1,na,main_loop_iters,2
U0,6,1.5,41,HopcroftKarpMatcher,-1,na,total_bfs_edges_visited,21
U0,6,1.5,41,HopcroftKarpMatcher,-1,na,total_edges_visited,36
U0,6,1.5,41,HopcroftKarpMatcher,-1,na,matching_size,6
U0,6,1.5,41,HopcroftKarpMatcher,-1,na,wall_clock_ms,0.009686
U0,6,1.5,41,HopcroftKarpMatcher,-1,na,matching_size,6
U0,2,1.5,9,Oracle,-1,na,oracle_size,1
U0,2,1.5,9,SimpleAugmentingMatcher,-1,na,wall_clock_ms,0.000488
U0,2,1.5,9,SimpleAugmentingMatcher,-1,na,matching_size,1
U0,2,1.5,9,HopcroftKarpMatcher,0,na,paths_found_per_phase,1
U0,2,1.5,9,HopcroftKarpMatcher,0,na,bfs_edges_visited,2
U0,2,1.5,9,HopcroftKarpMatcher,0,na,dfs_edges_visited,1
U0,2,1.5,9,HopcroftKarpMatcher,0,na,defect_at_iteration,1
U0,2,1.5,9,HopcroftKarpMatcher,-1,na,phase_count,1
U0,2,1.5,9,HopcroftKarpMatcher,-1,na,main_loop_iters,1
U0,2,1.5,9,HopcroftKarpMatcher,-1,na,total_bfs_edges_visited,2
U0,2,1.5,9,HopcroftKarpMatcher,-1,na,total_edges_visited,3
U0,2,1.5,9,HopcroftKarpMatcher,-1,na,matching_size,1
U0,2,1.5,9,HopcroftKarpMatcher,-1,na,wall_clock_ms,0.005937
U0,2,1.5,9,HopcroftKarpMatcher,-1,na,matching_size,1
U0,5,1.5,10,Oracle,-1,na,oracle_size,5
U0,5,1.5,10,SimpleAugmentingMatcher,-1,na,wall_clock_ms,0.000868
U0,5,1.5,10,SimpleAugmentingMatcher,-1,na,matching_size,5
U0,5,1.5,10,HopcroftKarpMatcher,0,na,paths_found_per_phase,4
U0,5,1.5,10,HopcroftKarpMatcher,0,na,bfs_edges_visited,11
U0,5,1.5,10,HopcroftKarpMatcher,0,na,dfs_edges_visited,7
U0,5,1.5,10,HopcroftKarpMatcher,0,na,defect_at_iteration,1
U0,5,1.5,10,HopcroftKarpMatcher,1,na,paths_found_per_phase,1
U0,5,1.5,10,HopcroftKarpMatcher,1,na,bfs_edges_visited,7
U0,5,1.5,10,HopcroftKarpMatcher,1,na,dfs_edges_visited,5
U0,5,1.5,10,HopcroftKarpMatcher,1,na,defect_at_iteration,0
U0,5,1.5,10,HopcroftKarpMatcher,-1,na,phase_count,2
U0,5,1.5,10,HopcroftKarpMatcher,-1,na,main_loop_iters,2
U0,5,1.5,10,HopcroftKarpMatcher,-1,na,total_bfs_edges_visited,18
U0,5,1.5,10,HopcroftKarpMatcher,-1,na,total_edges_visited,30
U0,5,1.5,10,HopcroftKarpMatcher,-1,na,matching_size,5
U0,5,1.5,10,HopcroftKarpMatcher,-1,na,wall_clock_ms,0.009302
U0,5,1.5,10,HopcroftKarpMatcher,-1,na,matching_size,5
U0,6,1.5,0,Oracle,-1,na,oracle_size,6
U0,6,1.5,0,SimpleAugmentingMatcher,-1,na,wall_clock_ms,0.000794
U0,6,1.5,0,SimpleAugmentingMatcher,-1,na,matching_size,6
U0,6,1.5,0,HopcroftKarpMatcher,0,na,paths_found_per_phase,6
U0,6,1.5,0,HopcroftKarpMatcher,0,na,bfs_edges_visited,14
U0,6,1.5,0,HopcroftKarpMatcher,0,na,dfs_edges_visited,10
U0,6,1.5,0,HopcroftKarpMatcher,0,na,defect_at_iteration,0
U0,6,1.5,0,HopcroftKarpMatcher,-1,na,phase_count,1
U0,6,1.5,0,HopcroftKarpMatcher,-1,na,main_loop_iters,1
U0,6,1.5,0,HopcroftKarpMatcher,-1,na,total_bfs_edges_visited,14
U0,6,1.5,0,HopcroftKarpMatcher,-1,na,total_edges_visited,24
U0,6,1.5,0,HopcroftKarpMatcher,-1,na,matching_size,6
U0,6,1.5,0,HopcroftKarpMatcher,-1,na,wall_clock_ms,0.005364
U0,6,1.5,0,HopcroftKarpMatcher,-1,na,matching_size,6
U0,6,1.5,2,Oracle,-1,na,oracle_size,6
U0,6,1.5,2,SimpleAugmentingMatcher,-1,na,wall_clock_ms,0.000965
U0,6,1.5,2,SimpleAugmentingMatcher,-1,na,matching_size,6
U0,6,1.5,2,HopcroftKarpMatcher,0,na,paths_found_per_phase,4
U0,6,1.5,2,HopcroftKarpMatcher,0,na,bfs_edges_visited,14
U0,6,1.5,2,HopcroftKarpMatcher,0,na,dfs_edges_visited,8
U0,6,1.5,2,HopcroftKarpMatcher,0,na,defect_at_iteration,2
U0,6,1.5,2,HopcroftKarpMatcher,1,na,paths_found_per_phase,2
U0,6,1.5,2,HopcroftKarpMatcher,1,na,bfs_edges_visited,10
U0,6,1.5,2,HopcroftKarpMatcher,1,na,dfs_edges_visited,14
U0,6,1.5,2,HopcroftKarpMatcher,1,na,defect_at_iteration,0
U0,6,1.5,2,HopcroftKarpMatcher,-1,na,phase_count,2
U0,6,1.5,2,HopcroftKarpMatcher,-1,na,main_loop_iters,2
U0,6,1.5,2,HopcroftKarpMatcher,-1,na,total_bfs_edges_visited,24
U0,6,1.5,2,HopcroftKarpMatcher,-1,na,total_edges_visited,46
U0,6,1.5,2,HopcroftKarpMatcher,-1,na,matching_size,6
U0,6,1.5,2,HopcroftKarpMatcher,-1,na,wall_clock_ms,0.0075
U0,6,1.5,2,HopcroftKarpMatcher,-1,na,matching_size,6
U0,2,1.5,24,Oracle,-1,na,oracle_size,2
U0,2,1.5,24,SimpleAugmentingMatcher,-1,na,wall_clock_ms,0.000565
U0,2,1.5,24,SimpleAugmentingMatcher,-1,na,matching_size,2
U0,2,1.5,24,HopcroftKarpMatcher,0,na,paths_found_per_phase,2
U0,2,1.5,24,HopcroftKarpMatcher,0,na,bfs_edges_visited,2
U0,2,1.5,24,HopcroftKarpMatcher,0,na,dfs_edges_visited,2
U0,2,1.5,24,HopcroftKarpMatcher,0,na,defect_at_iteration,0
U0,2,1.5,24,HopcroftKarpMatcher,-1,na,phase_count,1
U0,2,1.5,24,HopcroftKarpMatcher,-1,na,main_loop_iters,1
U0,2,1.5,24,HopcroftKarpMatcher,-1,na,total_bfs_edges_visited,2
U0,2,1.5,24,HopcroftKarpMatcher,-1,na,total_edges_visited,4
U0,2,1.5,24,HopcroftKarpMatcher,-1,na,matching_size,2
U0,2,1.5,24,HopcroftKarpMatcher,-1,na,wall_clock_ms,0.006907
U0,2,1.5,24,HopcroftKarpMatcher,-1,na,matching_size,2
U0,5,1,27,Oracle,-1,na,oracle_size,3
U0,5,1,27,SimpleAugmentingMatcher,-1,na,wall_clock_ms,0.000562
U0,5,1,27,SimpleAugmentingMatcher,-1,na,matching_size,3
U0,5,1,27,HopcroftKarpMatcher,0,na,paths_found_per_phase,3
U0,5,1,27,HopcroftKarpMatcher,0,na,bfs_edges_visited,5
U0,5,1,27,HopcroftKarpMatcher,0,na,dfs_edges_visited,3
U0,5,1,27,HopcroftKarpMatcher,0,na,defect_at_iteration,2
U0,5,1,27,HopcroftKarpMatcher,-1,na,phase_count,1
U0,5,1,27,HopcroftKarpMatcher,-1,na,main_loop_iters,1
U0,5,1,27,HopcroftKarpMatcher,-1,na,total_bfs_edges_visited,5
U0,5,1,27,HopcroftKarpMatcher,-1,na,total_edges_visited,8
U0,5,1,27,HopcroftKarpMatcher,-1,na,matching_size,3
U0,5,1,27,HopcroftKarpMatcher,-1,na,wall_clock_ms,0.006346
U0,5,1,27,HopcroftKarpMatcher,-1,na,matching_size,3
U0,3,1,24,Oracle,-1,na,oracle_size,2
U0,3,1,24,SimpleAugmentingMatcher,-1,na,wall_clock_ms,0.000512
U0,3,1,24,SimpleAugmentingMatcher,-1,na,matching_size,2
U0,3,1,24,HopcroftKarpMatcher,0,na,paths_found_per_phase,1
U0,3,1,24,HopcroftKarpMatcher,0,na,bfs_edges_visited,3
U0,3,1,24,HopcroftKarpMatcher,0,na,dfs_edges_visited,2
U0,3,1,24,HopcroftKarpMatcher,0,na,defect_at_iteration,2
U0,3,1,24,HopcroftKarpMatcher,1,na,paths_found_per_phase,1
U0,3,1,24,HopcroftKarpMatcher,1,na,bfs_edges_visited,3
U0,3,1,24,HopcroftKarpMatcher,1,na,dfs_edges_visited,3
U0,3,1,24,HopcroftKarpMatcher,1,na,defect_at_iteration,1
U0,3,1,24,HopcroftKarpMatcher,-1,na,phase_count,2
U0,3,1,24,HopcroftKarpMatcher,-1,na,main_loop_iters,2
U0,3,1,24,HopcroftKarpMatcher,-1,na,total_bfs_edges_visited,6
U0,3,1,24,HopcroftKarpMatcher,-1,na,total_edges_visited,11
U0,3,1,24,HopcroftKarpMatcher,-1,na,matching_size,2
U0,3,1,24,HopcroftKarpMatcher,-1,na,wall_clock_ms,0.009378
U0,3,1,24,HopcroftKarpMatcher,-1,na,matching_size,2
U0,3,1,49,Oracle,-1,na,oracle_size,2
U0,3,1,49,SimpleAugmentingMatcher,-1,na,wall_clock_ms,0.000426
U0,3,1,49,SimpleAugmentingMatcher,-1,na,matching_size,2
U0,3,1,49,HopcroftKarpMatcher,0,na,paths_found_per_phase,2
U0,3,1,49,HopcroftKarpMatcher,0,na,bfs_edges_visited,3
U0,3,1,49,HopcroftKarpMatcher,0,na,dfs_edges_visited,2
U0,3,1,49,HopcroftKarpMatcher,0,na,defect_at_iteration,1
U0,3,1,49,HopcroftKarpMatcher,-1,na,phase_count,1
U0,3,1,49,HopcroftKarpMatcher,-1,na,main_loop_iters,1
U0,3,1,49,HopcroftKarpMatcher,-1,na,total_bfs_edges_visited,3
U0,3,1,49,HopcroftKarpMatcher,-1,na,total_edges_visited,5
U0,3,1,49,HopcroftKarpMatcher,-1,na,matching_size,2
U0,3,1,49,HopcroftKarpMatcher,-1,na,wall_clock_ms,0.004558
U0,3,1,49,HopcroftKarpMatcher,-1,na,matching_size,2
U0,4,1,0,Oracle,-1,na,oracle_size,2
U0,4,1,0,SimpleAugmentingMatcher,-1,na,wall_clock_ms,0.000553
U0,4,1,0,SimpleAugmentingMatcher,-1,na,matching_size,2
U0,4,1,0,HopcroftKarpMatcher,0,na,paths_found_per_phase,2
U0,4,1,0,HopcroftKarpMatcher,0,na,bfs_edges_visited,4
U0,4,1,0,HopcroftKarpMatcher,0,na,dfs_edges_visited,2
U0,4,1,0,HopcroftKarpMatcher,0,na,defect_at_iteration,2
U0,4,1,0,HopcroftKarpMatcher,-1,na,phase_count,1
U0,4,1,0,HopcroftKarpMatcher,-1,na,main_loop_iters,1
U0,4,1,0,HopcroftKarpMatcher,-1,na,total_bfs_edges_visited,4
U0,4,1,0,HopcroftKarpMatcher,-1,na,total_edges_visited,6
U0,4,1,0,HopcroftKarpMatcher,-1,na,matching_size,2
U0,4,1,0,HopcroftKarpMatcher,-1,na,wall_clock_ms,0.005944
U0,4,1,0,HopcroftKarpMatcher,-1,na,matching_size,2
U0,6,1,14,Oracle,-1,na,oracle_size,4
U0,6,1,14,SimpleAugmentingMatcher,-1,na,wall_clock_ms,0.000685
U0,6,1,14,SimpleAugmentingMatcher,-1,na,matching_size,4
U0,6,1,14,HopcroftKarpMatcher,0,na,paths_found_per_phase,4
U0,6,1,14,HopcroftKarpMatcher,0,na,bfs_edges_visited,6
U0,6,1,14,HopcroftKarpMatcher,0,na,dfs_edges_visited,5
U0,6,1,14,HopcroftKarpMatcher,0,na,defect_at_iteration,2
U0,6,1,14,HopcroftKarpMatcher,-1,na,phase_count,1
U0,6,1,14,HopcroftKarpMatcher,-1,na,main_loop_iters,1
U0,6,1,14,HopcroftKarpMatcher,-1,na,total_bfs_edges_visited,6
U0,6,1,14,HopcroftKarpMatcher,-1,na,total_edges_visited,11
U0,6,1,14,HopcroftKarpMatcher,-1,na,matching_size,4
U0,6,1,14,HopcroftKarpMatcher,-1,na,wall_clock_ms,0.006906
U0,6,1,14,HopcroftKarpMatcher,-1,na,matching_size,4
U0,3,2,32,Oracle,-1,na,oracle_size,3
U0,3,2,32,SimpleAugmentingMatcher,-1,na,wall_clock_ms,0.000495
U0,3,2,32,SimpleAugmentingMatcher,-1,na,matching_size,3
U0,3,2,32,HopcroftKarpMatcher,0,na,paths_found_per_phase,3
U0,3,2,32,HopcroftKarpMatcher,0,na,bfs_edges_visited,9
U0,3,2,32,HopcroftKarpMatcher,0,na,dfs_edges_visited,6
U0,3,2,32,HopcroftKarpMatcher,0,na,defect_at_iteration,0
U0,3,2,32,HopcroftKarpMatcher,-1,na,phase_count,1
U0,3,2,32,HopcroftKarpMatcher,-1,na,main_loop_iters,1
U0,3,2,32,HopcroftKarpMatcher,-1,na,total_bfs_edges_visited,9
U0,3,2,32,HopcroftKarpMatcher,-1,na,total_edges_visited,15
U0,3,2,32,HopcroftKarpMatcher,-1,na,matching_size,3
U0,3,2,32,HopcroftKarpMatcher,-1,na,wall_clock_ms,0.006305
U0,3,2,32,HopcroftKarpMatcher,-1,na,matching_size,3
U0,6,2,28,Oracle,-1,na,oracle_size,6
U0,6,2,28,SimpleAugmentingMatcher,-1,na,wall_clock_ms,0.000938
U0,6,2,28,SimpleAugmentingMatcher,-1,na,matching_size,6
U0,6,2,28,HopcroftKarpMatcher,0,na,paths_found_per_phase,6
U0,6,2,28,HopcroftKarpMatcher,0,na,bfs_edges_visited,36
U0,6,2,28,HopcroftKarpMatcher,0,na,dfs_edges_visited,21
U0,6,2,28,HopcroftKarpMatcher,0,na,defect_at_iteration,0
U0,6,2,28,HopcroftKarpMatcher,-1,na,phase_count,1
U0,6,2,28,HopcroftKarpMatcher,-1,na,main_loop_iters,1
U0,6,2,28,HopcroftKarpMatcher,-1,na,total_bfs_edges_visited,36
U0,6,2,28,HopcroftKarpMatcher,-1,na,total_edges_visited,57
U0,6,2,28,HopcroftKarpMatcher,-1,na,matching_size,6
U0,6,2,28,HopcroftKarpMatcher,-1,na,wall_clock_ms,0.006543
U0,6,2,28,HopcroftKarpMatcher,-1,na,matching_size,6
U0,4,1.5,18,Oracle,-1,na,oracle_size,4
U0,4,1.5,18,SimpleAugmentingMatcher,-1,na,wall_clock_ms,0.000601
U0,4,1.5,18,SimpleAugmentingMatcher,-1,na,matching_size,4
U0,4,1.5,18,HopcroftKarpMatcher,0,na,paths_found_per_phase,4
U0,4,1.5,18,HopcroftKarpMatcher,0,na,bfs_edges_visited,8
U0,4,1.5,18,HopcroftKarpMatcher,0,na,dfs_edges_visited,5
U0,4,1.5,18,HopcroftKarpMatcher,0,na,defect_at_iteration,0
U0,4,1.5,18,HopcroftKarpMatcher,-1,na,phase_count,1
U0,4,1.5,18,HopcroftKarpMatcher,-1,na,main_loop_iters,1
U0,4,1.5,18,HopcroftKarpMatcher,-1,na,total_bfs_edges_visited,8
U0,4,1.5,18,HopcroftKarpMatcher,-1,na,total_edges_visited,13
U0,4,1.5,18,HopcroftKarpMatcher,-1,na,matching_size,4
U0,4,1.5,18,HopcroftKarpMatcher,-1,na,wall_clock_ms,0.00685
U0,4,1.5,18,HopcroftKarpMatcher,-1,na,matching_size,4
U0,5,1.5,41,Oracle,-1,na,oracle_size,5
U0,5,1.5,41,SimpleAugmentingMatcher,-1,na,wall_clock_ms,0.000821
U0,5,1.5,41,SimpleAugmentingMatcher,-1,na,matching_size,5
U0,5,1.5,41,HopcroftKarpMatcher,0,na,paths_found_per_phase,5
U0,5,1.5,41,HopcroftKarpMatcher,0,na,bfs_edges_visited,11
U0,5,1.5,41,HopcroftKarpMatcher,0,na,dfs_edges_visited,7
U0,5,1.5,41,HopcroftKarpMatcher,0,na,defect_at_iteration,0
U0,5,1.5,41,HopcroftKarpMatcher,-1,na,phase_count,1
U0,5,1.5,41,HopcroftKarpMatcher,-1,na,main_loop_iters,1
U0,5,1.5,41,HopcroftKarpMatcher,-1,na,total_bfs_edges_visited,11
U0,5,1.5,41,HopcroftKarpMatcher,-1,na,total_edges_visited,18
U0,5,1.5,41,HopcroftKarpMatcher,-1,na,matching_size,5
U0,5,1.5,41,HopcroftKarpMatcher,-1,na,wall_clock_ms,0.005472
U0,5,1.5,41,HopcroftKarpMatcher,-1,na,matching_size,5
U0,4,1.5,13,Oracle,-1,na,oracle_size,4
U0,4,1.5,13,SimpleAugmentingMatcher,-1,na,wall_clock_ms,0.000521
U0,4,1.5,13,SimpleAugmentingMatcher,-1,na,matching_size,4
U0,4,1.5,13,HopcroftKarpMatcher,0,na,paths_found_per_phase,4
U0,4,1.5,13,HopcroftKarpMatcher,0,na,bfs_edges_visited,8
U0,4,1.5,13,HopcroftKarpMatcher,0,na,dfs_edges_visited,5
U0,4,1.5,13,HopcroftKarpMatcher,0,na,defect_at_iteration,0
U0,4,1.5,13,HopcroftKarpMatcher,-1,na,phase_count,1
U0,4,1.5,13,HopcroftKarpMatcher,-1,na,main_loop_iters,1
U0,4,1.5,13,HopcroftKarpMatcher,-1,na,total_bfs_edges_visited,8
U0,4,1.5,13,HopcroftKarpMatcher,-1,na,total_edges_visited,13
U0,4,1.5,13,HopcroftKarpMatcher,-1,na,matching_size,4
U0,4,1.5,13,HopcroftKarpMatcher,-1,na,wall_clock_ms,0.007083
U0,4,1.5,13,HopcroftKarpMatcher,-1,na,matching_size,4
U0,5,2,35,Oracle,-1,na,oracle_size,5
U0,5,2,35,SimpleAugmentingMatcher,-1,na,wall_clock_ms,0.000648
U0,5,2,35,SimpleAugmentingMatcher,-1,na,matching_size,5
U0,5,2,35,HopcroftKarpMatcher,0,na,paths_found_per_phase,5
U0,5,2,35,HopcroftKarpMatcher,0,na,bfs_edges_visited,25
U0,5,2,35,HopcroftKarpMatcher,0,na,dfs_edges_visited,15
U0,5,2,35,HopcroftKarpMatcher,0,na,defect_at_iteration,0
U0,5,2,35,HopcroftKarpMatcher,-1,na,phase_count,1
U0,5,2,35,HopcroftKarpMatcher,-1,na,main_loop_iters,1
U0,5,2,35,HopcroftKarpMatcher,-1,na,total_bfs_edges_visited,25
U0,5,2,35,HopcroftKarpMatcher,-1,na,total_edges_visited,40
U0,5,2,35,HopcroftKarpMatcher,-1,na,matching_size,5
U0,5,2,35,HopcroftKarpMatcher,-1,na,wall_clock_ms,0.005014
U0,5,2,35,HopcroftKarpMatcher,-1,na,matching_size,5
U0,4,2,14,Oracle,-1,na,oracle_size,4
U0,4,2,14,SimpleAugmentingMatcher,-1,na,wall_clock_ms,0.000604
U0,4,2,14,SimpleAugmentingMatcher,-1,na,matching_size,4
U0,4,2,14,HopcroftKarpMatcher,0,na,paths_found_per_phase,4
U0,4,2,14,HopcroftKarpMatcher,0,na,bfs_edges_visited,16
U0,4,2,14,HopcroftKarpMatcher,0,na,dfs_edges_visited,10
U0,4,2,14,HopcroftKarpMatcher,0,na,defect_at_iteration,0
U0,4,2,14,HopcroftKarpMatcher,-1,na,phase_count,1
U0,4,2,14,HopcroftKarpMatcher,-1,na,main_loop_iters,1
U0,4,2,14,HopcroftKarpMatcher,-1,na,total_bfs_edges_visited,16
U0,4,2,14,HopcroftKarpMatcher,-1,na,total_edges_visited,26
U0,4,2,14,HopcroftKarpMatcher,-1,na,matching_size,4
U0,4,2,14,HopcroftKarpMatcher,-1,na,wall_clock_ms,0.006737
U0,4,2,14,HopcroftKarpMatcher,-1,na,matching_size,4
U0,4,1,37,Oracle,-1,na,oracle_size,3
U0,4,1,37,SimpleAugmentingMatcher,-1,na,wall_clock_ms,0.000565
U0,4,1,37,SimpleAugmentingMatcher,-1,na,matching_size,3
U0,4,1,37,HopcroftKarpMatcher,0,na,paths_found_per_phase,3
U0,4,1,37,HopcroftKarpMatcher,0,na,bfs_edges_visited,4
U0,4,1,37,HopcroftKarpMatcher,0,na,dfs_edges_visited,3
U0,4,1,37,HopcroftKarpMatcher,0,na,defect_at_iteration,1
U0,4,1,37,HopcroftKarpMatcher,-1,na,phase_count,1
U0,4,1,37,HopcroftKarpMatcher,-1,na,main_loop_iters,1
U0,4,1,37,HopcroftKarpMatcher,-1,na,total_bfs_edges_visited,4
U0,4,1,37,HopcroftKarpMatcher,-1,na,total_edges_visited,7
U0,4,1,37,HopcroftKarpMatcher,-1,na,matching_size,3
U0,4,1,37,HopcroftKarpMatcher,-1,na,wall_clock_ms,0.006227
U0,4,1,37,HopcroftKarpMatcher,-1,na,matching_size,3
U0,3,1.5,35,Oracle,-1,na,oracle_size,3
U0,3,1.5,35,SimpleAugmentingMatcher,-1,na,wall_clock_ms,0.000522
U0,3,1.5,35,SimpleAugmentingMatcher,-1,na,matching_size,3
U0,3,1.5,35,HopcroftKarpMatcher,0,na,paths_found_per_phase,3
U0,3,1.5,35,HopcroftKarpMatcher,0,na,bfs_edges_visited,5
U0,3,1.5,35,HopcroftKarpMatcher,0,na,dfs_edges_visited,3
U0,3,1.5,35,HopcroftKarpMatcher,0,na,defect_at_iteration,0
U0,3,1.5,35,HopcroftKarpMatcher,-1,na,phase_count,1
U0,3,1.5,35,HopcroftKarpMatcher,-1,na,main_loop_iters,1
U0,3,1.5,35,HopcroftKarpMatcher,-1,na,total_bfs_edges_visited,5
U0,3,1.5,35,HopcroftKarpMatcher,-1,na,total_edges_visited,8
U0,3,1.5,35,HopcroftKarpMatcher,-1,na,matching_size,3
U0,3,1.5,35,HopcroftKarpMatcher,-1,na,wall_clock_ms,0.006648
U0,3,1.5,35,HopcroftKarpMatcher,-1,na,matching_size,3
U0,2,1,22,Oracle,-1,na,oracle_size,2
U0,2,1,22,SimpleAugmentingMatcher,-1,na,wall_clock_ms,0.00064
U0,2,1,22,SimpleAugmentingMatcher,-1,na,matching_size,2
U0,2,1,22,HopcroftKarpMatcher,0,na,paths_found_per_phase,2
U0,2,1,22,HopcroftKarpMatcher,0,na,bfs_edges_visited,2
U0,2,1,22,HopcroftKarpMatcher,0,na,dfs_edges_visited,2
U0,2,1,22,HopcroftKarpMatcher,0,na,defect_at_iteration,0
U0,2,1,22,HopcroftKarpMatcher,-1,na,phase_count,1
U0,2,1,22,HopcroftKarpMatcher,-1,na,main_loop_iters,1
U0,2,1,22,HopcroftKarpMatcher,-1,na,total_bfs_edges_visited,2
U0,2,1,22,HopcroftKarpMatcher,-1,na,total_edges_visited,4
U0,2,1,22,HopcroftKarpMatcher,-1,na,matching_size,2
U0,2,1,22,HopcroftKarpMatcher,-1,na,wall_clock_ms,0.006166
U0,2,1,22,HopcroftKarpMatcher,-1,na,matching_size,2
U0,2,1,33,Oracle,-1,na,oracle_size,1
U0,2,1,33,SimpleAugmentingMatcher,-1,na,wall_clock_ms,0.000361
U0,2,1,33,SimpleAugmentingMatcher,-1,na,matching_size,1
U0,2,1,33,HopcroftKarpMatcher,0,na,paths_found_per_phase,1
U0,2,1,33,HopcroftKarpMatcher,0,na,bfs_edges_visited,2
U0,2,1,33,HopcroftKarpMatcher,0,na,dfs_edges_visited,1
U0,2,1,33,HopcroftKarpMatcher,0,na,defect_at_iteration,1
U0,2,1,33,HopcroftKarpMatcher,-1,na,phase_count,1
U0,2,1,33,HopcroftKarpMatcher,-1,na,main_loop_iters,1
U0,2,1,33,HopcroftKarpMatcher,-1,na,total_bfs_edges_visited,2
U0,2,1,33,HopcroftKarpMatcher,-1,na,total_edges_visited,3
U0,2,1,33,HopcroftKarpMatcher,-1,na,matching_size,1
U0,2,1,33,HopcroftKarpMatcher,-1,na,wall_clock_ms,0.005572
U0,2,1,33,HopcroftKarpMatcher,-1,na,matching_size,1
U0,4,2,48,Oracle,-1,na,oracle_size,4
U0,4,2,48,SimpleAugmentingMatcher,-1,na,wall_clock_ms,0.000593
U0,4,2,48,SimpleAugmentingMatcher,-1,na,matching_size,4
U0,4,2,48,HopcroftKarpMatcher,0,na,paths_found_per_phase,4
U0,4,2,48,HopcroftKarpMatcher,0,na,bfs_edges_visited,16
U0,4,2,48,HopcroftKarpMatcher,0,na,dfs_edges_visited,10
U0,4,2,48,HopcroftKarpMatcher,0,na,defect_at_iteration,0
U0,4,2,48,HopcroftKarpMatcher,-1,na,phase_count,1
U0,4,2,48,HopcroftKarpMatcher,-1,na,main_loop_iters,1
U0,4,2,48,HopcroftKarpMatcher,-1,na,total_bfs_edges_visited,16
U0,4,2,48,HopcroftKarpMatcher,-1,na,total_edges_visited,26
U0,4,2,48,HopcroftKarpMatcher,-1,na,matching_size,4
U0,4,2,48,HopcroftKarpMatcher,-1,na,wall_clock_ms,0.005255
U0,4,2,48,HopcroftKarpMatcher,-1,na,matching_size,4
U0,4,1,47,Oracle,-1,na,oracle_size,2
U0,4,1,47,SimpleAugmentingMatcher,-1,na,wall_clock_ms,0.000691
U0,4,1,47,SimpleAugmentingMatcher,-1,na,matching_size,2
U0,4,1,47,HopcroftKarpMatcher,0,na,paths_found_per_phase,2
U0,4,1,47,HopcroftKarpMatcher,0,na,bfs_edges_visited,4
U0,4,1,47,HopcroftKarpMatcher,0,na,dfs_edges_visited,4
U0,4,1,47,HopcroftKarpMatcher,0,na,defect_at_iteration,2
U0,4,1,47,HopcroftKarpMatcher,-1,na,phase_count,1
U0,4,1,47,HopcroftKarpMatcher,-1,na,main_loop_iters,1
U0,4,1,47,HopcroftKarpMatcher,-1,na,total_bfs_edges_visited,4
U0,4,1,47,HopcroftKarpMatcher,-1,na,total_edges_visited,8
U0,4,1,47,HopcroftKarpMatcher,-1,na,matching_size,2
U0,4,1,47,HopcroftKarpMatcher,-1,na,wall_clock_ms,0.006488
U0,4,1,47,HopcroftKarpMatcher,-1,na,matching_size,2
U0,4,1.5,17,Oracle,-1,na,oracle_size,4
U0,4,1.5,17,SimpleAugmentingMatcher,-1,na,wall_clock_ms,0.000657
U0,4,1.5,17,SimpleAugmentingMatcher,-1,na,matching_size,4
U0,4,1.5,17,HopcroftKarpMatcher,0,na,paths_found_per_phase,3
U0,4,1.5,17,HopcroftKarpMatcher,0,na,bfs_edges_visited,8
U0,4,1.5,17,HopcroftKarpMatcher,0,na,dfs_edges_visited,5
U0,4,1.5,17,HopcroftKarpMatcher,0,na,defect_at_iteration,1
U0,4,1.5,17,HopcroftKarpMatcher,1,na,paths_found_per_phase,1
U0,4,1.5,17,HopcroftKarpMatcher,1,na,bfs_edges_visited,4
U0,4,1.5,17,HopcroftKarpMatcher,1,na,dfs_edges_visited,6
U0,4,1.5,17,HopcroftKarpMatcher,1,na,defect_at_iteration,0
U0,4,1.5,17,HopcroftKarpMatcher,-1,na,phase_count,2
U0,4,1.5,17,HopcroftKarpMatcher,-1,na,main_loop_iters,2
U0,4,1.5,17,HopcroftKarpMatcher,-1,na,total_bfs_edges_visited,12
U0,4,1.5,17,HopcroftKarpMatcher,-1,na,total_edges_visited,23
U0,4,1.5,17,HopcroftKarpMatcher,-1,na,matching_size,4
U0,4,1.5,17,HopcroftKarpMatcher,-1,na,wall_clock_ms,0.008915
U0,4,1.5,17,HopcroftKarpMatcher,-1,na,matching_size,4
U0,5,2,31,Oracle,-1,na,oracle_size,5
U0,5,2,31,SimpleAugmentingMatcher,-1,na,wall_clock_ms,0.000633
U0,5,2,31,SimpleAugmentingMatcher,-1,na,matching_size,5
U0,5,2,31,HopcroftKarpMatcher,0,na,paths_found_per_phase,5
U0,5,2,31,HopcroftKarpMatcher,0,na,bfs_edges_visited,25
U0,5,2,31,HopcroftKarpMatcher,0,na,dfs_edges_visited,15
U0,5,2,31,HopcroftKarpMatcher,0,na,defect_at_iteration,0
U0,5,2,31,HopcroftKarpMatcher,-1,na,phase_count,1
U0,5,2,31,HopcroftKarpMatcher,-1,na,main_loop_iters,1
U0,5,2,31,HopcroftKarpMatcher,-1,na,total_bfs_edges_visited,25
U0,5,2,31,HopcroftKarpMatcher,-1,na,total_edges_visited,40
U0,5,2,31,HopcroftKarpMatcher,-1,na,matching_size,5
U0,5,2,31,HopcroftKarpMatcher,-1,na,wall_clock_ms,0.0051
U0,5,2,31,HopcroftKarpMatcher,-1,na,matching_size,5
U0,3,1.5,36,Oracle,-1,na,oracle_size,2
U0,3,1.5,36,SimpleAugmentingMatcher,-1,na,wall_clock_ms,0.000522
U0,3,1.5,36,SimpleAugmentingMatcher,-1,na,matching_size,2
U0,3,1.5,36,HopcroftKarpMatcher,0,na,paths_found_per_phase,2
U0,3,1.5,36,HopcroftKarpMatcher,0,na,bfs_edges_visited,5
U0,3,1.5,36,HopcroftKarpMatcher,0,na,dfs_edges_visited,4
U0,3,1.5,36,HopcroftKarpMatcher,0,na,defect_at_iteration,1
U0,3,1.5,36,HopcroftKarpMatcher,-1,na,phase_count,1
U0,3,1.5,36,HopcroftKarpMatcher,-1,na,main_loop_iters,1
U0,3,1.5,36,HopcroftKarpMatcher,-1,na,total_bfs_edges_visited,5
U0,3,1.5,36,HopcroftKarpMatcher,-1,na,total_edges_visited,9
U0,3,1.5,36,HopcroftKarpMatcher,-1,na,matching_size,2
U0,3,1.5,36,HopcroftKarpMatcher,-1,na,wall_clock_ms,0.004933
U0,3,1.5,36,HopcroftKarpMatcher,-1,na,matching_size,2
U0,6,2,9,Oracle,-1,na,oracle_size,6
U0,6,2,9,SimpleAugmentingMatcher,-1,na,wall_clock_ms,0.00081
U0,6,2,9,SimpleAugmentingMatcher,-1,na,matching_size,6
U0,6,2,9,HopcroftKarpMatcher,0,na,paths_found_per_phase,6
U0,6,2,9,HopcroftKarpMatcher,0,na,bfs_edges_visited,36
U0,6,2,9,HopcroftKarpMatcher,0,na,dfs_edges_visited,21
U0,6,2,9,HopcroftKarpMatcher,0,na,defect_at_iteration,0
U0,6,2,9,HopcroftKarpMatcher,-1,na,phase_count,1
U0,6,2,9,HopcroftKarpMatcher,-1,na,main_loop_iters,1
U0,6,2,9,HopcroftKarpMatcher,-1,na,total_bfs_edges_visited,36
U0,6,2,9,HopcroftKarpMatcher,-1,na,total_edges_visited,57
U0,6,2,9,HopcroftKarpMatcher,-1,na,matching_size,6
U0,6,2,9,HopcroftKarpMatcher,-1,na,wall_clock_ms,0.005035
U0,6,2,9,HopcroftKarpMatcher,-1,na,matching_size,6
U0,4,1,43,Oracle,-1,na,oracle_size,3
U0,4,1,43,SimpleAugmentingMatcher,-1,na,wall_clock_ms,0.000571
U0,4,1,43,SimpleAugmentingMatcher,-1,na,matching_size,3
U0,4,1,43,HopcroftKarpMatcher,0,na,paths_found_per_phase,2
U0,4,1,43,HopcroftKarpMatcher,0,na,bfs_edges_visited,4
U0,4,1,43,HopcroftKarpMatcher,0,na,dfs_edges_visited,3
U0,4,1,43,HopcroftKarpMatcher,0,na,defect_at_iteration,2
U0,4,1,43,HopcroftKarpMatcher,1,na,paths_found_per_phase,1
U0,4,1,43,HopcroftKarpMatcher,1,na,bfs_edges_visited,3
U0,4,1,43,HopcroftKarpMatcher,1,na,dfs_edges_visited,3
U0,4,1,43,HopcroftKarpMatcher,1,na,defect_at_iteration,1
U0,4,1,43,HopcroftKarpMatcher,-1,na,phase_count,2
U0,4,1,43,HopcroftKarpMatcher,-1,na,main_loop_iters,2
U0,4,1,43,HopcroftKarpMatcher,-1,na,total_bfs_edges_visited,7
U0,4,1,43,HopcroftKarpMatcher,-1,na,total_edges_visited,13
U0,4,1,43,HopcroftKarpMatcher,-1,na,matching_size,3
U0,4,1,43,HopcroftKarpMatcher,-1,na,wall_clock_ms,0.008602
U0,4,1,43,HopcroftKarpMatcher,-1,na,matching_size,3
U0,5,1,44,Oracle,-1,na,oracle_size,4
U0,5,1,44,SimpleAugmentingMatcher,-1,na,wall_clock_ms,0.000512
U0,5,1,44,SimpleAugmentingMatcher,-1,na,matching_size,4
U0,5,1,44,HopcroftKarpMatcher,0,na,paths_found_per_phase,3
U0,5,1,44,HopcroftKarpMatcher,0,na,bfs_edges_visited,5
U0,5,1,44,HopcroftKarpMatcher,0,na,dfs_edges_visited,4
U0,5,1,44,HopcroftKarpMatcher,0,na,defect_at_iteration,2
U0,5,1,44,HopcroftKarpMatcher,1,na,paths_found_per_phase,1
U0,5,1,44,HopcroftKarpMatcher,1,na,bfs_edges_visited,3
U0,5,1,44,HopcroftKarpMatcher,1,na,dfs_edges_visited,3
U0,5,1,44,HopcroftKarpMatcher,1,na,defect_at_iteration,1
U0,5,1,44,HopcroftKarpMatcher,-1,na,phase_count,2
U0,5,1,44,HopcroftKarpMatcher,-1,na,main_loop_iters,2
U0,5,1,44,HopcroftKarpMatcher,-1,na,total_bfs_edges_visited,8
U0,5,1,44,HopcroftKarpMatcher,-1,na,total_edges_visited,15
U0,5,1,44,HopcroftKarpMatcher,-1,na,matching_size,4
U0,5,1,44,HopcroftKarpMatcher,-1,na,wall_clock_ms,0.006693
U0,5,1,44,HopcroftKarpMatcher,-1,na,matching_size,4
U0,2,1,19,Oracle,-1,na,oracle_size,1
U0,2,1,19,SimpleAugmentingMatcher,-1,na,wall_clock_ms,0.000359
U0,2,1,19,SimpleAugmentingMatcher,-1,na,matching_size,1
U0,2,1,19,HopcroftKarpMatcher,0,na,paths_found_per_phase,1
U0,2,1,19,HopcroftKarpMatcher,0,na,bfs_edges_visited,2
U0,2,1,19,HopcroftKarpMatcher,0,na,dfs_edges_visited,2
U0,2,1,19,HopcroftKarpMatcher,0,na,defect_at_iteration,1
U0,2,1,19,HopcroftKarpMatcher,-1,na,phase_count,1
U0,2,1,19,HopcroftKarpMatcher,-1,na,main_loop_iters,1
U0,2,1,19,HopcroftKarpMatcher,-1,na,total_bfs_edges_visited,2
U0,2,1,19,HopcroftKarpMatcher,-1,na,total_edges_visited,4
U0,2,1,19,HopcroftKarpMatcher,-1,na,matching_size,1
U0,2,1,19,HopcroftKarpMatcher,-1,na,wall_clock_ms,0.004149
U0,2,1,19,HopcroftKarpMatcher,-1,na,matching_size,1
U0,4,1.5,4,Oracle,-1,na,oracle_size,4
U0,4,1.5,4,SimpleAugmentingMatcher,-1,na,wall_clock_ms,0.000634
U0,4,1.5,4,SimpleAugmentingMatcher,-1,na,matching_size,4
U0,4,1.5,4,HopcroftKarpMatcher,0,na,paths_found_per_phase,3
U0,4,1.5,4,HopcroftKarpMatcher,0,na,bfs_edges_visited,8
U0,4,1.5,4,HopcroftKarpMatcher,0,na,dfs_edges_visited,5
U0,4,1.5,4,HopcroftKarpMatcher,0,na,defect_at_iteration,1
U0,4,1.5,4,HopcroftKarpMatcher,1,na,paths_found_per_phase,1
U0,4,1.5,4,HopcroftKarpMatcher,1,na,bfs_edges_visited,5
U0,4,1.5,4,HopcroftKarpMatcher,1,na,dfs_edges_visited,5
U0,4,1.5,4,HopcroftKarpMatcher,1,na,defect_at_iteration,0
U0,4,1.5,4,HopcroftKarpMatcher,-1,na,phase_count,2
U0,4,1.5,4,HopcroftKarpMatcher,-1,na,main_loop_iters,2
U0,4,1.5,4,HopcroftKarpMatcher,-1,na,total_bfs_edges_visited,13
U0,4,1.5,4,HopcroftKarpMatcher,-1,na,total_edges_visited,23
U0,4,1.5,4,HopcroftKarpMatcher,-1,na,matching_size,4
U0,4,1.5,4,HopcroftKarpMatcher,-1,na,wall_clock_ms,0.009225
U0,4,1.5,4,HopcroftKarpMatcher,-1,na,matching_size,4
U0,3,1.5,34,Oracle,-1,na,oracle_size,3
U0,3,1.5,34,SimpleAugmentingMatcher,-1,na,wall_clock_ms,0.000385
U0,3,1.5,34,SimpleAugmentingMatcher,-1,na,matching_size,3
U0,3,1.5,34,HopcroftKarpMatcher,0,na,paths_found_per_phase,3
U0,3,1.5,34,HopcroftKarpMatcher,0,na,bfs_edges_visited,5
U0,3,1.5,34,HopcroftKarpMatcher,0,na,dfs_edges_visited,3
U0,3,1.5,34,HopcroftKarpMatcher,0,na,defect_at_iteration,0
U0,3,1.5,34,HopcroftKarpMatcher,-1,na,phase_count,1
U0,3,1.5,34,HopcroftKarpMatcher,-1,na,main_loop_iters,1
U0,3,1.5,34,HopcroftKarpMatcher,-1,na,total_bfs_edges_visited,5
U0,3,1.5,34,HopcroftKarpMatcher,-1,na,total_edges_visited,8
U0,3,1.5,34,HopcroftKarpMatcher,-1,na,matching_size,3
U0,3,1.5,34,HopcroftKarpMatcher,-1,na,wall_clock_ms,0.004317
U0,3,1.5,34,HopcroftKarpMatcher,-1,na,matching_size,3
U0,6,1.5,24,Oracle,-1,na,oracle_size,5
U0,6,1.5,24,SimpleAugmentingMatcher,-1,na,wall_clock_ms,0.001032
U0,6,1.5,24,SimpleAugmentingMatcher,-1,na,matching_size,5
U0,6,1.5,24,HopcroftKarpMatcher,0,na,paths_found_per_phase,5
U0,6,1.5,24,HopcroftKarpMatcher,0,na,bfs_edges_visited,14
U0,6,1.5,24,HopcroftKarpMatcher,0,na,dfs_edges_visited,10
U0,6,1.5,24,HopcroftKarpMatcher,0,na,defect_at_iteration,1
U0,6,1.5,24,HopcroftKarpMatcher,-1,na,phase_count,1
U0,6,1.5,24,HopcroftKarpMatcher,-1,na,main_loop_iters,1
U0,6,1.5,24,HopcroftKarpMatcher,-1,na,total_bfs_edges_visited,14
U0,6,1.5,24,HopcroftKarpMatcher,-1,na,total_edges_visited,24
U0,6,1.5,24,HopcroftKarpMatcher,-1,na,matching_size,5
U0,6,1.5,24,HopcroftKarpMatcher,-1,na,wall_clock_ms,0.008461
U0,6,1.5,24,HopcroftKarpMatcher,-1,na,matching_size,5
U0,6,1.5,31,Oracle,-1,na,oracle_size,6
U0,6,1.5,31,SimpleAugmentingMatcher,-1,na,wall_clock_ms,0.000985
U0,6,1.5,31,SimpleAugmentingMatcher,-1,na,matching_size,6
U0,6,1.5,31,HopcroftKarpMatcher,0,na,paths_found_per_phase,5
U0,6,1.5,31,HopcroftKarpMatcher,0,na,bfs_edges_visited,14
U0,6,1.5,31,HopcroftKarpMatcher,0,na,dfs_edges_visited,9
U0,6,1.5,31,HopcroftKarpMatcher,0,na,defect_at_iteration,1
U0,6,1.5,31,HopcroftKarpMatcher,1,na,paths_found_per_phase,1
U0,6,1.5,31,HopcroftKarpMatcher,1,na,bfs_edges_visited,9
U0,6,1.5,31,HopcroftKarpMatcher,1,na,dfs_edges_visited,11
U0,6,1.5,31,HopcroftKarpMatcher,1,na,defect_at_iteration,0
U0,6,1.5,31,HopcroftKarpMatcher,-1,na,phase_count,2
U0,6,1.5,31,HopcroftKarpMatcher,-1,na,main_loop_iters,2
U0,6,1.5,31,HopcroftKarpMatcher,-1,na,total_bfs_edges_visited,23
U0,6,1.5,31,HopcroftKarpMatcher,-1,na,total_edges_visited,43
U0,6,1.5,31,HopcroftKarpMatcher,-1,na,matching_size,6
U0,6,1.5,31,HopcroftKarpMatcher,-1,na,wall_clock_ms,0.009912
U0,6,1.5,31,HopcroftKarpMatcher,-1,na,matching_size,6
U0,4,1.5,42,Oracle,-1,na,oracle_size,3
U0,4,1.5,42,SimpleAugmentingMatcher,-1,na,wall_clock_ms,0.00061
U0,4,1.5,42,SimpleAugmentingMatcher,-1,na,matching_size,3
U0,4,1.5,42,HopcroftKarpMatcher,0,na,paths_found_per_phase,3
U0,4,1.5,42,HopcroftKarpMatcher,0,na,bfs_edges_visited,8
U0,4,1.5,42,HopcroftKarpMatcher,0,na,dfs_edges_visited,5
U0,4,1.5,42,HopcroftKarpMatcher,0,na,defect_at_iteration,1
U0,4,1.5,42,HopcroftKarpMatcher,-1,na,phase_count,1
U0,4,1.5,42,HopcroftKarpMatcher,-1,na,main_loop_iters,1
U0,4,1.5,42,HopcroftKarpMatcher,-1,na,total_bfs_edges_visited,8
U0,4,1.5,42,HopcroftKarpMatcher,-1,na,total_edges_visited,13
U0,4,1.5,42,HopcroftKarpMatcher,-1,na,matching_size,3
U0,4,1.5,42,HopcroftKarpMatcher,-1,na,wall_clock_ms,0.006914
U0,4,1.5,42,HopcroftKarpMatcher,-1,na,matching_size,3
U0,2,2,16,Oracle,-1,na,oracle_size,2
U0,2,2,16,SimpleAugmentingMatcher,-1,na,wall_clock_ms,0.000404
U0,2,2,16,SimpleAugmentingMatcher,-1,na,matching_size,2
U0,2,2,16,HopcroftKarpMatcher,0,na,paths_found_per_phase,2
U0,2,2,16,HopcroftKarpMatcher,0,na,bfs_edges_visited,4
U0,2,2,16,HopcroftKarpMatcher,0,na,dfs_edges_visited,3
U0,2,2,16,HopcroftKarpMatcher,0,na,defect_at_iteration,0
U0,2,2,16,HopcroftKarpMatcher,-1,na,phase_count,1
U0,2,2,16,HopcroftKarpMatcher,-1,na,main_loop_iters,1
U0,2,2,16,HopcroftKarpMatcher,-1,na,total_bfs_edges_visited,4
U0,2,2,16,HopcroftKarpMatcher,-1,na,total_edges_visited,7
U0,2,2,16,HopcroftKarpMatcher,-1,na,matching_size,2
U0,2,2,16,HopcroftKarpMatcher,-1,na,wall_clock_ms,0.005591
U0,2,2,16,HopcroftKarpMatcher,-1,na,matching_size,2
U0,3,2,9,Oracle,-1,na,oracle_size,3
U0,3,2,9,SimpleAugmentingMatcher,-1,na,wall_clock_ms,0.000535
U0,3,2,9,SimpleAugmentingMatcher,-1,na,matching_size,3
U0,3,2,9,HopcroftKarpMatcher,0,na,paths_found_per_phase,3
U0,3,2,9,HopcroftKarpMatcher,0,na,bfs_edges_visited,9
U0,3,2,9,HopcroftKarpMatcher,0,na,dfs_edges_visited,6
U0,3,2,9,HopcroftKarpMatcher,0,na,defect_at_iteration,0
U0,3,2,9,HopcroftKarpMatcher,-1,na,phase_count,1
U0,3,2,9,HopcroftKarpMatcher,-1,na,main_loop_iters,1
U0,3,2,9,HopcroftKarpMatcher,-1,na,total_bfs_edges_visited,9
U0,3,2,9,HopcroftKarpMatcher,-1,na,total_edges_visited,15
U0,3,2,9,HopcroftKarpMatcher,-1,na,matching_size,3
U0,3,2,9,HopcroftKarpMatcher,-1,na,wall_clock_ms,0.006233
U0,3,2,9,HopcroftKarpMatcher,-1,na,matching_size,3
U0,3,1,5,Oracle,-1,na,oracle_size,2
U0,3,1,5,SimpleAugmentingMatcher,-1,na,wall_clock_ms,0.000484
U0,3,1,5,SimpleAugmentingMatcher,-1,na,matching_size,2
U0,3,1,5,HopcroftKarpMatcher,0,na,paths_found_per_phase,2
U0,3,1,5,HopcroftKarpMatcher,0,na,bfs_edges_visited,3
U0,3,1,5,HopcroftKarpMatcher,0,na,dfs_edges_visited,3
U0,3,1,5,HopcroftKarpMatcher,0,na,defect_at_iteration,1
U0,3,1,5,HopcroftKarpMatcher,-1,na,phase_count,1
U0,3,1,5,HopcroftKarpMatcher,-1,na,main_loop_iters,1
U0,3,1,5,HopcroftKarpMatcher,-1,na,total_bfs_edges_visited,3
U0,3,1,5,HopcroftKarpMatcher,-1,na,total_edges_visited,6
U0,3,1,5,HopcroftKarpMatcher,-1,na,matching_size,2
U0,3,1,5,HopcroftKarpMatcher,-1,na,wall_clock_ms,0.005738
U0,3,1,5,HopcroftKarpMatcher,-1,na,matching_size,2
U0,3,1,27,Oracle,-1,na,oracle_size,3
U0,3,1,27,SimpleAugmentingMatcher,-1,na,wall_clock_ms,0.000545
U0,3,1,27,SimpleAugmentingMatcher,-1,na,matching_size,3
U0,3,1,27,HopcroftKarpMatcher,0,na,paths_found_per_phase,3
U0,3,1,27,HopcroftKarpMatcher,0,na,bfs_edges_visited,3
U0,3,1,27,HopcroftKarpMatcher,0,na,dfs_edges_visited,3
U0,3,1,27,HopcroftKarpMatcher,0,na,defect_at_iteration,0
U0,3,1,27,HopcroftKarpMatcher,-1,na,phase_count,1
U0,3,1,27,HopcroftKarpMatcher,-1,na,main_loop_iters,1
U0,3,1,27,HopcroftKarpMatcher,-1,na,total_bfs_edges_visited,3
U0,3,1,27,HopcroftKarpMatcher,-1,na,total_edges_visited,6
U0,3,1,27,HopcroftKarpMatcher,-1,na,matching_size,3
U0,3,1,27,HopcroftKarpMatcher,-1,na,wall_clock_ms,0.00599
U0,3,1,27,HopcroftKarpMatcher,-1,na,matching_size,3
U0,3,1,0,Oracle,-1,na,oracle_size,3
U0,3,1,0,SimpleAugmentingMatcher,-1,na,wall_clock_ms,0.000592
U0,3,1,0,SimpleAugmentingMatcher,-1,na,matching_size,3
U0,3,1,0,HopcroftKarpMatcher,0,na,paths_found_per_phase,3
U0,3,1,0,HopcroftKarpMatcher,0,na,bfs_edges_visited,3
U0,3,1,0,HopcroftKarpMatcher,0,na,dfs_edges_visited,3
U0,3,1,0,HopcroftKarpMatcher,0,na,defect_at_iteration,0
U0,3,1,0,HopcroftKarpMatcher,-1,na,phase_count,1
U0,3,1,0,HopcroftKarpMatcher,-1,na,main_loop_iters,1
U0,3,1,0,HopcroftKarpMatcher,-1,na,total_bfs_edges_visited,3
U0,3,1,0,HopcroftKarpMatcher,-1,na,total_edges_visited,6
U0,3,1,0,HopcroftKarpMatcher,-1,na,matching_size,3
U0,3,1,0,HopcroftKarpMatcher,-1,na,wall_clock_ms,0.006313
U0,3,1,0,HopcroftKarpMatcher,-1,na,matching_size,3
U0,5,2,17,Oracle,-1,na,oracle_size,5
U0,5,2,17,SimpleAugmentingMatcher,-1,na,wall_clock_ms,0.000807
U0,5,2,17,SimpleAugmentingMatcher,-1,na,matching_size,5
U0,5,2,17,HopcroftKarpMatcher,0,na,paths_found_per_phase,5
U0,5,2,17,HopcroftKarpMatcher,0,na,bfs_edges_visited,25
U0,5,2,17,HopcroftKarpMatcher,0,na,dfs_edges_visited,15
U0,5,2,17,HopcroftKarpMatcher,0,na,defect_at_iteration,0
U0,5,2,17,HopcroftKarpMatcher,-1,na,phase_count,1
U0,5,2,17,HopcroftKarpMatcher,-1,na,main_loop_iters,1
U0,5,2,17,HopcroftKarpMatcher,-1,na,total_bfs_edges_visited,25
U0,5,2,17,HopcroftKarpMatcher,-1,na,total_edges_visited,40
U0,5,2,17,HopcroftKarpMatcher,-1,na,matching_size,5
U0,5,2,17,HopcroftKarpMatcher,-1,na,wall_clock_ms,0.006808
U0,5,2,17,HopcroftKarpMatcher,-1,na,matching_size,5
U0,3,1,13,Oracle,-1,na,oracle_size,2
U0,3,1,13,SimpleAugmentingMatcher,-1,na,wall_clock_ms,0.000371
U0,3,1,13,SimpleAugmentingMatcher,-1,na,matching_size,2
U0,3,1,13,HopcroftKarpMatcher,0,na,paths_found_per_phase,2
U0,3,1,13,HopcroftKarpMatcher,0,na,bfs_edges_visited,3
U0,3,1,13,HopcroftKarpMatcher,0,na,dfs_edges_visited,2
U0,3,1,13,HopcroftKarpMatcher,0,na,defect_at_iteration,1
U0,3,1,13,HopcroftKarpMatcher,-1,na,phase_count,1
U0,3,1,13,HopcroftKarpMatcher,-1,na,main_loop_iters,1
U0,3,1,13,HopcroftKarpMatcher,-1,na,total_bfs_edges_visited,3
U0,3,1,13,HopcroftKarpMatcher,-1,na,total_edges_visited,5
U0,3,1,13,HopcroftKarpMatcher,-1,na,matching_size,2
U0,3,1,13,HopcroftKarpMatcher,-1,na,wall_clock_ms,0.004323
U0,3,1,13,HopcroftKarpMatcher,-1,na,matching_size,2
U0,2,1.5,25,Oracle,-1,na,oracle_size,2
U0,2,1.5,25,SimpleAugmentingMatcher,-1,na,wall_clock_ms,0.000329
U0,2,1.5,25,SimpleAugmentingMatcher,-1,na,matching_size,2
U0,2,1.5,25,HopcroftKarpMatcher,0,na,paths_found_per_phase,2
U0,2,1.5,25,HopcroftKarpMatcher,0,na,bfs_edges_visited,2
U0,2,1.5,25,HopcroftKarpMatcher,0,na,dfs_edges_visited,2
U0,2,1.5,25,HopcroftKarpMatcher,0,na,defect_at_iteration,0
U0,2,1.5,25,HopcroftKarpMatcher,-1,na,phase_count,1
U0,2,1.5,25,HopcroftKarpMatcher,-1,na,main_loop_iters,1
U0,2,1.5,25,HopcroftKarpMatcher,-1,na,total_bfs_edges_visited,2
U0,2,1.5,25,HopcroftKarpMatcher,-1,na,total_edges_visited,4
U0,2,1.5,25,HopcroftKarpMatcher,-1,na,matching_size,2
U0,2,1.5,25,HopcroftKarpMatcher,-1,na,wall_clock_ms,0.004369
U0,2,1.5,25,HopcroftKarpMatcher,-1,na,matching_size,2
U0,2,1.5,7,Oracle,-1,na,oracle_size,1
U0,2,1.5,7,SimpleAugmentingMatcher,-1,na,wall_clock_ms,0.000913
U0,2,1.5,7,SimpleAugmentingMatcher,-1,na,matching_size,1
U0,2,1.5,7,HopcroftKarpMatcher,0,na,paths_found_per_phase,1
U0,2,1.5,7,HopcroftKarpMatcher,0,na,bfs_edges_visited,2
U0,2,1.5,7,HopcroftKarpMatcher,0,na,dfs_edges_visited,1
U0,2,1.5,7,HopcroftKarpMatcher,0,na,defect_at_iteration,1
U0,2,1.5,7,HopcroftKarpMatcher,-1,na,phase_count,1
U0,2,1.5,7,HopcroftKarpMatcher,-1,na,main_loop_iters,1
U0,2,1.5,7,HopcroftKarpMatcher,-1,na,total_bfs_edges_visited,2
U0,2,1.5,7,HopcroftKarpMatcher,-1,na,total_edges_visited,3
U0,2,1.5,7,HopcroftKarpMatcher,-1,na,matching_size,1
U0,2,1.5,7,HopcroftKarpMatcher,-1,na,wall_clock_ms,0.006039
U0,2,1.5,7,HopcroftKarpMatcher,-1,na,matching_size,1
U0,3,2,47,Oracle,-1,na,oracle_size,3
U0,3,2,47,SimpleAugmentingMatcher,-1,na,wall_clock_ms,0.000556
U0,3,2,47,SimpleAugmentingMatcher,-1,na,matching_size,3
U0,3,2,47,HopcroftKarpMatcher,0,na,paths_found_per_phase,3
U0,3,2,47,HopcroftKarpMatcher,0,na,bfs_edges_visited,9
U0,3,2,47,HopcroftKarpMatcher,0,na,dfs_edges_visited,6
U0,3,2,47,HopcroftKarpMatcher,0,na,defect_at_iteration,0
U0,3,2,47,HopcroftKarpMatcher,-1,na,phase_count,1
U0,3,2,47,HopcroftKarpMatcher,-1,na,main_loop_iters,1
U0,3,2,47,HopcroftKarpMatcher,-1,na,total_bfs_edges_visited,9
U0,3,2,47,HopcroftKarpMatcher,-1,na,total_edges_visited,15
U0,3,2,47,HopcroftKarpMatcher,-1,na,matching_size,3
U0,3,2,47,HopcroftKarpMatcher,-1,na,wall_clock_ms,0.006551
U0,3,2,47,HopcroftKarpMatcher,-1,na,matching_size,3
U0,2,2,20,Oracle,-1,na,oracle_size,2
U0,2,2,20,SimpleAugmentingMatcher,-1,na,wall_clock_ms,0.000416
U0,2,2,20,SimpleAugmentingMatcher,-1,na,matching_size,2
U0,2,2,20,HopcroftKarpMatcher,0,na,paths_found_per_phase,2
U0,2,2,20,HopcroftKarpMatcher,0,na,bfs_edges_visited,4
U0,2,2,20,HopcroftKarpMatcher,0,na,dfs_edges_visited,3
U0,2,2,20,HopcroftKarpMatcher,0,na,defect_at_iteration,0
U0,2,2,20,HopcroftKarpMatcher,-1,na,phase_count,1
U0,2,2,20,HopcroftKarpMatcher,-1,na,main_loop_iters,1
U0,2,2,20,HopcroftKarpMatcher,-1,na,total_bfs_edges_visited,4
U0,2,2,20,HopcroftKarpMatcher,-1,na,total_edges_visited,7
U0,2,2,20,HopcroftKarpMatcher,-1,na,matching_size,2
U0,2,2,20,HopcroftKarpMatcher,-1,na,wall_clock_ms,0.005832
U0,2,2,20,HopcroftKarpMatcher,-1,na,matching_size,2
U0,3,2,18,Oracle,-1,na,oracle_size,3
U0,3,2,18,SimpleAugmentingMatcher,-1,na,wall_clock_ms,0.000491
U0,3,2,18,SimpleAugmentingMatcher,-1,na,matching_size,3
U0,3,2,18,HopcroftKarpMatcher,0,na,paths_found_per_phase,3
U0,3,2,18,HopcroftKarpMatcher,0,na,bfs_edges_visited,9
U0,3,2,18,HopcroftKarpMatcher,0,na,dfs_edges_visited,6
U0,3,2,18,HopcroftKarpMatcher,0,na,defect_at_iteration,0
U0,3,2,18,HopcroftKarpMatcher,-1,na,phase_count,1
U0,3,2,18,HopcroftKarpMatcher,-1,na,main_loop_iters,1
U0,3,2,18,HopcroftKarpMatcher,-1,na,total_bfs_edges_visited,9
U0,3,2,18,HopcroftKarpMatcher,-1,na,total_edges_visited,15
U0,3,2,18,HopcroftKarpMatcher,-1,na,matching_size,3
U0,3,2,18,HopcroftKarpMatcher,-1,na,wall_clock_ms,0.005
U0,3,2,18,HopcroftKarpMatcher,-1,na,matching_size,3
U0,3,1.5,18,Oracle,-1,na,oracle_size,3
U0,3,1.5,18,SimpleAugmentingMatcher,-1,na,wall_clock_ms,0.000523
U0,3,1.5,18,SimpleAugmentingMatcher,-1,na,matching_size,3
U0,3,1.5,18,HopcroftKarpMatcher,0,na,paths_found_per_phase,2
U0,3,1.5,18,HopcroftKarpMatcher,0,na,bfs_edges_visited,5
U0,3,1.5,18,HopcroftKarpMatcher,0,na,dfs_edges_visited,4
U0,3,1.5,18,HopcroftKarpMatcher,0,na,defect_at_iteration,1
U0,3,1.5,18,HopcroftKarpMatcher,1,na,paths_found_per_phase,1
U0,3,1.5,18,HopcroftKarpMatcher,1,na,bfs_edges_visited,3
U0,3,1.5,18,HopcroftKarpMatcher,1,na,dfs_edges_visited,3
U0,3,1.5,18,HopcroftKarpMatcher,1,na,defect_at_iteration,0
U0,3,1.5,18,HopcroftKarpMatcher,-1,na,phase_count,2
U0,3,1.5,18,HopcroftKarpMatcher,-1,na,main_loop_iters,2
U0,3,1.5,18,HopcroftKarpMatcher,-1,na,total_bfs_edges_visited,8
U0,3,1.5,18,HopcroftKarpMatcher,-1,na,total_edges_visited,15
U0,3,1.5,18,HopcroftKarpMatcher,-1,na,matching_size,3
U0,3,1.5,18,HopcroftKarpMatcher,-1,na,wall_clock_ms,0.008942
U0,3,1.5,18,HopcroftKarpMatcher,-1,na,matching_size,3
U0,5,2,9,Oracle,-1,na,oracle_size,5
U0,5,2,9,SimpleAugmentingMatcher,-1,na,wall_clock_ms,0.000819
U0,5,2,9,SimpleAugmentingMatcher,-1,na,matching_size,5
U0,5,2,9,HopcroftKarpMatcher,0,na,paths_found_per_phase,5
U0,5,2,9,HopcroftKarpMatcher,0,na,bfs_edges_visited,25
U0,5,2,9,HopcroftKarpMatcher,0,na,dfs_edges_visited,15
U0,5,2,9,HopcroftKarpMatcher,0,na,defect_at_iteration,0
U0,5,2,9,HopcroftKarpMatcher,-1,na,phase_count,1
U0,5,2,9,HopcroftKarpMatcher,-1,na,main_loop_iters,1
U0,5,2,9,HopcroftKarpMatcher,-1,na,total_bfs_edges_visited,25
U0,5,2,9,HopcroftKarpMatcher,-1,na,total_edges_visited,40
U0,5,2,9,HopcroftKarpMatcher,-1,na,matching_size,5
U0,5,2,9,HopcroftKarpMatcher,-1,na,wall_clock_ms,0.006621
U0,5,2,9,HopcroftKarpMatcher,-1,na,matching_size,5
U0,4,1,49,Oracle,-1,na,oracle_size,2
U0,4,1,49,SimpleAugmentingMatcher,-1,na,wall_clock_ms,0.000569
U0,4,1,49,SimpleAugmentingMatcher,-1,na,matching_size,2
U0,4,1,49,HopcroftKarpMatcher,0,na,paths_found_per_phase,2
U0,4,1,49,HopcroftKarpMatcher,0,na,bfs_edges_visited,4
U0,4,1,49,HopcroftKarpMatcher,0,na,dfs_edges_visited,2
U0,4,1,49,HopcroftKarpMatcher,0,na,defect_at_iteration,2
U0,4,1,49,HopcroftKarpMatcher,-1,na,phase_count,1
U0,4,1,49,HopcroftKarpMatcher,-1,na,main_loop_iters,1
U0,4,1,49,HopcroftKarpMatcher,-1,na,total_bfs_edges_visited,4
U0,4,1,49,HopcroftKarpMatcher,-1,na,total_edges_visited,6
U0,4,1,49,HopcroftKarpMatcher,-1,na,matching_size,2
U0,4,1,49,HopcroftKarpMatcher,-1,na,wall_clock_ms,0.00606
U0,4,1,49,HopcroftKarpMatcher,-1,na,matching_size,2
U0,2,1,1,Oracle,-1,na,oracle_size,1
U0,2,1,1,SimpleAugmentingMatcher,-1,na,wall_clock_ms,0.000353
U0,2,1,1,SimpleAugmentingMatcher,-1,na,matching_size,1
U0,2,1,1,HopcroftKarpMatcher,0,na,paths_found_per_phase,1
U0,2,1,1,HopcroftKarpMatcher,0,na,bfs_edges_visited,2
U0,2,1,1,HopcroftKarpMatcher,0,na,dfs_edges_visited,1
U0,2,1,1,HopcroftKarpMatcher,0,na,defect_at_iteration,1
U0,2,1,1,HopcroftKarpMatcher,-1,na,phase_count,1
U0,2,1,1,HopcroftKarpMatcher,-1,na,main_loop_iters,1
U0,2,1,1,HopcroftKarpMatcher,-1,na,total_bfs_edges_visited,2
U0,2,1,1,HopcroftKarpMatcher,-1,na,total_edges_visited,3
U0,2,1,1,HopcroftKarpMatcher,-1,na,matching_size,1
U0,2,1,1,HopcroftKarpMatcher,-1,na,wall_clock_ms,0.004208
U0,2,1,1,HopcroftKarpMatcher,-1,na,matching_size,1
U0,5,2,11,Oracle,-1,na,oracle_size,5
U0,5,2,11,SimpleAugmentingMatcher,-1,na,wall_clock_ms,0.000604
U0,5,2,11,SimpleAugmentingMatcher,-1,na,matching_size,5
U0,5,2,11,HopcroftKarpMatcher,0,na,paths_found_per_phase,5
U0,5,2,11,HopcroftKarpMatcher,0,na,bfs_edges_visited,25
U0,5,2,11,HopcroftKarpMatcher,0,na,dfs_edges_visited,15
U0,5,2,11,HopcroftKarpMatcher,0,na,defect_at_iteration,0
U0,5,2,11,HopcroftKarpMatcher,-1,na,phase_count,1
U0,5,2,11,HopcroftKarpMatcher,-1,na,main_loop_iters,1
U0,5,2,11,HopcroftKarpMatcher,-1,na,total_bfs_edges_visited,25
U0,5,2,11,HopcroftKarpMatcher,-1,na,total_edges_visited,40
U0,5,2,11,HopcroftKarpMatcher,-1,na,matching_size,5
U0,5,2,11,HopcroftKarpMatcher,-1,na,wall_clock_ms,0.00682
U0,5,2,11,HopcroftKarpMatcher,-1,na,matching_size,5
U0,5,1.5,49,Oracle,-1,na,oracle_size,5
U0,5,1.5,49,SimpleAugmentingMatcher,-1,na,wall_clock_ms,0.000781
U0,5,1.5,49,SimpleAugmentingMatcher,-1,na,matching_size,5
U0,5,1.5,49,HopcroftKarpMatcher,0,na,paths_found_per_phase,5
U0,5,1.5,49,HopcroftKarpMatcher,0,na,bfs_edges_visited,11
U0,5,1.5,49,HopcroftKarpMatcher,0,na,dfs_edges_visited,7
U0,5,1.5,49,HopcroftKarpMatcher,0,na,defect_at_iteration,0
U0,5,1.5,49,HopcroftKarpMatcher,-1,na,phase_count,1
U0,5,1.5,49,HopcroftKarpMatcher,-1,na,main_loop_iters,1
U0,5,1.5,49,HopcroftKarpMatcher,-1,na,total_bfs_edges_visited,11
U0,5,1.5,49,HopcroftKarpMatcher,-1,na,total_edges_visited,18
U0,5,1.5,49,HopcroftKarpMatcher,-1,na,matching_size,5
U0,5,1.5,49,HopcroftKarpMatcher,-1,na,wall_clock_ms,0.007528
U0,5,1.5,49,HopcroftKarpMatcher,-1,na,matching_size,5
U0,4,1,17,Oracle,-1,na,oracle_size,3
U0,4,1,17,SimpleAugmentingMatcher,-1,na,wall_clock_ms,0.000581
U0,4,1,17,SimpleAugmentingMatcher,-1,na,matching_size,3
U0,4,1,17,HopcroftKarpMatcher,0,na,paths_found_per_phase,3
U0,4,1,17,HopcroftKarpMatcher,0,na,bfs_edges_visited,4
U0,4,1,17,HopcroftKarpMatcher,0,na,dfs_edges_visited,4
U0,4,1,17,HopcroftKarpMatcher,0,na,defect_at_iteration,1
U0,4,1,17,HopcroftKarpMatcher,-1,na,phase_count,1
U0,4,1,17,HopcroftKarpMatcher,-1,na,main_loop_iters,1
U0,4,1,17,HopcroftKarpMatcher,-1,na,total_bfs_edges_visited,4
U0,4,1,17,HopcroftKarpMatcher,-1,na,total_edges_visited,8
U0,4,1,17,HopcroftKarpMatcher,-1,na,matching_size,3
U0,4,1,17,HopcroftKarpMatcher,-1,na,wall_clock_ms,0.005816
U0,4,1,17,HopcroftKarpMatcher,-1,na,matching_size,3
U0,6,1.5,36,Oracle,-1,na,oracle_size,5
U0,6,1.5,36,SimpleAugmentingMatcher,-1,na,wall_clock_ms,0.001258
U0,6,1.5,36,SimpleAugmentingMatcher,-1,na,matching_size,5
U0,6,1.5,36,HopcroftKarpMatcher,0,na,paths_found_per_phase,4
U0,6,1.5,36,HopcroftKarpMatcher,0,na,bfs_edges_visited,14
U0,6,1.5,36,HopcroftKarpMatcher,0,na,dfs_edges_visited,10
U0,6,1.5,36,HopcroftKarpMatcher,0,na,defect_at_iteration,2
U0,6,1.5,36,HopcroftKarpMatcher,1,na,paths_found_per_phase,1
U0,6,1.5,36,HopcroftKarpMatcher,1,na,bfs_edges_visited,14
U0,6,1.5,36,HopcroftKarpMatcher,1,na,dfs_edges_visited,9
U0,6,1.5,36,HopcroftKarpMatcher,1,na,defect_at_iteration,1
U0,6,1.5,36,HopcroftKarpMatcher,-1,na,phase_count,2
U0,6,1.5,36,HopcroftKarpMatcher,-1,na,main_loop_iters,2
U0,6,1.5,36,HopcroftKarpMatcher,-1,na,total_bfs_edges_visited,28
U0,6,1.5,36,HopcroftKarpMatcher,-1,na,total_edges_visited,47
U0,6,1.5,36,HopcroftKarpMatcher,-1,na,matching_size,5
U0,6,1.5,36,HopcroftKarpMatcher,-1,na,wall_clock_ms,0.010225
U0,6,1.5,36,HopcroftKarpMatcher,-1,na,matching_size,5
U0,3,2,0,Oracle,-1,na,oracle_size,3
U0,3,2,0,SimpleAugmentingMatcher,-1,na,wall_clock_ms,0.000536
U0,3,2,0,SimpleAugmentingMatcher,-1,na,matching_size,3
U0,3,2,0,HopcroftKarpMatcher,0,na,paths_found_per_phase,3
U0,3,2,0,HopcroftKarpMatcher,0,na,bfs_edges_visited,9
U0,3,2,0,HopcroftKarpMatcher,0,na,dfs_edges_visited,6
U0,3,2,0,HopcroftKarpMatcher,0,na,defect_at_iteration,0
U0,3,2,0,HopcroftKarpMatcher,-1,na,phase_count,1
U0,3,2,0,HopcroftKarpMatcher,-1,na,main_loop_iters,1
U0,3,2,0,HopcroftKarpMatcher,-1,na,total_bfs_edges_visited,9
U0,3,2,0,HopcroftKarpMatcher,-1,na,total_edges_visited,15
U0,3,2,0,HopcroftKarpMatcher,-1,na,matching_size,3
U0,3,2,0,HopcroftKarpMatcher,-1,na,wall_clock_ms,0.006902
U0,3,2,0,HopcroftKarpMatcher,-1,na,matching_size,3
U0,5,1.5,45,Oracle,-1,na,oracle_size,5
U0,5,1.5,45,SimpleAugmentingMatcher,-1,na,wall_clock_ms,0.001039
U0,5,1.5,45,SimpleAugmentingMatcher,-1,na,matching_size,5
U0,5,1.5,45,HopcroftKarpMatcher,0,na,paths_found_per_phase,5
U0,5,1.5,45,HopcroftKarpMatcher,0,na,bfs_edges_visited,11
U0,5,1.5,45,HopcroftKarpMatcher,0,na,dfs_edges_visited,8
U0,5,1.5,45,HopcroftKarpMatcher,0,na,defect_at_iteration,0
U0,5,1.5,45,HopcroftKarpMatcher,-1,na,phase_count,1
U0,5,1.5,45,HopcroftKarpMatcher,-1,na,main_loop_iters,1
U0,5,1.5,45,HopcroftKarpMatcher,-1,na,total_bfs_edges_visited,11
U0,5,1.5,45,HopcroftKarpMatcher,-1,na,total_edges_visited,19
U0,5,1.5,45,HopcroftKarpMatcher,-1,na,matching_size,5
U0,5,1.5,45,HopcroftKarpMatcher,-1,na,wall_clock_ms,0.007598
U0,5,1.5,45,HopcroftKarpMatcher,-1,na,matching_size,5
U0,4,1.5,36,Oracle,-1,na,oracle_size,3
U0,4,1.5,36,SimpleAugmentingMatcher,-1,na,wall_clock_ms,0.000729
U0,4,1.5,36,SimpleAugmentingMatcher,-1,na,matching_size,3
U0,4,1.5,36,HopcroftKarpMatcher,0,na,paths_found_per_phase,3
U0,4,1.5,36,HopcroftKarpMatcher,0,na,bfs_edges_visited,8
U0,4,1.5,36,HopcroftKarpMatcher,0,na,dfs_edges_visited,7
U0,4,1.5,36,HopcroftKarpMatcher,0,na,defect_at_iteration,1
U0,4,1.5,36,HopcroftKarpMatcher,-1,na,phase_count,1
U0,4,1.5,36,HopcroftKarpMatcher,-1,na,main_loop_iters,1
U0,4,1.5,36,HopcroftKarpMatcher,-1,na,total_bfs_edges_visited,8
U0,4,1.5,36,HopcroftKarpMatcher,-1,na,total_edges_visited,15
U0,4,1.5,36,HopcroftKarpMatcher,-1,na,matching_size,3
U0,4,1.5,36,HopcroftKarpMatcher,-1,na,wall_clock_ms,0.0068
U0,4,1.5,36,HopcroftKarpMatcher,-1,na,matching_size,3
U0,6,1,46,Oracle,-1,na,oracle_size,4
U0,6,1,46,SimpleAugmentingMatcher,-1,na,wall_clock_ms,0.00064
U0,6,1,46,SimpleAugmentingMatcher,-1,na,matching_size,4
U0,6,1,46,HopcroftKarpMatcher,0,na,paths_found_per_phase,4
U0,6,1,46,HopcroftKarpMatcher,0,na,bfs_edges_visited,6
U0,6,1,46,HopcroftKarpMatcher,0,na,dfs_edges_visited,4
U0,6,1,46,HopcroftKarpMatcher,0,na,defect_at_iteration,2
U0,6,1,46,HopcroftKarpMatcher,-1,na,phase_count,1
U0,6,1,46,HopcroftKarpMatcher,-1,na,main_loop_iters,1
U0,6,1,46,HopcroftKarpMatcher,-1,na,total_bfs_edges_visited,6
U0,6,1,46,HopcroftKarpMatcher,-1,na,total_edges_visited,10
U0,6,1,46,HopcroftKarpMatcher,-1,na,matching_size,4
U0,6,1,46,HopcroftKarpMatcher,-1,na,wall_clock_ms,0.006958
U0,6,1,46,HopcroftKarpMatcher,-1,na,matching_size,4
U0,5,2,33,Oracle,-1,na,oracle_size,5
U0,5,2,33,SimpleAugmentingMatcher,-1,na,wall_clock_ms,0.000897
U0,5,2,33,SimpleAugmentingMatcher,-1,na,matching_size,5
U0,5,2,33,HopcroftKarpMatcher,0,na,paths_found_per_phase,5
U0,5,2,33,HopcroftKarpMatcher,0,na,bfs_edges_visited,25
U0,5,2,33,HopcroftKarpMatcher,0,na,dfs_edges_visited,15
U0,5,2,33,HopcroftKarpMatcher,0,na,defect_at_iteration,0
U0,5,2,33,HopcroftKarpMatcher,-1,na,phase_count,1
U0,5,2,33,HopcroftKarpMatcher,-1,na,main_loop_iters,1
U0,5,2,33,HopcroftKarpMatcher,-1,na,total_bfs_edges_visited,25
U0,5,2,33,HopcroftKarpMatcher,-1,na,total_edges_visited,40
U0,5,2,33,HopcroftKarpMatcher,-1,na,matching_size,5
U0,5,2,33,HopcroftKarpMatcher,-1,na,wall_clock_ms,0.007203
U0,5,2,33,HopcroftKarpMatcher,-1,na,matching_size,5
U0,3,1,28,Oracle,-1,na,oracle_size,2
U0,3,1,28,SimpleAugmentingMatcher,-1,na,wall_clock_ms,0.000506
U0,3,1,28,SimpleAugmentingMatcher,-1,na,matching_size,2
U0,3,1,28,HopcroftKarpMatcher,0,na,paths_found_per_phase,2
U0,3,1,28,HopcroftKarpMatcher,0,na,bfs_edges_visited,3
U0,3,1,28,HopcroftKarpMatcher,0,na,dfs_edges_visited,2
U0,3,1,28,HopcroftKarpMatcher,0,na,defect_at_iteration,1
U0,3,1,28,HopcroftKarpMatcher,-1,na,phase_count,1
U0,3,1,28,HopcroftKarpMatcher,-1,na,main_loop_iters,1
U0,3,1,28,HopcroftKarpMatcher,-1,na,total_bfs_edges_visited,3
U0,3,1,28,HopcroftKarpMatcher,-1,na,total_edges_visited,5
U0,3,1,28,HopcroftKarpMatcher,-1,na,matching_size,2
U0,3,1,28,HopcroftKarpMatcher,-1,na,wall_clock_ms,0.005819
U0,3,1,28,HopcroftKarpMatcher,-1,na,matching_size,2
U0,6,2,4,Oracle,-1,na,oracle_size,6
U0,6,2,4,SimpleAugmentingMatcher,-1,na,wall_clock_ms,0.000695
U0,6,2,4,SimpleAugmentingMatcher,-1,na,matching_size,6
U0,6,2,4,HopcroftKarpMatcher,0,na,paths_found_per_phase,6
U0,6,2,4,HopcroftKarpMatcher,0,na,bfs_edges_visited,36
U0,6,2,4,HopcroftKarpMatcher,0,na,dfs_edges_visited,21
U0,6,2,4,HopcroftKarpMatcher,0,na,defect_at_iteration,0
U0,6,2,4,HopcroftKarpMatcher,-1,na,phase_count,1
U0,6,2,4,HopcroftKarpMatcher,-1,na,main_loop_iters,1
U0,6,2,4,HopcroftKarpMatcher,-1,na,total_bfs_edges_visited,36
U0,6,2,4,HopcroftKarpMatcher,-1,na,total_edges_visited,57
U0,6,2,4,HopcroftKarpMatcher,-1,na,matching_size,6
U0,6,2,4,HopcroftKarpMatcher,-1,na,wall_clock_ms,0.00504
U0,6,2,4,HopcroftKarpMatcher,-1,na,matching_size,6
U0,3,1.5,11,Oracle,-1,na,oracle_size,3
U0,3,1.5,11,SimpleAugmentingMatcher,-1,na,wall_clock_ms,0.00049
U0,3,1.5,11,SimpleAugmentingMatcher,-1,na,matching_size,3
U0,3,1.5,11,HopcroftKarpMatcher,0,na,paths_found_per_phase,3
U0,3,1.5,11,HopcroftKarpMatcher,0,na,bfs_edges_visited,5
U0,3,1.5,11,HopcroftKarpMatcher,0,na,dfs_edges_visited,3
U0,3,1.5,11,HopcroftKarpMatcher,0,na,defect_at_iteration,0
U0,3,1.5,11,HopcroftKarpMatcher,-1,na,phase_count,1
U0,3,1.5,11,HopcroftKarpMatcher,-1,na,main_loop_iters,1
U0,3,1.5,11,HopcroftKarpMatcher,-1,na,total_bfs_edges_visited,5
U0,3,1.5,11,HopcroftKarpMatcher,-1,na,total_edges_visited,8
U0,3,1.5,11,HopcroftKarpMatcher,-1,na,matching_size,3
U0,3,1.5,11,HopcroftKarpMatcher,-1,na,wall_clock_ms,0.006496
U0,3,1.5,11,HopcroftKarpMatcher,-1,na,matching_size,3
U0,2,1.5,10,Oracle,-1,na,oracle_size,1
U0,2,1.5,10,SimpleAugmentingMatcher,-1,na,wall_clock_ms,0.000442
U0,2,1.5,10,SimpleAugmentingMatcher,-1,na,matching_size,1
U0,2,1.5,10,HopcroftKarpMatcher,0,na,paths_found_per_phase,1
U0,2,1.5,10,HopcroftKarpMatcher,0,na,bfs_edges_visited,2
U0,2,1.5,10,HopcroftKarpMatcher,0,na,dfs_edges_visited,1
U0,2,1.5,10,HopcroftKarpMatcher,0,na,defect_at_iteration,1
U0,2,1.5,10,HopcroftKarpMatcher,-1,na,phase_count,1
U0,2,1.5,10,HopcroftKarpMatcher,-1,na,main_loop_iters,1
U0,2,1.5,10,HopcroftKarpMatcher,-1,na,total_bfs_edges_visited,2
U0,2,1.5,10,HopcroftKarpMatcher,-1,na,total_edges_visited,3
U0,2,1.5,10,HopcroftKarpMatcher,-1,na,matching_size,1
U0,2,1.5,10,HopcroftKarpMatcher,-1,na,wall_clock_ms,0.005852
U0,2,1.5,10,HopcroftKarpMatcher,-1,na,matching_size,1
U0,6,1,11,Oracle,-1,na,oracle_size,4
U0,6,1,11,SimpleAugmentingMatcher,-1,na,wall_clock_ms,0.000747
U0,6,1,11,SimpleAugmentingMatcher,-1,na,matching_size,4
U0,6,1,11,HopcroftKarpMatcher,0,na,paths_found_per_phase,4
U0,6,1,11,HopcroftKarpMatcher,0,na,bfs_edges_visited,6
U0,6,1,11,HopcroftKarpMatcher,0,na,dfs_edges_visited,5
U0,6,1,11,HopcroftKarpMatcher,0,na,defect_at_iteration,2
U0,6,1,11,HopcroftKarpMatcher,-1,na,phase_count,1
U0,6,1,11,HopcroftKarpMatcher,-1,na,main_loop_iters,1
U0,6,1,11,HopcroftKarpMatcher,-1,na,total_bfs_edges_visited,6
U0,6,1,11,HopcroftKarpMatcher,-1,na,total_edges_visited,11
U0,6,1,11,HopcroftKarpMatcher,-1,na,matching_size,4
U0,6,1,11,HopcroftKarpMatcher,-1,na,wall_clock_ms,0.007163
U0,6,1,11,HopcroftKarpMatcher,-1,na,matching_size,4
U0,6,1,21,Oracle,-1,na,oracle_size,4
U0,6,1,21,SimpleAugmentingMatcher,-1,na,wall_clock_ms,0.000705
U0,6,1,21,SimpleAugmentingMatcher,-1,na,matching_size,4
U0,6,1,21,HopcroftKarpMatcher,0,na,paths_found_per_phase,4
U0,6,1,21,HopcroftKarpMatcher,0,na,bfs_edges_visited,6
U0,6,1,21,HopcroftKarpMatcher,0,na,dfs_edges_visited,5
U0,6,1,21,HopcroftKarpMatcher,0,na,defect_at_iteration,2
U0,6,1,21,HopcroftKarpMatcher,-1,na,phase_count,1
U0,6,1,21,HopcroftKarpMatcher,-1,na,main_loop_iters,1
U0,6,1,21,HopcroftKarpMatcher,-1,na,total_bfs_edges_visited,6
U0,6,1,21,HopcroftKarpMatcher,-1,na,total_edges_visited,11
U0,6,1,21,HopcroftKarpMatcher,-1,na,matching_size,4
U0,6,1,21,HopcroftKarpMatcher,-1,na,wall_clock_ms,0.006759
U0,6,1,21,HopcroftKarpMatcher,-1,na,matching_size,4
U0,3,1.5,27,Oracle,-1,na,oracle_size,2
U0,3,1.5,27,SimpleAugmentingMatcher,-1,na,wall_clock_ms,0.000649
U0,3,1.5,27,SimpleAugmentingMatcher,-1,na,matching_size,2
U0,3,1.5,27,HopcroftKarpMatcher,0,na,paths_found_per_phase,2
U0,3,1.5,27,HopcroftKarpMatcher,0,na,bfs_edges_visited,5
U0,3,1.5,27,HopcroftKarpMatcher,0,na,dfs_edges_visited,4
U0,3,1.5,27,HopcroftKarpMatcher,0,na,defect_at_iteration,1
U0,3,1.5,27,HopcroftKarpMatcher,-1,na,phase_count,1
U0,3,1.5,27,HopcroftKarpMatcher,-1,na,main_loop_iters,1
U0,3,1.5,27,HopcroftKarpMatcher,-1,na,total_bfs_edges_visited,5
U0,3,1.5,27,HopcroftKarpMatcher,-1,na,total_edges_visited,9
U0,3,1.5,27,HopcroftKarpMatcher,-1,na,matching_size,2
U0,3,1.5,27,HopcroftKarpMatcher,-1,na,wall_clock_ms,0.00685
U0,3,1.5,27,HopcroftKarpMatcher,-1,na,matching_size,2
U0,4,1,32,Oracle,-1,na,oracle_size,1
U0,4,1,32,SimpleAugmentingMatcher,-1,na,wall_clock_ms,0.00045
U0,4,1,32,SimpleAugmentingMatcher,-1,na,matching_size,1
U0,4,1,32,HopcroftKarpMatcher,0,na,paths_found_per_phase,1
U0,4,1,32,HopcroftKarpMatcher,0,na,bfs_edges_visited,4
U0,4,1,32,HopcroftKarpMatcher,0,na,dfs_edges_visited,1
U0,4,1,32,HopcroftKarpMatcher,0,na,defect_at_iteration,3
U0,4,1,32,HopcroftKarpMatcher,-1,na,phase_count,1
U0,4,1,32,HopcroftKarpMatcher,-1,na,main_loop_iters,1
U0,4,1,32,HopcroftKarpMatcher,-1,na,total_bfs_edges_visited,4
U0,4,1,32,HopcroftKarpMatcher,-1,na,total_edges_visited,5
U0,4,1,32,HopcroftKarpMatcher,-1,na,matching_size,1
U0,4,1,32,HopcroftKarpMatcher,-1,na,wall_clock_ms,0.004334
U0,4,1,32,HopcroftKarpMatcher,-1,na,matching_size,1
U0,3,2,11,Oracle,-1,na,oracle_size,3
U0,3,2,11,SimpleAugmentingMatcher,-1,na,wall_clock_ms,0.000493
U0,3,2,11,SimpleAugmentingMatcher,-1,na,matching_size,3
U0,3,2,11,HopcroftKarpMatcher,0,na,paths_found_per_phase,3
U0,3,2,11,HopcroftKarpMatcher,0,na,bfs_edges_visited,9
U0,3,2,11,HopcroftKarpMatcher,0,na,dfs_edges_visited,6
U0,3,2,11,HopcroftKarpMatcher,0,na,defect_at_iteration,0
U0,3,2,11,HopcroftKarpMatcher,-1,na,phase_count,1
U0,3,2,11,HopcroftKarpMatcher,-1,na,main_loop_iters,1
U0,3,2,11,HopcroftKarpMatcher,-1,na,total_bfs_edges_visited,9
U0,3,2,11,HopcroftKarpMatcher,-1,na,total_edges_visited,15
U0,3,2,11,HopcroftKarpMatcher,-1,na,matching_size,3
U0,3,2,11,HopcroftKarpMatcher,-1,na,wall_clock_ms,0.006573
U0,3,2,11,HopcroftKarpMatcher,-1,na,matching_size,3
U0,4,1,29,Oracle,-1,na,oracle_size,2
U0,4,1,29,SimpleAugmentingMatcher,-1,na,wall_clock_ms,0.000648
U0,4,1,29,SimpleAugmentingMatcher,-1,na,matching_size,2
U0,4,1,29,HopcroftKarpMatcher,0,na,paths_found_per_phase,2
U0,4,1,29,HopcroftKarpMatcher,0,na,bfs_edges_visited,4
U0,4,1,29,HopcroftKarpMatcher,0,na,dfs_edges_visited,4
U0,4,1,29,HopcroftKarpMatcher,0,na,defect_at_iteration,2
U0,4,1,29,HopcroftKarpMatcher,-1,na,phase_count,1
U0,4,1,29,HopcroftKarpMatcher,-1,na,main_loop_iters,1
U0,4,1,29,HopcroftKarpMatcher,-1,na,total_bfs_edges_visited,4
U0,4,1,29,HopcroftKarpMatcher,-1,na,total_edges_visited,8
U0,4,1,29,HopcroftKarpMatcher,-1,na,matching_size,2
U0,4,1,29,HopcroftKarpMatcher,-1,na,wall_clock_ms,0.006683
U0,4,1,29,HopcroftKarpMatcher,-1,na,matching_size,2
U0,3,2,19,Oracle,-1,na,oracle_size,3
U0,3,2,19,SimpleAugmentingMatcher,-1,na,wall_clock_ms,0.000545
U0,3,2,19,SimpleAugmentingMatcher,-1,na,matching_size,3
U0,3,2,19,HopcroftKarpMatcher,0,na,paths_found_per_phase,3
U0,3,2,19,HopcroftKarpMatcher,0,na,bfs_edges_visited,9
U0,3,2,19,HopcroftKarpMatcher,0,na,dfs_edges_visited,6
U0,3,2,19,HopcroftKarpMatcher,0,na,defect_at_iteration,0
U0,3,2,19,HopcroftKarpMatcher,-1,na,phase_count,1
U0,3,2,19,HopcroftKarpMatcher,-1,na,main_loop_iters,1
U0,3,2,19,HopcroftKarpMatcher,-1,na,total_bfs_edges_visited,9
U0,3,2,19,HopcroftKarpMatcher,-1,na,total_edges_visited,15
U0,3,2,19,HopcroftKarpMatcher,-1,na,matching_size,3
U0,3,2,19,HopcroftKarpMatcher,-1,na,wall_clock_ms,0.006869
U0,3,2,19,HopcroftKarpMatcher,-1,na,matching_size,3
U0,3,1,32,Oracle,-1,na,oracle_size,1
U0,3,1,32,SimpleAugmentingMatcher,-1,na,wall_clock_ms,0.000387
U0,3,1,32,SimpleAugmentingMatcher,-1,na,matching_size,1
U0,3,1,32,HopcroftKarpMatcher,0,na,paths_found_per_phase,1
U0,3,1,32,HopcroftKarpMatcher,0,na,bfs_edges_visited,3
U0,3,1,32,HopcroftKarpMatcher,0,na,dfs_edges_visited,1
U0,3,1,32,HopcroftKarpMatcher,0,na,defect_at_iteration,2
U0,3,1,32,HopcroftKarpMatcher,-1,na,phase_count,1
U0,3,1,32,HopcroftKarpMatcher,-1,na,main_loop_iters,1
U0,3,1,32,HopcroftKarpMatcher,-1,na,total_bfs_edges_visited,3
U0,3,1,32,HopcroftKarpMatcher,-1,na,total_edges_visited,4
U0,3,1,32,HopcroftKarpMatcher,-1,na,matching_size,1
U0,3,1,32,HopcroftKarpMatcher,-1,na,wall_clock_ms,0.004393
U0,3,1,32,HopcroftKarpMatcher,-1,na,matching_size,1
U0,3,1,23,Oracle,-1,na,oracle_size,2
U0,3,1,23,SimpleAugmentingMatcher,-1,na,wall_clock_ms,0.000533
U0,3,1,23,SimpleAugmentingMatcher,-1,na,matching_size,2
U0,3,1,23,HopcroftKarpMatcher,0,na,paths_found_per_phase,2
U0,3,1,23,HopcroftKarpMatcher,0,na,bfs_edges_visited,3
U0,3,1,23,HopcroftKarpMatcher,0,na,dfs_edges_visited,3
U0,3,1,23,HopcroftKarpMatcher,0,na,defect_at_iteration,1
U0,3,1,23,HopcroftKarpMatcher,-1,na,phase_count,1
U0,3,1,23,HopcroftKarpMatcher,-1,na,main_loop_iters,1
U0,3,1,23,HopcroftKarpMatcher,-1,na,total_bfs_edges_visited,3
U0,3,1,23,HopcroftKarpMatcher,-1,na,total_edges_visited,6
U0,3,1,23,HopcroftKarpMatcher,-1,na,matching_size,2
U0,3,1,23,HopcroftKarpMatcher,-1,na,wall_clock_ms,0.005824
U0,3,1,23,HopcroftKarpMatcher,-1,na,matching_size,2
U0,3,2,45,Oracle,-1,na,oracle_size,3
U0,3,2,45,SimpleAugmentingMatcher,-1,na,wall_clock_ms,0.000533
U0,3,2,45,SimpleAugmentingMatcher,-1,na,matching_size,3
U0,3,2,45,HopcroftKarpMatcher,0,na,paths_found_per_phase,3
U0,3,2,45,HopcroftKarpMatcher,0,na,bfs_edges_visited,9
U0,3,2,45,HopcroftKarpMatcher,0,na,dfs_edges_visited,6
U0,3,2,45,HopcroftKarpMatcher,0,na,defect_at_iteration,0
U0,3,2,45,HopcroftKarpMatcher,-1,na,phase_count,1
U0,3,2,45,HopcroftKarpMatcher,-1,na,main_loop_iters,1
U0,3,2,45,HopcroftKarpMatcher,-1,na,total_bfs_edges_visited,9
U0,3,2,45,HopcroftKarpMatcher,-1,na,total_edges_visited,15
U0,3,2,45,HopcroftKarpMatcher,-1,na,matching_size,3
U0,3,2,45,HopcroftKarpMatcher,-1,na,wall_clock_ms,0.006598
U0,3,2,45,HopcroftKarpMatcher,-1,na,matching_size,3
U0,3,1,21,Oracle,-1,na,oracle_size,2
U0,3,1,21,SimpleAugmentingMatcher,-1,na,wall_clock_ms,0.000468
U0,3,1,21,SimpleAugmentingMatcher,-1,na,matching_size,2
U0,3,1,21,HopcroftKarpMatcher,0,na,paths_found_per_phase,2
U0,3,1,21,HopcroftKarpMatcher,0,na,bfs_edges_visited,3
U0,3,1,21,HopcroftKarpMatcher,0,na,dfs_edges_visited,2
U0,3,1,21,HopcroftKarpMatcher,0,na,defect_at_iteration,1
U0,3,1,21,HopcroftKarpMatcher,-1,na,phase_count,1
U0,3,1,21,HopcroftKarpMatcher,-1,na,main_loop_iters,1
U0,3,1,21,HopcroftKarpMatcher,-1,na,total_bfs_edges_visited,3
U0,3,1,21,HopcroftKarpMatcher,-1,na,total_edges_visited,5
U0,3,1,21,HopcroftKarpMatcher,-1,na,matching_size,2
U0,3,1,21,HopcroftKarpMatcher,-1,na,wall_clock_ms,0.005863
U0,3,1,21,HopcroftKarpMatcher,-1,na,matching_size,2
U0,2,2,27,Oracle,-1,na,oracle_size,2
U0,2,2,27,SimpleAugmentingMatcher,-1,na,wall_clock_ms,0.000475
U0,2,2,27,SimpleAugmentingMatcher,-1,na,matching_size,2
U0,2,2,27,HopcroftKarpMatcher,0,na,paths_found_per_phase,2
U0,2,2,27,HopcroftKarpMatcher,0,na,bfs_edges_visited,4
U0,2,2,27,HopcroftKarpMatcher,0,na,dfs_edges_visited,3
U0,2,2,27,HopcroftKarpMatcher,0,na,defect_at_iteration,0
U0,2,2,27,HopcroftKarpMatcher,-1,na,phase_count,1
U0,2,2,27,HopcroftKarpMatcher,-1,na,main_loop_iters,1
U0,2,2,27,HopcroftKarpMatcher,-1,na,total_bfs_edges_visited,4
U0,2,2,27,HopcroftKarpMatcher,-1,na,total_edges_visited,7
U0,2,2,27,HopcroftKarpMatcher,-1,na,matching_size,2
U0,2,2,27,HopcroftKarpMatcher,-1,na,wall_clock_ms,0.006059
U0,2,2,27,HopcroftKarpMatcher,-1,na,matching_size,2
U0,3,1.5,20,Oracle,-1,na,oracle_size,3
U0,3,1.5,20,SimpleAugmentingMatcher,-1,na,wall_clock_ms,0.000572
U0,3,1.5,20,SimpleAugmentingMatcher,-1,na,matching_size,3
U0,3,1.5,20,HopcroftKarpMatcher,0,na,paths_found_per_phase,3
U0,3,1.5,20,HopcroftKarpMatcher,0,na,bfs_edges_visited,5
U0,3,1.5,20,HopcroftKarpMatcher,0,na,dfs_edges_visited,3
U0,3,1.5,20,HopcroftKarpMatcher,0,na,defect_at_iteration,0
U0,3,1.5,20,HopcroftKarpMatcher,-1,na,phase_count,1
U0,3,1.5,20,HopcroftKarpMatcher,-1,na,main_loop_iters,1
U0,3,1.5,20,HopcroftKarpMatcher,-1,na,total_bfs_edges_visited,5
U0,3,1.5,20,HopcroftKarpMatcher,-1,na,total_edges_visited,8
U0,3,1.5,20,HopcroftKarpMatcher,-1,na,matching_size,3
U0,3,1.5,20,HopcroftKarpMatcher,-1,na,wall_clock_ms,0.006395
U0,3,1.5,20,HopcroftKarpMatcher,-1,na,matching_size,3
U0,5,1,11,Oracle,-1,na,oracle_size,4
U0,5,1,11,SimpleAugmentingMatcher,-1,na,wall_clock_ms,0.000711
U0,5,1,11,SimpleAugmentingMatcher,-1,na,matching_size,4
U0,5,1,11,HopcroftKarpMatcher,0,na,paths_found_per_phase,4
U0,5,1,11,HopcroftKarpMatcher,0,na,bfs_edges_visited,5
U0,5,1,11,HopcroftKarpMatcher,0,na,dfs_edges_visited,5
U0,5,1,11,HopcroftKarpMatcher,0,na,defect_at_iteration,1
U0,5,1,11,HopcroftKarpMatcher,-1,na,phase_count,1
U0,5,1,11,HopcroftKarpMatcher,-1,na,main_loop_iters,1
U0,5,1,11,HopcroftKarpMatcher,-1,na,total_bfs_edges_visited,5
U0,5,1,11,HopcroftKarpMatcher,-1,na,total_edges_visited,10
U0,5,1,11,HopcroftKarpMatcher,-1,na,matching_size,4
U0,5,1,11,HopcroftKarpMatcher,-1,na,wall_clock_ms,0.00665
U0,5,1,11,HopcroftKarpMatcher,-1,na,matching_size,4
U0,6,2,43,Oracle,-1,na,oracle_size,6
U0,6,2,43,SimpleAugmentingMatcher,-1,na,wall_clock_ms,0.000694
U0,6,2,43,SimpleAugmentingMatcher,-1,na,matching_size,6
U0,6,2,43,HopcroftKarpMatcher,0,na,paths_found_per_phase,6
U0,6,2,43,HopcroftKarpMatcher,0,na,bfs_edges_visited,36
U0,6,2,43,HopcroftKarpMatcher,0,na,dfs_edges_visited,21
U0,6,2,43,HopcroftKarpMatcher,0,na,defect_at_iteration,0
U0,6,2,43,HopcroftKarpMatcher,-1,na,phase_count,1
U0,6,2,43,HopcroftKarpMatcher,-1,na,main_loop_iters,1
U0,6,2,43,HopcroftKarpMatcher,-1,na,total_bfs_edges_visited,36
U0,6,2,43,HopcroftKarpMatcher,-1,na,total_edges_visited,57
U0,6,2,43,HopcroftKarpMatcher,-1,na,matching_size,6
U0,6,2,43,HopcroftKarpMatcher,-1,na,wall_clock_ms,0.005097
U0,6,2,43,HopcroftKarpMatcher,-1,na,matching_size,6
U0,6,1,20,Oracle,-1,na,oracle_size,4
U0,6,1,20,SimpleAugmentingMatcher,-1,na,wall_clock_ms,0.00075
U0,6,1,20,SimpleAugmentingMatcher,-1,na,matching_size,4
U0,6,1,20,HopcroftKarpMatcher,0,na,paths_found_per_phase,4
U0,6,1,20,HopcroftKarpMatcher,0,na,bfs_edges_visited,6
U0,6,1,20,HopcroftKarpMatcher,0,na,dfs_edges_visited,6
U0,6,1,20,HopcroftKarpMatcher,0,na,defect_at_iteration,2
U0,6,1,20,HopcroftKarpMatcher,-1,na,phase_count,1
U0,6,1,20,HopcroftKarpMatcher,-1,na,main_loop_iters,1
U0,6,1,20,HopcroftKarpMatcher,-1,na,total_bfs_edges_visited,6
U0,6,1,20,HopcroftKarpMatcher,-1,na,total_edges_visited,12
U0,6,1,20,HopcroftKarpMatcher,-1,na,matching_size,4
U0,6,1,20,HopcroftKarpMatcher,-1,na,wall_clock_ms,0.007329
U0,6,1,20,HopcroftKarpMatcher,-1,na,matching_size,4
U0,2,1.5,41,Oracle,-1,na,oracle_size,2
U0,2,1.5,41,SimpleAugmentingMatcher,-1,na,wall_clock_ms,0.000339
U0,2,1.5,41,SimpleAugmentingMatcher,-1,na,matching_size,2
U0,2,1.5,41,HopcroftKarpMatcher,0,na,paths_found_per_phase,2
U0,2,1.5,41,HopcroftKarpMatcher,0,na,bfs_edges_visited,2
U0,2,1.5,41,HopcroftKarpMatcher,0,na,dfs_edges_visited,2
U0,2,1.5,41,HopcroftKarpMatcher,0,na,defect_at_iteration,0
U0,2,1.5,41,HopcroftKarpMatcher,-1,na,phase_count,1
U0,2,1.5,41,HopcroftKarpMatcher,-1,na,main_loop_iters,1
U0,2,1.5,41,HopcroftKarpMatcher,-1,na,total_bfs_edges_visited,2
U0,2,1.5,41,HopcroftKarpMatcher,-1,na,total_edges_visited,4
U0,2,1.5,41,HopcroftKarpMatcher,-1,na,matching_size,2
U0,2,1.5,41,HopcroftKarpMatcher,-1,na,wall_clock_ms,0.004718
U0,2,1.5,41,HopcroftKarpMatcher,-1,na,matching_size,2
U0,6,1.5,19,Oracle,-1,na,oracle_size,5
U0,6,1.5,19,SimpleAugmentingMatcher,-1,na,wall_clock_ms,0.000951
U0,6,1.5,19,SimpleAugmentingMatcher,-1,na,matching_size,5
U0,6,1.5,19,HopcroftKarpMatcher,0,na,paths_found_per_phase,5
U0,6,1.5,19,HopcroftKarpMatcher,0,na,bfs_edges_visited,14
U0,6,1.5,19,HopcroftKarpMatcher,0,na,dfs_edges_visited,9
U0,6,1.5,19,HopcroftKarpMatcher,0,na,defect_at_iteration,1
U0,6,1.5,19,HopcroftKarpMatcher,-1,na,phase_count,1
U0,6,1.5,19,HopcroftKarpMatcher,-1,na,main_loop_iters,1
U0,6,1.5,19,HopcroftKarpMatcher,-1,na,total_bfs_edges_visited,14
U0,6,1.5,19,HopcroftKarpMatcher,-1,na,total_edges_visited,23
U0,6,1.5,19,HopcroftKarpMatcher,-1,na,matching_size,5
U0,6,1.5,19,HopcroftKarpMatcher,-1,na,wall_clock_ms,0.005781
U0,6,1.5,19,HopcroftKarpMatcher,-1,na,matching_size,5
U0,2,2,49,Oracle,-1,na,oracle_size,2
U0,2,2,49,SimpleAugmentingMatcher,-1,na,wall_clock_ms,0.000492
U0,2,2,49,SimpleAugmentingMatcher,-1,na,matching_size,2
U0,2,2,49,HopcroftKarpMatcher,0,na,paths_found_per_phase,2
U0,2,2,49,HopcroftKarpMatcher,0,na,bfs_edges_visited,4
U0,2,2,49,HopcroftKarpMatcher,0,na,dfs_edges_visited,3
U0,2,2,49,HopcroftKarpMatcher,0,na,defect_at_iteration,0
U0,2,2,49,HopcroftKarpMatcher,-1,na,phase_count,1
U0,2,2,49,HopcroftKarpMatcher,-1,na,main_loop_iters,1
U0,2,2,49,HopcroftKarpMatcher,-1,na,total_bfs_edges_visited,4
U0,2,2,49,HopcroftKarpMatcher,-1,na,total_edges_visited,7
U0,2,2,49,HopcroftKarpMatcher,-1,na,matching_size,2
U0,2,2,49,HopcroftKarpMatcher,-1,na,wall_clock_ms,0.005431
U0,2,2,49,HopcroftKarpMatcher,-1,na,matching_size,2
U0,4,2,11,Oracle,-1,na,oracle_size,4
U0,4,2,11,SimpleAugmentingMatcher,-1,na,wall_clock_ms,0.00058
U0,4,2,11,SimpleAugmentingMatcher,-1,na,matching_size,4
U0,4,2,11,HopcroftKarpMatcher,0,na,paths_found_per_phase,4
U0,4,2,11,HopcroftKarpMatcher,0,na,bfs_edges_visited,16
U0,4,2,11,HopcroftKarpMatcher,0,na,dfs_edges_visited,10
U0,4,2,11,HopcroftKarpMatcher,0,na,defect_at_iteration,0
U0,4,2,11,HopcroftKarpMatcher,-1,na,phase_count,1
U0,4,2,11,HopcroftKarpMatcher,-1,na,main_loop_iters,1
U0,4,2,11,HopcroftKarpMatcher,-1,na,total_bfs_edges_visited,16
U0,4,2,11,HopcroftKarpMatcher,-1,na,total_edges_visited,26
U0,4,2,11,HopcroftKarpMatcher,-1,na,matching_size,4
U0,4,2,11,HopcroftKarpMatcher,-1,na,wall_clock_ms,0.0068
U0,4,2,11,HopcroftKarpMatcher,-1,na,matching_size,4
U0,2,1,11,Oracle,-1,na,oracle_size,1
U0,2,1,11,SimpleAugmentingMatcher,-1,na,wall_clock_ms,0.000353
U0,2,1,11,SimpleAugmentingMatcher,-1,na,matching_size,1
U0,2,1,11,HopcroftKarpMatcher,0,na,paths_found_per_phase,1
U0,2,1,11,HopcroftKarpMatcher,0,na,bfs_edges_visited,2
U0,2,1,11,HopcroftKarpMatcher,0,na,dfs_edges_visited,2
U0,2,1,11,HopcroftKarpMatcher,0,na,defect_at_iteration,1
U0,2,1,11,HopcroftKarpMatcher,-1,na,phase_count,1
U0,2,1,11,HopcroftKarpMatcher,-1,na,main_loop_iters,1
U0,2,1,11,HopcroftKarpMatcher,-1,na,total_bfs_edges_visited,2
U0,2,1,11,HopcroftKarpMatcher,-1,na,total_edges_visited,4
U0,2,1,11,HopcroftKarpMatcher,-1,na,matching_size,1
U0,2,1,11,HopcroftKarpMatcher,-1,na,wall_clock_ms,0.004232
U0,2,1,11,HopcroftKarpMatcher,-1,na,matching_size,1
U0,5,2,49,Oracle,-1,na,oracle_size,5
U0,5,2,49,SimpleAugmentingMatcher,-1,na,wall_clock_ms,0.00074
U0,5,2,49,SimpleAugmentingMatcher,-1,na,matching_size,5
U0,5,2,49,HopcroftKarpMatcher,0,na,paths_found_per_phase,5
U0,5,2,49,HopcroftKarpMatcher,0,na,bfs_edges_visited,25
U0,5,2,49,HopcroftKarpMatcher,0,na,dfs_edges_visited,15
U0,5,2,49,HopcroftKarpMatcher,0,na,defect_at_iteration,0
U0,5,2,49,HopcroftKarpMatcher,-1,na,phase_count,1
U0,5,2,49,HopcroftKarpMatcher,-1,na,main_loop_iters,1
U0,5,2,49,HopcroftKarpMatcher,-1,na,total_bfs_edges_visited,25
U0,5,2,49,HopcroftKarpMatcher,-1,na,total_edges_visited,40
U0,5,2,49,HopcroftKarpMatcher,-1,na,matching_size,5
U0,5,2,49,HopcroftKarpMatcher,-1,na,wall_clock_ms,0.006672
U0,5,2,49,HopcroftKarpMatcher,-1,na,matching_size,5
U0,3,2,8,Oracle,-1,na,oracle_size,3
U0,3,2,8,SimpleAugmentingMatcher,-1,na,wall_clock_ms,0.000536
U0,3,2,8,SimpleAugmentingMatcher,-1,na,matching_size,3
U0,3,2,8,HopcroftKarpMatcher,0,na,paths_found_per_phase,3
U0,3,2,8,HopcroftKarpMatcher,0,na,bfs_edges_visited,9
U0,3,2,8,HopcroftKarpMatcher,0,na,dfs_edges_visited,6
U0,3,2,8,HopcroftKarpMatcher,0,na,defect_at_iteration,0
U0,3,2,8,HopcroftKarpMatcher,-1,na,phase_count,1
U0,3,2,8,HopcroftKarpMatcher,-1,na,main_loop_iters,1
U0,3,2,8,HopcroftKarpMatcher,-1,na,total_bfs_edges_visited,9
U0,3,2,8,HopcroftKarpMatcher,-1,na,total_edges_visited,15
U0,3,2,8,HopcroftKarpMatcher,-1,na,matching_size,3
U0,3,2,8,HopcroftKarpMatcher,-1,na,wall_clock_ms,0.006469
U0,3,2,8,HopcroftKarpMatcher,-1,na,matching_size,3
U0,4,1.5,15,Oracle,-1,na,oracle_size,4
U0,4,1.5,15,SimpleAugmentingMatcher,-1,na,wall_clock_ms,0.00079
U0,4,1.5,15,SimpleAugmentingMatcher,-1,na,matching_size,4
U0,4,1.5,15,HopcroftKarpMatcher,0,na,paths_found_per_phase,3
U0,4,1.5,15,HopcroftKarpMatcher,0,na,bfs_edges_visited,8
U0,4,1.5,15,HopcroftKarpMatcher,0,na,dfs_edges_visited,6
U0,4,1.5,15,HopcroftKarpMatcher,0,na,defect_at_iteration,1
U0,4,1.5,15,HopcroftKarpMatcher,1,na,paths_found_per_phase,1
U0,4,1.5,15,HopcroftKarpMatcher,1,na,bfs_edges_visited,7
U0,4,1.5,15,HopcroftKarpMatcher,1,na,dfs_edges_visited,3
U0,4,1.5,15,HopcroftKarpMatcher,1,na,defect_at_iteration,0
U0,4,1.5,15,HopcroftKarpMatcher,-1,na,phase_count,2
U0,4,1.5,15,HopcroftKarpMatcher,-1,na,main_loop_iters,2
U0,4,1.5,15,HopcroftKarpMatcher,-1,na,total_bfs_edges_visited,15
U0,4,1.5,15,HopcroftKarpMatcher,-1,na,total_edges_visited,24
U0,4,1.5,15,HopcroftKarpMatcher,-1,na,matching_size,4
U0,4,1.5,15,HopcroftKarpMatcher,-1,na,wall_clock_ms,0.009999
U0,4,1.5,15,HopcroftKarpMatcher,-1,na,matching_size,4
U0,4,2,3,Oracle,-1,na,oracle_size,4
U0,4,2,3,SimpleAugmentingMatcher,-1,na,wall_clock_ms,0.000679
U0,4,2,3,SimpleAugmentingMatcher,-1,na,matching_size,4
U0,4,2,3,HopcroftKarpMatcher,0,na,paths_found_per_phase,4
U0,4,2,3,HopcroftKarpMatcher,0,na,bfs_edges_visited,16
U0,4,2,3,HopcroftKarpMatcher,0,na,dfs_edges_visited,10
U0,4,2,3,HopcroftKarpMatcher,0,na,defect_at_iteration,0
U0,4,2,3,HopcroftKarpMatcher,-1,na,phase_count,1
U0,4,2,3,HopcroftKarpMatcher,-1,na,main_loop_iters,1
U0,4,2,3,HopcroftKarpMatcher,-1,na,total_bfs_edges_visited,16
U0,4,2,3,HopcroftKarpMatcher,-1,na,total_edges_visited,26
U0,4,2,3,HopcroftKarpMatcher,-1,na,matching_size,4
U0,4,2,3,HopcroftKarpMatcher,-1,na,wall_clock_ms,0.00742
U0,4,2,3,HopcroftKarpMatcher,-1,na,matching_size,4
U0,3,1.5,26,Oracle,-1,na,oracle_size,3
U0,3,1.5,26,SimpleAugmentingMatcher,-1,na,wall_clock_ms,0.000565
U0,3,1.5,26,SimpleAugmentingMatcher,-1,na,matching_size,3
U0,3,1.5,26,HopcroftKarpMatcher,0,na,paths_found_per_phase,3
U0,3,1.5,26,HopcroftKarpMatcher,0,na,bfs_edges_visited,5
U0,3,1.5,26,HopcroftKarpMatcher,0,na,dfs_edges_visited,4
U0,3,1.5,26,HopcroftKarpMatcher,0,na,defect_at_iteration,0
U0,3,1.5,26,HopcroftKarpMatcher,-1,na,phase_count,1
U0,3,1.5,26,HopcroftKarpMatcher,-1,na,main_loop_iters,1
U0,3,1.5,26,HopcroftKarpMatcher,-1,na,total_bfs_edges_visited,5
U0,3,1.5,26,HopcroftKarpMatcher,-1,na,total_edges_visited,9
U0,3,1.5,26,HopcroftKarpMatcher,-1,na,matching_size,3
U0,3,1.5,26,HopcroftKarpMatcher,-1,na,wall_clock_ms,0.004551
U0,3,1.5,26,HopcroftKarpMatcher,-1,na,matching_size,3
U0,3,1,40,Oracle,-1,na,oracle_size,2
U0,3,1,40,SimpleAugmentingMatcher,-1,na,wall_clock_ms,0.000562
U0,3,1,40,SimpleAugmentingMatcher,-1,na,matching_size,2
U0,3,1,40,HopcroftKarpMatcher,0,na,paths_found_per_phase,1
U0,3,1,40,HopcroftKarpMatcher,0,na,bfs_edges_visited,3
U0,3,1,40,HopcroftKarpMatcher,0,na,dfs_edges_visited,2
U0,3,1,40,HopcroftKarpMatcher,0,na,defect_at_iteration,2
U0,3,1,40,HopcroftKarpMatcher,1,na,paths_found_per_phase,1
U0,3,1,40,HopcroftKarpMatcher,1,na,bfs_edges_visited,3
U0,3,1,40,HopcroftKarpMatcher,1,na,dfs_edges_visited,3
U0,3,1,40,HopcroftKarpMatcher,1,na,defect_at_iteration,1
U0,3,1,40,HopcroftKarpMatcher,-1,na,phase_count,2
U0,3,1,40,HopcroftKarpMatcher,-1,na,main_loop_iters,2
U0,3,1,40,HopcroftKarpMatcher,-1,na,total_bfs_edges_visited,6
U0,3,1,40,HopcroftKarpMatcher,-1,na,total_edges_visited,11
U0,3,1,40,HopcroftKarpMatcher,-1,na,matching_size,2
U0,3,1,40,HopcroftKarpMatcher,-1,na,wall_clock_ms,0.008479
U0,3,1,40,HopcroftKarpMatcher,-1,na,matching_size,2
U0,2,2,4,Oracle,-1,na,oracle_size,2
U0,2,2,4,SimpleAugmentingMatcher,-1,na,wall_clock_ms,0.000356
U0,2,2,4,SimpleAugmentingMatcher,-1,na,matching_size,2
U0,2,2,4,HopcroftKarpMatcher,0,na,paths_found_per_phase,2
U0,2,2,4,HopcroftKarpMatcher,0,na,bfs_edges_visited,4
U0,2,2,4,HopcroftKarpMatcher,0,na,dfs_edges_visited,3
U0,2,2,4,HopcroftKarpMatcher,0,na,defect_at_iteration,0
U0,2,2,4,HopcroftKarpMatcher,-1,na,phase_count,1
U0,2,2,4,HopcroftKarpMatcher,-1,na,main_loop_iters,1
U0,2,2,4,HopcroftKarpMatcher,-1,na,total_bfs_edges_visited,4
U0,2,2,4,HopcroftKarpMatcher,-1,na,total_edges_visited,7
U0,2,2,4,HopcroftKarpMatcher,-1,na,matching_size,2
U0,2,2,4,HopcroftKarpMatcher,-1,na,wall_clock_ms,0.004191
U0,2,2,4,HopcroftKarpMatcher,-1,na,matching_size,2
U0,6,1,9,Oracle,-1,na,oracle_size,4
U0,6,1,9,SimpleAugmentingMatcher,-1,na,wall_clock_ms,0.000803
U0,6,1,9,SimpleAugmentingMatcher,-1,na,matching_size,4
U0,6,1,9,HopcroftKarpMatcher,0,na,paths_found_per_phase,4
U0,6,1,9,HopcroftKarpMatcher,0,na,bfs_edges_visited,6
U0,6,1,9,HopcroftKarpMatcher,0,na,dfs_edges_visited,6
U0,6,1,9,HopcroftKarpMatcher,0,na,defect_at_iteration,2
U0,6,1,9,HopcroftKarpMatcher,-1,na,phase_count,1
U0,6,1,9,HopcroftKarpMatcher,-1,na,main_loop_iters,1
U0,6,1,9,HopcroftKarpMatcher,-1,na,total_bfs_edges_visited,6
U0,6,1,9,HopcroftKarpMatcher,-1,na,total_edges_visited,12
U0,6,1,9,HopcroftKarpMatcher,-1,na,matching_size,4
U0,6,1,9,HopcroftKarpMatcher,-1,na,wall_clock_ms,0.00731
U0,6,1,9,HopcroftKarpMatcher,-1,na,matching_size,4
U0,3,2,35,Oracle,-1,na,oracle_size,3
U0,3,2,35,SimpleAugmentingMatcher,-1,na,wall_clock_ms,0.000526
U0,3,2,35,SimpleAugmentingMatcher,-1,na,matching_size,3
U0,3,2,35,HopcroftKarpMatcher,0,na,paths_found_per_phase,3
U0,3,2,35,HopcroftKarpMatcher,0,na,bfs_edges_visited,9
U0,3,2,35,HopcroftKarpMatcher,0,na,dfs_edges_visited,6
U0,3,2,35,HopcroftKarpMatcher,0,na,defect_at_iteration,0
U0,3,2,35,HopcroftKarpMatcher,-1,na,phase_count,1
U0,3,2,35,HopcroftKarpMatcher,-1,na,main_loop_iters,1
U0,3,2,35,HopcroftKarpMatcher,-1,na,total_bfs_edges_visited,9
U0,3,2,35,HopcroftKarpMatcher,-1,na,total_edges_visited,15
U0,3,2,35,HopcroftKarpMatcher,-1,na,matching_size,3
U0,3,2,35,HopcroftKarpMatcher,-1,na,wall_clock_ms,0.006494
U0,3,2,35,HopcroftKarpMatcher,-1,na,matching_size,3
U0,4,1.5,31,Oracle,-1,na,oracle_size,4
U0,4,1.5,31,SimpleAugmentingMatcher,-1,na,wall_clock_ms,0.00065
U0,4,1.5,31,SimpleAugmentingMatcher,-1,na,matching_size,4
U0,4,1.5,31,HopcroftKarpMatcher,0,na,paths_found_per_phase,4
U0,4,1.5,31,HopcroftKarpMatcher,0,na,bfs_edges_visited,8
U0,4,1.5,31,HopcroftKarpMatcher,0,na,dfs_edges_visited,5
U0,4,1.5,31,HopcroftKarpMatcher,0,na,defect_at_iteration,0
U0,4,1.5,31,HopcroftKarpMatcher,-1,na,phase_count,1
U0,4,1.5,31,HopcroftKarpMatcher,-1,na,main_loop_iters,1
U0,4,1.5,31,HopcroftKarpMatcher,-1,na,total_bfs_edges_visited,8
U0,4,1.5,31,HopcroftKarpMatcher,-1,na,total_edges_visited,13
U0,4,1.5,31,HopcroftKarpMatcher,-1,na,matching_size,4
U0,4,1.5,31,HopcroftKarpMatcher,-1,na,wall_clock_ms,0.007429
U0,4,1.5,31,HopcroftKarpMatcher,-1,na,matching_size,4
U0,3,1,25,Oracle,-1,na,oracle_size,2
U0,3,1,25,SimpleAugmentingMatcher,-1,na,wall_clock_ms,0.00061
U0,3,1,25,SimpleAugmentingMatcher,-1,na,matching_size,2
U0,3,1,25,HopcroftKarpMatcher,0,na,paths_found_per_phase,2
U0,3,1,25,HopcroftKarpMatcher,0,na,bfs_edges_visited,3
U0,3,1,25,HopcroftKarpMatcher,0,na,dfs_edges_visited,3
U0,3,1,25,HopcroftKarpMatcher,0,na,defect_at_iteration,1
U0,3,1,25,HopcroftKarpMatcher,-1,na,phase_count,1
U0,3,1,25,HopcroftKarpMatcher,-1,na,main_loop_iters,1
U0,3,1,25,HopcroftKarpMatcher,-1,na,total_bfs_edges_visited,3
U0,3,1,25,HopcroftKarpMatcher,-1,na,total_edges_visited,6
U0,3,1,25,HopcroftKarpMatcher,-1,na,matching_size,2
U0,3,1,25,HopcroftKarpMatcher,-1,na,wall_clock_ms,0.006022
U0,3,1,25,HopcroftKarpMatcher,-1,na,matching_size,2
U0,2,2,5,Oracle,-1,na,oracle_size,2
U0,2,2,5,SimpleAugmentingMatcher,-1,na,wall_clock_ms,0.000484
U0,2,2,5,SimpleAugmentingMatcher,-1,na,matching_size,2
U0,2,2,5,HopcroftKarpMatcher,0,na,paths_found_per_phase,2
U0,2,2,5,HopcroftKarpMatcher,0,na,bfs_edges_visited,4
U0,2,2,5,HopcroftKarpMatcher,0,na,dfs_edges_visited,3
U0,2,2,5,HopcroftKarpMatcher,0,na,defect_at_iteration,0
U0,2,2,5,HopcroftKarpMatcher,-1,na,phase_count,1
U0,2,2,5,HopcroftKarpMatcher,-1,na,main_loop_iters,1
U0,2,2,5,HopcroftKarpMatcher,-1,na,total_bfs_edges_visited,4
U0,2,2,5,HopcroftKarpMatcher,-1,na,total_edges_visited,7
U0,2,2,5,HopcroftKarpMatcher,-1,na,matching_size,2
U0,2,2,5,HopcroftKarpMatcher,-1,na,wall_clock_ms,0.006086
U0,2,2,5,HopcroftKarpMatcher,-1,na,matching_size,2
U0,6,1.5,32,Oracle,-1,na,oracle_size,6
U0,6,1.5,32,SimpleAugmentingMatcher,-1,na,wall_clock_ms,0.000982
U0,6,1.5,32,SimpleAugmentingMatcher,-1,na,matching_size,6
U0,6,1.5,32,HopcroftKarpMatcher,0,na,paths_found_per_phase,5
U0,6,1.5,32,HopcroftKarpMatcher,0,na,bfs_edges_visited,14
U0,6,1.5,32,HopcroftKarpMatcher,0,na,dfs_edges_visited,9
U0,6,1.5,32,HopcroftKarpMatcher,0,na,defect_at_iteration,1
U0,6,1.5,32,HopcroftKarpMatcher,1,na,paths_found_per_phase,1
U0,6,1.5,32,HopcroftKarpMatcher,1,na,bfs_edges_visited,9
U0,6,1.5,32,HopcroftKarpMatcher,1,na,dfs_edges_visited,12
U0,6,1.5,32,HopcroftKarpMatcher,1,na,defect_at_iteration,0
U0,6,1.5,32,HopcroftKarpMatcher,-1,na,phase_count,2
U0,6,1.5,32,HopcroftKarpMatcher,-1,na,main_loop_iters,2
U0,6,1.5,32,HopcroftKarpMatcher,-1,na,total_bfs_edges_visited,23
U0,6,1.5,32,HopcroftKarpMatcher,-1,na,total_edges_visited,44
U0,6,1.5,32,HopcroftKarpMatcher,-1,na,matching_size,6
U0,6,1.5,32,HopcroftKarpMatcher,-1,na,wall_clock_ms,0.009677
U0,6,1.5,32,HopcroftKarpMatcher,-1,na,matching_size,6
U0,6,1.5,23,Oracle,-1,na,oracle_size,5
U0,6,1.5,23,SimpleAugmentingMatcher,-1,na,wall_clock_ms,0.001037
U0,6,1.5,23,SimpleAugmentingMatcher,-1,na,matching_size,5
U0,6,1.5,23,HopcroftKarpMatcher,0,na,paths_found_per_phase,5
U0,6,1.5,23,HopcroftKarpMatcher,0,na,bfs_edges_visited,14
U0,6,1.5,23,HopcroftKarpMatcher,0,na,dfs_edges_visited,10
U0,6,1.5,23,HopcroftKarpMatcher,0,na,defect_at_iteration,1
U0,6,1.5,23,HopcroftKarpMatcher,-1,na,phase_count,1
U0,6,1.5,23,HopcroftKarpMatcher,-1,na,main_loop_iters,1
U0,6,1.5,23,HopcroftKarpMatcher,-1,na,total_bfs_edges_visited,14
U0,6,1.5,23,HopcroftKarpMatcher,-1,na,total_edges_visited,24
U0,6,1.5,23,HopcroftKarpMatcher,-1,na,matching_size,5
U0,6,1.5,23,HopcroftKarpMatcher,-1,na,wall_clock_ms,0.007013
U0,6,1.5,23,HopcroftKarpMatcher,-1,na,matching_size,5
U0,5,2,48,Oracle,-1,na,oracle_size,5
U0,5,2,48,SimpleAugmentingMatcher,-1,na,wall_clock_ms,0.000777
U0,5,2,48,SimpleAugmentingMatcher,-1,na,matching_size,5
U0,5,2,48,HopcroftKarpMatcher,0,na,paths_found_per_phase,5
U0,5,2,48,HopcroftKarpMatcher,0,na,bfs_edges_visited,25
U0,5,2,48,HopcroftKarpMatcher,0,na,dfs_edges_visited,15
U0,5,2,48,HopcroftKarpMatcher,0,na,defect_at_iteration,0
U0,5,2,48,HopcroftKarpMatcher,-1,na,phase_count,1
U0,5,2,48,HopcroftKarpMatcher,-1,na,main_loop_iters,1
U0,5,2,48,HopcroftKarpMatcher,-1,na,total_bfs_edges_visited,25
U0,5,2,48,HopcroftKarpMatcher,-1,na,total_edges_visited,40
U0,5,2,48,HopcroftKarpMatcher,-1,na,matching_size,5
U0,5,2,48,HopcroftKarpMatcher,-1,na,wall_clock_ms,0.006917
U0,5,2,48,HopcroftKarpMatcher,-1,na,matching_size,5
U0,2,2,35,Oracle,-1,na,oracle_size,2
U0,2,2,35,SimpleAugmentingMatcher,-1,na,wall_clock_ms,0.000459
U0,2,2,35,SimpleAugmentingMatcher,-1,na,matching_size,2
U0,2,2,35,HopcroftKarpMatcher,0,na,paths_found_per_phase,2
U0,2,2,35,HopcroftKarpMatcher,0,na,bfs_edges_visited,4
U0,2,2,35,HopcroftKarpMatcher,0,na,dfs_edges_visited,3
U0,2,2,35,HopcroftKarpMatcher,0,na,defect_at_iteration,0
U0,2,2,35,HopcroftKarpMatcher,-1,na,phase_count,1
U0,2,2,35,HopcroftKarpMatcher,-1,na,main_loop_iters,1
U0,2,2,35,HopcroftKarpMatcher,-1,na,total_bfs_edges_visited,4
U0,2,2,35,HopcroftKarpMatcher,-1,na,total_edges_visited,7
U0,2,2,35,HopcroftKarpMatcher,-1,na,matching_size,2
U0,2,2,35,HopcroftKarpMatcher,-1,na,wall_clock_ms,0.005806
U0,2,2,35,HopcroftKarpMatcher,-1,na,matching_size,2
U0,6,2,21,Oracle,-1,na,oracle_size,6
U0,6,2,21,SimpleAugmentingMatcher,-1,na,wall_clock_ms,0.000917
U0,6,2,21,SimpleAugmentingMatcher,-1,na,matching_size,6
U0,6,2,21,HopcroftKarpMatcher,0,na,paths_found_per_phase,6
U0,6,2,21,HopcroftKarpMatcher,0,na,bfs_edges_visited,36
U0,6,2,21,HopcroftKarpMatcher,0,na,dfs_edges_visited,21
U0,6,2,21,HopcroftKarpMatcher,0,na,defect_at_iteration,0
U0,6,2,21,HopcroftKarpMatcher,-1,na,phase_count,1
U0,6,2,21,HopcroftKarpMatcher,-1,na,main_loop_iters,1
U0,6,2,21,HopcroftKarpMatcher,-1,na,total_bfs_edges_visited,36
U0,6,2,21,HopcroftKarpMatcher,-1,na,total_edges_visited,57
U0,6,2,21,HopcroftKarpMatcher,-1,na,matching_size,6
U0,6,2,21,HopcroftKarpMatcher,-1,na,wall_clock_ms,0.007253
U0,6,2,21,HopcroftKarpMatcher,-1,na,matching_size,6
U0,6,2,13,Oracle,-1,na,oracle_size,6
U0,6,2,13,SimpleAugmentingMatcher,-1,na,wall_clock_ms,0.000788
U0,6,2,13,SimpleAugmentingMatcher,-1,na,matching_size,6
U0,6,2,13,HopcroftKarpMatcher,0,na,paths_found_per_phase,6
U0,6,2,13,HopcroftKarpMatcher,0,na,bfs_edges_visited,36
U0,6,2,13,HopcroftKarpMatcher,0,na,dfs_edges_visited,21
U0,6,2,13,HopcroftKarpMatcher,0,na,defect_at_iteration,0
U0,6,2,13,HopcroftKarpMatcher,-1,na,phase_count,1
U0,6,2,13,HopcroftKarpMatcher,-1,na,main_loop_iters,1
U0,6,2,13,HopcroftKarpMatcher,-1,na,total_bfs_edges_visited,36
U0,6,2,13,HopcroftKarpMatcher,-1,na,total_edges_visited,57
U0,6,2,13,HopcroftKarpMatcher,-1,na,matching_size,6
U0,6,2,13,HopcroftKarpMatcher,-1,na,wall_clock_ms,0.005445
U0,6,2,13,HopcroftKarpMatcher,-1,na,matching_size,6
U0,6,1.5,15,Oracle,-1,na,oracle_size,6
U0,6,1.5,15,SimpleAugmentingMatcher,-1,na,wall_clock_ms,0.000939
U0,6,1.5,15,SimpleAugmentingMatcher,-1,na,matching_size,6
U0,6,1.5,15,HopcroftKarpMatcher,0,na,paths_found_per_phase,6
U0,6,1.5,15,HopcroftKarpMatcher,0,na,bfs_edges_visited,14
U0,6,1.5,15,HopcroftKarpMatcher,0,na,dfs_edges_visited,10
U0,6,1.5,15,HopcroftKarpMatcher,0,na,defect_at_iteration,0
U0,6,1.5,15,HopcroftKarpMatcher,-1,na,phase_count,1
U0,6,1.5,15,HopcroftKarpMatcher,-1,na,main_loop_iters,1
U0,6,1.5,15,HopcroftKarpMatcher,-1,na,total_bfs_edges_visited,14
U0,6,1.5,15,HopcroftKarpMatcher,-1,na,total_edges_visited,24
U0,6,1.5,15,HopcroftKarpMatcher,-1,na,matching_size,6
U0,6,1.5,15,HopcroftKarpMatcher,-1,na,wall_clock_ms,0.006584
U0,6,1.5,15,HopcroftKarpMatcher,-1,na,matching_size,6
U0,4,1,19,Oracle,-1,na,oracle_size,3
U0,4,1,19,SimpleAugmentingMatcher,-1,na,wall_clock_ms,0.000579
U0,4,1,19,SimpleAugmentingMatcher,-1,na,matching_size,3
U0,4,1,19,HopcroftKarpMatcher,0,na,paths_found_per_phase,2
U0,4,1,19,HopcroftKarpMatcher,0,na,bfs_edges_visited,4
U0,4,1,19,HopcroftKarpMatcher,0,na,dfs_edges_visited,3
U0,4,1,19,HopcroftKarpMatcher,0,na,defect_at_iteration,2
U0,4,1,19,HopcroftKarpMatcher,1,na,paths_found_per_phase,1
U0,4,1,19,HopcroftKarpMatcher,1,na,bfs_edges_visited,3
U0,4,1,19,HopcroftKarpMatcher,1,na,dfs_edges_visited,3
U0,4,1,19,HopcroftKarpMatcher,1,na,defect_at_iteration,1
U0,4,1,19,HopcroftKarpMatcher,-1,na,phase_count,2
U0,4,1,19,HopcroftKarpMatcher,-1,na,main_loop_iters,2
U0,4,1,19,HopcroftKarpMatcher,-1,na,total_bfs_edges_visited,7
U0,4,1,19,HopcroftKarpMatcher,-1,na,total_edges_visited,13
U0,4,1,19,HopcroftKarpMatcher,-1,na,matching_size,3
U0,4,1,19,HopcroftKarpMatcher,-1,na,wall_clock_ms,0.009316
U0,4,1,19,HopcroftKarpMatcher,-1,na,matching_size,3
U0,6,1,38,Oracle,-1,na,oracle_size,3
U0,6,1,38,SimpleAugmentingMatcher,-1,na,wall_clock_ms,0.000737
U0,6,1,38,SimpleAugmentingMatcher,-1,na,matching_size,3
U0,6,1,38,HopcroftKarpMatcher,0,na,paths_found_per_phase,3
U0,6,1,38,HopcroftKarpMatcher,0,na,bfs_edges_visited,6
U0,6,1,38,HopcroftKarpMatcher,0,na,dfs_edges_visited,4
U0,6,1,38,HopcroftKarpMatcher,0,na,defect_at_iteration,3
U0,6,1,38,HopcroftKarpMatcher,-1,na,phase_count,1
U0,6,1,38,HopcroftKarpMatcher,-1,na,main_loop_iters,1
U0,6,1,38,HopcroftKarpMatcher,-1,na,total_bfs_edges_visited,6
U0,6,1,38,HopcroftKarpMatcher,-1,na,total_edges_visited,10
U0,6,1,38,HopcroftKarpMatcher,-1,na,matching_size,3
U0,6,1,38,HopcroftKarpMatcher,-1,na,wall_clock_ms,0.006661
U0,6,1,38,HopcroftKarpMatcher,-1,na,matching_size,3
U0,5,2,29,Oracle,-1,na,oracle_size,5
U0,5,2,29,SimpleAugmentingMatcher,-1,na,wall_clock_ms,0.00087
U0,5,2,29,SimpleAugmentingMatcher,-1,na,matching_size,5
U0,5,2,29,HopcroftKarpMatcher,0,na,paths_found_per_phase,5
U0,5,2,29,HopcroftKarpMatcher,0,na,bfs_edges_visited,25
U0,5,2,29,HopcroftKarpMatcher,0,na,dfs_edges_visited,15
U0,5,2,29,HopcroftKarpMatcher,0,na,defect_at_iteration,0
U0,5,2,29,HopcroftKarpMatcher,-1,na,phase_count,1
U0,5,2,29,HopcroftKarpMatcher,-1,na,main_loop_iters,1
U0,5,2,29,HopcroftKarpMatcher,-1,na,total_bfs_edges_visited,25
U0,5,2,29,HopcroftKarpMatcher,-1,na,total_edges_visited,40
U0,5,2,29,HopcroftKarpMatcher,-1,na,matching_size,5
U0,5,2,29,HopcroftKarpMatcher,-1,na,wall_clock_ms,0.006779
U0,5,2,29,HopcroftKarpMatcher,-1,na,matching_size,5
U0,5,1.5,46,Oracle,-1,na,oracle_size,4
U0,5,1.5,46,SimpleAugmentingMatcher,-1,na,wall_clock_ms,0.000644
U0,5,1.5,46,SimpleAugmentingMatcher,-1,na,matching_size,4
U0,5,1.5,46,HopcroftKarpMatcher,0,na,paths_found_per_phase,4
U0,5,1.5,46,HopcroftKarpMatcher,0,na,bfs_edges_visited,11
U0,5,1.5,46,HopcroftKarpMatcher,0,na,dfs_edges_visited,8
U0,5,1.5,46,HopcroftKarpMatcher,0,na,defect_at_iteration,1
U0,5,1.5,46,HopcroftKarpMatcher,-1,na,phase_count,1
U0,5,1.5,46,HopcroftKarpMatcher,-1,na,main_loop_iters,1
U0,5,1.5,46,HopcroftKarpMatcher,-1,na,total_bfs_edges_visited,11
U0,5,1.5,46,HopcroftKarpMatcher,-1,na,total_edges_visited,19
U0,5,1.5,46,HopcroftKarpMatcher,-1,na,matching_size,4
U0,5,1.5,46,HopcroftKarpMatcher,-1,na,wall_clock_ms,0.00542
U0,5,1.5,46,HopcroftKarpMatcher,-1,na,matching_size,4
U0,6,1.5,7,Oracle,-1,na,oracle_size,5
U0,6,1.5,7,SimpleAugmentingMatcher,-1,na,wall_clock_ms,0.00082
U0,6,1.5,7,SimpleAugmentingMatcher,-1,na,matching_size,5
U0,6,1.5,7,HopcroftKarpMatcher,0,na,paths_found_per_phase,5
U0,6,1.5,7,HopcroftKarpMatcher,0,na,bfs_edges_visited,14
U0,6,1.5,7,HopcroftKarpMatcher,0,na,dfs_edges_visited,9
U0,6,1.5,7,HopcroftKarpMatcher,0,na,defect_at_iteration,1
U0,6,1.5,7,HopcroftKarpMatcher,-1,na,phase_count,1
U0,6,1.5,7,HopcroftKarpMatcher,-1,na,main_loop_iters,1
U0,6,1.5,7,HopcroftKarpMatcher,-1,na,total_bfs_edges_visited,14
U0,6,1.5,7,HopcroftKarpMatcher,-1,na,total_edges_visited,23
U0,6,1.5,7,HopcroftKarpMatcher,-1,na,matching_size,5
U0,6,1.5,7,HopcroftKarpMatcher,-1,na,wall_clock_ms,0.007533
U0,6,1.5,7,HopcroftKarpMatcher,-1,na,matching_size,5
U0,5,1,42,Oracle,-1,na,oracle_size,2
U0,5,1,42,SimpleAugmentingMatcher,-1,na,wall_clock_ms,0.00063
U0,5,1,42,SimpleAugmentingMatcher,-1,na,matching_size,2
U0,5,1,42,HopcroftKarpMatcher,0,na,paths_found_per_phase,2
U0,5,1,42,HopcroftKarpMatcher,0,na,bfs_edges_visited,5
U0,5,1,42,HopcroftKarpMatcher,0,na,dfs_edges_visited,3
U0,5,1,42,HopcroftKarpMatcher,0,na,defect_at_iteration,3
U0,5,1,42,HopcroftKarpMatcher,-1,na,phase_count,1
U0,5,1,42,HopcroftKarpMatcher,-1,na,main_loop_iters,1
U0,5,1,42,HopcroftKarpMatcher,-1,na,total_bfs_edges_visited,5
U0,5,1,42,HopcroftKarpMatcher,-1,na,total_edges_visited,8
U0,5,1,42,HopcroftKarpMatcher,-1,na,matching_size,2
U0,5,1,42,HopcroftKarpMatcher,-1,na,wall_clock_ms,0.006631
U0,5,1,42,HopcroftKarpMatcher,-1,na,matching_size,2
U0,6,1.5,35,Oracle,-1,na,oracle_size,5
U0,6,1.5,35,SimpleAugmentingMatcher,-1,na,wall_clock_ms,0.000815
U0,6,1.5,35,SimpleAugmentingMatcher,-1,na,matching_size,5
U0,6,1.5,35,HopcroftKarpMatcher,0,na,paths_found_per_phase,5
U0,6,1.5,35,HopcroftKarpMatcher,0,na,bfs_edges_visited,14
U0,6,1.5,35,HopcroftKarpMatcher,0,na,dfs_edges_visited,6
U0,6,1.5,35,HopcroftKarpMatcher,0,na,defect_at_iteration,1
U0,6,1.5,35,HopcroftKarpMatcher,-1,na,phase_count,1
U0,6,1.5,35,HopcroftKarpMatcher,-1,na,main_loop_iters,1
U0,6,1.5,35,HopcroftKarpMatcher,-1,na,total_bfs_edges_visited,14
U0,6,1.5,35,HopcroftKarpMatcher,-1,na,total_edges_visited,20
U0,6,1.5,35,HopcroftKarpMatcher,-1,na,matching_size,5
U0,6,1.5,35,HopcroftKarpMatcher,-1,na,wall_clock_ms,0.007287
U0,6,1.5,35,HopcroftKarpMatcher,-1,na,matching_size,5
U0,3,1.5,13,Oracle,-1,na,oracle_size,3
U0,3,1.5,13,SimpleAugmentingMatcher,-1,na,wall_clock_ms,0.000558
U0,3,1.5,13,SimpleAugmentingMatcher,-1,na,matching_size,3
U0,3,1.5,13,HopcroftKarpMatcher,0,na,paths_found_per_phase,2
U0,3,1.5,13,HopcroftKarpMatcher,0,na,bfs_edges_visited,5
U0,3,1.5,13,HopcroftKarpMatcher,0,na,dfs_edges_visited,3
U0,3,1.5,13,HopcroftKarpMatcher,0,na,defect_at_iteration,1
U0,3,1.5,13,HopcroftKarpMatcher,1,na,paths_found_per_phase,1
U0,3,1.5,13,HopcroftKarpMatcher,1,na,bfs_edges_visited,5
U0,3,1.5,13,HopcroftKarpMatcher,1,na,dfs_edges_visited,5
U0,3,1.5,13,HopcroftKarpMatcher,1,na,defect_at_iteration,0
U0,3,1.5,13,HopcroftKarpMatcher,-1,na,phase_count,2
U0,3,1.5,13,HopcroftKarpMatcher,-1,na,main_loop_iters,2
U0,3,1.5,13,HopcroftKarpMatcher,-1,na,total_bfs_edges_visited,10
U0,3,1.5,13,HopcroftKarpMatcher,-1,na,total_edges_visited,18
U0,3,1.5,13,HopcroftKarpMatcher,-1,na,matching_size,3
U0,3,1.5,13,HopcroftKarpMatcher,-1,na,wall_clock_ms,0.008937
U0,3,1.5,13,HopcroftKarpMatcher,-1,na,matching_size,3
U0,2,1,43,Oracle,-1,na,oracle_size,1
U0,2,1,43,SimpleAugmentingMatcher,-1,na,wall_clock_ms,0.000483
U0,2,1,43,SimpleAugmentingMatcher,-1,na,matching_size,1
U0,2,1,43,HopcroftKarpMatcher,0,na,paths_found_per_phase,1
U0,2,1,43,HopcroftKarpMatcher,0,na,bfs_edges_visited,2
U0,2,1,43,HopcroftKarpMatcher,0,na,dfs_edges_visited,2
U0,2,1,43,HopcroftKarpMatcher,0,na,defect_at_iteration,1
U0,2,1,43,HopcroftKarpMatcher,-1,na,phase_count,1
U0,2,1,43,HopcroftKarpMatcher,-1,na,main_loop_iters,1
U0,2,1,43,HopcroftKarpMatcher,-1,na,total_bfs_edges_visited,2
U0,2,1,43,HopcroftKarpMatcher,-1,na,total_edges_visited,4
U0,2,1,43,HopcroftKarpMatcher,-1,na,matching_size,1
U0,2,1,43,HopcroftKarpMatcher,-1,na,wall_clock_ms,0.005669
U0,2,1,43,HopcroftKarpMatcher,-1,na,matching_size,1
U0,4,2,44,Oracle,-1,na,oracle_size,4
U0,4,2,44,SimpleAugmentingMatcher,-1,na,wall_clock_ms,0.00066
U0,4,2,44,SimpleAugmentingMatcher,-1,na,matching_size,4
U0,4,2,44,HopcroftKarpMatcher,0,na,paths_found_per_phase,4
U0,4,2,44,HopcroftKarpMatcher,0,na,bfs_edges_visited,16
U0,4,2,44,HopcroftKarpMatcher,0,na,dfs_edges_visited,10
U0,4,2,44,HopcroftKarpMatcher,0,na,defect_at_iteration,0
U0,4,2,44,HopcroftKarpMatcher,-1,na,phase_count,1
U0,4,2,44,HopcroftKarpMatcher,-1,na,main_loop_iters,1
U0,4,2,44,HopcroftKarpMatcher,-1,na,total_bfs_edges_visited,16
U0,4,2,44,HopcroftKarpMatcher,-1,na,total_edges_visited,26
U0,4,2,44,HopcroftKarpMatcher,-1,na,matching_size,4
U0,4,2,44,HopcroftKarpMatcher,-1,na,wall_clock_ms,0.006963
U0,4,2,44,HopcroftKarpMatcher,-1,na,matching_size,4
U0,2,1,30,Oracle,-1,na,oracle_size,1
U0,2,1,30,SimpleAugmentingMatcher,-1,na,wall_clock_ms,0.00039
U0,2,1,30,SimpleAugmentingMatcher,-1,na,matching_size,1
U0,2,1,30,HopcroftKarpMatcher,0,na,paths_found_per_phase,1
U0,2,1,30,HopcroftKarpMatcher,0,na,bfs_edges_visited,2
U0,2,1,30,HopcroftKarpMatcher,0,na,dfs_edges_visited,2
U0,2,1,30,HopcroftKarpMatcher,0,na,defect_at_iteration,1
U0,2,1,30,HopcroftKarpMatcher,-1,na,phase_count,1
U0,2,1,30,HopcroftKarpMatcher,-1,na,main_loop_iters,1
U0,2,1,30,HopcroftKarpMatcher,-1,na,total_bfs_edges_visited,2
U0,2,1,30,HopcroftKarpMatcher,-1,na,total_edges_visited,4
U0,2,1,30,HopcroftKarpMatcher,-1,na,matching_size,1
U0,2,1,30,HopcroftKarpMatcher,-1,na,wall_clock_ms,0.004298
U0,2,1,30,HopcroftKarpMatcher,-1,na,matching_size,1
U0,6,2,24,Oracle,-1,na,oracle_size,6
U0,6,2,24,SimpleAugmentingMatcher,-1,na,wall_clock_ms,0.000881
U0,6,2,24,SimpleAugmentingMatcher,-1,na,matching_size,6
U0,6,2,24,HopcroftKarpMatcher,0,na,paths_found_per_phase,6
U0,6,2,24,HopcroftKarpMatcher,0,na,bfs_edges_visited,36
U0,6,2,24,HopcroftKarpMatcher,0,na,dfs_edges_visited,21
U0,6,2,24,HopcroftKarpMatcher,0,na,defect_at_iteration,0
U0,6,2,24,HopcroftKarpMatcher,-1,na,phase_count,1
U0,6,2,24,HopcroftKarpMatcher,-1,na,main_loop_iters,1
U0,6,2,24,HopcroftKarpMatcher,-1,na,total_bfs_edges_visited,36
U0,6,2,24,HopcroftKarpMatcher,-1,na,total_edges_visited,57
U0,6,2,24,HopcroftKarpMatcher,-1,na,matching_size,6
U0,6,2,24,HopcroftKarpMatcher,-1,na,wall_clock_ms,0.006414
U0,6,2,24,HopcroftKarpMatcher,-1,na,matching_size,6
U0,5,2,4,Oracle,-1,na,oracle_size,5
U0,5,2,4,SimpleAugmentingMatcher,-1,na,wall_clock_ms,0.000662
U0,5,2,4,SimpleAugmentingMatcher,-1,na,matching_size,5
U0,5,2,4,HopcroftKarpMatcher,0,na,paths_found_per_phase,5
U0,5,2,4,HopcroftKarpMatcher,0,na,bfs_edges_visited,25
U0,5,2,4,HopcroftKarpMatcher,0,na,dfs_edges_visited,15
U0,5,2,4,HopcroftKarpMatcher,0,na,defect_at_iteration,0
U0,5,2,4,HopcroftKarpMatcher,-1,na,phase_count,1
U0,5,2,4,HopcroftKarpMatcher,-1,na,main_loop_iters,1
U0,5,2,4,HopcroftKarpMatcher,-1,na,total_bfs_edges_visited,25
U0,5,2,4,HopcroftKarpMatcher,-1,na,total_edges_visited,40
U0,5,2,4,HopcroftKarpMatcher,-1,na,matching_size,5
U0,5,2,4,HopcroftKarpMatcher,-1,na,wall_clock_ms,0.004955
U0,5,2,4,HopcroftKarpMatcher,-1,na,matching_size,5
U0,5,1,9,Oracle,-1,na,oracle_size,3
U0,5,1,9,SimpleAugmentingMatcher,-1,na,wall_clock_ms,0.000536
U0,5,1,9,SimpleAugmentingMatcher,-1,na,matching_size,3
U0,5,1,9,HopcroftKarpMatcher,0,na,paths_found_per_phase,3
U0,5,1,9,HopcroftKarpMatcher,0,na,bfs_edges_visited,5
U0,5,1,9,HopcroftKarpMatcher,0,na,dfs_edges_visited,3
U0,5,1,9,HopcroftKarpMatcher,0,na,defect_at_iteration,2
U0,5,1,9,HopcroftKarpMatcher,-1,na,phase_count,1
U0,5,1,9,HopcroftKarpMatcher,-1,na,main_loop_iters,1
U0,5,1,9,HopcroftKarpMatcher,-1,na,total_bfs_edges_visited,5
U0,5,1,9,HopcroftKarpMatcher,-1,na,total_edges_visited,8
U0,5,1,9,HopcroftKarpMatcher,-1,na,matching_size,3
U0,5,1,9,HopcroftKarpMatcher,-1,na,wall_clock_ms,0.006436
U0,5,1,9,HopcroftKarpMatcher,-1,na,matching_size,3
U0,6,1.5,45,Oracle,-1,na,oracle_size,5
U0,6,1.5,45,SimpleAugmentingMatcher,-1,na,wall_clock_ms,0.000811
U0,6,1.5,45,SimpleAugmentingMatcher,-1,na,matching_size,5
U0,6,1.5,45,HopcroftKarpMatcher,0,na,paths_found_per_phase,5
U0,6,1.5,45,HopcroftKarpMatcher,0,na,bfs_edges_visited,14
U0,6,1.5,45,HopcroftKarpMatcher,0,na,dfs_edges_visited,9
U0,6,1.5,45,HopcroftKarpMatcher,0,na,defect_at_iteration,1
U0,6,1.5,45,HopcroftKarpMatcher,-1,na,phase_count,1
U0,6,1.5,45,HopcroftKarpMatcher,-1,na,main_loop_iters,1
U0,6,1.5,45,HopcroftKarpMatcher,-1,na,total_bfs_edges_visited,14
U0,6,1.5,45,HopcroftKarpMatcher,-1,na,total_edges_visited,23
U0,6,1.5,45,HopcroftKarpMatcher,-1,na,matching_size,5
U0,6,1.5,45,HopcroftKarpMatcher,-1,na,wall_clock_ms,0.00542
U0,6,1.5,45,HopcroftKarpMatcher,-1,na,matching_size,5
U0,6,2,47,Oracle,-1,na,oracle_size,6
U0,6,2,47,SimpleAugmentingMatcher,-1,na,wall_clock_ms,0.001008
U0,6,2,47,SimpleAugmentingMatcher,-1,na,matching_size,6
U0,6,2,47,HopcroftKarpMatcher,0,na,paths_found_per_phase,6
U0,6,2,47,HopcroftKarpMatcher,0,na,bfs_edges_visited,36
U0,6,2,47,HopcroftKarpMatcher,0,na,dfs_edges_visited,21
U0,6,2,47,HopcroftKarpMatcher,0,na,defect_at_iteration,0
U0,6,2,47,HopcroftKarpMatcher,-1,na,phase_count,1
U0,6,2,47,HopcroftKarpMatcher,-1,na,main_loop_iters,1
U0,6,2,47,HopcroftKarpMatcher,-1,na,total_bfs_edges_visited,36
U0,6,2,47,HopcroftKarpMatcher,-1,na,total_edges_visited,57
U0,6,2,47,HopcroftKarpMatcher,-1,na,matching_size,6
U0,6,2,47,HopcroftKarpMatcher,-1,na,wall_clock_ms,0.007646
U0,6,2,47,HopcroftKarpMatcher,-1,na,matching_size,6
U0,4,1.5,10,Oracle,-1,na,oracle_size,4
U0,4,1.5,10,SimpleAugmentingMatcher,-1,na,wall_clock_ms,0.000638
U0,4,1.5,10,SimpleAugmentingMatcher,-1,na,matching_size,4
U0,4,1.5,10,HopcroftKarpMatcher,0,na,paths_found_per_phase,3
U0,4,1.5,10,HopcroftKarpMatcher,0,na,bfs_edges_visited,8
U0,4,1.5,10,HopcroftKarpMatcher,0,na,dfs_edges_visited,5
U0,4,1.5,10,HopcroftKarpMatcher,0,na,defect_at_iteration,1
U0,4,1.5,10,HopcroftKarpMatcher,1,na,paths_found_per_phase,1
U0,4,1.5,10,HopcroftKarpMatcher,1,na,bfs_edges_visited,6
U0,4,1.5,10,HopcroftKarpMatcher,1,na,dfs_edges_visited,4
U0,4,1.5,10,HopcroftKarpMatcher,1,na,defect_at_iteration,0
U0,4,1.5,10,HopcroftKarpMatcher,-1,na,phase_count,2
U0,4,1.5,10,HopcroftKarpMatcher,-1,na,main_loop_iters,2
U0,4,1.5,10,HopcroftKarpMatcher,-1,na,total_bfs_edges_visited,14
U0,4,1.5,10,HopcroftKarpMatcher,-1,na,total_edges_visited,23
U0,4,1.5,10,HopcroftKarpMatcher,-1,na,matching_size,4
U0,4,1.5,10,HopcroftKarpMatcher,-1,na,wall_clock_ms,0.009527
U0,4,1.5,10,HopcroftKarpMatcher,-1,na,matching_size,4
U0,2,2,1,Oracle,-1,na,oracle_size,2
U0,2,2,1,SimpleAugmentingMatcher,-1,na,wall_clock_ms,0.000465
U0,2,2,1,SimpleAugmentingMatcher,-1,na,matching_size,2
U0,2,2,1,HopcroftKarpMatcher,0,na,paths_found_per_phase,2
U0,2,2,1,HopcroftKarpMatcher,0,na,bfs_edges_visited,4
U0,2,2,1,HopcroftKarpMatcher,0,na,dfs_edges_visited,3
U0,2,2,1,HopcroftKarpMatcher,0,na,defect_at_iteration,0
U0,2,2,1,HopcroftKarpMatcher,-1,na,phase_count,1
U0,2,2,1,HopcroftKarpMatcher,-1,na,main_loop_iters,1
U0,2,2,1,HopcroftKarpMatcher,-1,na,total_bfs_edges_visited,4
U0,2,2,1,HopcroftKarpMatcher,-1,na,total_edges_visited,7
U0,2,2,1,HopcroftKarpMatcher,-1,na,matching_size,2
U0,2,2,1,HopcroftKarpMatcher,-1,na,wall_clock_ms,0.005814
U0,2,2,1,HopcroftKarpMatcher,-1,na,matching_size,2
U0,3,2,26,Oracle,-1,na,oracle_size,3
U0,3,2,26,SimpleAugmentingMatcher,-1,na,wall_clock_ms,0.000541
U0,3,2,26,SimpleAugmentingMatcher,-1,na,matching_size,3
U0,3,2,26,HopcroftKarpMatcher,0,na,paths_found_per_phase,3
U0,3,2,26,HopcroftKarpMatcher,0,na,bfs_edges_visited,9
U0,3,2,26,HopcroftKarpMatcher,0,na,dfs_edges_visited,6
U0,3,2,26,HopcroftKarpMatcher,0,na,defect_at_iteration,0
U0,3,2,26,HopcroftKarpMatcher,-1,na,phase_count,1
U0,3,2,26,HopcroftKarpMatcher,-1,na,main_loop_iters,1
U0,3,2,26,HopcroftKarpMatcher,-1,na,total_bfs_edges_visited,9
U0,3,2,26,HopcroftKarpMatcher,-1,na,total_edges_visited,15
U0,3,2,26,HopcroftKarpMatcher,-1,na,matching_size,3
U0,3,2,26,HopcroftKarpMatcher,-1,na,wall_clock_ms,0.006515
U0,3,2,26,HopcroftKarpMatcher,-1,na,matching_size,3
U0,4,2,33,Oracle,-1,na,oracle_size,4
U0,4,2,33,SimpleAugmentingMatcher,-1,na,wall_clock_ms,0.000516
U0,4,2,33,SimpleAugmentingMatcher,-1,na,matching_size,4
U0,4,2,33,HopcroftKarpMatcher,0,na,paths_found_per_phase,4
U0,4,2,33,HopcroftKarpMatcher,0,na,bfs_edges_visited,16
U0,4,2,33,HopcroftKarpMatcher,0,na,dfs_edges_visited,10
U0,4,2,33,HopcroftKarpMatcher,0,na,defect_at_iteration,0
U0,4,2,33,HopcroftKarpMatcher,-1,na,phase_count,1
U0,4,2,33,HopcroftKarpMatcher,-1,na,main_loop_iters,1
U0,4,2,33,HopcroftKarpMatcher,-1,na,total_bfs_edges_visited,16
U0,4,2,33,HopcroftKarpMatcher,-1,na,total_edges_visited,26
U0,4,2,33,HopcroftKarpMatcher,-1,na,matching_size,4
U0,4,2,33,HopcroftKarpMatcher,-1,na,wall_clock_ms,0.006382
U0,4,2,33,HopcroftKarpMatcher,-1,na,matching_size,4
U0,3,2,38,Oracle,-1,na,oracle_size,3
U0,3,2,38,SimpleAugmentingMatcher,-1,na,wall_clock_ms,0.000631
U0,3,2,38,SimpleAugmentingMatcher,-1,na,matching_size,3
U0,3,2,38,HopcroftKarpMatcher,0,na,paths_found_per_phase,3
U0,3,2,38,HopcroftKarpMatcher,0,na,bfs_edges_visited,9
U0,3,2,38,HopcroftKarpMatcher,0,na,dfs_edges_visited,6
U0,3,2,38,HopcroftKarpMatcher,0,na,defect_at_iteration,0
U0,3,2,38,HopcroftKarpMatcher,-1,na,phase_count,1
U0,3,2,38,HopcroftKarpMatcher,-1,na,main_loop_iters,1
U0,3,2,38,HopcroftKarpMatcher,-1,na,total_bfs_edges_visited,9
U0,3,2,38,HopcroftKarpMatcher,-1,na,total_edges_visited,15
U0,3,2,38,HopcroftKarpMatcher,-1,na,matching_size,3
U0,3,2,38,HopcroftKarpMatcher,-1,na,wall_clock_ms,0.007028
U0,3,2,38,HopcroftKarpMatcher,-1,na,matching_size,3
U0,4,2,7,Oracle,-1,na,oracle_size,4
U0,4,2,7,SimpleAugmentingMatcher,-1,na,wall_clock_ms,0.000623
U0,4,2,7,SimpleAugmentingMatcher,-1,na,matching_size,4
U0,4,2,7,HopcroftKarpMatcher,0,na,paths_found_per_phase,4
U0,4,2,7,HopcroftKarpMatcher,0,na,bfs_edges_visited,16
U0,4,2,7,HopcroftKarpMatcher,0,na,dfs_edges_visited,10
U0,4,2,7,HopcroftKarpMatcher,0,na,defect_at_iteration,0
U0,4,2,7,HopcroftKarpMatcher,-1,na,phase_count,1
U0,4,2,7,HopcroftKarpMatcher,-1,na,main_loop_iters,1
U0,4,2,7,HopcroftKarpMatcher,-1,na,total_bfs_edges_visited,16
U0,4,2,7,HopcroftKarpMatcher,-1,na,total_edges_visited,26
U0,4,2,7,HopcroftKarpMatcher,-1,na,matching_size,4
U0,4,2,7,HopcroftKarpMatcher,-1,na,wall_clock_ms,0.006835
U0,4,2,7,HopcroftKarpMatcher,-1,na,matching_size,4
U0,3,1.5,41,Oracle,-1,na,oracle_size,3
U0,3,1.5,41,SimpleAugmentingMatcher,-1,na,wall_clock_ms,0.000558
U0,3,1.5,41,SimpleAugmentingMatcher,-1,na,matching_size,3
U0,3,1.5,41,HopcroftKarpMatcher,0,na,paths_found_per_phase,2
U0,3,1.5,41,HopcroftKarpMatcher,0,na,bfs_edges_visited,5
U0,3,1.5,41,HopcroftKarpMatcher,0,na,dfs_edges_visited,3
U0,3,1.5,41,HopcroftKarpMatcher,0,na,defect_at_iteration,1
U0,3,1.5,41,HopcroftKarpMatcher,1,na,paths_found_per_phase,1
U0,3,1.5,41,HopcroftKarpMatcher,1,na,bfs_edges_visited,3
U0,3,1.5,41,HopcroftKarpMatcher,1,na,dfs_edges_visited,3
U0,3,1.5,41,HopcroftKarpMatcher,1,na,defect_at_iteration,0
U0,3,1.5,41,HopcroftKarpMatcher,-1,na,phase_count,2
U0,3,1.5,41,HopcroftKarpMatcher,-1,na,main_loop_iters,2
U0,3,1.5,41,HopcroftKarpMatcher,-1,na,total_bfs_edges_visited,8
U0,3,1.5,41,HopcroftKarpMatcher,-1,na,total_edges_visited,14
U0,3,1.5,41,HopcroftKarpMatcher,-1,na,matching_size,3
U0,3,1.5,41,HopcroftKarpMatcher,-1,na,wall_clock_ms,0.009542
U0,3,1.5,41,HopcroftKarpMatcher,-1,na,matching_size,3
U0,5,1,32,Oracle,-1,na,oracle_size,3
U0,5,1,32,SimpleAugmentingMatcher,-1,na,wall_clock_ms,0.000624
U0,5,1,32,SimpleAugmentingMatcher,-1,na,matching_size,3
U0,5,1,32,HopcroftKarpMatcher,0,na,paths_found_per_phase,3
U0,5,1,32,HopcroftKarpMatcher,0,na,bfs_edges_visited,5
U0,5,1,32,HopcroftKarpMatcher,0,na,dfs_edges_visited,4
U0,5,1,32,HopcroftKarpMatcher,0,na,defect_at_iteration,2
U0,5,1,32,HopcroftKarpMatcher,-1,na,phase_count,1
U0,5,1,32,HopcroftKarpMatcher,-1,na,main_loop_iters,1
U0,5,1,32,HopcroftKarpMatcher,-1,na,total_bfs_edges_visited,5
U0,5,1,32,HopcroftKarpMatcher,-1,na,total_edges_visited,9
U0,5,1,32,HopcroftKarpMatcher,-1,na,matching_size,3
U0,5,1,32,HopcroftKarpMatcher,-1,na,wall_clock_ms,0.006261
U0,5,1,32,HopcroftKarpMatcher,-1,na,matching_size,3
U0,2,2,30,Oracle,-1,na,oracle_size,2
U0,2,2,30,SimpleAugmentingMatcher,-1,na,wall_clock_ms,0.00042
U0,2,2,30,SimpleAugmentingMatcher,-1,na,matching_size,2
U0,2,2,30,HopcroftKarpMatcher,0,na,paths_found_per_phase,2
U0,2,2,30,HopcroftKarpMatcher,0,na,bfs_edges_visited,4
U0,2,2,30,HopcroftKarpMatcher,0,na,dfs_edges_visited,3
U0,2,2,30,HopcroftKarpMatcher,0,na,defect_at_iteration,0
U0,2,2,30,HopcroftKarpMatcher,-1,na,phase_count,1
U0,2,2,30,HopcroftKarpMatcher,-1,na,main_loop_iters,1
U0,2,2,30,HopcroftKarpMatcher,-1,na,total_bfs_edges_visited,4
U0,2,2,30,HopcroftKarpMatcher,-1,na,total_edges_visited,7
U0,2,2,30,HopcroftKarpMatcher,-1,na,matching_size,2
U0,2,2,30,HopcroftKarpMatcher,-1,na,wall_clock_ms,0.006081
U0,2,2,30,HopcroftKarpMatcher,-1,na,matching_size,2
U0,4,1,22,Oracle,-1,na,oracle_size,3
U0,4,1,22,SimpleAugmentingMatcher,-1,na,wall_clock_ms,0.000611
U0,4,1,22,SimpleAugmentingMatcher,-1,na,matching_size,3
U0,4,1,22,HopcroftKarpMatcher,0,na,paths_found_per_phase,3
U0,4,1,22,HopcroftKarpMatcher,0,na,bfs_edges_visited,4
U0,4,1,22,HopcroftKarpMatcher,0,na,dfs_edges_visited,3
U0,4,1,22,HopcroftKarpMatcher,0,na,defect_at_iteration,1
U0,4,1,22,HopcroftKarpMatcher,-1,na,phase_count,1
U0,4,1,22,HopcroftKarpMatcher,-1,na,main_loop_iters,1
U0,4,1,22,HopcroftKarpMatcher,-1,na,total_bfs_edges_visited,4
U0,4,1,22,HopcroftKarpMatcher,-1,na,total_edges_visited,7
U0,4,1,22,HopcroftKarpMatcher,-1,na,matching_size,3
U0,4,1,22,HopcroftKarpMatcher,-1,na,wall_clock_ms,0.00617
U0,4,1,22,HopcroftKarpMatcher,-1,na,matching_size,3
U0,5,1,5,Oracle,-1,na,oracle_size,3
U0,5,1,5,SimpleAugmentingMatcher,-1,na,wall_clock_ms,0.000608
U0,5,1,5,SimpleAugmentingMatcher,-1,na,matching_size,3
U0,5,1,5,HopcroftKarpMatcher,0,na,paths_found_per_phase,3
U0,5,1,5,HopcroftKarpMatcher,0,na,bfs_edges_visited,5
U0,5,1,5,HopcroftKarpMatcher,0,na,dfs_edges_visited,4
U0,5,1,5,HopcroftKarpMatcher,0,na,defect_at_iteration,2
U0,5,1,5,HopcroftKarpMatcher,-1,na,phase_count,1
U0,5,1,5,HopcroftKarpMatcher,-1,na,main_loop_iters,1
U0,5,1,5,HopcroftKarpMatcher,-1,na,total_bfs_edges_visited,5
U0,5,1,5,HopcroftKarpMatcher,-1,na,total_edges_visited,9
U0,5,1,5,HopcroftKarpMatcher,-1,na,matching_size,3
U0,5,1,5,HopcroftKarpMatcher,-1,na,wall_clock_ms,0.006538
U0,5,1,5,HopcroftKarpMatcher,-1,na,matching_size,3
U0,6,2,44,Oracle,-1,na,oracle_size,6
U0,6,2,44,SimpleAugmentingMatcher,-1,na,wall_clock_ms,0.000973
U0,6,2,44,SimpleAugmentingMatcher,-1,na,matching_size,6
U0,6,2,44,HopcroftKarpMatcher,0,na,paths_found_per_phase,6
U0,6,2,44,HopcroftKarpMatcher,0,na,bfs_edges_visited,36
U0,6,2,44,HopcroftKarpMatcher,0,na,dfs_edges_visited,21
U0,6,2,44,HopcroftKarpMatcher,0,na,defect_at_iteration,0
U0,6,2,44,HopcroftKarpMatcher,-1,na,phase_count,1
U0,6,2,44,HopcroftKarpMatcher,-1,na,main_loop_iters,1
U0,6,2,44,HopcroftKarpMatcher,-1,na,total_bfs_edges_visited,36
U0,6,2,44,HopcroftKarpMatcher,-1,na,total_edges_visited,57
U0,6,2,44,HopcroftKarpMatcher,-1,na,matching_size,6
U0,6,2,44,HopcroftKarpMatcher,-1,na,wall_clock_ms,0.007495
U0,6,2,44,HopcroftKarpMatcher,-1,na,matching_size,6
U0,3,1.5,30,Oracle,-1,na,oracle_size,2
U0,3,1.5,30,SimpleAugmentingMatcher,-1,na,wall_clock_ms,0.000457
U0,3,1.5,30,SimpleAugmentingMatcher,-1,na,matching_size,2
U0,3,1.5,30,HopcroftKarpMatcher,0,na,paths_found_per_phase,2
U0,3,1.5,30,HopcroftKarpMatcher,0,na,bfs_edges_visited,5
U0,3,1.5,30,HopcroftKarpMatcher,0,na,dfs_edges_visited,3
U0,3,1.5,30,HopcroftKarpMatcher,0,na,defect_at_iteration,1
U0,3,1.5,30,HopcroftKarpMatcher,-1,na,phase_count,1
U0,3,1.5,30,HopcroftKarpMatcher,-1,na,main_loop_iters,1
U0,3,1.5,30,HopcroftKarpMatcher,-1,na,total_bfs_edges_visited,5
U0,3,1.5,30,HopcroftKarpMatcher,-1,na,total_edges_visited,8
U0,3,1.5,30,HopcroftKarpMatcher,-1,na,matching_size,2
U0,3,1.5,30,HopcroftKarpMatcher,-1,na,wall_clock_ms,0.006492
U0,3,1.5,30,HopcroftKarpMatcher,-1,na,matching_size,2
U0,5,1.5,34,Oracle,-1,na,oracle_size,5
U0,5,1.5,34,SimpleAugmentingMatcher,-1,na,wall_clock_ms,0.000815
U0,5,1.5,34,SimpleAugmentingMatcher,-1,na,matching_size,5
U0,5,1.5,34,HopcroftKarpMatcher,0,na,paths_found_per_phase,4
U0,5,1.5,34,HopcroftKarpMatcher,0,na,bfs_edges_visited,11
U0,5,1.5,34,HopcroftKarpMatcher,0,na,dfs_edges_visited,8
U0,5,1.5,34,HopcroftKarpMatcher,0,na,defect_at_iteration,1
U0,5,1.5,34,HopcroftKarpMatcher,1,na,paths_found_per_phase,1
U0,5,1.5,34,HopcroftKarpMatcher,1,na,bfs_edges_visited,11
U0,5,1.5,34,HopcroftKarpMatcher,1,na,dfs_edges_visited,10
U0,5,1.5,34,HopcroftKarpMatcher,1,na,defect_at_iteration,0
U0,5,1.5,34,HopcroftKarpMatcher,-1,na,phase_count,2
U0,5,1.5,34,HopcroftKarpMatcher,-1,na,main_loop_iters,2
U0,5,1.5,34,HopcroftKarpMatcher,-1,na,total_bfs_edges_visited,22
U0,5,1.5,34,HopcroftKarpMatcher,-1,na,total_edges_visited,40
U0,5,1.5,34,HopcroftKarpMatcher,-1,na,matching_size,5
U0,5,1.5,34,HopcroftKarpMatcher,-1,na,wall_clock_ms,0.009515
U0,5,1.5,34,HopcroftKarpMatcher,-1,na,matching_size,5
U0,3,1.5,2,Oracle,-1,na,oracle_size,3
U0,3,1.5,2,SimpleAugmentingMatcher,-1,na,wall_clock_ms,0.000481
U0,3,1.5,2,SimpleAugmentingMatcher,-1,na,matching_size,3
U0,3,1.5,2,HopcroftKarpMatcher,0,na,paths_found_per_phase,2
U0,3,1.5,2,HopcroftKarpMatcher,0,na,bfs_edges_visited,5
U0,3,1.5,2,HopcroftKarpMatcher,0,na,dfs_edges_visited,4
U0,3,1.5,2,HopcroftKarpMatcher,0,na,defect_at_iteration,1
U0,3,1.5,2,HopcroftKarpMatcher,1,na,paths_found_per_phase,1
U0,3,1.5,2,HopcroftKarpMatcher,1,na,bfs_edges_visited,3
U0,3,1.5,2,HopcroftKarpMatcher,1,na,dfs_edges_visited,3
U0,3,1.5,2,HopcroftKarpMatcher,1,na,defect_at_iteration,0
U0,3,1.5,2,HopcroftKarpMatcher,-1,na,phase_count,2
U0,3,1.5,2,HopcroftKarpMatcher,-1,na,main_loop_iters,2
U0,3,1.5,2,HopcroftKarpMatcher,-1,na,total_bfs_edges_visited,8
U0,3,1.5,2,HopcroftKarpMatcher,-1,na,total_edges_visited,15
U0,3,1.5,2,HopcroftKarpMatcher,-1,na,matching_size,3
U0,3,1.5,2,HopcroftKarpMatcher,-1,na,wall_clock_ms,0.008679
U0,3,1.5,2,HopcroftKarpMatcher,-1,na,matching_size,3
U0,2,2,18,Oracle,-1,na,oracle_size,2
U0,2,2,18,SimpleAugmentingMatcher,-1,na,wall_clock_ms,0.000361
U0,2,2,18,SimpleAugmentingMatcher,-1,na,matching_size,2
U0,2,2,18,HopcroftKarpMatcher,0,na,paths_found_per_phase,2
U0,2,2,18,HopcroftKarpMatcher,0,na,bfs_edges_visited,4
U0,2,2,18,HopcroftKarpMatcher,0,na,dfs_edges_visited,3
U0,2,2,18,HopcroftKarpMatcher,0,na,defect_at_iteration,0
U0,2,2,18,HopcroftKarpMatcher,-1,na,phase_count,1
U0,2,2,18,HopcroftKarpMatcher,-1,na,main_loop_iters,1
U0,2,2,18,HopcroftKarpMatcher,-1,na,total_bfs_edges_visited,4
U0,2,2,18,HopcroftKarpMatcher,-1,na,total_edges_visited,7
U0,2,2,18,HopcroftKarpMatcher,-1,na,matching_size,2
U0,2,2,18,HopcroftKarpMatcher,-1,na,wall_clock_ms,0.005582
U0,2,2,18,HopcroftKarpMatcher,-1,na,matching_size,2
U0,2,2,0,Oracle,-1,na,oracle_size,2
U0,2,2,0,SimpleAugmentingMatcher,-1,na,wall_clock_ms,0.000524
U0,2,2,0,SimpleAugmentingMatcher,-1,na,matching_size,2
U0,2,2,0,HopcroftKarpMatcher,0,na,paths_found_per_phase,2
U0,2,2,0,HopcroftKarpMatcher,0,na,bfs_edges_visited,4
U0,2,2,0,HopcroftKarpMatcher,0,na,dfs_edges_visited,3
U0,2,2,0,HopcroftKarpMatcher,0,na,defect_at_iteration,0
U0,2,2,0,HopcroftKarpMatcher,-1,na,phase_count,1
U0,2,2,0,HopcroftKarpMatcher,-1,na,main_loop_iters,1
U0,2,2,0,HopcroftKarpMatcher,-1,na,total_bfs_edges_visited,4
U0,2,2,0,HopcroftKarpMatcher,-1,na,total_edges_visited,7
U0,2,2,0,HopcroftKarpMatcher,-1,na,matching_size,2
U0,2,2,0,HopcroftKarpMatcher,-1,na,wall_clock_ms,0.005676
U0,2,2,0,HopcroftKarpMatcher,-1,na,matching_size,2
U0,3,1,9,Oracle,-1,na,oracle_size,2
U0,3,1,9,SimpleAugmentingMatcher,-1,na,wall_clock_ms,0.000545
U0,3,1,9,SimpleAugmentingMatcher,-1,na,matching_size,2
U0,3,1,9,HopcroftKarpMatcher,0,na,paths_found_per_phase,2
U0,3,1,9,HopcroftKarpMatcher,0,na,bfs_edges_visited,3
U0,3,1,9,HopcroftKarpMatcher,0,na,dfs_edges_visited,2
U0,3,1,9,HopcroftKarpMatcher,0,na,defect_at_iteration,1
U0,3,1,9,HopcroftKarpMatcher,-1,na,phase_count,1
U0,3,1,9,HopcroftKarpMatcher,-1,na,main_loop_iters,1
U0,3,1,9,HopcroftKarpMatcher,-1,na,total_bfs_edges_visited,3
U0,3,1,9,HopcroftKarpMatcher,-1,na,total_edges_visited,5
U0,3,1,9,HopcroftKarpMatcher,-1,na,matching_size,2
U0,3,1,9,HopcroftKarpMatcher,-1,na,wall_clock_ms,0.005685
U0,3,1,9,HopcroftKarpMatcher,-1,na,matching_size,2
U0,6,2,46,Oracle,-1,na,oracle_size,6
U0,6,2,46,SimpleAugmentingMatcher,-1,na,wall_clock_ms,0.000699
U0,6,2,46,SimpleAugmentingMatcher,-1,na,matching_size,6
U0,6,2,46,HopcroftKarpMatcher,0,na,paths_found_per_phase,6
U0,6,2,46,HopcroftKarpMatcher,0,na,bfs_edges_visited,36
U0,6,2,46,HopcroftKarpMatcher,0,na,dfs_edges_visited,21
U0,6,2,46,HopcroftKarpMatcher,0,na,defect_at_iteration,0
U0,6,2,46,HopcroftKarpMatcher,-1,na,phase_count,1
U0,6,2,46,HopcroftKarpMatcher,-1,na,main_loop_iters,1
U0,6,2,46,HopcroftKarpMatcher,-1,na,total_bfs_edges_visited,36
U0,6,2,46,HopcroftKarpMatcher,-1,na,total_edges_visited,57
U0,6,2,46,HopcroftKarpMatcher,-1,na,matching_size,6
U0,6,2,46,HopcroftKarpMatcher,-1,na,wall_clock_ms,0.004984
U0,6,2,46,HopcroftKarpMatcher,-1,na,matching_size,6
U0,5,2,8,Oracle,-1,na,oracle_size,5
U0,5,2,8,SimpleAugmentingMatcher,-1,na,wall_clock_ms,0.000812
U0,5,2,8,SimpleAugmentingMatcher,-1,na,matching_size,5
U0,5,2,8,HopcroftKarpMatcher,0,na,paths_found_per_phase,5
U0,5,2,8,HopcroftKarpMatcher,0,na,bfs_edges_visited,25
U0,5,2,8,HopcroftKarpMatcher,0,na,dfs_edges_visited,15
U0,5,2,8,HopcroftKarpMatcher,0,na,defect_at_iteration,0
U0,5,2,8,HopcroftKarpMatcher,-1,na,phase_count,1
U0,5,2,8,HopcroftKarpMatcher,-1,na,main_loop_iters,1
U0,5,2,8,HopcroftKarpMatcher,-1,na,total_bfs_edges_visited,25
U0,5,2,8,HopcroftKarpMatcher,-1,na,total_edges_visited,40
U0,5,2,8,HopcroftKarpMatcher,-1,na,matching_size,5
U0,5,2,8,HopcroftKarpMatcher,-1,na,wall_clock_ms,0.007001
U0,5,2,8,HopcroftKarpMatcher,-1,na,matching_size,5
U0,6,1.5,47,Oracle,-1,na,oracle_size,6
U0,6,1.5,47,SimpleAugmentingMatcher,-1,na,wall_clock_ms,0.001013
U0,6,1.5,47,SimpleAugmentingMatcher,-1,na,matching_size,6
U0,6,1.5,47,HopcroftKarpMatcher,0,na,paths_found_per_phase,5
U0,6,1.5,47,HopcroftKarpMatcher,0,na,bfs_edges_visited,14
U0,6,1.5,47,HopcroftKarpMatcher,0,na,dfs_edges_visited,11
U0,6,1.5,47,HopcroftKarpMatcher,0,na,defect_at_iteration,1
U0,6,1.5,47,HopcroftKarpMatcher,1,na,paths_found_per_phase,1
U0,6,1.5,47,HopcroftKarpMatcher,1,na,bfs_edges_visited,6
U0,6,1.5,47,HopcroftKarpMatcher,1,na,dfs_edges_visited,3
U0,6,1.5,47,HopcroftKarpMatcher,1,na,defect_at_iteration,0
U0,6,1.5,47,HopcroftKarpMatcher,-1,na,phase_count,2
U0,6,1.5,47,HopcroftKarpMatcher,-1,na,main_loop_iters,2
U0,6,1.5,47,HopcroftKarpMatcher,-1,na,total_bfs_edges_visited,20
U0,6,1.5,47,HopcroftKarpMatcher,-1,na,total_edges_visited,34
U0,6,1.5,47,HopcroftKarpMatcher,-1,na,matching_size,6
U0,6,1.5,47,HopcroftKarpMatcher,-1,na,wall_clock_ms,0.009599
U0,6,1.5,47,HopcroftKarpMatcher,-1,na,matching_size,6
U0,5,1,48,Oracle,-1,na,oracle_size,4
U0,5,1,48,SimpleAugmentingMatcher,-1,na,wall_clock_ms,0.000571
U0,5,1,48,SimpleAugmentingMatcher,-1,na,matching_size,4
U0,5,1,48,HopcroftKarpMatcher,0,na,paths_found_per_phase,3
U0,5,1,48,HopcroftKarpMatcher,0,na,bfs_edges_visited,5
U0,5,1,48,HopcroftKarpMatcher,0,na,dfs_edges_visited,4
U0,5,1,48,HopcroftKarpMatcher,0,na,defect_at_iteration,2
U0,5,1,48,HopcroftKarpMatcher,1,na,paths_found_per_phase,1
U0,5,1,48,HopcroftKarpMatcher,1,na,bfs_edges_visited,3
U0,5,1,48,HopcroftKarpMatcher,1,na,dfs_edges_visited,3
U0,5,1,48,HopcroftKarpMatcher,1,na,defect_at_iteration,1
U0,5,1,48,HopcroftKarpMatcher,-1,na,phase_count,2
U0,5,1,48,HopcroftKarpMatcher,-1,na,main_loop_iters,2
U0,5,1,48,HopcroftKarpMatcher,-1,na,total_bfs_edges_visited,8
U0,5,1,48,HopcroftKarpMatcher,-1,na,total_edges_visited,15
U0,5,1,48,HopcroftKarpMatcher,-1,na,matching_size,4
U0,5,1,48,HopcroftKarpMatcher,-1,na,wall_clock_ms,0.009487
U0,5,1,48,HopcroftKarpMatcher,-1,na,matching_size,4
U0,3,1.5,0,Oracle,-1,na,oracle_size,3
U0,3,1.5,0,SimpleAugmentingMatcher,-1,na,wall_clock_ms,0.000593
U0,3,1.5,0,SimpleAugmentingMatcher,-1,na,matching_size,3
U0,3,1.5,0,HopcroftKarpMatcher,0,na,paths_found_per_phase,3
U0,3,1.5,0,HopcroftKarpMatcher,0,na,bfs_edges_visited,5
U0,3,1.5,0,HopcroftKarpMatcher,0,na,dfs_edges_visited,5
U0,3,1.5,0,HopcroftKarpMatcher,0,na,defect_at_iteration,0
U0,3,1.5,0,HopcroftKarpMatcher,-1,na,phase_count,1
U0,3,1.5,0,HopcroftKarpMatcher,-1,na,main_loop_iters,1
U0,3,1.5,0,HopcroftKarpMatcher,-1,na,total_bfs_edges_visited,5
U0,3,1.5,0,HopcroftKarpMatcher,-1,na,total_edges_visited,10
U0,3,1.5,0,HopcroftKarpMatcher,-1,na,matching_size,3
U0,3,1.5,0,HopcroftKarpMatcher,-1,na,wall_clock_ms,0.007303
U0,3,1.5,0,HopcroftKarpMatcher,-1,na,matching_size,3
U0,5,1.5,27,Oracle,-1,na,oracle_size,5
U0,5,1.5,27,SimpleAugmentingMatcher,-1,na,wall_clock_ms,0.000739
U0,5,1.5,27,SimpleAugmentingMatcher,-1,na,matching_size,5
U0,5,1.5,27,HopcroftKarpMatcher,0,na,paths_found_per_phase,5
U0,5,1.5,27,HopcroftKarpMatcher,0,na,bfs_edges_visited,11
U0,5,1.5,27,HopcroftKarpMatcher,0,na,dfs_edges_visited,6
U0,5,1.5,27,HopcroftKarpMatcher,0,na,defect_at_iteration,0
U0,5,1.5,27,HopcroftKarpMatcher,-1,na,phase_count,1
U0,5,1.5,27,HopcroftKarpMatcher,-1,na,main_loop_iters,1
U0,5,1.5,27,HopcroftKarpMatcher,-1,na,total_bfs_edges_visited,11
U0,5,1.5,27,HopcroftKarpMatcher,-1,na,total_edges_visited,17
U0,5,1.5,27,HopcroftKarpMatcher,-1,na,matching_size,5
U0,5,1.5,27,HopcroftKarpMatcher,-1,na,wall_clock_ms,0.00699
U0,5,1.5,27,HopcroftKarpMatcher,-1,na,matching_size,5
U0,3,1.5,8,Oracle,-1,na,oracle_size,2
U0,3,1.5,8,SimpleAugmentingMatcher,-1,na,wall_clock_ms,0.000685
U0,3,1.5,8,SimpleAugmentingMatcher,-1,na,matching_size,2
U0,3,1.5,8,HopcroftKarpMatcher,0,na,paths_found_per_phase,2
U0,3,1.5,8,HopcroftKarpMatcher,0,na,bfs_edges_visited,5
U0,3,1.5,8,HopcroftKarpMatcher,0,na,dfs_edges_visited,4
U0,3,1.5,8,HopcroftKarpMatcher,0,na,defect_at_iteration,1
U0,3,1.5,8,HopcroftKarpMatcher,-1,na,phase_count,1
U0,3,1.5,8,HopcroftKarpMatcher,-1,na,main_loop_iters,1
U0,3,1.5,8,HopcroftKarpMatcher,-1,na,total_bfs_edges_visited,5
U0,3,1.5,8,HopcroftKarpMatcher,-1,na,total_edges_visited,9
U0,3,1.5,8,HopcroftKarpMatcher,-1,na,matching_size,2
U0,3,1.5,8,HopcroftKarpMatcher,-1,na,wall_clock_ms,0.006277
U0,3,1.5,8,HopcroftKarpMatcher,-1,na,matching_size,2
U0,6,2,32,Oracle,-1,na,oracle_size,6
U0,6,2,32,SimpleAugmentingMatcher,-1,na,wall_clock_ms,0.000914
U0,6,2,32,SimpleAugmentingMatcher,-1,na,matching_size,6
U0,6,2,32,HopcroftKarpMatcher,0,na,paths_found_per_phase,6
U0,6,2,32,HopcroftKarpMatcher,0,na,bfs_edges_visited,36
U0,6,2,32,HopcroftKarpMatcher,0,na,dfs_edges_visited,21
U0,6,2,32,HopcroftKarpMatcher,0,na,defect_at_iteration,0
U0,6,2,32,HopcroftKarpMatcher,-1,na,phase_count,1
U0,6,2,32,HopcroftKarpMatcher,-1,na,main_loop_iters,1
U0,6,2,32,HopcroftKarpMatcher,-1,na,total_bfs_edges_visited,36
U0,6,2,32,HopcroftKarpMatcher,-1,na,total_edges_visited,57
U0,6,2,32,HopcroftKarpMatcher,-1,na,matching_size,6
U0,6,2,32,HopcroftKarpMatcher,-1,na,wall_clock_ms,0.007047
U0,6,2,32,HopcroftKarpMatcher,-1,na,matching_size,6
U0,5,1,35,Oracle,-1,na,oracle_size,3
U0,5,1,35,SimpleAugmentingMatcher,-1,na,wall_clock_ms,0.000686
U0,5,1,35,SimpleAugmentingMatcher,-1,na,matching_size,3
U0,5,1,35,HopcroftKarpMatcher,0,na,paths_found_per_phase,3
U0,5,1,35,HopcroftKarpMatcher,0,na,bfs_edges_visited,5
U0,5,1,35,HopcroftKarpMatcher,0,na,dfs_edges_visited,4
U0,5,1,35,HopcroftKarpMatcher,0,na,defect_at_iteration,2
U0,5,1,35,HopcroftKarpMatcher,-1,na,phase_count,1
U0,5,1,35,HopcroftKarpMatcher,-1,na,main_loop_iters,1
U0,5,1,35,HopcroftKarpMatcher,-1,na,total_bfs_edges_visited,5
U0,5,1,35,HopcroftKarpMatcher,-1,na,total_edges_visited,9
U0,5,1,35,HopcroftKarpMatcher,-1,na,matching_size,3
U0,5,1,35,HopcroftKarpMatcher,-1,na,wall_clock_ms,0.006252
U0,5,1,35,HopcroftKarpMatcher,-1,na,matching_size,3
U0,2,2,32,Oracle,-1,na,oracle_size,2
U0,2,2,32,SimpleAugmentingMatcher,-1,na,wall_clock_ms,0.000593
U0,2,2,32,SimpleAugmentingMatcher,-1,na,matching_size,2
U0,2,2,32,HopcroftKarpMatcher,0,na,paths_found_per_phase,2
U0,2,2,32,HopcroftKarpMatcher,0,na,bfs_edges_visited,4
U0,2,2,32,HopcroftKarpMatcher,0,na,dfs_edges_visited,3
U0,2,2,32,HopcroftKarpMatcher,0,na,defect_at_iteration,0
U0,2,2,32,HopcroftKarpMatcher,-1,na,phase_count,1
U0,2,2,32,HopcroftKarpMatcher,-1,na,main_loop_iters,1
U0,2,2,32,HopcroftKarpMatcher,-1,na,total_bfs_edges_visited,4
U0,2,2,32,HopcroftKarpMatcher,-1,na,total_edges_visited,7
U0,2,2,32,HopcroftKarpMatcher,-1,na,matching_size,2
U0,2,2,32,HopcroftKarpMatcher,-1,na,wall_clock_ms,0.006059
U0,2,2,32,HopcroftKarpMatcher,-1,na,matching_size,2
U0,2,1,7,Oracle,-1,na,oracle_size,1
U0,2,1,7,SimpleAugmentingMatcher,-1,na,wall_clock_ms,0.000425
U0,2,1,7,SimpleAugmentingMatcher,-1,na,matching_size,1
U0,2,1,7,HopcroftKarpMatcher,0,na,paths_found_per_phase,1
U0,2,1,7,HopcroftKarpMatcher,0,na,bfs_edges_visited,2
U0,2,1,7,HopcroftKarpMatcher,0,na,dfs_edges_visited,1
U0,2,1,7,HopcroftKarpMatcher,0,na,defect_at_iteration,1
U0,2,1,7,HopcroftKarpMatcher,-1,na,phase_count,1
U0,2,1,7,HopcroftKarpMatcher,-1,na,main_loop_iters,1
U0,2,1,7,HopcroftKarpMatcher,-1,na,total_bfs_edges_visited,2
U0,2,1,7,HopcroftKarpMatcher,-1,na,total_edges_visited,3
U0,2,1,7,HopcroftKarpMatcher,-1,na,matching_size,1
U0,2,1,7,HopcroftKarpMatcher,-1,na,wall_clock_ms,0.005647
U0,2,1,7,HopcroftKarpMatcher,-1,na,matching_size,1
U0,2,1,20,Oracle,-1,na,oracle_size,1
U0,2,1,20,SimpleAugmentingMatcher,-1,na,wall_clock_ms,0.000573
U0,2,1,20,SimpleAugmentingMatcher,-1,na,matching_size,1
U0,2,1,20,HopcroftKarpMatcher,0,na,paths_found_per_phase,1
U0,2,1,20,HopcroftKarpMatcher,0,na,bfs_edges_visited,2
U0,2,1,20,HopcroftKarpMatcher,0,na,dfs_edges_visited,1
U0,2,1,20,HopcroftKarpMatcher,0,na,defect_at_iteration,1
U0,2,1,20,HopcroftKarpMatcher,-1,na,phase_count,1
U0,2,1,20,HopcroftKarpMatcher,-1,na,main_loop_iters,1
U0,2,1,20,HopcroftKarpMatcher,-1,na,total_bfs_edges_visited,2
U0,2,1,20,HopcroftKarpMatcher,-1,na,total_edges_visited,3
U0,2,1,20,HopcroftKarpMatcher,-1,na,matching_size,1
U0,2,1,20,HopcroftKarpMatcher,-1,na,wall_clock_ms,0.006649
U0,2,1,20,HopcroftKarpMatcher,-1,na,matching_size,1
U0,2,1,47,Oracle,-1,na,oracle_size,2
U0,2,1,47,SimpleAugmentingMatcher,-1,na,wall_clock_ms,0.000444
U0,2,1,47,SimpleAugmentingMatcher,-1,na,matching_size,2
U0,2,1,47,HopcroftKarpMatcher,0,na,paths_found_per_phase,2
U0,2,1,47,HopcroftKarpMatcher,0,na,bfs_edges_visited,2
U0,2,1,47,HopcroftKarpMatcher,0,na,dfs_edges_visited,2
U0,2,1,47,HopcroftKarpMatcher,0,na,defect_at_iteration,0
U0,2,1,47,HopcroftKarpMatcher,-1,na,phase_count,1
U0,2,1,47,HopcroftKarpMatcher,-1,na,main_loop_iters,1
U0,2,1,47,HopcroftKarpMatcher,-1,na,total_bfs_edges_visited,2
U0,2,1,47,HopcroftKarpMatcher,-1,na,total_edges_visited,4
U0,2,1,47,HopcroftKarpMatcher,-1,na,matching_size,2
U0,2,1,47,HopcroftKarpMatcher,-1,na,wall_clock_ms,0.006008
U0,2,1,47,HopcroftKarpMatcher,-1,na,matching_size,2
U0,6,1.5,22,Oracle,-1,na,oracle_size,6
U0,6,1.5,22,SimpleAugmentingMatcher,-1,na,wall_clock_ms,0.000726
U0,6,1.5,22,SimpleAugmentingMatcher,-1,na,matching_size,6
U0,6,1.5,22,HopcroftKarpMatcher,0,na,paths_found_per_phase,6
U0,6,1.5,22,HopcroftKarpMatcher,0,na,bfs_edges_visited,14
U0,6,1.5,22,HopcroftKarpMatcher,0,na,dfs_edges_visited,9
U0,6,1.5,22,HopcroftKarpMatcher,0,na,defect_at_iteration,0
U0,6,1.5,22,HopcroftKarpMatcher,-1,na,phase_count,1
U0,6,1.5,22,HopcroftKarpMatcher,-1,na,main_loop_iters,1
U0,6,1.5,22,HopcroftKarpMatcher,-1,na,total_bfs_edges_visited,14
U0,6,1.5,22,HopcroftKarpMatcher,-1,na,total_edges_visited,23
U0,6,1.5,22,HopcroftKarpMatcher,-1,na,matching_size,6
U0,6,1.5,22,HopcroftKarpMatcher,-1,na,wall_clock_ms,0.007665
U0,6,1.5,22,HopcroftKarpMatcher,-1,na,matching_size,6
U0,2,2,38,Oracle,-1,na,oracle_size,2
U0,2,2,38,SimpleAugmentingMatcher,-1,na,wall_clock_ms,0.000375
U0,2,2,38,SimpleAugmentingMatcher,-1,na,matching_size,2
U0,2,2,38,HopcroftKarpMatcher,0,na,paths_found_per_phase,2
U0,2,2,38,HopcroftKarpMatcher,0,na,bfs_edges_visited,4
U0,2,2,38,HopcroftKarpMatcher,0,na,dfs_edges_visited,3
U0,2,2,38,HopcroftKarpMatcher,0,na,defect_at_iteration,0
U0,2,2,38,HopcroftKarpMatcher,-1,na,phase_count,1
U0,2,2,38,HopcroftKarpMatcher,-1,na,main_loop_iters,1
U0,2,2,38,HopcroftKarpMatcher,-1,na,total_bfs_edges_visited,4
U0,2,2,38,HopcroftKarpMatcher,-1,na,total_edges_visited,7
U0,2,2,38,HopcroftKarpMatcher,-1,na,matching_size,2
U0,2,2,38,HopcroftKarpMatcher,-1,na,wall_clock_ms,0.005716
U0,2,2,38,HopcroftKarpMatcher,-1,na,matching_size,2
U0,3,1.5,33,Oracle,-1,na,oracle_size,2
U0,3,1.5,33,SimpleAugmentingMatcher,-1,na,wall_clock_ms,0.000532
U0,3,1.5,33,SimpleAugmentingMatcher,-1,na,matching_size,2
U0,3,1.5,33,HopcroftKarpMatcher,0,na,paths_found_per_phase,2
U0,3,1.5,33,HopcroftKarpMatcher,0,na,bfs_edges_visited,5
U0,3,1.5,33,HopcroftKarpMatcher,0,na,dfs_edges_visited,3
U0,3,1.5,33,HopcroftKarpMatcher,0,na,defect_at_iteration,1
U0,3,1.5,33,HopcroftKarpMatcher,-1,na,phase_count,1
U0,3,1.5,33,HopcroftKarpMatcher,-1,na,main_loop_iters,1
U0,3,1.5,33,HopcroftKarpMatcher,-1,na,total_bfs_edges_visited,5
U0,3,1.5,33,HopcroftKarpMatcher,-1,na,total_edges_visited,8
U0,3,1.5,33,HopcroftKarpMatcher,-1,na,matching_size,2
U0,3,1.5,33,HopcroftKarpMatcher,-1,na,wall_clock_ms,0.006035
U0,3,1.5,33,HopcroftKarpMatcher,-1,na,matching_size,2
U0,2,2,17,Oracle,-1,na,oracle_size,2
U0,2,2,17,SimpleAugmentingMatcher,-1,na,wall_clock_ms,0.000419
U0,2,2,17,SimpleAugmentingMatcher,-1,na,matching_size,2
U0,2,2,17,HopcroftKarpMatcher,0,na,paths_found_per_phase,2
U0,2,2,17,HopcroftKarpMatcher,0,na,bfs_edges_visited,4
U0,2,2,17,HopcroftKarpMatcher,0,na,dfs_edges_visited,3
U0,2,2,17,HopcroftKarpMatcher,0,na,defect_at_iteration,0
U0,2,2,17,HopcroftKarpMatcher,-1,na,phase_count,1
U0,2,2,17,HopcroftKarpMatcher,-1,na,main_loop_iters,1
U0,2,2,17,HopcroftKarpMatcher,-1,na,total_bfs_edges_visited,4
U0,2,2,17,HopcroftKarpMatcher,-1,na,total_edges_visited,7
U0,2,2,17,HopcroftKarpMatcher,-1,na,matching_size,2
U0,2,2,17,HopcroftKarpMatcher,-1,na,wall_clock_ms,0.005661
U0,2,2,17,HopcroftKarpMatcher,-1,na,matching_size,2
U0,3,2,1,Oracle,-1,na,oracle_size,3
U0,3,2,1,SimpleAugmentingMatcher,-1,na,wall_clock_ms,0.000666
U0,3,2,1,SimpleAugmentingMatcher,-1,na,matching_size,3
U0,3,2,1,HopcroftKarpMatcher,0,na,paths_found_per_phase,3
U0,3,2,1,HopcroftKarpMatcher,0,na,bfs_edges_visited,9
U0,3,2,1,HopcroftKarpMatcher,0,na,dfs_edges_visited,6
U0,3,2,1,HopcroftKarpMatcher,0,na,defect_at_iteration,0
U0,3,2,1,HopcroftKarpMatcher,-1,na,phase_count,1
U0,3,2,1,HopcroftKarpMatcher,-1,na,main_loop_iters,1
U0,3,2,1,HopcroftKarpMatcher,-1,na,total_bfs_edges_visited,9
U0,3,2,1,HopcroftKarpMatcher,-1,na,total_edges_visited,15
U0,3,2,1,HopcroftKarpMatcher,-1,na,matching_size,3
U0,3,2,1,HopcroftKarpMatcher,-1,na,wall_clock_ms,0.006819
U0,3,2,1,HopcroftKarpMatcher,-1,na,matching_size,3
U0,6,1.5,18,Oracle,-1,na,oracle_size,6
U0,6,1.5,18,SimpleAugmentingMatcher,-1,na,wall_clock_ms,0.000946
U0,6,1.5,18,SimpleAugmentingMatcher,-1,na,matching_size,6
U0,6,1.5,18,HopcroftKarpMatcher,0,na,paths_found_per_phase,5
U0,6,1.5,18,HopcroftKarpMatcher,0,na,bfs_edges_visited,14
U0,6,1.5,18,HopcroftKarpMatcher,0,na,dfs_edges_visited,9
U0,6,1.5,18,HopcroftKarpMatcher,0,na,defect_at_iteration,1
U0,6,1.5,18,HopcroftKarpMatcher,1,na,paths_found_per_phase,1
U0,6,1.5,18,HopcroftKarpMatcher,1,na,bfs_edges_visited,8
U0,6,1.5,18,HopcroftKarpMatcher,1,na,dfs_edges_visited,6
U0,6,1.5,18,HopcroftKarpMatcher,1,na,defect_at_iteration,0
U0,6,1.5,18,HopcroftKarpMatcher,-1,na,phase_count,2
U0,6,1.5,18,HopcroftKarpMatcher,-1,na,main_loop_iters,2
U0,6,1.5,18,HopcroftKarpMatcher,-1,na,total_bfs_edges_visited,22
U0,6,1.5,18,HopcroftKarpMatcher,-1,na,total_edges_visited,37
U0,6,1.5,18,HopcroftKarpMatcher,-1,na,matching_size,6
U0,6,1.5,18,HopcroftKarpMatcher,-1,na,wall_clock_ms,0.010059
U0,6,1.5,18,HopcroftKarpMatcher,-1,na,matching_size,6
U0,4,2,35,Oracle,-1,na,oracle_size,4
U0,4,2,35,SimpleAugmentingMatcher,-1,na,wall_clock_ms,0.00055
U0,4,2,35,SimpleAugmentingMatcher,-1,na,matching_size,4
U0,4,2,35,HopcroftKarpMatcher,0,na,paths_found_per_phase,4
U0,4,2,35,HopcroftKarpMatcher,0,na,bfs_edges_visited,16
U0,4,2,35,HopcroftKarpMatcher,0,na,dfs_edges_visited,10
U0,4,2,35,HopcroftKarpMatcher,0,na,defect_at_iteration,0
U0,4,2,35,HopcroftKarpMatcher,-1,na,phase_count,1
U0,4,2,35,HopcroftKarpMatcher,-1,na,main_loop_iters,1
U0,4,2,35,HopcroftKarpMatcher,-1,na,total_bfs_edges_visited,16
U0,4,2,35,HopcroftKarpMatcher,-1,na,total_edges_visited,26
U0,4,2,35,HopcroftKarpMatcher,-1,na,matching_size,4
U0,4,2,35,HopcroftKarpMatcher,-1,na,wall_clock_ms,0.006719
U0,4,2,35,HopcroftKarpMatcher,-1,na,matching_size,4
U0,4,1.5,47,Oracle,-1,na,oracle_size,4
U0,4,1.5,47,SimpleAugmentingMatcher,-1,na,wall_clock_ms,0.000497
U0,4,1.5,47,SimpleAugmentingMatcher,-1,na,matching_size,4
U0,4,1.5,47,HopcroftKarpMatcher,0,na,paths_found_per_phase,4
U0,4,1.5,47,HopcroftKarpMatcher,0,na,bfs_edges_visited,8
U0,4,1.5,47,HopcroftKarpMatcher,0,na,dfs_edges_visited,5
U0,4,1.5,47,HopcroftKarpMatcher,0,na,defect_at_iteration,0
U0,4,1.5,47,HopcroftKarpMatcher,-1,na,phase_count,1
U0,4,1.5,47,HopcroftKarpMatcher,-1,na,main_loop_iters,1
U0,4,1.5,47,HopcroftKarpMatcher,-1,na,total_bfs_edges_visited,8
U0,4,1.5,47,HopcroftKarpMatcher,-1,na,total_edges_visited,13
U0,4,1.5,47,HopcroftKarpMatcher,-1,na,matching_size,4
U0,4,1.5,47,HopcroftKarpMatcher,-1,na,wall_clock_ms,0.006928
U0,4,1.5,47,HopcroftKarpMatcher,-1,na,matching_size,4
U0,6,2,7,Oracle,-1,na,oracle_size,6
U0,6,2,7,SimpleAugmentingMatcher,-1,na,wall_clock_ms,0.000999
U0,6,2,7,SimpleAugmentingMatcher,-1,na,matching_size,6
U0,6,2,7,HopcroftKarpMatcher,0,na,paths_found_per_phase,6
U0,6,2,7,HopcroftKarpMatcher,0,na,bfs_edges_visited,36
U0,6,2,7,HopcroftKarpMatcher,0,na,dfs_edges_visited,21
U0,6,2,7,HopcroftKarpMatcher,0,na,defect_at_iteration,0
U0,6,2,7,HopcroftKarpMatcher,-1,na,phase_count,1
U0,6,2,7,HopcroftKarpMatcher,-1,na,main_loop_iters,1
U0,6,2,7,HopcroftKarpMatcher,-1,na,total_bfs_edges_visited,36
U0,6,2,7,HopcroftKarpMatcher,-1,na,total_edges_visited,57
U0,6,2,7,HopcroftKarpMatcher,-1,na,matching_size,6
U0,6,2,7,HopcroftKarpMatcher,-1,na,wall_clock_ms,0.007344
U0,6,2,7,HopcroftKarpMatcher,-1,na,matching_size,6
U0,4,2,8,Oracle,-1,na,oracle_size,4
U0,4,2,8,SimpleAugmentingMatcher,-1,na,wall_clock_ms,0.000616
U0,4,2,8,SimpleAugmentingMatcher,-1,na,matching_size,4
U0,4,2,8,HopcroftKarpMatcher,0,na,paths_found_per_phase,4
U0,4,2,8,HopcroftKarpMatcher,0,na,bfs_edges_visited,16
U0,4,2,8,HopcroftKarpMatcher,0,na,dfs_edges_visited,10
U0,4,2,8,HopcroftKarpMatcher,0,na,defect_at_iteration,0
U0,4,2,8,HopcroftKarpMatcher,-1,na,phase_count,1
U0,4,2,8,HopcroftKarpMatcher,-1,na,main_loop_iters,1
U0,4,2,8,HopcroftKarpMatcher,-1,na,total_bfs_edges_visited,16
U0,4,2,8,HopcroftKarpMatcher,-1,na,total_edges_visited,26
U0,4,2,8,HopcroftKarpMatcher,-1,na,matching_size,4
U0,4,2,8,HopcroftKarpMatcher,-1,na,wall_clock_ms,0.006602
U0,4,2,8,HopcroftKarpMatcher,-1,na,matching_size,4
U0,3,2,22,Oracle,-1,na,oracle_size,3
U0,3,2,22,SimpleAugmentingMatcher,-1,na,wall_clock_ms,0.000522
U0,3,2,22,SimpleAugmentingMatcher,-1,na,matching_size,3
U0,3,2,22,HopcroftKarpMatcher,0,na,paths_found_per_phase,3
U0,3,2,22,HopcroftKarpMatcher,0,na,bfs_edges_visited,9
U0,3,2,22,HopcroftKarpMatcher,0,na,dfs_edges_visited,6
U0,3,2,22,HopcroftKarpMatcher,0,na,defect_at_iteration,0
U0,3,2,22,HopcroftKarpMatcher,-1,na,phase_count,1
U0,3,2,22,HopcroftKarpMatcher,-1,na,main_loop_iters,1
U0,3,2,22,HopcroftKarpMatcher,-1,na,total_bfs_edges_visited,9
U0,3,2,22,HopcroftKarpMatcher,-1,na,total_edges_visited,15
U0,3,2,22,HopcroftKarpMatcher,-1,na,matching_size,3
U0,3,2,22,HopcroftKarpMatcher,-1,na,wall_clock_ms,0.006513
U0,3,2,22,HopcroftKarpMatcher,-1,na,matching_size,3
U0,6,1,31,Oracle,-1,na,oracle_size,4
U0,6,1,31,SimpleAugmentingMatcher,-1,na,wall_clock_ms,0.000621
U0,6,1,31,SimpleAugmentingMatcher,-1,na,matching_size,4
U0,6,1,31,HopcroftKarpMatcher,0,na,paths_found_per_phase,4
U0,6,1,31,HopcroftKarpMatcher,0,na,bfs_edges_visited,6
U0,6,1,31,HopcroftKarpMatcher,0,na,dfs_edges_visited,4
U0,6,1,31,HopcroftKarpMatcher,0,na,defect_at_iteration,2
U0,6,1,31,HopcroftKarpMatcher,-1,na,phase_count,1
U0,6,1,31,HopcroftKarpMatcher,-1,na,main_loop_iters,1
U0,6,1,31,HopcroftKarpMatcher,-1,na,total_bfs_edges_visited,6
U0,6,1,31,HopcroftKarpMatcher,-1,na,total_edges_visited,10
U0,6,1,31,HopcroftKarpMatcher,-1,na,matching_size,4
U0,6,1,31,HopcroftKarpMatcher,-1,na,wall_clock_ms,0.00662
U0,6,1,31,HopcroftKarpMatcher,-1,na,matching_size,4
U0,6,2,41,Oracle,-1,na,oracle_size,6
U0,6,2,41,SimpleAugmentingMatcher,-1,na,wall_clock_ms,0.000917
U0,6,2,41,SimpleAugmentingMatcher,-1,na,matching_size,6
U0,6,2,41,HopcroftKarpMatcher,0,na,paths_found_per_phase,6
U0,6,2,41,HopcroftKarpMatcher,0,na,bfs_edges_visited,36
U0,6,2,41,HopcroftKarpMatcher,0,na,dfs_edges_visited,21
U0,6,2,41,HopcroftKarpMatcher,0,na,defect_at_iteration,0
U0,6,2,41,HopcroftKarpMatcher,-1,na,phase_count,1
U0,6,2,41,HopcroftKarpMatcher,-1,na,main_loop_iters,1
U0,6,2,41,HopcroftKarpMatcher,-1,na,total_bfs_edges_visited,36
U0,6,2,41,HopcroftKarpMatcher,-1,na,total_edges_visited,57
U0,6,2,41,HopcroftKarpMatcher,-1,na,matching_size,6
U0,6,2,41,HopcroftKarpMatcher,-1,na,wall_clock_ms,0.007044
U0,6,2,41,HopcroftKarpMatcher,-1,na,matching_size,6
U0,5,1,3,Oracle,-1,na,oracle_size,3
U0,5,1,3,SimpleAugmentingMatcher,-1,na,wall_clock_ms,0.00057
U0,5,1,3,SimpleAugmentingMatcher,-1,na,matching_size,3
U0,5,1,3,HopcroftKarpMatcher,0,na,paths_found_per_phase,2
U0,5,1,3,HopcroftKarpMatcher,0,na,bfs_edges_visited,5
U0,5,1,3,HopcroftKarpMatcher,0,na,dfs_edges_visited,4
U0,5,1,3,HopcroftKarpMatcher,0,na,defect_at_iteration,3
U0,5,1,3,HopcroftKarpMatcher,1,na,paths_found_per_phase,1
U0,5,1,3,HopcroftKarpMatcher,1,na,bfs_edges_visited,5
U0,5,1,3,HopcroftKarpMatcher,1,na,dfs_edges_visited,5
U0,5,1,3,HopcroftKarpMatcher,1,na,defect_at_iteration,2
U0,5,1,3,HopcroftKarpMatcher,-1,na,phase_count,2
U0,5,1,3,HopcroftKarpMatcher,-1,na,main_loop_iters,2
U0,5,1,3,HopcroftKarpMatcher,-1,na,total_bfs_edges_visited,10
U0,5,1,3,HopcroftKarpMatcher,-1,na,total_edges_visited,19
U0,5,1,3,HopcroftKarpMatcher,-1,na,matching_size,3
U0,5,1,3,HopcroftKarpMatcher,-1,na,wall_clock_ms,0.00687
U0,5,1,3,HopcroftKarpMatcher,-1,na,matching_size,3
U0,5,1.5,23,Oracle,-1,na,oracle_size,4
U0,5,1.5,23,SimpleAugmentingMatcher,-1,na,wall_clock_ms,0.000619
U0,5,1.5,23,SimpleAugmentingMatcher,-1,na,matching_size,4
U0,5,1.5,23,HopcroftKarpMatcher,0,na,paths_found_per_phase,4
U0,5,1.5,23,HopcroftKarpMatcher,0,na,bfs_edges_visited,11
U0,5,1.5,23,HopcroftKarpMatcher,0,na,dfs_edges_visited,7
U0,5,1.5,23,HopcroftKarpMatcher,0,na,defect_at_iteration,1
U0,5,1.5,23,HopcroftKarpMatcher,-1,na,phase_count,1
U0,5,1.5,23,HopcroftKarpMatcher,-1,na,main_loop_iters,1
U0,5,1.5,23,HopcroftKarpMatcher,-1,na,total_bfs_edges_visited,11
U0,5,1.5,23,HopcroftKarpMatcher,-1,na,total_edges_visited,18
U0,5,1.5,23,HopcroftKarpMatcher,-1,na,matching_size,4
U0,5,1.5,23,HopcroftKarpMatcher,-1,na,wall_clock_ms,0.005131
U0,5,1.5,23,HopcroftKarpMatcher,-1,na,matching_size,4
U0,3,1.5,48,Oracle,-1,na,oracle_size,3
U0,3,1.5,48,SimpleAugmentingMatcher,-1,na,wall_clock_ms,0.000474
U0,3,1.5,48,SimpleAugmentingMatcher,-1,na,matching_size,3
U0,3,1.5,48,HopcroftKarpMatcher,0,na,paths_found_per_phase,2
U0,3,1.5,48,HopcroftKarpMatcher,0,na,bfs_edges_visited,5
U0,3,1.5,48,HopcroftKarpMatcher,0,na,dfs_edges_visited,4
U0,3,1.5,48,HopcroftKarpMatcher,0,na,defect_at_iteration,1
U0,3,1.5,48,HopcroftKarpMatcher,1,na,paths_found_per_phase,1
U0,3,1.5,48,HopcroftKarpMatcher,1,na,bfs_edges_visited,5
U0,3,1.5,48,HopcroftKarpMatcher,1,na,dfs_edges_visited,4
U0,3,1.5,48,HopcroftKarpMatcher,1,na,defect_at_iteration,0
U0,3,1.5,48,HopcroftKarpMatcher,-1,na,phase_count,2
U0,3,1.5,48,HopcroftKarpMatcher,-1,na,main_loop_iters,2
U0,3,1.5,48,HopcroftKarpMatcher,-1,na,total_bfs_edges_visited,10
U0,3,1.5,48,HopcroftKarpMatcher,-1,na,total_edges_visited,18
U0,3,1.5,48,HopcroftKarpMatcher,-1,na,matching_size,3
U0,3,1.5,48,HopcroftKarpMatcher,-1,na,wall_clock_ms,0.009111
U0,3,1.5,48,HopcroftKarpMatcher,-1,na,matching_size,3
U0,3,1,14,Oracle,-1,na,oracle_size,2
U0,3,1,14,SimpleAugmentingMatcher,-1,na,wall_clock_ms,0.000688
U0,3,1,14,SimpleAugmentingMatcher,-1,na,matching_size,2
U0,3,1,14,HopcroftKarpMatcher,0,na,paths_found_per_phase,2
U0,3,1,14,HopcroftKarpMatcher,0,na,bfs_edges_visited,3
U0,3,1,14,HopcroftKarpMatcher,0,na,dfs_edges_visited,3
U0,3,1,14,HopcroftKarpMatcher,0,na,defect_at_iteration,1
U0,3,1,14,HopcroftKarpMatcher,-1,na,phase_count,1
U0,3,1,14,HopcroftKarpMatcher,-1,na,main_loop_iters,1
U0,3,1,14,HopcroftKarpMatcher,-1,na,total_bfs_edges_visited,3
U0,3,1,14,HopcroftKarpMatcher,-1,na,total_edges_visited,6
U0,3,1,14,HopcroftKarpMatcher,-1,na,matching_size,2
U0,3,1,14,HopcroftKarpMatcher,-1,na,wall_clock_ms,0.005942
U0,3,1,14,HopcroftKarpMatcher,-1,na,matching_size,2
U0,6,1.5,48,Oracle,-1,na,oracle_size,6
U0,6,1.5,48,SimpleAugmentingMatcher,-1,na,wall_clock_ms,0.000838
U0,6,1.5,48,SimpleAugmentingMatcher,-1,na,matching_size,6
U0,6,1.5,48,HopcroftKarpMatcher,0,na,paths_found_per_phase,5
U0,6,1.5,48,HopcroftKarpMatcher,0,na,bfs_edges_visited,14
U0,6,1.5,48,HopcroftKarpMatcher,0,na,dfs_edges_visited,7
U0,6,1.5,48,HopcroftKarpMatcher,0,na,defect_at_iteration,1
U0,6,1.5,48,HopcroftKarpMatcher,1,na,paths_found_per_phase,1
U0,6,1.5,48,HopcroftKarpMatcher,1,na,bfs_edges_visited,8
U0,6,1.5,48,HopcroftKarpMatcher,1,na,dfs_edges_visited,6
U0,6,1.5,48,HopcroftKarpMatcher,1,na,defect_at_iteration,0
U0,6,1.5,48,HopcroftKarpMatcher,-1,na,phase_count,2
U0,6,1.5,48,HopcroftKarpMatcher,-1,na,main_loop_iters,2
U0,6,1.5,48,HopcroftKarpMatcher,-1,na,total_bfs_edges_visited,22
U0,6,1.5,48,HopcroftKarpMatcher,-1,na,total_edges_visited,35
U0,6,1.5,48,HopcroftKarpMatcher,-1,na,matching_size,6
U0,6,1.5,48,HopcroftKarpMatcher,-1,na,wall_clock_ms,0.010175
U0,6,1.5,48,HopcroftKarpMatcher,-1,na,matching_size,6
U0,3,2,20,Oracle,-1,na,oracle_size,3
U0,3,2,20,SimpleAugmentingMatcher,-1,na,wall_clock_ms,0.000599
U0,3,2,20,SimpleAugmentingMatcher,-1,na,matching_size,3
U0,3,2,20,HopcroftKarpMatcher,0,na,paths_found_per_phase,3
U0,3,2,20,HopcroftKarpMatcher,0,na,bfs_edges_visited,9
U0,3,2,20,HopcroftKarpMatcher,0,na,dfs_edges_visited,6
U0,3,2,20,HopcroftKarpMatcher,0,na,defect_at_iteration,0
U0,3,2,20,HopcroftKarpMatcher,-1,na,phase_count,1
U0,3,2,20,HopcroftKarpMatcher,-1,na,main_loop_iters,1
U0,3,2,20,HopcroftKarpMatcher,-1,na,total_bfs_edges_visited,9
U0,3,2,20,HopcroftKarpMatcher,-1,na,total_edges_visited,15
U0,3,2,20,HopcroftKarpMatcher,-1,na,matching_size,3
U0,3,2,20,HopcroftKarpMatcher,-1,na,wall_clock_ms,0.007315
U0,3,2,20,HopcroftKarpMatcher,-1,na,matching_size,3
U0,6,1.5,21,Oracle,-1,na,oracle_size,5
U0,6,1.5,21,SimpleAugmentingMatcher,-1,na,wall_clock_ms,0.000767
U0,6,1.5,21,SimpleAugmentingMatcher,-1,na,matching_size,5
U0,6,1.5,21,HopcroftKarpMatcher,0,na,paths_found_per_phase,4
U0,6,1.5,21,HopcroftKarpMatcher,0,na,bfs_edges_visited,14
U0,6,1.5,21,HopcroftKarpMatcher,0,na,dfs_edges_visited,8
U0,6,1.5,21,HopcroftKarpMatcher,0,na,defect_at_iteration,2
U0,6,1.5,21,HopcroftKarpMatcher,1,na,paths_found_per_phase,1
U0,6,1.5,21,HopcroftKarpMatcher,1,na,bfs_edges_visited,4
U0,6,1.5,21,HopcroftKarpMatcher,1,na,dfs_edges_visited,6
U0,6,1.5,21,HopcroftKarpMatcher,1,na,defect_at_iteration,1
U0,6,1.5,21,HopcroftKarpMatcher,-1,na,phase_count,2
U0,6,1.5,21,HopcroftKarpMatcher,-1,na,main_loop_iters,2
U0,6,1.5,21,HopcroftKarpMatcher,-1,na,total_bfs_edges_visited,18
U0,6,1.5,21,HopcroftKarpMatcher,-1,na,total_edges_visited,32
U0,6,1.5,21,HopcroftKarpMatcher,-1,na,matching_size,5
U0,6,1.5,21,HopcroftKarpMatcher,-1,na,wall_clock_ms,0.00713
U0,6,1.5,21,HopcroftKarpMatcher,-1,na,matching_size,5
U0,4,1,10,Oracle,-1,na,oracle_size,3
U0,4,1,10,SimpleAugmentingMatcher,-1,na,wall_clock_ms,0.000635
U0,4,1,10,SimpleAugmentingMatcher,-1,na,matching_size,3
U0,4,1,10,HopcroftKarpMatcher,0,na,paths_found_per_phase,3
U0,4,1,10,HopcroftKarpMatcher,0,na,bfs_edges_visited,4
U0,4,1,10,HopcroftKarpMatcher,0,na,dfs_edges_visited,3
U0,4,1,10,HopcroftKarpMatcher,0,na,defect_at_iteration,1
U0,4,1,10,HopcroftKarpMatcher,-1,na,phase_count,1
U0,4,1,10,HopcroftKarpMatcher,-1,na,main_loop_iters,1
U0,4,1,10,HopcroftKarpMatcher,-1,na,total_bfs_edges_visited,4
U0,4,1,10,HopcroftKarpMatcher,-1,na,total_edges_visited,7
U0,4,1,10,HopcroftKarpMatcher,-1,na,matching_size,3
U0,4,1,10,HopcroftKarpMatcher,-1,na,wall_clock_ms,0.006699
U0,4,1,10,HopcroftKarpMatcher,-1,na,matching_size,3
U0,5,1.5,29,Oracle,-1,na,oracle_size,5
U0,5,1.5,29,SimpleAugmentingMatcher,-1,na,wall_clock_ms,0.000848
U0,5,1.5,29,SimpleAugmentingMatcher,-1,na,matching_size,5
U0,5,1.5,29,HopcroftKarpMatcher,0,na,paths_found_per_phase,5
U0,5,1.5,29,HopcroftKarpMatcher,0,na,bfs_edges_visited,11
U0,5,1.5,29,HopcroftKarpMatcher,0,na,dfs_edges_visited,8
U0,5,1.5,29,HopcroftKarpMatcher,0,na,defect_at_iteration,0
U0,5,1.5,29,HopcroftKarpMatcher,-1,na,phase_count,1
U0,5,1.5,29,HopcroftKarpMatcher,-1,na,main_loop_iters,1
U0,5,1.5,29,HopcroftKarpMatcher,-1,na,total_bfs_edges_visited,11
U0,5,1.5,29,HopcroftKarpMatcher,-1,na,total_edges_visited,19
U0,5,1.5,29,HopcroftKarpMatcher,-1,na,matching_size,5
U0,5,1.5,29,HopcroftKarpMatcher,-1,na,wall_clock_ms,0.006988
U0,5,1.5,29,HopcroftKarpMatcher,-1,na,matching_size,5
U0,2,1.5,15,Oracle,-1,na,oracle_size,1
U0,2,1.5,15,SimpleAugmentingMatcher,-1,na,wall_clock_ms,0.000474
U0,2,1.5,15,SimpleAugmentingMatcher,-1,na,matching_size,1
U0,2,1.5,15,HopcroftKarpMatcher,0,na,paths_found_per_phase,1
U0,2,1.5,15,HopcroftKarpMatcher,0,na,bfs_edges_visited,2
U0,2,1.5,15,HopcroftKarpMatcher,0,na,dfs_edges_visited,2
U0,2,1.5,15,HopcroftKarpMatcher,0,na,defect_at_iteration,1
U0,2,1.5,15,HopcroftKarpMatcher,-1,na,phase_count,1
U0,2,1.5,15,HopcroftKarpMatcher,-1,na,main_loop_iters,1
U0,2,1.5,15,HopcroftKarpMatcher,-1,na,total_bfs_edges_visited,2
U0,2,1.5,15,HopcroftKarpMatcher,-1,na,total_edges_visited,4
U0,2,1.5,15,HopcroftKarpMatcher,-1,na,matching_size,1
U0,2,1.5,15,HopcroftKarpMatcher,-1,na,wall_clock_ms,0.00616
U0,2,1.5,15,HopcroftKarpMatcher,-1,na,matching_size,1
U0,3,2,25,Oracle,-1,na,oracle_size,3
U0,3,2,25,SimpleAugmentingMatcher,-1,na,wall_clock_ms,0.000599
U0,3,2,25,SimpleAugmentingMatcher,-1,na,matching_size,3
U0,3,2,25,HopcroftKarpMatcher,0,na,paths_found_per_phase,3
U0,3,2,25,HopcroftKarpMatcher,0,na,bfs_edges_visited,9
U0,3,2,25,HopcroftKarpMatcher,0,na,dfs_edges_visited,6
U0,3,2,25,HopcroftKarpMatcher,0,na,defect_at_iteration,0
U0,3,2,25,HopcroftKarpMatcher,-1,na,phase_count,1
U0,3,2,25,HopcroftKarpMatcher,-1,na,main_loop_iters,1
U0,3,2,25,HopcroftKarpMatcher,-1,na,total_bfs_edges_visited,9
U0,3,2,25,HopcroftKarpMatcher,-1,na,total_edges_visited,15
U0,3,2,25,HopcroftKarpMatcher,-1,na,matching_size,3
U0,3,2,25,HopcroftKarpMatcher,-1,na,wall_clock_ms,0.006472
U0,3,2,25,HopcroftKarpMatcher,-1,na,matching_size,3
U0,5,1.5,22,Oracle,-1,na,oracle_size,4
U0,5,1.5,22,SimpleAugmentingMatcher,-1,na,wall_clock_ms,0.000559
U0,5,1.5,22,SimpleAugmentingMatcher,-1,na,matching_size,4
U0,5,1.5,22,HopcroftKarpMatcher,0,na,paths_found_per_phase,4
U0,5,1.5,22,HopcroftKarpMatcher,0,na,bfs_edges_visited,11
U0,5,1.5,22,HopcroftKarpMatcher,0,na,dfs_edges_visited,7
U0,5,1.5,22,HopcroftKarpMatcher,0,na,defect_at_iteration,1
U0,5,1.5,22,HopcroftKarpMatcher,-1,na,phase_count,1
U0,5,1.5,22,HopcroftKarpMatcher,-1,na,main_loop_iters,1
U0,5,1.5,22,HopcroftKarpMatcher,-1,na,total_bfs_edges_visited,11
U0,5,1.5,22,HopcroftKarpMatcher,-1,na,total_edges_visited,18
U0,5,1.5,22,HopcroftKarpMatcher,-1,na,matching_size,4
U0,5,1.5,22,HopcroftKarpMatcher,-1,na,wall_clock_ms,0.00566
U0,5,1.5,22,HopcroftKarpMatcher,-1,na,matching_size,4
U0,3,2,5,Oracle,-1,na,oracle_size,3
U0,3,2,5,SimpleAugmentingMatcher,-1,na,wall_clock_ms,0.000609
U0,3,2,5,SimpleAugmentingMatcher,-1,na,matching_size,3
U0,3,2,5,HopcroftKarpMatcher,0,na,paths_found_per_phase,3
U0,3,2,5,HopcroftKarpMatcher,0,na,bfs_edges_visited,9
U0,3,2,5,HopcroftKarpMatcher,0,na,dfs_edges_visited,6
U0,3,2,5,HopcroftKarpMatcher,0,na,defect_at_iteration,0
U0,3,2,5,HopcroftKarpMatcher,-1,na,phase_count,1
U0,3,2,5,HopcroftKarpMatcher,-1,na,main_loop_iters,1
U0,3,2,5,HopcroftKarpMatcher,-1,na,total_bfs_edges_visited,9
U0,3,2,5,HopcroftKarpMatcher,-1,na,total_edges_visited,15
U0,3,2,5,HopcroftKarpMatcher,-1,na,matching_size,3
U0,3,2,5,HopcroftKarpMatcher,-1,na,wall_clock_ms,0.006994
U0,3,2,5,HopcroftKarpMatcher,-1,na,matching_size,3
U0,5,1,28,Oracle,-1,na,oracle_size,4
U0,5,1,28,SimpleAugmentingMatcher,-1,na,wall_clock_ms,0.000573
U0,5,1,28,SimpleAugmentingMatcher,-1,na,matching_size,4
U0,5,1,28,HopcroftKarpMatcher,0,na,paths_found_per_phase,4
U0,5,1,28,HopcroftKarpMatcher,0,na,bfs_edges_visited,5
U0,5,1,28,HopcroftKarpMatcher,0,na,dfs_edges_visited,4
U0,5,1,28,HopcroftKarpMatcher,0,na,defect_at_iteration,1
U0,5,1,28,HopcroftKarpMatcher,-1,na,phase_count,1
U0,5,1,28,HopcroftKarpMatcher,-1,na,main_loop_iters,1
U0,5,1,28,HopcroftKarpMatcher,-1,na,total_bfs_edges_visited,5
U0,5,1,28,HopcroftKarpMatcher,-1,na,total_edges_visited,9
U0,5,1,28,HopcroftKarpMatcher,-1,na,matching_size,4
U0,5,1,28,HopcroftKarpMatcher,-1,na,wall_clock_ms,0.006008
U0,5,1,28,HopcroftKarpMatcher,-1,na,matching_size,4
U0,5,2,1,Oracle,-1,na,oracle_size,5
U0,5,2,1,SimpleAugmentingMatcher,-1,na,wall_clock_ms,0.000813
U0,5,2,1,SimpleAugmentingMatcher,-1,na,matching_size,5
U0,5,2,1,HopcroftKarpMatcher,0,na,paths_found_per_phase,5
U0,5,2,1,HopcroftKarpMatcher,0,na,bfs_edges_visited,25
U0,5,2,1,HopcroftKarpMatcher,0,na,dfs_edges_visited,15
U0,5,2,1,HopcroftKarpMatcher,0,na,defect_at_iteration,0
U0,5,2,1,HopcroftKarpMatcher,-1,na,phase_count,1
U0,5,2,1,HopcroftKarpMatcher,-1,na,main_loop_iters,1
U0,5,2,1,HopcroftKarpMatcher,-1,na,total_bfs_edges_visited,25
U0,5,2,1,HopcroftKarpMatcher,-1,na,total_edges_visited,40
U0,5,2,1,HopcroftKarpMatcher,-1,na,matching_size,5
U0,5,2,1,HopcroftKarpMatcher,-1,na,wall_clock_ms,0.007659
U0,5,2,1,HopcroftKarpMatcher,-1,na,matching_size,5
U0,2,2,26,Oracle,-1,na,oracle_size,2
U0,2,2,26,SimpleAugmentingMatcher,-1,na,wall_clock_ms,0.000483
U0,2,2,26,SimpleAugmentingMatcher,-1,na,matching_size,2
U0,2,2,26,HopcroftKarpMatcher,0,na,paths_found_per_phase,2
U0,2,2,26,HopcroftKarpMatcher,0,na,bfs_edges_visited,4
U0,2,2,26,HopcroftKarpMatcher,0,na,dfs_edges_visited,3
U0,2,2,26,HopcroftKarpMatcher,0,na,defect_at_iteration,0
U0,2,2,26,HopcroftKarpMatcher,-1,na,phase_count,1
U0,2,2,26,HopcroftKarpMatcher,-1,na,main_loop_iters,1
U0,2,2,26,HopcroftKarpMatcher,-1,na,total_bfs_edges_visited,4
U0,2,2,26,HopcroftKarpMatcher,-1,na,total_edges_visited,7
U0,2,2,26,HopcroftKarpMatcher,-1,na,matching_size,2
U0,2,2,26,HopcroftKarpMatcher,-1,na,wall_clock_ms,0.005795
U0,2,2,26,HopcroftKarpMatcher,-1,na,matching_size,2
U0,3,2,36,Oracle,-1,na,oracle_size,3
U0,3,2,36,SimpleAugmentingMatcher,-1,na,wall_clock_ms,0.000532
U0,3,2,36,SimpleAugmentingMatcher,-1,na,matching_size,3
U0,3,2,36,HopcroftKarpMatcher,0,na,paths_found_per_phase,3
U0,3,2,36,HopcroftKarpMatcher,0,na,bfs_edges_visited,9
U0,3,2,36,HopcroftKarpMatcher,0,na,dfs_edges_visited,6
U0,3,2,36,HopcroftKarpMatcher,0,na,defect_at_iteration,0
U0,3,2,36,HopcroftKarpMatcher,-1,na,phase_count,1
U0,3,2,36,HopcroftKarpMatcher,-1,na,main_loop_iters,1
U0,3,2,36,HopcroftKarpMatcher,-1,na,total_bfs_edges_visited,9
U0,3,2,36,HopcroftKarpMatcher,-1,na,total_edges_visited,15
U0,3,2,36,HopcroftKarpMatcher,-1,na,matching_size,3
U0,3,2,36,HopcroftKarpMatcher,-1,na,wall_clock_ms,0.006599
U0,3,2,36,HopcroftKarpMatcher,-1,na,matching_size,3
U0,2,1,8,Oracle,-1,na,oracle_size,1
U0,2,1,8,SimpleAugmentingMatcher,-1,na,wall_clock_ms,0.000486
U0,2,1,8,SimpleAugmentingMatcher,-1,na,matching_size,1
U0,2,1,8,HopcroftKarpMatcher,0,na,paths_found_per_phase,1
U0,2,1,8,HopcroftKarpMatcher,0,na,bfs_edges_visited,2
U0,2,1,8,HopcroftKarpMatcher,0,na,dfs_edges_visited,2
U0,2,1,8,HopcroftKarpMatcher,0,na,defect_at_iteration,1
U0,2,1,8,HopcroftKarpMatcher,-1,na,phase_count,1
U0,2,1,8,HopcroftKarpMatcher,-1,na,main_loop_iters,1
U0,2,1,8,HopcroftKarpMatcher,-1,na,total_bfs_edges_visited,2
U0,2,1,8,HopcroftKarpMatcher,-1,na,total_edges_visited,4
U0,2,1,8,HopcroftKarpMatcher,-1,na,matching_size,1
U0,2,1,8,HopcroftKarpMatcher,-1,na,wall_clock_ms,0.006107
U0,2,1,8,HopcroftKarpMatcher,-1,na,matching_size,1
U0,6,1,29,Oracle,-1,na,oracle_size,3
U0,6,1,29,SimpleAugmentingMatcher,-1,na,wall_clock_ms,0.000657
U0,6,1,29,SimpleAugmentingMatcher,-1,na,matching_size,3
U0,6,1,29,HopcroftKarpMatcher,0,na,paths_found_per_phase,3
U0,6,1,29,HopcroftKarpMatcher,0,na,bfs_edges_visited,6
U0,6,1,29,HopcroftKarpMatcher,0,na,dfs_edges_visited,3
U0,6,1,29,HopcroftKarpMatcher,0,na,defect_at_iteration,3
U0,6,1,29,HopcroftKarpMatcher,-1,na,phase_count,1
U0,6,1,29,HopcroftKarpMatcher,-1,na,main_loop_iters,1
U0,6,1,29,HopcroftKarpMatcher,-1,na,total_bfs_edges_visited,6
U0,6,1,29,HopcroftKarpMatcher,-1,na,total_edges_visited,9
U0,6,1,29,HopcroftKarpMatcher,-1,na,matching_size,3
U0,6,1,29,HopcroftKarpMatcher,-1,na,wall_clock_ms,0.006659
U0,6,1,29,HopcroftKarpMatcher,-1,na,matching_size,3
U0,5,1.5,36,Oracle,-1,na,oracle_size,5
U0,5,1.5,36,SimpleAugmentingMatcher,-1,na,wall_clock_ms,0.000817
U0,5,1.5,36,SimpleAugmentingMatcher,-1,na,matching_size,5
U0,5,1.5,36,HopcroftKarpMatcher,0,na,paths_found_per_phase,5
U0,5,1.5,36,HopcroftKarpMatcher,0,na,bfs_edges_visited,11
U0,5,1.5,36,HopcroftKarpMatcher,0,na,dfs_edges_visited,9
U0,5,1.5,36,HopcroftKarpMatcher,0,na,defect_at_iteration,0
U0,5,1.5,36,HopcroftKarpMatcher,-1,na,phase_count,1
U0,5,1.5,36,HopcroftKarpMatcher,-1,na,main_loop_iters,1
U0,5,1.5,36,HopcroftKarpMatcher,-1,na,total_bfs_edges_visited,11
U0,5,1.5,36,HopcroftKarpMatcher,-1,na,total_edges_visited,20
U0,5,1.5,36,HopcroftKarpMatcher,-1,na,matching_size,5
U0,5,1.5,36,HopcroftKarpMatcher,-1,na,wall_clock_ms,0.007035
U0,5,1.5,36,HopcroftKarpMatcher,-1,na,matching_size,5
U0,2,1,15,Oracle,-1,na,oracle_size,1
U0,2,1,15,SimpleAugmentingMatcher,-1,na,wall_clock_ms,0.000358
U0,2,1,15,SimpleAugmentingMatcher,-1,na,matching_size,1
U0,2,1,15,HopcroftKarpMatcher,0,na,paths_found_per_phase,1
U0,2,1,15,HopcroftKarpMatcher,0,na,bfs_edges_visited,2
U0,2,1,15,HopcroftKarpMatcher,0,na,dfs_edges_visited,2
U0,2,1,15,HopcroftKarpMatcher,0,na,defect_at_iteration,1
U0,2,1,15,HopcroftKarpMatcher,-1,na,phase_count,1
U0,2,1,15,HopcroftKarpMatcher,-1,na,main_loop_iters,1
U0,2,1,15,HopcroftKarpMatcher,-1,na,total_bfs_edges_visited,2
U0,2,1,15,HopcroftKarpMatcher,-1,na,total_edges_visited,4
U0,2,1,15,HopcroftKarpMatcher,-1,na,matching_size,1
U0,2,1,15,HopcroftKarpMatcher,-1,na,wall_clock_ms,0.004269
U0,2,1,15,HopcroftKarpMatcher,-1,na,matching_size,1
U0,2,2,36,Oracle,-1,na,oracle_size,2
U0,2,2,36,SimpleAugmentingMatcher,-1,na,wall_clock_ms,0.000416
U0,2,2,36,SimpleAugmentingMatcher,-1,na,matching_size,2
U0,2,2,36,HopcroftKarpMatcher,0,na,paths_found_per_phase,2
U0,2,2,36,HopcroftKarpMatcher,0,na,bfs_edges_visited,4
U0,2,2,36,HopcroftKarpMatcher,0,na,dfs_edges_visited,3
U0,2,2,36,HopcroftKarpMatcher,0,na,defect_at_iteration,0
U0,2,2,36,HopcroftKarpMatcher,-1,na,phase_count,1
U0,2,2,36,HopcroftKarpMatcher,-1,na,main_loop_iters,1
U0,2,2,36,HopcroftKarpMatcher,-1,na,total_bfs_edges_visited,4
U0,2,2,36,HopcroftKarpMatcher,-1,na,total_edges_visited,7
U0,2,2,36,HopcroftKarpMatcher,-1,na,matching_size,2
U0,2,2,36,HopcroftKarpMatcher,-1,na,wall_clock_ms,0.005477
U0,2,2,36,HopcroftKarpMatcher,-1,na,matching_size,2
U0,2,1.5,23,Oracle,-1,na,oracle_size,2
U0,2,1.5,23,SimpleAugmentingMatcher,-1,na,wall_clock_ms,0.000338
U0,2,1.5,23,SimpleAugmentingMatcher,-1,na,matching_size,2
U0,2,1.5,23,HopcroftKarpMatcher,0,na,paths_found_per_phase,2
U0,2,1.5,23,HopcroftKarpMatcher,0,na,bfs_edges_visited,2
U0,2,1.5,23,HopcroftKarpMatcher,0,na,dfs_edges_visited,2
U0,2,1.5,23,HopcroftKarpMatcher,0,na,defect_at_iteration,0
U0,2,1.5,23,HopcroftKarpMatcher,-1,na,phase_count,1
U0,2,1.5,23,HopcroftKarpMatcher,-1,na,main_loop_iters,1
U0,2,1.5,23,HopcroftKarpMatcher,-1,na,total_bfs_edges_visited,2
U0,2,1.5,23,HopcroftKarpMatcher,-1,na,total_edges_visited,4
U0,2,1.5,23,HopcroftKarpMatcher,-1,na,matching_size,2
U0,2,1.5,23,HopcroftKarpMatcher,-1,na,wall_clock_ms,0.004491
U0,2,1.5,23,HopcroftKarpMatcher,-1,na,matching_size,2
U0,4,2,30,Oracle,-1,na,oracle_size,4
U0,4,2,30,SimpleAugmentingMatcher,-1,na,wall_clock_ms,0.00069
U0,4,2,30,SimpleAugmentingMatcher,-1,na,matching_size,4
U0,4,2,30,HopcroftKarpMatcher,0,na,paths_found_per_phase,4
U0,4,2,30,HopcroftKarpMatcher,0,na,bfs_edges_visited,16
U0,4,2,30,HopcroftKarpMatcher,0,na,dfs_edges_visited,10
U0,4,2,30,HopcroftKarpMatcher,0,na,defect_at_iteration,0
U0,4,2,30,HopcroftKarpMatcher,-1,na,phase_count,1
U0,4,2,30,HopcroftKarpMatcher,-1,na,main_loop_iters,1
U0,4,2,30,HopcroftKarpMatcher,-1,na,total_bfs_edges_visited,16
U0,4,2,30,HopcroftKarpMatcher,-1,na,total_edges_visited,26
U0,4,2,30,HopcroftKarpMatcher,-1,na,matching_size,4
U0,4,2,30,HopcroftKarpMatcher,-1,na,wall_clock_ms,0.007016
U0,4,2,30,HopcroftKarpMatcher,-1,na,matching_size,4
U0,4,2,34,Oracle,-1,na,oracle_size,4
U0,4,2,34,SimpleAugmentingMatcher,-1,na,wall_clock_ms,0.000538
U0,4,2,34,SimpleAugmentingMatcher,-1,na,matching_size,4
U0,4,2,34,HopcroftKarpMatcher,0,na,paths_found_per_phase,4
U0,4,2,34,HopcroftKarpMatcher,0,na,bfs_edges_visited,16
U0,4,2,34,HopcroftKarpMatcher,0,na,dfs_edges_visited,10
U0,4,2,34,HopcroftKarpMatcher,0,na,defect_at_iteration,0
U0,4,2,34,HopcroftKarpMatcher,-1,na,phase_count,1
U0,4,2,34,HopcroftKarpMatcher,-1,na,main_loop_iters,1
U0,4,2,34,HopcroftKarpMatcher,-1,na,total_bfs_edges_visited,16
U0,4,2,34,HopcroftKarpMatcher,-1,na,total_edges_visited,26
U0,4,2,34,HopcroftKarpMatcher,-1,na,matching_size,4
U0,4,2,34,HopcroftKarpMatcher,-1,na,wall_clock_ms,0.006784
U0,4,2,34,HopcroftKarpMatcher,-1,na,matching_size,4
U0,3,1.5,23,Oracle,-1,na,oracle_size,3
U0,3,1.5,23,SimpleAugmentingMatcher,-1,na,wall_clock_ms,0.000532
U0,3,1.5,23,SimpleAugmentingMatcher,-1,na,matching_size,3
U0,3,1.5,23,HopcroftKarpMatcher,0,na,paths_found_per_phase,3
U0,3,1.5,23,HopcroftKarpMatcher,0,na,bfs_edges_visited,5
U0,3,1.5,23,HopcroftKarpMatcher,0,na,dfs_edges_visited,4
U0,3,1.5,23,HopcroftKarpMatcher,0,na,defect_at_iteration,0
U0,3,1.5,23,HopcroftKarpMatcher,-1,na,phase_count,1
U0,3,1.5,23,HopcroftKarpMatcher,-1,na,main_loop_iters,1
U0,3,1.5,23,HopcroftKarpMatcher,-1,na,total_bfs_edges_visited,5
U0,3,1.5,23,HopcroftKarpMatcher,-1,na,total_edges_visited,9
U0,3,1.5,23,HopcroftKarpMatcher,-1,na,matching_size,3
U0,3,1.5,23,HopcroftKarpMatcher,-1,na,wall_clock_ms,0.006405
U0,3,1.5,23,HopcroftKarpMatcher,-1,na,matching_size,3
U0,2,1,38,Oracle,-1,na,oracle_size,2
U0,2,1,38,SimpleAugmentingMatcher,-1,na,wall_clock_ms,0.000489
U0,2,1,38,SimpleAugmentingMatcher,-1,na,matching_size,2
U0,2,1,38,HopcroftKarpMatcher,0,na,paths_found_per_phase,2
U0,2,1,38,HopcroftKarpMatcher,0,na,bfs_edges_visited,2
U0,2,1,38,HopcroftKarpMatcher,0,na,dfs_edges_visited,2
U0,2,1,38,HopcroftKarpMatcher,0,na,defect_at_iteration,0
U0,2,1,38,HopcroftKarpMatcher,-1,na,phase_count,1
U0,2,1,38,HopcroftKarpMatcher,-1,na,main_loop_iters,1
U0,2,1,38,HopcroftKarpMatcher,-1,na,total_bfs_edges_visited,2
U0,2,1,38,HopcroftKarpMatcher,-1,na,total_edges_visited,4
U0,2,1,38,HopcroftKarpMatcher,-1,na,matching_size,2
U0,2,1,38,HopcroftKarpMatcher,-1,na,wall_clock_ms,0.005904
U0,2,1,38,HopcroftKarpMatcher,-1,na,matching_size,2
U0,2,1.5,28,Oracle,-1,na,oracle_size,2
U0,2,1.5,28,SimpleAugmentingMatcher,-1,na,wall_clock_ms,0.000547
U0,2,1.5,28,SimpleAugmentingMatcher,-1,na,matching_size,2
U0,2,1.5,28,HopcroftKarpMatcher,0,na,paths_found_per_phase,2
U0,2,1.5,28,HopcroftKarpMatcher,0,na,bfs_edges_visited,2
U0,2,1.5,28,HopcroftKarpMatcher,0,na,dfs_edges_visited,2
U0,2,1.5,28,HopcroftKarpMatcher,0,na,defect_at_iteration,0
U0,2,1.5,28,HopcroftKarpMatcher,-1,na,phase_count,1
U0,2,1.5,28,HopcroftKarpMatcher,-1,na,main_loop_iters,1
U0,2,1.5,28,HopcroftKarpMatcher,-1,na,total_bfs_edges_visited,2
U0,2,1.5,28,HopcroftKarpMatcher,-1,na,total_edges_visited,4
U0,2,1.5,28,HopcroftKarpMatcher,-1,na,matching_size,2
U0,2,1.5,28,HopcroftKarpMatcher,-1,na,wall_clock_ms,0.005988
U0,2,1.5,28,HopcroftKarpMatcher,-1,na,matching_size,2
U0,5,2,0,Oracle,-1,na,oracle_size,5
U0,5,2,0,SimpleAugmentingMatcher,-1,na,wall_clock_ms,0.000668
U0,5,2,0,SimpleAugmentingMatcher,-1,na,matching_size,5
U0,5,2,0,HopcroftKarpMatcher,0,na,paths_found_per_phase,5
U0,5,2,0,HopcroftKarpMatcher,0,na,bfs_edges_visited,25
U0,5,2,0,HopcroftKarpMatcher,0,na,dfs_edges_visited,15
U0,5,2,0,HopcroftKarpMatcher,0,na,defect_at_iteration,0
U0,5,2,0,HopcroftKarpMatcher,-1,na,phase_count,1
U0,5,2,0,HopcroftKarpMatcher,-1,na,main_loop_iters,1
U0,5,2,0,HopcroftKarpMatcher,-1,na,total_bfs_edges_visited,25
U0,5,2,0,HopcroftKarpMatcher,-1,na,total_edges_visited,40
U0,5,2,0,HopcroftKarpMatcher,-1,na,matching_size,5
U0,5,2,0,HopcroftKarpMatcher,-1,na,wall_clock_ms,0.005087
U0,5,2,0,HopcroftKarpMatcher,-1,na,matching_size,5
U0,3,2,21,Oracle,-1,na,oracle_size,3
U0,3,2,21,SimpleAugmentingMatcher,-1,na,wall_clock_ms,0.000552
U0,3,2,21,SimpleAugmentingMatcher,-1,na,matching_size,3
U0,3,2,21,HopcroftKarpMatcher,0,na,paths_found_per_phase,3
U0,3,2,21,HopcroftKarpMatcher,0,na,bfs_edges_visited,9
U0,3,2,21,HopcroftKarpMatcher,0,na,dfs_edges_visited,6
U0,3,2,21,HopcroftKarpMatcher,0,na,defect_at_iteration,0
U0,3,2,21,HopcroftKarpMatcher,-1,na,phase_count,1
U0,3,2,21,HopcroftKarpMatcher,-1,na,main_loop_iters,1
U0,3,2,21,HopcroftKarpMatcher,-1,na,total_bfs_edges_visited,9
U0,3,2,21,HopcroftKarpMatcher,-1,na,total_edges_visited,15
U0,3,2,21,HopcroftKarpMatcher,-1,na,matching_size,3
U0,3,2,21,HopcroftKarpMatcher,-1,na,wall_clock_ms,0.006531
U0,3,2,21,HopcroftKarpMatcher,-1,na,matching_size,3
U0,3,1,29,Oracle,-1,na,oracle_size,2
U0,3,1,29,SimpleAugmentingMatcher,-1,na,wall_clock_ms,0.00057
U0,3,1,29,SimpleAugmentingMatcher,-1,na,matching_size,2
U0,3,1,29,HopcroftKarpMatcher,0,na,paths_found_per_phase,2
U0,3,1,29,HopcroftKarpMatcher,0,na,bfs_edges_visited,3
U0,3,1,29,HopcroftKarpMatcher,0,na,dfs_edges_visited,3
U0,3,1,29,HopcroftKarpMatcher,0,na,defect_at_iteration,1
U0,3,1,29,HopcroftKarpMatcher,-1,na,phase_count,1
U0,3,1,29,HopcroftKarpMatcher,-1,na,main_loop_iters,1
U0,3,1,29,HopcroftKarpMatcher,-1,na,total_bfs_edges_visited,3
U0,3,1,29,HopcroftKarpMatcher,-1,na,total_edges_visited,6
U0,3,1,29,HopcroftKarpMatcher,-1,na,matching_size,2
U0,3,1,29,HopcroftKarpMatcher,-1,na,wall_clock_ms,0.005615
U0,3,1,29,HopcroftKarpMatcher,-1,na,matching_size,2
U0,3,1.5,24,Oracle,-1,na,oracle_size,3
U0,3,1.5,24,SimpleAugmentingMatcher,-1,na,wall_clock_ms,0.000445
U0,3,1.5,24,SimpleAugmentingMatcher,-1,na,matching_size,3
U0,3,1.5,24,HopcroftKarpMatcher,0,na,paths_found_per_phase,2
U0,3,1.5,24,HopcroftKarpMatcher,0,na,bfs_edges_visited,5
U0,3,1.5,24,HopcroftKarpMatcher,0,na,dfs_edges_visited,3
U0,3,1.5,24,HopcroftKarpMatcher,0,na,defect_at_iteration,1
U0,3,1.5,24,HopcroftKarpMatcher,1,na,paths_found_per_phase,1
U0,3,1.5,24,HopcroftKarpMatcher,1,na,bfs_edges_visited,5
U0,3,1.5,24,HopcroftKarpMatcher,1,na,dfs_edges_visited,5
U0,3,1.5,24,HopcroftKarpMatcher,1,na,defect_at_iteration,0
U0,3,1.5,24,HopcroftKarpMatcher,-1,na,phase_count,2
U0,3,1.5,24,HopcroftKarpMatcher,-1,na,main_loop_iters,2
U0,3,1.5,24,HopcroftKarpMatcher,-1,na,total_bfs_edges_visited,10
U0,3,1.5,24,HopcroftKarpMatcher,-1,na,total_edges_visited,18
U0,3,1.5,24,HopcroftKarpMatcher,-1,na,matching_size,3
U0,3,1.5,24,HopcroftKarpMatcher,-1,na,wall_clock_ms,0.006834
U0,3,1.5,24,HopcroftKarpMatcher,-1,na,matching_size,3
U0,2,2,28,Oracle,-1,na,oracle_size,2
U0,2,2,28,SimpleAugmentingMatcher,-1,na,wall_clock_ms,0.000413
U0,2,2,28,SimpleAugmentingMatcher,-1,na,matching_size,2
U0,2,2,28,HopcroftKarpMatcher,0,na,paths_found_per_phase,2
U0,2,2,28,HopcroftKarpMatcher,0,na,bfs_edges_visited,4
U0,2,2,28,HopcroftKarpMatcher,0,na,dfs_edges_visited,3
U0,2,2,28,HopcroftKarpMatcher,0,na,defect_at_iteration,0
U0,2,2,28,HopcroftKarpMatcher,-1,na,phase_count,1
U0,2,2,28,HopcroftKarpMatcher,-1,na,main_loop_iters,1
U0,2,2,28,HopcroftKarpMatcher,-1,na,total_bfs_edges_visited,4
U0,2,2,28,HopcroftKarpMatcher,-1,na,total_edges_visited,7
U0,2,2,28,HopcroftKarpMatcher,-1,na,matching_size,2
U0,2,2,28,HopcroftKarpMatcher,-1,na,wall_clock_ms,0.005954
U0,2,2,28,HopcroftKarpMatcher,-1,na,matching_size,2
U0,4,1.5,22,Oracle,-1,na,oracle_size,3
U0,4,1.5,22,SimpleAugmentingMatcher,-1,na,wall_clock_ms,0.000734
U0,4,1.5,22,SimpleAugmentingMatcher,-1,na,matching_size,3
U0,4,1.5,22,HopcroftKarpMatcher,0,na,paths_found_per_phase,3
U0,4,1.5,22,HopcroftKarpMatcher,0,na,bfs_edges_visited,8
U0,4,1.5,22,HopcroftKarpMatcher,0,na,dfs_edges_visited,5
U0,4,1.5,22,HopcroftKarpMatcher,0,na,defect_at_iteration,1
U0,4,1.5,22,HopcroftKarpMatcher,-1,na,phase_count,1
U0,4,1.5,22,HopcroftKarpMatcher,-1,na,main_loop_iters,1
U0,4,1.5,22,HopcroftKarpMatcher,-1,na,total_bfs_edges_visited,8
U0,4,1.5,22,HopcroftKarpMatcher,-1,na,total_edges_visited,13
U0,4,1.5,22,HopcroftKarpMatcher,-1,na,matching_size,3
U0,4,1.5,22,HopcroftKarpMatcher,-1,na,wall_clock_ms,0.007366
U0,4,1.5,22,HopcroftKarpMatcher,-1,na,matching_size,3
U0,2,1,42,Oracle,-1,na,oracle_size,2
U0,2,1,42,SimpleAugmentingMatcher,-1,na,wall_clock_ms,0.000462
U0,2,1,42,SimpleAugmentingMatcher,-1,na,matching_size,2
U0,2,1,42,HopcroftKarpMatcher,0,na,paths_found_per_phase,2
U0,2,1,42,HopcroftKarpMatcher,0,na,bfs_edges_visited,2
U0,2,1,42,HopcroftKarpMatcher,0,na,dfs_edges_visited,2
U0,2,1,42,HopcroftKarpMatcher,0,na,defect_at_iteration,0
U0,2,1,42,HopcroftKarpMatcher,-1,na,phase_count,1
U0,2,1,42,HopcroftKarpMatcher,-1,na,main_loop_iters,1
U0,2,1,42,HopcroftKarpMatcher,-1,na,total_bfs_edges_visited,2
U0,2,1,42,HopcroftKarpMatcher,-1,na,total_edges_visited,4
U0,2,1,42,HopcroftKarpMatcher,-1,na,matching_size,2
U0,2,1,42,HopcroftKarpMatcher,-1,na,wall_clock_ms,0.005709
U0,2,1,42,HopcroftKarpMatcher,-1,na,matching_size,2
U0,3,1,11,Oracle,-1,na,oracle_size,2
U0,3,1,11,SimpleAugmentingMatcher,-1,na,wall_clock_ms,0.000392
U0,3,1,11,SimpleAugmentingMatcher,-1,na,matching_size,2
U0,3,1,11,HopcroftKarpMatcher,0,na,paths_found_per_phase,2
U0,3,1,11,HopcroftKarpMatcher,0,na,bfs_edges_visited,3
U0,3,1,11,HopcroftKarpMatcher,0,na,dfs_edges_visited,2
U0,3,1,11,HopcroftKarpMatcher,0,na,defect_at_iteration,1
U0,3,1,11,HopcroftKarpMatcher,-1,na,phase_count,1
U0,3,1,11,HopcroftKarpMatcher,-1,na,main_loop_iters,1
U0,3,1,11,HopcroftKarpMatcher,-1,na,total_bfs_edges_visited,3
U0,3,1,11,HopcroftKarpMatcher,-1,na,total_edges_visited,5
U0,3,1,11,HopcroftKarpMatcher,-1,na,matching_size,2
U0,3,1,11,HopcroftKarpMatcher,-1,na,wall_clock_ms,0.004387
U0,3,1,11,HopcroftKarpMatcher,-1,na,matching_size,2
U0,4,2,16,Oracle,-1,na,oracle_size,4
U0,4,2,16,SimpleAugmentingMatcher,-1,na,wall_clock_ms,0.00071
U0,4,2,16,SimpleAugmentingMatcher,-1,na,matching_size,4
U0,4,2,16,HopcroftKarpMatcher,0,na,paths_found_per_phase,4
U0,4,2,16,HopcroftKarpMatcher,0,na,bfs_edges_visited,16
U0,4,2,16,HopcroftKarpMatcher,0,na,dfs_edges_visited,10
U0,4,2,16,HopcroftKarpMatcher,0,na,defect_at_iteration,0
U0,4,2,16,HopcroftKarpMatcher,-1,na,phase_count,1
U0,4,2,16,HopcroftKarpMatcher,-1,na,main_loop_iters,1
U0,4,2,16,HopcroftKarpMatcher,-1,na,total_bfs_edges_visited,16
U0,4,2,16,HopcroftKarpMatcher,-1,na,total_edges_visited,26
U0,4,2,16,HopcroftKarpMatcher,-1,na,matching_size,4
U0,4,2,16,HopcroftKarpMatcher,-1,na,wall_clock_ms,0.006428
U0,4,2,16,HopcroftKarpMatcher,-1,na,matching_size,4
U0,2,1,0,Oracle,-1,na,oracle_size,1
U0,2,1,0,SimpleAugmentingMatcher,-1,na,wall_clock_ms,0.000363
U0,2,1,0,SimpleAugmentingMatcher,-1,na,matching_size,1
U0,2,1,0,HopcroftKarpMatcher,0,na,paths_found_per_phase,1
U0,2,1,0,HopcroftKarpMatcher,0,na,bfs_edges_visited,2
U0,2,1,0,HopcroftKarpMatcher,0,na,dfs_edges_visited,1
U0,2,1,0,HopcroftKarpMatcher,0,na,defect_at_iteration,1
U0,2,1,0,HopcroftKarpMatcher,-1,na,phase_count,1
U0,2,1,0,HopcroftKarpMatcher,-1,na,main_loop_iters,1
U0,2,1,0,HopcroftKarpMatcher,-1,na,total_bfs_edges_visited,2
U0,2,1,0,HopcroftKarpMatcher,-1,na,total_edges_visited,3
U0,2,1,0,HopcroftKarpMatcher,-1,na,matching_size,1
U0,2,1,0,HopcroftKarpMatcher,-1,na,wall_clock_ms,0.004532
U0,2,1,0,HopcroftKarpMatcher,-1,na,matching_size,1
U0,4,1.5,29,Oracle,-1,na,oracle_size,4
U0,4,1.5,29,SimpleAugmentingMatcher,-1,na,wall_clock_ms,0.000603
U0,4,1.5,29,SimpleAugmentingMatcher,-1,na,matching_size,4
U0,4,1.5,29,HopcroftKarpMatcher,0,na,paths_found_per_phase,3
U0,4,1.5,29,HopcroftKarpMatcher,0,na,bfs_edges_visited,8
U0,4,1.5,29,HopcroftKarpMatcher,0,na,dfs_edges_visited,7
U0,4,1.5,29,HopcroftKarpMatcher,0,na,defect_at_iteration,1
U0,4,1.5,29,HopcroftKarpMatcher,1,na,paths_found_per_phase,1
U0,4,1.5,29,HopcroftKarpMatcher,1,na,bfs_edges_visited,7
U0,4,1.5,29,HopcroftKarpMatcher,1,na,dfs_edges_visited,3
U0,4,1.5,29,HopcroftKarpMatcher,1,na,defect_at_iteration,0
U0,4,1.5,29,HopcroftKarpMatcher,-1,na,phase_count,2
U0,4,1.5,29,HopcroftKarpMatcher,-1,na,main_loop_iters,2
U0,4,1.5,29,HopcroftKarpMatcher,-1,na,total_bfs_edges_visited,15
U0,4,1.5,29,HopcroftKarpMatcher,-1,na,total_edges_visited,25
U0,4,1.5,29,HopcroftKarpMatcher,-1,na,matching_size,4
U0,4,1.5,29,HopcroftKarpMatcher,-1,na,wall_clock_ms,0.009033
U0,4,1.5,29,HopcroftKarpMatcher,-1,na,matching_size,4
U0,4,2,12,Oracle,-1,na,oracle_size,4
U0,4,2,12,SimpleAugmentingMatcher,-1,na,wall_clock_ms,0.000576
U0,4,2,12,SimpleAugmentingMatcher,-1,na,matching_size,4
U0,4,2,12,HopcroftKarpMatcher,0,na,paths_found_per_phase,4
U0,4,2,12,HopcroftKarpMatcher,0,na,bfs_edges_visited,16
U0,4,2,12,HopcroftKarpMatcher,0,na,dfs_edges_visited,10
U0,4,2,12,HopcroftKarpMatcher,0,na,defect_at_iteration,0
U0,4,2,12,HopcroftKarpMatcher,-1,na,phase_count,1
U0,4,2,12,HopcroftKarpMatcher,-1,na,main_loop_iters,1
U0,4,2,12,HopcroftKarpMatcher,-1,na,total_bfs_edges_visited,16
U0,4,2,12,HopcroftKarpMatcher,-1,na,total_edges_visited,26
U0,4,2,12,HopcroftKarpMatcher,-1,na,matching_size,4
U0,4,2,12,HopcroftKarpMatcher,-1,na,wall_clock_ms,0.006623
U0,4,2,12,HopcroftKarpMatcher,-1,na,matching_size,4
U0,6,1.5,1,Oracle,-1,na,oracle_size,5
U0,6,1.5,1,SimpleAugmentingMatcher,-1,na,wall_clock_ms,0.001189
U0,6,1.5,1,SimpleAugmentingMatcher,-1,na,matching_size,5
U0,6,1.5,1,HopcroftKarpMatcher,0,na,paths_found_per_phase,5
U0,6,1.5,1,HopcroftKarpMatcher,0,na,bfs_edges_visited,14
U0,6,1.5,1,HopcroftKarpMatcher,0,na,dfs_edges_visited,9
U0,6,1.5,1,HopcroftKarpMatcher,0,na,defect_at_iteration,1
U0,6,1.5,1,HopcroftKarpMatcher,-1,na,phase_count,1
U0,6,1.5,1,HopcroftKarpMatcher,-1,na,main_loop_iters,1
U0,6,1.5,1,HopcroftKarpMatcher,-1,na,total_bfs_edges_visited,14
U0,6,1.5,1,HopcroftKarpMatcher,-1,na,total_edges_visited,23
U0,6,1.5,1,HopcroftKarpMatcher,-1,na,matching_size,5
U0,6,1.5,1,HopcroftKarpMatcher,-1,na,wall_clock_ms,0.008023
U0,6,1.5,1,HopcroftKarpMatcher,-1,na,matching_size,5
U0,4,1.5,48,Oracle,-1,na,oracle_size,3
U0,4,1.5,48,SimpleAugmentingMatcher,-1,na,wall_clock_ms,0.000805
U0,4,1.5,48,SimpleAugmentingMatcher,-1,na,matching_size,3
U0,4,1.5,48,HopcroftKarpMatcher,0,na,paths_found_per_phase,3
U0,4,1.5,48,HopcroftKarpMatcher,0,na,bfs_edges_visited,8
U0,4,1.5,48,HopcroftKarpMatcher,0,na,dfs_edges_visited,7
U0,4,1.5,48,HopcroftKarpMatcher,0,na,defect_at_iteration,1
U0,4,1.5,48,HopcroftKarpMatcher,-1,na,phase_count,1
U0,4,1.5,48,HopcroftKarpMatcher,-1,na,main_loop_iters,1
U0,4,1.5,48,HopcroftKarpMatcher,-1,na,total_bfs_edges_visited,8
U0,4,1.5,48,HopcroftKarpMatcher,-1,na,total_edges_visited,15
U0,4,1.5,48,HopcroftKarpMatcher,-1,na,matching_size,3
U0,4,1.5,48,HopcroftKarpMatcher,-1,na,wall_clock_ms,0.006774
U0,4,1.5,48,HopcroftKarpMatcher,-1,na,matching_size,3
U0,6,1.5,13,Oracle,-1,na,oracle_size,6
U0,6,1.5,13,SimpleAugmentingMatcher,-1,na,wall_clock_ms,0.000851
U0,6,1.5,13,SimpleAugmentingMatcher,-1,na,matching_size,6
U0,6,1.5,13,HopcroftKarpMatcher,0,na,paths_found_per_phase,5
U0,6,1.5,13,HopcroftKarpMatcher,0,na,bfs_edges_visited,14
U0,6,1.5,13,HopcroftKarpMatcher,0,na,dfs_edges_visited,9
U0,6,1.5,13,HopcroftKarpMatcher,0,na,defect_at_iteration,1
U0,6,1.5,13,HopcroftKarpMatcher,1,na,paths_found_per_phase,1
U0,6,1.5,13,HopcroftKarpMatcher,1,na,bfs_edges_visited,10
U0,6,1.5,13,HopcroftKarpMatcher,1,na,dfs_edges_visited,10
U0,6,1.5,13,HopcroftKarpMatcher,1,na,defect_at_iteration,0
U0,6,1.5,13,HopcroftKarpMatcher,-1,na,phase_count,2
U0,6,1.5,13,HopcroftKarpMatcher,-1,na,main_loop_iters,2
U0,6,1.5,13,HopcroftKarpMatcher,-1,na,total_bfs_edges_visited,24
U0,6,1.5,13,HopcroftKarpMatcher,-1,na,total_edges_visited,43
U0,6,1.5,13,HopcroftKarpMatcher,-1,na,matching_size,6
U0,6,1.5,13,HopcroftKarpMatcher,-1,na,wall_clock_ms,0.009876
U0,6,1.5,13,HopcroftKarpMatcher,-1,na,matching_size,6
U0,3,1.5,25,Oracle,-1,na,oracle_size,3
U0,3,1.5,25,SimpleAugmentingMatcher,-1,na,wall_clock_ms,0.000525
U0,3,1.5,25,SimpleAugmentingMatcher,-1,na,matching_size,3
U0,3,1.5,25,HopcroftKarpMatcher,0,na,paths_found_per_phase,3
U0,3,1.5,25,HopcroftKarpMatcher,0,na,bfs_edges_visited,5
U0,3,1.5,25,HopcroftKarpMatcher,0,na,dfs_edges_visited,3
U0,3,1.5,25,HopcroftKarpMatcher,0,na,defect_at_iteration,0
U0,3,1.5,25,HopcroftKarpMatcher,-1,na,phase_count,1
U0,3,1.5,25,HopcroftKarpMatcher,-1,na,main_loop_iters,1
U0,3,1.5,25,HopcroftKarpMatcher,-1,na,total_bfs_edges_visited,5
U0,3,1.5,25,HopcroftKarpMatcher,-1,na,total_edges_visited,8
U0,3,1.5,25,HopcroftKarpMatcher,-1,na,matching_size,3
U0,3,1.5,25,HopcroftKarpMatcher,-1,na,wall_clock_ms,0.006472
U0,3,1.5,25,HopcroftKarpMatcher,-1,na,matching_size,3
U0,6,1.5,3,Oracle,-1,na,oracle_size,6
U0,6,1.5,3,SimpleAugmentingMatcher,-1,na,wall_clock_ms,0.000899
U0,6,1.5,3,SimpleAugmentingMatcher,-1,na,matching_size,6
U0,6,1.5,3,HopcroftKarpMatcher,0,na,paths_found_per_phase,5
U0,6,1.5,3,HopcroftKarpMatcher,0,na,bfs_edges_visited,14
U0,6,1.5,3,HopcroftKarpMatcher,0,na,dfs_edges_visited,7
U0,6,1.5,3,HopcroftKarpMatcher,0,na,defect_at_iteration,1
U0,6,1.5,3,HopcroftKarpMatcher,1,na,paths_found_per_phase,1
U0,6,1.5,3,HopcroftKarpMatcher,1,na,bfs_edges_visited,8
U0,6,1.5,3,HopcroftKarpMatcher,1,na,dfs_edges_visited,7
U0,6,1.5,3,HopcroftKarpMatcher,1,na,defect_at_iteration,0
U0,6,1.5,3,HopcroftKarpMatcher,-1,na,phase_count,2
U0,6,1.5,3,HopcroftKarpMatcher,-1,na,main_loop_iters,2
U0,6,1.5,3,HopcroftKarpMatcher,-1,na,total_bfs_edges_visited,22
U0,6,1.5,3,HopcroftKarpMatcher,-1,na,total_edges_visited,36
U0,6,1.5,3,HopcroftKarpMatcher,-1,na,matching_size,6
U0,6,1.5,3,HopcroftKarpMatcher,-1,na,wall_clock_ms,0.010274
U0,6,1.5,3,HopcroftKarpMatcher,-1,na,matching_size,6
U0,4,2,31,Oracle,-1,na,oracle_size,4
U0,4,2,31,SimpleAugmentingMatcher,-1,na,wall_clock_ms,0.000589
U0,4,2,31,SimpleAugmentingMatcher,-1,na,matching_size,4
U0,4,2,31,HopcroftKarpMatcher,0,na,paths_found_per_phase,4
U0,4,2,31,HopcroftKarpMatcher,0,na,bfs_edges_visited,16
U0,4,2,31,HopcroftKarpMatcher,0,na,dfs_edges_visited,10
U0,4,2,31,HopcroftKarpMatcher,0,na,defect_at_iteration,0
U0,4,2,31,HopcroftKarpMatcher,-1,na,phase_count,1
U0,4,2,31,HopcroftKarpMatcher,-1,na,main_loop_iters,1
U0,4,2,31,HopcroftKarpMatcher,-1,na,total_bfs_edges_visited,16
U0,4,2,31,HopcroftKarpMatcher,-1,na,total_edges_visited,26
U0,4,2,31,HopcroftKarpMatcher,-1,na,matching_size,4
U0,4,2,31,HopcroftKarpMatcher,-1,na,wall_clock_ms,0.00715
U0,4,2,31,HopcroftKarpMatcher,-1,na,matching_size,4
U0,3,1,38,Oracle,-1,na,oracle_size,3
U0,3,1,38,SimpleAugmentingMatcher,-1,na,wall_clock_ms,0.000452
U0,3,1,38,SimpleAugmentingMatcher,-1,na,matching_size,3
U0,3,1,38,HopcroftKarpMatcher,0,na,paths_found_per_phase,3
U0,3,1,38,HopcroftKarpMatcher,0,na,bfs_edges_visited,3
U0,3,1,38,HopcroftKarpMatcher,0,na,dfs_edges_visited,3
U0,3,1,38,HopcroftKarpMatcher,0,na,defect_at_iteration,0
U0,3,1,38,HopcroftKarpMatcher,-1,na,phase_count,1
U0,3,1,38,HopcroftKarpMatcher,-1,na,main_loop_iters,1
U0,3,1,38,HopcroftKarpMatcher,-1,na,total_bfs_edges_visited,3
U0,3,1,38,HopcroftKarpMatcher,-1,na,total_edges_visited,6
U0,3,1,38,HopcroftKarpMatcher,-1,na,matching_size,3
U0,3,1,38,HopcroftKarpMatcher,-1,na,wall_clock_ms,0.005558
U0,3,1,38,HopcroftKarpMatcher,-1,na,matching_size,3
U0,3,1.5,7,Oracle,-1,na,oracle_size,2
U0,3,1.5,7,SimpleAugmentingMatcher,-1,na,wall_clock_ms,0.000444
U0,3,1.5,7,SimpleAugmentingMatcher,-1,na,matching_size,2
U0,3,1.5,7,HopcroftKarpMatcher,0,na,paths_found_per_phase,2
U0,3,1.5,7,HopcroftKarpMatcher,0,na,bfs_edges_visited,5
U0,3,1.5,7,HopcroftKarpMatcher,0,na,dfs_edges_visited,3
U0,3,1.5,7,HopcroftKarpMatcher,0,na,defect_at_iteration,1
U0,3,1.5,7,HopcroftKarpMatcher,-1,na,phase_count,1
U0,3,1.5,7,HopcroftKarpMatcher,-1,na,main_loop_iters,1
U0,3,1.5,7,HopcroftKarpMatcher,-1,na,total_bfs_edges_visited,5
U0,3,1.5,7,HopcroftKarpMatcher,-1,na,total_edges_visited,8
U0,3,1.5,7,HopcroftKarpMatcher,-1,na,matching_size,2
U0,3,1.5,7,HopcroftKarpMatcher,-1,na,wall_clock_ms,0.006208
U0,3,1.5,7,HopcroftKarpMatcher,-1,na,matching_size,2
U0,6,1.5,10,Oracle,-1,na,oracle_size,5
U0,6,1.5,10,SimpleAugmentingMatcher,-1,na,wall_clock_ms,0.001056
U0,6,1.5,10,SimpleAugmentingMatcher,-1,na,matching_size,5
U0,6,1.5,10,HopcroftKarpMatcher,0,na,paths_found_per_phase,4
U0,6,1.5,10,HopcroftKarpMatcher,0,na,bfs_edges_visited,14
U0,6,1.5,10,HopcroftKarpMatcher,0,na,dfs_edges_visited,10
U0,6,1.5,10,HopcroftKarpMatcher,0,na,defect_at_iteration,2
U0,6,1.5,10,HopcroftKarpMatcher,1,na,paths_found_per_phase,1
U0,6,1.5,10,HopcroftKarpMatcher,1,na,bfs_edges_visited,9
U0,6,1.5,10,HopcroftKarpMatcher,1,na,dfs_edges_visited,9
U0,6,1.5,10,HopcroftKarpMatcher,1,na,defect_at_iteration,1
U0,6,1.5,10,HopcroftKarpMatcher,-1,na,phase_count,2
U0,6,1.5,10,HopcroftKarpMatcher,-1,na,main_loop_iters,2
U0,6,1.5,10,HopcroftKarpMatcher,-1,na,total_bfs_edges_visited,23
U0,6,1.5,10,HopcroftKarpMatcher,-1,na,total_edges_visited,42
U0,6,1.5,10,HopcroftKarpMatcher,-1,na,matching_size,5
U0,6,1.5,10,HopcroftKarpMatcher,-1,na,wall_clock_ms,0.00971
U0,6,1.5,10,HopcroftKarpMatcher,-1,na,matching_size,5
U0,6,1,41,Oracle,-1,na,oracle_size,4
U0,6,1,41,SimpleAugmentingMatcher,-1,na,wall_clock_ms,0.000803
U0,6,1,41,SimpleAugmentingMatcher,-1,na,matching_size,4
U0,6,1,41,HopcroftKarpMatcher,0,na,paths_found_per_phase,4
U0,6,1,41,HopcroftKarpMatcher,0,na,bfs_edges_visited,6
U0,6,1,41,HopcroftKarpMatcher,0,na,dfs_edges_visited,5
U0,6,1,41,HopcroftKarpMatcher,0,na,defect_at_iteration,2
U0,6,1,41,HopcroftKarpMatcher,-1,na,phase_count,1
U0,6,1,41,HopcroftKarpMatcher,-1,na,main_loop_iters,1
U0,6,1,41,HopcroftKarpMatcher,-1,na,total_bfs_edges_visited,6
U0,6,1,41,HopcroftKarpMatcher,-1,na,total_edges_visited,11
U0,6,1,41,HopcroftKarpMatcher,-1,na,matching_size,4
U0,6,1,41,HopcroftKarpMatcher,-1,na,wall_clock_ms,0.007028
U0,6,1,41,HopcroftKarpMatcher,-1,na,matching_size,4
U0,2,2,13,Oracle,-1,na,oracle_size,2
U0,2,2,13,SimpleAugmentingMatcher,-1,na,wall_clock_ms,0.000397
U0,2,2,13,SimpleAugmentingMatcher,-1,na,matching_size,2
U0,2,2,13,HopcroftKarpMatcher,0,na,paths_found_per_phase,2
U0,2,2,13,HopcroftKarpMatcher,0,na,bfs_edges_visited,4
U0,2,2,13,HopcroftKarpMatcher,0,na,dfs_edges_visited,3
U0,2,2,13,HopcroftKarpMatcher,0,na,defect_at_iteration,0
U0,2,2,13,HopcroftKarpMatcher,-1,na,phase_count,1
U0,2,2,13,HopcroftKarpMatcher,-1,na,main_loop_iters,1
U0,2,2,13,HopcroftKarpMatcher,-1,na,total_bfs_edges_visited,4
U0,2,2,13,HopcroftKarpMatcher,-1,na,total_edges_visited,7
U0,2,2,13,HopcroftKarpMatcher,-1,na,matching_size,2
U0,2,2,13,HopcroftKarpMatcher,-1,na,wall_clock_ms,0.00564
U0,2,2,13,HopcroftKarpMatcher,-1,na,matching_size,2
U0,4,1,4,Oracle,-1,na,oracle_size,2
U0,4,1,4,SimpleAugmentingMatcher,-1,na,wall_clock_ms,0.000674
U0,4,1,4,SimpleAugmentingMatcher,-1,na,matching_size,2
U0,4,1,4,HopcroftKarpMatcher,0,na,paths_found_per_phase,2
U0,4,1,4,HopcroftKarpMatcher,0,na,bfs_edges_visited,4
U0,4,1,4,HopcroftKarpMatcher,0,na,dfs_edges_visited,3
U0,4,1,4,HopcroftKarpMatcher,0,na,defect_at_iteration,2
U0,4,1,4,HopcroftKarpMatcher,-1,na,phase_count,1
U0,4,1,4,HopcroftKarpMatcher,-1,na,main_loop_iters,1
U0,4,1,4,HopcroftKarpMatcher,-1,na,total_bfs_edges_visited,4
U0,4,1,4,HopcroftKarpMatcher,-1,na,total_edges_visited,7
U0,4,1,4,HopcroftKarpMatcher,-1,na,matching_size,2
U0,4,1,4,HopcroftKarpMatcher,-1,na,wall_clock_ms,0.004563
U0,4,1,4,HopcroftKarpMatcher,-1,na,matching_size,2
U0,3,1.5,46,Oracle,-1,na,oracle_size,2
U0,3,1.5,46,SimpleAugmentingMatcher,-1,na,wall_clock_ms,0.000452
U0,3,1.5,46,SimpleAugmentingMatcher,-1,na,matching_size,2
U0,3,1.5,46,HopcroftKarpMatcher,0,na,paths_found_per_phase,2
U0,3,1.5,46,HopcroftKarpMatcher,0,na,bfs_edges_visited,5
U0,3,1.5,46,HopcroftKarpMatcher,0,na,dfs_edges_visited,3
U0,3,1.5,46,HopcroftKarpMatcher,0,na,defect_at_iteration,1
U0,3,1.5,46,HopcroftKarpMatcher,-1,na,phase_count,1
U0,3,1.5,46,HopcroftKarpMatcher,-1,na,main_loop_iters,1
U0,3,1.5,46,HopcroftKarpMatcher,-1,na,total_bfs_edges_visited,5
U0,3,1.5,46,HopcroftKarpMatcher,-1,na,total_edges_visited,8
U0,3,1.5,46,HopcroftKarpMatcher,-1,na,matching_size,2
U0,3,1.5,46,HopcroftKarpMatcher,-1,na,wall_clock_ms,0.006128
U0,3,1.5,46,HopcroftKarpMatcher,-1,na,matching_size,2
U0,5,1,20,Oracle,-1,na,oracle_size,3
U0,5,1,20,SimpleAugmentingMatcher,-1,na,wall_clock_ms,0.000567
U0,5,1,20,SimpleAugmentingMatcher,-1,na,matching_size,3
U0,5,1,20,HopcroftKarpMatcher,0,na,paths_found_per_phase,3
U0,5,1,20,HopcroftKarpMatcher,0,na,bfs_edges_visited,5
U0,5,1,20,HopcroftKarpMatcher,0,na,dfs_edges_visited,3
U0,5,1,20,HopcroftKarpMatcher,0,na,defect_at_iteration,2
U0,5,1,20,HopcroftKarpMatcher,-1,na,phase_count,1
U0,5,1,20,HopcroftKarpMatcher,-1,na,main_loop_iters,1
U0,5,1,20,HopcroftKarpMatcher,-1,na,total_bfs_edges_visited,5
U0,5,1,20,HopcroftKarpMatcher,-1,na,total_edges_visited,8
U0,5,1,20,HopcroftKarpMatcher,-1,na,matching_size,3
U0,5,1,20,HopcroftKarpMatcher,-1,na,wall_clock_ms,0.006476
U0,5,1,20,HopcroftKarpMatcher,-1,na,matching_size,3
U0,6,1.5,6,Oracle,-1,na,oracle_size,6
U0,6,1.5,6,SimpleAugmentingMatcher,-1,na,wall_clock_ms,0.00096
U0,6,1.5,6,SimpleAugmentingMatcher,-1,na,matching_size,6
U0,6,1.5,6,HopcroftKarpMatcher,0,na,paths_found_per_phase,5
U0,6,1.5,6,HopcroftKarpMatcher,0,na,bfs_edges_visited,14
U0,6,1.5,6,HopcroftKarpMatcher,0,na,dfs_edges_visited,7
U0,6,1.5,6,HopcroftKarpMatcher,0,na,defect_at_iteration,1
U0,6,1.5,6,HopcroftKarpMatcher,1,na,paths_found_per_phase,1
U0,6,1.5,6,HopcroftKarpMatcher,1,na,bfs_edges_visited,5
U0,6,1.5,6,HopcroftKarpMatcher,1,na,dfs_edges_visited,5
U0,6,1.5,6,HopcroftKarpMatcher,1,na,defect_at_iteration,0
U0,6,1.5,6,HopcroftKarpMatcher,-1,na,phase_count,2
U0,6,1.5,6,HopcroftKarpMatcher,-1,na,main_loop_iters,2
U0,6,1.5,6,HopcroftKarpMatcher,-1,na,total_bfs_edges_visited,19
U0,6,1.5,6,HopcroftKarpMatcher,-1,na,total_edges_visited,31
U0,6,1.5,6,HopcroftKarpMatcher,-1,na,matching_size,6
U0,6,1.5,6,HopcroftKarpMatcher,-1,na,wall_clock_ms,0.00987
U0,6,1.5,6,HopcroftKarpMatcher,-1,na,matching_size,6
U0,4,1,40,Oracle,-1,na,oracle_size,2
U0,4,1,40,SimpleAugmentingMatcher,-1,na,wall_clock_ms,0.000444
U0,4,1,40,SimpleAugmentingMatcher,-1,na,matching_size,2
U0,4,1,40,HopcroftKarpMatcher,0,na,paths_found_per_phase,2
U0,4,1,40,HopcroftKarpMatcher,0,na,bfs_edges_visited,4
U0,4,1,40,HopcroftKarpMatcher,0,na,dfs_edges_visited,2
U0,4,1,40,HopcroftKarpMatcher,0,na,defect_at_iteration,2
U0,4,1,40,HopcroftKarpMatcher,-1,na,phase_count,1
U0,4,1,40,HopcroftKarpMatcher,-1,na,main_loop_iters,1
U0,4,1,40,HopcroftKarpMatcher,-1,na,total_bfs_edges_visited,4
U0,4,1,40,HopcroftKarpMatcher,-1,na,total_edges_visited,6
U0,4,1,40,HopcroftKarpMatcher,-1,na,matching_size,2
U0,4,1,40,HopcroftKarpMatcher,-1,na,wall_clock_ms,0.004577
U0,4,1,40,HopcroftKarpMatcher,-1,na,matching_size,2
U0,4,2,40,Oracle,-1,na,oracle_size,4
U0,4,2,40,SimpleAugmentingMatcher,-1,na,wall_clock_ms,0.000637
U0,4,2,40,SimpleAugmentingMatcher,-1,na,matching_size,4
U0,4,2,40,HopcroftKarpMatcher,0,na,paths_found_per_phase,4
U0,4,2,40,HopcroftKarpMatcher,0,na,bfs_edges_visited,16
U0,4,2,40,HopcroftKarpMatcher,0,na,dfs_edges_visited,10
U0,4,2,40,HopcroftKarpMatcher,0,na,defect_at_iteration,0
U0,4,2,40,HopcroftKarpMatcher,-1,na,phase_count,1
U0,4,2,40,HopcroftKarpMatcher,-1,na,main_loop_iters,1
U0,4,2,40,HopcroftKarpMatcher,-1,na,total_bfs_edges_visited,16
U0,4,2,40,HopcroftKarpMatcher,-1,na,total_edges_visited,26
U0,4,2,40,HopcroftKarpMatcher,-1,na,matching_size,4
U0,4,2,40,HopcroftKarpMatcher,-1,na,wall_clock_ms,0.006752
U0,4,2,40,HopcroftKarpMatcher,-1,na,matching_size,4
U0,4,1.5,49,Oracle,-1,na,oracle_size,4
U0,4,1.5,49,SimpleAugmentingMatcher,-1,na,wall_clock_ms,0.000603
U0,4,1.5,49,SimpleAugmentingMatcher,-1,na,matching_size,4
U0,4,1.5,49,HopcroftKarpMatcher,0,na,paths_found_per_phase,3
U0,4,1.5,49,HopcroftKarpMatcher,0,na,bfs_edges_visited,8
U0,4,1.5,49,HopcroftKarpMatcher,0,na,dfs_edges_visited,6
U0,4,1.5,49,HopcroftKarpMatcher,0,na,defect_at_iteration,1
U0,4,1.5,49,HopcroftKarpMatcher,1,na,paths_found_per_phase,1
U0,4,1.5,49,HopcroftKarpMatcher,1,na,bfs_edges_visited,8
U0,4,1.5,49,HopcroftKarpMatcher,1,na,dfs_edges_visited,5
U0,4,1.5,49,HopcroftKarpMatcher,1,na,defect_at_iteration,0
U0,4,1.5,49,HopcroftKarpMatcher,-1,na,phase_count,2
U0,4,1.5,49,HopcroftKarpMatcher,-1,na,main_loop_iters,2
U0,4,1.5,49,HopcroftKarpMatcher,-1,na,total_bfs_edges_visited,16
U0,4,1.5,49,HopcroftKarpMatcher,-1,na,total_edges_visited,27
U0,4,1.5,49,HopcroftKarpMatcher,-1,na,matching_size,4
U0,4,1.5,49,HopcroftKarpMatcher,-1,na,wall_clock_ms,0.009029
U0,4,1.5,49,HopcroftKarpMatcher,-1,na,matching_size,4
U0,5,1,25,Oracle,-1,na,oracle_size,3
U0,5,1,25,SimpleAugmentingMatcher,-1,na,wall_clock_ms,0.000684
U0,5,1,25,SimpleAugmentingMatcher,-1,na,matching_size,3
U0,5,1,25,HopcroftKarpMatcher,0,na,paths_found_per_phase,3
U0,5,1,25,HopcroftKarpMatcher,0,na,bfs_edges_visited,5
U0,5,1,25,HopcroftKarpMatcher,0,na,dfs_edges_visited,4
U0,5,1,25,HopcroftKarpMatcher,0,na,defect_at_iteration,2
U0,5,1,25,HopcroftKarpMatcher,-1,na,phase_count,1
U0,5,1,25,HopcroftKarpMatcher,-1,na,main_loop_iters,1
U0,5,1,25,HopcroftKarpMatcher,-1,na,total_bfs_edges_visited,5
U0,5,1,25,HopcroftKarpMatcher,-1,na,total_edges_visited,9
U0,5,1,25,HopcroftKarpMatcher,-1,na,matching_size,3
U0,5,1,25,HopcroftKarpMatcher,-1,na,wall_clock_ms,0.006258
U0,5,1,25,HopcroftKarpMatcher,-1,na,matching_size,3
U0,3,1,22,Oracle,-1,na,oracle_size,2
U0,3,1,22,SimpleAugmentingMatcher,-1,na,wall_clock_ms,0.00058
U0,3,1,22,SimpleAugmentingMatcher,-1,na,matching_size,2
U0,3,1,22,HopcroftKarpMatcher,0,na,paths_found_per_phase,2
U0,3,1,22,HopcroftKarpMatcher,0,na,bfs_edges_visited,3
U0,3,1,22,HopcroftKarpMatcher,0,na,dfs_edges_visited,3
U0,3,1,22,HopcroftKarpMatcher,0,na,defect_at_iteration,1
U0,3,1,22,HopcroftKarpMatcher,-1,na,phase_count,1
U0,3,1,22,HopcroftKarpMatcher,-1,na,main_loop_iters,1
U0,3,1,22,HopcroftKarpMatcher,-1,na,total_bfs_edges_visited,3
U0,3,1,22,HopcroftKarpMatcher,-1,na,total_edges_visited,6
U0,3,1,22,HopcroftKarpMatcher,-1,na,matching_size,2
U0,3,1,22,HopcroftKarpMatcher,-1,na,wall_clock_ms,0.005846
U0,3,1,22,HopcroftKarpMatcher,-1,na,matching_size,2
U0,5,1,19,Oracle,-1,na,oracle_size,3
U0,5,1,19,SimpleAugmentingMatcher,-1,na,wall_clock_ms,0.000637
U0,5,1,19,SimpleAugmentingMatcher,-1,na,matching_size,3
U0,5,1,19,HopcroftKarpMatcher,0,na,paths_found_per_phase,3
U0,5,1,19,HopcroftKarpMatcher,0,na,bfs_edges_visited,5
U0,5,1,19,HopcroftKarpMatcher,0,na,dfs_edges_visited,3
U0,5,1,19,HopcroftKarpMatcher,0,na,defect_at_iteration,2
U0,5,1,19,HopcroftKarpMatcher,-1,na,phase_count,1
U0,5,1,19,HopcroftKarpMatcher,-1,na,main_loop_iters,1
U0,5,1,19,HopcroftKarpMatcher,-1,na,total_bfs_edges_visited,5
U0,5,1,19,HopcroftKarpMatcher,-1,na,total_edges_visited,8
U0,5,1,19,HopcroftKarpMatcher,-1,na,matching_size,3
U0,5,1,19,HopcroftKarpMatcher,-1,na,wall_clock_ms,0.006436
U0,5,1,19,HopcroftKarpMatcher,-1,na,matching_size,3
U0,2,1.5,49,Oracle,-1,na,oracle_size,1
U0,2,1.5,49,SimpleAugmentingMatcher,-1,na,wall_clock_ms,0.000533
U0,2,1.5,49,SimpleAugmentingMatcher,-1,na,matching_size,1
U0,2,1.5,49,HopcroftKarpMatcher,0,na,paths_found_per_phase,1
U0,2,1.5,49,HopcroftKarpMatcher,0,na,bfs_edges_visited,2
U0,2,1.5,49,HopcroftKarpMatcher,0,na,dfs_edges_visited,2
U0,2,1.5,49,HopcroftKarpMatcher,0,na,defect_at_iteration,1
U0,2,1.5,49,HopcroftKarpMatcher,-1,na,phase_count,1
U0,2,1.5,49,HopcroftKarpMatcher,-1,na,main_loop_iters,1
U0,2,1.5,49,HopcroftKarpMatcher,-1,na,total_bfs_edges_visited,2
U0,2,1.5,49,HopcroftKarpMatcher,-1,na,total_edges_visited,4
U0,2,1.5,49,HopcroftKarpMatcher,-1,na,matching_size,1
U0,2,1.5,49,HopcroftKarpMatcher,-1,na,wall_clock_ms,0.006221
U0,2,1.5,49,HopcroftKarpMatcher,-1,na,matching_size,1
U0,5,1.5,15,Oracle,-1,na,oracle_size,5
U0,5,1.5,15,SimpleAugmentingMatcher,-1,na,wall_clock_ms,0.00066
U0,5,1.5,15,SimpleAugmentingMatcher,-1,na,matching_size,5
U0,5,1.5,15,HopcroftKarpMatcher,0,na,paths_found_per_phase,3
U0,5,1.5,15,HopcroftKarpMatcher,0,na,bfs_edges_visited,11
U0,5,1.5,15,HopcroftKarpMatcher,0,na,dfs_edges_visited,7
U0,5,1.5,15,HopcroftKarpMatcher,0,na,defect_at_iteration,2
U0,5,1.5,15,HopcroftKarpMatcher,1,na,paths_found_per_phase,2
U0,5,1.5,15,HopcroftKarpMatcher,1,na,bfs_edges_visited,11
U0,5,1.5,15,HopcroftKarpMatcher,1,na,dfs_edges_visited,6
U0,5,1.5,15,HopcroftKarpMatcher,1,na,defect_at_iteration,0
U0,5,1.5,15,HopcroftKarpMatcher,-1,na,phase_count,2
U0,5,1.5,15,HopcroftKarpMatcher,-1,na,main_loop_iters,2
U0,5,1.5,15,HopcroftKarpMatcher,-1,na,total_bfs_edges_visited,22
U0,5,1.5,15,HopcroftKarpMatcher,-1,na,total_edges_visited,35
U0,5,1.5,15,HopcroftKarpMatcher,-1,na,matching_size,5
U0,5,1.5,15,HopcroftKarpMatcher,-1,na,wall_clock_ms,0.009208
U0,5,1.5,15,HopcroftKarpMatcher,-1,na,matching_size,5
U0,2,1.5,18,Oracle,-1,na,oracle_size,1
U0,2,1.5,18,SimpleAugmentingMatcher,-1,na,wall_clock_ms,0.000505
U0,2,1.5,18,SimpleAugmentingMatcher,-1,na,matching_size,1
U0,2,1.5,18,HopcroftKarpMatcher,0,na,paths_found_per_phase,1
U0,2,1.5,18,HopcroftKarpMatcher,0,na,bfs_edges_visited,2
U0,2,1.5,18,HopcroftKarpMatcher,0,na,dfs_edges_visited,2
U0,2,1.5,18,HopcroftKarpMatcher,0,na,defect_at_iteration,1
U0,2,1.5,18,HopcroftKarpMatcher,-1,na,phase_count,1
U0,2,1.5,18,HopcroftKarpMatcher,-1,na,main_loop_iters,1
U0,2,1.5,18,HopcroftKarpMatcher,-1,na,total_bfs_edges_visited,2
U0,2,1.5,18,HopcroftKarpMatcher,-1,na,total_edges_visited,4
U0,2,1.5,18,HopcroftKarpMatcher,-1,na,matching_size,1
U0,2,1.5,18,HopcroftKarpMatcher,-1,na,wall_clock_ms,0.006034
U0,2,1.5,18,HopcroftKarpMatcher,-1,na,matching_size,1
U0,6,1,45,Oracle,-1,na,oracle_size,4
U0,6,1,45,SimpleAugmentingMatcher,-1,na,wall_clock_ms,0.000656
U0,6,1,45,SimpleAugmentingMatcher,-1,na,matching_size,4
U0,6,1,45,HopcroftKarpMatcher,0,na,paths_found_per_phase,3
U0,6,1,45,HopcroftKarpMatcher,0,na,bfs_edges_visited,6
U0,6,1,45,HopcroftKarpMatcher,0,na,dfs_edges_visited,4
U0,6,1,45,HopcroftKarpMatcher,0,na,defect_at_iteration,3
U0,6,1,45,HopcroftKarpMatcher,1,na,paths_found_per_phase,1
U0,6,1,45,HopcroftKarpMatcher,1,na,bfs_edges_visited,3
U0,6,1,45,HopcroftKarpMatcher,1,na,dfs_edges_visited,3
U0,6,1,45,HopcroftKarpMatcher,1,na,defect_at_iteration,2
U0,6,1,45,HopcroftKarpMatcher,-1,na,phase_count,2
U0,6,1,45,HopcroftKarpMatcher,-1,na,main_loop_iters,2
U0,6,1,45,HopcroftKarpMatcher,-1,na,total_bfs_edges_visited,9
U0,6,1,45,HopcroftKarpMatcher,-1,na,total_edges_visited,16
U0,6,1,45,HopcroftKarpMatcher,-1,na,matching_size,4
U0,6,1,45,HopcroftKarpMatcher,-1,na,wall_clock_ms,0.009132
U0,6,1,45,HopcroftKarpMatcher,-1,na,matching_size,4
U0,6,2,37,Oracle,-1,na,oracle_size,6
U0,6,2,37,SimpleAugmentingMatcher,-1,na,wall_clock_ms,0.000991
U0,6,2,37,SimpleAugmentingMatcher,-1,na,matching_size,6
U0,6,2,37,HopcroftKarpMatcher,0,na,paths_found_per_phase,6
U0,6,2,37,HopcroftKarpMatcher,0,na,bfs_edges_visited,36
U0,6,2,37,HopcroftKarpMatcher,0,na,dfs_edges_visited,21
U0,6,2,37,HopcroftKarpMatcher,0,na,defect_at_iteration,0
U0,6,2,37,HopcroftKarpMatcher,-1,na,phase_count,1
U0,6,2,37,HopcroftKarpMatcher,-1,na,main_loop_iters,1
U0,6,2,37,HopcroftKarpMatcher,-1,na,total_bfs_edges_visited,36
U0,6,2,37,HopcroftKarpMatcher,-1,na,total_edges_visited,57
U0,6,2,37,HopcroftKarpMatcher,-1,na,matching_size,6
U0,6,2,37,HopcroftKarpMatcher,-1,na,wall_clock_ms,0.006999
U0,6,2,37,HopcroftKarpMatcher,-1,na,matching_size,6
U0,2,1,49,Oracle,-1,na,oracle_size,2
U0,2,1,49,SimpleAugmentingMatcher,-1,na,wall_clock_ms,0.00034
U0,2,1,49,SimpleAugmentingMatcher,-1,na,matching_size,2
U0,2,1,49,HopcroftKarpMatcher,0,na,paths_found_per_phase,2
U0,2,1,49,HopcroftKarpMatcher,0,na,bfs_edges_visited,2
U0,2,1,49,HopcroftKarpMatcher,0,na,dfs_edges_visited,2
U0,2,1,49,HopcroftKarpMatcher,0,na,defect_at_iteration,0
U0,2,1,49,HopcroftKarpMatcher,-1,na,phase_count,1
U0,2,1,49,HopcroftKarpMatcher,-1,na,main_loop_iters,1
U0,2,1,49,HopcroftKarpMatcher,-1,na,total_bfs_edges_visited,2
U0,2,1,49,HopcroftKarpMatcher,-1,na,total_edges_visited,4
U0,2,1,49,HopcroftKarpMatcher,-1,na,matching_size,2
U0,2,1,49,HopcroftKarpMatcher,-1,na,wall_clock_ms,0.004269
U0,2,1,49,HopcroftKarpMatcher,-1,na,matching_size,2
U0,2,1.5,47,Oracle,-1,na,oracle_size,1
U0,2,1.5,47,SimpleAugmentingMatcher,-1,na,wall_clock_ms,0.000479
U0,2,1.5,47,SimpleAugmentingMatcher,-1,na,matching_size,1
U0,2,1.5,47,HopcroftKarpMatcher,0,na,paths_found_per_phase,1
U0,2,1.5,47,HopcroftKarpMatcher,0,na,bfs_edges_visited,2
U0,2,1.5,47,HopcroftKarpMatcher,0,na,dfs_edges_visited,1
U0,2,1.5,47,HopcroftKarpMatcher,0,na,defect_at_iteration,1
U0,2,1.5,47,HopcroftKarpMatcher,-1,na,phase_count,1
U0,2,1.5,47,HopcroftKarpMatcher,-1,na,main_loop_iters,1
U0,2,1.5,47,HopcroftKarpMatcher,-1,na,total_bfs_edges_visited,2
U0,2,1.5,47,HopcroftKarpMatcher,-1,na,total_edges_visited,3
U0,2,1.5,47,HopcroftKarpMatcher,-1,na,matching_size,1
U0,2,1.5,47,HopcroftKarpMatcher,-1,na,wall_clock_ms,0.006094
U0,2,1.5,47,HopcroftKarpMatcher,-1,na,matching_size,1
U0,6,2,23,Oracle,-1,na,oracle_size,6
U0,6,2,23,SimpleAugmentingMatcher,-1,na,wall_clock_ms,0.001
U0,6,2,23,SimpleAugmentingMatcher,-1,na,matching_size,6
U0,6,2,23,HopcroftKarpMatcher,0,na,paths_found_per_phase,6
U0,6,2,23,HopcroftKarpMatcher,0,na,bfs_edges_visited,36
U0,6,2,23,HopcroftKarpMatcher,0,na,dfs_edges_visited,21
U0,6,2,23,HopcroftKarpMatcher,0,na,defect_at_iteration,0
U0,6,2,23,HopcroftKarpMatcher,-1,na,phase_count,1
U0,6,2,23,HopcroftKarpMatcher,-1,na,main_loop_iters,1
U0,6,2,23,HopcroftKarpMatcher,-1,na,total_bfs_edges_visited,36
U0,6,2,23,HopcroftKarpMatcher,-1,na,total_edges_visited,57
U0,6,2,23,HopcroftKarpMatcher,-1,na,matching_size,6
U0,6,2,23,HopcroftKarpMatcher,-1,na,wall_clock_ms,0.008098
U0,6,2,23,HopcroftKarpMatcher,-1,na,matching_size,6
U0,4,1,33,Oracle,-1,na,oracle_size,2
U0,4,1,33,SimpleAugmentingMatcher,-1,na,wall_clock_ms,0.00061
U0,4,1,33,SimpleAugmentingMatcher,-1,na,matching_size,2
U0,4,1,33,HopcroftKarpMatcher,0,na,paths_found_per_phase,2
U0,4,1,33,HopcroftKarpMatcher,0,na,bfs_edges_visited,4
U0,4,1,33,HopcroftKarpMatcher,0,na,dfs_edges_visited,3
U0,4,1,33,HopcroftKarpMatcher,0,na,defect_at_iteration,2
U0,4,1,33,HopcroftKarpMatcher,-1,na,phase_count,1
U0,4,1,33,HopcroftKarpMatcher,-1,na,main_loop_iters,1
U0,4,1,33,HopcroftKarpMatcher,-1,na,total_bfs_edges_visited,4
U0,4,1,33,HopcroftKarpMatcher,-1,na,total_edges_visited,7
U0,4,1,33,HopcroftKarpMatcher,-1,na,matching_size,2
U0,4,1,33,HopcroftKarpMatcher,-1,na,wall_clock_ms,0.006038
U0,4,1,33,HopcroftKarpMatcher,-1,na,matching_size,2
U0,5,1.5,1,Oracle,-1,na,oracle_size,4
U0,5,1.5,1,SimpleAugmentingMatcher,-1,na,wall_clock_ms,0.000835
U0,5,1.5,1,SimpleAugmentingMatcher,-1,na,matching_size,4
U0,5,1.5,1,HopcroftKarpMatcher,0,na,paths_found_per_phase,3
U0,5,1.5,1,HopcroftKarpMatcher,0,na,bfs_edges_visited,11
U0,5,1.5,1,HopcroftKarpMatcher,0,na,dfs_edges_visited,7
U0,5,1.5,1,HopcroftKarpMatcher,0,na,defect_at_iteration,2
U0,5,1.5,1,HopcroftKarpMatcher,1,na,paths_found_per_phase,1
U0,5,1.5,1,HopcroftKarpMatcher,1,na,bfs_edges_visited,7
U0,5,1.5,1,HopcroftKarpMatcher,1,na,dfs_edges_visited,7
U0,5,1.5,1,HopcroftKarpMatcher,1,na,defect_at_iteration,1
U0,5,1.5,1,HopcroftKarpMatcher,-1,na,phase_count,2
U0,5,1.5,1,HopcroftKarpMatcher,-1,na,main_loop_iters,2
U0,5,1.5,1,HopcroftKarpMatcher,-1,na,total_bfs_edges_visited,18
U0,5,1.5,1,HopcroftKarpMatcher,-1,na,total_edges_visited,32
U0,5,1.5,1,HopcroftKarpMatcher,-1,na,matching_size,4
U0,5,1.5,1,HopcroftKarpMatcher,-1,na,wall_clock_ms,0.009348
U0,5,1.5,1,HopcroftKarpMatcher,-1,na,matching_size,4
U0,2,1.5,0,Oracle,-1,na,oracle_size,2
U0,2,1.5,0,SimpleAugmentingMatcher,-1,na,wall_clock_ms,0.000571
U0,2,1.5,0,SimpleAugmentingMatcher,-1,na,matching_size,2
U0,2,1.5,0,HopcroftKarpMatcher,0,na,paths_found_per_phase,2
U0,2,1.5,0,HopcroftKarpMatcher,0,na,bfs_edges_visited,2
U0,2,1.5,0,HopcroftKarpMatcher,0,na,dfs_edges_visited,2
U0,2,1.5,0,HopcroftKarpMatcher,0,na,defect_at_iteration,0
U0,2,1.5,0,HopcroftKarpMatcher,-1,na,phase_count,1
U0,2,1.5,0,HopcroftKarpMatcher,-1,na,main_loop_iters,1
U0,2,1.5,0,HopcroftKarpMatcher,-1,na,total_bfs_edges_visited,2
U0,2,1.5,0,HopcroftKarpMatcher,-1,na,total_edges_visited,4
U0,2,1.5,0,HopcroftKarpMatcher,-1,na,matching_size,2
U0,2,1.5,0,HopcroftKarpMatcher,-1,na,wall_clock_ms,0.006226
U0,2,1.5,0,HopcroftKarpMatcher,-1,na,matching_size,2
U0,3,1,42,Oracle,-1,na,oracle_size,2
U0,3,1,42,SimpleAugmentingMatcher,-1,na,wall_clock_ms,0.000695
U0,3,1,42,SimpleAugmentingMatcher,-1,na,matching_size,2
U0,3,1,42,HopcroftKarpMatcher,0,na,paths_found_per_phase,2
U0,3,1,42,HopcroftKarpMatcher,0,na,bfs_edges_visited,3
U0,3,1,42,HopcroftKarpMatcher,0,na,dfs_edges_visited,3
U0,3,1,42,HopcroftKarpMatcher,0,na,defect_at_iteration,1
U0,3,1,42,HopcroftKarpMatcher,-1,na,phase_count,1
U0,3,1,42,HopcroftKarpMatcher,-1,na,main_loop_iters,1
U0,3,1,42,HopcroftKarpMatcher,-1,na,total_bfs_edges_visited,3
U0,3,1,42,HopcroftKarpMatcher,-1,na,total_edges_visited,6
U0,3,1,42,HopcroftKarpMatcher,-1,na,matching_size,2
U0,3,1,42,HopcroftKarpMatcher,-1,na,wall_clock_ms,0.006131
U0,3,1,42,HopcroftKarpMatcher,-1,na,matching_size,2
U0,6,1,13,Oracle,-1,na,oracle_size,4
U0,6,1,13,SimpleAugmentingMatcher,-1,na,wall_clock_ms,0.00079
U0,6,1,13,SimpleAugmentingMatcher,-1,na,matching_size,4
U0,6,1,13,HopcroftKarpMatcher,0,na,paths_found_per_phase,4
U0,6,1,13,HopcroftKarpMatcher,0,na,bfs_edges_visited,6
U0,6,1,13,HopcroftKarpMatcher,0,na,dfs_edges_visited,5
U0,6,1,13,HopcroftKarpMatcher,0,na,defect_at_iteration,2
U0,6,1,13,HopcroftKarpMatcher,-1,na,phase_count,1
U0,6,1,13,HopcroftKarpMatcher,-1,na,main_loop_iters,1
U0,6,1,13,HopcroftKarpMatcher,-1,na,total_bfs_edges_visited,6
U0,6,1,13,HopcroftKarpMatcher,-1,na,total_edges_visited,11
U0,6,1,13,HopcroftKarpMatcher,-1,na,matching_size,4
U0,6,1,13,HopcroftKarpMatcher,-1,na,wall_clock_ms,0.007178
U0,6,1,13,HopcroftKarpMatcher,-1,na,matching_size,4
U0,6,1.5,26,Oracle,-1,na,oracle_size,6
U0,6,1.5,26,SimpleAugmentingMatcher,-1,na,wall_clock_ms,0.000798
U0,6,1.5,26,SimpleAugmentingMatcher,-1,na,matching_size,6
U0,6,1.5,26,HopcroftKarpMatcher,0,na,paths_found_per_phase,5
U0,6,1.5,26,HopcroftKarpMatcher,0,na,bfs_edges_visited,14
U0,6,1.5,26,HopcroftKarpMatcher,0,na,dfs_edges_visited,9
U0,6,1.5,26,HopcroftKarpMatcher,0,na,defect_at_iteration,1
U0,6,1.5,26,HopcroftKarpMatcher,1,na,paths_found_per_phase,1
U0,6,1.5,26,HopcroftKarpMatcher,1,na,bfs_edges_visited,4
U0,6,1.5,26,HopcroftKarpMatcher,1,na,dfs_edges_visited,5
U0,6,1.5,26,HopcroftKarpMatcher,1,na,defect_at_iteration,0
U0,6,1.5,26,HopcroftKarpMatcher,-1,na,phase_count,2
U0,6,1.5,26,HopcroftKarpMatcher,-1,na,main_loop_iters,2
U0,6,1.5,26,HopcroftKarpMatcher,-1,na,total_bfs_edges_visited,18
U0,6,1.5,26,HopcroftKarpMatcher,-1,na,total_edges_visited,32
U0,6,1.5,26,HopcroftKarpMatcher,-1,na,matching_size,6
U0,6,1.5,26,HopcroftKarpMatcher,-1,na,wall_clock_ms,0.006996
U0,6,1.5,26,HopcroftKarpMatcher,-1,na,matching_size,6
U0,5,1,15,Oracle,-1,na,oracle_size,3
U0,5,1,15,SimpleAugmentingMatcher,-1,na,wall_clock_ms,0.000783
U0,5,1,15,SimpleAugmentingMatcher,-1,na,matching_size,3
U0,5,1,15,HopcroftKarpMatcher,0,na,paths_found_per_phase,3
U0,5,1,15,HopcroftKarpMatcher,0,na,bfs_edges_visited,5
U0,5,1,15,HopcroftKarpMatcher,0,na,dfs_edges_visited,4
U0,5,1,15,HopcroftKarpMatcher,0,na,defect_at_iteration,2
U0,5,1,15,HopcroftKarpMatcher,-1,na,phase_count,1
U0,5,1,15,HopcroftKarpMatcher,-1,na,main_loop_iters,1
U0,5,1,15,HopcroftKarpMatcher,-1,na,total_bfs_edges_visited,5
U0,5,1,15,HopcroftKarpMatcher,-1,na,total_edges_visited,9
U0,5,1,15,HopcroftKarpMatcher,-1,na,matching_size,3
U0,5,1,15,HopcroftKarpMatcher,-1,na,wall_clock_ms,0.006269
U0,5,1,15,HopcroftKarpMatcher,-1,na,matching_size,3
U0,5,2,5,Oracle,-1,na,oracle_size,5
U0,5,2,5,SimpleAugmentingMatcher,-1,na,wall_clock_ms,0.000748
U0,5,2,5,SimpleAugmentingMatcher,-1,na,matching_size,5
U0,5,2,5,HopcroftKarpMatcher,0,na,paths_found_per_phase,5
U0,5,2,5,HopcroftKarpMatcher,0,na,bfs_edges_visited,25
U0,5,2,5,HopcroftKarpMatcher,0,na,dfs_edges_visited,15
U0,5,2,5,HopcroftKarpMatcher,0,na,defect_at_iteration,0
U0,5,2,5,HopcroftKarpMatcher,-1,na,phase_count,1
U0,5,2,5,HopcroftKarpMatcher,-1,na,main_loop_iters,1
U0,5,2,5,HopcroftKarpMatcher,-1,na,total_bfs_edges_visited,25
U0,5,2,5,HopcroftKarpMatcher,-1,na,total_edges_visited,40
U0,5,2,5,HopcroftKarpMatcher,-1,na,matching_size,5
U0,5,2,5,HopcroftKarpMatcher,-1,na,wall_clock_ms,0.007287
U0,5,2,5,HopcroftKarpMatcher,-1,na,matching_size,5
U0,2,1,31,Oracle,-1,na,oracle_size,2
U0,2,1,31,SimpleAugmentingMatcher,-1,na,wall_clock_ms,0.000502
U0,2,1,31,SimpleAugmentingMatcher,-1,na,matching_size,2
U0,2,1,31,HopcroftKarpMatcher,0,na,paths_found_per_phase,2
U0,2,1,31,HopcroftKarpMatcher,0,na,bfs_edges_visited,2
U0,2,1,31,HopcroftKarpMatcher,0,na,dfs_edges_visited,2
U0,2,1,31,HopcroftKarpMatcher,0,na,defect_at_iteration,0
U0,2,1,31,HopcroftKarpMatcher,-1,na,phase_count,1
U0,2,1,31,HopcroftKarpMatcher,-1,na,main_loop_iters,1
U0,2,1,31,HopcroftKarpMatcher,-1,na,total_bfs_edges_visited,2
U0,2,1,31,HopcroftKarpMatcher,-1,na,total_edges_visited,4
U0,2,1,31,HopcroftKarpMatcher,-1,na,matching_size,2
U0,2,1,31,HopcroftKarpMatcher,-1,na,wall_clock_ms,0.006152
U0,2,1,31,HopcroftKarpMatcher,-1,na,matching_size,2
U0,4,1,39,Oracle,-1,na,oracle_size,2
U0,4,1,39,SimpleAugmentingMatcher,-1,na,wall_clock_ms,0.000632
U0,4,1,39,SimpleAugmentingMatcher,-1,na,matching_size,2
U0,4,1,39,HopcroftKarpMatcher,0,na,paths_found_per_phase,2
U0,4,1,39,HopcroftKarpMatcher,0,na,bfs_edges_visited,4
U0,4,1,39,HopcroftKarpMatcher,0,na,dfs_edges_visited,3
U0,4,1,39,HopcroftKarpMatcher,0,na,defect_at_iteration,2
U0,4,1,39,HopcroftKarpMatcher,-1,na,phase_count,1
U0,4,1,39,HopcroftKarpMatcher,-1,na,main_loop_iters,1
U0,4,1,39,HopcroftKarpMatcher,-1,na,total_bfs_edges_visited,4
U0,4,1,39,HopcroftKarpMatcher,-1,na,total_edges_visited,7
U0,4,1,39,HopcroftKarpMatcher,-1,na,matching_size,2
U0,4,1,39,HopcroftKarpMatcher,-1,na,wall_clock_ms,0.006287
U0,4,1,39,HopcroftKarpMatcher,-1,na,matching_size,2
U0,6,1,16,Oracle,-1,na,oracle_size,3
U0,6,1,16,SimpleAugmentingMatcher,-1,na,wall_clock_ms,0.000777
U0,6,1,16,SimpleAugmentingMatcher,-1,na,matching_size,3
U0,6,1,16,HopcroftKarpMatcher,0,na,paths_found_per_phase,3
U0,6,1,16,HopcroftKarpMatcher,0,na,bfs_edges_visited,6
U0,6,1,16,HopcroftKarpMatcher,0,na,dfs_edges_visited,5
U0,6,1,16,HopcroftKarpMatcher,0,na,defect_at_iteration,3
U0,6,1,16,HopcroftKarpMatcher,-1,na,phase_count,1
U0,6,1,16,HopcroftKarpMatcher,-1,na,main_loop_iters,1
U0,6,1,16,HopcroftKarpMatcher,-1,na,total_bfs_edges_visited,6
U0,6,1,16,HopcroftKarpMatcher,-1,na,total_edges_visited,11
U0,6,1,16,HopcroftKarpMatcher,-1,na,matching_size,3
U0,6,1,16,HopcroftKarpMatcher,-1,na,wall_clock_ms,0.007001
U0,6,1,16,HopcroftKarpMatcher,-1,na,matching_size,3
U0,2,1.5,32,Oracle,-1,na,oracle_size,1
U0,2,1.5,32,SimpleAugmentingMatcher,-1,na,wall_clock_ms,0.00035
U0,2,1.5,32,SimpleAugmentingMatcher,-1,na,matching_size,1
U0,2,1.5,32,HopcroftKarpMatcher,0,na,paths_found_per_phase,1
U0,2,1.5,32,HopcroftKarpMatcher,0,na,bfs_edges_visited,2
U0,2,1.5,32,HopcroftKarpMatcher,0,na,dfs_edges_visited,1
U0,2,1.5,32,HopcroftKarpMatcher,0,na,defect_at_iteration,1
U0,2,1.5,32,HopcroftKarpMatcher,-1,na,phase_count,1
U0,2,1.5,32,HopcroftKarpMatcher,-1,na,main_loop_iters,1
U0,2,1.5,32,HopcroftKarpMatcher,-1,na,total_bfs_edges_visited,2
U0,2,1.5,32,HopcroftKarpMatcher,-1,na,total_edges_visited,3
U0,2,1.5,32,HopcroftKarpMatcher,-1,na,matching_size,1
U0,2,1.5,32,HopcroftKarpMatcher,-1,na,wall_clock_ms,0.005613
U0,2,1.5,32,HopcroftKarpMatcher,-1,na,matching_size,1
U0,5,1,6,Oracle,-1,na,oracle_size,3
U0,5,1,6,SimpleAugmentingMatcher,-1,na,wall_clock_ms,0.000492
U0,5,1,6,SimpleAugmentingMatcher,-1,na,matching_size,3
U0,5,1,6,HopcroftKarpMatcher,0,na,paths_found_per_phase,3
U0,5,1,6,HopcroftKarpMatcher,0,na,bfs_edges_visited,5
U0,5,1,6,HopcroftKarpMatcher,0,na,dfs_edges_visited,3
U0,5,1,6,HopcroftKarpMatcher,0,na,defect_at_iteration,2
U0,5,1,6,HopcroftKarpMatcher,-1,na,phase_count,1
U0,5,1,6,HopcroftKarpMatcher,-1,na,main_loop_iters,1
U0,5,1,6,HopcroftKarpMatcher,-1,na,total_bfs_edges_visited,5
U0,5,1,6,HopcroftKarpMatcher,-1,na,total_edges_visited,8
U0,5,1,6,HopcroftKarpMatcher,-1,na,matching_size,3
U0,5,1,6,HopcroftKarpMatcher,-1,na,wall_clock_ms,0.004701
U0,5,1,6,HopcroftKarpMatcher,-1,na,matching_size,3
U0,4,2,18,Oracle,-1,na,oracle_size,4
U0,4,2,18,SimpleAugmentingMatcher,-1,na,wall_clock_ms,0.000599
U0,4,2,18,SimpleAugmentingMatcher,-1,na,matching_size,4
U0,4,2,18,HopcroftKarpMatcher,0,na,paths_found_per_phase,4
U0,4,2,18,HopcroftKarpMatcher,0,na,bfs_edges_visited,16
U0,4,2,18,HopcroftKarpMatcher,0,na,dfs_edges_visited,10
U0,4,2,18,HopcroftKarpMatcher,0,na,defect_at_iteration,0
U0,4,2,18,HopcroftKarpMatcher,-1,na,phase_count,1
U0,4,2,18,HopcroftKarpMatcher,-1,na,main_loop_iters,1
U0,4,2,18,HopcroftKarpMatcher,-1,na,total_bfs_edges_visited,16
U0,4,2,18,HopcroftKarpMatcher,-1,na,total_edges_visited,26
U0,4,2,18,HopcroftKarpMatcher,-1,na,matching_size,4
U0,4,2,18,HopcroftKarpMatcher,-1,na,wall_clock_ms,0.006643
U0,4,2,18,HopcroftKarpMatcher,-1,na,matching_size,4
U0,4,1.5,43,Oracle,-1,na,oracle_size,3
U0,4,1.5,43,SimpleAugmentingMatcher,-1,na,wall_clock_ms,0.000631
U0,4,1.5,43,SimpleAugmentingMatcher,-1,na,matching_size,3
U0,4,1.5,43,HopcroftKarpMatcher,0,na,paths_found_per_phase,2
U0,4,1.5,43,HopcroftKarpMatcher,0,na,bfs_edges_visited,8
U0,4,1.5,43,HopcroftKarpMatcher,0,na,dfs_edges_visited,4
U0,4,1.5,43,HopcroftKarpMatcher,0,na,defect_at_iteration,2
U0,4,1.5,43,HopcroftKarpMatcher,1,na,paths_found_per_phase,1
U0,4,1.5,43,HopcroftKarpMatcher,1,na,bfs_edges_visited,4
U0,4,1.5,43,HopcroftKarpMatcher,1,na,dfs_edges_visited,6
U0,4,1.5,43,HopcroftKarpMatcher,1,na,defect_at_iteration,1
U0,4,1.5,43,HopcroftKarpMatcher,-1,na,phase_count,2
U0,4,1.5,43,HopcroftKarpMatcher,-1,na,main_loop_iters,2
U0,4,1.5,43,HopcroftKarpMatcher,-1,na,total_bfs_edges_visited,12
U0,4,1.5,43,HopcroftKarpMatcher,-1,na,total_edges_visited,22
U0,4,1.5,43,HopcroftKarpMatcher,-1,na,matching_size,3
U0,4,1.5,43,HopcroftKarpMatcher,-1,na,wall_clock_ms,0.009061
U0,4,1.5,43,HopcroftKarpMatcher,-1,na,matching_size,3
U0,4,1,27,Oracle,-1,na,oracle_size,3
U0,4,1,27,SimpleAugmentingMatcher,-1,na,wall_clock_ms,0.000562
U0,4,1,27,SimpleAugmentingMatcher,-1,na,matching_size,3
U0,4,1,27,HopcroftKarpMatcher,0,na,paths_found_per_phase,3
U0,4,1,27,HopcroftKarpMatcher,0,na,bfs_edges_visited,4
U0,4,1,27,HopcroftKarpMatcher,0,na,dfs_edges_visited,3
U0,4,1,27,HopcroftKarpMatcher,0,na,defect_at_iteration,1
U0,4,1,27,HopcroftKarpMatcher,-1,na,phase_count,1
U0,4,1,27,HopcroftKarpMatcher,-1,na,main_loop_iters,1
U0,4,1,27,HopcroftKarpMatcher,-1,na,total_bfs_edges_visited,4
U0,4,1,27,HopcroftKarpMatcher,-1,na,total_edges_visited,7
U0,4,1,27,HopcroftKarpMatcher,-1,na,matching_size,3
U0,4,1,27,HopcroftKarpMatcher,-1,na,wall_clock_ms,0.006005
U0,4,1,27,HopcroftKarpMatcher,-1,na,matching_size,3
U0,2,2,25,Oracle,-1,na,oracle_size,2
U0,2,2,25,SimpleAugmentingMatcher,-1,na,wall_clock_ms,0.000387
U0,2,2,25,SimpleAugmentingMatcher,-1,na,matching_size,2
U0,2,2,25,HopcroftKarpMatcher,0,na,paths_found_per_phase,2
U0,2,2,25,HopcroftKarpMatcher,0,na,bfs_edges_visited,4
U0,2,2,25,HopcroftKarpMatcher,0,na,dfs_edges_visited,3
U0,2,2,25,HopcroftKarpMatcher,0,na,defect_at_iteration,0
U0,2,2,25,HopcroftKarpMatcher,-1,na,phase_count,1
U0,2,2,25,HopcroftKarpMatcher,-1,na,main_loop_iters,1
U0,2,2,25,HopcroftKarpMatcher,-1,na,total_bfs_edges_visited,4
U0,2,2,25,HopcroftKarpMatcher,-1,na,total_edges_visited,7
U0,2,2,25,HopcroftKarpMatcher,-1,na,matching_size,2
U0,2,2,25,HopcroftKarpMatcher,-1,na,wall_clock_ms,0.005909
U0,2,2,25,HopcroftKarpMatcher,-1,na,matching_size,2
U0,3,1.5,14,Oracle,-1,na,oracle_size,3
U0,3,1.5,14,SimpleAugmentingMatcher,-1,na,wall_clock_ms,0.000446
U0,3,1.5,14,SimpleAugmentingMatcher,-1,na,matching_size,3
U0,3,1.5,14,HopcroftKarpMatcher,0,na,paths_found_per_phase,3
U0,3,1.5,14,HopcroftKarpMatcher,0,na,bfs_edges_visited,5
U0,3,1.5,14,HopcroftKarpMatcher,0,na,dfs_edges_visited,3
U0,3,1.5,14,HopcroftKarpMatcher,0,na,defect_at_iteration,0
U0,3,1.5,14,HopcroftKarpMatcher,-1,na,phase_count,1
U0,3,1.5,14,HopcroftKarpMatcher,-1,na,main_loop_iters,1
U0,3,1.5,14,HopcroftKarpMatcher,-1,na,total_bfs_edges_visited,5
U0,3,1.5,14,HopcroftKarpMatcher,-1,na,total_edges_visited,8
U0,3,1.5,14,HopcroftKarpMatcher,-1,na,matching_size,3
U0,3,1.5,14,HopcroftKarpMatcher,-1,na,wall_clock_ms,0.00631
U0,3,1.5,14,HopcroftKarpMatcher,-1,na,matching_size,3
U0,4,1.5,14,Oracle,-1,na,oracle_size,4
U0,4,1.5,14,SimpleAugmentingMatcher,-1,na,wall_clock_ms,0.000637
U0,4,1.5,14,SimpleAugmentingMatcher,-1,na,matching_size,4
U0,4,1.5,14,HopcroftKarpMatcher,0,na,paths_found_per_phase,3
U0,4,1.5,14,HopcroftKarpMatcher,0,na,bfs_edges_visited,8
U0,4,1.5,14,HopcroftKarpMatcher,0,na,dfs_edges_visited,5
U0,4,1.5,14,HopcroftKarpMatcher,0,na,defect_at_iteration,1
U0,4,1.5,14,HopcroftKarpMatcher,1,na,paths_found_per_phase,1
U0,4,1.5,14,HopcroftKarpMatcher,1,na,bfs_edges_visited,6
U0,4,1.5,14,HopcroftKarpMatcher,1,na,dfs_edges_visited,5
U0,4,1.5,14,HopcroftKarpMatcher,1,na,defect_at_iteration,0
U0,4,1.5,14,HopcroftKarpMatcher,-1,na,phase_count,2
U0,4,1.5,14,HopcroftKarpMatcher,-1,na,main_loop_iters,2
U0,4,1.5,14,HopcroftKarpMatcher,-1,na,total_bfs_edges_visited,14
U0,4,1.5,14,HopcroftKarpMatcher,-1,na,total_edges_visited,24
U0,4,1.5,14,HopcroftKarpMatcher,-1,na,matching_size,4
U0,4,1.5,14,HopcroftKarpMatcher,-1,na,wall_clock_ms,0.006975
U0,4,1.5,14,HopcroftKarpMatcher,-1,na,matching_size,4
U0,6,2,10,Oracle,-1,na,oracle_size,6
U0,6,2,10,SimpleAugmentingMatcher,-1,na,wall_clock_ms,0.001004
U0,6,2,10,SimpleAugmentingMatcher,-1,na,matching_size,6
U0,6,2,10,HopcroftKarpMatcher,0,na,paths_found_per_phase,6
U0,6,2,10,HopcroftKarpMatcher,0,na,bfs_edges_visited,36
U0,6,2,10,HopcroftKarpMatcher,0,na,dfs_edges_visited,21
U0,6,2,10,HopcroftKarpMatcher,0,na,defect_at_iteration,0
U0,6,2,10,HopcroftKarpMatcher,-1,na,phase_count,1
U0,6,2,10,HopcroftKarpMatcher,-1,na,main_loop_iters,1
U0,6,2,10,HopcroftKarpMatcher,-1,na,total_bfs_edges_visited,36
U0,6,2,10,HopcroftKarpMatcher,-1,na,total_edges_visited,57
U0,6,2,10,HopcroftKarpMatcher,-1,na,matching_size,6
U0,6,2,10,HopcroftKarpMatcher,-1,na,wall_clock_ms,0.007175
U0,6,2,10,HopcroftKarpMatcher,-1,na,matching_size,6
U0,3,1,35,Oracle,-1,na,oracle_size,2
U0,3,1,35,SimpleAugmentingMatcher,-1,na,wall_clock_ms,0.000686
U0,3,1,35,SimpleAugmentingMatcher,-1,na,matching_size,2
U0,3,1,35,HopcroftKarpMatcher,0,na,paths_found_per_phase,2
U0,3,1,35,HopcroftKarpMatcher,0,na,bfs_edges_visited,3
U0,3,1,35,HopcroftKarpMatcher,0,na,dfs_edges_visited,3
U0,3,1,35,HopcroftKarpMatcher,0,na,defect_at_iteration,1
U0,3,1,35,HopcroftKarpMatcher,-1,na,phase_count,1
U0,3,1,35,HopcroftKarpMatcher,-1,na,main_loop_iters,1
U0,3,1,35,HopcroftKarpMatcher,-1,na,total_bfs_edges_visited,3
U0,3,1,35,HopcroftKarpMatcher,-1,na,total_edges_visited,6
U0,3,1,35,HopcroftKarpMatcher,-1,na,matching_size,2
U0,3,1,35,HopcroftKarpMatcher,-1,na,wall_clock_ms,0.006289
U0,3,1,35,HopcroftKarpMatcher,-1,na,matching_size,2
U0,5,2,47,Oracle,-1,na,oracle_size,5
U0,5,2,47,SimpleAugmentingMatcher,-1,na,wall_clock_ms,0.000777
U0,5,2,47,SimpleAugmentingMatcher,-1,na,matching_size,5
U0,5,2,47,HopcroftKarpMatcher,0,na,paths_found_per_phase,5
U0,5,2,47,HopcroftKarpMatcher,0,na,bfs_edges_visited,25
U0,5,2,47,HopcroftKarpMatcher,0,na,dfs_edges_visited,15
U0,5,2,47,HopcroftKarpMatcher,0,na,defect_at_iteration,0
U0,5,2,47,HopcroftKarpMatcher,-1,na,phase_count,1
U0,5,2,47,HopcroftKarpMatcher,-1,na,main_loop_iters,1
U0,5,2,47,HopcroftKarpMatcher,-1,na,total_bfs_edges_visited,25
U0,5,2,47,HopcroftKarpMatcher,-1,na,total_edges_visited,40
U0,5,2,47,HopcroftKarpMatcher,-1,na,matching_size,5
U0,5,2,47,HopcroftKarpMatcher,-1,na,wall_clock_ms,0.006765
U0,5,2,47,HopcroftKarpMatcher,-1,na,matching_size,5
U0,4,2,2,Oracle,-1,na,oracle_size,4
U0,4,2,2,SimpleAugmentingMatcher,-1,na,wall_clock_ms,0.000701
U0,4,2,2,SimpleAugmentingMatcher,-1,na,matching_size,4
U0,4,2,2,HopcroftKarpMatcher,0,na,paths_found_per_phase,4
U0,4,2,2,HopcroftKarpMatcher,0,na,bfs_edges_visited,16
U0,4,2,2,HopcroftKarpMatcher,0,na,dfs_edges_visited,10
U0,4,2,2,HopcroftKarpMatcher,0,na,defect_at_iteration,0
U0,4,2,2,HopcroftKarpMatcher,-1,na,phase_count,1
U0,4,2,2,HopcroftKarpMatcher,-1,na,main_loop_iters,1
U0,4,2,2,HopcroftKarpMatcher,-1,na,total_bfs_edges_visited,16
U0,4,2,2,HopcroftKarpMatcher,-1,na,total_edges_visited,26
U0,4,2,2,HopcroftKarpMatcher,-1,na,matching_size,4
U0,4,2,2,HopcroftKarpMatcher,-1,na,wall_clock_ms,0.006549
U0,4,2,2,HopcroftKarpMatcher,-1,na,matching_size,4
U0,5,1.5,39,Oracle,-1,na,oracle_size,5
U0,5,1.5,39,SimpleAugmentingMatcher,-1,na,wall_clock_ms,0.000838
U0,5,1.5,39,SimpleAugmentingMatcher,-1,na,matching_size,5
U0,5,1.5,39,HopcroftKarpMatcher,0,na,paths_found_per_phase,4
U0,5,1.5,39,HopcroftKarpMatcher,0,na,bfs_edges_visited,11
U0,5,1.5,39,HopcroftKarpMatcher,0,na,dfs_edges_visited,8
U0,5,1.5,39,HopcroftKarpMatcher,0,na,defect_at_iteration,1
U0,5,1.5,39,HopcroftKarpMatcher,1,na,paths_found_per_phase,1
U0,5,1.5,39,HopcroftKarpMatcher,1,na,bfs_edges_visited,9
U0,5,1.5,39,HopcroftKarpMatcher,1,na,dfs_edges_visited,8
U0,5,1.5,39,HopcroftKarpMatcher,1,na,defect_at_iteration,0
U0,5,1.5,39,HopcroftKarpMatcher,-1,na,phase_count,2
U0,5,1.5,39,HopcroftKarpMatcher,-1,na,main_loop_iters,2
U0,5,1.5,39,HopcroftKarpMatcher,-1,na,total_bfs_edges_visited,20
U0,5,1.5,39,HopcroftKarpMatcher,-1,na,total_edges_visited,36
U0,5,1.5,39,HopcroftKarpMatcher,-1,na,matching_size,5
U0,5,1.5,39,HopcroftKarpMatcher,-1,na,wall_clock_ms,0.009383
U0,5,1.5,39,HopcroftKarpMatcher,-1,na,matching_size,5
U0,4,1,42,Oracle,-1,na,oracle_size,2
U0,4,1,42,SimpleAugmentingMatcher,-1,na,wall_clock_ms,0.000578
U0,4,1,42,SimpleAugmentingMatcher,-1,na,matching_size,2
U0,4,1,42,HopcroftKarpMatcher,0,na,paths_found_per_phase,2
U0,4,1,42,HopcroftKarpMatcher,0,na,bfs_edges_visited,4
U0,4,1,42,HopcroftKarpMatcher,0,na,dfs_edges_visited,2
U0,4,1,42,HopcroftKarpMatcher,0,na,defect_at_iteration,2
U0,4,1,42,HopcroftKarpMatcher,-1,na,phase_count,1
U0,4,1,42,HopcroftKarpMatcher,-1,na,main_loop_iters,1
U0,4,1,42,HopcroftKarpMatcher,-1,na,total_bfs_edges_visited,4
U0,4,1,42,HopcroftKarpMatcher,-1,na,total_edges_visited,6
U0,4,1,42,HopcroftKarpMatcher,-1,na,matching_size,2
U0,4,1,42,HopcroftKarpMatcher,-1,na,wall_clock_ms,0.005958
U0,4,1,42,HopcroftKarpMatcher,-1,na,matching_size,2
U0,2,1,14,Oracle,-1,na,oracle_size,1
U0,2,1,14,SimpleAugmentingMatcher,-1,na,wall_clock_ms,0.00053
U0,2,1,14,SimpleAugmentingMatcher,-1,na,matching_size,1
U0,2,1,14,HopcroftKarpMatcher,0,na,paths_found_per_phase,1
U0,2,1,14,HopcroftKarpMatcher,0,na,bfs_edges_visited,2
U0,2,1,14,HopcroftKarpMatcher,0,na,dfs_edges_visited,2
U0,2,1,14,HopcroftKarpMatcher,0,na,defect_at_iteration,1
U0,2,1,14,HopcroftKarpMatcher,-1,na,phase_count,1
U0,2,1,14,HopcroftKarpMatcher,-1,na,main_loop_iters,1
U0,2,1,14,HopcroftKarpMatcher,-1,na,total_bfs_edges_visited,2
U0,2,1,14,HopcroftKarpMatcher,-1,na,total_edges_visited,4
U0,2,1,14,HopcroftKarpMatcher,-1,na,matching_size,1
U0,2,1,14,HopcroftKarpMatcher,-1,na,wall_clock_ms,0.006369
U0,2,1,14,HopcroftKarpMatcher,-1,na,matching_size,1
U0,3,1,36,Oracle,-1,na,oracle_size,2
U0,3,1,36,SimpleAugmentingMatcher,-1,na,wall_clock_ms,0.000487
U0,3,1,36,SimpleAugmentingMatcher,-1,na,matching_size,2
U0,3,1,36,HopcroftKarpMatcher,0,na,paths_found_per_phase,2
U0,3,1,36,HopcroftKarpMatcher,0,na,bfs_edges_visited,3
U0,3,1,36,HopcroftKarpMatcher,0,na,dfs_edges_visited,3
U0,3,1,36,HopcroftKarpMatcher,0,na,defect_at_iteration,1
U0,3,1,36,HopcroftKarpMatcher,-1,na,phase_count,1
U0,3,1,36,HopcroftKarpMatcher,-1,na,main_loop_iters,1
U0,3,1,36,HopcroftKarpMatcher,-1,na,total_bfs_edges_visited,3
U0,3,1,36,HopcroftKarpMatcher,-1,na,total_edges_visited,6
U0,3,1,36,HopcroftKarpMatcher,-1,na,matching_size,2
U0,3,1,36,HopcroftKarpMatcher,-1,na,wall_clock_ms,0.005973
U0,3,1,36,HopcroftKarpMatcher,-1,na,matching_size,2
U0,5,1.5,17,Oracle,-1,na,oracle_size,5
U0,5,1.5,17,SimpleAugmentingMatcher,-1,na,wall_clock_ms,0.000823
U0,5,1.5,17,SimpleAugmentingMatcher,-1,na,matching_size,5
U0,5,1.5,17,HopcroftKarpMatcher,0,na,paths_found_per_phase,4
U0,5,1.5,17,HopcroftKarpMatcher,0,na,bfs_edges_visited,11
U0,5,1.5,17,HopcroftKarpMatcher,0,na,dfs_edges_visited,8
U0,5,1.5,17,HopcroftKarpMatcher,0,na,defect_at_iteration,1
U0,5,1.5,17,HopcroftKarpMatcher,1,na,paths_found_per_phase,1
U0,5,1.5,17,HopcroftKarpMatcher,1,na,bfs_edges_visited,7
U0,5,1.5,17,HopcroftKarpMatcher,1,na,dfs_edges_visited,7
U0,5,1.5,17,HopcroftKarpMatcher,1,na,defect_at_iteration,0
U0,5,1.5,17,HopcroftKarpMatcher,-1,na,phase_count,2
U0,5,1.5,17,HopcroftKarpMatcher,-1,na,main_loop_iters,2
U0,5,1.5,17,HopcroftKarpMatcher,-1,na,total_bfs_edges_visited,18
U0,5,1.5,17,HopcroftKarpMatcher,-1,na,total_edges_visited,33
U0,5,1.5,17,HopcroftKarpMatcher,-1,na,matching_size,5
U0,5,1.5,17,HopcroftKarpMatcher,-1,na,wall_clock_ms,0.0089
U0,5,1.5,17,HopcroftKarpMatcher,-1,na,matching_size,5
U0,4,1,6,Oracle,-1,na,oracle_size,2
U0,4,1,6,SimpleAugmentingMatcher,-1,na,wall_clock_ms,0.000541
U0,4,1,6,SimpleAugmentingMatcher,-1,na,matching_size,2
U0,4,1,6,HopcroftKarpMatcher,0,na,paths_found_per_phase,2
U0,4,1,6,HopcroftKarpMatcher,0,na,bfs_edges_visited,4
U0,4,1,6,HopcroftKarpMatcher,0,na,dfs_edges_visited,2
U0,4,1,6,HopcroftKarpMatcher,0,na,defect_at_iteration,2
U0,4,1,6,HopcroftKarpMatcher,-1,na,phase_count,1
U0,4,1,6,HopcroftKarpMatcher,-1,na,main_loop_iters,1
U0,4,1,6,HopcroftKarpMatcher,-1,na,total_bfs_edges_visited,4
U0,4,1,6,HopcroftKarpMatcher,-1,na,total_edges_visited,6
U0,4,1,6,HopcroftKarpMatcher,-1,na,matching_size,2
U0,4,1,6,HopcroftKarpMatcher,-1,na,wall_clock_ms,0.006418
U0,4,1,6,HopcroftKarpMatcher,-1,na,matching_size,2
U0,2,1,17,Oracle,-1,na,oracle_size,2
U0,2,1,17,SimpleAugmentingMatcher,-1,na,wall_clock_ms,0.000341
U0,2,1,17,SimpleAugmentingMatcher,-1,na,matching_size,2
U0,2,1,17,HopcroftKarpMatcher,0,na,paths_found_per_phase,2
U0,2,1,17,HopcroftKarpMatcher,0,na,bfs_edges_visited,2
U0,2,1,17,HopcroftKarpMatcher,0,na,dfs_edges_visited,2
U0,2,1,17,HopcroftKarpMatcher,0,na,defect_at_iteration,0
U0,2,1,17,HopcroftKarpMatcher,-1,na,phase_count,1
U0,2,1,17,HopcroftKarpMatcher,-1,na,main_loop_iters,1
U0,2,1,17,HopcroftKarpMatcher,-1,na,total_bfs_edges_visited,2
U0,2,1,17,HopcroftKarpMatcher,-1,na,total_edges_visited,4
U0,2,1,17,HopcroftKarpMatcher,-1,na,matching_size,2
U0,2,1,17,HopcroftKarpMatcher,-1,na,wall_clock_ms,0.004305
U0,2,1,17,HopcroftKarpMatcher,-1,na,matching_size,2
U0,3,1.5,10,Oracle,-1,na,oracle_size,3
U0,3,1.5,10,SimpleAugmentingMatcher,-1,na,wall_clock_ms,0.0005
U0,3,1.5,10,SimpleAugmentingMatcher,-1,na,matching_size,3
U0,3,1.5,10,HopcroftKarpMatcher,0,na,paths_found_per_phase,3
U0,3,1.5,10,HopcroftKarpMatcher,0,na,bfs_edges_visited,5
U0,3,1.5,10,HopcroftKarpMatcher,0,na,dfs_edges_visited,3
U0,3,1.5,10,HopcroftKarpMatcher,0,na,defect_at_iteration,0
U0,3,1.5,10,HopcroftKarpMatcher,-1,na,phase_count,1
U0,3,1.5,10,HopcroftKarpMatcher,-1,na,main_loop_iters,1
U0,3,1.5,10,HopcroftKarpMatcher,-1,na,total_bfs_edges_visited,5
U0,3,1.5,10,HopcroftKarpMatcher,-1,na,total_edges_visited,8
U0,3,1.5,10,HopcroftKarpMatcher,-1,na,matching_size,3
U0,3,1.5,10,HopcroftKarpMatcher,-1,na,wall_clock_ms,0.006093
U0,3,1.5,10,HopcroftKarpMatcher,-1,na,matching_size,3
U0,2,1.5,8,Oracle,-1,na,oracle_size,1
U0,2,1.5,8,SimpleAugmentingMatcher,-1,na,wall_clock_ms,0.0005
U0,2,1.5,8,SimpleAugmentingMatcher,-1,na,matching_size,1
U0,2,1.5,8,HopcroftKarpMatcher,0,na,paths_found_per_phase,1
U0,2,1.5,8,HopcroftKarpMatcher,0,na,bfs_edges_visited,2
U0,2,1.5,8,HopcroftKarpMatcher,0,na,dfs_edges_visited,2
U0,2,1.5,8,HopcroftKarpMatcher,0,na,defect_at_iteration,1
U0,2,1.5,8,HopcroftKarpMatcher,-1,na,phase_count,1
U0,2,1.5,8,HopcroftKarpMatcher,-1,na,main_loop_iters,1
U0,2,1.5,8,HopcroftKarpMatcher,-1,na,total_bfs_edges_visited,2
U0,2,1.5,8,HopcroftKarpMatcher,-1,na,total_edges_visited,4
U0,2,1.5,8,HopcroftKarpMatcher,-1,na,matching_size,1
U0,2,1.5,8,HopcroftKarpMatcher,-1,na,wall_clock_ms,0.005957
U0,2,1.5,8,HopcroftKarpMatcher,-1,na,matching_size,1
U0,4,1.5,45,Oracle,-1,na,oracle_size,4
U0,4,1.5,45,SimpleAugmentingMatcher,-1,na,wall_clock_ms,0.000746
U0,4,1.5,45,SimpleAugmentingMatcher,-1,na,matching_size,4
U0,4,1.5,45,HopcroftKarpMatcher,0,na,paths_found_per_phase,3
U0,4,1.5,45,HopcroftKarpMatcher,0,na,bfs_edges_visited,8
U0,4,1.5,45,HopcroftKarpMatcher,0,na,dfs_edges_visited,4
U0,4,1.5,45,HopcroftKarpMatcher,0,na,defect_at_iteration,1
U0,4,1.5,45,HopcroftKarpMatcher,1,na,paths_found_per_phase,1
U0,4,1.5,45,HopcroftKarpMatcher,1,na,bfs_edges_visited,4
U0,4,1.5,45,HopcroftKarpMatcher,1,na,dfs_edges_visited,5
U0,4,1.5,45,HopcroftKarpMatcher,1,na,defect_at_iteration,0
U0,4,1.5,45,HopcroftKarpMatcher,-1,na,phase_count,2
U0,4,1.5,45,HopcroftKarpMatcher,-1,na,main_loop_iters,2
U0,4,1.5,45,HopcroftKarpMatcher,-1,na,total_bfs_edges_visited,12
U0,4,1.5,45,HopcroftKarpMatcher,-1,na,total_edges_visited,21
U0,4,1.5,45,HopcroftKarpMatcher,-1,na,matching_size,4
U0,4,1.5,45,HopcroftKarpMatcher,-1,na,wall_clock_ms,0.009233
U0,4,1.5,45,HopcroftKarpMatcher,-1,na,matching_size,4
U0,5,1,49,Oracle,-1,na,oracle_size,2
U0,5,1,49,SimpleAugmentingMatcher,-1,na,wall_clock_ms,0.000595
U0,5,1,49,SimpleAugmentingMatcher,-1,na,matching_size,2
U0,5,1,49,HopcroftKarpMatcher,0,na,paths_found_per_phase,2
U0,5,1,49,HopcroftKarpMatcher,0,na,bfs_edges_visited,5
U0,5,1,49,HopcroftKarpMatcher,0,na,dfs_edges_visited,3
U0,5,1,49,HopcroftKarpMatcher,0,na,defect_at_iteration,3
U0,5,1,49,HopcroftKarpMatcher,-1,na,phase_count,1
U0,5,1,49,HopcroftKarpMatcher,-1,na,main_loop_iters,1
U0,5,1,49,HopcroftKarpMatcher,-1,na,total_bfs_edges_visited,5
U0,5,1,49,HopcroftKarpMatcher,-1,na,total_edges_visited,8
U0,5,1,49,HopcroftKarpMatcher,-1,na,matching_size,2
U0,5,1,49,HopcroftKarpMatcher,-1,na,wall_clock_ms,0.006633
U0,5,1,49,HopcroftKarpMatcher,-1,na,matching_size,2
U0,4,1,23,Oracle,-1,na,oracle_size,2
U0,4,1,23,SimpleAugmentingMatcher,-1,na,wall_clock_ms,0.00062
U0,4,1,23,SimpleAugmentingMatcher,-1,na,matching_size,2
U0,4,1,23,HopcroftKarpMatcher,0,na,paths_found_per_phase,2
U0,4,1,23,HopcroftKarpMatcher,0,na,bfs_edges_visited,4
U0,4,1,23,HopcroftKarpMatcher,0,na,dfs_edges_visited,4
U0,4,1,23,HopcroftKarpMatcher,0,na,defect_at_iteration,2
U0,4,1,23,HopcroftKarpMatcher,-1,na,phase_count,1
U0,4,1,23,HopcroftKarpMatcher,-1,na,main_loop_iters,1
U0,4,1,23,HopcroftKarpMatcher,-1,na,total_bfs_edges_visited,4
U0,4,1,23,HopcroftKarpMatcher,-1,na,total_edges_visited,8
U0,4,1,23,HopcroftKarpMatcher,-1,na,matching_size,2
U0,4,1,23,HopcroftKarpMatcher,-1,na,wall_clock_ms,0.006422
U0,4,1,23,HopcroftKarpMatcher,-1,na,matching_size,2
U0,4,1.5,30,Oracle,-1,na,oracle_size,4
U0,4,1.5,30,SimpleAugmentingMatcher,-1,na,wall_clock_ms,0.000579
U0,4,1.5,30,SimpleAugmentingMatcher,-1,na,matching_size,4
U0,4,1.5,30,HopcroftKarpMatcher,0,na,paths_found_per_phase,3
U0,4,1.5,30,HopcroftKarpMatcher,0,na,bfs_edges_visited,8
U0,4,1.5,30,HopcroftKarpMatcher,0,na,dfs_edges_visited,6
U0,4,1.5,30,HopcroftKarpMatcher,0,na,defect_at_iteration,1
U0,4,1.5,30,HopcroftKarpMatcher,1,na,paths_found_per_phase,1
U0,4,1.5,30,HopcroftKarpMatcher,1,na,bfs_edges_visited,6
U0,4,1.5,30,HopcroftKarpMatcher,1,na,dfs_edges_visited,3
U0,4,1.5,30,HopcroftKarpMatcher,1,na,defect_at_iteration,0
U0,4,1.5,30,HopcroftKarpMatcher,-1,na,phase_count,2
U0,4,1.5,30,HopcroftKarpMatcher,-1,na,main_loop_iters,2
U0,4,1.5,30,HopcroftKarpMatcher,-1,na,total_bfs_edges_visited,14
U0,4,1.5,30,HopcroftKarpMatcher,-1,na,total_edges_visited,23
U0,4,1.5,30,HopcroftKarpMatcher,-1,na,matching_size,4
U0,4,1.5,30,HopcroftKarpMatcher,-1,na,wall_clock_ms,0.006766
U0,4,1.5,30,HopcroftKarpMatcher,-1,na,matching_size,4
U0,6,2,39,Oracle,-1,na,oracle_size,6
U0,6,2,39,SimpleAugmentingMatcher,-1,na,wall_clock_ms,0.000858
U0,6,2,39,SimpleAugmentingMatcher,-1,na,matching_size,6
U0,6,2,39,HopcroftKarpMatcher,0,na,paths_found_per_phase,6
U0,6,2,39,HopcroftKarpMatcher,0,na,bfs_edges_visited,36
U0,6,2,39,HopcroftKarpMatcher,0,na,dfs_edges_visited,21
U0,6,2,39,HopcroftKarpMatcher,0,na,defect_at_iteration,0
U0,6,2,39,HopcroftKarpMatcher,-1,na,phase_count,1
U0,6,2,39,HopcroftKarpMatcher,-1,na,main_loop_iters,1
U0,6,2,39,HopcroftKarpMatcher,-1,na,total_bfs_edges_visited,36
U0,6,2,39,HopcroftKarpMatcher,-1,na,total_edges_visited,57
U0,6,2,39,HopcroftKarpMatcher,-1,na,matching_size,6
U0,6,2,39,HopcroftKarpMatcher,-1,na,wall_clock_ms,0.006643
U0,6,2,39,HopcroftKarpMatcher,-1,na,matching_size,6
U0,2,2,19,Oracle,-1,na,oracle_size,2
U0,2,2,19,SimpleAugmentingMatcher,-1,na,wall_clock_ms,0.000349
U0,2,2,19,SimpleAugmentingMatcher,-1,na,matching_size,2
U0,2,2,19,HopcroftKarpMatcher,0,na,paths_found_per_phase,2
U0,2,2,19,HopcroftKarpMatcher,0,na,bfs_edges_visited,4
U0,2,2,19,HopcroftKarpMatcher,0,na,dfs_edges_visited,3
U0,2,2,19,HopcroftKarpMatcher,0,na,defect_at_iteration,0
U0,2,2,19,HopcroftKarpMatcher,-1,na,phase_count,1
U0,2,2,19,HopcroftKarpMatcher,-1,na,main_loop_iters,1
U0,2,2,19,HopcroftKarpMatcher,-1,na,total_bfs_edges_visited,4
U0,2,2,19,HopcroftKarpMatcher,-1,na,total_edges_visited,7
U0,2,2,19,HopcroftKarpMatcher,-1,na,matching_size,2
U0,2,2,19,HopcroftKarpMatcher,-1,na,wall_clock_ms,0.00587
U0,2,2,19,HopcroftKarpMatcher,-1,na,matching_size,2
U0,4,1,31,Oracle,-1,na,oracle_size,3
U0,4,1,31,SimpleAugmentingMatcher,-1,na,wall_clock_ms,0.000567
U0,4,1,31,SimpleAugmentingMatcher,-1,na,matching_size,3
U0,4,1,31,HopcroftKarpMatcher,0,na,paths_found_per_phase,3
U0,4,1,31,HopcroftKarpMatcher,0,na,bfs_edges_visited,4
U0,4,1,31,HopcroftKarpMatcher,0,na,dfs_edges_visited,3
U0,4,1,31,HopcroftKarpMatcher,0,na,defect_at_iteration,1
U0,4,1,31,HopcroftKarpMatcher,-1,na,phase_count,1
U0,4,1,31,HopcroftKarpMatcher,-1,na,main_loop_iters,1
U0,4,1,31,HopcroftKarpMatcher,-1,na,total_bfs_edges_visited,4
U0,4,1,31,HopcroftKarpMatcher,-1,na,total_edges_visited,7
U0,4,1,31,HopcroftKarpMatcher,-1,na,matching_size,3
U0,4,1,31,HopcroftKarpMatcher,-1,na,wall_clock_ms,0.006089
U0,4,1,31,HopcroftKarpMatcher,-1,na,matching_size,3
U0,5,2,12,Oracle,-1,na,oracle_size,5
U0,5,2,12,SimpleAugmentingMatcher,-1,na,wall_clock_ms,0.000733
U0,5,2,12,SimpleAugmentingMatcher,-1,na,matching_size,5
U0,5,2,12,HopcroftKarpMatcher,0,na,paths_found_per_phase,5
U0,5,2,12,HopcroftKarpMatcher,0,na,bfs_edges_visited,25
U0,5,2,12,HopcroftKarpMatcher,0,na,dfs_edges_visited,15
U0,5,2,12,HopcroftKarpMatcher,0,na,defect_at_iteration,0
U0,5,2,12,HopcroftKarpMatcher,-1,na,phase_count,1
U0,5,2,12,HopcroftKarpMatcher,-1,na,main_loop_iters,1
U0,5,2,12,HopcroftKarpMatcher,-1,na,total_bfs_edges_visited,25
U0,5,2,12,HopcroftKarpMatcher,-1,na,total_edges_visited,40
U0,5,2,12,HopcroftKarpMatcher,-1,na,matching_size,5
U0,5,2,12,HopcroftKarpMatcher,-1,na,wall_clock_ms,0.006934
U0,5,2,12,HopcroftKarpMatcher,-1,na,matching_size,5
U0,3,2,4,Oracle,-1,na,oracle_size,3
U0,3,2,4,SimpleAugmentingMatcher,-1,na,wall_clock_ms,0.000556
U0,3,2,4,SimpleAugmentingMatcher,-1,na,matching_size,3
U0,3,2,4,HopcroftKarpMatcher,0,na,paths_found_per_phase,3
U0,3,2,4,HopcroftKarpMatcher,0,na,bfs_edges_visited,9
U0,3,2,4,HopcroftKarpMatcher,0,na,dfs_edges_visited,6
U0,3,2,4,HopcroftKarpMatcher,0,na,defect_at_iteration,0
U0,3,2,4,HopcroftKarpMatcher,-1,na,phase_count,1
U0,3,2,4,HopcroftKarpMatcher,-1,na,main_loop_iters,1
U0,3,2,4,HopcroftKarpMatcher,-1,na,total_bfs_edges_visited,9
U0,3,2,4,HopcroftKarpMatcher,-1,na,total_edges_visited,15
U0,3,2,4,HopcroftKarpMatcher,-1,na,matching_size,3
U0,3,2,4,HopcroftKarpMatcher,-1,na,wall_clock_ms,0.006459
U0,3,2,4,HopcroftKarpMatcher,-1,na,matching_size,3
U0,6,1,15,Oracle,-1,na,oracle_size,4
U0,6,1,15,SimpleAugmentingMatcher,-1,na,wall_clock_ms,0.000722
U0,6,1,15,SimpleAugmentingMatcher,-1,na,matching_size,4
U0,6,1,15,HopcroftKarpMatcher,0,na,paths_found_per_phase,3
U0,6,1,15,HopcroftKarpMatcher,0,na,bfs_edges_visited,6
U0,6,1,15,HopcroftKarpMatcher,0,na,dfs_edges_visited,4
U0,6,1,15,HopcroftKarpMatcher,0,na,defect_at_iteration,3
U0,6,1,15,HopcroftKarpMatcher,1,na,paths_found_per_phase,1
U0,6,1,15,HopcroftKarpMatcher,1,na,bfs_edges_visited,3
U0,6,1,15,HopcroftKarpMatcher,1,na,dfs_edges_visited,3
U0,6,1,15,HopcroftKarpMatcher,1,na,defect_at_iteration,2
U0,6,1,15,HopcroftKarpMatcher,-1,na,phase_count,2
U0,6,1,15,HopcroftKarpMatcher,-1,na,main_loop_iters,2
U0,6,1,15,HopcroftKarpMatcher,-1,na,total_bfs_edges_visited,9
U0,6,1,15,HopcroftKarpMatcher,-1,na,total_edges_visited,16
U0,6,1,15,HopcroftKarpMatcher,-1,na,matching_size,4
U0,6,1,15,HopcroftKarpMatcher,-1,na,wall_clock_ms,0.009478
U0,6,1,15,HopcroftKarpMatcher,-1,na,matching_size,4
U0,5,1,31,Oracle,-1,na,oracle_size,3
U0,5,1,31,SimpleAugmentingMatcher,-1,na,wall_clock_ms,0.000616
U0,5,1,31,SimpleAugmentingMatcher,-1,na,matching_size,3
U0,5,1,31,HopcroftKarpMatcher,0,na,paths_found_per_phase,3
U0,5,1,31,HopcroftKarpMatcher,0,na,bfs_edges_visited,5
U0,5,1,31,HopcroftKarpMatcher,0,na,dfs_edges_visited,4
U0,5,1,31,HopcroftKarpMatcher,0,na,defect_at_iteration,2
U0,5,1,31,HopcroftKarpMatcher,-1,na,phase_count,1
U0,5,1,31,HopcroftKarpMatcher,-1,na,main_loop_iters,1
U0,5,1,31,HopcroftKarpMatcher,-1,na,total_bfs_edges_visited,5
U0,5,1,31,HopcroftKarpMatcher,-1,na,total_edges_visited,9
U0,5,1,31,HopcroftKarpMatcher,-1,na,matching_size,3
U0,5,1,31,HopcroftKarpMatcher,-1,na,wall_clock_ms,0.006237
U0,5,1,31,HopcroftKarpMatcher,-1,na,matching_size,3
U0,5,1.5,24,Oracle,-1,na,oracle_size,5
U0,5,1.5,24,SimpleAugmentingMatcher,-1,na,wall_clock_ms,0.000837
U0,5,1.5,24,SimpleAugmentingMatcher,-1,na,matching_size,5
U0,5,1.5,24,HopcroftKarpMatcher,0,na,paths_found_per_phase,4
U0,5,1.5,24,HopcroftKarpMatcher,0,na,bfs_edges_visited,11
U0,5,1.5,24,HopcroftKarpMatcher,0,na,dfs_edges_visited,6
U0,5,1.5,24,HopcroftKarpMatcher,0,na,defect_at_iteration,1
U0,5,1.5,24,HopcroftKarpMatcher,1,na,paths_found_per_phase,1
U0,5,1.5,24,HopcroftKarpMatcher,1,na,bfs_edges_visited,3
U0,5,1.5,24,HopcroftKarpMatcher,1,na,dfs_edges_visited,3
U0,5,1.5,24,HopcroftKarpMatcher,1,na,defect_at_iteration,0
U0,5,1.5,24,HopcroftKarpMatcher,-1,na,phase_count,2
U0,5,1.5,24,HopcroftKarpMatcher,-1,na,main_loop_iters,2
U0,5,1.5,24,HopcroftKarpMatcher,-1,na,total_bfs_edges_visited,14
U0,5,1.5,24,HopcroftKarpMatcher,-1,na,total_edges_visited,23
U0,5,1.5,24,HopcroftKarpMatcher,-1,na,matching_size,5
U0,5,1.5,24,HopcroftKarpMatcher,-1,na,wall_clock_ms,0.00991
U0,5,1.5,24,HopcroftKarpMatcher,-1,na,matching_size,5
U0,5,1.5,18,Oracle,-1,na,oracle_size,5
U0,5,1.5,18,SimpleAugmentingMatcher,-1,na,wall_clock_ms,0.000555
U0,5,1.5,18,SimpleAugmentingMatcher,-1,na,matching_size,5
U0,5,1.5,18,HopcroftKarpMatcher,0,na,paths_found_per_phase,5
U0,5,1.5,18,HopcroftKarpMatcher,0,na,bfs_edges_visited,11
U0,5,1.5,18,HopcroftKarpMatcher,0,na,dfs_edges_visited,6
U0,5,1.5,18,HopcroftKarpMatcher,0,na,defect_at_iteration,0
U0,5,1.5,18,HopcroftKarpMatcher,-1,na,phase_count,1
U0,5,1.5,18,HopcroftKarpMatcher,-1,na,main_loop_iters,1
U0,5,1.5,18,HopcroftKarpMatcher,-1,na,total_bfs_edges_visited,11
U0,5,1.5,18,HopcroftKarpMatcher,-1,na,total_edges_visited,17
U0,5,1.5,18,HopcroftKarpMatcher,-1,na,matching_size,5
U0,5,1.5,18,HopcroftKarpMatcher,-1,na,wall_clock_ms,0.006716
U0,5,1.5,18,HopcroftKarpMatcher,-1,na,matching_size,5
U0,5,1,18,Oracle,-1,na,oracle_size,3
U0,5,1,18,SimpleAugmentingMatcher,-1,na,wall_clock_ms,0.00068
U0,5,1,18,SimpleAugmentingMatcher,-1,na,matching_size,3
U0,5,1,18,HopcroftKarpMatcher,0,na,paths_found_per_phase,3
U0,5,1,18,HopcroftKarpMatcher,0,na,bfs_edges_visited,5
U0,5,1,18,HopcroftKarpMatcher,0,na,dfs_edges_visited,4
U0,5,1,18,HopcroftKarpMatcher,0,na,defect_at_iteration,2
U0,5,1,18,HopcroftKarpMatcher,-1,na,phase_count,1
U0,5,1,18,HopcroftKarpMatcher,-1,na,main_loop_iters,1
U0,5,1,18,HopcroftKarpMatcher,-1,na,total_bfs_edges_visited,5
U0,5,1,18,HopcroftKarpMatcher,-1,na,total_edges_visited,9
U0,5,1,18,HopcroftKarpMatcher,-1,na,matching_size,3
U0,5,1,18,HopcroftKarpMatcher,-1,na,wall_clock_ms,0.006342
U0,5,1,18,HopcroftKarpMatcher,-1,na,matching_size,3
U0,6,1,22,Oracle,-1,na,oracle_size,4
U0,6,1,22,SimpleAugmentingMatcher,-1,na,wall_clock_ms,0.000804
U0,6,1,22,SimpleAugmentingMatcher,-1,na,matching_size,4
U0,6,1,22,HopcroftKarpMatcher,0,na,paths_found_per_phase,4
U0,6,1,22,HopcroftKarpMatcher,0,na,bfs_edges_visited,6
U0,6,1,22,HopcroftKarpMatcher,0,na,dfs_edges_visited,5
U0,6,1,22,HopcroftKarpMatcher,0,na,defect_at_iteration,2
U0,6,1,22,HopcroftKarpMatcher,-1,na,phase_count,1
U0,6,1,22,HopcroftKarpMatcher,-1,na,main_loop_iters,1
U0,6,1,22,HopcroftKarpMatcher,-1,na,total_bfs_edges_visited,6
U0,6,1,22,HopcroftKarpMatcher,-1,na,total_edges_visited,11
U0,6,1,22,HopcroftKarpMatcher,-1,na,matching_size,4
U0,6,1,22,HopcroftKarpMatcher,-1,na,wall_clock_ms,0.006612
U0,6,1,22,HopcroftKarpMatcher,-1,na,matching_size,4
U0,2,1,9,Oracle,-1,na,oracle_size,1
U0,2,1,9,SimpleAugmentingMatcher,-1,na,wall_clock_ms,0.000425
U0,2,1,9,SimpleAugmentingMatcher,-1,na,matching_size,1
U0,2,1,9,HopcroftKarpMatcher,0,na,paths_found_per_phase,1
U0,2,1,9,HopcroftKarpMatcher,0,na,bfs_edges_visited,2
U0,2,1,9,HopcroftKarpMatcher,0,na,dfs_edges_visited,1
U0,2,1,9,HopcroftKarpMatcher,0,na,defect_at_iteration,1
U0,2,1,9,HopcroftKarpMatcher,-1,na,phase_count,1
U0,2,1,9,HopcroftKarpMatcher,-1,na,main_loop_iters,1
U0,2,1,9,HopcroftKarpMatcher,-1,na,total_bfs_edges_visited,2
U0,2,1,9,HopcroftKarpMatcher,-1,na,total_edges_visited,3
U0,2,1,9,HopcroftKarpMatcher,-1,na,matching_size,1
U0,2,1,9,HopcroftKarpMatcher,-1,na,wall_clock_ms,0.005439
U0,2,1,9,HopcroftKarpMatcher,-1,na,matching_size,1
U0,4,1,13,Oracle,-1,na,oracle_size,3
U0,4,1,13,SimpleAugmentingMatcher,-1,na,wall_clock_ms,0.000508
U0,4,1,13,SimpleAugmentingMatcher,-1,na,matching_size,3
U0,4,1,13,HopcroftKarpMatcher,0,na,paths_found_per_phase,3
U0,4,1,13,HopcroftKarpMatcher,0,na,bfs_edges_visited,4
U0,4,1,13,HopcroftKarpMatcher,0,na,dfs_edges_visited,4
U0,4,1,13,HopcroftKarpMatcher,0,na,defect_at_iteration,1
U0,4,1,13,HopcroftKarpMatcher,-1,na,phase_count,1
U0,4,1,13,HopcroftKarpMatcher,-1,na,main_loop_iters,1
U0,4,1,13,HopcroftKarpMatcher,-1,na,total_bfs_edges_visited,4
U0,4,1,13,HopcroftKarpMatcher,-1,na,total_edges_visited,8
U0,4,1,13,HopcroftKarpMatcher,-1,na,matching_size,3
U0,4,1,13,HopcroftKarpMatcher,-1,na,wall_clock_ms,0.004664
U0,4,1,13,HopcroftKarpMatcher,-1,na,matching_size,3
U0,3,1.5,49,Oracle,-1,na,oracle_size,3
U0,3,1.5,49,SimpleAugmentingMatcher,-1,na,wall_clock_ms,0.000534
U0,3,1.5,49,SimpleAugmentingMatcher,-1,na,matching_size,3
U0,3,1.5,49,HopcroftKarpMatcher,0,na,paths_found_per_phase,2
U0,3,1.5,49,HopcroftKarpMatcher,0,na,bfs_edges_visited,5
U0,3,1.5,49,HopcroftKarpMatcher,0,na,dfs_edges_visited,3
U0,3,1.5,49,HopcroftKarpMatcher,0,na,defect_at_iteration,1
U0,3,1.5,49,HopcroftKarpMatcher,1,na,paths_found_per_phase,1
U0,3,1.5,49,HopcroftKarpMatcher,1,na,bfs_edges_visited,4
U0,3,1.5,49,HopcroftKarpMatcher,1,na,dfs_edges_visited,5
U0,3,1.5,49,HopcroftKarpMatcher,1,na,defect_at_iteration,0
U0,3,1.5,49,HopcroftKarpMatcher,-1,na,phase_count,2
U0,3,1.5,49,HopcroftKarpMatcher,-1,na,main_loop_iters,2
U0,3,1.5,49,HopcroftKarpMatcher,-1,na,total_bfs_edges_visited,9
U0,3,1.5,49,HopcroftKarpMatcher,-1,na,total_edges_visited,17
U0,3,1.5,49,HopcroftKarpMatcher,-1,na,matching_size,3
U0,3,1.5,49,HopcroftKarpMatcher,-1,na,wall_clock_ms,0.008359
U0,3,1.5,49,HopcroftKarpMatcher,-1,na,matching_size,3
U0,4,2,22,Oracle,-1,na,oracle_size,4
U0,4,2,22,SimpleAugmentingMatcher,-1,na,wall_clock_ms,0.000648
U0,4,2,22,SimpleAugmentingMatcher,-1,na,matching_size,4
U0,4,2,22,HopcroftKarpMatcher,0,na,paths_found_per_phase,4
U0,4,2,22,HopcroftKarpMatcher,0,na,bfs_edges_visited,16
U0,4,2,22,HopcroftKarpMatcher,0,na,dfs_edges_visited,10
U0,4,2,22,HopcroftKarpMatcher,0,na,defect_at_iteration,0
U0,4,2,22,HopcroftKarpMatcher,-1,na,phase_count,1
U0,4,2,22,HopcroftKarpMatcher,-1,na,main_loop_iters,1
U0,4,2,22,HopcroftKarpMatcher,-1,na,total_bfs_edges_visited,16
U0,4,2,22,HopcroftKarpMatcher,-1,na,total_edges_visited,26
U0,4,2,22,HopcroftKarpMatcher,-1,na,matching_size,4
U0,4,2,22,HopcroftKarpMatcher,-1,na,wall_clock_ms,0.006966
U0,4,2,22,HopcroftKarpMatcher,-1,na,matching_size,4
U0,6,2,36,Oracle,-1,na,oracle_size,6
U0,6,2,36,SimpleAugmentingMatcher,-1,na,wall_clock_ms,0.000705
U0,6,2,36,SimpleAugmentingMatcher,-1,na,matching_size,6
U0,6,2,36,HopcroftKarpMatcher,0,na,paths_found_per_phase,6
U0,6,2,36,HopcroftKarpMatcher,0,na,bfs_edges_visited,36
U0,6,2,36,HopcroftKarpMatcher,0,na,dfs_edges_visited,21
U0,6,2,36,HopcroftKarpMatcher,0,na,defect_at_iteration,0
U0,6,2,36,HopcroftKarpMatcher,-1,na,phase_count,1
U0,6,2,36,HopcroftKarpMatcher,-1,na,main_loop_iters,1
U0,6,2,36,HopcroftKarpMatcher,-1,na,total_bfs_edges_visited,36
U0,6,2,36,HopcroftKarpMatcher,-1,na,total_edges_visited,57
U0,6,2,36,HopcroftKarpMatcher,-1,na,matching_size,6
U0,6,2,36,HopcroftKarpMatcher,-1,na,wall_clock_ms,0.005262
U0,6,2,36,HopcroftKarpMatcher,-1,na,matching_size,6
U0,2,1,48,Oracle,-1,na,oracle_size,2
U0,2,1,48,SimpleAugmentingMatcher,-1,na,wall_clock_ms,0.000438
U0,2,1,48,SimpleAugmentingMatcher,-1,na,matching_size,2
U0,2,1,48,HopcroftKarpMatcher,0,na,paths_found_per_phase,2
U0,2,1,48,HopcroftKarpMatcher,0,na,bfs_edges_visited,2
U0,2,1,48,HopcroftKarpMatcher,0,na,dfs_edges_visited,2
U0,2,1,48,HopcroftKarpMatcher,0,na,defect_at_iteration,0
U0,2,1,48,HopcroftKarpMatcher,-1,na,phase_count,1
U0,2,1,48,HopcroftKarpMatcher,-1,na,main_loop_iters,1
U0,2,1,48,HopcroftKarpMatcher,-1,na,total_bfs_edges_visited,2
U0,2,1,48,HopcroftKarpMatcher,-1,na,total_edges_visited,4
U0,2,1,48,HopcroftKarpMatcher,-1,na,matching_size,2
U0,2,1,48,HopcroftKarpMatcher,-1,na,wall_clock_ms,0.005877
U0,2,1,48,HopcroftKarpMatcher,-1,na,matching_size,2
U0,5,1.5,25,Oracle,-1,na,oracle_size,4
U0,5,1.5,25,SimpleAugmentingMatcher,-1,na,wall_clock_ms,0.000792
U0,5,1.5,25,SimpleAugmentingMatcher,-1,na,matching_size,4
U0,5,1.5,25,HopcroftKarpMatcher,0,na,paths_found_per_phase,3
U0,5,1.5,25,HopcroftKarpMatcher,0,na,bfs_edges_visited,11
U0,5,1.5,25,HopcroftKarpMatcher,0,na,dfs_edges_visited,7
U0,5,1.5,25,HopcroftKarpMatcher,0,na,defect_at_iteration,2
U0,5,1.5,25,HopcroftKarpMatcher,1,na,paths_found_per_phase,1
U0,5,1.5,25,HopcroftKarpMatcher,1,na,bfs_edges_visited,9
U0,5,1.5,25,HopcroftKarpMatcher,1,na,dfs_edges_visited,4
U0,5,1.5,25,HopcroftKarpMatcher,1,na,defect_at_iteration,1
U0,5,1.5,25,HopcroftKarpMatcher,-1,na,phase_count,2
U0,5,1.5,25,HopcroftKarpMatcher,-1,na,main_loop_iters,2
U0,5,1.5,25,HopcroftKarpMatcher,-1,na,total_bfs_edges_visited,20
U0,5,1.5,25,HopcroftKarpMatcher,-1,na,total_edges_visited,31
U0,5,1.5,25,HopcroftKarpMatcher,-1,na,matching_size,4
U0,5,1.5,25,HopcroftKarpMatcher,-1,na,wall_clock_ms,0.00719
U0,5,1.5,25,HopcroftKarpMatcher,-1,na,matching_size,4
U0,6,2,14,Oracle,-1,na,oracle_size,6
U0,6,2,14,SimpleAugmentingMatcher,-1,na,wall_clock_ms,0.000913
U0,6,2,14,SimpleAugmentingMatcher,-1,na,matching_size,6
U0,6,2,14,HopcroftKarpMatcher,0,na,paths_found_per_phase,6
U0,6,2,14,HopcroftKarpMatcher,0,na,bfs_edges_visited,36
U0,6,2,14,HopcroftKarpMatcher,0,na,dfs_edges_visited,21
U0,6,2,14,HopcroftKarpMatcher,0,na,defect_at_iteration,0
U0,6,2,14,HopcroftKarpMatcher,-1,na,phase_count,1
U0,6,2,14,HopcroftKarpMatcher,-1,na,main_loop_iters,1
U0,6,2,14,HopcroftKarpMatcher,-1,na,total_bfs_edges_visited,36
U0,6,2,14,HopcroftKarpMatcher,-1,na,total_edges_visited,57
U0,6,2,14,HopcroftKarpMatcher,-1,na,matching_size,6
U0,6,2,14,HopcroftKarpMatcher,-1,na,wall_clock_ms,0.007252
U0,6,2,14,HopcroftKarpMatcher,-1,na,matching_size,6
U0,3,1.5,47,Oracle,-1,na,oracle_size,3
U0,3,1.5,47,SimpleAugmentingMatcher,-1,na,wall_clock_ms,0.000424
U0,3,1.5,47,SimpleAugmentingMatcher,-1,na,matching_size,3
U0,3,1.5,47,HopcroftKarpMatcher,0,na,paths_found_per_phase,3
U0,3,1.5,47,HopcroftKarpMatcher,0,na,bfs_edges_visited,5
U0,3,1.5,47,HopcroftKarpMatcher,0,na,dfs_edges_visited,4
U0,3,1.5,47,HopcroftKarpMatcher,0,na,defect_at_iteration,0
U0,3,1.5,47,HopcroftKarpMatcher,-1,na,phase_count,1
U0,3,1.5,47,HopcroftKarpMatcher,-1,na,main_loop_iters,1
U0,3,1.5,47,HopcroftKarpMatcher,-1,na,total_bfs_edges_visited,5
U0,3,1.5,47,HopcroftKarpMatcher,-1,na,total_edges_visited,9
U0,3,1.5,47,HopcroftKarpMatcher,-1,na,matching_size,3
U0,3,1.5,47,HopcroftKarpMatcher,-1,na,wall_clock_ms,0.006745
U0,3,1.5,47,HopcroftKarpMatcher,-1,na,matching_size,3
U0,3,2,29,Oracle,-1,na,oracle_size,3
U0,3,2,29,SimpleAugmentingMatcher,-1,na,wall_clock_ms,0.000485
U0,3,2,29,SimpleAugmentingMatcher,-1,na,matching_size,3
U0,3,2,29,HopcroftKarpMatcher,0,na,paths_found_per_phase,3
U0,3,2,29,HopcroftKarpMatcher,0,na,bfs_edges_visited,9
U0,3,2,29,HopcroftKarpMatcher,0,na,dfs_edges_visited,6
U0,3,2,29,HopcroftKarpMatcher,0,na,defect_at_iteration,0
U0,3,2,29,HopcroftKarpMatcher,-1,na,phase_count,1
U0,3,2,29,HopcroftKarpMatcher,-1,na,main_loop_iters,1
U0,3,2,29,HopcroftKarpMatcher,-1,na,total_bfs_edges_visited,9
U0,3,2,29,HopcroftKarpMatcher,-1,na,total_edges_visited,15
U0,3,2,29,HopcroftKarpMatcher,-1,na,matching_size,3
U0,3,2,29,HopcroftKarpMatcher,-1,na,wall_clock_ms,0.00643
U0,3,2,29,HopcroftKarpMatcher,-1,na,matching_size,3
U0,4,2,45,Oracle,-1,na,oracle_size,4
U0,4,2,45,SimpleAugmentingMatcher,-1,na,wall_clock_ms,0.000651
U0,4,2,45,SimpleAugmentingMatcher,-1,na,matching_size,4
U0,4,2,45,HopcroftKarpMatcher,0,na,paths_found_per_phase,4
U0,4,2,45,HopcroftKarpMatcher,0,na,bfs_edges_visited,16
U0,4,2,45,HopcroftKarpMatcher,0,na,dfs_edges_visited,10
U0,4,2,45,HopcroftKarpMatcher,0,na,defect_at_iteration,0
U0,4,2,45,HopcroftKarpMatcher,-1,na,phase_count,1
U0,4,2,45,HopcroftKarpMatcher,-1,na,main_loop_iters,1
U0,4,2,45,HopcroftKarpMatcher,-1,na,total_bfs_edges_visited,16
U0,4,2,45,HopcroftKarpMatcher,-1,na,total_edges_visited,26
U0,4,2,45,HopcroftKarpMatcher,-1,na,matching_size,4
U0,4,2,45,HopcroftKarpMatcher,-1,na,wall_clock_ms,0.00667
U0,4,2,45,HopcroftKarpMatcher,-1,na,matching_size,4
U0,2,2,21,Oracle,-1,na,oracle_size,2
U0,2,2,21,SimpleAugmentingMatcher,-1,na,wall_clock_ms,0.000428
U0,2,2,21,SimpleAugmentingMatcher,-1,na,matching_size,2
U0,2,2,21,HopcroftKarpMatcher,0,na,paths_found_per_phase,2
U0,2,2,21,HopcroftKarpMatcher,0,na,bfs_edges_visited,4
U0,2,2,21,HopcroftKarpMatcher,0,na,dfs_edges_visited,3
U0,2,2,21,HopcroftKarpMatcher,0,na,defect_at_iteration,0
U0,2,2,21,HopcroftKarpMatcher,-1,na,phase_count,1
U0,2,2,21,HopcroftKarpMatcher,-1,na,main_loop_iters,1
U0,2,2,21,HopcroftKarpMatcher,-1,na,total_bfs_edges_visited,4
U0,2,2,21,HopcroftKarpMatcher,-1,na,total_edges_visited,7
U0,2,2,21,HopcroftKarpMatcher,-1,na,matching_size,2
U0,2,2,21,HopcroftKarpMatcher,-1,na,wall_clock_ms,0.005806
U0,2,2,21,HopcroftKarpMatcher,-1,na,matching_size,2
U0,3,1,44,Oracle,-1,na,oracle_size,2
U0,3,1,44,SimpleAugmentingMatcher,-1,na,wall_clock_ms,0.000484
U0,3,1,44,SimpleAugmentingMatcher,-1,na,matching_size,2
U0,3,1,44,HopcroftKarpMatcher,0,na,paths_found_per_phase,1
U0,3,1,44,HopcroftKarpMatcher,0,na,bfs_edges_visited,3
U0,3,1,44,HopcroftKarpMatcher,0,na,dfs_edges_visited,2
U0,3,1,44,HopcroftKarpMatcher,0,na,defect_at_iteration,2
U0,3,1,44,HopcroftKarpMatcher,1,na,paths_found_per_phase,1
U0,3,1,44,HopcroftKarpMatcher,1,na,bfs_edges_visited,3
U0,3,1,44,HopcroftKarpMatcher,1,na,dfs_edges_visited,3
U0,3,1,44,HopcroftKarpMatcher,1,na,defect_at_iteration,1
U0,3,1,44,HopcroftKarpMatcher,-1,na,phase_count,2
U0,3,1,44,HopcroftKarpMatcher,-1,na,main_loop_iters,2
U0,3,1,44,HopcroftKarpMatcher,-1,na,total_bfs_edges_visited,6
U0,3,1,44,HopcroftKarpMatcher,-1,na,total_edges_visited,11
U0,3,1,44,HopcroftKarpMatcher,-1,na,matching_size,2
U0,3,1,44,HopcroftKarpMatcher,-1,na,wall_clock_ms,0.008701
U0,3,1,44,HopcroftKarpMatcher,-1,na,matching_size,2
U0,2,2,44,Oracle,-1,na,oracle_size,2
U0,2,2,44,SimpleAugmentingMatcher,-1,na,wall_clock_ms,0.000449
U0,2,2,44,SimpleAugmentingMatcher,-1,na,matching_size,2
U0,2,2,44,HopcroftKarpMatcher,0,na,paths_found_per_phase,2
U0,2,2,44,HopcroftKarpMatcher,0,na,bfs_edges_visited,4
U0,2,2,44,HopcroftKarpMatcher,0,na,dfs_edges_visited,3
U0,2,2,44,HopcroftKarpMatcher,0,na,defect_at_iteration,0
U0,2,2,44,HopcroftKarpMatcher,-1,na,phase_count,1
U0,2,2,44,HopcroftKarpMatcher,-1,na,main_loop_iters,1
U0,2,2,44,HopcroftKarpMatcher,-1,na,total_bfs_edges_visited,4
U0,2,2,44,HopcroftKarpMatcher,-1,na,total_edges_visited,7
U0,2,2,44,HopcroftKarpMatcher,-1,na,matching_size,2
U0,2,2,44,HopcroftKarpMatcher,-1,na,wall_clock_ms,0.005897
U0,2,2,44,HopcroftKarpMatcher,-1,na,matching_size,2
U0,5,2,21,Oracle,-1,na,oracle_size,5
U0,5,2,21,SimpleAugmentingMatcher,-1,na,wall_clock_ms,0.000967
U0,5,2,21,SimpleAugmentingMatcher,-1,na,matching_size,5
U0,5,2,21,HopcroftKarpMatcher,0,na,paths_found_per_phase,5
U0,5,2,21,HopcroftKarpMatcher,0,na,bfs_edges_visited,25
U0,5,2,21,HopcroftKarpMatcher,0,na,dfs_edges_visited,15
U0,5,2,21,HopcroftKarpMatcher,0,na,defect_at_iteration,0
U0,5,2,21,HopcroftKarpMatcher,-1,na,phase_count,1
U0,5,2,21,HopcroftKarpMatcher,-1,na,main_loop_iters,1
U0,5,2,21,HopcroftKarpMatcher,-1,na,total_bfs_edges_visited,25
U0,5,2,21,HopcroftKarpMatcher,-1,na,total_edges_visited,40
U0,5,2,21,HopcroftKarpMatcher,-1,na,matching_size,5
U0,5,2,21,HopcroftKarpMatcher,-1,na,wall_clock_ms,0.007166
U0,5,2,21,HopcroftKarpMatcher,-1,na,matching_size,5
U0,5,2,14,Oracle,-1,na,oracle_size,5
U0,5,2,14,SimpleAugmentingMatcher,-1,na,wall_clock_ms,0.000715
U0,5,2,14,SimpleAugmentingMatcher,-1,na,matching_size,5
U0,5,2,14,HopcroftKarpMatcher,0,na,paths_found_per_phase,5
U0,5,2,14,HopcroftKarpMatcher,0,na,bfs_edges_visited,25
U0,5,2,14,HopcroftKarpMatcher,0,na,dfs_edges_visited,15
U0,5,2,14,HopcroftKarpMatcher,0,na,defect_at_iteration,0
U0,5,2,14,HopcroftKarpMatcher,-1,na,phase_count,1
U0,5,2,14,HopcroftKarpMatcher,-1,na,main_loop_iters,1
U0,5,2,14,HopcroftKarpMatcher,-1,na,total_bfs_edges_visited,25
U0,5,2,14,HopcroftKarpMatcher,-1,na,total_edges_visited,40
U0,5,2,14,HopcroftKarpMatcher,-1,na,matching_size,5
U0,5,2,14,HopcroftKarpMatcher,-1,na,wall_clock_ms,0.007116
U0,5,2,14,HopcroftKarpMatcher,-1,na,matching_size,5
U0,2,1.5,4,Oracle,-1,na,oracle_size,2
U0,2,1.5,4,SimpleAugmentingMatcher,-1,na,wall_clock_ms,0.000518
U0,2,1.5,4,SimpleAugmentingMatcher,-1,na,matching_size,2
U0,2,1.5,4,HopcroftKarpMatcher,0,na,paths_found_per_phase,2
U0,2,1.5,4,HopcroftKarpMatcher,0,na,bfs_edges_visited,2
U0,2,1.5,4,HopcroftKarpMatcher,0,na,dfs_edges_visited,2
U0,2,1.5,4,HopcroftKarpMatcher,0,na,defect_at_iteration,0
U0,2,1.5,4,HopcroftKarpMatcher,-1,na,phase_count,1
U0,2,1.5,4,HopcroftKarpMatcher,-1,na,main_loop_iters,1
U0,2,1.5,4,HopcroftKarpMatcher,-1,na,total_bfs_edges_visited,2
U0,2,1.5,4,HopcroftKarpMatcher,-1,na,total_edges_visited,4
U0,2,1.5,4,HopcroftKarpMatcher,-1,na,matching_size,2
U0,2,1.5,4,HopcroftKarpMatcher,-1,na,wall_clock_ms,0.006083
U0,2,1.5,4,HopcroftKarpMatcher,-1,na,matching_size,2
U0,4,2,41,Oracle,-1,na,oracle_size,4
U0,4,2,41,SimpleAugmentingMatcher,-1,na,wall_clock_ms,0.000704
U0,4,2,41,SimpleAugmentingMatcher,-1,na,matching_size,4
U0,4,2,41,HopcroftKarpMatcher,0,na,paths_found_per_phase,4
U0,4,2,41,HopcroftKarpMatcher,0,na,bfs_edges_visited,16
U0,4,2,41,HopcroftKarpMatcher,0,na,dfs_edges_visited,10
U0,4,2,41,HopcroftKarpMatcher,0,na,defect_at_iteration,0
U0,4,2,41,HopcroftKarpMatcher,-1,na,phase_count,1
U0,4,2,41,HopcroftKarpMatcher,-1,na,main_loop_iters,1
U0,4,2,41,HopcroftKarpMatcher,-1,na,total_bfs_edges_visited,16
U0,4,2,41,HopcroftKarpMatcher,-1,na,total_edges_visited,26
U0,4,2,41,HopcroftKarpMatcher,-1,na,matching_size,4
U0,4,2,41,HopcroftKarpMatcher,-1,na,wall_clock_ms,0.007086
U0,4,2,41,HopcroftKarpMatcher,-1,na,matching_size,4
U0,3,1.5,44,Oracle,-1,na,oracle_size,2
U0,3,1.5,44,SimpleAugmentingMatcher,-1,na,wall_clock_ms,0.000475
U0,3,1.5,44,SimpleAugmentingMatcher,-1,na,matching_size,2
U0,3,1.5,44,HopcroftKarpMatcher,0,na,paths_found_per_phase,2
U0,3,1.5,44,HopcroftKarpMatcher,0,na,bfs_edges_visited,5
U0,3,1.5,44,HopcroftKarpMatcher,0,na,dfs_edges_visited,3
U0,3,1.5,44,HopcroftKarpMatcher,0,na,defect_at_iteration,1
U0,3,1.5,44,HopcroftKarpMatcher,-1,na,phase_count,1
U0,3,1.5,44,HopcroftKarpMatcher,-1,na,main_loop_iters,1
U0,3,1.5,44,HopcroftKarpMatcher,-1,na,total_bfs_edges_visited,5
U0,3,1.5,44,HopcroftKarpMatcher,-1,na,total_edges_visited,8
U0,3,1.5,44,HopcroftKarpMatcher,-1,na,matching_size,2
U0,3,1.5,44,HopcroftKarpMatcher,-1,na,wall_clock_ms,0.005975
U0,3,1.5,44,HopcroftKarpMatcher,-1,na,matching_size,2
U0,4,2,42,Oracle,-1,na,oracle_size,4
U0,4,2,42,SimpleAugmentingMatcher,-1,na,wall_clock_ms,0.000574
U0,4,2,42,SimpleAugmentingMatcher,-1,na,matching_size,4
U0,4,2,42,HopcroftKarpMatcher,0,na,paths_found_per_phase,4
U0,4,2,42,HopcroftKarpMatcher,0,na,bfs_edges_visited,16
U0,4,2,42,HopcroftKarpMatcher,0,na,dfs_edges_visited,10
U0,4,2,42,HopcroftKarpMatcher,0,na,defect_at_iteration,0
U0,4,2,42,HopcroftKarpMatcher,-1,na,phase_count,1
U0,4,2,42,HopcroftKarpMatcher,-1,na,main_loop_iters,1
U0,4,2,42,HopcroftKarpMatcher,-1,na,total_bfs_edges_visited,16
U0,4,2,42,HopcroftKarpMatcher,-1,na,total_edges_visited,26
U0,4,2,42,HopcroftKarpMatcher,-1,na,matching_size,4
U0,4,2,42,HopcroftKarpMatcher,-1,na,wall_clock_ms,0.00517
U0,4,2,42,HopcroftKarpMatcher,-1,na,matching_size,4
U0,6,1.5,25,Oracle,-1,na,oracle_size,5
U0,6,1.5,25,SimpleAugmentingMatcher,-1,na,wall_clock_ms,0.00105
U0,6,1.5,25,SimpleAugmentingMatcher,-1,na,matching_size,5
U0,6,1.5,25,HopcroftKarpMatcher,0,na,paths_found_per_phase,5
U0,6,1.5,25,HopcroftKarpMatcher,0,na,bfs_edges_visited,14
U0,6,1.5,25,HopcroftKarpMatcher,0,na,dfs_edges_visited,12
U0,6,1.5,25,HopcroftKarpMatcher,0,na,defect_at_iteration,1
U0,6,1.5,25,HopcroftKarpMatcher,-1,na,phase_count,1
U0,6,1.5,25,HopcroftKarpMatcher,-1,na,main_loop_iters,1
U0,6,1.5,25,HopcroftKarpMatcher,-1,na,total_bfs_edges_visited,14
U0,6,1.5,25,HopcroftKarpMatcher,-1,na,total_edges_visited,26
U0,6,1.5,25,HopcroftKarpMatcher,-1,na,matching_size,5
U0,6,1.5,25,HopcroftKarpMatcher,-1,na,wall_clock_ms,0.007299
U0,6,1.5,25,HopcroftKarpMatcher,-1,na,matching_size,5
U0,3,2,7,Oracle,-1,na,oracle_size,3
U0,3,2,7,SimpleAugmentingMatcher,-1,na,wall_clock_ms,0.000563
U0,3,2,7,SimpleAugmentingMatcher,-1,na,matching_size,3
U0,3,2,7,HopcroftKarpMatcher,0,na,paths_found_per_phase,3
U0,3,2,7,HopcroftKarpMatcher,0,na,bfs_edges_visited,9
U0,3,2,7,HopcroftKarpMatcher,0,na,dfs_edges_visited,6
U0,3,2,7,HopcroftKarpMatcher,0,na,defect_at_iteration,0
U0,3,2,7,HopcroftKarpMatcher,-1,na,phase_count,1
U0,3,2,7,HopcroftKarpMatcher,-1,na,main_loop_iters,1
U0,3,2,7,HopcroftKarpMatcher,-1,na,total_bfs_edges_visited,9
U0,3,2,7,HopcroftKarpMatcher,-1,na,total_edges_visited,15
U0,3,2,7,HopcroftKarpMatcher,-1,na,matching_size,3
U0,3,2,7,HopcroftKarpMatcher,-1,na,wall_clock_ms,0.006667
U0,3,2,7,HopcroftKarpMatcher,-1,na,matching_size,3
U0,6,1,6,Oracle,-1,na,oracle_size,4
U0,6,1,6,SimpleAugmentingMatcher,-1,na,wall_clock_ms,0.000744
U0,6,1,6,SimpleAugmentingMatcher,-1,na,matching_size,4
U0,6,1,6,HopcroftKarpMatcher,0,na,paths_found_per_phase,4
U0,6,1,6,HopcroftKarpMatcher,0,na,bfs_edges_visited,6
U0,6,1,6,HopcroftKarpMatcher,0,na,dfs_edges_visited,5
U0,6,1,6,HopcroftKarpMatcher,0,na,defect_at_iteration,2
U0,6,1,6,HopcroftKarpMatcher,-1,na,phase_count,1
U0,6,1,6,HopcroftKarpMatcher,-1,na,main_loop_iters,1
U0,6,1,6,HopcroftKarpMatcher,-1,na,total_bfs_edges_visited,6
U0,6,1,6,HopcroftKarpMatcher,-1,na,total_edges_visited,11
U0,6,1,6,HopcroftKarpMatcher,-1,na,matching_size,4
U0,6,1,6,HopcroftKarpMatcher,-1,na,wall_clock_ms,0.007016
U0,6,1,6,HopcroftKarpMatcher,-1,na,matching_size,4
U0,6,1,4,Oracle,-1,na,oracle_size,4
U0,6,1,4,SimpleAugmentingMatcher,-1,na,wall_clock_ms,0.000744
U0,6,1,4,SimpleAugmentingMatcher,-1,na,matching_size,4
U0,6,1,4,HopcroftKarpMatcher,0,na,paths_found_per_phase,3
U0,6,1,4,HopcroftKarpMatcher,0,na,bfs_edges_visited,6
U0,6,1,4,HopcroftKarpMatcher,0,na,dfs_edges_visited,4
U0,6,1,4,HopcroftKarpMatcher,0,na,defect_at_iteration,3
U0,6,1,4,HopcroftKarpMatcher,1,na,paths_found_per_phase,1
U0,6,1,4,HopcroftKarpMatcher,1,na,bfs_edges_visited,3
U0,6,1,4,HopcroftKarpMatcher,1,na,dfs_edges_visited,3
U0,6,1,4,HopcroftKarpMatcher,1,na,defect_at_iteration,2
U0,6,1,4,HopcroftKarpMatcher,-1,na,phase_count,2
U0,6,1,4,HopcroftKarpMatcher,-1,na,main_loop_iters,2
U0,6,1,4,HopcroftKarpMatcher,-1,na,total_bfs_edges_visited,9
U0,6,1,4,HopcroftKarpMatcher,-1,na,total_edges_visited,16
U0,6,1,4,HopcroftKarpMatcher,-1,na,matching_size,4
U0,6,1,4,HopcroftKarpMatcher,-1,na,wall_clock_ms,0.008683
U0,6,1,4,HopcroftKarpMatcher,-1,na,matching_size,4
U0,5,1.5,14,Oracle,-1,na,oracle_size,4
U0,5,1.5,14,SimpleAugmentingMatcher,-1,na,wall_clock_ms,0.000908
U0,5,1.5,14,SimpleAugmentingMatcher,-1,na,matching_size,4
U0,5,1.5,14,HopcroftKarpMatcher,0,na,paths_found_per_phase,4
U0,5,1.5,14,HopcroftKarpMatcher,0,na,bfs_edges_visited,11
U0,5,1.5,14,HopcroftKarpMatcher,0,na,dfs_edges_visited,8
U0,5,1.5,14,HopcroftKarpMatcher,0,na,defect_at_iteration,1
U0,5,1.5,14,HopcroftKarpMatcher,-1,na,phase_count,1
U0,5,1.5,14,HopcroftKarpMatcher,-1,na,main_loop_iters,1
U0,5,1.5,14,HopcroftKarpMatcher,-1,na,total_bfs_edges_visited,11
U0,5,1.5,14,HopcroftKarpMatcher,-1,na,total_edges_visited,19
U0,5,1.5,14,HopcroftKarpMatcher,-1,na,matching_size,4
U0,5,1.5,14,HopcroftKarpMatcher,-1,na,wall_clock_ms,0.007002
U0,5,1.5,14,HopcroftKarpMatcher,-1,na,matching_size,4
U0,2,1,35,Oracle,-1,na,oracle_size,1
U0,2,1,35,SimpleAugmentingMatcher,-1,na,wall_clock_ms,0.000505
U0,2,1,35,SimpleAugmentingMatcher,-1,na,matching_size,1
U0,2,1,35,HopcroftKarpMatcher,0,na,paths_found_per_phase,1
U0,2,1,35,HopcroftKarpMatcher,0,na,bfs_edges_visited,2
U0,2,1,35,HopcroftKarpMatcher,0,na,dfs_edges_visited,1
U0,2,1,35,HopcroftKarpMatcher,0,na,defect_at_iteration,1
U0,2,1,35,HopcroftKarpMatcher,-1,na,phase_count,1
U0,2,1,35,HopcroftKarpMatcher,-1,na,main_loop_iters,1
U0,2,1,35,HopcroftKarpMatcher,-1,na,total_bfs_edges_visited,2
U0,2,1,35,HopcroftKarpMatcher,-1,na,total_edges_visited,3
U0,2,1,35,HopcroftKarpMatcher,-1,na,matching_size,1
U0,2,1,35,HopcroftKarpMatcher,-1,na,wall_clock_ms,0.005758
U0,2,1,35,HopcroftKarpMatcher,-1,na,matching_size,1
U0,6,1,39,Oracle,-1,na,oracle_size,4
U0,6,1,39,SimpleAugmentingMatcher,-1,na,wall_clock_ms,0.000761
U0,6,1,39,SimpleAugmentingMatcher,-1,na,matching_size,4
U0,6,1,39,HopcroftKarpMatcher,0,na,paths_found_per_phase,4
U0,6,1,39,HopcroftKarpMatcher,0,na,bfs_edges_visited,6
U0,6,1,39,HopcroftKarpMatcher,0,na,dfs_edges_visited,5
U0,6,1,39,HopcroftKarpMatcher,0,na,defect_at_iteration,2
U0,6,1,39,HopcroftKarpMatcher,-1,na,phase_count,1
U0,6,1,39,HopcroftKarpMatcher,-1,na,main_loop_iters,1
U0,6,1,39,HopcroftKarpMatcher,-1,na,total_bfs_edges_visited,6
U0,6,1,39,HopcroftKarpMatcher,-1,na,total_edges_visited,11
U0,6,1,39,HopcroftKarpMatcher,-1,na,matching_size,4
U0,6,1,39,HopcroftKarpMatcher,-1,na,wall_clock_ms,0.006849
U0,6,1,39,HopcroftKarpMatcher,-1,na,matching_size,4
U0,6,1.5,37,Oracle,-1,na,oracle_size,6
U0,6,1.5,37,SimpleAugmentingMatcher,-1,na,wall_clock_ms,0.001176
U0,6,1.5,37,SimpleAugmentingMatcher,-1,na,matching_size,6
U0,6,1.5,37,HopcroftKarpMatcher,0,na,paths_found_per_phase,5
U0,6,1.5,37,HopcroftKarpMatcher,0,na,bfs_edges_visited,14
U0,6,1.5,37,HopcroftKarpMatcher,0,na,dfs_edges_visited,9
U0,6,1.5,37,HopcroftKarpMatcher,0,na,defect_at_iteration,1
U0,6,1.5,37,HopcroftKarpMatcher,1,na,paths_found_per_phase,1
U0,6,1.5,37,HopcroftKarpMatcher,1,na,bfs_edges_visited,4
U0,6,1.5,37,HopcroftKarpMatcher,1,na,dfs_edges_visited,5
U0,6,1.5,37,HopcroftKarpMatcher,1,na,defect_at_iteration,0
U0,6,1.5,37,HopcroftKarpMatcher,-1,na,phase_count,2
U0,6,1.5,37,HopcroftKarpMatcher,-1,na,main_loop_iters,2
U0,6,1.5,37,HopcroftKarpMatcher,-1,na,total_bfs_edges_visited,18
U0,6,1.5,37,HopcroftKarpMatcher,-1,na,total_edges_visited,32
U0,6,1.5,37,HopcroftKarpMatcher,-1,na,matching_size,6
U0,6,1.5,37,HopcroftKarpMatcher,-1,na,wall_clock_ms,0.009524
U0,6,1.5,37,HopcroftKarpMatcher,-1,na,matching_size,6
U0,5,1.5,3,Oracle,-1,na,oracle_size,5
U0,5,1.5,3,SimpleAugmentingMatcher,-1,na,wall_clock_ms,0.00091
U0,5,1.5,3,SimpleAugmentingMatcher,-1,na,matching_size,5
U0,5,1.5,3,HopcroftKarpMatcher,0,na,paths_found_per_phase,4
U0,5,1.5,3,HopcroftKarpMatcher,0,na,bfs_edges_visited,11
U0,5,1.5,3,HopcroftKarpMatcher,0,na,dfs_edges_visited,8
U0,5,1.5,3,HopcroftKarpMatcher,0,na,defect_at_iteration,1
U0,5,1.5,3,HopcroftKarpMatcher,1,na,paths_found_per_phase,1
U0,5,1.5,3,HopcroftKarpMatcher,1,na,bfs_edges_visited,11
U0,5,1.5,3,HopcroftKarpMatcher,1,na,dfs_edges_visited,7
U0,5,1.5,3,HopcroftKarpMatcher,1,na,defect_at_iteration,0
U0,5,1.5,3,HopcroftKarpMatcher,-1,na,phase_count,2
U0,5,1.5,3,HopcroftKarpMatcher,-1,na,main_loop_iters,2
U0,5,1.5,3,HopcroftKarpMatcher,-1,na,total_bfs_edges_visited,22
U0,5,1.5,3,HopcroftKarpMatcher,-1,na,total_edges_visited,37
U0,5,1.5,3,HopcroftKarpMatcher,-1,na,matching_size,5
U0,5,1.5,3,HopcroftKarpMatcher,-1,na,wall_clock_ms,0.00999
U0,5,1.5,3,HopcroftKarpMatcher,-1,na,matching_size,5
U0,2,1.5,45,Oracle,-1,na,oracle_size,2
U0,2,1.5,45,SimpleAugmentingMatcher,-1,na,wall_clock_ms,0.000537
U0,2,1.5,45,SimpleAugmentingMatcher,-1,na,matching_size,2
U0,2,1.5,45,HopcroftKarpMatcher,0,na,paths_found_per_phase,2
U0,2,1.5,45,HopcroftKarpMatcher,0,na,bfs_edges_visited,2
U0,2,1.5,45,HopcroftKarpMatcher,0,na,dfs_edges_visited,2
U0,2,1.5,45,HopcroftKarpMatcher,0,na,defect_at_iteration,0
U0,2,1.5,45,HopcroftKarpMatcher,-1,na,phase_count,1
U0,2,1.5,45,HopcroftKarpMatcher,-1,na,main_loop_iters,1
U0,2,1.5,45,HopcroftKarpMatcher,-1,na,total_bfs_edges_visited,2
U0,2,1.5,45,HopcroftKarpMatcher,-1,na,total_edges_visited,4
U0,2,1.5,45,HopcroftKarpMatcher,-1,na,matching_size,2
U0,2,1.5,45,HopcroftKarpMatcher,-1,na,wall_clock_ms,0.006245
U0,2,1.5,45,HopcroftKarpMatcher,-1,na,matching_size,2
U0,6,1,23,Oracle,-1,na,oracle_size,4
U0,6,1,23,SimpleAugmentingMatcher,-1,na,wall_clock_ms,0.000682
U0,6,1,23,SimpleAugmentingMatcher,-1,na,matching_size,4
U0,6,1,23,HopcroftKarpMatcher,0,na,paths_found_per_phase,4
U0,6,1,23,HopcroftKarpMatcher,0,na,bfs_edges_visited,6
U0,6,1,23,HopcroftKarpMatcher,0,na,dfs_edges_visited,4
U0,6,1,23,HopcroftKarpMatcher,0,na,defect_at_iteration,2
U0,6,1,23,HopcroftKarpMatcher,-1,na,phase_count,1
U0,6,1,23,HopcroftKarpMatcher,-1,na,main_loop_iters,1
U0,6,1,23,HopcroftKarpMatcher,-1,na,total_bfs_edges_visited,6
U0,6,1,23,HopcroftKarpMatcher,-1,na,total_edges_visited,10
U0,6,1,23,HopcroftKarpMatcher,-1,na,matching_size,4
U0,6,1,23,HopcroftKarpMatcher,-1,na,wall_clock_ms,0.006597
U0,6,1,23,HopcroftKarpMatcher,-1,na,matching_size,4
U0,4,1.5,11,Oracle,-1,na,oracle_size,3
U0,4,1.5,11,SimpleAugmentingMatcher,-1,na,wall_clock_ms,0.000552
U0,4,1.5,11,SimpleAugmentingMatcher,-1,na,matching_size,3
U0,4,1.5,11,HopcroftKarpMatcher,0,na,paths_found_per_phase,3
U0,4,1.5,11,HopcroftKarpMatcher,0,na,bfs_edges_visited,8
U0,4,1.5,11,HopcroftKarpMatcher,0,na,dfs_edges_visited,5
U0,4,1.5,11,HopcroftKarpMatcher,0,na,defect_at_iteration,1
U0,4,1.5,11,HopcroftKarpMatcher,-1,na,phase_count,1
U0,4,1.5,11,HopcroftKarpMatcher,-1,na,main_loop_iters,1
U0,4,1.5,11,HopcroftKarpMatcher,-1,na,total_bfs_edges_visited,8
U0,4,1.5,11,HopcroftKarpMatcher,-1,na,total_edges_visited,13
U0,4,1.5,11,HopcroftKarpMatcher,-1,na,matching_size,3
U0,4,1.5,11,HopcroftKarpMatcher,-1,na,wall_clock_ms,0.005078
U0,4,1.5,11,HopcroftKarpMatcher,-1,na,matching_size,3
U0,2,1.5,30,Oracle,-1,na,oracle_size,2
U0,2,1.5,30,SimpleAugmentingMatcher,-1,na,wall_clock_ms,0.000442
U0,2,1.5,30,SimpleAugmentingMatcher,-1,na,matching_size,2
U0,2,1.5,30,HopcroftKarpMatcher,0,na,paths_found_per_phase,2
U0,2,1.5,30,HopcroftKarpMatcher,0,na,bfs_edges_visited,2
U0,2,1.5,30,HopcroftKarpMatcher,0,na,dfs_edges_visited,2
U0,2,1.5,30,HopcroftKarpMatcher,0,na,defect_at_iteration,0
U0,2,1.5,30,HopcroftKarpMatcher,-1,na,phase_count,1
U0,2,1.5,30,HopcroftKarpMatcher,-1,na,main_loop_iters,1
U0,2,1.5,30,HopcroftKarpMatcher,-1,na,total_bfs_edges_visited,2
U0,2,1.5,30,HopcroftKarpMatcher,-1,na,total_edges_visited,4
U0,2,1.5,30,HopcroftKarpMatcher,-1,na,matching_size,2
U0,2,1.5,30,HopcroftKarpMatcher,-1,na,wall_clock_ms,0.005914
U0,2,1.5,30,HopcroftKarpMatcher,-1,na,matching_size,2
U0,5,1.5,0,Oracle,-1,na,oracle_size,4
U0,5,1.5,0,SimpleAugmentingMatcher,-1,na,wall_clock_ms,0.000634
U0,5,1.5,0,SimpleAugmentingMatcher,-1,na,matching_size,4
U0,5,1.5,0,HopcroftKarpMatcher,0,na,paths_found_per_phase,4
U0,5,1.5,0,HopcroftKarpMatcher,0,na,bfs_edges_visited,11
U0,5,1.5,0,HopcroftKarpMatcher,0,na,dfs_edges_visited,5
U0,5,1.5,0,HopcroftKarpMatcher,0,na,defect_at_iteration,1
U0,5,1.5,0,HopcroftKarpMatcher,-1,na,phase_count,1
U0,5,1.5,0,HopcroftKarpMatcher,-1,na,main_loop_iters,1
U0,5,1.5,0,HopcroftKarpMatcher,-1,na,total_bfs_edges_visited,11
U0,5,1.5,0,HopcroftKarpMatcher,-1,na,total_edges_visited,16
U0,5,1.5,0,HopcroftKarpMatcher,-1,na,matching_size,4
U0,5,1.5,0,HopcroftKarpMatcher,-1,na,wall_clock_ms,0.007121
U0,5,1.5,0,HopcroftKarpMatcher,-1,na,matching_size,4
U0,4,1.5,0,Oracle,-1,na,oracle_size,4
U0,4,1.5,0,SimpleAugmentingMatcher,-1,na,wall_clock_ms,0.000758
U0,4,1.5,0,SimpleAugmentingMatcher,-1,na,matching_size,4
U0,4,1.5,0,HopcroftKarpMatcher,0,na,paths_found_per_phase,4
U0,4,1.5,0,HopcroftKarpMatcher,0,na,bfs_edges_visited,8
U0,4,1.5,0,HopcroftKarpMatcher,0,na,dfs_edges_visited,6
U0,4,1.5,0,HopcroftKarpMatcher,0,na,defect_at_iteration,0
U0,4,1.5,0,HopcroftKarpMatcher,-1,na,phase_count,1
U0,4,1.5,0,HopcroftKarpMatcher,-1,na,main_loop_iters,1
U0,4,1.5,0,HopcroftKarpMatcher,-1,na,total_bfs_edges_visited,8
U0,4,1.5,0,HopcroftKarpMatcher,-1,na,total_edges_visited,14
U0,4,1.5,0,HopcroftKarpMatcher,-1,na,matching_size,4
U0,4,1.5,0,HopcroftKarpMatcher,-1,na,wall_clock_ms,0.007063
U0,4,1.5,0,HopcroftKarpMatcher,-1,na,matching_size,4
U0,2,1,29,Oracle,-1,na,oracle_size,1
U0,2,1,29,SimpleAugmentingMatcher,-1,na,wall_clock_ms,0.00058
U0,2,1,29,SimpleAugmentingMatcher,-1,na,matching_size,1
U0,2,1,29,HopcroftKarpMatcher,0,na,paths_found_per_phase,1
U0,2,1,29,HopcroftKarpMatcher,0,na,bfs_edges_visited,2
U0,2,1,29,HopcroftKarpMatcher,0,na,dfs_edges_visited,1
U0,2,1,29,HopcroftKarpMatcher,0,na,defect_at_iteration,1
U0,2,1,29,HopcroftKarpMatcher,-1,na,phase_count,1
U0,2,1,29,HopcroftKarpMatcher,-1,na,main_loop_iters,1
U0,2,1,29,HopcroftKarpMatcher,-1,na,total_bfs_edges_visited,2
U0,2,1,29,HopcroftKarpMatcher,-1,na,total_edges_visited,3
U0,2,1,29,HopcroftKarpMatcher,-1,na,matching_size,1
U0,2,1,29,HopcroftKarpMatcher,-1,na,wall_clock_ms,0.006507
U0,2,1,29,HopcroftKarpMatcher,-1,na,matching_size,1
U0,2,1,26,Oracle,-1,na,oracle_size,1
U0,2,1,26,SimpleAugmentingMatcher,-1,na,wall_clock_ms,0.000357
U0,2,1,26,SimpleAugmentingMatcher,-1,na,matching_size,1
U0,2,1,26,HopcroftKarpMatcher,0,na,paths_found_per_phase,1
U0,2,1,26,HopcroftKarpMatcher,0,na,bfs_edges_visited,2
U0,2,1,26,HopcroftKarpMatcher,0,na,dfs_edges_visited,2
U0,2,1,26,HopcroftKarpMatcher,0,na,defect_at_iteration,1
U0,2,1,26,HopcroftKarpMatcher,-1,na,phase_count,1
U0,2,1,26,HopcroftKarpMatcher,-1,na,main_loop_iters,1
U0,2,1,26,HopcroftKarpMatcher,-1,na,total_bfs_edges_visited,2
U0,2,1,26,HopcroftKarpMatcher,-1,na,total_edges_visited,4
U0,2,1,26,HopcroftKarpMatcher,-1,na,matching_size,1
U0,2,1,26,HopcroftKarpMatcher,-1,na,wall_clock_ms,0.004215
U0,2,1,26,HopcroftKarpMatcher,-1,na,matching_size,1
U0,5,1,4,Oracle,-1,na,oracle_size,3
U0,5,1,4,SimpleAugmentingMatcher,-1,na,wall_clock_ms,0.000926
U0,5,1,4,SimpleAugmentingMatcher,-1,na,matching_size,3
U0,5,1,4,HopcroftKarpMatcher,0,na,paths_found_per_phase,3
U0,5,1,4,HopcroftKarpMatcher,0,na,bfs_edges_visited,5
U0,5,1,4,HopcroftKarpMatcher,0,na,dfs_edges_visited,5
U0,5,1,4,HopcroftKarpMatcher,0,na,defect_at_iteration,2
U0,5,1,4,HopcroftKarpMatcher,-1,na,phase_count,1
U0,5,1,4,HopcroftKarpMatcher,-1,na,main_loop_iters,1
U0,5,1,4,HopcroftKarpMatcher,-1,na,total_bfs_edges_visited,5
U0,5,1,4,HopcroftKarpMatcher,-1,na,total_edges_visited,10
U0,5,1,4,HopcroftKarpMatcher,-1,na,matching_size,3
U0,5,1,4,HopcroftKarpMatcher,-1,na,wall_clock_ms,0.007235
U0,5,1,4,HopcroftKarpMatcher,-1,na,matching_size,3
U0,4,1,1,Oracle,-1,na,oracle_size,3
U0,4,1,1,SimpleAugmentingMatcher,-1,na,wall_clock_ms,0.000529
U0,4,1,1,SimpleAugmentingMatcher,-1,na,matching_size,3
U0,4,1,1,HopcroftKarpMatcher,0,na,paths_found_per_phase,3
U0,4,1,1,HopcroftKarpMatcher,0,na,bfs_edges_visited,4
U0,4,1,1,HopcroftKarpMatcher,0,na,dfs_edges_visited,3
U0,4,1,1,HopcroftKarpMatcher,0,na,defect_at_iteration,1
U0,4,1,1,HopcroftKarpMatcher,-1,na,phase_count,1
U0,4,1,1,HopcroftKarpMatcher,-1,na,main_loop_iters,1
U0,4,1,1,HopcroftKarpMatcher,-1,na,total_bfs_edges_visited,4
U0,4,1,1,HopcroftKarpMatcher,-1,na,total_edges_visited,7
U0,4,1,1,HopcroftKarpMatcher,-1,na,matching_size,3
U0,4,1,1,HopcroftKarpMatcher,-1,na,wall_clock_ms,0.006159
U0,4,1,1,HopcroftKarpMatcher,-1,na,matching_size,3
U0,5,2,6,Oracle,-1,na,oracle_size,5
U0,5,2,6,SimpleAugmentingMatcher,-1,na,wall_clock_ms,0.000827
U0,5,2,6,SimpleAugmentingMatcher,-1,na,matching_size,5
U0,5,2,6,HopcroftKarpMatcher,0,na,paths_found_per_phase,5
U0,5,2,6,HopcroftKarpMatcher,0,na,bfs_edges_visited,25
U0,5,2,6,HopcroftKarpMatcher,0,na,dfs_edges_visited,15
U0,5,2,6,HopcroftKarpMatcher,0,na,defect_at_iteration,0
U0,5,2,6,HopcroftKarpMatcher,-1,na,phase_count,1
U0,5,2,6,HopcroftKarpMatcher,-1,na,main_loop_iters,1
U0,5,2,6,HopcroftKarpMatcher,-1,na,total_bfs_edges_visited,25
U0,5,2,6,HopcroftKarpMatcher,-1,na,total_edges_visited,40
U0,5,2,6,HopcroftKarpMatcher,-1,na,matching_size,5
U0,5,2,6,HopcroftKarpMatcher,-1,na,wall_clock_ms,0.006498
U0,5,2,6,HopcroftKarpMatcher,-1,na,matching_size,5
U0,6,2,29,Oracle,-1,na,oracle_size,6
U0,6,2,29,SimpleAugmentingMatcher,-1,na,wall_clock_ms,0.001012
U0,6,2,29,SimpleAugmentingMatcher,-1,na,matching_size,6
U0,6,2,29,HopcroftKarpMatcher,0,na,paths_found_per_phase,6
U0,6,2,29,HopcroftKarpMatcher,0,na,bfs_edges_visited,36
U0,6,2,29,HopcroftKarpMatcher,0,na,dfs_edges_visited,21
U0,6,2,29,HopcroftKarpMatcher,0,na,defect_at_iteration,0
U0,6,2,29,HopcroftKarpMatcher,-1,na,phase_count,1
U0,6,2,29,HopcroftKarpMatcher,-1,na,main_loop_iters,1
U0,6,2,29,HopcroftKarpMatcher,-1,na,total_bfs_edges_visited,36
U0,6,2,29,HopcroftKarpMatcher,-1,na,total_edges_visited,57
U0,6,2,29,HopcroftKarpMatcher,-1,na,matching_size,6
U0,6,2,29,HopcroftKarpMatcher,-1,na,wall_clock_ms,0.006609
U0,6,2,29,HopcroftKarpMatcher,-1,na,matching_size,6
U0,2,1,34,Oracle,-1,na,oracle_size,2
U0,2,1,34,SimpleAugmentingMatcher,-1,na,wall_clock_ms,0.000404
U0,2,1,34,SimpleAugmentingMatcher,-1,na,matching_size,2
U0,2,1,34,HopcroftKarpMatcher,0,na,paths_found_per_phase,2
U0,2,1,34,HopcroftKarpMatcher,0,na,bfs_edges_visited,2
U0,2,1,34,HopcroftKarpMatcher,0,na,dfs_edges_visited,2
U0,2,1,34,HopcroftKarpMatcher,0,na,defect_at_iteration,0
U0,2,1,34,HopcroftKarpMatcher,-1,na,phase_count,1
U0,2,1,34,HopcroftKarpMatcher,-1,na,main_loop_iters,1
U0,2,1,34,HopcroftKarpMatcher,-1,na,total_bfs_edges_visited,2
U0,2,1,34,HopcroftKarpMatcher,-1,na,total_edges_visited,4
U0,2,1,34,HopcroftKarpMatcher,-1,na,matching_size,2
U0,2,1,34,HopcroftKarpMatcher,-1,na,wall_clock_ms,0.005972
U0,2,1,34,HopcroftKarpMatcher,-1,na,matching_size,2
U0,4,2,25,Oracle,-1,na,oracle_size,4
U0,4,2,25,SimpleAugmentingMatcher,-1,na,wall_clock_ms,0.000733
U0,4,2,25,SimpleAugmentingMatcher,-1,na,matching_size,4
U0,4,2,25,HopcroftKarpMatcher,0,na,paths_found_per_phase,4
U0,4,2,25,HopcroftKarpMatcher,0,na,bfs_edges_visited,16
U0,4,2,25,HopcroftKarpMatcher,0,na,dfs_edges_visited,10
U0,4,2,25,HopcroftKarpMatcher,0,na,defect_at_iteration,0
U0,4,2,25,HopcroftKarpMatcher,-1,na,phase_count,1
U0,4,2,25,HopcroftKarpMatcher,-1,na,main_loop_iters,1
U0,4,2,25,HopcroftKarpMatcher,-1,na,total_bfs_edges_visited,16
U0,4,2,25,HopcroftKarpMatcher,-1,na,total_edges_visited,26
U0,4,2,25,HopcroftKarpMatcher,-1,na,matching_size,4
U0,4,2,25,HopcroftKarpMatcher,-1,na,wall_clock_ms,0.006601
U0,4,2,25,HopcroftKarpMatcher,-1,na,matching_size,4
U0,2,2,9,Oracle,-1,na,oracle_size,2
U0,2,2,9,SimpleAugmentingMatcher,-1,na,wall_clock_ms,0.000397
U0,2,2,9,SimpleAugmentingMatcher,-1,na,matching_size,2
U0,2,2,9,HopcroftKarpMatcher,0,na,paths_found_per_phase,2
U0,2,2,9,HopcroftKarpMatcher,0,na,bfs_edges_visited,4
U0,2,2,9,HopcroftKarpMatcher,0,na,dfs_edges_visited,3
U0,2,2,9,HopcroftKarpMatcher,0,na,defect_at_iteration,0
U0,2,2,9,HopcroftKarpMatcher,-1,na,phase_count,1
U0,2,2,9,HopcroftKarpMatcher,-1,na,main_loop_iters,1
U0,2,2,9,HopcroftKarpMatcher,-1,na,total_bfs_edges_visited,4
U0,2,2,9,HopcroftKarpMatcher,-1,na,total_edges_visited,7
U0,2,2,9,HopcroftKarpMatcher,-1,na,matching_size,2
U0,2,2,9,HopcroftKarpMatcher,-1,na,wall_clock_ms,0.004329
U0,2,2,9,HopcroftKarpMatcher,-1,na,matching_size,2
U0,5,1,24,Oracle,-1,na,oracle_size,2
U0,5,1,24,SimpleAugmentingMatcher,-1,na,wall_clock_ms,0.000573
U0,5,1,24,SimpleAugmentingMatcher,-1,na,matching_size,2
U0,5,1,24,HopcroftKarpMatcher,0,na,paths_found_per_phase,2
U0,5,1,24,HopcroftKarpMatcher,0,na,bfs_edges_visited,5
U0,5,1,24,HopcroftKarpMatcher,0,na,dfs_edges_visited,2
U0,5,1,24,HopcroftKarpMatcher,0,na,defect_at_iteration,3
U0,5,1,24,HopcroftKarpMatcher,-1,na,phase_count,1
U0,5,1,24,HopcroftKarpMatcher,-1,na,main_loop_iters,1
U0,5,1,24,HopcroftKarpMatcher,-1,na,total_bfs_edges_visited,5
U0,5,1,24,HopcroftKarpMatcher,-1,na,total_edges_visited,7
U0,5,1,24,HopcroftKarpMatcher,-1,na,matching_size,2
U0,5,1,24,HopcroftKarpMatcher,-1,na,wall_clock_ms,0.005533
U0,5,1,24,HopcroftKarpMatcher,-1,na,matching_size,2
U0,6,2,16,Oracle,-1,na,oracle_size,6
U0,6,2,16,SimpleAugmentingMatcher,-1,na,wall_clock_ms,0.000943
U0,6,2,16,SimpleAugmentingMatcher,-1,na,matching_size,6
U0,6,2,16,HopcroftKarpMatcher,0,na,paths_found_per_phase,6
U0,6,2,16,HopcroftKarpMatcher,0,na,bfs_edges_visited,36
U0,6,2,16,HopcroftKarpMatcher,0,na,dfs_edges_visited,21
U0,6,2,16,HopcroftKarpMatcher,0,na,defect_at_iteration,0
U0,6,2,16,HopcroftKarpMatcher,-1,na,phase_count,1
U0,6,2,16,HopcroftKarpMatcher,-1,na,main_loop_iters,1
U0,6,2,16,HopcroftKarpMatcher,-1,na,total_bfs_edges_visited,36
U0,6,2,16,HopcroftKarpMatcher,-1,na,total_edges_visited,57
U0,6,2,16,HopcroftKarpMatcher,-1,na,matching_size,6
U0,6,2,16,HopcroftKarpMatcher,-1,na,wall_clock_ms,0.007392
U0,6,2,16,HopcroftKarpMatcher,-1,na,matching_size,6
U0,6,1,30,Oracle,-1,na,oracle_size,3
U0,6,1,30,SimpleAugmentingMatcher,-1,na,wall_clock_ms,0.000713
U0,6,1,30,SimpleAugmentingMatcher,-1,na,matching_size,3
U0,6,1,30,HopcroftKarpMatcher,0,na,paths_found_per_phase,3
U0,6,1,30,HopcroftKarpMatcher,0,na,bfs_edges_visited,6
U0,6,1,30,HopcroftKarpMatcher,0,na,dfs_edges_visited,4
U0,6,1,30,HopcroftKarpMatcher,0,na,defect_at_iteration,3
U0,6,1,30,HopcroftKarpMatcher,-1,na,phase_count,1
U0,6,1,30,HopcroftKarpMatcher,-1,na,main_loop_iters,1
U0,6,1,30,HopcroftKarpMatcher,-1,na,total_bfs_edges_visited,6
U0,6,1,30,HopcroftKarpMatcher,-1,na,total_edges_visited,10
U0,6,1,30,HopcroftKarpMatcher,-1,na,matching_size,3
U0,6,1,30,HopcroftKarpMatcher,-1,na,wall_clock_ms,0.006906
U0,6,1,30,HopcroftKarpMatcher,-1,na,matching_size,3
U0,5,1.5,42,Oracle,-1,na,oracle_size,4
U0,5,1.5,42,SimpleAugmentingMatcher,-1,na,wall_clock_ms,0.001086
U0,5,1.5,42,SimpleAugmentingMatcher,-1,na,matching_size,4
U0,5,1.5,42,HopcroftKarpMatcher,0,na,paths_found_per_phase,4
U0,5,1.5,42,HopcroftKarpMatcher,0,na,bfs_edges_visited,11
U0,5,1.5,42,HopcroftKarpMatcher,0,na,dfs_edges_visited,8
U0,5,1.5,42,HopcroftKarpMatcher,0,na,defect_at_iteration,1
U0,5,1.5,42,HopcroftKarpMatcher,-1,na,phase_count,1
U0,5,1.5,42,HopcroftKarpMatcher,-1,na,main_loop_iters,1
U0,5,1.5,42,HopcroftKarpMatcher,-1,na,total_bfs_edges_visited,11
U0,5,1.5,42,HopcroftKarpMatcher,-1,na,total_edges_visited,19
U0,5,1.5,42,HopcroftKarpMatcher,-1,na,matching_size,4
U0,5,1.5,42,HopcroftKarpMatcher,-1,na,wall_clock_ms,0.007529
U0,5,1.5,42,HopcroftKarpMatcher,-1,na,matching_size,4
U0,6,1,36,Oracle,-1,na,oracle_size,4
U0,6,1,36,SimpleAugmentingMatcher,-1,na,wall_clock_ms,0.000694
U0,6,1,36,SimpleAugmentingMatcher,-1,na,matching_size,4
U0,6,1,36,HopcroftKarpMatcher,0,na,paths_found_per_phase,3
U0,6,1,36,HopcroftKarpMatcher,0,na,bfs_edges_visited,6
U0,6,1,36,HopcroftKarpMatcher,0,na,dfs_edges_visited,5
U0,6,1,36,HopcroftKarpMatcher,0,na,defect_at_iteration,3
U0,6,1,36,HopcroftKarpMatcher,1,na,paths_found_per_phase,1
U0,6,1,36,HopcroftKarpMatcher,1,na,bfs_edges_visited,3
U0,6,1,36,HopcroftKarpMatcher,1,na,dfs_edges_visited,3
U0,6,1,36,HopcroftKarpMatcher,1,na,defect_at_iteration,2
U0,6,1,36,HopcroftKarpMatcher,-1,na,phase_count,2
U0,6,1,36,HopcroftKarpMatcher,-1,na,main_loop_iters,2
U0,6,1,36,HopcroftKarpMatcher,-1,na,total_bfs_edges_visited,9
U0,6,1,36,HopcroftKarpMatcher,-1,na,total_edges_visited,17
U0,6,1,36,HopcroftKarpMatcher,-1,na,matching_size,4
U0,6,1,36,HopcroftKarpMatcher,-1,na,wall_clock_ms,0.009235
U0,6,1,36,HopcroftKarpMatcher,-1,na,matching_size,4
U0,3,1,16,Oracle,-1,na,oracle_size,1
U0,3,1,16,SimpleAugmentingMatcher,-1,na,wall_clock_ms,0.000577
U0,3,1,16,SimpleAugmentingMatcher,-1,na,matching_size,1
U0,3,1,16,HopcroftKarpMatcher,0,na,paths_found_per_phase,1
U0,3,1,16,HopcroftKarpMatcher,0,na,bfs_edges_visited,3
U0,3,1,16,HopcroftKarpMatcher,0,na,dfs_edges_visited,3
U0,3,1,16,HopcroftKarpMatcher,0,na,defect_at_iteration,2
U0,3,1,16,HopcroftKarpMatcher,-1,na,phase_count,1
U0,3,1,16,HopcroftKarpMatcher,-1,na,main_loop_iters,1
U0,3,1,16,HopcroftKarpMatcher,-1,na,total_bfs_edges_visited,3
U0,3,1,16,HopcroftKarpMatcher,-1,na,total_edges_visited,6
U0,3,1,16,HopcroftKarpMatcher,-1,na,matching_size,1
U0,3,1,16,HopcroftKarpMatcher,-1,na,wall_clock_ms,0.006019
U0,3,1,16,HopcroftKarpMatcher,-1,na,matching_size,1
U0,5,1,22,Oracle,-1,na,oracle_size,3
U0,5,1,22,SimpleAugmentingMatcher,-1,na,wall_clock_ms,0.000707
U0,5,1,22,SimpleAugmentingMatcher,-1,na,matching_size,3
U0,5,1,22,HopcroftKarpMatcher,0,na,paths_found_per_phase,3
U0,5,1,22,HopcroftKarpMatcher,0,na,bfs_edges_visited,5
U0,5,1,22,HopcroftKarpMatcher,0,na,dfs_edges_visited,4
U0,5,1,22,HopcroftKarpMatcher,0,na,defect_at_iteration,2
U0,5,1,22,HopcroftKarpMatcher,-1,na,phase_count,1
U0,5,1,22,HopcroftKarpMatcher,-1,na,main_loop_iters,1
U0,5,1,22,HopcroftKarpMatcher,-1,na,total_bfs_edges_visited,5
U0,5,1,22,HopcroftKarpMatcher,-1,na,total_edges_visited,9
U0,5,1,22,HopcroftKarpMatcher,-1,na,matching_size,3
U0,5,1,22,HopcroftKarpMatcher,-1,na,wall_clock_ms,0.00665
U0,5,1,22,HopcroftKarpMatcher,-1,na,matching_size,3
U0,6,2,19,Oracle,-1,na,oracle_size,6
U0,6,2,19,SimpleAugmentingMatcher,-1,na,wall_clock_ms,0.000809
U0,6,2,19,SimpleAugmentingMatcher,-1,na,matching_size,6
U0,6,2,19,HopcroftKarpMatcher,0,na,paths_found_per_phase,6
U0,6,2,19,HopcroftKarpMatcher,0,na,bfs_edges_visited,36
U0,6,2,19,HopcroftKarpMatcher,0,na,dfs_edges_visited,21
U0,6,2,19,HopcroftKarpMatcher,0,na,defect_at_iteration,0
U0,6,2,19,HopcroftKarpMatcher,-1,na,phase_count,1
U0,6,2,19,HopcroftKarpMatcher,-1,na,main_loop_iters,1
U0,6,2,19,HopcroftKarpMatcher,-1,na,total_bfs_edges_visited,36
U0,6,2,19,HopcroftKarpMatcher,-1,na,total_edges_visited,57
U0,6,2,19,HopcroftKarpMatcher,-1,na,matching_size,6
U0,6,2,19,HopcroftKarpMatcher,-1,na,wall_clock_ms,0.006977
U0,6,2,19,HopcroftKarpMatcher,-1,na,matching_size,6
U0,4,1.5,46,Oracle,-1,na,oracle_size,4
U0,4,1.5,46,SimpleAugmentingMatcher,-1,na,wall_clock_ms,0.000503
U0,4,1.5,46,SimpleAugmentingMatcher,-1,na,matching_size,4
U0,4,1.5,46,HopcroftKarpMatcher,0,na,paths_found_per_phase,3
U0,4,1.5,46,HopcroftKarpMatcher,0,na,bfs_edges_visited,8
U0,4,1.5,46,HopcroftKarpMatcher,0,na,dfs_edges_visited,5
U0,4,1.5,46,HopcroftKarpMatcher,0,na,defect_at_iteration,1
U0,4,1.5,46,HopcroftKarpMatcher,1,na,paths_found_per_phase,1
U0,4,1.5,46,HopcroftKarpMatcher,1,na,bfs_edges_visited,5
U0,4,1.5,46,HopcroftKarpMatcher,1,na,dfs_edges_visited,3
U0,4,1.5,46,HopcroftKarpMatcher,1,na,defect_at_iteration,0
U0,4,1.5,46,HopcroftKarpMatcher,-1,na,phase_count,2
U0,4,1.5,46,HopcroftKarpMatcher,-1,na,main_loop_iters,2
U0,4,1.5,46,HopcroftKarpMatcher,-1,na,total_bfs_edges_visited,13
U0,4,1.5,46,HopcroftKarpMatcher,-1,na,total_edges_visited,21
U0,4,1.5,46,HopcroftKarpMatcher,-1,na,matching_size,4
U0,4,1.5,46,HopcroftKarpMatcher,-1,na,wall_clock_ms,0.00904
U0,4,1.5,46,HopcroftKarpMatcher,-1,na,matching_size,4
U0,4,1.5,3,Oracle,-1,na,oracle_size,3
U0,4,1.5,3,SimpleAugmentingMatcher,-1,na,wall_clock_ms,0.00067
U0,4,1.5,3,SimpleAugmentingMatcher,-1,na,matching_size,3
U0,4,1.5,3,HopcroftKarpMatcher,0,na,paths_found_per_phase,3
U0,4,1.5,3,HopcroftKarpMatcher,0,na,bfs_edges_visited,8
U0,4,1.5,3,HopcroftKarpMatcher,0,na,dfs_edges_visited,6
U0,4,1.5,3,HopcroftKarpMatcher,0,na,defect_at_iteration,1
U0,4,1.5,3,HopcroftKarpMatcher,-1,na,phase_count,1
U0,4,1.5,3,HopcroftKarpMatcher,-1,na,main_loop_iters,1
U0,4,1.5,3,HopcroftKarpMatcher,-1,na,total_bfs_edges_visited,8
U0,4,1.5,3,HopcroftKarpMatcher,-1,na,total_edges_visited,14
U0,4,1.5,3,HopcroftKarpMatcher,-1,na,matching_size,3
U0,4,1.5,3,HopcroftKarpMatcher,-1,na,wall_clock_ms,0.006572
U0,4,1.5,3,HopcroftKarpMatcher,-1,na,matching_size,3
U0,4,1.5,25,Oracle,-1,na,oracle_size,4
U0,4,1.5,25,SimpleAugmentingMatcher,-1,na,wall_clock_ms,0.000818
U0,4,1.5,25,SimpleAugmentingMatcher,-1,na,matching_size,4
U0,4,1.5,25,HopcroftKarpMatcher,0,na,paths_found_per_phase,4
U0,4,1.5,25,HopcroftKarpMatcher,0,na,bfs_edges_visited,8
U0,4,1.5,25,HopcroftKarpMatcher,0,na,dfs_edges_visited,5
U0,4,1.5,25,HopcroftKarpMatcher,0,na,defect_at_iteration,0
U0,4,1.5,25,HopcroftKarpMatcher,-1,na,phase_count,1
U0,4,1.5,25,HopcroftKarpMatcher,-1,na,main_loop_iters,1
U0,4,1.5,25,HopcroftKarpMatcher,-1,na,total_bfs_edges_visited,8
U0,4,1.5,25,HopcroftKarpMatcher,-1,na,total_edges_visited,13
U0,4,1.5,25,HopcroftKarpMatcher,-1,na,matching_size,4
U0,4,1.5,25,HopcroftKarpMatcher,-1,na,wall_clock_ms,0.006695
U0,4,1.5,25,HopcroftKarpMatcher,-1,na,matching_size,4
U0,5,2,30,Oracle,-1,na,oracle_size,5
U0,5,2,30,SimpleAugmentingMatcher,-1,na,wall_clock_ms,0.000764
U0,5,2,30,SimpleAugmentingMatcher,-1,na,matching_size,5
U0,5,2,30,HopcroftKarpMatcher,0,na,paths_found_per_phase,5
U0,5,2,30,HopcroftKarpMatcher,0,na,bfs_edges_visited,25
U0,5,2,30,HopcroftKarpMatcher,0,na,dfs_edges_visited,15
U0,5,2,30,HopcroftKarpMatcher,0,na,defect_at_iteration,0
U0,5,2,30,HopcroftKarpMatcher,-1,na,phase_count,1
U0,5,2,30,HopcroftKarpMatcher,-1,na,main_loop_iters,1
U0,5,2,30,HopcroftKarpMatcher,-1,na,total_bfs_edges_visited,25
U0,5,2,30,HopcroftKarpMatcher,-1,na,total_edges_visited,40
U0,5,2,30,HopcroftKarpMatcher,-1,na,matching_size,5
U0,5,2,30,HopcroftKarpMatcher,-1,na,wall_clock_ms,0.007171
U0,5,2,30,HopcroftKarpMatcher,-1,na,matching_size,5
U0,2,1,4,Oracle,-1,na,oracle_size,1
U0,2,1,4,SimpleAugmentingMatcher,-1,na,wall_clock_ms,0.000665
U0,2,1,4,SimpleAugmentingMatcher,-1,na,matching_size,1
U0,2,1,4,HopcroftKarpMatcher,0,na,paths_found_per_phase,1
U0,2,1,4,HopcroftKarpMatcher,0,na,bfs_edges_visited,2
U0,2,1,4,HopcroftKarpMatcher,0,na,dfs_edges_visited,2
U0,2,1,4,HopcroftKarpMatcher,0,na,defect_at_iteration,1
U0,2,1,4,HopcroftKarpMatcher,-1,na,phase_count,1
U0,2,1,4,HopcroftKarpMatcher,-1,na,main_loop_iters,1
U0,2,1,4,HopcroftKarpMatcher,-1,na,total_bfs_edges_visited,2
U0,2,1,4,HopcroftKarpMatcher,-1,na,total_edges_visited,4
U0,2,1,4,HopcroftKarpMatcher,-1,na,matching_size,1
U0,2,1,4,HopcroftKarpMatcher,-1,na,wall_clock_ms,0.006368
U0,2,1,4,HopcroftKarpMatcher,-1,na,matching_size,1
U0,3,1.5,40,Oracle,-1,na,oracle_size,3
U0,3,1.5,40,SimpleAugmentingMatcher,-1,na,wall_clock_ms,0.000612
U0,3,1.5,40,SimpleAugmentingMatcher,-1,na,matching_size,3
U0,3,1.5,40,HopcroftKarpMatcher,0,na,paths_found_per_phase,3
U0,3,1.5,40,HopcroftKarpMatcher,0,na,bfs_edges_visited,5
U0,3,1.5,40,HopcroftKarpMatcher,0,na,dfs_edges_visited,4
U0,3,1.5,40,HopcroftKarpMatcher,0,na,defect_at_iteration,0
U0,3,1.5,40,HopcroftKarpMatcher,-1,na,phase_count,1
U0,3,1.5,40,HopcroftKarpMatcher,-1,na,main_loop_iters,1
U0,3,1.5,40,HopcroftKarpMatcher,-1,na,total_bfs_edges_visited,5
U0,3,1.5,40,HopcroftKarpMatcher,-1,na,total_edges_visited,9
U0,3,1.5,40,HopcroftKarpMatcher,-1,na,matching_size,3
U0,3,1.5,40,HopcroftKarpMatcher,-1,na,wall_clock_ms,0.005888
U0,3,1.5,40,HopcroftKarpMatcher,-1,na,matching_size,3
U0,2,1.5,5,Oracle,-1,na,oracle_size,1
U0,2,1.5,5,SimpleAugmentingMatcher,-1,na,wall_clock_ms,0.000486
U0,2,1.5,5,SimpleAugmentingMatcher,-1,na,matching_size,1
U0,2,1.5,5,HopcroftKarpMatcher,0,na,paths_found_per_phase,1
U0,2,1.5,5,HopcroftKarpMatcher,0,na,bfs_edges_visited,2
U0,2,1.5,5,HopcroftKarpMatcher,0,na,dfs_edges_visited,2
U0,2,1.5,5,HopcroftKarpMatcher,0,na,defect_at_iteration,1
U0,2,1.5,5,HopcroftKarpMatcher,-1,na,phase_count,1
U0,2,1.5,5,HopcroftKarpMatcher,-1,na,main_loop_iters,1
U0,2,1.5,5,HopcroftKarpMatcher,-1,na,total_bfs_edges_visited,2
U0,2,1.5,5,HopcroftKarpMatcher,-1,na,total_edges_visited,4
U0,2,1.5,5,HopcroftKarpMatcher,-1,na,matching_size,1
U0,2,1.5,5,HopcroftKarpMatcher,-1,na,wall_clock_ms,0.005771
U0,2,1.5,5,HopcroftKarpMatcher,-1,na,matching_size,1
U0,2,1.5,31,Oracle,-1,na,oracle_size,1
U0,2,1.5,31,SimpleAugmentingMatcher,-1,na,wall_clock_ms,0.000473
U0,2,1.5,31,SimpleAugmentingMatcher,-1,na,matching_size,1
U0,2,1.5,31,HopcroftKarpMatcher,0,na,paths_found_per_phase,1
U0,2,1.5,31,HopcroftKarpMatcher,0,na,bfs_edges_visited,2
U0,2,1.5,31,HopcroftKarpMatcher,0,na,dfs_edges_visited,2
U0,2,1.5,31,HopcroftKarpMatcher,0,na,defect_at_iteration,1
U0,2,1.5,31,HopcroftKarpMatcher,-1,na,phase_count,1
U0,2,1.5,31,HopcroftKarpMatcher,-1,na,main_loop_iters,1
U0,2,1.5,31,HopcroftKarpMatcher,-1,na,total_bfs_edges_visited,2
U0,2,1.5,31,HopcroftKarpMatcher,-1,na,total_edges_visited,4
U0,2,1.5,31,HopcroftKarpMatcher,-1,na,matching_size,1
U0,2,1.5,31,HopcroftKarpMatcher,-1,na,wall_clock_ms,0.005884
U0,2,1.5,31,HopcroftKarpMatcher,-1,na,matching_size,1
U0,5,1,14,Oracle,-1,na,oracle_size,4
U0,5,1,14,SimpleAugmentingMatcher,-1,na,wall_clock_ms,0.000677
U0,5,1,14,SimpleAugmentingMatcher,-1,na,matching_size,4
U0,5,1,14,HopcroftKarpMatcher,0,na,paths_found_per_phase,4
U0,5,1,14,HopcroftKarpMatcher,0,na,bfs_edges_visited,5
U0,5,1,14,HopcroftKarpMatcher,0,na,dfs_edges_visited,5
U0,5,1,14,HopcroftKarpMatcher,0,na,defect_at_iteration,1
U0,5,1,14,HopcroftKarpMatcher,-1,na,phase_count,1
U0,5,1,14,HopcroftKarpMatcher,-1,na,main_loop_iters,1
U0,5,1,14,HopcroftKarpMatcher,-1,na,total_bfs_edges_visited,5
U0,5,1,14,HopcroftKarpMatcher,-1,na,total_edges_visited,10
U0,5,1,14,HopcroftKarpMatcher,-1,na,matching_size,4
U0,5,1,14,HopcroftKarpMatcher,-1,na,wall_clock_ms,0.006885
U0,5,1,14,HopcroftKarpMatcher,-1,na,matching_size,4
U0,5,2,27,Oracle,-1,na,oracle_size,5
U0,5,2,27,SimpleAugmentingMatcher,-1,na,wall_clock_ms,0.000805
U0,5,2,27,SimpleAugmentingMatcher,-1,na,matching_size,5
U0,5,2,27,HopcroftKarpMatcher,0,na,paths_found_per_phase,5
U0,5,2,27,HopcroftKarpMatcher,0,na,bfs_edges_visited,25
U0,5,2,27,HopcroftKarpMatcher,0,na,dfs_edges_visited,15
U0,5,2,27,HopcroftKarpMatcher,0,na,defect_at_iteration,0
U0,5,2,27,HopcroftKarpMatcher,-1,na,phase_count,1
U0,5,2,27,HopcroftKarpMatcher,-1,na,main_loop_iters,1
U0,5,2,27,HopcroftKarpMatcher,-1,na,total_bfs_edges_visited,25
U0,5,2,27,HopcroftKarpMatcher,-1,na,total_edges_visited,40
U0,5,2,27,HopcroftKarpMatcher,-1,na,matching_size,5
U0,5,2,27,HopcroftKarpMatcher,-1,na,wall_clock_ms,0.006628
U0,5,2,27,HopcroftKarpMatcher,-1,na,matching_size,5
U0,2,1.5,27,Oracle,-1,na,oracle_size,1
U0,2,1.5,27,SimpleAugmentingMatcher,-1,na,wall_clock_ms,0.000537
U0,2,1.5,27,SimpleAugmentingMatcher,-1,na,matching_size,1
U0,2,1.5,27,HopcroftKarpMatcher,0,na,paths_found_per_phase,1
U0,2,1.5,27,HopcroftKarpMatcher,0,na,bfs_edges_visited,2
U0,2,1.5,27,HopcroftKarpMatcher,0,na,dfs_edges_visited,1
U0,2,1.5,27,HopcroftKarpMatcher,0,na,defect_at_iteration,1
U0,2,1.5,27,HopcroftKarpMatcher,-1,na,phase_count,1
U0,2,1.5,27,HopcroftKarpMatcher,-1,na,main_loop_iters,1
U0,2,1.5,27,HopcroftKarpMatcher,-1,na,total_bfs_edges_visited,2
U0,2,1.5,27,HopcroftKarpMatcher,-1,na,total_edges_visited,3
U0,2,1.5,27,HopcroftKarpMatcher,-1,na,matching_size,1
U0,2,1.5,27,HopcroftKarpMatcher,-1,na,wall_clock_ms,0.006363
U0,2,1.5,27,HopcroftKarpMatcher,-1,na,matching_size,1
U0,6,2,42,Oracle,-1,na,oracle_size,6
U0,6,2,42,SimpleAugmentingMatcher,-1,na,wall_clock_ms,0.000874
U0,6,2,42,SimpleAugmentingMatcher,-1,na,matching_size,6
U0,6,2,42,HopcroftKarpMatcher,0,na,paths_found_per_phase,6
U0,6,2,42,HopcroftKarpMatcher,0,na,bfs_edges_visited,36
U0,6,2,42,HopcroftKarpMatcher,0,na,dfs_edges_visited,21
U0,6,2,42,HopcroftKarpMatcher,0,na,defect_at_iteration,0
U0,6,2,42,HopcroftKarpMatcher,-1,na,phase_count,1
U0,6,2,42,HopcroftKarpMatcher,-1,na,main_loop_iters,1
U0,6,2,42,HopcroftKarpMatcher,-1,na,total_bfs_edges_visited,36
U0,6,2,42,HopcroftKarpMatcher,-1,na,total_edges_visited,57
U0,6,2,42,HopcroftKarpMatcher,-1,na,matching_size,6
U0,6,2,42,HopcroftKarpMatcher,-1,na,wall_clock_ms,0.007036
U0,6,2,42,HopcroftKarpMatcher,-1,na,matching_size,6
U0,6,1.5,16,Oracle,-1,na,oracle_size,6
U0,6,1.5,16,SimpleAugmentingMatcher,-1,na,wall_clock_ms,0.000927
U0,6,1.5,16,SimpleAugmentingMatcher,-1,na,matching_size,6
U0,6,1.5,16,HopcroftKarpMatcher,0,na,paths_found_per_phase,5
U0,6,1.5,16,HopcroftKarpMatcher,0,na,bfs_edges_visited,14
U0,6,1.5,16,HopcroftKarpMatcher,0,na,dfs_edges_visited,8
U0,6,1.5,16,HopcroftKarpMatcher,0,na,defect_at_iteration,1
U0,6,1.5,16,HopcroftKarpMatcher,1,na,paths_found_per_phase,1
U0,6,1.5,16,HopcroftKarpMatcher,1,na,bfs_edges_visited,9
U0,6,1.5,16,HopcroftKarpMatcher,1,na,dfs_edges_visited,5
U0,6,1.5,16,HopcroftKarpMatcher,1,na,defect_at_iteration,0
U0,6,1.5,16,HopcroftKarpMatcher,-1,na,phase_count,2
U0,6,1.5,16,HopcroftKarpMatcher,-1,na,main_loop_iters,2
U0,6,1.5,16,HopcroftKarpMatcher,-1,na,total_bfs_edges_visited,23
U0,6,1.5,16,HopcroftKarpMatcher,-1,na,total_edges_visited,36
U0,6,1.5,16,HopcroftKarpMatcher,-1,na,matching_size,6
U0,6,1.5,16,HopcroftKarpMatcher,-1,na,wall_clock_ms,0.009527
U0,6,1.5,16,HopcroftKarpMatcher,-1,na,matching_size,6
U0,5,1.5,11,Oracle,-1,na,oracle_size,4
U0,5,1.5,11,SimpleAugmentingMatcher,-1,na,wall_clock_ms,0.000717
U0,5,1.5,11,SimpleAugmentingMatcher,-1,na,matching_size,4
U0,5,1.5,11,HopcroftKarpMatcher,0,na,paths_found_per_phase,4
U0,5,1.5,11,HopcroftKarpMatcher,0,na,bfs_edges_visited,11
U0,5,1.5,11,HopcroftKarpMatcher,0,na,dfs_edges_visited,8
U0,5,1.5,11,HopcroftKarpMatcher,0,na,defect_at_iteration,1
U0,5,1.5,11,HopcroftKarpMatcher,-1,na,phase_count,1
U0,5,1.5,11,HopcroftKarpMatcher,-1,na,main_loop_iters,1
U0,5,1.5,11,HopcroftKarpMatcher,-1,na,total_bfs_edges_visited,11
U0,5,1.5,11,HopcroftKarpMatcher,-1,na,total_edges_visited,19
U0,5,1.5,11,HopcroftKarpMatcher,-1,na,matching_size,4
U0,5,1.5,11,HopcroftKarpMatcher,-1,na,wall_clock_ms,0.006997
U0,5,1.5,11,HopcroftKarpMatcher,-1,na,matching_size,4
U0,5,1.5,19,Oracle,-1,na,oracle_size,4
U0,5,1.5,19,SimpleAugmentingMatcher,-1,na,wall_clock_ms,0.000846
U0,5,1.5,19,SimpleAugmentingMatcher,-1,na,matching_size,4
U0,5,1.5,19,HopcroftKarpMatcher,0,na,paths_found_per_phase,4
U0,5,1.5,19,HopcroftKarpMatcher,0,na,bfs_edges_visited,11
U0,5,1.5,19,HopcroftKarpMatcher,0,na,dfs_edges_visited,6
U0,5,1.5,19,HopcroftKarpMatcher,0,na,defect_at_iteration,1
U0,5,1.5,19,HopcroftKarpMatcher,-1,na,phase_count,1
U0,5,1.5,19,HopcroftKarpMatcher,-1,na,main_loop_iters,1
U0,5,1.5,19,HopcroftKarpMatcher,-1,na,total_bfs_edges_visited,11
U0,5,1.5,19,HopcroftKarpMatcher,-1,na,total_edges_visited,17
U0,5,1.5,19,HopcroftKarpMatcher,-1,na,matching_size,4
U0,5,1.5,19,HopcroftKarpMatcher,-1,na,wall_clock_ms,0.005311
U0,5,1.5,19,HopcroftKarpMatcher,-1,na,matching_size,4
U0,2,1,27,Oracle,-1,na,oracle_size,1
U0,2,1,27,SimpleAugmentingMatcher,-1,na,wall_clock_ms,0.00061
U0,2,1,27,SimpleAugmentingMatcher,-1,na,matching_size,1
U0,2,1,27,HopcroftKarpMatcher,0,na,paths_found_per_phase,1
U0,2,1,27,HopcroftKarpMatcher,0,na,bfs_edges_visited,2
U0,2,1,27,HopcroftKarpMatcher,0,na,dfs_edges_visited,1
U0,2,1,27,HopcroftKarpMatcher,0,na,defect_at_iteration,1
U0,2,1,27,HopcroftKarpMatcher,-1,na,phase_count,1
U0,2,1,27,HopcroftKarpMatcher,-1,na,main_loop_iters,1
U0,2,1,27,HopcroftKarpMatcher,-1,na,total_bfs_edges_visited,2
U0,2,1,27,HopcroftKarpMatcher,-1,na,total_edges_visited,3
U0,2,1,27,HopcroftKarpMatcher,-1,na,matching_size,1
U0,2,1,27,HopcroftKarpMatcher,-1,na,wall_clock_ms,0.006251
U0,2,1,27,HopcroftKarpMatcher,-1,na,matching_size,1
U0,3,1,26,Oracle,-1,na,oracle_size,2
U0,3,1,26,SimpleAugmentingMatcher,-1,na,wall_clock_ms,0.000628
U0,3,1,26,SimpleAugmentingMatcher,-1,na,matching_size,2
U0,3,1,26,HopcroftKarpMatcher,0,na,paths_found_per_phase,2
U0,3,1,26,HopcroftKarpMatcher,0,na,bfs_edges_visited,3
U0,3,1,26,HopcroftKarpMatcher,0,na,dfs_edges_visited,3
U0,3,1,26,HopcroftKarpMatcher,0,na,defect_at_iteration,1
U0,3,1,26,HopcroftKarpMatcher,-1,na,phase_count,1
U0,3,1,26,HopcroftKarpMatcher,-1,na,main_loop_iters,1
U0,3,1,26,HopcroftKarpMatcher,-1,na,total_bfs_edges_visited,3
U0,3,1,26,HopcroftKarpMatcher,-1,na,total_edges_visited,6
U0,3,1,26,HopcroftKarpMatcher,-1,na,matching_size,2
U0,3,1,26,HopcroftKarpMatcher,-1,na,wall_clock_ms,0.006304
U0,3,1,26,HopcroftKarpMatcher,-1,na,matching_size,2
U0,3,1,30,Oracle,-1,na,oracle_size,2
U0,3,1,30,SimpleAugmentingMatcher,-1,na,wall_clock_ms,0.000543
U0,3,1,30,SimpleAugmentingMatcher,-1,na,matching_size,2
U0,3,1,30,HopcroftKarpMatcher,0,na,paths_found_per_phase,2
U0,3,1,30,HopcroftKarpMatcher,0,na,bfs_edges_visited,3
U0,3,1,30,HopcroftKarpMatcher,0,na,dfs_edges_visited,3
U0,3,1,30,HopcroftKarpMatcher,0,na,defect_at_iteration,1
U0,3,1,30,HopcroftKarpMatcher,-1,na,phase_count,1
U0,3,1,30,HopcroftKarpMatcher,-1,na,main_loop_iters,1
U0,3,1,30,HopcroftKarpMatcher,-1,na,total_bfs_edges_visited,3
U0,3,1,30,HopcroftKarpMatcher,-1,na,total_edges_visited,6
U0,3,1,30,HopcroftKarpMatcher,-1,na,matching_size,2
U0,3,1,30,HopcroftKarpMatcher,-1,na,wall_clock_ms,0.005836
U0,3,1,30,HopcroftKarpMatcher,-1,na,matching_size,2
U0,6,1,1,Oracle,-1,na,oracle_size,4
U0,6,1,1,SimpleAugmentingMatcher,-1,na,wall_clock_ms,0.000747
U0,6,1,1,SimpleAugmentingMatcher,-1,na,matching_size,4
U0,6,1,1,HopcroftKarpMatcher,0,na,paths_found_per_phase,3
U0,6,1,1,HopcroftKarpMatcher,0,na,bfs_edges_visited,6
U0,6,1,1,HopcroftKarpMatcher,0,na,dfs_edges_visited,5
U0,6,1,1,HopcroftKarpMatcher,0,na,defect_at_iteration,3
U0,6,1,1,HopcroftKarpMatcher,1,na,paths_found_per_phase,1
U0,6,1,1,HopcroftKarpMatcher,1,na,bfs_edges_visited,3
U0,6,1,1,HopcroftKarpMatcher,1,na,dfs_edges_visited,3
U0,6,1,1,HopcroftKarpMatcher,1,na,defect_at_iteration,2
U0,6,1,1,HopcroftKarpMatcher,-1,na,phase_count,2
U0,6,1,1,HopcroftKarpMatcher,-1,na,main_loop_iters,2
U0,6,1,1,HopcroftKarpMatcher,-1,na,total_bfs_edges_visited,9
U0,6,1,1,HopcroftKarpMatcher,-1,na,total_edges_visited,17
U0,6,1,1,HopcroftKarpMatcher,-1,na,matching_size,4
U0,6,1,1,HopcroftKarpMatcher,-1,na,wall_clock_ms,0.009296
U0,6,1,1,HopcroftKarpMatcher,-1,na,matching_size,4
U0,5,2,28,Oracle,-1,na,oracle_size,5
U0,5,2,28,SimpleAugmentingMatcher,-1,na,wall_clock_ms,0.000798
U0,5,2,28,SimpleAugmentingMatcher,-1,na,matching_size,5
U0,5,2,28,HopcroftKarpMatcher,0,na,paths_found_per_phase,5
U0,5,2,28,HopcroftKarpMatcher,0,na,bfs_edges_visited,25
U0,5,2,28,HopcroftKarpMatcher,0,na,dfs_edges_visited,15
U0,5,2,28,HopcroftKarpMatcher,0,na,defect_at_iteration,0
U0,5,2,28,HopcroftKarpMatcher,-1,na,phase_count,1
U0,5,2,28,HopcroftKarpMatcher,-1,na,main_loop_iters,1
U0,5,2,28,HopcroftKarpMatcher,-1,na,total_bfs_edges_visited,25
U0,5,2,28,HopcroftKarpMatcher,-1,na,total_edges_visited,40
U0,5,2,28,HopcroftKarpMatcher,-1,na,matching_size,5
U0,5,2,28,HopcroftKarpMatcher,-1,na,wall_clock_ms,0.00662
U0,5,2,28,HopcroftKarpMatcher,-1,na,matching_size,5
U0,4,2,23,Oracle,-1,na,oracle_size,4
U0,4,2,23,SimpleAugmentingMatcher,-1,na,wall_clock_ms,0.000747
U0,4,2,23,SimpleAugmentingMatcher,-1,na,matching_size,4
U0,4,2,23,HopcroftKarpMatcher,0,na,paths_found_per_phase,4
U0,4,2,23,HopcroftKarpMatcher,0,na,bfs_edges_visited,16
U0,4,2,23,HopcroftKarpMatcher,0,na,dfs_edges_visited,10
U0,4,2,23,HopcroftKarpMatcher,0,na,defect_at_iteration,0
U0,4,2,23,HopcroftKarpMatcher,-1,na,phase_count,1
U0,4,2,23,HopcroftKarpMatcher,-1,na,main_loop_iters,1
U0,4,2,23,HopcroftKarpMatcher,-1,na,total_bfs_edges_visited,16
U0,4,2,23,HopcroftKarpMatcher,-1,na,total_edges_visited,26
U0,4,2,23,HopcroftKarpMatcher,-1,na,matching_size,4
U0,4,2,23,HopcroftKarpMatcher,-1,na,wall_clock_ms,0.006805
U0,4,2,23,HopcroftKarpMatcher,-1,na,matching_size,4
U0,5,2,18,Oracle,-1,na,oracle_size,5
U0,5,2,18,SimpleAugmentingMatcher,-1,na,wall_clock_ms,0.000756
U0,5,2,18,SimpleAugmentingMatcher,-1,na,matching_size,5
U0,5,2,18,HopcroftKarpMatcher,0,na,paths_found_per_phase,5
U0,5,2,18,HopcroftKarpMatcher,0,na,bfs_edges_visited,25
U0,5,2,18,HopcroftKarpMatcher,0,na,dfs_edges_visited,15
U0,5,2,18,HopcroftKarpMatcher,0,na,defect_at_iteration,0
U0,5,2,18,HopcroftKarpMatcher,-1,na,phase_count,1
U0,5,2,18,HopcroftKarpMatcher,-1,na,main_loop_iters,1
U0,5,2,18,HopcroftKarpMatcher,-1,na,total_bfs_edges_visited,25
U0,5,2,18,HopcroftKarpMatcher,-1,na,total_edges_visited,40
U0,5,2,18,HopcroftKarpMatcher,-1,na,matching_size,5
U0,5,2,18,HopcroftKarpMatcher,-1,na,wall_clock_ms,0.006997
U0,5,2,18,HopcroftKarpMatcher,-1,na,matching_size,5
U0,3,1.5,29,Oracle,-1,na,oracle_size,3
U0,3,1.5,29,SimpleAugmentingMatcher,-1,na,wall_clock_ms,0.000505
U0,3,1.5,29,SimpleAugmentingMatcher,-1,na,matching_size,3
U0,3,1.5,29,HopcroftKarpMatcher,0,na,paths_found_per_phase,2
U0,3,1.5,29,HopcroftKarpMatcher,0,na,bfs_edges_visited,5
U0,3,1.5,29,HopcroftKarpMatcher,0,na,dfs_edges_visited,4
U0,3,1.5,29,HopcroftKarpMatcher,0,na,defect_at_iteration,1
U0,3,1.5,29,HopcroftKarpMatcher,1,na,paths_found_per_phase,1
U0,3,1.5,29,HopcroftKarpMatcher,1,na,bfs_edges_visited,5
U0,3,1.5,29,HopcroftKarpMatcher,1,na,dfs_edges_visited,4
U0,3,1.5,29,HopcroftKarpMatcher,1,na,defect_at_iteration,0
U0,3,1.5,29,HopcroftKarpMatcher,-1,na,phase_count,2
U0,3,1.5,29,HopcroftKarpMatcher,-1,na,main_loop_iters,2
U0,3,1.5,29,HopcroftKarpMatcher,-1,na,total_bfs_edges_visited,10
U0,3,1.5,29,HopcroftKarpMatcher,-1,na,total_edges_visited,18
U0,3,1.5,29,HopcroftKarpMatcher,-1,na,matching_size,3
U0,3,1.5,29,HopcroftKarpMatcher,-1,na,wall_clock_ms,0.009002
U0,3,1.5,29,HopcroftKarpMatcher,-1,na,matching_size,3
U0,6,2,6,Oracle,-1,na,oracle_size,6
U0,6,2,6,SimpleAugmentingMatcher,-1,na,wall_clock_ms,0.000953
U0,6,2,6,SimpleAugmentingMatcher,-1,na,matching_size,6
U0,6,2,6,HopcroftKarpMatcher,0,na,paths_found_per_phase,6
U0,6,2,6,HopcroftKarpMatcher,0,na,bfs_edges_visited,36
U0,6,2,6,HopcroftKarpMatcher,0,na,dfs_edges_visited,21
U0,6,2,6,HopcroftKarpMatcher,0,na,defect_at_iteration,0
U0,6,2,6,HopcroftKarpMatcher,-1,na,phase_count,1
U0,6,2,6,HopcroftKarpMatcher,-1,na,main_loop_iters,1
U0,6,2,6,HopcroftKarpMatcher,-1,na,total_bfs_edges_visited,36
U0,6,2,6,HopcroftKarpMatcher,-1,na,total_edges_visited,57
U0,6,2,6,HopcroftKarpMatcher,-1,na,matching_size,6
U0,6,2,6,HopcroftKarpMatcher,-1,na,wall_clock_ms,0.007066
U0,6,2,6,HopcroftKarpMatcher,-1,na,matching_size,6
U0,6,2,35,Oracle,-1,na,oracle_size,6
U0,6,2,35,SimpleAugmentingMatcher,-1,na,wall_clock_ms,0.001102
U0,6,2,35,SimpleAugmentingMatcher,-1,na,matching_size,6
U0,6,2,35,HopcroftKarpMatcher,0,na,paths_found_per_phase,6
U0,6,2,35,HopcroftKarpMatcher,0,na,bfs_edges_visited,36
U0,6,2,35,HopcroftKarpMatcher,0,na,dfs_edges_visited,21
U0,6,2,35,HopcroftKarpMatcher,0,na,defect_at_iteration,0
U0,6,2,35,HopcroftKarpMatcher,-1,na,phase_count,1
U0,6,2,35,HopcroftKarpMatcher,-1,na,main_loop_iters,1
U0,6,2,35,HopcroftKarpMatcher,-1,na,total_bfs_edges_visited,36
U0,6,2,35,HopcroftKarpMatcher,-1,na,total_edges_visited,57
U0,6,2,35,HopcroftKarpMatcher,-1,na,matching_size,6
U0,6,2,35,HopcroftKarpMatcher,-1,na,wall_clock_ms,0.007563
U0,6,2,35,HopcroftKarpMatcher,-1,na,matching_size,6
U0,5,1.5,13,Oracle,-1,na,oracle_size,5
U0,5,1.5,13,SimpleAugmentingMatcher,-1,na,wall_clock_ms,0.000706
U0,5,1.5,13,SimpleAugmentingMatcher,-1,na,matching_size,5
U0,5,1.5,13,HopcroftKarpMatcher,0,na,paths_found_per_phase,4
U0,5,1.5,13,HopcroftKarpMatcher,0,na,bfs_edges_visited,11
U0,5,1.5,13,HopcroftKarpMatcher,0,na,dfs_edges_visited,8
U0,5,1.5,13,HopcroftKarpMatcher,0,na,defect_at_iteration,1
U0,5,1.5,13,HopcroftKarpMatcher,1,na,paths_found_per_phase,1
U0,5,1.5,13,HopcroftKarpMatcher,1,na,bfs_edges_visited,8
U0,5,1.5,13,HopcroftKarpMatcher,1,na,dfs_edges_visited,4
U0,5,1.5,13,HopcroftKarpMatcher,1,na,defect_at_iteration,0
U0,5,1.5,13,HopcroftKarpMatcher,-1,na,phase_count,2
U0,5,1.5,13,HopcroftKarpMatcher,-1,na,main_loop_iters,2
U0,5,1.5,13,HopcroftKarpMatcher,-1,na,total_bfs_edges_visited,19
U0,5,1.5,13,HopcroftKarpMatcher,-1,na,total_edges_visited,31
U0,5,1.5,13,HopcroftKarpMatcher,-1,na,matching_size,5
U0,5,1.5,13,HopcroftKarpMatcher,-1,na,wall_clock_ms,0.009578
U0,5,1.5,13,HopcroftKarpMatcher,-1,na,matching_size,5
U0,5,1,39,Oracle,-1,na,oracle_size,3
U0,5,1,39,SimpleAugmentingMatcher,-1,na,wall_clock_ms,0.000755
U0,5,1,39,SimpleAugmentingMatcher,-1,na,matching_size,3
U0,5,1,39,HopcroftKarpMatcher,0,na,paths_found_per_phase,2
U0,5,1,39,HopcroftKarpMatcher,0,na,bfs_edges_visited,5
U0,5,1,39,HopcroftKarpMatcher,0,na,dfs_edges_visited,3
U0,5,1,39,HopcroftKarpMatcher,0,na,defect_at_iteration,3
U0,5,1,39,HopcroftKarpMatcher,1,na,paths_found_per_phase,1
U0,5,1,39,HopcroftKarpMatcher,1,na,bfs_edges_visited,3
U0,5,1,39,HopcroftKarpMatcher,1,na,dfs_edges_visited,3
U0,5,1,39,HopcroftKarpMatcher,1,na,defect_at_iteration,2
U0,5,1,39,HopcroftKarpMatcher,-1,na,phase_count,2
U0,5,1,39,HopcroftKarpMatcher,-1,na,main_loop_iters,2
U0,5,1,39,HopcroftKarpMatcher,-1,na,total_bfs_edges_visited,8
U0,5,1,39,HopcroftKarpMatcher,-1,na,total_edges_visited,14
U0,5,1,39,HopcroftKarpMatcher,-1,na,matching_size,3
U0,5,1,39,HopcroftKarpMatcher,-1,na,wall_clock_ms,0.009538
U0,5,1,39,HopcroftKarpMatcher,-1,na,matching_size,3
U0,4,2,24,Oracle,-1,na,oracle_size,4
U0,4,2,24,SimpleAugmentingMatcher,-1,na,wall_clock_ms,0.000655
U0,4,2,24,SimpleAugmentingMatcher,-1,na,matching_size,4
U0,4,2,24,HopcroftKarpMatcher,0,na,paths_found_per_phase,4
U0,4,2,24,HopcroftKarpMatcher,0,na,bfs_edges_visited,16
U0,4,2,24,HopcroftKarpMatcher,0,na,dfs_edges_visited,10
U0,4,2,24,HopcroftKarpMatcher,0,na,defect_at_iteration,0
U0,4,2,24,HopcroftKarpMatcher,-1,na,phase_count,1
U0,4,2,24,HopcroftKarpMatcher,-1,na,main_loop_iters,1
U0,4,2,24,HopcroftKarpMatcher,-1,na,total_bfs_edges_visited,16
U0,4,2,24,HopcroftKarpMatcher,-1,na,total_edges_visited,26
U0,4,2,24,HopcroftKarpMatcher,-1,na,matching_size,4
U0,4,2,24,HopcroftKarpMatcher,-1,na,wall_clock_ms,0.007298
U0,4,2,24,HopcroftKarpMatcher,-1,na,matching_size,4
U0,5,2,40,Oracle,-1,na,oracle_size,5
U0,5,2,40,SimpleAugmentingMatcher,-1,na,wall_clock_ms,0.00065
U0,5,2,40,SimpleAugmentingMatcher,-1,na,matching_size,5
U0,5,2,40,HopcroftKarpMatcher,0,na,paths_found_per_phase,5
U0,5,2,40,HopcroftKarpMatcher,0,na,bfs_edges_visited,25
U0,5,2,40,HopcroftKarpMatcher,0,na,dfs_edges_visited,15
U0,5,2,40,HopcroftKarpMatcher,0,na,defect_at_iteration,0
U0,5,2,40,HopcroftKarpMatcher,-1,na,phase_count,1
U0,5,2,40,HopcroftKarpMatcher,-1,na,main_loop_iters,1
U0,5,2,40,HopcroftKarpMatcher,-1,na,total_bfs_edges_visited,25
U0,5,2,40,HopcroftKarpMatcher,-1,na,total_edges_visited,40
U0,5,2,40,HopcroftKarpMatcher,-1,na,matching_size,5
U0,5,2,40,HopcroftKarpMatcher,-1,na,wall_clock_ms,0.005043
U0,5,2,40,HopcroftKarpMatcher,-1,na,matching_size,5
U0,3,2,3,Oracle,-1,na,oracle_size,3
U0,3,2,3,SimpleAugmentingMatcher,-1,na,wall_clock_ms,0.000566
U0,3,2,3,SimpleAugmentingMatcher,-1,na,matching_size,3
U0,3,2,3,HopcroftKarpMatcher,0,na,paths_found_per_phase,3
U0,3,2,3,HopcroftKarpMatcher,0,na,bfs_edges_visited,9
U0,3,2,3,HopcroftKarpMatcher,0,na,dfs_edges_visited,6
U0,3,2,3,HopcroftKarpMatcher,0,na,defect_at_iteration,0
U0,3,2,3,HopcroftKarpMatcher,-1,na,phase_count,1
U0,3,2,3,HopcroftKarpMatcher,-1,na,main_loop_iters,1
U0,3,2,3,HopcroftKarpMatcher,-1,na,total_bfs_edges_visited,9
U0,3,2,3,HopcroftKarpMatcher,-1,na,total_edges_visited,15
U0,3,2,3,HopcroftKarpMatcher,-1,na,matching_size,3
U0,3,2,3,HopcroftKarpMatcher,-1,na,wall_clock_ms,0.014406
U0,3,2,3,HopcroftKarpMatcher,-1,na,matching_size,3
U0,5,2,7,Oracle,-1,na,oracle_size,5
U0,5,2,7,SimpleAugmentingMatcher,-1,na,wall_clock_ms,0.000887
U0,5,2,7,SimpleAugmentingMatcher,-1,na,matching_size,5
U0,5,2,7,HopcroftKarpMatcher,0,na,paths_found_per_phase,5
U0,5,2,7,HopcroftKarpMatcher,0,na,bfs_edges_visited,25
U0,5,2,7,HopcroftKarpMatcher,0,na,dfs_edges_visited,15
U0,5,2,7,HopcroftKarpMatcher,0,na,defect_at_iteration,0
U0,5,2,7,HopcroftKarpMatcher,-1,na,phase_count,1
U0,5,2,7,HopcroftKarpMatcher,-1,na,main_loop_iters,1
U0,5,2,7,HopcroftKarpMatcher,-1,na,total_bfs_edges_visited,25
U0,5,2,7,HopcroftKarpMatcher,-1,na,total_edges_visited,40
U0,5,2,7,HopcroftKarpMatcher,-1,na,matching_size,5
U0,5,2,7,HopcroftKarpMatcher,-1,na,wall_clock_ms,0.00709
U0,5,2,7,HopcroftKarpMatcher,-1,na,matching_size,5
U0,2,2,39,Oracle,-1,na,oracle_size,2
U0,2,2,39,SimpleAugmentingMatcher,-1,na,wall_clock_ms,0.000487
U0,2,2,39,SimpleAugmentingMatcher,-1,na,matching_size,2
U0,2,2,39,HopcroftKarpMatcher,0,na,paths_found_per_phase,2
U0,2,2,39,HopcroftKarpMatcher,0,na,bfs_edges_visited,4
U0,2,2,39,HopcroftKarpMatcher,0,na,dfs_edges_visited,3
U0,2,2,39,HopcroftKarpMatcher,0,na,defect_at_iteration,0
U0,2,2,39,HopcroftKarpMatcher,-1,na,phase_count,1
U0,2,2,39,HopcroftKarpMatcher,-1,na,main_loop_iters,1
U0,2,2,39,HopcroftKarpMatcher,-1,na,total_bfs_edges_visited,4
U0,2,2,39,HopcroftKarpMatcher,-1,na,total_edges_visited,7
U0,2,2,39,HopcroftKarpMatcher,-1,na,matching_size,2
U0,2,2,39,HopcroftKarpMatcher,-1,na,wall_clock_ms,0.005981
U0,2,2,39,HopcroftKarpMatcher,-1,na,matching_size,2
U0,3,1,12,Oracle,-1,na,oracle_size,3
U0,3,1,12,SimpleAugmentingMatcher,-1,na,wall_clock_ms,0.000583
U0,3,1,12,SimpleAugmentingMatcher,-1,na,matching_size,3
U0,3,1,12,HopcroftKarpMatcher,0,na,paths_found_per_phase,3
U0,3,1,12,HopcroftKarpMatcher,0,na,bfs_edges_visited,3
U0,3,1,12,HopcroftKarpMatcher,0,na,dfs_edges_visited,3
U0,3,1,12,HopcroftKarpMatcher,0,na,defect_at_iteration,0
U0,3,1,12,HopcroftKarpMatcher,-1,na,phase_count,1
U0,3,1,12,HopcroftKarpMatcher,-1,na,main_loop_iters,1
U0,3,1,12,HopcroftKarpMatcher,-1,na,total_bfs_edges_visited,3
U0,3,1,12,HopcroftKarpMatcher,-1,na,total_edges_visited,6
U0,3,1,12,HopcroftKarpMatcher,-1,na,matching_size,3
U0,3,1,12,HopcroftKarpMatcher,-1,na,wall_clock_ms,0.005934
U0,3,1,12,HopcroftKarpMatcher,-1,na,matching_size,3
U0,6,1,35,Oracle,-1,na,oracle_size,3
U0,6,1,35,SimpleAugmentingMatcher,-1,na,wall_clock_ms,0.000749
U0,6,1,35,SimpleAugmentingMatcher,-1,na,matching_size,3
U0,6,1,35,HopcroftKarpMatcher,0,na,paths_found_per_phase,3
U0,6,1,35,HopcroftKarpMatcher,0,na,bfs_edges_visited,6
U0,6,1,35,HopcroftKarpMatcher,0,na,dfs_edges_visited,5
U0,6,1,35,HopcroftKarpMatcher,0,na,defect_at_iteration,3
U0,6,1,35,HopcroftKarpMatcher,-1,na,phase_count,1
U0,6,1,35,HopcroftKarpMatcher,-1,na,main_loop_iters,1
U0,6,1,35,HopcroftKarpMatcher,-1,na,total_bfs_edges_visited,6
U0,6,1,35,HopcroftKarpMatcher,-1,na,total_edges_visited,11
U0,6,1,35,HopcroftKarpMatcher,-1,na,matching_size,3
U0,6,1,35,HopcroftKarpMatcher,-1,na,wall_clock_ms,0.006984
U0,6,1,35,HopcroftKarpMatcher,-1,na,matching_size,3
U0,2,1,18,Oracle,-1,na,oracle_size,1
U0,2,1,18,SimpleAugmentingMatcher,-1,na,wall_clock_ms,0.000353
U0,2,1,18,SimpleAugmentingMatcher,-1,na,matching_size,1
U0,2,1,18,HopcroftKarpMatcher,0,na,paths_found_per_phase,1
U0,2,1,18,HopcroftKarpMatcher,0,na,bfs_edges_visited,2
U0,2,1,18,HopcroftKarpMatcher,0,na,dfs_edges_visited,1
U0,2,1,18,HopcroftKarpMatcher,0,na,defect_at_iteration,1
U0,2,1,18,HopcroftKarpMatcher,-1,na,phase_count,1
U0,2,1,18,HopcroftKarpMatcher,-1,na,main_loop_iters,1
U0,2,1,18,HopcroftKarpMatcher,-1,na,total_bfs_edges_visited,2
U0,2,1,18,HopcroftKarpMatcher,-1,na,total_edges_visited,3
U0,2,1,18,HopcroftKarpMatcher,-1,na,matching_size,1
U0,2,1,18,HopcroftKarpMatcher,-1,na,wall_clock_ms,0.00421
U0,2,1,18,HopcroftKarpMatcher,-1,na,matching_size,1
U0,6,1,37,Oracle,-1,na,oracle_size,3
U0,6,1,37,SimpleAugmentingMatcher,-1,na,wall_clock_ms,0.000642
U0,6,1,37,SimpleAugmentingMatcher,-1,na,matching_size,3
U0,6,1,37,HopcroftKarpMatcher,0,na,paths_found_per_phase,3
U0,6,1,37,HopcroftKarpMatcher,0,na,bfs_edges_visited,6
U0,6,1,37,HopcroftKarpMatcher,0,na,dfs_edges_visited,4
U0,6,1,37,HopcroftKarpMatcher,0,na,defect_at_iteration,3
U0,6,1,37,HopcroftKarpMatcher,-1,na,phase_count,1
U0,6,1,37,HopcroftKarpMatcher,-1,na,main_loop_iters,1
U0,6,1,37,HopcroftKarpMatcher,-1,na,total_bfs_edges_visited,6
U0,6,1,37,HopcroftKarpMatcher,-1,na,total_edges_visited,10
U0,6,1,37,HopcroftKarpMatcher,-1,na,matching_size,3
U0,6,1,37,HopcroftKarpMatcher,-1,na,wall_clock_ms,0.006707
U0,6,1,37,HopcroftKarpMatcher,-1,na,matching_size,3
U0,5,1.5,2,Oracle,-1,na,oracle_size,5
U0,5,1.5,2,SimpleAugmentingMatcher,-1,na,wall_clock_ms,0.000611
U0,5,1.5,2,SimpleAugmentingMatcher,-1,na,matching_size,5
U0,5,1.5,2,HopcroftKarpMatcher,0,na,paths_found_per_phase,4
U0,5,1.5,2,HopcroftKarpMatcher,0,na,bfs_edges_visited,11
U0,5,1.5,2,HopcroftKarpMatcher,0,na,dfs_edges_visited,6
U0,5,1.5,2,HopcroftKarpMatcher,0,na,defect_at_iteration,1
U0,5,1.5,2,HopcroftKarpMatcher,1,na,paths_found_per_phase,1
U0,5,1.5,2,HopcroftKarpMatcher,1,na,bfs_edges_visited,6
U0,5,1.5,2,HopcroftKarpMatcher,1,na,dfs_edges_visited,3
U0,5,1.5,2,HopcroftKarpMatcher,1,na,defect_at_iteration,0
U0,5,1.5,2,HopcroftKarpMatcher,-1,na,phase_count,2
U0,5,1.5,2,HopcroftKarpMatcher,-1,na,main_loop_iters,2
U0,5,1.5,2,HopcroftKarpMatcher,-1,na,total_bfs_edges_visited,17
U0,5,1.5,2,HopcroftKarpMatcher,-1,na,total_edges_visited,26
U0,5,1.5,2,HopcroftKarpMatcher,-1,na,matching_size,5
U0,5,1.5,2,HopcroftKarpMatcher,-1,na,wall_clock_ms,0.009443
U0,5,1.5,2,HopcroftKarpMatcher,-1,na,matching_size,5
U0,2,1,21,Oracle,-1,na,oracle_size,1
U0,2,1,21,SimpleAugmentingMatcher,-1,na,wall_clock_ms,0.000403
U0,2,1,21,SimpleAugmentingMatcher,-1,na,matching_size,1
U0,2,1,21,HopcroftKarpMatcher,0,na,paths_found_per_phase,1
U0,2,1,21,HopcroftKarpMatcher,0,na,bfs_edges_visited,2
U0,2,1,21,HopcroftKarpMatcher,0,na,dfs_edges_visited,2
U0,2,1,21,HopcroftKarpMatcher,0,na,defect_at_iteration,1
U0,2,1,21,HopcroftKarpMatcher,-1,na,phase_count,1
U0,2,1,21,HopcroftKarpMatcher,-1,na,main_loop_iters,1
U0,2,1,21,HopcroftKarpMatcher,-1,na,total_bfs_edges_visited,2
U0,2,1,21,HopcroftKarpMatcher,-1,na,total_edges_visited,4
U0,2,1,21,HopcroftKarpMatcher,-1,na,matching_size,1
U0,2,1,21,HopcroftKarpMatcher,-1,na,wall_clock_ms,0.004639
U0,2,1,21,HopcroftKarpMatcher,-1,na,matching_size,1
U0,2,1.5,12,Oracle,-1,na,oracle_size,1
U0,2,1.5,12,SimpleAugmentingMatcher,-1,na,wall_clock_ms,0.000499
U0,2,1.5,12,SimpleAugmentingMatcher,-1,na,matching_size,1
U0,2,1.5,12,HopcroftKarpMatcher,0,na,paths_found_per_phase,1
U0,2,1.5,12,HopcroftKarpMatcher,0,na,bfs_edges_visited,2
U0,2,1.5,12,HopcroftKarpMatcher,0,na,dfs_edges_visited,2
U0,2,1.5,12,HopcroftKarpMatcher,0,na,defect_at_iteration,1
U0,2,1.5,12,HopcroftKarpMatcher,-1,na,phase_count,1
U0,2,1.5,12,HopcroftKarpMatcher,-1,na,main_loop_iters,1
U0,2,1.5,12,HopcroftKarpMatcher,-1,na,total_bfs_edges_visited,2
U0,2,1.5,12,HopcroftKarpMatcher,-1,na,total_edges_visited,4
U0,2,1.5,12,HopcroftKarpMatcher,-1,na,matching_size,1
U0,2,1.5,12,HopcroftKarpMatcher,-1,na,wall_clock_ms,0.006007
U0,2,1.5,12,HopcroftKarpMatcher,-1,na,matching_size,1
U0,5,1,37,Oracle,-1,na,oracle_size,2
U0,5,1,37,SimpleAugmentingMatcher,-1,na,wall_clock_ms,0.000616
U0,5,1,37,SimpleAugmentingMatcher,-1,na,matching_size,2
U0,5,1,37,HopcroftKarpMatcher,0,na,paths_found_per_phase,2
U0,5,1,37,HopcroftKarpMatcher,0,na,bfs_edges_visited,5
U0,5,1,37,HopcroftKarpMatcher,0,na,dfs_edges_visited,3
U0,5,1,37,HopcroftKarpMatcher,0,na,defect_at_iteration,3
U0,5,1,37,HopcroftKarpMatcher,-1,na,phase_count,1
U0,5,1,37,HopcroftKarpMatcher,-1,na,main_loop_iters,1
U0,5,1,37,HopcroftKarpMatcher,-1,na,total_bfs_edges_visited,5
U0,5,1,37,HopcroftKarpMatcher,-1,na,total_edges_visited,8
U0,5,1,37,HopcroftKarpMatcher,-1,na,matching_size,2
U0,5,1,37,HopcroftKarpMatcher,-1,na,wall_clock_ms,0.006234
U0,5,1,37,HopcroftKarpMatcher,-1,na,matching_size,2
U0,5,2,23,Oracle,-1,na,oracle_size,5
U0,5,2,23,SimpleAugmentingMatcher,-1,na,wall_clock_ms,0.000641
U0,5,2,23,SimpleAugmentingMatcher,-1,na,matching_size,5
U0,5,2,23,HopcroftKarpMatcher,0,na,paths_found_per_phase,5
U0,5,2,23,HopcroftKarpMatcher,0,na,bfs_edges_visited,25
U0,5,2,23,HopcroftKarpMatcher,0,na,dfs_edges_visited,15
U0,5,2,23,HopcroftKarpMatcher,0,na,defect_at_iteration,0
U0,5,2,23,HopcroftKarpMatcher,-1,na,phase_count,1
U0,5,2,23,HopcroftKarpMatcher,-1,na,main_loop_iters,1
U0,5,2,23,HopcroftKarpMatcher,-1,na,total_bfs_edges_visited,25
U0,5,2,23,HopcroftKarpMatcher,-1,na,total_edges_visited,40
U0,5,2,23,HopcroftKarpMatcher,-1,na,matching_size,5
U0,5,2,23,HopcroftKarpMatcher,-1,na,wall_clock_ms,0.007032
U0,5,2,23,HopcroftKarpMatcher,-1,na,matching_size,5
U0,4,1.5,39,Oracle,-1,na,oracle_size,4
U0,4,1.5,39,SimpleAugmentingMatcher,-1,na,wall_clock_ms,0.000538
U0,4,1.5,39,SimpleAugmentingMatcher,-1,na,matching_size,4
U0,4,1.5,39,HopcroftKarpMatcher,0,na,paths_found_per_phase,3
U0,4,1.5,39,HopcroftKarpMatcher,0,na,bfs_edges_visited,8
U0,4,1.5,39,HopcroftKarpMatcher,0,na,dfs_edges_visited,4
U0,4,1.5,39,HopcroftKarpMatcher,0,na,defect_at_iteration,1
U0,4,1.5,39,HopcroftKarpMatcher,1,na,paths_found_per_phase,1
U0,4,1.5,39,HopcroftKarpMatcher,1,na,bfs_edges_visited,3
U0,4,1.5,39,HopcroftKarpMatcher,1,na,dfs_edges_visited,3
U0,4,1.5,39,HopcroftKarpMatcher,1,na,defect_at_iteration,0
U0,4,1.5,39,HopcroftKarpMatcher,-1,na,phase_count,2
U0,4,1.5,39,HopcroftKarpMatcher,-1,na,main_loop_iters,2
U0,4,1.5,39,HopcroftKarpMatcher,-1,na,total_bfs_edges_visited,11
U0,4,1.5,39,HopcroftKarpMatcher,-1,na,total_edges_visited,18
U0,4,1.5,39,HopcroftKarpMatcher,-1,na,matching_size,4
U0,4,1.5,39,HopcroftKarpMatcher,-1,na,wall_clock_ms,0.008408
U0,4,1.5,39,HopcroftKarpMatcher,-1,na,matching_size,4
U0,2,2,34,Oracle,-1,na,oracle_size,2
U0,2,2,34,SimpleAugmentingMatcher,-1,na,wall_clock_ms,0.000405
U0,2,2,34,SimpleAugmentingMatcher,-1,na,matching_size,2
U0,2,2,34,HopcroftKarpMatcher,0,na,paths_found_per_phase,2
U0,2,2,34,HopcroftKarpMatcher,0,na,bfs_edges_visited,4
U0,2,2,34,HopcroftKarpMatcher,0,na,dfs_edges_visited,3
U0,2,2,34,HopcroftKarpMatcher,0,na,defect_at_iteration,0
U0,2,2,34,HopcroftKarpMatcher,-1,na,phase_count,1
U0,2,2,34,HopcroftKarpMatcher,-1,na,main_loop_iters,1
U0,2,2,34,HopcroftKarpMatcher,-1,na,total_bfs_edges_visited,4
U0,2,2,34,HopcroftKarpMatcher,-1,na,total_edges_visited,7
U0,2,2,34,HopcroftKarpMatcher,-1,na,matching_size,2
U0,2,2,34,HopcroftKarpMatcher,-1,na,wall_clock_ms,0.004087
U0,2,2,34,HopcroftKarpMatcher,-1,na,matching_size,2
U0,5,1.5,9,Oracle,-1,na,oracle_size,5
U0,5,1.5,9,SimpleAugmentingMatcher,-1,na,wall_clock_ms,0.000797
U0,5,1.5,9,SimpleAugmentingMatcher,-1,na,matching_size,5
U0,5,1.5,9,HopcroftKarpMatcher,0,na,paths_found_per_phase,4
U0,5,1.5,9,HopcroftKarpMatcher,0,na,bfs_edges_visited,11
U0,5,1.5,9,HopcroftKarpMatcher,0,na,dfs_edges_visited,7
U0,5,1.5,9,HopcroftKarpMatcher,0,na,defect_at_iteration,1
U0,5,1.5,9,HopcroftKarpMatcher,1,na,paths_found_per_phase,1
U0,5,1.5,9,HopcroftKarpMatcher,1,na,bfs_edges_visited,7
U0,5,1.5,9,HopcroftKarpMatcher,1,na,dfs_edges_visited,7
U0,5,1.5,9,HopcroftKarpMatcher,1,na,defect_at_iteration,0
U0,5,1.5,9,HopcroftKarpMatcher,-1,na,phase_count,2
U0,5,1.5,9,HopcroftKarpMatcher,-1,na,main_loop_iters,2
U0,5,1.5,9,HopcroftKarpMatcher,-1,na,total_bfs_edges_visited,18
U0,5,1.5,9,HopcroftKarpMatcher,-1,na,total_edges_visited,32
U0,5,1.5,9,HopcroftKarpMatcher,-1,na,matching_size,5
U0,5,1.5,9,HopcroftKarpMatcher,-1,na,wall_clock_ms,0.009955
U0,5,1.5,9,HopcroftKarpMatcher,-1,na,matching_size,5
U0,4,1.5,21,Oracle,-1,na,oracle_size,4
U0,4,1.5,21,SimpleAugmentingMatcher,-1,na,wall_clock_ms,0.000498
U0,4,1.5,21,SimpleAugmentingMatcher,-1,na,matching_size,4
U0,4,1.5,21,HopcroftKarpMatcher,0,na,paths_found_per_phase,3
U0,4,1.5,21,HopcroftKarpMatcher,0,na,bfs_edges_visited,8
U0,4,1.5,21,HopcroftKarpMatcher,0,na,dfs_edges_visited,5
U0,4,1.5,21,HopcroftKarpMatcher,0,na,defect_at_iteration,1
U0,4,1.5,21,HopcroftKarpMatcher,1,na,paths_found_per_phase,1
U0,4,1.5,21,HopcroftKarpMatcher,1,na,bfs_edges_visited,4
U0,4,1.5,21,HopcroftKarpMatcher,1,na,dfs_edges_visited,4
U0,4,1.5,21,HopcroftKarpMatcher,1,na,defect_at_iteration,0
U0,4,1.5,21,HopcroftKarpMatcher,-1,na,phase_count,2
U0,4,1.5,21,HopcroftKarpMatcher,-1,na,main_loop_iters,2
U0,4,1.5,21,HopcroftKarpMatcher,-1,na,total_bfs_edges_visited,12
U0,4,1.5,21,HopcroftKarpMatcher,-1,na,total_edges_visited,21
U0,4,1.5,21,HopcroftKarpMatcher,-1,na,matching_size,4
U0,4,1.5,21,HopcroftKarpMatcher,-1,na,wall_clock_ms,0.006767
U0,4,1.5,21,HopcroftKarpMatcher,-1,na,matching_size,4
U0,3,2,39,Oracle,-1,na,oracle_size,3
U0,3,2,39,SimpleAugmentingMatcher,-1,na,wall_clock_ms,0.000492
U0,3,2,39,SimpleAugmentingMatcher,-1,na,matching_size,3
U0,3,2,39,HopcroftKarpMatcher,0,na,paths_found_per_phase,3
U0,3,2,39,HopcroftKarpMatcher,0,na,bfs_edges_visited,9
U0,3,2,39,HopcroftKarpMatcher,0,na,dfs_edges_visited,6
U0,3,2,39,HopcroftKarpMatcher,0,na,defect_at_iteration,0
U0,3,2,39,HopcroftKarpMatcher,-1,na,phase_count,1
U0,3,2,39,HopcroftKarpMatcher,-1,na,main_loop_iters,1
U0,3,2,39,HopcroftKarpMatcher,-1,na,total_bfs_edges_visited,9
U0,3,2,39,HopcroftKarpMatcher,-1,na,total_edges_visited,15
U0,3,2,39,HopcroftKarpMatcher,-1,na,matching_size,3
U0,3,2,39,HopcroftKarpMatcher,-1,na,wall_clock_ms,0.006626
U0,3,2,39,HopcroftKarpMatcher,-1,na,matching_size,3
U0,5,1.5,32,Oracle,-1,na,oracle_size,5
U0,5,1.5,32,SimpleAugmentingMatcher,-1,na,wall_clock_ms,0.000789
U0,5,1.5,32,SimpleAugmentingMatcher,-1,na,matching_size,5
U0,5,1.5,32,HopcroftKarpMatcher,0,na,paths_found_per_phase,5
U0,5,1.5,32,HopcroftKarpMatcher,0,na,bfs_edges_visited,11
U0,5,1.5,32,HopcroftKarpMatcher,0,na,dfs_edges_visited,7
U0,5,1.5,32,HopcroftKarpMatcher,0,na,defect_at_iteration,0
U0,5,1.5,32,HopcroftKarpMatcher,-1,na,phase_count,1
U0,5,1.5,32,HopcroftKarpMatcher,-1,na,main_loop_iters,1
U0,5,1.5,32,HopcroftKarpMatcher,-1,na,total_bfs_edges_visited,11
U0,5,1.5,32,HopcroftKarpMatcher,-1,na,total_edges_visited,18
U0,5,1.5,32,HopcroftKarpMatcher,-1,na,matching_size,5
U0,5,1.5,32,HopcroftKarpMatcher,-1,na,wall_clock_ms,0.006825
U0,5,1.5,32,HopcroftKarpMatcher,-1,na,matching_size,5
U0,2,1.5,1,Oracle,-1,na,oracle_size,1
U0,2,1.5,1,SimpleAugmentingMatcher,-1,na,wall_clock_ms,0.000327
U0,2,1.5,1,SimpleAugmentingMatcher,-1,na,matching_size,1
U0,2,1.5,1,HopcroftKarpMatcher,0,na,paths_found_per_phase,1
U0,2,1.5,1,HopcroftKarpMatcher,0,na,bfs_edges_visited,2
U0,2,1.5,1,HopcroftKarpMatcher,0,na,dfs_edges_visited,2
U0,2,1.5,1,HopcroftKarpMatcher,0,na,defect_at_iteration,1
U0,2,1.5,1,HopcroftKarpMatcher,-1,na,phase_count,1
U0,2,1.5,1,HopcroftKarpMatcher,-1,na,main_loop_iters,1
U0,2,1.5,1,HopcroftKarpMatcher,-1,na,total_bfs_edges_visited,2
U0,2,1.5,1,HopcroftKarpMatcher,-1,na,total_edges_visited,4
U0,2,1.5,1,HopcroftKarpMatcher,-1,na,matching_size,1
U0,2,1.5,1,HopcroftKarpMatcher,-1,na,wall_clock_ms,0.004402
U0,2,1.5,1,HopcroftKarpMatcher,-1,na,matching_size,1
U0,4,1,16,Oracle,-1,na,oracle_size,3
U0,4,1,16,SimpleAugmentingMatcher,-1,na,wall_clock_ms,0.000581
U0,4,1,16,SimpleAugmentingMatcher,-1,na,matching_size,3
U0,4,1,16,HopcroftKarpMatcher,0,na,paths_found_per_phase,3
U0,4,1,16,HopcroftKarpMatcher,0,na,bfs_edges_visited,4
U0,4,1,16,HopcroftKarpMatcher,0,na,dfs_edges_visited,4
U0,4,1,16,HopcroftKarpMatcher,0,na,defect_at_iteration,1
U0,4,1,16,HopcroftKarpMatcher,-1,na,phase_count,1
U0,4,1,16,HopcroftKarpMatcher,-1,na,main_loop_iters,1
U0,4,1,16,HopcroftKarpMatcher,-1,na,total_bfs_edges_visited,4
U0,4,1,16,HopcroftKarpMatcher,-1,na,total_edges_visited,8
U0,4,1,16,HopcroftKarpMatcher,-1,na,matching_size,3
U0,4,1,16,HopcroftKarpMatcher,-1,na,wall_clock_ms,0.006009
U0,4,1,16,HopcroftKarpMatcher,-1,na,matching_size,3
U0,3,1.5,15,Oracle,-1,na,oracle_size,2
U0,3,1.5,15,SimpleAugmentingMatcher,-1,na,wall_clock_ms,0.000541
U0,3,1.5,15,SimpleAugmentingMatcher,-1,na,matching_size,2
U0,3,1.5,15,HopcroftKarpMatcher,0,na,paths_found_per_phase,2
U0,3,1.5,15,HopcroftKarpMatcher,0,na,bfs_edges_visited,5
U0,3,1.5,15,HopcroftKarpMatcher,0,na,dfs_edges_visited,4
U0,3,1.5,15,HopcroftKarpMatcher,0,na,defect_at_iteration,1
U0,3,1.5,15,HopcroftKarpMatcher,-1,na,phase_count,1
U0,3,1.5,15,HopcroftKarpMatcher,-1,na,main_loop_iters,1
U0,3,1.5,15,HopcroftKarpMatcher,-1,na,total_bfs_edges_visited,5
U0,3,1.5,15,HopcroftKarpMatcher,-1,na,total_edges_visited,9
U0,3,1.5,15,HopcroftKarpMatcher,-1,na,matching_size,2
U0,3,1.5,15,HopcroftKarpMatcher,-1,na,wall_clock_ms,0.006284
U0,3,1.5,15,HopcroftKarpMatcher,-1,na,matching_size,2
U0,2,1.5,17,Oracle,-1,na,oracle_size,1
U0,2,1.5,17,SimpleAugmentingMatcher,-1,na,wall_clock_ms,0.000327
U0,2,1.5,17,SimpleAugmentingMatcher,-1,na,matching_size,1
U0,2,1.5,17,HopcroftKarpMatcher,0,na,paths_found_per_phase,1
U0,2,1.5,17,HopcroftKarpMatcher,0,na,bfs_edges_visited,2
U0,2,1.5,17,HopcroftKarpMatcher,0,na,dfs_edges_visited,1
U0,2,1.5,17,HopcroftKarpMatcher,0,na,defect_at_iteration,1
U0,2,1.5,17,HopcroftKarpMatcher,-1,na,phase_count,1
U0,2,1.5,17,HopcroftKarpMatcher,-1,na,main_loop_iters,1
U0,2,1.5,17,HopcroftKarpMatcher,-1,na,total_bfs_edges_visited,2
U0,2,1.5,17,HopcroftKarpMatcher,-1,na,total_edges_visited,3
U0,2,1.5,17,HopcroftKarpMatcher,-1,na,matching_size,1
U0,2,1.5,17,HopcroftKarpMatcher,-1,na,wall_clock_ms,0.004328
U0,2,1.5,17,HopcroftKarpMatcher,-1,na,matching_size,1
U0,4,2,20,Oracle,-1,na,oracle_size,4
U0,4,2,20,SimpleAugmentingMatcher,-1,na,wall_clock_ms,0.000577
U0,4,2,20,SimpleAugmentingMatcher,-1,na,matching_size,4
U0,4,2,20,HopcroftKarpMatcher,0,na,paths_found_per_phase,4
U0,4,2,20,HopcroftKarpMatcher,0,na,bfs_edges_visited,16
U0,4,2,20,HopcroftKarpMatcher,0,na,dfs_edges_visited,10
U0,4,2,20,HopcroftKarpMatcher,0,na,defect_at_iteration,0
U0,4,2,20,HopcroftKarpMatcher,-1,na,phase_count,1
U0,4,2,20,HopcroftKarpMatcher,-1,na,main_loop_iters,1
U0,4,2,20,HopcroftKarpMatcher,-1,na,total_bfs_edges_visited,16
U0,4,2,20,HopcroftKarpMatcher,-1,na,total_edges_visited,26
U0,4,2,20,HopcroftKarpMatcher,-1,na,matching_size,4
U0,4,2,20,HopcroftKarpMatcher,-1,na,wall_clock_ms,0.007079
U0,4,2,20,HopcroftKarpMatcher,-1,na,matching_size,4
U0,4,1,36,Oracle,-1,na,oracle_size,3
U0,4,1,36,SimpleAugmentingMatcher,-1,na,wall_clock_ms,0.000488
U0,4,1,36,SimpleAugmentingMatcher,-1,na,matching_size,3
U0,4,1,36,HopcroftKarpMatcher,0,na,paths_found_per_phase,3
U0,4,1,36,HopcroftKarpMatcher,0,na,bfs_edges_visited,4
U0,4,1,36,HopcroftKarpMatcher,0,na,dfs_edges_visited,3
U0,4,1,36,HopcroftKarpMatcher,0,na,defect_at_iteration,1
U0,4,1,36,HopcroftKarpMatcher,-1,na,phase_count,1
U0,4,1,36,HopcroftKarpMatcher,-1,na,main_loop_iters,1
U0,4,1,36,HopcroftKarpMatcher,-1,na,total_bfs_edges_visited,4
U0,4,1,36,HopcroftKarpMatcher,-1,na,total_edges_visited,7
U0,4,1,36,HopcroftKarpMatcher,-1,na,matching_size,3
U0,4,1,36,HopcroftKarpMatcher,-1,na,wall_clock_ms,0.00578
U0,4,1,36,HopcroftKarpMatcher,-1,na,matching_size,3
U0,4,2,17,Oracle,-1,na,oracle_size,4
U0,4,2,17,SimpleAugmentingMatcher,-1,na,wall_clock_ms,0.000638
U0,4,2,17,SimpleAugmentingMatcher,-1,na,matching_size,4
U0,4,2,17,HopcroftKarpMatcher,0,na,paths_found_per_phase,4
U0,4,2,17,HopcroftKarpMatcher,0,na,bfs_edges_visited,16
U0,4,2,17,HopcroftKarpMatcher,0,na,dfs_edges_visited,10
U0,4,2,17,HopcroftKarpMatcher,0,na,defect_at_iteration,0
U0,4,2,17,HopcroftKarpMatcher,-1,na,phase_count,1
U0,4,2,17,HopcroftKarpMatcher,-1,na,main_loop_iters,1
U0,4,2,17,HopcroftKarpMatcher,-1,na,total_bfs_edges_visited,16
U0,4,2,17,HopcroftKarpMatcher,-1,na,total_edges_visited,26
U0,4,2,17,HopcroftKarpMatcher,-1,na,matching_size,4
U0,4,2,17,HopcroftKarpMatcher,-1,na,wall_clock_ms,0.006504
U0,4,2,17,HopcroftKarpMatcher,-1,na,matching_size,4
U0,6,1,3,Oracle,-1,na,oracle_size,4
U0,6,1,3,SimpleAugmentingMatcher,-1,na,wall_clock_ms,0.000692
U0,6,1,3,SimpleAugmentingMatcher,-1,na,matching_size,4
U0,6,1,3,HopcroftKarpMatcher,0,na,paths_found_per_phase,4
U0,6,1,3,HopcroftKarpMatcher,0,na,bfs_edges_visited,6
U0,6,1,3,HopcroftKarpMatcher,0,na,dfs_edges_visited,5
U0,6,1,3,HopcroftKarpMatcher,0,na,defect_at_iteration,2
U0,6,1,3,HopcroftKarpMatcher,-1,na,phase_count,1
U0,6,1,3,HopcroftKarpMatcher,-1,na,main_loop_iters,1
U0,6,1,3,HopcroftKarpMatcher,-1,na,total_bfs_edges_visited,6
U0,6,1,3,HopcroftKarpMatcher,-1,na,total_edges_visited,11
U0,6,1,3,HopcroftKarpMatcher,-1,na,matching_size,4
U0,6,1,3,HopcroftKarpMatcher,-1,na,wall_clock_ms,0.006857
U0,6,1,3,HopcroftKarpMatcher,-1,na,matching_size,4
U0,5,1.5,35,Oracle,-1,na,oracle_size,5
U0,5,1.5,35,SimpleAugmentingMatcher,-1,na,wall_clock_ms,0.000827
U0,5,1.5,35,SimpleAugmentingMatcher,-1,na,matching_size,5
U0,5,1.5,35,HopcroftKarpMatcher,0,na,paths_found_per_phase,4
U0,5,1.5,35,HopcroftKarpMatcher,0,na,bfs_edges_visited,11
U0,5,1.5,35,HopcroftKarpMatcher,0,na,dfs_edges_visited,6
U0,5,1.5,35,HopcroftKarpMatcher,0,na,defect_at_iteration,1
U0,5,1.5,35,HopcroftKarpMatcher,1,na,paths_found_per_phase,1
U0,5,1.5,35,HopcroftKarpMatcher,1,na,bfs_edges_visited,3
U0,5,1.5,35,HopcroftKarpMatcher,1,na,dfs_edges_visited,3
U0,5,1.5,35,HopcroftKarpMatcher,1,na,defect_at_iteration,0
U0,5,1.5,35,HopcroftKarpMatcher,-1,na,phase_count,2
U0,5,1.5,35,HopcroftKarpMatcher,-1,na,main_loop_iters,2
U0,5,1.5,35,HopcroftKarpMatcher,-1,na,total_bfs_edges_visited,14
U0,5,1.5,35,HopcroftKarpMatcher,-1,na,total_edges_visited,23
U0,5,1.5,35,HopcroftKarpMatcher,-1,na,matching_size,5
U0,5,1.5,35,HopcroftKarpMatcher,-1,na,wall_clock_ms,0.008862
U0,5,1.5,35,HopcroftKarpMatcher,-1,na,matching_size,5
U0,6,2,22,Oracle,-1,na,oracle_size,6
U0,6,2,22,SimpleAugmentingMatcher,-1,na,wall_clock_ms,0.000742
U0,6,2,22,SimpleAugmentingMatcher,-1,na,matching_size,6
U0,6,2,22,HopcroftKarpMatcher,0,na,paths_found_per_phase,6
U0,6,2,22,HopcroftKarpMatcher,0,na,bfs_edges_visited,36
U0,6,2,22,HopcroftKarpMatcher,0,na,dfs_edges_visited,21
U0,6,2,22,HopcroftKarpMatcher,0,na,defect_at_iteration,0
U0,6,2,22,HopcroftKarpMatcher,-1,na,phase_count,1
U0,6,2,22,HopcroftKarpMatcher,-1,na,main_loop_iters,1
U0,6,2,22,HopcroftKarpMatcher,-1,na,total_bfs_edges_visited,36
U0,6,2,22,HopcroftKarpMatcher,-1,na,total_edges_visited,57
U0,6,2,22,HopcroftKarpMatcher,-1,na,matching_size,6
U0,6,2,22,HopcroftKarpMatcher,-1,na,wall_clock_ms,0.005007
U0,6,2,22,HopcroftKarpMatcher,-1,na,matching_size,6
U0,4,1,12,Oracle,-1,na,oracle_size,4
U0,4,1,12,SimpleAugmentingMatcher,-1,na,wall_clock_ms,0.000448
U0,4,1,12,SimpleAugmentingMatcher,-1,na,matching_size,4
U0,4,1,12,HopcroftKarpMatcher,0,na,paths_found_per_phase,4
U0,4,1,12,HopcroftKarpMatcher,0,na,bfs_edges_visited,4
U0,4,1,12,HopcroftKarpMatcher,0,na,dfs_edges_visited,4
U0,4,1,12,HopcroftKarpMatcher,0,na,defect_at_iteration,0
U0,4,1,12,HopcroftKarpMatcher,-1,na,phase_count,1
U0,4,1,12,HopcroftKarpMatcher,-1,na,main_loop_iters,1
U0,4,1,12,HopcroftKarpMatcher,-1,na,total_bfs_edges_visited,4
U0,4,1,12,HopcroftKarpMatcher,-1,na,total_edges_visited,8
U0,4,1,12,HopcroftKarpMatcher,-1,na,matching_size,4
U0,4,1,12,HopcroftKarpMatcher,-1,na,wall_clock_ms,0.00605
U0,4,1,12,HopcroftKarpMatcher,-1,na,matching_size,4
U0,6,2,12,Oracle,-1,na,oracle_size,6
U0,6,2,12,SimpleAugmentingMatcher,-1,na,wall_clock_ms,0.000985
U0,6,2,12,SimpleAugmentingMatcher,-1,na,matching_size,6
U0,6,2,12,HopcroftKarpMatcher,0,na,paths_found_per_phase,6
U0,6,2,12,HopcroftKarpMatcher,0,na,bfs_edges_visited,36
U0,6,2,12,HopcroftKarpMatcher,0,na,dfs_edges_visited,21
U0,6,2,12,HopcroftKarpMatcher,0,na,defect_at_iteration,0
U0,6,2,12,HopcroftKarpMatcher,-1,na,phase_count,1
U0,6,2,12,HopcroftKarpMatcher,-1,na,main_loop_iters,1
U0,6,2,12,HopcroftKarpMatcher,-1,na,total_bfs_edges_visited,36
U0,6,2,12,HopcroftKarpMatcher,-1,na,total_edges_visited,57
U0,6,2,12,HopcroftKarpMatcher,-1,na,matching_size,6
U0,6,2,12,HopcroftKarpMatcher,-1,na,wall_clock_ms,0.007319
U0,6,2,12,HopcroftKarpMatcher,-1,na,matching_size,6
U0,4,1.5,19,Oracle,-1,na,oracle_size,3
U0,4,1.5,19,SimpleAugmentingMatcher,-1,na,wall_clock_ms,0.000698
U0,4,1.5,19,SimpleAugmentingMatcher,-1,na,matching_size,3
U0,4,1.5,19,HopcroftKarpMatcher,0,na,paths_found_per_phase,3
U0,4,1.5,19,HopcroftKarpMatcher,0,na,bfs_edges_visited,8
U0,4,1.5,19,HopcroftKarpMatcher,0,na,dfs_edges_visited,6
U0,4,1.5,19,HopcroftKarpMatcher,0,na,defect_at_iteration,1
U0,4,1.5,19,HopcroftKarpMatcher,-1,na,phase_count,1
U0,4,1.5,19,HopcroftKarpMatcher,-1,na,main_loop_iters,1
U0,4,1.5,19,HopcroftKarpMatcher,-1,na,total_bfs_edges_visited,8
U0,4,1.5,19,HopcroftKarpMatcher,-1,na,total_edges_visited,14
U0,4,1.5,19,HopcroftKarpMatcher,-1,na,matching_size,3
U0,4,1.5,19,HopcroftKarpMatcher,-1,na,wall_clock_ms,0.006657
U0,4,1.5,19,HopcroftKarpMatcher,-1,na,matching_size,3
U0,5,1,45,Oracle,-1,na,oracle_size,4
U0,5,1,45,SimpleAugmentingMatcher,-1,na,wall_clock_ms,0.000782
U0,5,1,45,SimpleAugmentingMatcher,-1,na,matching_size,4
U0,5,1,45,HopcroftKarpMatcher,0,na,paths_found_per_phase,4
U0,5,1,45,HopcroftKarpMatcher,0,na,bfs_edges_visited,5
U0,5,1,45,HopcroftKarpMatcher,0,na,dfs_edges_visited,4
U0,5,1,45,HopcroftKarpMatcher,0,na,defect_at_iteration,1
U0,5,1,45,HopcroftKarpMatcher,-1,na,phase_count,1
U0,5,1,45,HopcroftKarpMatcher,-1,na,main_loop_iters,1
U0,5,1,45,HopcroftKarpMatcher,-1,na,total_bfs_edges_visited,5
U0,5,1,45,HopcroftKarpMatcher,-1,na,total_edges_visited,9
U0,5,1,45,HopcroftKarpMatcher,-1,na,matching_size,4
U0,5,1,45,HopcroftKarpMatcher,-1,na,wall_clock_ms,0.006623
U0,5,1,45,HopcroftKarpMatcher,-1,na,matching_size,4
U0,3,2,31,Oracle,-1,na,oracle_size,3
U0,3,2,31,SimpleAugmentingMatcher,-1,na,wall_clock_ms,0.000535
U0,3,2,31,SimpleAugmentingMatcher,-1,na,matching_size,3
U0,3,2,31,HopcroftKarpMatcher,0,na,paths_found_per_phase,3
U0,3,2,31,HopcroftKarpMatcher,0,na,bfs_edges_visited,9
U0,3,2,31,HopcroftKarpMatcher,0,na,dfs_edges_visited,6
U0,3,2,31,HopcroftKarpMatcher,0,na,defect_at_iteration,0
U0,3,2,31,HopcroftKarpMatcher,-1,na,phase_count,1
U0,3,2,31,HopcroftKarpMatcher,-1,na,main_loop_iters,1
U0,3,2,31,HopcroftKarpMatcher,-1,na,total_bfs_edges_visited,9
U0,3,2,31,HopcroftKarpMatcher,-1,na,total_edges_visited,15
U0,3,2,31,HopcroftKarpMatcher,-1,na,matching_size,3
U0,3,2,31,HopcroftKarpMatcher,-1,na,wall_clock_ms,0.006726
U0,3,2,31,HopcroftKarpMatcher,-1,na,matching_size,3
U0,2,2,42,Oracle,-1,na,oracle_size,2
U0,2,2,42,SimpleAugmentingMatcher,-1,na,wall_clock_ms,0.000398
U0,2,2,42,SimpleAugmentingMatcher,-1,na,matching_size,2
U0,2,2,42,HopcroftKarpMatcher,0,na,paths_found_per_phase,2
U0,2,2,42,HopcroftKarpMatcher,0,na,bfs_edges_visited,4
U0,2,2,42,HopcroftKarpMatcher,0,na,dfs_edges_visited,3
U0,2,2,42,HopcroftKarpMatcher,0,na,defect_at_iteration,0
U0,2,2,42,HopcroftKarpMatcher,-1,na,phase_count,1
U0,2,2,42,HopcroftKarpMatcher,-1,na,main_loop_iters,1
U0,2,2,42,HopcroftKarpMatcher,-1,na,total_bfs_edges_visited,4
U0,2,2,42,HopcroftKarpMatcher,-1,na,total_edges_visited,7
U0,2,2,42,HopcroftKarpMatcher,-1,na,matching_size,2
U0,2,2,42,HopcroftKarpMatcher,-1,na,wall_clock_ms,0.005815
U0,2,2,42,HopcroftKarpMatcher,-1,na,matching_size,2
U0,2,2,29,Oracle,-1,na,oracle_size,2
U0,2,2,29,SimpleAugmentingMatcher,-1,na,wall_clock_ms,0.00045
U0,2,2,29,SimpleAugmentingMatcher,-1,na,matching_size,2
U0,2,2,29,HopcroftKarpMatcher,0,na,paths_found_per_phase,2
U0,2,2,29,HopcroftKarpMatcher,0,na,bfs_edges_visited,4
U0,2,2,29,HopcroftKarpMatcher,0,na,dfs_edges_visited,3
U0,2,2,29,HopcroftKarpMatcher,0,na,defect_at_iteration,0
U0,2,2,29,HopcroftKarpMatcher,-1,na,phase_count,1
U0,2,2,29,HopcroftKarpMatcher,-1,na,main_loop_iters,1
U0,2,2,29,HopcroftKarpMatcher,-1,na,total_bfs_edges_visited,4
U0,2,2,29,HopcroftKarpMatcher,-1,na,total_edges_visited,7
U0,2,2,29,HopcroftKarpMatcher,-1,na,matching_size,2
U0,2,2,29,HopcroftKarpMatcher,-1,na,wall_clock_ms,0.005955
U0,2,2,29,HopcroftKarpMatcher,-1,na,matching_size,2
U0,5,1.5,31,Oracle,-1,na,oracle_size,5
U0,5,1.5,31,SimpleAugmentingMatcher,-1,na,wall_clock_ms,0.000825
U0,5,1.5,31,SimpleAugmentingMatcher,-1,na,matching_size,5
U0,5,1.5,31,HopcroftKarpMatcher,0,na,paths_found_per_phase,4
U0,5,1.5,31,HopcroftKarpMatcher,0,na,bfs_edges_visited,11
U0,5,1.5,31,HopcroftKarpMatcher,0,na,dfs_edges_visited,7
U0,5,1.5,31,HopcroftKarpMatcher,0,na,defect_at_iteration,1
U0,5,1.5,31,HopcroftKarpMatcher,1,na,paths_found_per_phase,1
U0,5,1.5,31,HopcroftKarpMatcher,1,na,bfs_edges_visited,11
U0,5,1.5,31,HopcroftKarpMatcher,1,na,dfs_edges_visited,8
U0,5,1.5,31,HopcroftKarpMatcher,1,na,defect_at_iteration,0
U0,5,1.5,31,HopcroftKarpMatcher,-1,na,phase_count,2
U0,5,1.5,31,HopcroftKarpMatcher,-1,na,main_loop_iters,2
U0,5,1.5,31,HopcroftKarpMatcher,-1,na,total_bfs_edges_visited,22
U0,5,1.5,31,HopcroftKarpMatcher,-1,na,total_edges_visited,37
U0,5,1.5,31,HopcroftKarpMatcher,-1,na,matching_size,5
U0,5,1.5,31,HopcroftKarpMatcher,-1,na,wall_clock_ms,0.009444
U0,5,1.5,31,HopcroftKarpMatcher,-1,na,matching_size,5
U0,2,2,31,Oracle,-1,na,oracle_size,2
U0,2,2,31,SimpleAugmentingMatcher,-1,na,wall_clock_ms,0.00039
U0,2,2,31,SimpleAugmentingMatcher,-1,na,matching_size,2
U0,2,2,31,HopcroftKarpMatcher,0,na,paths_found_per_phase,2
U0,2,2,31,HopcroftKarpMatcher,0,na,bfs_edges_visited,4
U0,2,2,31,HopcroftKarpMatcher,0,na,dfs_edges_visited,3
U0,2,2,31,HopcroftKarpMatcher,0,na,defect_at_iteration,0
U0,2,2,31,HopcroftKarpMatcher,-1,na,phase_count,1
U0,2,2,31,HopcroftKarpMatcher,-1,na,main_loop_iters,1
U0,2,2,31,HopcroftKarpMatcher,-1,na,total_bfs_edges_visited,4
U0,2,2,31,HopcroftKarpMatcher,-1,na,total_edges_visited,7
U0,2,2,31,HopcroftKarpMatcher,-1,na,matching_size,2
U0,2,2,31,HopcroftKarpMatcher,-1,na,wall_clock_ms,0.004307
U0,2,2,31,HopcroftKarpMatcher,-1,na,matching_size,2
U0,4,1,30,Oracle,-1,na,oracle_size,2
U0,4,1,30,SimpleAugmentingMatcher,-1,na,wall_clock_ms,0.000487
U0,4,1,30,SimpleAugmentingMatcher,-1,na,matching_size,2
U0,4,1,30,HopcroftKarpMatcher,0,na,paths_found_per_phase,2
U0,4,1,30,HopcroftKarpMatcher,0,na,bfs_edges_visited,4
U0,4,1,30,HopcroftKarpMatcher,0,na,dfs_edges_visited,2
U0,4,1,30,HopcroftKarpMatcher,0,na,defect_at_iteration,2
U0,4,1,30,HopcroftKarpMatcher,-1,na,phase_count,1
U0,4,1,30,HopcroftKarpMatcher,-1,na,main_loop_iters,1
U0,4,1,30,HopcroftKarpMatcher,-1,na,total_bfs_edges_visited,4
U0,4,1,30,HopcroftKarpMatcher,-1,na,total_edges_visited,6
U0,4,1,30,HopcroftKarpMatcher,-1,na,matching_size,2
U0,4,1,30,HopcroftKarpMatcher,-1,na,wall_clock_ms,0.004505
U0,4,1,30,HopcroftKarpMatcher,-1,na,matching_size,2
U0,6,2,25,Oracle,-1,na,oracle_size,6
U0,6,2,25,SimpleAugmentingMatcher,-1,na,wall_clock_ms,0.001016
U0,6,2,25,SimpleAugmentingMatcher,-1,na,matching_size,6
U0,6,2,25,HopcroftKarpMatcher,0,na,paths_found_per_phase,6
U0,6,2,25,HopcroftKarpMatcher,0,na,bfs_edges_visited,36
U0,6,2,25,HopcroftKarpMatcher,0,na,dfs_edges_visited,21
U0,6,2,25,HopcroftKarpMatcher,0,na,defect_at_iteration,0
U0,6,2,25,HopcroftKarpMatcher,-1,na,phase_count,1
U0,6,2,25,HopcroftKarpMatcher,-1,na,main_loop_iters,1
U0,6,2,25,HopcroftKarpMatcher,-1,na,total_bfs_edges_visited,36
U0,6,2,25,HopcroftKarpMatcher,-1,na,total_edges_visited,57
U0,6,2,25,HopcroftKarpMatcher,-1,na,matching_size,6
U0,6,2,25,HopcroftKarpMatcher,-1,na,wall_clock_ms,0.007484
U0,6,2,25,HopcroftKarpMatcher,-1,na,matching_size,6
U0,2,1.5,14,Oracle,-1,na,oracle_size,1
U0,2,1.5,14,SimpleAugmentingMatcher,-1,na,wall_clock_ms,0.00051
U0,2,1.5,14,SimpleAugmentingMatcher,-1,na,matching_size,1
U0,2,1.5,14,HopcroftKarpMatcher,0,na,paths_found_per_phase,1
U0,2,1.5,14,HopcroftKarpMatcher,0,na,bfs_edges_visited,2
U0,2,1.5,14,HopcroftKarpMatcher,0,na,dfs_edges_visited,2
U0,2,1.5,14,HopcroftKarpMatcher,0,na,defect_at_iteration,1
U0,2,1.5,14,HopcroftKarpMatcher,-1,na,phase_count,1
U0,2,1.5,14,HopcroftKarpMatcher,-1,na,main_loop_iters,1
U0,2,1.5,14,HopcroftKarpMatcher,-1,na,total_bfs_edges_visited,2
U0,2,1.5,14,HopcroftKarpMatcher,-1,na,total_edges_visited,4
U0,2,1.5,14,HopcroftKarpMatcher,-1,na,matching_size,1
U0,2,1.5,14,HopcroftKarpMatcher,-1,na,wall_clock_ms,0.005692
U0,2,1.5,14,HopcroftKarpMatcher,-1,na,matching_size,1
U0,3,1,43,Oracle,-1,na,oracle_size,1
U0,3,1,43,SimpleAugmentingMatcher,-1,na,wall_clock_ms,0.000541
U0,3,1,43,SimpleAugmentingMatcher,-1,na,matching_size,1
U0,3,1,43,HopcroftKarpMatcher,0,na,paths_found_per_phase,1
U0,3,1,43,HopcroftKarpMatcher,0,na,bfs_edges_visited,3
U0,3,1,43,HopcroftKarpMatcher,0,na,dfs_edges_visited,3
U0,3,1,43,HopcroftKarpMatcher,0,na,defect_at_iteration,2
U0,3,1,43,HopcroftKarpMatcher,-1,na,phase_count,1
U0,3,1,43,HopcroftKarpMatcher,-1,na,main_loop_iters,1
U0,3,1,43,HopcroftKarpMatcher,-1,na,total_bfs_edges_visited,3
U0,3,1,43,HopcroftKarpMatcher,-1,na,total_edges_visited,6
U0,3,1,43,HopcroftKarpMatcher,-1,na,matching_size,1
U0,3,1,43,HopcroftKarpMatcher,-1,na,wall_clock_ms,0.005603
U0,3,1,43,HopcroftKarpMatcher,-1,na,matching_size,1
U0,2,1.5,35,Oracle,-1,na,oracle_size,2
U0,2,1.5,35,SimpleAugmentingMatcher,-1,na,wall_clock_ms,0.000686
U0,2,1.5,35,SimpleAugmentingMatcher,-1,na,matching_size,2
U0,2,1.5,35,HopcroftKarpMatcher,0,na,paths_found_per_phase,2
U0,2,1.5,35,HopcroftKarpMatcher,0,na,bfs_edges_visited,2
U0,2,1.5,35,HopcroftKarpMatcher,0,na,dfs_edges_visited,2
U0,2,1.5,35,HopcroftKarpMatcher,0,na,defect_at_iteration,0
U0,2,1.5,35,HopcroftKarpMatcher,-1,na,phase_count,1
U0,2,1.5,35,HopcroftKarpMatcher,-1,na,main_loop_iters,1
U0,2,1.5,35,HopcroftKarpMatcher,-1,na,total_bfs_edges_visited,2
U0,2,1.5,35,HopcroftKarpMatcher,-1,na,total_edges_visited,4
U0,2,1.5,35,HopcroftKarpMatcher,-1,na,matching_size,2
U0,2,1.5,35,HopcroftKarpMatcher,-1,na,wall_clock_ms,0.005946
U0,2,1.5,35,HopcroftKarpMatcher,-1,na,matching_size,2
U0,5,1.5,21,Oracle,-1,na,oracle_size,5
U0,5,1.5,21,SimpleAugmentingMatcher,-1,na,wall_clock_ms,0.001053
U0,5,1.5,21,SimpleAugmentingMatcher,-1,na,matching_size,5
U0,5,1.5,21,HopcroftKarpMatcher,0,na,paths_found_per_phase,4
U0,5,1.5,21,HopcroftKarpMatcher,0,na,bfs_edges_visited,11
U0,5,1.5,21,HopcroftKarpMatcher,0,na,dfs_edges_visited,7
U0,5,1.5,21,HopcroftKarpMatcher,0,na,defect_at_iteration,1
U0,5,1.5,21,HopcroftKarpMatcher,1,na,paths_found_per_phase,1
U0,5,1.5,21,HopcroftKarpMatcher,1,na,bfs_edges_visited,9
U0,5,1.5,21,HopcroftKarpMatcher,1,na,dfs_edges_visited,8
U0,5,1.5,21,HopcroftKarpMatcher,1,na,defect_at_iteration,0
U0,5,1.5,21,HopcroftKarpMatcher,-1,na,phase_count,2
U0,5,1.5,21,HopcroftKarpMatcher,-1,na,main_loop_iters,2
U0,5,1.5,21,HopcroftKarpMatcher,-1,na,total_bfs_edges_visited,20
U0,5,1.5,21,HopcroftKarpMatcher,-1,na,total_edges_visited,35
U0,5,1.5,21,HopcroftKarpMatcher,-1,na,matching_size,5
U0,5,1.5,21,HopcroftKarpMatcher,-1,na,wall_clock_ms,0.00945
U0,5,1.5,21,HopcroftKarpMatcher,-1,na,matching_size,5
U0,4,1.5,34,Oracle,-1,na,oracle_size,3
U0,4,1.5,34,SimpleAugmentingMatcher,-1,na,wall_clock_ms,0.000676
U0,4,1.5,34,SimpleAugmentingMatcher,-1,na,matching_size,3
U0,4,1.5,34,HopcroftKarpMatcher,0,na,paths_found_per_phase,3
U0,4,1.5,34,HopcroftKarpMatcher,0,na,bfs_edges_visited,8
U0,4,1.5,34,HopcroftKarpMatcher,0,na,dfs_edges_visited,4
U0,4,1.5,34,HopcroftKarpMatcher,0,na,defect_at_iteration,1
U0,4,1.5,34,HopcroftKarpMatcher,-1,na,phase_count,1
U0,4,1.5,34,HopcroftKarpMatcher,-1,na,main_loop_iters,1
U0,4,1.5,34,HopcroftKarpMatcher,-1,na,total_bfs_edges_visited,8
U0,4,1.5,34,HopcroftKarpMatcher,-1,na,total_edges_visited,12
U0,4,1.5,34,HopcroftKarpMatcher,-1,na,matching_size,3
U0,4,1.5,34,HopcroftKarpMatcher,-1,na,wall_clock_ms,0.006827
U0,4,1.5,34,HopcroftKarpMatcher,-1,na,matching_size,3
U0,6,2,8,Oracle,-1,na,oracle_size,6
U0,6,2,8,SimpleAugmentingMatcher,-1,na,wall_clock_ms,0.00098
U0,6,2,8,SimpleAugmentingMatcher,-1,na,matching_size,6
U0,6,2,8,HopcroftKarpMatcher,0,na,paths_found_per_phase,6
U0,6,2,8,HopcroftKarpMatcher,0,na,bfs_edges_visited,36
U0,6,2,8,HopcroftKarpMatcher,0,na,dfs_edges_visited,21
U0,6,2,8,HopcroftKarpMatcher,0,na,defect_at_iteration,0
U0,6,2,8,HopcroftKarpMatcher,-1,na,phase_count,1
U0,6,2,8,HopcroftKarpMatcher,-1,na,main_loop_iters,1
U0,6,2,8,HopcroftKarpMatcher,-1,na,total_bfs_edges_visited,36
U0,6,2,8,HopcroftKarpMatcher,-1,na,total_edges_visited,57
U0,6,2,8,HopcroftKarpMatcher,-1,na,matching_size,6
U0,6,2,8,HopcroftKarpMatcher,-1,na,wall_clock_ms,0.006803
U0,6,2,8,HopcroftKarpMatcher,-1,na,matching_size,6
U0,5,2,16,Oracle,-1,na,oracle_size,5
U0,5,2,16,SimpleAugmentingMatcher,-1,na,wall_clock_ms,0.000791
U0,5,2,16,SimpleAugmentingMatcher,-1,na,matching_size,5
U0,5,2,16,HopcroftKarpMatcher,0,na,paths_found_per_phase,5
U0,5,2,16,HopcroftKarpMatcher,0,na,bfs_edges_visited,25
U0,5,2,16,HopcroftKarpMatcher,0,na,dfs_edges_visited,15
U0,5,2,16,HopcroftKarpMatcher,0,na,defect_at_iteration,0
U0,5,2,16,HopcroftKarpMatcher,-1,na,phase_count,1
U0,5,2,16,HopcroftKarpMatcher,-1,na,main_loop_iters,1
U0,5,2,16,HopcroftKarpMatcher,-1,na,total_bfs_edges_visited,25
U0,5,2,16,HopcroftKarpMatcher,-1,na,total_edges_visited,40
U0,5,2,16,HopcroftKarpMatcher,-1,na,matching_size,5
U0,5,2,16,HopcroftKarpMatcher,-1,na,wall_clock_ms,0.006614
U0,5,2,16,HopcroftKarpMatcher,-1,na,matching_size,5
U0,4,1.5,5,Oracle,-1,na,oracle_size,3
U0,4,1.5,5,SimpleAugmentingMatcher,-1,na,wall_clock_ms,0.00065
U0,4,1.5,5,SimpleAugmentingMatcher,-1,na,matching_size,3
U0,4,1.5,5,HopcroftKarpMatcher,0,na,paths_found_per_phase,3
U0,4,1.5,5,HopcroftKarpMatcher,0,na,bfs_edges_visited,8
U0,4,1.5,5,HopcroftKarpMatcher,0,na,dfs_edges_visited,5
U0,4,1.5,5,HopcroftKarpMatcher,0,na,defect_at_iteration,1
U0,4,1.5,5,HopcroftKarpMatcher,-1,na,phase_count,1
U0,4,1.5,5,HopcroftKarpMatcher,-1,na,main_loop_iters,1
U0,4,1.5,5,HopcroftKarpMatcher,-1,na,total_bfs_edges_visited,8
U0,4,1.5,5,HopcroftKarpMatcher,-1,na,total_edges_visited,13
U0,4,1.5,5,HopcroftKarpMatcher,-1,na,matching_size,3
U0,4,1.5,5,HopcroftKarpMatcher,-1,na,wall_clock_ms,0.006746
U0,4,1.5,5,HopcroftKarpMatcher,-1,na,matching_size,3
U0,6,2,18,Oracle,-1,na,oracle_size,6
U0,6,2,18,SimpleAugmentingMatcher,-1,na,wall_clock_ms,0.000915
U0,6,2,18,SimpleAugmentingMatcher,-1,na,matching_size,6
U0,6,2,18,HopcroftKarpMatcher,0,na,paths_found_per_phase,6
U0,6,2,18,HopcroftKarpMatcher,0,na,bfs_edges_visited,36
U0,6,2,18,HopcroftKarpMatcher,0,na,dfs_edges_visited,21
U0,6,2,18,HopcroftKarpMatcher,0,na,defect_at_iteration,0
U0,6,2,18,HopcroftKarpMatcher,-1,na,phase_count,1
U0,6,2,18,HopcroftKarpMatcher,-1,na,main_loop_iters,1
U0,6,2,18,HopcroftKarpMatcher,-1,na,total_bfs_edges_visited,36
U0,6,2,18,HopcroftKarpMatcher,-1,na,total_edges_visited,57
U0,6,2,18,HopcroftKarpMatcher,-1,na,matching_size,6
U0,6,2,18,HopcroftKarpMatcher,-1,na,wall_clock_ms,0.0075
U0,6,2,18,HopcroftKarpMatcher,-1,na,matching_size,6
U0,3,2,24,Oracle,-1,na,oracle_size,3
U0,3,2,24,SimpleAugmentingMatcher,-1,na,wall_clock_ms,0.000587
U0,3,2,24,SimpleAugmentingMatcher,-1,na,matching_size,3
U0,3,2,24,HopcroftKarpMatcher,0,na,paths_found_per_phase,3
U0,3,2,24,HopcroftKarpMatcher,0,na,bfs_edges_visited,9
U0,3,2,24,HopcroftKarpMatcher,0,na,dfs_edges_visited,6
U0,3,2,24,HopcroftKarpMatcher,0,na,defect_at_iteration,0
U0,3,2,24,HopcroftKarpMatcher,-1,na,phase_count,1
U0,3,2,24,HopcroftKarpMatcher,-1,na,main_loop_iters,1
U0,3,2,24,HopcroftKarpMatcher,-1,na,total_bfs_edges_visited,9
U0,3,2,24,HopcroftKarpMatcher,-1,na,total_edges_visited,15
U0,3,2,24,HopcroftKarpMatcher,-1,na,matching_size,3
U0,3,2,24,HopcroftKarpMatcher,-1,na,wall_clock_ms,0.006553
U0,3,2,24,HopcroftKarpMatcher,-1,na,matching_size,3
U0,6,1,0,Oracle,-1,na,oracle_size,4
U0,6,1,0,SimpleAugmentingMatcher,-1,na,wall_clock_ms,0.000753
U0,6,1,0,SimpleAugmentingMatcher,-1,na,matching_size,4
U0,6,1,0,HopcroftKarpMatcher,0,na,paths_found_per_phase,4
U0,6,1,0,HopcroftKarpMatcher,0,na,bfs_edges_visited,6
U0,6,1,0,HopcroftKarpMatcher,0,na,dfs_edges_visited,5
U0,6,1,0,HopcroftKarpMatcher,0,na,defect_at_iteration,2
U0,6,1,0,HopcroftKarpMatcher,-1,na,phase_count,1
U0,6,1,0,HopcroftKarpMatcher,-1,na,main_loop_iters,1
U0,6,1,0,HopcroftKarpMatcher,-1,na,total_bfs_edges_visited,6
U0,6,1,0,HopcroftKarpMatcher,-1,na,total_edges_visited,11
U0,6,1,0,HopcroftKarpMatcher,-1,na,matching_size,4
U0,6,1,0,HopcroftKarpMatcher,-1,na,wall_clock_ms,0.006476
U0,6,1,0,HopcroftKarpMatcher,-1,na,matching_size,4
U0,3,1,19,Oracle,-1,na,oracle_size,2
U0,3,1,19,SimpleAugmentingMatcher,-1,na,wall_clock_ms,0.000481
U0,3,1,19,SimpleAugmentingMatcher,-1,na,matching_size,2
U0,3,1,19,HopcroftKarpMatcher,0,na,paths_found_per_phase,2
U0,3,1,19,HopcroftKarpMatcher,0,na,bfs_edges_visited,3
U0,3,1,19,HopcroftKarpMatcher,0,na,dfs_edges_visited,2
U0,3,1,19,HopcroftKarpMatcher,0,na,defect_at_iteration,1
U0,3,1,19,HopcroftKarpMatcher,-1,na,phase_count,1
U0,3,1,19,HopcroftKarpMatcher,-1,na,main_loop_iters,1
U0,3,1,19,HopcroftKarpMatcher,-1,na,total_bfs_edges_visited,3
U0,3,1,19,HopcroftKarpMatcher,-1,na,total_edges_visited,5
U0,3,1,19,HopcroftKarpMatcher,-1,na,matching_size,2
U0,3,1,19,HopcroftKarpMatcher,-1,na,wall_clock_ms,0.006028
U0,3,1,19,HopcroftKarpMatcher,-1,na,matching_size,2
U0,3,1.5,4,Oracle,-1,na,oracle_size,2
U0,3,1.5,4,SimpleAugmentingMatcher,-1,na,wall_clock_ms,0.000486
U0,3,1.5,4,SimpleAugmentingMatcher,-1,na,matching_size,2
U0,3,1.5,4,HopcroftKarpMatcher,0,na,paths_found_per_phase,2
U0,3,1.5,4,HopcroftKarpMatcher,0,na,bfs_edges_visited,5
U0,3,1.5,4,HopcroftKarpMatcher,0,na,dfs_edges_visited,3
U0,3,1.5,4,HopcroftKarpMatcher,0,na,defect_at_iteration,1
U0,3,1.5,4,HopcroftKarpMatcher,-1,na,phase_count,1
U0,3,1.5,4,HopcroftKarpMatcher,-1,na,main_loop_iters,1
U0,3,1.5,4,HopcroftKarpMatcher,-1,na,total_bfs_edges_visited,5
U0,3,1.5,4,HopcroftKarpMatcher,-1,na,total_edges_visited,8
U0,3,1.5,4,HopcroftKarpMatcher,-1,na,matching_size,2
U0,3,1.5,4,HopcroftKarpMatcher,-1,na,wall_clock_ms,0.006223
U0,3,1.5,4,HopcroftKarpMatcher,-1,na,matching_size,2
U0,4,1,48,Oracle,-1,na,oracle_size,3
U0,4,1,48,SimpleAugmentingMatcher,-1,na,wall_clock_ms,0.000535
U0,4,1,48,SimpleAugmentingMatcher,-1,na,matching_size,3
U0,4,1,48,HopcroftKarpMatcher,0,na,paths_found_per_phase,3
U0,4,1,48,HopcroftKarpMatcher,0,na,bfs_edges_visited,4
U0,4,1,48,HopcroftKarpMatcher,0,na,dfs_edges_visited,3
U0,4,1,48,HopcroftKarpMatcher,0,na,defect_at_iteration,1
U0,4,1,48,HopcroftKarpMatcher,-1,na,phase_count,1
U0,4,1,48,HopcroftKarpMatcher,-1,na,main_loop_iters,1
U0,4,1,48,HopcroftKarpMatcher,-1,na,total_bfs_edges_visited,4
U0,4,1,48,HopcroftKarpMatcher,-1,na,total_edges_visited,7
U0,4,1,48,HopcroftKarpMatcher,-1,na,matching_size,3
U0,4,1,48,HopcroftKarpMatcher,-1,na,wall_clock_ms,0.006118
U0,4,1,48,HopcroftKarpMatcher,-1,na,matching_size,3
U0,5,1.5,26,Oracle,-1,na,oracle_size,4
U0,5,1.5,26,SimpleAugmentingMatcher,-1,na,wall_clock_ms,0.000808
U0,5,1.5,26,SimpleAugmentingMatcher,-1,na,matching_size,4
U0,5,1.5,26,HopcroftKarpMatcher,0,na,paths_found_per_phase,3
U0,5,1.5,26,HopcroftKarpMatcher,0,na,bfs_edges_visited,11
U0,5,1.5,26,HopcroftKarpMatcher,0,na,dfs_edges_visited,6
U0,5,1.5,26,HopcroftKarpMatcher,0,na,defect_at_iteration,2
U0,5,1.5,26,HopcroftKarpMatcher,1,na,paths_found_per_phase,1
U0,5,1.5,26,HopcroftKarpMatcher,1,na,bfs_edges_visited,8
U0,5,1.5,26,HopcroftKarpMatcher,1,na,dfs_edges_visited,5
U0,5,1.5,26,HopcroftKarpMatcher,1,na,defect_at_iteration,1
U0,5,1.5,26,HopcroftKarpMatcher,-1,na,phase_count,2
U0,5,1.5,26,HopcroftKarpMatcher,-1,na,main_loop_iters,2
U0,5,1.5,26,HopcroftKarpMatcher,-1,na,total_bfs_edges_visited,19
U0,5,1.5,26,HopcroftKarpMatcher,-1,na,total_edges_visited,30
U0,5,1.5,26,HopcroftKarpMatcher,-1,na,matching_size,4
U0,5,1.5,26,HopcroftKarpMatcher,-1,na,wall_clock_ms,0.009797
U0,5,1.5,26,HopcroftKarpMatcher,-1,na,matching_size,4
U0,3,1.5,38,Oracle,-1,na,oracle_size,3
U0,3,1.5,38,SimpleAugmentingMatcher,-1,na,wall_clock_ms,0.000577
U0,3,1.5,38,SimpleAugmentingMatcher,-1,na,matching_size,3
U0,3,1.5,38,HopcroftKarpMatcher,0,na,paths_found_per_phase,3
U0,3,1.5,38,HopcroftKarpMatcher,0,na,bfs_edges_visited,5
U0,3,1.5,38,HopcroftKarpMatcher,0,na,dfs_edges_visited,4
U0,3,1.5,38,HopcroftKarpMatcher,0,na,defect_at_iteration,0
U0,3,1.5,38,HopcroftKarpMatcher,-1,na,phase_count,1
U0,3,1.5,38,HopcroftKarpMatcher,-1,na,main_loop_iters,1
U0,3,1.5,38,HopcroftKarpMatcher,-1,na,total_bfs_edges_visited,5
U0,3,1.5,38,HopcroftKarpMatcher,-1,na,total_edges_visited,9
U0,3,1.5,38,HopcroftKarpMatcher,-1,na,matching_size,3
U0,3,1.5,38,HopcroftKarpMatcher,-1,na,wall_clock_ms,0.005951
U0,3,1.5,38,HopcroftKarpMatcher,-1,na,matching_size,3
U0,5,1.5,38,Oracle,-1,na,oracle_size,4
U0,5,1.5,38,SimpleAugmentingMatcher,-1,na,wall_clock_ms,0.000682
U0,5,1.5,38,SimpleAugmentingMatcher,-1,na,matching_size,4
U0,5,1.5,38,HopcroftKarpMatcher,0,na,paths_found_per_phase,3
U0,5,1.5,38,HopcroftKarpMatcher,0,na,bfs_edges_visited,11
U0,5,1.5,38,HopcroftKarpMatcher,0,na,dfs_edges_visited,6
U0,5,1.5,38,HopcroftKarpMatcher,0,na,defect_at_iteration,2
U0,5,1.5,38,HopcroftKarpMatcher,1,na,paths_found_per_phase,1
U0,5,1.5,38,HopcroftKarpMatcher,1,na,bfs_edges_visited,9
U0,5,1.5,38,HopcroftKarpMatcher,1,na,dfs_edges_visited,4
U0,5,1.5,38,HopcroftKarpMatcher,1,na,defect_at_iteration,1
U0,5,1.5,38,HopcroftKarpMatcher,-1,na,phase_count,2
U0,5,1.5,38,HopcroftKarpMatcher,-1,na,main_loop_iters,2
U0,5,1.5,38,HopcroftKarpMatcher,-1,na,total_bfs_edges_visited,20
U0,5,1.5,38,HopcroftKarpMatcher,-1,na,total_edges_visited,30
U0,5,1.5,38,HopcroftKarpMatcher,-1,na,matching_size,4
U0,5,1.5,38,HopcroftKarpMatcher,-1,na,wall_clock_ms,0.009087
U0,5,1.5,38,HopcroftKarpMatcher,-1,na,matching_size,4
U0,2,2,14,Oracle,-1,na,oracle_size,2
U0,2,2,14,SimpleAugmentingMatcher,-1,na,wall_clock_ms,0.000455
U0,2,2,14,SimpleAugmentingMatcher,-1,na,matching_size,2
U0,2,2,14,HopcroftKarpMatcher,0,na,paths_found_per_phase,2
U0,2,2,14,HopcroftKarpMatcher,0,na,bfs_edges_visited,4
U0,2,2,14,HopcroftKarpMatcher,0,na,dfs_edges_visited,3
U0,2,2,14,HopcroftKarpMatcher,0,na,defect_at_iteration,0
U0,2,2,14,HopcroftKarpMatcher,-1,na,phase_count,1
U0,2,2,14,HopcroftKarpMatcher,-1,na,main_loop_iters,1
U0,2,2,14,HopcroftKarpMatcher,-1,na,total_bfs_edges_visited,4
U0,2,2,14,HopcroftKarpMatcher,-1,na,total_edges_visited,7
U0,2,2,14,HopcroftKarpMatcher,-1,na,matching_size,2
U0,2,2,14,HopcroftKarpMatcher,-1,na,wall_clock_ms,0.005763
U0,2,2,14,HopcroftKarpMatcher,-1,na,matching_size,2
U0,2,1,40,Oracle,-1,na,oracle_size,1
U0,2,1,40,SimpleAugmentingMatcher,-1,na,wall_clock_ms,0.000566
U0,2,1,40,SimpleAugmentingMatcher,-1,na,matching_size,1
U0,2,1,40,HopcroftKarpMatcher,0,na,paths_found_per_phase,1
U0,2,1,40,HopcroftKarpMatcher,0,na,bfs_edges_visited,2
U0,2,1,40,HopcroftKarpMatcher,0,na,dfs_edges_visited,1
U0,2,1,40,HopcroftKarpMatcher,0,na,defect_at_iteration,1
U0,2,1,40,HopcroftKarpMatcher,-1,na,phase_count,1
U0,2,1,40,HopcroftKarpMatcher,-1,na,main_loop_iters,1
U0,2,1,40,HopcroftKarpMatcher,-1,na,total_bfs_edges_visited,2
U0,2,1,40,HopcroftKarpMatcher,-1,na,total_edges_visited,3
U0,2,1,40,HopcroftKarpMatcher,-1,na,matching_size,1
U0,2,1,40,HopcroftKarpMatcher,-1,na,wall_clock_ms,0.006021
U0,2,1,40,HopcroftKarpMatcher,-1,na,matching_size,1
U0,3,1,7,Oracle,-1,na,oracle_size,2
U0,3,1,7,SimpleAugmentingMatcher,-1,na,wall_clock_ms,0.000595
U0,3,1,7,SimpleAugmentingMatcher,-1,na,matching_size,2
U0,3,1,7,HopcroftKarpMatcher,0,na,paths_found_per_phase,2
U0,3,1,7,HopcroftKarpMatcher,0,na,bfs_edges_visited,3
U0,3,1,7,HopcroftKarpMatcher,0,na,dfs_edges_visited,3
U0,3,1,7,HopcroftKarpMatcher,0,na,defect_at_iteration,1
U0,3,1,7,HopcroftKarpMatcher,-1,na,phase_count,1
U0,3,1,7,HopcroftKarpMatcher,-1,na,main_loop_iters,1
U0,3,1,7,HopcroftKarpMatcher,-1,na,total_bfs_edges_visited,3
U0,3,1,7,HopcroftKarpMatcher,-1,na,total_edges_visited,6
U0,3,1,7,HopcroftKarpMatcher,-1,na,matching_size,2
U0,3,1,7,HopcroftKarpMatcher,-1,na,wall_clock_ms,0.005837
U0,3,1,7,HopcroftKarpMatcher,-1,na,matching_size,2
U0,2,1,6,Oracle,-1,na,oracle_size,1
U0,2,1,6,SimpleAugmentingMatcher,-1,na,wall_clock_ms,0.000595
U0,2,1,6,SimpleAugmentingMatcher,-1,na,matching_size,1
U0,2,1,6,HopcroftKarpMatcher,0,na,paths_found_per_phase,1
U0,2,1,6,HopcroftKarpMatcher,0,na,bfs_edges_visited,2
U0,2,1,6,HopcroftKarpMatcher,0,na,dfs_edges_visited,2
U0,2,1,6,HopcroftKarpMatcher,0,na,defect_at_iteration,1
U0,2,1,6,HopcroftKarpMatcher,-1,na,phase_count,1
U0,2,1,6,HopcroftKarpMatcher,-1,na,main_loop_iters,1
U0,2,1,6,HopcroftKarpMatcher,-1,na,total_bfs_edges_visited,2
U0,2,1,6,HopcroftKarpMatcher,-1,na,total_edges_visited,4
U0,2,1,6,HopcroftKarpMatcher,-1,na,matching_size,1
U0,2,1,6,HopcroftKarpMatcher,-1,na,wall_clock_ms,0.005855
U0,2,1,6,HopcroftKarpMatcher,-1,na,matching_size,1
U0,4,1.5,2,Oracle,-1,na,oracle_size,4
U0,4,1.5,2,SimpleAugmentingMatcher,-1,na,wall_clock_ms,0.000454
U0,4,1.5,2,SimpleAugmentingMatcher,-1,na,matching_size,4
U0,4,1.5,2,HopcroftKarpMatcher,0,na,paths_found_per_phase,4
U0,4,1.5,2,HopcroftKarpMatcher,0,na,bfs_edges_visited,8
U0,4,1.5,2,HopcroftKarpMatcher,0,na,dfs_edges_visited,4
U0,4,1.5,2,HopcroftKarpMatcher,0,na,defect_at_iteration,0
U0,4,1.5,2,HopcroftKarpMatcher,-1,na,phase_count,1
U0,4,1.5,2,HopcroftKarpMatcher,-1,na,main_loop_iters,1
U0,4,1.5,2,HopcroftKarpMatcher,-1,na,total_bfs_edges_visited,8
U0,4,1.5,2,HopcroftKarpMatcher,-1,na,total_edges_visited,12
U0,4,1.5,2,HopcroftKarpMatcher,-1,na,matching_size,4
U0,4,1.5,2,HopcroftKarpMatcher,-1,na,wall_clock_ms,0.006689
U0,4,1.5,2,HopcroftKarpMatcher,-1,na,matching_size,4
U0,2,2,46,Oracle,-1,na,oracle_size,2
U0,2,2,46,SimpleAugmentingMatcher,-1,na,wall_clock_ms,0.000388
U0,2,2,46,SimpleAugmentingMatcher,-1,na,matching_size,2
U0,2,2,46,HopcroftKarpMatcher,0,na,paths_found_per_phase,2
U0,2,2,46,HopcroftKarpMatcher,0,na,bfs_edges_visited,4
U0,2,2,46,HopcroftKarpMatcher,0,na,dfs_edges_visited,3
U0,2,2,46,HopcroftKarpMatcher,0,na,defect_at_iteration,0
U0,2,2,46,HopcroftKarpMatcher,-1,na,phase_count,1
U0,2,2,46,HopcroftKarpMatcher,-1,na,main_loop_iters,1
U0,2,2,46,HopcroftKarpMatcher,-1,na,total_bfs_edges_visited,4
U0,2,2,46,HopcroftKarpMatcher,-1,na,total_edges_visited,7
U0,2,2,46,HopcroftKarpMatcher,-1,na,matching_size,2
U0,2,2,46,HopcroftKarpMatcher,-1,na,wall_clock_ms,0.005927
U0,2,2,46,HopcroftKarpMatcher,-1,na,matching_size,2
U0,4,1,25,Oracle,-1,na,oracle_size,2
U0,4,1,25,SimpleAugmentingMatcher,-1,na,wall_clock_ms,0.000597
U0,4,1,25,SimpleAugmentingMatcher,-1,na,matching_size,2
U0,4,1,25,HopcroftKarpMatcher,0,na,paths_found_per_phase,2
U0,4,1,25,HopcroftKarpMatcher,0,na,bfs_edges_visited,4
U0,4,1,25,HopcroftKarpMatcher,0,na,dfs_edges_visited,4
U0,4,1,25,HopcroftKarpMatcher,0,na,defect_at_iteration,2
U0,4,1,25,HopcroftKarpMatcher,-1,na,phase_count,1
U0,4,1,25,HopcroftKarpMatcher,-1,na,main_loop_iters,1
U0,4,1,25,HopcroftKarpMatcher,-1,na,total_bfs_edges_visited,4
U0,4,1,25,HopcroftKarpMatcher,-1,na,total_edges_visited,8
U0,4,1,25,HopcroftKarpMatcher,-1,na,matching_size,2
U0,4,1,25,HopcroftKarpMatcher,-1,na,wall_clock_ms,0.006148
U0,4,1,25,HopcroftKarpMatcher,-1,na,matching_size,2
U0,6,1,49,Oracle,-1,na,oracle_size,3
U0,6,1,49,SimpleAugmentingMatcher,-1,na,wall_clock_ms,0.000714
U0,6,1,49,SimpleAugmentingMatcher,-1,na,matching_size,3
U0,6,1,49,HopcroftKarpMatcher,0,na,paths_found_per_phase,3
U0,6,1,49,HopcroftKarpMatcher,0,na,bfs_edges_visited,6
U0,6,1,49,HopcroftKarpMatcher,0,na,dfs_edges_visited,3
U0,6,1,49,HopcroftKarpMatcher,0,na,defect_at_iteration,3
U0,6,1,49,HopcroftKarpMatcher,-1,na,phase_count,1
U0,6,1,49,HopcroftKarpMatcher,-1,na,main_loop_iters,1
U0,6,1,49,HopcroftKarpMatcher,-1,na,total_bfs_edges_visited,6
U0,6,1,49,HopcroftKarpMatcher,-1,na,total_edges_visited,9
U0,6,1,49,HopcroftKarpMatcher,-1,na,matching_size,3
U0,6,1,49,HopcroftKarpMatcher,-1,na,wall_clock_ms,0.006788
U0,6,1,49,HopcroftKarpMatcher,-1,na,matching_size,3
U0,3,1,45,Oracle,-1,na,oracle_size,2
U0,3,1,45,SimpleAugmentingMatcher,-1,na,wall_clock_ms,0.000535
U0,3,1,45,SimpleAugmentingMatcher,-1,na,matching_size,2
U0,3,1,45,HopcroftKarpMatcher,0,na,paths_found_per_phase,2
U0,3,1,45,HopcroftKarpMatcher,0,na,bfs_edges_visited,3
U0,3,1,45,HopcroftKarpMatcher,0,na,dfs_edges_visited,2
U0,3,1,45,HopcroftKarpMatcher,0,na,defect_at_iteration,1
U0,3,1,45,HopcroftKarpMatcher,-1,na,phase_count,1
U0,3,1,45,HopcroftKarpMatcher,-1,na,main_loop_iters,1
U0,3,1,45,HopcroftKarpMatcher,-1,na,total_bfs_edges_visited,3
U0,3,1,45,HopcroftKarpMatcher,-1,na,total_edges_visited,5
U0,3,1,45,HopcroftKarpMatcher,-1,na,matching_size,2
U0,3,1,45,HopcroftKarpMatcher,-1,na,wall_clock_ms,0.006187
U0,3,1,45,HopcroftKarpMatcher,-1,na,matching_size,2
U0,4,1,21,Oracle,-1,na,oracle_size,3
U0,4,1,21,SimpleAugmentingMatcher,-1,na,wall_clock_ms,0.000518
U0,4,1,21,SimpleAugmentingMatcher,-1,na,matching_size,3
U0,4,1,21,HopcroftKarpMatcher,0,na,paths_found_per_phase,3
U0,4,1,21,HopcroftKarpMatcher,0,na,bfs_edges_visited,4
U0,4,1,21,HopcroftKarpMatcher,0,na,dfs_edges_visited,3
U0,4,1,21,HopcroftKarpMatcher,0,na,defect_at_iteration,1
U0,4,1,21,HopcroftKarpMatcher,-1,na,phase_count,1
U0,4,1,21,HopcroftKarpMatcher,-1,na,main_loop_iters,1
U0,4,1,21,HopcroftKarpMatcher,-1,na,total_bfs_edges_visited,4
U0,4,1,21,HopcroftKarpMatcher,-1,na,total_edges_visited,7
U0,4,1,21,HopcroftKarpMatcher,-1,na,matching_size,3
U0,4,1,21,HopcroftKarpMatcher,-1,na,wall_clock_ms,0.005827
U0,4,1,21,HopcroftKarpMatcher,-1,na,matching_size,3
U0,3,1.5,32,Oracle,-1,na,oracle_size,3
U0,3,1.5,32,SimpleAugmentingMatcher,-1,na,wall_clock_ms,0.000475
U0,3,1.5,32,SimpleAugmentingMatcher,-1,na,matching_size,3
U0,3,1.5,32,HopcroftKarpMatcher,0,na,paths_found_per_phase,2
U0,3,1.5,32,HopcroftKarpMatcher,0,na,bfs_edges_visited,5
U0,3,1.5,32,HopcroftKarpMatcher,0,na,dfs_edges_visited,3
U0,3,1.5,32,HopcroftKarpMatcher,0,na,defect_at_iteration,1
U0,3,1.5,32,HopcroftKarpMatcher,1,na,paths_found_per_phase,1
U0,3,1.5,32,HopcroftKarpMatcher,1,na,bfs_edges_visited,4
U0,3,1.5,32,HopcroftKarpMatcher,1,na,dfs_edges_visited,3
U0,3,1.5,32,HopcroftKarpMatcher,1,na,defect_at_iteration,0
U0,3,1.5,32,HopcroftKarpMatcher,-1,na,phase_count,2
U0,3,1.5,32,HopcroftKarpMatcher,-1,na,main_loop_iters,2
U0,3,1.5,32,HopcroftKarpMatcher,-1,na,total_bfs_edges_visited,9
U0,3,1.5,32,HopcroftKarpMatcher,-1,na,total_edges_visited,15
U0,3,1.5,32,HopcroftKarpMatcher,-1,na,matching_size,3
U0,3,1.5,32,HopcroftKarpMatcher,-1,na,wall_clock_ms,0.008933
U0,3,1.5,32,HopcroftKarpMatcher,-1,na,matching_size,3
U0,6,1,24,Oracle,-1,na,oracle_size,4
U0,6,1,24,SimpleAugmentingMatcher,-1,na,wall_clock_ms,0.000594
U0,6,1,24,SimpleAugmentingMatcher,-1,na,matching_size,4
U0,6,1,24,HopcroftKarpMatcher,0,na,paths_found_per_phase,3
U0,6,1,24,HopcroftKarpMatcher,0,na,bfs_edges_visited,6
U0,6,1,24,HopcroftKarpMatcher,0,na,dfs_edges_visited,4
U0,6,1,24,HopcroftKarpMatcher,0,na,defect_at_iteration,3
U0,6,1,24,HopcroftKarpMatcher,1,na,paths_found_per_phase,1
U0,6,1,24,HopcroftKarpMatcher,1,na,bfs_edges_visited,3
U0,6,1,24,HopcroftKarpMatcher,1,na,dfs_edges_visited,3
U0,6,1,24,HopcroftKarpMatcher,1,na,defect_at_iteration,2
U0,6,1,24,HopcroftKarpMatcher,-1,na,phase_count,2
U0,6,1,24,HopcroftKarpMatcher,-1,na,main_loop_iters,2
U0,6,1,24,HopcroftKarpMatcher,-1,na,total_bfs_edges_visited,9
U0,6,1,24,HopcroftKarpMatcher,-1,na,total_edges_visited,16
U0,6,1,24,HopcroftKarpMatcher,-1,na,matching_size,4
U0,6,1,24,HopcroftKarpMatcher,-1,na,wall_clock_ms,0.006686
U0,6,1,24,HopcroftKarpMatcher,-1,na,matching_size,4
U0,4,1.5,33,Oracle,-1,na,oracle_size,3
U0,4,1.5,33,SimpleAugmentingMatcher,-1,na,wall_clock_ms,0.000666
U0,4,1.5,33,SimpleAugmentingMatcher,-1,na,matching_size,3
U0,4,1.5,33,HopcroftKarpMatcher,0,na,paths_found_per_phase,3
U0,4,1.5,33,HopcroftKarpMatcher,0,na,bfs_edges_visited,8
U0,4,1.5,33,HopcroftKarpMatcher,0,na,dfs_edges_visited,5
U0,4,1.5,33,HopcroftKarpMatcher,0,na,defect_at_iteration,1
U0,4,1.5,33,HopcroftKarpMatcher,-1,na,phase_count,1
U0,4,1.5,33,HopcroftKarpMatcher,-1,na,main_loop_iters,1
U0,4,1.5,33,HopcroftKarpMatcher,-1,na,total_bfs_edges_visited,8
U0,4,1.5,33,HopcroftKarpMatcher,-1,na,total_edges_visited,13
U0,4,1.5,33,HopcroftKarpMatcher,-1,na,matching_size,3
U0,4,1.5,33,HopcroftKarpMatcher,-1,na,wall_clock_ms,0.007601
U0,4,1.5,33,HopcroftKarpMatcher,-1,na,matching_size,3
U0,3,2,40,Oracle,-1,na,oracle_size,3
U0,3,2,40,SimpleAugmentingMatcher,-1,na,wall_clock_ms,0.000494
U0,3,2,40,SimpleAugmentingMatcher,-1,na,matching_size,3
U0,3,2,40,HopcroftKarpMatcher,0,na,paths_found_per_phase,3
U0,3,2,40,HopcroftKarpMatcher,0,na,bfs_edges_visited,9
U0,3,2,40,HopcroftKarpMatcher,0,na,dfs_edges_visited,6
U0,3,2,40,HopcroftKarpMatcher,0,na,defect_at_iteration,0
U0,3,2,40,HopcroftKarpMatcher,-1,na,phase_count,1
U0,3,2,40,HopcroftKarpMatcher,-1,na,main_loop_iters,1
U0,3,2,40,HopcroftKarpMatcher,-1,na,total_bfs_edges_visited,9
U0,3,2,40,HopcroftKarpMatcher,-1,na,total_edges_visited,15
U0,3,2,40,HopcroftKarpMatcher,-1,na,matching_size,3
U0,3,2,40,HopcroftKarpMatcher,-1,na,wall_clock_ms,0.006826
U0,3,2,40,HopcroftKarpMatcher,-1,na,matching_size,3
U0,4,2,9,Oracle,-1,na,oracle_size,4
U0,4,2,9,SimpleAugmentingMatcher,-1,na,wall_clock_ms,0.00054
U0,4,2,9,SimpleAugmentingMatcher,-1,na,matching_size,4
U0,4,2,9,HopcroftKarpMatcher,0,na,paths_found_per_phase,4
U0,4,2,9,HopcroftKarpMatcher,0,na,bfs_edges_visited,16
U0,4,2,9,HopcroftKarpMatcher,0,na,dfs_edges_visited,10
U0,4,2,9,HopcroftKarpMatcher,0,na,defect_at_iteration,0
U0,4,2,9,HopcroftKarpMatcher,-1,na,phase_count,1
U0,4,2,9,HopcroftKarpMatcher,-1,na,main_loop_iters,1
U0,4,2,9,HopcroftKarpMatcher,-1,na,total_bfs_edges_visited,16
U0,4,2,9,HopcroftKarpMatcher,-1,na,total_edges_visited,26
U0,4,2,9,HopcroftKarpMatcher,-1,na,matching_size,4
U0,4,2,9,HopcroftKarpMatcher,-1,na,wall_clock_ms,0.006802
U0,4,2,9,HopcroftKarpMatcher,-1,na,matching_size,4
U0,3,1.5,39,Oracle,-1,na,oracle_size,3
U0,3,1.5,39,SimpleAugmentingMatcher,-1,na,wall_clock_ms,0.000615
U0,3,1.5,39,SimpleAugmentingMatcher,-1,na,matching_size,3
U0,3,1.5,39,HopcroftKarpMatcher,0,na,paths_found_per_phase,3
U0,3,1.5,39,HopcroftKarpMatcher,0,na,bfs_edges_visited,5
U0,3,1.5,39,HopcroftKarpMatcher,0,na,dfs_edges_visited,3
U0,3,1.5,39,HopcroftKarpMatcher,0,na,defect_at_iteration,0
U0,3,1.5,39,HopcroftKarpMatcher,-1,na,phase_count,1
U0,3,1.5,39,HopcroftKarpMatcher,-1,na,main_loop_iters,1
U0,3,1.5,39,HopcroftKarpMatcher,-1,na,total_bfs_edges_visited,5
U0,3,1.5,39,HopcroftKarpMatcher,-1,na,total_edges_visited,8
U0,3,1.5,39,HopcroftKarpMatcher,-1,na,matching_size,3
U0,3,1.5,39,HopcroftKarpMatcher,-1,na,wall_clock_ms,0.006711
U0,3,1.5,39,HopcroftKarpMatcher,-1,na,matching_size,3
U0,6,1.5,33,Oracle,-1,na,oracle_size,5
U0,6,1.5,33,SimpleAugmentingMatcher,-1,na,wall_clock_ms,0.001086
U0,6,1.5,33,SimpleAugmentingMatcher,-1,na,matching_size,5
U0,6,1.5,33,HopcroftKarpMatcher,0,na,paths_found_per_phase,5
U0,6,1.5,33,HopcroftKarpMatcher,0,na,bfs_edges_visited,14
U0,6,1.5,33,HopcroftKarpMatcher,0,na,dfs_edges_visited,9
U0,6,1.5,33,HopcroftKarpMatcher,0,na,defect_at_iteration,1
U0,6,1.5,33,HopcroftKarpMatcher,-1,na,phase_count,1
U0,6,1.5,33,HopcroftKarpMatcher,-1,na,main_loop_iters,1
U0,6,1.5,33,HopcroftKarpMatcher,-1,na,total_bfs_edges_visited,14
U0,6,1.5,33,HopcroftKarpMatcher,-1,na,total_edges_visited,23
U0,6,1.5,33,HopcroftKarpMatcher,-1,na,matching_size,5
U0,6,1.5,33,HopcroftKarpMatcher,-1,na,wall_clock_ms,0.007361
U0,6,1.5,33,HopcroftKarpMatcher,-1,na,matching_size,5
U0,6,1.5,34,Oracle,-1,na,oracle_size,6
U0,6,1.5,34,SimpleAugmentingMatcher,-1,na,wall_clock_ms,0.001124
U0,6,1.5,34,SimpleAugmentingMatcher,-1,na,matching_size,6
U0,6,1.5,34,HopcroftKarpMatcher,0,na,paths_found_per_phase,5
U0,6,1.5,34,HopcroftKarpMatcher,0,na,bfs_edges_visited,14
U0,6,1.5,34,HopcroftKarpMatcher,0,na,dfs_edges_visited,10
U0,6,1.5,34,HopcroftKarpMatcher,0,na,defect_at_iteration,1
U0,6,1.5,34,HopcroftKarpMatcher,1,na,paths_found_per_phase,1
U0,6,1.5,34,HopcroftKarpMatcher,1,na,bfs_edges_visited,13
U0,6,1.5,34,HopcroftKarpMatcher,1,na,dfs_edges_visited,9
U0,6,1.5,34,HopcroftKarpMatcher,1,na,defect_at_iteration,0
U0,6,1.5,34,HopcroftKarpMatcher,-1,na,phase_count,2
U0,6,1.5,34,HopcroftKarpMatcher,-1,na,main_loop_iters,2
U0,6,1.5,34,HopcroftKarpMatcher,-1,na,total_bfs_edges_visited,27
U0,6,1.5,34,HopcroftKarpMatcher,-1,na,total_edges_visited,46
U0,6,1.5,34,HopcroftKarpMatcher,-1,na,matching_size,6
U0,6,1.5,34,HopcroftKarpMatcher,-1,na,wall_clock_ms,0.009782
U0,6,1.5,34,HopcroftKarpMatcher,-1,na,matching_size,6
U0,6,1.5,14,Oracle,-1,na,oracle_size,6
U0,6,1.5,14,SimpleAugmentingMatcher,-1,na,wall_clock_ms,0.001011
U0,6,1.5,14,SimpleAugmentingMatcher,-1,na,matching_size,6
U0,6,1.5,14,HopcroftKarpMatcher,0,na,paths_found_per_phase,5
U0,6,1.5,14,HopcroftKarpMatcher,0,na,bfs_edges_visited,14
U0,6,1.5,14,HopcroftKarpMatcher,0,na,dfs_edges_visited,10
U0,6,1.5,14,HopcroftKarpMatcher,0,na,defect_at_iteration,1
U0,6,1.5,14,HopcroftKarpMatcher,1,na,paths_found_per_phase,1
U0,6,1.5,14,HopcroftKarpMatcher,1,na,bfs_edges_visited,9
U0,6,1.5,14,HopcroftKarpMatcher,1,na,dfs_edges_visited,10
U0,6,1.5,14,HopcroftKarpMatcher,1,na,defect_at_iteration,0
U0,6,1.5,14,HopcroftKarpMatcher,-1,na,phase_count,2
U0,6,1.5,14,HopcroftKarpMatcher,-1,na,main_loop_iters,2
U0,6,1.5,14,HopcroftKarpMatcher,-1,na,total_bfs_edges_visited,23
U0,6,1.5,14,HopcroftKarpMatcher,-1,na,total_edges_visited,43
U0,6,1.5,14,HopcroftKarpMatcher,-1,na,matching_size,6
U0,6,1.5,14,HopcroftKarpMatcher,-1,na,wall_clock_ms,0.009756
U0,6,1.5,14,HopcroftKarpMatcher,-1,na,matching_size,6
U0,6,1.5,11,Oracle,-1,na,oracle_size,5
U0,6,1.5,11,SimpleAugmentingMatcher,-1,na,wall_clock_ms,0.000877
U0,6,1.5,11,SimpleAugmentingMatcher,-1,na,matching_size,5
U0,6,1.5,11,HopcroftKarpMatcher,0,na,paths_found_per_phase,4
U0,6,1.5,11,HopcroftKarpMatcher,0,na,bfs_edges_visited,14
U0,6,1.5,11,HopcroftKarpMatcher,0,na,dfs_edges_visited,9
U0,6,1.5,11,HopcroftKarpMatcher,0,na,defect_at_iteration,2
U0,6,1.5,11,HopcroftKarpMatcher,1,na,paths_found_per_phase,1
U0,6,1.5,11,HopcroftKarpMatcher,1,na,bfs_edges_visited,5
U0,6,1.5,11,HopcroftKarpMatcher,1,na,dfs_edges_visited,9
U0,6,1.5,11,HopcroftKarpMatcher,1,na,defect_at_iteration,1
U0,6,1.5,11,HopcroftKarpMatcher,-1,na,phase_count,2
U0,6,1.5,11,HopcroftKarpMatcher,-1,na,main_loop_iters,2
U0,6,1.5,11,HopcroftKarpMatcher,-1,na,total_bfs_edges_visited,19
U0,6,1.5,11,HopcroftKarpMatcher,-1,na,total_edges_visited,37
U0,6,1.5,11,HopcroftKarpMatcher,-1,na,matching_size,5
U0,6,1.5,11,HopcroftKarpMatcher,-1,na,wall_clock_ms,0.010318
U0,6,1.5,11,HopcroftKarpMatcher,-1,na,matching_size,5
U0,2,2,47,Oracle,-1,na,oracle_size,2
U0,2,2,47,SimpleAugmentingMatcher,-1,na,wall_clock_ms,0.000432
U0,2,2,47,SimpleAugmentingMatcher,-1,na,matching_size,2
U0,2,2,47,HopcroftKarpMatcher,0,na,paths_found_per_phase,2
U0,2,2,47,HopcroftKarpMatcher,0,na,bfs_edges_visited,4
U0,2,2,47,HopcroftKarpMatcher,0,na,dfs_edges_visited,3
U0,2,2,47,HopcroftKarpMatcher,0,na,defect_at_iteration,0
U0,2,2,47,HopcroftKarpMatcher,-1,na,phase_count,1
U0,2,2,47,HopcroftKarpMatcher,-1,na,main_loop_iters,1
U0,2,2,47,HopcroftKarpMatcher,-1,na,total_bfs_edges_visited,4
U0,2,2,47,HopcroftKarpMatcher,-1,na,total_edges_visited,7
U0,2,2,47,HopcroftKarpMatcher,-1,na,matching_size,2
U0,2,2,47,HopcroftKarpMatcher,-1,na,wall_clock_ms,0.005701
U0,2,2,47,HopcroftKarpMatcher,-1,na,matching_size,2
U0,6,2,34,Oracle,-1,na,oracle_size,6
U0,6,2,34,SimpleAugmentingMatcher,-1,na,wall_clock_ms,0.000808
U0,6,2,34,SimpleAugmentingMatcher,-1,na,matching_size,6
U0,6,2,34,HopcroftKarpMatcher,0,na,paths_found_per_phase,6
U0,6,2,34,HopcroftKarpMatcher,0,na,bfs_edges_visited,36
U0,6,2,34,HopcroftKarpMatcher,0,na,dfs_edges_visited,21
U0,6,2,34,HopcroftKarpMatcher,0,na,defect_at_iteration,0
U0,6,2,34,HopcroftKarpMatcher,-1,na,phase_count,1
U0,6,2,34,HopcroftKarpMatcher,-1,na,main_loop_iters,1
U0,6,2,34,HopcroftKarpMatcher,-1,na,total_bfs_edges_visited,36
U0,6,2,34,HopcroftKarpMatcher,-1,na,total_edges_visited,57
U0,6,2,34,HopcroftKarpMatcher,-1,na,matching_size,6
U0,6,2,34,HopcroftKarpMatcher,-1,na,wall_clock_ms,0.005046
U0,6,2,34,HopcroftKarpMatcher,-1,na,matching_size,6
U0,3,2,16,Oracle,-1,na,oracle_size,3
U0,3,2,16,SimpleAugmentingMatcher,-1,na,wall_clock_ms,0.000459
U0,3,2,16,SimpleAugmentingMatcher,-1,na,matching_size,3
U0,3,2,16,HopcroftKarpMatcher,0,na,paths_found_per_phase,3
U0,3,2,16,HopcroftKarpMatcher,0,na,bfs_edges_visited,9
U0,3,2,16,HopcroftKarpMatcher,0,na,dfs_edges_visited,6
U0,3,2,16,HopcroftKarpMatcher,0,na,defect_at_iteration,0
U0,3,2,16,HopcroftKarpMatcher,-1,na,phase_count,1
U0,3,2,16,HopcroftKarpMatcher,-1,na,main_loop_iters,1
U0,3,2,16,HopcroftKarpMatcher,-1,na,total_bfs_edges_visited,9
U0,3,2,16,HopcroftKarpMatcher,-1,na,total_edges_visited,15
U0,3,2,16,HopcroftKarpMatcher,-1,na,matching_size,3
U0,3,2,16,HopcroftKarpMatcher,-1,na,wall_clock_ms,0.005119
U0,3,2,16,HopcroftKarpMatcher,-1,na,matching_size,3
U0,4,1,46,Oracle,-1,na,oracle_size,3
U0,4,1,46,SimpleAugmentingMatcher,-1,na,wall_clock_ms,0.000661
U0,4,1,46,SimpleAugmentingMatcher,-1,na,matching_size,3
U0,4,1,46,HopcroftKarpMatcher,0,na,paths_found_per_phase,3
U0,4,1,46,HopcroftKarpMatcher,0,na,bfs_edges_visited,4
U0,4,1,46,HopcroftKarpMatcher,0,na,dfs_edges_visited,4
U0,4,1,46,HopcroftKarpMatcher,0,na,defect_at_iteration,1
U0,4,1,46,HopcroftKarpMatcher,-1,na,phase_count,1
U0,4,1,46,HopcroftKarpMatcher,-1,na,main_loop_iters,1
U0,4,1,46,HopcroftKarpMatcher,-1,na,total_bfs_edges_visited,4
U0,4,1,46,HopcroftKarpMatcher,-1,na,total_edges_visited,8
U0,4,1,46,HopcroftKarpMatcher,-1,na,matching_size,3
U0,4,1,46,HopcroftKarpMatcher,-1,na,wall_clock_ms,0.006303
U0,4,1,46,HopcroftKarpMatcher,-1,na,matching_size,3
U0,2,1.5,3,Oracle,-1,na,oracle_size,2
U0,2,1.5,3,SimpleAugmentingMatcher,-1,na,wall_clock_ms,0.000661
U0,2,1.5,3,SimpleAugmentingMatcher,-1,na,matching_size,2
U0,2,1.5,3,HopcroftKarpMatcher,0,na,paths_found_per_phase,2
U0,2,1.5,3,HopcroftKarpMatcher,0,na,bfs_edges_visited,2
U0,2,1.5,3,HopcroftKarpMatcher,0,na,dfs_edges_visited,2
U0,2,1.5,3,HopcroftKarpMatcher,0,na,defect_at_iteration,0
U0,2,1.5,3,HopcroftKarpMatcher,-1,na,phase_count,1
U0,2,1.5,3,HopcroftKarpMatcher,-1,na,main_loop_iters,1
U0,2,1.5,3,HopcroftKarpMatcher,-1,na,total_bfs_edges_visited,2
U0,2,1.5,3,HopcroftKarpMatcher,-1,na,total_edges_visited,4
U0,2,1.5,3,HopcroftKarpMatcher,-1,na,matching_size,2
U0,2,1.5,3,HopcroftKarpMatcher,-1,na,wall_clock_ms,0.006575
U0,2,1.5,3,HopcroftKarpMatcher,-1,na,matching_size,2
U0,2,1.5,34,Oracle,-1,na,oracle_size,1
U0,2,1.5,34,SimpleAugmentingMatcher,-1,na,wall_clock_ms,0.000433
U0,2,1.5,34,SimpleAugmentingMatcher,-1,na,matching_size,1
U0,2,1.5,34,HopcroftKarpMatcher,0,na,paths_found_per_phase,1
U0,2,1.5,34,HopcroftKarpMatcher,0,na,bfs_edges_visited,2
U0,2,1.5,34,HopcroftKarpMatcher,0,na,dfs_edges_visited,1
U0,2,1.5,34,HopcroftKarpMatcher,0,na,defect_at_iteration,1
U0,2,1.5,34,HopcroftKarpMatcher,-1,na,phase_count,1
U0,2,1.5,34,HopcroftKarpMatcher,-1,na,main_loop_iters,1
U0,2,1.5,34,HopcroftKarpMatcher,-1,na,total_bfs_edges_visited,2
U0,2,1.5,34,HopcroftKarpMatcher,-1,na,total_edges_visited,3
U0,2,1.5,34,HopcroftKarpMatcher,-1,na,matching_size,1
U0,2,1.5,34,HopcroftKarpMatcher,-1,na,wall_clock_ms,0.005793
U0,2,1.5,34,HopcroftKarpMatcher,-1,na,matching_size,1
U0,5,2,46,Oracle,-1,na,oracle_size,5
U0,5,2,46,SimpleAugmentingMatcher,-1,na,wall_clock_ms,0.000762
U0,5,2,46,SimpleAugmentingMatcher,-1,na,matching_size,5
U0,5,2,46,HopcroftKarpMatcher,0,na,paths_found_per_phase,5
U0,5,2,46,HopcroftKarpMatcher,0,na,bfs_edges_visited,25
U0,5,2,46,HopcroftKarpMatcher,0,na,dfs_edges_visited,15
U0,5,2,46,HopcroftKarpMatcher,0,na,defect_at_iteration,0
U0,5,2,46,HopcroftKarpMatcher,-1,na,phase_count,1
U0,5,2,46,HopcroftKarpMatcher,-1,na,main_loop_iters,1
U0,5,2,46,HopcroftKarpMatcher,-1,na,total_bfs_edges_visited,25
U0,5,2,46,HopcroftKarpMatcher,-1,na,total_edges_visited,40
U0,5,2,46,HopcroftKarpMatcher,-1,na,matching_size,5
U0,5,2,46,HopcroftKarpMatcher,-1,na,wall_clock_ms,0.007179
U0,5,2,46,HopcroftKarpMatcher,-1,na,matching_size,5
U0,5,2,45,Oracle,-1,na,oracle_size,5
U0,5,2,45,SimpleAugmentingMatcher,-1,na,wall_clock_ms,0.000686
U0,5,2,45,SimpleAugmentingMatcher,-1,na,matching_size,5
U0,5,2,45,HopcroftKarpMatcher,0,na,paths_found_per_phase,5
U0,5,2,45,HopcroftKarpMatcher,0,na,bfs_edges_visited,25
U0,5,2,45,HopcroftKarpMatcher,0,na,dfs_edges_visited,15
U0,5,2,45,HopcroftKarpMatcher,0,na,defect_at_iteration,0
U0,5,2,45,HopcroftKarpMatcher,-1,na,phase_count,1
U0,5,2,45,HopcroftKarpMatcher,-1,na,main_loop_iters,1
U0,5,2,45,HopcroftKarpMatcher,-1,na,total_bfs_edges_visited,25
U0,5,2,45,HopcroftKarpMatcher,-1,na,total_edges_visited,40
U0,5,2,45,HopcroftKarpMatcher,-1,na,matching_size,5
U0,5,2,45,HopcroftKarpMatcher,-1,na,wall_clock_ms,0.006875
U0,5,2,45,HopcroftKarpMatcher,-1,na,matching_size,5
U0,5,2,37,Oracle,-1,na,oracle_size,5
U0,5,2,37,SimpleAugmentingMatcher,-1,na,wall_clock_ms,0.000929
U0,5,2,37,SimpleAugmentingMatcher,-1,na,matching_size,5
U0,5,2,37,HopcroftKarpMatcher,0,na,paths_found_per_phase,5
U0,5,2,37,HopcroftKarpMatcher,0,na,bfs_edges_visited,25
U0,5,2,37,HopcroftKarpMatcher,0,na,dfs_edges_visited,15
U0,5,2,37,HopcroftKarpMatcher,0,na,defect_at_iteration,0
U0,5,2,37,HopcroftKarpMatcher,-1,na,phase_count,1
U0,5,2,37,HopcroftKarpMatcher,-1,na,main_loop_iters,1
U0,5,2,37,HopcroftKarpMatcher,-1,na,total_bfs_edges_visited,25
U0,5,2,37,HopcroftKarpMatcher,-1,na,total_edges_visited,40
U0,5,2,37,HopcroftKarpMatcher,-1,na,matching_size,5
U0,5,2,37,HopcroftKarpMatcher,-1,na,wall_clock_ms,0.007399
U0,5,2,37,HopcroftKarpMatcher,-1,na,matching_size,5
U0,5,1.5,47,Oracle,-1,na,oracle_size,5
U0,5,1.5,47,SimpleAugmentingMatcher,-1,na,wall_clock_ms,0.000925
U0,5,1.5,47,SimpleAugmentingMatcher,-1,na,matching_size,5
U0,5,1.5,47,HopcroftKarpMatcher,0,na,paths_found_per_phase,4
U0,5,1.5,47,HopcroftKarpMatcher,0,na,bfs_edges_visited,11
U0,5,1.5,47,HopcroftKarpMatcher,0,na,dfs_edges_visited,6
U0,5,1.5,47,HopcroftKarpMatcher,0,na,defect_at_iteration,1
U0,5,1.5,47,HopcroftKarpMatcher,1,na,paths_found_per_phase,1
U0,5,1.5,47,HopcroftKarpMatcher,1,na,bfs_edges_visited,3
U0,5,1.5,47,HopcroftKarpMatcher,1,na,dfs_edges_visited,3
U0,5,1.5,47,HopcroftKarpMatcher,1,na,defect_at_iteration,0
U0,5,1.5,47,HopcroftKarpMatcher,-1,na,phase_count,2
U0,5,1.5,47,HopcroftKarpMatcher,-1,na,main_loop_iters,2
U0,5,1.5,47,HopcroftKarpMatcher,-1,na,total_bfs_edges_visited,14
U0,5,1.5,47,HopcroftKarpMatcher,-1,na,total_edges_visited,23
U0,5,1.5,47,HopcroftKarpMatcher,-1,na,matching_size,5
U0,5,1.5,47,HopcroftKarpMatcher,-1,na,wall_clock_ms,0.009131
U0,5,1.5,47,HopcroftKarpMatcher,-1,na,matching_size,5
U0,6,1,17,Oracle,-1,na,oracle_size,3
U0,6,1,17,SimpleAugmentingMatcher,-1,na,wall_clock_ms,0.000554
U0,6,1,17,SimpleAugmentingMatcher,-1,na,matching_size,3
U0,6,1,17,HopcroftKarpMatcher,0,na,paths_found_per_phase,3
U0,6,1,17,HopcroftKarpMatcher,0,na,bfs_edges_visited,6
U0,6,1,17,HopcroftKarpMatcher,0,na,dfs_edges_visited,3
U0,6,1,17,HopcroftKarpMatcher,0,na,defect_at_iteration,3
U0,6,1,17,HopcroftKarpMatcher,-1,na,phase_count,1
U0,6,1,17,HopcroftKarpMatcher,-1,na,main_loop_iters,1
U0,6,1,17,HopcroftKarpMatcher,-1,na,total_bfs_edges_visited,6
U0,6,1,17,HopcroftKarpMatcher,-1,na,total_edges_visited,9
U0,6,1,17,HopcroftKarpMatcher,-1,na,matching_size,3
U0,6,1,17,HopcroftKarpMatcher,-1,na,wall_clock_ms,0.006381
U0,6,1,17,HopcroftKarpMatcher,-1,na,matching_size,3
U0,5,2,34,Oracle,-1,na,oracle_size,5
U0,5,2,34,SimpleAugmentingMatcher,-1,na,wall_clock_ms,0.000616
U0,5,2,34,SimpleAugmentingMatcher,-1,na,matching_size,5
U0,5,2,34,HopcroftKarpMatcher,0,na,paths_found_per_phase,5
U0,5,2,34,HopcroftKarpMatcher,0,na,bfs_edges_visited,25
U0,5,2,34,HopcroftKarpMatcher,0,na,dfs_edges_visited,15
U0,5,2,34,HopcroftKarpMatcher,0,na,defect_at_iteration,0
U0,5,2,34,HopcroftKarpMatcher,-1,na,phase_count,1
U0,5,2,34,HopcroftKarpMatcher,-1,na,main_loop_iters,1
U0,5,2,34,HopcroftKarpMatcher,-1,na,total_bfs_edges_visited,25
U0,5,2,34,HopcroftKarpMatcher,-1,na,total_edges_visited,40
U0,5,2,34,HopcroftKarpMatcher,-1,na,matching_size,5
U0,5,2,34,HopcroftKarpMatcher,-1,na,wall_clock_ms,0.005204
U0,5,2,34,HopcroftKarpMatcher,-1,na,matching_size,5
U0,4,2,36,Oracle,-1,na,oracle_size,4
U0,4,2,36,SimpleAugmentingMatcher,-1,na,wall_clock_ms,0.000655
U0,4,2,36,SimpleAugmentingMatcher,-1,na,matching_size,4
U0,4,2,36,HopcroftKarpMatcher,0,na,paths_found_per_phase,4
U0,4,2,36,HopcroftKarpMatcher,0,na,bfs_edges_visited,16
U0,4,2,36,HopcroftKarpMatcher,0,na,dfs_edges_visited,10
U0,4,2,36,HopcroftKarpMatcher,0,na,defect_at_iteration,0
U0,4,2,36,HopcroftKarpMatcher,-1,na,phase_count,1
U0,4,2,36,HopcroftKarpMatcher,-1,na,main_loop_iters,1
U0,4,2,36,HopcroftKarpMatcher,-1,na,total_bfs_edges_visited,16
U0,4,2,36,HopcroftKarpMatcher,-1,na,total_edges_visited,26
U0,4,2,36,HopcroftKarpMatcher,-1,na,matching_size,4
U0,4,2,36,HopcroftKarpMatcher,-1,na,wall_clock_ms,0.006799
U0,4,2,36,HopcroftKarpMatcher,-1,na,matching_size,4
U0,5,1,2,Oracle,-1,na,oracle_size,3
U0,5,1,2,SimpleAugmentingMatcher,-1,na,wall_clock_ms,0.000621
U0,5,1,2,SimpleAugmentingMatcher,-1,na,matching_size,3
U0,5,1,2,HopcroftKarpMatcher,0,na,paths_found_per_phase,3
U0,5,1,2,HopcroftKarpMatcher,0,na,bfs_edges_visited,5
U0,5,1,2,HopcroftKarpMatcher,0,na,dfs_edges_visited,4
U0,5,1,2,HopcroftKarpMatcher,0,na,defect_at_iteration,2
U0,5,1,2,HopcroftKarpMatcher,-1,na,phase_count,1
U0,5,1,2,HopcroftKarpMatcher,-1,na,main_loop_iters,1
U0,5,1,2,HopcroftKarpMatcher,-1,na,total_bfs_edges_visited,5
U0,5,1,2,HopcroftKarpMatcher,-1,na,total_edges_visited,9
U0,5,1,2,HopcroftKarpMatcher,-1,na,matching_size,3
U0,5,1,2,HopcroftKarpMatcher,-1,na,wall_clock_ms,0.006233
U0,5,1,2,HopcroftKarpMatcher,-1,na,matching_size,3
U0,4,2,28,Oracle,-1,na,oracle_size,4
U0,4,2,28,SimpleAugmentingMatcher,-1,na,wall_clock_ms,0.000704
U0,4,2,28,SimpleAugmentingMatcher,-1,na,matching_size,4
U0,4,2,28,HopcroftKarpMatcher,0,na,paths_found_per_phase,4
U0,4,2,28,HopcroftKarpMatcher,0,na,bfs_edges_visited,16
U0,4,2,28,HopcroftKarpMatcher,0,na,dfs_edges_visited,10
U0,4,2,28,HopcroftKarpMatcher,0,na,defect_at_iteration,0
U0,4,2,28,HopcroftKarpMatcher,-1,na,phase_count,1
U0,4,2,28,HopcroftKarpMatcher,-1,na,main_loop_iters,1
U0,4,2,28,HopcroftKarpMatcher,-1,na,total_bfs_edges_visited,16
U0,4,2,28,HopcroftKarpMatcher,-1,na,total_edges_visited,26
U0,4,2,28,HopcroftKarpMatcher,-1,na,matching_size,4
U0,4,2,28,HopcroftKarpMatcher,-1,na,wall_clock_ms,0.006522
U0,4,2,28,HopcroftKarpMatcher,-1,na,matching_size,4
U0,4,1.5,35,Oracle,-1,na,oracle_size,3
U0,4,1.5,35,SimpleAugmentingMatcher,-1,na,wall_clock_ms,0.000814
U0,4,1.5,35,SimpleAugmentingMatcher,-1,na,matching_size,3
U0,4,1.5,35,HopcroftKarpMatcher,0,na,paths_found_per_phase,3
U0,4,1.5,35,HopcroftKarpMatcher,0,na,bfs_edges_visited,8
U0,4,1.5,35,HopcroftKarpMatcher,0,na,dfs_edges_visited,7
U0,4,1.5,35,HopcroftKarpMatcher,0,na,defect_at_iteration,1
U0,4,1.5,35,HopcroftKarpMatcher,-1,na,phase_count,1
U0,4,1.5,35,HopcroftKarpMatcher,-1,na,main_loop_iters,1
U0,4,1.5,35,HopcroftKarpMatcher,-1,na,total_bfs_edges_visited,8
U0,4,1.5,35,HopcroftKarpMatcher,-1,na,total_edges_visited,15
U0,4,1.5,35,HopcroftKarpMatcher,-1,na,matching_size,3
U0,4,1.5,35,HopcroftKarpMatcher,-1,na,wall_clock_ms,0.006915
U0,4,1.5,35,HopcroftKarpMatcher,-1,na,matching_size,3
U0,4,1,28,Oracle,-1,na,oracle_size,2
U0,4,1,28,SimpleAugmentingMatcher,-1,na,wall_clock_ms,0.000522
U0,4,1,28,SimpleAugmentingMatcher,-1,na,matching_size,2
U0,4,1,28,HopcroftKarpMatcher,0,na,paths_found_per_phase,2
U0,4,1,28,HopcroftKarpMatcher,0,na,bfs_edges_visited,4
U0,4,1,28,HopcroftKarpMatcher,0,na,dfs_edges_visited,2
U0,4,1,28,HopcroftKarpMatcher,0,na,defect_at_iteration,2
U0,4,1,28,HopcroftKarpMatcher,-1,na,phase_count,1
U0,4,1,28,HopcroftKarpMatcher,-1,na,main_loop_iters,1
U0,4,1,28,HopcroftKarpMatcher,-1,na,total_bfs_edges_visited,4
U0,4,1,28,HopcroftKarpMatcher,-1,na,total_edges_visited,6
U0,4,1,28,HopcroftKarpMatcher,-1,na,matching_size,2
U0,4,1,28,HopcroftKarpMatcher,-1,na,wall_clock_ms,0.006403
U0,4,1,28,HopcroftKarpMatcher,-1,na,matching_size,2
U0,3,2,34,Oracle,-1,na,oracle_size,3
U0,3,2,34,SimpleAugmentingMatcher,-1,na,wall_clock_ms,0.000503
U0,3,2,34,SimpleAugmentingMatcher,-1,na,matching_size,3
U0,3,2,34,HopcroftKarpMatcher,0,na,paths_found_per_phase,3
U0,3,2,34,HopcroftKarpMatcher,0,na,bfs_edges_visited,9
U0,3,2,34,HopcroftKarpMatcher,0,na,dfs_edges_visited,6
U0,3,2,34,HopcroftKarpMatcher,0,na,defect_at_iteration,0
U0,3,2,34,HopcroftKarpMatcher,-1,na,phase_count,1
U0,3,2,34,HopcroftKarpMatcher,-1,na,main_loop_iters,1
U0,3,2,34,HopcroftKarpMatcher,-1,na,total_bfs_edges_visited,9
U0,3,2,34,HopcroftKarpMatcher,-1,na,total_edges_visited,15
U0,3,2,34,HopcroftKarpMatcher,-1,na,matching_size,3
U0,3,2,34,HopcroftKarpMatcher,-1,na,wall_clock_ms,0.006936
U0,3,2,34,HopcroftKarpMatcher,-1,na,matching_size,3
U0,2,1.5,36,Oracle,-1,na,oracle_size,1
U0,2,1.5,36,SimpleAugmentingMatcher,-1,na,wall_clock_ms,0.000554
U0,2,1.5,36,SimpleAugmentingMatcher,-1,na,matching_size,1
U0,2,1.5,36,HopcroftKarpMatcher,0,na,paths_found_per_phase,1
U0,2,1.5,36,HopcroftKarpMatcher,0,na,bfs_edges_visited,2
U0,2,1.5,36,HopcroftKarpMatcher,0,na,dfs_edges_visited,2
U0,2,1.5,36,HopcroftKarpMatcher,0,na,defect_at_iteration,1
U0,2,1.5,36,HopcroftKarpMatcher,-1,na,phase_count,1
U0,2,1.5,36,HopcroftKarpMatcher,-1,na,main_loop_iters,1
U0,2,1.5,36,HopcroftKarpMatcher,-1,na,total_bfs_edges_visited,2
U0,2,1.5,36,HopcroftKarpMatcher,-1,na,total_edges_visited,4
U0,2,1.5,36,HopcroftKarpMatcher,-1,na,matching_size,1
U0,2,1.5,36,HopcroftKarpMatcher,-1,na,wall_clock_ms,0.006036
U0,2,1.5,36,HopcroftKarpMatcher,-1,na,matching_size,1
U0,5,1.5,6,Oracle,-1,na,oracle_size,5
U0,5,1.5,6,SimpleAugmentingMatcher,-1,na,wall_clock_ms,0.000829
U0,5,1.5,6,SimpleAugmentingMatcher,-1,na,matching_size,5
U0,5,1.5,6,HopcroftKarpMatcher,0,na,paths_found_per_phase,4
U0,5,1.5,6,HopcroftKarpMatcher,0,na,bfs_edges_visited,11
U0,5,1.5,6,HopcroftKarpMatcher,0,na,dfs_edges_visited,8
U0,5,1.5,6,HopcroftKarpMatcher,0,na,defect_at_iteration,1
U0,5,1.5,6,HopcroftKarpMatcher,1,na,paths_found_per_phase,1
U0,5,1.5,6,HopcroftKarpMatcher,1,na,bfs_edges_visited,6
U0,5,1.5,6,HopcroftKarpMatcher,1,na,dfs_edges_visited,6
U0,5,1.5,6,HopcroftKarpMatcher,1,na,defect_at_iteration,0
U0,5,1.5,6,HopcroftKarpMatcher,-1,na,phase_count,2
U0,5,1.5,6,HopcroftKarpMatcher,-1,na,main_loop_iters,2
U0,5,1.5,6,HopcroftKarpMatcher,-1,na,total_bfs_edges_visited,17
U0,5,1.5,6,HopcroftKarpMatcher,-1,na,total_edges_visited,31
U0,5,1.5,6,HopcroftKarpMatcher,-1,na,matching_size,5
U0,5,1.5,6,HopcroftKarpMatcher,-1,na,wall_clock_ms,0.009486
U0,5,1.5,6,HopcroftKarpMatcher,-1,na,matching_size,5
U0,4,2,1,Oracle,-1,na,oracle_size,4
U0,4,2,1,SimpleAugmentingMatcher,-1,na,wall_clock_ms,0.000733
U0,4,2,1,SimpleAugmentingMatcher,-1,na,matching_size,4
U0,4,2,1,HopcroftKarpMatcher,0,na,paths_found_per_phase,4
U0,4,2,1,HopcroftKarpMatcher,0,na,bfs_edges_visited,16
U0,4,2,1,HopcroftKarpMatcher,0,na,dfs_edges_visited,10
U0,4,2,1,HopcroftKarpMatcher,0,na,defect_at_iteration,0
U0,4,2,1,HopcroftKarpMatcher,-1,na,phase_count,1
U0,4,2,1,HopcroftKarpMatcher,-1,na,main_loop_iters,1
U0,4,2,1,HopcroftKarpMatcher,-1,na,total_bfs_edges_visited,16
U0,4,2,1,HopcroftKarpMatcher,-1,na,total_edges_visited,26
U0,4,2,1,HopcroftKarpMatcher,-1,na,matching_size,4
U0,4,2,1,HopcroftKarpMatcher,-1,na,wall_clock_ms,0.006802
U0,4,2,1,HopcroftKarpMatcher,-1,na,matching_size,4
U0,3,2,30,Oracle,-1,na,oracle_size,3
U0,3,2,30,SimpleAugmentingMatcher,-1,na,wall_clock_ms,0.000469
U0,3,2,30,SimpleAugmentingMatcher,-1,na,matching_size,3
U0,3,2,30,HopcroftKarpMatcher,0,na,paths_found_per_phase,3
U0,3,2,30,HopcroftKarpMatcher,0,na,bfs_edges_visited,9
U0,3,2,30,HopcroftKarpMatcher,0,na,dfs_edges_visited,6
U0,3,2,30,HopcroftKarpMatcher,0,na,defect_at_iteration,0
U0,3,2,30,HopcroftKarpMatcher,-1,na,phase_count,1
U0,3,2,30,HopcroftKarpMatcher,-1,na,main_loop_iters,1
U0,3,2,30,HopcroftKarpMatcher,-1,na,total_bfs_edges_visited,9
U0,3,2,30,HopcroftKarpMatcher,-1,na,total_edges_visited,15
U0,3,2,30,HopcroftKarpMatcher,-1,na,matching_size,3
U0,3,2,30,HopcroftKarpMatcher,-1,na,wall_clock_ms,0.006429
U0,3,2,30,HopcroftKarpMatcher,-1,na,matching_size,3
U0,5,1.5,20,Oracle,-1,na,oracle_size,4
U0,5,1.5,20,SimpleAugmentingMatcher,-1,na,wall_clock_ms,0.000811
U0,5,1.5,20,SimpleAugmentingMatcher,-1,na,matching_size,4
U0,5,1.5,20,HopcroftKarpMatcher,0,na,paths_found_per_phase,4
U0,5,1.5,20,HopcroftKarpMatcher,0,na,bfs_edges_visited,11
U0,5,1.5,20,HopcroftKarpMatcher,0,na,dfs_edges_visited,9
U0,5,1.5,20,HopcroftKarpMatcher,0,na,defect_at_iteration,1
U0,5,1.5,20,HopcroftKarpMatcher,-1,na,phase_count,1
U0,5,1.5,20,HopcroftKarpMatcher,-1,na,main_loop_iters,1
U0,5,1.5,20,HopcroftKarpMatcher,-1,na,total_bfs_edges_visited,11
U0,5,1.5,20,HopcroftKarpMatcher,-1,na,total_edges_visited,20
U0,5,1.5,20,HopcroftKarpMatcher,-1,na,matching_size,4
U0,5,1.5,20,HopcroftKarpMatcher,-1,na,wall_clock_ms,0.005401
U0,5,1.5,20,HopcroftKarpMatcher,-1,na,matching_size,4
U0,2,1,5,Oracle,-1,na,oracle_size,2
U0,2,1,5,SimpleAugmentingMatcher,-1,na,wall_clock_ms,0.000336
U0,2,1,5,SimpleAugmentingMatcher,-1,na,matching_size,2
U0,2,1,5,HopcroftKarpMatcher,0,na,paths_found_per_phase,2
U0,2,1,5,HopcroftKarpMatcher,0,na,bfs_edges_visited,2
U0,2,1,5,HopcroftKarpMatcher,0,na,dfs_edges_visited,2
U0,2,1,5,HopcroftKarpMatcher,0,na,defect_at_iteration,0
U0,2,1,5,HopcroftKarpMatcher,-1,na,phase_count,1
U0,2,1,5,HopcroftKarpMatcher,-1,na,main_loop_iters,1
U0,2,1,5,HopcroftKarpMatcher,-1,na,total_bfs_edges_visited,2
U0,2,1,5,HopcroftKarpMatcher,-1,na,total_edges_visited,4
U0,2,1,5,HopcroftKarpMatcher,-1,na,matching_size,2
U0,2,1,5,HopcroftKarpMatcher,-1,na,wall_clock_ms,0.008556
U0,2,1,5,HopcroftKarpMatcher,-1,na,matching_size,2
U0,3,1.5,16,Oracle,-1,na,oracle_size,2
U0,3,1.5,16,SimpleAugmentingMatcher,-1,na,wall_clock_ms,0.000437
U0,3,1.5,16,SimpleAugmentingMatcher,-1,na,matching_size,2
U0,3,1.5,16,HopcroftKarpMatcher,0,na,paths_found_per_phase,2
U0,3,1.5,16,HopcroftKarpMatcher,0,na,bfs_edges_visited,5
U0,3,1.5,16,HopcroftKarpMatcher,0,na,dfs_edges_visited,2
U0,3,1.5,16,HopcroftKarpMatcher,0,na,defect_at_iteration,1
U0,3,1.5,16,HopcroftKarpMatcher,-1,na,phase_count,1
U0,3,1.5,16,HopcroftKarpMatcher,-1,na,main_loop_iters,1
U0,3,1.5,16,HopcroftKarpMatcher,-1,na,total_bfs_edges_visited,5
U0,3,1.5,16,HopcroftKarpMatcher,-1,na,total_edges_visited,7
U0,3,1.5,16,HopcroftKarpMatcher,-1,na,matching_size,2
U0,3,1.5,16,HopcroftKarpMatcher,-1,na,wall_clock_ms,0.005711
U0,3,1.5,16,HopcroftKarpMatcher,-1,na,matching_size,2
U0,6,2,45,Oracle,-1,na,oracle_size,6
U0,6,2,45,SimpleAugmentingMatcher,-1,na,wall_clock_ms,0.000941
U0,6,2,45,SimpleAugmentingMatcher,-1,na,matching_size,6
U0,6,2,45,HopcroftKarpMatcher,0,na,paths_found_per_phase,6
U0,6,2,45,HopcroftKarpMatcher,0,na,bfs_edges_visited,36
U0,6,2,45,HopcroftKarpMatcher,0,na,dfs_edges_visited,21
U0,6,2,45,HopcroftKarpMatcher,0,na,defect_at_iteration,0
U0,6,2,45,HopcroftKarpMatcher,-1,na,phase_count,1
U0,6,2,45,HopcroftKarpMatcher,-1,na,main_loop_iters,1
U0,6,2,45,HopcroftKarpMatcher,-1,na,total_bfs_edges_visited,36
U0,6,2,45,HopcroftKarpMatcher,-1,na,total_edges_visited,57
U0,6,2,45,HopcroftKarpMatcher,-1,na,matching_size,6
U0,6,2,45,HopcroftKarpMatcher,-1,na,wall_clock_ms,0.007029
U0,6,2,45,HopcroftKarpMatcher,-1,na,matching_size,6
U0,2,1,23,Oracle,-1,na,oracle_size,1
U0,2,1,23,SimpleAugmentingMatcher,-1,na,wall_clock_ms,0.000406
U0,2,1,23,SimpleAugmentingMatcher,-1,na,matching_size,1
U0,2,1,23,HopcroftKarpMatcher,0,na,paths_found_per_phase,1
U0,2,1,23,HopcroftKarpMatcher,0,na,bfs_edges_visited,2
U0,2,1,23,HopcroftKarpMatcher,0,na,dfs_edges_visited,2
U0,2,1,23,HopcroftKarpMatcher,0,na,defect_at_iteration,1
U0,2,1,23,HopcroftKarpMatcher,-1,na,phase_count,1
U0,2,1,23,HopcroftKarpMatcher,-1,na,main_loop_iters,1
U0,2,1,23,HopcroftKarpMatcher,-1,na,total_bfs_edges_visited,2
U0,2,1,23,HopcroftKarpMatcher,-1,na,total_edges_visited,4
U0,2,1,23,HopcroftKarpMatcher,-1,na,matching_size,1
U0,2,1,23,HopcroftKarpMatcher,-1,na,wall_clock_ms,0.005715
U0,2,1,23,HopcroftKarpMatcher,-1,na,matching_size,1
U0,5,2,22,Oracle,-1,na,oracle_size,5
U0,5,2,22,SimpleAugmentingMatcher,-1,na,wall_clock_ms,0.000827
U0,5,2,22,SimpleAugmentingMatcher,-1,na,matching_size,5
U0,5,2,22,HopcroftKarpMatcher,0,na,paths_found_per_phase,5
U0,5,2,22,HopcroftKarpMatcher,0,na,bfs_edges_visited,25
U0,5,2,22,HopcroftKarpMatcher,0,na,dfs_edges_visited,15
U0,5,2,22,HopcroftKarpMatcher,0,na,defect_at_iteration,0
U0,5,2,22,HopcroftKarpMatcher,-1,na,phase_count,1
U0,5,2,22,HopcroftKarpMatcher,-1,na,main_loop_iters,1
U0,5,2,22,HopcroftKarpMatcher,-1,na,total_bfs_edges_visited,25
U0,5,2,22,HopcroftKarpMatcher,-1,na,total_edges_visited,40
U0,5,2,22,HopcroftKarpMatcher,-1,na,matching_size,5
U0,5,2,22,HopcroftKarpMatcher,-1,na,wall_clock_ms,0.0069
U0,5,2,22,HopcroftKarpMatcher,-1,na,matching_size,5
U0,5,2,19,Oracle,-1,na,oracle_size,5
U0,5,2,19,SimpleAugmentingMatcher,-1,na,wall_clock_ms,0.000834
U0,5,2,19,SimpleAugmentingMatcher,-1,na,matching_size,5
U0,5,2,19,HopcroftKarpMatcher,0,na,paths_found_per_phase,5
U0,5,2,19,HopcroftKarpMatcher,0,na,bfs_edges_visited,25
U0,5,2,19,HopcroftKarpMatcher,0,na,dfs_edges_visited,15
U0,5,2,19,HopcroftKarpMatcher,0,na,defect_at_iteration,0
U0,5,2,19,HopcroftKarpMatcher,-1,na,phase_count,1
U0,5,2,19,HopcroftKarpMatcher,-1,na,main_loop_iters,1
U0,5,2,19,HopcroftKarpMatcher,-1,na,total_bfs_edges_visited,25
U0,5,2,19,HopcroftKarpMatcher,-1,na,total_edges_visited,40
U0,5,2,19,HopcroftKarpMatcher,-1,na,matching_size,5
U0,5,2,19,HopcroftKarpMatcher,-1,na,wall_clock_ms,0.006534
U0,5,2,19,HopcroftKarpMatcher,-1,na,matching_size,5
U0,3,1,41,Oracle,-1,na,oracle_size,2
U0,3,1,41,SimpleAugmentingMatcher,-1,na,wall_clock_ms,0.000581
U0,3,1,41,SimpleAugmentingMatcher,-1,na,matching_size,2
U0,3,1,41,HopcroftKarpMatcher,0,na,paths_found_per_phase,2
U0,3,1,41,HopcroftKarpMatcher,0,na,bfs_edges_visited,3
U0,3,1,41,HopcroftKarpMatcher,0,na,dfs_edges_visited,2
U0,3,1,41,HopcroftKarpMatcher,0,na,defect_at_iteration,1
U0,3,1,41,HopcroftKarpMatcher,-1,na,phase_count,1
U0,3,1,41,HopcroftKarpMatcher,-1,na,main_loop_iters,1
U0,3,1,41,HopcroftKarpMatcher,-1,na,total_bfs_edges_visited,3
U0,3,1,41,HopcroftKarpMatcher,-1,na,total_edges_visited,5
U0,3,1,41,HopcroftKarpMatcher,-1,na,matching_size,2
U0,3,1,41,HopcroftKarpMatcher,-1,na,wall_clock_ms,0.006709
U0,3,1,41,HopcroftKarpMatcher,-1,na,matching_size,2
U0,3,1.5,28,Oracle,-1,na,oracle_size,3
U0,3,1.5,28,SimpleAugmentingMatcher,-1,na,wall_clock_ms,0.00055
U0,3,1.5,28,SimpleAugmentingMatcher,-1,na,matching_size,3
U0,3,1.5,28,HopcroftKarpMatcher,0,na,paths_found_per_phase,3
U0,3,1.5,28,HopcroftKarpMatcher,0,na,bfs_edges_visited,5
U0,3,1.5,28,HopcroftKarpMatcher,0,na,dfs_edges_visited,5
U0,3,1.5,28,HopcroftKarpMatcher,0,na,defect_at_iteration,0
U0,3,1.5,28,HopcroftKarpMatcher,-1,na,phase_count,1
U0,3,1.5,28,HopcroftKarpMatcher,-1,na,main_loop_iters,1
U0,3,1.5,28,HopcroftKarpMatcher,-1,na,total_bfs_edges_visited,5
U0,3,1.5,28,HopcroftKarpMatcher,-1,na,total_edges_visited,10
U0,3,1.5,28,HopcroftKarpMatcher,-1,na,matching_size,3
U0,3,1.5,28,HopcroftKarpMatcher,-1,na,wall_clock_ms,0.006567
U0,3,1.5,28,HopcroftKarpMatcher,-1,na,matching_size,3
U0,3,1,6,Oracle,-1,na,oracle_size,2
U0,3,1,6,SimpleAugmentingMatcher,-1,na,wall_clock_ms,0.000438
U0,3,1,6,SimpleAugmentingMatcher,-1,na,matching_size,2
U0,3,1,6,HopcroftKarpMatcher,0,na,paths_found_per_phase,2
U0,3,1,6,HopcroftKarpMatcher,0,na,bfs_edges_visited,3
U0,3,1,6,HopcroftKarpMatcher,0,na,dfs_edges_visited,2
U0,3,1,6,HopcroftKarpMatcher,0,na,defect_at_iteration,1
U0,3,1,6,HopcroftKarpMatcher,-1,na,phase_count,1
U0,3,1,6,HopcroftKarpMatcher,-1,na,main_loop_iters,1
U0,3,1,6,HopcroftKarpMatcher,-1,na,total_bfs_edges_visited,3
U0,3,1,6,HopcroftKarpMatcher,-1,na,total_edges_visited,5
U0,3,1,6,HopcroftKarpMatcher,-1,na,matching_size,2
U0,3,1,6,HopcroftKarpMatcher,-1,na,wall_clock_ms,0.004621
U0,3,1,6,HopcroftKarpMatcher,-1,na,matching_size,2
U0,4,1.5,8,Oracle,-1,na,oracle_size,4
U0,4,1.5,8,SimpleAugmentingMatcher,-1,na,wall_clock_ms,0.000966
U0,4,1.5,8,SimpleAugmentingMatcher,-1,na,matching_size,4
U0,4,1.5,8,HopcroftKarpMatcher,0,na,paths_found_per_phase,4
U0,4,1.5,8,HopcroftKarpMatcher,0,na,bfs_edges_visited,8
U0,4,1.5,8,HopcroftKarpMatcher,0,na,dfs_edges_visited,5
U0,4,1.5,8,HopcroftKarpMatcher,0,na,defect_at_iteration,0
U0,4,1.5,8,HopcroftKarpMatcher,-1,na,phase_count,1
U0,4,1.5,8,HopcroftKarpMatcher,-1,na,main_loop_iters,1
U0,4,1.5,8,HopcroftKarpMatcher,-1,na,total_bfs_edges_visited,8
U0,4,1.5,8,HopcroftKarpMatcher,-1,na,total_edges_visited,13
U0,4,1.5,8,HopcroftKarpMatcher,-1,na,matching_size,4
U0,4,1.5,8,HopcroftKarpMatcher,-1,na,wall_clock_ms,0.007613
U0,4,1.5,8,HopcroftKarpMatcher,-1,na,matching_size,4
U0,5,1,1,Oracle,-1,na,oracle_size,3
U0,5,1,1,SimpleAugmentingMatcher,-1,na,wall_clock_ms,0.000754
U0,5,1,1,SimpleAugmentingMatcher,-1,na,matching_size,3
U0,5,1,1,HopcroftKarpMatcher,0,na,paths_found_per_phase,3
U0,5,1,1,HopcroftKarpMatcher,0,na,bfs_edges_visited,5
U0,5,1,1,HopcroftKarpMatcher,0,na,dfs_edges_visited,5
U0,5,1,1,HopcroftKarpMatcher,0,na,defect_at_iteration,2
U0,5,1,1,HopcroftKarpMatcher,-1,na,phase_count,1
U0,5,1,1,HopcroftKarpMatcher,-1,na,main_loop_iters,1
U0,5,1,1,HopcroftKarpMatcher,-1,na,total_bfs_edges_visited,5
U0,5,1,1,HopcroftKarpMatcher,-1,na,total_edges_visited,10
U0,5,1,1,HopcroftKarpMatcher,-1,na,matching_size,3
U0,5,1,1,HopcroftKarpMatcher,-1,na,wall_clock_ms,0.006663
U0,5,1,1,HopcroftKarpMatcher,-1,na,matching_size,3
U0,5,1,7,Oracle,-1,na,oracle_size,4
U0,5,1,7,SimpleAugmentingMatcher,-1,na,wall_clock_ms,0.00075
U0,5,1,7,SimpleAugmentingMatcher,-1,na,matching_size,4
U0,5,1,7,HopcroftKarpMatcher,0,na,paths_found_per_phase,4
U0,5,1,7,HopcroftKarpMatcher,0,na,bfs_edges_visited,5
U0,5,1,7,HopcroftKarpMatcher,0,na,dfs_edges_visited,5
U0,5,1,7,HopcroftKarpMatcher,0,na,defect_at_iteration,1
U0,5,1,7,HopcroftKarpMatcher,-1,na,phase_count,1
U0,5,1,7,HopcroftKarpMatcher,-1,na,main_loop_iters,1
U0,5,1,7,HopcroftKarpMatcher,-1,na,total_bfs_edges_visited,5
U0,5,1,7,HopcroftKarpMatcher,-1,na,total_edges_visited,10
U0,5,1,7,HopcroftKarpMatcher,-1,na,matching_size,4
U0,5,1,7,HopcroftKarpMatcher,-1,na,wall_clock_ms,0.007391
U0,5,1,7,HopcroftKarpMatcher,-1,na,matching_size,4
U0,3,1.5,19,Oracle,-1,na,oracle_size,2
U0,3,1.5,19,SimpleAugmentingMatcher,-1,na,wall_clock_ms,0.000543
U0,3,1.5,19,SimpleAugmentingMatcher,-1,na,matching_size,2
U0,3,1.5,19,HopcroftKarpMatcher,0,na,paths_found_per_phase,2
U0,3,1.5,19,HopcroftKarpMatcher,0,na,bfs_edges_visited,5
U0,3,1.5,19,HopcroftKarpMatcher,0,na,dfs_edges_visited,2
U0,3,1.5,19,HopcroftKarpMatcher,0,na,defect_at_iteration,1
U0,3,1.5,19,HopcroftKarpMatcher,-1,na,phase_count,1
U0,3,1.5,19,HopcroftKarpMatcher,-1,na,main_loop_iters,1
U0,3,1.5,19,HopcroftKarpMatcher,-1,na,total_bfs_edges_visited,5
U0,3,1.5,19,HopcroftKarpMatcher,-1,na,total_edges_visited,7
U0,3,1.5,19,HopcroftKarpMatcher,-1,na,matching_size,2
U0,3,1.5,19,HopcroftKarpMatcher,-1,na,wall_clock_ms,0.004661
U0,3,1.5,19,HopcroftKarpMatcher,-1,na,matching_size,2
U0,4,2,10,Oracle,-1,na,oracle_size,4
U0,4,2,10,SimpleAugmentingMatcher,-1,na,wall_clock_ms,0.000621
U0,4,2,10,SimpleAugmentingMatcher,-1,na,matching_size,4
U0,4,2,10,HopcroftKarpMatcher,0,na,paths_found_per_phase,4
U0,4,2,10,HopcroftKarpMatcher,0,na,bfs_edges_visited,16
U0,4,2,10,HopcroftKarpMatcher,0,na,dfs_edges_visited,10
U0,4,2,10,HopcroftKarpMatcher,0,na,defect_at_iteration,0
U0,4,2,10,HopcroftKarpMatcher,-1,na,phase_count,1
U0,4,2,10,HopcroftKarpMatcher,-1,na,main_loop_iters,1
U0,4,2,10,HopcroftKarpMatcher,-1,na,total_bfs_edges_visited,16
U0,4,2,10,HopcroftKarpMatcher,-1,na,total_edges_visited,26
U0,4,2,10,HopcroftKarpMatcher,-1,na,matching_size,4
U0,4,2,10,HopcroftKarpMatcher,-1,na,wall_clock_ms,0.006556
U0,4,2,10,HopcroftKarpMatcher,-1,na,matching_size,4
U0,4,1,2,Oracle,-1,na,oracle_size,2
U0,4,1,2,SimpleAugmentingMatcher,-1,na,wall_clock_ms,0.000633
U0,4,1,2,SimpleAugmentingMatcher,-1,na,matching_size,2
U0,4,1,2,HopcroftKarpMatcher,0,na,paths_found_per_phase,2
U0,4,1,2,HopcroftKarpMatcher,0,na,bfs_edges_visited,4
U0,4,1,2,HopcroftKarpMatcher,0,na,dfs_edges_visited,4
U0,4,1,2,HopcroftKarpMatcher,0,na,defect_at_iteration,2
U0,4,1,2,HopcroftKarpMatcher,-1,na,phase_count,1
U0,4,1,2,HopcroftKarpMatcher,-1,na,main_loop_iters,1
U0,4,1,2,HopcroftKarpMatcher,-1,na,total_bfs_edges_visited,4
U0,4,1,2,HopcroftKarpMatcher,-1,na,total_edges_visited,8
U0,4,1,2,HopcroftKarpMatcher,-1,na,matching_size,2
U0,4,1,2,HopcroftKarpMatcher,-1,na,wall_clock_ms,0.006599
U0,4,1,2,HopcroftKarpMatcher,-1,na,matching_size,2
U0,4,1.5,7,Oracle,-1,na,oracle_size,4
U0,4,1.5,7,SimpleAugmentingMatcher,-1,na,wall_clock_ms,0.000908
U0,4,1.5,7,SimpleAugmentingMatcher,-1,na,matching_size,4
U0,4,1.5,7,HopcroftKarpMatcher,0,na,paths_found_per_phase,3
U0,4,1.5,7,HopcroftKarpMatcher,0,na,bfs_edges_visited,8
U0,4,1.5,7,HopcroftKarpMatcher,0,na,dfs_edges_visited,6
U0,4,1.5,7,HopcroftKarpMatcher,0,na,defect_at_iteration,1
U0,4,1.5,7,HopcroftKarpMatcher,1,na,paths_found_per_phase,1
U0,4,1.5,7,HopcroftKarpMatcher,1,na,bfs_edges_visited,6
U0,4,1.5,7,HopcroftKarpMatcher,1,na,dfs_edges_visited,6
U0,4,1.5,7,HopcroftKarpMatcher,1,na,defect_at_iteration,0
U0,4,1.5,7,HopcroftKarpMatcher,-1,na,phase_count,2
U0,4,1.5,7,HopcroftKarpMatcher,-1,na,main_loop_iters,2
U0,4,1.5,7,HopcroftKarpMatcher,-1,na,total_bfs_edges_visited,14
U0,4,1.5,7,HopcroftKarpMatcher,-1,na,total_edges_visited,26
U0,4,1.5,7,HopcroftKarpMatcher,-1,na,matching_size,4
U0,4,1.5,7,HopcroftKarpMatcher,-1,na,wall_clock_ms,0.009255
U0,4,1.5,7,HopcroftKarpMatcher,-1,na,matching_size,4
U0,6,1,8,Oracle,-1,na,oracle_size,4
U0,6,1,8,SimpleAugmentingMatcher,-1,na,wall_clock_ms,0.000684
U0,6,1,8,SimpleAugmentingMatcher,-1,na,matching_size,4
U0,6,1,8,HopcroftKarpMatcher,0,na,paths_found_per_phase,4
U0,6,1,8,HopcroftKarpMatcher,0,na,bfs_edges_visited,6
U0,6,1,8,HopcroftKarpMatcher,0,na,dfs_edges_visited,5
U0,6,1,8,HopcroftKarpMatcher,0,na,defect_at_iteration,2
U0,6,1,8,HopcroftKarpMatcher,-1,na,phase_count,1
U0,6,1,8,HopcroftKarpMatcher,-1,na,main_loop_iters,1
U0,6,1,8,HopcroftKarpMatcher,-1,na,total_bfs_edges_visited,6
U0,6,1,8,HopcroftKarpMatcher,-1,na,total_edges_visited,11
U0,6,1,8,HopcroftKarpMatcher,-1,na,matching_size,4
U0,6,1,8,HopcroftKarpMatcher,-1,na,wall_clock_ms,0.006817
U0,6,1,8,HopcroftKarpMatcher,-1,na,matching_size,4
U0,5,2,24,Oracle,-1,na,oracle_size,5
U0,5,2,24,SimpleAugmentingMatcher,-1,na,wall_clock_ms,0.000762
U0,5,2,24,SimpleAugmentingMatcher,-1,na,matching_size,5
U0,5,2,24,HopcroftKarpMatcher,0,na,paths_found_per_phase,5
U0,5,2,24,HopcroftKarpMatcher,0,na,bfs_edges_visited,25
U0,5,2,24,HopcroftKarpMatcher,0,na,dfs_edges_visited,15
U0,5,2,24,HopcroftKarpMatcher,0,na,defect_at_iteration,0
U0,5,2,24,HopcroftKarpMatcher,-1,na,phase_count,1
U0,5,2,24,HopcroftKarpMatcher,-1,na,main_loop_iters,1
U0,5,2,24,HopcroftKarpMatcher,-1,na,total_bfs_edges_visited,25
U0,5,2,24,HopcroftKarpMatcher,-1,na,total_edges_visited,40
U0,5,2,24,HopcroftKarpMatcher,-1,na,matching_size,5
U0,5,2,24,HopcroftKarpMatcher,-1,na,wall_clock_ms,0.007043
U0,5,2,24,HopcroftKarpMatcher,-1,na,matching_size,5
U0,2,1,41,Oracle,-1,na,oracle_size,1
U0,2,1,41,SimpleAugmentingMatcher,-1,na,wall_clock_ms,0.000582
U0,2,1,41,SimpleAugmentingMatcher,-1,na,matching_size,1
U0,2,1,41,HopcroftKarpMatcher,0,na,paths_found_per_phase,1
U0,2,1,41,HopcroftKarpMatcher,0,na,bfs_edges_visited,2
U0,2,1,41,HopcroftKarpMatcher,0,na,dfs_edges_visited,1
U0,2,1,41,HopcroftKarpMatcher,0,na,defect_at_iteration,1
U0,2,1,41,HopcroftKarpMatcher,-1,na,phase_count,1
U0,2,1,41,HopcroftKarpMatcher,-1,na,main_loop_iters,1
U0,2,1,41,HopcroftKarpMatcher,-1,na,total_bfs_edges_visited,2
U0,2,1,41,HopcroftKarpMatcher,-1,na,total_edges_visited,3
U0,2,1,41,HopcroftKarpMatcher,-1,na,matching_size,1
U0,2,1,41,HopcroftKarpMatcher,-1,na,wall_clock_ms,0.005909
U0,2,1,41,HopcroftKarpMatcher,-1,na,matching_size,1
U0,4,2,38,Oracle,-1,na,oracle_size,4
U0,4,2,38,SimpleAugmentingMatcher,-1,na,wall_clock_ms,0.000553
U0,4,2,38,SimpleAugmentingMatcher,-1,na,matching_size,4
U0,4,2,38,HopcroftKarpMatcher,0,na,paths_found_per_phase,4
U0,4,2,38,HopcroftKarpMatcher,0,na,bfs_edges_visited,16
U0,4,2,38,HopcroftKarpMatcher,0,na,dfs_edges_visited,10
U0,4,2,38,HopcroftKarpMatcher,0,na,defect_at_iteration,0
U0,4,2,38,HopcroftKarpMatcher,-1,na,phase_count,1
U0,4,2,38,HopcroftKarpMatcher,-1,na,main_loop_iters,1
U0,4,2,38,HopcroftKarpMatcher,-1,na,total_bfs_edges_visited,16
U0,4,2,38,HopcroftKarpMatcher,-1,na,total_edges_visited,26
U0,4,2,38,HopcroftKarpMatcher,-1,na,matching_size,4
U0,4,2,38,HopcroftKarpMatcher,-1,na,wall_clock_ms,0.006651
U0,4,2,38,HopcroftKarpMatcher,-1,na,matching_size,4
U0,2,1,46,Oracle,-1,na,oracle_size,1
U0,2,1,46,SimpleAugmentingMatcher,-1,na,wall_clock_ms,0.000662
U0,2,1,46,SimpleAugmentingMatcher,-1,na,matching_size,1
U0,2,1,46,HopcroftKarpMatcher,0,na,paths_found_per_phase,1
U0,2,1,46,HopcroftKarpMatcher,0,na,bfs_edges_visited,2
U0,2,1,46,HopcroftKarpMatcher,0,na,dfs_edges_visited,1
U0,2,1,46,HopcroftKarpMatcher,0,na,defect_at_iteration,1
U0,2,1,46,HopcroftKarpMatcher,-1,na,phase_count,1
U0,2,1,46,HopcroftKarpMatcher,-1,na,main_loop_iters,1
U0,2,1,46,HopcroftKarpMatcher,-1,na,total_bfs_edges_visited,2
U0,2,1,46,HopcroftKarpMatcher,-1,na,total_edges_visited,3
U0,2,1,46,HopcroftKarpMatcher,-1,na,matching_size,1
U0,2,1,46,HopcroftKarpMatcher,-1,na,wall_clock_ms,0.005926
U0,2,1,46,HopcroftKarpMatcher,-1,na,matching_size,1
U0,5,2,13,Oracle,-1,na,oracle_size,5
U0,5,2,13,SimpleAugmentingMatcher,-1,na,wall_clock_ms,0.000734
U0,5,2,13,SimpleAugmentingMatcher,-1,na,matching_size,5
U0,5,2,13,HopcroftKarpMatcher,0,na,paths_found_per_phase,5
U0,5,2,13,HopcroftKarpMatcher,0,na,bfs_edges_visited,25
U0,5,2,13,HopcroftKarpMatcher,0,na,dfs_edges_visited,15
U0,5,2,13,HopcroftKarpMatcher,0,na,defect_at_iteration,0
U0,5,2,13,HopcroftKarpMatcher,-1,na,phase_count,1
U0,5,2,13,HopcroftKarpMatcher,-1,na,main_loop_iters,1
U0,5,2,13,HopcroftKarpMatcher,-1,na,total_bfs_edges_visited,25
U0,5,2,13,HopcroftKarpMatcher,-1,na,total_edges_visited,40
U0,5,2,13,HopcroftKarpMatcher,-1,na,matching_size,5
U0,5,2,13,HopcroftKarpMatcher,-1,na,wall_clock_ms,0.007058
U0,5,2,13,HopcroftKarpMatcher,-1,na,matching_size,5
U0,2,2,23,Oracle,-1,na,oracle_size,2
U0,2,2,23,SimpleAugmentingMatcher,-1,na,wall_clock_ms,0.000376
U0,2,2,23,SimpleAugmentingMatcher,-1,na,matching_size,2
U0,2,2,23,HopcroftKarpMatcher,0,na,paths_found_per_phase,2
U0,2,2,23,HopcroftKarpMatcher,0,na,bfs_edges_visited,4
U0,2,2,23,HopcroftKarpMatcher,0,na,dfs_edges_visited,3
U0,2,2,23,HopcroftKarpMatcher,0,na,defect_at_iteration,0
U0,2,2,23,HopcroftKarpMatcher,-1,na,phase_count,1
U0,2,2,23,HopcroftKarpMatcher,-1,na,main_loop_iters,1
U0,2,2,23,HopcroftKarpMatcher,-1,na,total_bfs_edges_visited,4
U0,2,2,23,HopcroftKarpMatcher,-1,na,total_edges_visited,7
U0,2,2,23,HopcroftKarpMatcher,-1,na,matching_size,2
U0,2,2,23,HopcroftKarpMatcher,-1,na,wall_clock_ms,0.005506
U0,2,2,23,HopcroftKarpMatcher,-1,na,matching_size,2
U0,5,1.5,12,Oracle,-1,na,oracle_size,4
U0,5,1.5,12,SimpleAugmentingMatcher,-1,na,wall_clock_ms,0.000898
U0,5,1.5,12,SimpleAugmentingMatcher,-1,na,matching_size,4
U0,5,1.5,12,HopcroftKarpMatcher,0,na,paths_found_per_phase,3
U0,5,1.5,12,HopcroftKarpMatcher,0,na,bfs_edges_visited,11
U0,5,1.5,12,HopcroftKarpMatcher,0,na,dfs_edges_visited,8
U0,5,1.5,12,HopcroftKarpMatcher,0,na,defect_at_iteration,2
U0,5,1.5,12,HopcroftKarpMatcher,1,na,paths_found_per_phase,1
U0,5,1.5,12,HopcroftKarpMatcher,1,na,bfs_edges_visited,9
U0,5,1.5,12,HopcroftKarpMatcher,1,na,dfs_edges_visited,12
U0,5,1.5,12,HopcroftKarpMatcher,1,na,defect_at_iteration,1
U0,5,1.5,12,HopcroftKarpMatcher,-1,na,phase_count,2
U0,5,1.5,12,HopcroftKarpMatcher,-1,na,main_loop_iters,2
U0,5,1.5,12,HopcroftKarpMatcher,-1,na,total_bfs_edges_visited,20
U0,5,1.5,12,HopcroftKarpMatcher,-1,na,total_edges_visited,40
U0,5,1.5,12,HopcroftKarpMatcher,-1,na,matching_size,4
U0,5,1.5,12,HopcroftKarpMatcher,-1,na,wall_clock_ms,0.00973
U0,5,1.5,12,HopcroftKarpMatcher,-1,na,matching_size,4
U0,5,2,38,Oracle,-1,na,oracle_size,5
U0,5,2,38,SimpleAugmentingMatcher,-1,na,wall_clock_ms,0.000789
U0,5,2,38,SimpleAugmentingMatcher,-1,na,matching_size,5
U0,5,2,38,HopcroftKarpMatcher,0,na,paths_found_per_phase,5
U0,5,2,38,HopcroftKarpMatcher,0,na,bfs_edges_visited,25
U0,5,2,38,HopcroftKarpMatcher,0,na,dfs_edges_visited,15
U0,5,2,38,HopcroftKarpMatcher,0,na,defect_at_iteration,0
U0,5,2,38,HopcroftKarpMatcher,-1,na,phase_count,1
U0,5,2,38,HopcroftKarpMatcher,-1,na,main_loop_iters,1
U0,5,2,38,HopcroftKarpMatcher,-1,na,total_bfs_edges_visited,25
U0,5,2,38,HopcroftKarpMatcher,-1,na,total_edges_visited,40
U0,5,2,38,HopcroftKarpMatcher,-1,na,matching_size,5
U0,5,2,38,HopcroftKarpMatcher,-1,na,wall_clock_ms,0.006264
U0,5,2,38,HopcroftKarpMatcher,-1,na,matching_size,5
U0,6,1.5,38,Oracle,-1,na,oracle_size,6
U0,6,1.5,38,SimpleAugmentingMatcher,-1,na,wall_clock_ms,0.000906
U0,6,1.5,38,SimpleAugmentingMatcher,-1,na,matching_size,6
U0,6,1.5,38,HopcroftKarpMatcher,0,na,paths_found_per_phase,5
U0,6,1.5,38,HopcroftKarpMatcher,0,na,bfs_edges_visited,14
U0,6,1.5,38,HopcroftKarpMatcher,0,na,dfs_edges_visited,7
U0,6,1.5,38,HopcroftKarpMatcher,0,na,defect_at_iteration,1
U0,6,1.5,38,HopcroftKarpMatcher,1,na,paths_found_per_phase,1
U0,6,1.5,38,HopcroftKarpMatcher,1,na,bfs_edges_visited,14
U0,6,1.5,38,HopcroftKarpMatcher,1,na,dfs_edges_visited,6
U0,6,1.5,38,HopcroftKarpMatcher,1,na,defect_at_iteration,0
U0,6,1.5,38,HopcroftKarpMatcher,-1,na,phase_count,2
U0,6,1.5,38,HopcroftKarpMatcher,-1,na,main_loop_iters,2
U0,6,1.5,38,HopcroftKarpMatcher,-1,na,total_bfs_edges_visited,28
U0,6,1.5,38,HopcroftKarpMatcher,-1,na,total_edges_visited,41
U0,6,1.5,38,HopcroftKarpMatcher,-1,na,matching_size,6
U0,6,1.5,38,HopcroftKarpMatcher,-1,na,wall_clock_ms,0.009325
U0,6,1.5,38,HopcroftKarpMatcher,-1,na,matching_size,6
U0,3,1,39,Oracle,-1,na,oracle_size,2
U0,3,1,39,SimpleAugmentingMatcher,-1,na,wall_clock_ms,0.000499
U0,3,1,39,SimpleAugmentingMatcher,-1,na,matching_size,2
U0,3,1,39,HopcroftKarpMatcher,0,na,paths_found_per_phase,2
U0,3,1,39,HopcroftKarpMatcher,0,na,bfs_edges_visited,3
U0,3,1,39,HopcroftKarpMatcher,0,na,dfs_edges_visited,2
U0,3,1,39,HopcroftKarpMatcher,0,na,defect_at_iteration,1
U0,3,1,39,HopcroftKarpMatcher,-1,na,phase_count,1
U0,3,1,39,HopcroftKarpMatcher,-1,na,main_loop_iters,1
U0,3,1,39,HopcroftKarpMatcher,-1,na,total_bfs_edges_visited,3
U0,3,1,39,HopcroftKarpMatcher,-1,na,total_edges_visited,5
U0,3,1,39,HopcroftKarpMatcher,-1,na,matching_size,2
U0,3,1,39,HopcroftKarpMatcher,-1,na,wall_clock_ms,0.00603
U0,3,1,39,HopcroftKarpMatcher,-1,na,matching_size,2
U0,6,2,17,Oracle,-1,na,oracle_size,6
U0,6,2,17,SimpleAugmentingMatcher,-1,na,wall_clock_ms,0.000705
U0,6,2,17,SimpleAugmentingMatcher,-1,na,matching_size,6
U0,6,2,17,HopcroftKarpMatcher,0,na,paths_found_per_phase,6
U0,6,2,17,HopcroftKarpMatcher,0,na,bfs_edges_visited,36
U0,6,2,17,HopcroftKarpMatcher,0,na,dfs_edges_visited,21
U0,6,2,17,HopcroftKarpMatcher,0,na,defect_at_iteration,0
U0,6,2,17,HopcroftKarpMatcher,-1,na,phase_count,1
U0,6,2,17,HopcroftKarpMatcher,-1,na,main_loop_iters,1
U0,6,2,17,HopcroftKarpMatcher,-1,na,total_bfs_edges_visited,36
U0,6,2,17,HopcroftKarpMatcher,-1,na,total_edges_visited,57
U0,6,2,17,HopcroftKarpMatcher,-1,na,matching_size,6
U0,6,2,17,HopcroftKarpMatcher,-1,na,wall_clock_ms,0.005142
U0,6,2,17,HopcroftKarpMatcher,-1,na,matching_size,6
U0,6,1,28,Oracle,-1,na,oracle_size,4
U0,6,1,28,SimpleAugmentingMatcher,-1,na,wall_clock_ms,0.000698
U0,6,1,28,SimpleAugmentingMatcher,-1,na,matching_size,4
U0,6,1,28,HopcroftKarpMatcher,0,na,paths_found_per_phase,3
U0,6,1,28,HopcroftKarpMatcher,0,na,bfs_edges_visited,6
U0,6,1,28,HopcroftKarpMatcher,0,na,dfs_edges_visited,4
U0,6,1,28,HopcroftKarpMatcher,0,na,defect_at_iteration,3
U0,6,1,28,HopcroftKarpMatcher,1,na,paths_found_per_phase,1
U0,6,1,28,HopcroftKarpMatcher,1,na,bfs_edges_visited,3
U0,6,1,28,HopcroftKarpMatcher,1,na,dfs_edges_visited,3
U0,6,1,28,HopcroftKarpMatcher,1,na,defect_at_iteration,2
U0,6,1,28,HopcroftKarpMatcher,-1,na,phase_count,2
U0,6,1,28,HopcroftKarpMatcher,-1,na,main_loop_iters,2
U0,6,1,28,HopcroftKarpMatcher,-1,na,total_bfs_edges_visited,9
U0,6,1,28,HopcroftKarpMatcher,-1,na,total_edges_visited,16
U0,6,1,28,HopcroftKarpMatcher,-1,na,matching_size,4
U0,6,1,28,HopcroftKarpMatcher,-1,na,wall_clock_ms,0.009156
U0,6,1,28,HopcroftKarpMatcher,-1,na,matching_size,4
U0,4,1,9,Oracle,-1,na,oracle_size,2
U0,4,1,9,SimpleAugmentingMatcher,-1,na,wall_clock_ms,0.000539
U0,4,1,9,SimpleAugmentingMatcher,-1,na,matching_size,2
U0,4,1,9,HopcroftKarpMatcher,0,na,paths_found_per_phase,2
U0,4,1,9,HopcroftKarpMatcher,0,na,bfs_edges_visited,4
U0,4,1,9,HopcroftKarpMatcher,0,na,dfs_edges_visited,3
U0,4,1,9,HopcroftKarpMatcher,0,na,defect_at_iteration,2
U0,4,1,9,HopcroftKarpMatcher,-1,na,phase_count,1
U0,4,1,9,HopcroftKarpMatcher,-1,na,main_loop_iters,1
U0,4,1,9,HopcroftKarpMatcher,-1,na,total_bfs_edges_visited,4
U0,4,1,9,HopcroftKarpMatcher,-1,na,total_edges_visited,7
U0,4,1,9,HopcroftKarpMatcher,-1,na,matching_size,2
U0,4,1,9,HopcroftKarpMatcher,-1,na,wall_clock_ms,0.004351
U0,4,1,9,HopcroftKarpMatcher,-1,na,matching_size,2
U0,4,1.5,26,Oracle,-1,na,oracle_size,4
U0,4,1.5,26,SimpleAugmentingMatcher,-1,na,wall_clock_ms,0.000503
U0,4,1.5,26,SimpleAugmentingMatcher,-1,na,matching_size,4
U0,4,1.5,26,HopcroftKarpMatcher,0,na,paths_found_per_phase,4
U0,4,1.5,26,HopcroftKarpMatcher,0,na,bfs_edges_visited,8
U0,4,1.5,26,HopcroftKarpMatcher,0,na,dfs_edges_visited,5
U0,4,1.5,26,HopcroftKarpMatcher,0,na,defect_at_iteration,0
U0,4,1.5,26,HopcroftKarpMatcher,-1,na,phase_count,1
U0,4,1.5,26,HopcroftKarpMatcher,-1,na,main_loop_iters,1
U0,4,1.5,26,HopcroftKarpMatcher,-1,na,total_bfs_edges_visited,8
U0,4,1.5,26,HopcroftKarpMatcher,-1,na,total_edges_visited,13
U0,4,1.5,26,HopcroftKarpMatcher,-1,na,matching_size,4
U0,4,1.5,26,HopcroftKarpMatcher,-1,na,wall_clock_ms,0.006603
U0,4,1.5,26,HopcroftKarpMatcher,-1,na,matching_size,4
U0,6,1.5,40,Oracle,-1,na,oracle_size,5
U0,6,1.5,40,SimpleAugmentingMatcher,-1,na,wall_clock_ms,0.001132
U0,6,1.5,40,SimpleAugmentingMatcher,-1,na,matching_size,5
U0,6,1.5,40,HopcroftKarpMatcher,0,na,paths_found_per_phase,5
U0,6,1.5,40,HopcroftKarpMatcher,0,na,bfs_edges_visited,14
U0,6,1.5,40,HopcroftKarpMatcher,0,na,dfs_edges_visited,11
U0,6,1.5,40,HopcroftKarpMatcher,0,na,defect_at_iteration,1
U0,6,1.5,40,HopcroftKarpMatcher,-1,na,phase_count,1
U0,6,1.5,40,HopcroftKarpMatcher,-1,na,main_loop_iters,1
U0,6,1.5,40,HopcroftKarpMatcher,-1,na,total_bfs_edges_visited,14
U0,6,1.5,40,HopcroftKarpMatcher,-1,na,total_edges_visited,25
U0,6,1.5,40,HopcroftKarpMatcher,-1,na,matching_size,5
U0,6,1.5,40,HopcroftKarpMatcher,-1,na,wall_clock_ms,0.007475
U0,6,1.5,40,HopcroftKarpMatcher,-1,na,matching_size,5
U0,6,2,40,Oracle,-1,na,oracle_size,6
U0,6,2,40,SimpleAugmentingMatcher,-1,na,wall_clock_ms,0.000857
U0,6,2,40,SimpleAugmentingMatcher,-1,na,matching_size,6
U0,6,2,40,HopcroftKarpMatcher,0,na,paths_found_per_phase,6
U0,6,2,40,HopcroftKarpMatcher,0,na,bfs_edges_visited,36
U0,6,2,40,HopcroftKarpMatcher,0,na,dfs_edges_visited,21
U0,6,2,40,HopcroftKarpMatcher,0,na,defect_at_iteration,0
U0,6,2,40,HopcroftKarpMatcher,-1,na,phase_count,1
U0,6,2,40,HopcroftKarpMatcher,-1,na,main_loop_iters,1
U0,6,2,40,HopcroftKarpMatcher,-1,na,total_bfs_edges_visited,36
U0,6,2,40,HopcroftKarpMatcher,-1,na,total_edges_visited,57
U0,6,2,40,HopcroftKarpMatcher,-1,na,matching_size,6
U0,6,2,40,HopcroftKarpMatcher,-1,na,wall_clock_ms,0.006982
U0,6,2,40,HopcroftKarpMatcher,-1,na,matching_size,6
U0,6,1,48,Oracle,-1,na,oracle_size,4
U0,6,1,48,SimpleAugmentingMatcher,-1,na,wall_clock_ms,0.000732
U0,6,1,48,SimpleAugmentingMatcher,-1,na,matching_size,4
U0,6,1,48,HopcroftKarpMatcher,0,na,paths_found_per_phase,4
U0,6,1,48,HopcroftKarpMatcher,0,na,bfs_edges_visited,6
U0,6,1,48,HopcroftKarpMatcher,0,na,dfs_edges_visited,5
U0,6,1,48,HopcroftKarpMatcher,0,na,defect_at_iteration,2
U0,6,1,48,HopcroftKarpMatcher,-1,na,phase_count,1
U0,6,1,48,HopcroftKarpMatcher,-1,na,main_loop_iters,1
U0,6,1,48,HopcroftKarpMatcher,-1,na,total_bfs_edges_visited,6
U0,6,1,48,HopcroftKarpMatcher,-1,na,total_edges_visited,11
U0,6,1,48,HopcroftKarpMatcher,-1,na,matching_size,4
U0,6,1,48,HopcroftKarpMatcher,-1,na,wall_clock_ms,0.007537
U0,6,1,48,HopcroftKarpMatcher,-1,na,matching_size,4
U0,3,2,12,Oracle,-1,na,oracle_size,3
U0,3,2,12,SimpleAugmentingMatcher,-1,na,wall_clock_ms,0.000472
U0,3,2,12,SimpleAugmentingMatcher,-1,na,matching_size,3
U0,3,2,12,HopcroftKarpMatcher,0,na,paths_found_per_phase,3
U0,3,2,12,HopcroftKarpMatcher,0,na,bfs_edges_visited,9
U0,3,2,12,HopcroftKarpMatcher,0,na,dfs_edges_visited,6
U0,3,2,12,HopcroftKarpMatcher,0,na,defect_at_iteration,0
U0,3,2,12,HopcroftKarpMatcher,-1,na,phase_count,1
U0,3,2,12,HopcroftKarpMatcher,-1,na,main_loop_iters,1
U0,3,2,12,HopcroftKarpMatcher,-1,na,total_bfs_edges_visited,9
U0,3,2,12,HopcroftKarpMatcher,-1,na,total_edges_visited,15
U0,3,2,12,HopcroftKarpMatcher,-1,na,matching_size,3
U0,3,2,12,HopcroftKarpMatcher,-1,na,wall_clock_ms,0.006555
U0,3,2,12,HopcroftKarpMatcher,-1,na,matching_size,3
U0,4,1.5,6,Oracle,-1,na,oracle_size,4
U0,4,1.5,6,SimpleAugmentingMatcher,-1,na,wall_clock_ms,0.000778
U0,4,1.5,6,SimpleAugmentingMatcher,-1,na,matching_size,4
U0,4,1.5,6,HopcroftKarpMatcher,0,na,paths_found_per_phase,4
U0,4,1.5,6,HopcroftKarpMatcher,0,na,bfs_edges_visited,8
U0,4,1.5,6,HopcroftKarpMatcher,0,na,dfs_edges_visited,7
U0,4,1.5,6,HopcroftKarpMatcher,0,na,defect_at_iteration,0
U0,4,1.5,6,HopcroftKarpMatcher,-1,na,phase_count,1
U0,4,1.5,6,HopcroftKarpMatcher,-1,na,main_loop_iters,1
U0,4,1.5,6,HopcroftKarpMatcher,-1,na,total_bfs_edges_visited,8
U0,4,1.5,6,HopcroftKarpMatcher,-1,na,total_edges_visited,15
U0,4,1.5,6,HopcroftKarpMatcher,-1,na,matching_size,4
U0,4,1.5,6,HopcroftKarpMatcher,-1,na,wall_clock_ms,0.006653
U0,4,1.5,6,HopcroftKarpMatcher,-1,na,matching_size,4
U0,5,1,33,Oracle,-1,na,oracle_size,2
U0,5,1,33,SimpleAugmentingMatcher,-1,na,wall_clock_ms,0.00086
U0,5,1,33,SimpleAugmentingMatcher,-1,na,matching_size,2
U0,5,1,33,HopcroftKarpMatcher,0,na,paths_found_per_phase,2
U0,5,1,33,HopcroftKarpMatcher,0,na,bfs_edges_visited,5
U0,5,1,33,HopcroftKarpMatcher,0,na,dfs_edges_visited,5
U0,5,1,33,HopcroftKarpMatcher,0,na,defect_at_iteration,3
U0,5,1,33,HopcroftKarpMatcher,-1,na,phase_count,1
U0,5,1,33,HopcroftKarpMatcher,-1,na,main_loop_iters,1
U0,5,1,33,HopcroftKarpMatcher,-1,na,total_bfs_edges_visited,5
U0,5,1,33,HopcroftKarpMatcher,-1,na,total_edges_visited,10
U0,5,1,33,HopcroftKarpMatcher,-1,na,matching_size,2
U0,5,1,33,HopcroftKarpMatcher,-1,na,wall_clock_ms,0.007041
U0,5,1,33,HopcroftKarpMatcher,-1,na,matching_size,2
U0,3,1,20,Oracle,-1,na,oracle_size,2
U0,3,1,20,SimpleAugmentingMatcher,-1,na,wall_clock_ms,0.000447
U0,3,1,20,SimpleAugmentingMatcher,-1,na,matching_size,2
U0,3,1,20,HopcroftKarpMatcher,0,na,paths_found_per_phase,2
U0,3,1,20,HopcroftKarpMatcher,0,na,bfs_edges_visited,3
U0,3,1,20,HopcroftKarpMatcher,0,na,dfs_edges_visited,2
U0,3,1,20,HopcroftKarpMatcher,0,na,defect_at_iteration,1
U0,3,1,20,HopcroftKarpMatcher,-1,na,phase_count,1
U0,3,1,20,HopcroftKarpMatcher,-1,na,main_loop_iters,1
U0,3,1,20,HopcroftKarpMatcher,-1,na,total_bfs_edges_visited,3
U0,3,1,20,HopcroftKarpMatcher,-1,na,total_edges_visited,5
U0,3,1,20,HopcroftKarpMatcher,-1,na,matching_size,2
U0,3,1,20,HopcroftKarpMatcher,-1,na,wall_clock_ms,0.006002
U0,3,1,20,HopcroftKarpMatcher,-1,na,matching_size,2
U0,3,2,33,Oracle,-1,na,oracle_size,3
U0,3,2,33,SimpleAugmentingMatcher,-1,na,wall_clock_ms,0.000497
U0,3,2,33,SimpleAugmentingMatcher,-1,na,matching_size,3
U0,3,2,33,HopcroftKarpMatcher,0,na,paths_found_per_phase,3
U0,3,2,33,HopcroftKarpMatcher,0,na,bfs_edges_visited,9
U0,3,2,33,HopcroftKarpMatcher,0,na,dfs_edges_visited,6
U0,3,2,33,HopcroftKarpMatcher,0,na,defect_at_iteration,0
U0,3,2,33,HopcroftKarpMatcher,-1,na,phase_count,1
U0,3,2,33,HopcroftKarpMatcher,-1,na,main_loop_iters,1
U0,3,2,33,HopcroftKarpMatcher,-1,na,total_bfs_edges_visited,9
U0,3,2,33,HopcroftKarpMatcher,-1,na,total_edges_visited,15
U0,3,2,33,HopcroftKarpMatcher,-1,na,matching_size,3
U0,3,2,33,HopcroftKarpMatcher,-1,na,wall_clock_ms,0.006797
U0,3,2,33,HopcroftKarpMatcher,-1,na,matching_size,3
U0,4,1.5,12,Oracle,-1,na,oracle_size,4
U0,4,1.5,12,SimpleAugmentingMatcher,-1,na,wall_clock_ms,0.000655
U0,4,1.5,12,SimpleAugmentingMatcher,-1,na,matching_size,4
U0,4,1.5,12,HopcroftKarpMatcher,0,na,paths_found_per_phase,4
U0,4,1.5,12,HopcroftKarpMatcher,0,na,bfs_edges_visited,8
U0,4,1.5,12,HopcroftKarpMatcher,0,na,dfs_edges_visited,5
U0,4,1.5,12,HopcroftKarpMatcher,0,na,defect_at_iteration,0
U0,4,1.5,12,HopcroftKarpMatcher,-1,na,phase_count,1
U0,4,1.5,12,HopcroftKarpMatcher,-1,na,main_loop_iters,1
U0,4,1.5,12,HopcroftKarpMatcher,-1,na,total_bfs_edges_visited,8
U0,4,1.5,12,HopcroftKarpMatcher,-1,na,total_edges_visited,13
U0,4,1.5,12,HopcroftKarpMatcher,-1,na,matching_size,4
U0,4,1.5,12,HopcroftKarpMatcher,-1,na,wall_clock_ms,0.00706
U0,4,1.5,12,HopcroftKarpMatcher,-1,na,matching_size,4
U0,4,2,39,Oracle,-1,na,oracle_size,4
U0,4,2,39,SimpleAugmentingMatcher,-1,na,wall_clock_ms,0.000655
U0,4,2,39,SimpleAugmentingMatcher,-1,na,matching_size,4
U0,4,2,39,HopcroftKarpMatcher,0,na,paths_found_per_phase,4
U0,4,2,39,HopcroftKarpMatcher,0,na,bfs_edges_visited,16
U0,4,2,39,HopcroftKarpMatcher,0,na,dfs_edges_visited,10
U0,4,2,39,HopcroftKarpMatcher,0,na,defect_at_iteration,0
U0,4,2,39,HopcroftKarpMatcher,-1,na,phase_count,1
U0,4,2,39,HopcroftKarpMatcher,-1,na,main_loop_iters,1
U0,4,2,39,HopcroftKarpMatcher,-1,na,total_bfs_edges_visited,16
U0,4,2,39,HopcroftKarpMatcher,-1,na,total_edges_visited,26
U0,4,2,39,HopcroftKarpMatcher,-1,na,matching_size,4
U0,4,2,39,HopcroftKarpMatcher,-1,na,wall_clock_ms,0.006773
U0,4,2,39,HopcroftKarpMatcher,-1,na,matching_size,4
U0,5,1.5,30,Oracle,-1,na,oracle_size,5
U0,5,1.5,30,SimpleAugmentingMatcher,-1,na,wall_clock_ms,0.000867
U0,5,1.5,30,SimpleAugmentingMatcher,-1,na,matching_size,5
U0,5,1.5,30,HopcroftKarpMatcher,0,na,paths_found_per_phase,4
U0,5,1.5,30,HopcroftKarpMatcher,0,na,bfs_edges_visited,11
U0,5,1.5,30,HopcroftKarpMatcher,0,na,dfs_edges_visited,8
U0,5,1.5,30,HopcroftKarpMatcher,0,na,defect_at_iteration,1
U0,5,1.5,30,HopcroftKarpMatcher,1,na,paths_found_per_phase,1
U0,5,1.5,30,HopcroftKarpMatcher,1,na,bfs_edges_visited,10
U0,5,1.5,30,HopcroftKarpMatcher,1,na,dfs_edges_visited,7
U0,5,1.5,30,HopcroftKarpMatcher,1,na,defect_at_iteration,0
U0,5,1.5,30,HopcroftKarpMatcher,-1,na,phase_count,2
U0,5,1.5,30,HopcroftKarpMatcher,-1,na,main_loop_iters,2
U0,5,1.5,30,HopcroftKarpMatcher,-1,na,total_bfs_edges_visited,21
U0,5,1.5,30,HopcroftKarpMatcher,-1,na,total_edges_visited,36
U0,5,1.5,30,HopcroftKarpMatcher,-1,na,matching_size,5
U0,5,1.5,30,HopcroftKarpMatcher,-1,na,wall_clock_ms,0.009309
U0,5,1.5,30,HopcroftKarpMatcher,-1,na,matching_size,5
U0,3,2,42,Oracle,-1,na,oracle_size,3
U0,3,2,42,SimpleAugmentingMatcher,-1,na,wall_clock_ms,0.000491
U0,3,2,42,SimpleAugmentingMatcher,-1,na,matching_size,3
U0,3,2,42,HopcroftKarpMatcher,0,na,paths_found_per_phase,3
U0,3,2,42,HopcroftKarpMatcher,0,na,bfs_edges_visited,9
U0,3,2,42,HopcroftKarpMatcher,0,na,dfs_edges_visited,6
U0,3,2,42,HopcroftKarpMatcher,0,na,defect_at_iteration,0
U0,3,2,42,HopcroftKarpMatcher,-1,na,phase_count,1
U0,3,2,42,HopcroftKarpMatcher,-1,na,main_loop_iters,1
U0,3,2,42,HopcroftKarpMatcher,-1,na,total_bfs_edges_visited,9
U0,3,2,42,HopcroftKarpMatcher,-1,na,total_edges_visited,15
U0,3,2,42,HopcroftKarpMatcher,-1,na,matching_size,3
U0,3,2,42,HopcroftKarpMatcher,-1,na,wall_clock_ms,0.006738
U0,3,2,42,HopcroftKarpMatcher,-1,na,matching_size,3
U0,6,1,34,Oracle,-1,na,oracle_size,4
U0,6,1,34,SimpleAugmentingMatcher,-1,na,wall_clock_ms,0.000798
U0,6,1,34,SimpleAugmentingMatcher,-1,na,matching_size,4
U0,6,1,34,HopcroftKarpMatcher,0,na,paths_found_per_phase,4
U0,6,1,34,HopcroftKarpMatcher,0,na,bfs_edges_visited,6
U0,6,1,34,HopcroftKarpMatcher,0,na,dfs_edges_visited,5
U0,6,1,34,HopcroftKarpMatcher,0,na,defect_at_iteration,2
U0,6,1,34,HopcroftKarpMatcher,-1,na,phase_count,1
U0,6,1,34,HopcroftKarpMatcher,-1,na,main_loop_iters,1
U0,6,1,34,HopcroftKarpMatcher,-1,na,total_bfs_edges_visited,6
U0,6,1,34,HopcroftKarpMatcher,-1,na,total_edges_visited,11
U0,6,1,34,HopcroftKarpMatcher,-1,na,matching_size,4
U0,6,1,34,HopcroftKarpMatcher,-1,na,wall_clock_ms,0.006974
U0,6,1,34,HopcroftKarpMatcher,-1,na,matching_size,4
U0,3,1.5,3,Oracle,-1,na,oracle_size,2
U0,3,1.5,3,SimpleAugmentingMatcher,-1,na,wall_clock_ms,0.000529
U0,3,1.5,3,SimpleAugmentingMatcher,-1,na,matching_size,2
U0,3,1.5,3,HopcroftKarpMatcher,0,na,paths_found_per_phase,2
U0,3,1.5,3,HopcroftKarpMatcher,0,na,bfs_edges_visited,5
U0,3,1.5,3,HopcroftKarpMatcher,0,na,dfs_edges_visited,3
U0,3,1.5,3,HopcroftKarpMatcher,0,na,defect_at_iteration,1
U0,3,1.5,3,HopcroftKarpMatcher,-1,na,phase_count,1
U0,3,1.5,3,HopcroftKarpMatcher,-1,na,main_loop_iters,1
U0,3,1.5,3,HopcroftKarpMatcher,-1,na,total_bfs_edges_visited,5
U0,3,1.5,3,HopcroftKarpMatcher,-1,na,total_edges_visited,8
U0,3,1.5,3,HopcroftKarpMatcher,-1,na,matching_size,2
U0,3,1.5,3,HopcroftKarpMatcher,-1,na,wall_clock_ms,0.006137
U0,3,1.5,3,HopcroftKarpMatcher,-1,na,matching_size,2
U0,3,1,3,Oracle,-1,na,oracle_size,3
U0,3,1,3,SimpleAugmentingMatcher,-1,na,wall_clock_ms,0.000458
U0,3,1,3,SimpleAugmentingMatcher,-1,na,matching_size,3
U0,3,1,3,HopcroftKarpMatcher,0,na,paths_found_per_phase,3
U0,3,1,3,HopcroftKarpMatcher,0,na,bfs_edges_visited,3
U0,3,1,3,HopcroftKarpMatcher,0,na,dfs_edges_visited,3
U0,3,1,3,HopcroftKarpMatcher,0,na,defect_at_iteration,0
U0,3,1,3,HopcroftKarpMatcher,-1,na,phase_count,1
U0,3,1,3,HopcroftKarpMatcher,-1,na,main_loop_iters,1
U0,3,1,3,HopcroftKarpMatcher,-1,na,total_bfs_edges_visited,3
U0,3,1,3,HopcroftKarpMatcher,-1,na,total_edges_visited,6
U0,3,1,3,HopcroftKarpMatcher,-1,na,matching_size,3
U0,3,1,3,HopcroftKarpMatcher,-1,na,wall_clock_ms,0.00576
U0,3,1,3,HopcroftKarpMatcher,-1,na,matching_size,3
U0,6,1,7,Oracle,-1,na,oracle_size,4
U0,6,1,7,SimpleAugmentingMatcher,-1,na,wall_clock_ms,0.000767
U0,6,1,7,SimpleAugmentingMatcher,-1,na,matching_size,4
U0,6,1,7,HopcroftKarpMatcher,0,na,paths_found_per_phase,4
U0,6,1,7,HopcroftKarpMatcher,0,na,bfs_edges_visited,6
U0,6,1,7,HopcroftKarpMatcher,0,na,dfs_edges_visited,6
U0,6,1,7,HopcroftKarpMatcher,0,na,defect_at_iteration,2
U0,6,1,7,HopcroftKarpMatcher,-1,na,phase_count,1
U0,6,1,7,HopcroftKarpMatcher,-1,na,main_loop_iters,1
U0,6,1,7,HopcroftKarpMatcher,-1,na,total_bfs_edges_visited,6
U0,6,1,7,HopcroftKarpMatcher,-1,na,total_edges_visited,12
U0,6,1,7,HopcroftKarpMatcher,-1,na,matching_size,4
U0,6,1,7,HopcroftKarpMatcher,-1,na,wall_clock_ms,0.00697
U0,6,1,7,HopcroftKarpMatcher,-1,na,matching_size,4
U0,6,2,2,Oracle,-1,na,oracle_size,6
U0,6,2,2,SimpleAugmentingMatcher,-1,na,wall_clock_ms,0.000894
U0,6,2,2,SimpleAugmentingMatcher,-1,na,matching_size,6
U0,6,2,2,HopcroftKarpMatcher,0,na,paths_found_per_phase,6
U0,6,2,2,HopcroftKarpMatcher,0,na,bfs_edges_visited,36
U0,6,2,2,HopcroftKarpMatcher,0,na,dfs_edges_visited,21
U0,6,2,2,HopcroftKarpMatcher,0,na,defect_at_iteration,0
U0,6,2,2,HopcroftKarpMatcher,-1,na,phase_count,1
U0,6,2,2,HopcroftKarpMatcher,-1,na,main_loop_iters,1
U0,6,2,2,HopcroftKarpMatcher,-1,na,total_bfs_edges_visited,36
U0,6,2,2,HopcroftKarpMatcher,-1,na,total_edges_visited,57
U0,6,2,2,HopcroftKarpMatcher,-1,na,matching_size,6
U0,6,2,2,HopcroftKarpMatcher,-1,na,wall_clock_ms,0.007014
U0,6,2,2,HopcroftKarpMatcher,-1,na,matching_size,6
U0,2,1.5,42,Oracle,-1,na,oracle_size,1
U0,2,1.5,42,SimpleAugmentingMatcher,-1,na,wall_clock_ms,0.000712
U0,2,1.5,42,SimpleAugmentingMatcher,-1,na,matching_size,1
U0,2,1.5,42,HopcroftKarpMatcher,0,na,paths_found_per_phase,1
U0,2,1.5,42,HopcroftKarpMatcher,0,na,bfs_edges_visited,2
U0,2,1.5,42,HopcroftKarpMatcher,0,na,dfs_edges_visited,2
U0,2,1.5,42,HopcroftKarpMatcher,0,na,defect_at_iteration,1
U0,2,1.5,42,HopcroftKarpMatcher,-1,na,phase_count,1
U0,2,1.5,42,HopcroftKarpMatcher,-1,na,main_loop_iters,1
U0,2,1.5,42,HopcroftKarpMatcher,-1,na,total_bfs_edges_visited,2
U0,2,1.5,42,HopcroftKarpMatcher,-1,na,total_edges_visited,4
U0,2,1.5,42,HopcroftKarpMatcher,-1,na,matching_size,1
U0,2,1.5,42,HopcroftKarpMatcher,-1,na,wall_clock_ms,0.006554
U0,2,1.5,42,HopcroftKarpMatcher,-1,na,matching_size,1
U0,4,1,3,Oracle,-1,na,oracle_size,3
U0,4,1,3,SimpleAugmentingMatcher,-1,na,wall_clock_ms,0.00055
U0,4,1,3,SimpleAugmentingMatcher,-1,na,matching_size,3
U0,4,1,3,HopcroftKarpMatcher,0,na,paths_found_per_phase,3
U0,4,1,3,HopcroftKarpMatcher,0,na,bfs_edges_visited,4
U0,4,1,3,HopcroftKarpMatcher,0,na,dfs_edges_visited,4
U0,4,1,3,HopcroftKarpMatcher,0,na,defect_at_iteration,1
U0,4,1,3,HopcroftKarpMatcher,-1,na,phase_count,1
U0,4,1,3,HopcroftKarpMatcher,-1,na,main_loop_iters,1
U0,4,1,3,HopcroftKarpMatcher,-1,na,total_bfs_edges_visited,4
U0,4,1,3,HopcroftKarpMatcher,-1,na,total_edges_visited,8
U0,4,1,3,HopcroftKarpMatcher,-1,na,matching_size,3
U0,4,1,3,HopcroftKarpMatcher,-1,na,wall_clock_ms,0.006212
U0,4,1,3,HopcroftKarpMatcher,-1,na,matching_size,3
U0,4,2,13,Oracle,-1,na,oracle_size,4
U0,4,2,13,SimpleAugmentingMatcher,-1,na,wall_clock_ms,0.000607
U0,4,2,13,SimpleAugmentingMatcher,-1,na,matching_size,4
U0,4,2,13,HopcroftKarpMatcher,0,na,paths_found_per_phase,4
U0,4,2,13,HopcroftKarpMatcher,0,na,bfs_edges_visited,16
U0,4,2,13,HopcroftKarpMatcher,0,na,dfs_edges_visited,10
U0,4,2,13,HopcroftKarpMatcher,0,na,defect_at_iteration,0
U0,4,2,13,HopcroftKarpMatcher,-1,na,phase_count,1
U0,4,2,13,HopcroftKarpMatcher,-1,na,main_loop_iters,1
U0,4,2,13,HopcroftKarpMatcher,-1,na,total_bfs_edges_visited,16
U0,4,2,13,HopcroftKarpMatcher,-1,na,total_edges_visited,26
U0,4,2,13,HopcroftKarpMatcher,-1,na,matching_size,4
U0,4,2,13,HopcroftKarpMatcher,-1,na,wall_clock_ms,0.006724
U0,4,2,13,HopcroftKarpMatcher,-1,na,matching_size,4
U0,2,1,24,Oracle,-1,na,oracle_size,1
U0,2,1,24,SimpleAugmentingMatcher,-1,na,wall_clock_ms,0.000335
U0,2,1,24,SimpleAugmentingMatcher,-1,na,matching_size,1
U0,2,1,24,HopcroftKarpMatcher,0,na,paths_found_per_phase,1
U0,2,1,24,HopcroftKarpMatcher,0,na,bfs_edges_visited,2
U0,2,1,24,HopcroftKarpMatcher,0,na,dfs_edges_visited,1
U0,2,1,24,HopcroftKarpMatcher,0,na,defect_at_iteration,1
U0,2,1,24,HopcroftKarpMatcher,-1,na,phase_count,1
U0,2,1,24,HopcroftKarpMatcher,-1,na,main_loop_iters,1
U0,2,1,24,HopcroftKarpMatcher,-1,na,total_bfs_edges_visited,2
U0,2,1,24,HopcroftKarpMatcher,-1,na,total_edges_visited,3
U0,2,1,24,HopcroftKarpMatcher,-1,na,matching_size,1
U0,2,1,24,HopcroftKarpMatcher,-1,na,wall_clock_ms,0.004005
U0,2,1,24,HopcroftKarpMatcher,-1,na,matching_size,1
U0,2,1.5,13,Oracle,-1,na,oracle_size,1
U0,2,1.5,13,SimpleAugmentingMatcher,-1,na,wall_clock_ms,0.000361
U0,2,1.5,13,SimpleAugmentingMatcher,-1,na,matching_size,1
U0,2,1.5,13,HopcroftKarpMatcher,0,na,paths_found_per_phase,1
U0,2,1.5,13,HopcroftKarpMatcher,0,na,bfs_edges_visited,2
U0,2,1.5,13,HopcroftKarpMatcher,0,na,dfs_edges_visited,2
U0,2,1.5,13,HopcroftKarpMatcher,0,na,defect_at_iteration,1
U0,2,1.5,13,HopcroftKarpMatcher,-1,na,phase_count,1
U0,2,1.5,13,HopcroftKarpMatcher,-1,na,main_loop_iters,1
U0,2,1.5,13,HopcroftKarpMatcher,-1,na,total_bfs_edges_visited,2
U0,2,1.5,13,HopcroftKarpMatcher,-1,na,total_edges_visited,4
U0,2,1.5,13,HopcroftKarpMatcher,-1,na,matching_size,1
U0,2,1.5,13,HopcroftKarpMatcher,-1,na,wall_clock_ms,0.00492
U0,2,1.5,13,HopcroftKarpMatcher,-1,na,matching_size,1
U0,2,1.5,11,Oracle,-1,na,oracle_size,1
U0,2,1.5,11,SimpleAugmentingMatcher,-1,na,wall_clock_ms,0.000458
U0,2,1.5,11,SimpleAugmentingMatcher,-1,na,matching_size,1
U0,2,1.5,11,HopcroftKarpMatcher,0,na,paths_found_per_phase,1
U0,2,1.5,11,HopcroftKarpMatcher,0,na,bfs_edges_visited,2
U0,2,1.5,11,HopcroftKarpMatcher,0,na,dfs_edges_visited,1
U0,2,1.5,11,HopcroftKarpMatcher,0,na,defect_at_iteration,1
U0,2,1.5,11,HopcroftKarpMatcher,-1,na,phase_count,1
U0,2,1.5,11,HopcroftKarpMatcher,-1,na,main_loop_iters,1
U0,2,1.5,11,HopcroftKarpMatcher,-1,na,total_bfs_edges_visited,2
U0,2,1.5,11,HopcroftKarpMatcher,-1,na,total_edges_visited,3
U0,2,1.5,11,HopcroftKarpMatcher,-1,na,matching_size,1
U0,2,1.5,11,HopcroftKarpMatcher,-1,na,wall_clock_ms,0.005903
U0,2,1.5,11,HopcroftKarpMatcher,-1,na,matching_size,1
U0,2,2,24,Oracle,-1,na,oracle_size,2
U0,2,2,24,SimpleAugmentingMatcher,-1,na,wall_clock_ms,0.000412
U0,2,2,24,SimpleAugmentingMatcher,-1,na,matching_size,2
U0,2,2,24,HopcroftKarpMatcher,0,na,paths_found_per_phase,2
U0,2,2,24,HopcroftKarpMatcher,0,na,bfs_edges_visited,4
U0,2,2,24,HopcroftKarpMatcher,0,na,dfs_edges_visited,3
U0,2,2,24,HopcroftKarpMatcher,0,na,defect_at_iteration,0
U0,2,2,24,HopcroftKarpMatcher,-1,na,phase_count,1
U0,2,2,24,HopcroftKarpMatcher,-1,na,main_loop_iters,1
U0,2,2,24,HopcroftKarpMatcher,-1,na,total_bfs_edges_visited,4
U0,2,2,24,HopcroftKarpMatcher,-1,na,total_edges_visited,7
U0,2,2,24,HopcroftKarpMatcher,-1,na,matching_size,2
U0,2,2,24,HopcroftKarpMatcher,-1,na,wall_clock_ms,0.005693
U0,2,2,24,HopcroftKarpMatcher,-1,na,matching_size,2
U0,6,1.5,42,Oracle,-1,na,oracle_size,6
U0,6,1.5,42,SimpleAugmentingMatcher,-1,na,wall_clock_ms,0.000894
U0,6,1.5,42,SimpleAugmentingMatcher,-1,na,matching_size,6
U0,6,1.5,42,HopcroftKarpMatcher,0,na,paths_found_per_phase,5
U0,6,1.5,42,HopcroftKarpMatcher,0,na,bfs_edges_visited,14
U0,6,1.5,42,HopcroftKarpMatcher,0,na,dfs_edges_visited,9
U0,6,1.5,42,HopcroftKarpMatcher,0,na,defect_at_iteration,1
U0,6,1.5,42,HopcroftKarpMatcher,1,na,paths_found_per_phase,1
U0,6,1.5,42,HopcroftKarpMatcher,1,na,bfs_edges_visited,10
U0,6,1.5,42,HopcroftKarpMatcher,1,na,dfs_edges_visited,8
U0,6,1.5,42,HopcroftKarpMatcher,1,na,defect_at_iteration,0
U0,6,1.5,42,HopcroftKarpMatcher,-1,na,phase_count,2
U0,6,1.5,42,HopcroftKarpMatcher,-1,na,main_loop_iters,2
U0,6,1.5,42,HopcroftKarpMatcher,-1,na,total_bfs_edges_visited,24
U0,6,1.5,42,HopcroftKarpMatcher,-1,na,total_edges_visited,41
U0,6,1.5,42,HopcroftKarpMatcher,-1,na,matching_size,6
U0,6,1.5,42,HopcroftKarpMatcher,-1,na,wall_clock_ms,0.010009
U0,6,1.5,42,HopcroftKarpMatcher,-1,na,matching_size,6
U0,3,1,33,Oracle,-1,na,oracle_size,2
U0,3,1,33,SimpleAugmentingMatcher,-1,na,wall_clock_ms,0.000739
U0,3,1,33,SimpleAugmentingMatcher,-1,na,matching_size,2
U0,3,1,33,HopcroftKarpMatcher,0,na,paths_found_per_phase,2
U0,3,1,33,HopcroftKarpMatcher,0,na,bfs_edges_visited,3
U0,3,1,33,HopcroftKarpMatcher,0,na,dfs_edges_visited,3
U0,3,1,33,HopcroftKarpMatcher,0,na,defect_at_iteration,1
U0,3,1,33,HopcroftKarpMatcher,-1,na,phase_count,1
U0,3,1,33,HopcroftKarpMatcher,-1,na,main_loop_iters,1
U0,3,1,33,HopcroftKarpMatcher,-1,na,total_bfs_edges_visited,3
U0,3,1,33,HopcroftKarpMatcher,-1,na,total_edges_visited,6
U0,3,1,33,HopcroftKarpMatcher,-1,na,matching_size,2
U0,3,1,33,HopcroftKarpMatcher,-1,na,wall_clock_ms,0.006158
U0,3,1,33,HopcroftKarpMatcher,-1,na,matching_size,2
U0,5,1.5,16,Oracle,-1,na,oracle_size,4
U0,5,1.5,16,SimpleAugmentingMatcher,-1,na,wall_clock_ms,0.000726
U0,5,1.5,16,SimpleAugmentingMatcher,-1,na,matching_size,4
U0,5,1.5,16,HopcroftKarpMatcher,0,na,paths_found_per_phase,4
U0,5,1.5,16,HopcroftKarpMatcher,0,na,bfs_edges_visited,11
U0,5,1.5,16,HopcroftKarpMatcher,0,na,dfs_edges_visited,7
U0,5,1.5,16,HopcroftKarpMatcher,0,na,defect_at_iteration,1
U0,5,1.5,16,HopcroftKarpMatcher,-1,na,phase_count,1
U0,5,1.5,16,HopcroftKarpMatcher,-1,na,main_loop_iters,1
U0,5,1.5,16,HopcroftKarpMatcher,-1,na,total_bfs_edges_visited,11
U0,5,1.5,16,HopcroftKarpMatcher,-1,na,total_edges_visited,18
U0,5,1.5,16,HopcroftKarpMatcher,-1,na,matching_size,4
U0,5,1.5,16,HopcroftKarpMatcher,-1,na,wall_clock_ms,0.006449
U0,5,1.5,16,HopcroftKarpMatcher,-1,na,matching_size,4
U0,6,1.5,4,Oracle,-1,na,oracle_size,6
U0,6,1.5,4,SimpleAugmentingMatcher,-1,na,wall_clock_ms,0.000698
U0,6,1.5,4,SimpleAugmentingMatcher,-1,na,matching_size,6
U0,6,1.5,4,HopcroftKarpMatcher,0,na,paths_found_per_phase,6
U0,6,1.5,4,HopcroftKarpMatcher,0,na,bfs_edges_visited,14
U0,6,1.5,4,HopcroftKarpMatcher,0,na,dfs_edges_visited,10
U0,6,1.5,4,HopcroftKarpMatcher,0,na,defect_at_iteration,0
U0,6,1.5,4,HopcroftKarpMatcher,-1,na,phase_count,1
U0,6,1.5,4,HopcroftKarpMatcher,-1,na,main_loop_iters,1
U0,6,1.5,4,HopcroftKarpMatcher,-1,na,total_bfs_edges_visited,14
U0,6,1.5,4,HopcroftKarpMatcher,-1,na,total_edges_visited,24
U0,6,1.5,4,HopcroftKarpMatcher,-1,na,matching_size,6
U0,6,1.5,4,HopcroftKarpMatcher,-1,na,wall_clock_ms,0.005163
U0,6,1.5,4,HopcroftKarpMatcher,-1,na,matching_size,6
U0,2,2,6,Oracle,-1,na,oracle_size,2
U0,2,2,6,SimpleAugmentingMatcher,-1,na,wall_clock_ms,0.000547
U0,2,2,6,SimpleAugmentingMatcher,-1,na,matching_size,2
U0,2,2,6,HopcroftKarpMatcher,0,na,paths_found_per_phase,2
U0,2,2,6,HopcroftKarpMatcher,0,na,bfs_edges_visited,4
U0,2,2,6,HopcroftKarpMatcher,0,na,dfs_edges_visited,3
U0,2,2,6,HopcroftKarpMatcher,0,na,defect_at_iteration,0
U0,2,2,6,HopcroftKarpMatcher,-1,na,phase_count,1
U0,2,2,6,HopcroftKarpMatcher,-1,na,main_loop_iters,1
U0,2,2,6,HopcroftKarpMatcher,-1,na,total_bfs_edges_visited,4
U0,2,2,6,HopcroftKarpMatcher,-1,na,total_edges_visited,7
U0,2,2,6,HopcroftKarpMatcher,-1,na,matching_size,2
U0,2,2,6,HopcroftKarpMatcher,-1,na,wall_clock_ms,0.005851
U0,2,2,6,HopcroftKarpMatcher,-1,na,matching_size,2
U0,6,2,26,Oracle,-1,na,oracle_size,6
U0,6,2,26,SimpleAugmentingMatcher,-1,na,wall_clock_ms,0.000692
U0,6,2,26,SimpleAugmentingMatcher,-1,na,matching_size,6
U0,6,2,26,HopcroftKarpMatcher,0,na,paths_found_per_phase,6
U0,6,2,26,HopcroftKarpMatcher,0,na,bfs_edges_visited,36
U0,6,2,26,HopcroftKarpMatcher,0,na,dfs_edges_visited,21
U0,6,2,26,HopcroftKarpMatcher,0,na,defect_at_iteration,0
U0,6,2,26,HopcroftKarpMatcher,-1,na,phase_count,1
U0,6,2,26,HopcroftKarpMatcher,-1,na,main_loop_iters,1
U0,6,2,26,HopcroftKarpMatcher,-1,na,total_bfs_edges_visited,36
U0,6,2,26,HopcroftKarpMatcher,-1,na,total_edges_visited,57
U0,6,2,26,HopcroftKarpMatcher,-1,na,matching_size,6
U0,6,2,26,HopcroftKarpMatcher,-1,na,wall_clock_ms,0.005167
U0,6,2,26,HopcroftKarpMatcher,-1,na,matching_size,6
U0,2,2,43,Oracle,-1,na,oracle_size,2
U0,2,2,43,SimpleAugmentingMatcher,-1,na,wall_clock_ms,0.000411
U0,2,2,43,SimpleAugmentingMatcher,-1,na,matching_size,2
U0,2,2,43,HopcroftKarpMatcher,0,na,paths_found_per_phase,2
U0,2,2,43,HopcroftKarpMatcher,0,na,bfs_edges_visited,4
U0,2,2,43,HopcroftKarpMatcher,0,na,dfs_edges_visited,3
U0,2,2,43,HopcroftKarpMatcher,0,na,defect_at_iteration,0
U0,2,2,43,HopcroftKarpMatcher,-1,na,phase_count,1
U0,2,2,43,HopcroftKarpMatcher,-1,na,main_loop_iters,1
U0,2,2,43,HopcroftKarpMatcher,-1,na,total_bfs_edges_visited,4
U0,2,2,43,HopcroftKarpMatcher,-1,na,total_edges_visited,7
U0,2,2,43,HopcroftKarpMatcher,-1,na,matching_size,2
U0,2,2,43,HopcroftKarpMatcher,-1,na,wall_clock_ms,0.005687
U0,2,2,43,HopcroftKarpMatcher,-1,na,matching_size,2
U0,6,2,1,Oracle,-1,na,oracle_size,6
U0,6,2,1,SimpleAugmentingMatcher,-1,na,wall_clock_ms,0.000987
U0,6,2,1,SimpleAugmentingMatcher,-1,na,matching_size,6
U0,6,2,1,HopcroftKarpMatcher,0,na,paths_found_per_phase,6
U0,6,2,1,HopcroftKarpMatcher,0,na,bfs_edges_visited,36
U0,6,2,1,HopcroftKarpMatcher,0,na,dfs_edges_visited,21
U0,6,2,1,HopcroftKarpMatcher,0,na,defect_at_iteration,0
U0,6,2,1,HopcroftKarpMatcher,-1,na,phase_count,1
U0,6,2,1,HopcroftKarpMatcher,-1,na,main_loop_iters,1
U0,6,2,1,HopcroftKarpMatcher,-1,na,total_bfs_edges_visited,36
U0,6,2,1,HopcroftKarpMatcher,-1,na,total_edges_visited,57
U0,6,2,1,HopcroftKarpMatcher,-1,na,matching_size,6
U0,6,2,1,HopcroftKarpMatcher,-1,na,wall_clock_ms,0.00732
U0,6,2,1,HopcroftKarpMatcher,-1,na,matching_size,6
U0,4,2,37,Oracle,-1,na,oracle_size,4
U0,4,2,37,SimpleAugmentingMatcher,-1,na,wall_clock_ms,0.000655
U0,4,2,37,SimpleAugmentingMatcher,-1,na,matching_size,4
U0,4,2,37,HopcroftKarpMatcher,0,na,paths_found_per_phase,4
U0,4,2,37,HopcroftKarpMatcher,0,na,bfs_edges_visited,16
U0,4,2,37,HopcroftKarpMatcher,0,na,dfs_edges_visited,10
U0,4,2,37,HopcroftKarpMatcher,0,na,defect_at_iteration,0
U0,4,2,37,HopcroftKarpMatcher,-1,na,phase_count,1
U0,4,2,37,HopcroftKarpMatcher,-1,na,main_loop_iters,1
U0,4,2,37,HopcroftKarpMatcher,-1,na,total_bfs_edges_visited,16
U0,4,2,37,HopcroftKarpMatcher,-1,na,total_edges_visited,26
U0,4,2,37,HopcroftKarpMatcher,-1,na,matching_size,4
U0,4,2,37,HopcroftKarpMatcher,-1,na,wall_clock_ms,0.006589
U0,4,2,37,HopcroftKarpMatcher,-1,na,matching_size,4
U0,3,2,17,Oracle,-1,na,oracle_size,3
U0,3,2,17,SimpleAugmentingMatcher,-1,na,wall_clock_ms,0.000566
U0,3,2,17,SimpleAugmentingMatcher,-1,na,matching_size,3
U0,3,2,17,HopcroftKarpMatcher,0,na,paths_found_per_phase,3
U0,3,2,17,HopcroftKarpMatcher,0,na,bfs_edges_visited,9
U0,3,2,17,HopcroftKarpMatcher,0,na,dfs_edges_visited,6
U0,3,2,17,HopcroftKarpMatcher,0,na,defect_at_iteration,0
U0,3,2,17,HopcroftKarpMatcher,-1,na,phase_count,1
U0,3,2,17,HopcroftKarpMatcher,-1,na,main_loop_iters,1
U0,3,2,17,HopcroftKarpMatcher,-1,na,total_bfs_edges_visited,9
U0,3,2,17,HopcroftKarpMatcher,-1,na,total_edges_visited,15
U0,3,2,17,HopcroftKarpMatcher,-1,na,matching_size,3
U0,3,2,17,HopcroftKarpMatcher,-1,na,wall_clock_ms,0.006976
U0,3,2,17,HopcroftKarpMatcher,-1,na,matching_size,3
