test_id,n,alpha,rep,algorithm,iteration,weight_regime,metric_name,metric_value
U1,5000,1.5,7,SimpleAugmentingMatcher,-1,na,wall_clock_ms,30791.9
U1,5000,1.5,7,SimpleAugmentingMatcher,-1,na,matching_size,5000
U1,5000,1.5,7,HopcroftKarpMatcher,0,na,paths_found_per_phase,4949
U1,5000,1.5,7,HopcroftKarpMatcher,0,na,bfs_edges_visited,353553
U1,5000,1.5,7,HopcroftKarpMatcher,0,na,dfs_edges_visited,177226
U1,5000,1.5,7,HopcroftKarpMatcher,0,na,defect_at_iteration,51
U1,5000,1.5,7,HopcroftKarpMatcher,1,na,paths_found_per_phase,51
U1,5000,1.5,7,HopcroftKarpMatcher,1,na,bfs_edges_visited,178814
U1,5000,1.5,7,HopcroftKarpMatcher,1,na,dfs_edges_visited,24542
U1,5000,1.5,7,HopcroftKarpMatcher,1,na,defect_at_iteration,0
U1,5000,1.5,7,HopcroftKarpMatcher,-1,na,phase_count,2
U1,5000,1.5,7,HopcroftKarpMatcher,-1,na,main_loop_iters,2
U1,5000,1.5,7,HopcroftKarpMatcher,-1,na,total_bfs_edges_visited,532367
U1,5000,1.5,7,HopcroftKarpMatcher,-1,na,total_edges_visited,734135
U1,5000,1.5,7,HopcroftKarpMatcher,-1,na,matching_size,5000
U1,5000,1.5,7,HopcroftKarpMatcher,-1,na,wall_clock_ms,99.1557
U1,5000,1.5,7,HopcroftKarpMatcher,-1,na,matching_size,5000
U1,50,1.5,1,SimpleAugmentingMatcher,-1,na,wall_clock_ms,0.037234
U1,50,1.5,1,SimpleAugmentingMatcher,-1,na,matching_size,50
U1,50,1.5,1,HopcroftKarpMatcher,0,na,paths_found_per_phase,46
U1,50,1.5,1,HopcroftKarpMatcher,0,na,bfs_edges_visited,353
U1,50,1.5,1,HopcroftKarpMatcher,0,na,dfs_edges_visited,192
U1,50,1.5,1,HopcroftKarpMatcher,0,na,defect_at_iteration,4
U1,50,1.5,1,HopcroftKarpMatcher,1,na,paths_found_per_phase,4
U1,50,1.5,1,HopcroftKarpMatcher,1,na,bfs_edges_visited,189
U1,50,1.5,1,HopcroftKarpMatcher,1,na,dfs_edges_visited,140
U1,50,1.5,1,HopcroftKarpMatcher,1,na,defect_at_iteration,0
U1,50,1.5,1,HopcroftKarpMatcher,-1,na,phase_count,2
U1,50,1.5,1,HopcroftKarpMatcher,-1,na,main_loop_iters,2
U1,50,1.5,1,HopcroftKarpMatcher,-1,na,total_bfs_edges_visited,542
U1,50,1.5,1,HopcroftKarpMatcher,-1,na,total_edges_visited,874
U1,50,1.5,1,HopcroftKarpMatcher,-1,na,matching_size,50
U1,50,1.5,1,HopcroftKarpMatcher,-1,na,wall_clock_ms,0.025008
U1,50,1.5,1,HopcroftKarpMatcher,-1,na,matching_size,50
U1,100,1.5,8,SimpleAugmentingMatcher,-1,na,wall_clock_ms,0.229788
U1,100,1.5,8,SimpleAugmentingMatcher,-1,na,matching_size,100
U1,100,1.5,8,HopcroftKarpMatcher,0,na,paths_found_per_phase,92
U1,100,1.5,8,HopcroftKarpMatcher,0,na,bfs_edges_visited,1000
U1,100,1.5,8,HopcroftKarpMatcher,0,na,dfs_edges_visited,541
U1,100,1.5,8,HopcroftKarpMatcher,0,na,defect_at_iteration,8
U1,100,1.5,8,HopcroftKarpMatcher,1,na,paths_found_per_phase,8
U1,100,1.5,8,HopcroftKarpMatcher,1,na,bfs_edges_visited,596
U1,100,1.5,8,HopcroftKarpMatcher,1,na,dfs_edges_visited,367
U1,100,1.5,8,HopcroftKarpMatcher,1,na,defect_at_iteration,0
U1,100,1.5,8,HopcroftKarpMatcher,-1,na,phase_count,2
U1,100,1.5,8,HopcroftKarpMatcher,-1,na,main_loop_iters,2
U1,100,1.5,8,HopcroftKarpMatcher,-1,na,total_bfs_edges_visited,1596
U1,100,1.5,8,HopcroftKarpMatcher,-1,na,total_edges_visited,2504
U1,100,1.5,8,HopcroftKarpMatcher,-1,na,matching_size,100
U1,100,1.5,8,HopcroftKarpMatcher,-1,na,wall_clock_ms,0.088959
U1,100,1.5,8,HopcroftKarpMatcher,-1,na,matching_size,100
U1,5000,1.5,1,SimpleAugmentingMatcher,-1,na,wall_clock_ms,24514.3
U1,5000,1.5,1,SimpleAugmentingMatcher,-1,na,matching_size,5000
U1,5000,1.5,1,HopcroftKarpMatcher,0,na,paths_found_per_phase,4942
U1,5000,1.5,1,HopcroftKarpMatcher,0,na,bfs_edges_visited,353553
U1,5000,1.5,1,HopcroftKarpMatcher,0,na,dfs_edges_visited,176667
U1,5000,1.5,1,HopcroftKarpMatcher,0,na,defect_at_iteration,58
U1,5000,1.5,1,HopcroftKarpMatcher,1,na,paths_found_per_phase,58
U1,5000,1.5,1,HopcroftKarpMatcher,1,na,bfs_edges_visited,196999
U1,5000,1.5,1,HopcroftKarpMatcher,1,na,dfs_edges_visited,31490
U1,5000,1.5,1,HopcroftKarpMatcher,1,na,defect_at_iteration,0
U1,5000,1.5,1,HopcroftKarpMatcher,-1,na,phase_count,2
U1,5000,1.5,1,HopcroftKarpMatcher,-1,na,main_loop_iters,2
U1,5000,1.5,1,HopcroftKarpMatcher,-1,na,total_bfs_edges_visited,550552
U1,5000,1.5,1,HopcroftKarpMatcher,-1,na,total_edges_visited,758709
U1,5000,1.5,1,HopcroftKarpMatcher,-1,na,matching_size,5000
U1,5000,1.5,1,HopcroftKarpMatcher,-1,na,wall_clock_ms,77.515
U1,5000,1.5,1,HopcroftKarpMatcher,-1,na,matching_size,5000
U1,100,1,4,SimpleAugmentingMatcher,-1,na,wall_clock_ms,0.017312
U1,100,1,4,SimpleAugmentingMatcher,-1,na,matching_size,59
U1,100,1,4,HopcroftKarpMatcher,0,na,paths_found_per_phase,56
U1,100,1,4,HopcroftKarpMatcher,0,na,bfs_edges_visited,100
U1,100,1,4,HopcroftKarpMatcher,0,na,dfs_edges_visited,73
U1,100,1,4,HopcroftKarpMatcher,0,na,defect_at_iteration,44
U1,100,1,4,HopcroftKarpMatcher,1,na,paths_found_per_phase,3
U1,100,1,4,HopcroftKarpMatcher,1,na,bfs_edges_visited,25
U1,100,1,4,HopcroftKarpMatcher,1,na,dfs_edges_visited,26
U1,100,1,4,HopcroftKarpMatcher,1,na,defect_at_iteration,41
U1,100,1,4,HopcroftKarpMatcher,-1,na,phase_count,2
U1,100,1,4,HopcroftKarpMatcher,-1,na,main_loop_iters,2
U1,100,1,4,HopcroftKarpMatcher,-1,na,total_bfs_edges_visited,125
U1,100,1,4,HopcroftKarpMatcher,-1,na,total_edges_visited,224
U1,100,1,4,HopcroftKarpMatcher,-1,na,matching_size,59
U1,100,1,4,HopcroftKarpMatcher,-1,na,wall_clock_ms,0.068998
U1,100,1,4,HopcroftKarpMatcher,-1,na,matching_size,59
U1,500,1.5,8,SimpleAugmentingMatcher,-1,na,wall_clock_ms,23.6827
U1,500,1.5,8,SimpleAugmentingMatcher,-1,na,matching_size,500
U1,500,1.5,8,HopcroftKarpMatcher,0,na,paths_found_per_phase,480
U1,500,1.5,8,HopcroftKarpMatcher,0,na,bfs_edges_visited,11180
U1,500,1.5,8,HopcroftKarpMatcher,0,na,dfs_edges_visited,5576
U1,500,1.5,8,HopcroftKarpMatcher,0,na,defect_at_iteration,20
U1,500,1.5,8,HopcroftKarpMatcher,1,na,paths_found_per_phase,20
U1,500,1.5,8,HopcroftKarpMatcher,1,na,bfs_edges_visited,6832
U1,500,1.5,8,HopcroftKarpMatcher,1,na,dfs_edges_visited,1325
U1,500,1.5,8,HopcroftKarpMatcher,1,na,defect_at_iteration,0
U1,500,1.5,8,HopcroftKarpMatcher,-1,na,phase_count,2
U1,500,1.5,8,HopcroftKarpMatcher,-1,na,main_loop_iters,2
U1,500,1.5,8,HopcroftKarpMatcher,-1,na,total_bfs_edges_visited,18012
U1,500,1.5,8,HopcroftKarpMatcher,-1,na,total_edges_visited,24913
U1,500,1.5,8,HopcroftKarpMatcher,-1,na,matching_size,500
U1,500,1.5,8,HopcroftKarpMatcher,-1,na,wall_clock_ms,1.08352
U1,500,1.5,8,HopcroftKarpMatcher,-1,na,matching_size,500
U1,200,1.5,3,SimpleAugmentingMatcher,-1,na,wall_clock_ms,1.38912
U1,200,1.5,3,SimpleAugmentingMatcher,-1,na,matching_size,200
U1,200,1.5,3,HopcroftKarpMatcher,0,na,paths_found_per_phase,187
U1,200,1.5,3,HopcroftKarpMatcher,0,na,bfs_edges_visited,2828
U1,200,1.5,3,HopcroftKarpMatcher,0,na,dfs_edges_visited,1401
U1,200,1.5,3,HopcroftKarpMatcher,0,na,defect_at_iteration,13
U1,200,1.5,3,HopcroftKarpMatcher,1,na,paths_found_per_phase,13
U1,200,1.5,3,HopcroftKarpMatcher,1,na,bfs_edges_visited,1734
U1,200,1.5,3,HopcroftKarpMatcher,1,na,dfs_edges_visited,713
U1,200,1.5,3,HopcroftKarpMatcher,1,na,defect_at_iteration,0
U1,200,1.5,3,HopcroftKarpMatcher,-1,na,phase_count,2
U1,200,1.5,3,HopcroftKarpMatcher,-1,na,main_loop_iters,2
U1,200,1.5,3,HopcroftKarpMatcher,-1,na,total_bfs_edges_visited,4562
U1,200,1.5,3,HopcroftKarpMatcher,-1,na,total_edges_visited,6676
U1,200,1.5,3,HopcroftKarpMatcher,-1,na,matching_size,200
U1,200,1.5,3,HopcroftKarpMatcher,-1,na,wall_clock_ms,0.218693
U1,200,1.5,3,HopcroftKarpMatcher,-1,na,matching_size,200
U1,500,1.5,9,SimpleAugmentingMatcher,-1,na,wall_clock_ms,24.3538
U1,500,1.5,9,SimpleAugmentingMatcher,-1,na,matching_size,500
U1,500,1.5,9,HopcroftKarpMatcher,0,na,paths_found_per_phase,484
U1,500,1.5,9,HopcroftKarpMatcher,0,na,bfs_edges_visited,11180
U1,500,1.5,9,HopcroftKarpMatcher,0,na,dfs_edges_visited,5597
U1,500,1.5,9,HopcroftKarpMatcher,0,na,defect_at_iteration,16
U1,500,1.5,9,HopcroftKarpMatcher,1,na,paths_found_per_phase,16
U1,500,1.5,9,HopcroftKarpMatcher,1,na,bfs_edges_visited,6012
U1,500,1.5,9,HopcroftKarpMatcher,1,na,dfs_edges_visited,1722
U1,500,1.5,9,HopcroftKarpMatcher,1,na,defect_at_iteration,0
U1,500,1.5,9,HopcroftKarpMatcher,-1,na,phase_count,2
U1,500,1.5,9,HopcroftKarpMatcher,-1,na,main_loop_iters,2
U1,500,1.5,9,HopcroftKarpMatcher,-1,na,total_bfs_edges_visited,17192
U1,500,1.5,9,HopcroftKarpMatcher,-1,na,total_edges_visited,24511
U1,500,1.5,9,HopcroftKarpMatcher,-1,na,matching_size,500
U1,500,1.5,9,HopcroftKarpMatcher,-1,na,wall_clock_ms,1.04734
U1,500,1.5,9,HopcroftKarpMatcher,-1,na,matching_size,500
U1,100,1.5,4,SimpleAugmentingMatcher,-1,na,wall_clock_ms,0.250007
U1,100,1.5,4,SimpleAugmentingMatcher,-1,na,matching_size,100
U1,100,1.5,4,HopcroftKarpMatcher,0,na,paths_found_per_phase,95
U1,100,1.5,4,HopcroftKarpMatcher,0,na,bfs_edges_visited,1000
U1,100,1.5,4,HopcroftKarpMatcher,0,na,dfs_edges_visited,517
U1,100,1.5,4,HopcroftKarpMatcher,0,na,defect_at_iteration,5
U1,100,1.5,4,HopcroftKarpMatcher,1,na,paths_found_per_phase,5
U1,100,1.5,4,HopcroftKarpMatcher,1,na,bfs_edges_visited,366
U1,100,1.5,4,HopcroftKarpMatcher,1,na,dfs_edges_visited,156
U1,100,1.5,4,HopcroftKarpMatcher,1,na,defect_at_iteration,0
U1,100,1.5,4,HopcroftKarpMatcher,-1,na,phase_count,2
U1,100,1.5,4,HopcroftKarpMatcher,-1,na,main_loop_iters,2
U1,100,1.5,4,HopcroftKarpMatcher,-1,na,total_bfs_edges_visited,1366
U1,100,1.5,4,HopcroftKarpMatcher,-1,na,total_edges_visited,2039
U1,100,1.5,4,HopcroftKarpMatcher,-1,na,matching_size,100
U1,100,1.5,4,HopcroftKarpMatcher,-1,na,wall_clock_ms,0.073737
U1,100,1.5,4,HopcroftKarpMatcher,-1,na,matching_size,100
U1,5000,1.5,4,SimpleAugmentingMatcher,-1,na,wall_clock_ms,24576.6
U1,5000,1.5,4,SimpleAugmentingMatcher,-1,na,matching_size,5000
U1,5000,1.5,4,HopcroftKarpMatcher,0,na,paths_found_per_phase,4951
U1,5000,1.5,4,HopcroftKarpMatcher,0,na,bfs_edges_visited,353553
U1,5000,1.5,4,HopcroftKarpMatcher,0,na,dfs_edges_visited,176659
U1,5000,1.5,4,HopcroftKarpMatcher,0,na,defect_at_iteration,49
U1,5000,1.5,4,HopcroftKarpMatcher,1,na,paths_found_per_phase,49
U1,5000,1.5,4,HopcroftKarpMatcher,1,na,bfs_edges_visited,182477
U1,5000,1.5,4,HopcroftKarpMatcher,1,na,dfs_edges_visited,30717
U1,5000,1.5,4,HopcroftKarpMatcher,1,na,defect_at_iteration,0
U1,5000,1.5,4,HopcroftKarpMatcher,-1,na,phase_count,2
U1,5000,1.5,4,HopcroftKarpMatcher,-1,na,main_loop_iters,2
U1,5000,1.5,4,HopcroftKarpMatcher,-1,na,total_bfs_edges_visited,536030
U1,5000,1.5,4,HopcroftKarpMatcher,-1,na,total_edges_visited,743406
U1,5000,1.5,4,HopcroftKarpMatcher,-1,na,matching_size,5000
U1,5000,1.5,4,HopcroftKarpMatcher,-1,na,wall_clock_ms,76.061
U1,5000,1.5,4,HopcroftKarpMatcher,-1,na,matching_size,5000
U1,500,2,4,SimpleAugmentingMatcher,-1,na,wall_clock_ms,44.3493
U1,500,2,4,SimpleAugmentingMatcher,-1,na,matching_size,500
U1,500,2,4,HopcroftKarpMatcher,0,na,paths_found_per_phase,500
U1,500,2,4,HopcroftKarpMatcher,0,na,bfs_edges_visited,250000
U1,500,2,4,HopcroftKarpMatcher,0,na,dfs_edges_visited,125250
U1,500,2,4,HopcroftKarpMatcher,0,na,defect_at_iteration,0
U1,500,2,4,HopcroftKarpMatcher,-1,na,phase_count,1
U1,500,2,4,HopcroftKarpMatcher,-1,na,main_loop_iters,1
U1,500,2,4,HopcroftKarpMatcher,-1,na,total_bfs_edges_visited,250000
U1,500,2,4,HopcroftKarpMatcher,-1,na,total_edges_visited,375250
U1,500,2,4,HopcroftKarpMatcher,-1,na,matching_size,500
U1,500,2,4,HopcroftKarpMatcher,-1,na,wall_clock_ms,0.855207
U1,500,2,4,HopcroftKarpMatcher,-1,na,matching_size,500
U1,500,2,0,SimpleAugmentingMatcher,-1,na,wall_clock_ms,42.0504
U1,500,2,0,SimpleAugmentingMatcher,-1,na,matching_size,500
U1,500,2,0,HopcroftKarpMatcher,0,na,paths_found_per_phase,500
U1,500,2,0,HopcroftKarpMatcher,0,na,bfs_edges_visited,250000
U1,500,2,0,HopcroftKarpMatcher,0,na,dfs_edges_visited,125250
U1,500,2,0,HopcroftKarpMatcher,0,na,defect_at_iteration,0
U1,500,2,0,HopcroftKarpMatcher,-1,na,phase_count,1
U1,500,2,0,HopcroftKarpMatcher,-1,na,main_loop_iters,1
U1,500,2,0,HopcroftKarpMatcher,-1,na,total_bfs_edges_visited,250000
U1,500,2,0,HopcroftKarpMatcher,-1,na,total_edges_visited,375250
U1,500,2,0,HopcroftKarpMatcher,-1,na,matching_size,500
U1,500,2,0,HopcroftKarpMatcher,-1,na,wall_clock_ms,0.842677
U1,500,2,0,HopcroftKarpMatcher,-1,na,matching_size,500
U1,1000,2,3,SimpleAugmentingMatcher,-1,na,wall_clock_ms,324.413
U1,1000,2,3,SimpleAugmentingMatcher,-1,na,matching_size,1000
U1,1000,2,3,HopcroftKarpMatcher,0,na,paths_found_per_phase,1000
U1,1000,2,3,HopcroftKarpMatcher,0,na,bfs_edges_visited,1e+06
U1,1000,2,3,HopcroftKarpMatcher,0,na,dfs_edges_visited,500500
U1,1000,2,3,HopcroftKarpMatcher,0,na,defect_at_iteration,0
U1,1000,2,3,HopcroftKarpMatcher,-1,na,phase_count,1
U1,1000,2,3,HopcroftKarpMatcher,-1,na,main_loop_iters,1
U1,1000,2,3,HopcroftKarpMatcher,-1,na,total_bfs_edges_visited,1e+06
U1,1000,2,3,HopcroftKarpMatcher,-1,na,total_edges_visited,1.5005e+06
U1,1000,2,3,HopcroftKarpMatcher,-1,na,matching_size,1000
U1,1000,2,3,HopcroftKarpMatcher,-1,na,wall_clock_ms,3.29174
U1,1000,2,3,HopcroftKarpMatcher,-1,na,matching_size,1000
U1,50,1.5,8,SimpleAugmentingMatcher,-1,na,wall_clock_ms,0.042829
U1,50,1.5,8,SimpleAugmentingMatcher,-1,na,matching_size,50
U1,50,1.5,8,HopcroftKarpMatcher,0,na,paths_found_per_phase,46
U1,50,1.5,8,HopcroftKarpMatcher,0,na,bfs_edges_visited,353
U1,50,1.5,8,HopcroftKarpMatcher,0,na,dfs_edges_visited,189
U1,50,1.5,8,HopcroftKarpMatcher,0,na,defect_at_iteration,4
U1,50,1.5,8,HopcroftKarpMatcher,1,na,paths_found_per_phase,4
U1,50,1.5,8,HopcroftKarpMatcher,1,na,bfs_edges_visited,152
U1,50,1.5,8,HopcroftKarpMatcher,1,na,dfs_edges_visited,213
U1,50,1.5,8,HopcroftKarpMatcher,1,na,defect_at_iteration,0
U1,50,1.5,8,HopcroftKarpMatcher,-1,na,phase_count,2
U1,50,1.5,8,HopcroftKarpMatcher,-1,na,main_loop_iters,2
U1,50,1.5,8,HopcroftKarpMatcher,-1,na,total_bfs_edges_visited,505
U1,50,1.5,8,HopcroftKarpMatcher,-1,na,total_edges_visited,907
U1,50,1.5,8,HopcroftKarpMatcher,-1,na,matching_size,50
U1,50,1.5,8,HopcroftKarpMatcher,-1,na,wall_clock_ms,0.03405
U1,50,1.5,8,HopcroftKarpMatcher,-1,na,matching_size,50
U1,2000,1,3,SimpleAugmentingMatcher,-1,na,wall_clock_ms,4.99108
U1,2000,1,3,SimpleAugmentingMatcher,-1,na,matching_size,1071
U1,2000,1,3,HopcroftKarpMatcher,0,na,paths_found_per_phase,993
U1,2000,1,3,HopcroftKarpMatcher,0,na,bfs_edges_visited,2000
U1,2000,1,3,HopcroftKarpMatcher,0,na,dfs_edges_visited,1424
U1,2000,1,3,HopcroftKarpMatcher,0,na,defect_at_iteration,1007
U1,2000,1,3,HopcroftKarpMatcher,1,na,paths_found_per_phase,74
U1,2000,1,3,HopcroftKarpMatcher,1,na,bfs_edges_visited,727
U1,2000,1,3,HopcroftKarpMatcher,1,na,dfs_edges_visited,751
U1,2000,1,3,HopcroftKarpMatcher,1,na,defect_at_iteration,933
U1,2000,1,3,HopcroftKarpMatcher,2,na,paths_found_per_phase,3
U1,2000,1,3,HopcroftKarpMatcher,2,na,bfs_edges_visited,489
U1,2000,1,3,HopcroftKarpMatcher,2,na,dfs_edges_visited,505
U1,2000,1,3,HopcroftKarpMatcher,2,na,defect_at_iteration,930
U1,2000,1,3,HopcroftKarpMatcher,3,na,paths_found_per_phase,1
U1,2000,1,3,HopcroftKarpMatcher,3,na,bfs_edges_visited,495
U1,2000,1,3,HopcroftKarpMatcher,3,na,dfs_edges_visited,495
U1,2000,1,3,HopcroftKarpMatcher,3,na,defect_at_iteration,929
U1,2000,1,3,HopcroftKarpMatcher,-1,na,phase_count,4
U1,2000,1,3,HopcroftKarpMatcher,-1,na,main_loop_iters,4
U1,2000,1,3,HopcroftKarpMatcher,-1,na,total_bfs_edges_visited,3711
U1,2000,1,3,HopcroftKarpMatcher,-1,na,total_edges_visited,6886
U1,2000,1,3,HopcroftKarpMatcher,-1,na,matching_size,1071
U1,2000,1,3,HopcroftKarpMatcher,-1,na,wall_clock_ms,29.7131
U1,2000,1,3,HopcroftKarpMatcher,-1,na,matching_size,1071
U1,50,2,7,SimpleAugmentingMatcher,-1,na,wall_clock_ms,0.035387
U1,50,2,7,SimpleAugmentingMatcher,-1,na,matching_size,50
U1,50,2,7,HopcroftKarpMatcher,0,na,paths_found_per_phase,50
U1,50,2,7,HopcroftKarpMatcher,0,na,bfs_edges_visited,2500
U1,50,2,7,HopcroftKarpMatcher,0,na,dfs_edges_visited,1275
U1,50,2,7,HopcroftKarpMatcher,0,na,defect_at_iteration,0
U1,50,2,7,HopcroftKarpMatcher,-1,na,phase_count,1
U1,50,2,7,HopcroftKarpMatcher,-1,na,main_loop_iters,1
U1,50,2,7,HopcroftKarpMatcher,-1,na,total_bfs_edges_visited,2500
U1,50,2,7,HopcroftKarpMatcher,-1,na,total_edges_visited,3775
U1,50,2,7,HopcroftKarpMatcher,-1,na,matching_size,50
U1,50,2,7,HopcroftKarpMatcher,-1,na,wall_clock_ms,0.010736
U1,50,2,7,HopcroftKarpMatcher,-1,na,matching_size,50
U1,5000,1,1,SimpleAugmentingMatcher,-1,na,wall_clock_ms,35.8948
U1,5000,1,1,SimpleAugmentingMatcher,-1,na,matching_size,2714
U1,5000,1,1,HopcroftKarpMatcher,0,na,paths_found_per_phase,2539
U1,5000,1,1,HopcroftKarpMatcher,0,na,bfs_edges_visited,5000
U1,5000,1,1,HopcroftKarpMatcher,0,na,dfs_edges_visited,3596
U1,5000,1,1,HopcroftKarpMatcher,0,na,defect_at_iteration,2461
U1,5000,1,1,HopcroftKarpMatcher,1,na,paths_found_per_phase,170
U1,5000,1,1,HopcroftKarpMatcher,1,na,bfs_edges_visited,1700
U1,5000,1,1,HopcroftKarpMatcher,1,na,dfs_edges_visited,1759
U1,5000,1,1,HopcroftKarpMatcher,1,na,defect_at_iteration,2291
U1,5000,1,1,HopcroftKarpMatcher,2,na,paths_found_per_phase,5
U1,5000,1,1,HopcroftKarpMatcher,2,na,bfs_edges_visited,1231
U1,5000,1,1,HopcroftKarpMatcher,2,na,dfs_edges_visited,1228
U1,5000,1,1,HopcroftKarpMatcher,2,na,defect_at_iteration,2286
U1,5000,1,1,HopcroftKarpMatcher,-1,na,phase_count,3
U1,5000,1,1,HopcroftKarpMatcher,-1,na,main_loop_iters,3
U1,5000,1,1,HopcroftKarpMatcher,-1,na,total_bfs_edges_visited,7931
U1,5000,1,1,HopcroftKarpMatcher,-1,na,total_edges_visited,14514
U1,5000,1,1,HopcroftKarpMatcher,-1,na,matching_size,2714
U1,5000,1,1,HopcroftKarpMatcher,-1,na,wall_clock_ms,188.748
U1,5000,1,1,HopcroftKarpMatcher,-1,na,matching_size,2714
U1,5000,2,5,SimpleAugmentingMatcher,-1,na,wall_clock_ms,35071.2
U1,5000,2,5,SimpleAugmentingMatcher,-1,na,matching_size,5000
U1,5000,2,5,HopcroftKarpMatcher,0,na,paths_found_per_phase,5000
U1,5000,2,5,HopcroftKarpMatcher,0,na,bfs_edges_visited,2.5e+07
U1,5000,2,5,HopcroftKarpMatcher,0,na,dfs_edges_visited,1.25025e+07
U1,5000,2,5,HopcroftKarpMatcher,0,na,defect_at_iteration,0
U1,5000,2,5,HopcroftKarpMatcher,-1,na,phase_count,1
U1,5000,2,5,HopcroftKarpMatcher,-1,na,main_loop_iters,1
U1,5000,2,5,HopcroftKarpMatcher,-1,na,total_bfs_edges_visited,2.5e+07
U1,5000,2,5,HopcroftKarpMatcher,-1,na,total_edges_visited,3.75025e+07
U1,5000,2,5,HopcroftKarpMatcher,-1,na,matching_size,5000
U1,5000,2,5,HopcroftKarpMatcher,-1,na,wall_clock_ms,64.8806
U1,5000,2,5,HopcroftKarpMatcher,-1,na,matching_size,5000
U1,100,1,0,SimpleAugmentingMatcher,-1,na,wall_clock_ms,0.02565
U1,100,1,0,SimpleAugmentingMatcher,-1,na,matching_size,54
U1,100,1,0,HopcroftKarpMatcher,0,na,paths_found_per_phase,52
U1,100,1,0,HopcroftKarpMatcher,0,na,bfs_edges_visited,100
U1,100,1,0,HopcroftKarpMatcher,0,na,dfs_edges_visited,81
U1,100,1,0,HopcroftKarpMatcher,0,na,defect_at_iteration,48
U1,100,1,0,HopcroftKarpMatcher,1,na,paths_found_per_phase,2
U1,100,1,0,HopcroftKarpMatcher,1,na,bfs_edges_visited,43
U1,100,1,0,HopcroftKarpMatcher,1,na,dfs_edges_visited,49
U1,100,1,0,HopcroftKarpMatcher,1,na,defect_at_iteration,46
U1,100,1,0,HopcroftKarpMatcher,-1,na,phase_count,2
U1,100,1,0,HopcroftKarpMatcher,-1,na,main_loop_iters,2
U1,100,1,0,HopcroftKarpMatcher,-1,na,total_bfs_edges_visited,143
U1,100,1,0,HopcroftKarpMatcher,-1,na,total_edges_visited,273
U1,100,1,0,HopcroftKarpMatcher,-1,na,matching_size,54
U1,100,1,0,HopcroftKarpMatcher,-1,na,wall_clock_ms,0.077424
U1,100,1,0,HopcroftKarpMatcher,-1,na,matching_size,54
U1,200,2,2,SimpleAugmentingMatcher,-1,na,wall_clock_ms,2.0594
U1,200,2,2,SimpleAugmentingMatcher,-1,na,matching_size,200
U1,200,2,2,HopcroftKarpMatcher,0,na,paths_found_per_phase,200
U1,200,2,2,HopcroftKarpMatcher,0,na,bfs_edges_visited,40000
U1,200,2,2,HopcroftKarpMatcher,0,na,dfs_edges_visited,20100
U1,200,2,2,HopcroftKarpMatcher,0,na,defect_at_iteration,0
U1,200,2,2,HopcroftKarpMatcher,-1,na,phase_count,1
U1,200,2,2,HopcroftKarpMatcher,-1,na,main_loop_iters,1
U1,200,2,2,HopcroftKarpMatcher,-1,na,total_bfs_edges_visited,40000
U1,200,2,2,HopcroftKarpMatcher,-1,na,total_edges_visited,60100
U1,200,2,2,HopcroftKarpMatcher,-1,na,matching_size,200
U1,200,2,2,HopcroftKarpMatcher,-1,na,wall_clock_ms,0.098384
U1,200,2,2,HopcroftKarpMatcher,-1,na,matching_size,200
U1,100,1.5,1,SimpleAugmentingMatcher,-1,na,wall_clock_ms,0.181555
U1,100,1.5,1,SimpleAugmentingMatcher,-1,na,matching_size,100
U1,100,1.5,1,HopcroftKarpMatcher,0,na,paths_found_per_phase,92
U1,100,1.5,1,HopcroftKarpMatcher,0,na,bfs_edges_visited,1000
U1,100,1.5,1,HopcroftKarpMatcher,0,na,dfs_edges_visited,528
U1,100,1.5,1,HopcroftKarpMatcher,0,na,defect_at_iteration,8
U1,100,1.5,1,HopcroftKarpMatcher,1,na,paths_found_per_phase,8
U1,100,1.5,1,HopcroftKarpMatcher,1,na,bfs_edges_visited,545
U1,100,1.5,1,HopcroftKarpMatcher,1,na,dfs_edges_visited,277
U1,100,1.5,1,HopcroftKarpMatcher,1,na,defect_at_iteration,0
U1,100,1.5,1,HopcroftKarpMatcher,-1,na,phase_count,2
U1,100,1.5,1,HopcroftKarpMatcher,-1,na,main_loop_iters,2
U1,100,1.5,1,HopcroftKarpMatcher,-1,na,total_bfs_edges_visited,1545
U1,100,1.5,1,HopcroftKarpMatcher,-1,na,total_edges_visited,2350
U1,100,1.5,1,HopcroftKarpMatcher,-1,na,matching_size,100
U1,100,1.5,1,HopcroftKarpMatcher,-1,na,wall_clock_ms,0.074469
U1,100,1.5,1,HopcroftKarpMatcher,-1,na,matching_size,100
U1,200,2,9,SimpleAugmentingMatcher,-1,na,wall_clock_ms,2.83131
U1,200,2,9,SimpleAugmentingMatcher,-1,na,matching_size,200
U1,200,2,9,HopcroftKarpMatcher,0,na,paths_found_per_phase,200
U1,200,2,9,HopcroftKarpMatcher,0,na,bfs_edges_visited,40000
U1,200,2,9,HopcroftKarpMatcher,0,na,dfs_edges_visited,20100
U1,200,2,9,HopcroftKarpMatcher,0,na,defect_at_iteration,0
U1,200,2,9,HopcroftKarpMatcher,-1,na,phase_count,1
U1,200,2,9,HopcroftKarpMatcher,-1,na,main_loop_iters,1
U1,200,2,9,HopcroftKarpMatcher,-1,na,total_bfs_edges_visited,40000
U1,200,2,9,HopcroftKarpMatcher,-1,na,total_edges_visited,60100
U1,200,2,9,HopcroftKarpMatcher,-1,na,matching_size,200
U1,200,2,9,HopcroftKarpMatcher,-1,na,wall_clock_ms,0.146684
U1,200,2,9,HopcroftKarpMatcher,-1,na,matching_size,200
U1,100,1,8,SimpleAugmentingMatcher,-1,na,wall_clock_ms,0.019723
U1,100,1,8,SimpleAugmentingMatcher,-1,na,matching_size,55
U1,100,1,8,HopcroftKarpMatcher,0,na,paths_found_per_phase,54
U1,100,1,8,HopcroftKarpMatcher,0,na,bfs_edges_visited,100
U1,100,1,8,HopcroftKarpMatcher,0,na,dfs_edges_visited,79
U1,100,1,8,HopcroftKarpMatcher,0,na,defect_at_iteration,46
U1,100,1,8,HopcroftKarpMatcher,1,na,paths_found_per_phase,1
U1,100,1,8,HopcroftKarpMatcher,1,na,bfs_edges_visited,42
U1,100,1,8,HopcroftKarpMatcher,1,na,dfs_edges_visited,44
U1,100,1,8,HopcroftKarpMatcher,1,na,defect_at_iteration,45
U1,100,1,8,HopcroftKarpMatcher,-1,na,phase_count,2
U1,100,1,8,HopcroftKarpMatcher,-1,na,main_loop_iters,2
U1,100,1,8,HopcroftKarpMatcher,-1,na,total_bfs_edges_visited,142
U1,100,1,8,HopcroftKarpMatcher,-1,na,total_edges_visited,265
U1,100,1,8,HopcroftKarpMatcher,-1,na,matching_size,55
U1,100,1,8,HopcroftKarpMatcher,-1,na,wall_clock_ms,0.077597
U1,100,1,8,HopcroftKarpMatcher,-1,na,matching_size,55
U1,5000,1.5,0,SimpleAugmentingMatcher,-1,na,wall_clock_ms,24554.3
U1,5000,1.5,0,SimpleAugmentingMatcher,-1,na,matching_size,5000
U1,5000,1.5,0,HopcroftKarpMatcher,0,na,paths_found_per_phase,4958
U1,5000,1.5,0,HopcroftKarpMatcher,0,na,bfs_edges_visited,353553
U1,5000,1.5,0,HopcroftKarpMatcher,0,na,dfs_edges_visited,177062
U1,5000,1.5,0,HopcroftKarpMatcher,0,na,defect_at_iteration,42
U1,5000,1.5,0,HopcroftKarpMatcher,1,na,paths_found_per_phase,42
U1,5000,1.5,0,HopcroftKarpMatcher,1,na,bfs_edges_visited,160421
U1,5000,1.5,0,HopcroftKarpMatcher,1,na,dfs_edges_visited,27162
U1,5000,1.5,0,HopcroftKarpMatcher,1,na,defect_at_iteration,0
U1,5000,1.5,0,HopcroftKarpMatcher,-1,na,phase_count,2
U1,5000,1.5,0,HopcroftKarpMatcher,-1,na,main_loop_iters,2
U1,5000,1.5,0,HopcroftKarpMatcher,-1,na,total_bfs_edges_visited,513974
U1,5000,1.5,0,HopcroftKarpMatcher,-1,na,total_edges_visited,718198
U1,5000,1.5,0,HopcroftKarpMatcher,-1,na,matching_size,5000
U1,5000,1.5,0,HopcroftKarpMatcher,-1,na,wall_clock_ms,73.3261
U1,5000,1.5,0,HopcroftKarpMatcher,-1,na,matching_size,5000
U1,1000,1.5,5,SimpleAugmentingMatcher,-1,na,wall_clock_ms,196.05
U1,1000,1.5,5,SimpleAugmentingMatcher,-1,na,matching_size,1000
U1,1000,1.5,5,HopcroftKarpMatcher,0,na,paths_found_per_phase,977
U1,1000,1.5,5,HopcroftKarpMatcher,0,na,bfs_edges_visited,31622
U1,1000,1.5,5,HopcroftKarpMatcher,0,na,dfs_edges_visited,15952
U1,1000,1.5,5,HopcroftKarpMatcher,0,na,defect_at_iteration,23
U1,1000,1.5,5,HopcroftKarpMatcher,1,na,paths_found_per_phase,23
U1,1000,1.5,5,HopcroftKarpMatcher,1,na,bfs_edges_visited,16458
U1,1000,1.5,5,HopcroftKarpMatcher,1,na,dfs_edges_visited,5420
U1,1000,1.5,5,HopcroftKarpMatcher,1,na,defect_at_iteration,0
U1,1000,1.5,5,HopcroftKarpMatcher,-1,na,phase_count,2
U1,1000,1.5,5,HopcroftKarpMatcher,-1,na,main_loop_iters,2
U1,1000,1.5,5,HopcroftKarpMatcher,-1,na,total_bfs_edges_visited,48080
U1,1000,1.5,5,HopcroftKarpMatcher,-1,na,total_edges_visited,69452
U1,1000,1.5,5,HopcroftKarpMatcher,-1,na,matching_size,1000
U1,1000,1.5,5,HopcroftKarpMatcher,-1,na,wall_clock_ms,4.20252
U1,1000,1.5,5,HopcroftKarpMatcher,-1,na,matching_size,1000
U1,1000,1,7,SimpleAugmentingMatcher,-1,na,wall_clock_ms,1.23469
U1,1000,1,7,SimpleAugmentingMatcher,-1,na,matching_size,538
U1,1000,1,7,HopcroftKarpMatcher,0,na,paths_found_per_phase,503
U1,1000,1,7,HopcroftKarpMatcher,0,na,bfs_edges_visited,1000
U1,1000,1,7,HopcroftKarpMatcher,0,na,dfs_edges_visited,707
U1,1000,1,7,HopcroftKarpMatcher,0,na,defect_at_iteration,497
U1,1000,1,7,HopcroftKarpMatcher,1,na,paths_found_per_phase,34
U1,1000,1,7,HopcroftKarpMatcher,1,na,bfs_edges_visited,343
U1,1000,1,7,HopcroftKarpMatcher,1,na,dfs_edges_visited,343
U1,1000,1,7,HopcroftKarpMatcher,1,na,defect_at_iteration,463
U1,1000,1,7,HopcroftKarpMatcher,2,na,paths_found_per_phase,1
U1,1000,1,7,HopcroftKarpMatcher,2,na,bfs_edges_visited,227
U1,1000,1,7,HopcroftKarpMatcher,2,na,dfs_edges_visited,230
U1,1000,1,7,HopcroftKarpMatcher,2,na,defect_at_iteration,462
U1,1000,1,7,HopcroftKarpMatcher,-1,na,phase_count,3
U1,1000,1,7,HopcroftKarpMatcher,-1,na,main_loop_iters,3
U1,1000,1,7,HopcroftKarpMatcher,-1,na,total_bfs_edges_visited,1570
U1,1000,1,7,HopcroftKarpMatcher,-1,na,total_edges_visited,2850
U1,1000,1,7,HopcroftKarpMatcher,-1,na,matching_size,538
U1,1000,1,7,HopcroftKarpMatcher,-1,na,wall_clock_ms,6.08813
U1,1000,1,7,HopcroftKarpMatcher,-1,na,matching_size,538
U1,200,1.5,2,SimpleAugmentingMatcher,-1,na,wall_clock_ms,1.4683
U1,200,1.5,2,SimpleAugmentingMatcher,-1,na,matching_size,200
U1,200,1.5,2,HopcroftKarpMatcher,0,na,paths_found_per_phase,190
U1,200,1.5,2,HopcroftKarpMatcher,0,na,bfs_edges_visited,2828
U1,200,1.5,2,HopcroftKarpMatcher,0,na,dfs_edges_visited,1499
U1,200,1.5,2,HopcroftKarpMatcher,0,na,defect_at_iteration,10
U1,200,1.5,2,HopcroftKarpMatcher,1,na,paths_found_per_phase,10
U1,200,1.5,2,HopcroftKarpMatcher,1,na,bfs_edges_visited,1301
U1,200,1.5,2,HopcroftKarpMatcher,1,na,dfs_edges_visited,566
U1,200,1.5,2,HopcroftKarpMatcher,1,na,defect_at_iteration,0
U1,200,1.5,2,HopcroftKarpMatcher,-1,na,phase_count,2
U1,200,1.5,2,HopcroftKarpMatcher,-1,na,main_loop_iters,2
U1,200,1.5,2,HopcroftKarpMatcher,-1,na,total_bfs_edges_visited,4129
U1,200,1.5,2,HopcroftKarpMatcher,-1,na,total_edges_visited,6194
U1,200,1.5,2,HopcroftKarpMatcher,-1,na,matching_size,200
U1,200,1.5,2,HopcroftKarpMatcher,-1,na,wall_clock_ms,0.16749
U1,200,1.5,2,HopcroftKarpMatcher,-1,na,matching_size,200
U1,5000,1,7,SimpleAugmentingMatcher,-1,na,wall_clock_ms,36.149
U1,5000,1,7,SimpleAugmentingMatcher,-1,na,matching_size,2725
U1,5000,1,7,HopcroftKarpMatcher,0,na,paths_found_per_phase,2526
U1,5000,1,7,HopcroftKarpMatcher,0,na,bfs_edges_visited,5000
U1,5000,1,7,HopcroftKarpMatcher,0,na,dfs_edges_visited,3618
U1,5000,1,7,HopcroftKarpMatcher,0,na,defect_at_iteration,2474
U1,5000,1,7,HopcroftKarpMatcher,1,na,paths_found_per_phase,192
U1,5000,1,7,HopcroftKarpMatcher,1,na,bfs_edges_visited,1868
U1,5000,1,7,HopcroftKarpMatcher,1,na,dfs_edges_visited,1913
U1,5000,1,7,HopcroftKarpMatcher,1,na,defect_at_iteration,2282
U1,5000,1,7,HopcroftKarpMatcher,2,na,paths_found_per_phase,5
U1,5000,1,7,HopcroftKarpMatcher,2,na,bfs_edges_visited,1222
U1,5000,1,7,HopcroftKarpMatcher,2,na,dfs_edges_visited,1246
U1,5000,1,7,HopcroftKarpMatcher,2,na,defect_at_iteration,2277
U1,5000,1,7,HopcroftKarpMatcher,3,na,paths_found_per_phase,2
U1,5000,1,7,HopcroftKarpMatcher,3,na,bfs_edges_visited,1236
U1,5000,1,7,HopcroftKarpMatcher,3,na,dfs_edges_visited,1240
U1,5000,1,7,HopcroftKarpMatcher,3,na,defect_at_iteration,2275
U1,5000,1,7,HopcroftKarpMatcher,-1,na,phase_count,4
U1,5000,1,7,HopcroftKarpMatcher,-1,na,main_loop_iters,4
U1,5000,1,7,HopcroftKarpMatcher,-1,na,total_bfs_edges_visited,9326
U1,5000,1,7,HopcroftKarpMatcher,-1,na,total_edges_visited,17343
U1,5000,1,7,HopcroftKarpMatcher,-1,na,matching_size,2725
U1,5000,1,7,HopcroftKarpMatcher,-1,na,wall_clock_ms,238.73
U1,5000,1,7,HopcroftKarpMatcher,-1,na,matching_size,2725
U1,500,1,3,SimpleAugmentingMatcher,-1,na,wall_clock_ms,0.285771
U1,500,1,3,SimpleAugmentingMatcher,-1,na,matching_size,262
U1,500,1,3,HopcroftKarpMatcher,0,na,paths_found_per_phase,243
U1,500,1,3,HopcroftKarpMatcher,0,na,bfs_edges_visited,500
U1,500,1,3,HopcroftKarpMatcher,0,na,dfs_edges_visited,357
U1,500,1,3,HopcroftKarpMatcher,0,na,defect_at_iteration,257
U1,500,1,3,HopcroftKarpMatcher,1,na,paths_found_per_phase,19
U1,500,1,3,HopcroftKarpMatcher,1,na,bfs_edges_visited,171
U1,500,1,3,HopcroftKarpMatcher,1,na,dfs_edges_visited,184
U1,500,1,3,HopcroftKarpMatcher,1,na,defect_at_iteration,238
U1,500,1,3,HopcroftKarpMatcher,-1,na,phase_count,2
U1,500,1,3,HopcroftKarpMatcher,-1,na,main_loop_iters,2
U1,500,1,3,HopcroftKarpMatcher,-1,na,total_bfs_edges_visited,671
U1,500,1,3,HopcroftKarpMatcher,-1,na,total_edges_visited,1212
U1,500,1,3,HopcroftKarpMatcher,-1,na,matching_size,262
U1,500,1,3,HopcroftKarpMatcher,-1,na,wall_clock_ms,1.03345
U1,500,1,3,HopcroftKarpMatcher,-1,na,matching_size,262
U1,1000,1,9,SimpleAugmentingMatcher,-1,na,wall_clock_ms,1.2628
U1,1000,1,9,SimpleAugmentingMatcher,-1,na,matching_size,529
U1,1000,1,9,HopcroftKarpMatcher,0,na,paths_found_per_phase,495
U1,1000,1,9,HopcroftKarpMatcher,0,na,bfs_edges_visited,1000
U1,1000,1,9,HopcroftKarpMatcher,0,na,dfs_edges_visited,710
U1,1000,1,9,HopcroftKarpMatcher,0,na,defect_at_iteration,505
U1,1000,1,9,HopcroftKarpMatcher,1,na,paths_found_per_phase,32
U1,1000,1,9,HopcroftKarpMatcher,1,na,bfs_edges_visited,341
U1,1000,1,9,HopcroftKarpMatcher,1,na,dfs_edges_visited,344
U1,1000,1,9,HopcroftKarpMatcher,1,na,defect_at_iteration,473
U1,1000,1,9,HopcroftKarpMatcher,2,na,paths_found_per_phase,2
U1,1000,1,9,HopcroftKarpMatcher,2,na,bfs_edges_visited,251
U1,1000,1,9,HopcroftKarpMatcher,2,na,dfs_edges_visited,247
U1,1000,1,9,HopcroftKarpMatcher,2,na,defect_at_iteration,471
U1,1000,1,9,HopcroftKarpMatcher,-1,na,phase_count,3
U1,1000,1,9,HopcroftKarpMatcher,-1,na,main_loop_iters,3
U1,1000,1,9,HopcroftKarpMatcher,-1,na,total_bfs_edges_visited,1592
U1,1000,1,9,HopcroftKarpMatcher,-1,na,total_edges_visited,2893
U1,1000,1,9,HopcroftKarpMatcher,-1,na,matching_size,529
U1,1000,1,9,HopcroftKarpMatcher,-1,na,wall_clock_ms,6.06215
U1,1000,1,9,HopcroftKarpMatcher,-1,na,matching_size,529
U1,2000,2,8,SimpleAugmentingMatcher,-1,na,wall_clock_ms,2266.21
U1,2000,2,8,SimpleAugmentingMatcher,-1,na,matching_size,2000
U1,2000,2,8,HopcroftKarpMatcher,0,na,paths_found_per_phase,2000
U1,2000,2,8,HopcroftKarpMatcher,0,na,bfs_edges_visited,4e+06
U1,2000,2,8,HopcroftKarpMatcher,0,na,dfs_edges_visited,2.001e+06
U1,2000,2,8,HopcroftKarpMatcher,0,na,defect_at_iteration,0
U1,2000,2,8,HopcroftKarpMatcher,-1,na,phase_count,1
U1,2000,2,8,HopcroftKarpMatcher,-1,na,main_loop_iters,1
U1,2000,2,8,HopcroftKarpMatcher,-1,na,total_bfs_edges_visited,4e+06
U1,2000,2,8,HopcroftKarpMatcher,-1,na,total_edges_visited,6.001e+06
U1,2000,2,8,HopcroftKarpMatcher,-1,na,matching_size,2000
U1,2000,2,8,HopcroftKarpMatcher,-1,na,wall_clock_ms,10.4384
U1,2000,2,8,HopcroftKarpMatcher,-1,na,matching_size,2000
U1,50,2,1,SimpleAugmentingMatcher,-1,na,wall_clock_ms,0.035247
U1,50,2,1,SimpleAugmentingMatcher,-1,na,matching_size,50
U1,50,2,1,HopcroftKarpMatcher,0,na,paths_found_per_phase,50
U1,50,2,1,HopcroftKarpMatcher,0,na,bfs_edges_visited,2500
U1,50,2,1,HopcroftKarpMatcher,0,na,dfs_edges_visited,1275
U1,50,2,1,HopcroftKarpMatcher,0,na,defect_at_iteration,0
U1,50,2,1,HopcroftKarpMatcher,-1,na,phase_count,1
U1,50,2,1,HopcroftKarpMatcher,-1,na,main_loop_iters,1
U1,50,2,1,HopcroftKarpMatcher,-1,na,total_bfs_edges_visited,2500
U1,50,2,1,HopcroftKarpMatcher,-1,na,total_edges_visited,3775
U1,50,2,1,HopcroftKarpMatcher,-1,na,matching_size,50
U1,50,2,1,HopcroftKarpMatcher,-1,na,wall_clock_ms,0.010742
U1,50,2,1,HopcroftKarpMatcher,-1,na,matching_size,50
U1,100,1,7,SimpleAugmentingMatcher,-1,na,wall_clock_ms,0.014656
U1,100,1,7,SimpleAugmentingMatcher,-1,na,matching_size,52
U1,100,1,7,HopcroftKarpMatcher,0,na,paths_found_per_phase,49
U1,100,1,7,HopcroftKarpMatcher,0,na,bfs_edges_visited,100
U1,100,1,7,HopcroftKarpMatcher,0,na,dfs_edges_visited,72
U1,100,1,7,HopcroftKarpMatcher,0,na,defect_at_iteration,51
U1,100,1,7,HopcroftKarpMatcher,1,na,paths_found_per_phase,3
U1,100,1,7,HopcroftKarpMatcher,1,na,bfs_edges_visited,43
U1,100,1,7,HopcroftKarpMatcher,1,na,dfs_edges_visited,52
U1,100,1,7,HopcroftKarpMatcher,1,na,defect_at_iteration,48
U1,100,1,7,HopcroftKarpMatcher,-1,na,phase_count,2
U1,100,1,7,HopcroftKarpMatcher,-1,na,main_loop_iters,2
U1,100,1,7,HopcroftKarpMatcher,-1,na,total_bfs_edges_visited,143
U1,100,1,7,HopcroftKarpMatcher,-1,na,total_edges_visited,267
U1,100,1,7,HopcroftKarpMatcher,-1,na,matching_size,52
U1,100,1,7,HopcroftKarpMatcher,-1,na,wall_clock_ms,0.050986
U1,100,1,7,HopcroftKarpMatcher,-1,na,matching_size,52
U1,1000,1,2,SimpleAugmentingMatcher,-1,na,wall_clock_ms,1.40518
U1,1000,1,2,SimpleAugmentingMatcher,-1,na,matching_size,537
U1,1000,1,2,HopcroftKarpMatcher,0,na,paths_found_per_phase,502
U1,1000,1,2,HopcroftKarpMatcher,0,na,bfs_edges_visited,1000
U1,1000,1,2,HopcroftKarpMatcher,0,na,dfs_edges_visited,714
U1,1000,1,2,HopcroftKarpMatcher,0,na,defect_at_iteration,498
U1,1000,1,2,HopcroftKarpMatcher,1,na,paths_found_per_phase,34
U1,1000,1,2,HopcroftKarpMatcher,1,na,bfs_edges_visited,336
U1,1000,1,2,HopcroftKarpMatcher,1,na,dfs_edges_visited,341
U1,1000,1,2,HopcroftKarpMatcher,1,na,defect_at_iteration,464
U1,1000,1,2,HopcroftKarpMatcher,2,na,paths_found_per_phase,1
U1,1000,1,2,HopcroftKarpMatcher,2,na,bfs_edges_visited,231
U1,1000,1,2,HopcroftKarpMatcher,2,na,dfs_edges_visited,233
U1,1000,1,2,HopcroftKarpMatcher,2,na,defect_at_iteration,463
U1,1000,1,2,HopcroftKarpMatcher,-1,na,phase_count,3
U1,1000,1,2,HopcroftKarpMatcher,-1,na,main_loop_iters,3
U1,1000,1,2,HopcroftKarpMatcher,-1,na,total_bfs_edges_visited,1567
U1,1000,1,2,HopcroftKarpMatcher,-1,na,total_edges_visited,2855
U1,1000,1,2,HopcroftKarpMatcher,-1,na,matching_size,537
U1,1000,1,2,HopcroftKarpMatcher,-1,na,wall_clock_ms,7.7858
U1,1000,1,2,HopcroftKarpMatcher,-1,na,matching_size,537
U1,500,1,5,SimpleAugmentingMatcher,-1,na,wall_clock_ms,0.369386
U1,500,1,5,SimpleAugmentingMatcher,-1,na,matching_size,273
U1,500,1,5,HopcroftKarpMatcher,0,na,paths_found_per_phase,257
U1,500,1,5,HopcroftKarpMatcher,0,na,bfs_edges_visited,500
U1,500,1,5,HopcroftKarpMatcher,0,na,dfs_edges_visited,374
U1,500,1,5,HopcroftKarpMatcher,0,na,defect_at_iteration,243
U1,500,1,5,HopcroftKarpMatcher,1,na,paths_found_per_phase,16
U1,500,1,5,HopcroftKarpMatcher,1,na,bfs_edges_visited,190
U1,500,1,5,HopcroftKarpMatcher,1,na,dfs_edges_visited,187
U1,500,1,5,HopcroftKarpMatcher,1,na,defect_at_iteration,227
U1,500,1,5,HopcroftKarpMatcher,-1,na,phase_count,2
U1,500,1,5,HopcroftKarpMatcher,-1,na,main_loop_iters,2
U1,500,1,5,HopcroftKarpMatcher,-1,na,total_bfs_edges_visited,690
U1,500,1,5,HopcroftKarpMatcher,-1,na,total_edges_visited,1251
U1,500,1,5,HopcroftKarpMatcher,-1,na,matching_size,273
U1,500,1,5,HopcroftKarpMatcher,-1,na,wall_clock_ms,1.51306
U1,500,1,5,HopcroftKarpMatcher,-1,na,matching_size,273
U1,2000,2,0,SimpleAugmentingMatcher,-1,na,wall_clock_ms,2277.96
U1,2000,2,0,SimpleAugmentingMatcher,-1,na,matching_size,2000
U1,2000,2,0,HopcroftKarpMatcher,0,na,paths_found_per_phase,2000
U1,2000,2,0,HopcroftKarpMatcher,0,na,bfs_edges_visited,4e+06
U1,2000,2,0,HopcroftKarpMatcher,0,na,dfs_edges_visited,2.001e+06
U1,2000,2,0,HopcroftKarpMatcher,0,na,defect_at_iteration,0
U1,2000,2,0,HopcroftKarpMatcher,-1,na,phase_count,1
U1,2000,2,0,HopcroftKarpMatcher,-1,na,main_loop_iters,1
U1,2000,2,0,HopcroftKarpMatcher,-1,na,total_bfs_edges_visited,4e+06
U1,2000,2,0,HopcroftKarpMatcher,-1,na,total_edges_visited,6.001e+06
U1,2000,2,0,HopcroftKarpMatcher,-1,na,matching_size,2000
U1,2000,2,0,HopcroftKarpMatcher,-1,na,wall_clock_ms,10.3825
U1,2000,2,0,HopcroftKarpMatcher,-1,na,matching_size,2000
U1,50,2,8,SimpleAugmentingMatcher,-1,na,wall_clock_ms,0.053182
U1,50,2,8,SimpleAugmentingMatcher,-1,na,matching_size,50
U1,50,2,8,HopcroftKarpMatcher,0,na,paths_found_per_phase,50
U1,50,2,8,HopcroftKarpMatcher,0,na,bfs_edges_visited,2500
U1,50,2,8,HopcroftKarpMatcher,0,na,dfs_edges_visited,1275
U1,50,2,8,HopcroftKarpMatcher,0,na,defect_at_iteration,0
U1,50,2,8,HopcroftKarpMatcher,-1,na,phase_count,1
U1,50,2,8,HopcroftKarpMatcher,-1,na,main_loop_iters,1
U1,50,2,8,HopcroftKarpMatcher,-1,na,total_bfs_edges_visited,2500
U1,50,2,8,HopcroftKarpMatcher,-1,na,total_edges_visited,3775
U1,50,2,8,HopcroftKarpMatcher,-1,na,matching_size,50
U1,50,2,8,HopcroftKarpMatcher,-1,na,wall_clock_ms,0.016429
U1,50,2,8,HopcroftKarpMatcher,-1,na,matching_size,50
U1,50,2,4,SimpleAugmentingMatcher,-1,na,wall_clock_ms,0.052876
U1,50,2,4,SimpleAugmentingMatcher,-1,na,matching_size,50
U1,50,2,4,HopcroftKarpMatcher,0,na,paths_found_per_phase,50
U1,50,2,4,HopcroftKarpMatcher,0,na,bfs_edges_visited,2500
U1,50,2,4,HopcroftKarpMatcher,0,na,dfs_edges_visited,1275
U1,50,2,4,HopcroftKarpMatcher,0,na,defect_at_iteration,0
U1,50,2,4,HopcroftKarpMatcher,-1,na,phase_count,1
U1,50,2,4,HopcroftKarpMatcher,-1,na,main_loop_iters,1
U1,50,2,4,HopcroftKarpMatcher,-1,na,total_bfs_edges_visited,2500
U1,50,2,4,HopcroftKarpMatcher,-1,na,total_edges_visited,3775
U1,50,2,4,HopcroftKarpMatcher,-1,na,matching_size,50
U1,50,2,4,HopcroftKarpMatcher,-1,na,wall_clock_ms,0.01638
U1,50,2,4,HopcroftKarpMatcher,-1,na,matching_size,50
U1,500,1.5,4,SimpleAugmentingMatcher,-1,na,wall_clock_ms,30.0881
U1,500,1.5,4,SimpleAugmentingMatcher,-1,na,matching_size,500
U1,500,1.5,4,HopcroftKarpMatcher,0,na,paths_found_per_phase,483
U1,500,1.5,4,HopcroftKarpMatcher,0,na,bfs_edges_visited,11180
U1,500,1.5,4,HopcroftKarpMatcher,0,na,dfs_edges_visited,5606
U1,500,1.5,4,HopcroftKarpMatcher,0,na,defect_at_iteration,17
U1,500,1.5,4,HopcroftKarpMatcher,1,na,paths_found_per_phase,17
U1,500,1.5,4,HopcroftKarpMatcher,1,na,bfs_edges_visited,6328
U1,500,1.5,4,HopcroftKarpMatcher,1,na,dfs_edges_visited,1640
U1,500,1.5,4,HopcroftKarpMatcher,1,na,defect_at_iteration,0
U1,500,1.5,4,HopcroftKarpMatcher,-1,na,phase_count,2
U1,500,1.5,4,HopcroftKarpMatcher,-1,na,main_loop_iters,2
U1,500,1.5,4,HopcroftKarpMatcher,-1,na,total_bfs_edges_visited,17508
U1,500,1.5,4,HopcroftKarpMatcher,-1,na,total_edges_visited,24754
U1,500,1.5,4,HopcroftKarpMatcher,-1,na,matching_size,500
U1,500,1.5,4,HopcroftKarpMatcher,-1,na,wall_clock_ms,1.28135
U1,500,1.5,4,HopcroftKarpMatcher,-1,na,matching_size,500
U1,50,1,8,SimpleAugmentingMatcher,-1,na,wall_clock_ms,0.005824
U1,50,1,8,SimpleAugmentingMatcher,-1,na,matching_size,27
U1,50,1,8,HopcroftKarpMatcher,0,na,paths_found_per_phase,25
U1,50,1,8,HopcroftKarpMatcher,0,na,bfs_edges_visited,50
U1,50,1,8,HopcroftKarpMatcher,0,na,dfs_edges_visited,32
U1,50,1,8,HopcroftKarpMatcher,0,na,defect_at_iteration,25
U1,50,1,8,HopcroftKarpMatcher,1,na,paths_found_per_phase,2
U1,50,1,8,HopcroftKarpMatcher,1,na,bfs_edges_visited,17
U1,50,1,8,HopcroftKarpMatcher,1,na,dfs_edges_visited,15
U1,50,1,8,HopcroftKarpMatcher,1,na,defect_at_iteration,23
U1,50,1,8,HopcroftKarpMatcher,-1,na,phase_count,2
U1,50,1,8,HopcroftKarpMatcher,-1,na,main_loop_iters,2
U1,50,1,8,HopcroftKarpMatcher,-1,na,total_bfs_edges_visited,67
U1,50,1,8,HopcroftKarpMatcher,-1,na,total_edges_visited,114
U1,50,1,8,HopcroftKarpMatcher,-1,na,matching_size,27
U1,50,1,8,HopcroftKarpMatcher,-1,na,wall_clock_ms,0.026893
U1,50,1,8,HopcroftKarpMatcher,-1,na,matching_size,27
U1,200,1,0,SimpleAugmentingMatcher,-1,na,wall_clock_ms,0.058834
U1,200,1,0,SimpleAugmentingMatcher,-1,na,matching_size,108
U1,200,1,0,HopcroftKarpMatcher,0,na,paths_found_per_phase,101
U1,200,1,0,HopcroftKarpMatcher,0,na,bfs_edges_visited,200
U1,200,1,0,HopcroftKarpMatcher,0,na,dfs_edges_visited,150
U1,200,1,0,HopcroftKarpMatcher,0,na,defect_at_iteration,99
U1,200,1,0,HopcroftKarpMatcher,1,na,paths_found_per_phase,7
U1,200,1,0,HopcroftKarpMatcher,1,na,bfs_edges_visited,74
U1,200,1,0,HopcroftKarpMatcher,1,na,dfs_edges_visited,76
U1,200,1,0,HopcroftKarpMatcher,1,na,defect_at_iteration,92
U1,200,1,0,HopcroftKarpMatcher,-1,na,phase_count,2
U1,200,1,0,HopcroftKarpMatcher,-1,na,main_loop_iters,2
U1,200,1,0,HopcroftKarpMatcher,-1,na,total_bfs_edges_visited,274
U1,200,1,0,HopcroftKarpMatcher,-1,na,total_edges_visited,500
U1,200,1,0,HopcroftKarpMatcher,-1,na,matching_size,108
U1,200,1,0,HopcroftKarpMatcher,-1,na,wall_clock_ms,0.20366
U1,200,1,0,HopcroftKarpMatcher,-1,na,matching_size,108
U1,200,2,6,SimpleAugmentingMatcher,-1,na,wall_clock_ms,2.14268
U1,200,2,6,SimpleAugmentingMatcher,-1,na,matching_size,200
U1,200,2,6,HopcroftKarpMatcher,0,na,paths_found_per_phase,200
U1,200,2,6,HopcroftKarpMatcher,0,na,bfs_edges_visited,40000
U1,200,2,6,HopcroftKarpMatcher,0,na,dfs_edges_visited,20100
U1,200,2,6,HopcroftKarpMatcher,0,na,defect_at_iteration,0
U1,200,2,6,HopcroftKarpMatcher,-1,na,phase_count,1
U1,200,2,6,HopcroftKarpMatcher,-1,na,main_loop_iters,1
U1,200,2,6,HopcroftKarpMatcher,-1,na,total_bfs_edges_visited,40000
U1,200,2,6,HopcroftKarpMatcher,-1,na,total_edges_visited,60100
U1,200,2,6,HopcroftKarpMatcher,-1,na,matching_size,200
U1,200,2,6,HopcroftKarpMatcher,-1,na,wall_clock_ms,0.090084
U1,200,2,6,HopcroftKarpMatcher,-1,na,matching_size,200
U1,50,1,3,SimpleAugmentingMatcher,-1,na,wall_clock_ms,0.004631
U1,50,1,3,SimpleAugmentingMatcher,-1,na,matching_size,25
U1,50,1,3,HopcroftKarpMatcher,0,na,paths_found_per_phase,23
U1,50,1,3,HopcroftKarpMatcher,0,na,bfs_edges_visited,50
U1,50,1,3,HopcroftKarpMatcher,0,na,dfs_edges_visited,37
U1,50,1,3,HopcroftKarpMatcher,0,na,defect_at_iteration,27
U1,50,1,3,HopcroftKarpMatcher,1,na,paths_found_per_phase,2
U1,50,1,3,HopcroftKarpMatcher,1,na,bfs_edges_visited,22
U1,50,1,3,HopcroftKarpMatcher,1,na,dfs_edges_visited,18
U1,50,1,3,HopcroftKarpMatcher,1,na,defect_at_iteration,25
U1,50,1,3,HopcroftKarpMatcher,-1,na,phase_count,2
U1,50,1,3,HopcroftKarpMatcher,-1,na,main_loop_iters,2
U1,50,1,3,HopcroftKarpMatcher,-1,na,total_bfs_edges_visited,72
U1,50,1,3,HopcroftKarpMatcher,-1,na,total_edges_visited,127
U1,50,1,3,HopcroftKarpMatcher,-1,na,matching_size,25
U1,50,1,3,HopcroftKarpMatcher,-1,na,wall_clock_ms,0.020062
U1,50,1,3,HopcroftKarpMatcher,-1,na,matching_size,25
U1,5000,1.5,6,SimpleAugmentingMatcher,-1,na,wall_clock_ms,30753.8
U1,5000,1.5,6,SimpleAugmentingMatcher,-1,na,matching_size,5000
U1,5000,1.5,6,HopcroftKarpMatcher,0,na,paths_found_per_phase,4958
U1,5000,1.5,6,HopcroftKarpMatcher,0,na,bfs_edges_visited,353553
U1,5000,1.5,6,HopcroftKarpMatcher,0,na,dfs_edges_visited,176788
U1,5000,1.5,6,HopcroftKarpMatcher,0,na,defect_at_iteration,42
U1,5000,1.5,6,HopcroftKarpMatcher,1,na,paths_found_per_phase,42
U1,5000,1.5,6,HopcroftKarpMatcher,1,na,bfs_edges_visited,157435
U1,5000,1.5,6,HopcroftKarpMatcher,1,na,dfs_edges_visited,29815
U1,5000,1.5,6,HopcroftKarpMatcher,1,na,defect_at_iteration,0
U1,5000,1.5,6,HopcroftKarpMatcher,-1,na,phase_count,2
U1,5000,1.5,6,HopcroftKarpMatcher,-1,na,main_loop_iters,2
U1,5000,1.5,6,HopcroftKarpMatcher,-1,na,total_bfs_edges_visited,510988
U1,5000,1.5,6,HopcroftKarpMatcher,-1,na,total_edges_visited,717591
U1,5000,1.5,6,HopcroftKarpMatcher,-1,na,matching_size,5000
U1,5000,1.5,6,HopcroftKarpMatcher,-1,na,wall_clock_ms,95.0387
U1,5000,1.5,6,HopcroftKarpMatcher,-1,na,matching_size,5000
U1,1000,1,8,SimpleAugmentingMatcher,-1,na,wall_clock_ms,1.21007
U1,1000,1,8,SimpleAugmentingMatcher,-1,na,matching_size,545
U1,1000,1,8,HopcroftKarpMatcher,0,na,paths_found_per_phase,515
U1,1000,1,8,HopcroftKarpMatcher,0,na,bfs_edges_visited,1000
U1,1000,1,8,HopcroftKarpMatcher,0,na,dfs_edges_visited,730
U1,1000,1,8,HopcroftKarpMatcher,0,na,defect_at_iteration,485
U1,1000,1,8,HopcroftKarpMatcher,1,na,paths_found_per_phase,30
U1,1000,1,8,HopcroftKarpMatcher,1,na,bfs_edges_visited,333
U1,1000,1,8,HopcroftKarpMatcher,1,na,dfs_edges_visited,335
U1,1000,1,8,HopcroftKarpMatcher,1,na,defect_at_iteration,455
U1,1000,1,8,HopcroftKarpMatcher,-1,na,phase_count,2
U1,1000,1,8,HopcroftKarpMatcher,-1,na,main_loop_iters,2
U1,1000,1,8,HopcroftKarpMatcher,-1,na,total_bfs_edges_visited,1333
U1,1000,1,8,HopcroftKarpMatcher,-1,na,total_edges_visited,2398
U1,1000,1,8,HopcroftKarpMatcher,-1,na,matching_size,545
U1,1000,1,8,HopcroftKarpMatcher,-1,na,wall_clock_ms,4.49292
U1,1000,1,8,HopcroftKarpMatcher,-1,na,matching_size,545
U1,200,1,6,SimpleAugmentingMatcher,-1,na,wall_clock_ms,0.039784
U1,200,1,6,SimpleAugmentingMatcher,-1,na,matching_size,118
U1,200,1,6,HopcroftKarpMatcher,0,na,paths_found_per_phase,112
U1,200,1,6,HopcroftKarpMatcher,0,na,bfs_edges_visited,200
U1,200,1,6,HopcroftKarpMatcher,0,na,dfs_edges_visited,150
U1,200,1,6,HopcroftKarpMatcher,0,na,defect_at_iteration,88
U1,200,1,6,HopcroftKarpMatcher,1,na,paths_found_per_phase,6
U1,200,1,6,HopcroftKarpMatcher,1,na,bfs_edges_visited,52
U1,200,1,6,HopcroftKarpMatcher,1,na,dfs_edges_visited,52
U1,200,1,6,HopcroftKarpMatcher,1,na,defect_at_iteration,82
U1,200,1,6,HopcroftKarpMatcher,-1,na,phase_count,2
U1,200,1,6,HopcroftKarpMatcher,-1,na,main_loop_iters,2
U1,200,1,6,HopcroftKarpMatcher,-1,na,total_bfs_edges_visited,252
U1,200,1,6,HopcroftKarpMatcher,-1,na,total_edges_visited,454
U1,200,1,6,HopcroftKarpMatcher,-1,na,matching_size,118
U1,200,1,6,HopcroftKarpMatcher,-1,na,wall_clock_ms,0.187478
U1,200,1,6,HopcroftKarpMatcher,-1,na,matching_size,118
U1,500,1.5,6,SimpleAugmentingMatcher,-1,na,wall_clock_ms,23.922
U1,500,1.5,6,SimpleAugmentingMatcher,-1,na,matching_size,500
U1,500,1.5,6,HopcroftKarpMatcher,0,na,paths_found_per_phase,483
U1,500,1.5,6,HopcroftKarpMatcher,0,na,bfs_edges_visited,11180
U1,500,1.5,6,HopcroftKarpMatcher,0,na,dfs_edges_visited,5590
U1,500,1.5,6,HopcroftKarpMatcher,0,na,defect_at_iteration,17
U1,500,1.5,6,HopcroftKarpMatcher,1,na,paths_found_per_phase,17
U1,500,1.5,6,HopcroftKarpMatcher,1,na,bfs_edges_visited,5623
U1,500,1.5,6,HopcroftKarpMatcher,1,na,dfs_edges_visited,2054
U1,500,1.5,6,HopcroftKarpMatcher,1,na,defect_at_iteration,0
U1,500,1.5,6,HopcroftKarpMatcher,-1,na,phase_count,2
U1,500,1.5,6,HopcroftKarpMatcher,-1,na,main_loop_iters,2
U1,500,1.5,6,HopcroftKarpMatcher,-1,na,total_bfs_edges_visited,16803
U1,500,1.5,6,HopcroftKarpMatcher,-1,na,total_edges_visited,24447
U1,500,1.5,6,HopcroftKarpMatcher,-1,na,matching_size,500
U1,500,1.5,6,HopcroftKarpMatcher,-1,na,wall_clock_ms,0.919905
U1,500,1.5,6,HopcroftKarpMatcher,-1,na,matching_size,500
U1,2000,1.5,5,SimpleAugmentingMatcher,-1,na,wall_clock_ms,1744.87
U1,2000,1.5,5,SimpleAugmentingMatcher,-1,na,matching_size,2000
U1,2000,1.5,5,HopcroftKarpMatcher,0,na,paths_found_per_phase,1969
U1,2000,1.5,5,HopcroftKarpMatcher,0,na,bfs_edges_visited,89442
U1,2000,1.5,5,HopcroftKarpMatcher,0,na,dfs_edges_visited,44790
U1,2000,1.5,5,HopcroftKarpMatcher,0,na,defect_at_iteration,31
U1,2000,1.5,5,HopcroftKarpMatcher,1,na,paths_found_per_phase,31
U1,2000,1.5,5,HopcroftKarpMatcher,1,na,bfs_edges_visited,45635
U1,2000,1.5,5,HopcroftKarpMatcher,1,na,dfs_edges_visited,9986
U1,2000,1.5,5,HopcroftKarpMatcher,1,na,defect_at_iteration,0
U1,2000,1.5,5,HopcroftKarpMatcher,-1,na,phase_count,2
U1,2000,1.5,5,HopcroftKarpMatcher,-1,na,main_loop_iters,2
U1,2000,1.5,5,HopcroftKarpMatcher,-1,na,total_bfs_edges_visited,135077
U1,2000,1.5,5,HopcroftKarpMatcher,-1,na,total_edges_visited,189853
U1,2000,1.5,5,HopcroftKarpMatcher,-1,na,matching_size,2000
U1,2000,1.5,5,HopcroftKarpMatcher,-1,na,wall_clock_ms,17.152
U1,2000,1.5,5,HopcroftKarpMatcher,-1,na,matching_size,2000
U1,100,1.5,7,SimpleAugmentingMatcher,-1,na,wall_clock_ms,0.194937
U1,100,1.5,7,SimpleAugmentingMatcher,-1,na,matching_size,100
U1,100,1.5,7,HopcroftKarpMatcher,0,na,paths_found_per_phase,89
U1,100,1.5,7,HopcroftKarpMatcher,0,na,bfs_edges_visited,1000
U1,100,1.5,7,HopcroftKarpMatcher,0,na,dfs_edges_visited,531
U1,100,1.5,7,HopcroftKarpMatcher,0,na,defect_at_iteration,11
U1,100,1.5,7,HopcroftKarpMatcher,1,na,paths_found_per_phase,10
U1,100,1.5,7,HopcroftKarpMatcher,1,na,bfs_edges_visited,706
U1,100,1.5,7,HopcroftKarpMatcher,1,na,dfs_edges_visited,394
U1,100,1.5,7,HopcroftKarpMatcher,1,na,defect_at_iteration,1
U1,100,1.5,7,HopcroftKarpMatcher,2,na,paths_found_per_phase,1
U1,100,1.5,7,HopcroftKarpMatcher,2,na,bfs_edges_visited,388
U1,100,1.5,7,HopcroftKarpMatcher,2,na,dfs_edges_visited,201
U1,100,1.5,7,HopcroftKarpMatcher,2,na,defect_at_iteration,0
U1,100,1.5,7,HopcroftKarpMatcher,-1,na,phase_count,3
U1,100,1.5,7,HopcroftKarpMatcher,-1,na,main_loop_iters,3
U1,100,1.5,7,HopcroftKarpMatcher,-1,na,total_bfs_edges_visited,2094
U1,100,1.5,7,HopcroftKarpMatcher,-1,na,total_edges_visited,3220
U1,100,1.5,7,HopcroftKarpMatcher,-1,na,matching_size,100
U1,100,1.5,7,HopcroftKarpMatcher,-1,na,wall_clock_ms,0.078225
U1,100,1.5,7,HopcroftKarpMatcher,-1,na,matching_size,100
U1,2000,2,7,SimpleAugmentingMatcher,-1,na,wall_clock_ms,2260.05
U1,2000,2,7,SimpleAugmentingMatcher,-1,na,matching_size,2000
U1,2000,2,7,HopcroftKarpMatcher,0,na,paths_found_per_phase,2000
U1,2000,2,7,HopcroftKarpMatcher,0,na,bfs_edges_visited,4e+06
U1,2000,2,7,HopcroftKarpMatcher,0,na,dfs_edges_visited,2.001e+06
U1,2000,2,7,HopcroftKarpMatcher,0,na,defect_at_iteration,0
U1,2000,2,7,HopcroftKarpMatcher,-1,na,phase_count,1
U1,2000,2,7,HopcroftKarpMatcher,-1,na,main_loop_iters,1
U1,2000,2,7,HopcroftKarpMatcher,-1,na,total_bfs_edges_visited,4e+06
U1,2000,2,7,HopcroftKarpMatcher,-1,na,total_edges_visited,6.001e+06
U1,2000,2,7,HopcroftKarpMatcher,-1,na,matching_size,2000
U1,2000,2,7,HopcroftKarpMatcher,-1,na,wall_clock_ms,10.4292
U1,2000,2,7,HopcroftKarpMatcher,-1,na,matching_size,2000
U1,1000,2,9,SimpleAugmentingMatcher,-1,na,wall_clock_ms,328.18
U1,1000,2,9,SimpleAugmentingMatcher,-1,na,matching_size,1000
U1,1000,2,9,HopcroftKarpMatcher,0,na,paths_found_per_phase,1000
U1,1000,2,9,HopcroftKarpMatcher,0,na,bfs_edges_visited,1e+06
U1,1000,2,9,HopcroftKarpMatcher,0,na,dfs_edges_visited,500500
U1,1000,2,9,HopcroftKarpMatcher,0,na,defect_at_iteration,0
U1,1000,2,9,HopcroftKarpMatcher,-1,na,phase_count,1
U1,1000,2,9,HopcroftKarpMatcher,-1,na,main_loop_iters,1
U1,1000,2,9,HopcroftKarpMatcher,-1,na,total_bfs_edges_visited,1e+06
U1,1000,2,9,HopcroftKarpMatcher,-1,na,total_edges_visited,1.5005e+06
U1,1000,2,9,HopcroftKarpMatcher,-1,na,matching_size,1000
U1,1000,2,9,HopcroftKarpMatcher,-1,na,wall_clock_ms,2.62356
U1,1000,2,9,HopcroftKarpMatcher,-1,na,matching_size,1000
U1,200,1.5,1,SimpleAugmentingMatcher,-1,na,wall_clock_ms,1.73451
U1,200,1.5,1,SimpleAugmentingMatcher,-1,na,matching_size,200
U1,200,1.5,1,HopcroftKarpMatcher,0,na,paths_found_per_phase,194
U1,200,1.5,1,HopcroftKarpMatcher,0,na,bfs_edges_visited,2828
U1,200,1.5,1,HopcroftKarpMatcher,0,na,dfs_edges_visited,1412
U1,200,1.5,1,HopcroftKarpMatcher,0,na,defect_at_iteration,6
U1,200,1.5,1,HopcroftKarpMatcher,1,na,paths_found_per_phase,6
U1,200,1.5,1,HopcroftKarpMatcher,1,na,bfs_edges_visited,835
U1,200,1.5,1,HopcroftKarpMatcher,1,na,dfs_edges_visited,442
U1,200,1.5,1,HopcroftKarpMatcher,1,na,defect_at_iteration,0
U1,200,1.5,1,HopcroftKarpMatcher,-1,na,phase_count,2
U1,200,1.5,1,HopcroftKarpMatcher,-1,na,main_loop_iters,2
U1,200,1.5,1,HopcroftKarpMatcher,-1,na,total_bfs_edges_visited,3663
U1,200,1.5,1,HopcroftKarpMatcher,-1,na,total_edges_visited,5517
U1,200,1.5,1,HopcroftKarpMatcher,-1,na,matching_size,200
U1,200,1.5,1,HopcroftKarpMatcher,-1,na,wall_clock_ms,0.225564
U1,200,1.5,1,HopcroftKarpMatcher,-1,na,matching_size,200
U1,2000,1.5,1,SimpleAugmentingMatcher,-1,na,wall_clock_ms,1741.2
U1,2000,1.5,1,SimpleAugmentingMatcher,-1,na,matching_size,2000
U1,2000,1.5,1,HopcroftKarpMatcher,0,na,paths_found_per_phase,1966
U1,2000,1.5,1,HopcroftKarpMatcher,0,na,bfs_edges_visited,89442
U1,2000,1.5,1,HopcroftKarpMatcher,0,na,dfs_edges_visited,44917
U1,2000,1.5,1,HopcroftKarpMatcher,0,na,defect_at_iteration,34
U1,2000,1.5,1,HopcroftKarpMatcher,1,na,paths_found_per_phase,34
U1,2000,1.5,1,HopcroftKarpMatcher,1,na,bfs_edges_visited,48188
U1,2000,1.5,1,HopcroftKarpMatcher,1,na,dfs_edges_visited,8402
U1,2000,1.5,1,HopcroftKarpMatcher,1,na,defect_at_iteration,0
U1,2000,1.5,1,HopcroftKarpMatcher,-1,na,phase_count,2
U1,2000,1.5,1,HopcroftKarpMatcher,-1,na,main_loop_iters,2
U1,2000,1.5,1,HopcroftKarpMatcher,-1,na,total_bfs_edges_visited,137630
U1,2000,1.5,1,HopcroftKarpMatcher,-1,na,total_edges_visited,190949
U1,2000,1.5,1,HopcroftKarpMatcher,-1,na,matching_size,2000
U1,2000,1.5,1,HopcroftKarpMatcher,-1,na,wall_clock_ms,16.8452
U1,2000,1.5,1,HopcroftKarpMatcher,-1,na,matching_size,2000
U1,500,1,0,SimpleAugmentingMatcher,-1,na,wall_clock_ms,0.248482
U1,500,1,0,SimpleAugmentingMatcher,-1,na,matching_size,275
U1,500,1,0,HopcroftKarpMatcher,0,na,paths_found_per_phase,258
U1,500,1,0,HopcroftKarpMatcher,0,na,bfs_edges_visited,500
U1,500,1,0,HopcroftKarpMatcher,0,na,dfs_edges_visited,375
U1,500,1,0,HopcroftKarpMatcher,0,na,defect_at_iteration,242
U1,500,1,0,HopcroftKarpMatcher,1,na,paths_found_per_phase,17
U1,500,1,0,HopcroftKarpMatcher,1,na,bfs_edges_visited,150
U1,500,1,0,HopcroftKarpMatcher,1,na,dfs_edges_visited,170
U1,500,1,0,HopcroftKarpMatcher,1,na,defect_at_iteration,225
U1,500,1,0,HopcroftKarpMatcher,-1,na,phase_count,2
U1,500,1,0,HopcroftKarpMatcher,-1,na,main_loop_iters,2
U1,500,1,0,HopcroftKarpMatcher,-1,na,total_bfs_edges_visited,650
U1,500,1,0,HopcroftKarpMatcher,-1,na,total_edges_visited,1195
U1,500,1,0,HopcroftKarpMatcher,-1,na,matching_size,275
U1,500,1,0,HopcroftKarpMatcher,-1,na,wall_clock_ms,1.04085
U1,500,1,0,HopcroftKarpMatcher,-1,na,matching_size,275
U1,2000,2,4,SimpleAugmentingMatcher,-1,na,wall_clock_ms,2570.37
U1,2000,2,4,SimpleAugmentingMatcher,-1,na,matching_size,2000
U1,2000,2,4,HopcroftKarpMatcher,0,na,paths_found_per_phase,2000
U1,2000,2,4,HopcroftKarpMatcher,0,na,bfs_edges_visited,4e+06
U1,2000,2,4,HopcroftKarpMatcher,0,na,dfs_edges_visited,2.001e+06
U1,2000,2,4,HopcroftKarpMatcher,0,na,defect_at_iteration,0
U1,2000,2,4,HopcroftKarpMatcher,-1,na,phase_count,1
U1,2000,2,4,HopcroftKarpMatcher,-1,na,main_loop_iters,1
U1,2000,2,4,HopcroftKarpMatcher,-1,na,total_bfs_edges_visited,4e+06
U1,2000,2,4,HopcroftKarpMatcher,-1,na,total_edges_visited,6.001e+06
U1,2000,2,4,HopcroftKarpMatcher,-1,na,matching_size,2000
U1,2000,2,4,HopcroftKarpMatcher,-1,na,wall_clock_ms,13.2105
U1,2000,2,4,HopcroftKarpMatcher,-1,na,matching_size,2000
U1,50,1,4,SimpleAugmentingMatcher,-1,na,wall_clock_ms,0.006195
U1,50,1,4,SimpleAugmentingMatcher,-1,na,matching_size,27
U1,50,1,4,HopcroftKarpMatcher,0,na,paths_found_per_phase,27
U1,50,1,4,HopcroftKarpMatcher,0,na,bfs_edges_visited,50
U1,50,1,4,HopcroftKarpMatcher,0,na,dfs_edges_visited,39
U1,50,1,4,HopcroftKarpMatcher,0,na,defect_at_iteration,23
U1,50,1,4,HopcroftKarpMatcher,-1,na,phase_count,1
U1,50,1,4,HopcroftKarpMatcher,-1,na,main_loop_iters,1
U1,50,1,4,HopcroftKarpMatcher,-1,na,total_bfs_edges_visited,50
U1,50,1,4,HopcroftKarpMatcher,-1,na,total_edges_visited,89
U1,50,1,4,HopcroftKarpMatcher,-1,na,matching_size,27
U1,50,1,4,HopcroftKarpMatcher,-1,na,wall_clock_ms,0.019837
U1,50,1,4,HopcroftKarpMatcher,-1,na,matching_size,27
U1,5000,1.5,5,SimpleAugmentingMatcher,-1,na,wall_clock_ms,30804.5
U1,5000,1.5,5,SimpleAugmentingMatcher,-1,na,matching_size,5000
U1,5000,1.5,5,HopcroftKarpMatcher,0,na,paths_found_per_phase,4952
U1,5000,1.5,5,HopcroftKarpMatcher,0,na,bfs_edges_visited,353553
U1,5000,1.5,5,HopcroftKarpMatcher,0,na,dfs_edges_visited,176829
U1,5000,1.5,5,HopcroftKarpMatcher,0,na,defect_at_iteration,48
U1,5000,1.5,5,HopcroftKarpMatcher,1,na,paths_found_per_phase,48
U1,5000,1.5,5,HopcroftKarpMatcher,1,na,bfs_edges_visited,175300
U1,5000,1.5,5,HopcroftKarpMatcher,1,na,dfs_edges_visited,23188
U1,5000,1.5,5,HopcroftKarpMatcher,1,na,defect_at_iteration,0
U1,5000,1.5,5,HopcroftKarpMatcher,-1,na,phase_count,2
U1,5000,1.5,5,HopcroftKarpMatcher,-1,na,main_loop_iters,2
U1,5000,1.5,5,HopcroftKarpMatcher,-1,na,total_bfs_edges_visited,528853
U1,5000,1.5,5,HopcroftKarpMatcher,-1,na,total_edges_visited,728870
U1,5000,1.5,5,HopcroftKarpMatcher,-1,na,matching_size,5000
U1,5000,1.5,5,HopcroftKarpMatcher,-1,na,wall_clock_ms,97.2776
U1,5000,1.5,5,HopcroftKarpMatcher,-1,na,matching_size,5000
U1,200,1,4,SimpleAugmentingMatcher,-1,na,wall_clock_ms,0.03895
U1,200,1,4,SimpleAugmentingMatcher,-1,na,matching_size,113
U1,200,1,4,HopcroftKarpMatcher,0,na,paths_found_per_phase,108
U1,200,1,4,HopcroftKarpMatcher,0,na,bfs_edges_visited,200
U1,200,1,4,HopcroftKarpMatcher,0,na,dfs_edges_visited,145
U1,200,1,4,HopcroftKarpMatcher,0,na,defect_at_iteration,92
U1,200,1,4,HopcroftKarpMatcher,1,na,paths_found_per_phase,4
U1,200,1,4,HopcroftKarpMatcher,1,na,bfs_edges_visited,53
U1,200,1,4,HopcroftKarpMatcher,1,na,dfs_edges_visited,47
U1,200,1,4,HopcroftKarpMatcher,1,na,defect_at_iteration,88
U1,200,1,4,HopcroftKarpMatcher,2,na,paths_found_per_phase,1
U1,200,1,4,HopcroftKarpMatcher,2,na,bfs_edges_visited,37
U1,200,1,4,HopcroftKarpMatcher,2,na,dfs_edges_visited,34
U1,200,1,4,HopcroftKarpMatcher,2,na,defect_at_iteration,87
U1,200,1,4,HopcroftKarpMatcher,-1,na,phase_count,3
U1,200,1,4,HopcroftKarpMatcher,-1,na,main_loop_iters,3
U1,200,1,4,HopcroftKarpMatcher,-1,na,total_bfs_edges_visited,290
U1,200,1,4,HopcroftKarpMatcher,-1,na,total_edges_visited,516
U1,200,1,4,HopcroftKarpMatcher,-1,na,matching_size,113
U1,200,1,4,HopcroftKarpMatcher,-1,na,wall_clock_ms,0.192582
U1,200,1,4,HopcroftKarpMatcher,-1,na,matching_size,113
U1,500,2,7,SimpleAugmentingMatcher,-1,na,wall_clock_ms,39.3518
U1,500,2,7,SimpleAugmentingMatcher,-1,na,matching_size,500
U1,500,2,7,HopcroftKarpMatcher,0,na,paths_found_per_phase,500
U1,500,2,7,HopcroftKarpMatcher,0,na,bfs_edges_visited,250000
U1,500,2,7,HopcroftKarpMatcher,0,na,dfs_edges_visited,125250
U1,500,2,7,HopcroftKarpMatcher,0,na,defect_at_iteration,0
U1,500,2,7,HopcroftKarpMatcher,-1,na,phase_count,1
U1,500,2,7,HopcroftKarpMatcher,-1,na,main_loop_iters,1
U1,500,2,7,HopcroftKarpMatcher,-1,na,total_bfs_edges_visited,250000
U1,500,2,7,HopcroftKarpMatcher,-1,na,total_edges_visited,375250
U1,500,2,7,HopcroftKarpMatcher,-1,na,matching_size,500
U1,500,2,7,HopcroftKarpMatcher,-1,na,wall_clock_ms,0.669168
U1,500,2,7,HopcroftKarpMatcher,-1,na,matching_size,500
U1,500,1,6,SimpleAugmentingMatcher,-1,na,wall_clock_ms,0.242766
U1,500,1,6,SimpleAugmentingMatcher,-1,na,matching_size,275
U1,500,1,6,HopcroftKarpMatcher,0,na,paths_found_per_phase,258
U1,500,1,6,HopcroftKarpMatcher,0,na,bfs_edges_visited,500
U1,500,1,6,HopcroftKarpMatcher,0,na,dfs_edges_visited,367
U1,500,1,6,HopcroftKarpMatcher,0,na,defect_at_iteration,242
U1,500,1,6,HopcroftKarpMatcher,1,na,paths_found_per_phase,16
U1,500,1,6,HopcroftKarpMatcher,1,na,bfs_edges_visited,172
U1,500,1,6,HopcroftKarpMatcher,1,na,dfs_edges_visited,178
U1,500,1,6,HopcroftKarpMatcher,1,na,defect_at_iteration,226
U1,500,1,6,HopcroftKarpMatcher,2,na,paths_found_per_phase,1
U1,500,1,6,HopcroftKarpMatcher,2,na,bfs_edges_visited,123
U1,500,1,6,HopcroftKarpMatcher,2,na,dfs_edges_visited,124
U1,500,1,6,HopcroftKarpMatcher,2,na,defect_at_iteration,225
U1,500,1,6,HopcroftKarpMatcher,-1,na,phase_count,3
U1,500,1,6,HopcroftKarpMatcher,-1,na,main_loop_iters,3
U1,500,1,6,HopcroftKarpMatcher,-1,na,total_bfs_edges_visited,795
U1,500,1,6,HopcroftKarpMatcher,-1,na,total_edges_visited,1464
U1,500,1,6,HopcroftKarpMatcher,-1,na,matching_size,275
U1,500,1,6,HopcroftKarpMatcher,-1,na,wall_clock_ms,1.32978
U1,500,1,6,HopcroftKarpMatcher,-1,na,matching_size,275
U1,200,1,2,SimpleAugmentingMatcher,-1,na,wall_clock_ms,0.042859
U1,200,1,2,SimpleAugmentingMatcher,-1,na,matching_size,110
U1,200,1,2,HopcroftKarpMatcher,0,na,paths_found_per_phase,100
U1,200,1,2,HopcroftKarpMatcher,0,na,bfs_edges_visited,200
U1,200,1,2,HopcroftKarpMatcher,0,na,dfs_edges_visited,140
U1,200,1,2,HopcroftKarpMatcher,0,na,defect_at_iteration,100
U1,200,1,2,HopcroftKarpMatcher,1,na,paths_found_per_phase,10
U1,200,1,2,HopcroftKarpMatcher,1,na,bfs_edges_visited,70
U1,200,1,2,HopcroftKarpMatcher,1,na,dfs_edges_visited,73
U1,200,1,2,HopcroftKarpMatcher,1,na,defect_at_iteration,90
U1,200,1,2,HopcroftKarpMatcher,-1,na,phase_count,2
U1,200,1,2,HopcroftKarpMatcher,-1,na,main_loop_iters,2
U1,200,1,2,HopcroftKarpMatcher,-1,na,total_bfs_edges_visited,270
U1,200,1,2,HopcroftKarpMatcher,-1,na,total_edges_visited,483
U1,200,1,2,HopcroftKarpMatcher,-1,na,matching_size,110
U1,200,1,2,HopcroftKarpMatcher,-1,na,wall_clock_ms,0.1594
U1,200,1,2,HopcroftKarpMatcher,-1,na,matching_size,110
U1,100,1.5,2,SimpleAugmentingMatcher,-1,na,wall_clock_ms,0.24371
U1,100,1.5,2,SimpleAugmentingMatcher,-1,na,matching_size,100
U1,100,1.5,2,HopcroftKarpMatcher,0,na,paths_found_per_phase,93
U1,100,1.5,2,HopcroftKarpMatcher,0,na,bfs_edges_visited,1000
U1,100,1.5,2,HopcroftKarpMatcher,0,na,dfs_edges_visited,514
U1,100,1.5,2,HopcroftKarpMatcher,0,na,defect_at_iteration,7
U1,100,1.5,2,HopcroftKarpMatcher,1,na,paths_found_per_phase,7
U1,100,1.5,2,HopcroftKarpMatcher,1,na,bfs_edges_visited,487
U1,100,1.5,2,HopcroftKarpMatcher,1,na,dfs_edges_visited,308
U1,100,1.5,2,HopcroftKarpMatcher,1,na,defect_at_iteration,0
U1,100,1.5,2,HopcroftKarpMatcher,-1,na,phase_count,2
U1,100,1.5,2,HopcroftKarpMatcher,-1,na,main_loop_iters,2
U1,100,1.5,2,HopcroftKarpMatcher,-1,na,total_bfs_edges_visited,1487
U1,100,1.5,2,HopcroftKarpMatcher,-1,na,total_edges_visited,2309
U1,100,1.5,2,HopcroftKarpMatcher,-1,na,matching_size,100
U1,100,1.5,2,HopcroftKarpMatcher,-1,na,wall_clock_ms,0.082327
U1,100,1.5,2,HopcroftKarpMatcher,-1,na,matching_size,100
U1,500,1,1,SimpleAugmentingMatcher,-1,na,wall_clock_ms,0.341492
U1,500,1,1,SimpleAugmentingMatcher,-1,na,matching_size,276
U1,500,1,1,HopcroftKarpMatcher,0,na,paths_found_per_phase,255
U1,500,1,1,HopcroftKarpMatcher,0,na,bfs_edges_visited,500
U1,500,1,1,HopcroftKarpMatcher,0,na,dfs_edges_visited,355
U1,500,1,1,HopcroftKarpMatcher,0,na,defect_at_iteration,245
U1,500,1,1,HopcroftKarpMatcher,1,na,paths_found_per_phase,20
U1,500,1,1,HopcroftKarpMatcher,1,na,bfs_edges_visited,190
U1,500,1,1,HopcroftKarpMatcher,1,na,dfs_edges_visited,198
U1,500,1,1,HopcroftKarpMatcher,1,na,defect_at_iteration,225
U1,500,1,1,HopcroftKarpMatcher,2,na,paths_found_per_phase,1
U1,500,1,1,HopcroftKarpMatcher,2,na,bfs_edges_visited,139
U1,500,1,1,HopcroftKarpMatcher,2,na,dfs_edges_visited,135
U1,500,1,1,HopcroftKarpMatcher,2,na,defect_at_iteration,224
U1,500,1,1,HopcroftKarpMatcher,-1,na,phase_count,3
U1,500,1,1,HopcroftKarpMatcher,-1,na,main_loop_iters,3
U1,500,1,1,HopcroftKarpMatcher,-1,na,total_bfs_edges_visited,829
U1,500,1,1,HopcroftKarpMatcher,-1,na,total_edges_visited,1517
U1,500,1,1,HopcroftKarpMatcher,-1,na,matching_size,276
U1,500,1,1,HopcroftKarpMatcher,-1,na,wall_clock_ms,1.97481
U1,500,1,1,HopcroftKarpMatcher,-1,na,matching_size,276
U1,2000,1,9,SimpleAugmentingMatcher,-1,na,wall_clock_ms,5.08386
U1,2000,1,9,SimpleAugmentingMatcher,-1,na,matching_size,1098
U1,2000,1,9,HopcroftKarpMatcher,0,na,paths_found_per_phase,1032
U1,2000,1,9,HopcroftKarpMatcher,0,na,bfs_edges_visited,2000
U1,2000,1,9,HopcroftKarpMatcher,0,na,dfs_edges_visited,1467
U1,2000,1,9,HopcroftKarpMatcher,0,na,defect_at_iteration,968
U1,2000,1,9,HopcroftKarpMatcher,1,na,paths_found_per_phase,61
U1,2000,1,9,HopcroftKarpMatcher,1,na,bfs_edges_visited,672
U1,2000,1,9,HopcroftKarpMatcher,1,na,dfs_edges_visited,696
U1,2000,1,9,HopcroftKarpMatcher,1,na,defect_at_iteration,907
U1,2000,1,9,HopcroftKarpMatcher,2,na,paths_found_per_phase,4
U1,2000,1,9,HopcroftKarpMatcher,2,na,bfs_edges_visited,472
U1,2000,1,9,HopcroftKarpMatcher,2,na,dfs_edges_visited,478
U1,2000,1,9,HopcroftKarpMatcher,2,na,defect_at_iteration,903
U1,2000,1,9,HopcroftKarpMatcher,3,na,paths_found_per_phase,1
U1,2000,1,9,HopcroftKarpMatcher,3,na,bfs_edges_visited,443
U1,2000,1,9,HopcroftKarpMatcher,3,na,dfs_edges_visited,441
U1,2000,1,9,HopcroftKarpMatcher,3,na,defect_at_iteration,902
U1,2000,1,9,HopcroftKarpMatcher,-1,na,phase_count,4
U1,2000,1,9,HopcroftKarpMatcher,-1,na,main_loop_iters,4
U1,2000,1,9,HopcroftKarpMatcher,-1,na,total_bfs_edges_visited,3587
U1,2000,1,9,HopcroftKarpMatcher,-1,na,total_edges_visited,6669
U1,2000,1,9,HopcroftKarpMatcher,-1,na,matching_size,1098
U1,2000,1,9,HopcroftKarpMatcher,-1,na,wall_clock_ms,28.8396
U1,2000,1,9,HopcroftKarpMatcher,-1,na,matching_size,1098
U1,5000,1,6,SimpleAugmentingMatcher,-1,na,wall_clock_ms,30.1912
U1,5000,1,6,SimpleAugmentingMatcher,-1,na,matching_size,2738
U1,5000,1,6,HopcroftKarpMatcher,0,na,paths_found_per_phase,2563
U1,5000,1,6,HopcroftKarpMatcher,0,na,bfs_edges_visited,5000
U1,5000,1,6,HopcroftKarpMatcher,0,na,dfs_edges_visited,3616
U1,5000,1,6,HopcroftKarpMatcher,0,na,defect_at_iteration,2437
U1,5000,1,6,HopcroftKarpMatcher,1,na,paths_found_per_phase,168
U1,5000,1,6,HopcroftKarpMatcher,1,na,bfs_edges_visited,1677
U1,5000,1,6,HopcroftKarpMatcher,1,na,dfs_edges_visited,1739
U1,5000,1,6,HopcroftKarpMatcher,1,na,defect_at_iteration,2269
U1,5000,1,6,HopcroftKarpMatcher,2,na,paths_found_per_phase,5
U1,5000,1,6,HopcroftKarpMatcher,2,na,bfs_edges_visited,1155
U1,5000,1,6,HopcroftKarpMatcher,2,na,dfs_edges_visited,1196
U1,5000,1,6,HopcroftKarpMatcher,2,na,defect_at_iteration,2264
U1,5000,1,6,HopcroftKarpMatcher,3,na,paths_found_per_phase,2
U1,5000,1,6,HopcroftKarpMatcher,3,na,bfs_edges_visited,1168
U1,5000,1,6,HopcroftKarpMatcher,3,na,dfs_edges_visited,1161
U1,5000,1,6,HopcroftKarpMatcher,3,na,defect_at_iteration,2262
U1,5000,1,6,HopcroftKarpMatcher,-1,na,phase_count,4
U1,5000,1,6,HopcroftKarpMatcher,-1,na,main_loop_iters,4
U1,5000,1,6,HopcroftKarpMatcher,-1,na,total_bfs_edges_visited,9000
U1,5000,1,6,HopcroftKarpMatcher,-1,na,total_edges_visited,16712
U1,5000,1,6,HopcroftKarpMatcher,-1,na,matching_size,2738
U1,5000,1,6,HopcroftKarpMatcher,-1,na,wall_clock_ms,179.912
U1,5000,1,6,HopcroftKarpMatcher,-1,na,matching_size,2738
U1,1000,1.5,6,SimpleAugmentingMatcher,-1,na,wall_clock_ms,199.256
U1,1000,1.5,6,SimpleAugmentingMatcher,-1,na,matching_size,1000
U1,1000,1.5,6,HopcroftKarpMatcher,0,na,paths_found_per_phase,980
U1,1000,1.5,6,HopcroftKarpMatcher,0,na,bfs_edges_visited,31622
U1,1000,1.5,6,HopcroftKarpMatcher,0,na,dfs_edges_visited,15713
U1,1000,1.5,6,HopcroftKarpMatcher,0,na,defect_at_iteration,20
U1,1000,1.5,6,HopcroftKarpMatcher,1,na,paths_found_per_phase,20
U1,1000,1.5,6,HopcroftKarpMatcher,1,na,bfs_edges_visited,15415
U1,1000,1.5,6,HopcroftKarpMatcher,1,na,dfs_edges_visited,5136
U1,1000,1.5,6,HopcroftKarpMatcher,1,na,defect_at_iteration,0
U1,1000,1.5,6,HopcroftKarpMatcher,-1,na,phase_count,2
U1,1000,1.5,6,HopcroftKarpMatcher,-1,na,main_loop_iters,2
U1,1000,1.5,6,HopcroftKarpMatcher,-1,na,total_bfs_edges_visited,47037
U1,1000,1.5,6,HopcroftKarpMatcher,-1,na,total_edges_visited,67886
U1,1000,1.5,6,HopcroftKarpMatcher,-1,na,matching_size,1000
U1,1000,1.5,6,HopcroftKarpMatcher,-1,na,wall_clock_ms,3.48572
U1,1000,1.5,6,HopcroftKarpMatcher,-1,na,matching_size,1000
U1,5000,1,8,SimpleAugmentingMatcher,-1,na,wall_clock_ms,36.767
U1,5000,1,8,SimpleAugmentingMatcher,-1,na,matching_size,2746
U1,5000,1,8,HopcroftKarpMatcher,0,na,paths_found_per_phase,2588
U1,5000,1,8,HopcroftKarpMatcher,0,na,bfs_edges_visited,5000
U1,5000,1,8,HopcroftKarpMatcher,0,na,dfs_edges_visited,3647
U1,5000,1,8,HopcroftKarpMatcher,0,na,defect_at_iteration,2412
U1,5000,1,8,HopcroftKarpMatcher,1,na,paths_found_per_phase,149
U1,5000,1,8,HopcroftKarpMatcher,1,na,bfs_edges_visited,1695
U1,5000,1,8,HopcroftKarpMatcher,1,na,dfs_edges_visited,1755
U1,5000,1,8,HopcroftKarpMatcher,1,na,defect_at_iteration,2263
U1,5000,1,8,HopcroftKarpMatcher,2,na,paths_found_per_phase,9
U1,5000,1,8,HopcroftKarpMatcher,2,na,bfs_edges_visited,1269
U1,5000,1,8,HopcroftKarpMatcher,2,na,dfs_edges_visited,1263
U1,5000,1,8,HopcroftKarpMatcher,2,na,defect_at_iteration,2254
U1,5000,1,8,HopcroftKarpMatcher,-1,na,phase_count,3
U1,5000,1,8,HopcroftKarpMatcher,-1,na,main_loop_iters,3
U1,5000,1,8,HopcroftKarpMatcher,-1,na,total_bfs_edges_visited,7964
U1,5000,1,8,HopcroftKarpMatcher,-1,na,total_edges_visited,14629
U1,5000,1,8,HopcroftKarpMatcher,-1,na,matching_size,2746
U1,5000,1,8,HopcroftKarpMatcher,-1,na,wall_clock_ms,190.186
U1,5000,1,8,HopcroftKarpMatcher,-1,na,matching_size,2746
U1,100,2,3,SimpleAugmentingMatcher,-1,na,wall_clock_ms,0.278935
U1,100,2,3,SimpleAugmentingMatcher,-1,na,matching_size,100
U1,100,2,3,HopcroftKarpMatcher,0,na,paths_found_per_phase,100
U1,100,2,3,HopcroftKarpMatcher,0,na,bfs_edges_visited,10000
U1,100,2,3,HopcroftKarpMatcher,0,na,dfs_edges_visited,5050
U1,100,2,3,HopcroftKarpMatcher,0,na,defect_at_iteration,0
U1,100,2,3,HopcroftKarpMatcher,-1,na,phase_count,1
U1,100,2,3,HopcroftKarpMatcher,-1,na,main_loop_iters,1
U1,100,2,3,HopcroftKarpMatcher,-1,na,total_bfs_edges_visited,10000
U1,100,2,3,HopcroftKarpMatcher,-1,na,total_edges_visited,15050
U1,100,2,3,HopcroftKarpMatcher,-1,na,matching_size,100
U1,100,2,3,HopcroftKarpMatcher,-1,na,wall_clock_ms,0.029022
U1,100,2,3,HopcroftKarpMatcher,-1,na,matching_size,100
U1,200,1,9,SimpleAugmentingMatcher,-1,na,wall_clock_ms,0.065628
U1,200,1,9,SimpleAugmentingMatcher,-1,na,matching_size,107
U1,200,1,9,HopcroftKarpMatcher,0,na,paths_found_per_phase,103
U1,200,1,9,HopcroftKarpMatcher,0,na,bfs_edges_visited,200
U1,200,1,9,HopcroftKarpMatcher,0,na,dfs_edges_visited,145
U1,200,1,9,HopcroftKarpMatcher,0,na,defect_at_iteration,97
U1,200,1,9,HopcroftKarpMatcher,1,na,paths_found_per_phase,4
U1,200,1,9,HopcroftKarpMatcher,1,na,bfs_edges_visited,53
U1,200,1,9,HopcroftKarpMatcher,1,na,dfs_edges_visited,58
U1,200,1,9,HopcroftKarpMatcher,1,na,defect_at_iteration,93
U1,200,1,9,HopcroftKarpMatcher,-1,na,phase_count,2
U1,200,1,9,HopcroftKarpMatcher,-1,na,main_loop_iters,2
U1,200,1,9,HopcroftKarpMatcher,-1,na,total_bfs_edges_visited,253
U1,200,1,9,HopcroftKarpMatcher,-1,na,total_edges_visited,456
U1,200,1,9,HopcroftKarpMatcher,-1,na,matching_size,107
U1,200,1,9,HopcroftKarpMatcher,-1,na,wall_clock_ms,0.251557
U1,200,1,9,HopcroftKarpMatcher,-1,na,matching_size,107
U1,5000,1,2,SimpleAugmentingMatcher,-1,na,wall_clock_ms,36.7476
U1,5000,1,2,SimpleAugmentingMatcher,-1,na,matching_size,2717
U1,5000,1,2,HopcroftKarpMatcher,0,na,paths_found_per_phase,2556
U1,5000,1,2,HopcroftKarpMatcher,0,na,bfs_edges_visited,5000
U1,5000,1,2,HopcroftKarpMatcher,0,na,dfs_edges_visited,3670
U1,5000,1,2,HopcroftKarpMatcher,0,na,defect_at_iteration,2444
U1,5000,1,2,HopcroftKarpMatcher,1,na,paths_found_per_phase,160
U1,5000,1,2,HopcroftKarpMatcher,1,na,bfs_edges_visited,1780
U1,5000,1,2,HopcroftKarpMatcher,1,na,dfs_edges_visited,1821
U1,5000,1,2,HopcroftKarpMatcher,1,na,defect_at_iteration,2284
U1,5000,1,2,HopcroftKarpMatcher,2,na,paths_found_per_phase,1
U1,5000,1,2,HopcroftKarpMatcher,2,na,bfs_edges_visited,1302
U1,5000,1,2,HopcroftKarpMatcher,2,na,dfs_edges_visited,1302
U1,5000,1,2,HopcroftKarpMatcher,2,na,defect_at_iteration,2283
U1,5000,1,2,HopcroftKarpMatcher,-1,na,phase_count,3
U1,5000,1,2,HopcroftKarpMatcher,-1,na,main_loop_iters,3
U1,5000,1,2,HopcroftKarpMatcher,-1,na,total_bfs_edges_visited,8082
U1,5000,1,2,HopcroftKarpMatcher,-1,na,total_edges_visited,14875
U1,5000,1,2,HopcroftKarpMatcher,-1,na,matching_size,2717
U1,5000,1,2,HopcroftKarpMatcher,-1,na,wall_clock_ms,190.134
U1,5000,1,2,HopcroftKarpMatcher,-1,na,matching_size,2717
U1,50,1,5,SimpleAugmentingMatcher,-1,na,wall_clock_ms,0.006582
U1,50,1,5,SimpleAugmentingMatcher,-1,na,matching_size,29
U1,50,1,5,HopcroftKarpMatcher,0,na,paths_found_per_phase,29
U1,50,1,5,HopcroftKarpMatcher,0,na,bfs_edges_visited,50
U1,50,1,5,HopcroftKarpMatcher,0,na,dfs_edges_visited,38
U1,50,1,5,HopcroftKarpMatcher,0,na,defect_at_iteration,21
U1,50,1,5,HopcroftKarpMatcher,-1,na,phase_count,1
U1,50,1,5,HopcroftKarpMatcher,-1,na,main_loop_iters,1
U1,50,1,5,HopcroftKarpMatcher,-1,na,total_bfs_edges_visited,50
U1,50,1,5,HopcroftKarpMatcher,-1,na,total_edges_visited,88
U1,50,1,5,HopcroftKarpMatcher,-1,na,matching_size,29
U1,50,1,5,HopcroftKarpMatcher,-1,na,wall_clock_ms,0.019825
U1,50,1,5,HopcroftKarpMatcher,-1,na,matching_size,29
U1,100,2,2,SimpleAugmentingMatcher,-1,na,wall_clock_ms,0.378034
U1,100,2,2,SimpleAugmentingMatcher,-1,na,matching_size,100
U1,100,2,2,HopcroftKarpMatcher,0,na,paths_found_per_phase,100
U1,100,2,2,HopcroftKarpMatcher,0,na,bfs_edges_visited,10000
U1,100,2,2,HopcroftKarpMatcher,0,na,dfs_edges_visited,5050
U1,100,2,2,HopcroftKarpMatcher,0,na,defect_at_iteration,0
U1,100,2,2,HopcroftKarpMatcher,-1,na,phase_count,1
U1,100,2,2,HopcroftKarpMatcher,-1,na,main_loop_iters,1
U1,100,2,2,HopcroftKarpMatcher,-1,na,total_bfs_edges_visited,10000
U1,100,2,2,HopcroftKarpMatcher,-1,na,total_edges_visited,15050
U1,100,2,2,HopcroftKarpMatcher,-1,na,matching_size,100
U1,100,2,2,HopcroftKarpMatcher,-1,na,wall_clock_ms,0.041592
U1,100,2,2,HopcroftKarpMatcher,-1,na,matching_size,100
U1,5000,1,5,SimpleAugmentingMatcher,-1,na,wall_clock_ms,30.9001
U1,5000,1,5,SimpleAugmentingMatcher,-1,na,matching_size,2695
U1,5000,1,5,HopcroftKarpMatcher,0,na,paths_found_per_phase,2542
U1,5000,1,5,HopcroftKarpMatcher,0,na,bfs_edges_visited,5000
U1,5000,1,5,HopcroftKarpMatcher,0,na,dfs_edges_visited,3637
U1,5000,1,5,HopcroftKarpMatcher,0,na,defect_at_iteration,2458
U1,5000,1,5,HopcroftKarpMatcher,1,na,paths_found_per_phase,148
U1,5000,1,5,HopcroftKarpMatcher,1,na,bfs_edges_visited,1714
U1,5000,1,5,HopcroftKarpMatcher,1,na,dfs_edges_visited,1783
U1,5000,1,5,HopcroftKarpMatcher,1,na,defect_at_iteration,2310
U1,5000,1,5,HopcroftKarpMatcher,2,na,paths_found_per_phase,4
U1,5000,1,5,HopcroftKarpMatcher,2,na,bfs_edges_visited,1255
U1,5000,1,5,HopcroftKarpMatcher,2,na,dfs_edges_visited,1283
U1,5000,1,5,HopcroftKarpMatcher,2,na,defect_at_iteration,2306
U1,5000,1,5,HopcroftKarpMatcher,3,na,paths_found_per_phase,1
U1,5000,1,5,HopcroftKarpMatcher,3,na,bfs_edges_visited,1270
U1,5000,1,5,HopcroftKarpMatcher,3,na,dfs_edges_visited,1273
U1,5000,1,5,HopcroftKarpMatcher,3,na,defect_at_iteration,2305
U1,5000,1,5,HopcroftKarpMatcher,-1,na,phase_count,4
U1,5000,1,5,HopcroftKarpMatcher,-1,na,main_loop_iters,4
U1,5000,1,5,HopcroftKarpMatcher,-1,na,total_bfs_edges_visited,9239
U1,5000,1,5,HopcroftKarpMatcher,-1,na,total_edges_visited,17215
U1,5000,1,5,HopcroftKarpMatcher,-1,na,matching_size,2695
U1,5000,1,5,HopcroftKarpMatcher,-1,na,wall_clock_ms,183.584
U1,5000,1,5,HopcroftKarpMatcher,-1,na,matching_size,2695
U1,100,1.5,0,SimpleAugmentingMatcher,-1,na,wall_clock_ms,0.283407
U1,100,1.5,0,SimpleAugmentingMatcher,-1,na,matching_size,100
U1,100,1.5,0,HopcroftKarpMatcher,0,na,paths_found_per_phase,91
U1,100,1.5,0,HopcroftKarpMatcher,0,na,bfs_edges_visited,1000
U1,100,1.5,0,HopcroftKarpMatcher,0,na,dfs_edges_visited,511
U1,100,1.5,0,HopcroftKarpMatcher,0,na,defect_at_iteration,9
U1,100,1.5,0,HopcroftKarpMatcher,1,na,paths_found_per_phase,9
U1,100,1.5,0,HopcroftKarpMatcher,1,na,bfs_edges_visited,506
U1,100,1.5,0,HopcroftKarpMatcher,1,na,dfs_edges_visited,258
U1,100,1.5,0,HopcroftKarpMatcher,1,na,defect_at_iteration,0
U1,100,1.5,0,HopcroftKarpMatcher,-1,na,phase_count,2
U1,100,1.5,0,HopcroftKarpMatcher,-1,na,main_loop_iters,2
U1,100,1.5,0,HopcroftKarpMatcher,-1,na,total_bfs_edges_visited,1506
U1,100,1.5,0,HopcroftKarpMatcher,-1,na,total_edges_visited,2275
U1,100,1.5,0,HopcroftKarpMatcher,-1,na,matching_size,100
U1,100,1.5,0,HopcroftKarpMatcher,-1,na,wall_clock_ms,0.081913
U1,100,1.5,0,HopcroftKarpMatcher,-1,na,matching_size,100
U1,200,1.5,9,SimpleAugmentingMatcher,-1,na,wall_clock_ms,1.40795
U1,200,1.5,9,SimpleAugmentingMatcher,-1,na,matching_size,200
U1,200,1.5,9,HopcroftKarpMatcher,0,na,paths_found_per_phase,192
U1,200,1.5,9,HopcroftKarpMatcher,0,na,bfs_edges_visited,2828
U1,200,1.5,9,HopcroftKarpMatcher,0,na,dfs_edges_visited,1469
U1,200,1.5,9,HopcroftKarpMatcher,0,na,defect_at_iteration,8
U1,200,1.5,9,HopcroftKarpMatcher,1,na,paths_found_per_phase,8
U1,200,1.5,9,HopcroftKarpMatcher,1,na,bfs_edges_visited,1220
U1,200,1.5,9,HopcroftKarpMatcher,1,na,dfs_edges_visited,490
U1,200,1.5,9,HopcroftKarpMatcher,1,na,defect_at_iteration,0
U1,200,1.5,9,HopcroftKarpMatcher,-1,na,phase_count,2
U1,200,1.5,9,HopcroftKarpMatcher,-1,na,main_loop_iters,2
U1,200,1.5,9,HopcroftKarpMatcher,-1,na,total_bfs_edges_visited,4048
U1,200,1.5,9,HopcroftKarpMatcher,-1,na,total_edges_visited,6007
U1,200,1.5,9,HopcroftKarpMatcher,-1,na,matching_size,200
U1,200,1.5,9,HopcroftKarpMatcher,-1,na,wall_clock_ms,0.164239
U1,200,1.5,9,HopcroftKarpMatcher,-1,na,matching_size,200
U1,50,1.5,5,SimpleAugmentingMatcher,-1,na,wall_clock_ms,0.041132
U1,50,1.5,5,SimpleAugmentingMatcher,-1,na,matching_size,50
U1,50,1.5,5,HopcroftKarpMatcher,0,na,paths_found_per_phase,42
U1,50,1.5,5,HopcroftKarpMatcher,0,na,bfs_edges_visited,353
U1,50,1.5,5,HopcroftKarpMatcher,0,na,dfs_edges_visited,180
U1,50,1.5,5,HopcroftKarpMatcher,0,na,defect_at_iteration,8
U1,50,1.5,5,HopcroftKarpMatcher,1,na,paths_found_per_phase,7
U1,50,1.5,5,HopcroftKarpMatcher,1,na,bfs_edges_visited,198
U1,50,1.5,5,HopcroftKarpMatcher,1,na,dfs_edges_visited,186
U1,50,1.5,5,HopcroftKarpMatcher,1,na,defect_at_iteration,1
U1,50,1.5,5,HopcroftKarpMatcher,2,na,paths_found_per_phase,1
U1,50,1.5,5,HopcroftKarpMatcher,2,na,bfs_edges_visited,353
U1,50,1.5,5,HopcroftKarpMatcher,2,na,dfs_edges_visited,13
U1,50,1.5,5,HopcroftKarpMatcher,2,na,defect_at_iteration,0
U1,50,1.5,5,HopcroftKarpMatcher,-1,na,phase_count,3
U1,50,1.5,5,HopcroftKarpMatcher,-1,na,main_loop_iters,3
U1,50,1.5,5,HopcroftKarpMatcher,-1,na,total_bfs_edges_visited,904
U1,50,1.5,5,HopcroftKarpMatcher,-1,na,total_edges_visited,1283
U1,50,1.5,5,HopcroftKarpMatcher,-1,na,matching_size,50
U1,50,1.5,5,HopcroftKarpMatcher,-1,na,wall_clock_ms,0.044083
U1,50,1.5,5,HopcroftKarpMatcher,-1,na,matching_size,50
U1,2000,1.5,0,SimpleAugmentingMatcher,-1,na,wall_clock_ms,1537.43
U1,2000,1.5,0,SimpleAugmentingMatcher,-1,na,matching_size,2000
U1,2000,1.5,0,HopcroftKarpMatcher,0,na,paths_found_per_phase,1970
U1,2000,1.5,0,HopcroftKarpMatcher,0,na,bfs_edges_visited,89442
U1,2000,1.5,0,HopcroftKarpMatcher,0,na,dfs_edges_visited,44707
U1,2000,1.5,0,HopcroftKarpMatcher,0,na,defect_at_iteration,30
U1,2000,1.5,0,HopcroftKarpMatcher,1,na,paths_found_per_phase,30
U1,2000,1.5,0,HopcroftKarpMatcher,1,na,bfs_edges_visited,44192
U1,2000,1.5,0,HopcroftKarpMatcher,1,na,dfs_edges_visited,7141
U1,2000,1.5,0,HopcroftKarpMatcher,1,na,defect_at_iteration,0
U1,2000,1.5,0,HopcroftKarpMatcher,-1,na,phase_count,2
U1,2000,1.5,0,HopcroftKarpMatcher,-1,na,main_loop_iters,2
U1,2000,1.5,0,HopcroftKarpMatcher,-1,na,total_bfs_edges_visited,133634
U1,2000,1.5,0,HopcroftKarpMatcher,-1,na,total_edges_visited,185482
U1,2000,1.5,0,HopcroftKarpMatcher,-1,na,matching_size,2000
U1,2000,1.5,0,HopcroftKarpMatcher,-1,na,wall_clock_ms,12.9363
U1,2000,1.5,0,HopcroftKarpMatcher,-1,na,matching_size,2000
U1,200,2,4,SimpleAugmentingMatcher,-1,na,wall_clock_ms,2.19127
U1,200,2,4,SimpleAugmentingMatcher,-1,na,matching_size,200
U1,200,2,4,HopcroftKarpMatcher,0,na,paths_found_per_phase,200
U1,200,2,4,HopcroftKarpMatcher,0,na,bfs_edges_visited,40000
U1,200,2,4,HopcroftKarpMatcher,0,na,dfs_edges_visited,20100
U1,200,2,4,HopcroftKarpMatcher,0,na,defect_at_iteration,0
U1,200,2,4,HopcroftKarpMatcher,-1,na,phase_count,1
U1,200,2,4,HopcroftKarpMatcher,-1,na,main_loop_iters,1
U1,200,2,4,HopcroftKarpMatcher,-1,na,total_bfs_edges_visited,40000
U1,200,2,4,HopcroftKarpMatcher,-1,na,total_edges_visited,60100
U1,200,2,4,HopcroftKarpMatcher,-1,na,matching_size,200
U1,200,2,4,HopcroftKarpMatcher,-1,na,wall_clock_ms,0.117431
U1,200,2,4,HopcroftKarpMatcher,-1,na,matching_size,200
U1,50,1,2,SimpleAugmentingMatcher,-1,na,wall_clock_ms,0.006355
U1,50,1,2,SimpleAugmentingMatcher,-1,na,matching_size,27
U1,50,1,2,HopcroftKarpMatcher,0,na,paths_found_per_phase,26
U1,50,1,2,HopcroftKarpMatcher,0,na,bfs_edges_visited,50
U1,50,1,2,HopcroftKarpMatcher,0,na,dfs_edges_visited,36
U1,50,1,2,HopcroftKarpMatcher,0,na,defect_at_iteration,24
U1,50,1,2,HopcroftKarpMatcher,1,na,paths_found_per_phase,1
U1,50,1,2,HopcroftKarpMatcher,1,na,bfs_edges_visited,17
U1,50,1,2,HopcroftKarpMatcher,1,na,dfs_edges_visited,19
U1,50,1,2,HopcroftKarpMatcher,1,na,defect_at_iteration,23
U1,50,1,2,HopcroftKarpMatcher,-1,na,phase_count,2
U1,50,1,2,HopcroftKarpMatcher,-1,na,main_loop_iters,2
U1,50,1,2,HopcroftKarpMatcher,-1,na,total_bfs_edges_visited,67
U1,50,1,2,HopcroftKarpMatcher,-1,na,total_edges_visited,122
U1,50,1,2,HopcroftKarpMatcher,-1,na,matching_size,27
U1,50,1,2,HopcroftKarpMatcher,-1,na,wall_clock_ms,0.028286
U1,50,1,2,HopcroftKarpMatcher,-1,na,matching_size,27
U1,500,1,2,SimpleAugmentingMatcher,-1,na,wall_clock_ms,0.351751
U1,500,1,2,SimpleAugmentingMatcher,-1,na,matching_size,278
U1,500,1,2,HopcroftKarpMatcher,0,na,paths_found_per_phase,263
U1,500,1,2,HopcroftKarpMatcher,0,na,bfs_edges_visited,500
U1,500,1,2,HopcroftKarpMatcher,0,na,dfs_edges_visited,353
U1,500,1,2,HopcroftKarpMatcher,0,na,defect_at_iteration,237
U1,500,1,2,HopcroftKarpMatcher,1,na,paths_found_per_phase,15
U1,500,1,2,HopcroftKarpMatcher,1,na,bfs_edges_visited,159
U1,500,1,2,HopcroftKarpMatcher,1,na,dfs_edges_visited,175
U1,500,1,2,HopcroftKarpMatcher,1,na,defect_at_iteration,222
U1,500,1,2,HopcroftKarpMatcher,-1,na,phase_count,2
U1,500,1,2,HopcroftKarpMatcher,-1,na,main_loop_iters,2
U1,500,1,2,HopcroftKarpMatcher,-1,na,total_bfs_edges_visited,659
U1,500,1,2,HopcroftKarpMatcher,-1,na,total_edges_visited,1187
U1,500,1,2,HopcroftKarpMatcher,-1,na,matching_size,278
U1,500,1,2,HopcroftKarpMatcher,-1,na,wall_clock_ms,1.46862
U1,500,1,2,HopcroftKarpMatcher,-1,na,matching_size,278
U1,1000,1.5,9,SimpleAugmentingMatcher,-1,na,wall_clock_ms,194.927
U1,1000,1.5,9,SimpleAugmentingMatcher,-1,na,matching_size,1000
U1,1000,1.5,9,HopcroftKarpMatcher,0,na,paths_found_per_phase,981
U1,1000,1.5,9,HopcroftKarpMatcher,0,na,bfs_edges_visited,31622
U1,1000,1.5,9,HopcroftKarpMatcher,0,na,dfs_edges_visited,15809
U1,1000,1.5,9,HopcroftKarpMatcher,0,na,defect_at_iteration,19
U1,1000,1.5,9,HopcroftKarpMatcher,1,na,paths_found_per_phase,19
U1,1000,1.5,9,HopcroftKarpMatcher,1,na,bfs_edges_visited,14563
U1,1000,1.5,9,HopcroftKarpMatcher,1,na,dfs_edges_visited,2226
U1,1000,1.5,9,HopcroftKarpMatcher,1,na,defect_at_iteration,0
U1,1000,1.5,9,HopcroftKarpMatcher,-1,na,phase_count,2
U1,1000,1.5,9,HopcroftKarpMatcher,-1,na,main_loop_iters,2
U1,1000,1.5,9,HopcroftKarpMatcher,-1,na,total_bfs_edges_visited,46185
U1,1000,1.5,9,HopcroftKarpMatcher,-1,na,total_edges_visited,64220
U1,1000,1.5,9,HopcroftKarpMatcher,-1,na,matching_size,1000
U1,1000,1.5,9,HopcroftKarpMatcher,-1,na,wall_clock_ms,3.45304
U1,1000,1.5,9,HopcroftKarpMatcher,-1,na,matching_size,1000
U1,5000,1.5,9,SimpleAugmentingMatcher,-1,na,wall_clock_ms,29250.8
U1,5000,1.5,9,SimpleAugmentingMatcher,-1,na,matching_size,5000
U1,5000,1.5,9,HopcroftKarpMatcher,0,na,paths_found_per_phase,4948
U1,5000,1.5,9,HopcroftKarpMatcher,0,na,bfs_edges_visited,353553
U1,5000,1.5,9,HopcroftKarpMatcher,0,na,dfs_edges_visited,177109
U1,5000,1.5,9,HopcroftKarpMatcher,0,na,defect_at_iteration,52
U1,5000,1.5,9,HopcroftKarpMatcher,1,na,paths_found_per_phase,52
U1,5000,1.5,9,HopcroftKarpMatcher,1,na,bfs_edges_visited,182293
U1,5000,1.5,9,HopcroftKarpMatcher,1,na,dfs_edges_visited,19869
U1,5000,1.5,9,HopcroftKarpMatcher,1,na,defect_at_iteration,0
U1,5000,1.5,9,HopcroftKarpMatcher,-1,na,phase_count,2
U1,5000,1.5,9,HopcroftKarpMatcher,-1,na,main_loop_iters,2
U1,5000,1.5,9,HopcroftKarpMatcher,-1,na,total_bfs_edges_visited,535846
U1,5000,1.5,9,HopcroftKarpMatcher,-1,na,total_edges_visited,732824
U1,5000,1.5,9,HopcroftKarpMatcher,-1,na,matching_size,5000
U1,5000,1.5,9,HopcroftKarpMatcher,-1,na,wall_clock_ms,97.2052
U1,5000,1.5,9,HopcroftKarpMatcher,-1,na,matching_size,5000
U1,200,2,7,SimpleAugmentingMatcher,-1,na,wall_clock_ms,2.90727
U1,200,2,7,SimpleAugmentingMatcher,-1,na,matching_size,200
U1,200,2,7,HopcroftKarpMatcher,0,na,paths_found_per_phase,200
U1,200,2,7,HopcroftKarpMatcher,0,na,bfs_edges_visited,40000
U1,200,2,7,HopcroftKarpMatcher,0,na,dfs_edges_visited,20100
U1,200,2,7,HopcroftKarpMatcher,0,na,defect_at_iteration,0
U1,200,2,7,HopcroftKarpMatcher,-1,na,phase_count,1
U1,200,2,7,HopcroftKarpMatcher,-1,na,main_loop_iters,1
U1,200,2,7,HopcroftKarpMatcher,-1,na,total_bfs_edges_visited,40000
U1,200,2,7,HopcroftKarpMatcher,-1,na,total_edges_visited,60100
U1,200,2,7,HopcroftKarpMatcher,-1,na,matching_size,200
U1,200,2,7,HopcroftKarpMatcher,-1,na,wall_clock_ms,0.146245
U1,200,2,7,HopcroftKarpMatcher,-1,na,matching_size,200
U1,1000,1.5,3,SimpleAugmentingMatcher,-1,na,wall_clock_ms,249.171
U1,1000,1.5,3,SimpleAugmentingMatcher,-1,na,matching_size,1000
U1,1000,1.5,3,HopcroftKarpMatcher,0,na,paths_found_per_phase,977
U1,1000,1.5,3,HopcroftKarpMatcher,0,na,bfs_edges_visited,31622
U1,1000,1.5,3,HopcroftKarpMatcher,0,na,dfs_edges_visited,15764
U1,1000,1.5,3,HopcroftKarpMatcher,0,na,defect_at_iteration,23
U1,1000,1.5,3,HopcroftKarpMatcher,1,na,paths_found_per_phase,23
U1,1000,1.5,3,HopcroftKarpMatcher,1,na,bfs_edges_visited,16167
U1,1000,1.5,3,HopcroftKarpMatcher,1,na,dfs_edges_visited,4391
U1,1000,1.5,3,HopcroftKarpMatcher,1,na,defect_at_iteration,0
U1,1000,1.5,3,HopcroftKarpMatcher,-1,na,phase_count,2
U1,1000,1.5,3,HopcroftKarpMatcher,-1,na,main_loop_iters,2
U1,1000,1.5,3,HopcroftKarpMatcher,-1,na,total_bfs_edges_visited,47789
U1,1000,1.5,3,HopcroftKarpMatcher,-1,na,total_edges_visited,67944
U1,1000,1.5,3,HopcroftKarpMatcher,-1,na,matching_size,1000
U1,1000,1.5,3,HopcroftKarpMatcher,-1,na,wall_clock_ms,3.63474
U1,1000,1.5,3,HopcroftKarpMatcher,-1,na,matching_size,1000
U1,1000,1.5,8,SimpleAugmentingMatcher,-1,na,wall_clock_ms,192.228
U1,1000,1.5,8,SimpleAugmentingMatcher,-1,na,matching_size,1000
U1,1000,1.5,8,HopcroftKarpMatcher,0,na,paths_found_per_phase,979
U1,1000,1.5,8,HopcroftKarpMatcher,0,na,bfs_edges_visited,31622
U1,1000,1.5,8,HopcroftKarpMatcher,0,na,dfs_edges_visited,15842
U1,1000,1.5,8,HopcroftKarpMatcher,0,na,defect_at_iteration,21
U1,1000,1.5,8,HopcroftKarpMatcher,1,na,paths_found_per_phase,21
U1,1000,1.5,8,HopcroftKarpMatcher,1,na,bfs_edges_visited,14763
U1,1000,1.5,8,HopcroftKarpMatcher,1,na,dfs_edges_visited,5552
U1,1000,1.5,8,HopcroftKarpMatcher,1,na,defect_at_iteration,0
U1,1000,1.5,8,HopcroftKarpMatcher,-1,na,phase_count,2
U1,1000,1.5,8,HopcroftKarpMatcher,-1,na,main_loop_iters,2
U1,1000,1.5,8,HopcroftKarpMatcher,-1,na,total_bfs_edges_visited,46385
U1,1000,1.5,8,HopcroftKarpMatcher,-1,na,total_edges_visited,67779
U1,1000,1.5,8,HopcroftKarpMatcher,-1,na,matching_size,1000
U1,1000,1.5,8,HopcroftKarpMatcher,-1,na,wall_clock_ms,3.66031
U1,1000,1.5,8,HopcroftKarpMatcher,-1,na,matching_size,1000
U1,5000,2,8,SimpleAugmentingMatcher,-1,na,wall_clock_ms,32927.4
U1,5000,2,8,SimpleAugmentingMatcher,-1,na,matching_size,5000
U1,5000,2,8,HopcroftKarpMatcher,0,na,paths_found_per_phase,5000
U1,5000,2,8,HopcroftKarpMatcher,0,na,bfs_edges_visited,2.5e+07
U1,5000,2,8,HopcroftKarpMatcher,0,na,dfs_edges_visited,1.25025e+07
U1,5000,2,8,HopcroftKarpMatcher,0,na,defect_at_iteration,0
U1,5000,2,8,HopcroftKarpMatcher,-1,na,phase_count,1
U1,5000,2,8,HopcroftKarpMatcher,-1,na,main_loop_iters,1
U1,5000,2,8,HopcroftKarpMatcher,-1,na,total_bfs_edges_visited,2.5e+07
U1,5000,2,8,HopcroftKarpMatcher,-1,na,total_edges_visited,3.75025e+07
U1,5000,2,8,HopcroftKarpMatcher,-1,na,matching_size,5000
U1,5000,2,8,HopcroftKarpMatcher,-1,na,wall_clock_ms,51.1133
U1,5000,2,8,HopcroftKarpMatcher,-1,na,matching_size,5000
U1,500,2,6,SimpleAugmentingMatcher,-1,na,wall_clock_ms,36.3164
U1,500,2,6,SimpleAugmentingMatcher,-1,na,matching_size,500
U1,500,2,6,HopcroftKarpMatcher,0,na,paths_found_per_phase,500
U1,500,2,6,HopcroftKarpMatcher,0,na,bfs_edges_visited,250000
U1,500,2,6,HopcroftKarpMatcher,0,na,dfs_edges_visited,125250
U1,500,2,6,HopcroftKarpMatcher,0,na,defect_at_iteration,0
U1,500,2,6,HopcroftKarpMatcher,-1,na,phase_count,1
U1,500,2,6,HopcroftKarpMatcher,-1,na,main_loop_iters,1
U1,500,2,6,HopcroftKarpMatcher,-1,na,total_bfs_edges_visited,250000
U1,500,2,6,HopcroftKarpMatcher,-1,na,total_edges_visited,375250
U1,500,2,6,HopcroftKarpMatcher,-1,na,matching_size,500
U1,500,2,6,HopcroftKarpMatcher,-1,na,wall_clock_ms,0.667506
U1,500,2,6,HopcroftKarpMatcher,-1,na,matching_size,500
U1,200,2,3,SimpleAugmentingMatcher,-1,na,wall_clock_ms,2.81105
U1,200,2,3,SimpleAugmentingMatcher,-1,na,matching_size,200
U1,200,2,3,HopcroftKarpMatcher,0,na,paths_found_per_phase,200
U1,200,2,3,HopcroftKarpMatcher,0,na,bfs_edges_visited,40000
U1,200,2,3,HopcroftKarpMatcher,0,na,dfs_edges_visited,20100
U1,200,2,3,HopcroftKarpMatcher,0,na,defect_at_iteration,0
U1,200,2,3,HopcroftKarpMatcher,-1,na,phase_count,1
U1,200,2,3,HopcroftKarpMatcher,-1,na,main_loop_iters,1
U1,200,2,3,HopcroftKarpMatcher,-1,na,total_bfs_edges_visited,40000
U1,200,2,3,HopcroftKarpMatcher,-1,na,total_edges_visited,60100
U1,200,2,3,HopcroftKarpMatcher,-1,na,matching_size,200
U1,200,2,3,HopcroftKarpMatcher,-1,na,wall_clock_ms,0.145108
U1,200,2,3,HopcroftKarpMatcher,-1,na,matching_size,200
U1,2000,1.5,9,SimpleAugmentingMatcher,-1,na,wall_clock_ms,1543.75
U1,2000,1.5,9,SimpleAugmentingMatcher,-1,na,matching_size,2000
U1,2000,1.5,9,HopcroftKarpMatcher,0,na,paths_found_per_phase,1970
U1,2000,1.5,9,HopcroftKarpMatcher,0,na,bfs_edges_visited,89442
U1,2000,1.5,9,HopcroftKarpMatcher,0,na,dfs_edges_visited,44656
U1,2000,1.5,9,HopcroftKarpMatcher,0,na,defect_at_iteration,30
U1,2000,1.5,9,HopcroftKarpMatcher,1,na,paths_found_per_phase,30
U1,2000,1.5,9,HopcroftKarpMatcher,1,na,bfs_edges_visited,41938
U1,2000,1.5,9,HopcroftKarpMatcher,1,na,dfs_edges_visited,5825
U1,2000,1.5,9,HopcroftKarpMatcher,1,na,defect_at_iteration,0
U1,2000,1.5,9,HopcroftKarpMatcher,-1,na,phase_count,2
U1,2000,1.5,9,HopcroftKarpMatcher,-1,na,main_loop_iters,2
U1,2000,1.5,9,HopcroftKarpMatcher,-1,na,total_bfs_edges_visited,131380
U1,2000,1.5,9,HopcroftKarpMatcher,-1,na,total_edges_visited,181861
U1,2000,1.5,9,HopcroftKarpMatcher,-1,na,matching_size,2000
U1,2000,1.5,9,HopcroftKarpMatcher,-1,na,wall_clock_ms,12.6609
U1,2000,1.5,9,HopcroftKarpMatcher,-1,na,matching_size,2000
U1,200,2,8,SimpleAugmentingMatcher,-1,na,wall_clock_ms,2.06428
U1,200,2,8,SimpleAugmentingMatcher,-1,na,matching_size,200
U1,200,2,8,HopcroftKarpMatcher,0,na,paths_found_per_phase,200
U1,200,2,8,HopcroftKarpMatcher,0,na,bfs_edges_visited,40000
U1,200,2,8,HopcroftKarpMatcher,0,na,dfs_edges_visited,20100
U1,200,2,8,HopcroftKarpMatcher,0,na,defect_at_iteration,0
U1,200,2,8,HopcroftKarpMatcher,-1,na,phase_count,1
U1,200,2,8,HopcroftKarpMatcher,-1,na,main_loop_iters,1
U1,200,2,8,HopcroftKarpMatcher,-1,na,total_bfs_edges_visited,40000
U1,200,2,8,HopcroftKarpMatcher,-1,na,total_edges_visited,60100
U1,200,2,8,HopcroftKarpMatcher,-1,na,matching_size,200
U1,200,2,8,HopcroftKarpMatcher,-1,na,wall_clock_ms,0.09805
U1,200,2,8,HopcroftKarpMatcher,-1,na,matching_size,200
U1,1000,1.5,2,SimpleAugmentingMatcher,-1,na,wall_clock_ms,225.186
U1,1000,1.5,2,SimpleAugmentingMatcher,-1,na,matching_size,1000
U1,1000,1.5,2,HopcroftKarpMatcher,0,na,paths_found_per_phase,977
U1,1000,1.5,2,HopcroftKarpMatcher,0,na,bfs_edges_visited,31622
U1,1000,1.5,2,HopcroftKarpMatcher,0,na,dfs_edges_visited,15961
U1,1000,1.5,2,HopcroftKarpMatcher,0,na,defect_at_iteration,23
U1,1000,1.5,2,HopcroftKarpMatcher,1,na,paths_found_per_phase,23
U1,1000,1.5,2,HopcroftKarpMatcher,1,na,bfs_edges_visited,16285
U1,1000,1.5,2,HopcroftKarpMatcher,1,na,dfs_edges_visited,4077
U1,1000,1.5,2,HopcroftKarpMatcher,1,na,defect_at_iteration,0
U1,1000,1.5,2,HopcroftKarpMatcher,-1,na,phase_count,2
U1,1000,1.5,2,HopcroftKarpMatcher,-1,na,main_loop_iters,2
U1,1000,1.5,2,HopcroftKarpMatcher,-1,na,total_bfs_edges_visited,47907
U1,1000,1.5,2,HopcroftKarpMatcher,-1,na,total_edges_visited,67945
U1,1000,1.5,2,HopcroftKarpMatcher,-1,na,matching_size,1000
U1,1000,1.5,2,HopcroftKarpMatcher,-1,na,wall_clock_ms,4.60376
U1,1000,1.5,2,HopcroftKarpMatcher,-1,na,matching_size,1000
U1,50,1.5,7,SimpleAugmentingMatcher,-1,na,wall_clock_ms,0.02988
U1,50,1.5,7,SimpleAugmentingMatcher,-1,na,matching_size,50
U1,50,1.5,7,HopcroftKarpMatcher,0,na,paths_found_per_phase,46
U1,50,1.5,7,HopcroftKarpMatcher,0,na,bfs_edges_visited,353
U1,50,1.5,7,HopcroftKarpMatcher,0,na,dfs_edges_visited,184
U1,50,1.5,7,HopcroftKarpMatcher,0,na,defect_at_iteration,4
U1,50,1.5,7,HopcroftKarpMatcher,1,na,paths_found_per_phase,4
U1,50,1.5,7,HopcroftKarpMatcher,1,na,bfs_edges_visited,113
U1,50,1.5,7,HopcroftKarpMatcher,1,na,dfs_edges_visited,83
U1,50,1.5,7,HopcroftKarpMatcher,1,na,defect_at_iteration,0
U1,50,1.5,7,HopcroftKarpMatcher,-1,na,phase_count,2
U1,50,1.5,7,HopcroftKarpMatcher,-1,na,main_loop_iters,2
U1,50,1.5,7,HopcroftKarpMatcher,-1,na,total_bfs_edges_visited,466
U1,50,1.5,7,HopcroftKarpMatcher,-1,na,total_edges_visited,733
U1,50,1.5,7,HopcroftKarpMatcher,-1,na,matching_size,50
U1,50,1.5,7,HopcroftKarpMatcher,-1,na,wall_clock_ms,0.021559
U1,50,1.5,7,HopcroftKarpMatcher,-1,na,matching_size,50
U1,2000,1.5,7,SimpleAugmentingMatcher,-1,na,wall_clock_ms,1779.31
U1,2000,1.5,7,SimpleAugmentingMatcher,-1,na,matching_size,2000
U1,2000,1.5,7,HopcroftKarpMatcher,0,na,paths_found_per_phase,1973
U1,2000,1.5,7,HopcroftKarpMatcher,0,na,bfs_edges_visited,89442
U1,2000,1.5,7,HopcroftKarpMatcher,0,na,dfs_edges_visited,44916
U1,2000,1.5,7,HopcroftKarpMatcher,0,na,defect_at_iteration,27
U1,2000,1.5,7,HopcroftKarpMatcher,1,na,paths_found_per_phase,27
U1,2000,1.5,7,HopcroftKarpMatcher,1,na,bfs_edges_visited,40465
U1,2000,1.5,7,HopcroftKarpMatcher,1,na,dfs_edges_visited,14970
U1,2000,1.5,7,HopcroftKarpMatcher,1,na,defect_at_iteration,0
U1,2000,1.5,7,HopcroftKarpMatcher,-1,na,phase_count,2
U1,2000,1.5,7,HopcroftKarpMatcher,-1,na,main_loop_iters,2
U1,2000,1.5,7,HopcroftKarpMatcher,-1,na,total_bfs_edges_visited,129907
U1,2000,1.5,7,HopcroftKarpMatcher,-1,na,total_edges_visited,189793
U1,2000,1.5,7,HopcroftKarpMatcher,-1,na,matching_size,2000
U1,2000,1.5,7,HopcroftKarpMatcher,-1,na,wall_clock_ms,17.2465
U1,2000,1.5,7,HopcroftKarpMatcher,-1,na,matching_size,2000
U1,100,1.5,5,SimpleAugmentingMatcher,-1,na,wall_clock_ms,0.173666
U1,100,1.5,5,SimpleAugmentingMatcher,-1,na,matching_size,100
U1,100,1.5,5,HopcroftKarpMatcher,0,na,paths_found_per_phase,92
U1,100,1.5,5,HopcroftKarpMatcher,0,na,bfs_edges_visited,1000
U1,100,1.5,5,HopcroftKarpMatcher,0,na,dfs_edges_visited,528
U1,100,1.5,5,HopcroftKarpMatcher,0,na,defect_at_iteration,8
U1,100,1.5,5,HopcroftKarpMatcher,1,na,paths_found_per_phase,7
U1,100,1.5,5,HopcroftKarpMatcher,1,na,bfs_edges_visited,594
U1,100,1.5,5,HopcroftKarpMatcher,1,na,dfs_edges_visited,636
U1,100,1.5,5,HopcroftKarpMatcher,1,na,defect_at_iteration,1
U1,100,1.5,5,HopcroftKarpMatcher,2,na,paths_found_per_phase,1
U1,100,1.5,5,HopcroftKarpMatcher,2,na,bfs_edges_visited,1000
U1,100,1.5,5,HopcroftKarpMatcher,2,na,dfs_edges_visited,74
U1,100,1.5,5,HopcroftKarpMatcher,2,na,defect_at_iteration,0
U1,100,1.5,5,HopcroftKarpMatcher,-1,na,phase_count,3
U1,100,1.5,5,HopcroftKarpMatcher,-1,na,main_loop_iters,3
U1,100,1.5,5,HopcroftKarpMatcher,-1,na,total_bfs_edges_visited,2594
U1,100,1.5,5,HopcroftKarpMatcher,-1,na,total_edges_visited,3832
U1,100,1.5,5,HopcroftKarpMatcher,-1,na,matching_size,100
U1,100,1.5,5,HopcroftKarpMatcher,-1,na,wall_clock_ms,0.090871
U1,100,1.5,5,HopcroftKarpMatcher,-1,na,matching_size,100
U1,1000,1,0,SimpleAugmentingMatcher,-1,na,wall_clock_ms,1.43164
U1,1000,1,0,SimpleAugmentingMatcher,-1,na,matching_size,557
U1,1000,1,0,HopcroftKarpMatcher,0,na,paths_found_per_phase,518
U1,1000,1,0,HopcroftKarpMatcher,0,na,bfs_edges_visited,1000
U1,1000,1,0,HopcroftKarpMatcher,0,na,dfs_edges_visited,718
U1,1000,1,0,HopcroftKarpMatcher,0,na,defect_at_iteration,482
U1,1000,1,0,HopcroftKarpMatcher,1,na,paths_found_per_phase,38
U1,1000,1,0,HopcroftKarpMatcher,1,na,bfs_edges_visited,353
U1,1000,1,0,HopcroftKarpMatcher,1,na,dfs_edges_visited,355
U1,1000,1,0,HopcroftKarpMatcher,1,na,defect_at_iteration,444
U1,1000,1,0,HopcroftKarpMatcher,2,na,paths_found_per_phase,1
U1,1000,1,0,HopcroftKarpMatcher,2,na,bfs_edges_visited,228
U1,1000,1,0,HopcroftKarpMatcher,2,na,dfs_edges_visited,237
U1,1000,1,0,HopcroftKarpMatcher,2,na,defect_at_iteration,443
U1,1000,1,0,HopcroftKarpMatcher,-1,na,phase_count,3
U1,1000,1,0,HopcroftKarpMatcher,-1,na,main_loop_iters,3
U1,1000,1,0,HopcroftKarpMatcher,-1,na,total_bfs_edges_visited,1581
U1,1000,1,0,HopcroftKarpMatcher,-1,na,total_edges_visited,2891
U1,1000,1,0,HopcroftKarpMatcher,-1,na,matching_size,557
U1,1000,1,0,HopcroftKarpMatcher,-1,na,wall_clock_ms,7.67522
U1,1000,1,0,HopcroftKarpMatcher,-1,na,matching_size,557
U1,2000,1.5,4,SimpleAugmentingMatcher,-1,na,wall_clock_ms,1743.39
U1,2000,1.5,4,SimpleAugmentingMatcher,-1,na,matching_size,2000
U1,2000,1.5,4,HopcroftKarpMatcher,0,na,paths_found_per_phase,1967
U1,2000,1.5,4,HopcroftKarpMatcher,0,na,bfs_edges_visited,89442
U1,2000,1.5,4,HopcroftKarpMatcher,0,na,dfs_edges_visited,44652
U1,2000,1.5,4,HopcroftKarpMatcher,0,na,defect_at_iteration,33
U1,2000,1.5,4,HopcroftKarpMatcher,1,na,paths_found_per_phase,33
U1,2000,1.5,4,HopcroftKarpMatcher,1,na,bfs_edges_visited,47135
U1,2000,1.5,4,HopcroftKarpMatcher,1,na,dfs_edges_visited,7289
U1,2000,1.5,4,HopcroftKarpMatcher,1,na,defect_at_iteration,0
U1,2000,1.5,4,HopcroftKarpMatcher,-1,na,phase_count,2
U1,2000,1.5,4,HopcroftKarpMatcher,-1,na,main_loop_iters,2
U1,2000,1.5,4,HopcroftKarpMatcher,-1,na,total_bfs_edges_visited,136577
U1,2000,1.5,4,HopcroftKarpMatcher,-1,na,total_edges_visited,188518
U1,2000,1.5,4,HopcroftKarpMatcher,-1,na,matching_size,2000
U1,2000,1.5,4,HopcroftKarpMatcher,-1,na,wall_clock_ms,16.9495
U1,2000,1.5,4,HopcroftKarpMatcher,-1,na,matching_size,2000
U1,1000,2,8,SimpleAugmentingMatcher,-1,na,wall_clock_ms,294.225
U1,1000,2,8,SimpleAugmentingMatcher,-1,na,matching_size,1000
U1,1000,2,8,HopcroftKarpMatcher,0,na,paths_found_per_phase,1000
U1,1000,2,8,HopcroftKarpMatcher,0,na,bfs_edges_visited,1e+06
U1,1000,2,8,HopcroftKarpMatcher,0,na,dfs_edges_visited,500500
U1,1000,2,8,HopcroftKarpMatcher,0,na,defect_at_iteration,0
U1,1000,2,8,HopcroftKarpMatcher,-1,na,phase_count,1
U1,1000,2,8,HopcroftKarpMatcher,-1,na,main_loop_iters,1
U1,1000,2,8,HopcroftKarpMatcher,-1,na,total_bfs_edges_visited,1e+06
U1,1000,2,8,HopcroftKarpMatcher,-1,na,total_edges_visited,1.5005e+06
U1,1000,2,8,HopcroftKarpMatcher,-1,na,matching_size,1000
U1,1000,2,8,HopcroftKarpMatcher,-1,na,wall_clock_ms,2.63509
U1,1000,2,8,HopcroftKarpMatcher,-1,na,matching_size,1000
U1,500,1,7,SimpleAugmentingMatcher,-1,na,wall_clock_ms,0.231613
U1,500,1,7,SimpleAugmentingMatcher,-1,na,matching_size,274
U1,500,1,7,HopcroftKarpMatcher,0,na,paths_found_per_phase,254
U1,500,1,7,HopcroftKarpMatcher,0,na,bfs_edges_visited,500
U1,500,1,7,HopcroftKarpMatcher,0,na,dfs_edges_visited,355
U1,500,1,7,HopcroftKarpMatcher,0,na,defect_at_iteration,246
U1,500,1,7,HopcroftKarpMatcher,1,na,paths_found_per_phase,19
U1,500,1,7,HopcroftKarpMatcher,1,na,bfs_edges_visited,163
U1,500,1,7,HopcroftKarpMatcher,1,na,dfs_edges_visited,161
U1,500,1,7,HopcroftKarpMatcher,1,na,defect_at_iteration,227
U1,500,1,7,HopcroftKarpMatcher,2,na,paths_found_per_phase,1
U1,500,1,7,HopcroftKarpMatcher,2,na,bfs_edges_visited,95
U1,500,1,7,HopcroftKarpMatcher,2,na,dfs_edges_visited,94
U1,500,1,7,HopcroftKarpMatcher,2,na,defect_at_iteration,226
U1,500,1,7,HopcroftKarpMatcher,-1,na,phase_count,3
U1,500,1,7,HopcroftKarpMatcher,-1,na,main_loop_iters,3
U1,500,1,7,HopcroftKarpMatcher,-1,na,total_bfs_edges_visited,758
U1,500,1,7,HopcroftKarpMatcher,-1,na,total_edges_visited,1368
U1,500,1,7,HopcroftKarpMatcher,-1,na,matching_size,274
U1,500,1,7,HopcroftKarpMatcher,-1,na,wall_clock_ms,1.26387
U1,500,1,7,HopcroftKarpMatcher,-1,na,matching_size,274
U1,200,1,1,SimpleAugmentingMatcher,-1,na,wall_clock_ms,0.042326
U1,200,1,1,SimpleAugmentingMatcher,-1,na,matching_size,107
U1,200,1,1,HopcroftKarpMatcher,0,na,paths_found_per_phase,99
U1,200,1,1,HopcroftKarpMatcher,0,na,bfs_edges_visited,200
U1,200,1,1,HopcroftKarpMatcher,0,na,dfs_edges_visited,146
U1,200,1,1,HopcroftKarpMatcher,0,na,defect_at_iteration,101
U1,200,1,1,HopcroftKarpMatcher,1,na,paths_found_per_phase,8
U1,200,1,1,HopcroftKarpMatcher,1,na,bfs_edges_visited,74
U1,200,1,1,HopcroftKarpMatcher,1,na,dfs_edges_visited,71
U1,200,1,1,HopcroftKarpMatcher,1,na,defect_at_iteration,93
U1,200,1,1,HopcroftKarpMatcher,-1,na,phase_count,2
U1,200,1,1,HopcroftKarpMatcher,-1,na,main_loop_iters,2
U1,200,1,1,HopcroftKarpMatcher,-1,na,total_bfs_edges_visited,274
U1,200,1,1,HopcroftKarpMatcher,-1,na,total_edges_visited,491
U1,200,1,1,HopcroftKarpMatcher,-1,na,matching_size,107
U1,200,1,1,HopcroftKarpMatcher,-1,na,wall_clock_ms,0.158347
U1,200,1,1,HopcroftKarpMatcher,-1,na,matching_size,107
U1,500,1.5,1,SimpleAugmentingMatcher,-1,na,wall_clock_ms,27.9543
U1,500,1.5,1,SimpleAugmentingMatcher,-1,na,matching_size,500
U1,500,1.5,1,HopcroftKarpMatcher,0,na,paths_found_per_phase,483
U1,500,1.5,1,HopcroftKarpMatcher,0,na,bfs_edges_visited,11180
U1,500,1.5,1,HopcroftKarpMatcher,0,na,dfs_edges_visited,5567
U1,500,1.5,1,HopcroftKarpMatcher,0,na,defect_at_iteration,17
U1,500,1.5,1,HopcroftKarpMatcher,1,na,paths_found_per_phase,17
U1,500,1.5,1,HopcroftKarpMatcher,1,na,bfs_edges_visited,5712
U1,500,1.5,1,HopcroftKarpMatcher,1,na,dfs_edges_visited,2219
U1,500,1.5,1,HopcroftKarpMatcher,1,na,defect_at_iteration,0
U1,500,1.5,1,HopcroftKarpMatcher,-1,na,phase_count,2
U1,500,1.5,1,HopcroftKarpMatcher,-1,na,main_loop_iters,2
U1,500,1.5,1,HopcroftKarpMatcher,-1,na,total_bfs_edges_visited,16892
U1,500,1.5,1,HopcroftKarpMatcher,-1,na,total_edges_visited,24678
U1,500,1.5,1,HopcroftKarpMatcher,-1,na,matching_size,500
U1,500,1.5,1,HopcroftKarpMatcher,-1,na,wall_clock_ms,1.28711
U1,500,1.5,1,HopcroftKarpMatcher,-1,na,matching_size,500
U1,500,2,9,SimpleAugmentingMatcher,-1,na,wall_clock_ms,42.403
U1,500,2,9,SimpleAugmentingMatcher,-1,na,matching_size,500
U1,500,2,9,HopcroftKarpMatcher,0,na,paths_found_per_phase,500
U1,500,2,9,HopcroftKarpMatcher,0,na,bfs_edges_visited,250000
U1,500,2,9,HopcroftKarpMatcher,0,na,dfs_edges_visited,125250
U1,500,2,9,HopcroftKarpMatcher,0,na,defect_at_iteration,0
U1,500,2,9,HopcroftKarpMatcher,-1,na,phase_count,1
U1,500,2,9,HopcroftKarpMatcher,-1,na,main_loop_iters,1
U1,500,2,9,HopcroftKarpMatcher,-1,na,total_bfs_edges_visited,250000
U1,500,2,9,HopcroftKarpMatcher,-1,na,total_edges_visited,375250
U1,500,2,9,HopcroftKarpMatcher,-1,na,matching_size,500
U1,500,2,9,HopcroftKarpMatcher,-1,na,wall_clock_ms,0.850411
U1,500,2,9,HopcroftKarpMatcher,-1,na,matching_size,500
U1,500,2,1,SimpleAugmentingMatcher,-1,na,wall_clock_ms,36.1645
U1,500,2,1,SimpleAugmentingMatcher,-1,na,matching_size,500
U1,500,2,1,HopcroftKarpMatcher,0,na,paths_found_per_phase,500
U1,500,2,1,HopcroftKarpMatcher,0,na,bfs_edges_visited,250000
U1,500,2,1,HopcroftKarpMatcher,0,na,dfs_edges_visited,125250
U1,500,2,1,HopcroftKarpMatcher,0,na,defect_at_iteration,0
U1,500,2,1,HopcroftKarpMatcher,-1,na,phase_count,1
U1,500,2,1,HopcroftKarpMatcher,-1,na,main_loop_iters,1
U1,500,2,1,HopcroftKarpMatcher,-1,na,total_bfs_edges_visited,250000
U1,500,2,1,HopcroftKarpMatcher,-1,na,total_edges_visited,375250
U1,500,2,1,HopcroftKarpMatcher,-1,na,matching_size,500
U1,500,2,1,HopcroftKarpMatcher,-1,na,wall_clock_ms,0.671449
U1,500,2,1,HopcroftKarpMatcher,-1,na,matching_size,500
U1,5000,1.5,3,SimpleAugmentingMatcher,-1,na,wall_clock_ms,24697.8
U1,5000,1.5,3,SimpleAugmentingMatcher,-1,na,matching_size,5000
U1,5000,1.5,3,HopcroftKarpMatcher,0,na,paths_found_per_phase,4947
U1,5000,1.5,3,HopcroftKarpMatcher,0,na,bfs_edges_visited,353553
U1,5000,1.5,3,HopcroftKarpMatcher,0,na,dfs_edges_visited,176882
U1,5000,1.5,3,HopcroftKarpMatcher,0,na,defect_at_iteration,53
U1,5000,1.5,3,HopcroftKarpMatcher,1,na,paths_found_per_phase,53
U1,5000,1.5,3,HopcroftKarpMatcher,1,na,bfs_edges_visited,190621
U1,5000,1.5,3,HopcroftKarpMatcher,1,na,dfs_edges_visited,29613
U1,5000,1.5,3,HopcroftKarpMatcher,1,na,defect_at_iteration,0
U1,5000,1.5,3,HopcroftKarpMatcher,-1,na,phase_count,2
U1,5000,1.5,3,HopcroftKarpMatcher,-1,na,main_loop_iters,2
U1,5000,1.5,3,HopcroftKarpMatcher,-1,na,total_bfs_edges_visited,544174
U1,5000,1.5,3,HopcroftKarpMatcher,-1,na,total_edges_visited,750669
U1,5000,1.5,3,HopcroftKarpMatcher,-1,na,matching_size,5000
U1,5000,1.5,3,HopcroftKarpMatcher,-1,na,wall_clock_ms,76.7589
U1,5000,1.5,3,HopcroftKarpMatcher,-1,na,matching_size,5000
U1,100,1,3,SimpleAugmentingMatcher,-1,na,wall_clock_ms,0.01598
U1,100,1,3,SimpleAugmentingMatcher,-1,na,matching_size,56
U1,100,1,3,HopcroftKarpMatcher,0,na,paths_found_per_phase,54
U1,100,1,3,HopcroftKarpMatcher,0,na,bfs_edges_visited,100
U1,100,1,3,HopcroftKarpMatcher,0,na,dfs_edges_visited,80
U1,100,1,3,HopcroftKarpMatcher,0,na,defect_at_iteration,46
U1,100,1,3,HopcroftKarpMatcher,1,na,paths_found_per_phase,2
U1,100,1,3,HopcroftKarpMatcher,1,na,bfs_edges_visited,41
U1,100,1,3,HopcroftKarpMatcher,1,na,dfs_edges_visited,43
U1,100,1,3,HopcroftKarpMatcher,1,na,defect_at_iteration,44
U1,100,1,3,HopcroftKarpMatcher,-1,na,phase_count,2
U1,100,1,3,HopcroftKarpMatcher,-1,na,main_loop_iters,2
U1,100,1,3,HopcroftKarpMatcher,-1,na,total_bfs_edges_visited,141
U1,100,1,3,HopcroftKarpMatcher,-1,na,total_edges_visited,264
U1,100,1,3,HopcroftKarpMatcher,-1,na,matching_size,56
U1,100,1,3,HopcroftKarpMatcher,-1,na,wall_clock_ms,0.048405
U1,100,1,3,HopcroftKarpMatcher,-1,na,matching_size,56
U1,100,1,2,SimpleAugmentingMatcher,-1,na,wall_clock_ms,0.019697
U1,100,1,2,SimpleAugmentingMatcher,-1,na,matching_size,55
U1,100,1,2,HopcroftKarpMatcher,0,na,paths_found_per_phase,51
U1,100,1,2,HopcroftKarpMatcher,0,na,bfs_edges_visited,100
U1,100,1,2,HopcroftKarpMatcher,0,na,dfs_edges_visited,76
U1,100,1,2,HopcroftKarpMatcher,0,na,defect_at_iteration,49
U1,100,1,2,HopcroftKarpMatcher,1,na,paths_found_per_phase,3
U1,100,1,2,HopcroftKarpMatcher,1,na,bfs_edges_visited,41
U1,100,1,2,HopcroftKarpMatcher,1,na,dfs_edges_visited,48
U1,100,1,2,HopcroftKarpMatcher,1,na,defect_at_iteration,46
U1,100,1,2,HopcroftKarpMatcher,2,na,paths_found_per_phase,1
U1,100,1,2,HopcroftKarpMatcher,2,na,bfs_edges_visited,39
U1,100,1,2,HopcroftKarpMatcher,2,na,dfs_edges_visited,32
U1,100,1,2,HopcroftKarpMatcher,2,na,defect_at_iteration,45
U1,100,1,2,HopcroftKarpMatcher,-1,na,phase_count,3
U1,100,1,2,HopcroftKarpMatcher,-1,na,main_loop_iters,3
U1,100,1,2,HopcroftKarpMatcher,-1,na,total_bfs_edges_visited,180
U1,100,1,2,HopcroftKarpMatcher,-1,na,total_edges_visited,336
U1,100,1,2,HopcroftKarpMatcher,-1,na,matching_size,55
U1,100,1,2,HopcroftKarpMatcher,-1,na,wall_clock_ms,0.101421
U1,100,1,2,HopcroftKarpMatcher,-1,na,matching_size,55
U1,5000,2,3,SimpleAugmentingMatcher,-1,na,wall_clock_ms,43035.8
U1,5000,2,3,SimpleAugmentingMatcher,-1,na,matching_size,5000
U1,5000,2,3,HopcroftKarpMatcher,0,na,paths_found_per_phase,5000
U1,5000,2,3,HopcroftKarpMatcher,0,na,bfs_edges_visited,2.5e+07
U1,5000,2,3,HopcroftKarpMatcher,0,na,dfs_edges_visited,1.25025e+07
U1,5000,2,3,HopcroftKarpMatcher,0,na,defect_at_iteration,0
U1,5000,2,3,HopcroftKarpMatcher,-1,na,phase_count,1
U1,5000,2,3,HopcroftKarpMatcher,-1,na,main_loop_iters,1
U1,5000,2,3,HopcroftKarpMatcher,-1,na,total_bfs_edges_visited,2.5e+07
U1,5000,2,3,HopcroftKarpMatcher,-1,na,total_edges_visited,3.75025e+07
U1,5000,2,3,HopcroftKarpMatcher,-1,na,matching_size,5000
U1,5000,2,3,HopcroftKarpMatcher,-1,na,wall_clock_ms,80.8035
U1,5000,2,3,HopcroftKarpMatcher,-1,na,matching_size,5000
U1,2000,1,1,SimpleAugmentingMatcher,-1,na,wall_clock_ms,4.68789
U1,2000,1,1,SimpleAugmentingMatcher,-1,na,matching_size,1113
U1,2000,1,1,HopcroftKarpMatcher,0,na,paths_found_per_phase,1045
U1,2000,1,1,HopcroftKarpMatcher,0,na,bfs_edges_visited,2000
U1,2000,1,1,HopcroftKarpMatcher,0,na,dfs_edges_visited,1448
U1,2000,1,1,HopcroftKarpMatcher,0,na,defect_at_iteration,955
U1,2000,1,1,HopcroftKarpMatcher,1,na,paths_found_per_phase,62
U1,2000,1,1,HopcroftKarpMatcher,1,na,bfs_edges_visited,654
U1,2000,1,1,HopcroftKarpMatcher,1,na,dfs_edges_visited,667
U1,2000,1,1,HopcroftKarpMatcher,1,na,defect_at_iteration,893
U1,2000,1,1,HopcroftKarpMatcher,2,na,paths_found_per_phase,5
U1,2000,1,1,HopcroftKarpMatcher,2,na,bfs_edges_visited,444
U1,2000,1,1,HopcroftKarpMatcher,2,na,dfs_edges_visited,466
U1,2000,1,1,HopcroftKarpMatcher,2,na,defect_at_iteration,888
U1,2000,1,1,HopcroftKarpMatcher,3,na,paths_found_per_phase,1
U1,2000,1,1,HopcroftKarpMatcher,3,na,bfs_edges_visited,438
U1,2000,1,1,HopcroftKarpMatcher,3,na,dfs_edges_visited,431
U1,2000,1,1,HopcroftKarpMatcher,3,na,defect_at_iteration,887
U1,2000,1,1,HopcroftKarpMatcher,-1,na,phase_count,4
U1,2000,1,1,HopcroftKarpMatcher,-1,na,main_loop_iters,4
U1,2000,1,1,HopcroftKarpMatcher,-1,na,total_bfs_edges_visited,3536
U1,2000,1,1,HopcroftKarpMatcher,-1,na,total_edges_visited,6548
U1,2000,1,1,HopcroftKarpMatcher,-1,na,matching_size,1113
U1,2000,1,1,HopcroftKarpMatcher,-1,na,wall_clock_ms,29.7757
U1,2000,1,1,HopcroftKarpMatcher,-1,na,matching_size,1113
U1,5000,1.5,2,SimpleAugmentingMatcher,-1,na,wall_clock_ms,30779.7
U1,5000,1.5,2,SimpleAugmentingMatcher,-1,na,matching_size,5000
U1,5000,1.5,2,HopcroftKarpMatcher,0,na,paths_found_per_phase,4957
U1,5000,1.5,2,HopcroftKarpMatcher,0,na,bfs_edges_visited,353553
U1,5000,1.5,2,HopcroftKarpMatcher,0,na,dfs_edges_visited,176909
U1,5000,1.5,2,HopcroftKarpMatcher,0,na,defect_at_iteration,43
U1,5000,1.5,2,HopcroftKarpMatcher,1,na,paths_found_per_phase,43
U1,5000,1.5,2,HopcroftKarpMatcher,1,na,bfs_edges_visited,165325
U1,5000,1.5,2,HopcroftKarpMatcher,1,na,dfs_edges_visited,25333
U1,5000,1.5,2,HopcroftKarpMatcher,1,na,defect_at_iteration,0
U1,5000,1.5,2,HopcroftKarpMatcher,-1,na,phase_count,2
U1,5000,1.5,2,HopcroftKarpMatcher,-1,na,main_loop_iters,2
U1,5000,1.5,2,HopcroftKarpMatcher,-1,na,total_bfs_edges_visited,518878
U1,5000,1.5,2,HopcroftKarpMatcher,-1,na,total_edges_visited,721120
U1,5000,1.5,2,HopcroftKarpMatcher,-1,na,matching_size,5000
U1,5000,1.5,2,HopcroftKarpMatcher,-1,na,wall_clock_ms,97.5344
U1,5000,1.5,2,HopcroftKarpMatcher,-1,na,matching_size,5000
U1,50,2,2,SimpleAugmentingMatcher,-1,na,wall_clock_ms,0.052708
U1,50,2,2,SimpleAugmentingMatcher,-1,na,matching_size,50
U1,50,2,2,HopcroftKarpMatcher,0,na,paths_found_per_phase,50
U1,50,2,2,HopcroftKarpMatcher,0,na,bfs_edges_visited,2500
U1,50,2,2,HopcroftKarpMatcher,0,na,dfs_edges_visited,1275
U1,50,2,2,HopcroftKarpMatcher,0,na,defect_at_iteration,0
U1,50,2,2,HopcroftKarpMatcher,-1,na,phase_count,1
U1,50,2,2,HopcroftKarpMatcher,-1,na,main_loop_iters,1
U1,50,2,2,HopcroftKarpMatcher,-1,na,total_bfs_edges_visited,2500
U1,50,2,2,HopcroftKarpMatcher,-1,na,total_edges_visited,3775
U1,50,2,2,HopcroftKarpMatcher,-1,na,matching_size,50
U1,50,2,2,HopcroftKarpMatcher,-1,na,wall_clock_ms,0.016858
U1,50,2,2,HopcroftKarpMatcher,-1,na,matching_size,50
U1,500,1.5,0,SimpleAugmentingMatcher,-1,na,wall_clock_ms,23.3408
U1,500,1.5,0,SimpleAugmentingMatcher,-1,na,matching_size,500
U1,500,1.5,0,HopcroftKarpMatcher,0,na,paths_found_per_phase,489
U1,500,1.5,0,HopcroftKarpMatcher,0,na,bfs_edges_visited,11180
U1,500,1.5,0,HopcroftKarpMatcher,0,na,dfs_edges_visited,5659
U1,500,1.5,0,HopcroftKarpMatcher,0,na,defect_at_iteration,11
U1,500,1.5,0,HopcroftKarpMatcher,1,na,paths_found_per_phase,11
U1,500,1.5,0,HopcroftKarpMatcher,1,na,bfs_edges_visited,4244
U1,500,1.5,0,HopcroftKarpMatcher,1,na,dfs_edges_visited,2038
U1,500,1.5,0,HopcroftKarpMatcher,1,na,defect_at_iteration,0
U1,500,1.5,0,HopcroftKarpMatcher,-1,na,phase_count,2
U1,500,1.5,0,HopcroftKarpMatcher,-1,na,main_loop_iters,2
U1,500,1.5,0,HopcroftKarpMatcher,-1,na,total_bfs_edges_visited,15424
U1,500,1.5,0,HopcroftKarpMatcher,-1,na,total_edges_visited,23121
U1,500,1.5,0,HopcroftKarpMatcher,-1,na,matching_size,500
U1,500,1.5,0,HopcroftKarpMatcher,-1,na,wall_clock_ms,0.991434
U1,500,1.5,0,HopcroftKarpMatcher,-1,na,matching_size,500
U1,200,1.5,6,SimpleAugmentingMatcher,-1,na,wall_clock_ms,1.46593
U1,200,1.5,6,SimpleAugmentingMatcher,-1,na,matching_size,200
U1,200,1.5,6,HopcroftKarpMatcher,0,na,paths_found_per_phase,191
U1,200,1.5,6,HopcroftKarpMatcher,0,na,bfs_edges_visited,2828
U1,200,1.5,6,HopcroftKarpMatcher,0,na,dfs_edges_visited,1440
U1,200,1.5,6,HopcroftKarpMatcher,0,na,defect_at_iteration,9
U1,200,1.5,6,HopcroftKarpMatcher,1,na,paths_found_per_phase,9
U1,200,1.5,6,HopcroftKarpMatcher,1,na,bfs_edges_visited,1375
U1,200,1.5,6,HopcroftKarpMatcher,1,na,dfs_edges_visited,817
U1,200,1.5,6,HopcroftKarpMatcher,1,na,defect_at_iteration,0
U1,200,1.5,6,HopcroftKarpMatcher,-1,na,phase_count,2
U1,200,1.5,6,HopcroftKarpMatcher,-1,na,main_loop_iters,2
U1,200,1.5,6,HopcroftKarpMatcher,-1,na,total_bfs_edges_visited,4203
U1,200,1.5,6,HopcroftKarpMatcher,-1,na,total_edges_visited,6460
U1,200,1.5,6,HopcroftKarpMatcher,-1,na,matching_size,200
U1,200,1.5,6,HopcroftKarpMatcher,-1,na,wall_clock_ms,0.172599
U1,200,1.5,6,HopcroftKarpMatcher,-1,na,matching_size,200
U1,100,1,9,SimpleAugmentingMatcher,-1,na,wall_clock_ms,0.01339
U1,100,1,9,SimpleAugmentingMatcher,-1,na,matching_size,53
U1,100,1,9,HopcroftKarpMatcher,0,na,paths_found_per_phase,52
U1,100,1,9,HopcroftKarpMatcher,0,na,bfs_edges_visited,100
U1,100,1,9,HopcroftKarpMatcher,0,na,dfs_edges_visited,79
U1,100,1,9,HopcroftKarpMatcher,0,na,defect_at_iteration,48
U1,100,1,9,HopcroftKarpMatcher,1,na,paths_found_per_phase,1
U1,100,1,9,HopcroftKarpMatcher,1,na,bfs_edges_visited,27
U1,100,1,9,HopcroftKarpMatcher,1,na,dfs_edges_visited,31
U1,100,1,9,HopcroftKarpMatcher,1,na,defect_at_iteration,47
U1,100,1,9,HopcroftKarpMatcher,-1,na,phase_count,2
U1,100,1,9,HopcroftKarpMatcher,-1,na,main_loop_iters,2
U1,100,1,9,HopcroftKarpMatcher,-1,na,total_bfs_edges_visited,127
U1,100,1,9,HopcroftKarpMatcher,-1,na,total_edges_visited,237
U1,100,1,9,HopcroftKarpMatcher,-1,na,matching_size,53
U1,100,1,9,HopcroftKarpMatcher,-1,na,wall_clock_ms,0.047716
U1,100,1,9,HopcroftKarpMatcher,-1,na,matching_size,53
U1,100,1,5,SimpleAugmentingMatcher,-1,na,wall_clock_ms,0.014494
U1,100,1,5,SimpleAugmentingMatcher,-1,na,matching_size,56
U1,100,1,5,HopcroftKarpMatcher,0,na,paths_found_per_phase,54
U1,100,1,5,HopcroftKarpMatcher,0,na,bfs_edges_visited,100
U1,100,1,5,HopcroftKarpMatcher,0,na,dfs_edges_visited,75
U1,100,1,5,HopcroftKarpMatcher,0,na,defect_at_iteration,46
U1,100,1,5,HopcroftKarpMatcher,1,na,paths_found_per_phase,2
U1,100,1,5,HopcroftKarpMatcher,1,na,bfs_edges_visited,33
U1,100,1,5,HopcroftKarpMatcher,1,na,dfs_edges_visited,35
U1,100,1,5,HopcroftKarpMatcher,1,na,defect_at_iteration,44
U1,100,1,5,HopcroftKarpMatcher,-1,na,phase_count,2
U1,100,1,5,HopcroftKarpMatcher,-1,na,main_loop_iters,2
U1,100,1,5,HopcroftKarpMatcher,-1,na,total_bfs_edges_visited,133
U1,100,1,5,HopcroftKarpMatcher,-1,na,total_edges_visited,243
U1,100,1,5,HopcroftKarpMatcher,-1,na,matching_size,56
U1,100,1,5,HopcroftKarpMatcher,-1,na,wall_clock_ms,0.047012
U1,100,1,5,HopcroftKarpMatcher,-1,na,matching_size,56
U1,1000,2,5,SimpleAugmentingMatcher,-1,na,wall_clock_ms,306.657
U1,1000,2,5,SimpleAugmentingMatcher,-1,na,matching_size,1000
U1,1000,2,5,HopcroftKarpMatcher,0,na,paths_found_per_phase,1000
U1,1000,2,5,HopcroftKarpMatcher,0,na,bfs_edges_visited,1e+06
U1,1000,2,5,HopcroftKarpMatcher,0,na,dfs_edges_visited,500500
U1,1000,2,5,HopcroftKarpMatcher,0,na,defect_at_iteration,0
U1,1000,2,5,HopcroftKarpMatcher,-1,na,phase_count,1
U1,1000,2,5,HopcroftKarpMatcher,-1,na,main_loop_iters,1
U1,1000,2,5,HopcroftKarpMatcher,-1,na,total_bfs_edges_visited,1e+06
U1,1000,2,5,HopcroftKarpMatcher,-1,na,total_edges_visited,1.5005e+06
U1,1000,2,5,HopcroftKarpMatcher,-1,na,matching_size,1000
U1,1000,2,5,HopcroftKarpMatcher,-1,na,wall_clock_ms,2.63212
U1,1000,2,5,HopcroftKarpMatcher,-1,na,matching_size,1000
U1,100,1.5,9,SimpleAugmentingMatcher,-1,na,wall_clock_ms,0.192087
U1,100,1.5,9,SimpleAugmentingMatcher,-1,na,matching_size,100
U1,100,1.5,9,HopcroftKarpMatcher,0,na,paths_found_per_phase,95
U1,100,1.5,9,HopcroftKarpMatcher,0,na,bfs_edges_visited,1000
U1,100,1.5,9,HopcroftKarpMatcher,0,na,dfs_edges_visited,523
U1,100,1.5,9,HopcroftKarpMatcher,0,na,defect_at_iteration,5
U1,100,1.5,9,HopcroftKarpMatcher,1,na,paths_found_per_phase,5
U1,100,1.5,9,HopcroftKarpMatcher,1,na,bfs_edges_visited,430
U1,100,1.5,9,HopcroftKarpMatcher,1,na,dfs_edges_visited,123
U1,100,1.5,9,HopcroftKarpMatcher,1,na,defect_at_iteration,0
U1,100,1.5,9,HopcroftKarpMatcher,-1,na,phase_count,2
U1,100,1.5,9,HopcroftKarpMatcher,-1,na,main_loop_iters,2
U1,100,1.5,9,HopcroftKarpMatcher,-1,na,total_bfs_edges_visited,1430
U1,100,1.5,9,HopcroftKarpMatcher,-1,na,total_edges_visited,2076
U1,100,1.5,9,HopcroftKarpMatcher,-1,na,matching_size,100
U1,100,1.5,9,HopcroftKarpMatcher,-1,na,wall_clock_ms,0.05164
U1,100,1.5,9,HopcroftKarpMatcher,-1,na,matching_size,100
U1,200,1.5,5,SimpleAugmentingMatcher,-1,na,wall_clock_ms,1.45429
U1,200,1.5,5,SimpleAugmentingMatcher,-1,na,matching_size,200
U1,200,1.5,5,HopcroftKarpMatcher,0,na,paths_found_per_phase,189
U1,200,1.5,5,HopcroftKarpMatcher,0,na,bfs_edges_visited,2828
U1,200,1.5,5,HopcroftKarpMatcher,0,na,dfs_edges_visited,1432
U1,200,1.5,5,HopcroftKarpMatcher,0,na,defect_at_iteration,11
U1,200,1.5,5,HopcroftKarpMatcher,1,na,paths_found_per_phase,10
U1,200,1.5,5,HopcroftKarpMatcher,1,na,bfs_edges_visited,1700
U1,200,1.5,5,HopcroftKarpMatcher,1,na,dfs_edges_visited,1380
U1,200,1.5,5,HopcroftKarpMatcher,1,na,defect_at_iteration,1
U1,200,1.5,5,HopcroftKarpMatcher,2,na,paths_found_per_phase,1
U1,200,1.5,5,HopcroftKarpMatcher,2,na,bfs_edges_visited,1784
U1,200,1.5,5,HopcroftKarpMatcher,2,na,dfs_edges_visited,52
U1,200,1.5,5,HopcroftKarpMatcher,2,na,defect_at_iteration,0
U1,200,1.5,5,HopcroftKarpMatcher,-1,na,phase_count,3
U1,200,1.5,5,HopcroftKarpMatcher,-1,na,main_loop_iters,3
U1,200,1.5,5,HopcroftKarpMatcher,-1,na,total_bfs_edges_visited,6312
U1,200,1.5,5,HopcroftKarpMatcher,-1,na,total_edges_visited,9176
U1,200,1.5,5,HopcroftKarpMatcher,-1,na,matching_size,200
U1,200,1.5,5,HopcroftKarpMatcher,-1,na,wall_clock_ms,0.241166
U1,200,1.5,5,HopcroftKarpMatcher,-1,na,matching_size,200
U1,1000,1.5,4,SimpleAugmentingMatcher,-1,na,wall_clock_ms,221.03
U1,1000,1.5,4,SimpleAugmentingMatcher,-1,na,matching_size,1000
U1,1000,1.5,4,HopcroftKarpMatcher,0,na,paths_found_per_phase,975
U1,1000,1.5,4,HopcroftKarpMatcher,0,na,bfs_edges_visited,31622
U1,1000,1.5,4,HopcroftKarpMatcher,0,na,dfs_edges_visited,15852
U1,1000,1.5,4,HopcroftKarpMatcher,0,na,defect_at_iteration,25
U1,1000,1.5,4,HopcroftKarpMatcher,1,na,paths_found_per_phase,25
U1,1000,1.5,4,HopcroftKarpMatcher,1,na,bfs_edges_visited,17121
U1,1000,1.5,4,HopcroftKarpMatcher,1,na,dfs_edges_visited,5657
U1,1000,1.5,4,HopcroftKarpMatcher,1,na,defect_at_iteration,0
U1,1000,1.5,4,HopcroftKarpMatcher,-1,na,phase_count,2
U1,1000,1.5,4,HopcroftKarpMatcher,-1,na,main_loop_iters,2
U1,1000,1.5,4,HopcroftKarpMatcher,-1,na,total_bfs_edges_visited,48743
U1,1000,1.5,4,HopcroftKarpMatcher,-1,na,total_edges_visited,70252
U1,1000,1.5,4,HopcroftKarpMatcher,-1,na,matching_size,1000
U1,1000,1.5,4,HopcroftKarpMatcher,-1,na,wall_clock_ms,4.73862
U1,1000,1.5,4,HopcroftKarpMatcher,-1,na,matching_size,1000
U1,100,1,1,SimpleAugmentingMatcher,-1,na,wall_clock_ms,0.012851
U1,100,1,1,SimpleAugmentingMatcher,-1,na,matching_size,58
U1,100,1,1,HopcroftKarpMatcher,0,na,paths_found_per_phase,56
U1,100,1,1,HopcroftKarpMatcher,0,na,bfs_edges_visited,100
U1,100,1,1,HopcroftKarpMatcher,0,na,dfs_edges_visited,79
U1,100,1,1,HopcroftKarpMatcher,0,na,defect_at_iteration,44
U1,100,1,1,HopcroftKarpMatcher,1,na,paths_found_per_phase,2
U1,100,1,1,HopcroftKarpMatcher,1,na,bfs_edges_visited,31
U1,100,1,1,HopcroftKarpMatcher,1,na,dfs_edges_visited,36
U1,100,1,1,HopcroftKarpMatcher,1,na,defect_at_iteration,42
U1,100,1,1,HopcroftKarpMatcher,-1,na,phase_count,2
U1,100,1,1,HopcroftKarpMatcher,-1,na,main_loop_iters,2
U1,100,1,1,HopcroftKarpMatcher,-1,na,total_bfs_edges_visited,131
U1,100,1,1,HopcroftKarpMatcher,-1,na,total_edges_visited,246
U1,100,1,1,HopcroftKarpMatcher,-1,na,matching_size,58
U1,100,1,1,HopcroftKarpMatcher,-1,na,wall_clock_ms,0.056831
U1,100,1,1,HopcroftKarpMatcher,-1,na,matching_size,58
U1,100,1.5,6,SimpleAugmentingMatcher,-1,na,wall_clock_ms,0.233267
U1,100,1.5,6,SimpleAugmentingMatcher,-1,na,matching_size,100
U1,100,1.5,6,HopcroftKarpMatcher,0,na,paths_found_per_phase,94
U1,100,1.5,6,HopcroftKarpMatcher,0,na,bfs_edges_visited,1000
U1,100,1.5,6,HopcroftKarpMatcher,0,na,dfs_edges_visited,500
U1,100,1.5,6,HopcroftKarpMatcher,0,na,defect_at_iteration,6
U1,100,1.5,6,HopcroftKarpMatcher,1,na,paths_found_per_phase,6
U1,100,1.5,6,HopcroftKarpMatcher,1,na,bfs_edges_visited,406
U1,100,1.5,6,HopcroftKarpMatcher,1,na,dfs_edges_visited,239
U1,100,1.5,6,HopcroftKarpMatcher,1,na,defect_at_iteration,0
U1,100,1.5,6,HopcroftKarpMatcher,-1,na,phase_count,2
U1,100,1.5,6,HopcroftKarpMatcher,-1,na,main_loop_iters,2
U1,100,1.5,6,HopcroftKarpMatcher,-1,na,total_bfs_edges_visited,1406
U1,100,1.5,6,HopcroftKarpMatcher,-1,na,total_edges_visited,2145
U1,100,1.5,6,HopcroftKarpMatcher,-1,na,matching_size,100
U1,100,1.5,6,HopcroftKarpMatcher,-1,na,wall_clock_ms,0.077204
U1,100,1.5,6,HopcroftKarpMatcher,-1,na,matching_size,100
U1,100,2,6,SimpleAugmentingMatcher,-1,na,wall_clock_ms,0.256719
U1,100,2,6,SimpleAugmentingMatcher,-1,na,matching_size,100
U1,100,2,6,HopcroftKarpMatcher,0,na,paths_found_per_phase,100
U1,100,2,6,HopcroftKarpMatcher,0,na,bfs_edges_visited,10000
U1,100,2,6,HopcroftKarpMatcher,0,na,dfs_edges_visited,5050
U1,100,2,6,HopcroftKarpMatcher,0,na,defect_at_iteration,0
U1,100,2,6,HopcroftKarpMatcher,-1,na,phase_count,1
U1,100,2,6,HopcroftKarpMatcher,-1,na,main_loop_iters,1
U1,100,2,6,HopcroftKarpMatcher,-1,na,total_bfs_edges_visited,10000
U1,100,2,6,HopcroftKarpMatcher,-1,na,total_edges_visited,15050
U1,100,2,6,HopcroftKarpMatcher,-1,na,matching_size,100
U1,100,2,6,HopcroftKarpMatcher,-1,na,wall_clock_ms,0.026605
U1,100,2,6,HopcroftKarpMatcher,-1,na,matching_size,100
U1,5000,2,9,SimpleAugmentingMatcher,-1,na,wall_clock_ms,33014.2
U1,5000,2,9,SimpleAugmentingMatcher,-1,na,matching_size,5000
U1,5000,2,9,HopcroftKarpMatcher,0,na,paths_found_per_phase,5000
U1,5000,2,9,HopcroftKarpMatcher,0,na,bfs_edges_visited,2.5e+07
U1,5000,2,9,HopcroftKarpMatcher,0,na,dfs_edges_visited,1.25025e+07
U1,5000,2,9,HopcroftKarpMatcher,0,na,defect_at_iteration,0
U1,5000,2,9,HopcroftKarpMatcher,-1,na,phase_count,1
U1,5000,2,9,HopcroftKarpMatcher,-1,na,main_loop_iters,1
U1,5000,2,9,HopcroftKarpMatcher,-1,na,total_bfs_edges_visited,2.5e+07
U1,5000,2,9,HopcroftKarpMatcher,-1,na,total_edges_visited,3.75025e+07
U1,5000,2,9,HopcroftKarpMatcher,-1,na,matching_size,5000
U1,5000,2,9,HopcroftKarpMatcher,-1,na,wall_clock_ms,50.121
U1,5000,2,9,HopcroftKarpMatcher,-1,na,matching_size,5000
U1,2000,1,0,SimpleAugmentingMatcher,-1,na,wall_clock_ms,5.82259
U1,2000,1,0,SimpleAugmentingMatcher,-1,na,matching_size,1087
U1,2000,1,0,HopcroftKarpMatcher,0,na,paths_found_per_phase,1015
U1,2000,1,0,HopcroftKarpMatcher,0,na,bfs_edges_visited,2000
U1,2000,1,0,HopcroftKarpMatcher,0,na,dfs_edges_visited,1456
U1,2000,1,0,HopcroftKarpMatcher,0,na,defect_at_iteration,985
U1,2000,1,0,HopcroftKarpMatcher,1,na,paths_found_per_phase,70
U1,2000,1,0,HopcroftKarpMatcher,1,na,bfs_edges_visited,702
U1,2000,1,0,HopcroftKarpMatcher,1,na,dfs_edges_visited,718
U1,2000,1,0,HopcroftKarpMatcher,1,na,defect_at_iteration,915
U1,2000,1,0,HopcroftKarpMatcher,2,na,paths_found_per_phase,2
U1,2000,1,0,HopcroftKarpMatcher,2,na,bfs_edges_visited,464
U1,2000,1,0,HopcroftKarpMatcher,2,na,dfs_edges_visited,470
U1,2000,1,0,HopcroftKarpMatcher,2,na,defect_at_iteration,913
U1,2000,1,0,HopcroftKarpMatcher,-1,na,phase_count,3
U1,2000,1,0,HopcroftKarpMatcher,-1,na,main_loop_iters,3
U1,2000,1,0,HopcroftKarpMatcher,-1,na,total_bfs_edges_visited,3166
U1,2000,1,0,HopcroftKarpMatcher,-1,na,total_edges_visited,5810
U1,2000,1,0,HopcroftKarpMatcher,-1,na,matching_size,1087
U1,2000,1,0,HopcroftKarpMatcher,-1,na,wall_clock_ms,23.5747
U1,2000,1,0,HopcroftKarpMatcher,-1,na,matching_size,1087
U1,50,2,6,SimpleAugmentingMatcher,-1,na,wall_clock_ms,0.053279
U1,50,2,6,SimpleAugmentingMatcher,-1,na,matching_size,50
U1,50,2,6,HopcroftKarpMatcher,0,na,paths_found_per_phase,50
U1,50,2,6,HopcroftKarpMatcher,0,na,bfs_edges_visited,2500
U1,50,2,6,HopcroftKarpMatcher,0,na,dfs_edges_visited,1275
U1,50,2,6,HopcroftKarpMatcher,0,na,defect_at_iteration,0
U1,50,2,6,HopcroftKarpMatcher,-1,na,phase_count,1
U1,50,2,6,HopcroftKarpMatcher,-1,na,main_loop_iters,1
U1,50,2,6,HopcroftKarpMatcher,-1,na,total_bfs_edges_visited,2500
U1,50,2,6,HopcroftKarpMatcher,-1,na,total_edges_visited,3775
U1,50,2,6,HopcroftKarpMatcher,-1,na,matching_size,50
U1,50,2,6,HopcroftKarpMatcher,-1,na,wall_clock_ms,0.016269
U1,50,2,6,HopcroftKarpMatcher,-1,na,matching_size,50
U1,100,2,5,SimpleAugmentingMatcher,-1,na,wall_clock_ms,0.374643
U1,100,2,5,SimpleAugmentingMatcher,-1,na,matching_size,100
U1,100,2,5,HopcroftKarpMatcher,0,na,paths_found_per_phase,100
U1,100,2,5,HopcroftKarpMatcher,0,na,bfs_edges_visited,10000
U1,100,2,5,HopcroftKarpMatcher,0,na,dfs_edges_visited,5050
U1,100,2,5,HopcroftKarpMatcher,0,na,defect_at_iteration,0
U1,100,2,5,HopcroftKarpMatcher,-1,na,phase_count,1
U1,100,2,5,HopcroftKarpMatcher,-1,na,main_loop_iters,1
U1,100,2,5,HopcroftKarpMatcher,-1,na,total_bfs_edges_visited,10000
U1,100,2,5,HopcroftKarpMatcher,-1,na,total_edges_visited,15050
U1,100,2,5,HopcroftKarpMatcher,-1,na,matching_size,100
U1,100,2,5,HopcroftKarpMatcher,-1,na,wall_clock_ms,0.042541
U1,100,2,5,HopcroftKarpMatcher,-1,na,matching_size,100
U1,50,2,9,SimpleAugmentingMatcher,-1,na,wall_clock_ms,0.034986
U1,50,2,9,SimpleAugmentingMatcher,-1,na,matching_size,50
U1,50,2,9,HopcroftKarpMatcher,0,na,paths_found_per_phase,50
U1,50,2,9,HopcroftKarpMatcher,0,na,bfs_edges_visited,2500
U1,50,2,9,HopcroftKarpMatcher,0,na,dfs_edges_visited,1275
U1,50,2,9,HopcroftKarpMatcher,0,na,defect_at_iteration,0
U1,50,2,9,HopcroftKarpMatcher,-1,na,phase_count,1
U1,50,2,9,HopcroftKarpMatcher,-1,na,main_loop_iters,1
U1,50,2,9,HopcroftKarpMatcher,-1,na,total_bfs_edges_visited,2500
U1,50,2,9,HopcroftKarpMatcher,-1,na,total_edges_visited,3775
U1,50,2,9,HopcroftKarpMatcher,-1,na,matching_size,50
U1,50,2,9,HopcroftKarpMatcher,-1,na,wall_clock_ms,0.010846
U1,50,2,9,HopcroftKarpMatcher,-1,na,matching_size,50
U1,2000,1.5,2,SimpleAugmentingMatcher,-1,na,wall_clock_ms,1544.58
U1,2000,1.5,2,SimpleAugmentingMatcher,-1,na,matching_size,2000
U1,2000,1.5,2,HopcroftKarpMatcher,0,na,paths_found_per_phase,1975
U1,2000,1.5,2,HopcroftKarpMatcher,0,na,bfs_edges_visited,89442
U1,2000,1.5,2,HopcroftKarpMatcher,0,na,dfs_edges_visited,44751
U1,2000,1.5,2,HopcroftKarpMatcher,0,na,defect_at_iteration,25
U1,2000,1.5,2,HopcroftKarpMatcher,1,na,paths_found_per_phase,25
U1,2000,1.5,2,HopcroftKarpMatcher,1,na,bfs_edges_visited,39401
U1,2000,1.5,2,HopcroftKarpMatcher,1,na,dfs_edges_visited,6685
U1,2000,1.5,2,HopcroftKarpMatcher,1,na,defect_at_iteration,0
U1,2000,1.5,2,HopcroftKarpMatcher,-1,na,phase_count,2
U1,2000,1.5,2,HopcroftKarpMatcher,-1,na,main_loop_iters,2
U1,2000,1.5,2,HopcroftKarpMatcher,-1,na,total_bfs_edges_visited,128843
U1,2000,1.5,2,HopcroftKarpMatcher,-1,na,total_edges_visited,180279
U1,2000,1.5,2,HopcroftKarpMatcher,-1,na,matching_size,2000
U1,2000,1.5,2,HopcroftKarpMatcher,-1,na,wall_clock_ms,12.4918
U1,2000,1.5,2,HopcroftKarpMatcher,-1,na,matching_size,2000
U1,200,2,1,SimpleAugmentingMatcher,-1,na,wall_clock_ms,2.07336
U1,200,2,1,SimpleAugmentingMatcher,-1,na,matching_size,200
U1,200,2,1,HopcroftKarpMatcher,0,na,paths_found_per_phase,200
U1,200,2,1,HopcroftKarpMatcher,0,na,bfs_edges_visited,40000
U1,200,2,1,HopcroftKarpMatcher,0,na,dfs_edges_visited,20100
U1,200,2,1,HopcroftKarpMatcher,0,na,defect_at_iteration,0
U1,200,2,1,HopcroftKarpMatcher,-1,na,phase_count,1
U1,200,2,1,HopcroftKarpMatcher,-1,na,main_loop_iters,1
U1,200,2,1,HopcroftKarpMatcher,-1,na,total_bfs_edges_visited,40000
U1,200,2,1,HopcroftKarpMatcher,-1,na,total_edges_visited,60100
U1,200,2,1,HopcroftKarpMatcher,-1,na,matching_size,200
U1,200,2,1,HopcroftKarpMatcher,-1,na,wall_clock_ms,0.098142
U1,200,2,1,HopcroftKarpMatcher,-1,na,matching_size,200
U1,2000,2,2,SimpleAugmentingMatcher,-1,na,wall_clock_ms,2406.65
U1,2000,2,2,SimpleAugmentingMatcher,-1,na,matching_size,2000
U1,2000,2,2,HopcroftKarpMatcher,0,na,paths_found_per_phase,2000
U1,2000,2,2,HopcroftKarpMatcher,0,na,bfs_edges_visited,4e+06
U1,2000,2,2,HopcroftKarpMatcher,0,na,dfs_edges_visited,2.001e+06
U1,2000,2,2,HopcroftKarpMatcher,0,na,defect_at_iteration,0
U1,2000,2,2,HopcroftKarpMatcher,-1,na,phase_count,1
U1,2000,2,2,HopcroftKarpMatcher,-1,na,main_loop_iters,1
U1,2000,2,2,HopcroftKarpMatcher,-1,na,total_bfs_edges_visited,4e+06
U1,2000,2,2,HopcroftKarpMatcher,-1,na,total_edges_visited,6.001e+06
U1,2000,2,2,HopcroftKarpMatcher,-1,na,matching_size,2000
U1,2000,2,2,HopcroftKarpMatcher,-1,na,wall_clock_ms,10.4309
U1,2000,2,2,HopcroftKarpMatcher,-1,na,matching_size,2000
U1,1000,1,1,SimpleAugmentingMatcher,-1,na,wall_clock_ms,1.23521
U1,1000,1,1,SimpleAugmentingMatcher,-1,na,matching_size,552
U1,1000,1,1,HopcroftKarpMatcher,0,na,paths_found_per_phase,523
U1,1000,1,1,HopcroftKarpMatcher,0,na,bfs_edges_visited,1000
U1,1000,1,1,HopcroftKarpMatcher,0,na,dfs_edges_visited,722
U1,1000,1,1,HopcroftKarpMatcher,0,na,defect_at_iteration,477
U1,1000,1,1,HopcroftKarpMatcher,1,na,paths_found_per_phase,29
U1,1000,1,1,HopcroftKarpMatcher,1,na,bfs_edges_visited,294
U1,1000,1,1,HopcroftKarpMatcher,1,na,dfs_edges_visited,320
U1,1000,1,1,HopcroftKarpMatcher,1,na,defect_at_iteration,448
U1,1000,1,1,HopcroftKarpMatcher,-1,na,phase_count,2
U1,1000,1,1,HopcroftKarpMatcher,-1,na,main_loop_iters,2
U1,1000,1,1,HopcroftKarpMatcher,-1,na,total_bfs_edges_visited,1294
U1,1000,1,1,HopcroftKarpMatcher,-1,na,total_edges_visited,2336
U1,1000,1,1,HopcroftKarpMatcher,-1,na,matching_size,552
U1,1000,1,1,HopcroftKarpMatcher,-1,na,wall_clock_ms,4.13384
U1,1000,1,1,HopcroftKarpMatcher,-1,na,matching_size,552
U1,1000,1.5,1,SimpleAugmentingMatcher,-1,na,wall_clock_ms,237.975
U1,1000,1.5,1,SimpleAugmentingMatcher,-1,na,matching_size,1000
U1,1000,1.5,1,HopcroftKarpMatcher,0,na,paths_found_per_phase,978
U1,1000,1.5,1,HopcroftKarpMatcher,0,na,bfs_edges_visited,31622
U1,1000,1.5,1,HopcroftKarpMatcher,0,na,dfs_edges_visited,15845
U1,1000,1.5,1,HopcroftKarpMatcher,0,na,defect_at_iteration,22
U1,1000,1.5,1,HopcroftKarpMatcher,1,na,paths_found_per_phase,22
U1,1000,1.5,1,HopcroftKarpMatcher,1,na,bfs_edges_visited,16414
U1,1000,1.5,1,HopcroftKarpMatcher,1,na,dfs_edges_visited,6547
U1,1000,1.5,1,HopcroftKarpMatcher,1,na,defect_at_iteration,0
U1,1000,1.5,1,HopcroftKarpMatcher,-1,na,phase_count,2
U1,1000,1.5,1,HopcroftKarpMatcher,-1,na,main_loop_iters,2
U1,1000,1.5,1,HopcroftKarpMatcher,-1,na,total_bfs_edges_visited,48036
U1,1000,1.5,1,HopcroftKarpMatcher,-1,na,total_edges_visited,70428
U1,1000,1.5,1,HopcroftKarpMatcher,-1,na,matching_size,1000
U1,1000,1.5,1,HopcroftKarpMatcher,-1,na,wall_clock_ms,3.76969
U1,1000,1.5,1,HopcroftKarpMatcher,-1,na,matching_size,1000
U1,50,1,0,SimpleAugmentingMatcher,-1,na,wall_clock_ms,0.004846
U1,50,1,0,SimpleAugmentingMatcher,-1,na,matching_size,26
U1,50,1,0,HopcroftKarpMatcher,0,na,paths_found_per_phase,25
U1,50,1,0,HopcroftKarpMatcher,0,na,bfs_edges_visited,50
U1,50,1,0,HopcroftKarpMatcher,0,na,dfs_edges_visited,40
U1,50,1,0,HopcroftKarpMatcher,0,na,defect_at_iteration,25
U1,50,1,0,HopcroftKarpMatcher,1,na,paths_found_per_phase,1
U1,50,1,0,HopcroftKarpMatcher,1,na,bfs_edges_visited,23
U1,50,1,0,HopcroftKarpMatcher,1,na,dfs_edges_visited,23
U1,50,1,0,HopcroftKarpMatcher,1,na,defect_at_iteration,24
U1,50,1,0,HopcroftKarpMatcher,-1,na,phase_count,2
U1,50,1,0,HopcroftKarpMatcher,-1,na,main_loop_iters,2
U1,50,1,0,HopcroftKarpMatcher,-1,na,total_bfs_edges_visited,73
U1,50,1,0,HopcroftKarpMatcher,-1,na,total_edges_visited,136
U1,50,1,0,HopcroftKarpMatcher,-1,na,matching_size,26
U1,50,1,0,HopcroftKarpMatcher,-1,na,wall_clock_ms,0.025181
U1,50,1,0,HopcroftKarpMatcher,-1,na,matching_size,26
U1,2000,1,4,SimpleAugmentingMatcher,-1,na,wall_clock_ms,5.95768
U1,2000,1,4,SimpleAugmentingMatcher,-1,na,matching_size,1076
U1,2000,1,4,HopcroftKarpMatcher,0,na,paths_found_per_phase,1000
U1,2000,1,4,HopcroftKarpMatcher,0,na,bfs_edges_visited,2000
U1,2000,1,4,HopcroftKarpMatcher,0,na,dfs_edges_visited,1435
U1,2000,1,4,HopcroftKarpMatcher,0,na,defect_at_iteration,1000
U1,2000,1,4,HopcroftKarpMatcher,1,na,paths_found_per_phase,73
U1,2000,1,4,HopcroftKarpMatcher,1,na,bfs_edges_visited,702
U1,2000,1,4,HopcroftKarpMatcher,1,na,dfs_edges_visited,733
U1,2000,1,4,HopcroftKarpMatcher,1,na,defect_at_iteration,927
U1,2000,1,4,HopcroftKarpMatcher,2,na,paths_found_per_phase,3
U1,2000,1,4,HopcroftKarpMatcher,2,na,bfs_edges_visited,482
U1,2000,1,4,HopcroftKarpMatcher,2,na,dfs_edges_visited,493
U1,2000,1,4,HopcroftKarpMatcher,2,na,defect_at_iteration,924
U1,2000,1,4,HopcroftKarpMatcher,-1,na,phase_count,3
U1,2000,1,4,HopcroftKarpMatcher,-1,na,main_loop_iters,3
U1,2000,1,4,HopcroftKarpMatcher,-1,na,total_bfs_edges_visited,3184
U1,2000,1,4,HopcroftKarpMatcher,-1,na,total_edges_visited,5845
U1,2000,1,4,HopcroftKarpMatcher,-1,na,matching_size,1076
U1,2000,1,4,HopcroftKarpMatcher,-1,na,wall_clock_ms,31.7349
U1,2000,1,4,HopcroftKarpMatcher,-1,na,matching_size,1076
U1,5000,1,4,SimpleAugmentingMatcher,-1,na,wall_clock_ms,31.0836
U1,5000,1,4,SimpleAugmentingMatcher,-1,na,matching_size,2746
U1,5000,1,4,HopcroftKarpMatcher,0,na,paths_found_per_phase,2578
U1,5000,1,4,HopcroftKarpMatcher,0,na,bfs_edges_visited,5000
U1,5000,1,4,HopcroftKarpMatcher,0,na,dfs_edges_visited,3689
U1,5000,1,4,HopcroftKarpMatcher,0,na,defect_at_iteration,2422
U1,5000,1,4,HopcroftKarpMatcher,1,na,paths_found_per_phase,164
U1,5000,1,4,HopcroftKarpMatcher,1,na,bfs_edges_visited,1791
U1,5000,1,4,HopcroftKarpMatcher,1,na,dfs_edges_visited,1851
U1,5000,1,4,HopcroftKarpMatcher,1,na,defect_at_iteration,2258
U1,5000,1,4,HopcroftKarpMatcher,2,na,paths_found_per_phase,4
U1,5000,1,4,HopcroftKarpMatcher,2,na,bfs_edges_visited,1294
U1,5000,1,4,HopcroftKarpMatcher,2,na,dfs_edges_visited,1295
U1,5000,1,4,HopcroftKarpMatcher,2,na,defect_at_iteration,2254
U1,5000,1,4,HopcroftKarpMatcher,-1,na,phase_count,3
U1,5000,1,4,HopcroftKarpMatcher,-1,na,main_loop_iters,3
U1,5000,1,4,HopcroftKarpMatcher,-1,na,total_bfs_edges_visited,8085
U1,5000,1,4,HopcroftKarpMatcher,-1,na,total_edges_visited,14920
U1,5000,1,4,HopcroftKarpMatcher,-1,na,matching_size,2746
U1,5000,1,4,HopcroftKarpMatcher,-1,na,wall_clock_ms,146.268
U1,5000,1,4,HopcroftKarpMatcher,-1,na,matching_size,2746
U1,5000,2,2,SimpleAugmentingMatcher,-1,na,wall_clock_ms,41364.7
U1,5000,2,2,SimpleAugmentingMatcher,-1,na,matching_size,5000
U1,5000,2,2,HopcroftKarpMatcher,0,na,paths_found_per_phase,5000
U1,5000,2,2,HopcroftKarpMatcher,0,na,bfs_edges_visited,2.5e+07
U1,5000,2,2,HopcroftKarpMatcher,0,na,dfs_edges_visited,1.25025e+07
U1,5000,2,2,HopcroftKarpMatcher,0,na,defect_at_iteration,0
U1,5000,2,2,HopcroftKarpMatcher,-1,na,phase_count,1
U1,5000,2,2,HopcroftKarpMatcher,-1,na,main_loop_iters,1
U1,5000,2,2,HopcroftKarpMatcher,-1,na,total_bfs_edges_visited,2.5e+07
U1,5000,2,2,HopcroftKarpMatcher,-1,na,total_edges_visited,3.75025e+07
U1,5000,2,2,HopcroftKarpMatcher,-1,na,matching_size,5000
U1,5000,2,2,HopcroftKarpMatcher,-1,na,wall_clock_ms,64.917
U1,5000,2,2,HopcroftKarpMatcher,-1,na,matching_size,5000
U1,2000,2,3,SimpleAugmentingMatcher,-1,na,wall_clock_ms,2571.31
U1,2000,2,3,SimpleAugmentingMatcher,-1,na,matching_size,2000
U1,2000,2,3,HopcroftKarpMatcher,0,na,paths_found_per_phase,2000
U1,2000,2,3,HopcroftKarpMatcher,0,na,bfs_edges_visited,4e+06
U1,2000,2,3,HopcroftKarpMatcher,0,na,dfs_edges_visited,2.001e+06
U1,2000,2,3,HopcroftKarpMatcher,0,na,defect_at_iteration,0
U1,2000,2,3,HopcroftKarpMatcher,-1,na,phase_count,1
U1,2000,2,3,HopcroftKarpMatcher,-1,na,main_loop_iters,1
U1,2000,2,3,HopcroftKarpMatcher,-1,na,total_bfs_edges_visited,4e+06
U1,2000,2,3,HopcroftKarpMatcher,-1,na,total_edges_visited,6.001e+06
U1,2000,2,3,HopcroftKarpMatcher,-1,na,matching_size,2000
U1,2000,2,3,HopcroftKarpMatcher,-1,na,wall_clock_ms,12.9664
U1,2000,2,3,HopcroftKarpMatcher,-1,na,matching_size,2000
U1,1000,1,3,SimpleAugmentingMatcher,-1,na,wall_clock_ms,1.40033
U1,1000,1,3,SimpleAugmentingMatcher,-1,na,matching_size,551
U1,1000,1,3,HopcroftKarpMatcher,0,na,paths_found_per_phase,519
U1,1000,1,3,HopcroftKarpMatcher,0,na,bfs_edges_visited,1000
U1,1000,1,3,HopcroftKarpMatcher,0,na,dfs_edges_visited,731
U1,1000,1,3,HopcroftKarpMatcher,0,na,defect_at_iteration,481
U1,1000,1,3,HopcroftKarpMatcher,1,na,paths_found_per_phase,31
U1,1000,1,3,HopcroftKarpMatcher,1,na,bfs_edges_visited,339
U1,1000,1,3,HopcroftKarpMatcher,1,na,dfs_edges_visited,347
U1,1000,1,3,HopcroftKarpMatcher,1,na,defect_at_iteration,450
U1,1000,1,3,HopcroftKarpMatcher,2,na,paths_found_per_phase,1
U1,1000,1,3,HopcroftKarpMatcher,2,na,bfs_edges_visited,243
U1,1000,1,3,HopcroftKarpMatcher,2,na,dfs_edges_visited,242
U1,1000,1,3,HopcroftKarpMatcher,2,na,defect_at_iteration,449
U1,1000,1,3,HopcroftKarpMatcher,-1,na,phase_count,3
U1,1000,1,3,HopcroftKarpMatcher,-1,na,main_loop_iters,3
U1,1000,1,3,HopcroftKarpMatcher,-1,na,total_bfs_edges_visited,1582
U1,1000,1,3,HopcroftKarpMatcher,-1,na,total_edges_visited,2902
U1,1000,1,3,HopcroftKarpMatcher,-1,na,matching_size,551
U1,1000,1,3,HopcroftKarpMatcher,-1,na,wall_clock_ms,7.64365
U1,1000,1,3,HopcroftKarpMatcher,-1,na,matching_size,551
U1,2000,2,5,SimpleAugmentingMatcher,-1,na,wall_clock_ms,2573.63
U1,2000,2,5,SimpleAugmentingMatcher,-1,na,matching_size,2000
U1,2000,2,5,HopcroftKarpMatcher,0,na,paths_found_per_phase,2000
U1,2000,2,5,HopcroftKarpMatcher,0,na,bfs_edges_visited,4e+06
U1,2000,2,5,HopcroftKarpMatcher,0,na,dfs_edges_visited,2.001e+06
U1,2000,2,5,HopcroftKarpMatcher,0,na,defect_at_iteration,0
U1,2000,2,5,HopcroftKarpMatcher,-1,na,phase_count,1
U1,2000,2,5,HopcroftKarpMatcher,-1,na,main_loop_iters,1
U1,2000,2,5,HopcroftKarpMatcher,-1,na,total_bfs_edges_visited,4e+06
U1,2000,2,5,HopcroftKarpMatcher,-1,na,total_edges_visited,6.001e+06
U1,2000,2,5,HopcroftKarpMatcher,-1,na,matching_size,2000
U1,2000,2,5,HopcroftKarpMatcher,-1,na,wall_clock_ms,13.0787
U1,2000,2,5,HopcroftKarpMatcher,-1,na,matching_size,2000
U1,500,1.5,7,SimpleAugmentingMatcher,-1,na,wall_clock_ms,30.7393
U1,500,1.5,7,SimpleAugmentingMatcher,-1,na,matching_size,500
U1,500,1.5,7,HopcroftKarpMatcher,0,na,paths_found_per_phase,483
U1,500,1.5,7,HopcroftKarpMatcher,0,na,bfs_edges_visited,11180
U1,500,1.5,7,HopcroftKarpMatcher,0,na,dfs_edges_visited,5610
U1,500,1.5,7,HopcroftKarpMatcher,0,na,defect_at_iteration,17
U1,500,1.5,7,HopcroftKarpMatcher,1,na,paths_found_per_phase,17
U1,500,1.5,7,HopcroftKarpMatcher,1,na,bfs_edges_visited,6323
U1,500,1.5,7,HopcroftKarpMatcher,1,na,dfs_edges_visited,1302
U1,500,1.5,7,HopcroftKarpMatcher,1,na,defect_at_iteration,0
U1,500,1.5,7,HopcroftKarpMatcher,-1,na,phase_count,2
U1,500,1.5,7,HopcroftKarpMatcher,-1,na,main_loop_iters,2
U1,500,1.5,7,HopcroftKarpMatcher,-1,na,total_bfs_edges_visited,17503
U1,500,1.5,7,HopcroftKarpMatcher,-1,na,total_edges_visited,24415
U1,500,1.5,7,HopcroftKarpMatcher,-1,na,matching_size,500
U1,500,1.5,7,HopcroftKarpMatcher,-1,na,wall_clock_ms,1.2819
U1,500,1.5,7,HopcroftKarpMatcher,-1,na,matching_size,500
U1,200,1.5,4,SimpleAugmentingMatcher,-1,na,wall_clock_ms,1.68091
U1,200,1.5,4,SimpleAugmentingMatcher,-1,na,matching_size,200
U1,200,1.5,4,HopcroftKarpMatcher,0,na,paths_found_per_phase,191
U1,200,1.5,4,HopcroftKarpMatcher,0,na,bfs_edges_visited,2828
U1,200,1.5,4,HopcroftKarpMatcher,0,na,dfs_edges_visited,1387
U1,200,1.5,4,HopcroftKarpMatcher,0,na,defect_at_iteration,9
U1,200,1.5,4,HopcroftKarpMatcher,1,na,paths_found_per_phase,9
U1,200,1.5,4,HopcroftKarpMatcher,1,na,bfs_edges_visited,1324
U1,200,1.5,4,HopcroftKarpMatcher,1,na,dfs_edges_visited,669
U1,200,1.5,4,HopcroftKarpMatcher,1,na,defect_at_iteration,0
U1,200,1.5,4,HopcroftKarpMatcher,-1,na,phase_count,2
U1,200,1.5,4,HopcroftKarpMatcher,-1,na,main_loop_iters,2
U1,200,1.5,4,HopcroftKarpMatcher,-1,na,total_bfs_edges_visited,4152
U1,200,1.5,4,HopcroftKarpMatcher,-1,na,total_edges_visited,6208
U1,200,1.5,4,HopcroftKarpMatcher,-1,na,matching_size,200
U1,200,1.5,4,HopcroftKarpMatcher,-1,na,wall_clock_ms,0.247791
U1,200,1.5,4,HopcroftKarpMatcher,-1,na,matching_size,200
U1,500,1,9,SimpleAugmentingMatcher,-1,na,wall_clock_ms,0.293288
U1,500,1,9,SimpleAugmentingMatcher,-1,na,matching_size,270
U1,500,1,9,HopcroftKarpMatcher,0,na,paths_found_per_phase,253
U1,500,1,9,HopcroftKarpMatcher,0,na,bfs_edges_visited,500
U1,500,1,9,HopcroftKarpMatcher,0,na,dfs_edges_visited,363
U1,500,1,9,HopcroftKarpMatcher,0,na,defect_at_iteration,247
U1,500,1,9,HopcroftKarpMatcher,1,na,paths_found_per_phase,14
U1,500,1,9,HopcroftKarpMatcher,1,na,bfs_edges_visited,155
U1,500,1,9,HopcroftKarpMatcher,1,na,dfs_edges_visited,161
U1,500,1,9,HopcroftKarpMatcher,1,na,defect_at_iteration,233
U1,500,1,9,HopcroftKarpMatcher,2,na,paths_found_per_phase,2
U1,500,1,9,HopcroftKarpMatcher,2,na,bfs_edges_visited,121
U1,500,1,9,HopcroftKarpMatcher,2,na,dfs_edges_visited,125
U1,500,1,9,HopcroftKarpMatcher,2,na,defect_at_iteration,231
U1,500,1,9,HopcroftKarpMatcher,3,na,paths_found_per_phase,1
U1,500,1,9,HopcroftKarpMatcher,3,na,bfs_edges_visited,112
U1,500,1,9,HopcroftKarpMatcher,3,na,dfs_edges_visited,109
U1,500,1,9,HopcroftKarpMatcher,3,na,defect_at_iteration,230
U1,500,1,9,HopcroftKarpMatcher,-1,na,phase_count,4
U1,500,1,9,HopcroftKarpMatcher,-1,na,main_loop_iters,4
U1,500,1,9,HopcroftKarpMatcher,-1,na,total_bfs_edges_visited,888
U1,500,1,9,HopcroftKarpMatcher,-1,na,total_edges_visited,1646
U1,500,1,9,HopcroftKarpMatcher,-1,na,matching_size,270
U1,500,1,9,HopcroftKarpMatcher,-1,na,wall_clock_ms,1.66942
U1,500,1,9,HopcroftKarpMatcher,-1,na,matching_size,270
U1,5000,1,3,SimpleAugmentingMatcher,-1,na,wall_clock_ms,35.468
U1,5000,1,3,SimpleAugmentingMatcher,-1,na,matching_size,2711
U1,5000,1,3,HopcroftKarpMatcher,0,na,paths_found_per_phase,2551
U1,5000,1,3,HopcroftKarpMatcher,0,na,bfs_edges_visited,5000
U1,5000,1,3,HopcroftKarpMatcher,0,na,dfs_edges_visited,3632
U1,5000,1,3,HopcroftKarpMatcher,0,na,defect_at_iteration,2449
U1,5000,1,3,HopcroftKarpMatcher,1,na,paths_found_per_phase,153
U1,5000,1,3,HopcroftKarpMatcher,1,na,bfs_edges_visited,1685
U1,5000,1,3,HopcroftKarpMatcher,1,na,dfs_edges_visited,1738
U1,5000,1,3,HopcroftKarpMatcher,1,na,defect_at_iteration,2296
U1,5000,1,3,HopcroftKarpMatcher,2,na,paths_found_per_phase,7
U1,5000,1,3,HopcroftKarpMatcher,2,na,bfs_edges_visited,1222
U1,5000,1,3,HopcroftKarpMatcher,2,na,dfs_edges_visited,1265
U1,5000,1,3,HopcroftKarpMatcher,2,na,defect_at_iteration,2289
U1,5000,1,3,HopcroftKarpMatcher,-1,na,phase_count,3
U1,5000,1,3,HopcroftKarpMatcher,-1,na,main_loop_iters,3
U1,5000,1,3,HopcroftKarpMatcher,-1,na,total_bfs_edges_visited,7907
U1,5000,1,3,HopcroftKarpMatcher,-1,na,total_edges_visited,14542
U1,5000,1,3,HopcroftKarpMatcher,-1,na,matching_size,2711
U1,5000,1,3,HopcroftKarpMatcher,-1,na,wall_clock_ms,202.717
U1,5000,1,3,HopcroftKarpMatcher,-1,na,matching_size,2711
U1,100,2,7,SimpleAugmentingMatcher,-1,na,wall_clock_ms,0.316818
U1,100,2,7,SimpleAugmentingMatcher,-1,na,matching_size,100
U1,100,2,7,HopcroftKarpMatcher,0,na,paths_found_per_phase,100
U1,100,2,7,HopcroftKarpMatcher,0,na,bfs_edges_visited,10000
U1,100,2,7,HopcroftKarpMatcher,0,na,dfs_edges_visited,5050
U1,100,2,7,HopcroftKarpMatcher,0,na,defect_at_iteration,0
U1,100,2,7,HopcroftKarpMatcher,-1,na,phase_count,1
U1,100,2,7,HopcroftKarpMatcher,-1,na,main_loop_iters,1
U1,100,2,7,HopcroftKarpMatcher,-1,na,total_bfs_edges_visited,10000
U1,100,2,7,HopcroftKarpMatcher,-1,na,total_edges_visited,15050
U1,100,2,7,HopcroftKarpMatcher,-1,na,matching_size,100
U1,100,2,7,HopcroftKarpMatcher,-1,na,wall_clock_ms,0.026468
U1,100,2,7,HopcroftKarpMatcher,-1,na,matching_size,100
U1,2000,1.5,3,SimpleAugmentingMatcher,-1,na,wall_clock_ms,1543.03
U1,2000,1.5,3,SimpleAugmentingMatcher,-1,na,matching_size,2000
U1,2000,1.5,3,HopcroftKarpMatcher,0,na,paths_found_per_phase,1971
U1,2000,1.5,3,HopcroftKarpMatcher,0,na,bfs_edges_visited,89442
U1,2000,1.5,3,HopcroftKarpMatcher,0,na,dfs_edges_visited,45014
U1,2000,1.5,3,HopcroftKarpMatcher,0,na,defect_at_iteration,29
U1,2000,1.5,3,HopcroftKarpMatcher,1,na,paths_found_per_phase,29
U1,2000,1.5,3,HopcroftKarpMatcher,1,na,bfs_edges_visited,44158
U1,2000,1.5,3,HopcroftKarpMatcher,1,na,dfs_edges_visited,9666
U1,2000,1.5,3,HopcroftKarpMatcher,1,na,defect_at_iteration,0
U1,2000,1.5,3,HopcroftKarpMatcher,-1,na,phase_count,2
U1,2000,1.5,3,HopcroftKarpMatcher,-1,na,main_loop_iters,2
U1,2000,1.5,3,HopcroftKarpMatcher,-1,na,total_bfs_edges_visited,133600
U1,2000,1.5,3,HopcroftKarpMatcher,-1,na,total_edges_visited,188280
U1,2000,1.5,3,HopcroftKarpMatcher,-1,na,matching_size,2000
U1,2000,1.5,3,HopcroftKarpMatcher,-1,na,wall_clock_ms,13.1132
U1,2000,1.5,3,HopcroftKarpMatcher,-1,na,matching_size,2000
U1,50,1,1,SimpleAugmentingMatcher,-1,na,wall_clock_ms,0.005353
U1,50,1,1,SimpleAugmentingMatcher,-1,na,matching_size,24
U1,50,1,1,HopcroftKarpMatcher,0,na,paths_found_per_phase,23
U1,50,1,1,HopcroftKarpMatcher,0,na,bfs_edges_visited,50
U1,50,1,1,HopcroftKarpMatcher,0,na,dfs_edges_visited,42
U1,50,1,1,HopcroftKarpMatcher,0,na,defect_at_iteration,27
U1,50,1,1,HopcroftKarpMatcher,1,na,paths_found_per_phase,1
U1,50,1,1,HopcroftKarpMatcher,1,na,bfs_edges_visited,18
U1,50,1,1,HopcroftKarpMatcher,1,na,dfs_edges_visited,16
U1,50,1,1,HopcroftKarpMatcher,1,na,defect_at_iteration,26
U1,50,1,1,HopcroftKarpMatcher,-1,na,phase_count,2
U1,50,1,1,HopcroftKarpMatcher,-1,na,main_loop_iters,2
U1,50,1,1,HopcroftKarpMatcher,-1,na,total_bfs_edges_visited,68
U1,50,1,1,HopcroftKarpMatcher,-1,na,total_edges_visited,126
U1,50,1,1,HopcroftKarpMatcher,-1,na,matching_size,24
U1,50,1,1,HopcroftKarpMatcher,-1,na,wall_clock_ms,0.021435
U1,50,1,1,HopcroftKarpMatcher,-1,na,matching_size,24
U1,2000,2,9,SimpleAugmentingMatcher,-1,na,wall_clock_ms,2636.88
U1,2000,2,9,SimpleAugmentingMatcher,-1,na,matching_size,2000
U1,2000,2,9,HopcroftKarpMatcher,0,na,paths_found_per_phase,2000
U1,2000,2,9,HopcroftKarpMatcher,0,na,bfs_edges_visited,4e+06
U1,2000,2,9,HopcroftKarpMatcher,0,na,dfs_edges_visited,2.001e+06
U1,2000,2,9,HopcroftKarpMatcher,0,na,defect_at_iteration,0
U1,2000,2,9,HopcroftKarpMatcher,-1,na,phase_count,1
U1,2000,2,9,HopcroftKarpMatcher,-1,na,main_loop_iters,1
U1,2000,2,9,HopcroftKarpMatcher,-1,na,total_bfs_edges_visited,4e+06
U1,2000,2,9,HopcroftKarpMatcher,-1,na,total_edges_visited,6.001e+06
U1,2000,2,9,HopcroftKarpMatcher,-1,na,matching_size,2000
U1,2000,2,9,HopcroftKarpMatcher,-1,na,wall_clock_ms,10.4364
U1,2000,2,9,HopcroftKarpMatcher,-1,na,matching_size,2000
U1,5000,2,0,SimpleAugmentingMatcher,-1,na,wall_clock_ms,35313.1
U1,5000,2,0,SimpleAugmentingMatcher,-1,na,matching_size,5000
U1,5000,2,0,HopcroftKarpMatcher,0,na,paths_found_per_phase,5000
U1,5000,2,0,HopcroftKarpMatcher,0,na,bfs_edges_visited,2.5e+07
U1,5000,2,0,HopcroftKarpMatcher,0,na,dfs_edges_visited,1.25025e+07
U1,5000,2,0,HopcroftKarpMatcher,0,na,defect_at_iteration,0
U1,5000,2,0,HopcroftKarpMatcher,-1,na,phase_count,1
U1,5000,2,0,HopcroftKarpMatcher,-1,na,main_loop_iters,1
U1,5000,2,0,HopcroftKarpMatcher,-1,na,total_bfs_edges_visited,2.5e+07
U1,5000,2,0,HopcroftKarpMatcher,-1,na,total_edges_visited,3.75025e+07
U1,5000,2,0,HopcroftKarpMatcher,-1,na,matching_size,5000
U1,5000,2,0,HopcroftKarpMatcher,-1,na,wall_clock_ms,76.9424
U1,5000,2,0,HopcroftKarpMatcher,-1,na,matching_size,5000
U1,100,2,4,SimpleAugmentingMatcher,-1,na,wall_clock_ms,0.310894
U1,100,2,4,SimpleAugmentingMatcher,-1,na,matching_size,100
U1,100,2,4,HopcroftKarpMatcher,0,na,paths_found_per_phase,100
U1,100,2,4,HopcroftKarpMatcher,0,na,bfs_edges_visited,10000
U1,100,2,4,HopcroftKarpMatcher,0,na,dfs_edges_visited,5050
U1,100,2,4,HopcroftKarpMatcher,0,na,defect_at_iteration,0
U1,100,2,4,HopcroftKarpMatcher,-1,na,phase_count,1
U1,100,2,4,HopcroftKarpMatcher,-1,na,main_loop_iters,1
U1,100,2,4,HopcroftKarpMatcher,-1,na,total_bfs_edges_visited,10000
U1,100,2,4,HopcroftKarpMatcher,-1,na,total_edges_visited,15050
U1,100,2,4,HopcroftKarpMatcher,-1,na,matching_size,100
U1,100,2,4,HopcroftKarpMatcher,-1,na,wall_clock_ms,0.035267
U1,100,2,4,HopcroftKarpMatcher,-1,na,matching_size,100
U1,1000,1,6,SimpleAugmentingMatcher,-1,na,wall_clock_ms,1.46766
U1,1000,1,6,SimpleAugmentingMatcher,-1,na,matching_size,534
U1,1000,1,6,HopcroftKarpMatcher,0,na,paths_found_per_phase,495
U1,1000,1,6,HopcroftKarpMatcher,0,na,bfs_edges_visited,1000
U1,1000,1,6,HopcroftKarpMatcher,0,na,dfs_edges_visited,706
U1,1000,1,6,HopcroftKarpMatcher,0,na,defect_at_iteration,505
U1,1000,1,6,HopcroftKarpMatcher,1,na,paths_found_per_phase,37
U1,1000,1,6,HopcroftKarpMatcher,1,na,bfs_edges_visited,378
U1,1000,1,6,HopcroftKarpMatcher,1,na,dfs_edges_visited,394
U1,1000,1,6,HopcroftKarpMatcher,1,na,defect_at_iteration,468
U1,1000,1,6,HopcroftKarpMatcher,2,na,paths_found_per_phase,2
U1,1000,1,6,HopcroftKarpMatcher,2,na,bfs_edges_visited,266
U1,1000,1,6,HopcroftKarpMatcher,2,na,dfs_edges_visited,278
U1,1000,1,6,HopcroftKarpMatcher,2,na,defect_at_iteration,466
U1,1000,1,6,HopcroftKarpMatcher,-1,na,phase_count,3
U1,1000,1,6,HopcroftKarpMatcher,-1,na,main_loop_iters,3
U1,1000,1,6,HopcroftKarpMatcher,-1,na,total_bfs_edges_visited,1644
U1,1000,1,6,HopcroftKarpMatcher,-1,na,total_edges_visited,3022
U1,1000,1,6,HopcroftKarpMatcher,-1,na,matching_size,534
U1,1000,1,6,HopcroftKarpMatcher,-1,na,wall_clock_ms,8.0043
U1,1000,1,6,HopcroftKarpMatcher,-1,na,matching_size,534
U1,200,1.5,8,SimpleAugmentingMatcher,-1,na,wall_clock_ms,1.39502
U1,200,1.5,8,SimpleAugmentingMatcher,-1,na,matching_size,200
U1,200,1.5,8,HopcroftKarpMatcher,0,na,paths_found_per_phase,191
U1,200,1.5,8,HopcroftKarpMatcher,0,na,bfs_edges_visited,2828
U1,200,1.5,8,HopcroftKarpMatcher,0,na,dfs_edges_visited,1429
U1,200,1.5,8,HopcroftKarpMatcher,0,na,defect_at_iteration,9
U1,200,1.5,8,HopcroftKarpMatcher,1,na,paths_found_per_phase,9
U1,200,1.5,8,HopcroftKarpMatcher,1,na,bfs_edges_visited,1254
U1,200,1.5,8,HopcroftKarpMatcher,1,na,dfs_edges_visited,1063
U1,200,1.5,8,HopcroftKarpMatcher,1,na,defect_at_iteration,0
U1,200,1.5,8,HopcroftKarpMatcher,-1,na,phase_count,2
U1,200,1.5,8,HopcroftKarpMatcher,-1,na,main_loop_iters,2
U1,200,1.5,8,HopcroftKarpMatcher,-1,na,total_bfs_edges_visited,4082
U1,200,1.5,8,HopcroftKarpMatcher,-1,na,total_edges_visited,6574
U1,200,1.5,8,HopcroftKarpMatcher,-1,na,matching_size,200
U1,200,1.5,8,HopcroftKarpMatcher,-1,na,wall_clock_ms,0.202526
U1,200,1.5,8,HopcroftKarpMatcher,-1,na,matching_size,200
U1,200,2,0,SimpleAugmentingMatcher,-1,na,wall_clock_ms,2.83728
U1,200,2,0,SimpleAugmentingMatcher,-1,na,matching_size,200
U1,200,2,0,HopcroftKarpMatcher,0,na,paths_found_per_phase,200
U1,200,2,0,HopcroftKarpMatcher,0,na,bfs_edges_visited,40000
U1,200,2,0,HopcroftKarpMatcher,0,na,dfs_edges_visited,20100
U1,200,2,0,HopcroftKarpMatcher,0,na,defect_at_iteration,0
U1,200,2,0,HopcroftKarpMatcher,-1,na,phase_count,1
U1,200,2,0,HopcroftKarpMatcher,-1,na,main_loop_iters,1
U1,200,2,0,HopcroftKarpMatcher,-1,na,total_bfs_edges_visited,40000
U1,200,2,0,HopcroftKarpMatcher,-1,na,total_edges_visited,60100
U1,200,2,0,HopcroftKarpMatcher,-1,na,matching_size,200
U1,200,2,0,HopcroftKarpMatcher,-1,na,wall_clock_ms,0.146587
U1,200,2,0,HopcroftKarpMatcher,-1,na,matching_size,200
U1,200,1.5,7,SimpleAugmentingMatcher,-1,na,wall_clock_ms,1.74325
U1,200,1.5,7,SimpleAugmentingMatcher,-1,na,matching_size,200
U1,200,1.5,7,HopcroftKarpMatcher,0,na,paths_found_per_phase,189
U1,200,1.5,7,HopcroftKarpMatcher,0,na,bfs_edges_visited,2828
U1,200,1.5,7,HopcroftKarpMatcher,0,na,dfs_edges_visited,1436
U1,200,1.5,7,HopcroftKarpMatcher,0,na,defect_at_iteration,11
U1,200,1.5,7,HopcroftKarpMatcher,1,na,paths_found_per_phase,11
U1,200,1.5,7,HopcroftKarpMatcher,1,na,bfs_edges_visited,1546
U1,200,1.5,7,HopcroftKarpMatcher,1,na,dfs_edges_visited,1030
U1,200,1.5,7,HopcroftKarpMatcher,1,na,defect_at_iteration,0
U1,200,1.5,7,HopcroftKarpMatcher,-1,na,phase_count,2
U1,200,1.5,7,HopcroftKarpMatcher,-1,na,main_loop_iters,2
U1,200,1.5,7,HopcroftKarpMatcher,-1,na,total_bfs_edges_visited,4374
U1,200,1.5,7,HopcroftKarpMatcher,-1,na,total_edges_visited,6840
U1,200,1.5,7,HopcroftKarpMatcher,-1,na,matching_size,200
U1,200,1.5,7,HopcroftKarpMatcher,-1,na,wall_clock_ms,0.273777
U1,200,1.5,7,HopcroftKarpMatcher,-1,na,matching_size,200
U1,500,1,8,SimpleAugmentingMatcher,-1,na,wall_clock_ms,0.347308
U1,500,1,8,SimpleAugmentingMatcher,-1,na,matching_size,273
U1,500,1,8,HopcroftKarpMatcher,0,na,paths_found_per_phase,252
U1,500,1,8,HopcroftKarpMatcher,0,na,bfs_edges_visited,500
U1,500,1,8,HopcroftKarpMatcher,0,na,dfs_edges_visited,355
U1,500,1,8,HopcroftKarpMatcher,0,na,defect_at_iteration,248
U1,500,1,8,HopcroftKarpMatcher,1,na,paths_found_per_phase,20
U1,500,1,8,HopcroftKarpMatcher,1,na,bfs_edges_visited,172
U1,500,1,8,HopcroftKarpMatcher,1,na,dfs_edges_visited,169
U1,500,1,8,HopcroftKarpMatcher,1,na,defect_at_iteration,228
U1,500,1,8,HopcroftKarpMatcher,2,na,paths_found_per_phase,1
U1,500,1,8,HopcroftKarpMatcher,2,na,bfs_edges_visited,110
U1,500,1,8,HopcroftKarpMatcher,2,na,dfs_edges_visited,107
U1,500,1,8,HopcroftKarpMatcher,2,na,defect_at_iteration,227
U1,500,1,8,HopcroftKarpMatcher,-1,na,phase_count,3
U1,500,1,8,HopcroftKarpMatcher,-1,na,main_loop_iters,3
U1,500,1,8,HopcroftKarpMatcher,-1,na,total_bfs_edges_visited,782
U1,500,1,8,HopcroftKarpMatcher,-1,na,total_edges_visited,1413
U1,500,1,8,HopcroftKarpMatcher,-1,na,matching_size,273
U1,500,1,8,HopcroftKarpMatcher,-1,na,wall_clock_ms,1.97344
U1,500,1,8,HopcroftKarpMatcher,-1,na,matching_size,273
U1,5000,2,1,SimpleAugmentingMatcher,-1,na,wall_clock_ms,35080.7
U1,5000,2,1,SimpleAugmentingMatcher,-1,na,matching_size,5000
U1,5000,2,1,HopcroftKarpMatcher,0,na,paths_found_per_phase,5000
U1,5000,2,1,HopcroftKarpMatcher,0,na,bfs_edges_visited,2.5e+07
U1,5000,2,1,HopcroftKarpMatcher,0,na,dfs_edges_visited,1.25025e+07
U1,5000,2,1,HopcroftKarpMatcher,0,na,defect_at_iteration,0
U1,5000,2,1,HopcroftKarpMatcher,-1,na,phase_count,1
U1,5000,2,1,HopcroftKarpMatcher,-1,na,main_loop_iters,1
U1,5000,2,1,HopcroftKarpMatcher,-1,na,total_bfs_edges_visited,2.5e+07
U1,5000,2,1,HopcroftKarpMatcher,-1,na,total_edges_visited,3.75025e+07
U1,5000,2,1,HopcroftKarpMatcher,-1,na,matching_size,5000
U1,5000,2,1,HopcroftKarpMatcher,-1,na,wall_clock_ms,64.9207
U1,5000,2,1,HopcroftKarpMatcher,-1,na,matching_size,5000
U1,2000,1.5,6,SimpleAugmentingMatcher,-1,na,wall_clock_ms,1543.88
U1,2000,1.5,6,SimpleAugmentingMatcher,-1,na,matching_size,2000
U1,2000,1.5,6,HopcroftKarpMatcher,0,na,paths_found_per_phase,1972
U1,2000,1.5,6,HopcroftKarpMatcher,0,na,bfs_edges_visited,89442
U1,2000,1.5,6,HopcroftKarpMatcher,0,na,dfs_edges_visited,44807
U1,2000,1.5,6,HopcroftKarpMatcher,0,na,defect_at_iteration,28
U1,2000,1.5,6,HopcroftKarpMatcher,1,na,paths_found_per_phase,28
U1,2000,1.5,6,HopcroftKarpMatcher,1,na,bfs_edges_visited,41435
U1,2000,1.5,6,HopcroftKarpMatcher,1,na,dfs_edges_visited,7186
U1,2000,1.5,6,HopcroftKarpMatcher,1,na,defect_at_iteration,0
U1,2000,1.5,6,HopcroftKarpMatcher,-1,na,phase_count,2
U1,2000,1.5,6,HopcroftKarpMatcher,-1,na,main_loop_iters,2
U1,2000,1.5,6,HopcroftKarpMatcher,-1,na,total_bfs_edges_visited,130877
U1,2000,1.5,6,HopcroftKarpMatcher,-1,na,total_edges_visited,182870
U1,2000,1.5,6,HopcroftKarpMatcher,-1,na,matching_size,2000
U1,2000,1.5,6,HopcroftKarpMatcher,-1,na,wall_clock_ms,12.7704
U1,2000,1.5,6,HopcroftKarpMatcher,-1,na,matching_size,2000
U1,50,1,7,SimpleAugmentingMatcher,-1,na,wall_clock_ms,0.005867
U1,50,1,7,SimpleAugmentingMatcher,-1,na,matching_size,28
U1,50,1,7,HopcroftKarpMatcher,0,na,paths_found_per_phase,25
U1,50,1,7,HopcroftKarpMatcher,0,na,bfs_edges_visited,50
U1,50,1,7,HopcroftKarpMatcher,0,na,dfs_edges_visited,36
U1,50,1,7,HopcroftKarpMatcher,0,na,defect_at_iteration,25
U1,50,1,7,HopcroftKarpMatcher,1,na,paths_found_per_phase,3
U1,50,1,7,HopcroftKarpMatcher,1,na,bfs_edges_visited,15
U1,50,1,7,HopcroftKarpMatcher,1,na,dfs_edges_visited,17
U1,50,1,7,HopcroftKarpMatcher,1,na,defect_at_iteration,22
U1,50,1,7,HopcroftKarpMatcher,-1,na,phase_count,2
U1,50,1,7,HopcroftKarpMatcher,-1,na,main_loop_iters,2
U1,50,1,7,HopcroftKarpMatcher,-1,na,total_bfs_edges_visited,65
U1,50,1,7,HopcroftKarpMatcher,-1,na,total_edges_visited,118
U1,50,1,7,HopcroftKarpMatcher,-1,na,matching_size,28
U1,50,1,7,HopcroftKarpMatcher,-1,na,wall_clock_ms,0.026439
U1,50,1,7,HopcroftKarpMatcher,-1,na,matching_size,28
U1,2000,1,6,SimpleAugmentingMatcher,-1,na,wall_clock_ms,5.23333
U1,2000,1,6,SimpleAugmentingMatcher,-1,na,matching_size,1096
U1,2000,1,6,HopcroftKarpMatcher,0,na,paths_found_per_phase,1023
U1,2000,1,6,HopcroftKarpMatcher,0,na,bfs_edges_visited,2000
U1,2000,1,6,HopcroftKarpMatcher,0,na,dfs_edges_visited,1461
U1,2000,1,6,HopcroftKarpMatcher,0,na,defect_at_iteration,977
U1,2000,1,6,HopcroftKarpMatcher,1,na,paths_found_per_phase,70
U1,2000,1,6,HopcroftKarpMatcher,1,na,bfs_edges_visited,686
U1,2000,1,6,HopcroftKarpMatcher,1,na,dfs_edges_visited,730
U1,2000,1,6,HopcroftKarpMatcher,1,na,defect_at_iteration,907
U1,2000,1,6,HopcroftKarpMatcher,2,na,paths_found_per_phase,3
U1,2000,1,6,HopcroftKarpMatcher,2,na,bfs_edges_visited,494
U1,2000,1,6,HopcroftKarpMatcher,2,na,dfs_edges_visited,515
U1,2000,1,6,HopcroftKarpMatcher,2,na,defect_at_iteration,904
U1,2000,1,6,HopcroftKarpMatcher,-1,na,phase_count,3
U1,2000,1,6,HopcroftKarpMatcher,-1,na,main_loop_iters,3
U1,2000,1,6,HopcroftKarpMatcher,-1,na,total_bfs_edges_visited,3180
U1,2000,1,6,HopcroftKarpMatcher,-1,na,total_edges_visited,5886
U1,2000,1,6,HopcroftKarpMatcher,-1,na,matching_size,1096
U1,2000,1,6,HopcroftKarpMatcher,-1,na,wall_clock_ms,23.612
U1,2000,1,6,HopcroftKarpMatcher,-1,na,matching_size,1096
U1,500,1.5,2,SimpleAugmentingMatcher,-1,na,wall_clock_ms,26.9538
U1,500,1.5,2,SimpleAugmentingMatcher,-1,na,matching_size,500
U1,500,1.5,2,HopcroftKarpMatcher,0,na,paths_found_per_phase,484
U1,500,1.5,2,HopcroftKarpMatcher,0,na,bfs_edges_visited,11180
U1,500,1.5,2,HopcroftKarpMatcher,0,na,dfs_edges_visited,5613
U1,500,1.5,2,HopcroftKarpMatcher,0,na,defect_at_iteration,16
U1,500,1.5,2,HopcroftKarpMatcher,1,na,paths_found_per_phase,16
U1,500,1.5,2,HopcroftKarpMatcher,1,na,bfs_edges_visited,5895
U1,500,1.5,2,HopcroftKarpMatcher,1,na,dfs_edges_visited,1759
U1,500,1.5,2,HopcroftKarpMatcher,1,na,defect_at_iteration,0
U1,500,1.5,2,HopcroftKarpMatcher,-1,na,phase_count,2
U1,500,1.5,2,HopcroftKarpMatcher,-1,na,main_loop_iters,2
U1,500,1.5,2,HopcroftKarpMatcher,-1,na,total_bfs_edges_visited,17075
U1,500,1.5,2,HopcroftKarpMatcher,-1,na,total_edges_visited,24447
U1,500,1.5,2,HopcroftKarpMatcher,-1,na,matching_size,500
U1,500,1.5,2,HopcroftKarpMatcher,-1,na,wall_clock_ms,1.26738
U1,500,1.5,2,HopcroftKarpMatcher,-1,na,matching_size,500
U1,200,2,5,SimpleAugmentingMatcher,-1,na,wall_clock_ms,2.81731
U1,200,2,5,SimpleAugmentingMatcher,-1,na,matching_size,200
U1,200,2,5,HopcroftKarpMatcher,0,na,paths_found_per_phase,200
U1,200,2,5,HopcroftKarpMatcher,0,na,bfs_edges_visited,40000
U1,200,2,5,HopcroftKarpMatcher,0,na,dfs_edges_visited,20100
U1,200,2,5,HopcroftKarpMatcher,0,na,defect_at_iteration,0
U1,200,2,5,HopcroftKarpMatcher,-1,na,phase_count,1
U1,200,2,5,HopcroftKarpMatcher,-1,na,main_loop_iters,1
U1,200,2,5,HopcroftKarpMatcher,-1,na,total_bfs_edges_visited,40000
U1,200,2,5,HopcroftKarpMatcher,-1,na,total_edges_visited,60100
U1,200,2,5,HopcroftKarpMatcher,-1,na,matching_size,200
U1,200,2,5,HopcroftKarpMatcher,-1,na,wall_clock_ms,0.151993
U1,200,2,5,HopcroftKarpMatcher,-1,na,matching_size,200
U1,1000,1.5,7,SimpleAugmentingMatcher,-1,na,wall_clock_ms,219.612
U1,1000,1.5,7,SimpleAugmentingMatcher,-1,na,matching_size,1000
U1,1000,1.5,7,HopcroftKarpMatcher,0,na,paths_found_per_phase,977
U1,1000,1.5,7,HopcroftKarpMatcher,0,na,bfs_edges_visited,31622
U1,1000,1.5,7,HopcroftKarpMatcher,0,na,dfs_edges_visited,15842
U1,1000,1.5,7,HopcroftKarpMatcher,0,na,defect_at_iteration,23
U1,1000,1.5,7,HopcroftKarpMatcher,1,na,paths_found_per_phase,23
U1,1000,1.5,7,HopcroftKarpMatcher,1,na,bfs_edges_visited,16287
U1,1000,1.5,7,HopcroftKarpMatcher,1,na,dfs_edges_visited,4339
U1,1000,1.5,7,HopcroftKarpMatcher,1,na,defect_at_iteration,0
U1,1000,1.5,7,HopcroftKarpMatcher,-1,na,phase_count,2
U1,1000,1.5,7,HopcroftKarpMatcher,-1,na,main_loop_iters,2
U1,1000,1.5,7,HopcroftKarpMatcher,-1,na,total_bfs_edges_visited,47909
U1,1000,1.5,7,HopcroftKarpMatcher,-1,na,total_edges_visited,68090
U1,1000,1.5,7,HopcroftKarpMatcher,-1,na,matching_size,1000
U1,1000,1.5,7,HopcroftKarpMatcher,-1,na,wall_clock_ms,3.63877
U1,1000,1.5,7,HopcroftKarpMatcher,-1,na,matching_size,1000
U1,5000,2,6,SimpleAugmentingMatcher,-1,na,wall_clock_ms,35084.8
U1,5000,2,6,SimpleAugmentingMatcher,-1,na,matching_size,5000
U1,5000,2,6,HopcroftKarpMatcher,0,na,paths_found_per_phase,5000
U1,5000,2,6,HopcroftKarpMatcher,0,na,bfs_edges_visited,2.5e+07
U1,5000,2,6,HopcroftKarpMatcher,0,na,dfs_edges_visited,1.25025e+07
U1,5000,2,6,HopcroftKarpMatcher,0,na,defect_at_iteration,0
U1,5000,2,6,HopcroftKarpMatcher,-1,na,phase_count,1
U1,5000,2,6,HopcroftKarpMatcher,-1,na,main_loop_iters,1
U1,5000,2,6,HopcroftKarpMatcher,-1,na,total_bfs_edges_visited,2.5e+07
U1,5000,2,6,HopcroftKarpMatcher,-1,na,total_edges_visited,3.75025e+07
U1,5000,2,6,HopcroftKarpMatcher,-1,na,matching_size,5000
U1,5000,2,6,HopcroftKarpMatcher,-1,na,wall_clock_ms,65.0442
U1,5000,2,6,HopcroftKarpMatcher,-1,na,matching_size,5000
U1,500,1.5,5,SimpleAugmentingMatcher,-1,na,wall_clock_ms,23.8507
U1,500,1.5,5,SimpleAugmentingMatcher,-1,na,matching_size,500
U1,500,1.5,5,HopcroftKarpMatcher,0,na,paths_found_per_phase,486
U1,500,1.5,5,HopcroftKarpMatcher,0,na,bfs_edges_visited,11180
U1,500,1.5,5,HopcroftKarpMatcher,0,na,dfs_edges_visited,5625
U1,500,1.5,5,HopcroftKarpMatcher,0,na,defect_at_iteration,14
U1,500,1.5,5,HopcroftKarpMatcher,1,na,paths_found_per_phase,14
U1,500,1.5,5,HopcroftKarpMatcher,1,na,bfs_edges_visited,5241
U1,500,1.5,5,HopcroftKarpMatcher,1,na,dfs_edges_visited,1596
U1,500,1.5,5,HopcroftKarpMatcher,1,na,defect_at_iteration,0
U1,500,1.5,5,HopcroftKarpMatcher,-1,na,phase_count,2
U1,500,1.5,5,HopcroftKarpMatcher,-1,na,main_loop_iters,2
U1,500,1.5,5,HopcroftKarpMatcher,-1,na,total_bfs_edges_visited,16421
U1,500,1.5,5,HopcroftKarpMatcher,-1,na,total_edges_visited,23642
U1,500,1.5,5,HopcroftKarpMatcher,-1,na,matching_size,500
U1,500,1.5,5,HopcroftKarpMatcher,-1,na,wall_clock_ms,0.967959
U1,500,1.5,5,HopcroftKarpMatcher,-1,na,matching_size,500
U1,1000,2,1,SimpleAugmentingMatcher,-1,na,wall_clock_ms,326.174
U1,1000,2,1,SimpleAugmentingMatcher,-1,na,matching_size,1000
U1,1000,2,1,HopcroftKarpMatcher,0,na,paths_found_per_phase,1000
U1,1000,2,1,HopcroftKarpMatcher,0,na,bfs_edges_visited,1e+06
U1,1000,2,1,HopcroftKarpMatcher,0,na,dfs_edges_visited,500500
U1,1000,2,1,HopcroftKarpMatcher,0,na,defect_at_iteration,0
U1,1000,2,1,HopcroftKarpMatcher,-1,na,phase_count,1
U1,1000,2,1,HopcroftKarpMatcher,-1,na,main_loop_iters,1
U1,1000,2,1,HopcroftKarpMatcher,-1,na,total_bfs_edges_visited,1e+06
U1,1000,2,1,HopcroftKarpMatcher,-1,na,total_edges_visited,1.5005e+06
U1,1000,2,1,HopcroftKarpMatcher,-1,na,matching_size,1000
U1,1000,2,1,HopcroftKarpMatcher,-1,na,wall_clock_ms,2.62609
U1,1000,2,1,HopcroftKarpMatcher,-1,na,matching_size,1000
U1,200,1,7,SimpleAugmentingMatcher,-1,na,wall_clock_ms,0.040796
U1,200,1,7,SimpleAugmentingMatcher,-1,na,matching_size,112
U1,200,1,7,HopcroftKarpMatcher,0,na,paths_found_per_phase,109
U1,200,1,7,HopcroftKarpMatcher,0,na,bfs_edges_visited,200
U1,200,1,7,HopcroftKarpMatcher,0,na,dfs_edges_visited,146
U1,200,1,7,HopcroftKarpMatcher,0,na,defect_at_iteration,91
U1,200,1,7,HopcroftKarpMatcher,1,na,paths_found_per_phase,2
U1,200,1,7,HopcroftKarpMatcher,1,na,bfs_edges_visited,49
U1,200,1,7,HopcroftKarpMatcher,1,na,dfs_edges_visited,53
U1,200,1,7,HopcroftKarpMatcher,1,na,defect_at_iteration,89
U1,200,1,7,HopcroftKarpMatcher,2,na,paths_found_per_phase,1
U1,200,1,7,HopcroftKarpMatcher,2,na,bfs_edges_visited,46
U1,200,1,7,HopcroftKarpMatcher,2,na,dfs_edges_visited,43
U1,200,1,7,HopcroftKarpMatcher,2,na,defect_at_iteration,88
U1,200,1,7,HopcroftKarpMatcher,-1,na,phase_count,3
U1,200,1,7,HopcroftKarpMatcher,-1,na,main_loop_iters,3
U1,200,1,7,HopcroftKarpMatcher,-1,na,total_bfs_edges_visited,295
U1,200,1,7,HopcroftKarpMatcher,-1,na,total_edges_visited,537
U1,200,1,7,HopcroftKarpMatcher,-1,na,matching_size,112
U1,200,1,7,HopcroftKarpMatcher,-1,na,wall_clock_ms,0.200682
U1,200,1,7,HopcroftKarpMatcher,-1,na,matching_size,112
U1,50,1.5,9,SimpleAugmentingMatcher,-1,na,wall_clock_ms,0.037538
U1,50,1.5,9,SimpleAugmentingMatcher,-1,na,matching_size,50
U1,50,1.5,9,HopcroftKarpMatcher,0,na,paths_found_per_phase,46
U1,50,1.5,9,HopcroftKarpMatcher,0,na,bfs_edges_visited,353
U1,50,1.5,9,HopcroftKarpMatcher,0,na,dfs_edges_visited,172
U1,50,1.5,9,HopcroftKarpMatcher,0,na,defect_at_iteration,4
U1,50,1.5,9,HopcroftKarpMatcher,1,na,paths_found_per_phase,4
U1,50,1.5,9,HopcroftKarpMatcher,1,na,bfs_edges_visited,129
U1,50,1.5,9,HopcroftKarpMatcher,1,na,dfs_edges_visited,153
U1,50,1.5,9,HopcroftKarpMatcher,1,na,defect_at_iteration,0
U1,50,1.5,9,HopcroftKarpMatcher,-1,na,phase_count,2
U1,50,1.5,9,HopcroftKarpMatcher,-1,na,main_loop_iters,2
U1,50,1.5,9,HopcroftKarpMatcher,-1,na,total_bfs_edges_visited,482
U1,50,1.5,9,HopcroftKarpMatcher,-1,na,total_edges_visited,807
U1,50,1.5,9,HopcroftKarpMatcher,-1,na,matching_size,50
U1,50,1.5,9,HopcroftKarpMatcher,-1,na,wall_clock_ms,0.022626
U1,50,1.5,9,HopcroftKarpMatcher,-1,na,matching_size,50
U1,50,1.5,3,SimpleAugmentingMatcher,-1,na,wall_clock_ms,0.038863
U1,50,1.5,3,SimpleAugmentingMatcher,-1,na,matching_size,50
U1,50,1.5,3,HopcroftKarpMatcher,0,na,paths_found_per_phase,47
U1,50,1.5,3,HopcroftKarpMatcher,0,na,bfs_edges_visited,353
U1,50,1.5,3,HopcroftKarpMatcher,0,na,dfs_edges_visited,190
U1,50,1.5,3,HopcroftKarpMatcher,0,na,defect_at_iteration,3
U1,50,1.5,3,HopcroftKarpMatcher,1,na,paths_found_per_phase,3
U1,50,1.5,3,HopcroftKarpMatcher,1,na,bfs_edges_visited,96
U1,50,1.5,3,HopcroftKarpMatcher,1,na,dfs_edges_visited,88
U1,50,1.5,3,HopcroftKarpMatcher,1,na,defect_at_iteration,0
U1,50,1.5,3,HopcroftKarpMatcher,-1,na,phase_count,2
U1,50,1.5,3,HopcroftKarpMatcher,-1,na,main_loop_iters,2
U1,50,1.5,3,HopcroftKarpMatcher,-1,na,total_bfs_edges_visited,449
U1,50,1.5,3,HopcroftKarpMatcher,-1,na,total_edges_visited,727
U1,50,1.5,3,HopcroftKarpMatcher,-1,na,matching_size,50
U1,50,1.5,3,HopcroftKarpMatcher,-1,na,wall_clock_ms,0.021404
U1,50,1.5,3,HopcroftKarpMatcher,-1,na,matching_size,50
U1,100,2,0,SimpleAugmentingMatcher,-1,na,wall_clock_ms,0.39151
U1,100,2,0,SimpleAugmentingMatcher,-1,na,matching_size,100
U1,100,2,0,HopcroftKarpMatcher,0,na,paths_found_per_phase,100
U1,100,2,0,HopcroftKarpMatcher,0,na,bfs_edges_visited,10000
U1,100,2,0,HopcroftKarpMatcher,0,na,dfs_edges_visited,5050
U1,100,2,0,HopcroftKarpMatcher,0,na,defect_at_iteration,0
U1,100,2,0,HopcroftKarpMatcher,-1,na,phase_count,1
U1,100,2,0,HopcroftKarpMatcher,-1,na,main_loop_iters,1
U1,100,2,0,HopcroftKarpMatcher,-1,na,total_bfs_edges_visited,10000
U1,100,2,0,HopcroftKarpMatcher,-1,na,total_edges_visited,15050
U1,100,2,0,HopcroftKarpMatcher,-1,na,matching_size,100
U1,100,2,0,HopcroftKarpMatcher,-1,na,wall_clock_ms,0.042181
U1,100,2,0,HopcroftKarpMatcher,-1,na,matching_size,100
U1,100,1,6,SimpleAugmentingMatcher,-1,na,wall_clock_ms,0.019622
U1,100,1,6,SimpleAugmentingMatcher,-1,na,matching_size,56
U1,100,1,6,HopcroftKarpMatcher,0,na,paths_found_per_phase,51
U1,100,1,6,HopcroftKarpMatcher,0,na,bfs_edges_visited,100
U1,100,1,6,HopcroftKarpMatcher,0,na,dfs_edges_visited,79
U1,100,1,6,HopcroftKarpMatcher,0,na,defect_at_iteration,49
U1,100,1,6,HopcroftKarpMatcher,1,na,paths_found_per_phase,5
U1,100,1,6,HopcroftKarpMatcher,1,na,bfs_edges_visited,43
U1,100,1,6,HopcroftKarpMatcher,1,na,dfs_edges_visited,44
U1,100,1,6,HopcroftKarpMatcher,1,na,defect_at_iteration,44
U1,100,1,6,HopcroftKarpMatcher,-1,na,phase_count,2
U1,100,1,6,HopcroftKarpMatcher,-1,na,main_loop_iters,2
U1,100,1,6,HopcroftKarpMatcher,-1,na,total_bfs_edges_visited,143
U1,100,1,6,HopcroftKarpMatcher,-1,na,total_edges_visited,266
U1,100,1,6,HopcroftKarpMatcher,-1,na,matching_size,56
U1,100,1,6,HopcroftKarpMatcher,-1,na,wall_clock_ms,0.075221
U1,100,1,6,HopcroftKarpMatcher,-1,na,matching_size,56
U1,50,1.5,0,SimpleAugmentingMatcher,-1,na,wall_clock_ms,0.037141
U1,50,1.5,0,SimpleAugmentingMatcher,-1,na,matching_size,50
U1,50,1.5,0,HopcroftKarpMatcher,0,na,paths_found_per_phase,45
U1,50,1.5,0,HopcroftKarpMatcher,0,na,bfs_edges_visited,353
U1,50,1.5,0,HopcroftKarpMatcher,0,na,dfs_edges_visited,170
U1,50,1.5,0,HopcroftKarpMatcher,0,na,defect_at_iteration,5
U1,50,1.5,0,HopcroftKarpMatcher,1,na,paths_found_per_phase,5
U1,50,1.5,0,HopcroftKarpMatcher,1,na,bfs_edges_visited,171
U1,50,1.5,0,HopcroftKarpMatcher,1,na,dfs_edges_visited,63
U1,50,1.5,0,HopcroftKarpMatcher,1,na,defect_at_iteration,0
U1,50,1.5,0,HopcroftKarpMatcher,-1,na,phase_count,2
U1,50,1.5,0,HopcroftKarpMatcher,-1,na,main_loop_iters,2
U1,50,1.5,0,HopcroftKarpMatcher,-1,na,total_bfs_edges_visited,524
U1,50,1.5,0,HopcroftKarpMatcher,-1,na,total_edges_visited,757
U1,50,1.5,0,HopcroftKarpMatcher,-1,na,matching_size,50
U1,50,1.5,0,HopcroftKarpMatcher,-1,na,wall_clock_ms,0.030621
U1,50,1.5,0,HopcroftKarpMatcher,-1,na,matching_size,50
U1,50,1.5,2,SimpleAugmentingMatcher,-1,na,wall_clock_ms,0.044137
U1,50,1.5,2,SimpleAugmentingMatcher,-1,na,matching_size,50
U1,50,1.5,2,HopcroftKarpMatcher,0,na,paths_found_per_phase,46
U1,50,1.5,2,HopcroftKarpMatcher,0,na,bfs_edges_visited,353
U1,50,1.5,2,HopcroftKarpMatcher,0,na,dfs_edges_visited,201
U1,50,1.5,2,HopcroftKarpMatcher,0,na,defect_at_iteration,4
U1,50,1.5,2,HopcroftKarpMatcher,1,na,paths_found_per_phase,3
U1,50,1.5,2,HopcroftKarpMatcher,1,na,bfs_edges_visited,143
U1,50,1.5,2,HopcroftKarpMatcher,1,na,dfs_edges_visited,157
U1,50,1.5,2,HopcroftKarpMatcher,1,na,defect_at_iteration,1
U1,50,1.5,2,HopcroftKarpMatcher,2,na,paths_found_per_phase,1
U1,50,1.5,2,HopcroftKarpMatcher,2,na,bfs_edges_visited,302
U1,50,1.5,2,HopcroftKarpMatcher,2,na,dfs_edges_visited,139
U1,50,1.5,2,HopcroftKarpMatcher,2,na,defect_at_iteration,0
U1,50,1.5,2,HopcroftKarpMatcher,-1,na,phase_count,3
U1,50,1.5,2,HopcroftKarpMatcher,-1,na,main_loop_iters,3
U1,50,1.5,2,HopcroftKarpMatcher,-1,na,total_bfs_edges_visited,798
U1,50,1.5,2,HopcroftKarpMatcher,-1,na,total_edges_visited,1295
U1,50,1.5,2,HopcroftKarpMatcher,-1,na,matching_size,50
U1,50,1.5,2,HopcroftKarpMatcher,-1,na,wall_clock_ms,0.047777
U1,50,1.5,2,HopcroftKarpMatcher,-1,na,matching_size,50
U1,50,1,9,SimpleAugmentingMatcher,-1,na,wall_clock_ms,0.005514
U1,50,1,9,SimpleAugmentingMatcher,-1,na,matching_size,26
U1,50,1,9,HopcroftKarpMatcher,0,na,paths_found_per_phase,24
U1,50,1,9,HopcroftKarpMatcher,0,na,bfs_edges_visited,50
U1,50,1,9,HopcroftKarpMatcher,0,na,dfs_edges_visited,32
U1,50,1,9,HopcroftKarpMatcher,0,na,defect_at_iteration,26
U1,50,1,9,HopcroftKarpMatcher,1,na,paths_found_per_phase,2
U1,50,1,9,HopcroftKarpMatcher,1,na,bfs_edges_visited,12
U1,50,1,9,HopcroftKarpMatcher,1,na,dfs_edges_visited,10
U1,50,1,9,HopcroftKarpMatcher,1,na,defect_at_iteration,24
U1,50,1,9,HopcroftKarpMatcher,-1,na,phase_count,2
U1,50,1,9,HopcroftKarpMatcher,-1,na,main_loop_iters,2
U1,50,1,9,HopcroftKarpMatcher,-1,na,total_bfs_edges_visited,62
U1,50,1,9,HopcroftKarpMatcher,-1,na,total_edges_visited,104
U1,50,1,9,HopcroftKarpMatcher,-1,na,matching_size,26
U1,50,1,9,HopcroftKarpMatcher,-1,na,wall_clock_ms,0.026545
U1,50,1,9,HopcroftKarpMatcher,-1,na,matching_size,26
U1,200,1.5,0,SimpleAugmentingMatcher,-1,na,wall_clock_ms,1.41027
U1,200,1.5,0,SimpleAugmentingMatcher,-1,na,matching_size,200
U1,200,1.5,0,HopcroftKarpMatcher,0,na,paths_found_per_phase,189
U1,200,1.5,0,HopcroftKarpMatcher,0,na,bfs_edges_visited,2828
U1,200,1.5,0,HopcroftKarpMatcher,0,na,dfs_edges_visited,1420
U1,200,1.5,0,HopcroftKarpMatcher,0,na,defect_at_iteration,11
U1,200,1.5,0,HopcroftKarpMatcher,1,na,paths_found_per_phase,11
U1,200,1.5,0,HopcroftKarpMatcher,1,na,bfs_edges_visited,1589
U1,200,1.5,0,HopcroftKarpMatcher,1,na,dfs_edges_visited,502
U1,200,1.5,0,HopcroftKarpMatcher,1,na,defect_at_iteration,0
U1,200,1.5,0,HopcroftKarpMatcher,-1,na,phase_count,2
U1,200,1.5,0,HopcroftKarpMatcher,-1,na,main_loop_iters,2
U1,200,1.5,0,HopcroftKarpMatcher,-1,na,total_bfs_edges_visited,4417
U1,200,1.5,0,HopcroftKarpMatcher,-1,na,total_edges_visited,6339
U1,200,1.5,0,HopcroftKarpMatcher,-1,na,matching_size,200
U1,200,1.5,0,HopcroftKarpMatcher,-1,na,wall_clock_ms,0.245832
U1,200,1.5,0,HopcroftKarpMatcher,-1,na,matching_size,200
U1,2000,1,5,SimpleAugmentingMatcher,-1,na,wall_clock_ms,4.93646
U1,2000,1,5,SimpleAugmentingMatcher,-1,na,matching_size,1099
U1,2000,1,5,HopcroftKarpMatcher,0,na,paths_found_per_phase,1031
U1,2000,1,5,HopcroftKarpMatcher,0,na,bfs_edges_visited,2000
U1,2000,1,5,HopcroftKarpMatcher,0,na,dfs_edges_visited,1480
U1,2000,1,5,HopcroftKarpMatcher,0,na,defect_at_iteration,969
U1,2000,1,5,HopcroftKarpMatcher,1,na,paths_found_per_phase,64
U1,2000,1,5,HopcroftKarpMatcher,1,na,bfs_edges_visited,714
U1,2000,1,5,HopcroftKarpMatcher,1,na,dfs_edges_visited,734
U1,2000,1,5,HopcroftKarpMatcher,1,na,defect_at_iteration,905
U1,2000,1,5,HopcroftKarpMatcher,2,na,paths_found_per_phase,4
U1,2000,1,5,HopcroftKarpMatcher,2,na,bfs_edges_visited,552
U1,2000,1,5,HopcroftKarpMatcher,2,na,dfs_edges_visited,546
U1,2000,1,5,HopcroftKarpMatcher,2,na,defect_at_iteration,901
U1,2000,1,5,HopcroftKarpMatcher,-1,na,phase_count,3
U1,2000,1,5,HopcroftKarpMatcher,-1,na,main_loop_iters,3
U1,2000,1,5,HopcroftKarpMatcher,-1,na,total_bfs_edges_visited,3266
U1,2000,1,5,HopcroftKarpMatcher,-1,na,total_edges_visited,6026
U1,2000,1,5,HopcroftKarpMatcher,-1,na,matching_size,1099
U1,2000,1,5,HopcroftKarpMatcher,-1,na,wall_clock_ms,23.6225
U1,2000,1,5,HopcroftKarpMatcher,-1,na,matching_size,1099
U1,1000,1,5,SimpleAugmentingMatcher,-1,na,wall_clock_ms,1.33013
U1,1000,1,5,SimpleAugmentingMatcher,-1,na,matching_size,544
U1,1000,1,5,HopcroftKarpMatcher,0,na,paths_found_per_phase,511
U1,1000,1,5,HopcroftKarpMatcher,0,na,bfs_edges_visited,1000
U1,1000,1,5,HopcroftKarpMatcher,0,na,dfs_edges_visited,744
U1,1000,1,5,HopcroftKarpMatcher,0,na,defect_at_iteration,489
U1,1000,1,5,HopcroftKarpMatcher,1,na,paths_found_per_phase,32
U1,1000,1,5,HopcroftKarpMatcher,1,na,bfs_edges_visited,370
U1,1000,1,5,HopcroftKarpMatcher,1,na,dfs_edges_visited,385
U1,1000,1,5,HopcroftKarpMatcher,1,na,defect_at_iteration,457
U1,1000,1,5,HopcroftKarpMatcher,2,na,paths_found_per_phase,1
U1,1000,1,5,HopcroftKarpMatcher,2,na,bfs_edges_visited,285
U1,1000,1,5,HopcroftKarpMatcher,2,na,dfs_edges_visited,289
U1,1000,1,5,HopcroftKarpMatcher,2,na,defect_at_iteration,456
U1,1000,1,5,HopcroftKarpMatcher,-1,na,phase_count,3
U1,1000,1,5,HopcroftKarpMatcher,-1,na,main_loop_iters,3
U1,1000,1,5,HopcroftKarpMatcher,-1,na,total_bfs_edges_visited,1655
U1,1000,1,5,HopcroftKarpMatcher,-1,na,total_edges_visited,3073
U1,1000,1,5,HopcroftKarpMatcher,-1,na,matching_size,544
U1,1000,1,5,HopcroftKarpMatcher,-1,na,wall_clock_ms,6.03658
U1,1000,1,5,HopcroftKarpMatcher,-1,na,matching_size,544
U1,1000,2,6,SimpleAugmentingMatcher,-1,na,wall_clock_ms,285.425
U1,1000,2,6,SimpleAugmentingMatcher,-1,na,matching_size,1000
U1,1000,2,6,HopcroftKarpMatcher,0,na,paths_found_per_phase,1000
U1,1000,2,6,HopcroftKarpMatcher,0,na,bfs_edges_visited,1e+06
U1,1000,2,6,HopcroftKarpMatcher,0,na,dfs_edges_visited,500500
U1,1000,2,6,HopcroftKarpMatcher,0,na,defect_at_iteration,0
U1,1000,2,6,HopcroftKarpMatcher,-1,na,phase_count,1
U1,1000,2,6,HopcroftKarpMatcher,-1,na,main_loop_iters,1
U1,1000,2,6,HopcroftKarpMatcher,-1,na,total_bfs_edges_visited,1e+06
U1,1000,2,6,HopcroftKarpMatcher,-1,na,total_edges_visited,1.5005e+06
U1,1000,2,6,HopcroftKarpMatcher,-1,na,matching_size,1000
U1,1000,2,6,HopcroftKarpMatcher,-1,na,wall_clock_ms,2.62763
U1,1000,2,6,HopcroftKarpMatcher,-1,na,matching_size,1000
U1,100,2,8,SimpleAugmentingMatcher,-1,na,wall_clock_ms,0.345802
U1,100,2,8,SimpleAugmentingMatcher,-1,na,matching_size,100
U1,100,2,8,HopcroftKarpMatcher,0,na,paths_found_per_phase,100
U1,100,2,8,HopcroftKarpMatcher,0,na,bfs_edges_visited,10000
U1,100,2,8,HopcroftKarpMatcher,0,na,dfs_edges_visited,5050
U1,100,2,8,HopcroftKarpMatcher,0,na,defect_at_iteration,0
U1,100,2,8,HopcroftKarpMatcher,-1,na,phase_count,1
U1,100,2,8,HopcroftKarpMatcher,-1,na,main_loop_iters,1
U1,100,2,8,HopcroftKarpMatcher,-1,na,total_bfs_edges_visited,10000
U1,100,2,8,HopcroftKarpMatcher,-1,na,total_edges_visited,15050
U1,100,2,8,HopcroftKarpMatcher,-1,na,matching_size,100
U1,100,2,8,HopcroftKarpMatcher,-1,na,wall_clock_ms,0.034633
U1,100,2,8,HopcroftKarpMatcher,-1,na,matching_size,100
U1,50,2,5,SimpleAugmentingMatcher,-1,na,wall_clock_ms,0.035277
U1,50,2,5,SimpleAugmentingMatcher,-1,na,matching_size,50
U1,50,2,5,HopcroftKarpMatcher,0,na,paths_found_per_phase,50
U1,50,2,5,HopcroftKarpMatcher,0,na,bfs_edges_visited,2500
U1,50,2,5,HopcroftKarpMatcher,0,na,dfs_edges_visited,1275
U1,50,2,5,HopcroftKarpMatcher,0,na,defect_at_iteration,0
U1,50,2,5,HopcroftKarpMatcher,-1,na,phase_count,1
U1,50,2,5,HopcroftKarpMatcher,-1,na,main_loop_iters,1
U1,50,2,5,HopcroftKarpMatcher,-1,na,total_bfs_edges_visited,2500
U1,50,2,5,HopcroftKarpMatcher,-1,na,total_edges_visited,3775
U1,50,2,5,HopcroftKarpMatcher,-1,na,matching_size,50
U1,50,2,5,HopcroftKarpMatcher,-1,na,wall_clock_ms,0.010967
U1,50,2,5,HopcroftKarpMatcher,-1,na,matching_size,50
U1,50,1.5,4,SimpleAugmentingMatcher,-1,na,wall_clock_ms,0.040924
U1,50,1.5,4,SimpleAugmentingMatcher,-1,na,matching_size,50
U1,50,1.5,4,HopcroftKarpMatcher,0,na,paths_found_per_phase,44
U1,50,1.5,4,HopcroftKarpMatcher,0,na,bfs_edges_visited,353
U1,50,1.5,4,HopcroftKarpMatcher,0,na,dfs_edges_visited,172
U1,50,1.5,4,HopcroftKarpMatcher,0,na,defect_at_iteration,6
U1,50,1.5,4,HopcroftKarpMatcher,1,na,paths_found_per_phase,6
U1,50,1.5,4,HopcroftKarpMatcher,1,na,bfs_edges_visited,198
U1,50,1.5,4,HopcroftKarpMatcher,1,na,dfs_edges_visited,70
U1,50,1.5,4,HopcroftKarpMatcher,1,na,defect_at_iteration,0
U1,50,1.5,4,HopcroftKarpMatcher,-1,na,phase_count,2
U1,50,1.5,4,HopcroftKarpMatcher,-1,na,main_loop_iters,2
U1,50,1.5,4,HopcroftKarpMatcher,-1,na,total_bfs_edges_visited,551
U1,50,1.5,4,HopcroftKarpMatcher,-1,na,total_edges_visited,793
U1,50,1.5,4,HopcroftKarpMatcher,-1,na,matching_size,50
U1,50,1.5,4,HopcroftKarpMatcher,-1,na,wall_clock_ms,0.031931
U1,50,1.5,4,HopcroftKarpMatcher,-1,na,matching_size,50
U1,500,2,2,SimpleAugmentingMatcher,-1,na,wall_clock_ms,41.7577
U1,500,2,2,SimpleAugmentingMatcher,-1,na,matching_size,500
U1,500,2,2,HopcroftKarpMatcher,0,na,paths_found_per_phase,500
U1,500,2,2,HopcroftKarpMatcher,0,na,bfs_edges_visited,250000
U1,500,2,2,HopcroftKarpMatcher,0,na,dfs_edges_visited,125250
U1,500,2,2,HopcroftKarpMatcher,0,na,defect_at_iteration,0
U1,500,2,2,HopcroftKarpMatcher,-1,na,phase_count,1
U1,500,2,2,HopcroftKarpMatcher,-1,na,main_loop_iters,1
U1,500,2,2,HopcroftKarpMatcher,-1,na,total_bfs_edges_visited,250000
U1,500,2,2,HopcroftKarpMatcher,-1,na,total_edges_visited,375250
U1,500,2,2,HopcroftKarpMatcher,-1,na,matching_size,500
U1,500,2,2,HopcroftKarpMatcher,-1,na,wall_clock_ms,0.668068
U1,500,2,2,HopcroftKarpMatcher,-1,na,matching_size,500
U1,50,2,3,SimpleAugmentingMatcher,-1,na,wall_clock_ms,0.045999
U1,50,2,3,SimpleAugmentingMatcher,-1,na,matching_size,50
U1,50,2,3,HopcroftKarpMatcher,0,na,paths_found_per_phase,50
U1,50,2,3,HopcroftKarpMatcher,0,na,bfs_edges_visited,2500
U1,50,2,3,HopcroftKarpMatcher,0,na,dfs_edges_visited,1275
U1,50,2,3,HopcroftKarpMatcher,0,na,defect_at_iteration,0
U1,50,2,3,HopcroftKarpMatcher,-1,na,phase_count,1
U1,50,2,3,HopcroftKarpMatcher,-1,na,main_loop_iters,1
U1,50,2,3,HopcroftKarpMatcher,-1,na,total_bfs_edges_visited,2500
U1,50,2,3,HopcroftKarpMatcher,-1,na,total_edges_visited,3775
U1,50,2,3,HopcroftKarpMatcher,-1,na,matching_size,50
U1,50,2,3,HopcroftKarpMatcher,-1,na,wall_clock_ms,0.013923
U1,50,2,3,HopcroftKarpMatcher,-1,na,matching_size,50
U1,200,1,8,SimpleAugmentingMatcher,-1,na,wall_clock_ms,0.044966
U1,200,1,8,SimpleAugmentingMatcher,-1,na,matching_size,104
U1,200,1,8,HopcroftKarpMatcher,0,na,paths_found_per_phase,99
U1,200,1,8,HopcroftKarpMatcher,0,na,bfs_edges_visited,200
U1,200,1,8,HopcroftKarpMatcher,0,na,dfs_edges_visited,140
U1,200,1,8,HopcroftKarpMatcher,0,na,defect_at_iteration,101
U1,200,1,8,HopcroftKarpMatcher,1,na,paths_found_per_phase,4
U1,200,1,8,HopcroftKarpMatcher,1,na,bfs_edges_visited,62
U1,200,1,8,HopcroftKarpMatcher,1,na,dfs_edges_visited,68
U1,200,1,8,HopcroftKarpMatcher,1,na,defect_at_iteration,97
U1,200,1,8,HopcroftKarpMatcher,2,na,paths_found_per_phase,1
U1,200,1,8,HopcroftKarpMatcher,2,na,bfs_edges_visited,57
U1,200,1,8,HopcroftKarpMatcher,2,na,dfs_edges_visited,57
U1,200,1,8,HopcroftKarpMatcher,2,na,defect_at_iteration,96
U1,200,1,8,HopcroftKarpMatcher,-1,na,phase_count,3
U1,200,1,8,HopcroftKarpMatcher,-1,na,main_loop_iters,3
U1,200,1,8,HopcroftKarpMatcher,-1,na,total_bfs_edges_visited,319
U1,200,1,8,HopcroftKarpMatcher,-1,na,total_edges_visited,584
U1,200,1,8,HopcroftKarpMatcher,-1,na,matching_size,104
U1,200,1,8,HopcroftKarpMatcher,-1,na,wall_clock_ms,0.213592
U1,200,1,8,HopcroftKarpMatcher,-1,na,matching_size,104
U1,200,1,3,SimpleAugmentingMatcher,-1,na,wall_clock_ms,0.062805
U1,200,1,3,SimpleAugmentingMatcher,-1,na,matching_size,114
U1,200,1,3,HopcroftKarpMatcher,0,na,paths_found_per_phase,103
U1,200,1,3,HopcroftKarpMatcher,0,na,bfs_edges_visited,200
U1,200,1,3,HopcroftKarpMatcher,0,na,dfs_edges_visited,148
U1,200,1,3,HopcroftKarpMatcher,0,na,defect_at_iteration,97
U1,200,1,3,HopcroftKarpMatcher,1,na,paths_found_per_phase,11
U1,200,1,3,HopcroftKarpMatcher,1,na,bfs_edges_visited,71
U1,200,1,3,HopcroftKarpMatcher,1,na,dfs_edges_visited,71
U1,200,1,3,HopcroftKarpMatcher,1,na,defect_at_iteration,86
U1,200,1,3,HopcroftKarpMatcher,-1,na,phase_count,2
U1,200,1,3,HopcroftKarpMatcher,-1,na,main_loop_iters,2
U1,200,1,3,HopcroftKarpMatcher,-1,na,total_bfs_edges_visited,271
U1,200,1,3,HopcroftKarpMatcher,-1,na,total_edges_visited,490
U1,200,1,3,HopcroftKarpMatcher,-1,na,matching_size,114
U1,200,1,3,HopcroftKarpMatcher,-1,na,wall_clock_ms,0.250492
U1,200,1,3,HopcroftKarpMatcher,-1,na,matching_size,114
U1,500,2,8,SimpleAugmentingMatcher,-1,na,wall_clock_ms,36.168
U1,500,2,8,SimpleAugmentingMatcher,-1,na,matching_size,500
U1,500,2,8,HopcroftKarpMatcher,0,na,paths_found_per_phase,500
U1,500,2,8,HopcroftKarpMatcher,0,na,bfs_edges_visited,250000
U1,500,2,8,HopcroftKarpMatcher,0,na,dfs_edges_visited,125250
U1,500,2,8,HopcroftKarpMatcher,0,na,defect_at_iteration,0
U1,500,2,8,HopcroftKarpMatcher,-1,na,phase_count,1
U1,500,2,8,HopcroftKarpMatcher,-1,na,main_loop_iters,1
U1,500,2,8,HopcroftKarpMatcher,-1,na,total_bfs_edges_visited,250000
U1,500,2,8,HopcroftKarpMatcher,-1,na,total_edges_visited,375250
U1,500,2,8,HopcroftKarpMatcher,-1,na,matching_size,500
U1,500,2,8,HopcroftKarpMatcher,-1,na,wall_clock_ms,0.671278
U1,500,2,8,HopcroftKarpMatcher,-1,na,matching_size,500
U1,2000,2,1,SimpleAugmentingMatcher,-1,na,wall_clock_ms,2256.52
U1,2000,2,1,SimpleAugmentingMatcher,-1,na,matching_size,2000
U1,2000,2,1,HopcroftKarpMatcher,0,na,paths_found_per_phase,2000
U1,2000,2,1,HopcroftKarpMatcher,0,na,bfs_edges_visited,4e+06
U1,2000,2,1,HopcroftKarpMatcher,0,na,dfs_edges_visited,2.001e+06
U1,2000,2,1,HopcroftKarpMatcher,0,na,defect_at_iteration,0
U1,2000,2,1,HopcroftKarpMatcher,-1,na,phase_count,1
U1,2000,2,1,HopcroftKarpMatcher,-1,na,main_loop_iters,1
U1,2000,2,1,HopcroftKarpMatcher,-1,na,total_bfs_edges_visited,4e+06
U1,2000,2,1,HopcroftKarpMatcher,-1,na,total_edges_visited,6.001e+06
U1,2000,2,1,HopcroftKarpMatcher,-1,na,matching_size,2000
U1,2000,2,1,HopcroftKarpMatcher,-1,na,wall_clock_ms,10.4443
U1,2000,2,1,HopcroftKarpMatcher,-1,na,matching_size,2000
U1,100,2,1,SimpleAugmentingMatcher,-1,na,wall_clock_ms,0.251638
U1,100,2,1,SimpleAugmentingMatcher,-1,na,matching_size,100
U1,100,2,1,HopcroftKarpMatcher,0,na,paths_found_per_phase,100
U1,100,2,1,HopcroftKarpMatcher,0,na,bfs_edges_visited,10000
U1,100,2,1,HopcroftKarpMatcher,0,na,dfs_edges_visited,5050
U1,100,2,1,HopcroftKarpMatcher,0,na,defect_at_iteration,0
U1,100,2,1,HopcroftKarpMatcher,-1,na,phase_count,1
U1,100,2,1,HopcroftKarpMatcher,-1,na,main_loop_iters,1
U1,100,2,1,HopcroftKarpMatcher,-1,na,total_bfs_edges_visited,10000
U1,100,2,1,HopcroftKarpMatcher,-1,na,total_edges_visited,15050
U1,100,2,1,HopcroftKarpMatcher,-1,na,matching_size,100
U1,100,2,1,HopcroftKarpMatcher,-1,na,wall_clock_ms,0.031687
U1,100,2,1,HopcroftKarpMatcher,-1,na,matching_size,100
U1,200,1,5,SimpleAugmentingMatcher,-1,na,wall_clock_ms,0.043647
U1,200,1,5,SimpleAugmentingMatcher,-1,na,matching_size,111
U1,200,1,5,HopcroftKarpMatcher,0,na,paths_found_per_phase,100
U1,200,1,5,HopcroftKarpMatcher,0,na,bfs_edges_visited,200
U1,200,1,5,HopcroftKarpMatcher,0,na,dfs_edges_visited,145
U1,200,1,5,HopcroftKarpMatcher,0,na,defect_at_iteration,100
U1,200,1,5,HopcroftKarpMatcher,1,na,paths_found_per_phase,11
U1,200,1,5,HopcroftKarpMatcher,1,na,bfs_edges_visited,82
U1,200,1,5,HopcroftKarpMatcher,1,na,dfs_edges_visited,79
U1,200,1,5,HopcroftKarpMatcher,1,na,defect_at_iteration,89
U1,200,1,5,HopcroftKarpMatcher,-1,na,phase_count,2
U1,200,1,5,HopcroftKarpMatcher,-1,na,main_loop_iters,2
U1,200,1,5,HopcroftKarpMatcher,-1,na,total_bfs_edges_visited,282
U1,200,1,5,HopcroftKarpMatcher,-1,na,total_edges_visited,506
U1,200,1,5,HopcroftKarpMatcher,-1,na,matching_size,111
U1,200,1,5,HopcroftKarpMatcher,-1,na,wall_clock_ms,0.156546
U1,200,1,5,HopcroftKarpMatcher,-1,na,matching_size,111
U1,100,2,9,SimpleAugmentingMatcher,-1,na,wall_clock_ms,0.251604
U1,100,2,9,SimpleAugmentingMatcher,-1,na,matching_size,100
U1,100,2,9,HopcroftKarpMatcher,0,na,paths_found_per_phase,100
U1,100,2,9,HopcroftKarpMatcher,0,na,bfs_edges_visited,10000
U1,100,2,9,HopcroftKarpMatcher,0,na,dfs_edges_visited,5050
U1,100,2,9,HopcroftKarpMatcher,0,na,defect_at_iteration,0
U1,100,2,9,HopcroftKarpMatcher,-1,na,phase_count,1
U1,100,2,9,HopcroftKarpMatcher,-1,na,main_loop_iters,1
U1,100,2,9,HopcroftKarpMatcher,-1,na,total_bfs_edges_visited,10000
U1,100,2,9,HopcroftKarpMatcher,-1,na,total_edges_visited,15050
U1,100,2,9,HopcroftKarpMatcher,-1,na,matching_size,100
U1,100,2,9,HopcroftKarpMatcher,-1,na,wall_clock_ms,0.026502
U1,100,2,9,HopcroftKarpMatcher,-1,na,matching_size,100
U1,2000,1,7,SimpleAugmentingMatcher,-1,na,wall_clock_ms,6.08795
U1,2000,1,7,SimpleAugmentingMatcher,-1,na,matching_size,1071
U1,2000,1,7,HopcroftKarpMatcher,0,na,paths_found_per_phase,1009
U1,2000,1,7,HopcroftKarpMatcher,0,na,bfs_edges_visited,2000
U1,2000,1,7,HopcroftKarpMatcher,0,na,dfs_edges_visited,1453
U1,2000,1,7,HopcroftKarpMatcher,0,na,defect_at_iteration,991
U1,2000,1,7,HopcroftKarpMatcher,1,na,paths_found_per_phase,59
U1,2000,1,7,HopcroftKarpMatcher,1,na,bfs_edges_visited,713
U1,2000,1,7,HopcroftKarpMatcher,1,na,dfs_edges_visited,736
U1,2000,1,7,HopcroftKarpMatcher,1,na,defect_at_iteration,932
U1,2000,1,7,HopcroftKarpMatcher,2,na,paths_found_per_phase,3
U1,2000,1,7,HopcroftKarpMatcher,2,na,bfs_edges_visited,559
U1,2000,1,7,HopcroftKarpMatcher,2,na,dfs_edges_visited,572
U1,2000,1,7,HopcroftKarpMatcher,2,na,defect_at_iteration,929
U1,2000,1,7,HopcroftKarpMatcher,-1,na,phase_count,3
U1,2000,1,7,HopcroftKarpMatcher,-1,na,main_loop_iters,3
U1,2000,1,7,HopcroftKarpMatcher,-1,na,total_bfs_edges_visited,3272
U1,2000,1,7,HopcroftKarpMatcher,-1,na,total_edges_visited,6033
U1,2000,1,7,HopcroftKarpMatcher,-1,na,matching_size,1071
U1,2000,1,7,HopcroftKarpMatcher,-1,na,wall_clock_ms,32.1254
U1,2000,1,7,HopcroftKarpMatcher,-1,na,matching_size,1071
U1,50,1,6,SimpleAugmentingMatcher,-1,na,wall_clock_ms,0.006432
U1,50,1,6,SimpleAugmentingMatcher,-1,na,matching_size,27
U1,50,1,6,HopcroftKarpMatcher,0,na,paths_found_per_phase,27
U1,50,1,6,HopcroftKarpMatcher,0,na,bfs_edges_visited,50
U1,50,1,6,HopcroftKarpMatcher,0,na,dfs_edges_visited,37
U1,50,1,6,HopcroftKarpMatcher,0,na,defect_at_iteration,23
U1,50,1,6,HopcroftKarpMatcher,-1,na,phase_count,1
U1,50,1,6,HopcroftKarpMatcher,-1,na,main_loop_iters,1
U1,50,1,6,HopcroftKarpMatcher,-1,na,total_bfs_edges_visited,50
U1,50,1,6,HopcroftKarpMatcher,-1,na,total_edges_visited,87
U1,50,1,6,HopcroftKarpMatcher,-1,na,matching_size,27
U1,50,1,6,HopcroftKarpMatcher,-1,na,wall_clock_ms,0.018307
U1,50,1,6,HopcroftKarpMatcher,-1,na,matching_size,27
U1,5000,2,7,SimpleAugmentingMatcher,-1,na,wall_clock_ms,36813.7
U1,5000,2,7,SimpleAugmentingMatcher,-1,na,matching_size,5000
U1,5000,2,7,HopcroftKarpMatcher,0,na,paths_found_per_phase,5000
U1,5000,2,7,HopcroftKarpMatcher,0,na,bfs_edges_visited,2.5e+07
U1,5000,2,7,HopcroftKarpMatcher,0,na,dfs_edges_visited,1.25025e+07
U1,5000,2,7,HopcroftKarpMatcher,0,na,defect_at_iteration,0
U1,5000,2,7,HopcroftKarpMatcher,-1,na,phase_count,1
U1,5000,2,7,HopcroftKarpMatcher,-1,na,main_loop_iters,1
U1,5000,2,7,HopcroftKarpMatcher,-1,na,total_bfs_edges_visited,2.5e+07
U1,5000,2,7,HopcroftKarpMatcher,-1,na,total_edges_visited,3.75025e+07
U1,5000,2,7,HopcroftKarpMatcher,-1,na,matching_size,5000
U1,5000,2,7,HopcroftKarpMatcher,-1,na,wall_clock_ms,55.3672
U1,5000,2,7,HopcroftKarpMatcher,-1,na,matching_size,5000
U1,1000,1,4,SimpleAugmentingMatcher,-1,na,wall_clock_ms,1.28185
U1,1000,1,4,SimpleAugmentingMatcher,-1,na,matching_size,548
U1,1000,1,4,HopcroftKarpMatcher,0,na,paths_found_per_phase,517
U1,1000,1,4,HopcroftKarpMatcher,0,na,bfs_edges_visited,1000
U1,1000,1,4,HopcroftKarpMatcher,0,na,dfs_edges_visited,728
U1,1000,1,4,HopcroftKarpMatcher,0,na,defect_at_iteration,483
U1,1000,1,4,HopcroftKarpMatcher,1,na,paths_found_per_phase,29
U1,1000,1,4,HopcroftKarpMatcher,1,na,bfs_edges_visited,346
U1,1000,1,4,HopcroftKarpMatcher,1,na,dfs_edges_visited,355
U1,1000,1,4,HopcroftKarpMatcher,1,na,defect_at_iteration,454
U1,1000,1,4,HopcroftKarpMatcher,2,na,paths_found_per_phase,2
U1,1000,1,4,HopcroftKarpMatcher,2,na,bfs_edges_visited,269
U1,1000,1,4,HopcroftKarpMatcher,2,na,dfs_edges_visited,271
U1,1000,1,4,HopcroftKarpMatcher,2,na,defect_at_iteration,452
U1,1000,1,4,HopcroftKarpMatcher,-1,na,phase_count,3
U1,1000,1,4,HopcroftKarpMatcher,-1,na,main_loop_iters,3
U1,1000,1,4,HopcroftKarpMatcher,-1,na,total_bfs_edges_visited,1615
U1,1000,1,4,HopcroftKarpMatcher,-1,na,total_edges_visited,2969
U1,1000,1,4,HopcroftKarpMatcher,-1,na,matching_size,548
U1,1000,1,4,HopcroftKarpMatcher,-1,na,wall_clock_ms,5.95751
U1,1000,1,4,HopcroftKarpMatcher,-1,na,matching_size,548
U1,5000,1.5,8,SimpleAugmentingMatcher,-1,na,wall_clock_ms,24577.3
U1,5000,1.5,8,SimpleAugmentingMatcher,-1,na,matching_size,5000
U1,5000,1.5,8,HopcroftKarpMatcher,0,na,paths_found_per_phase,4954
U1,5000,1.5,8,HopcroftKarpMatcher,0,na,bfs_edges_visited,353553
U1,5000,1.5,8,HopcroftKarpMatcher,0,na,dfs_edges_visited,176791
U1,5000,1.5,8,HopcroftKarpMatcher,0,na,defect_at_iteration,46
U1,5000,1.5,8,HopcroftKarpMatcher,1,na,paths_found_per_phase,46
U1,5000,1.5,8,HopcroftKarpMatcher,1,na,bfs_edges_visited,172007
U1,5000,1.5,8,HopcroftKarpMatcher,1,na,dfs_edges_visited,14033
U1,5000,1.5,8,HopcroftKarpMatcher,1,na,defect_at_iteration,0
U1,5000,1.5,8,HopcroftKarpMatcher,-1,na,phase_count,2
U1,5000,1.5,8,HopcroftKarpMatcher,-1,na,main_loop_iters,2
U1,5000,1.5,8,HopcroftKarpMatcher,-1,na,total_bfs_edges_visited,525560
U1,5000,1.5,8,HopcroftKarpMatcher,-1,na,total_edges_visited,716384
U1,5000,1.5,8,HopcroftKarpMatcher,-1,na,matching_size,5000
U1,5000,1.5,8,HopcroftKarpMatcher,-1,na,wall_clock_ms,73.4736
U1,5000,1.5,8,HopcroftKarpMatcher,-1,na,matching_size,5000
U1,1000,1.5,0,SimpleAugmentingMatcher,-1,na,wall_clock_ms,215.853
U1,1000,1.5,0,SimpleAugmentingMatcher,-1,na,matching_size,1000
U1,1000,1.5,0,HopcroftKarpMatcher,0,na,paths_found_per_phase,975
U1,1000,1.5,0,HopcroftKarpMatcher,0,na,bfs_edges_visited,31622
U1,1000,1.5,0,HopcroftKarpMatcher,0,na,dfs_edges_visited,15843
U1,1000,1.5,0,HopcroftKarpMatcher,0,na,defect_at_iteration,25
U1,1000,1.5,0,HopcroftKarpMatcher,1,na,paths_found_per_phase,25
U1,1000,1.5,0,HopcroftKarpMatcher,1,na,bfs_edges_visited,17157
U1,1000,1.5,0,HopcroftKarpMatcher,1,na,dfs_edges_visited,6570
U1,1000,1.5,0,HopcroftKarpMatcher,1,na,defect_at_iteration,0
U1,1000,1.5,0,HopcroftKarpMatcher,-1,na,phase_count,2
U1,1000,1.5,0,HopcroftKarpMatcher,-1,na,main_loop_iters,2
U1,1000,1.5,0,HopcroftKarpMatcher,-1,na,total_bfs_edges_visited,48779
U1,1000,1.5,0,HopcroftKarpMatcher,-1,na,total_edges_visited,71192
U1,1000,1.5,0,HopcroftKarpMatcher,-1,na,matching_size,1000
U1,1000,1.5,0,HopcroftKarpMatcher,-1,na,wall_clock_ms,4.69708
U1,1000,1.5,0,HopcroftKarpMatcher,-1,na,matching_size,1000
U1,1000,2,4,SimpleAugmentingMatcher,-1,na,wall_clock_ms,324.796
U1,1000,2,4,SimpleAugmentingMatcher,-1,na,matching_size,1000
U1,1000,2,4,HopcroftKarpMatcher,0,na,paths_found_per_phase,1000
U1,1000,2,4,HopcroftKarpMatcher,0,na,bfs_edges_visited,1e+06
U1,1000,2,4,HopcroftKarpMatcher,0,na,dfs_edges_visited,500500
U1,1000,2,4,HopcroftKarpMatcher,0,na,defect_at_iteration,0
U1,1000,2,4,HopcroftKarpMatcher,-1,na,phase_count,1
U1,1000,2,4,HopcroftKarpMatcher,-1,na,main_loop_iters,1
U1,1000,2,4,HopcroftKarpMatcher,-1,na,total_bfs_edges_visited,1e+06
U1,1000,2,4,HopcroftKarpMatcher,-1,na,total_edges_visited,1.5005e+06
U1,1000,2,4,HopcroftKarpMatcher,-1,na,matching_size,1000
U1,1000,2,4,HopcroftKarpMatcher,-1,na,wall_clock_ms,3.29574
U1,1000,2,4,HopcroftKarpMatcher,-1,na,matching_size,1000
U1,50,2,0,SimpleAugmentingMatcher,-1,na,wall_clock_ms,0.052594
U1,50,2,0,SimpleAugmentingMatcher,-1,na,matching_size,50
U1,50,2,0,HopcroftKarpMatcher,0,na,paths_found_per_phase,50
U1,50,2,0,HopcroftKarpMatcher,0,na,bfs_edges_visited,2500
U1,50,2,0,HopcroftKarpMatcher,0,na,dfs_edges_visited,1275
U1,50,2,0,HopcroftKarpMatcher,0,na,defect_at_iteration,0
U1,50,2,0,HopcroftKarpMatcher,-1,na,phase_count,1
U1,50,2,0,HopcroftKarpMatcher,-1,na,main_loop_iters,1
U1,50,2,0,HopcroftKarpMatcher,-1,na,total_bfs_edges_visited,2500
U1,50,2,0,HopcroftKarpMatcher,-1,na,total_edges_visited,3775
U1,50,2,0,HopcroftKarpMatcher,-1,na,matching_size,50
U1,50,2,0,HopcroftKarpMatcher,-1,na,wall_clock_ms,0.016302
U1,50,2,0,HopcroftKarpMatcher,-1,na,matching_size,50
U1,1000,2,2,SimpleAugmentingMatcher,-1,na,wall_clock_ms,362.877
U1,1000,2,2,SimpleAugmentingMatcher,-1,na,matching_size,1000
U1,1000,2,2,HopcroftKarpMatcher,0,na,paths_found_per_phase,1000
U1,1000,2,2,HopcroftKarpMatcher,0,na,bfs_edges_visited,1e+06
U1,1000,2,2,HopcroftKarpMatcher,0,na,dfs_edges_visited,500500
U1,1000,2,2,HopcroftKarpMatcher,0,na,defect_at_iteration,0
U1,1000,2,2,HopcroftKarpMatcher,-1,na,phase_count,1
U1,1000,2,2,HopcroftKarpMatcher,-1,na,main_loop_iters,1
U1,1000,2,2,HopcroftKarpMatcher,-1,na,total_bfs_edges_visited,1e+06
U1,1000,2,2,HopcroftKarpMatcher,-1,na,total_edges_visited,1.5005e+06
U1,1000,2,2,HopcroftKarpMatcher,-1,na,matching_size,1000
U1,1000,2,2,HopcroftKarpMatcher,-1,na,wall_clock_ms,3.29814
U1,1000,2,2,HopcroftKarpMatcher,-1,na,matching_size,1000
U1,2000,2,6,SimpleAugmentingMatcher,-1,na,wall_clock_ms,2344.57
U1,2000,2,6,SimpleAugmentingMatcher,-1,na,matching_size,2000
U1,2000,2,6,HopcroftKarpMatcher,0,na,paths_found_per_phase,2000
U1,2000,2,6,HopcroftKarpMatcher,0,na,bfs_edges_visited,4e+06
U1,2000,2,6,HopcroftKarpMatcher,0,na,dfs_edges_visited,2.001e+06
U1,2000,2,6,HopcroftKarpMatcher,0,na,defect_at_iteration,0
U1,2000,2,6,HopcroftKarpMatcher,-1,na,phase_count,1
U1,2000,2,6,HopcroftKarpMatcher,-1,na,main_loop_iters,1
U1,2000,2,6,HopcroftKarpMatcher,-1,na,total_bfs_edges_visited,4e+06
U1,2000,2,6,HopcroftKarpMatcher,-1,na,total_edges_visited,6.001e+06
U1,2000,2,6,HopcroftKarpMatcher,-1,na,matching_size,2000
U1,2000,2,6,HopcroftKarpMatcher,-1,na,wall_clock_ms,10.4225
U1,2000,2,6,HopcroftKarpMatcher,-1,na,matching_size,2000
U1,500,2,5,SimpleAugmentingMatcher,-1,na,wall_clock_ms,42.5064
U1,500,2,5,SimpleAugmentingMatcher,-1,na,matching_size,500
U1,500,2,5,HopcroftKarpMatcher,0,na,paths_found_per_phase,500
U1,500,2,5,HopcroftKarpMatcher,0,na,bfs_edges_visited,250000
U1,500,2,5,HopcroftKarpMatcher,0,na,dfs_edges_visited,125250
U1,500,2,5,HopcroftKarpMatcher,0,na,defect_at_iteration,0
U1,500,2,5,HopcroftKarpMatcher,-1,na,phase_count,1
U1,500,2,5,HopcroftKarpMatcher,-1,na,main_loop_iters,1
U1,500,2,5,HopcroftKarpMatcher,-1,na,total_bfs_edges_visited,250000
U1,500,2,5,HopcroftKarpMatcher,-1,na,total_edges_visited,375250
U1,500,2,5,HopcroftKarpMatcher,-1,na,matching_size,500
U1,500,2,5,HopcroftKarpMatcher,-1,na,wall_clock_ms,0.845516
U1,500,2,5,HopcroftKarpMatcher,-1,na,matching_size,500
U1,2000,1,2,SimpleAugmentingMatcher,-1,na,wall_clock_ms,5.23382
U1,2000,1,2,SimpleAugmentingMatcher,-1,na,matching_size,1083
U1,2000,1,2,HopcroftKarpMatcher,0,na,paths_found_per_phase,1017
U1,2000,1,2,HopcroftKarpMatcher,0,na,bfs_edges_visited,2000
U1,2000,1,2,HopcroftKarpMatcher,0,na,dfs_edges_visited,1444
U1,2000,1,2,HopcroftKarpMatcher,0,na,defect_at_iteration,983
U1,2000,1,2,HopcroftKarpMatcher,1,na,paths_found_per_phase,61
U1,2000,1,2,HopcroftKarpMatcher,1,na,bfs_edges_visited,679
U1,2000,1,2,HopcroftKarpMatcher,1,na,dfs_edges_visited,723
U1,2000,1,2,HopcroftKarpMatcher,1,na,defect_at_iteration,922
U1,2000,1,2,HopcroftKarpMatcher,2,na,paths_found_per_phase,5
U1,2000,1,2,HopcroftKarpMatcher,2,na,bfs_edges_visited,506
U1,2000,1,2,HopcroftKarpMatcher,2,na,dfs_edges_visited,516
U1,2000,1,2,HopcroftKarpMatcher,2,na,defect_at_iteration,917
U1,2000,1,2,HopcroftKarpMatcher,-1,na,phase_count,3
U1,2000,1,2,HopcroftKarpMatcher,-1,na,main_loop_iters,3
U1,2000,1,2,HopcroftKarpMatcher,-1,na,total_bfs_edges_visited,3185
U1,2000,1,2,HopcroftKarpMatcher,-1,na,total_edges_visited,5868
U1,2000,1,2,HopcroftKarpMatcher,-1,na,matching_size,1083
U1,2000,1,2,HopcroftKarpMatcher,-1,na,wall_clock_ms,23.6227
U1,2000,1,2,HopcroftKarpMatcher,-1,na,matching_size,1083
U1,5000,1,9,SimpleAugmentingMatcher,-1,na,wall_clock_ms,35.8313
U1,5000,1,9,SimpleAugmentingMatcher,-1,na,matching_size,2726
U1,5000,1,9,HopcroftKarpMatcher,0,na,paths_found_per_phase,2549
U1,5000,1,9,HopcroftKarpMatcher,0,na,bfs_edges_visited,5000
U1,5000,1,9,HopcroftKarpMatcher,0,na,dfs_edges_visited,3577
U1,5000,1,9,HopcroftKarpMatcher,0,na,defect_at_iteration,2451
U1,5000,1,9,HopcroftKarpMatcher,1,na,paths_found_per_phase,168
U1,5000,1,9,HopcroftKarpMatcher,1,na,bfs_edges_visited,1642
U1,5000,1,9,HopcroftKarpMatcher,1,na,dfs_edges_visited,1664
U1,5000,1,9,HopcroftKarpMatcher,1,na,defect_at_iteration,2283
U1,5000,1,9,HopcroftKarpMatcher,2,na,paths_found_per_phase,6
U1,5000,1,9,HopcroftKarpMatcher,2,na,bfs_edges_visited,1073
U1,5000,1,9,HopcroftKarpMatcher,2,na,dfs_edges_visited,1107
U1,5000,1,9,HopcroftKarpMatcher,2,na,defect_at_iteration,2277
U1,5000,1,9,HopcroftKarpMatcher,3,na,paths_found_per_phase,2
U1,5000,1,9,HopcroftKarpMatcher,3,na,bfs_edges_visited,1088
U1,5000,1,9,HopcroftKarpMatcher,3,na,dfs_edges_visited,1093
U1,5000,1,9,HopcroftKarpMatcher,3,na,defect_at_iteration,2275
U1,5000,1,9,HopcroftKarpMatcher,4,na,paths_found_per_phase,1
U1,5000,1,9,HopcroftKarpMatcher,4,na,bfs_edges_visited,1072
U1,5000,1,9,HopcroftKarpMatcher,4,na,dfs_edges_visited,1071
U1,5000,1,9,HopcroftKarpMatcher,4,na,defect_at_iteration,2274
U1,5000,1,9,HopcroftKarpMatcher,-1,na,phase_count,5
U1,5000,1,9,HopcroftKarpMatcher,-1,na,main_loop_iters,5
U1,5000,1,9,HopcroftKarpMatcher,-1,na,total_bfs_edges_visited,9875
U1,5000,1,9,HopcroftKarpMatcher,-1,na,total_edges_visited,18387
U1,5000,1,9,HopcroftKarpMatcher,-1,na,matching_size,2726
U1,5000,1,9,HopcroftKarpMatcher,-1,na,wall_clock_ms,281.634
U1,5000,1,9,HopcroftKarpMatcher,-1,na,matching_size,2726
U1,2000,1,8,SimpleAugmentingMatcher,-1,na,wall_clock_ms,4.98224
U1,2000,1,8,SimpleAugmentingMatcher,-1,na,matching_size,1087
U1,2000,1,8,HopcroftKarpMatcher,0,na,paths_found_per_phase,1016
U1,2000,1,8,HopcroftKarpMatcher,0,na,bfs_edges_visited,2000
U1,2000,1,8,HopcroftKarpMatcher,0,na,dfs_edges_visited,1457
U1,2000,1,8,HopcroftKarpMatcher,0,na,defect_at_iteration,984
U1,2000,1,8,HopcroftKarpMatcher,1,na,paths_found_per_phase,69
U1,2000,1,8,HopcroftKarpMatcher,1,na,bfs_edges_visited,733
U1,2000,1,8,HopcroftKarpMatcher,1,na,dfs_edges_visited,742
U1,2000,1,8,HopcroftKarpMatcher,1,na,defect_at_iteration,915
U1,2000,1,8,HopcroftKarpMatcher,2,na,paths_found_per_phase,1
U1,2000,1,8,HopcroftKarpMatcher,2,na,bfs_edges_visited,494
U1,2000,1,8,HopcroftKarpMatcher,2,na,dfs_edges_visited,505
U1,2000,1,8,HopcroftKarpMatcher,2,na,defect_at_iteration,914
U1,2000,1,8,HopcroftKarpMatcher,3,na,paths_found_per_phase,1
U1,2000,1,8,HopcroftKarpMatcher,3,na,bfs_edges_visited,512
U1,2000,1,8,HopcroftKarpMatcher,3,na,dfs_edges_visited,509
U1,2000,1,8,HopcroftKarpMatcher,3,na,defect_at_iteration,913
U1,2000,1,8,HopcroftKarpMatcher,-1,na,phase_count,4
U1,2000,1,8,HopcroftKarpMatcher,-1,na,main_loop_iters,4
U1,2000,1,8,HopcroftKarpMatcher,-1,na,total_bfs_edges_visited,3739
U1,2000,1,8,HopcroftKarpMatcher,-1,na,total_edges_visited,6952
U1,2000,1,8,HopcroftKarpMatcher,-1,na,matching_size,1087
U1,2000,1,8,HopcroftKarpMatcher,-1,na,wall_clock_ms,29.6025
U1,2000,1,8,HopcroftKarpMatcher,-1,na,matching_size,1087
U1,500,1,4,SimpleAugmentingMatcher,-1,na,wall_clock_ms,0.308033
U1,500,1,4,SimpleAugmentingMatcher,-1,na,matching_size,272
U1,500,1,4,HopcroftKarpMatcher,0,na,paths_found_per_phase,249
U1,500,1,4,HopcroftKarpMatcher,0,na,bfs_edges_visited,500
U1,500,1,4,HopcroftKarpMatcher,0,na,dfs_edges_visited,354
U1,500,1,4,HopcroftKarpMatcher,0,na,defect_at_iteration,251
U1,500,1,4,HopcroftKarpMatcher,1,na,paths_found_per_phase,23
U1,500,1,4,HopcroftKarpMatcher,1,na,bfs_edges_visited,180
U1,500,1,4,HopcroftKarpMatcher,1,na,dfs_edges_visited,197
U1,500,1,4,HopcroftKarpMatcher,1,na,defect_at_iteration,228
U1,500,1,4,HopcroftKarpMatcher,-1,na,phase_count,2
U1,500,1,4,HopcroftKarpMatcher,-1,na,main_loop_iters,2
U1,500,1,4,HopcroftKarpMatcher,-1,na,total_bfs_edges_visited,680
U1,500,1,4,HopcroftKarpMatcher,-1,na,total_edges_visited,1231
U1,500,1,4,HopcroftKarpMatcher,-1,na,matching_size,272
U1,500,1,4,HopcroftKarpMatcher,-1,na,wall_clock_ms,0.941218
U1,500,1,4,HopcroftKarpMatcher,-1,na,matching_size,272
U1,5000,1,0,SimpleAugmentingMatcher,-1,na,wall_clock_ms,30.9447
U1,5000,1,0,SimpleAugmentingMatcher,-1,na,matching_size,2713
U1,5000,1,0,HopcroftKarpMatcher,0,na,paths_found_per_phase,2555
U1,5000,1,0,HopcroftKarpMatcher,0,na,bfs_edges_visited,5000
U1,5000,1,0,HopcroftKarpMatcher,0,na,dfs_edges_visited,3611
U1,5000,1,0,HopcroftKarpMatcher,0,na,defect_at_iteration,2445
U1,5000,1,0,HopcroftKarpMatcher,1,na,paths_found_per_phase,144
U1,5000,1,0,HopcroftKarpMatcher,1,na,bfs_edges_visited,1695
U1,5000,1,0,HopcroftKarpMatcher,1,na,dfs_edges_visited,1821
U1,5000,1,0,HopcroftKarpMatcher,1,na,defect_at_iteration,2301
U1,5000,1,0,HopcroftKarpMatcher,2,na,paths_found_per_phase,11
U1,5000,1,0,HopcroftKarpMatcher,2,na,bfs_edges_visited,1303
U1,5000,1,0,HopcroftKarpMatcher,2,na,dfs_edges_visited,1350
U1,5000,1,0,HopcroftKarpMatcher,2,na,defect_at_iteration,2290
U1,5000,1,0,HopcroftKarpMatcher,3,na,paths_found_per_phase,2
U1,5000,1,0,HopcroftKarpMatcher,3,na,bfs_edges_visited,1308
U1,5000,1,0,HopcroftKarpMatcher,3,na,dfs_edges_visited,1318
U1,5000,1,0,HopcroftKarpMatcher,3,na,defect_at_iteration,2288
U1,5000,1,0,HopcroftKarpMatcher,4,na,paths_found_per_phase,1
U1,5000,1,0,HopcroftKarpMatcher,4,na,bfs_edges_visited,1294
U1,5000,1,0,HopcroftKarpMatcher,4,na,dfs_edges_visited,1281
U1,5000,1,0,HopcroftKarpMatcher,4,na,defect_at_iteration,2287
U1,5000,1,0,HopcroftKarpMatcher,-1,na,phase_count,5
U1,5000,1,0,HopcroftKarpMatcher,-1,na,main_loop_iters,5
U1,5000,1,0,HopcroftKarpMatcher,-1,na,total_bfs_edges_visited,10600
U1,5000,1,0,HopcroftKarpMatcher,-1,na,total_edges_visited,19981
U1,5000,1,0,HopcroftKarpMatcher,-1,na,matching_size,2713
U1,5000,1,0,HopcroftKarpMatcher,-1,na,wall_clock_ms,220.01
U1,5000,1,0,HopcroftKarpMatcher,-1,na,matching_size,2713
U1,2000,1.5,8,SimpleAugmentingMatcher,-1,na,wall_clock_ms,1554.1
U1,2000,1.5,8,SimpleAugmentingMatcher,-1,na,matching_size,2000
U1,2000,1.5,8,HopcroftKarpMatcher,0,na,paths_found_per_phase,1967
U1,2000,1.5,8,HopcroftKarpMatcher,0,na,bfs_edges_visited,89442
U1,2000,1.5,8,HopcroftKarpMatcher,0,na,dfs_edges_visited,44669
U1,2000,1.5,8,HopcroftKarpMatcher,0,na,defect_at_iteration,33
U1,2000,1.5,8,HopcroftKarpMatcher,1,na,paths_found_per_phase,33
U1,2000,1.5,8,HopcroftKarpMatcher,1,na,bfs_edges_visited,48113
U1,2000,1.5,8,HopcroftKarpMatcher,1,na,dfs_edges_visited,7228
U1,2000,1.5,8,HopcroftKarpMatcher,1,na,defect_at_iteration,0
U1,2000,1.5,8,HopcroftKarpMatcher,-1,na,phase_count,2
U1,2000,1.5,8,HopcroftKarpMatcher,-1,na,main_loop_iters,2
U1,2000,1.5,8,HopcroftKarpMatcher,-1,na,total_bfs_edges_visited,137555
U1,2000,1.5,8,HopcroftKarpMatcher,-1,na,total_edges_visited,189452
U1,2000,1.5,8,HopcroftKarpMatcher,-1,na,matching_size,2000
U1,2000,1.5,8,HopcroftKarpMatcher,-1,na,wall_clock_ms,13.1733
U1,2000,1.5,8,HopcroftKarpMatcher,-1,na,matching_size,2000
U1,500,1.5,3,SimpleAugmentingMatcher,-1,na,wall_clock_ms,23.6919
U1,500,1.5,3,SimpleAugmentingMatcher,-1,na,matching_size,500
U1,500,1.5,3,HopcroftKarpMatcher,0,na,paths_found_per_phase,486
U1,500,1.5,3,HopcroftKarpMatcher,0,na,bfs_edges_visited,11180
U1,500,1.5,3,HopcroftKarpMatcher,0,na,dfs_edges_visited,5651
U1,500,1.5,3,HopcroftKarpMatcher,0,na,defect_at_iteration,14
U1,500,1.5,3,HopcroftKarpMatcher,1,na,paths_found_per_phase,14
U1,500,1.5,3,HopcroftKarpMatcher,1,na,bfs_edges_visited,4864
U1,500,1.5,3,HopcroftKarpMatcher,1,na,dfs_edges_visited,2700
U1,500,1.5,3,HopcroftKarpMatcher,1,na,defect_at_iteration,0
U1,500,1.5,3,HopcroftKarpMatcher,-1,na,phase_count,2
U1,500,1.5,3,HopcroftKarpMatcher,-1,na,main_loop_iters,2
U1,500,1.5,3,HopcroftKarpMatcher,-1,na,total_bfs_edges_visited,16044
U1,500,1.5,3,HopcroftKarpMatcher,-1,na,total_edges_visited,24395
U1,500,1.5,3,HopcroftKarpMatcher,-1,na,matching_size,500
U1,500,1.5,3,HopcroftKarpMatcher,-1,na,wall_clock_ms,1.05445
U1,500,1.5,3,HopcroftKarpMatcher,-1,na,matching_size,500
U1,5000,2,4,SimpleAugmentingMatcher,-1,na,wall_clock_ms,42811.9
U1,5000,2,4,SimpleAugmentingMatcher,-1,na,matching_size,5000
U1,5000,2,4,HopcroftKarpMatcher,0,na,paths_found_per_phase,5000
U1,5000,2,4,HopcroftKarpMatcher,0,na,bfs_edges_visited,2.5e+07
U1,5000,2,4,HopcroftKarpMatcher,0,na,dfs_edges_visited,1.25025e+07
U1,5000,2,4,HopcroftKarpMatcher,0,na,defect_at_iteration,0
U1,5000,2,4,HopcroftKarpMatcher,-1,na,phase_count,1
U1,5000,2,4,HopcroftKarpMatcher,-1,na,main_loop_iters,1
U1,5000,2,4,HopcroftKarpMatcher,-1,na,total_bfs_edges_visited,2.5e+07
U1,5000,2,4,HopcroftKarpMatcher,-1,na,total_edges_visited,3.75025e+07
U1,5000,2,4,HopcroftKarpMatcher,-1,na,matching_size,5000
U1,5000,2,4,HopcroftKarpMatcher,-1,na,wall_clock_ms,81.3833
U1,5000,2,4,HopcroftKarpMatcher,-1,na,matching_size,5000
U1,1000,2,7,SimpleAugmentingMatcher,-1,na,wall_clock_ms,285.705
U1,1000,2,7,SimpleAugmentingMatcher,-1,na,matching_size,1000
U1,1000,2,7,HopcroftKarpMatcher,0,na,paths_found_per_phase,1000
U1,1000,2,7,HopcroftKarpMatcher,0,na,bfs_edges_visited,1e+06
U1,1000,2,7,HopcroftKarpMatcher,0,na,dfs_edges_visited,500500
U1,1000,2,7,HopcroftKarpMatcher,0,na,defect_at_iteration,0
U1,1000,2,7,HopcroftKarpMatcher,-1,na,phase_count,1
U1,1000,2,7,HopcroftKarpMatcher,-1,na,main_loop_iters,1
U1,1000,2,7,HopcroftKarpMatcher,-1,na,total_bfs_edges_visited,1e+06
U1,1000,2,7,HopcroftKarpMatcher,-1,na,total_edges_visited,1.5005e+06
U1,1000,2,7,HopcroftKarpMatcher,-1,na,matching_size,1000
U1,1000,2,7,HopcroftKarpMatcher,-1,na,wall_clock_ms,2.63027
U1,1000,2,7,HopcroftKarpMatcher,-1,na,matching_size,1000
U1,50,1.5,6,SimpleAugmentingMatcher,-1,na,wall_clock_ms,0.039192
U1,50,1.5,6,SimpleAugmentingMatcher,-1,na,matching_size,50
U1,50,1.5,6,HopcroftKarpMatcher,0,na,paths_found_per_phase,45
U1,50,1.5,6,HopcroftKarpMatcher,0,na,bfs_edges_visited,353
U1,50,1.5,6,HopcroftKarpMatcher,0,na,dfs_edges_visited,172
U1,50,1.5,6,HopcroftKarpMatcher,0,na,defect_at_iteration,5
U1,50,1.5,6,HopcroftKarpMatcher,1,na,paths_found_per_phase,5
U1,50,1.5,6,HopcroftKarpMatcher,1,na,bfs_edges_visited,139
U1,50,1.5,6,HopcroftKarpMatcher,1,na,dfs_edges_visited,83
U1,50,1.5,6,HopcroftKarpMatcher,1,na,defect_at_iteration,0
U1,50,1.5,6,HopcroftKarpMatcher,-1,na,phase_count,2
U1,50,1.5,6,HopcroftKarpMatcher,-1,na,main_loop_iters,2
U1,50,1.5,6,HopcroftKarpMatcher,-1,na,total_bfs_edges_visited,492
U1,50,1.5,6,HopcroftKarpMatcher,-1,na,total_edges_visited,747
U1,50,1.5,6,HopcroftKarpMatcher,-1,na,matching_size,50
U1,50,1.5,6,HopcroftKarpMatcher,-1,na,wall_clock_ms,0.029644
U1,50,1.5,6,HopcroftKarpMatcher,-1,na,matching_size,50
U1,500,2,3,SimpleAugmentingMatcher,-1,na,wall_clock_ms,36.1957
U1,500,2,3,SimpleAugmentingMatcher,-1,na,matching_size,500
U1,500,2,3,HopcroftKarpMatcher,0,na,paths_found_per_phase,500
U1,500,2,3,HopcroftKarpMatcher,0,na,bfs_edges_visited,250000
U1,500,2,3,HopcroftKarpMatcher,0,na,dfs_edges_visited,125250
U1,500,2,3,HopcroftKarpMatcher,0,na,defect_at_iteration,0
U1,500,2,3,HopcroftKarpMatcher,-1,na,phase_count,1
U1,500,2,3,HopcroftKarpMatcher,-1,na,main_loop_iters,1
U1,500,2,3,HopcroftKarpMatcher,-1,na,total_bfs_edges_visited,250000
U1,500,2,3,HopcroftKarpMatcher,-1,na,total_edges_visited,375250
U1,500,2,3,HopcroftKarpMatcher,-1,na,matching_size,500
U1,500,2,3,HopcroftKarpMatcher,-1,na,wall_clock_ms,0.669723
U1,500,2,3,HopcroftKarpMatcher,-1,na,matching_size,500
U1,100,1.5,3,SimpleAugmentingMatcher,-1,na,wall_clock_ms,0.250745
U1,100,1.5,3,SimpleAugmentingMatcher,-1,na,matching_size,100
U1,100,1.5,3,HopcroftKarpMatcher,0,na,paths_found_per_phase,90
U1,100,1.5,3,HopcroftKarpMatcher,0,na,bfs_edges_visited,1000
U1,100,1.5,3,HopcroftKarpMatcher,0,na,dfs_edges_visited,515
U1,100,1.5,3,HopcroftKarpMatcher,0,na,defect_at_iteration,10
U1,100,1.5,3,HopcroftKarpMatcher,1,na,paths_found_per_phase,9
U1,100,1.5,3,HopcroftKarpMatcher,1,na,bfs_edges_visited,713
U1,100,1.5,3,HopcroftKarpMatcher,1,na,dfs_edges_visited,481
U1,100,1.5,3,HopcroftKarpMatcher,1,na,defect_at_iteration,1
U1,100,1.5,3,HopcroftKarpMatcher,2,na,paths_found_per_phase,1
U1,100,1.5,3,HopcroftKarpMatcher,2,na,bfs_edges_visited,637
U1,100,1.5,3,HopcroftKarpMatcher,2,na,dfs_edges_visited,328
U1,100,1.5,3,HopcroftKarpMatcher,2,na,defect_at_iteration,0
U1,100,1.5,3,HopcroftKarpMatcher,-1,na,phase_count,3
U1,100,1.5,3,HopcroftKarpMatcher,-1,na,main_loop_iters,3
U1,100,1.5,3,HopcroftKarpMatcher,-1,na,total_bfs_edges_visited,2350
U1,100,1.5,3,HopcroftKarpMatcher,-1,na,total_edges_visited,3674
U1,100,1.5,3,HopcroftKarpMatcher,-1,na,matching_size,100
U1,100,1.5,3,HopcroftKarpMatcher,-1,na,wall_clock_ms,0.091929
U1,100,1.5,3,HopcroftKarpMatcher,-1,na,matching_size,100
U1,1000,2,0,SimpleAugmentingMatcher,-1,na,wall_clock_ms,325.509
U1,1000,2,0,SimpleAugmentingMatcher,-1,na,matching_size,1000
U1,1000,2,0,HopcroftKarpMatcher,0,na,paths_found_per_phase,1000
U1,1000,2,0,HopcroftKarpMatcher,0,na,bfs_edges_visited,1e+06
U1,1000,2,0,HopcroftKarpMatcher,0,na,dfs_edges_visited,500500
U1,1000,2,0,HopcroftKarpMatcher,0,na,defect_at_iteration,0
U1,1000,2,0,HopcroftKarpMatcher,-1,na,phase_count,1
U1,1000,2,0,HopcroftKarpMatcher,-1,na,main_loop_iters,1
U1,1000,2,0,HopcroftKarpMatcher,-1,na,total_bfs_edges_visited,1e+06
U1,1000,2,0,HopcroftKarpMatcher,-1,na,total_edges_visited,1.5005e+06
U1,1000,2,0,HopcroftKarpMatcher,-1,na,matching_size,1000
U1,1000,2,0,HopcroftKarpMatcher,-1,na,wall_clock_ms,3.28092
U1,1000,2,0,HopcroftKarpMatcher,-1,na,matching_size,1000
