test_id,n,alpha,rep,algorithm,iteration,weight_regime,metric_name,metric_value
U3,100,2,16,SimpleAugmentingMatcher,-1,na,wall_clock_ms,0.338971
U3,100,2,16,SimpleAugmentingMatcher,-1,na,matching_size,100
U3,100,2,16,HopcroftKarpMatcher,0,na,paths_found_per_phase,100
U3,100,2,16,HopcroftKarpMatcher,0,na,bfs_edges_visited,10000
U3,100,2,16,HopcroftKarpMatcher,0,na,dfs_edges_visited,5050
U3,100,2,16,HopcroftKarpMatcher,0,na,defect_at_iteration,0
U3,100,2,16,HopcroftKarpMatcher,-1,na,phase_count,1
U3,100,2,16,HopcroftKarpMatcher,-1,na,main_loop_iters,1
U3,100,2,16,HopcroftKarpMatcher,-1,na,total_bfs_edges_visited,10000
U3,100,2,16,HopcroftKarpMatcher,-1,na,total_edges_visited,15050
U3,100,2,16,HopcroftKarpMatcher,-1,na,matching_size,100
U3,100,2,16,HopcroftKarpMatcher,-1,na,wall_clock_ms,0.026639
U3,100,2,16,HopcroftKarpMatcher,-1,na,matching_size,100
U3,800,2,2,SimpleAugmentingMatcher,-1,na,wall_clock_ms,112.375
U3,800,2,2,SimpleAugmentingMatcher,-1,na,matching_size,800
U3,800,2,2,HopcroftKarpMatcher,0,na,paths_found_per_phase,800
U3,800,2,2,HopcroftKarpMatcher,0,na,bfs_edges_visited,640000
U3,800,2,2,HopcroftKarpMatcher,0,na,dfs_edges_visited,320400
U3,800,2,2,HopcroftKarpMatcher,0,na,defect_at_iteration,0
U3,800,2,2,HopcroftKarpMatcher,-1,na,phase_count,1
U3,800,2,2,HopcroftKarpMatcher,-1,na,main_loop_iters,1
U3,800,2,2,HopcroftKarpMatcher,-1,na,total_bfs_edges_visited,640000
U3,800,2,2,HopcroftKarpMatcher,-1,na,total_edges_visited,960400
U3,800,2,2,HopcroftKarpMatcher,-1,na,matching_size,800
U3,800,2,2,HopcroftKarpMatcher,-1,na,wall_clock_ms,1.2887
U3,800,2,2,HopcroftKarpMatcher,-1,na,matching_size,800
U3,800,2,11,SimpleAugmentingMatcher,-1,na,wall_clock_ms,112.283
U3,800,2,11,SimpleAugmentingMatcher,-1,na,matching_size,800
U3,800,2,11,HopcroftKarpMatcher,0,na,paths_found_per_phase,800
U3,800,2,11,HopcroftKarpMatcher,0,na,bfs_edges_visited,640000
U3,800,2,11,HopcroftKarpMatcher,0,na,dfs_edges_visited,320400
U3,800,2,11,HopcroftKarpMatcher,0,na,defect_at_iteration,0
U3,800,2,11,HopcroftKarpMatcher,-1,na,phase_count,1
U3,800,2,11,HopcroftKarpMatcher,-1,na,main_loop_iters,1
U3,800,2,11,HopcroftKarpMatcher,-1,na,total_bfs_edges_visited,640000
U3,800,2,11,HopcroftKarpMatcher,-1,na,total_edges_visited,960400
U3,800,2,11,HopcroftKarpMatcher,-1,na,matching_size,800
U3,800,2,11,HopcroftKarpMatcher,-1,na,wall_clock_ms,1.28789
U3,800,2,11,HopcroftKarpMatcher,-1,na,matching_size,800
U3,1600,1.5,14,SimpleAugmentingMatcher,-1,na,wall_clock_ms,599.345
U3,1600,1.5,14,SimpleAugmentingMatcher,-1,na,matching_size,1600
U3,1600,1.5,14,HopcroftKarpMatcher,0,na,paths_found_per_phase,1571
U3,1600,1.5,14,HopcroftKarpMatcher,0,na,bfs_edges_visited,64000
U3,1600,1.5,14,HopcroftKarpMatcher,0,na,dfs_edges_visited,32185
U3,1600,1.5,14,HopcroftKarpMatcher,0,na,defect_at_iteration,29
U3,1600,1.5,14,HopcroftKarpMatcher,1,na,paths_found_per_phase,29
U3,1600,1.5,14,HopcroftKarpMatcher,1,na,bfs_edges_visited,33878
U3,1600,1.5,14,HopcroftKarpMatcher,1,na,dfs_edges_visited,6165
U3,1600,1.5,14,HopcroftKarpMatcher,1,na,defect_at_iteration,0
U3,1600,1.5,14,HopcroftKarpMatcher,-1,na,phase_count,2
U3,1600,1.5,14,HopcroftKarpMatcher,-1,na,main_loop_iters,2
U3,1600,1.5,14,HopcroftKarpMatcher,-1,na,total_bfs_edges_visited,97878
U3,1600,1.5,14,HopcroftKarpMatcher,-1,na,total_edges_visited,136228
U3,1600,1.5,14,HopcroftKarpMatcher,-1,na,matching_size,1600
U3,1600,1.5,14,HopcroftKarpMatcher,-1,na,wall_clock_ms,6.63423
U3,1600,1.5,14,HopcroftKarpMatcher,-1,na,matching_size,1600
U3,6400,1.25,19,SimpleAugmentingMatcher,-1,na,wall_clock_ms,7964.89
U3,6400,1.25,19,SimpleAugmentingMatcher,-1,na,matching_size,6399
U3,6400,1.25,19,HopcroftKarpMatcher,0,na,paths_found_per_phase,5910
U3,6400,1.25,19,HopcroftKarpMatcher,0,na,bfs_edges_visited,57243
U3,6400,1.25,19,HopcroftKarpMatcher,0,na,dfs_edges_visited,29296
U3,6400,1.25,19,HopcroftKarpMatcher,0,na,defect_at_iteration,490
U3,6400,1.25,19,HopcroftKarpMatcher,1,na,paths_found_per_phase,459
U3,6400,1.25,19,HopcroftKarpMatcher,1,na,bfs_edges_visited,28189
U3,6400,1.25,19,HopcroftKarpMatcher,1,na,dfs_edges_visited,25565
U3,6400,1.25,19,HopcroftKarpMatcher,1,na,defect_at_iteration,31
U3,6400,1.25,19,HopcroftKarpMatcher,2,na,paths_found_per_phase,27
U3,6400,1.25,19,HopcroftKarpMatcher,2,na,bfs_edges_visited,13426
U3,6400,1.25,19,HopcroftKarpMatcher,2,na,dfs_edges_visited,19781
U3,6400,1.25,19,HopcroftKarpMatcher,2,na,defect_at_iteration,4
U3,6400,1.25,19,HopcroftKarpMatcher,3,na,paths_found_per_phase,2
U3,6400,1.25,19,HopcroftKarpMatcher,3,na,bfs_edges_visited,6378
U3,6400,1.25,19,HopcroftKarpMatcher,3,na,dfs_edges_visited,15564
U3,6400,1.25,19,HopcroftKarpMatcher,3,na,defect_at_iteration,2
U3,6400,1.25,19,HopcroftKarpMatcher,4,na,paths_found_per_phase,1
U3,6400,1.25,19,HopcroftKarpMatcher,4,na,bfs_edges_visited,50749
U3,6400,1.25,19,HopcroftKarpMatcher,4,na,dfs_edges_visited,8153
U3,6400,1.25,19,HopcroftKarpMatcher,4,na,defect_at_iteration,1
U3,6400,1.25,19,HopcroftKarpMatcher,-1,na,phase_count,5
U3,6400,1.25,19,HopcroftKarpMatcher,-1,na,main_loop_iters,5
U3,6400,1.25,19,HopcroftKarpMatcher,-1,na,total_bfs_edges_visited,155985
U3,6400,1.25,19,HopcroftKarpMatcher,-1,na,total_edges_visited,254344
U3,6400,1.25,19,HopcroftKarpMatcher,-1,na,matching_size,6399
U3,6400,1.25,19,HopcroftKarpMatcher,-1,na,wall_clock_ms,178.697
U3,6400,1.25,19,HopcroftKarpMatcher,-1,na,matching_size,6399
U3,800,2,9,SimpleAugmentingMatcher,-1,na,wall_clock_ms,112.33
U3,800,2,9,SimpleAugmentingMatcher,-1,na,matching_size,800
U3,800,2,9,HopcroftKarpMatcher,0,na,paths_found_per_phase,800
U3,800,2,9,HopcroftKarpMatcher,0,na,bfs_edges_visited,640000
U3,800,2,9,HopcroftKarpMatcher,0,na,dfs_edges_visited,320400
U3,800,2,9,HopcroftKarpMatcher,0,na,defect_at_iteration,0
U3,800,2,9,HopcroftKarpMatcher,-1,na,phase_count,1
U3,800,2,9,HopcroftKarpMatcher,-1,na,main_loop_iters,1
U3,800,2,9,HopcroftKarpMatcher,-1,na,total_bfs_edges_visited,640000
U3,800,2,9,HopcroftKarpMatcher,-1,na,total_edges_visited,960400
U3,800,2,9,HopcroftKarpMatcher,-1,na,matching_size,800
U3,800,2,9,HopcroftKarpMatcher,-1,na,wall_clock_ms,1.29132
U3,800,2,9,HopcroftKarpMatcher,-1,na,matching_size,800
U3,200,1.5,19,SimpleAugmentingMatcher,-1,na,wall_clock_ms,1.28942
U3,200,1.5,19,SimpleAugmentingMatcher,-1,na,matching_size,200
U3,200,1.5,19,HopcroftKarpMatcher,0,na,paths_found_per_phase,186
U3,200,1.5,19,HopcroftKarpMatcher,0,na,bfs_edges_visited,2828
U3,200,1.5,19,HopcroftKarpMatcher,0,na,dfs_edges_visited,1440
U3,200,1.5,19,HopcroftKarpMatcher,0,na,defect_at_iteration,14
U3,200,1.5,19,HopcroftKarpMatcher,1,na,paths_found_per_phase,14
U3,200,1.5,19,HopcroftKarpMatcher,1,na,bfs_edges_visited,1823
U3,200,1.5,19,HopcroftKarpMatcher,1,na,dfs_edges_visited,587
U3,200,1.5,19,HopcroftKarpMatcher,1,na,defect_at_iteration,0
U3,200,1.5,19,HopcroftKarpMatcher,-1,na,phase_count,2
U3,200,1.5,19,HopcroftKarpMatcher,-1,na,main_loop_iters,2
U3,200,1.5,19,HopcroftKarpMatcher,-1,na,total_bfs_edges_visited,4651
U3,200,1.5,19,HopcroftKarpMatcher,-1,na,total_edges_visited,6678
U3,200,1.5,19,HopcroftKarpMatcher,-1,na,matching_size,200
U3,200,1.5,19,HopcroftKarpMatcher,-1,na,wall_clock_ms,0.174269
U3,200,1.5,19,HopcroftKarpMatcher,-1,na,matching_size,200
U3,800,1.5,3,SimpleAugmentingMatcher,-1,na,wall_clock_ms,74.5418
U3,800,1.5,3,SimpleAugmentingMatcher,-1,na,matching_size,800
U3,800,1.5,3,HopcroftKarpMatcher,0,na,paths_found_per_phase,782
U3,800,1.5,3,HopcroftKarpMatcher,0,na,bfs_edges_visited,22627
U3,800,1.5,3,HopcroftKarpMatcher,0,na,dfs_edges_visited,11338
U3,800,1.5,3,HopcroftKarpMatcher,0,na,defect_at_iteration,18
U3,800,1.5,3,HopcroftKarpMatcher,1,na,paths_found_per_phase,18
U3,800,1.5,3,HopcroftKarpMatcher,1,na,bfs_edges_visited,10112
U3,800,1.5,3,HopcroftKarpMatcher,1,na,dfs_edges_visited,3032
U3,800,1.5,3,HopcroftKarpMatcher,1,na,defect_at_iteration,0
U3,800,1.5,3,HopcroftKarpMatcher,-1,na,phase_count,2
U3,800,1.5,3,HopcroftKarpMatcher,-1,na,main_loop_iters,2
U3,800,1.5,3,HopcroftKarpMatcher,-1,na,total_bfs_edges_visited,32739
U3,800,1.5,3,HopcroftKarpMatcher,-1,na,total_edges_visited,47109
U3,800,1.5,3,HopcroftKarpMatcher,-1,na,matching_size,800
U3,800,1.5,3,HopcroftKarpMatcher,-1,na,wall_clock_ms,1.7807
U3,800,1.5,3,HopcroftKarpMatcher,-1,na,matching_size,800
U3,100,2,15,SimpleAugmentingMatcher,-1,na,wall_clock_ms,0.251752
U3,100,2,15,SimpleAugmentingMatcher,-1,na,matching_size,100
U3,100,2,15,HopcroftKarpMatcher,0,na,paths_found_per_phase,100
U3,100,2,15,HopcroftKarpMatcher,0,na,bfs_edges_visited,10000
U3,100,2,15,HopcroftKarpMatcher,0,na,dfs_edges_visited,5050
U3,100,2,15,HopcroftKarpMatcher,0,na,defect_at_iteration,0
U3,100,2,15,HopcroftKarpMatcher,-1,na,phase_count,1
U3,100,2,15,HopcroftKarpMatcher,-1,na,main_loop_iters,1
U3,100,2,15,HopcroftKarpMatcher,-1,na,total_bfs_edges_visited,10000
U3,100,2,15,HopcroftKarpMatcher,-1,na,total_edges_visited,15050
U3,100,2,15,HopcroftKarpMatcher,-1,na,matching_size,100
U3,100,2,15,HopcroftKarpMatcher,-1,na,wall_clock_ms,0.026368
U3,100,2,15,HopcroftKarpMatcher,-1,na,matching_size,100
U3,3200,1.5,7,SimpleAugmentingMatcher,-1,na,wall_clock_ms,4840.72
U3,3200,1.5,7,SimpleAugmentingMatcher,-1,na,matching_size,3200
U3,3200,1.5,7,HopcroftKarpMatcher,0,na,paths_found_per_phase,3158
U3,3200,1.5,7,HopcroftKarpMatcher,0,na,bfs_edges_visited,181019
U3,3200,1.5,7,HopcroftKarpMatcher,0,na,dfs_edges_visited,90621
U3,3200,1.5,7,HopcroftKarpMatcher,0,na,defect_at_iteration,42
U3,3200,1.5,7,HopcroftKarpMatcher,1,na,paths_found_per_phase,42
U3,3200,1.5,7,HopcroftKarpMatcher,1,na,bfs_edges_visited,95216
U3,3200,1.5,7,HopcroftKarpMatcher,1,na,dfs_edges_visited,15954
U3,3200,1.5,7,HopcroftKarpMatcher,1,na,defect_at_iteration,0
U3,3200,1.5,7,HopcroftKarpMatcher,-1,na,phase_count,2
U3,3200,1.5,7,HopcroftKarpMatcher,-1,na,main_loop_iters,2
U3,3200,1.5,7,HopcroftKarpMatcher,-1,na,total_bfs_edges_visited,276235
U3,3200,1.5,7,HopcroftKarpMatcher,-1,na,total_edges_visited,382810
U3,3200,1.5,7,HopcroftKarpMatcher,-1,na,matching_size,3200
U3,3200,1.5,7,HopcroftKarpMatcher,-1,na,wall_clock_ms,24.8026
U3,3200,1.5,7,HopcroftKarpMatcher,-1,na,matching_size,3200
U3,100,1,0,SimpleAugmentingMatcher,-1,na,wall_clock_ms,0.013329
U3,100,1,0,SimpleAugmentingMatcher,-1,na,matching_size,54
U3,100,1,0,HopcroftKarpMatcher,0,na,paths_found_per_phase,52
U3,100,1,0,HopcroftKarpMatcher,0,na,bfs_edges_visited,100
U3,100,1,0,HopcroftKarpMatcher,0,na,dfs_edges_visited,81
U3,100,1,0,HopcroftKarpMatcher,0,na,defect_at_iteration,48
U3,100,1,0,HopcroftKarpMatcher,1,na,paths_found_per_phase,2
U3,100,1,0,HopcroftKarpMatcher,1,na,bfs_edges_visited,43
U3,100,1,0,HopcroftKarpMatcher,1,na,dfs_edges_visited,49
U3,100,1,0,HopcroftKarpMatcher,1,na,defect_at_iteration,46
U3,100,1,0,HopcroftKarpMatcher,-1,na,phase_count,2
U3,100,1,0,HopcroftKarpMatcher,-1,na,main_loop_iters,2
U3,100,1,0,HopcroftKarpMatcher,-1,na,total_bfs_edges_visited,143
U3,100,1,0,HopcroftKarpMatcher,-1,na,total_edges_visited,273
U3,100,1,0,HopcroftKarpMatcher,-1,na,matching_size,54
U3,100,1,0,HopcroftKarpMatcher,-1,na,wall_clock_ms,0.049353
U3,100,1,0,HopcroftKarpMatcher,-1,na,matching_size,54
U3,3200,2,2,SimpleAugmentingMatcher,-1,na,wall_clock_ms,7086.45
U3,3200,2,2,SimpleAugmentingMatcher,-1,na,matching_size,3200
U3,3200,2,2,HopcroftKarpMatcher,0,na,paths_found_per_phase,3200
U3,3200,2,2,HopcroftKarpMatcher,0,na,bfs_edges_visited,1.024e+07
U3,3200,2,2,HopcroftKarpMatcher,0,na,dfs_edges_visited,5.1216e+06
U3,3200,2,2,HopcroftKarpMatcher,0,na,defect_at_iteration,0
U3,3200,2,2,HopcroftKarpMatcher,-1,na,phase_count,1
U3,3200,2,2,HopcroftKarpMatcher,-1,na,main_loop_iters,1
U3,3200,2,2,HopcroftKarpMatcher,-1,na,total_bfs_edges_visited,1.024e+07
U3,3200,2,2,HopcroftKarpMatcher,-1,na,total_edges_visited,1.53616e+07
U3,3200,2,2,HopcroftKarpMatcher,-1,na,matching_size,3200
U3,3200,2,2,HopcroftKarpMatcher,-1,na,wall_clock_ms,20.4492
U3,3200,2,2,HopcroftKarpMatcher,-1,na,matching_size,3200
U3,3200,1,12,SimpleAugmentingMatcher,-1,na,wall_clock_ms,9.66491
U3,3200,1,12,SimpleAugmentingMatcher,-1,na,matching_size,1714
U3,3200,1,12,HopcroftKarpMatcher,0,na,paths_found_per_phase,1629
U3,3200,1,12,HopcroftKarpMatcher,0,na,bfs_edges_visited,3200
U3,3200,1,12,HopcroftKarpMatcher,0,na,dfs_edges_visited,2329
U3,3200,1,12,HopcroftKarpMatcher,0,na,defect_at_iteration,1571
U3,3200,1,12,HopcroftKarpMatcher,1,na,paths_found_per_phase,81
U3,3200,1,12,HopcroftKarpMatcher,1,na,bfs_edges_visited,1048
U3,3200,1,12,HopcroftKarpMatcher,1,na,dfs_edges_visited,1105
U3,3200,1,12,HopcroftKarpMatcher,1,na,defect_at_iteration,1490
U3,3200,1,12,HopcroftKarpMatcher,2,na,paths_found_per_phase,4
U3,3200,1,12,HopcroftKarpMatcher,2,na,bfs_edges_visited,854
U3,3200,1,12,HopcroftKarpMatcher,2,na,dfs_edges_visited,858
U3,3200,1,12,HopcroftKarpMatcher,2,na,defect_at_iteration,1486
U3,3200,1,12,HopcroftKarpMatcher,-1,na,phase_count,3
U3,3200,1,12,HopcroftKarpMatcher,-1,na,main_loop_iters,3
U3,3200,1,12,HopcroftKarpMatcher,-1,na,total_bfs_edges_visited,5102
U3,3200,1,12,HopcroftKarpMatcher,-1,na,total_edges_visited,9394
U3,3200,1,12,HopcroftKarpMatcher,-1,na,matching_size,1714
U3,3200,1,12,HopcroftKarpMatcher,-1,na,wall_clock_ms,46.4759
U3,3200,1,12,HopcroftKarpMatcher,-1,na,matching_size,1714
U3,100,1.5,4,SimpleAugmentingMatcher,-1,na,wall_clock_ms,0.189995
U3,100,1.5,4,SimpleAugmentingMatcher,-1,na,matching_size,100
U3,100,1.5,4,HopcroftKarpMatcher,0,na,paths_found_per_phase,95
U3,100,1.5,4,HopcroftKarpMatcher,0,na,bfs_edges_visited,1000
U3,100,1.5,4,HopcroftKarpMatcher,0,na,dfs_edges_visited,517
U3,100,1.5,4,HopcroftKarpMatcher,0,na,defect_at_iteration,5
U3,100,1.5,4,HopcroftKarpMatcher,1,na,paths_found_per_phase,5
U3,100,1.5,4,HopcroftKarpMatcher,1,na,bfs_edges_visited,366
U3,100,1.5,4,HopcroftKarpMatcher,1,na,dfs_edges_visited,156
U3,100,1.5,4,HopcroftKarpMatcher,1,na,defect_at_iteration,0
U3,100,1.5,4,HopcroftKarpMatcher,-1,na,phase_count,2
U3,100,1.5,4,HopcroftKarpMatcher,-1,na,main_loop_iters,2
U3,100,1.5,4,HopcroftKarpMatcher,-1,na,total_bfs_edges_visited,1366
U3,100,1.5,4,HopcroftKarpMatcher,-1,na,total_edges_visited,2039
U3,100,1.5,4,HopcroftKarpMatcher,-1,na,matching_size,100
U3,100,1.5,4,HopcroftKarpMatcher,-1,na,wall_clock_ms,0.049952
U3,100,1.5,4,HopcroftKarpMatcher,-1,na,matching_size,100
U3,1600,1,9,SimpleAugmentingMatcher,-1,na,wall_clock_ms,2.46354
U3,1600,1,9,SimpleAugmentingMatcher,-1,na,matching_size,873
U3,1600,1,9,HopcroftKarpMatcher,0,na,paths_found_per_phase,815
U3,1600,1,9,HopcroftKarpMatcher,0,na,bfs_edges_visited,1600
U3,1600,1,9,HopcroftKarpMatcher,0,na,dfs_edges_visited,1192
U3,1600,1,9,HopcroftKarpMatcher,0,na,defect_at_iteration,785
U3,1600,1,9,HopcroftKarpMatcher,1,na,paths_found_per_phase,54
U3,1600,1,9,HopcroftKarpMatcher,1,na,bfs_edges_visited,617
U3,1600,1,9,HopcroftKarpMatcher,1,na,dfs_edges_visited,638
U3,1600,1,9,HopcroftKarpMatcher,1,na,defect_at_iteration,731
U3,1600,1,9,HopcroftKarpMatcher,2,na,paths_found_per_phase,4
U3,1600,1,9,HopcroftKarpMatcher,2,na,bfs_edges_visited,453
U3,1600,1,9,HopcroftKarpMatcher,2,na,dfs_edges_visited,456
U3,1600,1,9,HopcroftKarpMatcher,2,na,defect_at_iteration,727
U3,1600,1,9,HopcroftKarpMatcher,-1,na,phase_count,3
U3,1600,1,9,HopcroftKarpMatcher,-1,na,main_loop_iters,3
U3,1600,1,9,HopcroftKarpMatcher,-1,na,total_bfs_edges_visited,2670
U3,1600,1,9,HopcroftKarpMatcher,-1,na,total_edges_visited,4956
U3,1600,1,9,HopcroftKarpMatcher,-1,na,matching_size,873
U3,1600,1,9,HopcroftKarpMatcher,-1,na,wall_clock_ms,11.7607
U3,1600,1,9,HopcroftKarpMatcher,-1,na,matching_size,873
U3,400,1.25,12,SimpleAugmentingMatcher,-1,na,wall_clock_ms,2.8356
U3,400,1.25,12,SimpleAugmentingMatcher,-1,na,matching_size,393
U3,400,1.25,12,HopcroftKarpMatcher,0,na,paths_found_per_phase,337
U3,400,1.25,12,HopcroftKarpMatcher,0,na,bfs_edges_visited,1788
U3,400,1.25,12,HopcroftKarpMatcher,0,na,dfs_edges_visited,974
U3,400,1.25,12,HopcroftKarpMatcher,0,na,defect_at_iteration,63
U3,400,1.25,12,HopcroftKarpMatcher,1,na,paths_found_per_phase,44
U3,400,1.25,12,HopcroftKarpMatcher,1,na,bfs_edges_visited,847
U3,400,1.25,12,HopcroftKarpMatcher,1,na,dfs_edges_visited,791
U3,400,1.25,12,HopcroftKarpMatcher,1,na,defect_at_iteration,19
U3,400,1.25,12,HopcroftKarpMatcher,2,na,paths_found_per_phase,6
U3,400,1.25,12,HopcroftKarpMatcher,2,na,bfs_edges_visited,368
U3,400,1.25,12,HopcroftKarpMatcher,2,na,dfs_edges_visited,578
U3,400,1.25,12,HopcroftKarpMatcher,2,na,defect_at_iteration,13
U3,400,1.25,12,HopcroftKarpMatcher,3,na,paths_found_per_phase,4
U3,400,1.25,12,HopcroftKarpMatcher,3,na,bfs_edges_visited,884
U3,400,1.25,12,HopcroftKarpMatcher,3,na,dfs_edges_visited,604
U3,400,1.25,12,HopcroftKarpMatcher,3,na,defect_at_iteration,9
U3,400,1.25,12,HopcroftKarpMatcher,4,na,paths_found_per_phase,2
U3,400,1.25,12,HopcroftKarpMatcher,4,na,bfs_edges_visited,831
U3,400,1.25,12,HopcroftKarpMatcher,4,na,dfs_edges_visited,710
U3,400,1.25,12,HopcroftKarpMatcher,4,na,defect_at_iteration,7
U3,400,1.25,12,HopcroftKarpMatcher,-1,na,phase_count,5
U3,400,1.25,12,HopcroftKarpMatcher,-1,na,main_loop_iters,5
U3,400,1.25,12,HopcroftKarpMatcher,-1,na,total_bfs_edges_visited,4718
U3,400,1.25,12,HopcroftKarpMatcher,-1,na,total_edges_visited,8375
U3,400,1.25,12,HopcroftKarpMatcher,-1,na,matching_size,393
U3,400,1.25,12,HopcroftKarpMatcher,-1,na,wall_clock_ms,0.908317
U3,400,1.25,12,HopcroftKarpMatcher,-1,na,matching_size,393
U3,400,2,3,SimpleAugmentingMatcher,-1,na,wall_clock_ms,14.4082
U3,400,2,3,SimpleAugmentingMatcher,-1,na,matching_size,400
U3,400,2,3,HopcroftKarpMatcher,0,na,paths_found_per_phase,400
U3,400,2,3,HopcroftKarpMatcher,0,na,bfs_edges_visited,160000
U3,400,2,3,HopcroftKarpMatcher,0,na,dfs_edges_visited,80200
U3,400,2,3,HopcroftKarpMatcher,0,na,defect_at_iteration,0
U3,400,2,3,HopcroftKarpMatcher,-1,na,phase_count,1
U3,400,2,3,HopcroftKarpMatcher,-1,na,main_loop_iters,1
U3,400,2,3,HopcroftKarpMatcher,-1,na,total_bfs_edges_visited,160000
U3,400,2,3,HopcroftKarpMatcher,-1,na,total_edges_visited,240200
U3,400,2,3,HopcroftKarpMatcher,-1,na,matching_size,400
U3,400,2,3,HopcroftKarpMatcher,-1,na,wall_clock_ms,0.32995
U3,400,2,3,HopcroftKarpMatcher,-1,na,matching_size,400
U3,800,1.5,14,SimpleAugmentingMatcher,-1,na,wall_clock_ms,74.6862
U3,800,1.5,14,SimpleAugmentingMatcher,-1,na,matching_size,800
U3,800,1.5,14,HopcroftKarpMatcher,0,na,paths_found_per_phase,777
U3,800,1.5,14,HopcroftKarpMatcher,0,na,bfs_edges_visited,22627
U3,800,1.5,14,HopcroftKarpMatcher,0,na,dfs_edges_visited,11417
U3,800,1.5,14,HopcroftKarpMatcher,0,na,defect_at_iteration,23
U3,800,1.5,14,HopcroftKarpMatcher,1,na,paths_found_per_phase,23
U3,800,1.5,14,HopcroftKarpMatcher,1,na,bfs_edges_visited,13052
U3,800,1.5,14,HopcroftKarpMatcher,1,na,dfs_edges_visited,4847
U3,800,1.5,14,HopcroftKarpMatcher,1,na,defect_at_iteration,0
U3,800,1.5,14,HopcroftKarpMatcher,-1,na,phase_count,2
U3,800,1.5,14,HopcroftKarpMatcher,-1,na,main_loop_iters,2
U3,800,1.5,14,HopcroftKarpMatcher,-1,na,total_bfs_edges_visited,35679
U3,800,1.5,14,HopcroftKarpMatcher,-1,na,total_edges_visited,51943
U3,800,1.5,14,HopcroftKarpMatcher,-1,na,matching_size,800
U3,800,1.5,14,HopcroftKarpMatcher,-1,na,wall_clock_ms,1.95894
U3,800,1.5,14,HopcroftKarpMatcher,-1,na,matching_size,800
U3,400,1.75,14,SimpleAugmentingMatcher,-1,na,wall_clock_ms,29.2678
U3,400,1.75,14,SimpleAugmentingMatcher,-1,na,matching_size,400
U3,400,1.75,14,HopcroftKarpMatcher,0,na,paths_found_per_phase,398
U3,400,1.75,14,HopcroftKarpMatcher,0,na,bfs_edges_visited,35777
U3,400,1.75,14,HopcroftKarpMatcher,0,na,dfs_edges_visited,18046
U3,400,1.75,14,HopcroftKarpMatcher,0,na,defect_at_iteration,2
U3,400,1.75,14,HopcroftKarpMatcher,1,na,paths_found_per_phase,2
U3,400,1.75,14,HopcroftKarpMatcher,1,na,bfs_edges_visited,14671
U3,400,1.75,14,HopcroftKarpMatcher,1,na,dfs_edges_visited,287
U3,400,1.75,14,HopcroftKarpMatcher,1,na,defect_at_iteration,0
U3,400,1.75,14,HopcroftKarpMatcher,-1,na,phase_count,2
U3,400,1.75,14,HopcroftKarpMatcher,-1,na,main_loop_iters,2
U3,400,1.75,14,HopcroftKarpMatcher,-1,na,total_bfs_edges_visited,50448
U3,400,1.75,14,HopcroftKarpMatcher,-1,na,total_edges_visited,68781
U3,400,1.75,14,HopcroftKarpMatcher,-1,na,matching_size,400
U3,400,1.75,14,HopcroftKarpMatcher,-1,na,wall_clock_ms,1.04711
U3,400,1.75,14,HopcroftKarpMatcher,-1,na,matching_size,400
U3,200,1,0,SimpleAugmentingMatcher,-1,na,wall_clock_ms,0.045327
U3,200,1,0,SimpleAugmentingMatcher,-1,na,matching_size,108
U3,200,1,0,HopcroftKarpMatcher,0,na,paths_found_per_phase,101
U3,200,1,0,HopcroftKarpMatcher,0,na,bfs_edges_visited,200
U3,200,1,0,HopcroftKarpMatcher,0,na,dfs_edges_visited,150
U3,200,1,0,HopcroftKarpMatcher,0,na,defect_at_iteration,99
U3,200,1,0,HopcroftKarpMatcher,1,na,paths_found_per_phase,7
U3,200,1,0,HopcroftKarpMatcher,1,na,bfs_edges_visited,74
U3,200,1,0,HopcroftKarpMatcher,1,na,dfs_edges_visited,76
U3,200,1,0,HopcroftKarpMatcher,1,na,defect_at_iteration,92
U3,200,1,0,HopcroftKarpMatcher,-1,na,phase_count,2
U3,200,1,0,HopcroftKarpMatcher,-1,na,main_loop_iters,2
U3,200,1,0,HopcroftKarpMatcher,-1,na,total_bfs_edges_visited,274
U3,200,1,0,HopcroftKarpMatcher,-1,na,total_edges_visited,500
U3,200,1,0,HopcroftKarpMatcher,-1,na,matching_size,108
U3,200,1,0,HopcroftKarpMatcher,-1,na,wall_clock_ms,0.161525
U3,200,1,0,HopcroftKarpMatcher,-1,na,matching_size,108
U3,6400,1.5,2,SimpleAugmentingMatcher,-1,na,wall_clock_ms,39551.4
U3,6400,1.5,2,SimpleAugmentingMatcher,-1,na,matching_size,6400
U3,6400,1.5,2,HopcroftKarpMatcher,0,na,paths_found_per_phase,6351
U3,6400,1.5,2,HopcroftKarpMatcher,0,na,bfs_edges_visited,512000
U3,6400,1.5,2,HopcroftKarpMatcher,0,na,dfs_edges_visited,256589
U3,6400,1.5,2,HopcroftKarpMatcher,0,na,defect_at_iteration,49
U3,6400,1.5,2,HopcroftKarpMatcher,1,na,paths_found_per_phase,49
U3,6400,1.5,2,HopcroftKarpMatcher,1,na,bfs_edges_visited,232382
U3,6400,1.5,2,HopcroftKarpMatcher,1,na,dfs_edges_visited,28858
U3,6400,1.5,2,HopcroftKarpMatcher,1,na,defect_at_iteration,0
U3,6400,1.5,2,HopcroftKarpMatcher,-1,na,phase_count,2
U3,6400,1.5,2,HopcroftKarpMatcher,-1,na,main_loop_iters,2
U3,6400,1.5,2,HopcroftKarpMatcher,-1,na,total_bfs_edges_visited,744382
U3,6400,1.5,2,HopcroftKarpMatcher,-1,na,total_edges_visited,1.02983e+06
U3,6400,1.5,2,HopcroftKarpMatcher,-1,na,matching_size,6400
U3,6400,1.5,2,HopcroftKarpMatcher,-1,na,wall_clock_ms,89.7639
U3,6400,1.5,2,HopcroftKarpMatcher,-1,na,matching_size,6400
U3,400,2,12,SimpleAugmentingMatcher,-1,na,wall_clock_ms,14.439
U3,400,2,12,SimpleAugmentingMatcher,-1,na,matching_size,400
U3,400,2,12,HopcroftKarpMatcher,0,na,paths_found_per_phase,400
U3,400,2,12,HopcroftKarpMatcher,0,na,bfs_edges_visited,160000
U3,400,2,12,HopcroftKarpMatcher,0,na,dfs_edges_visited,80200
U3,400,2,12,HopcroftKarpMatcher,0,na,defect_at_iteration,0
U3,400,2,12,HopcroftKarpMatcher,-1,na,phase_count,1
U3,400,2,12,HopcroftKarpMatcher,-1,na,main_loop_iters,1
U3,400,2,12,HopcroftKarpMatcher,-1,na,total_bfs_edges_visited,160000
U3,400,2,12,HopcroftKarpMatcher,-1,na,total_edges_visited,240200
U3,400,2,12,HopcroftKarpMatcher,-1,na,matching_size,400
U3,400,2,12,HopcroftKarpMatcher,-1,na,wall_clock_ms,0.329817
U3,400,2,12,HopcroftKarpMatcher,-1,na,matching_size,400
U3,3200,1,10,SimpleAugmentingMatcher,-1,na,wall_clock_ms,9.62264
U3,3200,1,10,SimpleAugmentingMatcher,-1,na,matching_size,1729
U3,3200,1,10,HopcroftKarpMatcher,0,na,paths_found_per_phase,1616
U3,3200,1,10,HopcroftKarpMatcher,0,na,bfs_edges_visited,3200
U3,3200,1,10,HopcroftKarpMatcher,0,na,dfs_edges_visited,2336
U3,3200,1,10,HopcroftKarpMatcher,0,na,defect_at_iteration,1584
U3,3200,1,10,HopcroftKarpMatcher,1,na,paths_found_per_phase,108
U3,3200,1,10,HopcroftKarpMatcher,1,na,bfs_edges_visited,1171
U3,3200,1,10,HopcroftKarpMatcher,1,na,dfs_edges_visited,1175
U3,3200,1,10,HopcroftKarpMatcher,1,na,defect_at_iteration,1476
U3,3200,1,10,HopcroftKarpMatcher,2,na,paths_found_per_phase,3
U3,3200,1,10,HopcroftKarpMatcher,2,na,bfs_edges_visited,814
U3,3200,1,10,HopcroftKarpMatcher,2,na,dfs_edges_visited,837
U3,3200,1,10,HopcroftKarpMatcher,2,na,defect_at_iteration,1473
U3,3200,1,10,HopcroftKarpMatcher,3,na,paths_found_per_phase,2
U3,3200,1,10,HopcroftKarpMatcher,3,na,bfs_edges_visited,832
U3,3200,1,10,HopcroftKarpMatcher,3,na,dfs_edges_visited,827
U3,3200,1,10,HopcroftKarpMatcher,3,na,defect_at_iteration,1471
U3,3200,1,10,HopcroftKarpMatcher,-1,na,phase_count,4
U3,3200,1,10,HopcroftKarpMatcher,-1,na,main_loop_iters,4
U3,3200,1,10,HopcroftKarpMatcher,-1,na,total_bfs_edges_visited,6017
U3,3200,1,10,HopcroftKarpMatcher,-1,na,total_edges_visited,11192
U3,3200,1,10,HopcroftKarpMatcher,-1,na,matching_size,1729
U3,3200,1,10,HopcroftKarpMatcher,-1,na,wall_clock_ms,57.6211
U3,3200,1,10,HopcroftKarpMatcher,-1,na,matching_size,1729
U3,100,1.25,6,SimpleAugmentingMatcher,-1,na,wall_clock_ms,0.082065
U3,100,1.25,6,SimpleAugmentingMatcher,-1,na,matching_size,93
U3,100,1.25,6,HopcroftKarpMatcher,0,na,paths_found_per_phase,77
U3,100,1.25,6,HopcroftKarpMatcher,0,na,bfs_edges_visited,316
U3,100,1.25,6,HopcroftKarpMatcher,0,na,dfs_edges_visited,184
U3,100,1.25,6,HopcroftKarpMatcher,0,na,defect_at_iteration,23
U3,100,1.25,6,HopcroftKarpMatcher,1,na,paths_found_per_phase,10
U3,100,1.25,6,HopcroftKarpMatcher,1,na,bfs_edges_visited,154
U3,100,1.25,6,HopcroftKarpMatcher,1,na,dfs_edges_visited,157
U3,100,1.25,6,HopcroftKarpMatcher,1,na,defect_at_iteration,13
U3,100,1.25,6,HopcroftKarpMatcher,2,na,paths_found_per_phase,3
U3,100,1.25,6,HopcroftKarpMatcher,2,na,bfs_edges_visited,126
U3,100,1.25,6,HopcroftKarpMatcher,2,na,dfs_edges_visited,146
U3,100,1.25,6,HopcroftKarpMatcher,2,na,defect_at_iteration,10
U3,100,1.25,6,HopcroftKarpMatcher,3,na,paths_found_per_phase,1
U3,100,1.25,6,HopcroftKarpMatcher,3,na,bfs_edges_visited,124
U3,100,1.25,6,HopcroftKarpMatcher,3,na,dfs_edges_visited,99
U3,100,1.25,6,HopcroftKarpMatcher,3,na,defect_at_iteration,9
U3,100,1.25,6,HopcroftKarpMatcher,4,na,paths_found_per_phase,2
U3,100,1.25,6,HopcroftKarpMatcher,4,na,bfs_edges_visited,155
U3,100,1.25,6,HopcroftKarpMatcher,4,na,dfs_edges_visited,132
U3,100,1.25,6,HopcroftKarpMatcher,4,na,defect_at_iteration,7
U3,100,1.25,6,HopcroftKarpMatcher,-1,na,phase_count,5
U3,100,1.25,6,HopcroftKarpMatcher,-1,na,main_loop_iters,5
U3,100,1.25,6,HopcroftKarpMatcher,-1,na,total_bfs_edges_visited,875
U3,100,1.25,6,HopcroftKarpMatcher,-1,na,total_edges_visited,1593
U3,100,1.25,6,HopcroftKarpMatcher,-1,na,matching_size,93
U3,100,1.25,6,HopcroftKarpMatcher,-1,na,wall_clock_ms,0.102018
U3,100,1.25,6,HopcroftKarpMatcher,-1,na,matching_size,93
U3,400,1.25,17,SimpleAugmentingMatcher,-1,na,wall_clock_ms,2.35624
U3,400,1.25,17,SimpleAugmentingMatcher,-1,na,matching_size,396
U3,400,1.25,17,HopcroftKarpMatcher,0,na,paths_found_per_phase,346
U3,400,1.25,17,HopcroftKarpMatcher,0,na,bfs_edges_visited,1788
U3,400,1.25,17,HopcroftKarpMatcher,0,na,dfs_edges_visited,946
U3,400,1.25,17,HopcroftKarpMatcher,0,na,defect_at_iteration,54
U3,400,1.25,17,HopcroftKarpMatcher,1,na,paths_found_per_phase,41
U3,400,1.25,17,HopcroftKarpMatcher,1,na,bfs_edges_visited,768
U3,400,1.25,17,HopcroftKarpMatcher,1,na,dfs_edges_visited,772
U3,400,1.25,17,HopcroftKarpMatcher,1,na,defect_at_iteration,13
U3,400,1.25,17,HopcroftKarpMatcher,2,na,paths_found_per_phase,7
U3,400,1.25,17,HopcroftKarpMatcher,2,na,bfs_edges_visited,343
U3,400,1.25,17,HopcroftKarpMatcher,2,na,dfs_edges_visited,426
U3,400,1.25,17,HopcroftKarpMatcher,2,na,defect_at_iteration,6
U3,400,1.25,17,HopcroftKarpMatcher,3,na,paths_found_per_phase,1
U3,400,1.25,17,HopcroftKarpMatcher,3,na,bfs_edges_visited,226
U3,400,1.25,17,HopcroftKarpMatcher,3,na,dfs_edges_visited,393
U3,400,1.25,17,HopcroftKarpMatcher,3,na,defect_at_iteration,5
U3,400,1.25,17,HopcroftKarpMatcher,4,na,paths_found_per_phase,1
U3,400,1.25,17,HopcroftKarpMatcher,4,na,bfs_edges_visited,205
U3,400,1.25,17,HopcroftKarpMatcher,4,na,dfs_edges_visited,340
U3,400,1.25,17,HopcroftKarpMatcher,4,na,defect_at_iteration,4
U3,400,1.25,17,HopcroftKarpMatcher,-1,na,phase_count,5
U3,400,1.25,17,HopcroftKarpMatcher,-1,na,main_loop_iters,5
U3,400,1.25,17,HopcroftKarpMatcher,-1,na,total_bfs_edges_visited,3330
U3,400,1.25,17,HopcroftKarpMatcher,-1,na,total_edges_visited,6207
U3,400,1.25,17,HopcroftKarpMatcher,-1,na,matching_size,396
U3,400,1.25,17,HopcroftKarpMatcher,-1,na,wall_clock_ms,0.651029
U3,400,1.25,17,HopcroftKarpMatcher,-1,na,matching_size,396
U3,200,1.5,11,SimpleAugmentingMatcher,-1,na,wall_clock_ms,1.32109
U3,200,1.5,11,SimpleAugmentingMatcher,-1,na,matching_size,200
U3,200,1.5,11,HopcroftKarpMatcher,0,na,paths_found_per_phase,193
U3,200,1.5,11,HopcroftKarpMatcher,0,na,bfs_edges_visited,2828
U3,200,1.5,11,HopcroftKarpMatcher,0,na,dfs_edges_visited,1396
U3,200,1.5,11,HopcroftKarpMatcher,0,na,defect_at_iteration,7
U3,200,1.5,11,HopcroftKarpMatcher,1,na,paths_found_per_phase,7
U3,200,1.5,11,HopcroftKarpMatcher,1,na,bfs_edges_visited,1171
U3,200,1.5,11,HopcroftKarpMatcher,1,na,dfs_edges_visited,597
U3,200,1.5,11,HopcroftKarpMatcher,1,na,defect_at_iteration,0
U3,200,1.5,11,HopcroftKarpMatcher,-1,na,phase_count,2
U3,200,1.5,11,HopcroftKarpMatcher,-1,na,main_loop_iters,2
U3,200,1.5,11,HopcroftKarpMatcher,-1,na,total_bfs_edges_visited,3999
U3,200,1.5,11,HopcroftKarpMatcher,-1,na,total_edges_visited,5992
U3,200,1.5,11,HopcroftKarpMatcher,-1,na,matching_size,200
U3,200,1.5,11,HopcroftKarpMatcher,-1,na,wall_clock_ms,0.157669
U3,200,1.5,11,HopcroftKarpMatcher,-1,na,matching_size,200
U3,3200,1,6,SimpleAugmentingMatcher,-1,na,wall_clock_ms,9.59955
U3,3200,1,6,SimpleAugmentingMatcher,-1,na,matching_size,1736
U3,3200,1,6,HopcroftKarpMatcher,0,na,paths_found_per_phase,1637
U3,3200,1,6,HopcroftKarpMatcher,0,na,bfs_edges_visited,3200
U3,3200,1,6,HopcroftKarpMatcher,0,na,dfs_edges_visited,2323
U3,3200,1,6,HopcroftKarpMatcher,0,na,defect_at_iteration,1563
U3,3200,1,6,HopcroftKarpMatcher,1,na,paths_found_per_phase,95
U3,3200,1,6,HopcroftKarpMatcher,1,na,bfs_edges_visited,1078
U3,3200,1,6,HopcroftKarpMatcher,1,na,dfs_edges_visited,1107
U3,3200,1,6,HopcroftKarpMatcher,1,na,defect_at_iteration,1468
U3,3200,1,6,HopcroftKarpMatcher,2,na,paths_found_per_phase,4
U3,3200,1,6,HopcroftKarpMatcher,2,na,bfs_edges_visited,809
U3,3200,1,6,HopcroftKarpMatcher,2,na,dfs_edges_visited,803
U3,3200,1,6,HopcroftKarpMatcher,2,na,defect_at_iteration,1464
U3,3200,1,6,HopcroftKarpMatcher,-1,na,phase_count,3
U3,3200,1,6,HopcroftKarpMatcher,-1,na,main_loop_iters,3
U3,3200,1,6,HopcroftKarpMatcher,-1,na,total_bfs_edges_visited,5087
U3,3200,1,6,HopcroftKarpMatcher,-1,na,total_edges_visited,9320
U3,3200,1,6,HopcroftKarpMatcher,-1,na,matching_size,1736
U3,3200,1,6,HopcroftKarpMatcher,-1,na,wall_clock_ms,45.946
U3,3200,1,6,HopcroftKarpMatcher,-1,na,matching_size,1736
U3,200,1.75,10,SimpleAugmentingMatcher,-1,na,wall_clock_ms,3.44366
U3,200,1.75,10,SimpleAugmentingMatcher,-1,na,matching_size,200
U3,200,1.75,10,HopcroftKarpMatcher,0,na,paths_found_per_phase,198
U3,200,1.75,10,HopcroftKarpMatcher,0,na,bfs_edges_visited,10636
U3,200,1.75,10,HopcroftKarpMatcher,0,na,dfs_edges_visited,5353
U3,200,1.75,10,HopcroftKarpMatcher,0,na,defect_at_iteration,2
U3,200,1.75,10,HopcroftKarpMatcher,1,na,paths_found_per_phase,2
U3,200,1.75,10,HopcroftKarpMatcher,1,na,bfs_edges_visited,5946
U3,200,1.75,10,HopcroftKarpMatcher,1,na,dfs_edges_visited,459
U3,200,1.75,10,HopcroftKarpMatcher,1,na,defect_at_iteration,0
U3,200,1.75,10,HopcroftKarpMatcher,-1,na,phase_count,2
U3,200,1.75,10,HopcroftKarpMatcher,-1,na,main_loop_iters,2
U3,200,1.75,10,HopcroftKarpMatcher,-1,na,total_bfs_edges_visited,16582
U3,200,1.75,10,HopcroftKarpMatcher,-1,na,total_edges_visited,22394
U3,200,1.75,10,HopcroftKarpMatcher,-1,na,matching_size,200
U3,200,1.75,10,HopcroftKarpMatcher,-1,na,wall_clock_ms,0.342698
U3,200,1.75,10,HopcroftKarpMatcher,-1,na,matching_size,200
U3,200,1.25,15,SimpleAugmentingMatcher,-1,na,wall_clock_ms,0.360599
U3,200,1.25,15,SimpleAugmentingMatcher,-1,na,matching_size,193
U3,200,1.25,15,HopcroftKarpMatcher,0,na,paths_found_per_phase,160
U3,200,1.25,15,HopcroftKarpMatcher,0,na,bfs_edges_visited,752
U3,200,1.25,15,HopcroftKarpMatcher,0,na,dfs_edges_visited,393
U3,200,1.25,15,HopcroftKarpMatcher,0,na,defect_at_iteration,40
U3,200,1.25,15,HopcroftKarpMatcher,1,na,paths_found_per_phase,27
U3,200,1.25,15,HopcroftKarpMatcher,1,na,bfs_edges_visited,374
U3,200,1.25,15,HopcroftKarpMatcher,1,na,dfs_edges_visited,325
U3,200,1.25,15,HopcroftKarpMatcher,1,na,defect_at_iteration,13
U3,200,1.25,15,HopcroftKarpMatcher,2,na,paths_found_per_phase,4
U3,200,1.25,15,HopcroftKarpMatcher,2,na,bfs_edges_visited,249
U3,200,1.25,15,HopcroftKarpMatcher,2,na,dfs_edges_visited,227
U3,200,1.25,15,HopcroftKarpMatcher,2,na,defect_at_iteration,9
U3,200,1.25,15,HopcroftKarpMatcher,3,na,paths_found_per_phase,1
U3,200,1.25,15,HopcroftKarpMatcher,3,na,bfs_edges_visited,148
U3,200,1.25,15,HopcroftKarpMatcher,3,na,dfs_edges_visited,211
U3,200,1.25,15,HopcroftKarpMatcher,3,na,defect_at_iteration,8
U3,200,1.25,15,HopcroftKarpMatcher,4,na,paths_found_per_phase,1
U3,200,1.25,15,HopcroftKarpMatcher,4,na,bfs_edges_visited,248
U3,200,1.25,15,HopcroftKarpMatcher,4,na,dfs_edges_visited,94
U3,200,1.25,15,HopcroftKarpMatcher,4,na,defect_at_iteration,7
U3,200,1.25,15,HopcroftKarpMatcher,-1,na,phase_count,5
U3,200,1.25,15,HopcroftKarpMatcher,-1,na,main_loop_iters,5
U3,200,1.25,15,HopcroftKarpMatcher,-1,na,total_bfs_edges_visited,1771
U3,200,1.25,15,HopcroftKarpMatcher,-1,na,total_edges_visited,3021
U3,200,1.25,15,HopcroftKarpMatcher,-1,na,matching_size,193
U3,200,1.25,15,HopcroftKarpMatcher,-1,na,wall_clock_ms,0.234457
U3,200,1.25,15,HopcroftKarpMatcher,-1,na,matching_size,193
U3,200,1,2,SimpleAugmentingMatcher,-1,na,wall_clock_ms,0.043057
U3,200,1,2,SimpleAugmentingMatcher,-1,na,matching_size,110
U3,200,1,2,HopcroftKarpMatcher,0,na,paths_found_per_phase,100
U3,200,1,2,HopcroftKarpMatcher,0,na,bfs_edges_visited,200
U3,200,1,2,HopcroftKarpMatcher,0,na,dfs_edges_visited,140
U3,200,1,2,HopcroftKarpMatcher,0,na,defect_at_iteration,100
U3,200,1,2,HopcroftKarpMatcher,1,na,paths_found_per_phase,10
U3,200,1,2,HopcroftKarpMatcher,1,na,bfs_edges_visited,70
U3,200,1,2,HopcroftKarpMatcher,1,na,dfs_edges_visited,73
U3,200,1,2,HopcroftKarpMatcher,1,na,defect_at_iteration,90
U3,200,1,2,HopcroftKarpMatcher,-1,na,phase_count,2
U3,200,1,2,HopcroftKarpMatcher,-1,na,main_loop_iters,2
U3,200,1,2,HopcroftKarpMatcher,-1,na,total_bfs_edges_visited,270
U3,200,1,2,HopcroftKarpMatcher,-1,na,total_edges_visited,483
U3,200,1,2,HopcroftKarpMatcher,-1,na,matching_size,110
U3,200,1,2,HopcroftKarpMatcher,-1,na,wall_clock_ms,0.161867
U3,200,1,2,HopcroftKarpMatcher,-1,na,matching_size,110
U3,100,1,19,SimpleAugmentingMatcher,-1,na,wall_clock_ms,0.013357
U3,100,1,19,SimpleAugmentingMatcher,-1,na,matching_size,55
U3,100,1,19,HopcroftKarpMatcher,0,na,paths_found_per_phase,52
U3,100,1,19,HopcroftKarpMatcher,0,na,bfs_edges_visited,100
U3,100,1,19,HopcroftKarpMatcher,0,na,dfs_edges_visited,75
U3,100,1,19,HopcroftKarpMatcher,0,na,defect_at_iteration,48
U3,100,1,19,HopcroftKarpMatcher,1,na,paths_found_per_phase,3
U3,100,1,19,HopcroftKarpMatcher,1,na,bfs_edges_visited,41
U3,100,1,19,HopcroftKarpMatcher,1,na,dfs_edges_visited,47
U3,100,1,19,HopcroftKarpMatcher,1,na,defect_at_iteration,45
U3,100,1,19,HopcroftKarpMatcher,-1,na,phase_count,2
U3,100,1,19,HopcroftKarpMatcher,-1,na,main_loop_iters,2
U3,100,1,19,HopcroftKarpMatcher,-1,na,total_bfs_edges_visited,141
U3,100,1,19,HopcroftKarpMatcher,-1,na,total_edges_visited,263
U3,100,1,19,HopcroftKarpMatcher,-1,na,matching_size,55
U3,100,1,19,HopcroftKarpMatcher,-1,na,wall_clock_ms,0.049143
U3,100,1,19,HopcroftKarpMatcher,-1,na,matching_size,55
U3,200,2,18,SimpleAugmentingMatcher,-1,na,wall_clock_ms,1.95832
U3,200,2,18,SimpleAugmentingMatcher,-1,na,matching_size,200
U3,200,2,18,HopcroftKarpMatcher,0,na,paths_found_per_phase,200
U3,200,2,18,HopcroftKarpMatcher,0,na,bfs_edges_visited,40000
U3,200,2,18,HopcroftKarpMatcher,0,na,dfs_edges_visited,20100
U3,200,2,18,HopcroftKarpMatcher,0,na,defect_at_iteration,0
U3,200,2,18,HopcroftKarpMatcher,-1,na,phase_count,1
U3,200,2,18,HopcroftKarpMatcher,-1,na,main_loop_iters,1
U3,200,2,18,HopcroftKarpMatcher,-1,na,total_bfs_edges_visited,40000
U3,200,2,18,HopcroftKarpMatcher,-1,na,total_edges_visited,60100
U3,200,2,18,HopcroftKarpMatcher,-1,na,matching_size,200
U3,200,2,18,HopcroftKarpMatcher,-1,na,wall_clock_ms,0.089087
U3,200,2,18,HopcroftKarpMatcher,-1,na,matching_size,200
U3,100,1.5,3,SimpleAugmentingMatcher,-1,na,wall_clock_ms,0.192344
U3,100,1.5,3,SimpleAugmentingMatcher,-1,na,matching_size,100
U3,100,1.5,3,HopcroftKarpMatcher,0,na,paths_found_per_phase,90
U3,100,1.5,3,HopcroftKarpMatcher,0,na,bfs_edges_visited,1000
U3,100,1.5,3,HopcroftKarpMatcher,0,na,dfs_edges_visited,515
U3,100,1.5,3,HopcroftKarpMatcher,0,na,defect_at_iteration,10
U3,100,1.5,3,HopcroftKarpMatcher,1,na,paths_found_per_phase,9
U3,100,1.5,3,HopcroftKarpMatcher,1,na,bfs_edges_visited,713
U3,100,1.5,3,HopcroftKarpMatcher,1,na,dfs_edges_visited,481
U3,100,1.5,3,HopcroftKarpMatcher,1,na,defect_at_iteration,1
U3,100,1.5,3,HopcroftKarpMatcher,2,na,paths_found_per_phase,1
U3,100,1.5,3,HopcroftKarpMatcher,2,na,bfs_edges_visited,637
U3,100,1.5,3,HopcroftKarpMatcher,2,na,dfs_edges_visited,328
U3,100,1.5,3,HopcroftKarpMatcher,2,na,defect_at_iteration,0
U3,100,1.5,3,HopcroftKarpMatcher,-1,na,phase_count,3
U3,100,1.5,3,HopcroftKarpMatcher,-1,na,main_loop_iters,3
U3,100,1.5,3,HopcroftKarpMatcher,-1,na,total_bfs_edges_visited,2350
U3,100,1.5,3,HopcroftKarpMatcher,-1,na,total_edges_visited,3674
U3,100,1.5,3,HopcroftKarpMatcher,-1,na,matching_size,100
U3,100,1.5,3,HopcroftKarpMatcher,-1,na,wall_clock_ms,0.086234
U3,100,1.5,3,HopcroftKarpMatcher,-1,na,matching_size,100
U3,3200,1.5,0,SimpleAugmentingMatcher,-1,na,wall_clock_ms,4879.17
U3,3200,1.5,0,SimpleAugmentingMatcher,-1,na,matching_size,3200
U3,3200,1.5,0,HopcroftKarpMatcher,0,na,paths_found_per_phase,3158
U3,3200,1.5,0,HopcroftKarpMatcher,0,na,bfs_edges_visited,181019
U3,3200,1.5,0,HopcroftKarpMatcher,0,na,dfs_edges_visited,90495
U3,3200,1.5,0,HopcroftKarpMatcher,0,na,defect_at_iteration,42
U3,3200,1.5,0,HopcroftKarpMatcher,1,na,paths_found_per_phase,42
U3,3200,1.5,0,HopcroftKarpMatcher,1,na,bfs_edges_visited,93767
U3,3200,1.5,0,HopcroftKarpMatcher,1,na,dfs_edges_visited,14841
U3,3200,1.5,0,HopcroftKarpMatcher,1,na,defect_at_iteration,0
U3,3200,1.5,0,HopcroftKarpMatcher,-1,na,phase_count,2
U3,3200,1.5,0,HopcroftKarpMatcher,-1,na,main_loop_iters,2
U3,3200,1.5,0,HopcroftKarpMatcher,-1,na,total_bfs_edges_visited,274786
U3,3200,1.5,0,HopcroftKarpMatcher,-1,na,total_edges_visited,380122
U3,3200,1.5,0,HopcroftKarpMatcher,-1,na,matching_size,3200
U3,3200,1.5,0,HopcroftKarpMatcher,-1,na,wall_clock_ms,24.5337
U3,3200,1.5,0,HopcroftKarpMatcher,-1,na,matching_size,3200
U3,3200,1.5,16,SimpleAugmentingMatcher,-1,na,wall_clock_ms,4865.01
U3,3200,1.5,16,SimpleAugmentingMatcher,-1,na,matching_size,3200
U3,3200,1.5,16,HopcroftKarpMatcher,0,na,paths_found_per_phase,3154
U3,3200,1.5,16,HopcroftKarpMatcher,0,na,bfs_edges_visited,181019
U3,3200,1.5,16,HopcroftKarpMatcher,0,na,dfs_edges_visited,90907
U3,3200,1.5,16,HopcroftKarpMatcher,0,na,defect_at_iteration,46
U3,3200,1.5,16,HopcroftKarpMatcher,1,na,paths_found_per_phase,46
U3,3200,1.5,16,HopcroftKarpMatcher,1,na,bfs_edges_visited,101898
U3,3200,1.5,16,HopcroftKarpMatcher,1,na,dfs_edges_visited,15874
U3,3200,1.5,16,HopcroftKarpMatcher,1,na,defect_at_iteration,0
U3,3200,1.5,16,HopcroftKarpMatcher,-1,na,phase_count,2
U3,3200,1.5,16,HopcroftKarpMatcher,-1,na,main_loop_iters,2
U3,3200,1.5,16,HopcroftKarpMatcher,-1,na,total_bfs_edges_visited,282917
U3,3200,1.5,16,HopcroftKarpMatcher,-1,na,total_edges_visited,389698
U3,3200,1.5,16,HopcroftKarpMatcher,-1,na,matching_size,3200
U3,3200,1.5,16,HopcroftKarpMatcher,-1,na,wall_clock_ms,25.1395
U3,3200,1.5,16,HopcroftKarpMatcher,-1,na,matching_size,3200
U3,3200,1.75,14,SimpleAugmentingMatcher,-1,na,wall_clock_ms,12356.8
U3,3200,1.75,14,SimpleAugmentingMatcher,-1,na,matching_size,3200
U3,3200,1.75,14,HopcroftKarpMatcher,0,na,paths_found_per_phase,3196
U3,3200,1.75,14,HopcroftKarpMatcher,0,na,bfs_edges_visited,1.36148e+06
U3,3200,1.75,14,HopcroftKarpMatcher,0,na,dfs_edges_visited,680337
U3,3200,1.75,14,HopcroftKarpMatcher,0,na,defect_at_iteration,4
U3,3200,1.75,14,HopcroftKarpMatcher,1,na,paths_found_per_phase,4
U3,3200,1.75,14,HopcroftKarpMatcher,1,na,bfs_edges_visited,603892
U3,3200,1.75,14,HopcroftKarpMatcher,1,na,dfs_edges_visited,6426
U3,3200,1.75,14,HopcroftKarpMatcher,1,na,defect_at_iteration,0
U3,3200,1.75,14,HopcroftKarpMatcher,-1,na,phase_count,2
U3,3200,1.75,14,HopcroftKarpMatcher,-1,na,main_loop_iters,2
U3,3200,1.75,14,HopcroftKarpMatcher,-1,na,total_bfs_edges_visited,1.96538e+06
U3,3200,1.75,14,HopcroftKarpMatcher,-1,na,total_edges_visited,2.65214e+06
U3,3200,1.75,14,HopcroftKarpMatcher,-1,na,matching_size,3200
U3,3200,1.75,14,HopcroftKarpMatcher,-1,na,wall_clock_ms,45.9011
U3,3200,1.75,14,HopcroftKarpMatcher,-1,na,matching_size,3200
U3,6400,1.5,16,SimpleAugmentingMatcher,-1,na,wall_clock_ms,39535.4
U3,6400,1.5,16,SimpleAugmentingMatcher,-1,na,matching_size,6400
U3,6400,1.5,16,HopcroftKarpMatcher,0,na,paths_found_per_phase,6352
U3,6400,1.5,16,HopcroftKarpMatcher,0,na,bfs_edges_visited,512000
U3,6400,1.5,16,HopcroftKarpMatcher,0,na,dfs_edges_visited,256221
U3,6400,1.5,16,HopcroftKarpMatcher,0,na,defect_at_iteration,48
U3,6400,1.5,16,HopcroftKarpMatcher,1,na,paths_found_per_phase,48
U3,6400,1.5,16,HopcroftKarpMatcher,1,na,bfs_edges_visited,234002
U3,6400,1.5,16,HopcroftKarpMatcher,1,na,dfs_edges_visited,23141
U3,6400,1.5,16,HopcroftKarpMatcher,1,na,defect_at_iteration,0
U3,6400,1.5,16,HopcroftKarpMatcher,-1,na,phase_count,2
U3,6400,1.5,16,HopcroftKarpMatcher,-1,na,main_loop_iters,2
U3,6400,1.5,16,HopcroftKarpMatcher,-1,na,total_bfs_edges_visited,746002
U3,6400,1.5,16,HopcroftKarpMatcher,-1,na,total_edges_visited,1.02536e+06
U3,6400,1.5,16,HopcroftKarpMatcher,-1,na,matching_size,6400
U3,6400,1.5,16,HopcroftKarpMatcher,-1,na,wall_clock_ms,89.4206
U3,6400,1.5,16,HopcroftKarpMatcher,-1,na,matching_size,6400
U3,400,1.75,19,SimpleAugmentingMatcher,-1,na,wall_clock_ms,29.3041
U3,400,1.75,19,SimpleAugmentingMatcher,-1,na,matching_size,400
U3,400,1.75,19,HopcroftKarpMatcher,0,na,paths_found_per_phase,398
U3,400,1.75,19,HopcroftKarpMatcher,0,na,bfs_edges_visited,35777
U3,400,1.75,19,HopcroftKarpMatcher,0,na,dfs_edges_visited,17996
U3,400,1.75,19,HopcroftKarpMatcher,0,na,defect_at_iteration,2
U3,400,1.75,19,HopcroftKarpMatcher,1,na,paths_found_per_phase,2
U3,400,1.75,19,HopcroftKarpMatcher,1,na,bfs_edges_visited,14116
U3,400,1.75,19,HopcroftKarpMatcher,1,na,dfs_edges_visited,689
U3,400,1.75,19,HopcroftKarpMatcher,1,na,defect_at_iteration,0
U3,400,1.75,19,HopcroftKarpMatcher,-1,na,phase_count,2
U3,400,1.75,19,HopcroftKarpMatcher,-1,na,main_loop_iters,2
U3,400,1.75,19,HopcroftKarpMatcher,-1,na,total_bfs_edges_visited,49893
U3,400,1.75,19,HopcroftKarpMatcher,-1,na,total_edges_visited,68578
U3,400,1.75,19,HopcroftKarpMatcher,-1,na,matching_size,400
U3,400,1.75,19,HopcroftKarpMatcher,-1,na,wall_clock_ms,1.06262
U3,400,1.75,19,HopcroftKarpMatcher,-1,na,matching_size,400
U3,400,1.25,18,SimpleAugmentingMatcher,-1,na,wall_clock_ms,2.24126
U3,400,1.25,18,SimpleAugmentingMatcher,-1,na,matching_size,391
U3,400,1.25,18,HopcroftKarpMatcher,0,na,paths_found_per_phase,333
U3,400,1.25,18,HopcroftKarpMatcher,0,na,bfs_edges_visited,1788
U3,400,1.25,18,HopcroftKarpMatcher,0,na,dfs_edges_visited,969
U3,400,1.25,18,HopcroftKarpMatcher,0,na,defect_at_iteration,67
U3,400,1.25,18,HopcroftKarpMatcher,1,na,paths_found_per_phase,50
U3,400,1.25,18,HopcroftKarpMatcher,1,na,bfs_edges_visited,887
U3,400,1.25,18,HopcroftKarpMatcher,1,na,dfs_edges_visited,1131
U3,400,1.25,18,HopcroftKarpMatcher,1,na,defect_at_iteration,17
U3,400,1.25,18,HopcroftKarpMatcher,2,na,paths_found_per_phase,5
U3,400,1.25,18,HopcroftKarpMatcher,2,na,bfs_edges_visited,463
U3,400,1.25,18,HopcroftKarpMatcher,2,na,dfs_edges_visited,622
U3,400,1.25,18,HopcroftKarpMatcher,2,na,defect_at_iteration,12
U3,400,1.25,18,HopcroftKarpMatcher,3,na,paths_found_per_phase,3
U3,400,1.25,18,HopcroftKarpMatcher,3,na,bfs_edges_visited,1027
U3,400,1.25,18,HopcroftKarpMatcher,3,na,dfs_edges_visited,463
U3,400,1.25,18,HopcroftKarpMatcher,3,na,defect_at_iteration,9
U3,400,1.25,18,HopcroftKarpMatcher,-1,na,phase_count,4
U3,400,1.25,18,HopcroftKarpMatcher,-1,na,main_loop_iters,4
U3,400,1.25,18,HopcroftKarpMatcher,-1,na,total_bfs_edges_visited,4165
U3,400,1.25,18,HopcroftKarpMatcher,-1,na,total_edges_visited,7350
U3,400,1.25,18,HopcroftKarpMatcher,-1,na,matching_size,391
U3,400,1.25,18,HopcroftKarpMatcher,-1,na,wall_clock_ms,0.752989
U3,400,1.25,18,HopcroftKarpMatcher,-1,na,matching_size,391
U3,100,1.75,9,SimpleAugmentingMatcher,-1,na,wall_clock_ms,0.448544
U3,100,1.75,9,SimpleAugmentingMatcher,-1,na,matching_size,100
U3,100,1.75,9,HopcroftKarpMatcher,0,na,paths_found_per_phase,99
U3,100,1.75,9,HopcroftKarpMatcher,0,na,bfs_edges_visited,3162
U3,100,1.75,9,HopcroftKarpMatcher,0,na,dfs_edges_visited,1618
U3,100,1.75,9,HopcroftKarpMatcher,0,na,defect_at_iteration,1
U3,100,1.75,9,HopcroftKarpMatcher,1,na,paths_found_per_phase,1
U3,100,1.75,9,HopcroftKarpMatcher,1,na,bfs_edges_visited,869
U3,100,1.75,9,HopcroftKarpMatcher,1,na,dfs_edges_visited,34
U3,100,1.75,9,HopcroftKarpMatcher,1,na,defect_at_iteration,0
U3,100,1.75,9,HopcroftKarpMatcher,-1,na,phase_count,2
U3,100,1.75,9,HopcroftKarpMatcher,-1,na,main_loop_iters,2
U3,100,1.75,9,HopcroftKarpMatcher,-1,na,total_bfs_edges_visited,4031
U3,100,1.75,9,HopcroftKarpMatcher,-1,na,total_edges_visited,5683
U3,100,1.75,9,HopcroftKarpMatcher,-1,na,matching_size,100
U3,100,1.75,9,HopcroftKarpMatcher,-1,na,wall_clock_ms,0.087764
U3,100,1.75,9,HopcroftKarpMatcher,-1,na,matching_size,100
U3,800,1.25,8,SimpleAugmentingMatcher,-1,na,wall_clock_ms,15.4533
U3,800,1.25,8,SimpleAugmentingMatcher,-1,na,matching_size,793
U3,800,1.25,8,HopcroftKarpMatcher,0,na,paths_found_per_phase,701
U3,800,1.25,8,HopcroftKarpMatcher,0,na,bfs_edges_visited,4254
U3,800,1.25,8,HopcroftKarpMatcher,0,na,dfs_edges_visited,2206
U3,800,1.25,8,HopcroftKarpMatcher,0,na,defect_at_iteration,99
U3,800,1.25,8,HopcroftKarpMatcher,1,na,paths_found_per_phase,79
U3,800,1.25,8,HopcroftKarpMatcher,1,na,bfs_edges_visited,1891
U3,800,1.25,8,HopcroftKarpMatcher,1,na,dfs_edges_visited,1872
U3,800,1.25,8,HopcroftKarpMatcher,1,na,defect_at_iteration,20
U3,800,1.25,8,HopcroftKarpMatcher,2,na,paths_found_per_phase,7
U3,800,1.25,8,HopcroftKarpMatcher,2,na,bfs_edges_visited,714
U3,800,1.25,8,HopcroftKarpMatcher,2,na,dfs_edges_visited,1387
U3,800,1.25,8,HopcroftKarpMatcher,2,na,defect_at_iteration,13
U3,800,1.25,8,HopcroftKarpMatcher,3,na,paths_found_per_phase,4
U3,800,1.25,8,HopcroftKarpMatcher,3,na,bfs_edges_visited,2376
U3,800,1.25,8,HopcroftKarpMatcher,3,na,dfs_edges_visited,2117
U3,800,1.25,8,HopcroftKarpMatcher,3,na,defect_at_iteration,9
U3,800,1.25,8,HopcroftKarpMatcher,4,na,paths_found_per_phase,2
U3,800,1.25,8,HopcroftKarpMatcher,4,na,bfs_edges_visited,2360
U3,800,1.25,8,HopcroftKarpMatcher,4,na,dfs_edges_visited,901
U3,800,1.25,8,HopcroftKarpMatcher,4,na,defect_at_iteration,7
U3,800,1.25,8,HopcroftKarpMatcher,-1,na,phase_count,5
U3,800,1.25,8,HopcroftKarpMatcher,-1,na,main_loop_iters,5
U3,800,1.25,8,HopcroftKarpMatcher,-1,na,total_bfs_edges_visited,11595
U3,800,1.25,8,HopcroftKarpMatcher,-1,na,total_edges_visited,20078
U3,800,1.25,8,HopcroftKarpMatcher,-1,na,matching_size,793
U3,800,1.25,8,HopcroftKarpMatcher,-1,na,wall_clock_ms,3.27453
U3,800,1.25,8,HopcroftKarpMatcher,-1,na,matching_size,793
U3,800,1,19,SimpleAugmentingMatcher,-1,na,wall_clock_ms,0.63541
U3,800,1,19,SimpleAugmentingMatcher,-1,na,matching_size,432
U3,800,1,19,HopcroftKarpMatcher,0,na,paths_found_per_phase,408
U3,800,1,19,HopcroftKarpMatcher,0,na,bfs_edges_visited,800
U3,800,1,19,HopcroftKarpMatcher,0,na,dfs_edges_visited,566
U3,800,1,19,HopcroftKarpMatcher,0,na,defect_at_iteration,392
U3,800,1,19,HopcroftKarpMatcher,1,na,paths_found_per_phase,23
U3,800,1,19,HopcroftKarpMatcher,1,na,bfs_edges_visited,258
U3,800,1,19,HopcroftKarpMatcher,1,na,dfs_edges_visited,272
U3,800,1,19,HopcroftKarpMatcher,1,na,defect_at_iteration,369
U3,800,1,19,HopcroftKarpMatcher,2,na,paths_found_per_phase,1
U3,800,1,19,HopcroftKarpMatcher,2,na,bfs_edges_visited,182
U3,800,1,19,HopcroftKarpMatcher,2,na,dfs_edges_visited,185
U3,800,1,19,HopcroftKarpMatcher,2,na,defect_at_iteration,368
U3,800,1,19,HopcroftKarpMatcher,-1,na,phase_count,3
U3,800,1,19,HopcroftKarpMatcher,-1,na,main_loop_iters,3
U3,800,1,19,HopcroftKarpMatcher,-1,na,total_bfs_edges_visited,1240
U3,800,1,19,HopcroftKarpMatcher,-1,na,total_edges_visited,2263
U3,800,1,19,HopcroftKarpMatcher,-1,na,matching_size,432
U3,800,1,19,HopcroftKarpMatcher,-1,na,wall_clock_ms,2.89968
U3,800,1,19,HopcroftKarpMatcher,-1,na,matching_size,432
U3,800,1.75,14,SimpleAugmentingMatcher,-1,na,wall_clock_ms,226.865
U3,800,1.75,14,SimpleAugmentingMatcher,-1,na,matching_size,800
U3,800,1.75,14,HopcroftKarpMatcher,0,na,paths_found_per_phase,798
U3,800,1.75,14,HopcroftKarpMatcher,0,na,bfs_edges_visited,120339
U3,800,1.75,14,HopcroftKarpMatcher,0,na,dfs_edges_visited,60303
U3,800,1.75,14,HopcroftKarpMatcher,0,na,defect_at_iteration,2
U3,800,1.75,14,HopcroftKarpMatcher,1,na,paths_found_per_phase,2
U3,800,1.75,14,HopcroftKarpMatcher,1,na,bfs_edges_visited,39412
U3,800,1.75,14,HopcroftKarpMatcher,1,na,dfs_edges_visited,1367
U3,800,1.75,14,HopcroftKarpMatcher,1,na,defect_at_iteration,0
U3,800,1.75,14,HopcroftKarpMatcher,-1,na,phase_count,2
U3,800,1.75,14,HopcroftKarpMatcher,-1,na,main_loop_iters,2
U3,800,1.75,14,HopcroftKarpMatcher,-1,na,total_bfs_edges_visited,159751
U3,800,1.75,14,HopcroftKarpMatcher,-1,na,total_edges_visited,221421
U3,800,1.75,14,HopcroftKarpMatcher,-1,na,matching_size,800
U3,800,1.75,14,HopcroftKarpMatcher,-1,na,wall_clock_ms,3.42604
U3,800,1.75,14,HopcroftKarpMatcher,-1,na,matching_size,800
U3,3200,1,18,SimpleAugmentingMatcher,-1,na,wall_clock_ms,9.57456
U3,3200,1,18,SimpleAugmentingMatcher,-1,na,matching_size,1729
U3,3200,1,18,HopcroftKarpMatcher,0,na,paths_found_per_phase,1625
U3,3200,1,18,HopcroftKarpMatcher,0,na,bfs_edges_visited,3200
U3,3200,1,18,HopcroftKarpMatcher,0,na,dfs_edges_visited,2304
U3,3200,1,18,HopcroftKarpMatcher,0,na,defect_at_iteration,1575
U3,3200,1,18,HopcroftKarpMatcher,1,na,paths_found_per_phase,102
U3,3200,1,18,HopcroftKarpMatcher,1,na,bfs_edges_visited,1060
U3,3200,1,18,HopcroftKarpMatcher,1,na,dfs_edges_visited,1096
U3,3200,1,18,HopcroftKarpMatcher,1,na,defect_at_iteration,1473
U3,3200,1,18,HopcroftKarpMatcher,2,na,paths_found_per_phase,2
U3,3200,1,18,HopcroftKarpMatcher,2,na,bfs_edges_visited,791
U3,3200,1,18,HopcroftKarpMatcher,2,na,dfs_edges_visited,794
U3,3200,1,18,HopcroftKarpMatcher,2,na,defect_at_iteration,1471
U3,3200,1,18,HopcroftKarpMatcher,-1,na,phase_count,3
U3,3200,1,18,HopcroftKarpMatcher,-1,na,main_loop_iters,3
U3,3200,1,18,HopcroftKarpMatcher,-1,na,total_bfs_edges_visited,5051
U3,3200,1,18,HopcroftKarpMatcher,-1,na,total_edges_visited,9245
U3,3200,1,18,HopcroftKarpMatcher,-1,na,matching_size,1729
U3,3200,1,18,HopcroftKarpMatcher,-1,na,wall_clock_ms,46.0165
U3,3200,1,18,HopcroftKarpMatcher,-1,na,matching_size,1729
U3,1600,1,17,SimpleAugmentingMatcher,-1,na,wall_clock_ms,2.37667
U3,1600,1,17,SimpleAugmentingMatcher,-1,na,matching_size,881
U3,1600,1,17,HopcroftKarpMatcher,0,na,paths_found_per_phase,835
U3,1600,1,17,HopcroftKarpMatcher,0,na,bfs_edges_visited,1600
U3,1600,1,17,HopcroftKarpMatcher,0,na,dfs_edges_visited,1151
U3,1600,1,17,HopcroftKarpMatcher,0,na,defect_at_iteration,765
U3,1600,1,17,HopcroftKarpMatcher,1,na,paths_found_per_phase,45
U3,1600,1,17,HopcroftKarpMatcher,1,na,bfs_edges_visited,534
U3,1600,1,17,HopcroftKarpMatcher,1,na,dfs_edges_visited,555
U3,1600,1,17,HopcroftKarpMatcher,1,na,defect_at_iteration,720
U3,1600,1,17,HopcroftKarpMatcher,2,na,paths_found_per_phase,1
U3,1600,1,17,HopcroftKarpMatcher,2,na,bfs_edges_visited,405
U3,1600,1,17,HopcroftKarpMatcher,2,na,dfs_edges_visited,411
U3,1600,1,17,HopcroftKarpMatcher,2,na,defect_at_iteration,719
U3,1600,1,17,HopcroftKarpMatcher,-1,na,phase_count,3
U3,1600,1,17,HopcroftKarpMatcher,-1,na,main_loop_iters,3
U3,1600,1,17,HopcroftKarpMatcher,-1,na,total_bfs_edges_visited,2539
U3,1600,1,17,HopcroftKarpMatcher,-1,na,total_edges_visited,4656
U3,1600,1,17,HopcroftKarpMatcher,-1,na,matching_size,881
U3,1600,1,17,HopcroftKarpMatcher,-1,na,wall_clock_ms,11.4961
U3,1600,1,17,HopcroftKarpMatcher,-1,na,matching_size,881
U3,3200,1.5,18,SimpleAugmentingMatcher,-1,na,wall_clock_ms,4866.41
U3,3200,1.5,18,SimpleAugmentingMatcher,-1,na,matching_size,3200
U3,3200,1.5,18,HopcroftKarpMatcher,0,na,paths_found_per_phase,3161
U3,3200,1.5,18,HopcroftKarpMatcher,0,na,bfs_edges_visited,181019
U3,3200,1.5,18,HopcroftKarpMatcher,0,na,dfs_edges_visited,90951
U3,3200,1.5,18,HopcroftKarpMatcher,0,na,defect_at_iteration,39
U3,3200,1.5,18,HopcroftKarpMatcher,1,na,paths_found_per_phase,39
U3,3200,1.5,18,HopcroftKarpMatcher,1,na,bfs_edges_visited,88955
U3,3200,1.5,18,HopcroftKarpMatcher,1,na,dfs_edges_visited,19578
U3,3200,1.5,18,HopcroftKarpMatcher,1,na,defect_at_iteration,0
U3,3200,1.5,18,HopcroftKarpMatcher,-1,na,phase_count,2
U3,3200,1.5,18,HopcroftKarpMatcher,-1,na,main_loop_iters,2
U3,3200,1.5,18,HopcroftKarpMatcher,-1,na,total_bfs_edges_visited,269974
U3,3200,1.5,18,HopcroftKarpMatcher,-1,na,total_edges_visited,380503
U3,3200,1.5,18,HopcroftKarpMatcher,-1,na,matching_size,3200
U3,3200,1.5,18,HopcroftKarpMatcher,-1,na,wall_clock_ms,24.5787
U3,3200,1.5,18,HopcroftKarpMatcher,-1,na,matching_size,3200
U3,800,1.75,0,SimpleAugmentingMatcher,-1,na,wall_clock_ms,227.661
U3,800,1.75,0,SimpleAugmentingMatcher,-1,na,matching_size,800
U3,800,1.75,0,HopcroftKarpMatcher,0,na,paths_found_per_phase,797
U3,800,1.75,0,HopcroftKarpMatcher,0,na,bfs_edges_visited,120339
U3,800,1.75,0,HopcroftKarpMatcher,0,na,dfs_edges_visited,60175
U3,800,1.75,0,HopcroftKarpMatcher,0,na,defect_at_iteration,3
U3,800,1.75,0,HopcroftKarpMatcher,1,na,paths_found_per_phase,3
U3,800,1.75,0,HopcroftKarpMatcher,1,na,bfs_edges_visited,58056
U3,800,1.75,0,HopcroftKarpMatcher,1,na,dfs_edges_visited,918
U3,800,1.75,0,HopcroftKarpMatcher,1,na,defect_at_iteration,0
U3,800,1.75,0,HopcroftKarpMatcher,-1,na,phase_count,2
U3,800,1.75,0,HopcroftKarpMatcher,-1,na,main_loop_iters,2
U3,800,1.75,0,HopcroftKarpMatcher,-1,na,total_bfs_edges_visited,178395
U3,800,1.75,0,HopcroftKarpMatcher,-1,na,total_edges_visited,239488
U3,800,1.75,0,HopcroftKarpMatcher,-1,na,matching_size,800
U3,800,1.75,0,HopcroftKarpMatcher,-1,na,wall_clock_ms,3.64924
U3,800,1.75,0,HopcroftKarpMatcher,-1,na,matching_size,800
U3,1600,1.75,4,SimpleAugmentingMatcher,-1,na,wall_clock_ms,1684.28
U3,1600,1.75,4,SimpleAugmentingMatcher,-1,na,matching_size,1600
U3,1600,1.75,4,HopcroftKarpMatcher,0,na,paths_found_per_phase,1596
U3,1600,1.75,4,HopcroftKarpMatcher,0,na,bfs_edges_visited,404771
U3,1600,1.75,4,HopcroftKarpMatcher,0,na,dfs_edges_visited,202638
U3,1600,1.75,4,HopcroftKarpMatcher,0,na,defect_at_iteration,4
U3,1600,1.75,4,HopcroftKarpMatcher,1,na,paths_found_per_phase,4
U3,1600,1.75,4,HopcroftKarpMatcher,1,na,bfs_edges_visited,201468
U3,1600,1.75,4,HopcroftKarpMatcher,1,na,dfs_edges_visited,1583
U3,1600,1.75,4,HopcroftKarpMatcher,1,na,defect_at_iteration,0
U3,1600,1.75,4,HopcroftKarpMatcher,-1,na,phase_count,2
U3,1600,1.75,4,HopcroftKarpMatcher,-1,na,main_loop_iters,2
U3,1600,1.75,4,HopcroftKarpMatcher,-1,na,total_bfs_edges_visited,606239
U3,1600,1.75,4,HopcroftKarpMatcher,-1,na,total_edges_visited,810460
U3,1600,1.75,4,HopcroftKarpMatcher,-1,na,matching_size,1600
U3,1600,1.75,4,HopcroftKarpMatcher,-1,na,wall_clock_ms,13.344
U3,1600,1.75,4,HopcroftKarpMatcher,-1,na,matching_size,1600
U3,400,1.75,17,SimpleAugmentingMatcher,-1,na,wall_clock_ms,29.3999
U3,400,1.75,17,SimpleAugmentingMatcher,-1,na,matching_size,400
U3,400,1.75,17,HopcroftKarpMatcher,0,na,paths_found_per_phase,399
U3,400,1.75,17,HopcroftKarpMatcher,0,na,bfs_edges_visited,35777
U3,400,1.75,17,HopcroftKarpMatcher,0,na,dfs_edges_visited,17965
U3,400,1.75,17,HopcroftKarpMatcher,0,na,defect_at_iteration,1
U3,400,1.75,17,HopcroftKarpMatcher,1,na,paths_found_per_phase,1
U3,400,1.75,17,HopcroftKarpMatcher,1,na,bfs_edges_visited,8242
U3,400,1.75,17,HopcroftKarpMatcher,1,na,dfs_edges_visited,691
U3,400,1.75,17,HopcroftKarpMatcher,1,na,defect_at_iteration,0
U3,400,1.75,17,HopcroftKarpMatcher,-1,na,phase_count,2
U3,400,1.75,17,HopcroftKarpMatcher,-1,na,main_loop_iters,2
U3,400,1.75,17,HopcroftKarpMatcher,-1,na,total_bfs_edges_visited,44019
U3,400,1.75,17,HopcroftKarpMatcher,-1,na,total_edges_visited,62675
U3,400,1.75,17,HopcroftKarpMatcher,-1,na,matching_size,400
U3,400,1.75,17,HopcroftKarpMatcher,-1,na,wall_clock_ms,0.940448
U3,400,1.75,17,HopcroftKarpMatcher,-1,na,matching_size,400
U3,400,1,15,SimpleAugmentingMatcher,-1,na,wall_clock_ms,0.158339
U3,400,1,15,SimpleAugmentingMatcher,-1,na,matching_size,219
U3,400,1,15,HopcroftKarpMatcher,0,na,paths_found_per_phase,206
U3,400,1,15,HopcroftKarpMatcher,0,na,bfs_edges_visited,400
U3,400,1,15,HopcroftKarpMatcher,0,na,dfs_edges_visited,286
U3,400,1,15,HopcroftKarpMatcher,0,na,defect_at_iteration,194
U3,400,1,15,HopcroftKarpMatcher,1,na,paths_found_per_phase,13
U3,400,1,15,HopcroftKarpMatcher,1,na,bfs_edges_visited,129
U3,400,1,15,HopcroftKarpMatcher,1,na,dfs_edges_visited,130
U3,400,1,15,HopcroftKarpMatcher,1,na,defect_at_iteration,181
U3,400,1,15,HopcroftKarpMatcher,-1,na,phase_count,2
U3,400,1,15,HopcroftKarpMatcher,-1,na,main_loop_iters,2
U3,400,1,15,HopcroftKarpMatcher,-1,na,total_bfs_edges_visited,529
U3,400,1,15,HopcroftKarpMatcher,-1,na,total_edges_visited,945
U3,400,1,15,HopcroftKarpMatcher,-1,na,matching_size,219
U3,400,1,15,HopcroftKarpMatcher,-1,na,wall_clock_ms,0.566007
U3,400,1,15,HopcroftKarpMatcher,-1,na,matching_size,219
U3,6400,1.75,2,SimpleAugmentingMatcher,-1,na,wall_clock_ms,89059
U3,6400,1.75,2,SimpleAugmentingMatcher,-1,na,matching_size,6400
U3,6400,1.75,2,HopcroftKarpMatcher,0,na,paths_found_per_phase,6392
U3,6400,1.75,2,HopcroftKarpMatcher,0,na,bfs_edges_visited,4.57947e+06
U3,6400,1.75,2,HopcroftKarpMatcher,0,na,dfs_edges_visited,2.28988e+06
U3,6400,1.75,2,HopcroftKarpMatcher,0,na,defect_at_iteration,8
U3,6400,1.75,2,HopcroftKarpMatcher,1,na,paths_found_per_phase,8
U3,6400,1.75,2,HopcroftKarpMatcher,1,na,bfs_edges_visited,2.80552e+06
U3,6400,1.75,2,HopcroftKarpMatcher,1,na,dfs_edges_visited,10821
U3,6400,1.75,2,HopcroftKarpMatcher,1,na,defect_at_iteration,0
U3,6400,1.75,2,HopcroftKarpMatcher,-1,na,phase_count,2
U3,6400,1.75,2,HopcroftKarpMatcher,-1,na,main_loop_iters,2
U3,6400,1.75,2,HopcroftKarpMatcher,-1,na,total_bfs_edges_visited,7.38499e+06
U3,6400,1.75,2,HopcroftKarpMatcher,-1,na,total_edges_visited,9.68569e+06
U3,6400,1.75,2,HopcroftKarpMatcher,-1,na,matching_size,6400
U3,6400,1.75,2,HopcroftKarpMatcher,-1,na,wall_clock_ms,180.816
U3,6400,1.75,2,HopcroftKarpMatcher,-1,na,matching_size,6400
U3,400,2,18,SimpleAugmentingMatcher,-1,na,wall_clock_ms,14.391
U3,400,2,18,SimpleAugmentingMatcher,-1,na,matching_size,400
U3,400,2,18,HopcroftKarpMatcher,0,na,paths_found_per_phase,400
U3,400,2,18,HopcroftKarpMatcher,0,na,bfs_edges_visited,160000
U3,400,2,18,HopcroftKarpMatcher,0,na,dfs_edges_visited,80200
U3,400,2,18,HopcroftKarpMatcher,0,na,defect_at_iteration,0
U3,400,2,18,HopcroftKarpMatcher,-1,na,phase_count,1
U3,400,2,18,HopcroftKarpMatcher,-1,na,main_loop_iters,1
U3,400,2,18,HopcroftKarpMatcher,-1,na,total_bfs_edges_visited,160000
U3,400,2,18,HopcroftKarpMatcher,-1,na,total_edges_visited,240200
U3,400,2,18,HopcroftKarpMatcher,-1,na,matching_size,400
U3,400,2,18,HopcroftKarpMatcher,-1,na,wall_clock_ms,0.329617
U3,400,2,18,HopcroftKarpMatcher,-1,na,matching_size,400
U3,800,1.5,19,SimpleAugmentingMatcher,-1,na,wall_clock_ms,74.4574
U3,800,1.5,19,SimpleAugmentingMatcher,-1,na,matching_size,800
U3,800,1.5,19,HopcroftKarpMatcher,0,na,paths_found_per_phase,786
U3,800,1.5,19,HopcroftKarpMatcher,0,na,bfs_edges_visited,22627
U3,800,1.5,19,HopcroftKarpMatcher,0,na,dfs_edges_visited,11354
U3,800,1.5,19,HopcroftKarpMatcher,0,na,defect_at_iteration,14
U3,800,1.5,19,HopcroftKarpMatcher,1,na,paths_found_per_phase,14
U3,800,1.5,19,HopcroftKarpMatcher,1,na,bfs_edges_visited,9152
U3,800,1.5,19,HopcroftKarpMatcher,1,na,dfs_edges_visited,3427
U3,800,1.5,19,HopcroftKarpMatcher,1,na,defect_at_iteration,0
U3,800,1.5,19,HopcroftKarpMatcher,-1,na,phase_count,2
U3,800,1.5,19,HopcroftKarpMatcher,-1,na,main_loop_iters,2
U3,800,1.5,19,HopcroftKarpMatcher,-1,na,total_bfs_edges_visited,31779
U3,800,1.5,19,HopcroftKarpMatcher,-1,na,total_edges_visited,46560
U3,800,1.5,19,HopcroftKarpMatcher,-1,na,matching_size,800
U3,800,1.5,19,HopcroftKarpMatcher,-1,na,wall_clock_ms,1.76356
U3,800,1.5,19,HopcroftKarpMatcher,-1,na,matching_size,800
U3,100,2,1,SimpleAugmentingMatcher,-1,na,wall_clock_ms,0.251029
U3,100,2,1,SimpleAugmentingMatcher,-1,na,matching_size,100
U3,100,2,1,HopcroftKarpMatcher,0,na,paths_found_per_phase,100
U3,100,2,1,HopcroftKarpMatcher,0,na,bfs_edges_visited,10000
U3,100,2,1,HopcroftKarpMatcher,0,na,dfs_edges_visited,5050
U3,100,2,1,HopcroftKarpMatcher,0,na,defect_at_iteration,0
U3,100,2,1,HopcroftKarpMatcher,-1,na,phase_count,1
U3,100,2,1,HopcroftKarpMatcher,-1,na,main_loop_iters,1
U3,100,2,1,HopcroftKarpMatcher,-1,na,total_bfs_edges_visited,10000
U3,100,2,1,HopcroftKarpMatcher,-1,na,total_edges_visited,15050
U3,100,2,1,HopcroftKarpMatcher,-1,na,matching_size,100
U3,100,2,1,HopcroftKarpMatcher,-1,na,wall_clock_ms,0.026589
U3,100,2,1,HopcroftKarpMatcher,-1,na,matching_size,100
U3,800,1.5,12,SimpleAugmentingMatcher,-1,na,wall_clock_ms,75.6604
U3,800,1.5,12,SimpleAugmentingMatcher,-1,na,matching_size,800
U3,800,1.5,12,HopcroftKarpMatcher,0,na,paths_found_per_phase,786
U3,800,1.5,12,HopcroftKarpMatcher,0,na,bfs_edges_visited,22627
U3,800,1.5,12,HopcroftKarpMatcher,0,na,dfs_edges_visited,11342
U3,800,1.5,12,HopcroftKarpMatcher,0,na,defect_at_iteration,14
U3,800,1.5,12,HopcroftKarpMatcher,1,na,paths_found_per_phase,14
U3,800,1.5,12,HopcroftKarpMatcher,1,na,bfs_edges_visited,8238
U3,800,1.5,12,HopcroftKarpMatcher,1,na,dfs_edges_visited,2185
U3,800,1.5,12,HopcroftKarpMatcher,1,na,defect_at_iteration,0
U3,800,1.5,12,HopcroftKarpMatcher,-1,na,phase_count,2
U3,800,1.5,12,HopcroftKarpMatcher,-1,na,main_loop_iters,2
U3,800,1.5,12,HopcroftKarpMatcher,-1,na,total_bfs_edges_visited,30865
U3,800,1.5,12,HopcroftKarpMatcher,-1,na,total_edges_visited,44392
U3,800,1.5,12,HopcroftKarpMatcher,-1,na,matching_size,800
U3,800,1.5,12,HopcroftKarpMatcher,-1,na,wall_clock_ms,1.67857
U3,800,1.5,12,HopcroftKarpMatcher,-1,na,matching_size,800
U3,800,1.5,17,SimpleAugmentingMatcher,-1,na,wall_clock_ms,74.8567
U3,800,1.5,17,SimpleAugmentingMatcher,-1,na,matching_size,800
U3,800,1.5,17,HopcroftKarpMatcher,0,na,paths_found_per_phase,780
U3,800,1.5,17,HopcroftKarpMatcher,0,na,bfs_edges_visited,22627
U3,800,1.5,17,HopcroftKarpMatcher,0,na,dfs_edges_visited,11268
U3,800,1.5,17,HopcroftKarpMatcher,0,na,defect_at_iteration,20
U3,800,1.5,17,HopcroftKarpMatcher,1,na,paths_found_per_phase,20
U3,800,1.5,17,HopcroftKarpMatcher,1,na,bfs_edges_visited,11437
U3,800,1.5,17,HopcroftKarpMatcher,1,na,dfs_edges_visited,4682
U3,800,1.5,17,HopcroftKarpMatcher,1,na,defect_at_iteration,0
U3,800,1.5,17,HopcroftKarpMatcher,-1,na,phase_count,2
U3,800,1.5,17,HopcroftKarpMatcher,-1,na,main_loop_iters,2
U3,800,1.5,17,HopcroftKarpMatcher,-1,na,total_bfs_edges_visited,34064
U3,800,1.5,17,HopcroftKarpMatcher,-1,na,total_edges_visited,50014
U3,800,1.5,17,HopcroftKarpMatcher,-1,na,matching_size,800
U3,800,1.5,17,HopcroftKarpMatcher,-1,na,wall_clock_ms,1.88712
U3,800,1.5,17,HopcroftKarpMatcher,-1,na,matching_size,800
U3,200,2,15,SimpleAugmentingMatcher,-1,na,wall_clock_ms,1.87546
U3,200,2,15,SimpleAugmentingMatcher,-1,na,matching_size,200
U3,200,2,15,HopcroftKarpMatcher,0,na,paths_found_per_phase,200
U3,200,2,15,HopcroftKarpMatcher,0,na,bfs_edges_visited,40000
U3,200,2,15,HopcroftKarpMatcher,0,na,dfs_edges_visited,20100
U3,200,2,15,HopcroftKarpMatcher,0,na,defect_at_iteration,0
U3,200,2,15,HopcroftKarpMatcher,-1,na,phase_count,1
U3,200,2,15,HopcroftKarpMatcher,-1,na,main_loop_iters,1
U3,200,2,15,HopcroftKarpMatcher,-1,na,total_bfs_edges_visited,40000
U3,200,2,15,HopcroftKarpMatcher,-1,na,total_edges_visited,60100
U3,200,2,15,HopcroftKarpMatcher,-1,na,matching_size,200
U3,200,2,15,HopcroftKarpMatcher,-1,na,wall_clock_ms,0.088906
U3,200,2,15,HopcroftKarpMatcher,-1,na,matching_size,200
U3,100,2,2,SimpleAugmentingMatcher,-1,na,wall_clock_ms,0.250876
U3,100,2,2,SimpleAugmentingMatcher,-1,na,matching_size,100
U3,100,2,2,HopcroftKarpMatcher,0,na,paths_found_per_phase,100
U3,100,2,2,HopcroftKarpMatcher,0,na,bfs_edges_visited,10000
U3,100,2,2,HopcroftKarpMatcher,0,na,dfs_edges_visited,5050
U3,100,2,2,HopcroftKarpMatcher,0,na,defect_at_iteration,0
U3,100,2,2,HopcroftKarpMatcher,-1,na,phase_count,1
U3,100,2,2,HopcroftKarpMatcher,-1,na,main_loop_iters,1
U3,100,2,2,HopcroftKarpMatcher,-1,na,total_bfs_edges_visited,10000
U3,100,2,2,HopcroftKarpMatcher,-1,na,total_edges_visited,15050
U3,100,2,2,HopcroftKarpMatcher,-1,na,matching_size,100
U3,100,2,2,HopcroftKarpMatcher,-1,na,wall_clock_ms,0.02645
U3,100,2,2,HopcroftKarpMatcher,-1,na,matching_size,100
U3,1600,1.25,17,SimpleAugmentingMatcher,-1,na,wall_clock_ms,132.42
U3,1600,1.25,17,SimpleAugmentingMatcher,-1,na,matching_size,1595
U3,1600,1.25,17,HopcroftKarpMatcher,0,na,paths_found_per_phase,1416
U3,1600,1.25,17,HopcroftKarpMatcher,0,na,bfs_edges_visited,10119
U3,1600,1.25,17,HopcroftKarpMatcher,0,na,dfs_edges_visited,5269
U3,1600,1.25,17,HopcroftKarpMatcher,0,na,defect_at_iteration,184
U3,1600,1.25,17,HopcroftKarpMatcher,1,na,paths_found_per_phase,158
U3,1600,1.25,17,HopcroftKarpMatcher,1,na,bfs_edges_visited,5062
U3,1600,1.25,17,HopcroftKarpMatcher,1,na,dfs_edges_visited,5059
U3,1600,1.25,17,HopcroftKarpMatcher,1,na,defect_at_iteration,26
U3,1600,1.25,17,HopcroftKarpMatcher,2,na,paths_found_per_phase,16
U3,1600,1.25,17,HopcroftKarpMatcher,2,na,bfs_edges_visited,2798
U3,1600,1.25,17,HopcroftKarpMatcher,2,na,dfs_edges_visited,4305
U3,1600,1.25,17,HopcroftKarpMatcher,2,na,defect_at_iteration,10
U3,1600,1.25,17,HopcroftKarpMatcher,3,na,paths_found_per_phase,4
U3,1600,1.25,17,HopcroftKarpMatcher,3,na,bfs_edges_visited,6852
U3,1600,1.25,17,HopcroftKarpMatcher,3,na,dfs_edges_visited,3971
U3,1600,1.25,17,HopcroftKarpMatcher,3,na,defect_at_iteration,6
U3,1600,1.25,17,HopcroftKarpMatcher,4,na,paths_found_per_phase,1
U3,1600,1.25,17,HopcroftKarpMatcher,4,na,bfs_edges_visited,6411
U3,1600,1.25,17,HopcroftKarpMatcher,4,na,dfs_edges_visited,9383
U3,1600,1.25,17,HopcroftKarpMatcher,4,na,defect_at_iteration,5
U3,1600,1.25,17,HopcroftKarpMatcher,-1,na,phase_count,5
U3,1600,1.25,17,HopcroftKarpMatcher,-1,na,main_loop_iters,5
U3,1600,1.25,17,HopcroftKarpMatcher,-1,na,total_bfs_edges_visited,31242
U3,1600,1.25,17,HopcroftKarpMatcher,-1,na,total_edges_visited,59229
U3,1600,1.25,17,HopcroftKarpMatcher,-1,na,matching_size,1595
U3,1600,1.25,17,HopcroftKarpMatcher,-1,na,wall_clock_ms,17.8637
U3,1600,1.25,17,HopcroftKarpMatcher,-1,na,matching_size,1595
U3,100,1.75,5,SimpleAugmentingMatcher,-1,na,wall_clock_ms,0.456001
U3,100,1.75,5,SimpleAugmentingMatcher,-1,na,matching_size,100
U3,100,1.75,5,HopcroftKarpMatcher,0,na,paths_found_per_phase,98
U3,100,1.75,5,HopcroftKarpMatcher,0,na,bfs_edges_visited,3162
U3,100,1.75,5,HopcroftKarpMatcher,0,na,dfs_edges_visited,1551
U3,100,1.75,5,HopcroftKarpMatcher,0,na,defect_at_iteration,2
U3,100,1.75,5,HopcroftKarpMatcher,1,na,paths_found_per_phase,2
U3,100,1.75,5,HopcroftKarpMatcher,1,na,bfs_edges_visited,1529
U3,100,1.75,5,HopcroftKarpMatcher,1,na,dfs_edges_visited,353
U3,100,1.75,5,HopcroftKarpMatcher,1,na,defect_at_iteration,0
U3,100,1.75,5,HopcroftKarpMatcher,-1,na,phase_count,2
U3,100,1.75,5,HopcroftKarpMatcher,-1,na,main_loop_iters,2
U3,100,1.75,5,HopcroftKarpMatcher,-1,na,total_bfs_edges_visited,4691
U3,100,1.75,5,HopcroftKarpMatcher,-1,na,total_edges_visited,6595
U3,100,1.75,5,HopcroftKarpMatcher,-1,na,matching_size,100
U3,100,1.75,5,HopcroftKarpMatcher,-1,na,wall_clock_ms,0.100458
U3,100,1.75,5,HopcroftKarpMatcher,-1,na,matching_size,100
U3,6400,1.5,5,SimpleAugmentingMatcher,-1,na,wall_clock_ms,39632.2
U3,6400,1.5,5,SimpleAugmentingMatcher,-1,na,matching_size,6400
U3,6400,1.5,5,HopcroftKarpMatcher,0,na,paths_found_per_phase,6344
U3,6400,1.5,5,HopcroftKarpMatcher,0,na,bfs_edges_visited,512000
U3,6400,1.5,5,HopcroftKarpMatcher,0,na,dfs_edges_visited,256080
U3,6400,1.5,5,HopcroftKarpMatcher,0,na,defect_at_iteration,56
U3,6400,1.5,5,HopcroftKarpMatcher,1,na,paths_found_per_phase,56
U3,6400,1.5,5,HopcroftKarpMatcher,1,na,bfs_edges_visited,257660
U3,6400,1.5,5,HopcroftKarpMatcher,1,na,dfs_edges_visited,28847
U3,6400,1.5,5,HopcroftKarpMatcher,1,na,defect_at_iteration,0
U3,6400,1.5,5,HopcroftKarpMatcher,-1,na,phase_count,2
U3,6400,1.5,5,HopcroftKarpMatcher,-1,na,main_loop_iters,2
U3,6400,1.5,5,HopcroftKarpMatcher,-1,na,total_bfs_edges_visited,769660
U3,6400,1.5,5,HopcroftKarpMatcher,-1,na,total_edges_visited,1.05459e+06
U3,6400,1.5,5,HopcroftKarpMatcher,-1,na,matching_size,6400
U3,6400,1.5,5,HopcroftKarpMatcher,-1,na,wall_clock_ms,91.8773
U3,6400,1.5,5,HopcroftKarpMatcher,-1,na,matching_size,6400
U3,1600,2,7,SimpleAugmentingMatcher,-1,na,wall_clock_ms,887.634
U3,1600,2,7,SimpleAugmentingMatcher,-1,na,matching_size,1600
U3,1600,2,7,HopcroftKarpMatcher,0,na,paths_found_per_phase,1600
U3,1600,2,7,HopcroftKarpMatcher,0,na,bfs_edges_visited,2.56e+06
U3,1600,2,7,HopcroftKarpMatcher,0,na,dfs_edges_visited,1.2808e+06
U3,1600,2,7,HopcroftKarpMatcher,0,na,defect_at_iteration,0
U3,1600,2,7,HopcroftKarpMatcher,-1,na,phase_count,1
U3,1600,2,7,HopcroftKarpMatcher,-1,na,main_loop_iters,1
U3,1600,2,7,HopcroftKarpMatcher,-1,na,total_bfs_edges_visited,2.56e+06
U3,1600,2,7,HopcroftKarpMatcher,-1,na,total_edges_visited,3.8408e+06
U3,1600,2,7,HopcroftKarpMatcher,-1,na,matching_size,1600
U3,1600,2,7,HopcroftKarpMatcher,-1,na,wall_clock_ms,5.11557
U3,1600,2,7,HopcroftKarpMatcher,-1,na,matching_size,1600
U3,6400,1.25,8,SimpleAugmentingMatcher,-1,na,wall_clock_ms,8013.23
U3,6400,1.25,8,SimpleAugmentingMatcher,-1,na,matching_size,6399
U3,6400,1.25,8,HopcroftKarpMatcher,0,na,paths_found_per_phase,5899
U3,6400,1.25,8,HopcroftKarpMatcher,0,na,bfs_edges_visited,57243
U3,6400,1.25,8,HopcroftKarpMatcher,0,na,dfs_edges_visited,29186
U3,6400,1.25,8,HopcroftKarpMatcher,0,na,defect_at_iteration,501
U3,6400,1.25,8,HopcroftKarpMatcher,1,na,paths_found_per_phase,471
U3,6400,1.25,8,HopcroftKarpMatcher,1,na,bfs_edges_visited,28191
U3,6400,1.25,8,HopcroftKarpMatcher,1,na,dfs_edges_visited,25880
U3,6400,1.25,8,HopcroftKarpMatcher,1,na,defect_at_iteration,30
U3,6400,1.25,8,HopcroftKarpMatcher,2,na,paths_found_per_phase,26
U3,6400,1.25,8,HopcroftKarpMatcher,2,na,bfs_edges_visited,13617
U3,6400,1.25,8,HopcroftKarpMatcher,2,na,dfs_edges_visited,27609
U3,6400,1.25,8,HopcroftKarpMatcher,2,na,defect_at_iteration,4
U3,6400,1.25,8,HopcroftKarpMatcher,3,na,paths_found_per_phase,3
U3,6400,1.25,8,HopcroftKarpMatcher,3,na,bfs_edges_visited,46062
U3,6400,1.25,8,HopcroftKarpMatcher,3,na,dfs_edges_visited,12454
U3,6400,1.25,8,HopcroftKarpMatcher,3,na,defect_at_iteration,1
U3,6400,1.25,8,HopcroftKarpMatcher,-1,na,phase_count,4
U3,6400,1.25,8,HopcroftKarpMatcher,-1,na,main_loop_iters,4
U3,6400,1.25,8,HopcroftKarpMatcher,-1,na,total_bfs_edges_visited,145113
U3,6400,1.25,8,HopcroftKarpMatcher,-1,na,total_edges_visited,240242
U3,6400,1.25,8,HopcroftKarpMatcher,-1,na,matching_size,6399
U3,6400,1.25,8,HopcroftKarpMatcher,-1,na,wall_clock_ms,168.726
U3,6400,1.25,8,HopcroftKarpMatcher,-1,na,matching_size,6399
U3,800,1.5,9,SimpleAugmentingMatcher,-1,na,wall_clock_ms,74.5057
U3,800,1.5,9,SimpleAugmentingMatcher,-1,na,matching_size,800
U3,800,1.5,9,HopcroftKarpMatcher,0,na,paths_found_per_phase,779
U3,800,1.5,9,HopcroftKarpMatcher,0,na,bfs_edges_visited,22627
U3,800,1.5,9,HopcroftKarpMatcher,0,na,dfs_edges_visited,11508
U3,800,1.5,9,HopcroftKarpMatcher,0,na,defect_at_iteration,21
U3,800,1.5,9,HopcroftKarpMatcher,1,na,paths_found_per_phase,21
U3,800,1.5,9,HopcroftKarpMatcher,1,na,bfs_edges_visited,12454
U3,800,1.5,9,HopcroftKarpMatcher,1,na,dfs_edges_visited,3386
U3,800,1.5,9,HopcroftKarpMatcher,1,na,defect_at_iteration,0
U3,800,1.5,9,HopcroftKarpMatcher,-1,na,phase_count,2
U3,800,1.5,9,HopcroftKarpMatcher,-1,na,main_loop_iters,2
U3,800,1.5,9,HopcroftKarpMatcher,-1,na,total_bfs_edges_visited,35081
U3,800,1.5,9,HopcroftKarpMatcher,-1,na,total_edges_visited,49975
U3,800,1.5,9,HopcroftKarpMatcher,-1,na,matching_size,800
U3,800,1.5,9,HopcroftKarpMatcher,-1,na,wall_clock_ms,1.91336
U3,800,1.5,9,HopcroftKarpMatcher,-1,na,matching_size,800
U3,400,1.5,9,SimpleAugmentingMatcher,-1,na,wall_clock_ms,9.63861
U3,400,1.5,9,SimpleAugmentingMatcher,-1,na,matching_size,400
U3,400,1.5,9,HopcroftKarpMatcher,0,na,paths_found_per_phase,386
U3,400,1.5,9,HopcroftKarpMatcher,0,na,bfs_edges_visited,8000
U3,400,1.5,9,HopcroftKarpMatcher,0,na,dfs_edges_visited,4013
U3,400,1.5,9,HopcroftKarpMatcher,0,na,defect_at_iteration,14
U3,400,1.5,9,HopcroftKarpMatcher,1,na,paths_found_per_phase,14
U3,400,1.5,9,HopcroftKarpMatcher,1,na,bfs_edges_visited,4453
U3,400,1.5,9,HopcroftKarpMatcher,1,na,dfs_edges_visited,1254
U3,400,1.5,9,HopcroftKarpMatcher,1,na,defect_at_iteration,0
U3,400,1.5,9,HopcroftKarpMatcher,-1,na,phase_count,2
U3,400,1.5,9,HopcroftKarpMatcher,-1,na,main_loop_iters,2
U3,400,1.5,9,HopcroftKarpMatcher,-1,na,total_bfs_edges_visited,12453
U3,400,1.5,9,HopcroftKarpMatcher,-1,na,total_edges_visited,17720
U3,400,1.5,9,HopcroftKarpMatcher,-1,na,matching_size,400
U3,400,1.5,9,HopcroftKarpMatcher,-1,na,wall_clock_ms,0.538899
U3,400,1.5,9,HopcroftKarpMatcher,-1,na,matching_size,400
U3,1600,1,13,SimpleAugmentingMatcher,-1,na,wall_clock_ms,2.41342
U3,1600,1,13,SimpleAugmentingMatcher,-1,na,matching_size,875
U3,1600,1,13,HopcroftKarpMatcher,0,na,paths_found_per_phase,813
U3,1600,1,13,HopcroftKarpMatcher,0,na,bfs_edges_visited,1600
U3,1600,1,13,HopcroftKarpMatcher,0,na,dfs_edges_visited,1153
U3,1600,1,13,HopcroftKarpMatcher,0,na,defect_at_iteration,787
U3,1600,1,13,HopcroftKarpMatcher,1,na,paths_found_per_phase,58
U3,1600,1,13,HopcroftKarpMatcher,1,na,bfs_edges_visited,517
U3,1600,1,13,HopcroftKarpMatcher,1,na,dfs_edges_visited,532
U3,1600,1,13,HopcroftKarpMatcher,1,na,defect_at_iteration,729
U3,1600,1,13,HopcroftKarpMatcher,2,na,paths_found_per_phase,3
U3,1600,1,13,HopcroftKarpMatcher,2,na,bfs_edges_visited,335
U3,1600,1,13,HopcroftKarpMatcher,2,na,dfs_edges_visited,344
U3,1600,1,13,HopcroftKarpMatcher,2,na,defect_at_iteration,726
U3,1600,1,13,HopcroftKarpMatcher,3,na,paths_found_per_phase,1
U3,1600,1,13,HopcroftKarpMatcher,3,na,bfs_edges_visited,328
U3,1600,1,13,HopcroftKarpMatcher,3,na,dfs_edges_visited,328
U3,1600,1,13,HopcroftKarpMatcher,3,na,defect_at_iteration,725
U3,1600,1,13,HopcroftKarpMatcher,-1,na,phase_count,4
U3,1600,1,13,HopcroftKarpMatcher,-1,na,main_loop_iters,4
U3,1600,1,13,HopcroftKarpMatcher,-1,na,total_bfs_edges_visited,2780
U3,1600,1,13,HopcroftKarpMatcher,-1,na,total_edges_visited,5137
U3,1600,1,13,HopcroftKarpMatcher,-1,na,matching_size,875
U3,1600,1,13,HopcroftKarpMatcher,-1,na,wall_clock_ms,14.0864
U3,1600,1,13,HopcroftKarpMatcher,-1,na,matching_size,875
U3,100,1.5,9,SimpleAugmentingMatcher,-1,na,wall_clock_ms,0.197674
U3,100,1.5,9,SimpleAugmentingMatcher,-1,na,matching_size,100
U3,100,1.5,9,HopcroftKarpMatcher,0,na,paths_found_per_phase,95
U3,100,1.5,9,HopcroftKarpMatcher,0,na,bfs_edges_visited,1000
U3,100,1.5,9,HopcroftKarpMatcher,0,na,dfs_edges_visited,523
U3,100,1.5,9,HopcroftKarpMatcher,0,na,defect_at_iteration,5
U3,100,1.5,9,HopcroftKarpMatcher,1,na,paths_found_per_phase,5
U3,100,1.5,9,HopcroftKarpMatcher,1,na,bfs_edges_visited,430
U3,100,1.5,9,HopcroftKarpMatcher,1,na,dfs_edges_visited,123
U3,100,1.5,9,HopcroftKarpMatcher,1,na,defect_at_iteration,0
U3,100,1.5,9,HopcroftKarpMatcher,-1,na,phase_count,2
U3,100,1.5,9,HopcroftKarpMatcher,-1,na,main_loop_iters,2
U3,100,1.5,9,HopcroftKarpMatcher,-1,na,total_bfs_edges_visited,1430
U3,100,1.5,9,HopcroftKarpMatcher,-1,na,total_edges_visited,2076
U3,100,1.5,9,HopcroftKarpMatcher,-1,na,matching_size,100
U3,100,1.5,9,HopcroftKarpMatcher,-1,na,wall_clock_ms,0.051541
U3,100,1.5,9,HopcroftKarpMatcher,-1,na,matching_size,100
U3,3200,2,15,SimpleAugmentingMatcher,-1,na,wall_clock_ms,7061.88
U3,3200,2,15,SimpleAugmentingMatcher,-1,na,matching_size,3200
U3,3200,2,15,HopcroftKarpMatcher,0,na,paths_found_per_phase,3200
U3,3200,2,15,HopcroftKarpMatcher,0,na,bfs_edges_visited,1.024e+07
U3,3200,2,15,HopcroftKarpMatcher,0,na,dfs_edges_visited,5.1216e+06
U3,3200,2,15,HopcroftKarpMatcher,0,na,defect_at_iteration,0
U3,3200,2,15,HopcroftKarpMatcher,-1,na,phase_count,1
U3,3200,2,15,HopcroftKarpMatcher,-1,na,main_loop_iters,1
U3,3200,2,15,HopcroftKarpMatcher,-1,na,total_bfs_edges_visited,1.024e+07
U3,3200,2,15,HopcroftKarpMatcher,-1,na,total_edges_visited,1.53616e+07
U3,3200,2,15,HopcroftKarpMatcher,-1,na,matching_size,3200
U3,3200,2,15,HopcroftKarpMatcher,-1,na,wall_clock_ms,20.4046
U3,3200,2,15,HopcroftKarpMatcher,-1,na,matching_size,3200
U3,400,1.25,10,SimpleAugmentingMatcher,-1,na,wall_clock_ms,2.43877
U3,400,1.25,10,SimpleAugmentingMatcher,-1,na,matching_size,397
U3,400,1.25,10,HopcroftKarpMatcher,0,na,paths_found_per_phase,342
U3,400,1.25,10,HopcroftKarpMatcher,0,na,bfs_edges_visited,1788
U3,400,1.25,10,HopcroftKarpMatcher,0,na,dfs_edges_visited,971
U3,400,1.25,10,HopcroftKarpMatcher,0,na,defect_at_iteration,58
U3,400,1.25,10,HopcroftKarpMatcher,1,na,paths_found_per_phase,41
U3,400,1.25,10,HopcroftKarpMatcher,1,na,bfs_edges_visited,849
U3,400,1.25,10,HopcroftKarpMatcher,1,na,dfs_edges_visited,759
U3,400,1.25,10,HopcroftKarpMatcher,1,na,defect_at_iteration,17
U3,400,1.25,10,HopcroftKarpMatcher,2,na,paths_found_per_phase,8
U3,400,1.25,10,HopcroftKarpMatcher,2,na,bfs_edges_visited,516
U3,400,1.25,10,HopcroftKarpMatcher,2,na,dfs_edges_visited,725
U3,400,1.25,10,HopcroftKarpMatcher,2,na,defect_at_iteration,9
U3,400,1.25,10,HopcroftKarpMatcher,3,na,paths_found_per_phase,4
U3,400,1.25,10,HopcroftKarpMatcher,3,na,bfs_edges_visited,528
U3,400,1.25,10,HopcroftKarpMatcher,3,na,dfs_edges_visited,694
U3,400,1.25,10,HopcroftKarpMatcher,3,na,defect_at_iteration,5
U3,400,1.25,10,HopcroftKarpMatcher,4,na,paths_found_per_phase,1
U3,400,1.25,10,HopcroftKarpMatcher,4,na,bfs_edges_visited,824
U3,400,1.25,10,HopcroftKarpMatcher,4,na,dfs_edges_visited,525
U3,400,1.25,10,HopcroftKarpMatcher,4,na,defect_at_iteration,4
U3,400,1.25,10,HopcroftKarpMatcher,5,na,paths_found_per_phase,1
U3,400,1.25,10,HopcroftKarpMatcher,5,na,bfs_edges_visited,458
U3,400,1.25,10,HopcroftKarpMatcher,5,na,dfs_edges_visited,588
U3,400,1.25,10,HopcroftKarpMatcher,5,na,defect_at_iteration,3
U3,400,1.25,10,HopcroftKarpMatcher,-1,na,phase_count,6
U3,400,1.25,10,HopcroftKarpMatcher,-1,na,main_loop_iters,6
U3,400,1.25,10,HopcroftKarpMatcher,-1,na,total_bfs_edges_visited,4963
U3,400,1.25,10,HopcroftKarpMatcher,-1,na,total_edges_visited,9225
U3,400,1.25,10,HopcroftKarpMatcher,-1,na,matching_size,397
U3,400,1.25,10,HopcroftKarpMatcher,-1,na,wall_clock_ms,0.973015
U3,400,1.25,10,HopcroftKarpMatcher,-1,na,matching_size,397
U3,100,1.25,1,SimpleAugmentingMatcher,-1,na,wall_clock_ms,0.052892
U3,100,1.25,1,SimpleAugmentingMatcher,-1,na,matching_size,92
U3,100,1.25,1,HopcroftKarpMatcher,0,na,paths_found_per_phase,78
U3,100,1.25,1,HopcroftKarpMatcher,0,na,bfs_edges_visited,316
U3,100,1.25,1,HopcroftKarpMatcher,0,na,dfs_edges_visited,179
U3,100,1.25,1,HopcroftKarpMatcher,0,na,defect_at_iteration,22
U3,100,1.25,1,HopcroftKarpMatcher,1,na,paths_found_per_phase,9
U3,100,1.25,1,HopcroftKarpMatcher,1,na,bfs_edges_visited,137
U3,100,1.25,1,HopcroftKarpMatcher,1,na,dfs_edges_visited,157
U3,100,1.25,1,HopcroftKarpMatcher,1,na,defect_at_iteration,13
U3,100,1.25,1,HopcroftKarpMatcher,2,na,paths_found_per_phase,3
U3,100,1.25,1,HopcroftKarpMatcher,2,na,bfs_edges_visited,88
U3,100,1.25,1,HopcroftKarpMatcher,2,na,dfs_edges_visited,88
U3,100,1.25,1,HopcroftKarpMatcher,2,na,defect_at_iteration,10
U3,100,1.25,1,HopcroftKarpMatcher,3,na,paths_found_per_phase,2
U3,100,1.25,1,HopcroftKarpMatcher,3,na,bfs_edges_visited,57
U3,100,1.25,1,HopcroftKarpMatcher,3,na,dfs_edges_visited,71
U3,100,1.25,1,HopcroftKarpMatcher,3,na,defect_at_iteration,8
U3,100,1.25,1,HopcroftKarpMatcher,-1,na,phase_count,4
U3,100,1.25,1,HopcroftKarpMatcher,-1,na,main_loop_iters,4
U3,100,1.25,1,HopcroftKarpMatcher,-1,na,total_bfs_edges_visited,598
U3,100,1.25,1,HopcroftKarpMatcher,-1,na,total_edges_visited,1093
U3,100,1.25,1,HopcroftKarpMatcher,-1,na,matching_size,92
U3,100,1.25,1,HopcroftKarpMatcher,-1,na,wall_clock_ms,0.06609
U3,100,1.25,1,HopcroftKarpMatcher,-1,na,matching_size,92
U3,6400,1,13,SimpleAugmentingMatcher,-1,na,wall_clock_ms,38.2244
U3,6400,1,13,SimpleAugmentingMatcher,-1,na,matching_size,3512
U3,6400,1,13,HopcroftKarpMatcher,0,na,paths_found_per_phase,3285
U3,6400,1,13,HopcroftKarpMatcher,0,na,bfs_edges_visited,6400
U3,6400,1,13,HopcroftKarpMatcher,0,na,dfs_edges_visited,4636
U3,6400,1,13,HopcroftKarpMatcher,0,na,defect_at_iteration,3115
U3,6400,1,13,HopcroftKarpMatcher,1,na,paths_found_per_phase,215
U3,6400,1,13,HopcroftKarpMatcher,1,na,bfs_edges_visited,2230
U3,6400,1,13,HopcroftKarpMatcher,1,na,dfs_edges_visited,2321
U3,6400,1,13,HopcroftKarpMatcher,1,na,defect_at_iteration,2900
U3,6400,1,13,HopcroftKarpMatcher,2,na,paths_found_per_phase,9
U3,6400,1,13,HopcroftKarpMatcher,2,na,bfs_edges_visited,1581
U3,6400,1,13,HopcroftKarpMatcher,2,na,dfs_edges_visited,1634
U3,6400,1,13,HopcroftKarpMatcher,2,na,defect_at_iteration,2891
U3,6400,1,13,HopcroftKarpMatcher,3,na,paths_found_per_phase,2
U3,6400,1,13,HopcroftKarpMatcher,3,na,bfs_edges_visited,1595
U3,6400,1,13,HopcroftKarpMatcher,3,na,dfs_edges_visited,1600
U3,6400,1,13,HopcroftKarpMatcher,3,na,defect_at_iteration,2889
U3,6400,1,13,HopcroftKarpMatcher,4,na,paths_found_per_phase,1
U3,6400,1,13,HopcroftKarpMatcher,4,na,bfs_edges_visited,1584
U3,6400,1,13,HopcroftKarpMatcher,4,na,dfs_edges_visited,1579
U3,6400,1,13,HopcroftKarpMatcher,4,na,defect_at_iteration,2888
U3,6400,1,13,HopcroftKarpMatcher,-1,na,phase_count,5
U3,6400,1,13,HopcroftKarpMatcher,-1,na,main_loop_iters,5
U3,6400,1,13,HopcroftKarpMatcher,-1,na,total_bfs_edges_visited,13390
U3,6400,1,13,HopcroftKarpMatcher,-1,na,total_edges_visited,25160
U3,6400,1,13,HopcroftKarpMatcher,-1,na,matching_size,3512
U3,6400,1,13,HopcroftKarpMatcher,-1,na,wall_clock_ms,271.144
U3,6400,1,13,HopcroftKarpMatcher,-1,na,matching_size,3512
U3,3200,1.25,9,SimpleAugmentingMatcher,-1,na,wall_clock_ms,961.438
U3,3200,1.25,9,SimpleAugmentingMatcher,-1,na,matching_size,3197
U3,3200,1.25,9,HopcroftKarpMatcher,0,na,paths_found_per_phase,2901
U3,3200,1.25,9,HopcroftKarpMatcher,0,na,bfs_edges_visited,24067
U3,3200,1.25,9,HopcroftKarpMatcher,0,na,dfs_edges_visited,12477
U3,3200,1.25,9,HopcroftKarpMatcher,0,na,defect_at_iteration,299
U3,3200,1.25,9,HopcroftKarpMatcher,1,na,paths_found_per_phase,272
U3,3200,1.25,9,HopcroftKarpMatcher,1,na,bfs_edges_visited,11981
U3,3200,1.25,9,HopcroftKarpMatcher,1,na,dfs_edges_visited,11731
U3,3200,1.25,9,HopcroftKarpMatcher,1,na,defect_at_iteration,27
U3,3200,1.25,9,HopcroftKarpMatcher,2,na,paths_found_per_phase,16
U3,3200,1.25,9,HopcroftKarpMatcher,2,na,bfs_edges_visited,5991
U3,3200,1.25,9,HopcroftKarpMatcher,2,na,dfs_edges_visited,13272
U3,3200,1.25,9,HopcroftKarpMatcher,2,na,defect_at_iteration,11
U3,3200,1.25,9,HopcroftKarpMatcher,3,na,paths_found_per_phase,6
U3,3200,1.25,9,HopcroftKarpMatcher,3,na,bfs_edges_visited,11238
U3,3200,1.25,9,HopcroftKarpMatcher,3,na,dfs_edges_visited,20514
U3,3200,1.25,9,HopcroftKarpMatcher,3,na,defect_at_iteration,5
U3,3200,1.25,9,HopcroftKarpMatcher,4,na,paths_found_per_phase,2
U3,3200,1.25,9,HopcroftKarpMatcher,4,na,bfs_edges_visited,23871
U3,3200,1.25,9,HopcroftKarpMatcher,4,na,dfs_edges_visited,20641
U3,3200,1.25,9,HopcroftKarpMatcher,4,na,defect_at_iteration,3
U3,3200,1.25,9,HopcroftKarpMatcher,-1,na,phase_count,5
U3,3200,1.25,9,HopcroftKarpMatcher,-1,na,main_loop_iters,5
U3,3200,1.25,9,HopcroftKarpMatcher,-1,na,total_bfs_edges_visited,77148
U3,3200,1.25,9,HopcroftKarpMatcher,-1,na,total_edges_visited,155783
U3,3200,1.25,9,HopcroftKarpMatcher,-1,na,matching_size,3197
U3,3200,1.25,9,HopcroftKarpMatcher,-1,na,wall_clock_ms,76.0455
U3,3200,1.25,9,HopcroftKarpMatcher,-1,na,matching_size,3197
U3,3200,1.5,17,SimpleAugmentingMatcher,-1,na,wall_clock_ms,4870.52
U3,3200,1.5,17,SimpleAugmentingMatcher,-1,na,matching_size,3200
U3,3200,1.5,17,HopcroftKarpMatcher,0,na,paths_found_per_phase,3167
U3,3200,1.5,17,HopcroftKarpMatcher,0,na,bfs_edges_visited,181019
U3,3200,1.5,17,HopcroftKarpMatcher,0,na,dfs_edges_visited,90613
U3,3200,1.5,17,HopcroftKarpMatcher,0,na,defect_at_iteration,33
U3,3200,1.5,17,HopcroftKarpMatcher,1,na,paths_found_per_phase,33
U3,3200,1.5,17,HopcroftKarpMatcher,1,na,bfs_edges_visited,78815
U3,3200,1.5,17,HopcroftKarpMatcher,1,na,dfs_edges_visited,21203
U3,3200,1.5,17,HopcroftKarpMatcher,1,na,defect_at_iteration,0
U3,3200,1.5,17,HopcroftKarpMatcher,-1,na,phase_count,2
U3,3200,1.5,17,HopcroftKarpMatcher,-1,na,main_loop_iters,2
U3,3200,1.5,17,HopcroftKarpMatcher,-1,na,total_bfs_edges_visited,259834
U3,3200,1.5,17,HopcroftKarpMatcher,-1,na,total_edges_visited,371650
U3,3200,1.5,17,HopcroftKarpMatcher,-1,na,matching_size,3200
U3,3200,1.5,17,HopcroftKarpMatcher,-1,na,wall_clock_ms,24.0001
U3,3200,1.5,17,HopcroftKarpMatcher,-1,na,matching_size,3200
U3,1600,1.25,11,SimpleAugmentingMatcher,-1,na,wall_clock_ms,115.748
U3,1600,1.25,11,SimpleAugmentingMatcher,-1,na,matching_size,1598
U3,1600,1.25,11,HopcroftKarpMatcher,0,na,paths_found_per_phase,1429
U3,1600,1.25,11,HopcroftKarpMatcher,0,na,bfs_edges_visited,10119
U3,1600,1.25,11,HopcroftKarpMatcher,0,na,dfs_edges_visited,5219
U3,1600,1.25,11,HopcroftKarpMatcher,0,na,defect_at_iteration,171
U3,1600,1.25,11,HopcroftKarpMatcher,1,na,paths_found_per_phase,154
U3,1600,1.25,11,HopcroftKarpMatcher,1,na,bfs_edges_visited,4758
U3,1600,1.25,11,HopcroftKarpMatcher,1,na,dfs_edges_visited,5074
U3,1600,1.25,11,HopcroftKarpMatcher,1,na,defect_at_iteration,17
U3,1600,1.25,11,HopcroftKarpMatcher,2,na,paths_found_per_phase,9
U3,1600,1.25,11,HopcroftKarpMatcher,2,na,bfs_edges_visited,2123
U3,1600,1.25,11,HopcroftKarpMatcher,2,na,dfs_edges_visited,4137
U3,1600,1.25,11,HopcroftKarpMatcher,2,na,defect_at_iteration,8
U3,1600,1.25,11,HopcroftKarpMatcher,3,na,paths_found_per_phase,4
U3,1600,1.25,11,HopcroftKarpMatcher,3,na,bfs_edges_visited,2694
U3,1600,1.25,11,HopcroftKarpMatcher,3,na,dfs_edges_visited,3700
U3,1600,1.25,11,HopcroftKarpMatcher,3,na,defect_at_iteration,4
U3,1600,1.25,11,HopcroftKarpMatcher,4,na,paths_found_per_phase,2
U3,1600,1.25,11,HopcroftKarpMatcher,4,na,bfs_edges_visited,7522
U3,1600,1.25,11,HopcroftKarpMatcher,4,na,dfs_edges_visited,5527
U3,1600,1.25,11,HopcroftKarpMatcher,4,na,defect_at_iteration,2
U3,1600,1.25,11,HopcroftKarpMatcher,-1,na,phase_count,5
U3,1600,1.25,11,HopcroftKarpMatcher,-1,na,main_loop_iters,5
U3,1600,1.25,11,HopcroftKarpMatcher,-1,na,total_bfs_edges_visited,27216
U3,1600,1.25,11,HopcroftKarpMatcher,-1,na,total_edges_visited,50873
U3,1600,1.25,11,HopcroftKarpMatcher,-1,na,matching_size,1598
U3,1600,1.25,11,HopcroftKarpMatcher,-1,na,wall_clock_ms,13.2163
U3,1600,1.25,11,HopcroftKarpMatcher,-1,na,matching_size,1598
U3,6400,1.75,6,SimpleAugmentingMatcher,-1,na,wall_clock_ms,90817.5
U3,6400,1.75,6,SimpleAugmentingMatcher,-1,na,matching_size,6400
U3,6400,1.75,6,HopcroftKarpMatcher,0,na,paths_found_per_phase,6393
U3,6400,1.75,6,HopcroftKarpMatcher,0,na,bfs_edges_visited,4.57947e+06
U3,6400,1.75,6,HopcroftKarpMatcher,0,na,dfs_edges_visited,2.2919e+06
U3,6400,1.75,6,HopcroftKarpMatcher,0,na,defect_at_iteration,7
U3,6400,1.75,6,HopcroftKarpMatcher,1,na,paths_found_per_phase,7
U3,6400,1.75,6,HopcroftKarpMatcher,1,na,bfs_edges_visited,2.54551e+06
U3,6400,1.75,6,HopcroftKarpMatcher,1,na,dfs_edges_visited,31371
U3,6400,1.75,6,HopcroftKarpMatcher,1,na,defect_at_iteration,0
U3,6400,1.75,6,HopcroftKarpMatcher,-1,na,phase_count,2
U3,6400,1.75,6,HopcroftKarpMatcher,-1,na,main_loop_iters,2
U3,6400,1.75,6,HopcroftKarpMatcher,-1,na,total_bfs_edges_visited,7.12497e+06
U3,6400,1.75,6,HopcroftKarpMatcher,-1,na,total_edges_visited,9.44824e+06
U3,6400,1.75,6,HopcroftKarpMatcher,-1,na,matching_size,6400
U3,6400,1.75,6,HopcroftKarpMatcher,-1,na,wall_clock_ms,177.106
U3,6400,1.75,6,HopcroftKarpMatcher,-1,na,matching_size,6400
U3,100,1,15,SimpleAugmentingMatcher,-1,na,wall_clock_ms,0.012327
U3,100,1,15,SimpleAugmentingMatcher,-1,na,matching_size,57
U3,100,1,15,HopcroftKarpMatcher,0,na,paths_found_per_phase,55
U3,100,1,15,HopcroftKarpMatcher,0,na,bfs_edges_visited,100
U3,100,1,15,HopcroftKarpMatcher,0,na,dfs_edges_visited,74
U3,100,1,15,HopcroftKarpMatcher,0,na,defect_at_iteration,45
U3,100,1,15,HopcroftKarpMatcher,1,na,paths_found_per_phase,2
U3,100,1,15,HopcroftKarpMatcher,1,na,bfs_edges_visited,27
U3,100,1,15,HopcroftKarpMatcher,1,na,dfs_edges_visited,30
U3,100,1,15,HopcroftKarpMatcher,1,na,defect_at_iteration,43
U3,100,1,15,HopcroftKarpMatcher,-1,na,phase_count,2
U3,100,1,15,HopcroftKarpMatcher,-1,na,main_loop_iters,2
U3,100,1,15,HopcroftKarpMatcher,-1,na,total_bfs_edges_visited,127
U3,100,1,15,HopcroftKarpMatcher,-1,na,total_edges_visited,231
U3,100,1,15,HopcroftKarpMatcher,-1,na,matching_size,57
U3,100,1,15,HopcroftKarpMatcher,-1,na,wall_clock_ms,0.045808
U3,100,1,15,HopcroftKarpMatcher,-1,na,matching_size,57
U3,400,1.5,5,SimpleAugmentingMatcher,-1,na,wall_clock_ms,9.44916
U3,400,1.5,5,SimpleAugmentingMatcher,-1,na,matching_size,400
U3,400,1.5,5,HopcroftKarpMatcher,0,na,paths_found_per_phase,387
U3,400,1.5,5,HopcroftKarpMatcher,0,na,bfs_edges_visited,8000
U3,400,1.5,5,HopcroftKarpMatcher,0,na,dfs_edges_visited,4048
U3,400,1.5,5,HopcroftKarpMatcher,0,na,defect_at_iteration,13
U3,400,1.5,5,HopcroftKarpMatcher,1,na,paths_found_per_phase,13
U3,400,1.5,5,HopcroftKarpMatcher,1,na,bfs_edges_visited,3535
U3,400,1.5,5,HopcroftKarpMatcher,1,na,dfs_edges_visited,1245
U3,400,1.5,5,HopcroftKarpMatcher,1,na,defect_at_iteration,0
U3,400,1.5,5,HopcroftKarpMatcher,-1,na,phase_count,2
U3,400,1.5,5,HopcroftKarpMatcher,-1,na,main_loop_iters,2
U3,400,1.5,5,HopcroftKarpMatcher,-1,na,total_bfs_edges_visited,11535
U3,400,1.5,5,HopcroftKarpMatcher,-1,na,total_edges_visited,16828
U3,400,1.5,5,HopcroftKarpMatcher,-1,na,matching_size,400
U3,400,1.5,5,HopcroftKarpMatcher,-1,na,wall_clock_ms,0.517025
U3,400,1.5,5,HopcroftKarpMatcher,-1,na,matching_size,400
U3,200,1.5,5,SimpleAugmentingMatcher,-1,na,wall_clock_ms,1.31719
U3,200,1.5,5,SimpleAugmentingMatcher,-1,na,matching_size,200
U3,200,1.5,5,HopcroftKarpMatcher,0,na,paths_found_per_phase,189
U3,200,1.5,5,HopcroftKarpMatcher,0,na,bfs_edges_visited,2828
U3,200,1.5,5,HopcroftKarpMatcher,0,na,dfs_edges_visited,1432
U3,200,1.5,5,HopcroftKarpMatcher,0,na,defect_at_iteration,11
U3,200,1.5,5,HopcroftKarpMatcher,1,na,paths_found_per_phase,10
U3,200,1.5,5,HopcroftKarpMatcher,1,na,bfs_edges_visited,1700
U3,200,1.5,5,HopcroftKarpMatcher,1,na,dfs_edges_visited,1380
U3,200,1.5,5,HopcroftKarpMatcher,1,na,defect_at_iteration,1
U3,200,1.5,5,HopcroftKarpMatcher,2,na,paths_found_per_phase,1
U3,200,1.5,5,HopcroftKarpMatcher,2,na,bfs_edges_visited,1784
U3,200,1.5,5,HopcroftKarpMatcher,2,na,dfs_edges_visited,52
U3,200,1.5,5,HopcroftKarpMatcher,2,na,defect_at_iteration,0
U3,200,1.5,5,HopcroftKarpMatcher,-1,na,phase_count,3
U3,200,1.5,5,HopcroftKarpMatcher,-1,na,main_loop_iters,3
U3,200,1.5,5,HopcroftKarpMatcher,-1,na,total_bfs_edges_visited,6312
U3,200,1.5,5,HopcroftKarpMatcher,-1,na,total_edges_visited,9176
U3,200,1.5,5,HopcroftKarpMatcher,-1,na,matching_size,200
U3,200,1.5,5,HopcroftKarpMatcher,-1,na,wall_clock_ms,0.240203
U3,200,1.5,5,HopcroftKarpMatcher,-1,na,matching_size,200
U3,1600,1.25,19,SimpleAugmentingMatcher,-1,na,wall_clock_ms,119.69
U3,1600,1.25,19,SimpleAugmentingMatcher,-1,na,matching_size,1596
U3,1600,1.25,19,HopcroftKarpMatcher,0,na,paths_found_per_phase,1415
U3,1600,1.25,19,HopcroftKarpMatcher,0,na,bfs_edges_visited,10119
U3,1600,1.25,19,HopcroftKarpMatcher,0,na,dfs_edges_visited,5186
U3,1600,1.25,19,HopcroftKarpMatcher,0,na,defect_at_iteration,185
U3,1600,1.25,19,HopcroftKarpMatcher,1,na,paths_found_per_phase,162
U3,1600,1.25,19,HopcroftKarpMatcher,1,na,bfs_edges_visited,5177
U3,1600,1.25,19,HopcroftKarpMatcher,1,na,dfs_edges_visited,4839
U3,1600,1.25,19,HopcroftKarpMatcher,1,na,defect_at_iteration,23
U3,1600,1.25,19,HopcroftKarpMatcher,2,na,paths_found_per_phase,13
U3,1600,1.25,19,HopcroftKarpMatcher,2,na,bfs_edges_visited,2366
U3,1600,1.25,19,HopcroftKarpMatcher,2,na,dfs_edges_visited,4660
U3,1600,1.25,19,HopcroftKarpMatcher,2,na,defect_at_iteration,10
U3,1600,1.25,19,HopcroftKarpMatcher,3,na,paths_found_per_phase,6
U3,1600,1.25,19,HopcroftKarpMatcher,3,na,bfs_edges_visited,3606
U3,1600,1.25,19,HopcroftKarpMatcher,3,na,dfs_edges_visited,6224
U3,1600,1.25,19,HopcroftKarpMatcher,3,na,defect_at_iteration,4
U3,1600,1.25,19,HopcroftKarpMatcher,-1,na,phase_count,4
U3,1600,1.25,19,HopcroftKarpMatcher,-1,na,main_loop_iters,4
U3,1600,1.25,19,HopcroftKarpMatcher,-1,na,total_bfs_edges_visited,21268
U3,1600,1.25,19,HopcroftKarpMatcher,-1,na,total_edges_visited,42177
U3,1600,1.25,19,HopcroftKarpMatcher,-1,na,matching_size,1596
U3,1600,1.25,19,HopcroftKarpMatcher,-1,na,wall_clock_ms,13.4676
U3,1600,1.25,19,HopcroftKarpMatcher,-1,na,matching_size,1596
U3,400,1.25,8,SimpleAugmentingMatcher,-1,na,wall_clock_ms,3.20343
U3,400,1.25,8,SimpleAugmentingMatcher,-1,na,matching_size,395
U3,400,1.25,8,HopcroftKarpMatcher,0,na,paths_found_per_phase,336
U3,400,1.25,8,HopcroftKarpMatcher,0,na,bfs_edges_visited,1788
U3,400,1.25,8,HopcroftKarpMatcher,0,na,dfs_edges_visited,934
U3,400,1.25,8,HopcroftKarpMatcher,0,na,defect_at_iteration,64
U3,400,1.25,8,HopcroftKarpMatcher,1,na,paths_found_per_phase,43
U3,400,1.25,8,HopcroftKarpMatcher,1,na,bfs_edges_visited,840
U3,400,1.25,8,HopcroftKarpMatcher,1,na,dfs_edges_visited,945
U3,400,1.25,8,HopcroftKarpMatcher,1,na,defect_at_iteration,21
U3,400,1.25,8,HopcroftKarpMatcher,2,na,paths_found_per_phase,8
U3,400,1.25,8,HopcroftKarpMatcher,2,na,bfs_edges_visited,502
U3,400,1.25,8,HopcroftKarpMatcher,2,na,dfs_edges_visited,787
U3,400,1.25,8,HopcroftKarpMatcher,2,na,defect_at_iteration,13
U3,400,1.25,8,HopcroftKarpMatcher,3,na,paths_found_per_phase,5
U3,400,1.25,8,HopcroftKarpMatcher,3,na,bfs_edges_visited,1080
U3,400,1.25,8,HopcroftKarpMatcher,3,na,dfs_edges_visited,451
U3,400,1.25,8,HopcroftKarpMatcher,3,na,defect_at_iteration,8
U3,400,1.25,8,HopcroftKarpMatcher,4,na,paths_found_per_phase,2
U3,400,1.25,8,HopcroftKarpMatcher,4,na,bfs_edges_visited,1437
U3,400,1.25,8,HopcroftKarpMatcher,4,na,dfs_edges_visited,1552
U3,400,1.25,8,HopcroftKarpMatcher,4,na,defect_at_iteration,6
U3,400,1.25,8,HopcroftKarpMatcher,5,na,paths_found_per_phase,1
U3,400,1.25,8,HopcroftKarpMatcher,5,na,bfs_edges_visited,1629
U3,400,1.25,8,HopcroftKarpMatcher,5,na,dfs_edges_visited,441
U3,400,1.25,8,HopcroftKarpMatcher,5,na,defect_at_iteration,5
U3,400,1.25,8,HopcroftKarpMatcher,-1,na,phase_count,6
U3,400,1.25,8,HopcroftKarpMatcher,-1,na,main_loop_iters,6
U3,400,1.25,8,HopcroftKarpMatcher,-1,na,total_bfs_edges_visited,7276
U3,400,1.25,8,HopcroftKarpMatcher,-1,na,total_edges_visited,12386
U3,400,1.25,8,HopcroftKarpMatcher,-1,na,matching_size,395
U3,400,1.25,8,HopcroftKarpMatcher,-1,na,wall_clock_ms,1.45186
U3,400,1.25,8,HopcroftKarpMatcher,-1,na,matching_size,395
U3,100,1.5,10,SimpleAugmentingMatcher,-1,na,wall_clock_ms,0.21831
U3,100,1.5,10,SimpleAugmentingMatcher,-1,na,matching_size,100
U3,100,1.5,10,HopcroftKarpMatcher,0,na,paths_found_per_phase,95
U3,100,1.5,10,HopcroftKarpMatcher,0,na,bfs_edges_visited,1000
U3,100,1.5,10,HopcroftKarpMatcher,0,na,dfs_edges_visited,520
U3,100,1.5,10,HopcroftKarpMatcher,0,na,defect_at_iteration,5
U3,100,1.5,10,HopcroftKarpMatcher,1,na,paths_found_per_phase,5
U3,100,1.5,10,HopcroftKarpMatcher,1,na,bfs_edges_visited,330
U3,100,1.5,10,HopcroftKarpMatcher,1,na,dfs_edges_visited,233
U3,100,1.5,10,HopcroftKarpMatcher,1,na,defect_at_iteration,0
U3,100,1.5,10,HopcroftKarpMatcher,-1,na,phase_count,2
U3,100,1.5,10,HopcroftKarpMatcher,-1,na,main_loop_iters,2
U3,100,1.5,10,HopcroftKarpMatcher,-1,na,total_bfs_edges_visited,1330
U3,100,1.5,10,HopcroftKarpMatcher,-1,na,total_edges_visited,2083
U3,100,1.5,10,HopcroftKarpMatcher,-1,na,matching_size,100
U3,100,1.5,10,HopcroftKarpMatcher,-1,na,wall_clock_ms,0.050554
U3,100,1.5,10,HopcroftKarpMatcher,-1,na,matching_size,100
U3,3200,1.25,1,SimpleAugmentingMatcher,-1,na,wall_clock_ms,951.228
U3,3200,1.25,1,SimpleAugmentingMatcher,-1,na,matching_size,3199
U3,3200,1.25,1,HopcroftKarpMatcher,0,na,paths_found_per_phase,2906
U3,3200,1.25,1,HopcroftKarpMatcher,0,na,bfs_edges_visited,24067
U3,3200,1.25,1,HopcroftKarpMatcher,0,na,dfs_edges_visited,12292
U3,3200,1.25,1,HopcroftKarpMatcher,0,na,defect_at_iteration,294
U3,3200,1.25,1,HopcroftKarpMatcher,1,na,paths_found_per_phase,270
U3,3200,1.25,1,HopcroftKarpMatcher,1,na,bfs_edges_visited,11474
U3,3200,1.25,1,HopcroftKarpMatcher,1,na,dfs_edges_visited,10591
U3,3200,1.25,1,HopcroftKarpMatcher,1,na,defect_at_iteration,24
U3,3200,1.25,1,HopcroftKarpMatcher,2,na,paths_found_per_phase,19
U3,3200,1.25,1,HopcroftKarpMatcher,2,na,bfs_edges_visited,5309
U3,3200,1.25,1,HopcroftKarpMatcher,2,na,dfs_edges_visited,8024
U3,3200,1.25,1,HopcroftKarpMatcher,2,na,defect_at_iteration,5
U3,3200,1.25,1,HopcroftKarpMatcher,3,na,paths_found_per_phase,4
U3,3200,1.25,1,HopcroftKarpMatcher,3,na,bfs_edges_visited,16561
U3,3200,1.25,1,HopcroftKarpMatcher,3,na,dfs_edges_visited,5155
U3,3200,1.25,1,HopcroftKarpMatcher,3,na,defect_at_iteration,1
U3,3200,1.25,1,HopcroftKarpMatcher,-1,na,phase_count,4
U3,3200,1.25,1,HopcroftKarpMatcher,-1,na,main_loop_iters,4
U3,3200,1.25,1,HopcroftKarpMatcher,-1,na,total_bfs_edges_visited,57411
U3,3200,1.25,1,HopcroftKarpMatcher,-1,na,total_edges_visited,93473
U3,3200,1.25,1,HopcroftKarpMatcher,-1,na,matching_size,3199
U3,3200,1.25,1,HopcroftKarpMatcher,-1,na,wall_clock_ms,39.5858
U3,3200,1.25,1,HopcroftKarpMatcher,-1,na,matching_size,3199
U3,6400,1,9,SimpleAugmentingMatcher,-1,na,wall_clock_ms,38.4166
U3,6400,1,9,SimpleAugmentingMatcher,-1,na,matching_size,3426
U3,6400,1,9,HopcroftKarpMatcher,0,na,paths_found_per_phase,3214
U3,6400,1,9,HopcroftKarpMatcher,0,na,bfs_edges_visited,6400
U3,6400,1,9,HopcroftKarpMatcher,0,na,dfs_edges_visited,4671
U3,6400,1,9,HopcroftKarpMatcher,0,na,defect_at_iteration,3186
U3,6400,1,9,HopcroftKarpMatcher,1,na,paths_found_per_phase,206
U3,6400,1,9,HopcroftKarpMatcher,1,na,bfs_edges_visited,2316
U3,6400,1,9,HopcroftKarpMatcher,1,na,dfs_edges_visited,2372
U3,6400,1,9,HopcroftKarpMatcher,1,na,defect_at_iteration,2980
U3,6400,1,9,HopcroftKarpMatcher,2,na,paths_found_per_phase,4
U3,6400,1,9,HopcroftKarpMatcher,2,na,bfs_edges_visited,1642
U3,6400,1,9,HopcroftKarpMatcher,2,na,dfs_edges_visited,1673
U3,6400,1,9,HopcroftKarpMatcher,2,na,defect_at_iteration,2976
U3,6400,1,9,HopcroftKarpMatcher,3,na,paths_found_per_phase,1
U3,6400,1,9,HopcroftKarpMatcher,3,na,bfs_edges_visited,1659
U3,6400,1,9,HopcroftKarpMatcher,3,na,dfs_edges_visited,1664
U3,6400,1,9,HopcroftKarpMatcher,3,na,defect_at_iteration,2975
U3,6400,1,9,HopcroftKarpMatcher,4,na,paths_found_per_phase,1
U3,6400,1,9,HopcroftKarpMatcher,4,na,bfs_edges_visited,1653
U3,6400,1,9,HopcroftKarpMatcher,4,na,dfs_edges_visited,1650
U3,6400,1,9,HopcroftKarpMatcher,4,na,defect_at_iteration,2974
U3,6400,1,9,HopcroftKarpMatcher,-1,na,phase_count,5
U3,6400,1,9,HopcroftKarpMatcher,-1,na,main_loop_iters,5
U3,6400,1,9,HopcroftKarpMatcher,-1,na,total_bfs_edges_visited,13670
U3,6400,1,9,HopcroftKarpMatcher,-1,na,total_edges_visited,25700
U3,6400,1,9,HopcroftKarpMatcher,-1,na,matching_size,3426
U3,6400,1,9,HopcroftKarpMatcher,-1,na,wall_clock_ms,276.899
U3,6400,1,9,HopcroftKarpMatcher,-1,na,matching_size,3426
U3,6400,1,10,SimpleAugmentingMatcher,-1,na,wall_clock_ms,39.2131
U3,6400,1,10,SimpleAugmentingMatcher,-1,na,matching_size,3444
U3,6400,1,10,HopcroftKarpMatcher,0,na,paths_found_per_phase,3242
U3,6400,1,10,HopcroftKarpMatcher,0,na,bfs_edges_visited,6400
U3,6400,1,10,HopcroftKarpMatcher,0,na,dfs_edges_visited,4663
U3,6400,1,10,HopcroftKarpMatcher,0,na,defect_at_iteration,3158
U3,6400,1,10,HopcroftKarpMatcher,1,na,paths_found_per_phase,193
U3,6400,1,10,HopcroftKarpMatcher,1,na,bfs_edges_visited,2212
U3,6400,1,10,HopcroftKarpMatcher,1,na,dfs_edges_visited,2364
U3,6400,1,10,HopcroftKarpMatcher,1,na,defect_at_iteration,2965
U3,6400,1,10,HopcroftKarpMatcher,2,na,paths_found_per_phase,7
U3,6400,1,10,HopcroftKarpMatcher,2,na,bfs_edges_visited,1656
U3,6400,1,10,HopcroftKarpMatcher,2,na,dfs_edges_visited,1723
U3,6400,1,10,HopcroftKarpMatcher,2,na,defect_at_iteration,2958
U3,6400,1,10,HopcroftKarpMatcher,3,na,paths_found_per_phase,2
U3,6400,1,10,HopcroftKarpMatcher,3,na,bfs_edges_visited,1701
U3,6400,1,10,HopcroftKarpMatcher,3,na,dfs_edges_visited,1703
U3,6400,1,10,HopcroftKarpMatcher,3,na,defect_at_iteration,2956
U3,6400,1,10,HopcroftKarpMatcher,-1,na,phase_count,4
U3,6400,1,10,HopcroftKarpMatcher,-1,na,main_loop_iters,4
U3,6400,1,10,HopcroftKarpMatcher,-1,na,total_bfs_edges_visited,11969
U3,6400,1,10,HopcroftKarpMatcher,-1,na,total_edges_visited,22422
U3,6400,1,10,HopcroftKarpMatcher,-1,na,matching_size,3444
U3,6400,1,10,HopcroftKarpMatcher,-1,na,wall_clock_ms,232.105
U3,6400,1,10,HopcroftKarpMatcher,-1,na,matching_size,3444
U3,200,1.25,7,SimpleAugmentingMatcher,-1,na,wall_clock_ms,0.620079
U3,200,1.25,7,SimpleAugmentingMatcher,-1,na,matching_size,194
U3,200,1.25,7,HopcroftKarpMatcher,0,na,paths_found_per_phase,165
U3,200,1.25,7,HopcroftKarpMatcher,0,na,bfs_edges_visited,752
U3,200,1.25,7,HopcroftKarpMatcher,0,na,dfs_edges_visited,417
U3,200,1.25,7,HopcroftKarpMatcher,0,na,defect_at_iteration,35
U3,200,1.25,7,HopcroftKarpMatcher,1,na,paths_found_per_phase,23
U3,200,1.25,7,HopcroftKarpMatcher,1,na,bfs_edges_visited,340
U3,200,1.25,7,HopcroftKarpMatcher,1,na,dfs_edges_visited,391
U3,200,1.25,7,HopcroftKarpMatcher,1,na,defect_at_iteration,12
U3,200,1.25,7,HopcroftKarpMatcher,2,na,paths_found_per_phase,4
U3,200,1.25,7,HopcroftKarpMatcher,2,na,bfs_edges_visited,439
U3,200,1.25,7,HopcroftKarpMatcher,2,na,dfs_edges_visited,280
U3,200,1.25,7,HopcroftKarpMatcher,2,na,defect_at_iteration,8
U3,200,1.25,7,HopcroftKarpMatcher,3,na,paths_found_per_phase,2
U3,200,1.25,7,HopcroftKarpMatcher,3,na,bfs_edges_visited,439
U3,200,1.25,7,HopcroftKarpMatcher,3,na,dfs_edges_visited,469
U3,200,1.25,7,HopcroftKarpMatcher,3,na,defect_at_iteration,6
U3,200,1.25,7,HopcroftKarpMatcher,-1,na,phase_count,4
U3,200,1.25,7,HopcroftKarpMatcher,-1,na,main_loop_iters,4
U3,200,1.25,7,HopcroftKarpMatcher,-1,na,total_bfs_edges_visited,1970
U3,200,1.25,7,HopcroftKarpMatcher,-1,na,total_edges_visited,3527
U3,200,1.25,7,HopcroftKarpMatcher,-1,na,matching_size,194
U3,200,1.25,7,HopcroftKarpMatcher,-1,na,wall_clock_ms,0.292747
U3,200,1.25,7,HopcroftKarpMatcher,-1,na,matching_size,194
U3,200,2,11,SimpleAugmentingMatcher,-1,na,wall_clock_ms,1.91127
U3,200,2,11,SimpleAugmentingMatcher,-1,na,matching_size,200
U3,200,2,11,HopcroftKarpMatcher,0,na,paths_found_per_phase,200
U3,200,2,11,HopcroftKarpMatcher,0,na,bfs_edges_visited,40000
U3,200,2,11,HopcroftKarpMatcher,0,na,dfs_edges_visited,20100
U3,200,2,11,HopcroftKarpMatcher,0,na,defect_at_iteration,0
U3,200,2,11,HopcroftKarpMatcher,-1,na,phase_count,1
U3,200,2,11,HopcroftKarpMatcher,-1,na,main_loop_iters,1
U3,200,2,11,HopcroftKarpMatcher,-1,na,total_bfs_edges_visited,40000
U3,200,2,11,HopcroftKarpMatcher,-1,na,total_edges_visited,60100
U3,200,2,11,HopcroftKarpMatcher,-1,na,matching_size,200
U3,200,2,11,HopcroftKarpMatcher,-1,na,wall_clock_ms,0.088804
U3,200,2,11,HopcroftKarpMatcher,-1,na,matching_size,200
U3,200,2,14,SimpleAugmentingMatcher,-1,na,wall_clock_ms,1.87635
U3,200,2,14,SimpleAugmentingMatcher,-1,na,matching_size,200
U3,200,2,14,HopcroftKarpMatcher,0,na,paths_found_per_phase,200
U3,200,2,14,HopcroftKarpMatcher,0,na,bfs_edges_visited,40000
U3,200,2,14,HopcroftKarpMatcher,0,na,dfs_edges_visited,20100
U3,200,2,14,HopcroftKarpMatcher,0,na,defect_at_iteration,0
U3,200,2,14,HopcroftKarpMatcher,-1,na,phase_count,1
U3,200,2,14,HopcroftKarpMatcher,-1,na,main_loop_iters,1
U3,200,2,14,HopcroftKarpMatcher,-1,na,total_bfs_edges_visited,40000
U3,200,2,14,HopcroftKarpMatcher,-1,na,total_edges_visited,60100
U3,200,2,14,HopcroftKarpMatcher,-1,na,matching_size,200
U3,200,2,14,HopcroftKarpMatcher,-1,na,wall_clock_ms,0.089089
U3,200,2,14,HopcroftKarpMatcher,-1,na,matching_size,200
U3,3200,1.25,8,SimpleAugmentingMatcher,-1,na,wall_clock_ms,940.988
U3,3200,1.25,8,SimpleAugmentingMatcher,-1,na,matching_size,3197
U3,3200,1.25,8,HopcroftKarpMatcher,0,na,paths_found_per_phase,2915
U3,3200,1.25,8,HopcroftKarpMatcher,0,na,bfs_edges_visited,24067
U3,3200,1.25,8,HopcroftKarpMatcher,0,na,dfs_edges_visited,12431
U3,3200,1.25,8,HopcroftKarpMatcher,0,na,defect_at_iteration,285
U3,3200,1.25,8,HopcroftKarpMatcher,1,na,paths_found_per_phase,258
U3,3200,1.25,8,HopcroftKarpMatcher,1,na,bfs_edges_visited,11213
U3,3200,1.25,8,HopcroftKarpMatcher,1,na,dfs_edges_visited,10598
U3,3200,1.25,8,HopcroftKarpMatcher,1,na,defect_at_iteration,27
U3,3200,1.25,8,HopcroftKarpMatcher,2,na,paths_found_per_phase,19
U3,3200,1.25,8,HopcroftKarpMatcher,2,na,bfs_edges_visited,5266
U3,3200,1.25,8,HopcroftKarpMatcher,2,na,dfs_edges_visited,6613
U3,3200,1.25,8,HopcroftKarpMatcher,2,na,defect_at_iteration,8
U3,3200,1.25,8,HopcroftKarpMatcher,3,na,paths_found_per_phase,3
U3,3200,1.25,8,HopcroftKarpMatcher,3,na,bfs_edges_visited,3528
U3,3200,1.25,8,HopcroftKarpMatcher,3,na,dfs_edges_visited,3028
U3,3200,1.25,8,HopcroftKarpMatcher,3,na,defect_at_iteration,5
U3,3200,1.25,8,HopcroftKarpMatcher,4,na,paths_found_per_phase,2
U3,3200,1.25,8,HopcroftKarpMatcher,4,na,bfs_edges_visited,6156
U3,3200,1.25,8,HopcroftKarpMatcher,4,na,dfs_edges_visited,1735
U3,3200,1.25,8,HopcroftKarpMatcher,4,na,defect_at_iteration,3
U3,3200,1.25,8,HopcroftKarpMatcher,-1,na,phase_count,5
U3,3200,1.25,8,HopcroftKarpMatcher,-1,na,main_loop_iters,5
U3,3200,1.25,8,HopcroftKarpMatcher,-1,na,total_bfs_edges_visited,50230
U3,3200,1.25,8,HopcroftKarpMatcher,-1,na,total_edges_visited,84635
U3,3200,1.25,8,HopcroftKarpMatcher,-1,na,matching_size,3197
U3,3200,1.25,8,HopcroftKarpMatcher,-1,na,wall_clock_ms,36.0262
U3,3200,1.25,8,HopcroftKarpMatcher,-1,na,matching_size,3197
U3,400,1,9,SimpleAugmentingMatcher,-1,na,wall_clock_ms,0.169621
U3,400,1,9,SimpleAugmentingMatcher,-1,na,matching_size,218
U3,400,1,9,HopcroftKarpMatcher,0,na,paths_found_per_phase,209
U3,400,1,9,HopcroftKarpMatcher,0,na,bfs_edges_visited,400
U3,400,1,9,HopcroftKarpMatcher,0,na,dfs_edges_visited,300
U3,400,1,9,HopcroftKarpMatcher,0,na,defect_at_iteration,191
U3,400,1,9,HopcroftKarpMatcher,1,na,paths_found_per_phase,9
U3,400,1,9,HopcroftKarpMatcher,1,na,bfs_edges_visited,143
U3,400,1,9,HopcroftKarpMatcher,1,na,dfs_edges_visited,154
U3,400,1,9,HopcroftKarpMatcher,1,na,defect_at_iteration,182
U3,400,1,9,HopcroftKarpMatcher,-1,na,phase_count,2
U3,400,1,9,HopcroftKarpMatcher,-1,na,main_loop_iters,2
U3,400,1,9,HopcroftKarpMatcher,-1,na,total_bfs_edges_visited,543
U3,400,1,9,HopcroftKarpMatcher,-1,na,total_edges_visited,997
U3,400,1,9,HopcroftKarpMatcher,-1,na,matching_size,218
U3,400,1,9,HopcroftKarpMatcher,-1,na,wall_clock_ms,0.583136
U3,400,1,9,HopcroftKarpMatcher,-1,na,matching_size,218
U3,200,1.5,7,SimpleAugmentingMatcher,-1,na,wall_clock_ms,1.28388
U3,200,1.5,7,SimpleAugmentingMatcher,-1,na,matching_size,200
U3,200,1.5,7,HopcroftKarpMatcher,0,na,paths_found_per_phase,189
U3,200,1.5,7,HopcroftKarpMatcher,0,na,bfs_edges_visited,2828
U3,200,1.5,7,HopcroftKarpMatcher,0,na,dfs_edges_visited,1436
U3,200,1.5,7,HopcroftKarpMatcher,0,na,defect_at_iteration,11
U3,200,1.5,7,HopcroftKarpMatcher,1,na,paths_found_per_phase,11
U3,200,1.5,7,HopcroftKarpMatcher,1,na,bfs_edges_visited,1546
U3,200,1.5,7,HopcroftKarpMatcher,1,na,dfs_edges_visited,1030
U3,200,1.5,7,HopcroftKarpMatcher,1,na,defect_at_iteration,0
U3,200,1.5,7,HopcroftKarpMatcher,-1,na,phase_count,2
U3,200,1.5,7,HopcroftKarpMatcher,-1,na,main_loop_iters,2
U3,200,1.5,7,HopcroftKarpMatcher,-1,na,total_bfs_edges_visited,4374
U3,200,1.5,7,HopcroftKarpMatcher,-1,na,total_edges_visited,6840
U3,200,1.5,7,HopcroftKarpMatcher,-1,na,matching_size,200
U3,200,1.5,7,HopcroftKarpMatcher,-1,na,wall_clock_ms,0.178497
U3,200,1.5,7,HopcroftKarpMatcher,-1,na,matching_size,200
U3,100,2,6,SimpleAugmentingMatcher,-1,na,wall_clock_ms,0.254994
U3,100,2,6,SimpleAugmentingMatcher,-1,na,matching_size,100
U3,100,2,6,HopcroftKarpMatcher,0,na,paths_found_per_phase,100
U3,100,2,6,HopcroftKarpMatcher,0,na,bfs_edges_visited,10000
U3,100,2,6,HopcroftKarpMatcher,0,na,dfs_edges_visited,5050
U3,100,2,6,HopcroftKarpMatcher,0,na,defect_at_iteration,0
U3,100,2,6,HopcroftKarpMatcher,-1,na,phase_count,1
U3,100,2,6,HopcroftKarpMatcher,-1,na,main_loop_iters,1
U3,100,2,6,HopcroftKarpMatcher,-1,na,total_bfs_edges_visited,10000
U3,100,2,6,HopcroftKarpMatcher,-1,na,total_edges_visited,15050
U3,100,2,6,HopcroftKarpMatcher,-1,na,matching_size,100
U3,100,2,6,HopcroftKarpMatcher,-1,na,wall_clock_ms,0.02641
U3,100,2,6,HopcroftKarpMatcher,-1,na,matching_size,100
U3,3200,2,6,SimpleAugmentingMatcher,-1,na,wall_clock_ms,7052.53
U3,3200,2,6,SimpleAugmentingMatcher,-1,na,matching_size,3200
U3,3200,2,6,HopcroftKarpMatcher,0,na,paths_found_per_phase,3200
U3,3200,2,6,HopcroftKarpMatcher,0,na,bfs_edges_visited,1.024e+07
U3,3200,2,6,HopcroftKarpMatcher,0,na,dfs_edges_visited,5.1216e+06
U3,3200,2,6,HopcroftKarpMatcher,0,na,defect_at_iteration,0
U3,3200,2,6,HopcroftKarpMatcher,-1,na,phase_count,1
U3,3200,2,6,HopcroftKarpMatcher,-1,na,main_loop_iters,1
U3,3200,2,6,HopcroftKarpMatcher,-1,na,total_bfs_edges_visited,1.024e+07
U3,3200,2,6,HopcroftKarpMatcher,-1,na,total_edges_visited,1.53616e+07
U3,3200,2,6,HopcroftKarpMatcher,-1,na,matching_size,3200
U3,3200,2,6,HopcroftKarpMatcher,-1,na,wall_clock_ms,20.3613
U3,3200,2,6,HopcroftKarpMatcher,-1,na,matching_size,3200
U3,400,2,10,SimpleAugmentingMatcher,-1,na,wall_clock_ms,14.3803
U3,400,2,10,SimpleAugmentingMatcher,-1,na,matching_size,400
U3,400,2,10,HopcroftKarpMatcher,0,na,paths_found_per_phase,400
U3,400,2,10,HopcroftKarpMatcher,0,na,bfs_edges_visited,160000
U3,400,2,10,HopcroftKarpMatcher,0,na,dfs_edges_visited,80200
U3,400,2,10,HopcroftKarpMatcher,0,na,defect_at_iteration,0
U3,400,2,10,HopcroftKarpMatcher,-1,na,phase_count,1
U3,400,2,10,HopcroftKarpMatcher,-1,na,main_loop_iters,1
U3,400,2,10,HopcroftKarpMatcher,-1,na,total_bfs_edges_visited,160000
U3,400,2,10,HopcroftKarpMatcher,-1,na,total_edges_visited,240200
U3,400,2,10,HopcroftKarpMatcher,-1,na,matching_size,400
U3,400,2,10,HopcroftKarpMatcher,-1,na,wall_clock_ms,0.355174
U3,400,2,10,HopcroftKarpMatcher,-1,na,matching_size,400
U3,1600,2,14,SimpleAugmentingMatcher,-1,na,wall_clock_ms,887.342
U3,1600,2,14,SimpleAugmentingMatcher,-1,na,matching_size,1600
U3,1600,2,14,HopcroftKarpMatcher,0,na,paths_found_per_phase,1600
U3,1600,2,14,HopcroftKarpMatcher,0,na,bfs_edges_visited,2.56e+06
U3,1600,2,14,HopcroftKarpMatcher,0,na,dfs_edges_visited,1.2808e+06
U3,1600,2,14,HopcroftKarpMatcher,0,na,defect_at_iteration,0
U3,1600,2,14,HopcroftKarpMatcher,-1,na,phase_count,1
U3,1600,2,14,HopcroftKarpMatcher,-1,na,main_loop_iters,1
U3,1600,2,14,HopcroftKarpMatcher,-1,na,total_bfs_edges_visited,2.56e+06
U3,1600,2,14,HopcroftKarpMatcher,-1,na,total_edges_visited,3.8408e+06
U3,1600,2,14,HopcroftKarpMatcher,-1,na,matching_size,1600
U3,1600,2,14,HopcroftKarpMatcher,-1,na,wall_clock_ms,5.14077
U3,1600,2,14,HopcroftKarpMatcher,-1,na,matching_size,1600
U3,200,1.25,6,SimpleAugmentingMatcher,-1,na,wall_clock_ms,0.408155
U3,200,1.25,6,SimpleAugmentingMatcher,-1,na,matching_size,196
U3,200,1.25,6,HopcroftKarpMatcher,0,na,paths_found_per_phase,171
U3,200,1.25,6,HopcroftKarpMatcher,0,na,bfs_edges_visited,752
U3,200,1.25,6,HopcroftKarpMatcher,0,na,dfs_edges_visited,411
U3,200,1.25,6,HopcroftKarpMatcher,0,na,defect_at_iteration,29
U3,200,1.25,6,HopcroftKarpMatcher,1,na,paths_found_per_phase,17
U3,200,1.25,6,HopcroftKarpMatcher,1,na,bfs_edges_visited,255
U3,200,1.25,6,HopcroftKarpMatcher,1,na,dfs_edges_visited,262
U3,200,1.25,6,HopcroftKarpMatcher,1,na,defect_at_iteration,12
U3,200,1.25,6,HopcroftKarpMatcher,2,na,paths_found_per_phase,2
U3,200,1.25,6,HopcroftKarpMatcher,2,na,bfs_edges_visited,149
U3,200,1.25,6,HopcroftKarpMatcher,2,na,dfs_edges_visited,232
U3,200,1.25,6,HopcroftKarpMatcher,2,na,defect_at_iteration,10
U3,200,1.25,6,HopcroftKarpMatcher,3,na,paths_found_per_phase,3
U3,200,1.25,6,HopcroftKarpMatcher,3,na,bfs_edges_visited,331
U3,200,1.25,6,HopcroftKarpMatcher,3,na,dfs_edges_visited,328
U3,200,1.25,6,HopcroftKarpMatcher,3,na,defect_at_iteration,7
U3,200,1.25,6,HopcroftKarpMatcher,4,na,paths_found_per_phase,1
U3,200,1.25,6,HopcroftKarpMatcher,4,na,bfs_edges_visited,484
U3,200,1.25,6,HopcroftKarpMatcher,4,na,dfs_edges_visited,464
U3,200,1.25,6,HopcroftKarpMatcher,4,na,defect_at_iteration,6
U3,200,1.25,6,HopcroftKarpMatcher,5,na,paths_found_per_phase,2
U3,200,1.25,6,HopcroftKarpMatcher,5,na,bfs_edges_visited,635
U3,200,1.25,6,HopcroftKarpMatcher,5,na,dfs_edges_visited,351
U3,200,1.25,6,HopcroftKarpMatcher,5,na,defect_at_iteration,4
U3,200,1.25,6,HopcroftKarpMatcher,-1,na,phase_count,6
U3,200,1.25,6,HopcroftKarpMatcher,-1,na,main_loop_iters,6
U3,200,1.25,6,HopcroftKarpMatcher,-1,na,total_bfs_edges_visited,2606
U3,200,1.25,6,HopcroftKarpMatcher,-1,na,total_edges_visited,4654
U3,200,1.25,6,HopcroftKarpMatcher,-1,na,matching_size,196
U3,200,1.25,6,HopcroftKarpMatcher,-1,na,wall_clock_ms,0.341848
U3,200,1.25,6,HopcroftKarpMatcher,-1,na,matching_size,196
U3,400,1,6,SimpleAugmentingMatcher,-1,na,wall_clock_ms,0.162019
U3,400,1,6,SimpleAugmentingMatcher,-1,na,matching_size,221
U3,400,1,6,HopcroftKarpMatcher,0,na,paths_found_per_phase,208
U3,400,1,6,HopcroftKarpMatcher,0,na,bfs_edges_visited,400
U3,400,1,6,HopcroftKarpMatcher,0,na,dfs_edges_visited,299
U3,400,1,6,HopcroftKarpMatcher,0,na,defect_at_iteration,192
U3,400,1,6,HopcroftKarpMatcher,1,na,paths_found_per_phase,13
U3,400,1,6,HopcroftKarpMatcher,1,na,bfs_edges_visited,135
U3,400,1,6,HopcroftKarpMatcher,1,na,dfs_edges_visited,143
U3,400,1,6,HopcroftKarpMatcher,1,na,defect_at_iteration,179
U3,400,1,6,HopcroftKarpMatcher,-1,na,phase_count,2
U3,400,1,6,HopcroftKarpMatcher,-1,na,main_loop_iters,2
U3,400,1,6,HopcroftKarpMatcher,-1,na,total_bfs_edges_visited,535
U3,400,1,6,HopcroftKarpMatcher,-1,na,total_edges_visited,977
U3,400,1,6,HopcroftKarpMatcher,-1,na,matching_size,221
U3,400,1,6,HopcroftKarpMatcher,-1,na,wall_clock_ms,0.602027
U3,400,1,6,HopcroftKarpMatcher,-1,na,matching_size,221
U3,3200,1,16,SimpleAugmentingMatcher,-1,na,wall_clock_ms,9.47083
U3,3200,1,16,SimpleAugmentingMatcher,-1,na,matching_size,1765
U3,3200,1,16,HopcroftKarpMatcher,0,na,paths_found_per_phase,1647
U3,3200,1,16,HopcroftKarpMatcher,0,na,bfs_edges_visited,3200
U3,3200,1,16,HopcroftKarpMatcher,0,na,dfs_edges_visited,2333
U3,3200,1,16,HopcroftKarpMatcher,0,na,defect_at_iteration,1553
U3,3200,1,16,HopcroftKarpMatcher,1,na,paths_found_per_phase,115
U3,3200,1,16,HopcroftKarpMatcher,1,na,bfs_edges_visited,1128
U3,3200,1,16,HopcroftKarpMatcher,1,na,dfs_edges_visited,1133
U3,3200,1,16,HopcroftKarpMatcher,1,na,defect_at_iteration,1438
U3,3200,1,16,HopcroftKarpMatcher,2,na,paths_found_per_phase,3
U3,3200,1,16,HopcroftKarpMatcher,2,na,bfs_edges_visited,739
U3,3200,1,16,HopcroftKarpMatcher,2,na,dfs_edges_visited,763
U3,3200,1,16,HopcroftKarpMatcher,2,na,defect_at_iteration,1435
U3,3200,1,16,HopcroftKarpMatcher,-1,na,phase_count,3
U3,3200,1,16,HopcroftKarpMatcher,-1,na,main_loop_iters,3
U3,3200,1,16,HopcroftKarpMatcher,-1,na,total_bfs_edges_visited,5067
U3,3200,1,16,HopcroftKarpMatcher,-1,na,total_edges_visited,9296
U3,3200,1,16,HopcroftKarpMatcher,-1,na,matching_size,1765
U3,3200,1,16,HopcroftKarpMatcher,-1,na,wall_clock_ms,45.3662
U3,3200,1,16,HopcroftKarpMatcher,-1,na,matching_size,1765
U3,1600,2,3,SimpleAugmentingMatcher,-1,na,wall_clock_ms,887.407
U3,1600,2,3,SimpleAugmentingMatcher,-1,na,matching_size,1600
U3,1600,2,3,HopcroftKarpMatcher,0,na,paths_found_per_phase,1600
U3,1600,2,3,HopcroftKarpMatcher,0,na,bfs_edges_visited,2.56e+06
U3,1600,2,3,HopcroftKarpMatcher,0,na,dfs_edges_visited,1.2808e+06
U3,1600,2,3,HopcroftKarpMatcher,0,na,defect_at_iteration,0
U3,1600,2,3,HopcroftKarpMatcher,-1,na,phase_count,1
U3,1600,2,3,HopcroftKarpMatcher,-1,na,main_loop_iters,1
U3,1600,2,3,HopcroftKarpMatcher,-1,na,total_bfs_edges_visited,2.56e+06
U3,1600,2,3,HopcroftKarpMatcher,-1,na,total_edges_visited,3.8408e+06
U3,1600,2,3,HopcroftKarpMatcher,-1,na,matching_size,1600
U3,1600,2,3,HopcroftKarpMatcher,-1,na,wall_clock_ms,5.12114
U3,1600,2,3,HopcroftKarpMatcher,-1,na,matching_size,1600
U3,1600,1.5,19,SimpleAugmentingMatcher,-1,na,wall_clock_ms,602.302
U3,1600,1.5,19,SimpleAugmentingMatcher,-1,na,matching_size,1600
U3,1600,1.5,19,HopcroftKarpMatcher,0,na,paths_found_per_phase,1576
U3,1600,1.5,19,HopcroftKarpMatcher,0,na,bfs_edges_visited,64000
U3,1600,1.5,19,HopcroftKarpMatcher,0,na,dfs_edges_visited,31952
U3,1600,1.5,19,HopcroftKarpMatcher,0,na,defect_at_iteration,24
U3,1600,1.5,19,HopcroftKarpMatcher,1,na,paths_found_per_phase,24
U3,1600,1.5,19,HopcroftKarpMatcher,1,na,bfs_edges_visited,29554
U3,1600,1.5,19,HopcroftKarpMatcher,1,na,dfs_edges_visited,6797
U3,1600,1.5,19,HopcroftKarpMatcher,1,na,defect_at_iteration,0
U3,1600,1.5,19,HopcroftKarpMatcher,-1,na,phase_count,2
U3,1600,1.5,19,HopcroftKarpMatcher,-1,na,main_loop_iters,2
U3,1600,1.5,19,HopcroftKarpMatcher,-1,na,total_bfs_edges_visited,93554
U3,1600,1.5,19,HopcroftKarpMatcher,-1,na,total_edges_visited,132303
U3,1600,1.5,19,HopcroftKarpMatcher,-1,na,matching_size,1600
U3,1600,1.5,19,HopcroftKarpMatcher,-1,na,wall_clock_ms,6.4713
U3,1600,1.5,19,HopcroftKarpMatcher,-1,na,matching_size,1600
U3,400,1.75,10,SimpleAugmentingMatcher,-1,na,wall_clock_ms,29.3575
U3,400,1.75,10,SimpleAugmentingMatcher,-1,na,matching_size,400
U3,400,1.75,10,HopcroftKarpMatcher,0,na,paths_found_per_phase,397
U3,400,1.75,10,HopcroftKarpMatcher,0,na,bfs_edges_visited,35777
U3,400,1.75,10,HopcroftKarpMatcher,0,na,dfs_edges_visited,17919
U3,400,1.75,10,HopcroftKarpMatcher,0,na,defect_at_iteration,3
U3,400,1.75,10,HopcroftKarpMatcher,1,na,paths_found_per_phase,3
U3,400,1.75,10,HopcroftKarpMatcher,1,na,bfs_edges_visited,18929
U3,400,1.75,10,HopcroftKarpMatcher,1,na,dfs_edges_visited,1144
U3,400,1.75,10,HopcroftKarpMatcher,1,na,defect_at_iteration,0
U3,400,1.75,10,HopcroftKarpMatcher,-1,na,phase_count,2
U3,400,1.75,10,HopcroftKarpMatcher,-1,na,main_loop_iters,2
U3,400,1.75,10,HopcroftKarpMatcher,-1,na,total_bfs_edges_visited,54706
U3,400,1.75,10,HopcroftKarpMatcher,-1,na,total_edges_visited,73769
U3,400,1.75,10,HopcroftKarpMatcher,-1,na,matching_size,400
U3,400,1.75,10,HopcroftKarpMatcher,-1,na,wall_clock_ms,1.10193
U3,400,1.75,10,HopcroftKarpMatcher,-1,na,matching_size,400
U3,400,1.5,4,SimpleAugmentingMatcher,-1,na,wall_clock_ms,9.93646
U3,400,1.5,4,SimpleAugmentingMatcher,-1,na,matching_size,400
U3,400,1.5,4,HopcroftKarpMatcher,0,na,paths_found_per_phase,389
U3,400,1.5,4,HopcroftKarpMatcher,0,na,bfs_edges_visited,8000
U3,400,1.5,4,HopcroftKarpMatcher,0,na,dfs_edges_visited,4096
U3,400,1.5,4,HopcroftKarpMatcher,0,na,defect_at_iteration,11
U3,400,1.5,4,HopcroftKarpMatcher,1,na,paths_found_per_phase,11
U3,400,1.5,4,HopcroftKarpMatcher,1,na,bfs_edges_visited,3337
U3,400,1.5,4,HopcroftKarpMatcher,1,na,dfs_edges_visited,1002
U3,400,1.5,4,HopcroftKarpMatcher,1,na,defect_at_iteration,0
U3,400,1.5,4,HopcroftKarpMatcher,-1,na,phase_count,2
U3,400,1.5,4,HopcroftKarpMatcher,-1,na,main_loop_iters,2
U3,400,1.5,4,HopcroftKarpMatcher,-1,na,total_bfs_edges_visited,11337
U3,400,1.5,4,HopcroftKarpMatcher,-1,na,total_edges_visited,16435
U3,400,1.5,4,HopcroftKarpMatcher,-1,na,matching_size,400
U3,400,1.5,4,HopcroftKarpMatcher,-1,na,wall_clock_ms,0.502895
U3,400,1.5,4,HopcroftKarpMatcher,-1,na,matching_size,400
U3,400,1,11,SimpleAugmentingMatcher,-1,na,wall_clock_ms,0.143824
U3,400,1,11,SimpleAugmentingMatcher,-1,na,matching_size,221
U3,400,1,11,HopcroftKarpMatcher,0,na,paths_found_per_phase,204
U3,400,1,11,HopcroftKarpMatcher,0,na,bfs_edges_visited,400
U3,400,1,11,HopcroftKarpMatcher,0,na,dfs_edges_visited,281
U3,400,1,11,HopcroftKarpMatcher,0,na,defect_at_iteration,196
U3,400,1,11,HopcroftKarpMatcher,1,na,paths_found_per_phase,17
U3,400,1,11,HopcroftKarpMatcher,1,na,bfs_edges_visited,124
U3,400,1,11,HopcroftKarpMatcher,1,na,dfs_edges_visited,118
U3,400,1,11,HopcroftKarpMatcher,1,na,defect_at_iteration,179
U3,400,1,11,HopcroftKarpMatcher,-1,na,phase_count,2
U3,400,1,11,HopcroftKarpMatcher,-1,na,main_loop_iters,2
U3,400,1,11,HopcroftKarpMatcher,-1,na,total_bfs_edges_visited,524
U3,400,1,11,HopcroftKarpMatcher,-1,na,total_edges_visited,923
U3,400,1,11,HopcroftKarpMatcher,-1,na,matching_size,221
U3,400,1,11,HopcroftKarpMatcher,-1,na,wall_clock_ms,0.598256
U3,400,1,11,HopcroftKarpMatcher,-1,na,matching_size,221
U3,100,1.25,15,SimpleAugmentingMatcher,-1,na,wall_clock_ms,0.113106
U3,100,1.25,15,SimpleAugmentingMatcher,-1,na,matching_size,95
U3,100,1.25,15,HopcroftKarpMatcher,0,na,paths_found_per_phase,78
U3,100,1.25,15,HopcroftKarpMatcher,0,na,bfs_edges_visited,316
U3,100,1.25,15,HopcroftKarpMatcher,0,na,dfs_edges_visited,180
U3,100,1.25,15,HopcroftKarpMatcher,0,na,defect_at_iteration,22
U3,100,1.25,15,HopcroftKarpMatcher,1,na,paths_found_per_phase,13
U3,100,1.25,15,HopcroftKarpMatcher,1,na,bfs_edges_visited,181
U3,100,1.25,15,HopcroftKarpMatcher,1,na,dfs_edges_visited,162
U3,100,1.25,15,HopcroftKarpMatcher,1,na,defect_at_iteration,9
U3,100,1.25,15,HopcroftKarpMatcher,2,na,paths_found_per_phase,3
U3,100,1.25,15,HopcroftKarpMatcher,2,na,bfs_edges_visited,148
U3,100,1.25,15,HopcroftKarpMatcher,2,na,dfs_edges_visited,99
U3,100,1.25,15,HopcroftKarpMatcher,2,na,defect_at_iteration,6
U3,100,1.25,15,HopcroftKarpMatcher,3,na,paths_found_per_phase,1
U3,100,1.25,15,HopcroftKarpMatcher,3,na,bfs_edges_visited,102
U3,100,1.25,15,HopcroftKarpMatcher,3,na,dfs_edges_visited,127
U3,100,1.25,15,HopcroftKarpMatcher,3,na,defect_at_iteration,5
U3,100,1.25,15,HopcroftKarpMatcher,-1,na,phase_count,4
U3,100,1.25,15,HopcroftKarpMatcher,-1,na,main_loop_iters,4
U3,100,1.25,15,HopcroftKarpMatcher,-1,na,total_bfs_edges_visited,747
U3,100,1.25,15,HopcroftKarpMatcher,-1,na,total_edges_visited,1315
U3,100,1.25,15,HopcroftKarpMatcher,-1,na,matching_size,95
U3,100,1.25,15,HopcroftKarpMatcher,-1,na,wall_clock_ms,0.083005
U3,100,1.25,15,HopcroftKarpMatcher,-1,na,matching_size,95
U3,800,1.25,16,SimpleAugmentingMatcher,-1,na,wall_clock_ms,19.492
U3,800,1.25,16,SimpleAugmentingMatcher,-1,na,matching_size,791
U3,800,1.25,16,HopcroftKarpMatcher,0,na,paths_found_per_phase,711
U3,800,1.25,16,HopcroftKarpMatcher,0,na,bfs_edges_visited,4254
U3,800,1.25,16,HopcroftKarpMatcher,0,na,dfs_edges_visited,2250
U3,800,1.25,16,HopcroftKarpMatcher,0,na,defect_at_iteration,89
U3,800,1.25,16,HopcroftKarpMatcher,1,na,paths_found_per_phase,70
U3,800,1.25,16,HopcroftKarpMatcher,1,na,bfs_edges_visited,1752
U3,800,1.25,16,HopcroftKarpMatcher,1,na,dfs_edges_visited,2127
U3,800,1.25,16,HopcroftKarpMatcher,1,na,defect_at_iteration,19
U3,800,1.25,16,HopcroftKarpMatcher,2,na,paths_found_per_phase,5
U3,800,1.25,16,HopcroftKarpMatcher,2,na,bfs_edges_visited,868
U3,800,1.25,16,HopcroftKarpMatcher,2,na,dfs_edges_visited,2063
U3,800,1.25,16,HopcroftKarpMatcher,2,na,defect_at_iteration,14
U3,800,1.25,16,HopcroftKarpMatcher,3,na,paths_found_per_phase,4
U3,800,1.25,16,HopcroftKarpMatcher,3,na,bfs_edges_visited,3387
U3,800,1.25,16,HopcroftKarpMatcher,3,na,dfs_edges_visited,3534
U3,800,1.25,16,HopcroftKarpMatcher,3,na,defect_at_iteration,10
U3,800,1.25,16,HopcroftKarpMatcher,4,na,paths_found_per_phase,1
U3,800,1.25,16,HopcroftKarpMatcher,4,na,bfs_edges_visited,4075
U3,800,1.25,16,HopcroftKarpMatcher,4,na,dfs_edges_visited,3761
U3,800,1.25,16,HopcroftKarpMatcher,4,na,defect_at_iteration,9
U3,800,1.25,16,HopcroftKarpMatcher,-1,na,phase_count,5
U3,800,1.25,16,HopcroftKarpMatcher,-1,na,main_loop_iters,5
U3,800,1.25,16,HopcroftKarpMatcher,-1,na,total_bfs_edges_visited,14336
U3,800,1.25,16,HopcroftKarpMatcher,-1,na,total_edges_visited,28071
U3,800,1.25,16,HopcroftKarpMatcher,-1,na,matching_size,791
U3,800,1.25,16,HopcroftKarpMatcher,-1,na,wall_clock_ms,5.17821
U3,800,1.25,16,HopcroftKarpMatcher,-1,na,matching_size,791
U3,1600,1.75,9,SimpleAugmentingMatcher,-1,na,wall_clock_ms,1686.57
U3,1600,1.75,9,SimpleAugmentingMatcher,-1,na,matching_size,1600
U3,1600,1.75,9,HopcroftKarpMatcher,0,na,paths_found_per_phase,1595
U3,1600,1.75,9,HopcroftKarpMatcher,0,na,bfs_edges_visited,404771
U3,1600,1.75,9,HopcroftKarpMatcher,0,na,dfs_edges_visited,202546
U3,1600,1.75,9,HopcroftKarpMatcher,0,na,defect_at_iteration,5
U3,1600,1.75,9,HopcroftKarpMatcher,1,na,paths_found_per_phase,5
U3,1600,1.75,9,HopcroftKarpMatcher,1,na,bfs_edges_visited,225268
U3,1600,1.75,9,HopcroftKarpMatcher,1,na,dfs_edges_visited,4054
U3,1600,1.75,9,HopcroftKarpMatcher,1,na,defect_at_iteration,0
U3,1600,1.75,9,HopcroftKarpMatcher,-1,na,phase_count,2
U3,1600,1.75,9,HopcroftKarpMatcher,-1,na,main_loop_iters,2
U3,1600,1.75,9,HopcroftKarpMatcher,-1,na,total_bfs_edges_visited,630039
U3,1600,1.75,9,HopcroftKarpMatcher,-1,na,total_edges_visited,836639
U3,1600,1.75,9,HopcroftKarpMatcher,-1,na,matching_size,1600
U3,1600,1.75,9,HopcroftKarpMatcher,-1,na,wall_clock_ms,13.5429
U3,1600,1.75,9,HopcroftKarpMatcher,-1,na,matching_size,1600
U3,6400,2,17,SimpleAugmentingMatcher,-1,na,wall_clock_ms,56296.3
U3,6400,2,17,SimpleAugmentingMatcher,-1,na,matching_size,6400
U3,6400,2,17,HopcroftKarpMatcher,0,na,paths_found_per_phase,6400
U3,6400,2,17,HopcroftKarpMatcher,0,na,bfs_edges_visited,4.096e+07
U3,6400,2,17,HopcroftKarpMatcher,0,na,dfs_edges_visited,2.04832e+07
U3,6400,2,17,HopcroftKarpMatcher,0,na,defect_at_iteration,0
U3,6400,2,17,HopcroftKarpMatcher,-1,na,phase_count,1
U3,6400,2,17,HopcroftKarpMatcher,-1,na,main_loop_iters,1
U3,6400,2,17,HopcroftKarpMatcher,-1,na,total_bfs_edges_visited,4.096e+07
U3,6400,2,17,HopcroftKarpMatcher,-1,na,total_edges_visited,6.14432e+07
U3,6400,2,17,HopcroftKarpMatcher,-1,na,matching_size,6400
U3,6400,2,17,HopcroftKarpMatcher,-1,na,wall_clock_ms,81.4057
U3,6400,2,17,HopcroftKarpMatcher,-1,na,matching_size,6400
U3,6400,1,0,SimpleAugmentingMatcher,-1,na,wall_clock_ms,38.412
U3,6400,1,0,SimpleAugmentingMatcher,-1,na,matching_size,3455
U3,6400,1,0,HopcroftKarpMatcher,0,na,paths_found_per_phase,3232
U3,6400,1,0,HopcroftKarpMatcher,0,na,bfs_edges_visited,6400
U3,6400,1,0,HopcroftKarpMatcher,0,na,dfs_edges_visited,4615
U3,6400,1,0,HopcroftKarpMatcher,0,na,defect_at_iteration,3168
U3,6400,1,0,HopcroftKarpMatcher,1,na,paths_found_per_phase,214
U3,6400,1,0,HopcroftKarpMatcher,1,na,bfs_edges_visited,2271
U3,6400,1,0,HopcroftKarpMatcher,1,na,dfs_edges_visited,2343
U3,6400,1,0,HopcroftKarpMatcher,1,na,defect_at_iteration,2954
U3,6400,1,0,HopcroftKarpMatcher,2,na,paths_found_per_phase,8
U3,6400,1,0,HopcroftKarpMatcher,2,na,bfs_edges_visited,1592
U3,6400,1,0,HopcroftKarpMatcher,2,na,dfs_edges_visited,1629
U3,6400,1,0,HopcroftKarpMatcher,2,na,defect_at_iteration,2946
U3,6400,1,0,HopcroftKarpMatcher,3,na,paths_found_per_phase,1
U3,6400,1,0,HopcroftKarpMatcher,3,na,bfs_edges_visited,1581
U3,6400,1,0,HopcroftKarpMatcher,3,na,dfs_edges_visited,1580
U3,6400,1,0,HopcroftKarpMatcher,3,na,defect_at_iteration,2945
U3,6400,1,0,HopcroftKarpMatcher,-1,na,phase_count,4
U3,6400,1,0,HopcroftKarpMatcher,-1,na,main_loop_iters,4
U3,6400,1,0,HopcroftKarpMatcher,-1,na,total_bfs_edges_visited,11844
U3,6400,1,0,HopcroftKarpMatcher,-1,na,total_edges_visited,22011
U3,6400,1,0,HopcroftKarpMatcher,-1,na,matching_size,3455
U3,6400,1,0,HopcroftKarpMatcher,-1,na,wall_clock_ms,229.882
U3,6400,1,0,HopcroftKarpMatcher,-1,na,matching_size,3455
U3,6400,1.5,8,SimpleAugmentingMatcher,-1,na,wall_clock_ms,39591.9
U3,6400,1.5,8,SimpleAugmentingMatcher,-1,na,matching_size,6400
U3,6400,1.5,8,HopcroftKarpMatcher,0,na,paths_found_per_phase,6345
U3,6400,1.5,8,HopcroftKarpMatcher,0,na,bfs_edges_visited,512000
U3,6400,1.5,8,HopcroftKarpMatcher,0,na,dfs_edges_visited,255975
U3,6400,1.5,8,HopcroftKarpMatcher,0,na,defect_at_iteration,55
U3,6400,1.5,8,HopcroftKarpMatcher,1,na,paths_found_per_phase,55
U3,6400,1.5,8,HopcroftKarpMatcher,1,na,bfs_edges_visited,256375
U3,6400,1.5,8,HopcroftKarpMatcher,1,na,dfs_edges_visited,25236
U3,6400,1.5,8,HopcroftKarpMatcher,1,na,defect_at_iteration,0
U3,6400,1.5,8,HopcroftKarpMatcher,-1,na,phase_count,2
U3,6400,1.5,8,HopcroftKarpMatcher,-1,na,main_loop_iters,2
U3,6400,1.5,8,HopcroftKarpMatcher,-1,na,total_bfs_edges_visited,768375
U3,6400,1.5,8,HopcroftKarpMatcher,-1,na,total_edges_visited,1.04959e+06
U3,6400,1.5,8,HopcroftKarpMatcher,-1,na,matching_size,6400
U3,6400,1.5,8,HopcroftKarpMatcher,-1,na,wall_clock_ms,91.23
U3,6400,1.5,8,HopcroftKarpMatcher,-1,na,matching_size,6400
U3,800,1,16,SimpleAugmentingMatcher,-1,na,wall_clock_ms,0.611451
U3,800,1,16,SimpleAugmentingMatcher,-1,na,matching_size,450
U3,800,1,16,HopcroftKarpMatcher,0,na,paths_found_per_phase,419
U3,800,1,16,HopcroftKarpMatcher,0,na,bfs_edges_visited,800
U3,800,1,16,HopcroftKarpMatcher,0,na,dfs_edges_visited,588
U3,800,1,16,HopcroftKarpMatcher,0,na,defect_at_iteration,381
U3,800,1,16,HopcroftKarpMatcher,1,na,paths_found_per_phase,29
U3,800,1,16,HopcroftKarpMatcher,1,na,bfs_edges_visited,289
U3,800,1,16,HopcroftKarpMatcher,1,na,dfs_edges_visited,307
U3,800,1,16,HopcroftKarpMatcher,1,na,defect_at_iteration,352
U3,800,1,16,HopcroftKarpMatcher,2,na,paths_found_per_phase,2
U3,800,1,16,HopcroftKarpMatcher,2,na,bfs_edges_visited,206
U3,800,1,16,HopcroftKarpMatcher,2,na,dfs_edges_visited,208
U3,800,1,16,HopcroftKarpMatcher,2,na,defect_at_iteration,350
U3,800,1,16,HopcroftKarpMatcher,-1,na,phase_count,3
U3,800,1,16,HopcroftKarpMatcher,-1,na,main_loop_iters,3
U3,800,1,16,HopcroftKarpMatcher,-1,na,total_bfs_edges_visited,1295
U3,800,1,16,HopcroftKarpMatcher,-1,na,total_edges_visited,2398
U3,800,1,16,HopcroftKarpMatcher,-1,na,matching_size,450
U3,800,1,16,HopcroftKarpMatcher,-1,na,wall_clock_ms,2.90204
U3,800,1,16,HopcroftKarpMatcher,-1,na,matching_size,450
U3,200,1.25,0,SimpleAugmentingMatcher,-1,na,wall_clock_ms,0.351782
U3,200,1.25,0,SimpleAugmentingMatcher,-1,na,matching_size,190
U3,200,1.25,0,HopcroftKarpMatcher,0,na,paths_found_per_phase,164
U3,200,1.25,0,HopcroftKarpMatcher,0,na,bfs_edges_visited,752
U3,200,1.25,0,HopcroftKarpMatcher,0,na,dfs_edges_visited,401
U3,200,1.25,0,HopcroftKarpMatcher,0,na,defect_at_iteration,36
U3,200,1.25,0,HopcroftKarpMatcher,1,na,paths_found_per_phase,20
U3,200,1.25,0,HopcroftKarpMatcher,1,na,bfs_edges_visited,297
U3,200,1.25,0,HopcroftKarpMatcher,1,na,dfs_edges_visited,373
U3,200,1.25,0,HopcroftKarpMatcher,1,na,defect_at_iteration,16
U3,200,1.25,0,HopcroftKarpMatcher,2,na,paths_found_per_phase,4
U3,200,1.25,0,HopcroftKarpMatcher,2,na,bfs_edges_visited,323
U3,200,1.25,0,HopcroftKarpMatcher,2,na,dfs_edges_visited,266
U3,200,1.25,0,HopcroftKarpMatcher,2,na,defect_at_iteration,12
U3,200,1.25,0,HopcroftKarpMatcher,3,na,paths_found_per_phase,1
U3,200,1.25,0,HopcroftKarpMatcher,3,na,bfs_edges_visited,159
U3,200,1.25,0,HopcroftKarpMatcher,3,na,dfs_edges_visited,153
U3,200,1.25,0,HopcroftKarpMatcher,3,na,defect_at_iteration,11
U3,200,1.25,0,HopcroftKarpMatcher,4,na,paths_found_per_phase,1
U3,200,1.25,0,HopcroftKarpMatcher,4,na,bfs_edges_visited,427
U3,200,1.25,0,HopcroftKarpMatcher,4,na,dfs_edges_visited,22
U3,200,1.25,0,HopcroftKarpMatcher,4,na,defect_at_iteration,10
U3,200,1.25,0,HopcroftKarpMatcher,-1,na,phase_count,5
U3,200,1.25,0,HopcroftKarpMatcher,-1,na,main_loop_iters,5
U3,200,1.25,0,HopcroftKarpMatcher,-1,na,total_bfs_edges_visited,1958
U3,200,1.25,0,HopcroftKarpMatcher,-1,na,total_edges_visited,3173
U3,200,1.25,0,HopcroftKarpMatcher,-1,na,matching_size,190
U3,200,1.25,0,HopcroftKarpMatcher,-1,na,wall_clock_ms,0.245443
U3,200,1.25,0,HopcroftKarpMatcher,-1,na,matching_size,190
U3,6400,1,8,SimpleAugmentingMatcher,-1,na,wall_clock_ms,37.751
U3,6400,1,8,SimpleAugmentingMatcher,-1,na,matching_size,3459
U3,6400,1,8,HopcroftKarpMatcher,0,na,paths_found_per_phase,3267
U3,6400,1,8,HopcroftKarpMatcher,0,na,bfs_edges_visited,6400
U3,6400,1,8,HopcroftKarpMatcher,0,na,dfs_edges_visited,4632
U3,6400,1,8,HopcroftKarpMatcher,0,na,defect_at_iteration,3133
U3,6400,1,8,HopcroftKarpMatcher,1,na,paths_found_per_phase,186
U3,6400,1,8,HopcroftKarpMatcher,1,na,bfs_edges_visited,2173
U3,6400,1,8,HopcroftKarpMatcher,1,na,dfs_edges_visited,2260
U3,6400,1,8,HopcroftKarpMatcher,1,na,defect_at_iteration,2947
U3,6400,1,8,HopcroftKarpMatcher,2,na,paths_found_per_phase,6
U3,6400,1,8,HopcroftKarpMatcher,2,na,bfs_edges_visited,1660
U3,6400,1,8,HopcroftKarpMatcher,2,na,dfs_edges_visited,1663
U3,6400,1,8,HopcroftKarpMatcher,2,na,defect_at_iteration,2941
U3,6400,1,8,HopcroftKarpMatcher,-1,na,phase_count,3
U3,6400,1,8,HopcroftKarpMatcher,-1,na,main_loop_iters,3
U3,6400,1,8,HopcroftKarpMatcher,-1,na,total_bfs_edges_visited,10233
U3,6400,1,8,HopcroftKarpMatcher,-1,na,total_edges_visited,18788
U3,6400,1,8,HopcroftKarpMatcher,-1,na,matching_size,3459
U3,6400,1,8,HopcroftKarpMatcher,-1,na,wall_clock_ms,184.025
U3,6400,1,8,HopcroftKarpMatcher,-1,na,matching_size,3459
U3,400,1.5,17,SimpleAugmentingMatcher,-1,na,wall_clock_ms,9.51003
U3,400,1.5,17,SimpleAugmentingMatcher,-1,na,matching_size,400
U3,400,1.5,17,HopcroftKarpMatcher,0,na,paths_found_per_phase,387
U3,400,1.5,17,HopcroftKarpMatcher,0,na,bfs_edges_visited,8000
U3,400,1.5,17,HopcroftKarpMatcher,0,na,dfs_edges_visited,4070
U3,400,1.5,17,HopcroftKarpMatcher,0,na,defect_at_iteration,13
U3,400,1.5,17,HopcroftKarpMatcher,1,na,paths_found_per_phase,13
U3,400,1.5,17,HopcroftKarpMatcher,1,na,bfs_edges_visited,3972
U3,400,1.5,17,HopcroftKarpMatcher,1,na,dfs_edges_visited,1668
U3,400,1.5,17,HopcroftKarpMatcher,1,na,defect_at_iteration,0
U3,400,1.5,17,HopcroftKarpMatcher,-1,na,phase_count,2
U3,400,1.5,17,HopcroftKarpMatcher,-1,na,main_loop_iters,2
U3,400,1.5,17,HopcroftKarpMatcher,-1,na,total_bfs_edges_visited,11972
U3,400,1.5,17,HopcroftKarpMatcher,-1,na,total_edges_visited,17710
U3,400,1.5,17,HopcroftKarpMatcher,-1,na,matching_size,400
U3,400,1.5,17,HopcroftKarpMatcher,-1,na,wall_clock_ms,0.538303
U3,400,1.5,17,HopcroftKarpMatcher,-1,na,matching_size,400
U3,400,2,13,SimpleAugmentingMatcher,-1,na,wall_clock_ms,14.4591
U3,400,2,13,SimpleAugmentingMatcher,-1,na,matching_size,400
U3,400,2,13,HopcroftKarpMatcher,0,na,paths_found_per_phase,400
U3,400,2,13,HopcroftKarpMatcher,0,na,bfs_edges_visited,160000
U3,400,2,13,HopcroftKarpMatcher,0,na,dfs_edges_visited,80200
U3,400,2,13,HopcroftKarpMatcher,0,na,defect_at_iteration,0
U3,400,2,13,HopcroftKarpMatcher,-1,na,phase_count,1
U3,400,2,13,HopcroftKarpMatcher,-1,na,main_loop_iters,1
U3,400,2,13,HopcroftKarpMatcher,-1,na,total_bfs_edges_visited,160000
U3,400,2,13,HopcroftKarpMatcher,-1,na,total_edges_visited,240200
U3,400,2,13,HopcroftKarpMatcher,-1,na,matching_size,400
U3,400,2,13,HopcroftKarpMatcher,-1,na,wall_clock_ms,0.336703
U3,400,2,13,HopcroftKarpMatcher,-1,na,matching_size,400
U3,100,2,12,SimpleAugmentingMatcher,-1,na,wall_clock_ms,0.253714
U3,100,2,12,SimpleAugmentingMatcher,-1,na,matching_size,100
U3,100,2,12,HopcroftKarpMatcher,0,na,paths_found_per_phase,100
U3,100,2,12,HopcroftKarpMatcher,0,na,bfs_edges_visited,10000
U3,100,2,12,HopcroftKarpMatcher,0,na,dfs_edges_visited,5050
U3,100,2,12,HopcroftKarpMatcher,0,na,defect_at_iteration,0
U3,100,2,12,HopcroftKarpMatcher,-1,na,phase_count,1
U3,100,2,12,HopcroftKarpMatcher,-1,na,main_loop_iters,1
U3,100,2,12,HopcroftKarpMatcher,-1,na,total_bfs_edges_visited,10000
U3,100,2,12,HopcroftKarpMatcher,-1,na,total_edges_visited,15050
U3,100,2,12,HopcroftKarpMatcher,-1,na,matching_size,100
U3,100,2,12,HopcroftKarpMatcher,-1,na,wall_clock_ms,0.026525
U3,100,2,12,HopcroftKarpMatcher,-1,na,matching_size,100
U3,3200,1.25,0,SimpleAugmentingMatcher,-1,na,wall_clock_ms,967.887
U3,3200,1.25,0,SimpleAugmentingMatcher,-1,na,matching_size,3197
U3,3200,1.25,0,HopcroftKarpMatcher,0,na,paths_found_per_phase,2908
U3,3200,1.25,0,HopcroftKarpMatcher,0,na,bfs_edges_visited,24067
U3,3200,1.25,0,HopcroftKarpMatcher,0,na,dfs_edges_visited,12298
U3,3200,1.25,0,HopcroftKarpMatcher,0,na,defect_at_iteration,292
U3,3200,1.25,0,HopcroftKarpMatcher,1,na,paths_found_per_phase,264
U3,3200,1.25,0,HopcroftKarpMatcher,1,na,bfs_edges_visited,11527
U3,3200,1.25,0,HopcroftKarpMatcher,1,na,dfs_edges_visited,11575
U3,3200,1.25,0,HopcroftKarpMatcher,1,na,defect_at_iteration,28
U3,3200,1.25,0,HopcroftKarpMatcher,2,na,paths_found_per_phase,20
U3,3200,1.25,0,HopcroftKarpMatcher,2,na,bfs_edges_visited,6285
U3,3200,1.25,0,HopcroftKarpMatcher,2,na,dfs_edges_visited,11079
U3,3200,1.25,0,HopcroftKarpMatcher,2,na,defect_at_iteration,8
U3,3200,1.25,0,HopcroftKarpMatcher,3,na,paths_found_per_phase,4
U3,3200,1.25,0,HopcroftKarpMatcher,3,na,bfs_edges_visited,19454
U3,3200,1.25,0,HopcroftKarpMatcher,3,na,dfs_edges_visited,8228
U3,3200,1.25,0,HopcroftKarpMatcher,3,na,defect_at_iteration,4
U3,3200,1.25,0,HopcroftKarpMatcher,4,na,paths_found_per_phase,1
U3,3200,1.25,0,HopcroftKarpMatcher,4,na,bfs_edges_visited,21551
U3,3200,1.25,0,HopcroftKarpMatcher,4,na,dfs_edges_visited,22683
U3,3200,1.25,0,HopcroftKarpMatcher,4,na,defect_at_iteration,3
U3,3200,1.25,0,HopcroftKarpMatcher,-1,na,phase_count,5
U3,3200,1.25,0,HopcroftKarpMatcher,-1,na,main_loop_iters,5
U3,3200,1.25,0,HopcroftKarpMatcher,-1,na,total_bfs_edges_visited,82884
U3,3200,1.25,0,HopcroftKarpMatcher,-1,na,total_edges_visited,148747
U3,3200,1.25,0,HopcroftKarpMatcher,-1,na,matching_size,3197
U3,3200,1.25,0,HopcroftKarpMatcher,-1,na,wall_clock_ms,73.2622
U3,3200,1.25,0,HopcroftKarpMatcher,-1,na,matching_size,3197
U3,1600,2,15,SimpleAugmentingMatcher,-1,na,wall_clock_ms,895.012
U3,1600,2,15,SimpleAugmentingMatcher,-1,na,matching_size,1600
U3,1600,2,15,HopcroftKarpMatcher,0,na,paths_found_per_phase,1600
U3,1600,2,15,HopcroftKarpMatcher,0,na,bfs_edges_visited,2.56e+06
U3,1600,2,15,HopcroftKarpMatcher,0,na,dfs_edges_visited,1.2808e+06
U3,1600,2,15,HopcroftKarpMatcher,0,na,defect_at_iteration,0
U3,1600,2,15,HopcroftKarpMatcher,-1,na,phase_count,1
U3,1600,2,15,HopcroftKarpMatcher,-1,na,main_loop_iters,1
U3,1600,2,15,HopcroftKarpMatcher,-1,na,total_bfs_edges_visited,2.56e+06
U3,1600,2,15,HopcroftKarpMatcher,-1,na,total_edges_visited,3.8408e+06
U3,1600,2,15,HopcroftKarpMatcher,-1,na,matching_size,1600
U3,1600,2,15,HopcroftKarpMatcher,-1,na,wall_clock_ms,5.14138
U3,1600,2,15,HopcroftKarpMatcher,-1,na,matching_size,1600
U3,3200,1,2,SimpleAugmentingMatcher,-1,na,wall_clock_ms,9.51913
U3,3200,1,2,SimpleAugmentingMatcher,-1,na,matching_size,1768
U3,3200,1,2,HopcroftKarpMatcher,0,na,paths_found_per_phase,1638
U3,3200,1,2,HopcroftKarpMatcher,0,na,bfs_edges_visited,3200
U3,3200,1,2,HopcroftKarpMatcher,0,na,dfs_edges_visited,2322
U3,3200,1,2,HopcroftKarpMatcher,0,na,defect_at_iteration,1562
U3,3200,1,2,HopcroftKarpMatcher,1,na,paths_found_per_phase,125
U3,3200,1,2,HopcroftKarpMatcher,1,na,bfs_edges_visited,1165
U3,3200,1,2,HopcroftKarpMatcher,1,na,dfs_edges_visited,1200
U3,3200,1,2,HopcroftKarpMatcher,1,na,defect_at_iteration,1437
U3,3200,1,2,HopcroftKarpMatcher,2,na,paths_found_per_phase,4
U3,3200,1,2,HopcroftKarpMatcher,2,na,bfs_edges_visited,793
U3,3200,1,2,HopcroftKarpMatcher,2,na,dfs_edges_visited,791
U3,3200,1,2,HopcroftKarpMatcher,2,na,defect_at_iteration,1433
U3,3200,1,2,HopcroftKarpMatcher,3,na,paths_found_per_phase,1
U3,3200,1,2,HopcroftKarpMatcher,3,na,bfs_edges_visited,770
U3,3200,1,2,HopcroftKarpMatcher,3,na,dfs_edges_visited,755
U3,3200,1,2,HopcroftKarpMatcher,3,na,defect_at_iteration,1432
U3,3200,1,2,HopcroftKarpMatcher,-1,na,phase_count,4
U3,3200,1,2,HopcroftKarpMatcher,-1,na,main_loop_iters,4
U3,3200,1,2,HopcroftKarpMatcher,-1,na,total_bfs_edges_visited,5928
U3,3200,1,2,HopcroftKarpMatcher,-1,na,total_edges_visited,10996
U3,3200,1,2,HopcroftKarpMatcher,-1,na,matching_size,1768
U3,3200,1,2,HopcroftKarpMatcher,-1,na,wall_clock_ms,56.6703
U3,3200,1,2,HopcroftKarpMatcher,-1,na,matching_size,1768
U3,3200,1,19,SimpleAugmentingMatcher,-1,na,wall_clock_ms,9.6777
U3,3200,1,19,SimpleAugmentingMatcher,-1,na,matching_size,1732
U3,3200,1,19,HopcroftKarpMatcher,0,na,paths_found_per_phase,1616
U3,3200,1,19,HopcroftKarpMatcher,0,na,bfs_edges_visited,3200
U3,3200,1,19,HopcroftKarpMatcher,0,na,dfs_edges_visited,2303
U3,3200,1,19,HopcroftKarpMatcher,0,na,defect_at_iteration,1584
U3,3200,1,19,HopcroftKarpMatcher,1,na,paths_found_per_phase,111
U3,3200,1,19,HopcroftKarpMatcher,1,na,bfs_edges_visited,1183
U3,3200,1,19,HopcroftKarpMatcher,1,na,dfs_edges_visited,1218
U3,3200,1,19,HopcroftKarpMatcher,1,na,defect_at_iteration,1473
U3,3200,1,19,HopcroftKarpMatcher,2,na,paths_found_per_phase,3
U3,3200,1,19,HopcroftKarpMatcher,2,na,bfs_edges_visited,821
U3,3200,1,19,HopcroftKarpMatcher,2,na,dfs_edges_visited,847
U3,3200,1,19,HopcroftKarpMatcher,2,na,defect_at_iteration,1470
U3,3200,1,19,HopcroftKarpMatcher,3,na,paths_found_per_phase,1
U3,3200,1,19,HopcroftKarpMatcher,3,na,bfs_edges_visited,839
U3,3200,1,19,HopcroftKarpMatcher,3,na,dfs_edges_visited,843
U3,3200,1,19,HopcroftKarpMatcher,3,na,defect_at_iteration,1469
U3,3200,1,19,HopcroftKarpMatcher,4,na,paths_found_per_phase,1
U3,3200,1,19,HopcroftKarpMatcher,4,na,bfs_edges_visited,837
U3,3200,1,19,HopcroftKarpMatcher,4,na,dfs_edges_visited,834
U3,3200,1,19,HopcroftKarpMatcher,4,na,defect_at_iteration,1468
U3,3200,1,19,HopcroftKarpMatcher,-1,na,phase_count,5
U3,3200,1,19,HopcroftKarpMatcher,-1,na,main_loop_iters,5
U3,3200,1,19,HopcroftKarpMatcher,-1,na,total_bfs_edges_visited,6880
U3,3200,1,19,HopcroftKarpMatcher,-1,na,total_edges_visited,12925
U3,3200,1,19,HopcroftKarpMatcher,-1,na,matching_size,1732
U3,3200,1,19,HopcroftKarpMatcher,-1,na,wall_clock_ms,69.1755
U3,3200,1,19,HopcroftKarpMatcher,-1,na,matching_size,1732
U3,100,1.5,19,SimpleAugmentingMatcher,-1,na,wall_clock_ms,0.2538
U3,100,1.5,19,SimpleAugmentingMatcher,-1,na,matching_size,100
U3,100,1.5,19,HopcroftKarpMatcher,0,na,paths_found_per_phase,93
U3,100,1.5,19,HopcroftKarpMatcher,0,na,bfs_edges_visited,1000
U3,100,1.5,19,HopcroftKarpMatcher,0,na,dfs_edges_visited,491
U3,100,1.5,19,HopcroftKarpMatcher,0,na,defect_at_iteration,7
U3,100,1.5,19,HopcroftKarpMatcher,1,na,paths_found_per_phase,7
U3,100,1.5,19,HopcroftKarpMatcher,1,na,bfs_edges_visited,567
U3,100,1.5,19,HopcroftKarpMatcher,1,na,dfs_edges_visited,172
U3,100,1.5,19,HopcroftKarpMatcher,1,na,defect_at_iteration,0
U3,100,1.5,19,HopcroftKarpMatcher,-1,na,phase_count,2
U3,100,1.5,19,HopcroftKarpMatcher,-1,na,main_loop_iters,2
U3,100,1.5,19,HopcroftKarpMatcher,-1,na,total_bfs_edges_visited,1567
U3,100,1.5,19,HopcroftKarpMatcher,-1,na,total_edges_visited,2230
U3,100,1.5,19,HopcroftKarpMatcher,-1,na,matching_size,100
U3,100,1.5,19,HopcroftKarpMatcher,-1,na,wall_clock_ms,0.054905
U3,100,1.5,19,HopcroftKarpMatcher,-1,na,matching_size,100
U3,6400,1.5,9,SimpleAugmentingMatcher,-1,na,wall_clock_ms,39641.3
U3,6400,1.5,9,SimpleAugmentingMatcher,-1,na,matching_size,6400
U3,6400,1.5,9,HopcroftKarpMatcher,0,na,paths_found_per_phase,6343
U3,6400,1.5,9,HopcroftKarpMatcher,0,na,bfs_edges_visited,512000
U3,6400,1.5,9,HopcroftKarpMatcher,0,na,dfs_edges_visited,255915
U3,6400,1.5,9,HopcroftKarpMatcher,0,na,defect_at_iteration,57
U3,6400,1.5,9,HopcroftKarpMatcher,1,na,paths_found_per_phase,57
U3,6400,1.5,9,HopcroftKarpMatcher,1,na,bfs_edges_visited,257097
U3,6400,1.5,9,HopcroftKarpMatcher,1,na,dfs_edges_visited,30522
U3,6400,1.5,9,HopcroftKarpMatcher,1,na,defect_at_iteration,0
U3,6400,1.5,9,HopcroftKarpMatcher,-1,na,phase_count,2
U3,6400,1.5,9,HopcroftKarpMatcher,-1,na,main_loop_iters,2
U3,6400,1.5,9,HopcroftKarpMatcher,-1,na,total_bfs_edges_visited,769097
U3,6400,1.5,9,HopcroftKarpMatcher,-1,na,total_edges_visited,1.05553e+06
U3,6400,1.5,9,HopcroftKarpMatcher,-1,na,matching_size,6400
U3,6400,1.5,9,HopcroftKarpMatcher,-1,na,wall_clock_ms,92.5667
U3,6400,1.5,9,HopcroftKarpMatcher,-1,na,matching_size,6400
U3,100,2,18,SimpleAugmentingMatcher,-1,na,wall_clock_ms,0.251394
U3,100,2,18,SimpleAugmentingMatcher,-1,na,matching_size,100
U3,100,2,18,HopcroftKarpMatcher,0,na,paths_found_per_phase,100
U3,100,2,18,HopcroftKarpMatcher,0,na,bfs_edges_visited,10000
U3,100,2,18,HopcroftKarpMatcher,0,na,dfs_edges_visited,5050
U3,100,2,18,HopcroftKarpMatcher,0,na,defect_at_iteration,0
U3,100,2,18,HopcroftKarpMatcher,-1,na,phase_count,1
U3,100,2,18,HopcroftKarpMatcher,-1,na,main_loop_iters,1
U3,100,2,18,HopcroftKarpMatcher,-1,na,total_bfs_edges_visited,10000
U3,100,2,18,HopcroftKarpMatcher,-1,na,total_edges_visited,15050
U3,100,2,18,HopcroftKarpMatcher,-1,na,matching_size,100
U3,100,2,18,HopcroftKarpMatcher,-1,na,wall_clock_ms,0.026329
U3,100,2,18,HopcroftKarpMatcher,-1,na,matching_size,100
U3,100,1.25,4,SimpleAugmentingMatcher,-1,na,wall_clock_ms,0.118242
U3,100,1.25,4,SimpleAugmentingMatcher,-1,na,matching_size,93
U3,100,1.25,4,HopcroftKarpMatcher,0,na,paths_found_per_phase,78
U3,100,1.25,4,HopcroftKarpMatcher,0,na,bfs_edges_visited,316
U3,100,1.25,4,HopcroftKarpMatcher,0,na,dfs_edges_visited,191
U3,100,1.25,4,HopcroftKarpMatcher,0,na,defect_at_iteration,22
U3,100,1.25,4,HopcroftKarpMatcher,1,na,paths_found_per_phase,11
U3,100,1.25,4,HopcroftKarpMatcher,1,na,bfs_edges_visited,169
U3,100,1.25,4,HopcroftKarpMatcher,1,na,dfs_edges_visited,174
U3,100,1.25,4,HopcroftKarpMatcher,1,na,defect_at_iteration,11
U3,100,1.25,4,HopcroftKarpMatcher,2,na,paths_found_per_phase,2
U3,100,1.25,4,HopcroftKarpMatcher,2,na,bfs_edges_visited,123
U3,100,1.25,4,HopcroftKarpMatcher,2,na,dfs_edges_visited,160
U3,100,1.25,4,HopcroftKarpMatcher,2,na,defect_at_iteration,9
U3,100,1.25,4,HopcroftKarpMatcher,3,na,paths_found_per_phase,1
U3,100,1.25,4,HopcroftKarpMatcher,3,na,bfs_edges_visited,197
U3,100,1.25,4,HopcroftKarpMatcher,3,na,dfs_edges_visited,143
U3,100,1.25,4,HopcroftKarpMatcher,3,na,defect_at_iteration,8
U3,100,1.25,4,HopcroftKarpMatcher,4,na,paths_found_per_phase,1
U3,100,1.25,4,HopcroftKarpMatcher,4,na,bfs_edges_visited,197
U3,100,1.25,4,HopcroftKarpMatcher,4,na,dfs_edges_visited,133
U3,100,1.25,4,HopcroftKarpMatcher,4,na,defect_at_iteration,7
U3,100,1.25,4,HopcroftKarpMatcher,-1,na,phase_count,5
U3,100,1.25,4,HopcroftKarpMatcher,-1,na,main_loop_iters,5
U3,100,1.25,4,HopcroftKarpMatcher,-1,na,total_bfs_edges_visited,1002
U3,100,1.25,4,HopcroftKarpMatcher,-1,na,total_edges_visited,1803
U3,100,1.25,4,HopcroftKarpMatcher,-1,na,matching_size,93
U3,100,1.25,4,HopcroftKarpMatcher,-1,na,wall_clock_ms,0.110744
U3,100,1.25,4,HopcroftKarpMatcher,-1,na,matching_size,93
U3,800,1.75,2,SimpleAugmentingMatcher,-1,na,wall_clock_ms,228.952
U3,800,1.75,2,SimpleAugmentingMatcher,-1,na,matching_size,800
U3,800,1.75,2,HopcroftKarpMatcher,0,na,paths_found_per_phase,795
U3,800,1.75,2,HopcroftKarpMatcher,0,na,bfs_edges_visited,120339
U3,800,1.75,2,HopcroftKarpMatcher,0,na,dfs_edges_visited,60091
U3,800,1.75,2,HopcroftKarpMatcher,0,na,defect_at_iteration,5
U3,800,1.75,2,HopcroftKarpMatcher,1,na,paths_found_per_phase,5
U3,800,1.75,2,HopcroftKarpMatcher,1,na,bfs_edges_visited,78906
U3,800,1.75,2,HopcroftKarpMatcher,1,na,dfs_edges_visited,5835
U3,800,1.75,2,HopcroftKarpMatcher,1,na,defect_at_iteration,0
U3,800,1.75,2,HopcroftKarpMatcher,-1,na,phase_count,2
U3,800,1.75,2,HopcroftKarpMatcher,-1,na,main_loop_iters,2
U3,800,1.75,2,HopcroftKarpMatcher,-1,na,total_bfs_edges_visited,199245
U3,800,1.75,2,HopcroftKarpMatcher,-1,na,total_edges_visited,265171
U3,800,1.75,2,HopcroftKarpMatcher,-1,na,matching_size,800
U3,800,1.75,2,HopcroftKarpMatcher,-1,na,wall_clock_ms,4.08064
U3,800,1.75,2,HopcroftKarpMatcher,-1,na,matching_size,800
U3,1600,1.75,1,SimpleAugmentingMatcher,-1,na,wall_clock_ms,1684.83
U3,1600,1.75,1,SimpleAugmentingMatcher,-1,na,matching_size,1600
U3,1600,1.75,1,HopcroftKarpMatcher,0,na,paths_found_per_phase,1596
U3,1600,1.75,1,HopcroftKarpMatcher,0,na,bfs_edges_visited,404771
U3,1600,1.75,1,HopcroftKarpMatcher,0,na,dfs_edges_visited,202537
U3,1600,1.75,1,HopcroftKarpMatcher,0,na,defect_at_iteration,4
U3,1600,1.75,1,HopcroftKarpMatcher,1,na,paths_found_per_phase,4
U3,1600,1.75,1,HopcroftKarpMatcher,1,na,bfs_edges_visited,204036
U3,1600,1.75,1,HopcroftKarpMatcher,1,na,dfs_edges_visited,4892
U3,1600,1.75,1,HopcroftKarpMatcher,1,na,defect_at_iteration,0
U3,1600,1.75,1,HopcroftKarpMatcher,-1,na,phase_count,2
U3,1600,1.75,1,HopcroftKarpMatcher,-1,na,main_loop_iters,2
U3,1600,1.75,1,HopcroftKarpMatcher,-1,na,total_bfs_edges_visited,608807
U3,1600,1.75,1,HopcroftKarpMatcher,-1,na,total_edges_visited,816236
U3,1600,1.75,1,HopcroftKarpMatcher,-1,na,matching_size,1600
U3,1600,1.75,1,HopcroftKarpMatcher,-1,na,wall_clock_ms,13.2219
U3,1600,1.75,1,HopcroftKarpMatcher,-1,na,matching_size,1600
U3,200,1.5,10,SimpleAugmentingMatcher,-1,na,wall_clock_ms,1.3852
U3,200,1.5,10,SimpleAugmentingMatcher,-1,na,matching_size,200
U3,200,1.5,10,HopcroftKarpMatcher,0,na,paths_found_per_phase,190
U3,200,1.5,10,HopcroftKarpMatcher,0,na,bfs_edges_visited,2828
U3,200,1.5,10,HopcroftKarpMatcher,0,na,dfs_edges_visited,1452
U3,200,1.5,10,HopcroftKarpMatcher,0,na,defect_at_iteration,10
U3,200,1.5,10,HopcroftKarpMatcher,1,na,paths_found_per_phase,10
U3,200,1.5,10,HopcroftKarpMatcher,1,na,bfs_edges_visited,1524
U3,200,1.5,10,HopcroftKarpMatcher,1,na,dfs_edges_visited,834
U3,200,1.5,10,HopcroftKarpMatcher,1,na,defect_at_iteration,0
U3,200,1.5,10,HopcroftKarpMatcher,-1,na,phase_count,2
U3,200,1.5,10,HopcroftKarpMatcher,-1,na,main_loop_iters,2
U3,200,1.5,10,HopcroftKarpMatcher,-1,na,total_bfs_edges_visited,4352
U3,200,1.5,10,HopcroftKarpMatcher,-1,na,total_edges_visited,6638
U3,200,1.5,10,HopcroftKarpMatcher,-1,na,matching_size,200
U3,200,1.5,10,HopcroftKarpMatcher,-1,na,wall_clock_ms,0.18872
U3,200,1.5,10,HopcroftKarpMatcher,-1,na,matching_size,200
U3,800,1.25,3,SimpleAugmentingMatcher,-1,na,wall_clock_ms,15.6745
U3,800,1.25,3,SimpleAugmentingMatcher,-1,na,matching_size,794
U3,800,1.25,3,HopcroftKarpMatcher,0,na,paths_found_per_phase,698
U3,800,1.25,3,HopcroftKarpMatcher,0,na,bfs_edges_visited,4254
U3,800,1.25,3,HopcroftKarpMatcher,0,na,dfs_edges_visited,2245
U3,800,1.25,3,HopcroftKarpMatcher,0,na,defect_at_iteration,102
U3,800,1.25,3,HopcroftKarpMatcher,1,na,paths_found_per_phase,81
U3,800,1.25,3,HopcroftKarpMatcher,1,na,bfs_edges_visited,1908
U3,800,1.25,3,HopcroftKarpMatcher,1,na,dfs_edges_visited,2149
U3,800,1.25,3,HopcroftKarpMatcher,1,na,defect_at_iteration,21
U3,800,1.25,3,HopcroftKarpMatcher,2,na,paths_found_per_phase,10
U3,800,1.25,3,HopcroftKarpMatcher,2,na,bfs_edges_visited,1058
U3,800,1.25,3,HopcroftKarpMatcher,2,na,dfs_edges_visited,1443
U3,800,1.25,3,HopcroftKarpMatcher,2,na,defect_at_iteration,11
U3,800,1.25,3,HopcroftKarpMatcher,3,na,paths_found_per_phase,4
U3,800,1.25,3,HopcroftKarpMatcher,3,na,bfs_edges_visited,1900
U3,800,1.25,3,HopcroftKarpMatcher,3,na,dfs_edges_visited,1760
U3,800,1.25,3,HopcroftKarpMatcher,3,na,defect_at_iteration,7
U3,800,1.25,3,HopcroftKarpMatcher,4,na,paths_found_per_phase,1
U3,800,1.25,3,HopcroftKarpMatcher,4,na,bfs_edges_visited,2726
U3,800,1.25,3,HopcroftKarpMatcher,4,na,dfs_edges_visited,1184
U3,800,1.25,3,HopcroftKarpMatcher,4,na,defect_at_iteration,6
U3,800,1.25,3,HopcroftKarpMatcher,-1,na,phase_count,5
U3,800,1.25,3,HopcroftKarpMatcher,-1,na,main_loop_iters,5
U3,800,1.25,3,HopcroftKarpMatcher,-1,na,total_bfs_edges_visited,11846
U3,800,1.25,3,HopcroftKarpMatcher,-1,na,total_edges_visited,20627
U3,800,1.25,3,HopcroftKarpMatcher,-1,na,matching_size,794
U3,800,1.25,3,HopcroftKarpMatcher,-1,na,wall_clock_ms,3.3663
U3,800,1.25,3,HopcroftKarpMatcher,-1,na,matching_size,794
U3,1600,1.25,12,SimpleAugmentingMatcher,-1,na,wall_clock_ms,115.64
U3,1600,1.25,12,SimpleAugmentingMatcher,-1,na,matching_size,1595
U3,1600,1.25,12,HopcroftKarpMatcher,0,na,paths_found_per_phase,1413
U3,1600,1.25,12,HopcroftKarpMatcher,0,na,bfs_edges_visited,10119
U3,1600,1.25,12,HopcroftKarpMatcher,0,na,dfs_edges_visited,5271
U3,1600,1.25,12,HopcroftKarpMatcher,0,na,defect_at_iteration,187
U3,1600,1.25,12,HopcroftKarpMatcher,1,na,paths_found_per_phase,164
U3,1600,1.25,12,HopcroftKarpMatcher,1,na,bfs_edges_visited,4979
U3,1600,1.25,12,HopcroftKarpMatcher,1,na,dfs_edges_visited,4407
U3,1600,1.25,12,HopcroftKarpMatcher,1,na,defect_at_iteration,23
U3,1600,1.25,12,HopcroftKarpMatcher,2,na,paths_found_per_phase,13
U3,1600,1.25,12,HopcroftKarpMatcher,2,na,bfs_edges_visited,2147
U3,1600,1.25,12,HopcroftKarpMatcher,2,na,dfs_edges_visited,4135
U3,1600,1.25,12,HopcroftKarpMatcher,2,na,defect_at_iteration,10
U3,1600,1.25,12,HopcroftKarpMatcher,3,na,paths_found_per_phase,5
U3,1600,1.25,12,HopcroftKarpMatcher,3,na,bfs_edges_visited,6476
U3,1600,1.25,12,HopcroftKarpMatcher,3,na,dfs_edges_visited,1669
U3,1600,1.25,12,HopcroftKarpMatcher,3,na,defect_at_iteration,5
U3,1600,1.25,12,HopcroftKarpMatcher,-1,na,phase_count,4
U3,1600,1.25,12,HopcroftKarpMatcher,-1,na,main_loop_iters,4
U3,1600,1.25,12,HopcroftKarpMatcher,-1,na,total_bfs_edges_visited,23721
U3,1600,1.25,12,HopcroftKarpMatcher,-1,na,total_edges_visited,39203
U3,1600,1.25,12,HopcroftKarpMatcher,-1,na,matching_size,1595
U3,1600,1.25,12,HopcroftKarpMatcher,-1,na,wall_clock_ms,10.2059
U3,1600,1.25,12,HopcroftKarpMatcher,-1,na,matching_size,1595
U3,100,2,3,SimpleAugmentingMatcher,-1,na,wall_clock_ms,0.254502
U3,100,2,3,SimpleAugmentingMatcher,-1,na,matching_size,100
U3,100,2,3,HopcroftKarpMatcher,0,na,paths_found_per_phase,100
U3,100,2,3,HopcroftKarpMatcher,0,na,bfs_edges_visited,10000
U3,100,2,3,HopcroftKarpMatcher,0,na,dfs_edges_visited,5050
U3,100,2,3,HopcroftKarpMatcher,0,na,defect_at_iteration,0
U3,100,2,3,HopcroftKarpMatcher,-1,na,phase_count,1
U3,100,2,3,HopcroftKarpMatcher,-1,na,main_loop_iters,1
U3,100,2,3,HopcroftKarpMatcher,-1,na,total_bfs_edges_visited,10000
U3,100,2,3,HopcroftKarpMatcher,-1,na,total_edges_visited,15050
U3,100,2,3,HopcroftKarpMatcher,-1,na,matching_size,100
U3,100,2,3,HopcroftKarpMatcher,-1,na,wall_clock_ms,0.026765
U3,100,2,3,HopcroftKarpMatcher,-1,na,matching_size,100
U3,800,1,0,SimpleAugmentingMatcher,-1,na,wall_clock_ms,0.586022
U3,800,1,0,SimpleAugmentingMatcher,-1,na,matching_size,440
U3,800,1,0,HopcroftKarpMatcher,0,na,paths_found_per_phase,408
U3,800,1,0,HopcroftKarpMatcher,0,na,bfs_edges_visited,800
U3,800,1,0,HopcroftKarpMatcher,0,na,dfs_edges_visited,589
U3,800,1,0,HopcroftKarpMatcher,0,na,defect_at_iteration,392
U3,800,1,0,HopcroftKarpMatcher,1,na,paths_found_per_phase,31
U3,800,1,0,HopcroftKarpMatcher,1,na,bfs_edges_visited,268
U3,800,1,0,HopcroftKarpMatcher,1,na,dfs_edges_visited,270
U3,800,1,0,HopcroftKarpMatcher,1,na,defect_at_iteration,361
U3,800,1,0,HopcroftKarpMatcher,2,na,paths_found_per_phase,1
U3,800,1,0,HopcroftKarpMatcher,2,na,bfs_edges_visited,170
U3,800,1,0,HopcroftKarpMatcher,2,na,dfs_edges_visited,160
U3,800,1,0,HopcroftKarpMatcher,2,na,defect_at_iteration,360
U3,800,1,0,HopcroftKarpMatcher,-1,na,phase_count,3
U3,800,1,0,HopcroftKarpMatcher,-1,na,main_loop_iters,3
U3,800,1,0,HopcroftKarpMatcher,-1,na,total_bfs_edges_visited,1238
U3,800,1,0,HopcroftKarpMatcher,-1,na,total_edges_visited,2257
U3,800,1,0,HopcroftKarpMatcher,-1,na,matching_size,440
U3,800,1,0,HopcroftKarpMatcher,-1,na,wall_clock_ms,2.85484
U3,800,1,0,HopcroftKarpMatcher,-1,na,matching_size,440
U3,1600,1.5,0,SimpleAugmentingMatcher,-1,na,wall_clock_ms,605.779
U3,1600,1.5,0,SimpleAugmentingMatcher,-1,na,matching_size,1600
U3,1600,1.5,0,HopcroftKarpMatcher,0,na,paths_found_per_phase,1573
U3,1600,1.5,0,HopcroftKarpMatcher,0,na,bfs_edges_visited,64000
U3,1600,1.5,0,HopcroftKarpMatcher,0,na,dfs_edges_visited,32119
U3,1600,1.5,0,HopcroftKarpMatcher,0,na,defect_at_iteration,27
U3,1600,1.5,0,HopcroftKarpMatcher,1,na,paths_found_per_phase,27
U3,1600,1.5,0,HopcroftKarpMatcher,1,na,bfs_edges_visited,31276
U3,1600,1.5,0,HopcroftKarpMatcher,1,na,dfs_edges_visited,5470
U3,1600,1.5,0,HopcroftKarpMatcher,1,na,defect_at_iteration,0
U3,1600,1.5,0,HopcroftKarpMatcher,-1,na,phase_count,2
U3,1600,1.5,0,HopcroftKarpMatcher,-1,na,main_loop_iters,2
U3,1600,1.5,0,HopcroftKarpMatcher,-1,na,total_bfs_edges_visited,95276
U3,1600,1.5,0,HopcroftKarpMatcher,-1,na,total_edges_visited,132865
U3,1600,1.5,0,HopcroftKarpMatcher,-1,na,matching_size,1600
U3,1600,1.5,0,HopcroftKarpMatcher,-1,na,wall_clock_ms,6.46441
U3,1600,1.5,0,HopcroftKarpMatcher,-1,na,matching_size,1600
U3,6400,2,0,SimpleAugmentingMatcher,-1,na,wall_clock_ms,56298.1
U3,6400,2,0,SimpleAugmentingMatcher,-1,na,matching_size,6400
U3,6400,2,0,HopcroftKarpMatcher,0,na,paths_found_per_phase,6400
U3,6400,2,0,HopcroftKarpMatcher,0,na,bfs_edges_visited,4.096e+07
U3,6400,2,0,HopcroftKarpMatcher,0,na,dfs_edges_visited,2.04832e+07
U3,6400,2,0,HopcroftKarpMatcher,0,na,defect_at_iteration,0
U3,6400,2,0,HopcroftKarpMatcher,-1,na,phase_count,1
U3,6400,2,0,HopcroftKarpMatcher,-1,na,main_loop_iters,1
U3,6400,2,0,HopcroftKarpMatcher,-1,na,total_bfs_edges_visited,4.096e+07
U3,6400,2,0,HopcroftKarpMatcher,-1,na,total_edges_visited,6.14432e+07
U3,6400,2,0,HopcroftKarpMatcher,-1,na,matching_size,6400
U3,6400,2,0,HopcroftKarpMatcher,-1,na,wall_clock_ms,81.5062
U3,6400,2,0,HopcroftKarpMatcher,-1,na,matching_size,6400
U3,1600,1.75,3,SimpleAugmentingMatcher,-1,na,wall_clock_ms,1687.14
U3,1600,1.75,3,SimpleAugmentingMatcher,-1,na,matching_size,1600
U3,1600,1.75,3,HopcroftKarpMatcher,0,na,paths_found_per_phase,1597
U3,1600,1.75,3,HopcroftKarpMatcher,0,na,bfs_edges_visited,404771
U3,1600,1.75,3,HopcroftKarpMatcher,0,na,dfs_edges_visited,202121
U3,1600,1.75,3,HopcroftKarpMatcher,0,na,defect_at_iteration,3
U3,1600,1.75,3,HopcroftKarpMatcher,1,na,paths_found_per_phase,3
U3,1600,1.75,3,HopcroftKarpMatcher,1,na,bfs_edges_visited,155253
U3,1600,1.75,3,HopcroftKarpMatcher,1,na,dfs_edges_visited,6563
U3,1600,1.75,3,HopcroftKarpMatcher,1,na,defect_at_iteration,0
U3,1600,1.75,3,HopcroftKarpMatcher,-1,na,phase_count,2
U3,1600,1.75,3,HopcroftKarpMatcher,-1,na,main_loop_iters,2
U3,1600,1.75,3,HopcroftKarpMatcher,-1,na,total_bfs_edges_visited,560024
U3,1600,1.75,3,HopcroftKarpMatcher,-1,na,total_edges_visited,768708
U3,1600,1.75,3,HopcroftKarpMatcher,-1,na,matching_size,1600
U3,1600,1.75,3,HopcroftKarpMatcher,-1,na,wall_clock_ms,12.5202
U3,1600,1.75,3,HopcroftKarpMatcher,-1,na,matching_size,1600
U3,3200,2,5,SimpleAugmentingMatcher,-1,na,wall_clock_ms,7051.23
U3,3200,2,5,SimpleAugmentingMatcher,-1,na,matching_size,3200
U3,3200,2,5,HopcroftKarpMatcher,0,na,paths_found_per_phase,3200
U3,3200,2,5,HopcroftKarpMatcher,0,na,bfs_edges_visited,1.024e+07
U3,3200,2,5,HopcroftKarpMatcher,0,na,dfs_edges_visited,5.1216e+06
U3,3200,2,5,HopcroftKarpMatcher,0,na,defect_at_iteration,0
U3,3200,2,5,HopcroftKarpMatcher,-1,na,phase_count,1
U3,3200,2,5,HopcroftKarpMatcher,-1,na,main_loop_iters,1
U3,3200,2,5,HopcroftKarpMatcher,-1,na,total_bfs_edges_visited,1.024e+07
U3,3200,2,5,HopcroftKarpMatcher,-1,na,total_edges_visited,1.53616e+07
U3,3200,2,5,HopcroftKarpMatcher,-1,na,matching_size,3200
U3,3200,2,5,HopcroftKarpMatcher,-1,na,wall_clock_ms,20.3672
U3,3200,2,5,HopcroftKarpMatcher,-1,na,matching_size,3200
U3,6400,2,4,SimpleAugmentingMatcher,-1,na,wall_clock_ms,56293.5
U3,6400,2,4,SimpleAugmentingMatcher,-1,na,matching_size,6400
U3,6400,2,4,HopcroftKarpMatcher,0,na,paths_found_per_phase,6400
U3,6400,2,4,HopcroftKarpMatcher,0,na,bfs_edges_visited,4.096e+07
U3,6400,2,4,HopcroftKarpMatcher,0,na,dfs_edges_visited,2.04832e+07
U3,6400,2,4,HopcroftKarpMatcher,0,na,defect_at_iteration,0
U3,6400,2,4,HopcroftKarpMatcher,-1,na,phase_count,1
U3,6400,2,4,HopcroftKarpMatcher,-1,na,main_loop_iters,1
U3,6400,2,4,HopcroftKarpMatcher,-1,na,total_bfs_edges_visited,4.096e+07
U3,6400,2,4,HopcroftKarpMatcher,-1,na,total_edges_visited,6.14432e+07
U3,6400,2,4,HopcroftKarpMatcher,-1,na,matching_size,6400
U3,6400,2,4,HopcroftKarpMatcher,-1,na,wall_clock_ms,82.1033
U3,6400,2,4,HopcroftKarpMatcher,-1,na,matching_size,6400
U3,1600,1,16,SimpleAugmentingMatcher,-1,na,wall_clock_ms,2.36904
U3,1600,1,16,SimpleAugmentingMatcher,-1,na,matching_size,883
U3,1600,1,16,HopcroftKarpMatcher,0,na,paths_found_per_phase,835
U3,1600,1,16,HopcroftKarpMatcher,0,na,bfs_edges_visited,1600
U3,1600,1,16,HopcroftKarpMatcher,0,na,dfs_edges_visited,1170
U3,1600,1,16,HopcroftKarpMatcher,0,na,defect_at_iteration,765
U3,1600,1,16,HopcroftKarpMatcher,1,na,paths_found_per_phase,46
U3,1600,1,16,HopcroftKarpMatcher,1,na,bfs_edges_visited,535
U3,1600,1,16,HopcroftKarpMatcher,1,na,dfs_edges_visited,526
U3,1600,1,16,HopcroftKarpMatcher,1,na,defect_at_iteration,719
U3,1600,1,16,HopcroftKarpMatcher,2,na,paths_found_per_phase,2
U3,1600,1,16,HopcroftKarpMatcher,2,na,bfs_edges_visited,374
U3,1600,1,16,HopcroftKarpMatcher,2,na,dfs_edges_visited,381
U3,1600,1,16,HopcroftKarpMatcher,2,na,defect_at_iteration,717
U3,1600,1,16,HopcroftKarpMatcher,-1,na,phase_count,3
U3,1600,1,16,HopcroftKarpMatcher,-1,na,main_loop_iters,3
U3,1600,1,16,HopcroftKarpMatcher,-1,na,total_bfs_edges_visited,2509
U3,1600,1,16,HopcroftKarpMatcher,-1,na,total_edges_visited,4586
U3,1600,1,16,HopcroftKarpMatcher,-1,na,matching_size,883
U3,1600,1,16,HopcroftKarpMatcher,-1,na,wall_clock_ms,11.3855
U3,1600,1,16,HopcroftKarpMatcher,-1,na,matching_size,883
U3,6400,1.5,13,SimpleAugmentingMatcher,-1,na,wall_clock_ms,39597.9
U3,6400,1.5,13,SimpleAugmentingMatcher,-1,na,matching_size,6400
U3,6400,1.5,13,HopcroftKarpMatcher,0,na,paths_found_per_phase,6343
U3,6400,1.5,13,HopcroftKarpMatcher,0,na,bfs_edges_visited,512000
U3,6400,1.5,13,HopcroftKarpMatcher,0,na,dfs_edges_visited,255917
U3,6400,1.5,13,HopcroftKarpMatcher,0,na,defect_at_iteration,57
U3,6400,1.5,13,HopcroftKarpMatcher,1,na,paths_found_per_phase,57
U3,6400,1.5,13,HopcroftKarpMatcher,1,na,bfs_edges_visited,260963
U3,6400,1.5,13,HopcroftKarpMatcher,1,na,dfs_edges_visited,28340
U3,6400,1.5,13,HopcroftKarpMatcher,1,na,defect_at_iteration,0
U3,6400,1.5,13,HopcroftKarpMatcher,-1,na,phase_count,2
U3,6400,1.5,13,HopcroftKarpMatcher,-1,na,main_loop_iters,2
U3,6400,1.5,13,HopcroftKarpMatcher,-1,na,total_bfs_edges_visited,772963
U3,6400,1.5,13,HopcroftKarpMatcher,-1,na,total_edges_visited,1.05722e+06
U3,6400,1.5,13,HopcroftKarpMatcher,-1,na,matching_size,6400
U3,6400,1.5,13,HopcroftKarpMatcher,-1,na,wall_clock_ms,92.0802
U3,6400,1.5,13,HopcroftKarpMatcher,-1,na,matching_size,6400
U3,3200,1,14,SimpleAugmentingMatcher,-1,na,wall_clock_ms,9.74432
U3,3200,1,14,SimpleAugmentingMatcher,-1,na,matching_size,1733
U3,3200,1,14,HopcroftKarpMatcher,0,na,paths_found_per_phase,1638
U3,3200,1,14,HopcroftKarpMatcher,0,na,bfs_edges_visited,3200
U3,3200,1,14,HopcroftKarpMatcher,0,na,dfs_edges_visited,2322
U3,3200,1,14,HopcroftKarpMatcher,0,na,defect_at_iteration,1562
U3,3200,1,14,HopcroftKarpMatcher,1,na,paths_found_per_phase,87
U3,3200,1,14,HopcroftKarpMatcher,1,na,bfs_edges_visited,1041
U3,3200,1,14,HopcroftKarpMatcher,1,na,dfs_edges_visited,1097
U3,3200,1,14,HopcroftKarpMatcher,1,na,defect_at_iteration,1475
U3,3200,1,14,HopcroftKarpMatcher,2,na,paths_found_per_phase,7
U3,3200,1,14,HopcroftKarpMatcher,2,na,bfs_edges_visited,800
U3,3200,1,14,HopcroftKarpMatcher,2,na,dfs_edges_visited,833
U3,3200,1,14,HopcroftKarpMatcher,2,na,defect_at_iteration,1468
U3,3200,1,14,HopcroftKarpMatcher,3,na,paths_found_per_phase,1
U3,3200,1,14,HopcroftKarpMatcher,3,na,bfs_edges_visited,798
U3,3200,1,14,HopcroftKarpMatcher,3,na,dfs_edges_visited,797
U3,3200,1,14,HopcroftKarpMatcher,3,na,defect_at_iteration,1467
U3,3200,1,14,HopcroftKarpMatcher,-1,na,phase_count,4
U3,3200,1,14,HopcroftKarpMatcher,-1,na,main_loop_iters,4
U3,3200,1,14,HopcroftKarpMatcher,-1,na,total_bfs_edges_visited,5839
U3,3200,1,14,HopcroftKarpMatcher,-1,na,total_edges_visited,10888
U3,3200,1,14,HopcroftKarpMatcher,-1,na,matching_size,1733
U3,3200,1,14,HopcroftKarpMatcher,-1,na,wall_clock_ms,57.1468
U3,3200,1,14,HopcroftKarpMatcher,-1,na,matching_size,1733
U3,200,1.5,2,SimpleAugmentingMatcher,-1,na,wall_clock_ms,1.3163
U3,200,1.5,2,SimpleAugmentingMatcher,-1,na,matching_size,200
U3,200,1.5,2,HopcroftKarpMatcher,0,na,paths_found_per_phase,190
U3,200,1.5,2,HopcroftKarpMatcher,0,na,bfs_edges_visited,2828
U3,200,1.5,2,HopcroftKarpMatcher,0,na,dfs_edges_visited,1499
U3,200,1.5,2,HopcroftKarpMatcher,0,na,defect_at_iteration,10
U3,200,1.5,2,HopcroftKarpMatcher,1,na,paths_found_per_phase,10
U3,200,1.5,2,HopcroftKarpMatcher,1,na,bfs_edges_visited,1301
U3,200,1.5,2,HopcroftKarpMatcher,1,na,dfs_edges_visited,566
U3,200,1.5,2,HopcroftKarpMatcher,1,na,defect_at_iteration,0
U3,200,1.5,2,HopcroftKarpMatcher,-1,na,phase_count,2
U3,200,1.5,2,HopcroftKarpMatcher,-1,na,main_loop_iters,2
U3,200,1.5,2,HopcroftKarpMatcher,-1,na,total_bfs_edges_visited,4129
U3,200,1.5,2,HopcroftKarpMatcher,-1,na,total_edges_visited,6194
U3,200,1.5,2,HopcroftKarpMatcher,-1,na,matching_size,200
U3,200,1.5,2,HopcroftKarpMatcher,-1,na,wall_clock_ms,0.162069
U3,200,1.5,2,HopcroftKarpMatcher,-1,na,matching_size,200
U3,6400,1.5,4,SimpleAugmentingMatcher,-1,na,wall_clock_ms,39550.2
U3,6400,1.5,4,SimpleAugmentingMatcher,-1,na,matching_size,6400
U3,6400,1.5,4,HopcroftKarpMatcher,0,na,paths_found_per_phase,6341
U3,6400,1.5,4,HopcroftKarpMatcher,0,na,bfs_edges_visited,512000
U3,6400,1.5,4,HopcroftKarpMatcher,0,na,dfs_edges_visited,255786
U3,6400,1.5,4,HopcroftKarpMatcher,0,na,defect_at_iteration,59
U3,6400,1.5,4,HopcroftKarpMatcher,1,na,paths_found_per_phase,59
U3,6400,1.5,4,HopcroftKarpMatcher,1,na,bfs_edges_visited,265131
U3,6400,1.5,4,HopcroftKarpMatcher,1,na,dfs_edges_visited,19309
U3,6400,1.5,4,HopcroftKarpMatcher,1,na,defect_at_iteration,0
U3,6400,1.5,4,HopcroftKarpMatcher,-1,na,phase_count,2
U3,6400,1.5,4,HopcroftKarpMatcher,-1,na,main_loop_iters,2
U3,6400,1.5,4,HopcroftKarpMatcher,-1,na,total_bfs_edges_visited,777131
U3,6400,1.5,4,HopcroftKarpMatcher,-1,na,total_edges_visited,1.05223e+06
U3,6400,1.5,4,HopcroftKarpMatcher,-1,na,matching_size,6400
U3,6400,1.5,4,HopcroftKarpMatcher,-1,na,wall_clock_ms,91.7905
U3,6400,1.5,4,HopcroftKarpMatcher,-1,na,matching_size,6400
U3,3200,2,17,SimpleAugmentingMatcher,-1,na,wall_clock_ms,7056.74
U3,3200,2,17,SimpleAugmentingMatcher,-1,na,matching_size,3200
U3,3200,2,17,HopcroftKarpMatcher,0,na,paths_found_per_phase,3200
U3,3200,2,17,HopcroftKarpMatcher,0,na,bfs_edges_visited,1.024e+07
U3,3200,2,17,HopcroftKarpMatcher,0,na,dfs_edges_visited,5.1216e+06
U3,3200,2,17,HopcroftKarpMatcher,0,na,defect_at_iteration,0
U3,3200,2,17,HopcroftKarpMatcher,-1,na,phase_count,1
U3,3200,2,17,HopcroftKarpMatcher,-1,na,main_loop_iters,1
U3,3200,2,17,HopcroftKarpMatcher,-1,na,total_bfs_edges_visited,1.024e+07
U3,3200,2,17,HopcroftKarpMatcher,-1,na,total_edges_visited,1.53616e+07
U3,3200,2,17,HopcroftKarpMatcher,-1,na,matching_size,3200
U3,3200,2,17,HopcroftKarpMatcher,-1,na,wall_clock_ms,20.3712
U3,3200,2,17,HopcroftKarpMatcher,-1,na,matching_size,3200
U3,800,1.75,10,SimpleAugmentingMatcher,-1,na,wall_clock_ms,228.691
U3,800,1.75,10,SimpleAugmentingMatcher,-1,na,matching_size,800
U3,800,1.75,10,HopcroftKarpMatcher,0,na,paths_found_per_phase,795
U3,800,1.75,10,HopcroftKarpMatcher,0,na,bfs_edges_visited,120339
U3,800,1.75,10,HopcroftKarpMatcher,0,na,dfs_edges_visited,60133
U3,800,1.75,10,HopcroftKarpMatcher,0,na,defect_at_iteration,5
U3,800,1.75,10,HopcroftKarpMatcher,1,na,paths_found_per_phase,5
U3,800,1.75,10,HopcroftKarpMatcher,1,na,bfs_edges_visited,74900
U3,800,1.75,10,HopcroftKarpMatcher,1,na,dfs_edges_visited,3636
U3,800,1.75,10,HopcroftKarpMatcher,1,na,defect_at_iteration,0
U3,800,1.75,10,HopcroftKarpMatcher,-1,na,phase_count,2
U3,800,1.75,10,HopcroftKarpMatcher,-1,na,main_loop_iters,2
U3,800,1.75,10,HopcroftKarpMatcher,-1,na,total_bfs_edges_visited,195239
U3,800,1.75,10,HopcroftKarpMatcher,-1,na,total_edges_visited,259008
U3,800,1.75,10,HopcroftKarpMatcher,-1,na,matching_size,800
U3,800,1.75,10,HopcroftKarpMatcher,-1,na,wall_clock_ms,4.00956
U3,800,1.75,10,HopcroftKarpMatcher,-1,na,matching_size,800
U3,200,1.75,19,SimpleAugmentingMatcher,-1,na,wall_clock_ms,3.44065
U3,200,1.75,19,SimpleAugmentingMatcher,-1,na,matching_size,200
U3,200,1.75,19,HopcroftKarpMatcher,0,na,paths_found_per_phase,199
U3,200,1.75,19,HopcroftKarpMatcher,0,na,bfs_edges_visited,10636
U3,200,1.75,19,HopcroftKarpMatcher,0,na,dfs_edges_visited,5392
U3,200,1.75,19,HopcroftKarpMatcher,0,na,defect_at_iteration,1
U3,200,1.75,19,HopcroftKarpMatcher,1,na,paths_found_per_phase,1
U3,200,1.75,19,HopcroftKarpMatcher,1,na,bfs_edges_visited,2782
U3,200,1.75,19,HopcroftKarpMatcher,1,na,dfs_edges_visited,349
U3,200,1.75,19,HopcroftKarpMatcher,1,na,defect_at_iteration,0
U3,200,1.75,19,HopcroftKarpMatcher,-1,na,phase_count,2
U3,200,1.75,19,HopcroftKarpMatcher,-1,na,main_loop_iters,2
U3,200,1.75,19,HopcroftKarpMatcher,-1,na,total_bfs_edges_visited,13418
U3,200,1.75,19,HopcroftKarpMatcher,-1,na,total_edges_visited,19159
U3,200,1.75,19,HopcroftKarpMatcher,-1,na,matching_size,200
U3,200,1.75,19,HopcroftKarpMatcher,-1,na,wall_clock_ms,0.283665
U3,200,1.75,19,HopcroftKarpMatcher,-1,na,matching_size,200
U3,100,2,19,SimpleAugmentingMatcher,-1,na,wall_clock_ms,0.251378
U3,100,2,19,SimpleAugmentingMatcher,-1,na,matching_size,100
U3,100,2,19,HopcroftKarpMatcher,0,na,paths_found_per_phase,100
U3,100,2,19,HopcroftKarpMatcher,0,na,bfs_edges_visited,10000
U3,100,2,19,HopcroftKarpMatcher,0,na,dfs_edges_visited,5050
U3,100,2,19,HopcroftKarpMatcher,0,na,defect_at_iteration,0
U3,100,2,19,HopcroftKarpMatcher,-1,na,phase_count,1
U3,100,2,19,HopcroftKarpMatcher,-1,na,main_loop_iters,1
U3,100,2,19,HopcroftKarpMatcher,-1,na,total_bfs_edges_visited,10000
U3,100,2,19,HopcroftKarpMatcher,-1,na,total_edges_visited,15050
U3,100,2,19,HopcroftKarpMatcher,-1,na,matching_size,100
U3,100,2,19,HopcroftKarpMatcher,-1,na,wall_clock_ms,0.026633
U3,100,2,19,HopcroftKarpMatcher,-1,na,matching_size,100
U3,100,2,8,SimpleAugmentingMatcher,-1,na,wall_clock_ms,0.250404
U3,100,2,8,SimpleAugmentingMatcher,-1,na,matching_size,100
U3,100,2,8,HopcroftKarpMatcher,0,na,paths_found_per_phase,100
U3,100,2,8,HopcroftKarpMatcher,0,na,bfs_edges_visited,10000
U3,100,2,8,HopcroftKarpMatcher,0,na,dfs_edges_visited,5050
U3,100,2,8,HopcroftKarpMatcher,0,na,defect_at_iteration,0
U3,100,2,8,HopcroftKarpMatcher,-1,na,phase_count,1
U3,100,2,8,HopcroftKarpMatcher,-1,na,main_loop_iters,1
U3,100,2,8,HopcroftKarpMatcher,-1,na,total_bfs_edges_visited,10000
U3,100,2,8,HopcroftKarpMatcher,-1,na,total_edges_visited,15050
U3,100,2,8,HopcroftKarpMatcher,-1,na,matching_size,100
U3,100,2,8,HopcroftKarpMatcher,-1,na,wall_clock_ms,0.026528
U3,100,2,8,HopcroftKarpMatcher,-1,na,matching_size,100
U3,100,1.25,12,SimpleAugmentingMatcher,-1,na,wall_clock_ms,0.077621
U3,100,1.25,12,SimpleAugmentingMatcher,-1,na,matching_size,93
U3,100,1.25,12,HopcroftKarpMatcher,0,na,paths_found_per_phase,81
U3,100,1.25,12,HopcroftKarpMatcher,0,na,bfs_edges_visited,316
U3,100,1.25,12,HopcroftKarpMatcher,0,na,dfs_edges_visited,172
U3,100,1.25,12,HopcroftKarpMatcher,0,na,defect_at_iteration,19
U3,100,1.25,12,HopcroftKarpMatcher,1,na,paths_found_per_phase,7
U3,100,1.25,12,HopcroftKarpMatcher,1,na,bfs_edges_visited,102
U3,100,1.25,12,HopcroftKarpMatcher,1,na,dfs_edges_visited,130
U3,100,1.25,12,HopcroftKarpMatcher,1,na,defect_at_iteration,12
U3,100,1.25,12,HopcroftKarpMatcher,2,na,paths_found_per_phase,2
U3,100,1.25,12,HopcroftKarpMatcher,2,na,bfs_edges_visited,91
U3,100,1.25,12,HopcroftKarpMatcher,2,na,dfs_edges_visited,69
U3,100,1.25,12,HopcroftKarpMatcher,2,na,defect_at_iteration,10
U3,100,1.25,12,HopcroftKarpMatcher,3,na,paths_found_per_phase,1
U3,100,1.25,12,HopcroftKarpMatcher,3,na,bfs_edges_visited,55
U3,100,1.25,12,HopcroftKarpMatcher,3,na,dfs_edges_visited,62
U3,100,1.25,12,HopcroftKarpMatcher,3,na,defect_at_iteration,9
U3,100,1.25,12,HopcroftKarpMatcher,4,na,paths_found_per_phase,1
U3,100,1.25,12,HopcroftKarpMatcher,4,na,bfs_edges_visited,138
U3,100,1.25,12,HopcroftKarpMatcher,4,na,dfs_edges_visited,108
U3,100,1.25,12,HopcroftKarpMatcher,4,na,defect_at_iteration,8
U3,100,1.25,12,HopcroftKarpMatcher,5,na,paths_found_per_phase,1
U3,100,1.25,12,HopcroftKarpMatcher,5,na,bfs_edges_visited,147
U3,100,1.25,12,HopcroftKarpMatcher,5,na,dfs_edges_visited,63
U3,100,1.25,12,HopcroftKarpMatcher,5,na,defect_at_iteration,7
U3,100,1.25,12,HopcroftKarpMatcher,-1,na,phase_count,6
U3,100,1.25,12,HopcroftKarpMatcher,-1,na,main_loop_iters,6
U3,100,1.25,12,HopcroftKarpMatcher,-1,na,total_bfs_edges_visited,849
U3,100,1.25,12,HopcroftKarpMatcher,-1,na,total_edges_visited,1453
U3,100,1.25,12,HopcroftKarpMatcher,-1,na,matching_size,93
U3,100,1.25,12,HopcroftKarpMatcher,-1,na,wall_clock_ms,0.090171
U3,100,1.25,12,HopcroftKarpMatcher,-1,na,matching_size,93
U3,800,2,8,SimpleAugmentingMatcher,-1,na,wall_clock_ms,112.327
U3,800,2,8,SimpleAugmentingMatcher,-1,na,matching_size,800
U3,800,2,8,HopcroftKarpMatcher,0,na,paths_found_per_phase,800
U3,800,2,8,HopcroftKarpMatcher,0,na,bfs_edges_visited,640000
U3,800,2,8,HopcroftKarpMatcher,0,na,dfs_edges_visited,320400
U3,800,2,8,HopcroftKarpMatcher,0,na,defect_at_iteration,0
U3,800,2,8,HopcroftKarpMatcher,-1,na,phase_count,1
U3,800,2,8,HopcroftKarpMatcher,-1,na,main_loop_iters,1
U3,800,2,8,HopcroftKarpMatcher,-1,na,total_bfs_edges_visited,640000
U3,800,2,8,HopcroftKarpMatcher,-1,na,total_edges_visited,960400
U3,800,2,8,HopcroftKarpMatcher,-1,na,matching_size,800
U3,800,2,8,HopcroftKarpMatcher,-1,na,wall_clock_ms,1.2898
U3,800,2,8,HopcroftKarpMatcher,-1,na,matching_size,800
U3,6400,1,12,SimpleAugmentingMatcher,-1,na,wall_clock_ms,38.5528
U3,6400,1,12,SimpleAugmentingMatcher,-1,na,matching_size,3489
U3,6400,1,12,HopcroftKarpMatcher,0,na,paths_found_per_phase,3266
U3,6400,1,12,HopcroftKarpMatcher,0,na,bfs_edges_visited,6400
U3,6400,1,12,HopcroftKarpMatcher,0,na,dfs_edges_visited,4617
U3,6400,1,12,HopcroftKarpMatcher,0,na,defect_at_iteration,3134
U3,6400,1,12,HopcroftKarpMatcher,1,na,paths_found_per_phase,216
U3,6400,1,12,HopcroftKarpMatcher,1,na,bfs_edges_visited,2250
U3,6400,1,12,HopcroftKarpMatcher,1,na,dfs_edges_visited,2289
U3,6400,1,12,HopcroftKarpMatcher,1,na,defect_at_iteration,2918
U3,6400,1,12,HopcroftKarpMatcher,2,na,paths_found_per_phase,6
U3,6400,1,12,HopcroftKarpMatcher,2,na,bfs_edges_visited,1570
U3,6400,1,12,HopcroftKarpMatcher,2,na,dfs_edges_visited,1617
U3,6400,1,12,HopcroftKarpMatcher,2,na,defect_at_iteration,2912
U3,6400,1,12,HopcroftKarpMatcher,3,na,paths_found_per_phase,1
U3,6400,1,12,HopcroftKarpMatcher,3,na,bfs_edges_visited,1580
U3,6400,1,12,HopcroftKarpMatcher,3,na,dfs_edges_visited,1580
U3,6400,1,12,HopcroftKarpMatcher,3,na,defect_at_iteration,2911
U3,6400,1,12,HopcroftKarpMatcher,-1,na,phase_count,4
U3,6400,1,12,HopcroftKarpMatcher,-1,na,main_loop_iters,4
U3,6400,1,12,HopcroftKarpMatcher,-1,na,total_bfs_edges_visited,11800
U3,6400,1,12,HopcroftKarpMatcher,-1,na,total_edges_visited,21903
U3,6400,1,12,HopcroftKarpMatcher,-1,na,matching_size,3489
U3,6400,1,12,HopcroftKarpMatcher,-1,na,wall_clock_ms,228.28
U3,6400,1,12,HopcroftKarpMatcher,-1,na,matching_size,3489
U3,200,1,12,SimpleAugmentingMatcher,-1,na,wall_clock_ms,0.041753
U3,200,1,12,SimpleAugmentingMatcher,-1,na,matching_size,109
U3,200,1,12,HopcroftKarpMatcher,0,na,paths_found_per_phase,102
U3,200,1,12,HopcroftKarpMatcher,0,na,bfs_edges_visited,200
U3,200,1,12,HopcroftKarpMatcher,0,na,dfs_edges_visited,145
U3,200,1,12,HopcroftKarpMatcher,0,na,defect_at_iteration,98
U3,200,1,12,HopcroftKarpMatcher,1,na,paths_found_per_phase,7
U3,200,1,12,HopcroftKarpMatcher,1,na,bfs_edges_visited,69
U3,200,1,12,HopcroftKarpMatcher,1,na,dfs_edges_visited,71
U3,200,1,12,HopcroftKarpMatcher,1,na,defect_at_iteration,91
U3,200,1,12,HopcroftKarpMatcher,-1,na,phase_count,2
U3,200,1,12,HopcroftKarpMatcher,-1,na,main_loop_iters,2
U3,200,1,12,HopcroftKarpMatcher,-1,na,total_bfs_edges_visited,269
U3,200,1,12,HopcroftKarpMatcher,-1,na,total_edges_visited,485
U3,200,1,12,HopcroftKarpMatcher,-1,na,matching_size,109
U3,200,1,12,HopcroftKarpMatcher,-1,na,wall_clock_ms,0.155718
U3,200,1,12,HopcroftKarpMatcher,-1,na,matching_size,109
U3,400,1.5,8,SimpleAugmentingMatcher,-1,na,wall_clock_ms,9.77282
U3,400,1.5,8,SimpleAugmentingMatcher,-1,na,matching_size,400
U3,400,1.5,8,HopcroftKarpMatcher,0,na,paths_found_per_phase,388
U3,400,1.5,8,HopcroftKarpMatcher,0,na,bfs_edges_visited,8000
U3,400,1.5,8,HopcroftKarpMatcher,0,na,dfs_edges_visited,4054
U3,400,1.5,8,HopcroftKarpMatcher,0,na,defect_at_iteration,12
U3,400,1.5,8,HopcroftKarpMatcher,1,na,paths_found_per_phase,12
U3,400,1.5,8,HopcroftKarpMatcher,1,na,bfs_edges_visited,3779
U3,400,1.5,8,HopcroftKarpMatcher,1,na,dfs_edges_visited,2349
U3,400,1.5,8,HopcroftKarpMatcher,1,na,defect_at_iteration,0
U3,400,1.5,8,HopcroftKarpMatcher,-1,na,phase_count,2
U3,400,1.5,8,HopcroftKarpMatcher,-1,na,main_loop_iters,2
U3,400,1.5,8,HopcroftKarpMatcher,-1,na,total_bfs_edges_visited,11779
U3,400,1.5,8,HopcroftKarpMatcher,-1,na,total_edges_visited,18182
U3,400,1.5,8,HopcroftKarpMatcher,-1,na,matching_size,400
U3,400,1.5,8,HopcroftKarpMatcher,-1,na,wall_clock_ms,0.572453
U3,400,1.5,8,HopcroftKarpMatcher,-1,na,matching_size,400
U3,3200,1.25,17,SimpleAugmentingMatcher,-1,na,wall_clock_ms,896.922
U3,3200,1.25,17,SimpleAugmentingMatcher,-1,na,matching_size,3195
U3,3200,1.25,17,HopcroftKarpMatcher,0,na,paths_found_per_phase,2918
U3,3200,1.25,17,HopcroftKarpMatcher,0,na,bfs_edges_visited,24067
U3,3200,1.25,17,HopcroftKarpMatcher,0,na,dfs_edges_visited,12291
U3,3200,1.25,17,HopcroftKarpMatcher,0,na,defect_at_iteration,282
U3,3200,1.25,17,HopcroftKarpMatcher,1,na,paths_found_per_phase,253
U3,3200,1.25,17,HopcroftKarpMatcher,1,na,bfs_edges_visited,11484
U3,3200,1.25,17,HopcroftKarpMatcher,1,na,dfs_edges_visited,10417
U3,3200,1.25,17,HopcroftKarpMatcher,1,na,defect_at_iteration,29
U3,3200,1.25,17,HopcroftKarpMatcher,2,na,paths_found_per_phase,20
U3,3200,1.25,17,HopcroftKarpMatcher,2,na,bfs_edges_visited,6038
U3,3200,1.25,17,HopcroftKarpMatcher,2,na,dfs_edges_visited,10791
U3,3200,1.25,17,HopcroftKarpMatcher,2,na,defect_at_iteration,9
U3,3200,1.25,17,HopcroftKarpMatcher,3,na,paths_found_per_phase,4
U3,3200,1.25,17,HopcroftKarpMatcher,3,na,bfs_edges_visited,6214
U3,3200,1.25,17,HopcroftKarpMatcher,3,na,dfs_edges_visited,3539
U3,3200,1.25,17,HopcroftKarpMatcher,3,na,defect_at_iteration,5
U3,3200,1.25,17,HopcroftKarpMatcher,-1,na,phase_count,4
U3,3200,1.25,17,HopcroftKarpMatcher,-1,na,main_loop_iters,4
U3,3200,1.25,17,HopcroftKarpMatcher,-1,na,total_bfs_edges_visited,47803
U3,3200,1.25,17,HopcroftKarpMatcher,-1,na,total_edges_visited,84841
U3,3200,1.25,17,HopcroftKarpMatcher,-1,na,matching_size,3195
U3,3200,1.25,17,HopcroftKarpMatcher,-1,na,wall_clock_ms,35.9869
U3,3200,1.25,17,HopcroftKarpMatcher,-1,na,matching_size,3195
U3,1600,1,11,SimpleAugmentingMatcher,-1,na,wall_clock_ms,2.41729
U3,1600,1,11,SimpleAugmentingMatcher,-1,na,matching_size,870
U3,1600,1,11,HopcroftKarpMatcher,0,na,paths_found_per_phase,810
U3,1600,1,11,HopcroftKarpMatcher,0,na,bfs_edges_visited,1600
U3,1600,1,11,HopcroftKarpMatcher,0,na,dfs_edges_visited,1154
U3,1600,1,11,HopcroftKarpMatcher,0,na,defect_at_iteration,790
U3,1600,1,11,HopcroftKarpMatcher,1,na,paths_found_per_phase,56
U3,1600,1,11,HopcroftKarpMatcher,1,na,bfs_edges_visited,575
U3,1600,1,11,HopcroftKarpMatcher,1,na,dfs_edges_visited,600
U3,1600,1,11,HopcroftKarpMatcher,1,na,defect_at_iteration,734
U3,1600,1,11,HopcroftKarpMatcher,2,na,paths_found_per_phase,3
U3,1600,1,11,HopcroftKarpMatcher,2,na,bfs_edges_visited,439
U3,1600,1,11,HopcroftKarpMatcher,2,na,dfs_edges_visited,443
U3,1600,1,11,HopcroftKarpMatcher,2,na,defect_at_iteration,731
U3,1600,1,11,HopcroftKarpMatcher,3,na,paths_found_per_phase,1
U3,1600,1,11,HopcroftKarpMatcher,3,na,bfs_edges_visited,421
U3,1600,1,11,HopcroftKarpMatcher,3,na,dfs_edges_visited,419
U3,1600,1,11,HopcroftKarpMatcher,3,na,defect_at_iteration,730
U3,1600,1,11,HopcroftKarpMatcher,-1,na,phase_count,4
U3,1600,1,11,HopcroftKarpMatcher,-1,na,main_loop_iters,4
U3,1600,1,11,HopcroftKarpMatcher,-1,na,total_bfs_edges_visited,3035
U3,1600,1,11,HopcroftKarpMatcher,-1,na,total_edges_visited,5651
U3,1600,1,11,HopcroftKarpMatcher,-1,na,matching_size,870
U3,1600,1,11,HopcroftKarpMatcher,-1,na,wall_clock_ms,14.545
U3,1600,1,11,HopcroftKarpMatcher,-1,na,matching_size,870
U3,400,2,16,SimpleAugmentingMatcher,-1,na,wall_clock_ms,14.4002
U3,400,2,16,SimpleAugmentingMatcher,-1,na,matching_size,400
U3,400,2,16,HopcroftKarpMatcher,0,na,paths_found_per_phase,400
U3,400,2,16,HopcroftKarpMatcher,0,na,bfs_edges_visited,160000
U3,400,2,16,HopcroftKarpMatcher,0,na,dfs_edges_visited,80200
U3,400,2,16,HopcroftKarpMatcher,0,na,defect_at_iteration,0
U3,400,2,16,HopcroftKarpMatcher,-1,na,phase_count,1
U3,400,2,16,HopcroftKarpMatcher,-1,na,main_loop_iters,1
U3,400,2,16,HopcroftKarpMatcher,-1,na,total_bfs_edges_visited,160000
U3,400,2,16,HopcroftKarpMatcher,-1,na,total_edges_visited,240200
U3,400,2,16,HopcroftKarpMatcher,-1,na,matching_size,400
U3,400,2,16,HopcroftKarpMatcher,-1,na,wall_clock_ms,0.329689
U3,400,2,16,HopcroftKarpMatcher,-1,na,matching_size,400
U3,100,1.25,14,SimpleAugmentingMatcher,-1,na,wall_clock_ms,0.068546
U3,100,1.25,14,SimpleAugmentingMatcher,-1,na,matching_size,92
U3,100,1.25,14,HopcroftKarpMatcher,0,na,paths_found_per_phase,76
U3,100,1.25,14,HopcroftKarpMatcher,0,na,bfs_edges_visited,316
U3,100,1.25,14,HopcroftKarpMatcher,0,na,dfs_edges_visited,180
U3,100,1.25,14,HopcroftKarpMatcher,0,na,defect_at_iteration,24
U3,100,1.25,14,HopcroftKarpMatcher,1,na,paths_found_per_phase,11
U3,100,1.25,14,HopcroftKarpMatcher,1,na,bfs_edges_visited,162
U3,100,1.25,14,HopcroftKarpMatcher,1,na,dfs_edges_visited,171
U3,100,1.25,14,HopcroftKarpMatcher,1,na,defect_at_iteration,13
U3,100,1.25,14,HopcroftKarpMatcher,2,na,paths_found_per_phase,3
U3,100,1.25,14,HopcroftKarpMatcher,2,na,bfs_edges_visited,155
U3,100,1.25,14,HopcroftKarpMatcher,2,na,dfs_edges_visited,135
U3,100,1.25,14,HopcroftKarpMatcher,2,na,defect_at_iteration,10
U3,100,1.25,14,HopcroftKarpMatcher,3,na,paths_found_per_phase,1
U3,100,1.25,14,HopcroftKarpMatcher,3,na,bfs_edges_visited,243
U3,100,1.25,14,HopcroftKarpMatcher,3,na,dfs_edges_visited,111
U3,100,1.25,14,HopcroftKarpMatcher,3,na,defect_at_iteration,9
U3,100,1.25,14,HopcroftKarpMatcher,4,na,paths_found_per_phase,1
U3,100,1.25,14,HopcroftKarpMatcher,4,na,bfs_edges_visited,222
U3,100,1.25,14,HopcroftKarpMatcher,4,na,dfs_edges_visited,104
U3,100,1.25,14,HopcroftKarpMatcher,4,na,defect_at_iteration,8
U3,100,1.25,14,HopcroftKarpMatcher,-1,na,phase_count,5
U3,100,1.25,14,HopcroftKarpMatcher,-1,na,main_loop_iters,5
U3,100,1.25,14,HopcroftKarpMatcher,-1,na,total_bfs_edges_visited,1098
U3,100,1.25,14,HopcroftKarpMatcher,-1,na,total_edges_visited,1799
U3,100,1.25,14,HopcroftKarpMatcher,-1,na,matching_size,92
U3,100,1.25,14,HopcroftKarpMatcher,-1,na,wall_clock_ms,0.099754
U3,100,1.25,14,HopcroftKarpMatcher,-1,na,matching_size,92
U3,200,1.25,5,SimpleAugmentingMatcher,-1,na,wall_clock_ms,0.734063
U3,200,1.25,5,SimpleAugmentingMatcher,-1,na,matching_size,189
U3,200,1.25,5,HopcroftKarpMatcher,0,na,paths_found_per_phase,155
U3,200,1.25,5,HopcroftKarpMatcher,0,na,bfs_edges_visited,752
U3,200,1.25,5,HopcroftKarpMatcher,0,na,dfs_edges_visited,401
U3,200,1.25,5,HopcroftKarpMatcher,0,na,defect_at_iteration,45
U3,200,1.25,5,HopcroftKarpMatcher,1,na,paths_found_per_phase,29
U3,200,1.25,5,HopcroftKarpMatcher,1,na,bfs_edges_visited,425
U3,200,1.25,5,HopcroftKarpMatcher,1,na,dfs_edges_visited,422
U3,200,1.25,5,HopcroftKarpMatcher,1,na,defect_at_iteration,16
U3,200,1.25,5,HopcroftKarpMatcher,2,na,paths_found_per_phase,3
U3,200,1.25,5,HopcroftKarpMatcher,2,na,bfs_edges_visited,174
U3,200,1.25,5,HopcroftKarpMatcher,2,na,dfs_edges_visited,285
U3,200,1.25,5,HopcroftKarpMatcher,2,na,defect_at_iteration,13
U3,200,1.25,5,HopcroftKarpMatcher,3,na,paths_found_per_phase,2
U3,200,1.25,5,HopcroftKarpMatcher,3,na,bfs_edges_visited,433
U3,200,1.25,5,HopcroftKarpMatcher,3,na,dfs_edges_visited,486
U3,200,1.25,5,HopcroftKarpMatcher,3,na,defect_at_iteration,11
U3,200,1.25,5,HopcroftKarpMatcher,-1,na,phase_count,4
U3,200,1.25,5,HopcroftKarpMatcher,-1,na,main_loop_iters,4
U3,200,1.25,5,HopcroftKarpMatcher,-1,na,total_bfs_edges_visited,1784
U3,200,1.25,5,HopcroftKarpMatcher,-1,na,total_edges_visited,3378
U3,200,1.25,5,HopcroftKarpMatcher,-1,na,matching_size,189
U3,200,1.25,5,HopcroftKarpMatcher,-1,na,wall_clock_ms,0.287129
U3,200,1.25,5,HopcroftKarpMatcher,-1,na,matching_size,189
U3,800,1.75,19,SimpleAugmentingMatcher,-1,na,wall_clock_ms,227.851
U3,800,1.75,19,SimpleAugmentingMatcher,-1,na,matching_size,800
U3,800,1.75,19,HopcroftKarpMatcher,0,na,paths_found_per_phase,797
U3,800,1.75,19,HopcroftKarpMatcher,0,na,bfs_edges_visited,120339
U3,800,1.75,19,HopcroftKarpMatcher,0,na,dfs_edges_visited,60267
U3,800,1.75,19,HopcroftKarpMatcher,0,na,defect_at_iteration,3
U3,800,1.75,19,HopcroftKarpMatcher,1,na,paths_found_per_phase,3
U3,800,1.75,19,HopcroftKarpMatcher,1,na,bfs_edges_visited,49413
U3,800,1.75,19,HopcroftKarpMatcher,1,na,dfs_edges_visited,1262
U3,800,1.75,19,HopcroftKarpMatcher,1,na,defect_at_iteration,0
U3,800,1.75,19,HopcroftKarpMatcher,-1,na,phase_count,2
U3,800,1.75,19,HopcroftKarpMatcher,-1,na,main_loop_iters,2
U3,800,1.75,19,HopcroftKarpMatcher,-1,na,total_bfs_edges_visited,169752
U3,800,1.75,19,HopcroftKarpMatcher,-1,na,total_edges_visited,231281
U3,800,1.75,19,HopcroftKarpMatcher,-1,na,matching_size,800
U3,800,1.75,19,HopcroftKarpMatcher,-1,na,wall_clock_ms,3.50744
U3,800,1.75,19,HopcroftKarpMatcher,-1,na,matching_size,800
U3,800,2,4,SimpleAugmentingMatcher,-1,na,wall_clock_ms,112.363
U3,800,2,4,SimpleAugmentingMatcher,-1,na,matching_size,800
U3,800,2,4,HopcroftKarpMatcher,0,na,paths_found_per_phase,800
U3,800,2,4,HopcroftKarpMatcher,0,na,bfs_edges_visited,640000
U3,800,2,4,HopcroftKarpMatcher,0,na,dfs_edges_visited,320400
U3,800,2,4,HopcroftKarpMatcher,0,na,defect_at_iteration,0
U3,800,2,4,HopcroftKarpMatcher,-1,na,phase_count,1
U3,800,2,4,HopcroftKarpMatcher,-1,na,main_loop_iters,1
U3,800,2,4,HopcroftKarpMatcher,-1,na,total_bfs_edges_visited,640000
U3,800,2,4,HopcroftKarpMatcher,-1,na,total_edges_visited,960400
U3,800,2,4,HopcroftKarpMatcher,-1,na,matching_size,800
U3,800,2,4,HopcroftKarpMatcher,-1,na,wall_clock_ms,1.28933
U3,800,2,4,HopcroftKarpMatcher,-1,na,matching_size,800
U3,200,1,10,SimpleAugmentingMatcher,-1,na,wall_clock_ms,0.039947
U3,200,1,10,SimpleAugmentingMatcher,-1,na,matching_size,108
U3,200,1,10,HopcroftKarpMatcher,0,na,paths_found_per_phase,103
U3,200,1,10,HopcroftKarpMatcher,0,na,bfs_edges_visited,200
U3,200,1,10,HopcroftKarpMatcher,0,na,dfs_edges_visited,136
U3,200,1,10,HopcroftKarpMatcher,0,na,defect_at_iteration,97
U3,200,1,10,HopcroftKarpMatcher,1,na,paths_found_per_phase,5
U3,200,1,10,HopcroftKarpMatcher,1,na,bfs_edges_visited,49
U3,200,1,10,HopcroftKarpMatcher,1,na,dfs_edges_visited,53
U3,200,1,10,HopcroftKarpMatcher,1,na,defect_at_iteration,92
U3,200,1,10,HopcroftKarpMatcher,-1,na,phase_count,2
U3,200,1,10,HopcroftKarpMatcher,-1,na,main_loop_iters,2
U3,200,1,10,HopcroftKarpMatcher,-1,na,total_bfs_edges_visited,249
U3,200,1,10,HopcroftKarpMatcher,-1,na,total_edges_visited,438
U3,200,1,10,HopcroftKarpMatcher,-1,na,matching_size,108
U3,200,1,10,HopcroftKarpMatcher,-1,na,wall_clock_ms,0.155668
U3,200,1,10,HopcroftKarpMatcher,-1,na,matching_size,108
U3,1600,1.25,14,SimpleAugmentingMatcher,-1,na,wall_clock_ms,129.091
U3,1600,1.25,14,SimpleAugmentingMatcher,-1,na,matching_size,1596
U3,1600,1.25,14,HopcroftKarpMatcher,0,na,paths_found_per_phase,1433
U3,1600,1.25,14,HopcroftKarpMatcher,0,na,bfs_edges_visited,10119
U3,1600,1.25,14,HopcroftKarpMatcher,0,na,dfs_edges_visited,5311
U3,1600,1.25,14,HopcroftKarpMatcher,0,na,defect_at_iteration,167
U3,1600,1.25,14,HopcroftKarpMatcher,1,na,paths_found_per_phase,143
U3,1600,1.25,14,HopcroftKarpMatcher,1,na,bfs_edges_visited,4642
U3,1600,1.25,14,HopcroftKarpMatcher,1,na,dfs_edges_visited,4819
U3,1600,1.25,14,HopcroftKarpMatcher,1,na,defect_at_iteration,24
U3,1600,1.25,14,HopcroftKarpMatcher,2,na,paths_found_per_phase,17
U3,1600,1.25,14,HopcroftKarpMatcher,2,na,bfs_edges_visited,2269
U3,1600,1.25,14,HopcroftKarpMatcher,2,na,dfs_edges_visited,3209
U3,1600,1.25,14,HopcroftKarpMatcher,2,na,defect_at_iteration,7
U3,1600,1.25,14,HopcroftKarpMatcher,3,na,paths_found_per_phase,2
U3,1600,1.25,14,HopcroftKarpMatcher,3,na,bfs_edges_visited,1144
U3,1600,1.25,14,HopcroftKarpMatcher,3,na,dfs_edges_visited,2567
U3,1600,1.25,14,HopcroftKarpMatcher,3,na,defect_at_iteration,5
U3,1600,1.25,14,HopcroftKarpMatcher,4,na,paths_found_per_phase,1
U3,1600,1.25,14,HopcroftKarpMatcher,4,na,bfs_edges_visited,5962
U3,1600,1.25,14,HopcroftKarpMatcher,4,na,dfs_edges_visited,2186
U3,1600,1.25,14,HopcroftKarpMatcher,4,na,defect_at_iteration,4
U3,1600,1.25,14,HopcroftKarpMatcher,-1,na,phase_count,5
U3,1600,1.25,14,HopcroftKarpMatcher,-1,na,main_loop_iters,5
U3,1600,1.25,14,HopcroftKarpMatcher,-1,na,total_bfs_edges_visited,24136
U3,1600,1.25,14,HopcroftKarpMatcher,-1,na,total_edges_visited,42228
U3,1600,1.25,14,HopcroftKarpMatcher,-1,na,matching_size,1596
U3,1600,1.25,14,HopcroftKarpMatcher,-1,na,wall_clock_ms,10.9428
U3,1600,1.25,14,HopcroftKarpMatcher,-1,na,matching_size,1596
U3,3200,1.25,7,SimpleAugmentingMatcher,-1,na,wall_clock_ms,954.972
U3,3200,1.25,7,SimpleAugmentingMatcher,-1,na,matching_size,3198
U3,3200,1.25,7,HopcroftKarpMatcher,0,na,paths_found_per_phase,2904
U3,3200,1.25,7,HopcroftKarpMatcher,0,na,bfs_edges_visited,24067
U3,3200,1.25,7,HopcroftKarpMatcher,0,na,dfs_edges_visited,12335
U3,3200,1.25,7,HopcroftKarpMatcher,0,na,defect_at_iteration,296
U3,3200,1.25,7,HopcroftKarpMatcher,1,na,paths_found_per_phase,273
U3,3200,1.25,7,HopcroftKarpMatcher,1,na,bfs_edges_visited,11562
U3,3200,1.25,7,HopcroftKarpMatcher,1,na,dfs_edges_visited,11563
U3,3200,1.25,7,HopcroftKarpMatcher,1,na,defect_at_iteration,23
U3,3200,1.25,7,HopcroftKarpMatcher,2,na,paths_found_per_phase,20
U3,3200,1.25,7,HopcroftKarpMatcher,2,na,bfs_edges_visited,5930
U3,3200,1.25,7,HopcroftKarpMatcher,2,na,dfs_edges_visited,8681
U3,3200,1.25,7,HopcroftKarpMatcher,2,na,defect_at_iteration,3
U3,3200,1.25,7,HopcroftKarpMatcher,3,na,paths_found_per_phase,1
U3,3200,1.25,7,HopcroftKarpMatcher,3,na,bfs_edges_visited,2039
U3,3200,1.25,7,HopcroftKarpMatcher,3,na,dfs_edges_visited,554
U3,3200,1.25,7,HopcroftKarpMatcher,3,na,defect_at_iteration,2
U3,3200,1.25,7,HopcroftKarpMatcher,-1,na,phase_count,4
U3,3200,1.25,7,HopcroftKarpMatcher,-1,na,main_loop_iters,4
U3,3200,1.25,7,HopcroftKarpMatcher,-1,na,total_bfs_edges_visited,43598
U3,3200,1.25,7,HopcroftKarpMatcher,-1,na,total_edges_visited,76731
U3,3200,1.25,7,HopcroftKarpMatcher,-1,na,matching_size,3198
U3,3200,1.25,7,HopcroftKarpMatcher,-1,na,wall_clock_ms,32.5074
U3,3200,1.25,7,HopcroftKarpMatcher,-1,na,matching_size,3198
U3,6400,1.5,12,SimpleAugmentingMatcher,-1,na,wall_clock_ms,39555.9
U3,6400,1.5,12,SimpleAugmentingMatcher,-1,na,matching_size,6400
U3,6400,1.5,12,HopcroftKarpMatcher,0,na,paths_found_per_phase,6343
U3,6400,1.5,12,HopcroftKarpMatcher,0,na,bfs_edges_visited,512000
U3,6400,1.5,12,HopcroftKarpMatcher,0,na,dfs_edges_visited,256440
U3,6400,1.5,12,HopcroftKarpMatcher,0,na,defect_at_iteration,57
U3,6400,1.5,12,HopcroftKarpMatcher,1,na,paths_found_per_phase,57
U3,6400,1.5,12,HopcroftKarpMatcher,1,na,bfs_edges_visited,263317
U3,6400,1.5,12,HopcroftKarpMatcher,1,na,dfs_edges_visited,28028
U3,6400,1.5,12,HopcroftKarpMatcher,1,na,defect_at_iteration,0
U3,6400,1.5,12,HopcroftKarpMatcher,-1,na,phase_count,2
U3,6400,1.5,12,HopcroftKarpMatcher,-1,na,main_loop_iters,2
U3,6400,1.5,12,HopcroftKarpMatcher,-1,na,total_bfs_edges_visited,775317
U3,6400,1.5,12,HopcroftKarpMatcher,-1,na,total_edges_visited,1.05978e+06
U3,6400,1.5,12,HopcroftKarpMatcher,-1,na,matching_size,6400
U3,6400,1.5,12,HopcroftKarpMatcher,-1,na,wall_clock_ms,92.4886
U3,6400,1.5,12,HopcroftKarpMatcher,-1,na,matching_size,6400
U3,3200,1.5,10,SimpleAugmentingMatcher,-1,na,wall_clock_ms,4875.28
U3,3200,1.5,10,SimpleAugmentingMatcher,-1,na,matching_size,3200
U3,3200,1.5,10,HopcroftKarpMatcher,0,na,paths_found_per_phase,3164
U3,3200,1.5,10,HopcroftKarpMatcher,0,na,bfs_edges_visited,181019
U3,3200,1.5,10,HopcroftKarpMatcher,0,na,dfs_edges_visited,90470
U3,3200,1.5,10,HopcroftKarpMatcher,0,na,defect_at_iteration,36
U3,3200,1.5,10,HopcroftKarpMatcher,1,na,paths_found_per_phase,36
U3,3200,1.5,10,HopcroftKarpMatcher,1,na,bfs_edges_visited,89768
U3,3200,1.5,10,HopcroftKarpMatcher,1,na,dfs_edges_visited,13045
U3,3200,1.5,10,HopcroftKarpMatcher,1,na,defect_at_iteration,0
U3,3200,1.5,10,HopcroftKarpMatcher,-1,na,phase_count,2
U3,3200,1.5,10,HopcroftKarpMatcher,-1,na,main_loop_iters,2
U3,3200,1.5,10,HopcroftKarpMatcher,-1,na,total_bfs_edges_visited,270787
U3,3200,1.5,10,HopcroftKarpMatcher,-1,na,total_edges_visited,374302
U3,3200,1.5,10,HopcroftKarpMatcher,-1,na,matching_size,3200
U3,3200,1.5,10,HopcroftKarpMatcher,-1,na,wall_clock_ms,24.2201
U3,3200,1.5,10,HopcroftKarpMatcher,-1,na,matching_size,3200
U3,800,1.75,13,SimpleAugmentingMatcher,-1,na,wall_clock_ms,227.738
U3,800,1.75,13,SimpleAugmentingMatcher,-1,na,matching_size,800
U3,800,1.75,13,HopcroftKarpMatcher,0,na,paths_found_per_phase,797
U3,800,1.75,13,HopcroftKarpMatcher,0,na,bfs_edges_visited,120339
U3,800,1.75,13,HopcroftKarpMatcher,0,na,dfs_edges_visited,60199
U3,800,1.75,13,HopcroftKarpMatcher,0,na,defect_at_iteration,3
U3,800,1.75,13,HopcroftKarpMatcher,1,na,paths_found_per_phase,3
U3,800,1.75,13,HopcroftKarpMatcher,1,na,bfs_edges_visited,57158
U3,800,1.75,13,HopcroftKarpMatcher,1,na,dfs_edges_visited,912
U3,800,1.75,13,HopcroftKarpMatcher,1,na,defect_at_iteration,0
U3,800,1.75,13,HopcroftKarpMatcher,-1,na,phase_count,2
U3,800,1.75,13,HopcroftKarpMatcher,-1,na,main_loop_iters,2
U3,800,1.75,13,HopcroftKarpMatcher,-1,na,total_bfs_edges_visited,177497
U3,800,1.75,13,HopcroftKarpMatcher,-1,na,total_edges_visited,238608
U3,800,1.75,13,HopcroftKarpMatcher,-1,na,matching_size,800
U3,800,1.75,13,HopcroftKarpMatcher,-1,na,wall_clock_ms,3.68494
U3,800,1.75,13,HopcroftKarpMatcher,-1,na,matching_size,800
U3,1600,1.5,16,SimpleAugmentingMatcher,-1,na,wall_clock_ms,601.622
U3,1600,1.5,16,SimpleAugmentingMatcher,-1,na,matching_size,1600
U3,1600,1.5,16,HopcroftKarpMatcher,0,na,paths_found_per_phase,1573
U3,1600,1.5,16,HopcroftKarpMatcher,0,na,bfs_edges_visited,64000
U3,1600,1.5,16,HopcroftKarpMatcher,0,na,dfs_edges_visited,32109
U3,1600,1.5,16,HopcroftKarpMatcher,0,na,defect_at_iteration,27
U3,1600,1.5,16,HopcroftKarpMatcher,1,na,paths_found_per_phase,27
U3,1600,1.5,16,HopcroftKarpMatcher,1,na,bfs_edges_visited,31232
U3,1600,1.5,16,HopcroftKarpMatcher,1,na,dfs_edges_visited,5622
U3,1600,1.5,16,HopcroftKarpMatcher,1,na,defect_at_iteration,0
U3,1600,1.5,16,HopcroftKarpMatcher,-1,na,phase_count,2
U3,1600,1.5,16,HopcroftKarpMatcher,-1,na,main_loop_iters,2
U3,1600,1.5,16,HopcroftKarpMatcher,-1,na,total_bfs_edges_visited,95232
U3,1600,1.5,16,HopcroftKarpMatcher,-1,na,total_edges_visited,132963
U3,1600,1.5,16,HopcroftKarpMatcher,-1,na,matching_size,1600
U3,1600,1.5,16,HopcroftKarpMatcher,-1,na,wall_clock_ms,6.49767
U3,1600,1.5,16,HopcroftKarpMatcher,-1,na,matching_size,1600
U3,200,1.25,2,SimpleAugmentingMatcher,-1,na,wall_clock_ms,0.690003
U3,200,1.25,2,SimpleAugmentingMatcher,-1,na,matching_size,192
U3,200,1.25,2,HopcroftKarpMatcher,0,na,paths_found_per_phase,162
U3,200,1.25,2,HopcroftKarpMatcher,0,na,bfs_edges_visited,752
U3,200,1.25,2,HopcroftKarpMatcher,0,na,dfs_edges_visited,419
U3,200,1.25,2,HopcroftKarpMatcher,0,na,defect_at_iteration,38
U3,200,1.25,2,HopcroftKarpMatcher,1,na,paths_found_per_phase,26
U3,200,1.25,2,HopcroftKarpMatcher,1,na,bfs_edges_visited,381
U3,200,1.25,2,HopcroftKarpMatcher,1,na,dfs_edges_visited,432
U3,200,1.25,2,HopcroftKarpMatcher,1,na,defect_at_iteration,12
U3,200,1.25,2,HopcroftKarpMatcher,2,na,paths_found_per_phase,3
U3,200,1.25,2,HopcroftKarpMatcher,2,na,bfs_edges_visited,208
U3,200,1.25,2,HopcroftKarpMatcher,2,na,dfs_edges_visited,224
U3,200,1.25,2,HopcroftKarpMatcher,2,na,defect_at_iteration,9
U3,200,1.25,2,HopcroftKarpMatcher,3,na,paths_found_per_phase,1
U3,200,1.25,2,HopcroftKarpMatcher,3,na,bfs_edges_visited,504
U3,200,1.25,2,HopcroftKarpMatcher,3,na,dfs_edges_visited,552
U3,200,1.25,2,HopcroftKarpMatcher,3,na,defect_at_iteration,8
U3,200,1.25,2,HopcroftKarpMatcher,-1,na,phase_count,4
U3,200,1.25,2,HopcroftKarpMatcher,-1,na,main_loop_iters,4
U3,200,1.25,2,HopcroftKarpMatcher,-1,na,total_bfs_edges_visited,1845
U3,200,1.25,2,HopcroftKarpMatcher,-1,na,total_edges_visited,3472
U3,200,1.25,2,HopcroftKarpMatcher,-1,na,matching_size,192
U3,200,1.25,2,HopcroftKarpMatcher,-1,na,wall_clock_ms,0.289864
U3,200,1.25,2,HopcroftKarpMatcher,-1,na,matching_size,192
U3,3200,1,7,SimpleAugmentingMatcher,-1,na,wall_clock_ms,9.19626
U3,3200,1,7,SimpleAugmentingMatcher,-1,na,matching_size,1753
U3,3200,1,7,HopcroftKarpMatcher,0,na,paths_found_per_phase,1648
U3,3200,1,7,HopcroftKarpMatcher,0,na,bfs_edges_visited,3200
U3,3200,1,7,HopcroftKarpMatcher,0,na,dfs_edges_visited,2308
U3,3200,1,7,HopcroftKarpMatcher,0,na,defect_at_iteration,1552
U3,3200,1,7,HopcroftKarpMatcher,1,na,paths_found_per_phase,100
U3,3200,1,7,HopcroftKarpMatcher,1,na,bfs_edges_visited,1079
U3,3200,1,7,HopcroftKarpMatcher,1,na,dfs_edges_visited,1092
U3,3200,1,7,HopcroftKarpMatcher,1,na,defect_at_iteration,1452
U3,3200,1,7,HopcroftKarpMatcher,2,na,paths_found_per_phase,4
U3,3200,1,7,HopcroftKarpMatcher,2,na,bfs_edges_visited,776
U3,3200,1,7,HopcroftKarpMatcher,2,na,dfs_edges_visited,774
U3,3200,1,7,HopcroftKarpMatcher,2,na,defect_at_iteration,1448
U3,3200,1,7,HopcroftKarpMatcher,3,na,paths_found_per_phase,1
U3,3200,1,7,HopcroftKarpMatcher,3,na,bfs_edges_visited,744
U3,3200,1,7,HopcroftKarpMatcher,3,na,dfs_edges_visited,736
U3,3200,1,7,HopcroftKarpMatcher,3,na,defect_at_iteration,1447
U3,3200,1,7,HopcroftKarpMatcher,-1,na,phase_count,4
U3,3200,1,7,HopcroftKarpMatcher,-1,na,main_loop_iters,4
U3,3200,1,7,HopcroftKarpMatcher,-1,na,total_bfs_edges_visited,5799
U3,3200,1,7,HopcroftKarpMatcher,-1,na,total_edges_visited,10709
U3,3200,1,7,HopcroftKarpMatcher,-1,na,matching_size,1753
U3,3200,1,7,HopcroftKarpMatcher,-1,na,wall_clock_ms,56.5769
U3,3200,1,7,HopcroftKarpMatcher,-1,na,matching_size,1753
U3,6400,1.25,4,SimpleAugmentingMatcher,-1,na,wall_clock_ms,8206.21
U3,6400,1.25,4,SimpleAugmentingMatcher,-1,na,matching_size,6399
U3,6400,1.25,4,HopcroftKarpMatcher,0,na,paths_found_per_phase,5902
U3,6400,1.25,4,HopcroftKarpMatcher,0,na,bfs_edges_visited,57243
U3,6400,1.25,4,HopcroftKarpMatcher,0,na,dfs_edges_visited,29200
U3,6400,1.25,4,HopcroftKarpMatcher,0,na,defect_at_iteration,498
U3,6400,1.25,4,HopcroftKarpMatcher,1,na,paths_found_per_phase,475
U3,6400,1.25,4,HopcroftKarpMatcher,1,na,bfs_edges_visited,28344
U3,6400,1.25,4,HopcroftKarpMatcher,1,na,dfs_edges_visited,24908
U3,6400,1.25,4,HopcroftKarpMatcher,1,na,defect_at_iteration,23
U3,6400,1.25,4,HopcroftKarpMatcher,2,na,paths_found_per_phase,18
U3,6400,1.25,4,HopcroftKarpMatcher,2,na,bfs_edges_visited,10208
U3,6400,1.25,4,HopcroftKarpMatcher,2,na,dfs_edges_visited,18689
U3,6400,1.25,4,HopcroftKarpMatcher,2,na,defect_at_iteration,5
U3,6400,1.25,4,HopcroftKarpMatcher,3,na,paths_found_per_phase,3
U3,6400,1.25,4,HopcroftKarpMatcher,3,na,bfs_edges_visited,44504
U3,6400,1.25,4,HopcroftKarpMatcher,3,na,dfs_edges_visited,39865
U3,6400,1.25,4,HopcroftKarpMatcher,3,na,defect_at_iteration,2
U3,6400,1.25,4,HopcroftKarpMatcher,4,na,paths_found_per_phase,1
U3,6400,1.25,4,HopcroftKarpMatcher,4,na,bfs_edges_visited,54975
U3,6400,1.25,4,HopcroftKarpMatcher,4,na,dfs_edges_visited,52634
U3,6400,1.25,4,HopcroftKarpMatcher,4,na,defect_at_iteration,1
U3,6400,1.25,4,HopcroftKarpMatcher,-1,na,phase_count,5
U3,6400,1.25,4,HopcroftKarpMatcher,-1,na,main_loop_iters,5
U3,6400,1.25,4,HopcroftKarpMatcher,-1,na,total_bfs_edges_visited,195274
U3,6400,1.25,4,HopcroftKarpMatcher,-1,na,total_edges_visited,360570
U3,6400,1.25,4,HopcroftKarpMatcher,-1,na,matching_size,6399
U3,6400,1.25,4,HopcroftKarpMatcher,-1,na,wall_clock_ms,293.493
U3,6400,1.25,4,HopcroftKarpMatcher,-1,na,matching_size,6399
U3,1600,1.5,3,SimpleAugmentingMatcher,-1,na,wall_clock_ms,604.647
U3,1600,1.5,3,SimpleAugmentingMatcher,-1,na,matching_size,1600
U3,1600,1.5,3,HopcroftKarpMatcher,0,na,paths_found_per_phase,1575
U3,1600,1.5,3,HopcroftKarpMatcher,0,na,bfs_edges_visited,64000
U3,1600,1.5,3,HopcroftKarpMatcher,0,na,dfs_edges_visited,32043
U3,1600,1.5,3,HopcroftKarpMatcher,0,na,defect_at_iteration,25
U3,1600,1.5,3,HopcroftKarpMatcher,1,na,paths_found_per_phase,25
U3,1600,1.5,3,HopcroftKarpMatcher,1,na,bfs_edges_visited,28550
U3,1600,1.5,3,HopcroftKarpMatcher,1,na,dfs_edges_visited,9751
U3,1600,1.5,3,HopcroftKarpMatcher,1,na,defect_at_iteration,0
U3,1600,1.5,3,HopcroftKarpMatcher,-1,na,phase_count,2
U3,1600,1.5,3,HopcroftKarpMatcher,-1,na,main_loop_iters,2
U3,1600,1.5,3,HopcroftKarpMatcher,-1,na,total_bfs_edges_visited,92550
U3,1600,1.5,3,HopcroftKarpMatcher,-1,na,total_edges_visited,134344
U3,1600,1.5,3,HopcroftKarpMatcher,-1,na,matching_size,1600
U3,1600,1.5,3,HopcroftKarpMatcher,-1,na,wall_clock_ms,6.55339
U3,1600,1.5,3,HopcroftKarpMatcher,-1,na,matching_size,1600
U3,100,1,8,SimpleAugmentingMatcher,-1,na,wall_clock_ms,0.013718
U3,100,1,8,SimpleAugmentingMatcher,-1,na,matching_size,55
U3,100,1,8,HopcroftKarpMatcher,0,na,paths_found_per_phase,54
U3,100,1,8,HopcroftKarpMatcher,0,na,bfs_edges_visited,100
U3,100,1,8,HopcroftKarpMatcher,0,na,dfs_edges_visited,79
U3,100,1,8,HopcroftKarpMatcher,0,na,defect_at_iteration,46
U3,100,1,8,HopcroftKarpMatcher,1,na,paths_found_per_phase,1
U3,100,1,8,HopcroftKarpMatcher,1,na,bfs_edges_visited,42
U3,100,1,8,HopcroftKarpMatcher,1,na,dfs_edges_visited,44
U3,100,1,8,HopcroftKarpMatcher,1,na,defect_at_iteration,45
U3,100,1,8,HopcroftKarpMatcher,-1,na,phase_count,2
U3,100,1,8,HopcroftKarpMatcher,-1,na,main_loop_iters,2
U3,100,1,8,HopcroftKarpMatcher,-1,na,total_bfs_edges_visited,142
U3,100,1,8,HopcroftKarpMatcher,-1,na,total_edges_visited,265
U3,100,1,8,HopcroftKarpMatcher,-1,na,matching_size,55
U3,100,1,8,HopcroftKarpMatcher,-1,na,wall_clock_ms,0.048505
U3,100,1,8,HopcroftKarpMatcher,-1,na,matching_size,55
U3,200,2,1,SimpleAugmentingMatcher,-1,na,wall_clock_ms,1.90004
U3,200,2,1,SimpleAugmentingMatcher,-1,na,matching_size,200
U3,200,2,1,HopcroftKarpMatcher,0,na,paths_found_per_phase,200
U3,200,2,1,HopcroftKarpMatcher,0,na,bfs_edges_visited,40000
U3,200,2,1,HopcroftKarpMatcher,0,na,dfs_edges_visited,20100
U3,200,2,1,HopcroftKarpMatcher,0,na,defect_at_iteration,0
U3,200,2,1,HopcroftKarpMatcher,-1,na,phase_count,1
U3,200,2,1,HopcroftKarpMatcher,-1,na,main_loop_iters,1
U3,200,2,1,HopcroftKarpMatcher,-1,na,total_bfs_edges_visited,40000
U3,200,2,1,HopcroftKarpMatcher,-1,na,total_edges_visited,60100
U3,200,2,1,HopcroftKarpMatcher,-1,na,matching_size,200
U3,200,2,1,HopcroftKarpMatcher,-1,na,wall_clock_ms,0.09178
U3,200,2,1,HopcroftKarpMatcher,-1,na,matching_size,200
U3,400,1,10,SimpleAugmentingMatcher,-1,na,wall_clock_ms,0.158624
U3,400,1,10,SimpleAugmentingMatcher,-1,na,matching_size,220
U3,400,1,10,HopcroftKarpMatcher,0,na,paths_found_per_phase,207
U3,400,1,10,HopcroftKarpMatcher,0,na,bfs_edges_visited,400
U3,400,1,10,HopcroftKarpMatcher,0,na,dfs_edges_visited,302
U3,400,1,10,HopcroftKarpMatcher,0,na,defect_at_iteration,193
U3,400,1,10,HopcroftKarpMatcher,1,na,paths_found_per_phase,13
U3,400,1,10,HopcroftKarpMatcher,1,na,bfs_edges_visited,148
U3,400,1,10,HopcroftKarpMatcher,1,na,dfs_edges_visited,155
U3,400,1,10,HopcroftKarpMatcher,1,na,defect_at_iteration,180
U3,400,1,10,HopcroftKarpMatcher,-1,na,phase_count,2
U3,400,1,10,HopcroftKarpMatcher,-1,na,main_loop_iters,2
U3,400,1,10,HopcroftKarpMatcher,-1,na,total_bfs_edges_visited,548
U3,400,1,10,HopcroftKarpMatcher,-1,na,total_edges_visited,1005
U3,400,1,10,HopcroftKarpMatcher,-1,na,matching_size,220
U3,400,1,10,HopcroftKarpMatcher,-1,na,wall_clock_ms,0.577615
U3,400,1,10,HopcroftKarpMatcher,-1,na,matching_size,220
U3,200,1.5,9,SimpleAugmentingMatcher,-1,na,wall_clock_ms,1.26572
U3,200,1.5,9,SimpleAugmentingMatcher,-1,na,matching_size,200
U3,200,1.5,9,HopcroftKarpMatcher,0,na,paths_found_per_phase,192
U3,200,1.5,9,HopcroftKarpMatcher,0,na,bfs_edges_visited,2828
U3,200,1.5,9,HopcroftKarpMatcher,0,na,dfs_edges_visited,1469
U3,200,1.5,9,HopcroftKarpMatcher,0,na,defect_at_iteration,8
U3,200,1.5,9,HopcroftKarpMatcher,1,na,paths_found_per_phase,8
U3,200,1.5,9,HopcroftKarpMatcher,1,na,bfs_edges_visited,1220
U3,200,1.5,9,HopcroftKarpMatcher,1,na,dfs_edges_visited,490
U3,200,1.5,9,HopcroftKarpMatcher,1,na,defect_at_iteration,0
U3,200,1.5,9,HopcroftKarpMatcher,-1,na,phase_count,2
U3,200,1.5,9,HopcroftKarpMatcher,-1,na,main_loop_iters,2
U3,200,1.5,9,HopcroftKarpMatcher,-1,na,total_bfs_edges_visited,4048
U3,200,1.5,9,HopcroftKarpMatcher,-1,na,total_edges_visited,6007
U3,200,1.5,9,HopcroftKarpMatcher,-1,na,matching_size,200
U3,200,1.5,9,HopcroftKarpMatcher,-1,na,wall_clock_ms,0.158276
U3,200,1.5,9,HopcroftKarpMatcher,-1,na,matching_size,200
U3,800,1.75,6,SimpleAugmentingMatcher,-1,na,wall_clock_ms,228.06
U3,800,1.75,6,SimpleAugmentingMatcher,-1,na,matching_size,800
U3,800,1.75,6,HopcroftKarpMatcher,0,na,paths_found_per_phase,799
U3,800,1.75,6,HopcroftKarpMatcher,0,na,bfs_edges_visited,120339
U3,800,1.75,6,HopcroftKarpMatcher,0,na,dfs_edges_visited,60275
U3,800,1.75,6,HopcroftKarpMatcher,0,na,defect_at_iteration,1
U3,800,1.75,6,HopcroftKarpMatcher,1,na,paths_found_per_phase,1
U3,800,1.75,6,HopcroftKarpMatcher,1,na,bfs_edges_visited,21648
U3,800,1.75,6,HopcroftKarpMatcher,1,na,dfs_edges_visited,786
U3,800,1.75,6,HopcroftKarpMatcher,1,na,defect_at_iteration,0
U3,800,1.75,6,HopcroftKarpMatcher,-1,na,phase_count,2
U3,800,1.75,6,HopcroftKarpMatcher,-1,na,main_loop_iters,2
U3,800,1.75,6,HopcroftKarpMatcher,-1,na,total_bfs_edges_visited,141987
U3,800,1.75,6,HopcroftKarpMatcher,-1,na,total_edges_visited,203048
U3,800,1.75,6,HopcroftKarpMatcher,-1,na,matching_size,800
U3,800,1.75,6,HopcroftKarpMatcher,-1,na,wall_clock_ms,3.14003
U3,800,1.75,6,HopcroftKarpMatcher,-1,na,matching_size,800
U3,400,1,19,SimpleAugmentingMatcher,-1,na,wall_clock_ms,0.159856
U3,400,1,19,SimpleAugmentingMatcher,-1,na,matching_size,231
U3,400,1,19,HopcroftKarpMatcher,0,na,paths_found_per_phase,214
U3,400,1,19,HopcroftKarpMatcher,0,na,bfs_edges_visited,400
U3,400,1,19,HopcroftKarpMatcher,0,na,dfs_edges_visited,301
U3,400,1,19,HopcroftKarpMatcher,0,na,defect_at_iteration,186
U3,400,1,19,HopcroftKarpMatcher,1,na,paths_found_per_phase,17
U3,400,1,19,HopcroftKarpMatcher,1,na,bfs_edges_visited,143
U3,400,1,19,HopcroftKarpMatcher,1,na,dfs_edges_visited,144
U3,400,1,19,HopcroftKarpMatcher,1,na,defect_at_iteration,169
U3,400,1,19,HopcroftKarpMatcher,-1,na,phase_count,2
U3,400,1,19,HopcroftKarpMatcher,-1,na,main_loop_iters,2
U3,400,1,19,HopcroftKarpMatcher,-1,na,total_bfs_edges_visited,543
U3,400,1,19,HopcroftKarpMatcher,-1,na,total_edges_visited,988
U3,400,1,19,HopcroftKarpMatcher,-1,na,matching_size,231
U3,400,1,19,HopcroftKarpMatcher,-1,na,wall_clock_ms,0.558365
U3,400,1,19,HopcroftKarpMatcher,-1,na,matching_size,231
U3,400,1.25,2,SimpleAugmentingMatcher,-1,na,wall_clock_ms,3.08102
U3,400,1.25,2,SimpleAugmentingMatcher,-1,na,matching_size,395
U3,400,1.25,2,HopcroftKarpMatcher,0,na,paths_found_per_phase,342
U3,400,1.25,2,HopcroftKarpMatcher,0,na,bfs_edges_visited,1788
U3,400,1.25,2,HopcroftKarpMatcher,0,na,dfs_edges_visited,990
U3,400,1.25,2,HopcroftKarpMatcher,0,na,defect_at_iteration,58
U3,400,1.25,2,HopcroftKarpMatcher,1,na,paths_found_per_phase,42
U3,400,1.25,2,HopcroftKarpMatcher,1,na,bfs_edges_visited,964
U3,400,1.25,2,HopcroftKarpMatcher,1,na,dfs_edges_visited,893
U3,400,1.25,2,HopcroftKarpMatcher,1,na,defect_at_iteration,16
U3,400,1.25,2,HopcroftKarpMatcher,2,na,paths_found_per_phase,6
U3,400,1.25,2,HopcroftKarpMatcher,2,na,bfs_edges_visited,517
U3,400,1.25,2,HopcroftKarpMatcher,2,na,dfs_edges_visited,645
U3,400,1.25,2,HopcroftKarpMatcher,2,na,defect_at_iteration,10
U3,400,1.25,2,HopcroftKarpMatcher,3,na,paths_found_per_phase,4
U3,400,1.25,2,HopcroftKarpMatcher,3,na,bfs_edges_visited,1109
U3,400,1.25,2,HopcroftKarpMatcher,3,na,dfs_edges_visited,1382
U3,400,1.25,2,HopcroftKarpMatcher,3,na,defect_at_iteration,6
U3,400,1.25,2,HopcroftKarpMatcher,4,na,paths_found_per_phase,1
U3,400,1.25,2,HopcroftKarpMatcher,4,na,bfs_edges_visited,1571
U3,400,1.25,2,HopcroftKarpMatcher,4,na,dfs_edges_visited,1605
U3,400,1.25,2,HopcroftKarpMatcher,4,na,defect_at_iteration,5
U3,400,1.25,2,HopcroftKarpMatcher,-1,na,phase_count,5
U3,400,1.25,2,HopcroftKarpMatcher,-1,na,main_loop_iters,5
U3,400,1.25,2,HopcroftKarpMatcher,-1,na,total_bfs_edges_visited,5949
U3,400,1.25,2,HopcroftKarpMatcher,-1,na,total_edges_visited,11464
U3,400,1.25,2,HopcroftKarpMatcher,-1,na,matching_size,395
U3,400,1.25,2,HopcroftKarpMatcher,-1,na,wall_clock_ms,1.35067
U3,400,1.25,2,HopcroftKarpMatcher,-1,na,matching_size,395
U3,6400,2,12,SimpleAugmentingMatcher,-1,na,wall_clock_ms,56296.4
U3,6400,2,12,SimpleAugmentingMatcher,-1,na,matching_size,6400
U3,6400,2,12,HopcroftKarpMatcher,0,na,paths_found_per_phase,6400
U3,6400,2,12,HopcroftKarpMatcher,0,na,bfs_edges_visited,4.096e+07
U3,6400,2,12,HopcroftKarpMatcher,0,na,dfs_edges_visited,2.04832e+07
U3,6400,2,12,HopcroftKarpMatcher,0,na,defect_at_iteration,0
U3,6400,2,12,HopcroftKarpMatcher,-1,na,phase_count,1
U3,6400,2,12,HopcroftKarpMatcher,-1,na,main_loop_iters,1
U3,6400,2,12,HopcroftKarpMatcher,-1,na,total_bfs_edges_visited,4.096e+07
U3,6400,2,12,HopcroftKarpMatcher,-1,na,total_edges_visited,6.14432e+07
U3,6400,2,12,HopcroftKarpMatcher,-1,na,matching_size,6400
U3,6400,2,12,HopcroftKarpMatcher,-1,na,wall_clock_ms,81.3781
U3,6400,2,12,HopcroftKarpMatcher,-1,na,matching_size,6400
U3,3200,1,15,SimpleAugmentingMatcher,-1,na,wall_clock_ms,9.61936
U3,3200,1,15,SimpleAugmentingMatcher,-1,na,matching_size,1743
U3,3200,1,15,HopcroftKarpMatcher,0,na,paths_found_per_phase,1640
U3,3200,1,15,HopcroftKarpMatcher,0,na,bfs_edges_visited,3200
U3,3200,1,15,HopcroftKarpMatcher,0,na,dfs_edges_visited,2296
U3,3200,1,15,HopcroftKarpMatcher,0,na,defect_at_iteration,1560
U3,3200,1,15,HopcroftKarpMatcher,1,na,paths_found_per_phase,98
U3,3200,1,15,HopcroftKarpMatcher,1,na,bfs_edges_visited,1096
U3,3200,1,15,HopcroftKarpMatcher,1,na,dfs_edges_visited,1169
U3,3200,1,15,HopcroftKarpMatcher,1,na,defect_at_iteration,1462
U3,3200,1,15,HopcroftKarpMatcher,2,na,paths_found_per_phase,4
U3,3200,1,15,HopcroftKarpMatcher,2,na,bfs_edges_visited,802
U3,3200,1,15,HopcroftKarpMatcher,2,na,dfs_edges_visited,822
U3,3200,1,15,HopcroftKarpMatcher,2,na,defect_at_iteration,1458
U3,3200,1,15,HopcroftKarpMatcher,3,na,paths_found_per_phase,1
U3,3200,1,15,HopcroftKarpMatcher,3,na,bfs_edges_visited,800
U3,3200,1,15,HopcroftKarpMatcher,3,na,dfs_edges_visited,800
U3,3200,1,15,HopcroftKarpMatcher,3,na,defect_at_iteration,1457
U3,3200,1,15,HopcroftKarpMatcher,-1,na,phase_count,4
U3,3200,1,15,HopcroftKarpMatcher,-1,na,main_loop_iters,4
U3,3200,1,15,HopcroftKarpMatcher,-1,na,total_bfs_edges_visited,5898
U3,3200,1,15,HopcroftKarpMatcher,-1,na,total_edges_visited,10985
U3,3200,1,15,HopcroftKarpMatcher,-1,na,matching_size,1743
U3,3200,1,15,HopcroftKarpMatcher,-1,na,wall_clock_ms,57.2197
U3,3200,1,15,HopcroftKarpMatcher,-1,na,matching_size,1743
U3,1600,2,4,SimpleAugmentingMatcher,-1,na,wall_clock_ms,887.428
U3,1600,2,4,SimpleAugmentingMatcher,-1,na,matching_size,1600
U3,1600,2,4,HopcroftKarpMatcher,0,na,paths_found_per_phase,1600
U3,1600,2,4,HopcroftKarpMatcher,0,na,bfs_edges_visited,2.56e+06
U3,1600,2,4,HopcroftKarpMatcher,0,na,dfs_edges_visited,1.2808e+06
U3,1600,2,4,HopcroftKarpMatcher,0,na,defect_at_iteration,0
U3,1600,2,4,HopcroftKarpMatcher,-1,na,phase_count,1
U3,1600,2,4,HopcroftKarpMatcher,-1,na,main_loop_iters,1
U3,1600,2,4,HopcroftKarpMatcher,-1,na,total_bfs_edges_visited,2.56e+06
U3,1600,2,4,HopcroftKarpMatcher,-1,na,total_edges_visited,3.8408e+06
U3,1600,2,4,HopcroftKarpMatcher,-1,na,matching_size,1600
U3,1600,2,4,HopcroftKarpMatcher,-1,na,wall_clock_ms,5.11542
U3,1600,2,4,HopcroftKarpMatcher,-1,na,matching_size,1600
U3,1600,1.25,1,SimpleAugmentingMatcher,-1,na,wall_clock_ms,133.115
U3,1600,1.25,1,SimpleAugmentingMatcher,-1,na,matching_size,1592
U3,1600,1.25,1,HopcroftKarpMatcher,0,na,paths_found_per_phase,1433
U3,1600,1.25,1,HopcroftKarpMatcher,0,na,bfs_edges_visited,10119
U3,1600,1.25,1,HopcroftKarpMatcher,0,na,dfs_edges_visited,5369
U3,1600,1.25,1,HopcroftKarpMatcher,0,na,defect_at_iteration,167
U3,1600,1.25,1,HopcroftKarpMatcher,1,na,paths_found_per_phase,139
U3,1600,1.25,1,HopcroftKarpMatcher,1,na,bfs_edges_visited,4708
U3,1600,1.25,1,HopcroftKarpMatcher,1,na,dfs_edges_visited,5201
U3,1600,1.25,1,HopcroftKarpMatcher,1,na,defect_at_iteration,28
U3,1600,1.25,1,HopcroftKarpMatcher,2,na,paths_found_per_phase,17
U3,1600,1.25,1,HopcroftKarpMatcher,2,na,bfs_edges_visited,3137
U3,1600,1.25,1,HopcroftKarpMatcher,2,na,dfs_edges_visited,5966
U3,1600,1.25,1,HopcroftKarpMatcher,2,na,defect_at_iteration,11
U3,1600,1.25,1,HopcroftKarpMatcher,3,na,paths_found_per_phase,3
U3,1600,1.25,1,HopcroftKarpMatcher,3,na,bfs_edges_visited,3505
U3,1600,1.25,1,HopcroftKarpMatcher,3,na,dfs_edges_visited,7640
U3,1600,1.25,1,HopcroftKarpMatcher,3,na,defect_at_iteration,8
U3,1600,1.25,1,HopcroftKarpMatcher,-1,na,phase_count,4
U3,1600,1.25,1,HopcroftKarpMatcher,-1,na,main_loop_iters,4
U3,1600,1.25,1,HopcroftKarpMatcher,-1,na,total_bfs_edges_visited,21469
U3,1600,1.25,1,HopcroftKarpMatcher,-1,na,total_edges_visited,45645
U3,1600,1.25,1,HopcroftKarpMatcher,-1,na,matching_size,1592
U3,1600,1.25,1,HopcroftKarpMatcher,-1,na,wall_clock_ms,14.3723
U3,1600,1.25,1,HopcroftKarpMatcher,-1,na,matching_size,1592
U3,100,1.5,2,SimpleAugmentingMatcher,-1,na,wall_clock_ms,0.188783
U3,100,1.5,2,SimpleAugmentingMatcher,-1,na,matching_size,100
U3,100,1.5,2,HopcroftKarpMatcher,0,na,paths_found_per_phase,93
U3,100,1.5,2,HopcroftKarpMatcher,0,na,bfs_edges_visited,1000
U3,100,1.5,2,HopcroftKarpMatcher,0,na,dfs_edges_visited,514
U3,100,1.5,2,HopcroftKarpMatcher,0,na,defect_at_iteration,7
U3,100,1.5,2,HopcroftKarpMatcher,1,na,paths_found_per_phase,7
U3,100,1.5,2,HopcroftKarpMatcher,1,na,bfs_edges_visited,487
U3,100,1.5,2,HopcroftKarpMatcher,1,na,dfs_edges_visited,308
U3,100,1.5,2,HopcroftKarpMatcher,1,na,defect_at_iteration,0
U3,100,1.5,2,HopcroftKarpMatcher,-1,na,phase_count,2
U3,100,1.5,2,HopcroftKarpMatcher,-1,na,main_loop_iters,2
U3,100,1.5,2,HopcroftKarpMatcher,-1,na,total_bfs_edges_visited,1487
U3,100,1.5,2,HopcroftKarpMatcher,-1,na,total_edges_visited,2309
U3,100,1.5,2,HopcroftKarpMatcher,-1,na,matching_size,100
U3,100,1.5,2,HopcroftKarpMatcher,-1,na,wall_clock_ms,0.055434
U3,100,1.5,2,HopcroftKarpMatcher,-1,na,matching_size,100
U3,400,2,15,SimpleAugmentingMatcher,-1,na,wall_clock_ms,14.3886
U3,400,2,15,SimpleAugmentingMatcher,-1,na,matching_size,400
U3,400,2,15,HopcroftKarpMatcher,0,na,paths_found_per_phase,400
U3,400,2,15,HopcroftKarpMatcher,0,na,bfs_edges_visited,160000
U3,400,2,15,HopcroftKarpMatcher,0,na,dfs_edges_visited,80200
U3,400,2,15,HopcroftKarpMatcher,0,na,defect_at_iteration,0
U3,400,2,15,HopcroftKarpMatcher,-1,na,phase_count,1
U3,400,2,15,HopcroftKarpMatcher,-1,na,main_loop_iters,1
U3,400,2,15,HopcroftKarpMatcher,-1,na,total_bfs_edges_visited,160000
U3,400,2,15,HopcroftKarpMatcher,-1,na,total_edges_visited,240200
U3,400,2,15,HopcroftKarpMatcher,-1,na,matching_size,400
U3,400,2,15,HopcroftKarpMatcher,-1,na,wall_clock_ms,0.329349
U3,400,2,15,HopcroftKarpMatcher,-1,na,matching_size,400
U3,100,1,16,SimpleAugmentingMatcher,-1,na,wall_clock_ms,0.011526
U3,100,1,16,SimpleAugmentingMatcher,-1,na,matching_size,56
U3,100,1,16,HopcroftKarpMatcher,0,na,paths_found_per_phase,52
U3,100,1,16,HopcroftKarpMatcher,0,na,bfs_edges_visited,100
U3,100,1,16,HopcroftKarpMatcher,0,na,dfs_edges_visited,68
U3,100,1,16,HopcroftKarpMatcher,0,na,defect_at_iteration,48
U3,100,1,16,HopcroftKarpMatcher,1,na,paths_found_per_phase,3
U3,100,1,16,HopcroftKarpMatcher,1,na,bfs_edges_visited,34
U3,100,1,16,HopcroftKarpMatcher,1,na,dfs_edges_visited,33
U3,100,1,16,HopcroftKarpMatcher,1,na,defect_at_iteration,45
U3,100,1,16,HopcroftKarpMatcher,2,na,paths_found_per_phase,1
U3,100,1,16,HopcroftKarpMatcher,2,na,bfs_edges_visited,28
U3,100,1,16,HopcroftKarpMatcher,2,na,dfs_edges_visited,26
U3,100,1,16,HopcroftKarpMatcher,2,na,defect_at_iteration,44
U3,100,1,16,HopcroftKarpMatcher,-1,na,phase_count,3
U3,100,1,16,HopcroftKarpMatcher,-1,na,main_loop_iters,3
U3,100,1,16,HopcroftKarpMatcher,-1,na,total_bfs_edges_visited,162
U3,100,1,16,HopcroftKarpMatcher,-1,na,total_edges_visited,289
U3,100,1,16,HopcroftKarpMatcher,-1,na,matching_size,56
U3,100,1,16,HopcroftKarpMatcher,-1,na,wall_clock_ms,0.061396
U3,100,1,16,HopcroftKarpMatcher,-1,na,matching_size,56
U3,400,1,18,SimpleAugmentingMatcher,-1,na,wall_clock_ms,0.167066
U3,400,1,18,SimpleAugmentingMatcher,-1,na,matching_size,212
U3,400,1,18,HopcroftKarpMatcher,0,na,paths_found_per_phase,203
U3,400,1,18,HopcroftKarpMatcher,0,na,bfs_edges_visited,400
U3,400,1,18,HopcroftKarpMatcher,0,na,dfs_edges_visited,287
U3,400,1,18,HopcroftKarpMatcher,0,na,defect_at_iteration,197
U3,400,1,18,HopcroftKarpMatcher,1,na,paths_found_per_phase,9
U3,400,1,18,HopcroftKarpMatcher,1,na,bfs_edges_visited,127
U3,400,1,18,HopcroftKarpMatcher,1,na,dfs_edges_visited,135
U3,400,1,18,HopcroftKarpMatcher,1,na,defect_at_iteration,188
U3,400,1,18,HopcroftKarpMatcher,-1,na,phase_count,2
U3,400,1,18,HopcroftKarpMatcher,-1,na,main_loop_iters,2
U3,400,1,18,HopcroftKarpMatcher,-1,na,total_bfs_edges_visited,527
U3,400,1,18,HopcroftKarpMatcher,-1,na,total_edges_visited,949
U3,400,1,18,HopcroftKarpMatcher,-1,na,matching_size,212
U3,400,1,18,HopcroftKarpMatcher,-1,na,wall_clock_ms,0.583146
U3,400,1,18,HopcroftKarpMatcher,-1,na,matching_size,212
U3,400,1.75,18,SimpleAugmentingMatcher,-1,na,wall_clock_ms,29.6964
U3,400,1.75,18,SimpleAugmentingMatcher,-1,na,matching_size,400
U3,400,1.75,18,HopcroftKarpMatcher,0,na,paths_found_per_phase,398
U3,400,1.75,18,HopcroftKarpMatcher,0,na,bfs_edges_visited,35777
U3,400,1.75,18,HopcroftKarpMatcher,0,na,dfs_edges_visited,17984
U3,400,1.75,18,HopcroftKarpMatcher,0,na,defect_at_iteration,2
U3,400,1.75,18,HopcroftKarpMatcher,1,na,paths_found_per_phase,2
U3,400,1.75,18,HopcroftKarpMatcher,1,na,bfs_edges_visited,14851
U3,400,1.75,18,HopcroftKarpMatcher,1,na,dfs_edges_visited,369
U3,400,1.75,18,HopcroftKarpMatcher,1,na,defect_at_iteration,0
U3,400,1.75,18,HopcroftKarpMatcher,-1,na,phase_count,2
U3,400,1.75,18,HopcroftKarpMatcher,-1,na,main_loop_iters,2
U3,400,1.75,18,HopcroftKarpMatcher,-1,na,total_bfs_edges_visited,50628
U3,400,1.75,18,HopcroftKarpMatcher,-1,na,total_edges_visited,68981
U3,400,1.75,18,HopcroftKarpMatcher,-1,na,matching_size,400
U3,400,1.75,18,HopcroftKarpMatcher,-1,na,wall_clock_ms,1.03783
U3,400,1.75,18,HopcroftKarpMatcher,-1,na,matching_size,400
U3,1600,1.75,13,SimpleAugmentingMatcher,-1,na,wall_clock_ms,1681.45
U3,1600,1.75,13,SimpleAugmentingMatcher,-1,na,matching_size,1600
U3,1600,1.75,13,HopcroftKarpMatcher,0,na,paths_found_per_phase,1594
U3,1600,1.75,13,HopcroftKarpMatcher,0,na,bfs_edges_visited,404771
U3,1600,1.75,13,HopcroftKarpMatcher,0,na,dfs_edges_visited,202587
U3,1600,1.75,13,HopcroftKarpMatcher,0,na,defect_at_iteration,6
U3,1600,1.75,13,HopcroftKarpMatcher,1,na,paths_found_per_phase,6
U3,1600,1.75,13,HopcroftKarpMatcher,1,na,bfs_edges_visited,266689
U3,1600,1.75,13,HopcroftKarpMatcher,1,na,dfs_edges_visited,4673
U3,1600,1.75,13,HopcroftKarpMatcher,1,na,defect_at_iteration,0
U3,1600,1.75,13,HopcroftKarpMatcher,-1,na,phase_count,2
U3,1600,1.75,13,HopcroftKarpMatcher,-1,na,main_loop_iters,2
U3,1600,1.75,13,HopcroftKarpMatcher,-1,na,total_bfs_edges_visited,671460
U3,1600,1.75,13,HopcroftKarpMatcher,-1,na,total_edges_visited,878720
U3,1600,1.75,13,HopcroftKarpMatcher,-1,na,matching_size,1600
U3,1600,1.75,13,HopcroftKarpMatcher,-1,na,wall_clock_ms,14.235
U3,1600,1.75,13,HopcroftKarpMatcher,-1,na,matching_size,1600
U3,6400,1.25,10,SimpleAugmentingMatcher,-1,na,wall_clock_ms,8108.68
U3,6400,1.25,10,SimpleAugmentingMatcher,-1,na,matching_size,6398
U3,6400,1.25,10,HopcroftKarpMatcher,0,na,paths_found_per_phase,5918
U3,6400,1.25,10,HopcroftKarpMatcher,0,na,bfs_edges_visited,57243
U3,6400,1.25,10,HopcroftKarpMatcher,0,na,dfs_edges_visited,29127
U3,6400,1.25,10,HopcroftKarpMatcher,0,na,defect_at_iteration,482
U3,6400,1.25,10,HopcroftKarpMatcher,1,na,paths_found_per_phase,456
U3,6400,1.25,10,HopcroftKarpMatcher,1,na,bfs_edges_visited,27463
U3,6400,1.25,10,HopcroftKarpMatcher,1,na,dfs_edges_visited,26285
U3,6400,1.25,10,HopcroftKarpMatcher,1,na,defect_at_iteration,26
U3,6400,1.25,10,HopcroftKarpMatcher,2,na,paths_found_per_phase,21
U3,6400,1.25,10,HopcroftKarpMatcher,2,na,bfs_edges_visited,12207
U3,6400,1.25,10,HopcroftKarpMatcher,2,na,dfs_edges_visited,26370
U3,6400,1.25,10,HopcroftKarpMatcher,2,na,defect_at_iteration,5
U3,6400,1.25,10,HopcroftKarpMatcher,3,na,paths_found_per_phase,3
U3,6400,1.25,10,HopcroftKarpMatcher,3,na,bfs_edges_visited,52564
U3,6400,1.25,10,HopcroftKarpMatcher,3,na,dfs_edges_visited,45529
U3,6400,1.25,10,HopcroftKarpMatcher,3,na,defect_at_iteration,2
U3,6400,1.25,10,HopcroftKarpMatcher,-1,na,phase_count,4
U3,6400,1.25,10,HopcroftKarpMatcher,-1,na,main_loop_iters,4
U3,6400,1.25,10,HopcroftKarpMatcher,-1,na,total_bfs_edges_visited,149477
U3,6400,1.25,10,HopcroftKarpMatcher,-1,na,total_edges_visited,276788
U3,6400,1.25,10,HopcroftKarpMatcher,-1,na,matching_size,6398
U3,6400,1.25,10,HopcroftKarpMatcher,-1,na,wall_clock_ms,234.497
U3,6400,1.25,10,HopcroftKarpMatcher,-1,na,matching_size,6398
U3,200,2,7,SimpleAugmentingMatcher,-1,na,wall_clock_ms,1.90267
U3,200,2,7,SimpleAugmentingMatcher,-1,na,matching_size,200
U3,200,2,7,HopcroftKarpMatcher,0,na,paths_found_per_phase,200
U3,200,2,7,HopcroftKarpMatcher,0,na,bfs_edges_visited,40000
U3,200,2,7,HopcroftKarpMatcher,0,na,dfs_edges_visited,20100
U3,200,2,7,HopcroftKarpMatcher,0,na,defect_at_iteration,0
U3,200,2,7,HopcroftKarpMatcher,-1,na,phase_count,1
U3,200,2,7,HopcroftKarpMatcher,-1,na,main_loop_iters,1
U3,200,2,7,HopcroftKarpMatcher,-1,na,total_bfs_edges_visited,40000
U3,200,2,7,HopcroftKarpMatcher,-1,na,total_edges_visited,60100
U3,200,2,7,HopcroftKarpMatcher,-1,na,matching_size,200
U3,200,2,7,HopcroftKarpMatcher,-1,na,wall_clock_ms,0.088903
U3,200,2,7,HopcroftKarpMatcher,-1,na,matching_size,200
U3,6400,1.75,8,SimpleAugmentingMatcher,-1,na,wall_clock_ms,89446.7
U3,6400,1.75,8,SimpleAugmentingMatcher,-1,na,matching_size,6400
U3,6400,1.75,8,HopcroftKarpMatcher,0,na,paths_found_per_phase,6395
U3,6400,1.75,8,HopcroftKarpMatcher,0,na,bfs_edges_visited,4.57947e+06
U3,6400,1.75,8,HopcroftKarpMatcher,0,na,dfs_edges_visited,2.29034e+06
U3,6400,1.75,8,HopcroftKarpMatcher,0,na,defect_at_iteration,5
U3,6400,1.75,8,HopcroftKarpMatcher,1,na,paths_found_per_phase,5
U3,6400,1.75,8,HopcroftKarpMatcher,1,na,bfs_edges_visited,2.08142e+06
U3,6400,1.75,8,HopcroftKarpMatcher,1,na,dfs_edges_visited,5809
U3,6400,1.75,8,HopcroftKarpMatcher,1,na,defect_at_iteration,0
U3,6400,1.75,8,HopcroftKarpMatcher,-1,na,phase_count,2
U3,6400,1.75,8,HopcroftKarpMatcher,-1,na,main_loop_iters,2
U3,6400,1.75,8,HopcroftKarpMatcher,-1,na,total_bfs_edges_visited,6.66089e+06
U3,6400,1.75,8,HopcroftKarpMatcher,-1,na,total_edges_visited,8.95704e+06
U3,6400,1.75,8,HopcroftKarpMatcher,-1,na,matching_size,6400
U3,6400,1.75,8,HopcroftKarpMatcher,-1,na,wall_clock_ms,167.341
U3,6400,1.75,8,HopcroftKarpMatcher,-1,na,matching_size,6400
U3,1600,1.25,18,SimpleAugmentingMatcher,-1,na,wall_clock_ms,125.48
U3,1600,1.25,18,SimpleAugmentingMatcher,-1,na,matching_size,1596
U3,1600,1.25,18,HopcroftKarpMatcher,0,na,paths_found_per_phase,1406
U3,1600,1.25,18,HopcroftKarpMatcher,0,na,bfs_edges_visited,10119
U3,1600,1.25,18,HopcroftKarpMatcher,0,na,dfs_edges_visited,5312
U3,1600,1.25,18,HopcroftKarpMatcher,0,na,defect_at_iteration,194
U3,1600,1.25,18,HopcroftKarpMatcher,1,na,paths_found_per_phase,167
U3,1600,1.25,18,HopcroftKarpMatcher,1,na,bfs_edges_visited,5293
U3,1600,1.25,18,HopcroftKarpMatcher,1,na,dfs_edges_visited,5032
U3,1600,1.25,18,HopcroftKarpMatcher,1,na,defect_at_iteration,27
U3,1600,1.25,18,HopcroftKarpMatcher,2,na,paths_found_per_phase,14
U3,1600,1.25,18,HopcroftKarpMatcher,2,na,bfs_edges_visited,2747
U3,1600,1.25,18,HopcroftKarpMatcher,2,na,dfs_edges_visited,4641
U3,1600,1.25,18,HopcroftKarpMatcher,2,na,defect_at_iteration,13
U3,1600,1.25,18,HopcroftKarpMatcher,3,na,paths_found_per_phase,7
U3,1600,1.25,18,HopcroftKarpMatcher,3,na,bfs_edges_visited,7303
U3,1600,1.25,18,HopcroftKarpMatcher,3,na,dfs_edges_visited,6365
U3,1600,1.25,18,HopcroftKarpMatcher,3,na,defect_at_iteration,6
U3,1600,1.25,18,HopcroftKarpMatcher,4,na,paths_found_per_phase,2
U3,1600,1.25,18,HopcroftKarpMatcher,4,na,bfs_edges_visited,7646
U3,1600,1.25,18,HopcroftKarpMatcher,4,na,dfs_edges_visited,6459
U3,1600,1.25,18,HopcroftKarpMatcher,4,na,defect_at_iteration,4
U3,1600,1.25,18,HopcroftKarpMatcher,-1,na,phase_count,5
U3,1600,1.25,18,HopcroftKarpMatcher,-1,na,main_loop_iters,5
U3,1600,1.25,18,HopcroftKarpMatcher,-1,na,total_bfs_edges_visited,33108
U3,1600,1.25,18,HopcroftKarpMatcher,-1,na,total_edges_visited,60917
U3,1600,1.25,18,HopcroftKarpMatcher,-1,na,matching_size,1596
U3,1600,1.25,18,HopcroftKarpMatcher,-1,na,wall_clock_ms,18.3063
U3,1600,1.25,18,HopcroftKarpMatcher,-1,na,matching_size,1596
U3,1600,1.75,6,SimpleAugmentingMatcher,-1,na,wall_clock_ms,1687.78
U3,1600,1.75,6,SimpleAugmentingMatcher,-1,na,matching_size,1600
U3,1600,1.75,6,HopcroftKarpMatcher,0,na,paths_found_per_phase,1595
U3,1600,1.75,6,HopcroftKarpMatcher,0,na,bfs_edges_visited,404771
U3,1600,1.75,6,HopcroftKarpMatcher,0,na,dfs_edges_visited,202679
U3,1600,1.75,6,HopcroftKarpMatcher,0,na,defect_at_iteration,5
U3,1600,1.75,6,HopcroftKarpMatcher,1,na,paths_found_per_phase,5
U3,1600,1.75,6,HopcroftKarpMatcher,1,na,bfs_edges_visited,235041
U3,1600,1.75,6,HopcroftKarpMatcher,1,na,dfs_edges_visited,5665
U3,1600,1.75,6,HopcroftKarpMatcher,1,na,defect_at_iteration,0
U3,1600,1.75,6,HopcroftKarpMatcher,-1,na,phase_count,2
U3,1600,1.75,6,HopcroftKarpMatcher,-1,na,main_loop_iters,2
U3,1600,1.75,6,HopcroftKarpMatcher,-1,na,total_bfs_edges_visited,639812
U3,1600,1.75,6,HopcroftKarpMatcher,-1,na,total_edges_visited,848156
U3,1600,1.75,6,HopcroftKarpMatcher,-1,na,matching_size,1600
U3,1600,1.75,6,HopcroftKarpMatcher,-1,na,wall_clock_ms,14.0523
U3,1600,1.75,6,HopcroftKarpMatcher,-1,na,matching_size,1600
U3,100,1.75,13,SimpleAugmentingMatcher,-1,na,wall_clock_ms,0.461063
U3,100,1.75,13,SimpleAugmentingMatcher,-1,na,matching_size,100
U3,100,1.75,13,HopcroftKarpMatcher,0,na,paths_found_per_phase,98
U3,100,1.75,13,HopcroftKarpMatcher,0,na,bfs_edges_visited,3162
U3,100,1.75,13,HopcroftKarpMatcher,0,na,dfs_edges_visited,1585
U3,100,1.75,13,HopcroftKarpMatcher,0,na,defect_at_iteration,2
U3,100,1.75,13,HopcroftKarpMatcher,1,na,paths_found_per_phase,2
U3,100,1.75,13,HopcroftKarpMatcher,1,na,bfs_edges_visited,1424
U3,100,1.75,13,HopcroftKarpMatcher,1,na,dfs_edges_visited,137
U3,100,1.75,13,HopcroftKarpMatcher,1,na,defect_at_iteration,0
U3,100,1.75,13,HopcroftKarpMatcher,-1,na,phase_count,2
U3,100,1.75,13,HopcroftKarpMatcher,-1,na,main_loop_iters,2
U3,100,1.75,13,HopcroftKarpMatcher,-1,na,total_bfs_edges_visited,4586
U3,100,1.75,13,HopcroftKarpMatcher,-1,na,total_edges_visited,6308
U3,100,1.75,13,HopcroftKarpMatcher,-1,na,matching_size,100
U3,100,1.75,13,HopcroftKarpMatcher,-1,na,wall_clock_ms,0.100209
U3,100,1.75,13,HopcroftKarpMatcher,-1,na,matching_size,100
U3,3200,1.75,3,SimpleAugmentingMatcher,-1,na,wall_clock_ms,12246.6
U3,3200,1.75,3,SimpleAugmentingMatcher,-1,na,matching_size,3200
U3,3200,1.75,3,HopcroftKarpMatcher,0,na,paths_found_per_phase,3198
U3,3200,1.75,3,HopcroftKarpMatcher,0,na,bfs_edges_visited,1.36148e+06
U3,3200,1.75,3,HopcroftKarpMatcher,0,na,dfs_edges_visited,681244
U3,3200,1.75,3,HopcroftKarpMatcher,0,na,defect_at_iteration,2
U3,3200,1.75,3,HopcroftKarpMatcher,1,na,paths_found_per_phase,2
U3,3200,1.75,3,HopcroftKarpMatcher,1,na,bfs_edges_visited,343350
U3,3200,1.75,3,HopcroftKarpMatcher,1,na,dfs_edges_visited,2580
U3,3200,1.75,3,HopcroftKarpMatcher,1,na,defect_at_iteration,0
U3,3200,1.75,3,HopcroftKarpMatcher,-1,na,phase_count,2
U3,3200,1.75,3,HopcroftKarpMatcher,-1,na,main_loop_iters,2
U3,3200,1.75,3,HopcroftKarpMatcher,-1,na,total_bfs_edges_visited,1.70483e+06
U3,3200,1.75,3,HopcroftKarpMatcher,-1,na,total_edges_visited,2.38866e+06
U3,3200,1.75,3,HopcroftKarpMatcher,-1,na,matching_size,3200
U3,3200,1.75,3,HopcroftKarpMatcher,-1,na,wall_clock_ms,41.9497
U3,3200,1.75,3,HopcroftKarpMatcher,-1,na,matching_size,3200
U3,200,1.25,10,SimpleAugmentingMatcher,-1,na,wall_clock_ms,0.334874
U3,200,1.25,10,SimpleAugmentingMatcher,-1,na,matching_size,196
U3,200,1.25,10,HopcroftKarpMatcher,0,na,paths_found_per_phase,168
U3,200,1.25,10,HopcroftKarpMatcher,0,na,bfs_edges_visited,752
U3,200,1.25,10,HopcroftKarpMatcher,0,na,dfs_edges_visited,419
U3,200,1.25,10,HopcroftKarpMatcher,0,na,defect_at_iteration,32
U3,200,1.25,10,HopcroftKarpMatcher,1,na,paths_found_per_phase,23
U3,200,1.25,10,HopcroftKarpMatcher,1,na,bfs_edges_visited,317
U3,200,1.25,10,HopcroftKarpMatcher,1,na,dfs_edges_visited,340
U3,200,1.25,10,HopcroftKarpMatcher,1,na,defect_at_iteration,9
U3,200,1.25,10,HopcroftKarpMatcher,2,na,paths_found_per_phase,1
U3,200,1.25,10,HopcroftKarpMatcher,2,na,bfs_edges_visited,101
U3,200,1.25,10,HopcroftKarpMatcher,2,na,dfs_edges_visited,208
U3,200,1.25,10,HopcroftKarpMatcher,2,na,defect_at_iteration,8
U3,200,1.25,10,HopcroftKarpMatcher,3,na,paths_found_per_phase,4
U3,200,1.25,10,HopcroftKarpMatcher,3,na,bfs_edges_visited,366
U3,200,1.25,10,HopcroftKarpMatcher,3,na,dfs_edges_visited,162
U3,200,1.25,10,HopcroftKarpMatcher,3,na,defect_at_iteration,4
U3,200,1.25,10,HopcroftKarpMatcher,-1,na,phase_count,4
U3,200,1.25,10,HopcroftKarpMatcher,-1,na,main_loop_iters,4
U3,200,1.25,10,HopcroftKarpMatcher,-1,na,total_bfs_edges_visited,1536
U3,200,1.25,10,HopcroftKarpMatcher,-1,na,total_edges_visited,2665
U3,200,1.25,10,HopcroftKarpMatcher,-1,na,matching_size,196
U3,200,1.25,10,HopcroftKarpMatcher,-1,na,wall_clock_ms,0.194592
U3,200,1.25,10,HopcroftKarpMatcher,-1,na,matching_size,196
U3,400,1.5,11,SimpleAugmentingMatcher,-1,na,wall_clock_ms,9.93441
U3,400,1.5,11,SimpleAugmentingMatcher,-1,na,matching_size,400
U3,400,1.5,11,HopcroftKarpMatcher,0,na,paths_found_per_phase,385
U3,400,1.5,11,HopcroftKarpMatcher,0,na,bfs_edges_visited,8000
U3,400,1.5,11,HopcroftKarpMatcher,0,na,dfs_edges_visited,4007
U3,400,1.5,11,HopcroftKarpMatcher,0,na,defect_at_iteration,15
U3,400,1.5,11,HopcroftKarpMatcher,1,na,paths_found_per_phase,15
U3,400,1.5,11,HopcroftKarpMatcher,1,na,bfs_edges_visited,4168
U3,400,1.5,11,HopcroftKarpMatcher,1,na,dfs_edges_visited,1727
U3,400,1.5,11,HopcroftKarpMatcher,1,na,defect_at_iteration,0
U3,400,1.5,11,HopcroftKarpMatcher,-1,na,phase_count,2
U3,400,1.5,11,HopcroftKarpMatcher,-1,na,main_loop_iters,2
U3,400,1.5,11,HopcroftKarpMatcher,-1,na,total_bfs_edges_visited,12168
U3,400,1.5,11,HopcroftKarpMatcher,-1,na,total_edges_visited,17902
U3,400,1.5,11,HopcroftKarpMatcher,-1,na,matching_size,400
U3,400,1.5,11,HopcroftKarpMatcher,-1,na,wall_clock_ms,0.55301
U3,400,1.5,11,HopcroftKarpMatcher,-1,na,matching_size,400
U3,1600,2,12,SimpleAugmentingMatcher,-1,na,wall_clock_ms,887.161
U3,1600,2,12,SimpleAugmentingMatcher,-1,na,matching_size,1600
U3,1600,2,12,HopcroftKarpMatcher,0,na,paths_found_per_phase,1600
U3,1600,2,12,HopcroftKarpMatcher,0,na,bfs_edges_visited,2.56e+06
U3,1600,2,12,HopcroftKarpMatcher,0,na,dfs_edges_visited,1.2808e+06
U3,1600,2,12,HopcroftKarpMatcher,0,na,defect_at_iteration,0
U3,1600,2,12,HopcroftKarpMatcher,-1,na,phase_count,1
U3,1600,2,12,HopcroftKarpMatcher,-1,na,main_loop_iters,1
U3,1600,2,12,HopcroftKarpMatcher,-1,na,total_bfs_edges_visited,2.56e+06
U3,1600,2,12,HopcroftKarpMatcher,-1,na,total_edges_visited,3.8408e+06
U3,1600,2,12,HopcroftKarpMatcher,-1,na,matching_size,1600
U3,1600,2,12,HopcroftKarpMatcher,-1,na,wall_clock_ms,5.11255
U3,1600,2,12,HopcroftKarpMatcher,-1,na,matching_size,1600
U3,100,1.25,19,SimpleAugmentingMatcher,-1,na,wall_clock_ms,0.05239
U3,100,1.25,19,SimpleAugmentingMatcher,-1,na,matching_size,92
U3,100,1.25,19,HopcroftKarpMatcher,0,na,paths_found_per_phase,78
U3,100,1.25,19,HopcroftKarpMatcher,0,na,bfs_edges_visited,316
U3,100,1.25,19,HopcroftKarpMatcher,0,na,dfs_edges_visited,175
U3,100,1.25,19,HopcroftKarpMatcher,0,na,defect_at_iteration,22
U3,100,1.25,19,HopcroftKarpMatcher,1,na,paths_found_per_phase,10
U3,100,1.25,19,HopcroftKarpMatcher,1,na,bfs_edges_visited,137
U3,100,1.25,19,HopcroftKarpMatcher,1,na,dfs_edges_visited,124
U3,100,1.25,19,HopcroftKarpMatcher,1,na,defect_at_iteration,12
U3,100,1.25,19,HopcroftKarpMatcher,2,na,paths_found_per_phase,2
U3,100,1.25,19,HopcroftKarpMatcher,2,na,bfs_edges_visited,76
U3,100,1.25,19,HopcroftKarpMatcher,2,na,dfs_edges_visited,80
U3,100,1.25,19,HopcroftKarpMatcher,2,na,defect_at_iteration,10
U3,100,1.25,19,HopcroftKarpMatcher,3,na,paths_found_per_phase,1
U3,100,1.25,19,HopcroftKarpMatcher,3,na,bfs_edges_visited,107
U3,100,1.25,19,HopcroftKarpMatcher,3,na,dfs_edges_visited,77
U3,100,1.25,19,HopcroftKarpMatcher,3,na,defect_at_iteration,9
U3,100,1.25,19,HopcroftKarpMatcher,4,na,paths_found_per_phase,1
U3,100,1.25,19,HopcroftKarpMatcher,4,na,bfs_edges_visited,107
U3,100,1.25,19,HopcroftKarpMatcher,4,na,dfs_edges_visited,57
U3,100,1.25,19,HopcroftKarpMatcher,4,na,defect_at_iteration,8
U3,100,1.25,19,HopcroftKarpMatcher,-1,na,phase_count,5
U3,100,1.25,19,HopcroftKarpMatcher,-1,na,main_loop_iters,5
U3,100,1.25,19,HopcroftKarpMatcher,-1,na,total_bfs_edges_visited,743
U3,100,1.25,19,HopcroftKarpMatcher,-1,na,total_edges_visited,1256
U3,100,1.25,19,HopcroftKarpMatcher,-1,na,matching_size,92
U3,100,1.25,19,HopcroftKarpMatcher,-1,na,wall_clock_ms,0.082899
U3,100,1.25,19,HopcroftKarpMatcher,-1,na,matching_size,92
U3,3200,1.75,16,SimpleAugmentingMatcher,-1,na,wall_clock_ms,12364.8
U3,3200,1.75,16,SimpleAugmentingMatcher,-1,na,matching_size,3200
U3,3200,1.75,16,HopcroftKarpMatcher,0,na,paths_found_per_phase,3195
U3,3200,1.75,16,HopcroftKarpMatcher,0,na,bfs_edges_visited,1.36148e+06
U3,3200,1.75,16,HopcroftKarpMatcher,0,na,dfs_edges_visited,680139
U3,3200,1.75,16,HopcroftKarpMatcher,0,na,defect_at_iteration,5
U3,3200,1.75,16,HopcroftKarpMatcher,1,na,paths_found_per_phase,5
U3,3200,1.75,16,HopcroftKarpMatcher,1,na,bfs_edges_visited,709231
U3,3200,1.75,16,HopcroftKarpMatcher,1,na,dfs_edges_visited,8152
U3,3200,1.75,16,HopcroftKarpMatcher,1,na,defect_at_iteration,0
U3,3200,1.75,16,HopcroftKarpMatcher,-1,na,phase_count,2
U3,3200,1.75,16,HopcroftKarpMatcher,-1,na,main_loop_iters,2
U3,3200,1.75,16,HopcroftKarpMatcher,-1,na,total_bfs_edges_visited,2.07071e+06
U3,3200,1.75,16,HopcroftKarpMatcher,-1,na,total_edges_visited,2.759e+06
U3,3200,1.75,16,HopcroftKarpMatcher,-1,na,matching_size,3200
U3,3200,1.75,16,HopcroftKarpMatcher,-1,na,wall_clock_ms,48.0188
U3,3200,1.75,16,HopcroftKarpMatcher,-1,na,matching_size,3200
U3,3200,2,4,SimpleAugmentingMatcher,-1,na,wall_clock_ms,7050.85
U3,3200,2,4,SimpleAugmentingMatcher,-1,na,matching_size,3200
U3,3200,2,4,HopcroftKarpMatcher,0,na,paths_found_per_phase,3200
U3,3200,2,4,HopcroftKarpMatcher,0,na,bfs_edges_visited,1.024e+07
U3,3200,2,4,HopcroftKarpMatcher,0,na,dfs_edges_visited,5.1216e+06
U3,3200,2,4,HopcroftKarpMatcher,0,na,defect_at_iteration,0
U3,3200,2,4,HopcroftKarpMatcher,-1,na,phase_count,1
U3,3200,2,4,HopcroftKarpMatcher,-1,na,main_loop_iters,1
U3,3200,2,4,HopcroftKarpMatcher,-1,na,total_bfs_edges_visited,1.024e+07
U3,3200,2,4,HopcroftKarpMatcher,-1,na,total_edges_visited,1.53616e+07
U3,3200,2,4,HopcroftKarpMatcher,-1,na,matching_size,3200
U3,3200,2,4,HopcroftKarpMatcher,-1,na,wall_clock_ms,20.5186
U3,3200,2,4,HopcroftKarpMatcher,-1,na,matching_size,3200
U3,3200,1.75,10,SimpleAugmentingMatcher,-1,na,wall_clock_ms,12228.9
U3,3200,1.75,10,SimpleAugmentingMatcher,-1,na,matching_size,3200
U3,3200,1.75,10,HopcroftKarpMatcher,0,na,paths_found_per_phase,3197
U3,3200,1.75,10,HopcroftKarpMatcher,0,na,bfs_edges_visited,1.36148e+06
U3,3200,1.75,10,HopcroftKarpMatcher,0,na,dfs_edges_visited,681423
U3,3200,1.75,10,HopcroftKarpMatcher,0,na,defect_at_iteration,3
U3,3200,1.75,10,HopcroftKarpMatcher,1,na,paths_found_per_phase,3
U3,3200,1.75,10,HopcroftKarpMatcher,1,na,bfs_edges_visited,450489
U3,3200,1.75,10,HopcroftKarpMatcher,1,na,dfs_edges_visited,8551
U3,3200,1.75,10,HopcroftKarpMatcher,1,na,defect_at_iteration,0
U3,3200,1.75,10,HopcroftKarpMatcher,-1,na,phase_count,2
U3,3200,1.75,10,HopcroftKarpMatcher,-1,na,main_loop_iters,2
U3,3200,1.75,10,HopcroftKarpMatcher,-1,na,total_bfs_edges_visited,1.81197e+06
U3,3200,1.75,10,HopcroftKarpMatcher,-1,na,total_edges_visited,2.50195e+06
U3,3200,1.75,10,HopcroftKarpMatcher,-1,na,matching_size,3200
U3,3200,1.75,10,HopcroftKarpMatcher,-1,na,wall_clock_ms,44.161
U3,3200,1.75,10,HopcroftKarpMatcher,-1,na,matching_size,3200
U3,1600,1,7,SimpleAugmentingMatcher,-1,na,wall_clock_ms,2.38094
U3,1600,1,7,SimpleAugmentingMatcher,-1,na,matching_size,871
U3,1600,1,7,HopcroftKarpMatcher,0,na,paths_found_per_phase,830
U3,1600,1,7,HopcroftKarpMatcher,0,na,bfs_edges_visited,1600
U3,1600,1,7,HopcroftKarpMatcher,0,na,dfs_edges_visited,1157
U3,1600,1,7,HopcroftKarpMatcher,0,na,defect_at_iteration,770
U3,1600,1,7,HopcroftKarpMatcher,1,na,paths_found_per_phase,36
U3,1600,1,7,HopcroftKarpMatcher,1,na,bfs_edges_visited,479
U3,1600,1,7,HopcroftKarpMatcher,1,na,dfs_edges_visited,501
U3,1600,1,7,HopcroftKarpMatcher,1,na,defect_at_iteration,734
U3,1600,1,7,HopcroftKarpMatcher,2,na,paths_found_per_phase,5
U3,1600,1,7,HopcroftKarpMatcher,2,na,bfs_edges_visited,395
U3,1600,1,7,HopcroftKarpMatcher,2,na,dfs_edges_visited,394
U3,1600,1,7,HopcroftKarpMatcher,2,na,defect_at_iteration,729
U3,1600,1,7,HopcroftKarpMatcher,-1,na,phase_count,3
U3,1600,1,7,HopcroftKarpMatcher,-1,na,main_loop_iters,3
U3,1600,1,7,HopcroftKarpMatcher,-1,na,total_bfs_edges_visited,2474
U3,1600,1,7,HopcroftKarpMatcher,-1,na,total_edges_visited,4526
U3,1600,1,7,HopcroftKarpMatcher,-1,na,matching_size,871
U3,1600,1,7,HopcroftKarpMatcher,-1,na,wall_clock_ms,11.415
U3,1600,1,7,HopcroftKarpMatcher,-1,na,matching_size,871
U3,800,1.25,7,SimpleAugmentingMatcher,-1,na,wall_clock_ms,19.1243
U3,800,1.25,7,SimpleAugmentingMatcher,-1,na,matching_size,795
U3,800,1.25,7,HopcroftKarpMatcher,0,na,paths_found_per_phase,698
U3,800,1.25,7,HopcroftKarpMatcher,0,na,bfs_edges_visited,4254
U3,800,1.25,7,HopcroftKarpMatcher,0,na,dfs_edges_visited,2220
U3,800,1.25,7,HopcroftKarpMatcher,0,na,defect_at_iteration,102
U3,800,1.25,7,HopcroftKarpMatcher,1,na,paths_found_per_phase,77
U3,800,1.25,7,HopcroftKarpMatcher,1,na,bfs_edges_visited,2015
U3,800,1.25,7,HopcroftKarpMatcher,1,na,dfs_edges_visited,2392
U3,800,1.25,7,HopcroftKarpMatcher,1,na,defect_at_iteration,25
U3,800,1.25,7,HopcroftKarpMatcher,2,na,paths_found_per_phase,14
U3,800,1.25,7,HopcroftKarpMatcher,2,na,bfs_edges_visited,1646
U3,800,1.25,7,HopcroftKarpMatcher,2,na,dfs_edges_visited,1544
U3,800,1.25,7,HopcroftKarpMatcher,2,na,defect_at_iteration,11
U3,800,1.25,7,HopcroftKarpMatcher,3,na,paths_found_per_phase,5
U3,800,1.25,7,HopcroftKarpMatcher,3,na,bfs_edges_visited,3018
U3,800,1.25,7,HopcroftKarpMatcher,3,na,dfs_edges_visited,2801
U3,800,1.25,7,HopcroftKarpMatcher,3,na,defect_at_iteration,6
U3,800,1.25,7,HopcroftKarpMatcher,4,na,paths_found_per_phase,1
U3,800,1.25,7,HopcroftKarpMatcher,4,na,bfs_edges_visited,4102
U3,800,1.25,7,HopcroftKarpMatcher,4,na,dfs_edges_visited,2141
U3,800,1.25,7,HopcroftKarpMatcher,4,na,defect_at_iteration,5
U3,800,1.25,7,HopcroftKarpMatcher,-1,na,phase_count,5
U3,800,1.25,7,HopcroftKarpMatcher,-1,na,main_loop_iters,5
U3,800,1.25,7,HopcroftKarpMatcher,-1,na,total_bfs_edges_visited,15035
U3,800,1.25,7,HopcroftKarpMatcher,-1,na,total_edges_visited,26133
U3,800,1.25,7,HopcroftKarpMatcher,-1,na,matching_size,795
U3,800,1.25,7,HopcroftKarpMatcher,-1,na,wall_clock_ms,4.84731
U3,800,1.25,7,HopcroftKarpMatcher,-1,na,matching_size,795
U3,3200,2,14,SimpleAugmentingMatcher,-1,na,wall_clock_ms,7053
U3,3200,2,14,SimpleAugmentingMatcher,-1,na,matching_size,3200
U3,3200,2,14,HopcroftKarpMatcher,0,na,paths_found_per_phase,3200
U3,3200,2,14,HopcroftKarpMatcher,0,na,bfs_edges_visited,1.024e+07
U3,3200,2,14,HopcroftKarpMatcher,0,na,dfs_edges_visited,5.1216e+06
U3,3200,2,14,HopcroftKarpMatcher,0,na,defect_at_iteration,0
U3,3200,2,14,HopcroftKarpMatcher,-1,na,phase_count,1
U3,3200,2,14,HopcroftKarpMatcher,-1,na,main_loop_iters,1
U3,3200,2,14,HopcroftKarpMatcher,-1,na,total_bfs_edges_visited,1.024e+07
U3,3200,2,14,HopcroftKarpMatcher,-1,na,total_edges_visited,1.53616e+07
U3,3200,2,14,HopcroftKarpMatcher,-1,na,matching_size,3200
U3,3200,2,14,HopcroftKarpMatcher,-1,na,wall_clock_ms,20.3687
U3,3200,2,14,HopcroftKarpMatcher,-1,na,matching_size,3200
U3,800,1.75,17,SimpleAugmentingMatcher,-1,na,wall_clock_ms,226.538
U3,800,1.75,17,SimpleAugmentingMatcher,-1,na,matching_size,800
U3,800,1.75,17,HopcroftKarpMatcher,0,na,paths_found_per_phase,798
U3,800,1.75,17,HopcroftKarpMatcher,0,na,bfs_edges_visited,120339
U3,800,1.75,17,HopcroftKarpMatcher,0,na,dfs_edges_visited,60333
U3,800,1.75,17,HopcroftKarpMatcher,0,na,defect_at_iteration,2
U3,800,1.75,17,HopcroftKarpMatcher,1,na,paths_found_per_phase,2
U3,800,1.75,17,HopcroftKarpMatcher,1,na,bfs_edges_visited,40677
U3,800,1.75,17,HopcroftKarpMatcher,1,na,dfs_edges_visited,454
U3,800,1.75,17,HopcroftKarpMatcher,1,na,defect_at_iteration,0
U3,800,1.75,17,HopcroftKarpMatcher,-1,na,phase_count,2
U3,800,1.75,17,HopcroftKarpMatcher,-1,na,main_loop_iters,2
U3,800,1.75,17,HopcroftKarpMatcher,-1,na,total_bfs_edges_visited,161016
U3,800,1.75,17,HopcroftKarpMatcher,-1,na,total_edges_visited,221803
U3,800,1.75,17,HopcroftKarpMatcher,-1,na,matching_size,800
U3,800,1.75,17,HopcroftKarpMatcher,-1,na,wall_clock_ms,3.42625
U3,800,1.75,17,HopcroftKarpMatcher,-1,na,matching_size,800
U3,6400,1.75,16,SimpleAugmentingMatcher,-1,na,wall_clock_ms,90881.1
U3,6400,1.75,16,SimpleAugmentingMatcher,-1,na,matching_size,6400
U3,6400,1.75,16,HopcroftKarpMatcher,0,na,paths_found_per_phase,6395
U3,6400,1.75,16,HopcroftKarpMatcher,0,na,bfs_edges_visited,4.57947e+06
U3,6400,1.75,16,HopcroftKarpMatcher,0,na,dfs_edges_visited,2.28974e+06
U3,6400,1.75,16,HopcroftKarpMatcher,0,na,defect_at_iteration,5
U3,6400,1.75,16,HopcroftKarpMatcher,1,na,paths_found_per_phase,5
U3,6400,1.75,16,HopcroftKarpMatcher,1,na,bfs_edges_visited,2.06852e+06
U3,6400,1.75,16,HopcroftKarpMatcher,1,na,dfs_edges_visited,7183
U3,6400,1.75,16,HopcroftKarpMatcher,1,na,defect_at_iteration,0
U3,6400,1.75,16,HopcroftKarpMatcher,-1,na,phase_count,2
U3,6400,1.75,16,HopcroftKarpMatcher,-1,na,main_loop_iters,2
U3,6400,1.75,16,HopcroftKarpMatcher,-1,na,total_bfs_edges_visited,6.64798e+06
U3,6400,1.75,16,HopcroftKarpMatcher,-1,na,total_edges_visited,8.9449e+06
U3,6400,1.75,16,HopcroftKarpMatcher,-1,na,matching_size,6400
U3,6400,1.75,16,HopcroftKarpMatcher,-1,na,wall_clock_ms,169.369
U3,6400,1.75,16,HopcroftKarpMatcher,-1,na,matching_size,6400
U3,6400,1.75,14,SimpleAugmentingMatcher,-1,na,wall_clock_ms,89971.2
U3,6400,1.75,14,SimpleAugmentingMatcher,-1,na,matching_size,6400
U3,6400,1.75,14,HopcroftKarpMatcher,0,na,paths_found_per_phase,6396
U3,6400,1.75,14,HopcroftKarpMatcher,0,na,bfs_edges_visited,4.57947e+06
U3,6400,1.75,14,HopcroftKarpMatcher,0,na,dfs_edges_visited,2.292e+06
U3,6400,1.75,14,HopcroftKarpMatcher,0,na,defect_at_iteration,4
U3,6400,1.75,14,HopcroftKarpMatcher,1,na,paths_found_per_phase,4
U3,6400,1.75,14,HopcroftKarpMatcher,1,na,bfs_edges_visited,1.73267e+06
U3,6400,1.75,14,HopcroftKarpMatcher,1,na,dfs_edges_visited,12336
U3,6400,1.75,14,HopcroftKarpMatcher,1,na,defect_at_iteration,0
U3,6400,1.75,14,HopcroftKarpMatcher,-1,na,phase_count,2
U3,6400,1.75,14,HopcroftKarpMatcher,-1,na,main_loop_iters,2
U3,6400,1.75,14,HopcroftKarpMatcher,-1,na,total_bfs_edges_visited,6.31214e+06
U3,6400,1.75,14,HopcroftKarpMatcher,-1,na,total_edges_visited,8.61647e+06
U3,6400,1.75,14,HopcroftKarpMatcher,-1,na,matching_size,6400
U3,6400,1.75,14,HopcroftKarpMatcher,-1,na,wall_clock_ms,161.455
U3,6400,1.75,14,HopcroftKarpMatcher,-1,na,matching_size,6400
U3,6400,2,10,SimpleAugmentingMatcher,-1,na,wall_clock_ms,56299.4
U3,6400,2,10,SimpleAugmentingMatcher,-1,na,matching_size,6400
U3,6400,2,10,HopcroftKarpMatcher,0,na,paths_found_per_phase,6400
U3,6400,2,10,HopcroftKarpMatcher,0,na,bfs_edges_visited,4.096e+07
U3,6400,2,10,HopcroftKarpMatcher,0,na,dfs_edges_visited,2.04832e+07
U3,6400,2,10,HopcroftKarpMatcher,0,na,defect_at_iteration,0
U3,6400,2,10,HopcroftKarpMatcher,-1,na,phase_count,1
U3,6400,2,10,HopcroftKarpMatcher,-1,na,main_loop_iters,1
U3,6400,2,10,HopcroftKarpMatcher,-1,na,total_bfs_edges_visited,4.096e+07
U3,6400,2,10,HopcroftKarpMatcher,-1,na,total_edges_visited,6.14432e+07
U3,6400,2,10,HopcroftKarpMatcher,-1,na,matching_size,6400
U3,6400,2,10,HopcroftKarpMatcher,-1,na,wall_clock_ms,81.269
U3,6400,2,10,HopcroftKarpMatcher,-1,na,matching_size,6400
U3,6400,1.75,18,SimpleAugmentingMatcher,-1,na,wall_clock_ms,89620.5
U3,6400,1.75,18,SimpleAugmentingMatcher,-1,na,matching_size,6400
U3,6400,1.75,18,HopcroftKarpMatcher,0,na,paths_found_per_phase,6396
U3,6400,1.75,18,HopcroftKarpMatcher,0,na,bfs_edges_visited,4.57947e+06
U3,6400,1.75,18,HopcroftKarpMatcher,0,na,dfs_edges_visited,2.28859e+06
U3,6400,1.75,18,HopcroftKarpMatcher,0,na,defect_at_iteration,4
U3,6400,1.75,18,HopcroftKarpMatcher,1,na,paths_found_per_phase,4
U3,6400,1.75,18,HopcroftKarpMatcher,1,na,bfs_edges_visited,1.74225e+06
U3,6400,1.75,18,HopcroftKarpMatcher,1,na,dfs_edges_visited,10769
U3,6400,1.75,18,HopcroftKarpMatcher,1,na,defect_at_iteration,0
U3,6400,1.75,18,HopcroftKarpMatcher,-1,na,phase_count,2
U3,6400,1.75,18,HopcroftKarpMatcher,-1,na,main_loop_iters,2
U3,6400,1.75,18,HopcroftKarpMatcher,-1,na,total_bfs_edges_visited,6.32171e+06
U3,6400,1.75,18,HopcroftKarpMatcher,-1,na,total_edges_visited,8.62107e+06
U3,6400,1.75,18,HopcroftKarpMatcher,-1,na,matching_size,6400
U3,6400,1.75,18,HopcroftKarpMatcher,-1,na,wall_clock_ms,161.993
U3,6400,1.75,18,HopcroftKarpMatcher,-1,na,matching_size,6400
U3,1600,1,4,SimpleAugmentingMatcher,-1,na,wall_clock_ms,2.50228
U3,1600,1,4,SimpleAugmentingMatcher,-1,na,matching_size,873
U3,1600,1,4,HopcroftKarpMatcher,0,na,paths_found_per_phase,821
U3,1600,1,4,HopcroftKarpMatcher,0,na,bfs_edges_visited,1600
U3,1600,1,4,HopcroftKarpMatcher,0,na,dfs_edges_visited,1190
U3,1600,1,4,HopcroftKarpMatcher,0,na,defect_at_iteration,779
U3,1600,1,4,HopcroftKarpMatcher,1,na,paths_found_per_phase,49
U3,1600,1,4,HopcroftKarpMatcher,1,na,bfs_edges_visited,587
U3,1600,1,4,HopcroftKarpMatcher,1,na,dfs_edges_visited,591
U3,1600,1,4,HopcroftKarpMatcher,1,na,defect_at_iteration,730
U3,1600,1,4,HopcroftKarpMatcher,2,na,paths_found_per_phase,3
U3,1600,1,4,HopcroftKarpMatcher,2,na,bfs_edges_visited,432
U3,1600,1,4,HopcroftKarpMatcher,2,na,dfs_edges_visited,428
U3,1600,1,4,HopcroftKarpMatcher,2,na,defect_at_iteration,727
U3,1600,1,4,HopcroftKarpMatcher,-1,na,phase_count,3
U3,1600,1,4,HopcroftKarpMatcher,-1,na,main_loop_iters,3
U3,1600,1,4,HopcroftKarpMatcher,-1,na,total_bfs_edges_visited,2619
U3,1600,1,4,HopcroftKarpMatcher,-1,na,total_edges_visited,4828
U3,1600,1,4,HopcroftKarpMatcher,-1,na,matching_size,873
U3,1600,1,4,HopcroftKarpMatcher,-1,na,wall_clock_ms,11.6199
U3,1600,1,4,HopcroftKarpMatcher,-1,na,matching_size,873
U3,200,1,11,SimpleAugmentingMatcher,-1,na,wall_clock_ms,0.046342
U3,200,1,11,SimpleAugmentingMatcher,-1,na,matching_size,111
U3,200,1,11,HopcroftKarpMatcher,0,na,paths_found_per_phase,100
U3,200,1,11,HopcroftKarpMatcher,0,na,bfs_edges_visited,200
U3,200,1,11,HopcroftKarpMatcher,0,na,dfs_edges_visited,151
U3,200,1,11,HopcroftKarpMatcher,0,na,defect_at_iteration,100
U3,200,1,11,HopcroftKarpMatcher,1,na,paths_found_per_phase,11
U3,200,1,11,HopcroftKarpMatcher,1,na,bfs_edges_visited,93
U3,200,1,11,HopcroftKarpMatcher,1,na,dfs_edges_visited,97
U3,200,1,11,HopcroftKarpMatcher,1,na,defect_at_iteration,89
U3,200,1,11,HopcroftKarpMatcher,-1,na,phase_count,2
U3,200,1,11,HopcroftKarpMatcher,-1,na,main_loop_iters,2
U3,200,1,11,HopcroftKarpMatcher,-1,na,total_bfs_edges_visited,293
U3,200,1,11,HopcroftKarpMatcher,-1,na,total_edges_visited,541
U3,200,1,11,HopcroftKarpMatcher,-1,na,matching_size,111
U3,200,1,11,HopcroftKarpMatcher,-1,na,wall_clock_ms,0.164781
U3,200,1,11,HopcroftKarpMatcher,-1,na,matching_size,111
U3,3200,2,13,SimpleAugmentingMatcher,-1,na,wall_clock_ms,7055.24
U3,3200,2,13,SimpleAugmentingMatcher,-1,na,matching_size,3200
U3,3200,2,13,HopcroftKarpMatcher,0,na,paths_found_per_phase,3200
U3,3200,2,13,HopcroftKarpMatcher,0,na,bfs_edges_visited,1.024e+07
U3,3200,2,13,HopcroftKarpMatcher,0,na,dfs_edges_visited,5.1216e+06
U3,3200,2,13,HopcroftKarpMatcher,0,na,defect_at_iteration,0
U3,3200,2,13,HopcroftKarpMatcher,-1,na,phase_count,1
U3,3200,2,13,HopcroftKarpMatcher,-1,na,main_loop_iters,1
U3,3200,2,13,HopcroftKarpMatcher,-1,na,total_bfs_edges_visited,1.024e+07
U3,3200,2,13,HopcroftKarpMatcher,-1,na,total_edges_visited,1.53616e+07
U3,3200,2,13,HopcroftKarpMatcher,-1,na,matching_size,3200
U3,3200,2,13,HopcroftKarpMatcher,-1,na,wall_clock_ms,20.3613
U3,3200,2,13,HopcroftKarpMatcher,-1,na,matching_size,3200
U3,6400,2,1,SimpleAugmentingMatcher,-1,na,wall_clock_ms,56291
U3,6400,2,1,SimpleAugmentingMatcher,-1,na,matching_size,6400
U3,6400,2,1,HopcroftKarpMatcher,0,na,paths_found_per_phase,6400
U3,6400,2,1,HopcroftKarpMatcher,0,na,bfs_edges_visited,4.096e+07
U3,6400,2,1,HopcroftKarpMatcher,0,na,dfs_edges_visited,2.04832e+07
U3,6400,2,1,HopcroftKarpMatcher,0,na,defect_at_iteration,0
U3,6400,2,1,HopcroftKarpMatcher,-1,na,phase_count,1
U3,6400,2,1,HopcroftKarpMatcher,-1,na,main_loop_iters,1
U3,6400,2,1,HopcroftKarpMatcher,-1,na,total_bfs_edges_visited,4.096e+07
U3,6400,2,1,HopcroftKarpMatcher,-1,na,total_edges_visited,6.14432e+07
U3,6400,2,1,HopcroftKarpMatcher,-1,na,matching_size,6400
U3,6400,2,1,HopcroftKarpMatcher,-1,na,wall_clock_ms,81.3308
U3,6400,2,1,HopcroftKarpMatcher,-1,na,matching_size,6400
U3,3200,1.25,6,SimpleAugmentingMatcher,-1,na,wall_clock_ms,940.01
U3,3200,1.25,6,SimpleAugmentingMatcher,-1,na,matching_size,3199
U3,3200,1.25,6,HopcroftKarpMatcher,0,na,paths_found_per_phase,2910
U3,3200,1.25,6,HopcroftKarpMatcher,0,na,bfs_edges_visited,24067
U3,3200,1.25,6,HopcroftKarpMatcher,0,na,dfs_edges_visited,12435
U3,3200,1.25,6,HopcroftKarpMatcher,0,na,defect_at_iteration,290
U3,3200,1.25,6,HopcroftKarpMatcher,1,na,paths_found_per_phase,269
U3,3200,1.25,6,HopcroftKarpMatcher,1,na,bfs_edges_visited,11849
U3,3200,1.25,6,HopcroftKarpMatcher,1,na,dfs_edges_visited,11332
U3,3200,1.25,6,HopcroftKarpMatcher,1,na,defect_at_iteration,21
U3,3200,1.25,6,HopcroftKarpMatcher,2,na,paths_found_per_phase,16
U3,3200,1.25,6,HopcroftKarpMatcher,2,na,bfs_edges_visited,4718
U3,3200,1.25,6,HopcroftKarpMatcher,2,na,dfs_edges_visited,8623
U3,3200,1.25,6,HopcroftKarpMatcher,2,na,defect_at_iteration,5
U3,3200,1.25,6,HopcroftKarpMatcher,3,na,paths_found_per_phase,4
U3,3200,1.25,6,HopcroftKarpMatcher,3,na,bfs_edges_visited,10640
U3,3200,1.25,6,HopcroftKarpMatcher,3,na,dfs_edges_visited,6854
U3,3200,1.25,6,HopcroftKarpMatcher,3,na,defect_at_iteration,1
U3,3200,1.25,6,HopcroftKarpMatcher,-1,na,phase_count,4
U3,3200,1.25,6,HopcroftKarpMatcher,-1,na,main_loop_iters,4
U3,3200,1.25,6,HopcroftKarpMatcher,-1,na,total_bfs_edges_visited,51274
U3,3200,1.25,6,HopcroftKarpMatcher,-1,na,total_edges_visited,90518
U3,3200,1.25,6,HopcroftKarpMatcher,-1,na,matching_size,3199
U3,3200,1.25,6,HopcroftKarpMatcher,-1,na,wall_clock_ms,38.1077
U3,3200,1.25,6,HopcroftKarpMatcher,-1,na,matching_size,3199
U3,6400,1.5,10,SimpleAugmentingMatcher,-1,na,wall_clock_ms,39557.7
U3,6400,1.5,10,SimpleAugmentingMatcher,-1,na,matching_size,6400
U3,6400,1.5,10,HopcroftKarpMatcher,0,na,paths_found_per_phase,6347
U3,6400,1.5,10,HopcroftKarpMatcher,0,na,bfs_edges_visited,512000
U3,6400,1.5,10,HopcroftKarpMatcher,0,na,dfs_edges_visited,256771
U3,6400,1.5,10,HopcroftKarpMatcher,0,na,defect_at_iteration,53
U3,6400,1.5,10,HopcroftKarpMatcher,1,na,paths_found_per_phase,53
U3,6400,1.5,10,HopcroftKarpMatcher,1,na,bfs_edges_visited,249651
U3,6400,1.5,10,HopcroftKarpMatcher,1,na,dfs_edges_visited,27758
U3,6400,1.5,10,HopcroftKarpMatcher,1,na,defect_at_iteration,0
U3,6400,1.5,10,HopcroftKarpMatcher,-1,na,phase_count,2
U3,6400,1.5,10,HopcroftKarpMatcher,-1,na,main_loop_iters,2
U3,6400,1.5,10,HopcroftKarpMatcher,-1,na,total_bfs_edges_visited,761651
U3,6400,1.5,10,HopcroftKarpMatcher,-1,na,total_edges_visited,1.04618e+06
U3,6400,1.5,10,HopcroftKarpMatcher,-1,na,matching_size,6400
U3,6400,1.5,10,HopcroftKarpMatcher,-1,na,wall_clock_ms,91.0019
U3,6400,1.5,10,HopcroftKarpMatcher,-1,na,matching_size,6400
U3,1600,1.75,14,SimpleAugmentingMatcher,-1,na,wall_clock_ms,1687.79
U3,1600,1.75,14,SimpleAugmentingMatcher,-1,na,matching_size,1600
U3,1600,1.75,14,HopcroftKarpMatcher,0,na,paths_found_per_phase,1595
U3,1600,1.75,14,HopcroftKarpMatcher,0,na,bfs_edges_visited,404771
U3,1600,1.75,14,HopcroftKarpMatcher,0,na,dfs_edges_visited,202231
U3,1600,1.75,14,HopcroftKarpMatcher,0,na,defect_at_iteration,5
U3,1600,1.75,14,HopcroftKarpMatcher,1,na,paths_found_per_phase,5
U3,1600,1.75,14,HopcroftKarpMatcher,1,na,bfs_edges_visited,236060
U3,1600,1.75,14,HopcroftKarpMatcher,1,na,dfs_edges_visited,2041
U3,1600,1.75,14,HopcroftKarpMatcher,1,na,defect_at_iteration,0
U3,1600,1.75,14,HopcroftKarpMatcher,-1,na,phase_count,2
U3,1600,1.75,14,HopcroftKarpMatcher,-1,na,main_loop_iters,2
U3,1600,1.75,14,HopcroftKarpMatcher,-1,na,total_bfs_edges_visited,640831
U3,1600,1.75,14,HopcroftKarpMatcher,-1,na,total_edges_visited,845103
U3,1600,1.75,14,HopcroftKarpMatcher,-1,na,matching_size,1600
U3,1600,1.75,14,HopcroftKarpMatcher,-1,na,wall_clock_ms,13.7568
U3,1600,1.75,14,HopcroftKarpMatcher,-1,na,matching_size,1600
U3,6400,1.25,17,SimpleAugmentingMatcher,-1,na,wall_clock_ms,7971.71
U3,6400,1.25,17,SimpleAugmentingMatcher,-1,na,matching_size,6398
U3,6400,1.25,17,HopcroftKarpMatcher,0,na,paths_found_per_phase,5893
U3,6400,1.25,17,HopcroftKarpMatcher,0,na,bfs_edges_visited,57243
U3,6400,1.25,17,HopcroftKarpMatcher,0,na,dfs_edges_visited,29222
U3,6400,1.25,17,HopcroftKarpMatcher,0,na,defect_at_iteration,507
U3,6400,1.25,17,HopcroftKarpMatcher,1,na,paths_found_per_phase,478
U3,6400,1.25,17,HopcroftKarpMatcher,1,na,bfs_edges_visited,28308
U3,6400,1.25,17,HopcroftKarpMatcher,1,na,dfs_edges_visited,25011
U3,6400,1.25,17,HopcroftKarpMatcher,1,na,defect_at_iteration,29
U3,6400,1.25,17,HopcroftKarpMatcher,2,na,paths_found_per_phase,23
U3,6400,1.25,17,HopcroftKarpMatcher,2,na,bfs_edges_visited,12295
U3,6400,1.25,17,HopcroftKarpMatcher,2,na,dfs_edges_visited,23728
U3,6400,1.25,17,HopcroftKarpMatcher,2,na,defect_at_iteration,6
U3,6400,1.25,17,HopcroftKarpMatcher,3,na,paths_found_per_phase,4
U3,6400,1.25,17,HopcroftKarpMatcher,3,na,bfs_edges_visited,11714
U3,6400,1.25,17,HopcroftKarpMatcher,3,na,dfs_edges_visited,5028
U3,6400,1.25,17,HopcroftKarpMatcher,3,na,defect_at_iteration,2
U3,6400,1.25,17,HopcroftKarpMatcher,-1,na,phase_count,4
U3,6400,1.25,17,HopcroftKarpMatcher,-1,na,main_loop_iters,4
U3,6400,1.25,17,HopcroftKarpMatcher,-1,na,total_bfs_edges_visited,109560
U3,6400,1.25,17,HopcroftKarpMatcher,-1,na,total_edges_visited,192549
U3,6400,1.25,17,HopcroftKarpMatcher,-1,na,matching_size,6398
U3,6400,1.25,17,HopcroftKarpMatcher,-1,na,wall_clock_ms,135.596
U3,6400,1.25,17,HopcroftKarpMatcher,-1,na,matching_size,6398
U3,100,1.75,3,SimpleAugmentingMatcher,-1,na,wall_clock_ms,0.461803
U3,100,1.75,3,SimpleAugmentingMatcher,-1,na,matching_size,100
U3,100,1.75,3,HopcroftKarpMatcher,0,na,paths_found_per_phase,100
U3,100,1.75,3,HopcroftKarpMatcher,0,na,bfs_edges_visited,3162
U3,100,1.75,3,HopcroftKarpMatcher,0,na,dfs_edges_visited,1581
U3,100,1.75,3,HopcroftKarpMatcher,0,na,defect_at_iteration,0
U3,100,1.75,3,HopcroftKarpMatcher,-1,na,phase_count,1
U3,100,1.75,3,HopcroftKarpMatcher,-1,na,main_loop_iters,1
U3,100,1.75,3,HopcroftKarpMatcher,-1,na,total_bfs_edges_visited,3162
U3,100,1.75,3,HopcroftKarpMatcher,-1,na,total_edges_visited,4743
U3,100,1.75,3,HopcroftKarpMatcher,-1,na,matching_size,100
U3,100,1.75,3,HopcroftKarpMatcher,-1,na,wall_clock_ms,0.071922
U3,100,1.75,3,HopcroftKarpMatcher,-1,na,matching_size,100
U3,200,1,14,SimpleAugmentingMatcher,-1,na,wall_clock_ms,0.044271
U3,200,1,14,SimpleAugmentingMatcher,-1,na,matching_size,104
U3,200,1,14,HopcroftKarpMatcher,0,na,paths_found_per_phase,98
U3,200,1,14,HopcroftKarpMatcher,0,na,bfs_edges_visited,200
U3,200,1,14,HopcroftKarpMatcher,0,na,dfs_edges_visited,142
U3,200,1,14,HopcroftKarpMatcher,0,na,defect_at_iteration,102
U3,200,1,14,HopcroftKarpMatcher,1,na,paths_found_per_phase,6
U3,200,1,14,HopcroftKarpMatcher,1,na,bfs_edges_visited,82
U3,200,1,14,HopcroftKarpMatcher,1,na,dfs_edges_visited,87
U3,200,1,14,HopcroftKarpMatcher,1,na,defect_at_iteration,96
U3,200,1,14,HopcroftKarpMatcher,-1,na,phase_count,2
U3,200,1,14,HopcroftKarpMatcher,-1,na,main_loop_iters,2
U3,200,1,14,HopcroftKarpMatcher,-1,na,total_bfs_edges_visited,282
U3,200,1,14,HopcroftKarpMatcher,-1,na,total_edges_visited,511
U3,200,1,14,HopcroftKarpMatcher,-1,na,matching_size,104
U3,200,1,14,HopcroftKarpMatcher,-1,na,wall_clock_ms,0.163221
U3,200,1,14,HopcroftKarpMatcher,-1,na,matching_size,104
U3,1600,1.75,2,SimpleAugmentingMatcher,-1,na,wall_clock_ms,1682.6
U3,1600,1.75,2,SimpleAugmentingMatcher,-1,na,matching_size,1600
U3,1600,1.75,2,HopcroftKarpMatcher,0,na,paths_found_per_phase,1598
U3,1600,1.75,2,HopcroftKarpMatcher,0,na,bfs_edges_visited,404771
U3,1600,1.75,2,HopcroftKarpMatcher,0,na,dfs_edges_visited,202732
U3,1600,1.75,2,HopcroftKarpMatcher,0,na,defect_at_iteration,2
U3,1600,1.75,2,HopcroftKarpMatcher,1,na,paths_found_per_phase,2
U3,1600,1.75,2,HopcroftKarpMatcher,1,na,bfs_edges_visited,113746
U3,1600,1.75,2,HopcroftKarpMatcher,1,na,dfs_edges_visited,3768
U3,1600,1.75,2,HopcroftKarpMatcher,1,na,defect_at_iteration,0
U3,1600,1.75,2,HopcroftKarpMatcher,-1,na,phase_count,2
U3,1600,1.75,2,HopcroftKarpMatcher,-1,na,main_loop_iters,2
U3,1600,1.75,2,HopcroftKarpMatcher,-1,na,total_bfs_edges_visited,518517
U3,1600,1.75,2,HopcroftKarpMatcher,-1,na,total_edges_visited,725017
U3,1600,1.75,2,HopcroftKarpMatcher,-1,na,matching_size,1600
U3,1600,1.75,2,HopcroftKarpMatcher,-1,na,wall_clock_ms,11.772
U3,1600,1.75,2,HopcroftKarpMatcher,-1,na,matching_size,1600
U3,3200,2,18,SimpleAugmentingMatcher,-1,na,wall_clock_ms,7056.39
U3,3200,2,18,SimpleAugmentingMatcher,-1,na,matching_size,3200
U3,3200,2,18,HopcroftKarpMatcher,0,na,paths_found_per_phase,3200
U3,3200,2,18,HopcroftKarpMatcher,0,na,bfs_edges_visited,1.024e+07
U3,3200,2,18,HopcroftKarpMatcher,0,na,dfs_edges_visited,5.1216e+06
U3,3200,2,18,HopcroftKarpMatcher,0,na,defect_at_iteration,0
U3,3200,2,18,HopcroftKarpMatcher,-1,na,phase_count,1
U3,3200,2,18,HopcroftKarpMatcher,-1,na,main_loop_iters,1
U3,3200,2,18,HopcroftKarpMatcher,-1,na,total_bfs_edges_visited,1.024e+07
U3,3200,2,18,HopcroftKarpMatcher,-1,na,total_edges_visited,1.53616e+07
U3,3200,2,18,HopcroftKarpMatcher,-1,na,matching_size,3200
U3,3200,2,18,HopcroftKarpMatcher,-1,na,wall_clock_ms,20.3911
U3,3200,2,18,HopcroftKarpMatcher,-1,na,matching_size,3200
U3,200,1,8,SimpleAugmentingMatcher,-1,na,wall_clock_ms,0.044871
U3,200,1,8,SimpleAugmentingMatcher,-1,na,matching_size,104
U3,200,1,8,HopcroftKarpMatcher,0,na,paths_found_per_phase,99
U3,200,1,8,HopcroftKarpMatcher,0,na,bfs_edges_visited,200
U3,200,1,8,HopcroftKarpMatcher,0,na,dfs_edges_visited,140
U3,200,1,8,HopcroftKarpMatcher,0,na,defect_at_iteration,101
U3,200,1,8,HopcroftKarpMatcher,1,na,paths_found_per_phase,4
U3,200,1,8,HopcroftKarpMatcher,1,na,bfs_edges_visited,62
U3,200,1,8,HopcroftKarpMatcher,1,na,dfs_edges_visited,68
U3,200,1,8,HopcroftKarpMatcher,1,na,defect_at_iteration,97
U3,200,1,8,HopcroftKarpMatcher,2,na,paths_found_per_phase,1
U3,200,1,8,HopcroftKarpMatcher,2,na,bfs_edges_visited,57
U3,200,1,8,HopcroftKarpMatcher,2,na,dfs_edges_visited,57
U3,200,1,8,HopcroftKarpMatcher,2,na,defect_at_iteration,96
U3,200,1,8,HopcroftKarpMatcher,-1,na,phase_count,3
U3,200,1,8,HopcroftKarpMatcher,-1,na,main_loop_iters,3
U3,200,1,8,HopcroftKarpMatcher,-1,na,total_bfs_edges_visited,319
U3,200,1,8,HopcroftKarpMatcher,-1,na,total_edges_visited,584
U3,200,1,8,HopcroftKarpMatcher,-1,na,matching_size,104
U3,200,1,8,HopcroftKarpMatcher,-1,na,wall_clock_ms,0.207869
U3,200,1,8,HopcroftKarpMatcher,-1,na,matching_size,104
U3,400,2,19,SimpleAugmentingMatcher,-1,na,wall_clock_ms,14.5171
U3,400,2,19,SimpleAugmentingMatcher,-1,na,matching_size,400
U3,400,2,19,HopcroftKarpMatcher,0,na,paths_found_per_phase,400
U3,400,2,19,HopcroftKarpMatcher,0,na,bfs_edges_visited,160000
U3,400,2,19,HopcroftKarpMatcher,0,na,dfs_edges_visited,80200
U3,400,2,19,HopcroftKarpMatcher,0,na,defect_at_iteration,0
U3,400,2,19,HopcroftKarpMatcher,-1,na,phase_count,1
U3,400,2,19,HopcroftKarpMatcher,-1,na,main_loop_iters,1
U3,400,2,19,HopcroftKarpMatcher,-1,na,total_bfs_edges_visited,160000
U3,400,2,19,HopcroftKarpMatcher,-1,na,total_edges_visited,240200
U3,400,2,19,HopcroftKarpMatcher,-1,na,matching_size,400
U3,400,2,19,HopcroftKarpMatcher,-1,na,wall_clock_ms,0.329898
U3,400,2,19,HopcroftKarpMatcher,-1,na,matching_size,400
U3,100,1.25,11,SimpleAugmentingMatcher,-1,na,wall_clock_ms,0.051367
U3,100,1.25,11,SimpleAugmentingMatcher,-1,na,matching_size,87
U3,100,1.25,11,HopcroftKarpMatcher,0,na,paths_found_per_phase,78
U3,100,1.25,11,HopcroftKarpMatcher,0,na,bfs_edges_visited,316
U3,100,1.25,11,HopcroftKarpMatcher,0,na,dfs_edges_visited,181
U3,100,1.25,11,HopcroftKarpMatcher,0,na,defect_at_iteration,22
U3,100,1.25,11,HopcroftKarpMatcher,1,na,paths_found_per_phase,8
U3,100,1.25,11,HopcroftKarpMatcher,1,na,bfs_edges_visited,113
U3,100,1.25,11,HopcroftKarpMatcher,1,na,dfs_edges_visited,115
U3,100,1.25,11,HopcroftKarpMatcher,1,na,defect_at_iteration,14
U3,100,1.25,11,HopcroftKarpMatcher,2,na,paths_found_per_phase,1
U3,100,1.25,11,HopcroftKarpMatcher,2,na,bfs_edges_visited,90
U3,100,1.25,11,HopcroftKarpMatcher,2,na,dfs_edges_visited,20
U3,100,1.25,11,HopcroftKarpMatcher,2,na,defect_at_iteration,13
U3,100,1.25,11,HopcroftKarpMatcher,-1,na,phase_count,3
U3,100,1.25,11,HopcroftKarpMatcher,-1,na,main_loop_iters,3
U3,100,1.25,11,HopcroftKarpMatcher,-1,na,total_bfs_edges_visited,519
U3,100,1.25,11,HopcroftKarpMatcher,-1,na,total_edges_visited,835
U3,100,1.25,11,HopcroftKarpMatcher,-1,na,matching_size,87
U3,100,1.25,11,HopcroftKarpMatcher,-1,na,wall_clock_ms,0.053752
U3,100,1.25,11,HopcroftKarpMatcher,-1,na,matching_size,87
U3,1600,1,19,SimpleAugmentingMatcher,-1,na,wall_clock_ms,2.45115
U3,1600,1,19,SimpleAugmentingMatcher,-1,na,matching_size,856
U3,1600,1,19,HopcroftKarpMatcher,0,na,paths_found_per_phase,807
U3,1600,1,19,HopcroftKarpMatcher,0,na,bfs_edges_visited,1600
U3,1600,1,19,HopcroftKarpMatcher,0,na,dfs_edges_visited,1155
U3,1600,1,19,HopcroftKarpMatcher,0,na,defect_at_iteration,793
U3,1600,1,19,HopcroftKarpMatcher,1,na,paths_found_per_phase,43
U3,1600,1,19,HopcroftKarpMatcher,1,na,bfs_edges_visited,527
U3,1600,1,19,HopcroftKarpMatcher,1,na,dfs_edges_visited,540
U3,1600,1,19,HopcroftKarpMatcher,1,na,defect_at_iteration,750
U3,1600,1,19,HopcroftKarpMatcher,2,na,paths_found_per_phase,6
U3,1600,1,19,HopcroftKarpMatcher,2,na,bfs_edges_visited,403
U3,1600,1,19,HopcroftKarpMatcher,2,na,dfs_edges_visited,413
U3,1600,1,19,HopcroftKarpMatcher,2,na,defect_at_iteration,744
U3,1600,1,19,HopcroftKarpMatcher,-1,na,phase_count,3
U3,1600,1,19,HopcroftKarpMatcher,-1,na,main_loop_iters,3
U3,1600,1,19,HopcroftKarpMatcher,-1,na,total_bfs_edges_visited,2530
U3,1600,1,19,HopcroftKarpMatcher,-1,na,total_edges_visited,4638
U3,1600,1,19,HopcroftKarpMatcher,-1,na,matching_size,856
U3,1600,1,19,HopcroftKarpMatcher,-1,na,wall_clock_ms,11.6112
U3,1600,1,19,HopcroftKarpMatcher,-1,na,matching_size,856
U3,400,1.25,1,SimpleAugmentingMatcher,-1,na,wall_clock_ms,3.03265
U3,400,1.25,1,SimpleAugmentingMatcher,-1,na,matching_size,395
U3,400,1.25,1,HopcroftKarpMatcher,0,na,paths_found_per_phase,338
U3,400,1.25,1,HopcroftKarpMatcher,0,na,bfs_edges_visited,1788
U3,400,1.25,1,HopcroftKarpMatcher,0,na,dfs_edges_visited,978
U3,400,1.25,1,HopcroftKarpMatcher,0,na,defect_at_iteration,62
U3,400,1.25,1,HopcroftKarpMatcher,1,na,paths_found_per_phase,45
U3,400,1.25,1,HopcroftKarpMatcher,1,na,bfs_edges_visited,814
U3,400,1.25,1,HopcroftKarpMatcher,1,na,dfs_edges_visited,955
U3,400,1.25,1,HopcroftKarpMatcher,1,na,defect_at_iteration,17
U3,400,1.25,1,HopcroftKarpMatcher,2,na,paths_found_per_phase,8
U3,400,1.25,1,HopcroftKarpMatcher,2,na,bfs_edges_visited,480
U3,400,1.25,1,HopcroftKarpMatcher,2,na,dfs_edges_visited,516
U3,400,1.25,1,HopcroftKarpMatcher,2,na,defect_at_iteration,9
U3,400,1.25,1,HopcroftKarpMatcher,3,na,paths_found_per_phase,2
U3,400,1.25,1,HopcroftKarpMatcher,3,na,bfs_edges_visited,568
U3,400,1.25,1,HopcroftKarpMatcher,3,na,dfs_edges_visited,649
U3,400,1.25,1,HopcroftKarpMatcher,3,na,defect_at_iteration,7
U3,400,1.25,1,HopcroftKarpMatcher,4,na,paths_found_per_phase,1
U3,400,1.25,1,HopcroftKarpMatcher,4,na,bfs_edges_visited,595
U3,400,1.25,1,HopcroftKarpMatcher,4,na,dfs_edges_visited,401
U3,400,1.25,1,HopcroftKarpMatcher,4,na,defect_at_iteration,6
U3,400,1.25,1,HopcroftKarpMatcher,5,na,paths_found_per_phase,1
U3,400,1.25,1,HopcroftKarpMatcher,5,na,bfs_edges_visited,1577
U3,400,1.25,1,HopcroftKarpMatcher,5,na,dfs_edges_visited,175
U3,400,1.25,1,HopcroftKarpMatcher,5,na,defect_at_iteration,5
U3,400,1.25,1,HopcroftKarpMatcher,-1,na,phase_count,6
U3,400,1.25,1,HopcroftKarpMatcher,-1,na,main_loop_iters,6
U3,400,1.25,1,HopcroftKarpMatcher,-1,na,total_bfs_edges_visited,5822
U3,400,1.25,1,HopcroftKarpMatcher,-1,na,total_edges_visited,9496
U3,400,1.25,1,HopcroftKarpMatcher,-1,na,matching_size,395
U3,400,1.25,1,HopcroftKarpMatcher,-1,na,wall_clock_ms,1.1026
U3,400,1.25,1,HopcroftKarpMatcher,-1,na,matching_size,395
U3,400,1.5,14,SimpleAugmentingMatcher,-1,na,wall_clock_ms,9.4776
U3,400,1.5,14,SimpleAugmentingMatcher,-1,na,matching_size,400
U3,400,1.5,14,HopcroftKarpMatcher,0,na,paths_found_per_phase,386
U3,400,1.5,14,HopcroftKarpMatcher,0,na,bfs_edges_visited,8000
U3,400,1.5,14,HopcroftKarpMatcher,0,na,dfs_edges_visited,4029
U3,400,1.5,14,HopcroftKarpMatcher,0,na,defect_at_iteration,14
U3,400,1.5,14,HopcroftKarpMatcher,1,na,paths_found_per_phase,14
U3,400,1.5,14,HopcroftKarpMatcher,1,na,bfs_edges_visited,4451
U3,400,1.5,14,HopcroftKarpMatcher,1,na,dfs_edges_visited,1347
U3,400,1.5,14,HopcroftKarpMatcher,1,na,defect_at_iteration,0
U3,400,1.5,14,HopcroftKarpMatcher,-1,na,phase_count,2
U3,400,1.5,14,HopcroftKarpMatcher,-1,na,main_loop_iters,2
U3,400,1.5,14,HopcroftKarpMatcher,-1,na,total_bfs_edges_visited,12451
U3,400,1.5,14,HopcroftKarpMatcher,-1,na,total_edges_visited,17827
U3,400,1.5,14,HopcroftKarpMatcher,-1,na,matching_size,400
U3,400,1.5,14,HopcroftKarpMatcher,-1,na,wall_clock_ms,0.542564
U3,400,1.5,14,HopcroftKarpMatcher,-1,na,matching_size,400
U3,6400,1,16,SimpleAugmentingMatcher,-1,na,wall_clock_ms,38.5044
U3,6400,1,16,SimpleAugmentingMatcher,-1,na,matching_size,3476
U3,6400,1,16,HopcroftKarpMatcher,0,na,paths_found_per_phase,3228
U3,6400,1,16,HopcroftKarpMatcher,0,na,bfs_edges_visited,6400
U3,6400,1,16,HopcroftKarpMatcher,0,na,dfs_edges_visited,4624
U3,6400,1,16,HopcroftKarpMatcher,0,na,defect_at_iteration,3172
U3,6400,1,16,HopcroftKarpMatcher,1,na,paths_found_per_phase,236
U3,6400,1,16,HopcroftKarpMatcher,1,na,bfs_edges_visited,2315
U3,6400,1,16,HopcroftKarpMatcher,1,na,dfs_edges_visited,2412
U3,6400,1,16,HopcroftKarpMatcher,1,na,defect_at_iteration,2936
U3,6400,1,16,HopcroftKarpMatcher,2,na,paths_found_per_phase,9
U3,6400,1,16,HopcroftKarpMatcher,2,na,bfs_edges_visited,1589
U3,6400,1,16,HopcroftKarpMatcher,2,na,dfs_edges_visited,1666
U3,6400,1,16,HopcroftKarpMatcher,2,na,defect_at_iteration,2927
U3,6400,1,16,HopcroftKarpMatcher,3,na,paths_found_per_phase,3
U3,6400,1,16,HopcroftKarpMatcher,3,na,bfs_edges_visited,1631
U3,6400,1,16,HopcroftKarpMatcher,3,na,dfs_edges_visited,1633
U3,6400,1,16,HopcroftKarpMatcher,3,na,defect_at_iteration,2924
U3,6400,1,16,HopcroftKarpMatcher,-1,na,phase_count,4
U3,6400,1,16,HopcroftKarpMatcher,-1,na,main_loop_iters,4
U3,6400,1,16,HopcroftKarpMatcher,-1,na,total_bfs_edges_visited,11935
U3,6400,1,16,HopcroftKarpMatcher,-1,na,total_edges_visited,22270
U3,6400,1,16,HopcroftKarpMatcher,-1,na,matching_size,3476
U3,6400,1,16,HopcroftKarpMatcher,-1,na,wall_clock_ms,229.386
U3,6400,1,16,HopcroftKarpMatcher,-1,na,matching_size,3476
U3,6400,1.75,0,SimpleAugmentingMatcher,-1,na,wall_clock_ms,90784.4
U3,6400,1.75,0,SimpleAugmentingMatcher,-1,na,matching_size,6400
U3,6400,1.75,0,HopcroftKarpMatcher,0,na,paths_found_per_phase,6392
U3,6400,1.75,0,HopcroftKarpMatcher,0,na,bfs_edges_visited,4.57947e+06
U3,6400,1.75,0,HopcroftKarpMatcher,0,na,dfs_edges_visited,2.28868e+06
U3,6400,1.75,0,HopcroftKarpMatcher,0,na,defect_at_iteration,8
U3,6400,1.75,0,HopcroftKarpMatcher,1,na,paths_found_per_phase,8
U3,6400,1.75,0,HopcroftKarpMatcher,1,na,bfs_edges_visited,2.77948e+06
U3,6400,1.75,0,HopcroftKarpMatcher,1,na,dfs_edges_visited,12171
U3,6400,1.75,0,HopcroftKarpMatcher,1,na,defect_at_iteration,0
U3,6400,1.75,0,HopcroftKarpMatcher,-1,na,phase_count,2
U3,6400,1.75,0,HopcroftKarpMatcher,-1,na,main_loop_iters,2
U3,6400,1.75,0,HopcroftKarpMatcher,-1,na,total_bfs_edges_visited,7.35895e+06
U3,6400,1.75,0,HopcroftKarpMatcher,-1,na,total_edges_visited,9.6598e+06
U3,6400,1.75,0,HopcroftKarpMatcher,-1,na,matching_size,6400
U3,6400,1.75,0,HopcroftKarpMatcher,-1,na,wall_clock_ms,180.271
U3,6400,1.75,0,HopcroftKarpMatcher,-1,na,matching_size,6400
U3,1600,1.5,7,SimpleAugmentingMatcher,-1,na,wall_clock_ms,599.286
U3,1600,1.5,7,SimpleAugmentingMatcher,-1,na,matching_size,1600
U3,1600,1.5,7,HopcroftKarpMatcher,0,na,paths_found_per_phase,1579
U3,1600,1.5,7,HopcroftKarpMatcher,0,na,bfs_edges_visited,64000
U3,1600,1.5,7,HopcroftKarpMatcher,0,na,dfs_edges_visited,32137
U3,1600,1.5,7,HopcroftKarpMatcher,0,na,defect_at_iteration,21
U3,1600,1.5,7,HopcroftKarpMatcher,1,na,paths_found_per_phase,21
U3,1600,1.5,7,HopcroftKarpMatcher,1,na,bfs_edges_visited,26676
U3,1600,1.5,7,HopcroftKarpMatcher,1,na,dfs_edges_visited,6725
U3,1600,1.5,7,HopcroftKarpMatcher,1,na,defect_at_iteration,0
U3,1600,1.5,7,HopcroftKarpMatcher,-1,na,phase_count,2
U3,1600,1.5,7,HopcroftKarpMatcher,-1,na,main_loop_iters,2
U3,1600,1.5,7,HopcroftKarpMatcher,-1,na,total_bfs_edges_visited,90676
U3,1600,1.5,7,HopcroftKarpMatcher,-1,na,total_edges_visited,129538
U3,1600,1.5,7,HopcroftKarpMatcher,-1,na,matching_size,1600
U3,1600,1.5,7,HopcroftKarpMatcher,-1,na,wall_clock_ms,6.31562
U3,1600,1.5,7,HopcroftKarpMatcher,-1,na,matching_size,1600
U3,800,1.75,7,SimpleAugmentingMatcher,-1,na,wall_clock_ms,227.641
U3,800,1.75,7,SimpleAugmentingMatcher,-1,na,matching_size,800
U3,800,1.75,7,HopcroftKarpMatcher,0,na,paths_found_per_phase,796
U3,800,1.75,7,HopcroftKarpMatcher,0,na,bfs_edges_visited,120339
U3,800,1.75,7,HopcroftKarpMatcher,0,na,dfs_edges_visited,60184
U3,800,1.75,7,HopcroftKarpMatcher,0,na,defect_at_iteration,4
U3,800,1.75,7,HopcroftKarpMatcher,1,na,paths_found_per_phase,4
U3,800,1.75,7,HopcroftKarpMatcher,1,na,bfs_edges_visited,67457
U3,800,1.75,7,HopcroftKarpMatcher,1,na,dfs_edges_visited,1853
U3,800,1.75,7,HopcroftKarpMatcher,1,na,defect_at_iteration,0
U3,800,1.75,7,HopcroftKarpMatcher,-1,na,phase_count,2
U3,800,1.75,7,HopcroftKarpMatcher,-1,na,main_loop_iters,2
U3,800,1.75,7,HopcroftKarpMatcher,-1,na,total_bfs_edges_visited,187796
U3,800,1.75,7,HopcroftKarpMatcher,-1,na,total_edges_visited,249833
U3,800,1.75,7,HopcroftKarpMatcher,-1,na,matching_size,800
U3,800,1.75,7,HopcroftKarpMatcher,-1,na,wall_clock_ms,3.87471
U3,800,1.75,7,HopcroftKarpMatcher,-1,na,matching_size,800
U3,200,1.25,4,SimpleAugmentingMatcher,-1,na,wall_clock_ms,0.340002
U3,200,1.25,4,SimpleAugmentingMatcher,-1,na,matching_size,194
U3,200,1.25,4,HopcroftKarpMatcher,0,na,paths_found_per_phase,167
U3,200,1.25,4,HopcroftKarpMatcher,0,na,bfs_edges_visited,752
U3,200,1.25,4,HopcroftKarpMatcher,0,na,dfs_edges_visited,416
U3,200,1.25,4,HopcroftKarpMatcher,0,na,defect_at_iteration,33
U3,200,1.25,4,HopcroftKarpMatcher,1,na,paths_found_per_phase,20
U3,200,1.25,4,HopcroftKarpMatcher,1,na,bfs_edges_visited,276
U3,200,1.25,4,HopcroftKarpMatcher,1,na,dfs_edges_visited,330
U3,200,1.25,4,HopcroftKarpMatcher,1,na,defect_at_iteration,13
U3,200,1.25,4,HopcroftKarpMatcher,2,na,paths_found_per_phase,1
U3,200,1.25,4,HopcroftKarpMatcher,2,na,bfs_edges_visited,154
U3,200,1.25,4,HopcroftKarpMatcher,2,na,dfs_edges_visited,258
U3,200,1.25,4,HopcroftKarpMatcher,2,na,defect_at_iteration,12
U3,200,1.25,4,HopcroftKarpMatcher,3,na,paths_found_per_phase,3
U3,200,1.25,4,HopcroftKarpMatcher,3,na,bfs_edges_visited,261
U3,200,1.25,4,HopcroftKarpMatcher,3,na,dfs_edges_visited,290
U3,200,1.25,4,HopcroftKarpMatcher,3,na,defect_at_iteration,9
U3,200,1.25,4,HopcroftKarpMatcher,4,na,paths_found_per_phase,2
U3,200,1.25,4,HopcroftKarpMatcher,4,na,bfs_edges_visited,239
U3,200,1.25,4,HopcroftKarpMatcher,4,na,dfs_edges_visited,133
U3,200,1.25,4,HopcroftKarpMatcher,4,na,defect_at_iteration,7
U3,200,1.25,4,HopcroftKarpMatcher,5,na,paths_found_per_phase,1
U3,200,1.25,4,HopcroftKarpMatcher,5,na,bfs_edges_visited,363
U3,200,1.25,4,HopcroftKarpMatcher,5,na,dfs_edges_visited,64
U3,200,1.25,4,HopcroftKarpMatcher,5,na,defect_at_iteration,6
U3,200,1.25,4,HopcroftKarpMatcher,-1,na,phase_count,6
U3,200,1.25,4,HopcroftKarpMatcher,-1,na,main_loop_iters,6
U3,200,1.25,4,HopcroftKarpMatcher,-1,na,total_bfs_edges_visited,2045
U3,200,1.25,4,HopcroftKarpMatcher,-1,na,total_edges_visited,3536
U3,200,1.25,4,HopcroftKarpMatcher,-1,na,matching_size,194
U3,200,1.25,4,HopcroftKarpMatcher,-1,na,wall_clock_ms,0.269392
U3,200,1.25,4,HopcroftKarpMatcher,-1,na,matching_size,194
U3,6400,2,8,SimpleAugmentingMatcher,-1,na,wall_clock_ms,56296.9
U3,6400,2,8,SimpleAugmentingMatcher,-1,na,matching_size,6400
U3,6400,2,8,HopcroftKarpMatcher,0,na,paths_found_per_phase,6400
U3,6400,2,8,HopcroftKarpMatcher,0,na,bfs_edges_visited,4.096e+07
U3,6400,2,8,HopcroftKarpMatcher,0,na,dfs_edges_visited,2.04832e+07
U3,6400,2,8,HopcroftKarpMatcher,0,na,defect_at_iteration,0
U3,6400,2,8,HopcroftKarpMatcher,-1,na,phase_count,1
U3,6400,2,8,HopcroftKarpMatcher,-1,na,main_loop_iters,1
U3,6400,2,8,HopcroftKarpMatcher,-1,na,total_bfs_edges_visited,4.096e+07
U3,6400,2,8,HopcroftKarpMatcher,-1,na,total_edges_visited,6.14432e+07
U3,6400,2,8,HopcroftKarpMatcher,-1,na,matching_size,6400
U3,6400,2,8,HopcroftKarpMatcher,-1,na,wall_clock_ms,81.303
U3,6400,2,8,HopcroftKarpMatcher,-1,na,matching_size,6400
U3,1600,1.75,7,SimpleAugmentingMatcher,-1,na,wall_clock_ms,1685.37
U3,1600,1.75,7,SimpleAugmentingMatcher,-1,na,matching_size,1600
U3,1600,1.75,7,HopcroftKarpMatcher,0,na,paths_found_per_phase,1596
U3,1600,1.75,7,HopcroftKarpMatcher,0,na,bfs_edges_visited,404771
U3,1600,1.75,7,HopcroftKarpMatcher,0,na,dfs_edges_visited,202787
U3,1600,1.75,7,HopcroftKarpMatcher,0,na,defect_at_iteration,4
U3,1600,1.75,7,HopcroftKarpMatcher,1,na,paths_found_per_phase,4
U3,1600,1.75,7,HopcroftKarpMatcher,1,na,bfs_edges_visited,201246
U3,1600,1.75,7,HopcroftKarpMatcher,1,na,dfs_edges_visited,5064
U3,1600,1.75,7,HopcroftKarpMatcher,1,na,defect_at_iteration,0
U3,1600,1.75,7,HopcroftKarpMatcher,-1,na,phase_count,2
U3,1600,1.75,7,HopcroftKarpMatcher,-1,na,main_loop_iters,2
U3,1600,1.75,7,HopcroftKarpMatcher,-1,na,total_bfs_edges_visited,606017
U3,1600,1.75,7,HopcroftKarpMatcher,-1,na,total_edges_visited,813868
U3,1600,1.75,7,HopcroftKarpMatcher,-1,na,matching_size,1600
U3,1600,1.75,7,HopcroftKarpMatcher,-1,na,wall_clock_ms,13.1709
U3,1600,1.75,7,HopcroftKarpMatcher,-1,na,matching_size,1600
U3,3200,1.5,3,SimpleAugmentingMatcher,-1,na,wall_clock_ms,4883.35
U3,3200,1.5,3,SimpleAugmentingMatcher,-1,na,matching_size,3200
U3,3200,1.5,3,HopcroftKarpMatcher,0,na,paths_found_per_phase,3162
U3,3200,1.5,3,HopcroftKarpMatcher,0,na,bfs_edges_visited,181019
U3,3200,1.5,3,HopcroftKarpMatcher,0,na,dfs_edges_visited,90869
U3,3200,1.5,3,HopcroftKarpMatcher,0,na,defect_at_iteration,38
U3,3200,1.5,3,HopcroftKarpMatcher,1,na,paths_found_per_phase,38
U3,3200,1.5,3,HopcroftKarpMatcher,1,na,bfs_edges_visited,90721
U3,3200,1.5,3,HopcroftKarpMatcher,1,na,dfs_edges_visited,12825
U3,3200,1.5,3,HopcroftKarpMatcher,1,na,defect_at_iteration,0
U3,3200,1.5,3,HopcroftKarpMatcher,-1,na,phase_count,2
U3,3200,1.5,3,HopcroftKarpMatcher,-1,na,main_loop_iters,2
U3,3200,1.5,3,HopcroftKarpMatcher,-1,na,total_bfs_edges_visited,271740
U3,3200,1.5,3,HopcroftKarpMatcher,-1,na,total_edges_visited,375434
U3,3200,1.5,3,HopcroftKarpMatcher,-1,na,matching_size,3200
U3,3200,1.5,3,HopcroftKarpMatcher,-1,na,wall_clock_ms,24.4635
U3,3200,1.5,3,HopcroftKarpMatcher,-1,na,matching_size,3200
U3,800,1.5,4,SimpleAugmentingMatcher,-1,na,wall_clock_ms,74.9436
U3,800,1.5,4,SimpleAugmentingMatcher,-1,na,matching_size,800
U3,800,1.5,4,HopcroftKarpMatcher,0,na,paths_found_per_phase,782
U3,800,1.5,4,HopcroftKarpMatcher,0,na,bfs_edges_visited,22627
U3,800,1.5,4,HopcroftKarpMatcher,0,na,dfs_edges_visited,11246
U3,800,1.5,4,HopcroftKarpMatcher,0,na,defect_at_iteration,18
U3,800,1.5,4,HopcroftKarpMatcher,1,na,paths_found_per_phase,18
U3,800,1.5,4,HopcroftKarpMatcher,1,na,bfs_edges_visited,11202
U3,800,1.5,4,HopcroftKarpMatcher,1,na,dfs_edges_visited,3719
U3,800,1.5,4,HopcroftKarpMatcher,1,na,defect_at_iteration,0
U3,800,1.5,4,HopcroftKarpMatcher,-1,na,phase_count,2
U3,800,1.5,4,HopcroftKarpMatcher,-1,na,main_loop_iters,2
U3,800,1.5,4,HopcroftKarpMatcher,-1,na,total_bfs_edges_visited,33829
U3,800,1.5,4,HopcroftKarpMatcher,-1,na,total_edges_visited,48794
U3,800,1.5,4,HopcroftKarpMatcher,-1,na,matching_size,800
U3,800,1.5,4,HopcroftKarpMatcher,-1,na,wall_clock_ms,1.8554
U3,800,1.5,4,HopcroftKarpMatcher,-1,na,matching_size,800
U3,6400,2,5,SimpleAugmentingMatcher,-1,na,wall_clock_ms,56296.1
U3,6400,2,5,SimpleAugmentingMatcher,-1,na,matching_size,6400
U3,6400,2,5,HopcroftKarpMatcher,0,na,paths_found_per_phase,6400
U3,6400,2,5,HopcroftKarpMatcher,0,na,bfs_edges_visited,4.096e+07
U3,6400,2,5,HopcroftKarpMatcher,0,na,dfs_edges_visited,2.04832e+07
U3,6400,2,5,HopcroftKarpMatcher,0,na,defect_at_iteration,0
U3,6400,2,5,HopcroftKarpMatcher,-1,na,phase_count,1
U3,6400,2,5,HopcroftKarpMatcher,-1,na,main_loop_iters,1
U3,6400,2,5,HopcroftKarpMatcher,-1,na,total_bfs_edges_visited,4.096e+07
U3,6400,2,5,HopcroftKarpMatcher,-1,na,total_edges_visited,6.14432e+07
U3,6400,2,5,HopcroftKarpMatcher,-1,na,matching_size,6400
U3,6400,2,5,HopcroftKarpMatcher,-1,na,wall_clock_ms,81.3867
U3,6400,2,5,HopcroftKarpMatcher,-1,na,matching_size,6400
U3,6400,1.75,9,SimpleAugmentingMatcher,-1,na,wall_clock_ms,89348.8
U3,6400,1.75,9,SimpleAugmentingMatcher,-1,na,matching_size,6400
U3,6400,1.75,9,HopcroftKarpMatcher,0,na,paths_found_per_phase,6395
U3,6400,1.75,9,HopcroftKarpMatcher,0,na,bfs_edges_visited,4.57947e+06
U3,6400,1.75,9,HopcroftKarpMatcher,0,na,dfs_edges_visited,2.29035e+06
U3,6400,1.75,9,HopcroftKarpMatcher,0,na,defect_at_iteration,5
U3,6400,1.75,9,HopcroftKarpMatcher,1,na,paths_found_per_phase,5
U3,6400,1.75,9,HopcroftKarpMatcher,1,na,bfs_edges_visited,2.0395e+06
U3,6400,1.75,9,HopcroftKarpMatcher,1,na,dfs_edges_visited,21704
U3,6400,1.75,9,HopcroftKarpMatcher,1,na,defect_at_iteration,0
U3,6400,1.75,9,HopcroftKarpMatcher,-1,na,phase_count,2
U3,6400,1.75,9,HopcroftKarpMatcher,-1,na,main_loop_iters,2
U3,6400,1.75,9,HopcroftKarpMatcher,-1,na,total_bfs_edges_visited,6.61897e+06
U3,6400,1.75,9,HopcroftKarpMatcher,-1,na,total_edges_visited,8.93102e+06
U3,6400,1.75,9,HopcroftKarpMatcher,-1,na,matching_size,6400
U3,6400,1.75,9,HopcroftKarpMatcher,-1,na,wall_clock_ms,165.583
U3,6400,1.75,9,HopcroftKarpMatcher,-1,na,matching_size,6400
U3,100,1.25,13,SimpleAugmentingMatcher,-1,na,wall_clock_ms,0.082722
U3,100,1.25,13,SimpleAugmentingMatcher,-1,na,matching_size,90
U3,100,1.25,13,HopcroftKarpMatcher,0,na,paths_found_per_phase,78
U3,100,1.25,13,HopcroftKarpMatcher,0,na,bfs_edges_visited,316
U3,100,1.25,13,HopcroftKarpMatcher,0,na,dfs_edges_visited,185
U3,100,1.25,13,HopcroftKarpMatcher,0,na,defect_at_iteration,22
U3,100,1.25,13,HopcroftKarpMatcher,1,na,paths_found_per_phase,10
U3,100,1.25,13,HopcroftKarpMatcher,1,na,bfs_edges_visited,134
U3,100,1.25,13,HopcroftKarpMatcher,1,na,dfs_edges_visited,149
U3,100,1.25,13,HopcroftKarpMatcher,1,na,defect_at_iteration,12
U3,100,1.25,13,HopcroftKarpMatcher,2,na,paths_found_per_phase,1
U3,100,1.25,13,HopcroftKarpMatcher,2,na,bfs_edges_visited,145
U3,100,1.25,13,HopcroftKarpMatcher,2,na,dfs_edges_visited,167
U3,100,1.25,13,HopcroftKarpMatcher,2,na,defect_at_iteration,11
U3,100,1.25,13,HopcroftKarpMatcher,3,na,paths_found_per_phase,1
U3,100,1.25,13,HopcroftKarpMatcher,3,na,bfs_edges_visited,213
U3,100,1.25,13,HopcroftKarpMatcher,3,na,dfs_edges_visited,199
U3,100,1.25,13,HopcroftKarpMatcher,3,na,defect_at_iteration,10
U3,100,1.25,13,HopcroftKarpMatcher,-1,na,phase_count,4
U3,100,1.25,13,HopcroftKarpMatcher,-1,na,main_loop_iters,4
U3,100,1.25,13,HopcroftKarpMatcher,-1,na,total_bfs_edges_visited,808
U3,100,1.25,13,HopcroftKarpMatcher,-1,na,total_edges_visited,1508
U3,100,1.25,13,HopcroftKarpMatcher,-1,na,matching_size,90
U3,100,1.25,13,HopcroftKarpMatcher,-1,na,wall_clock_ms,0.094459
U3,100,1.25,13,HopcroftKarpMatcher,-1,na,matching_size,90
U3,800,1,8,SimpleAugmentingMatcher,-1,na,wall_clock_ms,0.621074
U3,800,1,8,SimpleAugmentingMatcher,-1,na,matching_size,443
U3,800,1,8,HopcroftKarpMatcher,0,na,paths_found_per_phase,414
U3,800,1,8,HopcroftKarpMatcher,0,na,bfs_edges_visited,800
U3,800,1,8,HopcroftKarpMatcher,0,na,dfs_edges_visited,588
U3,800,1,8,HopcroftKarpMatcher,0,na,defect_at_iteration,386
U3,800,1,8,HopcroftKarpMatcher,1,na,paths_found_per_phase,27
U3,800,1,8,HopcroftKarpMatcher,1,na,bfs_edges_visited,304
U3,800,1,8,HopcroftKarpMatcher,1,na,dfs_edges_visited,315
U3,800,1,8,HopcroftKarpMatcher,1,na,defect_at_iteration,359
U3,800,1,8,HopcroftKarpMatcher,2,na,paths_found_per_phase,2
U3,800,1,8,HopcroftKarpMatcher,2,na,bfs_edges_visited,248
U3,800,1,8,HopcroftKarpMatcher,2,na,dfs_edges_visited,249
U3,800,1,8,HopcroftKarpMatcher,2,na,defect_at_iteration,357
U3,800,1,8,HopcroftKarpMatcher,-1,na,phase_count,3
U3,800,1,8,HopcroftKarpMatcher,-1,na,main_loop_iters,3
U3,800,1,8,HopcroftKarpMatcher,-1,na,total_bfs_edges_visited,1352
U3,800,1,8,HopcroftKarpMatcher,-1,na,total_edges_visited,2504
U3,800,1,8,HopcroftKarpMatcher,-1,na,matching_size,443
U3,800,1,8,HopcroftKarpMatcher,-1,na,wall_clock_ms,2.98672
U3,800,1,8,HopcroftKarpMatcher,-1,na,matching_size,443
U3,200,1,13,SimpleAugmentingMatcher,-1,na,wall_clock_ms,0.043878
U3,200,1,13,SimpleAugmentingMatcher,-1,na,matching_size,102
U3,200,1,13,HopcroftKarpMatcher,0,na,paths_found_per_phase,98
U3,200,1,13,HopcroftKarpMatcher,0,na,bfs_edges_visited,200
U3,200,1,13,HopcroftKarpMatcher,0,na,dfs_edges_visited,141
U3,200,1,13,HopcroftKarpMatcher,0,na,defect_at_iteration,102
U3,200,1,13,HopcroftKarpMatcher,1,na,paths_found_per_phase,4
U3,200,1,13,HopcroftKarpMatcher,1,na,bfs_edges_visited,61
U3,200,1,13,HopcroftKarpMatcher,1,na,dfs_edges_visited,62
U3,200,1,13,HopcroftKarpMatcher,1,na,defect_at_iteration,98
U3,200,1,13,HopcroftKarpMatcher,-1,na,phase_count,2
U3,200,1,13,HopcroftKarpMatcher,-1,na,main_loop_iters,2
U3,200,1,13,HopcroftKarpMatcher,-1,na,total_bfs_edges_visited,261
U3,200,1,13,HopcroftKarpMatcher,-1,na,total_edges_visited,464
U3,200,1,13,HopcroftKarpMatcher,-1,na,matching_size,102
U3,200,1,13,HopcroftKarpMatcher,-1,na,wall_clock_ms,0.233916
U3,200,1,13,HopcroftKarpMatcher,-1,na,matching_size,102
U3,400,1.5,3,SimpleAugmentingMatcher,-1,na,wall_clock_ms,9.61702
U3,400,1.5,3,SimpleAugmentingMatcher,-1,na,matching_size,400
U3,400,1.5,3,HopcroftKarpMatcher,0,na,paths_found_per_phase,384
U3,400,1.5,3,HopcroftKarpMatcher,0,na,bfs_edges_visited,8000
U3,400,1.5,3,HopcroftKarpMatcher,0,na,dfs_edges_visited,4017
U3,400,1.5,3,HopcroftKarpMatcher,0,na,defect_at_iteration,16
U3,400,1.5,3,HopcroftKarpMatcher,1,na,paths_found_per_phase,16
U3,400,1.5,3,HopcroftKarpMatcher,1,na,bfs_edges_visited,4624
U3,400,1.5,3,HopcroftKarpMatcher,1,na,dfs_edges_visited,2112
U3,400,1.5,3,HopcroftKarpMatcher,1,na,defect_at_iteration,0
U3,400,1.5,3,HopcroftKarpMatcher,-1,na,phase_count,2
U3,400,1.5,3,HopcroftKarpMatcher,-1,na,main_loop_iters,2
U3,400,1.5,3,HopcroftKarpMatcher,-1,na,total_bfs_edges_visited,12624
U3,400,1.5,3,HopcroftKarpMatcher,-1,na,total_edges_visited,18753
U3,400,1.5,3,HopcroftKarpMatcher,-1,na,matching_size,400
U3,400,1.5,3,HopcroftKarpMatcher,-1,na,wall_clock_ms,0.576684
U3,400,1.5,3,HopcroftKarpMatcher,-1,na,matching_size,400
U3,1600,1,2,SimpleAugmentingMatcher,-1,na,wall_clock_ms,2.39803
U3,1600,1,2,SimpleAugmentingMatcher,-1,na,matching_size,908
U3,1600,1,2,HopcroftKarpMatcher,0,na,paths_found_per_phase,847
U3,1600,1,2,HopcroftKarpMatcher,0,na,bfs_edges_visited,1600
U3,1600,1,2,HopcroftKarpMatcher,0,na,dfs_edges_visited,1177
U3,1600,1,2,HopcroftKarpMatcher,0,na,defect_at_iteration,753
U3,1600,1,2,HopcroftKarpMatcher,1,na,paths_found_per_phase,60
U3,1600,1,2,HopcroftKarpMatcher,1,na,bfs_edges_visited,578
U3,1600,1,2,HopcroftKarpMatcher,1,na,dfs_edges_visited,601
U3,1600,1,2,HopcroftKarpMatcher,1,na,defect_at_iteration,693
U3,1600,1,2,HopcroftKarpMatcher,2,na,paths_found_per_phase,1
U3,1600,1,2,HopcroftKarpMatcher,2,na,bfs_edges_visited,376
U3,1600,1,2,HopcroftKarpMatcher,2,na,dfs_edges_visited,391
U3,1600,1,2,HopcroftKarpMatcher,2,na,defect_at_iteration,692
U3,1600,1,2,HopcroftKarpMatcher,-1,na,phase_count,3
U3,1600,1,2,HopcroftKarpMatcher,-1,na,main_loop_iters,3
U3,1600,1,2,HopcroftKarpMatcher,-1,na,total_bfs_edges_visited,2554
U3,1600,1,2,HopcroftKarpMatcher,-1,na,total_edges_visited,4723
U3,1600,1,2,HopcroftKarpMatcher,-1,na,matching_size,908
U3,1600,1,2,HopcroftKarpMatcher,-1,na,wall_clock_ms,11.2743
U3,1600,1,2,HopcroftKarpMatcher,-1,na,matching_size,908
U3,100,1.5,5,SimpleAugmentingMatcher,-1,na,wall_clock_ms,0.173246
U3,100,1.5,5,SimpleAugmentingMatcher,-1,na,matching_size,100
U3,100,1.5,5,HopcroftKarpMatcher,0,na,paths_found_per_phase,92
U3,100,1.5,5,HopcroftKarpMatcher,0,na,bfs_edges_visited,1000
U3,100,1.5,5,HopcroftKarpMatcher,0,na,dfs_edges_visited,528
U3,100,1.5,5,HopcroftKarpMatcher,0,na,defect_at_iteration,8
U3,100,1.5,5,HopcroftKarpMatcher,1,na,paths_found_per_phase,7
U3,100,1.5,5,HopcroftKarpMatcher,1,na,bfs_edges_visited,594
U3,100,1.5,5,HopcroftKarpMatcher,1,na,dfs_edges_visited,636
U3,100,1.5,5,HopcroftKarpMatcher,1,na,defect_at_iteration,1
U3,100,1.5,5,HopcroftKarpMatcher,2,na,paths_found_per_phase,1
U3,100,1.5,5,HopcroftKarpMatcher,2,na,bfs_edges_visited,1000
U3,100,1.5,5,HopcroftKarpMatcher,2,na,dfs_edges_visited,74
U3,100,1.5,5,HopcroftKarpMatcher,2,na,defect_at_iteration,0
U3,100,1.5,5,HopcroftKarpMatcher,-1,na,phase_count,3
U3,100,1.5,5,HopcroftKarpMatcher,-1,na,main_loop_iters,3
U3,100,1.5,5,HopcroftKarpMatcher,-1,na,total_bfs_edges_visited,2594
U3,100,1.5,5,HopcroftKarpMatcher,-1,na,total_edges_visited,3832
U3,100,1.5,5,HopcroftKarpMatcher,-1,na,matching_size,100
U3,100,1.5,5,HopcroftKarpMatcher,-1,na,wall_clock_ms,0.090436
U3,100,1.5,5,HopcroftKarpMatcher,-1,na,matching_size,100
U3,100,1.75,4,SimpleAugmentingMatcher,-1,na,wall_clock_ms,0.462137
U3,100,1.75,4,SimpleAugmentingMatcher,-1,na,matching_size,100
U3,100,1.75,4,HopcroftKarpMatcher,0,na,paths_found_per_phase,98
U3,100,1.75,4,HopcroftKarpMatcher,0,na,bfs_edges_visited,3162
U3,100,1.75,4,HopcroftKarpMatcher,0,na,dfs_edges_visited,1604
U3,100,1.75,4,HopcroftKarpMatcher,0,na,defect_at_iteration,2
U3,100,1.75,4,HopcroftKarpMatcher,1,na,paths_found_per_phase,2
U3,100,1.75,4,HopcroftKarpMatcher,1,na,bfs_edges_visited,1467
U3,100,1.75,4,HopcroftKarpMatcher,1,na,dfs_edges_visited,103
U3,100,1.75,4,HopcroftKarpMatcher,1,na,defect_at_iteration,0
U3,100,1.75,4,HopcroftKarpMatcher,-1,na,phase_count,2
U3,100,1.75,4,HopcroftKarpMatcher,-1,na,main_loop_iters,2
U3,100,1.75,4,HopcroftKarpMatcher,-1,na,total_bfs_edges_visited,4629
U3,100,1.75,4,HopcroftKarpMatcher,-1,na,total_edges_visited,6336
U3,100,1.75,4,HopcroftKarpMatcher,-1,na,matching_size,100
U3,100,1.75,4,HopcroftKarpMatcher,-1,na,wall_clock_ms,0.098048
U3,100,1.75,4,HopcroftKarpMatcher,-1,na,matching_size,100
U3,3200,2,16,SimpleAugmentingMatcher,-1,na,wall_clock_ms,7061.78
U3,3200,2,16,SimpleAugmentingMatcher,-1,na,matching_size,3200
U3,3200,2,16,HopcroftKarpMatcher,0,na,paths_found_per_phase,3200
U3,3200,2,16,HopcroftKarpMatcher,0,na,bfs_edges_visited,1.024e+07
U3,3200,2,16,HopcroftKarpMatcher,0,na,dfs_edges_visited,5.1216e+06
U3,3200,2,16,HopcroftKarpMatcher,0,na,defect_at_iteration,0
U3,3200,2,16,HopcroftKarpMatcher,-1,na,phase_count,1
U3,3200,2,16,HopcroftKarpMatcher,-1,na,main_loop_iters,1
U3,3200,2,16,HopcroftKarpMatcher,-1,na,total_bfs_edges_visited,1.024e+07
U3,3200,2,16,HopcroftKarpMatcher,-1,na,total_edges_visited,1.53616e+07
U3,3200,2,16,HopcroftKarpMatcher,-1,na,matching_size,3200
U3,3200,2,16,HopcroftKarpMatcher,-1,na,wall_clock_ms,20.3852
U3,3200,2,16,HopcroftKarpMatcher,-1,na,matching_size,3200
U3,1600,1.75,0,SimpleAugmentingMatcher,-1,na,wall_clock_ms,1685.52
U3,1600,1.75,0,SimpleAugmentingMatcher,-1,na,matching_size,1600
U3,1600,1.75,0,HopcroftKarpMatcher,0,na,paths_found_per_phase,1593
U3,1600,1.75,0,HopcroftKarpMatcher,0,na,bfs_edges_visited,404771
U3,1600,1.75,0,HopcroftKarpMatcher,0,na,dfs_edges_visited,202565
U3,1600,1.75,0,HopcroftKarpMatcher,0,na,defect_at_iteration,7
U3,1600,1.75,0,HopcroftKarpMatcher,1,na,paths_found_per_phase,7
U3,1600,1.75,0,HopcroftKarpMatcher,1,na,bfs_edges_visited,281269
U3,1600,1.75,0,HopcroftKarpMatcher,1,na,dfs_edges_visited,6920
U3,1600,1.75,0,HopcroftKarpMatcher,1,na,defect_at_iteration,0
U3,1600,1.75,0,HopcroftKarpMatcher,-1,na,phase_count,2
U3,1600,1.75,0,HopcroftKarpMatcher,-1,na,main_loop_iters,2
U3,1600,1.75,0,HopcroftKarpMatcher,-1,na,total_bfs_edges_visited,686040
U3,1600,1.75,0,HopcroftKarpMatcher,-1,na,total_edges_visited,895525
U3,1600,1.75,0,HopcroftKarpMatcher,-1,na,matching_size,1600
U3,1600,1.75,0,HopcroftKarpMatcher,-1,na,wall_clock_ms,14.3893
U3,1600,1.75,0,HopcroftKarpMatcher,-1,na,matching_size,1600
U3,200,1,4,SimpleAugmentingMatcher,-1,na,wall_clock_ms,0.039013
U3,200,1,4,SimpleAugmentingMatcher,-1,na,matching_size,113
U3,200,1,4,HopcroftKarpMatcher,0,na,paths_found_per_phase,108
U3,200,1,4,HopcroftKarpMatcher,0,na,bfs_edges_visited,200
U3,200,1,4,HopcroftKarpMatcher,0,na,dfs_edges_visited,145
U3,200,1,4,HopcroftKarpMatcher,0,na,defect_at_iteration,92
U3,200,1,4,HopcroftKarpMatcher,1,na,paths_found_per_phase,4
U3,200,1,4,HopcroftKarpMatcher,1,na,bfs_edges_visited,53
U3,200,1,4,HopcroftKarpMatcher,1,na,dfs_edges_visited,47
U3,200,1,4,HopcroftKarpMatcher,1,na,defect_at_iteration,88
U3,200,1,4,HopcroftKarpMatcher,2,na,paths_found_per_phase,1
U3,200,1,4,HopcroftKarpMatcher,2,na,bfs_edges_visited,37
U3,200,1,4,HopcroftKarpMatcher,2,na,dfs_edges_visited,34
U3,200,1,4,HopcroftKarpMatcher,2,na,defect_at_iteration,87
U3,200,1,4,HopcroftKarpMatcher,-1,na,phase_count,3
U3,200,1,4,HopcroftKarpMatcher,-1,na,main_loop_iters,3
U3,200,1,4,HopcroftKarpMatcher,-1,na,total_bfs_edges_visited,290
U3,200,1,4,HopcroftKarpMatcher,-1,na,total_edges_visited,516
U3,200,1,4,HopcroftKarpMatcher,-1,na,matching_size,113
U3,200,1,4,HopcroftKarpMatcher,-1,na,wall_clock_ms,0.191869
U3,200,1,4,HopcroftKarpMatcher,-1,na,matching_size,113
U3,200,1,7,SimpleAugmentingMatcher,-1,na,wall_clock_ms,0.040961
U3,200,1,7,SimpleAugmentingMatcher,-1,na,matching_size,112
U3,200,1,7,HopcroftKarpMatcher,0,na,paths_found_per_phase,109
U3,200,1,7,HopcroftKarpMatcher,0,na,bfs_edges_visited,200
U3,200,1,7,HopcroftKarpMatcher,0,na,dfs_edges_visited,146
U3,200,1,7,HopcroftKarpMatcher,0,na,defect_at_iteration,91
U3,200,1,7,HopcroftKarpMatcher,1,na,paths_found_per_phase,2
U3,200,1,7,HopcroftKarpMatcher,1,na,bfs_edges_visited,49
U3,200,1,7,HopcroftKarpMatcher,1,na,dfs_edges_visited,53
U3,200,1,7,HopcroftKarpMatcher,1,na,defect_at_iteration,89
U3,200,1,7,HopcroftKarpMatcher,2,na,paths_found_per_phase,1
U3,200,1,7,HopcroftKarpMatcher,2,na,bfs_edges_visited,46
U3,200,1,7,HopcroftKarpMatcher,2,na,dfs_edges_visited,43
U3,200,1,7,HopcroftKarpMatcher,2,na,defect_at_iteration,88
U3,200,1,7,HopcroftKarpMatcher,-1,na,phase_count,3
U3,200,1,7,HopcroftKarpMatcher,-1,na,main_loop_iters,3
U3,200,1,7,HopcroftKarpMatcher,-1,na,total_bfs_edges_visited,295
U3,200,1,7,HopcroftKarpMatcher,-1,na,total_edges_visited,537
U3,200,1,7,HopcroftKarpMatcher,-1,na,matching_size,112
U3,200,1,7,HopcroftKarpMatcher,-1,na,wall_clock_ms,0.196709
U3,200,1,7,HopcroftKarpMatcher,-1,na,matching_size,112
U3,1600,1.5,4,SimpleAugmentingMatcher,-1,na,wall_clock_ms,601.59
U3,1600,1.5,4,SimpleAugmentingMatcher,-1,na,matching_size,1600
U3,1600,1.5,4,HopcroftKarpMatcher,0,na,paths_found_per_phase,1564
U3,1600,1.5,4,HopcroftKarpMatcher,0,na,bfs_edges_visited,64000
U3,1600,1.5,4,HopcroftKarpMatcher,0,na,dfs_edges_visited,32095
U3,1600,1.5,4,HopcroftKarpMatcher,0,na,defect_at_iteration,36
U3,1600,1.5,4,HopcroftKarpMatcher,1,na,paths_found_per_phase,36
U3,1600,1.5,4,HopcroftKarpMatcher,1,na,bfs_edges_visited,36896
U3,1600,1.5,4,HopcroftKarpMatcher,1,na,dfs_edges_visited,9066
U3,1600,1.5,4,HopcroftKarpMatcher,1,na,defect_at_iteration,0
U3,1600,1.5,4,HopcroftKarpMatcher,-1,na,phase_count,2
U3,1600,1.5,4,HopcroftKarpMatcher,-1,na,main_loop_iters,2
U3,1600,1.5,4,HopcroftKarpMatcher,-1,na,total_bfs_edges_visited,100896
U3,1600,1.5,4,HopcroftKarpMatcher,-1,na,total_edges_visited,142057
U3,1600,1.5,4,HopcroftKarpMatcher,-1,na,matching_size,1600
U3,1600,1.5,4,HopcroftKarpMatcher,-1,na,wall_clock_ms,6.93657
U3,1600,1.5,4,HopcroftKarpMatcher,-1,na,matching_size,1600
U3,100,1.25,8,SimpleAugmentingMatcher,-1,na,wall_clock_ms,0.100838
U3,100,1.25,8,SimpleAugmentingMatcher,-1,na,matching_size,92
U3,100,1.25,8,HopcroftKarpMatcher,0,na,paths_found_per_phase,77
U3,100,1.25,8,HopcroftKarpMatcher,0,na,bfs_edges_visited,316
U3,100,1.25,8,HopcroftKarpMatcher,0,na,dfs_edges_visited,169
U3,100,1.25,8,HopcroftKarpMatcher,0,na,defect_at_iteration,23
U3,100,1.25,8,HopcroftKarpMatcher,1,na,paths_found_per_phase,11
U3,100,1.25,8,HopcroftKarpMatcher,1,na,bfs_edges_visited,150
U3,100,1.25,8,HopcroftKarpMatcher,1,na,dfs_edges_visited,155
U3,100,1.25,8,HopcroftKarpMatcher,1,na,defect_at_iteration,12
U3,100,1.25,8,HopcroftKarpMatcher,2,na,paths_found_per_phase,2
U3,100,1.25,8,HopcroftKarpMatcher,2,na,bfs_edges_visited,109
U3,100,1.25,8,HopcroftKarpMatcher,2,na,dfs_edges_visited,117
U3,100,1.25,8,HopcroftKarpMatcher,2,na,defect_at_iteration,10
U3,100,1.25,8,HopcroftKarpMatcher,3,na,paths_found_per_phase,2
U3,100,1.25,8,HopcroftKarpMatcher,3,na,bfs_edges_visited,220
U3,100,1.25,8,HopcroftKarpMatcher,3,na,dfs_edges_visited,158
U3,100,1.25,8,HopcroftKarpMatcher,3,na,defect_at_iteration,8
U3,100,1.25,8,HopcroftKarpMatcher,-1,na,phase_count,4
U3,100,1.25,8,HopcroftKarpMatcher,-1,na,main_loop_iters,4
U3,100,1.25,8,HopcroftKarpMatcher,-1,na,total_bfs_edges_visited,795
U3,100,1.25,8,HopcroftKarpMatcher,-1,na,total_edges_visited,1394
U3,100,1.25,8,HopcroftKarpMatcher,-1,na,matching_size,92
U3,100,1.25,8,HopcroftKarpMatcher,-1,na,wall_clock_ms,0.090322
U3,100,1.25,8,HopcroftKarpMatcher,-1,na,matching_size,92
U3,3200,1,13,SimpleAugmentingMatcher,-1,na,wall_clock_ms,9.57996
U3,3200,1,13,SimpleAugmentingMatcher,-1,na,matching_size,1736
U3,3200,1,13,HopcroftKarpMatcher,0,na,paths_found_per_phase,1631
U3,3200,1,13,HopcroftKarpMatcher,0,na,bfs_edges_visited,3200
U3,3200,1,13,HopcroftKarpMatcher,0,na,dfs_edges_visited,2318
U3,3200,1,13,HopcroftKarpMatcher,0,na,defect_at_iteration,1569
U3,3200,1,13,HopcroftKarpMatcher,1,na,paths_found_per_phase,101
U3,3200,1,13,HopcroftKarpMatcher,1,na,bfs_edges_visited,1130
U3,3200,1,13,HopcroftKarpMatcher,1,na,dfs_edges_visited,1139
U3,3200,1,13,HopcroftKarpMatcher,1,na,defect_at_iteration,1468
U3,3200,1,13,HopcroftKarpMatcher,2,na,paths_found_per_phase,4
U3,3200,1,13,HopcroftKarpMatcher,2,na,bfs_edges_visited,826
U3,3200,1,13,HopcroftKarpMatcher,2,na,dfs_edges_visited,822
U3,3200,1,13,HopcroftKarpMatcher,2,na,defect_at_iteration,1464
U3,3200,1,13,HopcroftKarpMatcher,-1,na,phase_count,3
U3,3200,1,13,HopcroftKarpMatcher,-1,na,main_loop_iters,3
U3,3200,1,13,HopcroftKarpMatcher,-1,na,total_bfs_edges_visited,5156
U3,3200,1,13,HopcroftKarpMatcher,-1,na,total_edges_visited,9435
U3,3200,1,13,HopcroftKarpMatcher,-1,na,matching_size,1736
U3,3200,1,13,HopcroftKarpMatcher,-1,na,wall_clock_ms,46.0893
U3,3200,1,13,HopcroftKarpMatcher,-1,na,matching_size,1736
U3,400,1,2,SimpleAugmentingMatcher,-1,na,wall_clock_ms,0.16036
U3,400,1,2,SimpleAugmentingMatcher,-1,na,matching_size,223
U3,400,1,2,HopcroftKarpMatcher,0,na,paths_found_per_phase,209
U3,400,1,2,HopcroftKarpMatcher,0,na,bfs_edges_visited,400
U3,400,1,2,HopcroftKarpMatcher,0,na,dfs_edges_visited,297
U3,400,1,2,HopcroftKarpMatcher,0,na,defect_at_iteration,191
U3,400,1,2,HopcroftKarpMatcher,1,na,paths_found_per_phase,14
U3,400,1,2,HopcroftKarpMatcher,1,na,bfs_edges_visited,130
U3,400,1,2,HopcroftKarpMatcher,1,na,dfs_edges_visited,138
U3,400,1,2,HopcroftKarpMatcher,1,na,defect_at_iteration,177
U3,400,1,2,HopcroftKarpMatcher,-1,na,phase_count,2
U3,400,1,2,HopcroftKarpMatcher,-1,na,main_loop_iters,2
U3,400,1,2,HopcroftKarpMatcher,-1,na,total_bfs_edges_visited,530
U3,400,1,2,HopcroftKarpMatcher,-1,na,total_edges_visited,965
U3,400,1,2,HopcroftKarpMatcher,-1,na,matching_size,223
U3,400,1,2,HopcroftKarpMatcher,-1,na,wall_clock_ms,0.556327
U3,400,1,2,HopcroftKarpMatcher,-1,na,matching_size,223
U3,1600,2,17,SimpleAugmentingMatcher,-1,na,wall_clock_ms,887.407
U3,1600,2,17,SimpleAugmentingMatcher,-1,na,matching_size,1600
U3,1600,2,17,HopcroftKarpMatcher,0,na,paths_found_per_phase,1600
U3,1600,2,17,HopcroftKarpMatcher,0,na,bfs_edges_visited,2.56e+06
U3,1600,2,17,HopcroftKarpMatcher,0,na,dfs_edges_visited,1.2808e+06
U3,1600,2,17,HopcroftKarpMatcher,0,na,defect_at_iteration,0
U3,1600,2,17,HopcroftKarpMatcher,-1,na,phase_count,1
U3,1600,2,17,HopcroftKarpMatcher,-1,na,main_loop_iters,1
U3,1600,2,17,HopcroftKarpMatcher,-1,na,total_bfs_edges_visited,2.56e+06
U3,1600,2,17,HopcroftKarpMatcher,-1,na,total_edges_visited,3.8408e+06
U3,1600,2,17,HopcroftKarpMatcher,-1,na,matching_size,1600
U3,1600,2,17,HopcroftKarpMatcher,-1,na,wall_clock_ms,5.12802
U3,1600,2,17,HopcroftKarpMatcher,-1,na,matching_size,1600
U3,6400,1.5,17,SimpleAugmentingMatcher,-1,na,wall_clock_ms,39650.9
U3,6400,1.5,17,SimpleAugmentingMatcher,-1,na,matching_size,6400
U3,6400,1.5,17,HopcroftKarpMatcher,0,na,paths_found_per_phase,6344
U3,6400,1.5,17,HopcroftKarpMatcher,0,na,bfs_edges_visited,512000
U3,6400,1.5,17,HopcroftKarpMatcher,0,na,dfs_edges_visited,255151
U3,6400,1.5,17,HopcroftKarpMatcher,0,na,defect_at_iteration,56
U3,6400,1.5,17,HopcroftKarpMatcher,1,na,paths_found_per_phase,56
U3,6400,1.5,17,HopcroftKarpMatcher,1,na,bfs_edges_visited,257392
U3,6400,1.5,17,HopcroftKarpMatcher,1,na,dfs_edges_visited,26069
U3,6400,1.5,17,HopcroftKarpMatcher,1,na,defect_at_iteration,0
U3,6400,1.5,17,HopcroftKarpMatcher,-1,na,phase_count,2
U3,6400,1.5,17,HopcroftKarpMatcher,-1,na,main_loop_iters,2
U3,6400,1.5,17,HopcroftKarpMatcher,-1,na,total_bfs_edges_visited,769392
U3,6400,1.5,17,HopcroftKarpMatcher,-1,na,total_edges_visited,1.05061e+06
U3,6400,1.5,17,HopcroftKarpMatcher,-1,na,matching_size,6400
U3,6400,1.5,17,HopcroftKarpMatcher,-1,na,wall_clock_ms,91.8705
U3,6400,1.5,17,HopcroftKarpMatcher,-1,na,matching_size,6400
U3,400,1.5,19,SimpleAugmentingMatcher,-1,na,wall_clock_ms,9.66885
U3,400,1.5,19,SimpleAugmentingMatcher,-1,na,matching_size,400
U3,400,1.5,19,HopcroftKarpMatcher,0,na,paths_found_per_phase,388
U3,400,1.5,19,HopcroftKarpMatcher,0,na,bfs_edges_visited,8000
U3,400,1.5,19,HopcroftKarpMatcher,0,na,dfs_edges_visited,3984
U3,400,1.5,19,HopcroftKarpMatcher,0,na,defect_at_iteration,12
U3,400,1.5,19,HopcroftKarpMatcher,1,na,paths_found_per_phase,12
U3,400,1.5,19,HopcroftKarpMatcher,1,na,bfs_edges_visited,3737
U3,400,1.5,19,HopcroftKarpMatcher,1,na,dfs_edges_visited,1554
U3,400,1.5,19,HopcroftKarpMatcher,1,na,defect_at_iteration,0
U3,400,1.5,19,HopcroftKarpMatcher,-1,na,phase_count,2
U3,400,1.5,19,HopcroftKarpMatcher,-1,na,main_loop_iters,2
U3,400,1.5,19,HopcroftKarpMatcher,-1,na,total_bfs_edges_visited,11737
U3,400,1.5,19,HopcroftKarpMatcher,-1,na,total_edges_visited,17275
U3,400,1.5,19,HopcroftKarpMatcher,-1,na,matching_size,400
U3,400,1.5,19,HopcroftKarpMatcher,-1,na,wall_clock_ms,0.528676
U3,400,1.5,19,HopcroftKarpMatcher,-1,na,matching_size,400
U3,3200,1.75,4,SimpleAugmentingMatcher,-1,na,wall_clock_ms,12294.9
U3,3200,1.75,4,SimpleAugmentingMatcher,-1,na,matching_size,3200
U3,3200,1.75,4,HopcroftKarpMatcher,0,na,paths_found_per_phase,3194
U3,3200,1.75,4,HopcroftKarpMatcher,0,na,bfs_edges_visited,1.36148e+06
U3,3200,1.75,4,HopcroftKarpMatcher,0,na,dfs_edges_visited,681071
U3,3200,1.75,4,HopcroftKarpMatcher,0,na,defect_at_iteration,6
U3,3200,1.75,4,HopcroftKarpMatcher,1,na,paths_found_per_phase,6
U3,3200,1.75,4,HopcroftKarpMatcher,1,na,bfs_edges_visited,792978
U3,3200,1.75,4,HopcroftKarpMatcher,1,na,dfs_edges_visited,14188
U3,3200,1.75,4,HopcroftKarpMatcher,1,na,defect_at_iteration,0
U3,3200,1.75,4,HopcroftKarpMatcher,-1,na,phase_count,2
U3,3200,1.75,4,HopcroftKarpMatcher,-1,na,main_loop_iters,2
U3,3200,1.75,4,HopcroftKarpMatcher,-1,na,total_bfs_edges_visited,2.15446e+06
U3,3200,1.75,4,HopcroftKarpMatcher,-1,na,total_edges_visited,2.84972e+06
U3,3200,1.75,4,HopcroftKarpMatcher,-1,na,matching_size,3200
U3,3200,1.75,4,HopcroftKarpMatcher,-1,na,wall_clock_ms,49.2305
U3,3200,1.75,4,HopcroftKarpMatcher,-1,na,matching_size,3200
U3,6400,1.75,11,SimpleAugmentingMatcher,-1,na,wall_clock_ms,89956.6
U3,6400,1.75,11,SimpleAugmentingMatcher,-1,na,matching_size,6400
U3,6400,1.75,11,HopcroftKarpMatcher,0,na,paths_found_per_phase,6394
U3,6400,1.75,11,HopcroftKarpMatcher,0,na,bfs_edges_visited,4.57947e+06
U3,6400,1.75,11,HopcroftKarpMatcher,0,na,dfs_edges_visited,2.29086e+06
U3,6400,1.75,11,HopcroftKarpMatcher,0,na,defect_at_iteration,6
U3,6400,1.75,11,HopcroftKarpMatcher,1,na,paths_found_per_phase,6
U3,6400,1.75,11,HopcroftKarpMatcher,1,na,bfs_edges_visited,2.35699e+06
U3,6400,1.75,11,HopcroftKarpMatcher,1,na,dfs_edges_visited,15482
U3,6400,1.75,11,HopcroftKarpMatcher,1,na,defect_at_iteration,0
U3,6400,1.75,11,HopcroftKarpMatcher,-1,na,phase_count,2
U3,6400,1.75,11,HopcroftKarpMatcher,-1,na,main_loop_iters,2
U3,6400,1.75,11,HopcroftKarpMatcher,-1,na,total_bfs_edges_visited,6.93646e+06
U3,6400,1.75,11,HopcroftKarpMatcher,-1,na,total_edges_visited,9.24281e+06
U3,6400,1.75,11,HopcroftKarpMatcher,-1,na,matching_size,6400
U3,6400,1.75,11,HopcroftKarpMatcher,-1,na,wall_clock_ms,173.091
U3,6400,1.75,11,HopcroftKarpMatcher,-1,na,matching_size,6400
U3,1600,1,12,SimpleAugmentingMatcher,-1,na,wall_clock_ms,2.44847
U3,1600,1,12,SimpleAugmentingMatcher,-1,na,matching_size,857
U3,1600,1,12,HopcroftKarpMatcher,0,na,paths_found_per_phase,813
U3,1600,1,12,HopcroftKarpMatcher,0,na,bfs_edges_visited,1600
U3,1600,1,12,HopcroftKarpMatcher,0,na,dfs_edges_visited,1158
U3,1600,1,12,HopcroftKarpMatcher,0,na,defect_at_iteration,787
U3,1600,1,12,HopcroftKarpMatcher,1,na,paths_found_per_phase,41
U3,1600,1,12,HopcroftKarpMatcher,1,na,bfs_edges_visited,535
U3,1600,1,12,HopcroftKarpMatcher,1,na,dfs_edges_visited,559
U3,1600,1,12,HopcroftKarpMatcher,1,na,defect_at_iteration,746
U3,1600,1,12,HopcroftKarpMatcher,2,na,paths_found_per_phase,3
U3,1600,1,12,HopcroftKarpMatcher,2,na,bfs_edges_visited,404
U3,1600,1,12,HopcroftKarpMatcher,2,na,dfs_edges_visited,410
U3,1600,1,12,HopcroftKarpMatcher,2,na,defect_at_iteration,743
U3,1600,1,12,HopcroftKarpMatcher,-1,na,phase_count,3
U3,1600,1,12,HopcroftKarpMatcher,-1,na,main_loop_iters,3
U3,1600,1,12,HopcroftKarpMatcher,-1,na,total_bfs_edges_visited,2539
U3,1600,1,12,HopcroftKarpMatcher,-1,na,total_edges_visited,4666
U3,1600,1,12,HopcroftKarpMatcher,-1,na,matching_size,857
U3,1600,1,12,HopcroftKarpMatcher,-1,na,wall_clock_ms,11.6956
U3,1600,1,12,HopcroftKarpMatcher,-1,na,matching_size,857
U3,400,1.25,19,SimpleAugmentingMatcher,-1,na,wall_clock_ms,2.51468
U3,400,1.25,19,SimpleAugmentingMatcher,-1,na,matching_size,396
U3,400,1.25,19,HopcroftKarpMatcher,0,na,paths_found_per_phase,327
U3,400,1.25,19,HopcroftKarpMatcher,0,na,bfs_edges_visited,1788
U3,400,1.25,19,HopcroftKarpMatcher,0,na,dfs_edges_visited,958
U3,400,1.25,19,HopcroftKarpMatcher,0,na,defect_at_iteration,73
U3,400,1.25,19,HopcroftKarpMatcher,1,na,paths_found_per_phase,51
U3,400,1.25,19,HopcroftKarpMatcher,1,na,bfs_edges_visited,920
U3,400,1.25,19,HopcroftKarpMatcher,1,na,dfs_edges_visited,823
U3,400,1.25,19,HopcroftKarpMatcher,1,na,defect_at_iteration,22
U3,400,1.25,19,HopcroftKarpMatcher,2,na,paths_found_per_phase,10
U3,400,1.25,19,HopcroftKarpMatcher,2,na,bfs_edges_visited,546
U3,400,1.25,19,HopcroftKarpMatcher,2,na,dfs_edges_visited,686
U3,400,1.25,19,HopcroftKarpMatcher,2,na,defect_at_iteration,12
U3,400,1.25,19,HopcroftKarpMatcher,3,na,paths_found_per_phase,4
U3,400,1.25,19,HopcroftKarpMatcher,3,na,bfs_edges_visited,467
U3,400,1.25,19,HopcroftKarpMatcher,3,na,dfs_edges_visited,826
U3,400,1.25,19,HopcroftKarpMatcher,3,na,defect_at_iteration,8
U3,400,1.25,19,HopcroftKarpMatcher,4,na,paths_found_per_phase,4
U3,400,1.25,19,HopcroftKarpMatcher,4,na,bfs_edges_visited,1169
U3,400,1.25,19,HopcroftKarpMatcher,4,na,dfs_edges_visited,371
U3,400,1.25,19,HopcroftKarpMatcher,4,na,defect_at_iteration,4
U3,400,1.25,19,HopcroftKarpMatcher,-1,na,phase_count,5
U3,400,1.25,19,HopcroftKarpMatcher,-1,na,main_loop_iters,5
U3,400,1.25,19,HopcroftKarpMatcher,-1,na,total_bfs_edges_visited,4890
U3,400,1.25,19,HopcroftKarpMatcher,-1,na,total_edges_visited,8554
U3,400,1.25,19,HopcroftKarpMatcher,-1,na,matching_size,396
U3,400,1.25,19,HopcroftKarpMatcher,-1,na,wall_clock_ms,0.900248
U3,400,1.25,19,HopcroftKarpMatcher,-1,na,matching_size,396
U3,3200,1.5,11,SimpleAugmentingMatcher,-1,na,wall_clock_ms,4870.1
U3,3200,1.5,11,SimpleAugmentingMatcher,-1,na,matching_size,3200
U3,3200,1.5,11,HopcroftKarpMatcher,0,na,paths_found_per_phase,3162
U3,3200,1.5,11,HopcroftKarpMatcher,0,na,bfs_edges_visited,181019
U3,3200,1.5,11,HopcroftKarpMatcher,0,na,dfs_edges_visited,90628
U3,3200,1.5,11,HopcroftKarpMatcher,0,na,defect_at_iteration,38
U3,3200,1.5,11,HopcroftKarpMatcher,1,na,paths_found_per_phase,38
U3,3200,1.5,11,HopcroftKarpMatcher,1,na,bfs_edges_visited,90028
U3,3200,1.5,11,HopcroftKarpMatcher,1,na,dfs_edges_visited,13374
U3,3200,1.5,11,HopcroftKarpMatcher,1,na,defect_at_iteration,0
U3,3200,1.5,11,HopcroftKarpMatcher,-1,na,phase_count,2
U3,3200,1.5,11,HopcroftKarpMatcher,-1,na,main_loop_iters,2
U3,3200,1.5,11,HopcroftKarpMatcher,-1,na,total_bfs_edges_visited,271047
U3,3200,1.5,11,HopcroftKarpMatcher,-1,na,total_edges_visited,375049
U3,3200,1.5,11,HopcroftKarpMatcher,-1,na,matching_size,3200
U3,3200,1.5,11,HopcroftKarpMatcher,-1,na,wall_clock_ms,24.1549
U3,3200,1.5,11,HopcroftKarpMatcher,-1,na,matching_size,3200
U3,1600,2,0,SimpleAugmentingMatcher,-1,na,wall_clock_ms,888.084
U3,1600,2,0,SimpleAugmentingMatcher,-1,na,matching_size,1600
U3,1600,2,0,HopcroftKarpMatcher,0,na,paths_found_per_phase,1600
U3,1600,2,0,HopcroftKarpMatcher,0,na,bfs_edges_visited,2.56e+06
U3,1600,2,0,HopcroftKarpMatcher,0,na,dfs_edges_visited,1.2808e+06
U3,1600,2,0,HopcroftKarpMatcher,0,na,defect_at_iteration,0
U3,1600,2,0,HopcroftKarpMatcher,-1,na,phase_count,1
U3,1600,2,0,HopcroftKarpMatcher,-1,na,main_loop_iters,1
U3,1600,2,0,HopcroftKarpMatcher,-1,na,total_bfs_edges_visited,2.56e+06
U3,1600,2,0,HopcroftKarpMatcher,-1,na,total_edges_visited,3.8408e+06
U3,1600,2,0,HopcroftKarpMatcher,-1,na,matching_size,1600
U3,1600,2,0,HopcroftKarpMatcher,-1,na,wall_clock_ms,5.12386
U3,1600,2,0,HopcroftKarpMatcher,-1,na,matching_size,1600
U3,400,2,5,SimpleAugmentingMatcher,-1,na,wall_clock_ms,14.405
U3,400,2,5,SimpleAugmentingMatcher,-1,na,matching_size,400
U3,400,2,5,HopcroftKarpMatcher,0,na,paths_found_per_phase,400
U3,400,2,5,HopcroftKarpMatcher,0,na,bfs_edges_visited,160000
U3,400,2,5,HopcroftKarpMatcher,0,na,dfs_edges_visited,80200
U3,400,2,5,HopcroftKarpMatcher,0,na,defect_at_iteration,0
U3,400,2,5,HopcroftKarpMatcher,-1,na,phase_count,1
U3,400,2,5,HopcroftKarpMatcher,-1,na,main_loop_iters,1
U3,400,2,5,HopcroftKarpMatcher,-1,na,total_bfs_edges_visited,160000
U3,400,2,5,HopcroftKarpMatcher,-1,na,total_edges_visited,240200
U3,400,2,5,HopcroftKarpMatcher,-1,na,matching_size,400
U3,400,2,5,HopcroftKarpMatcher,-1,na,wall_clock_ms,0.330421
U3,400,2,5,HopcroftKarpMatcher,-1,na,matching_size,400
U3,200,2,2,SimpleAugmentingMatcher,-1,na,wall_clock_ms,1.89754
U3,200,2,2,SimpleAugmentingMatcher,-1,na,matching_size,200
U3,200,2,2,HopcroftKarpMatcher,0,na,paths_found_per_phase,200
U3,200,2,2,HopcroftKarpMatcher,0,na,bfs_edges_visited,40000
U3,200,2,2,HopcroftKarpMatcher,0,na,dfs_edges_visited,20100
U3,200,2,2,HopcroftKarpMatcher,0,na,defect_at_iteration,0
U3,200,2,2,HopcroftKarpMatcher,-1,na,phase_count,1
U3,200,2,2,HopcroftKarpMatcher,-1,na,main_loop_iters,1
U3,200,2,2,HopcroftKarpMatcher,-1,na,total_bfs_edges_visited,40000
U3,200,2,2,HopcroftKarpMatcher,-1,na,total_edges_visited,60100
U3,200,2,2,HopcroftKarpMatcher,-1,na,matching_size,200
U3,200,2,2,HopcroftKarpMatcher,-1,na,wall_clock_ms,0.090266
U3,200,2,2,HopcroftKarpMatcher,-1,na,matching_size,200
U3,200,1.5,1,SimpleAugmentingMatcher,-1,na,wall_clock_ms,1.29394
U3,200,1.5,1,SimpleAugmentingMatcher,-1,na,matching_size,200
U3,200,1.5,1,HopcroftKarpMatcher,0,na,paths_found_per_phase,194
U3,200,1.5,1,HopcroftKarpMatcher,0,na,bfs_edges_visited,2828
U3,200,1.5,1,HopcroftKarpMatcher,0,na,dfs_edges_visited,1412
U3,200,1.5,1,HopcroftKarpMatcher,0,na,defect_at_iteration,6
U3,200,1.5,1,HopcroftKarpMatcher,1,na,paths_found_per_phase,6
U3,200,1.5,1,HopcroftKarpMatcher,1,na,bfs_edges_visited,835
U3,200,1.5,1,HopcroftKarpMatcher,1,na,dfs_edges_visited,442
U3,200,1.5,1,HopcroftKarpMatcher,1,na,defect_at_iteration,0
U3,200,1.5,1,HopcroftKarpMatcher,-1,na,phase_count,2
U3,200,1.5,1,HopcroftKarpMatcher,-1,na,main_loop_iters,2
U3,200,1.5,1,HopcroftKarpMatcher,-1,na,total_bfs_edges_visited,3663
U3,200,1.5,1,HopcroftKarpMatcher,-1,na,total_edges_visited,5517
U3,200,1.5,1,HopcroftKarpMatcher,-1,na,matching_size,200
U3,200,1.5,1,HopcroftKarpMatcher,-1,na,wall_clock_ms,0.146432
U3,200,1.5,1,HopcroftKarpMatcher,-1,na,matching_size,200
U3,1600,1.25,16,SimpleAugmentingMatcher,-1,na,wall_clock_ms,122.989
U3,1600,1.25,16,SimpleAugmentingMatcher,-1,na,matching_size,1597
U3,1600,1.25,16,HopcroftKarpMatcher,0,na,paths_found_per_phase,1431
U3,1600,1.25,16,HopcroftKarpMatcher,0,na,bfs_edges_visited,10119
U3,1600,1.25,16,HopcroftKarpMatcher,0,na,dfs_edges_visited,5282
U3,1600,1.25,16,HopcroftKarpMatcher,0,na,defect_at_iteration,169
U3,1600,1.25,16,HopcroftKarpMatcher,1,na,paths_found_per_phase,147
U3,1600,1.25,16,HopcroftKarpMatcher,1,na,bfs_edges_visited,4711
U3,1600,1.25,16,HopcroftKarpMatcher,1,na,dfs_edges_visited,4859
U3,1600,1.25,16,HopcroftKarpMatcher,1,na,defect_at_iteration,22
U3,1600,1.25,16,HopcroftKarpMatcher,2,na,paths_found_per_phase,14
U3,1600,1.25,16,HopcroftKarpMatcher,2,na,bfs_edges_visited,2134
U3,1600,1.25,16,HopcroftKarpMatcher,2,na,dfs_edges_visited,3439
U3,1600,1.25,16,HopcroftKarpMatcher,2,na,defect_at_iteration,8
U3,1600,1.25,16,HopcroftKarpMatcher,3,na,paths_found_per_phase,3
U3,1600,1.25,16,HopcroftKarpMatcher,3,na,bfs_edges_visited,4433
U3,1600,1.25,16,HopcroftKarpMatcher,3,na,dfs_edges_visited,6588
U3,1600,1.25,16,HopcroftKarpMatcher,3,na,defect_at_iteration,5
U3,1600,1.25,16,HopcroftKarpMatcher,4,na,paths_found_per_phase,1
U3,1600,1.25,16,HopcroftKarpMatcher,4,na,bfs_edges_visited,5383
U3,1600,1.25,16,HopcroftKarpMatcher,4,na,dfs_edges_visited,8961
U3,1600,1.25,16,HopcroftKarpMatcher,4,na,defect_at_iteration,4
U3,1600,1.25,16,HopcroftKarpMatcher,5,na,paths_found_per_phase,1
U3,1600,1.25,16,HopcroftKarpMatcher,5,na,bfs_edges_visited,9896
U3,1600,1.25,16,HopcroftKarpMatcher,5,na,dfs_edges_visited,7987
U3,1600,1.25,16,HopcroftKarpMatcher,5,na,defect_at_iteration,3
U3,1600,1.25,16,HopcroftKarpMatcher,-1,na,phase_count,6
U3,1600,1.25,16,HopcroftKarpMatcher,-1,na,main_loop_iters,6
U3,1600,1.25,16,HopcroftKarpMatcher,-1,na,total_bfs_edges_visited,36676
U3,1600,1.25,16,HopcroftKarpMatcher,-1,na,total_edges_visited,73792
U3,1600,1.25,16,HopcroftKarpMatcher,-1,na,matching_size,1597
U3,1600,1.25,16,HopcroftKarpMatcher,-1,na,wall_clock_ms,19.1034
U3,1600,1.25,16,HopcroftKarpMatcher,-1,na,matching_size,1597
U3,200,1.75,2,SimpleAugmentingMatcher,-1,na,wall_clock_ms,3.41225
U3,200,1.75,2,SimpleAugmentingMatcher,-1,na,matching_size,200
U3,200,1.75,2,HopcroftKarpMatcher,0,na,paths_found_per_phase,197
U3,200,1.75,2,HopcroftKarpMatcher,0,na,bfs_edges_visited,10636
U3,200,1.75,2,HopcroftKarpMatcher,0,na,dfs_edges_visited,5376
U3,200,1.75,2,HopcroftKarpMatcher,0,na,defect_at_iteration,3
U3,200,1.75,2,HopcroftKarpMatcher,1,na,paths_found_per_phase,3
U3,200,1.75,2,HopcroftKarpMatcher,1,na,bfs_edges_visited,6405
U3,200,1.75,2,HopcroftKarpMatcher,1,na,dfs_edges_visited,315
U3,200,1.75,2,HopcroftKarpMatcher,1,na,defect_at_iteration,0
U3,200,1.75,2,HopcroftKarpMatcher,-1,na,phase_count,2
U3,200,1.75,2,HopcroftKarpMatcher,-1,na,main_loop_iters,2
U3,200,1.75,2,HopcroftKarpMatcher,-1,na,total_bfs_edges_visited,17041
U3,200,1.75,2,HopcroftKarpMatcher,-1,na,total_edges_visited,22732
U3,200,1.75,2,HopcroftKarpMatcher,-1,na,matching_size,200
U3,200,1.75,2,HopcroftKarpMatcher,-1,na,wall_clock_ms,0.348141
U3,200,1.75,2,HopcroftKarpMatcher,-1,na,matching_size,200
U3,200,1.25,9,SimpleAugmentingMatcher,-1,na,wall_clock_ms,0.457632
U3,200,1.25,9,SimpleAugmentingMatcher,-1,na,matching_size,195
U3,200,1.25,9,HopcroftKarpMatcher,0,na,paths_found_per_phase,160
U3,200,1.25,9,HopcroftKarpMatcher,0,na,bfs_edges_visited,752
U3,200,1.25,9,HopcroftKarpMatcher,0,na,dfs_edges_visited,424
U3,200,1.25,9,HopcroftKarpMatcher,0,na,defect_at_iteration,40
U3,200,1.25,9,HopcroftKarpMatcher,1,na,paths_found_per_phase,26
U3,200,1.25,9,HopcroftKarpMatcher,1,na,bfs_edges_visited,407
U3,200,1.25,9,HopcroftKarpMatcher,1,na,dfs_edges_visited,370
U3,200,1.25,9,HopcroftKarpMatcher,1,na,defect_at_iteration,14
U3,200,1.25,9,HopcroftKarpMatcher,2,na,paths_found_per_phase,4
U3,200,1.25,9,HopcroftKarpMatcher,2,na,bfs_edges_visited,228
U3,200,1.25,9,HopcroftKarpMatcher,2,na,dfs_edges_visited,238
U3,200,1.25,9,HopcroftKarpMatcher,2,na,defect_at_iteration,10
U3,200,1.25,9,HopcroftKarpMatcher,3,na,paths_found_per_phase,1
U3,200,1.25,9,HopcroftKarpMatcher,3,na,bfs_edges_visited,309
U3,200,1.25,9,HopcroftKarpMatcher,3,na,dfs_edges_visited,340
U3,200,1.25,9,HopcroftKarpMatcher,3,na,defect_at_iteration,9
U3,200,1.25,9,HopcroftKarpMatcher,4,na,paths_found_per_phase,2
U3,200,1.25,9,HopcroftKarpMatcher,4,na,bfs_edges_visited,397
U3,200,1.25,9,HopcroftKarpMatcher,4,na,dfs_edges_visited,304
U3,200,1.25,9,HopcroftKarpMatcher,4,na,defect_at_iteration,7
U3,200,1.25,9,HopcroftKarpMatcher,5,na,paths_found_per_phase,2
U3,200,1.25,9,HopcroftKarpMatcher,5,na,bfs_edges_visited,483
U3,200,1.25,9,HopcroftKarpMatcher,5,na,dfs_edges_visited,212
U3,200,1.25,9,HopcroftKarpMatcher,5,na,defect_at_iteration,5
U3,200,1.25,9,HopcroftKarpMatcher,-1,na,phase_count,6
U3,200,1.25,9,HopcroftKarpMatcher,-1,na,main_loop_iters,6
U3,200,1.25,9,HopcroftKarpMatcher,-1,na,total_bfs_edges_visited,2576
U3,200,1.25,9,HopcroftKarpMatcher,-1,na,total_edges_visited,4464
U3,200,1.25,9,HopcroftKarpMatcher,-1,na,matching_size,195
U3,200,1.25,9,HopcroftKarpMatcher,-1,na,wall_clock_ms,0.328142
U3,200,1.25,9,HopcroftKarpMatcher,-1,na,matching_size,195
U3,3200,1,8,SimpleAugmentingMatcher,-1,na,wall_clock_ms,9.45413
U3,3200,1,8,SimpleAugmentingMatcher,-1,na,matching_size,1760
U3,3200,1,8,HopcroftKarpMatcher,0,na,paths_found_per_phase,1629
U3,3200,1,8,HopcroftKarpMatcher,0,na,bfs_edges_visited,3200
U3,3200,1,8,HopcroftKarpMatcher,0,na,dfs_edges_visited,2336
U3,3200,1,8,HopcroftKarpMatcher,0,na,defect_at_iteration,1571
U3,3200,1,8,HopcroftKarpMatcher,1,na,paths_found_per_phase,125
U3,3200,1,8,HopcroftKarpMatcher,1,na,bfs_edges_visited,1203
U3,3200,1,8,HopcroftKarpMatcher,1,na,dfs_edges_visited,1242
U3,3200,1,8,HopcroftKarpMatcher,1,na,defect_at_iteration,1446
U3,3200,1,8,HopcroftKarpMatcher,2,na,paths_found_per_phase,6
U3,3200,1,8,HopcroftKarpMatcher,2,na,bfs_edges_visited,785
U3,3200,1,8,HopcroftKarpMatcher,2,na,dfs_edges_visited,797
U3,3200,1,8,HopcroftKarpMatcher,2,na,defect_at_iteration,1440
U3,3200,1,8,HopcroftKarpMatcher,-1,na,phase_count,3
U3,3200,1,8,HopcroftKarpMatcher,-1,na,main_loop_iters,3
U3,3200,1,8,HopcroftKarpMatcher,-1,na,total_bfs_edges_visited,5188
U3,3200,1,8,HopcroftKarpMatcher,-1,na,total_edges_visited,9563
U3,3200,1,8,HopcroftKarpMatcher,-1,na,matching_size,1760
U3,3200,1,8,HopcroftKarpMatcher,-1,na,wall_clock_ms,45.9575
U3,3200,1,8,HopcroftKarpMatcher,-1,na,matching_size,1760
U3,3200,1.75,17,SimpleAugmentingMatcher,-1,na,wall_clock_ms,12245.7
U3,3200,1.75,17,SimpleAugmentingMatcher,-1,na,matching_size,3200
U3,3200,1.75,17,HopcroftKarpMatcher,0,na,paths_found_per_phase,3197
U3,3200,1.75,17,HopcroftKarpMatcher,0,na,bfs_edges_visited,1.36148e+06
U3,3200,1.75,17,HopcroftKarpMatcher,0,na,dfs_edges_visited,681192
U3,3200,1.75,17,HopcroftKarpMatcher,0,na,defect_at_iteration,3
U3,3200,1.75,17,HopcroftKarpMatcher,1,na,paths_found_per_phase,3
U3,3200,1.75,17,HopcroftKarpMatcher,1,na,bfs_edges_visited,488220
U3,3200,1.75,17,HopcroftKarpMatcher,1,na,dfs_edges_visited,1739
U3,3200,1.75,17,HopcroftKarpMatcher,1,na,defect_at_iteration,0
U3,3200,1.75,17,HopcroftKarpMatcher,-1,na,phase_count,2
U3,3200,1.75,17,HopcroftKarpMatcher,-1,na,main_loop_iters,2
U3,3200,1.75,17,HopcroftKarpMatcher,-1,na,total_bfs_edges_visited,1.8497e+06
U3,3200,1.75,17,HopcroftKarpMatcher,-1,na,total_edges_visited,2.53263e+06
U3,3200,1.75,17,HopcroftKarpMatcher,-1,na,matching_size,3200
U3,3200,1.75,17,HopcroftKarpMatcher,-1,na,wall_clock_ms,44.2158
U3,3200,1.75,17,HopcroftKarpMatcher,-1,na,matching_size,3200
U3,400,1,12,SimpleAugmentingMatcher,-1,na,wall_clock_ms,0.162036
U3,400,1,12,SimpleAugmentingMatcher,-1,na,matching_size,227
U3,400,1,12,HopcroftKarpMatcher,0,na,paths_found_per_phase,209
U3,400,1,12,HopcroftKarpMatcher,0,na,bfs_edges_visited,400
U3,400,1,12,HopcroftKarpMatcher,0,na,dfs_edges_visited,295
U3,400,1,12,HopcroftKarpMatcher,0,na,defect_at_iteration,191
U3,400,1,12,HopcroftKarpMatcher,1,na,paths_found_per_phase,15
U3,400,1,12,HopcroftKarpMatcher,1,na,bfs_edges_visited,160
U3,400,1,12,HopcroftKarpMatcher,1,na,dfs_edges_visited,165
U3,400,1,12,HopcroftKarpMatcher,1,na,defect_at_iteration,176
U3,400,1,12,HopcroftKarpMatcher,2,na,paths_found_per_phase,3
U3,400,1,12,HopcroftKarpMatcher,2,na,bfs_edges_visited,122
U3,400,1,12,HopcroftKarpMatcher,2,na,dfs_edges_visited,122
U3,400,1,12,HopcroftKarpMatcher,2,na,defect_at_iteration,173
U3,400,1,12,HopcroftKarpMatcher,-1,na,phase_count,3
U3,400,1,12,HopcroftKarpMatcher,-1,na,main_loop_iters,3
U3,400,1,12,HopcroftKarpMatcher,-1,na,total_bfs_edges_visited,682
U3,400,1,12,HopcroftKarpMatcher,-1,na,total_edges_visited,1264
U3,400,1,12,HopcroftKarpMatcher,-1,na,matching_size,227
U3,400,1,12,HopcroftKarpMatcher,-1,na,wall_clock_ms,0.758887
U3,400,1,12,HopcroftKarpMatcher,-1,na,matching_size,227
U3,400,1,0,SimpleAugmentingMatcher,-1,na,wall_clock_ms,0.145241
U3,400,1,0,SimpleAugmentingMatcher,-1,na,matching_size,235
U3,400,1,0,HopcroftKarpMatcher,0,na,paths_found_per_phase,226
U3,400,1,0,HopcroftKarpMatcher,0,na,bfs_edges_visited,400
U3,400,1,0,HopcroftKarpMatcher,0,na,dfs_edges_visited,296
U3,400,1,0,HopcroftKarpMatcher,0,na,defect_at_iteration,174
U3,400,1,0,HopcroftKarpMatcher,1,na,paths_found_per_phase,8
U3,400,1,0,HopcroftKarpMatcher,1,na,bfs_edges_visited,110
U3,400,1,0,HopcroftKarpMatcher,1,na,dfs_edges_visited,113
U3,400,1,0,HopcroftKarpMatcher,1,na,defect_at_iteration,166
U3,400,1,0,HopcroftKarpMatcher,2,na,paths_found_per_phase,1
U3,400,1,0,HopcroftKarpMatcher,2,na,bfs_edges_visited,85
U3,400,1,0,HopcroftKarpMatcher,2,na,dfs_edges_visited,83
U3,400,1,0,HopcroftKarpMatcher,2,na,defect_at_iteration,165
U3,400,1,0,HopcroftKarpMatcher,-1,na,phase_count,3
U3,400,1,0,HopcroftKarpMatcher,-1,na,main_loop_iters,3
U3,400,1,0,HopcroftKarpMatcher,-1,na,total_bfs_edges_visited,595
U3,400,1,0,HopcroftKarpMatcher,-1,na,total_edges_visited,1087
U3,400,1,0,HopcroftKarpMatcher,-1,na,matching_size,235
U3,400,1,0,HopcroftKarpMatcher,-1,na,wall_clock_ms,0.700421
U3,400,1,0,HopcroftKarpMatcher,-1,na,matching_size,235
U3,100,1.5,6,SimpleAugmentingMatcher,-1,na,wall_clock_ms,0.178961
U3,100,1.5,6,SimpleAugmentingMatcher,-1,na,matching_size,100
U3,100,1.5,6,HopcroftKarpMatcher,0,na,paths_found_per_phase,94
U3,100,1.5,6,HopcroftKarpMatcher,0,na,bfs_edges_visited,1000
U3,100,1.5,6,HopcroftKarpMatcher,0,na,dfs_edges_visited,500
U3,100,1.5,6,HopcroftKarpMatcher,0,na,defect_at_iteration,6
U3,100,1.5,6,HopcroftKarpMatcher,1,na,paths_found_per_phase,6
U3,100,1.5,6,HopcroftKarpMatcher,1,na,bfs_edges_visited,406
U3,100,1.5,6,HopcroftKarpMatcher,1,na,dfs_edges_visited,239
U3,100,1.5,6,HopcroftKarpMatcher,1,na,defect_at_iteration,0
U3,100,1.5,6,HopcroftKarpMatcher,-1,na,phase_count,2
U3,100,1.5,6,HopcroftKarpMatcher,-1,na,main_loop_iters,2
U3,100,1.5,6,HopcroftKarpMatcher,-1,na,total_bfs_edges_visited,1406
U3,100,1.5,6,HopcroftKarpMatcher,-1,na,total_edges_visited,2145
U3,100,1.5,6,HopcroftKarpMatcher,-1,na,matching_size,100
U3,100,1.5,6,HopcroftKarpMatcher,-1,na,wall_clock_ms,0.053401
U3,100,1.5,6,HopcroftKarpMatcher,-1,na,matching_size,100
U3,6400,1,14,SimpleAugmentingMatcher,-1,na,wall_clock_ms,37.6991
U3,6400,1,14,SimpleAugmentingMatcher,-1,na,matching_size,3469
U3,6400,1,14,HopcroftKarpMatcher,0,na,paths_found_per_phase,3241
U3,6400,1,14,HopcroftKarpMatcher,0,na,bfs_edges_visited,6400
U3,6400,1,14,HopcroftKarpMatcher,0,na,dfs_edges_visited,4630
U3,6400,1,14,HopcroftKarpMatcher,0,na,defect_at_iteration,3159
U3,6400,1,14,HopcroftKarpMatcher,1,na,paths_found_per_phase,222
U3,6400,1,14,HopcroftKarpMatcher,1,na,bfs_edges_visited,2261
U3,6400,1,14,HopcroftKarpMatcher,1,na,dfs_edges_visited,2313
U3,6400,1,14,HopcroftKarpMatcher,1,na,defect_at_iteration,2937
U3,6400,1,14,HopcroftKarpMatcher,2,na,paths_found_per_phase,6
U3,6400,1,14,HopcroftKarpMatcher,2,na,bfs_edges_visited,1525
U3,6400,1,14,HopcroftKarpMatcher,2,na,dfs_edges_visited,1558
U3,6400,1,14,HopcroftKarpMatcher,2,na,defect_at_iteration,2931
U3,6400,1,14,HopcroftKarpMatcher,-1,na,phase_count,3
U3,6400,1,14,HopcroftKarpMatcher,-1,na,main_loop_iters,3
U3,6400,1,14,HopcroftKarpMatcher,-1,na,total_bfs_edges_visited,10186
U3,6400,1,14,HopcroftKarpMatcher,-1,na,total_edges_visited,18687
U3,6400,1,14,HopcroftKarpMatcher,-1,na,matching_size,3469
U3,6400,1,14,HopcroftKarpMatcher,-1,na,wall_clock_ms,183.191
U3,6400,1,14,HopcroftKarpMatcher,-1,na,matching_size,3469
U3,100,2,7,SimpleAugmentingMatcher,-1,na,wall_clock_ms,0.255049
U3,100,2,7,SimpleAugmentingMatcher,-1,na,matching_size,100
U3,100,2,7,HopcroftKarpMatcher,0,na,paths_found_per_phase,100
U3,100,2,7,HopcroftKarpMatcher,0,na,bfs_edges_visited,10000
U3,100,2,7,HopcroftKarpMatcher,0,na,dfs_edges_visited,5050
U3,100,2,7,HopcroftKarpMatcher,0,na,defect_at_iteration,0
U3,100,2,7,HopcroftKarpMatcher,-1,na,phase_count,1
U3,100,2,7,HopcroftKarpMatcher,-1,na,main_loop_iters,1
U3,100,2,7,HopcroftKarpMatcher,-1,na,total_bfs_edges_visited,10000
U3,100,2,7,HopcroftKarpMatcher,-1,na,total_edges_visited,15050
U3,100,2,7,HopcroftKarpMatcher,-1,na,matching_size,100
U3,100,2,7,HopcroftKarpMatcher,-1,na,wall_clock_ms,0.026448
U3,100,2,7,HopcroftKarpMatcher,-1,na,matching_size,100
U3,3200,2,10,SimpleAugmentingMatcher,-1,na,wall_clock_ms,7135.38
U3,3200,2,10,SimpleAugmentingMatcher,-1,na,matching_size,3200
U3,3200,2,10,HopcroftKarpMatcher,0,na,paths_found_per_phase,3200
U3,3200,2,10,HopcroftKarpMatcher,0,na,bfs_edges_visited,1.024e+07
U3,3200,2,10,HopcroftKarpMatcher,0,na,dfs_edges_visited,5.1216e+06
U3,3200,2,10,HopcroftKarpMatcher,0,na,defect_at_iteration,0
U3,3200,2,10,HopcroftKarpMatcher,-1,na,phase_count,1
U3,3200,2,10,HopcroftKarpMatcher,-1,na,main_loop_iters,1
U3,3200,2,10,HopcroftKarpMatcher,-1,na,total_bfs_edges_visited,1.024e+07
U3,3200,2,10,HopcroftKarpMatcher,-1,na,total_edges_visited,1.53616e+07
U3,3200,2,10,HopcroftKarpMatcher,-1,na,matching_size,3200
U3,3200,2,10,HopcroftKarpMatcher,-1,na,wall_clock_ms,20.5359
U3,3200,2,10,HopcroftKarpMatcher,-1,na,matching_size,3200
U3,3200,1.75,1,SimpleAugmentingMatcher,-1,na,wall_clock_ms,12288.6
U3,3200,1.75,1,SimpleAugmentingMatcher,-1,na,matching_size,3200
U3,3200,1.75,1,HopcroftKarpMatcher,0,na,paths_found_per_phase,3195
U3,3200,1.75,1,HopcroftKarpMatcher,0,na,bfs_edges_visited,1.36148e+06
U3,3200,1.75,1,HopcroftKarpMatcher,0,na,dfs_edges_visited,680384
U3,3200,1.75,1,HopcroftKarpMatcher,0,na,defect_at_iteration,5
U3,3200,1.75,1,HopcroftKarpMatcher,1,na,paths_found_per_phase,5
U3,3200,1.75,1,HopcroftKarpMatcher,1,na,bfs_edges_visited,686308
U3,3200,1.75,1,HopcroftKarpMatcher,1,na,dfs_edges_visited,4258
U3,3200,1.75,1,HopcroftKarpMatcher,1,na,defect_at_iteration,0
U3,3200,1.75,1,HopcroftKarpMatcher,-1,na,phase_count,2
U3,3200,1.75,1,HopcroftKarpMatcher,-1,na,main_loop_iters,2
U3,3200,1.75,1,HopcroftKarpMatcher,-1,na,total_bfs_edges_visited,2.04779e+06
U3,3200,1.75,1,HopcroftKarpMatcher,-1,na,total_edges_visited,2.73243e+06
U3,3200,1.75,1,HopcroftKarpMatcher,-1,na,matching_size,3200
U3,3200,1.75,1,HopcroftKarpMatcher,-1,na,wall_clock_ms,48.0863
U3,3200,1.75,1,HopcroftKarpMatcher,-1,na,matching_size,3200
U3,3200,1,3,SimpleAugmentingMatcher,-1,na,wall_clock_ms,9.2612
U3,3200,1,3,SimpleAugmentingMatcher,-1,na,matching_size,1744
U3,3200,1,3,HopcroftKarpMatcher,0,na,paths_found_per_phase,1621
U3,3200,1,3,HopcroftKarpMatcher,0,na,bfs_edges_visited,3200
U3,3200,1,3,HopcroftKarpMatcher,0,na,dfs_edges_visited,2294
U3,3200,1,3,HopcroftKarpMatcher,0,na,defect_at_iteration,1579
U3,3200,1,3,HopcroftKarpMatcher,1,na,paths_found_per_phase,115
U3,3200,1,3,HopcroftKarpMatcher,1,na,bfs_edges_visited,1114
U3,3200,1,3,HopcroftKarpMatcher,1,na,dfs_edges_visited,1105
U3,3200,1,3,HopcroftKarpMatcher,1,na,defect_at_iteration,1464
U3,3200,1,3,HopcroftKarpMatcher,2,na,paths_found_per_phase,5
U3,3200,1,3,HopcroftKarpMatcher,2,na,bfs_edges_visited,718
U3,3200,1,3,HopcroftKarpMatcher,2,na,dfs_edges_visited,739
U3,3200,1,3,HopcroftKarpMatcher,2,na,defect_at_iteration,1459
U3,3200,1,3,HopcroftKarpMatcher,3,na,paths_found_per_phase,3
U3,3200,1,3,HopcroftKarpMatcher,3,na,bfs_edges_visited,719
U3,3200,1,3,HopcroftKarpMatcher,3,na,dfs_edges_visited,716
U3,3200,1,3,HopcroftKarpMatcher,3,na,defect_at_iteration,1456
U3,3200,1,3,HopcroftKarpMatcher,-1,na,phase_count,4
U3,3200,1,3,HopcroftKarpMatcher,-1,na,main_loop_iters,4
U3,3200,1,3,HopcroftKarpMatcher,-1,na,total_bfs_edges_visited,5751
U3,3200,1,3,HopcroftKarpMatcher,-1,na,total_edges_visited,10605
U3,3200,1,3,HopcroftKarpMatcher,-1,na,matching_size,1744
U3,3200,1,3,HopcroftKarpMatcher,-1,na,wall_clock_ms,56.5558
U3,3200,1,3,HopcroftKarpMatcher,-1,na,matching_size,1744
U3,800,1.5,18,SimpleAugmentingMatcher,-1,na,wall_clock_ms,74.8389
U3,800,1.5,18,SimpleAugmentingMatcher,-1,na,matching_size,800
U3,800,1.5,18,HopcroftKarpMatcher,0,na,paths_found_per_phase,785
U3,800,1.5,18,HopcroftKarpMatcher,0,na,bfs_edges_visited,22627
U3,800,1.5,18,HopcroftKarpMatcher,0,na,dfs_edges_visited,11401
U3,800,1.5,18,HopcroftKarpMatcher,0,na,defect_at_iteration,15
U3,800,1.5,18,HopcroftKarpMatcher,1,na,paths_found_per_phase,15
U3,800,1.5,18,HopcroftKarpMatcher,1,na,bfs_edges_visited,9448
U3,800,1.5,18,HopcroftKarpMatcher,1,na,dfs_edges_visited,3994
U3,800,1.5,18,HopcroftKarpMatcher,1,na,defect_at_iteration,0
U3,800,1.5,18,HopcroftKarpMatcher,-1,na,phase_count,2
U3,800,1.5,18,HopcroftKarpMatcher,-1,na,main_loop_iters,2
U3,800,1.5,18,HopcroftKarpMatcher,-1,na,total_bfs_edges_visited,32075
U3,800,1.5,18,HopcroftKarpMatcher,-1,na,total_edges_visited,47470
U3,800,1.5,18,HopcroftKarpMatcher,-1,na,matching_size,800
U3,800,1.5,18,HopcroftKarpMatcher,-1,na,wall_clock_ms,1.79374
U3,800,1.5,18,HopcroftKarpMatcher,-1,na,matching_size,800
U3,3200,1.5,4,SimpleAugmentingMatcher,-1,na,wall_clock_ms,4884.23
U3,3200,1.5,4,SimpleAugmentingMatcher,-1,na,matching_size,3200
U3,3200,1.5,4,HopcroftKarpMatcher,0,na,paths_found_per_phase,3165
U3,3200,1.5,4,HopcroftKarpMatcher,0,na,bfs_edges_visited,181019
U3,3200,1.5,4,HopcroftKarpMatcher,0,na,dfs_edges_visited,90633
U3,3200,1.5,4,HopcroftKarpMatcher,0,na,defect_at_iteration,35
U3,3200,1.5,4,HopcroftKarpMatcher,1,na,paths_found_per_phase,35
U3,3200,1.5,4,HopcroftKarpMatcher,1,na,bfs_edges_visited,86591
U3,3200,1.5,4,HopcroftKarpMatcher,1,na,dfs_edges_visited,15509
U3,3200,1.5,4,HopcroftKarpMatcher,1,na,defect_at_iteration,0
U3,3200,1.5,4,HopcroftKarpMatcher,-1,na,phase_count,2
U3,3200,1.5,4,HopcroftKarpMatcher,-1,na,main_loop_iters,2
U3,3200,1.5,4,HopcroftKarpMatcher,-1,na,total_bfs_edges_visited,267610
U3,3200,1.5,4,HopcroftKarpMatcher,-1,na,total_edges_visited,373752
U3,3200,1.5,4,HopcroftKarpMatcher,-1,na,matching_size,3200
U3,3200,1.5,4,HopcroftKarpMatcher,-1,na,wall_clock_ms,24.0655
U3,3200,1.5,4,HopcroftKarpMatcher,-1,na,matching_size,3200
U3,200,1.75,7,SimpleAugmentingMatcher,-1,na,wall_clock_ms,3.43065
U3,200,1.75,7,SimpleAugmentingMatcher,-1,na,matching_size,200
U3,200,1.75,7,HopcroftKarpMatcher,0,na,paths_found_per_phase,198
U3,200,1.75,7,HopcroftKarpMatcher,0,na,bfs_edges_visited,10636
U3,200,1.75,7,HopcroftKarpMatcher,0,na,dfs_edges_visited,5368
U3,200,1.75,7,HopcroftKarpMatcher,0,na,defect_at_iteration,2
U3,200,1.75,7,HopcroftKarpMatcher,1,na,paths_found_per_phase,2
U3,200,1.75,7,HopcroftKarpMatcher,1,na,bfs_edges_visited,5923
U3,200,1.75,7,HopcroftKarpMatcher,1,na,dfs_edges_visited,319
U3,200,1.75,7,HopcroftKarpMatcher,1,na,defect_at_iteration,0
U3,200,1.75,7,HopcroftKarpMatcher,-1,na,phase_count,2
U3,200,1.75,7,HopcroftKarpMatcher,-1,na,main_loop_iters,2
U3,200,1.75,7,HopcroftKarpMatcher,-1,na,total_bfs_edges_visited,16559
U3,200,1.75,7,HopcroftKarpMatcher,-1,na,total_edges_visited,22246
U3,200,1.75,7,HopcroftKarpMatcher,-1,na,matching_size,200
U3,200,1.75,7,HopcroftKarpMatcher,-1,na,wall_clock_ms,0.339699
U3,200,1.75,7,HopcroftKarpMatcher,-1,na,matching_size,200
U3,800,1.25,2,SimpleAugmentingMatcher,-1,na,wall_clock_ms,16.6623
U3,800,1.25,2,SimpleAugmentingMatcher,-1,na,matching_size,797
U3,800,1.25,2,HopcroftKarpMatcher,0,na,paths_found_per_phase,688
U3,800,1.25,2,HopcroftKarpMatcher,0,na,bfs_edges_visited,4254
U3,800,1.25,2,HopcroftKarpMatcher,0,na,dfs_edges_visited,2215
U3,800,1.25,2,HopcroftKarpMatcher,0,na,defect_at_iteration,112
U3,800,1.25,2,HopcroftKarpMatcher,1,na,paths_found_per_phase,89
U3,800,1.25,2,HopcroftKarpMatcher,1,na,bfs_edges_visited,2213
U3,800,1.25,2,HopcroftKarpMatcher,1,na,dfs_edges_visited,1938
U3,800,1.25,2,HopcroftKarpMatcher,1,na,defect_at_iteration,23
U3,800,1.25,2,HopcroftKarpMatcher,2,na,paths_found_per_phase,13
U3,800,1.25,2,HopcroftKarpMatcher,2,na,bfs_edges_visited,1030
U3,800,1.25,2,HopcroftKarpMatcher,2,na,dfs_edges_visited,1686
U3,800,1.25,2,HopcroftKarpMatcher,2,na,defect_at_iteration,10
U3,800,1.25,2,HopcroftKarpMatcher,3,na,paths_found_per_phase,4
U3,800,1.25,2,HopcroftKarpMatcher,3,na,bfs_edges_visited,2694
U3,800,1.25,2,HopcroftKarpMatcher,3,na,dfs_edges_visited,2173
U3,800,1.25,2,HopcroftKarpMatcher,3,na,defect_at_iteration,6
U3,800,1.25,2,HopcroftKarpMatcher,4,na,paths_found_per_phase,1
U3,800,1.25,2,HopcroftKarpMatcher,4,na,bfs_edges_visited,1758
U3,800,1.25,2,HopcroftKarpMatcher,4,na,dfs_edges_visited,3003
U3,800,1.25,2,HopcroftKarpMatcher,4,na,defect_at_iteration,5
U3,800,1.25,2,HopcroftKarpMatcher,5,na,paths_found_per_phase,2
U3,800,1.25,2,HopcroftKarpMatcher,5,na,bfs_edges_visited,3800
U3,800,1.25,2,HopcroftKarpMatcher,5,na,dfs_edges_visited,2419
U3,800,1.25,2,HopcroftKarpMatcher,5,na,defect_at_iteration,3
U3,800,1.25,2,HopcroftKarpMatcher,-1,na,phase_count,6
U3,800,1.25,2,HopcroftKarpMatcher,-1,na,main_loop_iters,6
U3,800,1.25,2,HopcroftKarpMatcher,-1,na,total_bfs_edges_visited,15749
U3,800,1.25,2,HopcroftKarpMatcher,-1,na,total_edges_visited,29183
U3,800,1.25,2,HopcroftKarpMatcher,-1,na,matching_size,797
U3,800,1.25,2,HopcroftKarpMatcher,-1,na,wall_clock_ms,4.6852
U3,800,1.25,2,HopcroftKarpMatcher,-1,na,matching_size,797
U3,6400,1.5,19,SimpleAugmentingMatcher,-1,na,wall_clock_ms,39581.6
U3,6400,1.5,19,SimpleAugmentingMatcher,-1,na,matching_size,6400
U3,6400,1.5,19,HopcroftKarpMatcher,0,na,paths_found_per_phase,6338
U3,6400,1.5,19,HopcroftKarpMatcher,0,na,bfs_edges_visited,512000
U3,6400,1.5,19,HopcroftKarpMatcher,0,na,dfs_edges_visited,256021
U3,6400,1.5,19,HopcroftKarpMatcher,0,na,defect_at_iteration,62
U3,6400,1.5,19,HopcroftKarpMatcher,1,na,paths_found_per_phase,62
U3,6400,1.5,19,HopcroftKarpMatcher,1,na,bfs_edges_visited,281302
U3,6400,1.5,19,HopcroftKarpMatcher,1,na,dfs_edges_visited,32181
U3,6400,1.5,19,HopcroftKarpMatcher,1,na,defect_at_iteration,0
U3,6400,1.5,19,HopcroftKarpMatcher,-1,na,phase_count,2
U3,6400,1.5,19,HopcroftKarpMatcher,-1,na,main_loop_iters,2
U3,6400,1.5,19,HopcroftKarpMatcher,-1,na,total_bfs_edges_visited,793302
U3,6400,1.5,19,HopcroftKarpMatcher,-1,na,total_edges_visited,1.0815e+06
U3,6400,1.5,19,HopcroftKarpMatcher,-1,na,matching_size,6400
U3,6400,1.5,19,HopcroftKarpMatcher,-1,na,wall_clock_ms,94.2695
U3,6400,1.5,19,HopcroftKarpMatcher,-1,na,matching_size,6400
U3,1600,2,5,SimpleAugmentingMatcher,-1,na,wall_clock_ms,887.14
U3,1600,2,5,SimpleAugmentingMatcher,-1,na,matching_size,1600
U3,1600,2,5,HopcroftKarpMatcher,0,na,paths_found_per_phase,1600
U3,1600,2,5,HopcroftKarpMatcher,0,na,bfs_edges_visited,2.56e+06
U3,1600,2,5,HopcroftKarpMatcher,0,na,dfs_edges_visited,1.2808e+06
U3,1600,2,5,HopcroftKarpMatcher,0,na,defect_at_iteration,0
U3,1600,2,5,HopcroftKarpMatcher,-1,na,phase_count,1
U3,1600,2,5,HopcroftKarpMatcher,-1,na,main_loop_iters,1
U3,1600,2,5,HopcroftKarpMatcher,-1,na,total_bfs_edges_visited,2.56e+06
U3,1600,2,5,HopcroftKarpMatcher,-1,na,total_edges_visited,3.8408e+06
U3,1600,2,5,HopcroftKarpMatcher,-1,na,matching_size,1600
U3,1600,2,5,HopcroftKarpMatcher,-1,na,wall_clock_ms,5.1464
U3,1600,2,5,HopcroftKarpMatcher,-1,na,matching_size,1600
U3,3200,1.75,18,SimpleAugmentingMatcher,-1,na,wall_clock_ms,12224.5
U3,3200,1.75,18,SimpleAugmentingMatcher,-1,na,matching_size,3200
U3,3200,1.75,18,HopcroftKarpMatcher,0,na,paths_found_per_phase,3196
U3,3200,1.75,18,HopcroftKarpMatcher,0,na,bfs_edges_visited,1.36148e+06
U3,3200,1.75,18,HopcroftKarpMatcher,0,na,dfs_edges_visited,681165
U3,3200,1.75,18,HopcroftKarpMatcher,0,na,defect_at_iteration,4
U3,3200,1.75,18,HopcroftKarpMatcher,1,na,paths_found_per_phase,4
U3,3200,1.75,18,HopcroftKarpMatcher,1,na,bfs_edges_visited,596978
U3,3200,1.75,18,HopcroftKarpMatcher,1,na,dfs_edges_visited,5521
U3,3200,1.75,18,HopcroftKarpMatcher,1,na,defect_at_iteration,0
U3,3200,1.75,18,HopcroftKarpMatcher,-1,na,phase_count,2
U3,3200,1.75,18,HopcroftKarpMatcher,-1,na,main_loop_iters,2
U3,3200,1.75,18,HopcroftKarpMatcher,-1,na,total_bfs_edges_visited,1.95846e+06
U3,3200,1.75,18,HopcroftKarpMatcher,-1,na,total_edges_visited,2.64515e+06
U3,3200,1.75,18,HopcroftKarpMatcher,-1,na,matching_size,3200
U3,3200,1.75,18,HopcroftKarpMatcher,-1,na,wall_clock_ms,46.4674
U3,3200,1.75,18,HopcroftKarpMatcher,-1,na,matching_size,3200
U3,6400,1.5,18,SimpleAugmentingMatcher,-1,na,wall_clock_ms,39610.2
U3,6400,1.5,18,SimpleAugmentingMatcher,-1,na,matching_size,6400
U3,6400,1.5,18,HopcroftKarpMatcher,0,na,paths_found_per_phase,6342
U3,6400,1.5,18,HopcroftKarpMatcher,0,na,bfs_edges_visited,512000
U3,6400,1.5,18,HopcroftKarpMatcher,0,na,dfs_edges_visited,256180
U3,6400,1.5,18,HopcroftKarpMatcher,0,na,defect_at_iteration,58
U3,6400,1.5,18,HopcroftKarpMatcher,1,na,paths_found_per_phase,58
U3,6400,1.5,18,HopcroftKarpMatcher,1,na,bfs_edges_visited,259279
U3,6400,1.5,18,HopcroftKarpMatcher,1,na,dfs_edges_visited,39798
U3,6400,1.5,18,HopcroftKarpMatcher,1,na,defect_at_iteration,0
U3,6400,1.5,18,HopcroftKarpMatcher,-1,na,phase_count,2
U3,6400,1.5,18,HopcroftKarpMatcher,-1,na,main_loop_iters,2
U3,6400,1.5,18,HopcroftKarpMatcher,-1,na,total_bfs_edges_visited,771279
U3,6400,1.5,18,HopcroftKarpMatcher,-1,na,total_edges_visited,1.06726e+06
U3,6400,1.5,18,HopcroftKarpMatcher,-1,na,matching_size,6400
U3,6400,1.5,18,HopcroftKarpMatcher,-1,na,wall_clock_ms,92.913
U3,6400,1.5,18,HopcroftKarpMatcher,-1,na,matching_size,6400
U3,800,1,17,SimpleAugmentingMatcher,-1,na,wall_clock_ms,0.613488
U3,800,1,17,SimpleAugmentingMatcher,-1,na,matching_size,439
U3,800,1,17,HopcroftKarpMatcher,0,na,paths_found_per_phase,417
U3,800,1,17,HopcroftKarpMatcher,0,na,bfs_edges_visited,800
U3,800,1,17,HopcroftKarpMatcher,0,na,dfs_edges_visited,594
U3,800,1,17,HopcroftKarpMatcher,0,na,defect_at_iteration,383
U3,800,1,17,HopcroftKarpMatcher,1,na,paths_found_per_phase,22
U3,800,1,17,HopcroftKarpMatcher,1,na,bfs_edges_visited,269
U3,800,1,17,HopcroftKarpMatcher,1,na,dfs_edges_visited,272
U3,800,1,17,HopcroftKarpMatcher,1,na,defect_at_iteration,361
U3,800,1,17,HopcroftKarpMatcher,-1,na,phase_count,2
U3,800,1,17,HopcroftKarpMatcher,-1,na,main_loop_iters,2
U3,800,1,17,HopcroftKarpMatcher,-1,na,total_bfs_edges_visited,1069
U3,800,1,17,HopcroftKarpMatcher,-1,na,total_edges_visited,1935
U3,800,1,17,HopcroftKarpMatcher,-1,na,matching_size,439
U3,800,1,17,HopcroftKarpMatcher,-1,na,wall_clock_ms,2.22932
U3,800,1,17,HopcroftKarpMatcher,-1,na,matching_size,439
U3,200,1.5,0,SimpleAugmentingMatcher,-1,na,wall_clock_ms,1.35287
U3,200,1.5,0,SimpleAugmentingMatcher,-1,na,matching_size,200
U3,200,1.5,0,HopcroftKarpMatcher,0,na,paths_found_per_phase,189
U3,200,1.5,0,HopcroftKarpMatcher,0,na,bfs_edges_visited,2828
U3,200,1.5,0,HopcroftKarpMatcher,0,na,dfs_edges_visited,1420
U3,200,1.5,0,HopcroftKarpMatcher,0,na,defect_at_iteration,11
U3,200,1.5,0,HopcroftKarpMatcher,1,na,paths_found_per_phase,11
U3,200,1.5,0,HopcroftKarpMatcher,1,na,bfs_edges_visited,1589
U3,200,1.5,0,HopcroftKarpMatcher,1,na,dfs_edges_visited,502
U3,200,1.5,0,HopcroftKarpMatcher,1,na,defect_at_iteration,0
U3,200,1.5,0,HopcroftKarpMatcher,-1,na,phase_count,2
U3,200,1.5,0,HopcroftKarpMatcher,-1,na,main_loop_iters,2
U3,200,1.5,0,HopcroftKarpMatcher,-1,na,total_bfs_edges_visited,4417
U3,200,1.5,0,HopcroftKarpMatcher,-1,na,total_edges_visited,6339
U3,200,1.5,0,HopcroftKarpMatcher,-1,na,matching_size,200
U3,200,1.5,0,HopcroftKarpMatcher,-1,na,wall_clock_ms,0.166086
U3,200,1.5,0,HopcroftKarpMatcher,-1,na,matching_size,200
U3,400,2,1,SimpleAugmentingMatcher,-1,na,wall_clock_ms,14.4012
U3,400,2,1,SimpleAugmentingMatcher,-1,na,matching_size,400
U3,400,2,1,HopcroftKarpMatcher,0,na,paths_found_per_phase,400
U3,400,2,1,HopcroftKarpMatcher,0,na,bfs_edges_visited,160000
U3,400,2,1,HopcroftKarpMatcher,0,na,dfs_edges_visited,80200
U3,400,2,1,HopcroftKarpMatcher,0,na,defect_at_iteration,0
U3,400,2,1,HopcroftKarpMatcher,-1,na,phase_count,1
U3,400,2,1,HopcroftKarpMatcher,-1,na,main_loop_iters,1
U3,400,2,1,HopcroftKarpMatcher,-1,na,total_bfs_edges_visited,160000
U3,400,2,1,HopcroftKarpMatcher,-1,na,total_edges_visited,240200
U3,400,2,1,HopcroftKarpMatcher,-1,na,matching_size,400
U3,400,2,1,HopcroftKarpMatcher,-1,na,wall_clock_ms,0.329816
U3,400,2,1,HopcroftKarpMatcher,-1,na,matching_size,400
U3,200,1.25,14,SimpleAugmentingMatcher,-1,na,wall_clock_ms,0.431238
U3,200,1.25,14,SimpleAugmentingMatcher,-1,na,matching_size,194
U3,200,1.25,14,HopcroftKarpMatcher,0,na,paths_found_per_phase,170
U3,200,1.25,14,HopcroftKarpMatcher,0,na,bfs_edges_visited,752
U3,200,1.25,14,HopcroftKarpMatcher,0,na,dfs_edges_visited,412
U3,200,1.25,14,HopcroftKarpMatcher,0,na,defect_at_iteration,30
U3,200,1.25,14,HopcroftKarpMatcher,1,na,paths_found_per_phase,16
U3,200,1.25,14,HopcroftKarpMatcher,1,na,bfs_edges_visited,300
U3,200,1.25,14,HopcroftKarpMatcher,1,na,dfs_edges_visited,434
U3,200,1.25,14,HopcroftKarpMatcher,1,na,defect_at_iteration,14
U3,200,1.25,14,HopcroftKarpMatcher,2,na,paths_found_per_phase,5
U3,200,1.25,14,HopcroftKarpMatcher,2,na,bfs_edges_visited,509
U3,200,1.25,14,HopcroftKarpMatcher,2,na,dfs_edges_visited,242
U3,200,1.25,14,HopcroftKarpMatcher,2,na,defect_at_iteration,9
U3,200,1.25,14,HopcroftKarpMatcher,3,na,paths_found_per_phase,2
U3,200,1.25,14,HopcroftKarpMatcher,3,na,bfs_edges_visited,500
U3,200,1.25,14,HopcroftKarpMatcher,3,na,dfs_edges_visited,224
U3,200,1.25,14,HopcroftKarpMatcher,3,na,defect_at_iteration,7
U3,200,1.25,14,HopcroftKarpMatcher,4,na,paths_found_per_phase,1
U3,200,1.25,14,HopcroftKarpMatcher,4,na,bfs_edges_visited,465
U3,200,1.25,14,HopcroftKarpMatcher,4,na,dfs_edges_visited,200
U3,200,1.25,14,HopcroftKarpMatcher,4,na,defect_at_iteration,6
U3,200,1.25,14,HopcroftKarpMatcher,-1,na,phase_count,5
U3,200,1.25,14,HopcroftKarpMatcher,-1,na,main_loop_iters,5
U3,200,1.25,14,HopcroftKarpMatcher,-1,na,total_bfs_edges_visited,2526
U3,200,1.25,14,HopcroftKarpMatcher,-1,na,total_edges_visited,4038
U3,200,1.25,14,HopcroftKarpMatcher,-1,na,matching_size,194
U3,200,1.25,14,HopcroftKarpMatcher,-1,na,wall_clock_ms,0.334582
U3,200,1.25,14,HopcroftKarpMatcher,-1,na,matching_size,194
U3,200,1.75,6,SimpleAugmentingMatcher,-1,na,wall_clock_ms,3.38363
U3,200,1.75,6,SimpleAugmentingMatcher,-1,na,matching_size,200
U3,200,1.75,6,HopcroftKarpMatcher,0,na,paths_found_per_phase,199
U3,200,1.75,6,HopcroftKarpMatcher,0,na,bfs_edges_visited,10636
U3,200,1.75,6,HopcroftKarpMatcher,0,na,dfs_edges_visited,5364
U3,200,1.75,6,HopcroftKarpMatcher,0,na,defect_at_iteration,1
U3,200,1.75,6,HopcroftKarpMatcher,1,na,paths_found_per_phase,1
U3,200,1.75,6,HopcroftKarpMatcher,1,na,bfs_edges_visited,2606
U3,200,1.75,6,HopcroftKarpMatcher,1,na,dfs_edges_visited,158
U3,200,1.75,6,HopcroftKarpMatcher,1,na,defect_at_iteration,0
U3,200,1.75,6,HopcroftKarpMatcher,-1,na,phase_count,2
U3,200,1.75,6,HopcroftKarpMatcher,-1,na,main_loop_iters,2
U3,200,1.75,6,HopcroftKarpMatcher,-1,na,total_bfs_edges_visited,13242
U3,200,1.75,6,HopcroftKarpMatcher,-1,na,total_edges_visited,18764
U3,200,1.75,6,HopcroftKarpMatcher,-1,na,matching_size,200
U3,200,1.75,6,HopcroftKarpMatcher,-1,na,wall_clock_ms,0.284603
U3,200,1.75,6,HopcroftKarpMatcher,-1,na,matching_size,200
U3,200,2,8,SimpleAugmentingMatcher,-1,na,wall_clock_ms,1.87747
U3,200,2,8,SimpleAugmentingMatcher,-1,na,matching_size,200
U3,200,2,8,HopcroftKarpMatcher,0,na,paths_found_per_phase,200
U3,200,2,8,HopcroftKarpMatcher,0,na,bfs_edges_visited,40000
U3,200,2,8,HopcroftKarpMatcher,0,na,dfs_edges_visited,20100
U3,200,2,8,HopcroftKarpMatcher,0,na,defect_at_iteration,0
U3,200,2,8,HopcroftKarpMatcher,-1,na,phase_count,1
U3,200,2,8,HopcroftKarpMatcher,-1,na,main_loop_iters,1
U3,200,2,8,HopcroftKarpMatcher,-1,na,total_bfs_edges_visited,40000
U3,200,2,8,HopcroftKarpMatcher,-1,na,total_edges_visited,60100
U3,200,2,8,HopcroftKarpMatcher,-1,na,matching_size,200
U3,200,2,8,HopcroftKarpMatcher,-1,na,wall_clock_ms,0.090589
U3,200,2,8,HopcroftKarpMatcher,-1,na,matching_size,200
U3,200,1.5,18,SimpleAugmentingMatcher,-1,na,wall_clock_ms,1.31026
U3,200,1.5,18,SimpleAugmentingMatcher,-1,na,matching_size,200
U3,200,1.5,18,HopcroftKarpMatcher,0,na,paths_found_per_phase,193
U3,200,1.5,18,HopcroftKarpMatcher,0,na,bfs_edges_visited,2828
U3,200,1.5,18,HopcroftKarpMatcher,0,na,dfs_edges_visited,1416
U3,200,1.5,18,HopcroftKarpMatcher,0,na,defect_at_iteration,7
U3,200,1.5,18,HopcroftKarpMatcher,1,na,paths_found_per_phase,7
U3,200,1.5,18,HopcroftKarpMatcher,1,na,bfs_edges_visited,1053
U3,200,1.5,18,HopcroftKarpMatcher,1,na,dfs_edges_visited,308
U3,200,1.5,18,HopcroftKarpMatcher,1,na,defect_at_iteration,0
U3,200,1.5,18,HopcroftKarpMatcher,-1,na,phase_count,2
U3,200,1.5,18,HopcroftKarpMatcher,-1,na,main_loop_iters,2
U3,200,1.5,18,HopcroftKarpMatcher,-1,na,total_bfs_edges_visited,3881
U3,200,1.5,18,HopcroftKarpMatcher,-1,na,total_edges_visited,5605
U3,200,1.5,18,HopcroftKarpMatcher,-1,na,matching_size,200
U3,200,1.5,18,HopcroftKarpMatcher,-1,na,wall_clock_ms,0.148064
U3,200,1.5,18,HopcroftKarpMatcher,-1,na,matching_size,200
U3,200,1.5,3,SimpleAugmentingMatcher,-1,na,wall_clock_ms,1.28199
U3,200,1.5,3,SimpleAugmentingMatcher,-1,na,matching_size,200
U3,200,1.5,3,HopcroftKarpMatcher,0,na,paths_found_per_phase,187
U3,200,1.5,3,HopcroftKarpMatcher,0,na,bfs_edges_visited,2828
U3,200,1.5,3,HopcroftKarpMatcher,0,na,dfs_edges_visited,1401
U3,200,1.5,3,HopcroftKarpMatcher,0,na,defect_at_iteration,13
U3,200,1.5,3,HopcroftKarpMatcher,1,na,paths_found_per_phase,13
U3,200,1.5,3,HopcroftKarpMatcher,1,na,bfs_edges_visited,1734
U3,200,1.5,3,HopcroftKarpMatcher,1,na,dfs_edges_visited,713
U3,200,1.5,3,HopcroftKarpMatcher,1,na,defect_at_iteration,0
U3,200,1.5,3,HopcroftKarpMatcher,-1,na,phase_count,2
U3,200,1.5,3,HopcroftKarpMatcher,-1,na,main_loop_iters,2
U3,200,1.5,3,HopcroftKarpMatcher,-1,na,total_bfs_edges_visited,4562
U3,200,1.5,3,HopcroftKarpMatcher,-1,na,total_edges_visited,6676
U3,200,1.5,3,HopcroftKarpMatcher,-1,na,matching_size,200
U3,200,1.5,3,HopcroftKarpMatcher,-1,na,wall_clock_ms,0.174731
U3,200,1.5,3,HopcroftKarpMatcher,-1,na,matching_size,200
U3,200,1.5,14,SimpleAugmentingMatcher,-1,na,wall_clock_ms,1.27074
U3,200,1.5,14,SimpleAugmentingMatcher,-1,na,matching_size,200
U3,200,1.5,14,HopcroftKarpMatcher,0,na,paths_found_per_phase,189
U3,200,1.5,14,HopcroftKarpMatcher,0,na,bfs_edges_visited,2828
U3,200,1.5,14,HopcroftKarpMatcher,0,na,dfs_edges_visited,1425
U3,200,1.5,14,HopcroftKarpMatcher,0,na,defect_at_iteration,11
U3,200,1.5,14,HopcroftKarpMatcher,1,na,paths_found_per_phase,11
U3,200,1.5,14,HopcroftKarpMatcher,1,na,bfs_edges_visited,1484
U3,200,1.5,14,HopcroftKarpMatcher,1,na,dfs_edges_visited,366
U3,200,1.5,14,HopcroftKarpMatcher,1,na,defect_at_iteration,0
U3,200,1.5,14,HopcroftKarpMatcher,-1,na,phase_count,2
U3,200,1.5,14,HopcroftKarpMatcher,-1,na,main_loop_iters,2
U3,200,1.5,14,HopcroftKarpMatcher,-1,na,total_bfs_edges_visited,4312
U3,200,1.5,14,HopcroftKarpMatcher,-1,na,total_edges_visited,6103
U3,200,1.5,14,HopcroftKarpMatcher,-1,na,matching_size,200
U3,200,1.5,14,HopcroftKarpMatcher,-1,na,wall_clock_ms,0.160575
U3,200,1.5,14,HopcroftKarpMatcher,-1,na,matching_size,200
U3,100,1,14,SimpleAugmentingMatcher,-1,na,wall_clock_ms,0.014831
U3,100,1,14,SimpleAugmentingMatcher,-1,na,matching_size,49
U3,100,1,14,HopcroftKarpMatcher,0,na,paths_found_per_phase,48
U3,100,1,14,HopcroftKarpMatcher,0,na,bfs_edges_visited,100
U3,100,1,14,HopcroftKarpMatcher,0,na,dfs_edges_visited,75
U3,100,1,14,HopcroftKarpMatcher,0,na,defect_at_iteration,52
U3,100,1,14,HopcroftKarpMatcher,1,na,paths_found_per_phase,1
U3,100,1,14,HopcroftKarpMatcher,1,na,bfs_edges_visited,42
U3,100,1,14,HopcroftKarpMatcher,1,na,dfs_edges_visited,47
U3,100,1,14,HopcroftKarpMatcher,1,na,defect_at_iteration,51
U3,100,1,14,HopcroftKarpMatcher,-1,na,phase_count,2
U3,100,1,14,HopcroftKarpMatcher,-1,na,main_loop_iters,2
U3,100,1,14,HopcroftKarpMatcher,-1,na,total_bfs_edges_visited,142
U3,100,1,14,HopcroftKarpMatcher,-1,na,total_edges_visited,264
U3,100,1,14,HopcroftKarpMatcher,-1,na,matching_size,49
U3,100,1,14,HopcroftKarpMatcher,-1,na,wall_clock_ms,0.051201
U3,100,1,14,HopcroftKarpMatcher,-1,na,matching_size,49
U3,800,1.75,15,SimpleAugmentingMatcher,-1,na,wall_clock_ms,228.135
U3,800,1.75,15,SimpleAugmentingMatcher,-1,na,matching_size,800
U3,800,1.75,15,HopcroftKarpMatcher,0,na,paths_found_per_phase,797
U3,800,1.75,15,HopcroftKarpMatcher,0,na,bfs_edges_visited,120339
U3,800,1.75,15,HopcroftKarpMatcher,0,na,dfs_edges_visited,60090
U3,800,1.75,15,HopcroftKarpMatcher,0,na,defect_at_iteration,3
U3,800,1.75,15,HopcroftKarpMatcher,1,na,paths_found_per_phase,3
U3,800,1.75,15,HopcroftKarpMatcher,1,na,bfs_edges_visited,47889
U3,800,1.75,15,HopcroftKarpMatcher,1,na,dfs_edges_visited,1093
U3,800,1.75,15,HopcroftKarpMatcher,1,na,defect_at_iteration,0
U3,800,1.75,15,HopcroftKarpMatcher,-1,na,phase_count,2
U3,800,1.75,15,HopcroftKarpMatcher,-1,na,main_loop_iters,2
U3,800,1.75,15,HopcroftKarpMatcher,-1,na,total_bfs_edges_visited,168228
U3,800,1.75,15,HopcroftKarpMatcher,-1,na,total_edges_visited,229411
U3,800,1.75,15,HopcroftKarpMatcher,-1,na,matching_size,800
U3,800,1.75,15,HopcroftKarpMatcher,-1,na,wall_clock_ms,3.53215
U3,800,1.75,15,HopcroftKarpMatcher,-1,na,matching_size,800
U3,400,1.5,1,SimpleAugmentingMatcher,-1,na,wall_clock_ms,9.58433
U3,400,1.5,1,SimpleAugmentingMatcher,-1,na,matching_size,400
U3,400,1.5,1,HopcroftKarpMatcher,0,na,paths_found_per_phase,388
U3,400,1.5,1,HopcroftKarpMatcher,0,na,bfs_edges_visited,8000
U3,400,1.5,1,HopcroftKarpMatcher,0,na,dfs_edges_visited,4022
U3,400,1.5,1,HopcroftKarpMatcher,0,na,defect_at_iteration,12
U3,400,1.5,1,HopcroftKarpMatcher,1,na,paths_found_per_phase,12
U3,400,1.5,1,HopcroftKarpMatcher,1,na,bfs_edges_visited,3599
U3,400,1.5,1,HopcroftKarpMatcher,1,na,dfs_edges_visited,1190
U3,400,1.5,1,HopcroftKarpMatcher,1,na,defect_at_iteration,0
U3,400,1.5,1,HopcroftKarpMatcher,-1,na,phase_count,2
U3,400,1.5,1,HopcroftKarpMatcher,-1,na,main_loop_iters,2
U3,400,1.5,1,HopcroftKarpMatcher,-1,na,total_bfs_edges_visited,11599
U3,400,1.5,1,HopcroftKarpMatcher,-1,na,total_edges_visited,16811
U3,400,1.5,1,HopcroftKarpMatcher,-1,na,matching_size,400
U3,400,1.5,1,HopcroftKarpMatcher,-1,na,wall_clock_ms,0.513813
U3,400,1.5,1,HopcroftKarpMatcher,-1,na,matching_size,400
U3,800,1,12,SimpleAugmentingMatcher,-1,na,wall_clock_ms,0.623672
U3,800,1,12,SimpleAugmentingMatcher,-1,na,matching_size,437
U3,800,1,12,HopcroftKarpMatcher,0,na,paths_found_per_phase,412
U3,800,1,12,HopcroftKarpMatcher,0,na,bfs_edges_visited,800
U3,800,1,12,HopcroftKarpMatcher,0,na,dfs_edges_visited,568
U3,800,1,12,HopcroftKarpMatcher,0,na,defect_at_iteration,388
U3,800,1,12,HopcroftKarpMatcher,1,na,paths_found_per_phase,25
U3,800,1,12,HopcroftKarpMatcher,1,na,bfs_edges_visited,237
U3,800,1,12,HopcroftKarpMatcher,1,na,dfs_edges_visited,256
U3,800,1,12,HopcroftKarpMatcher,1,na,defect_at_iteration,363
U3,800,1,12,HopcroftKarpMatcher,-1,na,phase_count,2
U3,800,1,12,HopcroftKarpMatcher,-1,na,main_loop_iters,2
U3,800,1,12,HopcroftKarpMatcher,-1,na,total_bfs_edges_visited,1037
U3,800,1,12,HopcroftKarpMatcher,-1,na,total_edges_visited,1861
U3,800,1,12,HopcroftKarpMatcher,-1,na,matching_size,437
U3,800,1,12,HopcroftKarpMatcher,-1,na,wall_clock_ms,2.16217
U3,800,1,12,HopcroftKarpMatcher,-1,na,matching_size,437
U3,400,1,14,SimpleAugmentingMatcher,-1,na,wall_clock_ms,0.16831
U3,400,1,14,SimpleAugmentingMatcher,-1,na,matching_size,211
U3,400,1,14,HopcroftKarpMatcher,0,na,paths_found_per_phase,198
U3,400,1,14,HopcroftKarpMatcher,0,na,bfs_edges_visited,400
U3,400,1,14,HopcroftKarpMatcher,0,na,dfs_edges_visited,287
U3,400,1,14,HopcroftKarpMatcher,0,na,defect_at_iteration,202
U3,400,1,14,HopcroftKarpMatcher,1,na,paths_found_per_phase,13
U3,400,1,14,HopcroftKarpMatcher,1,na,bfs_edges_visited,138
U3,400,1,14,HopcroftKarpMatcher,1,na,dfs_edges_visited,157
U3,400,1,14,HopcroftKarpMatcher,1,na,defect_at_iteration,189
U3,400,1,14,HopcroftKarpMatcher,-1,na,phase_count,2
U3,400,1,14,HopcroftKarpMatcher,-1,na,main_loop_iters,2
U3,400,1,14,HopcroftKarpMatcher,-1,na,total_bfs_edges_visited,538
U3,400,1,14,HopcroftKarpMatcher,-1,na,total_edges_visited,982
U3,400,1,14,HopcroftKarpMatcher,-1,na,matching_size,211
U3,400,1,14,HopcroftKarpMatcher,-1,na,wall_clock_ms,0.581454
U3,400,1,14,HopcroftKarpMatcher,-1,na,matching_size,211
U3,3200,1,5,SimpleAugmentingMatcher,-1,na,wall_clock_ms,9.4672
U3,3200,1,5,SimpleAugmentingMatcher,-1,na,matching_size,1721
U3,3200,1,5,HopcroftKarpMatcher,0,na,paths_found_per_phase,1619
U3,3200,1,5,HopcroftKarpMatcher,0,na,bfs_edges_visited,3200
U3,3200,1,5,HopcroftKarpMatcher,0,na,dfs_edges_visited,2287
U3,3200,1,5,HopcroftKarpMatcher,0,na,defect_at_iteration,1581
U3,3200,1,5,HopcroftKarpMatcher,1,na,paths_found_per_phase,99
U3,3200,1,5,HopcroftKarpMatcher,1,na,bfs_edges_visited,1048
U3,3200,1,5,HopcroftKarpMatcher,1,na,dfs_edges_visited,1106
U3,3200,1,5,HopcroftKarpMatcher,1,na,defect_at_iteration,1482
U3,3200,1,5,HopcroftKarpMatcher,2,na,paths_found_per_phase,3
U3,3200,1,5,HopcroftKarpMatcher,2,na,bfs_edges_visited,762
U3,3200,1,5,HopcroftKarpMatcher,2,na,dfs_edges_visited,789
U3,3200,1,5,HopcroftKarpMatcher,2,na,defect_at_iteration,1479
U3,3200,1,5,HopcroftKarpMatcher,-1,na,phase_count,3
U3,3200,1,5,HopcroftKarpMatcher,-1,na,main_loop_iters,3
U3,3200,1,5,HopcroftKarpMatcher,-1,na,total_bfs_edges_visited,5010
U3,3200,1,5,HopcroftKarpMatcher,-1,na,total_edges_visited,9192
U3,3200,1,5,HopcroftKarpMatcher,-1,na,matching_size,1721
U3,3200,1,5,HopcroftKarpMatcher,-1,na,wall_clock_ms,46.1015
U3,3200,1,5,HopcroftKarpMatcher,-1,na,matching_size,1721
U3,400,1.25,9,SimpleAugmentingMatcher,-1,na,wall_clock_ms,2.99085
U3,400,1.25,9,SimpleAugmentingMatcher,-1,na,matching_size,393
U3,400,1.25,9,HopcroftKarpMatcher,0,na,paths_found_per_phase,331
U3,400,1.25,9,HopcroftKarpMatcher,0,na,bfs_edges_visited,1788
U3,400,1.25,9,HopcroftKarpMatcher,0,na,dfs_edges_visited,965
U3,400,1.25,9,HopcroftKarpMatcher,0,na,defect_at_iteration,69
U3,400,1.25,9,HopcroftKarpMatcher,1,na,paths_found_per_phase,48
U3,400,1.25,9,HopcroftKarpMatcher,1,na,bfs_edges_visited,911
U3,400,1.25,9,HopcroftKarpMatcher,1,na,dfs_edges_visited,962
U3,400,1.25,9,HopcroftKarpMatcher,1,na,defect_at_iteration,21
U3,400,1.25,9,HopcroftKarpMatcher,2,na,paths_found_per_phase,9
U3,400,1.25,9,HopcroftKarpMatcher,2,na,bfs_edges_visited,665
U3,400,1.25,9,HopcroftKarpMatcher,2,na,dfs_edges_visited,889
U3,400,1.25,9,HopcroftKarpMatcher,2,na,defect_at_iteration,12
U3,400,1.25,9,HopcroftKarpMatcher,3,na,paths_found_per_phase,4
U3,400,1.25,9,HopcroftKarpMatcher,3,na,bfs_edges_visited,1187
U3,400,1.25,9,HopcroftKarpMatcher,3,na,dfs_edges_visited,1310
U3,400,1.25,9,HopcroftKarpMatcher,3,na,defect_at_iteration,8
U3,400,1.25,9,HopcroftKarpMatcher,4,na,paths_found_per_phase,1
U3,400,1.25,9,HopcroftKarpMatcher,4,na,bfs_edges_visited,1359
U3,400,1.25,9,HopcroftKarpMatcher,4,na,dfs_edges_visited,424
U3,400,1.25,9,HopcroftKarpMatcher,4,na,defect_at_iteration,7
U3,400,1.25,9,HopcroftKarpMatcher,-1,na,phase_count,5
U3,400,1.25,9,HopcroftKarpMatcher,-1,na,main_loop_iters,5
U3,400,1.25,9,HopcroftKarpMatcher,-1,na,total_bfs_edges_visited,5910
U3,400,1.25,9,HopcroftKarpMatcher,-1,na,total_edges_visited,10460
U3,400,1.25,9,HopcroftKarpMatcher,-1,na,matching_size,393
U3,400,1.25,9,HopcroftKarpMatcher,-1,na,wall_clock_ms,1.25424
U3,400,1.25,9,HopcroftKarpMatcher,-1,na,matching_size,393
U3,800,1.5,10,SimpleAugmentingMatcher,-1,na,wall_clock_ms,75.1235
U3,800,1.5,10,SimpleAugmentingMatcher,-1,na,matching_size,800
U3,800,1.5,10,HopcroftKarpMatcher,0,na,paths_found_per_phase,781
U3,800,1.5,10,HopcroftKarpMatcher,0,na,bfs_edges_visited,22627
U3,800,1.5,10,HopcroftKarpMatcher,0,na,dfs_edges_visited,11285
U3,800,1.5,10,HopcroftKarpMatcher,0,na,defect_at_iteration,19
U3,800,1.5,10,HopcroftKarpMatcher,1,na,paths_found_per_phase,19
U3,800,1.5,10,HopcroftKarpMatcher,1,na,bfs_edges_visited,11419
U3,800,1.5,10,HopcroftKarpMatcher,1,na,dfs_edges_visited,2979
U3,800,1.5,10,HopcroftKarpMatcher,1,na,defect_at_iteration,0
U3,800,1.5,10,HopcroftKarpMatcher,-1,na,phase_count,2
U3,800,1.5,10,HopcroftKarpMatcher,-1,na,main_loop_iters,2
U3,800,1.5,10,HopcroftKarpMatcher,-1,na,total_bfs_edges_visited,34046
U3,800,1.5,10,HopcroftKarpMatcher,-1,na,total_edges_visited,48310
U3,800,1.5,10,HopcroftKarpMatcher,-1,na,matching_size,800
U3,800,1.5,10,HopcroftKarpMatcher,-1,na,wall_clock_ms,1.8682
U3,800,1.5,10,HopcroftKarpMatcher,-1,na,matching_size,800
U3,200,1.75,5,SimpleAugmentingMatcher,-1,na,wall_clock_ms,3.3633
U3,200,1.75,5,SimpleAugmentingMatcher,-1,na,matching_size,200
U3,200,1.75,5,HopcroftKarpMatcher,0,na,paths_found_per_phase,198
U3,200,1.75,5,HopcroftKarpMatcher,0,na,bfs_edges_visited,10636
U3,200,1.75,5,HopcroftKarpMatcher,0,na,dfs_edges_visited,5356
U3,200,1.75,5,HopcroftKarpMatcher,0,na,defect_at_iteration,2
U3,200,1.75,5,HopcroftKarpMatcher,1,na,paths_found_per_phase,2
U3,200,1.75,5,HopcroftKarpMatcher,1,na,bfs_edges_visited,5247
U3,200,1.75,5,HopcroftKarpMatcher,1,na,dfs_edges_visited,104
U3,200,1.75,5,HopcroftKarpMatcher,1,na,defect_at_iteration,0
U3,200,1.75,5,HopcroftKarpMatcher,-1,na,phase_count,2
U3,200,1.75,5,HopcroftKarpMatcher,-1,na,main_loop_iters,2
U3,200,1.75,5,HopcroftKarpMatcher,-1,na,total_bfs_edges_visited,15883
U3,200,1.75,5,HopcroftKarpMatcher,-1,na,total_edges_visited,21343
U3,200,1.75,5,HopcroftKarpMatcher,-1,na,matching_size,200
U3,200,1.75,5,HopcroftKarpMatcher,-1,na,wall_clock_ms,0.336789
U3,200,1.75,5,HopcroftKarpMatcher,-1,na,matching_size,200
U3,400,1.25,15,SimpleAugmentingMatcher,-1,na,wall_clock_ms,2.84364
U3,400,1.25,15,SimpleAugmentingMatcher,-1,na,matching_size,394
U3,400,1.25,15,HopcroftKarpMatcher,0,na,paths_found_per_phase,348
U3,400,1.25,15,HopcroftKarpMatcher,0,na,bfs_edges_visited,1788
U3,400,1.25,15,HopcroftKarpMatcher,0,na,dfs_edges_visited,946
U3,400,1.25,15,HopcroftKarpMatcher,0,na,defect_at_iteration,52
U3,400,1.25,15,HopcroftKarpMatcher,1,na,paths_found_per_phase,37
U3,400,1.25,15,HopcroftKarpMatcher,1,na,bfs_edges_visited,747
U3,400,1.25,15,HopcroftKarpMatcher,1,na,dfs_edges_visited,866
U3,400,1.25,15,HopcroftKarpMatcher,1,na,defect_at_iteration,15
U3,400,1.25,15,HopcroftKarpMatcher,2,na,paths_found_per_phase,7
U3,400,1.25,15,HopcroftKarpMatcher,2,na,bfs_edges_visited,415
U3,400,1.25,15,HopcroftKarpMatcher,2,na,dfs_edges_visited,784
U3,400,1.25,15,HopcroftKarpMatcher,2,na,defect_at_iteration,8
U3,400,1.25,15,HopcroftKarpMatcher,3,na,paths_found_per_phase,1
U3,400,1.25,15,HopcroftKarpMatcher,3,na,bfs_edges_visited,1198
U3,400,1.25,15,HopcroftKarpMatcher,3,na,dfs_edges_visited,889
U3,400,1.25,15,HopcroftKarpMatcher,3,na,defect_at_iteration,7
U3,400,1.25,15,HopcroftKarpMatcher,4,na,paths_found_per_phase,1
U3,400,1.25,15,HopcroftKarpMatcher,4,na,bfs_edges_visited,1553
U3,400,1.25,15,HopcroftKarpMatcher,4,na,dfs_edges_visited,1427
U3,400,1.25,15,HopcroftKarpMatcher,4,na,defect_at_iteration,6
U3,400,1.25,15,HopcroftKarpMatcher,-1,na,phase_count,5
U3,400,1.25,15,HopcroftKarpMatcher,-1,na,main_loop_iters,5
U3,400,1.25,15,HopcroftKarpMatcher,-1,na,total_bfs_edges_visited,5701
U3,400,1.25,15,HopcroftKarpMatcher,-1,na,total_edges_visited,10613
U3,400,1.25,15,HopcroftKarpMatcher,-1,na,matching_size,394
U3,400,1.25,15,HopcroftKarpMatcher,-1,na,wall_clock_ms,1.27441
U3,400,1.25,15,HopcroftKarpMatcher,-1,na,matching_size,394
U3,100,1.25,10,SimpleAugmentingMatcher,-1,na,wall_clock_ms,0.094896
U3,100,1.25,10,SimpleAugmentingMatcher,-1,na,matching_size,93
U3,100,1.25,10,HopcroftKarpMatcher,0,na,paths_found_per_phase,77
U3,100,1.25,10,HopcroftKarpMatcher,0,na,bfs_edges_visited,316
U3,100,1.25,10,HopcroftKarpMatcher,0,na,dfs_edges_visited,189
U3,100,1.25,10,HopcroftKarpMatcher,0,na,defect_at_iteration,23
U3,100,1.25,10,HopcroftKarpMatcher,1,na,paths_found_per_phase,13
U3,100,1.25,10,HopcroftKarpMatcher,1,na,bfs_edges_visited,167
U3,100,1.25,10,HopcroftKarpMatcher,1,na,dfs_edges_visited,217
U3,100,1.25,10,HopcroftKarpMatcher,1,na,defect_at_iteration,10
U3,100,1.25,10,HopcroftKarpMatcher,2,na,paths_found_per_phase,1
U3,100,1.25,10,HopcroftKarpMatcher,2,na,bfs_edges_visited,191
U3,100,1.25,10,HopcroftKarpMatcher,2,na,dfs_edges_visited,102
U3,100,1.25,10,HopcroftKarpMatcher,2,na,defect_at_iteration,9
U3,100,1.25,10,HopcroftKarpMatcher,3,na,paths_found_per_phase,1
U3,100,1.25,10,HopcroftKarpMatcher,3,na,bfs_edges_visited,225
U3,100,1.25,10,HopcroftKarpMatcher,3,na,dfs_edges_visited,192
U3,100,1.25,10,HopcroftKarpMatcher,3,na,defect_at_iteration,8
U3,100,1.25,10,HopcroftKarpMatcher,4,na,paths_found_per_phase,1
U3,100,1.25,10,HopcroftKarpMatcher,4,na,bfs_edges_visited,231
U3,100,1.25,10,HopcroftKarpMatcher,4,na,dfs_edges_visited,189
U3,100,1.25,10,HopcroftKarpMatcher,4,na,defect_at_iteration,7
U3,100,1.25,10,HopcroftKarpMatcher,-1,na,phase_count,5
U3,100,1.25,10,HopcroftKarpMatcher,-1,na,main_loop_iters,5
U3,100,1.25,10,HopcroftKarpMatcher,-1,na,total_bfs_edges_visited,1130
U3,100,1.25,10,HopcroftKarpMatcher,-1,na,total_edges_visited,2019
U3,100,1.25,10,HopcroftKarpMatcher,-1,na,matching_size,93
U3,100,1.25,10,HopcroftKarpMatcher,-1,na,wall_clock_ms,0.122837
U3,100,1.25,10,HopcroftKarpMatcher,-1,na,matching_size,93
U3,1600,1,1,SimpleAugmentingMatcher,-1,na,wall_clock_ms,2.43354
U3,1600,1,1,SimpleAugmentingMatcher,-1,na,matching_size,889
U3,1600,1,1,HopcroftKarpMatcher,0,na,paths_found_per_phase,827
U3,1600,1,1,HopcroftKarpMatcher,0,na,bfs_edges_visited,1600
U3,1600,1,1,HopcroftKarpMatcher,0,na,dfs_edges_visited,1179
U3,1600,1,1,HopcroftKarpMatcher,0,na,defect_at_iteration,773
U3,1600,1,1,HopcroftKarpMatcher,1,na,paths_found_per_phase,61
U3,1600,1,1,HopcroftKarpMatcher,1,na,bfs_edges_visited,585
U3,1600,1,1,HopcroftKarpMatcher,1,na,dfs_edges_visited,616
U3,1600,1,1,HopcroftKarpMatcher,1,na,defect_at_iteration,712
U3,1600,1,1,HopcroftKarpMatcher,2,na,paths_found_per_phase,1
U3,1600,1,1,HopcroftKarpMatcher,2,na,bfs_edges_visited,422
U3,1600,1,1,HopcroftKarpMatcher,2,na,dfs_edges_visited,428
U3,1600,1,1,HopcroftKarpMatcher,2,na,defect_at_iteration,711
U3,1600,1,1,HopcroftKarpMatcher,-1,na,phase_count,3
U3,1600,1,1,HopcroftKarpMatcher,-1,na,main_loop_iters,3
U3,1600,1,1,HopcroftKarpMatcher,-1,na,total_bfs_edges_visited,2607
U3,1600,1,1,HopcroftKarpMatcher,-1,na,total_edges_visited,4830
U3,1600,1,1,HopcroftKarpMatcher,-1,na,matching_size,889
U3,1600,1,1,HopcroftKarpMatcher,-1,na,wall_clock_ms,11.548
U3,1600,1,1,HopcroftKarpMatcher,-1,na,matching_size,889
U3,3200,1.75,19,SimpleAugmentingMatcher,-1,na,wall_clock_ms,12221.4
U3,3200,1.75,19,SimpleAugmentingMatcher,-1,na,matching_size,3200
U3,3200,1.75,19,HopcroftKarpMatcher,0,na,paths_found_per_phase,3196
U3,3200,1.75,19,HopcroftKarpMatcher,0,na,bfs_edges_visited,1.36148e+06
U3,3200,1.75,19,HopcroftKarpMatcher,0,na,dfs_edges_visited,680227
U3,3200,1.75,19,HopcroftKarpMatcher,0,na,defect_at_iteration,4
U3,3200,1.75,19,HopcroftKarpMatcher,1,na,paths_found_per_phase,4
U3,3200,1.75,19,HopcroftKarpMatcher,1,na,bfs_edges_visited,603484
U3,3200,1.75,19,HopcroftKarpMatcher,1,na,dfs_edges_visited,5954
U3,3200,1.75,19,HopcroftKarpMatcher,1,na,defect_at_iteration,0
U3,3200,1.75,19,HopcroftKarpMatcher,-1,na,phase_count,2
U3,3200,1.75,19,HopcroftKarpMatcher,-1,na,main_loop_iters,2
U3,3200,1.75,19,HopcroftKarpMatcher,-1,na,total_bfs_edges_visited,1.96497e+06
U3,3200,1.75,19,HopcroftKarpMatcher,-1,na,total_edges_visited,2.65115e+06
U3,3200,1.75,19,HopcroftKarpMatcher,-1,na,matching_size,3200
U3,3200,1.75,19,HopcroftKarpMatcher,-1,na,wall_clock_ms,46.2585
U3,3200,1.75,19,HopcroftKarpMatcher,-1,na,matching_size,3200
U3,200,2,16,SimpleAugmentingMatcher,-1,na,wall_clock_ms,1.89493
U3,200,2,16,SimpleAugmentingMatcher,-1,na,matching_size,200
U3,200,2,16,HopcroftKarpMatcher,0,na,paths_found_per_phase,200
U3,200,2,16,HopcroftKarpMatcher,0,na,bfs_edges_visited,40000
U3,200,2,16,HopcroftKarpMatcher,0,na,dfs_edges_visited,20100
U3,200,2,16,HopcroftKarpMatcher,0,na,defect_at_iteration,0
U3,200,2,16,HopcroftKarpMatcher,-1,na,phase_count,1
U3,200,2,16,HopcroftKarpMatcher,-1,na,main_loop_iters,1
U3,200,2,16,HopcroftKarpMatcher,-1,na,total_bfs_edges_visited,40000
U3,200,2,16,HopcroftKarpMatcher,-1,na,total_edges_visited,60100
U3,200,2,16,HopcroftKarpMatcher,-1,na,matching_size,200
U3,200,2,16,HopcroftKarpMatcher,-1,na,wall_clock_ms,0.089007
U3,200,2,16,HopcroftKarpMatcher,-1,na,matching_size,200
U3,800,1.5,2,SimpleAugmentingMatcher,-1,na,wall_clock_ms,76.0702
U3,800,1.5,2,SimpleAugmentingMatcher,-1,na,matching_size,800
U3,800,1.5,2,HopcroftKarpMatcher,0,na,paths_found_per_phase,783
U3,800,1.5,2,HopcroftKarpMatcher,0,na,bfs_edges_visited,22627
U3,800,1.5,2,HopcroftKarpMatcher,0,na,dfs_edges_visited,11248
U3,800,1.5,2,HopcroftKarpMatcher,0,na,defect_at_iteration,17
U3,800,1.5,2,HopcroftKarpMatcher,1,na,paths_found_per_phase,17
U3,800,1.5,2,HopcroftKarpMatcher,1,na,bfs_edges_visited,10465
U3,800,1.5,2,HopcroftKarpMatcher,1,na,dfs_edges_visited,3490
U3,800,1.5,2,HopcroftKarpMatcher,1,na,defect_at_iteration,0
U3,800,1.5,2,HopcroftKarpMatcher,-1,na,phase_count,2
U3,800,1.5,2,HopcroftKarpMatcher,-1,na,main_loop_iters,2
U3,800,1.5,2,HopcroftKarpMatcher,-1,na,total_bfs_edges_visited,33092
U3,800,1.5,2,HopcroftKarpMatcher,-1,na,total_edges_visited,47830
U3,800,1.5,2,HopcroftKarpMatcher,-1,na,matching_size,800
U3,800,1.5,2,HopcroftKarpMatcher,-1,na,wall_clock_ms,1.80976
U3,800,1.5,2,HopcroftKarpMatcher,-1,na,matching_size,800
U3,1600,1.5,17,SimpleAugmentingMatcher,-1,na,wall_clock_ms,603.186
U3,1600,1.5,17,SimpleAugmentingMatcher,-1,na,matching_size,1600
U3,1600,1.5,17,HopcroftKarpMatcher,0,na,paths_found_per_phase,1582
U3,1600,1.5,17,HopcroftKarpMatcher,0,na,bfs_edges_visited,64000
U3,1600,1.5,17,HopcroftKarpMatcher,0,na,dfs_edges_visited,32006
U3,1600,1.5,17,HopcroftKarpMatcher,0,na,defect_at_iteration,18
U3,1600,1.5,17,HopcroftKarpMatcher,1,na,paths_found_per_phase,18
U3,1600,1.5,17,HopcroftKarpMatcher,1,na,bfs_edges_visited,23096
U3,1600,1.5,17,HopcroftKarpMatcher,1,na,dfs_edges_visited,4110
U3,1600,1.5,17,HopcroftKarpMatcher,1,na,defect_at_iteration,0
U3,1600,1.5,17,HopcroftKarpMatcher,-1,na,phase_count,2
U3,1600,1.5,17,HopcroftKarpMatcher,-1,na,main_loop_iters,2
U3,1600,1.5,17,HopcroftKarpMatcher,-1,na,total_bfs_edges_visited,87096
U3,1600,1.5,17,HopcroftKarpMatcher,-1,na,total_edges_visited,123212
U3,1600,1.5,17,HopcroftKarpMatcher,-1,na,matching_size,1600
U3,1600,1.5,17,HopcroftKarpMatcher,-1,na,wall_clock_ms,6.02214
U3,1600,1.5,17,HopcroftKarpMatcher,-1,na,matching_size,1600
U3,6400,1.75,5,SimpleAugmentingMatcher,-1,na,wall_clock_ms,88868.7
U3,6400,1.75,5,SimpleAugmentingMatcher,-1,na,matching_size,6400
U3,6400,1.75,5,HopcroftKarpMatcher,0,na,paths_found_per_phase,6397
U3,6400,1.75,5,HopcroftKarpMatcher,0,na,bfs_edges_visited,4.57947e+06
U3,6400,1.75,5,HopcroftKarpMatcher,0,na,dfs_edges_visited,2.29074e+06
U3,6400,1.75,5,HopcroftKarpMatcher,0,na,defect_at_iteration,3
U3,6400,1.75,5,HopcroftKarpMatcher,1,na,paths_found_per_phase,3
U3,6400,1.75,5,HopcroftKarpMatcher,1,na,bfs_edges_visited,1.41219e+06
U3,6400,1.75,5,HopcroftKarpMatcher,1,na,dfs_edges_visited,9368
U3,6400,1.75,5,HopcroftKarpMatcher,1,na,defect_at_iteration,0
U3,6400,1.75,5,HopcroftKarpMatcher,-1,na,phase_count,2
U3,6400,1.75,5,HopcroftKarpMatcher,-1,na,main_loop_iters,2
U3,6400,1.75,5,HopcroftKarpMatcher,-1,na,total_bfs_edges_visited,5.99166e+06
U3,6400,1.75,5,HopcroftKarpMatcher,-1,na,total_edges_visited,8.29176e+06
U3,6400,1.75,5,HopcroftKarpMatcher,-1,na,matching_size,6400
U3,6400,1.75,5,HopcroftKarpMatcher,-1,na,wall_clock_ms,155.153
U3,6400,1.75,5,HopcroftKarpMatcher,-1,na,matching_size,6400
U3,800,2,15,SimpleAugmentingMatcher,-1,na,wall_clock_ms,112.31
U3,800,2,15,SimpleAugmentingMatcher,-1,na,matching_size,800
U3,800,2,15,HopcroftKarpMatcher,0,na,paths_found_per_phase,800
U3,800,2,15,HopcroftKarpMatcher,0,na,bfs_edges_visited,640000
U3,800,2,15,HopcroftKarpMatcher,0,na,dfs_edges_visited,320400
U3,800,2,15,HopcroftKarpMatcher,0,na,defect_at_iteration,0
U3,800,2,15,HopcroftKarpMatcher,-1,na,phase_count,1
U3,800,2,15,HopcroftKarpMatcher,-1,na,main_loop_iters,1
U3,800,2,15,HopcroftKarpMatcher,-1,na,total_bfs_edges_visited,640000
U3,800,2,15,HopcroftKarpMatcher,-1,na,total_edges_visited,960400
U3,800,2,15,HopcroftKarpMatcher,-1,na,matching_size,800
U3,800,2,15,HopcroftKarpMatcher,-1,na,wall_clock_ms,1.28854
U3,800,2,15,HopcroftKarpMatcher,-1,na,matching_size,800
U3,6400,1.5,0,SimpleAugmentingMatcher,-1,na,wall_clock_ms,39641.2
U3,6400,1.5,0,SimpleAugmentingMatcher,-1,na,matching_size,6400
U3,6400,1.5,0,HopcroftKarpMatcher,0,na,paths_found_per_phase,6350
U3,6400,1.5,0,HopcroftKarpMatcher,0,na,bfs_edges_visited,512000
U3,6400,1.5,0,HopcroftKarpMatcher,0,na,dfs_edges_visited,255925
U3,6400,1.5,0,HopcroftKarpMatcher,0,na,defect_at_iteration,50
U3,6400,1.5,0,HopcroftKarpMatcher,1,na,paths_found_per_phase,50
U3,6400,1.5,0,HopcroftKarpMatcher,1,na,bfs_edges_visited,237366
U3,6400,1.5,0,HopcroftKarpMatcher,1,na,dfs_edges_visited,37387
U3,6400,1.5,0,HopcroftKarpMatcher,1,na,defect_at_iteration,0
U3,6400,1.5,0,HopcroftKarpMatcher,-1,na,phase_count,2
U3,6400,1.5,0,HopcroftKarpMatcher,-1,na,main_loop_iters,2
U3,6400,1.5,0,HopcroftKarpMatcher,-1,na,total_bfs_edges_visited,749366
U3,6400,1.5,0,HopcroftKarpMatcher,-1,na,total_edges_visited,1.04268e+06
U3,6400,1.5,0,HopcroftKarpMatcher,-1,na,matching_size,6400
U3,6400,1.5,0,HopcroftKarpMatcher,-1,na,wall_clock_ms,90.6192
U3,6400,1.5,0,HopcroftKarpMatcher,-1,na,matching_size,6400
U3,400,2,0,SimpleAugmentingMatcher,-1,na,wall_clock_ms,14.3914
U3,400,2,0,SimpleAugmentingMatcher,-1,na,matching_size,400
U3,400,2,0,HopcroftKarpMatcher,0,na,paths_found_per_phase,400
U3,400,2,0,HopcroftKarpMatcher,0,na,bfs_edges_visited,160000
U3,400,2,0,HopcroftKarpMatcher,0,na,dfs_edges_visited,80200
U3,400,2,0,HopcroftKarpMatcher,0,na,defect_at_iteration,0
U3,400,2,0,HopcroftKarpMatcher,-1,na,phase_count,1
U3,400,2,0,HopcroftKarpMatcher,-1,na,main_loop_iters,1
U3,400,2,0,HopcroftKarpMatcher,-1,na,total_bfs_edges_visited,160000
U3,400,2,0,HopcroftKarpMatcher,-1,na,total_edges_visited,240200
U3,400,2,0,HopcroftKarpMatcher,-1,na,matching_size,400
U3,400,2,0,HopcroftKarpMatcher,-1,na,wall_clock_ms,0.330066
U3,400,2,0,HopcroftKarpMatcher,-1,na,matching_size,400
U3,400,1.5,0,SimpleAugmentingMatcher,-1,na,wall_clock_ms,9.50488
U3,400,1.5,0,SimpleAugmentingMatcher,-1,na,matching_size,400
U3,400,1.5,0,HopcroftKarpMatcher,0,na,paths_found_per_phase,391
U3,400,1.5,0,HopcroftKarpMatcher,0,na,bfs_edges_visited,8000
U3,400,1.5,0,HopcroftKarpMatcher,0,na,dfs_edges_visited,4034
U3,400,1.5,0,HopcroftKarpMatcher,0,na,defect_at_iteration,9
U3,400,1.5,0,HopcroftKarpMatcher,1,na,paths_found_per_phase,9
U3,400,1.5,0,HopcroftKarpMatcher,1,na,bfs_edges_visited,3182
U3,400,1.5,0,HopcroftKarpMatcher,1,na,dfs_edges_visited,947
U3,400,1.5,0,HopcroftKarpMatcher,1,na,defect_at_iteration,0
U3,400,1.5,0,HopcroftKarpMatcher,-1,na,phase_count,2
U3,400,1.5,0,HopcroftKarpMatcher,-1,na,main_loop_iters,2
U3,400,1.5,0,HopcroftKarpMatcher,-1,na,total_bfs_edges_visited,11182
U3,400,1.5,0,HopcroftKarpMatcher,-1,na,total_edges_visited,16163
U3,400,1.5,0,HopcroftKarpMatcher,-1,na,matching_size,400
U3,400,1.5,0,HopcroftKarpMatcher,-1,na,wall_clock_ms,0.492843
U3,400,1.5,0,HopcroftKarpMatcher,-1,na,matching_size,400
U3,800,1.5,1,SimpleAugmentingMatcher,-1,na,wall_clock_ms,74.8282
U3,800,1.5,1,SimpleAugmentingMatcher,-1,na,matching_size,800
U3,800,1.5,1,HopcroftKarpMatcher,0,na,paths_found_per_phase,784
U3,800,1.5,1,HopcroftKarpMatcher,0,na,bfs_edges_visited,22627
U3,800,1.5,1,HopcroftKarpMatcher,0,na,dfs_edges_visited,11403
U3,800,1.5,1,HopcroftKarpMatcher,0,na,defect_at_iteration,16
U3,800,1.5,1,HopcroftKarpMatcher,1,na,paths_found_per_phase,16
U3,800,1.5,1,HopcroftKarpMatcher,1,na,bfs_edges_visited,9854
U3,800,1.5,1,HopcroftKarpMatcher,1,na,dfs_edges_visited,4620
U3,800,1.5,1,HopcroftKarpMatcher,1,na,defect_at_iteration,0
U3,800,1.5,1,HopcroftKarpMatcher,-1,na,phase_count,2
U3,800,1.5,1,HopcroftKarpMatcher,-1,na,main_loop_iters,2
U3,800,1.5,1,HopcroftKarpMatcher,-1,na,total_bfs_edges_visited,32481
U3,800,1.5,1,HopcroftKarpMatcher,-1,na,total_edges_visited,48504
U3,800,1.5,1,HopcroftKarpMatcher,-1,na,matching_size,800
U3,800,1.5,1,HopcroftKarpMatcher,-1,na,wall_clock_ms,1.8386
U3,800,1.5,1,HopcroftKarpMatcher,-1,na,matching_size,800
U3,1600,1.5,12,SimpleAugmentingMatcher,-1,na,wall_clock_ms,600.046
U3,1600,1.5,12,SimpleAugmentingMatcher,-1,na,matching_size,1600
U3,1600,1.5,12,HopcroftKarpMatcher,0,na,paths_found_per_phase,1572
U3,1600,1.5,12,HopcroftKarpMatcher,0,na,bfs_edges_visited,64000
U3,1600,1.5,12,HopcroftKarpMatcher,0,na,dfs_edges_visited,32386
U3,1600,1.5,12,HopcroftKarpMatcher,0,na,defect_at_iteration,28
U3,1600,1.5,12,HopcroftKarpMatcher,1,na,paths_found_per_phase,28
U3,1600,1.5,12,HopcroftKarpMatcher,1,na,bfs_edges_visited,32809
U3,1600,1.5,12,HopcroftKarpMatcher,1,na,dfs_edges_visited,12527
U3,1600,1.5,12,HopcroftKarpMatcher,1,na,defect_at_iteration,0
U3,1600,1.5,12,HopcroftKarpMatcher,-1,na,phase_count,2
U3,1600,1.5,12,HopcroftKarpMatcher,-1,na,main_loop_iters,2
U3,1600,1.5,12,HopcroftKarpMatcher,-1,na,total_bfs_edges_visited,96809
U3,1600,1.5,12,HopcroftKarpMatcher,-1,na,total_edges_visited,141722
U3,1600,1.5,12,HopcroftKarpMatcher,-1,na,matching_size,1600
U3,1600,1.5,12,HopcroftKarpMatcher,-1,na,wall_clock_ms,6.89644
U3,1600,1.5,12,HopcroftKarpMatcher,-1,na,matching_size,1600
U3,400,1.75,2,SimpleAugmentingMatcher,-1,na,wall_clock_ms,29.2451
U3,400,1.75,2,SimpleAugmentingMatcher,-1,na,matching_size,400
U3,400,1.75,2,HopcroftKarpMatcher,0,na,paths_found_per_phase,398
U3,400,1.75,2,HopcroftKarpMatcher,0,na,bfs_edges_visited,35777
U3,400,1.75,2,HopcroftKarpMatcher,0,na,dfs_edges_visited,17972
U3,400,1.75,2,HopcroftKarpMatcher,0,na,defect_at_iteration,2
U3,400,1.75,2,HopcroftKarpMatcher,1,na,paths_found_per_phase,2
U3,400,1.75,2,HopcroftKarpMatcher,1,na,bfs_edges_visited,13000
U3,400,1.75,2,HopcroftKarpMatcher,1,na,dfs_edges_visited,476
U3,400,1.75,2,HopcroftKarpMatcher,1,na,defect_at_iteration,0
U3,400,1.75,2,HopcroftKarpMatcher,-1,na,phase_count,2
U3,400,1.75,2,HopcroftKarpMatcher,-1,na,main_loop_iters,2
U3,400,1.75,2,HopcroftKarpMatcher,-1,na,total_bfs_edges_visited,48777
U3,400,1.75,2,HopcroftKarpMatcher,-1,na,total_edges_visited,67225
U3,400,1.75,2,HopcroftKarpMatcher,-1,na,matching_size,400
U3,400,1.75,2,HopcroftKarpMatcher,-1,na,wall_clock_ms,1.01734
U3,400,1.75,2,HopcroftKarpMatcher,-1,na,matching_size,400
U3,200,1.75,11,SimpleAugmentingMatcher,-1,na,wall_clock_ms,3.35263
U3,200,1.75,11,SimpleAugmentingMatcher,-1,na,matching_size,200
U3,200,1.75,11,HopcroftKarpMatcher,0,na,paths_found_per_phase,198
U3,200,1.75,11,HopcroftKarpMatcher,0,na,bfs_edges_visited,10636
U3,200,1.75,11,HopcroftKarpMatcher,0,na,dfs_edges_visited,5339
U3,200,1.75,11,HopcroftKarpMatcher,0,na,defect_at_iteration,2
U3,200,1.75,11,HopcroftKarpMatcher,1,na,paths_found_per_phase,2
U3,200,1.75,11,HopcroftKarpMatcher,1,na,bfs_edges_visited,3968
U3,200,1.75,11,HopcroftKarpMatcher,1,na,dfs_edges_visited,117
U3,200,1.75,11,HopcroftKarpMatcher,1,na,defect_at_iteration,0
U3,200,1.75,11,HopcroftKarpMatcher,-1,na,phase_count,2
U3,200,1.75,11,HopcroftKarpMatcher,-1,na,main_loop_iters,2
U3,200,1.75,11,HopcroftKarpMatcher,-1,na,total_bfs_edges_visited,14604
U3,200,1.75,11,HopcroftKarpMatcher,-1,na,total_edges_visited,20060
U3,200,1.75,11,HopcroftKarpMatcher,-1,na,matching_size,200
U3,200,1.75,11,HopcroftKarpMatcher,-1,na,wall_clock_ms,0.29854
U3,200,1.75,11,HopcroftKarpMatcher,-1,na,matching_size,200
U3,100,1.75,17,SimpleAugmentingMatcher,-1,na,wall_clock_ms,0.454973
U3,100,1.75,17,SimpleAugmentingMatcher,-1,na,matching_size,100
U3,100,1.75,17,HopcroftKarpMatcher,0,na,paths_found_per_phase,98
U3,100,1.75,17,HopcroftKarpMatcher,0,na,bfs_edges_visited,3162
U3,100,1.75,17,HopcroftKarpMatcher,0,na,dfs_edges_visited,1580
U3,100,1.75,17,HopcroftKarpMatcher,0,na,defect_at_iteration,2
U3,100,1.75,17,HopcroftKarpMatcher,1,na,paths_found_per_phase,2
U3,100,1.75,17,HopcroftKarpMatcher,1,na,bfs_edges_visited,1367
U3,100,1.75,17,HopcroftKarpMatcher,1,na,dfs_edges_visited,68
U3,100,1.75,17,HopcroftKarpMatcher,1,na,defect_at_iteration,0
U3,100,1.75,17,HopcroftKarpMatcher,-1,na,phase_count,2
U3,100,1.75,17,HopcroftKarpMatcher,-1,na,main_loop_iters,2
U3,100,1.75,17,HopcroftKarpMatcher,-1,na,total_bfs_edges_visited,4529
U3,100,1.75,17,HopcroftKarpMatcher,-1,na,total_edges_visited,6177
U3,100,1.75,17,HopcroftKarpMatcher,-1,na,matching_size,100
U3,100,1.75,17,HopcroftKarpMatcher,-1,na,wall_clock_ms,0.098607
U3,100,1.75,17,HopcroftKarpMatcher,-1,na,matching_size,100
U3,3200,1.5,14,SimpleAugmentingMatcher,-1,na,wall_clock_ms,4875.03
U3,3200,1.5,14,SimpleAugmentingMatcher,-1,na,matching_size,3200
U3,3200,1.5,14,HopcroftKarpMatcher,0,na,paths_found_per_phase,3156
U3,3200,1.5,14,HopcroftKarpMatcher,0,na,bfs_edges_visited,181019
U3,3200,1.5,14,HopcroftKarpMatcher,0,na,dfs_edges_visited,90660
U3,3200,1.5,14,HopcroftKarpMatcher,0,na,defect_at_iteration,44
U3,3200,1.5,14,HopcroftKarpMatcher,1,na,paths_found_per_phase,44
U3,3200,1.5,14,HopcroftKarpMatcher,1,na,bfs_edges_visited,100219
U3,3200,1.5,14,HopcroftKarpMatcher,1,na,dfs_edges_visited,17199
U3,3200,1.5,14,HopcroftKarpMatcher,1,na,defect_at_iteration,0
U3,3200,1.5,14,HopcroftKarpMatcher,-1,na,phase_count,2
U3,3200,1.5,14,HopcroftKarpMatcher,-1,na,main_loop_iters,2
U3,3200,1.5,14,HopcroftKarpMatcher,-1,na,total_bfs_edges_visited,281238
U3,3200,1.5,14,HopcroftKarpMatcher,-1,na,total_edges_visited,389097
U3,3200,1.5,14,HopcroftKarpMatcher,-1,na,matching_size,3200
U3,3200,1.5,14,HopcroftKarpMatcher,-1,na,wall_clock_ms,25.1991
U3,3200,1.5,14,HopcroftKarpMatcher,-1,na,matching_size,3200
U3,6400,1.25,12,SimpleAugmentingMatcher,-1,na,wall_clock_ms,7911.87
U3,6400,1.25,12,SimpleAugmentingMatcher,-1,na,matching_size,6399
U3,6400,1.25,12,HopcroftKarpMatcher,0,na,paths_found_per_phase,5904
U3,6400,1.25,12,HopcroftKarpMatcher,0,na,bfs_edges_visited,57243
U3,6400,1.25,12,HopcroftKarpMatcher,0,na,dfs_edges_visited,29295
U3,6400,1.25,12,HopcroftKarpMatcher,0,na,defect_at_iteration,496
U3,6400,1.25,12,HopcroftKarpMatcher,1,na,paths_found_per_phase,473
U3,6400,1.25,12,HopcroftKarpMatcher,1,na,bfs_edges_visited,28305
U3,6400,1.25,12,HopcroftKarpMatcher,1,na,dfs_edges_visited,25389
U3,6400,1.25,12,HopcroftKarpMatcher,1,na,defect_at_iteration,23
U3,6400,1.25,12,HopcroftKarpMatcher,2,na,paths_found_per_phase,18
U3,6400,1.25,12,HopcroftKarpMatcher,2,na,bfs_edges_visited,11340
U3,6400,1.25,12,HopcroftKarpMatcher,2,na,dfs_edges_visited,26506
U3,6400,1.25,12,HopcroftKarpMatcher,2,na,defect_at_iteration,5
U3,6400,1.25,12,HopcroftKarpMatcher,3,na,paths_found_per_phase,4
U3,6400,1.25,12,HopcroftKarpMatcher,3,na,bfs_edges_visited,51547
U3,6400,1.25,12,HopcroftKarpMatcher,3,na,dfs_edges_visited,28824
U3,6400,1.25,12,HopcroftKarpMatcher,3,na,defect_at_iteration,1
U3,6400,1.25,12,HopcroftKarpMatcher,-1,na,phase_count,4
U3,6400,1.25,12,HopcroftKarpMatcher,-1,na,main_loop_iters,4
U3,6400,1.25,12,HopcroftKarpMatcher,-1,na,total_bfs_edges_visited,148435
U3,6400,1.25,12,HopcroftKarpMatcher,-1,na,total_edges_visited,258449
U3,6400,1.25,12,HopcroftKarpMatcher,-1,na,matching_size,6399
U3,6400,1.25,12,HopcroftKarpMatcher,-1,na,wall_clock_ms,221.826
U3,6400,1.25,12,HopcroftKarpMatcher,-1,na,matching_size,6399
U3,100,1.25,17,SimpleAugmentingMatcher,-1,na,wall_clock_ms,0.078704
U3,100,1.25,17,SimpleAugmentingMatcher,-1,na,matching_size,93
U3,100,1.25,17,HopcroftKarpMatcher,0,na,paths_found_per_phase,78
U3,100,1.25,17,HopcroftKarpMatcher,0,na,bfs_edges_visited,316
U3,100,1.25,17,HopcroftKarpMatcher,0,na,dfs_edges_visited,175
U3,100,1.25,17,HopcroftKarpMatcher,0,na,defect_at_iteration,22
U3,100,1.25,17,HopcroftKarpMatcher,1,na,paths_found_per_phase,12
U3,100,1.25,17,HopcroftKarpMatcher,1,na,bfs_edges_visited,167
U3,100,1.25,17,HopcroftKarpMatcher,1,na,dfs_edges_visited,128
U3,100,1.25,17,HopcroftKarpMatcher,1,na,defect_at_iteration,10
U3,100,1.25,17,HopcroftKarpMatcher,2,na,paths_found_per_phase,1
U3,100,1.25,17,HopcroftKarpMatcher,2,na,bfs_edges_visited,82
U3,100,1.25,17,HopcroftKarpMatcher,2,na,dfs_edges_visited,99
U3,100,1.25,17,HopcroftKarpMatcher,2,na,defect_at_iteration,9
U3,100,1.25,17,HopcroftKarpMatcher,3,na,paths_found_per_phase,2
U3,100,1.25,17,HopcroftKarpMatcher,3,na,bfs_edges_visited,202
U3,100,1.25,17,HopcroftKarpMatcher,3,na,dfs_edges_visited,115
U3,100,1.25,17,HopcroftKarpMatcher,3,na,defect_at_iteration,7
U3,100,1.25,17,HopcroftKarpMatcher,-1,na,phase_count,4
U3,100,1.25,17,HopcroftKarpMatcher,-1,na,main_loop_iters,4
U3,100,1.25,17,HopcroftKarpMatcher,-1,na,total_bfs_edges_visited,767
U3,100,1.25,17,HopcroftKarpMatcher,-1,na,total_edges_visited,1284
U3,100,1.25,17,HopcroftKarpMatcher,-1,na,matching_size,93
U3,100,1.25,17,HopcroftKarpMatcher,-1,na,wall_clock_ms,0.217405
U3,100,1.25,17,HopcroftKarpMatcher,-1,na,matching_size,93
U3,3200,1,4,SimpleAugmentingMatcher,-1,na,wall_clock_ms,9.49124
U3,3200,1,4,SimpleAugmentingMatcher,-1,na,matching_size,1745
U3,3200,1,4,HopcroftKarpMatcher,0,na,paths_found_per_phase,1643
U3,3200,1,4,HopcroftKarpMatcher,0,na,bfs_edges_visited,3200
U3,3200,1,4,HopcroftKarpMatcher,0,na,dfs_edges_visited,2339
U3,3200,1,4,HopcroftKarpMatcher,0,na,defect_at_iteration,1557
U3,3200,1,4,HopcroftKarpMatcher,1,na,paths_found_per_phase,99
U3,3200,1,4,HopcroftKarpMatcher,1,na,bfs_edges_visited,1109
U3,3200,1,4,HopcroftKarpMatcher,1,na,dfs_edges_visited,1130
U3,3200,1,4,HopcroftKarpMatcher,1,na,defect_at_iteration,1458
U3,3200,1,4,HopcroftKarpMatcher,2,na,paths_found_per_phase,3
U3,3200,1,4,HopcroftKarpMatcher,2,na,bfs_edges_visited,803
U3,3200,1,4,HopcroftKarpMatcher,2,na,dfs_edges_visited,796
U3,3200,1,4,HopcroftKarpMatcher,2,na,defect_at_iteration,1455
U3,3200,1,4,HopcroftKarpMatcher,-1,na,phase_count,3
U3,3200,1,4,HopcroftKarpMatcher,-1,na,main_loop_iters,3
U3,3200,1,4,HopcroftKarpMatcher,-1,na,total_bfs_edges_visited,5112
U3,3200,1,4,HopcroftKarpMatcher,-1,na,total_edges_visited,9377
U3,3200,1,4,HopcroftKarpMatcher,-1,na,matching_size,1745
U3,3200,1,4,HopcroftKarpMatcher,-1,na,wall_clock_ms,45.8007
U3,3200,1,4,HopcroftKarpMatcher,-1,na,matching_size,1745
U3,400,1.75,15,SimpleAugmentingMatcher,-1,na,wall_clock_ms,29.2236
U3,400,1.75,15,SimpleAugmentingMatcher,-1,na,matching_size,400
U3,400,1.75,15,HopcroftKarpMatcher,0,na,paths_found_per_phase,398
U3,400,1.75,15,HopcroftKarpMatcher,0,na,bfs_edges_visited,35777
U3,400,1.75,15,HopcroftKarpMatcher,0,na,dfs_edges_visited,17983
U3,400,1.75,15,HopcroftKarpMatcher,0,na,defect_at_iteration,2
U3,400,1.75,15,HopcroftKarpMatcher,1,na,paths_found_per_phase,2
U3,400,1.75,15,HopcroftKarpMatcher,1,na,bfs_edges_visited,13896
U3,400,1.75,15,HopcroftKarpMatcher,1,na,dfs_edges_visited,1143
U3,400,1.75,15,HopcroftKarpMatcher,1,na,defect_at_iteration,0
U3,400,1.75,15,HopcroftKarpMatcher,-1,na,phase_count,2
U3,400,1.75,15,HopcroftKarpMatcher,-1,na,main_loop_iters,2
U3,400,1.75,15,HopcroftKarpMatcher,-1,na,total_bfs_edges_visited,49673
U3,400,1.75,15,HopcroftKarpMatcher,-1,na,total_edges_visited,68799
U3,400,1.75,15,HopcroftKarpMatcher,-1,na,matching_size,400
U3,400,1.75,15,HopcroftKarpMatcher,-1,na,wall_clock_ms,1.02975
U3,400,1.75,15,HopcroftKarpMatcher,-1,na,matching_size,400
U3,100,1.75,10,SimpleAugmentingMatcher,-1,na,wall_clock_ms,0.455423
U3,100,1.75,10,SimpleAugmentingMatcher,-1,na,matching_size,100
U3,100,1.75,10,HopcroftKarpMatcher,0,na,paths_found_per_phase,97
U3,100,1.75,10,HopcroftKarpMatcher,0,na,bfs_edges_visited,3162
U3,100,1.75,10,HopcroftKarpMatcher,0,na,dfs_edges_visited,1574
U3,100,1.75,10,HopcroftKarpMatcher,0,na,defect_at_iteration,3
U3,100,1.75,10,HopcroftKarpMatcher,1,na,paths_found_per_phase,3
U3,100,1.75,10,HopcroftKarpMatcher,1,na,bfs_edges_visited,2433
U3,100,1.75,10,HopcroftKarpMatcher,1,na,dfs_edges_visited,139
U3,100,1.75,10,HopcroftKarpMatcher,1,na,defect_at_iteration,0
U3,100,1.75,10,HopcroftKarpMatcher,-1,na,phase_count,2
U3,100,1.75,10,HopcroftKarpMatcher,-1,na,main_loop_iters,2
U3,100,1.75,10,HopcroftKarpMatcher,-1,na,total_bfs_edges_visited,5595
U3,100,1.75,10,HopcroftKarpMatcher,-1,na,total_edges_visited,7308
U3,100,1.75,10,HopcroftKarpMatcher,-1,na,matching_size,100
U3,100,1.75,10,HopcroftKarpMatcher,-1,na,wall_clock_ms,0.216205
U3,100,1.75,10,HopcroftKarpMatcher,-1,na,matching_size,100
U3,100,2,4,SimpleAugmentingMatcher,-1,na,wall_clock_ms,0.251826
U3,100,2,4,SimpleAugmentingMatcher,-1,na,matching_size,100
U3,100,2,4,HopcroftKarpMatcher,0,na,paths_found_per_phase,100
U3,100,2,4,HopcroftKarpMatcher,0,na,bfs_edges_visited,10000
U3,100,2,4,HopcroftKarpMatcher,0,na,dfs_edges_visited,5050
U3,100,2,4,HopcroftKarpMatcher,0,na,defect_at_iteration,0
U3,100,2,4,HopcroftKarpMatcher,-1,na,phase_count,1
U3,100,2,4,HopcroftKarpMatcher,-1,na,main_loop_iters,1
U3,100,2,4,HopcroftKarpMatcher,-1,na,total_bfs_edges_visited,10000
U3,100,2,4,HopcroftKarpMatcher,-1,na,total_edges_visited,15050
U3,100,2,4,HopcroftKarpMatcher,-1,na,matching_size,100
U3,100,2,4,HopcroftKarpMatcher,-1,na,wall_clock_ms,0.026563
U3,100,2,4,HopcroftKarpMatcher,-1,na,matching_size,100
U3,1600,1.75,17,SimpleAugmentingMatcher,-1,na,wall_clock_ms,1687.27
U3,1600,1.75,17,SimpleAugmentingMatcher,-1,na,matching_size,1600
U3,1600,1.75,17,HopcroftKarpMatcher,0,na,paths_found_per_phase,1596
U3,1600,1.75,17,HopcroftKarpMatcher,0,na,bfs_edges_visited,404771
U3,1600,1.75,17,HopcroftKarpMatcher,0,na,dfs_edges_visited,202757
U3,1600,1.75,17,HopcroftKarpMatcher,0,na,defect_at_iteration,4
U3,1600,1.75,17,HopcroftKarpMatcher,1,na,paths_found_per_phase,4
U3,1600,1.75,17,HopcroftKarpMatcher,1,na,bfs_edges_visited,206913
U3,1600,1.75,17,HopcroftKarpMatcher,1,na,dfs_edges_visited,4524
U3,1600,1.75,17,HopcroftKarpMatcher,1,na,defect_at_iteration,0
U3,1600,1.75,17,HopcroftKarpMatcher,-1,na,phase_count,2
U3,1600,1.75,17,HopcroftKarpMatcher,-1,na,main_loop_iters,2
U3,1600,1.75,17,HopcroftKarpMatcher,-1,na,total_bfs_edges_visited,611684
U3,1600,1.75,17,HopcroftKarpMatcher,-1,na,total_edges_visited,818965
U3,1600,1.75,17,HopcroftKarpMatcher,-1,na,matching_size,1600
U3,1600,1.75,17,HopcroftKarpMatcher,-1,na,wall_clock_ms,13.2995
U3,1600,1.75,17,HopcroftKarpMatcher,-1,na,matching_size,1600
U3,400,1.75,0,SimpleAugmentingMatcher,-1,na,wall_clock_ms,29.585
U3,400,1.75,0,SimpleAugmentingMatcher,-1,na,matching_size,400
U3,400,1.75,0,HopcroftKarpMatcher,0,na,paths_found_per_phase,399
U3,400,1.75,0,HopcroftKarpMatcher,0,na,bfs_edges_visited,35777
U3,400,1.75,0,HopcroftKarpMatcher,0,na,dfs_edges_visited,18043
U3,400,1.75,0,HopcroftKarpMatcher,0,na,defect_at_iteration,1
U3,400,1.75,0,HopcroftKarpMatcher,1,na,paths_found_per_phase,1
U3,400,1.75,0,HopcroftKarpMatcher,1,na,bfs_edges_visited,7511
U3,400,1.75,0,HopcroftKarpMatcher,1,na,dfs_edges_visited,653
U3,400,1.75,0,HopcroftKarpMatcher,1,na,defect_at_iteration,0
U3,400,1.75,0,HopcroftKarpMatcher,-1,na,phase_count,2
U3,400,1.75,0,HopcroftKarpMatcher,-1,na,main_loop_iters,2
U3,400,1.75,0,HopcroftKarpMatcher,-1,na,total_bfs_edges_visited,43288
U3,400,1.75,0,HopcroftKarpMatcher,-1,na,total_edges_visited,61984
U3,400,1.75,0,HopcroftKarpMatcher,-1,na,matching_size,400
U3,400,1.75,0,HopcroftKarpMatcher,-1,na,wall_clock_ms,0.931345
U3,400,1.75,0,HopcroftKarpMatcher,-1,na,matching_size,400
U3,400,1,17,SimpleAugmentingMatcher,-1,na,wall_clock_ms,0.149272
U3,400,1,17,SimpleAugmentingMatcher,-1,na,matching_size,212
U3,400,1,17,HopcroftKarpMatcher,0,na,paths_found_per_phase,198
U3,400,1,17,HopcroftKarpMatcher,0,na,bfs_edges_visited,400
U3,400,1,17,HopcroftKarpMatcher,0,na,dfs_edges_visited,273
U3,400,1,17,HopcroftKarpMatcher,0,na,defect_at_iteration,202
U3,400,1,17,HopcroftKarpMatcher,1,na,paths_found_per_phase,13
U3,400,1,17,HopcroftKarpMatcher,1,na,bfs_edges_visited,112
U3,400,1,17,HopcroftKarpMatcher,1,na,dfs_edges_visited,115
U3,400,1,17,HopcroftKarpMatcher,1,na,defect_at_iteration,189
U3,400,1,17,HopcroftKarpMatcher,2,na,paths_found_per_phase,1
U3,400,1,17,HopcroftKarpMatcher,2,na,bfs_edges_visited,73
U3,400,1,17,HopcroftKarpMatcher,2,na,dfs_edges_visited,70
U3,400,1,17,HopcroftKarpMatcher,2,na,defect_at_iteration,188
U3,400,1,17,HopcroftKarpMatcher,-1,na,phase_count,3
U3,400,1,17,HopcroftKarpMatcher,-1,na,main_loop_iters,3
U3,400,1,17,HopcroftKarpMatcher,-1,na,total_bfs_edges_visited,585
U3,400,1,17,HopcroftKarpMatcher,-1,na,total_edges_visited,1043
U3,400,1,17,HopcroftKarpMatcher,-1,na,matching_size,212
U3,400,1,17,HopcroftKarpMatcher,-1,na,wall_clock_ms,0.743976
U3,400,1,17,HopcroftKarpMatcher,-1,na,matching_size,212
U3,800,2,19,SimpleAugmentingMatcher,-1,na,wall_clock_ms,112.299
U3,800,2,19,SimpleAugmentingMatcher,-1,na,matching_size,800
U3,800,2,19,HopcroftKarpMatcher,0,na,paths_found_per_phase,800
U3,800,2,19,HopcroftKarpMatcher,0,na,bfs_edges_visited,640000
U3,800,2,19,HopcroftKarpMatcher,0,na,dfs_edges_visited,320400
U3,800,2,19,HopcroftKarpMatcher,0,na,defect_at_iteration,0
U3,800,2,19,HopcroftKarpMatcher,-1,na,phase_count,1
U3,800,2,19,HopcroftKarpMatcher,-1,na,main_loop_iters,1
U3,800,2,19,HopcroftKarpMatcher,-1,na,total_bfs_edges_visited,640000
U3,800,2,19,HopcroftKarpMatcher,-1,na,total_edges_visited,960400
U3,800,2,19,HopcroftKarpMatcher,-1,na,matching_size,800
U3,800,2,19,HopcroftKarpMatcher,-1,na,wall_clock_ms,1.28911
U3,800,2,19,HopcroftKarpMatcher,-1,na,matching_size,800
U3,400,1.5,2,SimpleAugmentingMatcher,-1,na,wall_clock_ms,9.55301
U3,400,1.5,2,SimpleAugmentingMatcher,-1,na,matching_size,400
U3,400,1.5,2,HopcroftKarpMatcher,0,na,paths_found_per_phase,383
U3,400,1.5,2,HopcroftKarpMatcher,0,na,bfs_edges_visited,8000
U3,400,1.5,2,HopcroftKarpMatcher,0,na,dfs_edges_visited,4044
U3,400,1.5,2,HopcroftKarpMatcher,0,na,defect_at_iteration,17
U3,400,1.5,2,HopcroftKarpMatcher,1,na,paths_found_per_phase,17
U3,400,1.5,2,HopcroftKarpMatcher,1,na,bfs_edges_visited,4830
U3,400,1.5,2,HopcroftKarpMatcher,1,na,dfs_edges_visited,1565
U3,400,1.5,2,HopcroftKarpMatcher,1,na,defect_at_iteration,0
U3,400,1.5,2,HopcroftKarpMatcher,-1,na,phase_count,2
U3,400,1.5,2,HopcroftKarpMatcher,-1,na,main_loop_iters,2
U3,400,1.5,2,HopcroftKarpMatcher,-1,na,total_bfs_edges_visited,12830
U3,400,1.5,2,HopcroftKarpMatcher,-1,na,total_edges_visited,18439
U3,400,1.5,2,HopcroftKarpMatcher,-1,na,matching_size,400
U3,400,1.5,2,HopcroftKarpMatcher,-1,na,wall_clock_ms,0.560651
U3,400,1.5,2,HopcroftKarpMatcher,-1,na,matching_size,400
U3,100,1.75,8,SimpleAugmentingMatcher,-1,na,wall_clock_ms,0.483416
U3,100,1.75,8,SimpleAugmentingMatcher,-1,na,matching_size,100
U3,100,1.75,8,HopcroftKarpMatcher,0,na,paths_found_per_phase,97
U3,100,1.75,8,HopcroftKarpMatcher,0,na,bfs_edges_visited,3162
U3,100,1.75,8,HopcroftKarpMatcher,0,na,dfs_edges_visited,1589
U3,100,1.75,8,HopcroftKarpMatcher,0,na,defect_at_iteration,3
U3,100,1.75,8,HopcroftKarpMatcher,1,na,paths_found_per_phase,3
U3,100,1.75,8,HopcroftKarpMatcher,1,na,bfs_edges_visited,2164
U3,100,1.75,8,HopcroftKarpMatcher,1,na,dfs_edges_visited,124
U3,100,1.75,8,HopcroftKarpMatcher,1,na,defect_at_iteration,0
U3,100,1.75,8,HopcroftKarpMatcher,-1,na,phase_count,2
U3,100,1.75,8,HopcroftKarpMatcher,-1,na,main_loop_iters,2
U3,100,1.75,8,HopcroftKarpMatcher,-1,na,total_bfs_edges_visited,5326
U3,100,1.75,8,HopcroftKarpMatcher,-1,na,total_edges_visited,7039
U3,100,1.75,8,HopcroftKarpMatcher,-1,na,matching_size,100
U3,100,1.75,8,HopcroftKarpMatcher,-1,na,wall_clock_ms,0.110371
U3,100,1.75,8,HopcroftKarpMatcher,-1,na,matching_size,100
U3,6400,1.75,7,SimpleAugmentingMatcher,-1,na,wall_clock_ms,89582
U3,6400,1.75,7,SimpleAugmentingMatcher,-1,na,matching_size,6400
U3,6400,1.75,7,HopcroftKarpMatcher,0,na,paths_found_per_phase,6393
U3,6400,1.75,7,HopcroftKarpMatcher,0,na,bfs_edges_visited,4.57947e+06
U3,6400,1.75,7,HopcroftKarpMatcher,0,na,dfs_edges_visited,2.28934e+06
U3,6400,1.75,7,HopcroftKarpMatcher,0,na,defect_at_iteration,7
U3,6400,1.75,7,HopcroftKarpMatcher,1,na,paths_found_per_phase,7
U3,6400,1.75,7,HopcroftKarpMatcher,1,na,bfs_edges_visited,2.5249e+06
U3,6400,1.75,7,HopcroftKarpMatcher,1,na,dfs_edges_visited,17813
U3,6400,1.75,7,HopcroftKarpMatcher,1,na,defect_at_iteration,0
U3,6400,1.75,7,HopcroftKarpMatcher,-1,na,phase_count,2
U3,6400,1.75,7,HopcroftKarpMatcher,-1,na,main_loop_iters,2
U3,6400,1.75,7,HopcroftKarpMatcher,-1,na,total_bfs_edges_visited,7.10437e+06
U3,6400,1.75,7,HopcroftKarpMatcher,-1,na,total_edges_visited,9.41152e+06
U3,6400,1.75,7,HopcroftKarpMatcher,-1,na,matching_size,6400
U3,6400,1.75,7,HopcroftKarpMatcher,-1,na,wall_clock_ms,175.189
U3,6400,1.75,7,HopcroftKarpMatcher,-1,na,matching_size,6400
U3,1600,1.25,3,SimpleAugmentingMatcher,-1,na,wall_clock_ms,134.218
U3,1600,1.25,3,SimpleAugmentingMatcher,-1,na,matching_size,1594
U3,1600,1.25,3,HopcroftKarpMatcher,0,na,paths_found_per_phase,1410
U3,1600,1.25,3,HopcroftKarpMatcher,0,na,bfs_edges_visited,10119
U3,1600,1.25,3,HopcroftKarpMatcher,0,na,dfs_edges_visited,5219
U3,1600,1.25,3,HopcroftKarpMatcher,0,na,defect_at_iteration,190
U3,1600,1.25,3,HopcroftKarpMatcher,1,na,paths_found_per_phase,165
U3,1600,1.25,3,HopcroftKarpMatcher,1,na,bfs_edges_visited,5296
U3,1600,1.25,3,HopcroftKarpMatcher,1,na,dfs_edges_visited,5419
U3,1600,1.25,3,HopcroftKarpMatcher,1,na,defect_at_iteration,25
U3,1600,1.25,3,HopcroftKarpMatcher,2,na,paths_found_per_phase,17
U3,1600,1.25,3,HopcroftKarpMatcher,2,na,bfs_edges_visited,3419
U3,1600,1.25,3,HopcroftKarpMatcher,2,na,dfs_edges_visited,5822
U3,1600,1.25,3,HopcroftKarpMatcher,2,na,defect_at_iteration,8
U3,1600,1.25,3,HopcroftKarpMatcher,3,na,paths_found_per_phase,2
U3,1600,1.25,3,HopcroftKarpMatcher,3,na,bfs_edges_visited,9432
U3,1600,1.25,3,HopcroftKarpMatcher,3,na,dfs_edges_visited,7811
U3,1600,1.25,3,HopcroftKarpMatcher,3,na,defect_at_iteration,6
U3,1600,1.25,3,HopcroftKarpMatcher,-1,na,phase_count,4
U3,1600,1.25,3,HopcroftKarpMatcher,-1,na,main_loop_iters,4
U3,1600,1.25,3,HopcroftKarpMatcher,-1,na,total_bfs_edges_visited,28266
U3,1600,1.25,3,HopcroftKarpMatcher,-1,na,total_edges_visited,52537
U3,1600,1.25,3,HopcroftKarpMatcher,-1,na,matching_size,1594
U3,1600,1.25,3,HopcroftKarpMatcher,-1,na,wall_clock_ms,16.1776
U3,1600,1.25,3,HopcroftKarpMatcher,-1,na,matching_size,1594
U3,1600,1.5,10,SimpleAugmentingMatcher,-1,na,wall_clock_ms,601.596
U3,1600,1.5,10,SimpleAugmentingMatcher,-1,na,matching_size,1600
U3,1600,1.5,10,HopcroftKarpMatcher,0,na,paths_found_per_phase,1572
U3,1600,1.5,10,HopcroftKarpMatcher,0,na,bfs_edges_visited,64000
U3,1600,1.5,10,HopcroftKarpMatcher,0,na,dfs_edges_visited,32130
U3,1600,1.5,10,HopcroftKarpMatcher,0,na,defect_at_iteration,28
U3,1600,1.5,10,HopcroftKarpMatcher,1,na,paths_found_per_phase,28
U3,1600,1.5,10,HopcroftKarpMatcher,1,na,bfs_edges_visited,31783
U3,1600,1.5,10,HopcroftKarpMatcher,1,na,dfs_edges_visited,7687
U3,1600,1.5,10,HopcroftKarpMatcher,1,na,defect_at_iteration,0
U3,1600,1.5,10,HopcroftKarpMatcher,-1,na,phase_count,2
U3,1600,1.5,10,HopcroftKarpMatcher,-1,na,main_loop_iters,2
U3,1600,1.5,10,HopcroftKarpMatcher,-1,na,total_bfs_edges_visited,95783
U3,1600,1.5,10,HopcroftKarpMatcher,-1,na,total_edges_visited,135600
U3,1600,1.5,10,HopcroftKarpMatcher,-1,na,matching_size,1600
U3,1600,1.5,10,HopcroftKarpMatcher,-1,na,wall_clock_ms,6.63162
U3,1600,1.5,10,HopcroftKarpMatcher,-1,na,matching_size,1600
U3,400,1.25,7,SimpleAugmentingMatcher,-1,na,wall_clock_ms,2.62488
U3,400,1.25,7,SimpleAugmentingMatcher,-1,na,matching_size,396
U3,400,1.25,7,HopcroftKarpMatcher,0,na,paths_found_per_phase,336
U3,400,1.25,7,HopcroftKarpMatcher,0,na,bfs_edges_visited,1788
U3,400,1.25,7,HopcroftKarpMatcher,0,na,dfs_edges_visited,995
U3,400,1.25,7,HopcroftKarpMatcher,0,na,defect_at_iteration,64
U3,400,1.25,7,HopcroftKarpMatcher,1,na,paths_found_per_phase,47
U3,400,1.25,7,HopcroftKarpMatcher,1,na,bfs_edges_visited,872
U3,400,1.25,7,HopcroftKarpMatcher,1,na,dfs_edges_visited,926
U3,400,1.25,7,HopcroftKarpMatcher,1,na,defect_at_iteration,17
U3,400,1.25,7,HopcroftKarpMatcher,2,na,paths_found_per_phase,6
U3,400,1.25,7,HopcroftKarpMatcher,2,na,bfs_edges_visited,450
U3,400,1.25,7,HopcroftKarpMatcher,2,na,dfs_edges_visited,427
U3,400,1.25,7,HopcroftKarpMatcher,2,na,defect_at_iteration,11
U3,400,1.25,7,HopcroftKarpMatcher,3,na,paths_found_per_phase,4
U3,400,1.25,7,HopcroftKarpMatcher,3,na,bfs_edges_visited,815
U3,400,1.25,7,HopcroftKarpMatcher,3,na,dfs_edges_visited,468
U3,400,1.25,7,HopcroftKarpMatcher,3,na,defect_at_iteration,7
U3,400,1.25,7,HopcroftKarpMatcher,4,na,paths_found_per_phase,1
U3,400,1.25,7,HopcroftKarpMatcher,4,na,bfs_edges_visited,353
U3,400,1.25,7,HopcroftKarpMatcher,4,na,dfs_edges_visited,787
U3,400,1.25,7,HopcroftKarpMatcher,4,na,defect_at_iteration,6
U3,400,1.25,7,HopcroftKarpMatcher,5,na,paths_found_per_phase,2
U3,400,1.25,7,HopcroftKarpMatcher,5,na,bfs_edges_visited,1185
U3,400,1.25,7,HopcroftKarpMatcher,5,na,dfs_edges_visited,392
U3,400,1.25,7,HopcroftKarpMatcher,5,na,defect_at_iteration,4
U3,400,1.25,7,HopcroftKarpMatcher,-1,na,phase_count,6
U3,400,1.25,7,HopcroftKarpMatcher,-1,na,main_loop_iters,6
U3,400,1.25,7,HopcroftKarpMatcher,-1,na,total_bfs_edges_visited,5463
U3,400,1.25,7,HopcroftKarpMatcher,-1,na,total_edges_visited,9458
U3,400,1.25,7,HopcroftKarpMatcher,-1,na,matching_size,396
U3,400,1.25,7,HopcroftKarpMatcher,-1,na,wall_clock_ms,1.01542
U3,400,1.25,7,HopcroftKarpMatcher,-1,na,matching_size,396
U3,200,1.75,12,SimpleAugmentingMatcher,-1,na,wall_clock_ms,3.47358
U3,200,1.75,12,SimpleAugmentingMatcher,-1,na,matching_size,200
U3,200,1.75,12,HopcroftKarpMatcher,0,na,paths_found_per_phase,196
U3,200,1.75,12,HopcroftKarpMatcher,0,na,bfs_edges_visited,10636
U3,200,1.75,12,HopcroftKarpMatcher,0,na,dfs_edges_visited,5345
U3,200,1.75,12,HopcroftKarpMatcher,0,na,defect_at_iteration,4
U3,200,1.75,12,HopcroftKarpMatcher,1,na,paths_found_per_phase,4
U3,200,1.75,12,HopcroftKarpMatcher,1,na,bfs_edges_visited,7526
U3,200,1.75,12,HopcroftKarpMatcher,1,na,dfs_edges_visited,460
U3,200,1.75,12,HopcroftKarpMatcher,1,na,defect_at_iteration,0
U3,200,1.75,12,HopcroftKarpMatcher,-1,na,phase_count,2
U3,200,1.75,12,HopcroftKarpMatcher,-1,na,main_loop_iters,2
U3,200,1.75,12,HopcroftKarpMatcher,-1,na,total_bfs_edges_visited,18162
U3,200,1.75,12,HopcroftKarpMatcher,-1,na,total_edges_visited,23967
U3,200,1.75,12,HopcroftKarpMatcher,-1,na,matching_size,200
U3,200,1.75,12,HopcroftKarpMatcher,-1,na,wall_clock_ms,0.35529
U3,200,1.75,12,HopcroftKarpMatcher,-1,na,matching_size,200
U3,3200,1.75,2,SimpleAugmentingMatcher,-1,na,wall_clock_ms,12254.1
U3,3200,1.75,2,SimpleAugmentingMatcher,-1,na,matching_size,3200
U3,3200,1.75,2,HopcroftKarpMatcher,0,na,paths_found_per_phase,3196
U3,3200,1.75,2,HopcroftKarpMatcher,0,na,bfs_edges_visited,1.36148e+06
U3,3200,1.75,2,HopcroftKarpMatcher,0,na,dfs_edges_visited,681149
U3,3200,1.75,2,HopcroftKarpMatcher,0,na,defect_at_iteration,4
U3,3200,1.75,2,HopcroftKarpMatcher,1,na,paths_found_per_phase,4
U3,3200,1.75,2,HopcroftKarpMatcher,1,na,bfs_edges_visited,568582
U3,3200,1.75,2,HopcroftKarpMatcher,1,na,dfs_edges_visited,8337
U3,3200,1.75,2,HopcroftKarpMatcher,1,na,defect_at_iteration,0
U3,3200,1.75,2,HopcroftKarpMatcher,-1,na,phase_count,2
U3,3200,1.75,2,HopcroftKarpMatcher,-1,na,main_loop_iters,2
U3,3200,1.75,2,HopcroftKarpMatcher,-1,na,total_bfs_edges_visited,1.93006e+06
U3,3200,1.75,2,HopcroftKarpMatcher,-1,na,total_edges_visited,2.61955e+06
U3,3200,1.75,2,HopcroftKarpMatcher,-1,na,matching_size,3200
U3,3200,1.75,2,HopcroftKarpMatcher,-1,na,wall_clock_ms,45.5569
U3,3200,1.75,2,HopcroftKarpMatcher,-1,na,matching_size,3200
U3,6400,1,2,SimpleAugmentingMatcher,-1,na,wall_clock_ms,38.675
U3,6400,1,2,SimpleAugmentingMatcher,-1,na,matching_size,3497
U3,6400,1,2,HopcroftKarpMatcher,0,na,paths_found_per_phase,3267
U3,6400,1,2,HopcroftKarpMatcher,0,na,bfs_edges_visited,6400
U3,6400,1,2,HopcroftKarpMatcher,0,na,dfs_edges_visited,4639
U3,6400,1,2,HopcroftKarpMatcher,0,na,defect_at_iteration,3133
U3,6400,1,2,HopcroftKarpMatcher,1,na,paths_found_per_phase,216
U3,6400,1,2,HopcroftKarpMatcher,1,na,bfs_edges_visited,2275
U3,6400,1,2,HopcroftKarpMatcher,1,na,dfs_edges_visited,2361
U3,6400,1,2,HopcroftKarpMatcher,1,na,defect_at_iteration,2917
U3,6400,1,2,HopcroftKarpMatcher,2,na,paths_found_per_phase,11
U3,6400,1,2,HopcroftKarpMatcher,2,na,bfs_edges_visited,1624
U3,6400,1,2,HopcroftKarpMatcher,2,na,dfs_edges_visited,1681
U3,6400,1,2,HopcroftKarpMatcher,2,na,defect_at_iteration,2906
U3,6400,1,2,HopcroftKarpMatcher,3,na,paths_found_per_phase,3
U3,6400,1,2,HopcroftKarpMatcher,3,na,bfs_edges_visited,1625
U3,6400,1,2,HopcroftKarpMatcher,3,na,dfs_edges_visited,1629
U3,6400,1,2,HopcroftKarpMatcher,3,na,defect_at_iteration,2903
U3,6400,1,2,HopcroftKarpMatcher,-1,na,phase_count,4
U3,6400,1,2,HopcroftKarpMatcher,-1,na,main_loop_iters,4
U3,6400,1,2,HopcroftKarpMatcher,-1,na,total_bfs_edges_visited,11924
U3,6400,1,2,HopcroftKarpMatcher,-1,na,total_edges_visited,22234
U3,6400,1,2,HopcroftKarpMatcher,-1,na,matching_size,3497
U3,6400,1,2,HopcroftKarpMatcher,-1,na,wall_clock_ms,228.619
U3,6400,1,2,HopcroftKarpMatcher,-1,na,matching_size,3497
U3,800,1.75,11,SimpleAugmentingMatcher,-1,na,wall_clock_ms,228.055
U3,800,1.75,11,SimpleAugmentingMatcher,-1,na,matching_size,800
U3,800,1.75,11,HopcroftKarpMatcher,0,na,paths_found_per_phase,797
U3,800,1.75,11,HopcroftKarpMatcher,0,na,bfs_edges_visited,120339
U3,800,1.75,11,HopcroftKarpMatcher,0,na,dfs_edges_visited,60514
U3,800,1.75,11,HopcroftKarpMatcher,0,na,defect_at_iteration,3
U3,800,1.75,11,HopcroftKarpMatcher,1,na,paths_found_per_phase,3
U3,800,1.75,11,HopcroftKarpMatcher,1,na,bfs_edges_visited,59792
U3,800,1.75,11,HopcroftKarpMatcher,1,na,dfs_edges_visited,3455
U3,800,1.75,11,HopcroftKarpMatcher,1,na,defect_at_iteration,0
U3,800,1.75,11,HopcroftKarpMatcher,-1,na,phase_count,2
U3,800,1.75,11,HopcroftKarpMatcher,-1,na,main_loop_iters,2
U3,800,1.75,11,HopcroftKarpMatcher,-1,na,total_bfs_edges_visited,180131
U3,800,1.75,11,HopcroftKarpMatcher,-1,na,total_edges_visited,244100
U3,800,1.75,11,HopcroftKarpMatcher,-1,na,matching_size,800
U3,800,1.75,11,HopcroftKarpMatcher,-1,na,wall_clock_ms,3.76932
U3,800,1.75,11,HopcroftKarpMatcher,-1,na,matching_size,800
U3,6400,1.75,10,SimpleAugmentingMatcher,-1,na,wall_clock_ms,89951
U3,6400,1.75,10,SimpleAugmentingMatcher,-1,na,matching_size,6400
U3,6400,1.75,10,HopcroftKarpMatcher,0,na,paths_found_per_phase,6394
U3,6400,1.75,10,HopcroftKarpMatcher,0,na,bfs_edges_visited,4.57947e+06
U3,6400,1.75,10,HopcroftKarpMatcher,0,na,dfs_edges_visited,2.29011e+06
U3,6400,1.75,10,HopcroftKarpMatcher,0,na,defect_at_iteration,6
U3,6400,1.75,10,HopcroftKarpMatcher,1,na,paths_found_per_phase,6
U3,6400,1.75,10,HopcroftKarpMatcher,1,na,bfs_edges_visited,2.32824e+06
U3,6400,1.75,10,HopcroftKarpMatcher,1,na,dfs_edges_visited,20126
U3,6400,1.75,10,HopcroftKarpMatcher,1,na,defect_at_iteration,0
U3,6400,1.75,10,HopcroftKarpMatcher,-1,na,phase_count,2
U3,6400,1.75,10,HopcroftKarpMatcher,-1,na,main_loop_iters,2
U3,6400,1.75,10,HopcroftKarpMatcher,-1,na,total_bfs_edges_visited,6.90771e+06
U3,6400,1.75,10,HopcroftKarpMatcher,-1,na,total_edges_visited,9.21794e+06
U3,6400,1.75,10,HopcroftKarpMatcher,-1,na,matching_size,6400
U3,6400,1.75,10,HopcroftKarpMatcher,-1,na,wall_clock_ms,173.428
U3,6400,1.75,10,HopcroftKarpMatcher,-1,na,matching_size,6400
U3,200,2,9,SimpleAugmentingMatcher,-1,na,wall_clock_ms,1.88228
U3,200,2,9,SimpleAugmentingMatcher,-1,na,matching_size,200
U3,200,2,9,HopcroftKarpMatcher,0,na,paths_found_per_phase,200
U3,200,2,9,HopcroftKarpMatcher,0,na,bfs_edges_visited,40000
U3,200,2,9,HopcroftKarpMatcher,0,na,dfs_edges_visited,20100
U3,200,2,9,HopcroftKarpMatcher,0,na,defect_at_iteration,0
U3,200,2,9,HopcroftKarpMatcher,-1,na,phase_count,1
U3,200,2,9,HopcroftKarpMatcher,-1,na,main_loop_iters,1
U3,200,2,9,HopcroftKarpMatcher,-1,na,total_bfs_edges_visited,40000
U3,200,2,9,HopcroftKarpMatcher,-1,na,total_edges_visited,60100
U3,200,2,9,HopcroftKarpMatcher,-1,na,matching_size,200
U3,200,2,9,HopcroftKarpMatcher,-1,na,wall_clock_ms,0.088662
U3,200,2,9,HopcroftKarpMatcher,-1,na,matching_size,200
U3,800,1,1,SimpleAugmentingMatcher,-1,na,wall_clock_ms,0.621195
U3,800,1,1,SimpleAugmentingMatcher,-1,na,matching_size,446
U3,800,1,1,HopcroftKarpMatcher,0,na,paths_found_per_phase,417
U3,800,1,1,HopcroftKarpMatcher,0,na,bfs_edges_visited,800
U3,800,1,1,HopcroftKarpMatcher,0,na,dfs_edges_visited,591
U3,800,1,1,HopcroftKarpMatcher,0,na,defect_at_iteration,383
U3,800,1,1,HopcroftKarpMatcher,1,na,paths_found_per_phase,27
U3,800,1,1,HopcroftKarpMatcher,1,na,bfs_edges_visited,285
U3,800,1,1,HopcroftKarpMatcher,1,na,dfs_edges_visited,304
U3,800,1,1,HopcroftKarpMatcher,1,na,defect_at_iteration,356
U3,800,1,1,HopcroftKarpMatcher,2,na,paths_found_per_phase,2
U3,800,1,1,HopcroftKarpMatcher,2,na,bfs_edges_visited,223
U3,800,1,1,HopcroftKarpMatcher,2,na,dfs_edges_visited,225
U3,800,1,1,HopcroftKarpMatcher,2,na,defect_at_iteration,354
U3,800,1,1,HopcroftKarpMatcher,-1,na,phase_count,3
U3,800,1,1,HopcroftKarpMatcher,-1,na,main_loop_iters,3
U3,800,1,1,HopcroftKarpMatcher,-1,na,total_bfs_edges_visited,1308
U3,800,1,1,HopcroftKarpMatcher,-1,na,total_edges_visited,2428
U3,800,1,1,HopcroftKarpMatcher,-1,na,matching_size,446
U3,800,1,1,HopcroftKarpMatcher,-1,na,wall_clock_ms,2.93132
U3,800,1,1,HopcroftKarpMatcher,-1,na,matching_size,446
U3,6400,1,15,SimpleAugmentingMatcher,-1,na,wall_clock_ms,38.1087
U3,6400,1,15,SimpleAugmentingMatcher,-1,na,matching_size,3509
U3,6400,1,15,HopcroftKarpMatcher,0,na,paths_found_per_phase,3279
U3,6400,1,15,HopcroftKarpMatcher,0,na,bfs_edges_visited,6400
U3,6400,1,15,HopcroftKarpMatcher,0,na,dfs_edges_visited,4627
U3,6400,1,15,HopcroftKarpMatcher,0,na,defect_at_iteration,3121
U3,6400,1,15,HopcroftKarpMatcher,1,na,paths_found_per_phase,218
U3,6400,1,15,HopcroftKarpMatcher,1,na,bfs_edges_visited,2227
U3,6400,1,15,HopcroftKarpMatcher,1,na,dfs_edges_visited,2319
U3,6400,1,15,HopcroftKarpMatcher,1,na,defect_at_iteration,2903
U3,6400,1,15,HopcroftKarpMatcher,2,na,paths_found_per_phase,10
U3,6400,1,15,HopcroftKarpMatcher,2,na,bfs_edges_visited,1582
U3,6400,1,15,HopcroftKarpMatcher,2,na,dfs_edges_visited,1629
U3,6400,1,15,HopcroftKarpMatcher,2,na,defect_at_iteration,2893
U3,6400,1,15,HopcroftKarpMatcher,3,na,paths_found_per_phase,2
U3,6400,1,15,HopcroftKarpMatcher,3,na,bfs_edges_visited,1585
U3,6400,1,15,HopcroftKarpMatcher,3,na,dfs_edges_visited,1575
U3,6400,1,15,HopcroftKarpMatcher,3,na,defect_at_iteration,2891
U3,6400,1,15,HopcroftKarpMatcher,-1,na,phase_count,4
U3,6400,1,15,HopcroftKarpMatcher,-1,na,main_loop_iters,4
U3,6400,1,15,HopcroftKarpMatcher,-1,na,total_bfs_edges_visited,11794
U3,6400,1,15,HopcroftKarpMatcher,-1,na,total_edges_visited,21944
U3,6400,1,15,HopcroftKarpMatcher,-1,na,matching_size,3509
U3,6400,1,15,HopcroftKarpMatcher,-1,na,wall_clock_ms,226.675
U3,6400,1,15,HopcroftKarpMatcher,-1,na,matching_size,3509
U3,100,1.25,5,SimpleAugmentingMatcher,-1,na,wall_clock_ms,0.05042
U3,100,1.25,5,SimpleAugmentingMatcher,-1,na,matching_size,92
U3,100,1.25,5,HopcroftKarpMatcher,0,na,paths_found_per_phase,81
U3,100,1.25,5,HopcroftKarpMatcher,0,na,bfs_edges_visited,316
U3,100,1.25,5,HopcroftKarpMatcher,0,na,dfs_edges_visited,187
U3,100,1.25,5,HopcroftKarpMatcher,0,na,defect_at_iteration,19
U3,100,1.25,5,HopcroftKarpMatcher,1,na,paths_found_per_phase,8
U3,100,1.25,5,HopcroftKarpMatcher,1,na,bfs_edges_visited,97
U3,100,1.25,5,HopcroftKarpMatcher,1,na,dfs_edges_visited,120
U3,100,1.25,5,HopcroftKarpMatcher,1,na,defect_at_iteration,11
U3,100,1.25,5,HopcroftKarpMatcher,2,na,paths_found_per_phase,3
U3,100,1.25,5,HopcroftKarpMatcher,2,na,bfs_edges_visited,103
U3,100,1.25,5,HopcroftKarpMatcher,2,na,dfs_edges_visited,39
U3,100,1.25,5,HopcroftKarpMatcher,2,na,defect_at_iteration,8
U3,100,1.25,5,HopcroftKarpMatcher,-1,na,phase_count,3
U3,100,1.25,5,HopcroftKarpMatcher,-1,na,main_loop_iters,3
U3,100,1.25,5,HopcroftKarpMatcher,-1,na,total_bfs_edges_visited,516
U3,100,1.25,5,HopcroftKarpMatcher,-1,na,total_edges_visited,862
U3,100,1.25,5,HopcroftKarpMatcher,-1,na,matching_size,92
U3,100,1.25,5,HopcroftKarpMatcher,-1,na,wall_clock_ms,0.05258
U3,100,1.25,5,HopcroftKarpMatcher,-1,na,matching_size,92
U3,6400,2,18,SimpleAugmentingMatcher,-1,na,wall_clock_ms,56298.6
U3,6400,2,18,SimpleAugmentingMatcher,-1,na,matching_size,6400
U3,6400,2,18,HopcroftKarpMatcher,0,na,paths_found_per_phase,6400
U3,6400,2,18,HopcroftKarpMatcher,0,na,bfs_edges_visited,4.096e+07
U3,6400,2,18,HopcroftKarpMatcher,0,na,dfs_edges_visited,2.04832e+07
U3,6400,2,18,HopcroftKarpMatcher,0,na,defect_at_iteration,0
U3,6400,2,18,HopcroftKarpMatcher,-1,na,phase_count,1
U3,6400,2,18,HopcroftKarpMatcher,-1,na,main_loop_iters,1
U3,6400,2,18,HopcroftKarpMatcher,-1,na,total_bfs_edges_visited,4.096e+07
U3,6400,2,18,HopcroftKarpMatcher,-1,na,total_edges_visited,6.14432e+07
U3,6400,2,18,HopcroftKarpMatcher,-1,na,matching_size,6400
U3,6400,2,18,HopcroftKarpMatcher,-1,na,wall_clock_ms,81.3808
U3,6400,2,18,HopcroftKarpMatcher,-1,na,matching_size,6400
U3,6400,1.75,19,SimpleAugmentingMatcher,-1,na,wall_clock_ms,89392.8
U3,6400,1.75,19,SimpleAugmentingMatcher,-1,na,matching_size,6400
U3,6400,1.75,19,HopcroftKarpMatcher,0,na,paths_found_per_phase,6394
U3,6400,1.75,19,HopcroftKarpMatcher,0,na,bfs_edges_visited,4.57947e+06
U3,6400,1.75,19,HopcroftKarpMatcher,0,na,dfs_edges_visited,2.29017e+06
U3,6400,1.75,19,HopcroftKarpMatcher,0,na,defect_at_iteration,6
U3,6400,1.75,19,HopcroftKarpMatcher,1,na,paths_found_per_phase,6
U3,6400,1.75,19,HopcroftKarpMatcher,1,na,bfs_edges_visited,2.35014e+06
U3,6400,1.75,19,HopcroftKarpMatcher,1,na,dfs_edges_visited,14339
U3,6400,1.75,19,HopcroftKarpMatcher,1,na,defect_at_iteration,0
U3,6400,1.75,19,HopcroftKarpMatcher,-1,na,phase_count,2
U3,6400,1.75,19,HopcroftKarpMatcher,-1,na,main_loop_iters,2
U3,6400,1.75,19,HopcroftKarpMatcher,-1,na,total_bfs_edges_visited,6.9296e+06
U3,6400,1.75,19,HopcroftKarpMatcher,-1,na,total_edges_visited,9.23411e+06
U3,6400,1.75,19,HopcroftKarpMatcher,-1,na,matching_size,6400
U3,6400,1.75,19,HopcroftKarpMatcher,-1,na,wall_clock_ms,173.906
U3,6400,1.75,19,HopcroftKarpMatcher,-1,na,matching_size,6400
U3,6400,2,7,SimpleAugmentingMatcher,-1,na,wall_clock_ms,56296.9
U3,6400,2,7,SimpleAugmentingMatcher,-1,na,matching_size,6400
U3,6400,2,7,HopcroftKarpMatcher,0,na,paths_found_per_phase,6400
U3,6400,2,7,HopcroftKarpMatcher,0,na,bfs_edges_visited,4.096e+07
U3,6400,2,7,HopcroftKarpMatcher,0,na,dfs_edges_visited,2.04832e+07
U3,6400,2,7,HopcroftKarpMatcher,0,na,defect_at_iteration,0
U3,6400,2,7,HopcroftKarpMatcher,-1,na,phase_count,1
U3,6400,2,7,HopcroftKarpMatcher,-1,na,main_loop_iters,1
U3,6400,2,7,HopcroftKarpMatcher,-1,na,total_bfs_edges_visited,4.096e+07
U3,6400,2,7,HopcroftKarpMatcher,-1,na,total_edges_visited,6.14432e+07
U3,6400,2,7,HopcroftKarpMatcher,-1,na,matching_size,6400
U3,6400,2,7,HopcroftKarpMatcher,-1,na,wall_clock_ms,81.3213
U3,6400,2,7,HopcroftKarpMatcher,-1,na,matching_size,6400
U3,6400,1.25,18,SimpleAugmentingMatcher,-1,na,wall_clock_ms,7936.02
U3,6400,1.25,18,SimpleAugmentingMatcher,-1,na,matching_size,6400
U3,6400,1.25,18,HopcroftKarpMatcher,0,na,paths_found_per_phase,5901
U3,6400,1.25,18,HopcroftKarpMatcher,0,na,bfs_edges_visited,57243
U3,6400,1.25,18,HopcroftKarpMatcher,0,na,dfs_edges_visited,29321
U3,6400,1.25,18,HopcroftKarpMatcher,0,na,defect_at_iteration,499
U3,6400,1.25,18,HopcroftKarpMatcher,1,na,paths_found_per_phase,474
U3,6400,1.25,18,HopcroftKarpMatcher,1,na,bfs_edges_visited,28965
U3,6400,1.25,18,HopcroftKarpMatcher,1,na,dfs_edges_visited,24614
U3,6400,1.25,18,HopcroftKarpMatcher,1,na,defect_at_iteration,25
U3,6400,1.25,18,HopcroftKarpMatcher,2,na,paths_found_per_phase,19
U3,6400,1.25,18,HopcroftKarpMatcher,2,na,bfs_edges_visited,9823
U3,6400,1.25,18,HopcroftKarpMatcher,2,na,dfs_edges_visited,22836
U3,6400,1.25,18,HopcroftKarpMatcher,2,na,defect_at_iteration,6
U3,6400,1.25,18,HopcroftKarpMatcher,3,na,paths_found_per_phase,5
U3,6400,1.25,18,HopcroftKarpMatcher,3,na,bfs_edges_visited,50532
U3,6400,1.25,18,HopcroftKarpMatcher,3,na,dfs_edges_visited,33137
U3,6400,1.25,18,HopcroftKarpMatcher,3,na,defect_at_iteration,1
U3,6400,1.25,18,HopcroftKarpMatcher,4,na,paths_found_per_phase,1
U3,6400,1.25,18,HopcroftKarpMatcher,4,na,bfs_edges_visited,55793
U3,6400,1.25,18,HopcroftKarpMatcher,4,na,dfs_edges_visited,12060
U3,6400,1.25,18,HopcroftKarpMatcher,4,na,defect_at_iteration,0
U3,6400,1.25,18,HopcroftKarpMatcher,-1,na,phase_count,5
U3,6400,1.25,18,HopcroftKarpMatcher,-1,na,main_loop_iters,5
U3,6400,1.25,18,HopcroftKarpMatcher,-1,na,total_bfs_edges_visited,202356
U3,6400,1.25,18,HopcroftKarpMatcher,-1,na,total_edges_visited,324324
U3,6400,1.25,18,HopcroftKarpMatcher,-1,na,matching_size,6400
U3,6400,1.25,18,HopcroftKarpMatcher,-1,na,wall_clock_ms,228.016
U3,6400,1.25,18,HopcroftKarpMatcher,-1,na,matching_size,6400
U3,100,2,13,SimpleAugmentingMatcher,-1,na,wall_clock_ms,0.251327
U3,100,2,13,SimpleAugmentingMatcher,-1,na,matching_size,100
U3,100,2,13,HopcroftKarpMatcher,0,na,paths_found_per_phase,100
U3,100,2,13,HopcroftKarpMatcher,0,na,bfs_edges_visited,10000
U3,100,2,13,HopcroftKarpMatcher,0,na,dfs_edges_visited,5050
U3,100,2,13,HopcroftKarpMatcher,0,na,defect_at_iteration,0
U3,100,2,13,HopcroftKarpMatcher,-1,na,phase_count,1
U3,100,2,13,HopcroftKarpMatcher,-1,na,main_loop_iters,1
U3,100,2,13,HopcroftKarpMatcher,-1,na,total_bfs_edges_visited,10000
U3,100,2,13,HopcroftKarpMatcher,-1,na,total_edges_visited,15050
U3,100,2,13,HopcroftKarpMatcher,-1,na,matching_size,100
U3,100,2,13,HopcroftKarpMatcher,-1,na,wall_clock_ms,0.026389
U3,100,2,13,HopcroftKarpMatcher,-1,na,matching_size,100
U3,800,2,16,SimpleAugmentingMatcher,-1,na,wall_clock_ms,112.297
U3,800,2,16,SimpleAugmentingMatcher,-1,na,matching_size,800
U3,800,2,16,HopcroftKarpMatcher,0,na,paths_found_per_phase,800
U3,800,2,16,HopcroftKarpMatcher,0,na,bfs_edges_visited,640000
U3,800,2,16,HopcroftKarpMatcher,0,na,dfs_edges_visited,320400
U3,800,2,16,HopcroftKarpMatcher,0,na,defect_at_iteration,0
U3,800,2,16,HopcroftKarpMatcher,-1,na,phase_count,1
U3,800,2,16,HopcroftKarpMatcher,-1,na,main_loop_iters,1
U3,800,2,16,HopcroftKarpMatcher,-1,na,total_bfs_edges_visited,640000
U3,800,2,16,HopcroftKarpMatcher,-1,na,total_edges_visited,960400
U3,800,2,16,HopcroftKarpMatcher,-1,na,matching_size,800
U3,800,2,16,HopcroftKarpMatcher,-1,na,wall_clock_ms,1.28902
U3,800,2,16,HopcroftKarpMatcher,-1,na,matching_size,800
U3,100,2,0,SimpleAugmentingMatcher,-1,na,wall_clock_ms,0.258035
U3,100,2,0,SimpleAugmentingMatcher,-1,na,matching_size,100
U3,100,2,0,HopcroftKarpMatcher,0,na,paths_found_per_phase,100
U3,100,2,0,HopcroftKarpMatcher,0,na,bfs_edges_visited,10000
U3,100,2,0,HopcroftKarpMatcher,0,na,dfs_edges_visited,5050
U3,100,2,0,HopcroftKarpMatcher,0,na,defect_at_iteration,0
U3,100,2,0,HopcroftKarpMatcher,-1,na,phase_count,1
U3,100,2,0,HopcroftKarpMatcher,-1,na,main_loop_iters,1
U3,100,2,0,HopcroftKarpMatcher,-1,na,total_bfs_edges_visited,10000
U3,100,2,0,HopcroftKarpMatcher,-1,na,total_edges_visited,15050
U3,100,2,0,HopcroftKarpMatcher,-1,na,matching_size,100
U3,100,2,0,HopcroftKarpMatcher,-1,na,wall_clock_ms,0.026855
U3,100,2,0,HopcroftKarpMatcher,-1,na,matching_size,100
U3,400,1.75,1,SimpleAugmentingMatcher,-1,na,wall_clock_ms,29.2603
U3,400,1.75,1,SimpleAugmentingMatcher,-1,na,matching_size,400
U3,400,1.75,1,HopcroftKarpMatcher,0,na,paths_found_per_phase,398
U3,400,1.75,1,HopcroftKarpMatcher,0,na,bfs_edges_visited,35777
U3,400,1.75,1,HopcroftKarpMatcher,0,na,dfs_edges_visited,18061
U3,400,1.75,1,HopcroftKarpMatcher,0,na,defect_at_iteration,2
U3,400,1.75,1,HopcroftKarpMatcher,1,na,paths_found_per_phase,2
U3,400,1.75,1,HopcroftKarpMatcher,1,na,bfs_edges_visited,14276
U3,400,1.75,1,HopcroftKarpMatcher,1,na,dfs_edges_visited,265
U3,400,1.75,1,HopcroftKarpMatcher,1,na,defect_at_iteration,0
U3,400,1.75,1,HopcroftKarpMatcher,-1,na,phase_count,2
U3,400,1.75,1,HopcroftKarpMatcher,-1,na,main_loop_iters,2
U3,400,1.75,1,HopcroftKarpMatcher,-1,na,total_bfs_edges_visited,50053
U3,400,1.75,1,HopcroftKarpMatcher,-1,na,total_edges_visited,68379
U3,400,1.75,1,HopcroftKarpMatcher,-1,na,matching_size,400
U3,400,1.75,1,HopcroftKarpMatcher,-1,na,wall_clock_ms,1.02584
U3,400,1.75,1,HopcroftKarpMatcher,-1,na,matching_size,400
U3,200,1.25,11,SimpleAugmentingMatcher,-1,na,wall_clock_ms,0.381742
U3,200,1.25,11,SimpleAugmentingMatcher,-1,na,matching_size,195
U3,200,1.25,11,HopcroftKarpMatcher,0,na,paths_found_per_phase,161
U3,200,1.25,11,HopcroftKarpMatcher,0,na,bfs_edges_visited,752
U3,200,1.25,11,HopcroftKarpMatcher,0,na,dfs_edges_visited,411
U3,200,1.25,11,HopcroftKarpMatcher,0,na,defect_at_iteration,39
U3,200,1.25,11,HopcroftKarpMatcher,1,na,paths_found_per_phase,27
U3,200,1.25,11,HopcroftKarpMatcher,1,na,bfs_edges_visited,371
U3,200,1.25,11,HopcroftKarpMatcher,1,na,dfs_edges_visited,384
U3,200,1.25,11,HopcroftKarpMatcher,1,na,defect_at_iteration,12
U3,200,1.25,11,HopcroftKarpMatcher,2,na,paths_found_per_phase,4
U3,200,1.25,11,HopcroftKarpMatcher,2,na,bfs_edges_visited,199
U3,200,1.25,11,HopcroftKarpMatcher,2,na,dfs_edges_visited,218
U3,200,1.25,11,HopcroftKarpMatcher,2,na,defect_at_iteration,8
U3,200,1.25,11,HopcroftKarpMatcher,3,na,paths_found_per_phase,1
U3,200,1.25,11,HopcroftKarpMatcher,3,na,bfs_edges_visited,156
U3,200,1.25,11,HopcroftKarpMatcher,3,na,dfs_edges_visited,267
U3,200,1.25,11,HopcroftKarpMatcher,3,na,defect_at_iteration,7
U3,200,1.25,11,HopcroftKarpMatcher,4,na,paths_found_per_phase,2
U3,200,1.25,11,HopcroftKarpMatcher,4,na,bfs_edges_visited,264
U3,200,1.25,11,HopcroftKarpMatcher,4,na,dfs_edges_visited,346
U3,200,1.25,11,HopcroftKarpMatcher,4,na,defect_at_iteration,5
U3,200,1.25,11,HopcroftKarpMatcher,-1,na,phase_count,5
U3,200,1.25,11,HopcroftKarpMatcher,-1,na,main_loop_iters,5
U3,200,1.25,11,HopcroftKarpMatcher,-1,na,total_bfs_edges_visited,1742
U3,200,1.25,11,HopcroftKarpMatcher,-1,na,total_edges_visited,3368
U3,200,1.25,11,HopcroftKarpMatcher,-1,na,matching_size,195
U3,200,1.25,11,HopcroftKarpMatcher,-1,na,wall_clock_ms,0.2484
U3,200,1.25,11,HopcroftKarpMatcher,-1,na,matching_size,195
U3,800,1.25,18,SimpleAugmentingMatcher,-1,na,wall_clock_ms,20.7055
U3,800,1.25,18,SimpleAugmentingMatcher,-1,na,matching_size,792
U3,800,1.25,18,HopcroftKarpMatcher,0,na,paths_found_per_phase,696
U3,800,1.25,18,HopcroftKarpMatcher,0,na,bfs_edges_visited,4254
U3,800,1.25,18,HopcroftKarpMatcher,0,na,dfs_edges_visited,2233
U3,800,1.25,18,HopcroftKarpMatcher,0,na,defect_at_iteration,104
U3,800,1.25,18,HopcroftKarpMatcher,1,na,paths_found_per_phase,78
U3,800,1.25,18,HopcroftKarpMatcher,1,na,bfs_edges_visited,2056
U3,800,1.25,18,HopcroftKarpMatcher,1,na,dfs_edges_visited,2128
U3,800,1.25,18,HopcroftKarpMatcher,1,na,defect_at_iteration,26
U3,800,1.25,18,HopcroftKarpMatcher,2,na,paths_found_per_phase,15
U3,800,1.25,18,HopcroftKarpMatcher,2,na,bfs_edges_visited,1430
U3,800,1.25,18,HopcroftKarpMatcher,2,na,dfs_edges_visited,1985
U3,800,1.25,18,HopcroftKarpMatcher,2,na,defect_at_iteration,11
U3,800,1.25,18,HopcroftKarpMatcher,3,na,paths_found_per_phase,3
U3,800,1.25,18,HopcroftKarpMatcher,3,na,bfs_edges_visited,2458
U3,800,1.25,18,HopcroftKarpMatcher,3,na,dfs_edges_visited,3164
U3,800,1.25,18,HopcroftKarpMatcher,3,na,defect_at_iteration,8
U3,800,1.25,18,HopcroftKarpMatcher,-1,na,phase_count,4
U3,800,1.25,18,HopcroftKarpMatcher,-1,na,main_loop_iters,4
U3,800,1.25,18,HopcroftKarpMatcher,-1,na,total_bfs_edges_visited,10198
U3,800,1.25,18,HopcroftKarpMatcher,-1,na,total_edges_visited,19708
U3,800,1.25,18,HopcroftKarpMatcher,-1,na,matching_size,792
U3,800,1.25,18,HopcroftKarpMatcher,-1,na,wall_clock_ms,3.84712
U3,800,1.25,18,HopcroftKarpMatcher,-1,na,matching_size,792
U3,400,1.5,6,SimpleAugmentingMatcher,-1,na,wall_clock_ms,9.46213
U3,400,1.5,6,SimpleAugmentingMatcher,-1,na,matching_size,400
U3,400,1.5,6,HopcroftKarpMatcher,0,na,paths_found_per_phase,386
U3,400,1.5,6,HopcroftKarpMatcher,0,na,bfs_edges_visited,8000
U3,400,1.5,6,HopcroftKarpMatcher,0,na,dfs_edges_visited,4067
U3,400,1.5,6,HopcroftKarpMatcher,0,na,defect_at_iteration,14
U3,400,1.5,6,HopcroftKarpMatcher,1,na,paths_found_per_phase,14
U3,400,1.5,6,HopcroftKarpMatcher,1,na,bfs_edges_visited,3830
U3,400,1.5,6,HopcroftKarpMatcher,1,na,dfs_edges_visited,2520
U3,400,1.5,6,HopcroftKarpMatcher,1,na,defect_at_iteration,0
U3,400,1.5,6,HopcroftKarpMatcher,-1,na,phase_count,2
U3,400,1.5,6,HopcroftKarpMatcher,-1,na,main_loop_iters,2
U3,400,1.5,6,HopcroftKarpMatcher,-1,na,total_bfs_edges_visited,11830
U3,400,1.5,6,HopcroftKarpMatcher,-1,na,total_edges_visited,18417
U3,400,1.5,6,HopcroftKarpMatcher,-1,na,matching_size,400
U3,400,1.5,6,HopcroftKarpMatcher,-1,na,wall_clock_ms,0.565464
U3,400,1.5,6,HopcroftKarpMatcher,-1,na,matching_size,400
U3,1600,1,10,SimpleAugmentingMatcher,-1,na,wall_clock_ms,2.33592
U3,1600,1,10,SimpleAugmentingMatcher,-1,na,matching_size,881
U3,1600,1,10,HopcroftKarpMatcher,0,na,paths_found_per_phase,819
U3,1600,1,10,HopcroftKarpMatcher,0,na,bfs_edges_visited,1600
U3,1600,1,10,HopcroftKarpMatcher,0,na,dfs_edges_visited,1160
U3,1600,1,10,HopcroftKarpMatcher,0,na,defect_at_iteration,781
U3,1600,1,10,HopcroftKarpMatcher,1,na,paths_found_per_phase,56
U3,1600,1,10,HopcroftKarpMatcher,1,na,bfs_edges_visited,543
U3,1600,1,10,HopcroftKarpMatcher,1,na,dfs_edges_visited,556
U3,1600,1,10,HopcroftKarpMatcher,1,na,defect_at_iteration,725
U3,1600,1,10,HopcroftKarpMatcher,2,na,paths_found_per_phase,4
U3,1600,1,10,HopcroftKarpMatcher,2,na,bfs_edges_visited,363
U3,1600,1,10,HopcroftKarpMatcher,2,na,dfs_edges_visited,374
U3,1600,1,10,HopcroftKarpMatcher,2,na,defect_at_iteration,721
U3,1600,1,10,HopcroftKarpMatcher,3,na,paths_found_per_phase,2
U3,1600,1,10,HopcroftKarpMatcher,3,na,bfs_edges_visited,361
U3,1600,1,10,HopcroftKarpMatcher,3,na,dfs_edges_visited,358
U3,1600,1,10,HopcroftKarpMatcher,3,na,defect_at_iteration,719
U3,1600,1,10,HopcroftKarpMatcher,-1,na,phase_count,4
U3,1600,1,10,HopcroftKarpMatcher,-1,na,main_loop_iters,4
U3,1600,1,10,HopcroftKarpMatcher,-1,na,total_bfs_edges_visited,2867
U3,1600,1,10,HopcroftKarpMatcher,-1,na,total_edges_visited,5315
U3,1600,1,10,HopcroftKarpMatcher,-1,na,matching_size,881
U3,1600,1,10,HopcroftKarpMatcher,-1,na,wall_clock_ms,14.2003
U3,1600,1,10,HopcroftKarpMatcher,-1,na,matching_size,881
U3,3200,1.25,5,SimpleAugmentingMatcher,-1,na,wall_clock_ms,891.009
U3,3200,1.25,5,SimpleAugmentingMatcher,-1,na,matching_size,3197
U3,3200,1.25,5,HopcroftKarpMatcher,0,na,paths_found_per_phase,2885
U3,3200,1.25,5,HopcroftKarpMatcher,0,na,bfs_edges_visited,24067
U3,3200,1.25,5,HopcroftKarpMatcher,0,na,dfs_edges_visited,12431
U3,3200,1.25,5,HopcroftKarpMatcher,0,na,defect_at_iteration,315
U3,3200,1.25,5,HopcroftKarpMatcher,1,na,paths_found_per_phase,294
U3,3200,1.25,5,HopcroftKarpMatcher,1,na,bfs_edges_visited,12753
U3,3200,1.25,5,HopcroftKarpMatcher,1,na,dfs_edges_visited,10895
U3,3200,1.25,5,HopcroftKarpMatcher,1,na,defect_at_iteration,21
U3,3200,1.25,5,HopcroftKarpMatcher,2,na,paths_found_per_phase,13
U3,3200,1.25,5,HopcroftKarpMatcher,2,na,bfs_edges_visited,3559
U3,3200,1.25,5,HopcroftKarpMatcher,2,na,dfs_edges_visited,8585
U3,3200,1.25,5,HopcroftKarpMatcher,2,na,defect_at_iteration,8
U3,3200,1.25,5,HopcroftKarpMatcher,3,na,paths_found_per_phase,5
U3,3200,1.25,5,HopcroftKarpMatcher,3,na,bfs_edges_visited,17125
U3,3200,1.25,5,HopcroftKarpMatcher,3,na,dfs_edges_visited,9500
U3,3200,1.25,5,HopcroftKarpMatcher,3,na,defect_at_iteration,3
U3,3200,1.25,5,HopcroftKarpMatcher,-1,na,phase_count,4
U3,3200,1.25,5,HopcroftKarpMatcher,-1,na,main_loop_iters,4
U3,3200,1.25,5,HopcroftKarpMatcher,-1,na,total_bfs_edges_visited,57504
U3,3200,1.25,5,HopcroftKarpMatcher,-1,na,total_edges_visited,98915
U3,3200,1.25,5,HopcroftKarpMatcher,-1,na,matching_size,3197
U3,3200,1.25,5,HopcroftKarpMatcher,-1,na,wall_clock_ms,41.8683
U3,3200,1.25,5,HopcroftKarpMatcher,-1,na,matching_size,3197
U3,3200,2,11,SimpleAugmentingMatcher,-1,na,wall_clock_ms,7178.9
U3,3200,2,11,SimpleAugmentingMatcher,-1,na,matching_size,3200
U3,3200,2,11,HopcroftKarpMatcher,0,na,paths_found_per_phase,3200
U3,3200,2,11,HopcroftKarpMatcher,0,na,bfs_edges_visited,1.024e+07
U3,3200,2,11,HopcroftKarpMatcher,0,na,dfs_edges_visited,5.1216e+06
U3,3200,2,11,HopcroftKarpMatcher,0,na,defect_at_iteration,0
U3,3200,2,11,HopcroftKarpMatcher,-1,na,phase_count,1
U3,3200,2,11,HopcroftKarpMatcher,-1,na,main_loop_iters,1
U3,3200,2,11,HopcroftKarpMatcher,-1,na,total_bfs_edges_visited,1.024e+07
U3,3200,2,11,HopcroftKarpMatcher,-1,na,total_edges_visited,1.53616e+07
U3,3200,2,11,HopcroftKarpMatcher,-1,na,matching_size,3200
U3,3200,2,11,HopcroftKarpMatcher,-1,na,wall_clock_ms,20.3478
U3,3200,2,11,HopcroftKarpMatcher,-1,na,matching_size,3200
U3,100,1.5,14,SimpleAugmentingMatcher,-1,na,wall_clock_ms,0.191027
U3,100,1.5,14,SimpleAugmentingMatcher,-1,na,matching_size,100
U3,100,1.5,14,HopcroftKarpMatcher,0,na,paths_found_per_phase,96
U3,100,1.5,14,HopcroftKarpMatcher,0,na,bfs_edges_visited,1000
U3,100,1.5,14,HopcroftKarpMatcher,0,na,dfs_edges_visited,497
U3,100,1.5,14,HopcroftKarpMatcher,0,na,defect_at_iteration,4
U3,100,1.5,14,HopcroftKarpMatcher,1,na,paths_found_per_phase,4
U3,100,1.5,14,HopcroftKarpMatcher,1,na,bfs_edges_visited,368
U3,100,1.5,14,HopcroftKarpMatcher,1,na,dfs_edges_visited,280
U3,100,1.5,14,HopcroftKarpMatcher,1,na,defect_at_iteration,0
U3,100,1.5,14,HopcroftKarpMatcher,-1,na,phase_count,2
U3,100,1.5,14,HopcroftKarpMatcher,-1,na,main_loop_iters,2
U3,100,1.5,14,HopcroftKarpMatcher,-1,na,total_bfs_edges_visited,1368
U3,100,1.5,14,HopcroftKarpMatcher,-1,na,total_edges_visited,2145
U3,100,1.5,14,HopcroftKarpMatcher,-1,na,matching_size,100
U3,100,1.5,14,HopcroftKarpMatcher,-1,na,wall_clock_ms,0.052914
U3,100,1.5,14,HopcroftKarpMatcher,-1,na,matching_size,100
U3,800,1.75,1,SimpleAugmentingMatcher,-1,na,wall_clock_ms,225.999
U3,800,1.75,1,SimpleAugmentingMatcher,-1,na,matching_size,800
U3,800,1.75,1,HopcroftKarpMatcher,0,na,paths_found_per_phase,797
U3,800,1.75,1,HopcroftKarpMatcher,0,na,bfs_edges_visited,120339
U3,800,1.75,1,HopcroftKarpMatcher,0,na,dfs_edges_visited,60070
U3,800,1.75,1,HopcroftKarpMatcher,0,na,defect_at_iteration,3
U3,800,1.75,1,HopcroftKarpMatcher,1,na,paths_found_per_phase,3
U3,800,1.75,1,HopcroftKarpMatcher,1,na,bfs_edges_visited,56646
U3,800,1.75,1,HopcroftKarpMatcher,1,na,dfs_edges_visited,2743
U3,800,1.75,1,HopcroftKarpMatcher,1,na,defect_at_iteration,0
U3,800,1.75,1,HopcroftKarpMatcher,-1,na,phase_count,2
U3,800,1.75,1,HopcroftKarpMatcher,-1,na,main_loop_iters,2
U3,800,1.75,1,HopcroftKarpMatcher,-1,na,total_bfs_edges_visited,176985
U3,800,1.75,1,HopcroftKarpMatcher,-1,na,total_edges_visited,239798
U3,800,1.75,1,HopcroftKarpMatcher,-1,na,matching_size,800
U3,800,1.75,1,HopcroftKarpMatcher,-1,na,wall_clock_ms,3.70338
U3,800,1.75,1,HopcroftKarpMatcher,-1,na,matching_size,800
U3,3200,1.75,8,SimpleAugmentingMatcher,-1,na,wall_clock_ms,12234.2
U3,3200,1.75,8,SimpleAugmentingMatcher,-1,na,matching_size,3200
U3,3200,1.75,8,HopcroftKarpMatcher,0,na,paths_found_per_phase,3195
U3,3200,1.75,8,HopcroftKarpMatcher,0,na,bfs_edges_visited,1.36148e+06
U3,3200,1.75,8,HopcroftKarpMatcher,0,na,dfs_edges_visited,681887
U3,3200,1.75,8,HopcroftKarpMatcher,0,na,defect_at_iteration,5
U3,3200,1.75,8,HopcroftKarpMatcher,1,na,paths_found_per_phase,5
U3,3200,1.75,8,HopcroftKarpMatcher,1,na,bfs_edges_visited,676025
U3,3200,1.75,8,HopcroftKarpMatcher,1,na,dfs_edges_visited,5963
U3,3200,1.75,8,HopcroftKarpMatcher,1,na,defect_at_iteration,0
U3,3200,1.75,8,HopcroftKarpMatcher,-1,na,phase_count,2
U3,3200,1.75,8,HopcroftKarpMatcher,-1,na,main_loop_iters,2
U3,3200,1.75,8,HopcroftKarpMatcher,-1,na,total_bfs_edges_visited,2.03751e+06
U3,3200,1.75,8,HopcroftKarpMatcher,-1,na,total_edges_visited,2.72536e+06
U3,3200,1.75,8,HopcroftKarpMatcher,-1,na,matching_size,3200
U3,3200,1.75,8,HopcroftKarpMatcher,-1,na,wall_clock_ms,47.2389
U3,3200,1.75,8,HopcroftKarpMatcher,-1,na,matching_size,3200
U3,800,1.25,10,SimpleAugmentingMatcher,-1,na,wall_clock_ms,16.3234
U3,800,1.25,10,SimpleAugmentingMatcher,-1,na,matching_size,797
U3,800,1.25,10,HopcroftKarpMatcher,0,na,paths_found_per_phase,692
U3,800,1.25,10,HopcroftKarpMatcher,0,na,bfs_edges_visited,4254
U3,800,1.25,10,HopcroftKarpMatcher,0,na,dfs_edges_visited,2223
U3,800,1.25,10,HopcroftKarpMatcher,0,na,defect_at_iteration,108
U3,800,1.25,10,HopcroftKarpMatcher,1,na,paths_found_per_phase,88
U3,800,1.25,10,HopcroftKarpMatcher,1,na,bfs_edges_visited,2143
U3,800,1.25,10,HopcroftKarpMatcher,1,na,dfs_edges_visited,2546
U3,800,1.25,10,HopcroftKarpMatcher,1,na,defect_at_iteration,20
U3,800,1.25,10,HopcroftKarpMatcher,2,na,paths_found_per_phase,13
U3,800,1.25,10,HopcroftKarpMatcher,2,na,bfs_edges_visited,1273
U3,800,1.25,10,HopcroftKarpMatcher,2,na,dfs_edges_visited,1490
U3,800,1.25,10,HopcroftKarpMatcher,2,na,defect_at_iteration,7
U3,800,1.25,10,HopcroftKarpMatcher,3,na,paths_found_per_phase,2
U3,800,1.25,10,HopcroftKarpMatcher,3,na,bfs_edges_visited,942
U3,800,1.25,10,HopcroftKarpMatcher,3,na,dfs_edges_visited,1614
U3,800,1.25,10,HopcroftKarpMatcher,3,na,defect_at_iteration,5
U3,800,1.25,10,HopcroftKarpMatcher,4,na,paths_found_per_phase,1
U3,800,1.25,10,HopcroftKarpMatcher,4,na,bfs_edges_visited,2693
U3,800,1.25,10,HopcroftKarpMatcher,4,na,dfs_edges_visited,2036
U3,800,1.25,10,HopcroftKarpMatcher,4,na,defect_at_iteration,4
U3,800,1.25,10,HopcroftKarpMatcher,5,na,paths_found_per_phase,1
U3,800,1.25,10,HopcroftKarpMatcher,5,na,bfs_edges_visited,2440
U3,800,1.25,10,HopcroftKarpMatcher,5,na,dfs_edges_visited,3067
U3,800,1.25,10,HopcroftKarpMatcher,5,na,defect_at_iteration,3
U3,800,1.25,10,HopcroftKarpMatcher,-1,na,phase_count,6
U3,800,1.25,10,HopcroftKarpMatcher,-1,na,main_loop_iters,6
U3,800,1.25,10,HopcroftKarpMatcher,-1,na,total_bfs_edges_visited,13745
U3,800,1.25,10,HopcroftKarpMatcher,-1,na,total_edges_visited,26721
U3,800,1.25,10,HopcroftKarpMatcher,-1,na,matching_size,797
U3,800,1.25,10,HopcroftKarpMatcher,-1,na,wall_clock_ms,4.35244
U3,800,1.25,10,HopcroftKarpMatcher,-1,na,matching_size,797
U3,400,1,16,SimpleAugmentingMatcher,-1,na,wall_clock_ms,0.157724
U3,400,1,16,SimpleAugmentingMatcher,-1,na,matching_size,222
U3,400,1,16,HopcroftKarpMatcher,0,na,paths_found_per_phase,216
U3,400,1,16,HopcroftKarpMatcher,0,na,bfs_edges_visited,400
U3,400,1,16,HopcroftKarpMatcher,0,na,dfs_edges_visited,297
U3,400,1,16,HopcroftKarpMatcher,0,na,defect_at_iteration,184
U3,400,1,16,HopcroftKarpMatcher,1,na,paths_found_per_phase,6
U3,400,1,16,HopcroftKarpMatcher,1,na,bfs_edges_visited,130
U3,400,1,16,HopcroftKarpMatcher,1,na,dfs_edges_visited,136
U3,400,1,16,HopcroftKarpMatcher,1,na,defect_at_iteration,178
U3,400,1,16,HopcroftKarpMatcher,-1,na,phase_count,2
U3,400,1,16,HopcroftKarpMatcher,-1,na,main_loop_iters,2
U3,400,1,16,HopcroftKarpMatcher,-1,na,total_bfs_edges_visited,530
U3,400,1,16,HopcroftKarpMatcher,-1,na,total_edges_visited,963
U3,400,1,16,HopcroftKarpMatcher,-1,na,matching_size,222
U3,400,1,16,HopcroftKarpMatcher,-1,na,wall_clock_ms,0.570931
U3,400,1,16,HopcroftKarpMatcher,-1,na,matching_size,222
U3,1600,1,6,SimpleAugmentingMatcher,-1,na,wall_clock_ms,2.3555
U3,1600,1,6,SimpleAugmentingMatcher,-1,na,matching_size,869
U3,1600,1,6,HopcroftKarpMatcher,0,na,paths_found_per_phase,821
U3,1600,1,6,HopcroftKarpMatcher,0,na,bfs_edges_visited,1600
U3,1600,1,6,HopcroftKarpMatcher,0,na,dfs_edges_visited,1138
U3,1600,1,6,HopcroftKarpMatcher,0,na,defect_at_iteration,779
U3,1600,1,6,HopcroftKarpMatcher,1,na,paths_found_per_phase,44
U3,1600,1,6,HopcroftKarpMatcher,1,na,bfs_edges_visited,515
U3,1600,1,6,HopcroftKarpMatcher,1,na,dfs_edges_visited,517
U3,1600,1,6,HopcroftKarpMatcher,1,na,defect_at_iteration,735
U3,1600,1,6,HopcroftKarpMatcher,2,na,paths_found_per_phase,3
U3,1600,1,6,HopcroftKarpMatcher,2,na,bfs_edges_visited,362
U3,1600,1,6,HopcroftKarpMatcher,2,na,dfs_edges_visited,374
U3,1600,1,6,HopcroftKarpMatcher,2,na,defect_at_iteration,732
U3,1600,1,6,HopcroftKarpMatcher,3,na,paths_found_per_phase,1
U3,1600,1,6,HopcroftKarpMatcher,3,na,bfs_edges_visited,366
U3,1600,1,6,HopcroftKarpMatcher,3,na,dfs_edges_visited,360
U3,1600,1,6,HopcroftKarpMatcher,3,na,defect_at_iteration,731
U3,1600,1,6,HopcroftKarpMatcher,-1,na,phase_count,4
U3,1600,1,6,HopcroftKarpMatcher,-1,na,main_loop_iters,4
U3,1600,1,6,HopcroftKarpMatcher,-1,na,total_bfs_edges_visited,2843
U3,1600,1,6,HopcroftKarpMatcher,-1,na,total_edges_visited,5232
U3,1600,1,6,HopcroftKarpMatcher,-1,na,matching_size,869
U3,1600,1,6,HopcroftKarpMatcher,-1,na,wall_clock_ms,14.2531
U3,1600,1,6,HopcroftKarpMatcher,-1,na,matching_size,869
U3,3200,2,1,SimpleAugmentingMatcher,-1,na,wall_clock_ms,7060.56
U3,3200,2,1,SimpleAugmentingMatcher,-1,na,matching_size,3200
U3,3200,2,1,HopcroftKarpMatcher,0,na,paths_found_per_phase,3200
U3,3200,2,1,HopcroftKarpMatcher,0,na,bfs_edges_visited,1.024e+07
U3,3200,2,1,HopcroftKarpMatcher,0,na,dfs_edges_visited,5.1216e+06
U3,3200,2,1,HopcroftKarpMatcher,0,na,defect_at_iteration,0
U3,3200,2,1,HopcroftKarpMatcher,-1,na,phase_count,1
U3,3200,2,1,HopcroftKarpMatcher,-1,na,main_loop_iters,1
U3,3200,2,1,HopcroftKarpMatcher,-1,na,total_bfs_edges_visited,1.024e+07
U3,3200,2,1,HopcroftKarpMatcher,-1,na,total_edges_visited,1.53616e+07
U3,3200,2,1,HopcroftKarpMatcher,-1,na,matching_size,3200
U3,3200,2,1,HopcroftKarpMatcher,-1,na,wall_clock_ms,20.8323
U3,3200,2,1,HopcroftKarpMatcher,-1,na,matching_size,3200
U3,400,1,5,SimpleAugmentingMatcher,-1,na,wall_clock_ms,0.148993
U3,400,1,5,SimpleAugmentingMatcher,-1,na,matching_size,227
U3,400,1,5,HopcroftKarpMatcher,0,na,paths_found_per_phase,212
U3,400,1,5,HopcroftKarpMatcher,0,na,bfs_edges_visited,400
U3,400,1,5,HopcroftKarpMatcher,0,na,dfs_edges_visited,279
U3,400,1,5,HopcroftKarpMatcher,0,na,defect_at_iteration,188
U3,400,1,5,HopcroftKarpMatcher,1,na,paths_found_per_phase,15
U3,400,1,5,HopcroftKarpMatcher,1,na,bfs_edges_visited,124
U3,400,1,5,HopcroftKarpMatcher,1,na,dfs_edges_visited,127
U3,400,1,5,HopcroftKarpMatcher,1,na,defect_at_iteration,173
U3,400,1,5,HopcroftKarpMatcher,-1,na,phase_count,2
U3,400,1,5,HopcroftKarpMatcher,-1,na,main_loop_iters,2
U3,400,1,5,HopcroftKarpMatcher,-1,na,total_bfs_edges_visited,524
U3,400,1,5,HopcroftKarpMatcher,-1,na,total_edges_visited,930
U3,400,1,5,HopcroftKarpMatcher,-1,na,matching_size,227
U3,400,1,5,HopcroftKarpMatcher,-1,na,wall_clock_ms,0.547542
U3,400,1,5,HopcroftKarpMatcher,-1,na,matching_size,227
U3,6400,1,18,SimpleAugmentingMatcher,-1,na,wall_clock_ms,38.4593
U3,6400,1,18,SimpleAugmentingMatcher,-1,na,matching_size,3498
U3,6400,1,18,HopcroftKarpMatcher,0,na,paths_found_per_phase,3291
U3,6400,1,18,HopcroftKarpMatcher,0,na,bfs_edges_visited,6400
U3,6400,1,18,HopcroftKarpMatcher,0,na,dfs_edges_visited,4654
U3,6400,1,18,HopcroftKarpMatcher,0,na,defect_at_iteration,3109
U3,6400,1,18,HopcroftKarpMatcher,1,na,paths_found_per_phase,193
U3,6400,1,18,HopcroftKarpMatcher,1,na,bfs_edges_visited,2213
U3,6400,1,18,HopcroftKarpMatcher,1,na,dfs_edges_visited,2364
U3,6400,1,18,HopcroftKarpMatcher,1,na,defect_at_iteration,2916
U3,6400,1,18,HopcroftKarpMatcher,2,na,paths_found_per_phase,11
U3,6400,1,18,HopcroftKarpMatcher,2,na,bfs_edges_visited,1706
U3,6400,1,18,HopcroftKarpMatcher,2,na,dfs_edges_visited,1771
U3,6400,1,18,HopcroftKarpMatcher,2,na,defect_at_iteration,2905
U3,6400,1,18,HopcroftKarpMatcher,3,na,paths_found_per_phase,3
U3,6400,1,18,HopcroftKarpMatcher,3,na,bfs_edges_visited,1716
U3,6400,1,18,HopcroftKarpMatcher,3,na,dfs_edges_visited,1706
U3,6400,1,18,HopcroftKarpMatcher,3,na,defect_at_iteration,2902
U3,6400,1,18,HopcroftKarpMatcher,-1,na,phase_count,4
U3,6400,1,18,HopcroftKarpMatcher,-1,na,main_loop_iters,4
U3,6400,1,18,HopcroftKarpMatcher,-1,na,total_bfs_edges_visited,12035
U3,6400,1,18,HopcroftKarpMatcher,-1,na,total_edges_visited,22530
U3,6400,1,18,HopcroftKarpMatcher,-1,na,matching_size,3498
U3,6400,1,18,HopcroftKarpMatcher,-1,na,wall_clock_ms,228.83
U3,6400,1,18,HopcroftKarpMatcher,-1,na,matching_size,3498
U3,800,1,13,SimpleAugmentingMatcher,-1,na,wall_clock_ms,0.648596
U3,800,1,13,SimpleAugmentingMatcher,-1,na,matching_size,414
U3,800,1,13,HopcroftKarpMatcher,0,na,paths_found_per_phase,386
U3,800,1,13,HopcroftKarpMatcher,0,na,bfs_edges_visited,800
U3,800,1,13,HopcroftKarpMatcher,0,na,dfs_edges_visited,565
U3,800,1,13,HopcroftKarpMatcher,0,na,defect_at_iteration,414
U3,800,1,13,HopcroftKarpMatcher,1,na,paths_found_per_phase,27
U3,800,1,13,HopcroftKarpMatcher,1,na,bfs_edges_visited,296
U3,800,1,13,HopcroftKarpMatcher,1,na,dfs_edges_visited,307
U3,800,1,13,HopcroftKarpMatcher,1,na,defect_at_iteration,387
U3,800,1,13,HopcroftKarpMatcher,2,na,paths_found_per_phase,1
U3,800,1,13,HopcroftKarpMatcher,2,na,bfs_edges_visited,215
U3,800,1,13,HopcroftKarpMatcher,2,na,dfs_edges_visited,212
U3,800,1,13,HopcroftKarpMatcher,2,na,defect_at_iteration,386
U3,800,1,13,HopcroftKarpMatcher,-1,na,phase_count,3
U3,800,1,13,HopcroftKarpMatcher,-1,na,main_loop_iters,3
U3,800,1,13,HopcroftKarpMatcher,-1,na,total_bfs_edges_visited,1311
U3,800,1,13,HopcroftKarpMatcher,-1,na,total_edges_visited,2395
U3,800,1,13,HopcroftKarpMatcher,-1,na,matching_size,414
U3,800,1,13,HopcroftKarpMatcher,-1,na,wall_clock_ms,3.03065
U3,800,1,13,HopcroftKarpMatcher,-1,na,matching_size,414
U3,3200,1.5,1,SimpleAugmentingMatcher,-1,na,wall_clock_ms,4879.21
U3,3200,1.5,1,SimpleAugmentingMatcher,-1,na,matching_size,3200
U3,3200,1.5,1,HopcroftKarpMatcher,0,na,paths_found_per_phase,3160
U3,3200,1.5,1,HopcroftKarpMatcher,0,na,bfs_edges_visited,181019
U3,3200,1.5,1,HopcroftKarpMatcher,0,na,dfs_edges_visited,90614
U3,3200,1.5,1,HopcroftKarpMatcher,0,na,defect_at_iteration,40
U3,3200,1.5,1,HopcroftKarpMatcher,1,na,paths_found_per_phase,40
U3,3200,1.5,1,HopcroftKarpMatcher,1,na,bfs_edges_visited,91285
U3,3200,1.5,1,HopcroftKarpMatcher,1,na,dfs_edges_visited,14493
U3,3200,1.5,1,HopcroftKarpMatcher,1,na,defect_at_iteration,0
U3,3200,1.5,1,HopcroftKarpMatcher,-1,na,phase_count,2
U3,3200,1.5,1,HopcroftKarpMatcher,-1,na,main_loop_iters,2
U3,3200,1.5,1,HopcroftKarpMatcher,-1,na,total_bfs_edges_visited,272304
U3,3200,1.5,1,HopcroftKarpMatcher,-1,na,total_edges_visited,377411
U3,3200,1.5,1,HopcroftKarpMatcher,-1,na,matching_size,3200
U3,3200,1.5,1,HopcroftKarpMatcher,-1,na,wall_clock_ms,24.3306
U3,3200,1.5,1,HopcroftKarpMatcher,-1,na,matching_size,3200
U3,100,1.5,17,SimpleAugmentingMatcher,-1,na,wall_clock_ms,0.193152
U3,100,1.5,17,SimpleAugmentingMatcher,-1,na,matching_size,100
U3,100,1.5,17,HopcroftKarpMatcher,0,na,paths_found_per_phase,94
U3,100,1.5,17,HopcroftKarpMatcher,0,na,bfs_edges_visited,1000
U3,100,1.5,17,HopcroftKarpMatcher,0,na,dfs_edges_visited,517
U3,100,1.5,17,HopcroftKarpMatcher,0,na,defect_at_iteration,6
U3,100,1.5,17,HopcroftKarpMatcher,1,na,paths_found_per_phase,6
U3,100,1.5,17,HopcroftKarpMatcher,1,na,bfs_edges_visited,548
U3,100,1.5,17,HopcroftKarpMatcher,1,na,dfs_edges_visited,316
U3,100,1.5,17,HopcroftKarpMatcher,1,na,defect_at_iteration,0
U3,100,1.5,17,HopcroftKarpMatcher,-1,na,phase_count,2
U3,100,1.5,17,HopcroftKarpMatcher,-1,na,main_loop_iters,2
U3,100,1.5,17,HopcroftKarpMatcher,-1,na,total_bfs_edges_visited,1548
U3,100,1.5,17,HopcroftKarpMatcher,-1,na,total_edges_visited,2381
U3,100,1.5,17,HopcroftKarpMatcher,-1,na,matching_size,100
U3,100,1.5,17,HopcroftKarpMatcher,-1,na,wall_clock_ms,0.058112
U3,100,1.5,17,HopcroftKarpMatcher,-1,na,matching_size,100
U3,200,1.25,8,SimpleAugmentingMatcher,-1,na,wall_clock_ms,0.341873
U3,200,1.25,8,SimpleAugmentingMatcher,-1,na,matching_size,191
U3,200,1.25,8,HopcroftKarpMatcher,0,na,paths_found_per_phase,168
U3,200,1.25,8,HopcroftKarpMatcher,0,na,bfs_edges_visited,752
U3,200,1.25,8,HopcroftKarpMatcher,0,na,dfs_edges_visited,398
U3,200,1.25,8,HopcroftKarpMatcher,0,na,defect_at_iteration,32
U3,200,1.25,8,HopcroftKarpMatcher,1,na,paths_found_per_phase,19
U3,200,1.25,8,HopcroftKarpMatcher,1,na,bfs_edges_visited,315
U3,200,1.25,8,HopcroftKarpMatcher,1,na,dfs_edges_visited,290
U3,200,1.25,8,HopcroftKarpMatcher,1,na,defect_at_iteration,13
U3,200,1.25,8,HopcroftKarpMatcher,2,na,paths_found_per_phase,1
U3,200,1.25,8,HopcroftKarpMatcher,2,na,bfs_edges_visited,74
U3,200,1.25,8,HopcroftKarpMatcher,2,na,dfs_edges_visited,147
U3,200,1.25,8,HopcroftKarpMatcher,2,na,defect_at_iteration,12
U3,200,1.25,8,HopcroftKarpMatcher,3,na,paths_found_per_phase,3
U3,200,1.25,8,HopcroftKarpMatcher,3,na,bfs_edges_visited,267
U3,200,1.25,8,HopcroftKarpMatcher,3,na,dfs_edges_visited,311
U3,200,1.25,8,HopcroftKarpMatcher,3,na,defect_at_iteration,9
U3,200,1.25,8,HopcroftKarpMatcher,-1,na,phase_count,4
U3,200,1.25,8,HopcroftKarpMatcher,-1,na,main_loop_iters,4
U3,200,1.25,8,HopcroftKarpMatcher,-1,na,total_bfs_edges_visited,1408
U3,200,1.25,8,HopcroftKarpMatcher,-1,na,total_edges_visited,2554
U3,200,1.25,8,HopcroftKarpMatcher,-1,na,matching_size,191
U3,200,1.25,8,HopcroftKarpMatcher,-1,na,wall_clock_ms,0.197433
U3,200,1.25,8,HopcroftKarpMatcher,-1,na,matching_size,191
U3,1600,2,1,SimpleAugmentingMatcher,-1,na,wall_clock_ms,887.19
U3,1600,2,1,SimpleAugmentingMatcher,-1,na,matching_size,1600
U3,1600,2,1,HopcroftKarpMatcher,0,na,paths_found_per_phase,1600
U3,1600,2,1,HopcroftKarpMatcher,0,na,bfs_edges_visited,2.56e+06
U3,1600,2,1,HopcroftKarpMatcher,0,na,dfs_edges_visited,1.2808e+06
U3,1600,2,1,HopcroftKarpMatcher,0,na,defect_at_iteration,0
U3,1600,2,1,HopcroftKarpMatcher,-1,na,phase_count,1
U3,1600,2,1,HopcroftKarpMatcher,-1,na,main_loop_iters,1
U3,1600,2,1,HopcroftKarpMatcher,-1,na,total_bfs_edges_visited,2.56e+06
U3,1600,2,1,HopcroftKarpMatcher,-1,na,total_edges_visited,3.8408e+06
U3,1600,2,1,HopcroftKarpMatcher,-1,na,matching_size,1600
U3,1600,2,1,HopcroftKarpMatcher,-1,na,wall_clock_ms,5.11085
U3,1600,2,1,HopcroftKarpMatcher,-1,na,matching_size,1600
U3,6400,1,1,SimpleAugmentingMatcher,-1,na,wall_clock_ms,39.0537
U3,6400,1,1,SimpleAugmentingMatcher,-1,na,matching_size,3469
U3,6400,1,1,HopcroftKarpMatcher,0,na,paths_found_per_phase,3246
U3,6400,1,1,HopcroftKarpMatcher,0,na,bfs_edges_visited,6400
U3,6400,1,1,HopcroftKarpMatcher,0,na,dfs_edges_visited,4684
U3,6400,1,1,HopcroftKarpMatcher,0,na,defect_at_iteration,3154
U3,6400,1,1,HopcroftKarpMatcher,1,na,paths_found_per_phase,214
U3,6400,1,1,HopcroftKarpMatcher,1,na,bfs_edges_visited,2358
U3,6400,1,1,HopcroftKarpMatcher,1,na,dfs_edges_visited,2458
U3,6400,1,1,HopcroftKarpMatcher,1,na,defect_at_iteration,2940
U3,6400,1,1,HopcroftKarpMatcher,2,na,paths_found_per_phase,5
U3,6400,1,1,HopcroftKarpMatcher,2,na,bfs_edges_visited,1699
U3,6400,1,1,HopcroftKarpMatcher,2,na,dfs_edges_visited,1742
U3,6400,1,1,HopcroftKarpMatcher,2,na,defect_at_iteration,2935
U3,6400,1,1,HopcroftKarpMatcher,3,na,paths_found_per_phase,3
U3,6400,1,1,HopcroftKarpMatcher,3,na,bfs_edges_visited,1727
U3,6400,1,1,HopcroftKarpMatcher,3,na,dfs_edges_visited,1724
U3,6400,1,1,HopcroftKarpMatcher,3,na,defect_at_iteration,2932
U3,6400,1,1,HopcroftKarpMatcher,4,na,paths_found_per_phase,1
U3,6400,1,1,HopcroftKarpMatcher,4,na,bfs_edges_visited,1702
U3,6400,1,1,HopcroftKarpMatcher,4,na,dfs_edges_visited,1693
U3,6400,1,1,HopcroftKarpMatcher,4,na,defect_at_iteration,2931
U3,6400,1,1,HopcroftKarpMatcher,-1,na,phase_count,5
U3,6400,1,1,HopcroftKarpMatcher,-1,na,main_loop_iters,5
U3,6400,1,1,HopcroftKarpMatcher,-1,na,total_bfs_edges_visited,13886
U3,6400,1,1,HopcroftKarpMatcher,-1,na,total_edges_visited,26187
U3,6400,1,1,HopcroftKarpMatcher,-1,na,matching_size,3469
U3,6400,1,1,HopcroftKarpMatcher,-1,na,wall_clock_ms,276.855
U3,6400,1,1,HopcroftKarpMatcher,-1,na,matching_size,3469
U3,3200,1.75,5,SimpleAugmentingMatcher,-1,na,wall_clock_ms,12251
U3,3200,1.75,5,SimpleAugmentingMatcher,-1,na,matching_size,3200
U3,3200,1.75,5,HopcroftKarpMatcher,0,na,paths_found_per_phase,3197
U3,3200,1.75,5,HopcroftKarpMatcher,0,na,bfs_edges_visited,1.36148e+06
U3,3200,1.75,5,HopcroftKarpMatcher,0,na,dfs_edges_visited,681798
U3,3200,1.75,5,HopcroftKarpMatcher,0,na,defect_at_iteration,3
U3,3200,1.75,5,HopcroftKarpMatcher,1,na,paths_found_per_phase,3
U3,3200,1.75,5,HopcroftKarpMatcher,1,na,bfs_edges_visited,477613
U3,3200,1.75,5,HopcroftKarpMatcher,1,na,dfs_edges_visited,8928
U3,3200,1.75,5,HopcroftKarpMatcher,1,na,defect_at_iteration,0
U3,3200,1.75,5,HopcroftKarpMatcher,-1,na,phase_count,2
U3,3200,1.75,5,HopcroftKarpMatcher,-1,na,main_loop_iters,2
U3,3200,1.75,5,HopcroftKarpMatcher,-1,na,total_bfs_edges_visited,1.8391e+06
U3,3200,1.75,5,HopcroftKarpMatcher,-1,na,total_edges_visited,2.52982e+06
U3,3200,1.75,5,HopcroftKarpMatcher,-1,na,matching_size,3200
U3,3200,1.75,5,HopcroftKarpMatcher,-1,na,wall_clock_ms,43.7993
U3,3200,1.75,5,HopcroftKarpMatcher,-1,na,matching_size,3200
U3,800,2,5,SimpleAugmentingMatcher,-1,na,wall_clock_ms,112.439
U3,800,2,5,SimpleAugmentingMatcher,-1,na,matching_size,800
U3,800,2,5,HopcroftKarpMatcher,0,na,paths_found_per_phase,800
U3,800,2,5,HopcroftKarpMatcher,0,na,bfs_edges_visited,640000
U3,800,2,5,HopcroftKarpMatcher,0,na,dfs_edges_visited,320400
U3,800,2,5,HopcroftKarpMatcher,0,na,defect_at_iteration,0
U3,800,2,5,HopcroftKarpMatcher,-1,na,phase_count,1
U3,800,2,5,HopcroftKarpMatcher,-1,na,main_loop_iters,1
U3,800,2,5,HopcroftKarpMatcher,-1,na,total_bfs_edges_visited,640000
U3,800,2,5,HopcroftKarpMatcher,-1,na,total_edges_visited,960400
U3,800,2,5,HopcroftKarpMatcher,-1,na,matching_size,800
U3,800,2,5,HopcroftKarpMatcher,-1,na,wall_clock_ms,1.2892
U3,800,2,5,HopcroftKarpMatcher,-1,na,matching_size,800
U3,6400,1.25,14,SimpleAugmentingMatcher,-1,na,wall_clock_ms,8093.32
U3,6400,1.25,14,SimpleAugmentingMatcher,-1,na,matching_size,6399
U3,6400,1.25,14,HopcroftKarpMatcher,0,na,paths_found_per_phase,5897
U3,6400,1.25,14,HopcroftKarpMatcher,0,na,bfs_edges_visited,57243
U3,6400,1.25,14,HopcroftKarpMatcher,0,na,dfs_edges_visited,29339
U3,6400,1.25,14,HopcroftKarpMatcher,0,na,defect_at_iteration,503
U3,6400,1.25,14,HopcroftKarpMatcher,1,na,paths_found_per_phase,472
U3,6400,1.25,14,HopcroftKarpMatcher,1,na,bfs_edges_visited,28998
U3,6400,1.25,14,HopcroftKarpMatcher,1,na,dfs_edges_visited,26307
U3,6400,1.25,14,HopcroftKarpMatcher,1,na,defect_at_iteration,31
U3,6400,1.25,14,HopcroftKarpMatcher,2,na,paths_found_per_phase,27
U3,6400,1.25,14,HopcroftKarpMatcher,2,na,bfs_edges_visited,15094
U3,6400,1.25,14,HopcroftKarpMatcher,2,na,dfs_edges_visited,27078
U3,6400,1.25,14,HopcroftKarpMatcher,2,na,defect_at_iteration,4
U3,6400,1.25,14,HopcroftKarpMatcher,3,na,paths_found_per_phase,3
U3,6400,1.25,14,HopcroftKarpMatcher,3,na,bfs_edges_visited,45762
U3,6400,1.25,14,HopcroftKarpMatcher,3,na,dfs_edges_visited,33412
U3,6400,1.25,14,HopcroftKarpMatcher,3,na,defect_at_iteration,1
U3,6400,1.25,14,HopcroftKarpMatcher,-1,na,phase_count,4
U3,6400,1.25,14,HopcroftKarpMatcher,-1,na,main_loop_iters,4
U3,6400,1.25,14,HopcroftKarpMatcher,-1,na,total_bfs_edges_visited,147097
U3,6400,1.25,14,HopcroftKarpMatcher,-1,na,total_edges_visited,263233
U3,6400,1.25,14,HopcroftKarpMatcher,-1,na,matching_size,6399
U3,6400,1.25,14,HopcroftKarpMatcher,-1,na,wall_clock_ms,225.174
U3,6400,1.25,14,HopcroftKarpMatcher,-1,na,matching_size,6399
U3,100,1.5,8,SimpleAugmentingMatcher,-1,na,wall_clock_ms,0.179146
U3,100,1.5,8,SimpleAugmentingMatcher,-1,na,matching_size,100
U3,100,1.5,8,HopcroftKarpMatcher,0,na,paths_found_per_phase,92
U3,100,1.5,8,HopcroftKarpMatcher,0,na,bfs_edges_visited,1000
U3,100,1.5,8,HopcroftKarpMatcher,0,na,dfs_edges_visited,541
U3,100,1.5,8,HopcroftKarpMatcher,0,na,defect_at_iteration,8
U3,100,1.5,8,HopcroftKarpMatcher,1,na,paths_found_per_phase,8
U3,100,1.5,8,HopcroftKarpMatcher,1,na,bfs_edges_visited,596
U3,100,1.5,8,HopcroftKarpMatcher,1,na,dfs_edges_visited,367
U3,100,1.5,8,HopcroftKarpMatcher,1,na,defect_at_iteration,0
U3,100,1.5,8,HopcroftKarpMatcher,-1,na,phase_count,2
U3,100,1.5,8,HopcroftKarpMatcher,-1,na,main_loop_iters,2
U3,100,1.5,8,HopcroftKarpMatcher,-1,na,total_bfs_edges_visited,1596
U3,100,1.5,8,HopcroftKarpMatcher,-1,na,total_edges_visited,2504
U3,100,1.5,8,HopcroftKarpMatcher,-1,na,matching_size,100
U3,100,1.5,8,HopcroftKarpMatcher,-1,na,wall_clock_ms,0.060591
U3,100,1.5,8,HopcroftKarpMatcher,-1,na,matching_size,100
U3,800,1,18,SimpleAugmentingMatcher,-1,na,wall_clock_ms,0.627879
U3,800,1,18,SimpleAugmentingMatcher,-1,na,matching_size,431
U3,800,1,18,HopcroftKarpMatcher,0,na,paths_found_per_phase,399
U3,800,1,18,HopcroftKarpMatcher,0,na,bfs_edges_visited,800
U3,800,1,18,HopcroftKarpMatcher,0,na,dfs_edges_visited,578
U3,800,1,18,HopcroftKarpMatcher,0,na,defect_at_iteration,401
U3,800,1,18,HopcroftKarpMatcher,1,na,paths_found_per_phase,32
U3,800,1,18,HopcroftKarpMatcher,1,na,bfs_edges_visited,316
U3,800,1,18,HopcroftKarpMatcher,1,na,dfs_edges_visited,318
U3,800,1,18,HopcroftKarpMatcher,1,na,defect_at_iteration,369
U3,800,1,18,HopcroftKarpMatcher,-1,na,phase_count,2
U3,800,1,18,HopcroftKarpMatcher,-1,na,main_loop_iters,2
U3,800,1,18,HopcroftKarpMatcher,-1,na,total_bfs_edges_visited,1116
U3,800,1,18,HopcroftKarpMatcher,-1,na,total_edges_visited,2012
U3,800,1,18,HopcroftKarpMatcher,-1,na,matching_size,431
U3,800,1,18,HopcroftKarpMatcher,-1,na,wall_clock_ms,2.25342
U3,800,1,18,HopcroftKarpMatcher,-1,na,matching_size,431
U3,800,1.5,11,SimpleAugmentingMatcher,-1,na,wall_clock_ms,75.6995
U3,800,1.5,11,SimpleAugmentingMatcher,-1,na,matching_size,800
U3,800,1.5,11,HopcroftKarpMatcher,0,na,paths_found_per_phase,782
U3,800,1.5,11,HopcroftKarpMatcher,0,na,bfs_edges_visited,22627
U3,800,1.5,11,HopcroftKarpMatcher,0,na,dfs_edges_visited,11315
U3,800,1.5,11,HopcroftKarpMatcher,0,na,defect_at_iteration,18
U3,800,1.5,11,HopcroftKarpMatcher,1,na,paths_found_per_phase,18
U3,800,1.5,11,HopcroftKarpMatcher,1,na,bfs_edges_visited,10489
U3,800,1.5,11,HopcroftKarpMatcher,1,na,dfs_edges_visited,2040
U3,800,1.5,11,HopcroftKarpMatcher,1,na,defect_at_iteration,0
U3,800,1.5,11,HopcroftKarpMatcher,-1,na,phase_count,2
U3,800,1.5,11,HopcroftKarpMatcher,-1,na,main_loop_iters,2
U3,800,1.5,11,HopcroftKarpMatcher,-1,na,total_bfs_edges_visited,33116
U3,800,1.5,11,HopcroftKarpMatcher,-1,na,total_edges_visited,46471
U3,800,1.5,11,HopcroftKarpMatcher,-1,na,matching_size,800
U3,800,1.5,11,HopcroftKarpMatcher,-1,na,wall_clock_ms,1.75716
U3,800,1.5,11,HopcroftKarpMatcher,-1,na,matching_size,800
U3,100,1.5,18,SimpleAugmentingMatcher,-1,na,wall_clock_ms,0.197716
U3,100,1.5,18,SimpleAugmentingMatcher,-1,na,matching_size,100
U3,100,1.5,18,HopcroftKarpMatcher,0,na,paths_found_per_phase,92
U3,100,1.5,18,HopcroftKarpMatcher,0,na,bfs_edges_visited,1000
U3,100,1.5,18,HopcroftKarpMatcher,0,na,dfs_edges_visited,531
U3,100,1.5,18,HopcroftKarpMatcher,0,na,defect_at_iteration,8
U3,100,1.5,18,HopcroftKarpMatcher,1,na,paths_found_per_phase,8
U3,100,1.5,18,HopcroftKarpMatcher,1,na,bfs_edges_visited,649
U3,100,1.5,18,HopcroftKarpMatcher,1,na,dfs_edges_visited,458
U3,100,1.5,18,HopcroftKarpMatcher,1,na,defect_at_iteration,0
U3,100,1.5,18,HopcroftKarpMatcher,-1,na,phase_count,2
U3,100,1.5,18,HopcroftKarpMatcher,-1,na,main_loop_iters,2
U3,100,1.5,18,HopcroftKarpMatcher,-1,na,total_bfs_edges_visited,1649
U3,100,1.5,18,HopcroftKarpMatcher,-1,na,total_edges_visited,2638
U3,100,1.5,18,HopcroftKarpMatcher,-1,na,matching_size,100
U3,100,1.5,18,HopcroftKarpMatcher,-1,na,wall_clock_ms,0.070653
U3,100,1.5,18,HopcroftKarpMatcher,-1,na,matching_size,100
U3,100,1.75,7,SimpleAugmentingMatcher,-1,na,wall_clock_ms,0.458139
U3,100,1.75,7,SimpleAugmentingMatcher,-1,na,matching_size,100
U3,100,1.75,7,HopcroftKarpMatcher,0,na,paths_found_per_phase,99
U3,100,1.75,7,HopcroftKarpMatcher,0,na,bfs_edges_visited,3162
U3,100,1.75,7,HopcroftKarpMatcher,0,na,dfs_edges_visited,1611
U3,100,1.75,7,HopcroftKarpMatcher,0,na,defect_at_iteration,1
U3,100,1.75,7,HopcroftKarpMatcher,1,na,paths_found_per_phase,1
U3,100,1.75,7,HopcroftKarpMatcher,1,na,bfs_edges_visited,981
U3,100,1.75,7,HopcroftKarpMatcher,1,na,dfs_edges_visited,94
U3,100,1.75,7,HopcroftKarpMatcher,1,na,defect_at_iteration,0
U3,100,1.75,7,HopcroftKarpMatcher,-1,na,phase_count,2
U3,100,1.75,7,HopcroftKarpMatcher,-1,na,main_loop_iters,2
U3,100,1.75,7,HopcroftKarpMatcher,-1,na,total_bfs_edges_visited,4143
U3,100,1.75,7,HopcroftKarpMatcher,-1,na,total_edges_visited,5848
U3,100,1.75,7,HopcroftKarpMatcher,-1,na,matching_size,100
U3,100,1.75,7,HopcroftKarpMatcher,-1,na,wall_clock_ms,0.089322
U3,100,1.75,7,HopcroftKarpMatcher,-1,na,matching_size,100
U3,400,1.25,5,SimpleAugmentingMatcher,-1,na,wall_clock_ms,2.43677
U3,400,1.25,5,SimpleAugmentingMatcher,-1,na,matching_size,396
U3,400,1.25,5,HopcroftKarpMatcher,0,na,paths_found_per_phase,347
U3,400,1.25,5,HopcroftKarpMatcher,0,na,bfs_edges_visited,1788
U3,400,1.25,5,HopcroftKarpMatcher,0,na,dfs_edges_visited,971
U3,400,1.25,5,HopcroftKarpMatcher,0,na,defect_at_iteration,53
U3,400,1.25,5,HopcroftKarpMatcher,1,na,paths_found_per_phase,36
U3,400,1.25,5,HopcroftKarpMatcher,1,na,bfs_edges_visited,729
U3,400,1.25,5,HopcroftKarpMatcher,1,na,dfs_edges_visited,824
U3,400,1.25,5,HopcroftKarpMatcher,1,na,defect_at_iteration,17
U3,400,1.25,5,HopcroftKarpMatcher,2,na,paths_found_per_phase,6
U3,400,1.25,5,HopcroftKarpMatcher,2,na,bfs_edges_visited,426
U3,400,1.25,5,HopcroftKarpMatcher,2,na,dfs_edges_visited,633
U3,400,1.25,5,HopcroftKarpMatcher,2,na,defect_at_iteration,11
U3,400,1.25,5,HopcroftKarpMatcher,3,na,paths_found_per_phase,5
U3,400,1.25,5,HopcroftKarpMatcher,3,na,bfs_edges_visited,1091
U3,400,1.25,5,HopcroftKarpMatcher,3,na,dfs_edges_visited,716
U3,400,1.25,5,HopcroftKarpMatcher,3,na,defect_at_iteration,6
U3,400,1.25,5,HopcroftKarpMatcher,4,na,paths_found_per_phase,2
U3,400,1.25,5,HopcroftKarpMatcher,4,na,bfs_edges_visited,757
U3,400,1.25,5,HopcroftKarpMatcher,4,na,dfs_edges_visited,1038
U3,400,1.25,5,HopcroftKarpMatcher,4,na,defect_at_iteration,4
U3,400,1.25,5,HopcroftKarpMatcher,-1,na,phase_count,5
U3,400,1.25,5,HopcroftKarpMatcher,-1,na,main_loop_iters,5
U3,400,1.25,5,HopcroftKarpMatcher,-1,na,total_bfs_edges_visited,4791
U3,400,1.25,5,HopcroftKarpMatcher,-1,na,total_edges_visited,8973
U3,400,1.25,5,HopcroftKarpMatcher,-1,na,matching_size,396
U3,400,1.25,5,HopcroftKarpMatcher,-1,na,wall_clock_ms,0.930612
U3,400,1.25,5,HopcroftKarpMatcher,-1,na,matching_size,396
U3,800,2,1,SimpleAugmentingMatcher,-1,na,wall_clock_ms,112.358
U3,800,2,1,SimpleAugmentingMatcher,-1,na,matching_size,800
U3,800,2,1,HopcroftKarpMatcher,0,na,paths_found_per_phase,800
U3,800,2,1,HopcroftKarpMatcher,0,na,bfs_edges_visited,640000
U3,800,2,1,HopcroftKarpMatcher,0,na,dfs_edges_visited,320400
U3,800,2,1,HopcroftKarpMatcher,0,na,defect_at_iteration,0
U3,800,2,1,HopcroftKarpMatcher,-1,na,phase_count,1
U3,800,2,1,HopcroftKarpMatcher,-1,na,main_loop_iters,1
U3,800,2,1,HopcroftKarpMatcher,-1,na,total_bfs_edges_visited,640000
U3,800,2,1,HopcroftKarpMatcher,-1,na,total_edges_visited,960400
U3,800,2,1,HopcroftKarpMatcher,-1,na,matching_size,800
U3,800,2,1,HopcroftKarpMatcher,-1,na,wall_clock_ms,1.30385
U3,800,2,1,HopcroftKarpMatcher,-1,na,matching_size,800
U3,800,1,14,SimpleAugmentingMatcher,-1,na,wall_clock_ms,0.608533
U3,800,1,14,SimpleAugmentingMatcher,-1,na,matching_size,448
U3,800,1,14,HopcroftKarpMatcher,0,na,paths_found_per_phase,419
U3,800,1,14,HopcroftKarpMatcher,0,na,bfs_edges_visited,800
U3,800,1,14,HopcroftKarpMatcher,0,na,dfs_edges_visited,587
U3,800,1,14,HopcroftKarpMatcher,0,na,defect_at_iteration,381
U3,800,1,14,HopcroftKarpMatcher,1,na,paths_found_per_phase,27
U3,800,1,14,HopcroftKarpMatcher,1,na,bfs_edges_visited,268
U3,800,1,14,HopcroftKarpMatcher,1,na,dfs_edges_visited,293
U3,800,1,14,HopcroftKarpMatcher,1,na,defect_at_iteration,354
U3,800,1,14,HopcroftKarpMatcher,2,na,paths_found_per_phase,2
U3,800,1,14,HopcroftKarpMatcher,2,na,bfs_edges_visited,216
U3,800,1,14,HopcroftKarpMatcher,2,na,dfs_edges_visited,211
U3,800,1,14,HopcroftKarpMatcher,2,na,defect_at_iteration,352
U3,800,1,14,HopcroftKarpMatcher,-1,na,phase_count,3
U3,800,1,14,HopcroftKarpMatcher,-1,na,main_loop_iters,3
U3,800,1,14,HopcroftKarpMatcher,-1,na,total_bfs_edges_visited,1284
U3,800,1,14,HopcroftKarpMatcher,-1,na,total_edges_visited,2375
U3,800,1,14,HopcroftKarpMatcher,-1,na,matching_size,448
U3,800,1,14,HopcroftKarpMatcher,-1,na,wall_clock_ms,2.91117
U3,800,1,14,HopcroftKarpMatcher,-1,na,matching_size,448
U3,400,1.75,8,SimpleAugmentingMatcher,-1,na,wall_clock_ms,29.3694
U3,400,1.75,8,SimpleAugmentingMatcher,-1,na,matching_size,400
U3,400,1.75,8,HopcroftKarpMatcher,0,na,paths_found_per_phase,398
U3,400,1.75,8,HopcroftKarpMatcher,0,na,bfs_edges_visited,35777
U3,400,1.75,8,HopcroftKarpMatcher,0,na,dfs_edges_visited,17765
U3,400,1.75,8,HopcroftKarpMatcher,0,na,defect_at_iteration,2
U3,400,1.75,8,HopcroftKarpMatcher,1,na,paths_found_per_phase,2
U3,400,1.75,8,HopcroftKarpMatcher,1,na,bfs_edges_visited,12813
U3,400,1.75,8,HopcroftKarpMatcher,1,na,dfs_edges_visited,178
U3,400,1.75,8,HopcroftKarpMatcher,1,na,defect_at_iteration,0
U3,400,1.75,8,HopcroftKarpMatcher,-1,na,phase_count,2
U3,400,1.75,8,HopcroftKarpMatcher,-1,na,main_loop_iters,2
U3,400,1.75,8,HopcroftKarpMatcher,-1,na,total_bfs_edges_visited,48590
U3,400,1.75,8,HopcroftKarpMatcher,-1,na,total_edges_visited,66533
U3,400,1.75,8,HopcroftKarpMatcher,-1,na,matching_size,400
U3,400,1.75,8,HopcroftKarpMatcher,-1,na,wall_clock_ms,1.00134
U3,400,1.75,8,HopcroftKarpMatcher,-1,na,matching_size,400
U3,100,2,14,SimpleAugmentingMatcher,-1,na,wall_clock_ms,0.250824
U3,100,2,14,SimpleAugmentingMatcher,-1,na,matching_size,100
U3,100,2,14,HopcroftKarpMatcher,0,na,paths_found_per_phase,100
U3,100,2,14,HopcroftKarpMatcher,0,na,bfs_edges_visited,10000
U3,100,2,14,HopcroftKarpMatcher,0,na,dfs_edges_visited,5050
U3,100,2,14,HopcroftKarpMatcher,0,na,defect_at_iteration,0
U3,100,2,14,HopcroftKarpMatcher,-1,na,phase_count,1
U3,100,2,14,HopcroftKarpMatcher,-1,na,main_loop_iters,1
U3,100,2,14,HopcroftKarpMatcher,-1,na,total_bfs_edges_visited,10000
U3,100,2,14,HopcroftKarpMatcher,-1,na,total_edges_visited,15050
U3,100,2,14,HopcroftKarpMatcher,-1,na,matching_size,100
U3,100,2,14,HopcroftKarpMatcher,-1,na,wall_clock_ms,0.026474
U3,100,2,14,HopcroftKarpMatcher,-1,na,matching_size,100
U3,3200,2,19,SimpleAugmentingMatcher,-1,na,wall_clock_ms,7056.85
U3,3200,2,19,SimpleAugmentingMatcher,-1,na,matching_size,3200
U3,3200,2,19,HopcroftKarpMatcher,0,na,paths_found_per_phase,3200
U3,3200,2,19,HopcroftKarpMatcher,0,na,bfs_edges_visited,1.024e+07
U3,3200,2,19,HopcroftKarpMatcher,0,na,dfs_edges_visited,5.1216e+06
U3,3200,2,19,HopcroftKarpMatcher,0,na,defect_at_iteration,0
U3,3200,2,19,HopcroftKarpMatcher,-1,na,phase_count,1
U3,3200,2,19,HopcroftKarpMatcher,-1,na,main_loop_iters,1
U3,3200,2,19,HopcroftKarpMatcher,-1,na,total_bfs_edges_visited,1.024e+07
U3,3200,2,19,HopcroftKarpMatcher,-1,na,total_edges_visited,1.53616e+07
U3,3200,2,19,HopcroftKarpMatcher,-1,na,matching_size,3200
U3,3200,2,19,HopcroftKarpMatcher,-1,na,wall_clock_ms,20.3894
U3,3200,2,19,HopcroftKarpMatcher,-1,na,matching_size,3200
U3,6400,1.75,12,SimpleAugmentingMatcher,-1,na,wall_clock_ms,88810.6
U3,6400,1.75,12,SimpleAugmentingMatcher,-1,na,matching_size,6400
U3,6400,1.75,12,HopcroftKarpMatcher,0,na,paths_found_per_phase,6391
U3,6400,1.75,12,HopcroftKarpMatcher,0,na,bfs_edges_visited,4.57947e+06
U3,6400,1.75,12,HopcroftKarpMatcher,0,na,dfs_edges_visited,2.28986e+06
U3,6400,1.75,12,HopcroftKarpMatcher,0,na,defect_at_iteration,9
U3,6400,1.75,12,HopcroftKarpMatcher,1,na,paths_found_per_phase,9
U3,6400,1.75,12,HopcroftKarpMatcher,1,na,bfs_edges_visited,3.07724e+06
U3,6400,1.75,12,HopcroftKarpMatcher,1,na,dfs_edges_visited,17955
U3,6400,1.75,12,HopcroftKarpMatcher,1,na,defect_at_iteration,0
U3,6400,1.75,12,HopcroftKarpMatcher,-1,na,phase_count,2
U3,6400,1.75,12,HopcroftKarpMatcher,-1,na,main_loop_iters,2
U3,6400,1.75,12,HopcroftKarpMatcher,-1,na,total_bfs_edges_visited,7.65671e+06
U3,6400,1.75,12,HopcroftKarpMatcher,-1,na,total_edges_visited,9.96452e+06
U3,6400,1.75,12,HopcroftKarpMatcher,-1,na,matching_size,6400
U3,6400,1.75,12,HopcroftKarpMatcher,-1,na,wall_clock_ms,185.364
U3,6400,1.75,12,HopcroftKarpMatcher,-1,na,matching_size,6400
U3,800,1,15,SimpleAugmentingMatcher,-1,na,wall_clock_ms,0.649592
U3,800,1,15,SimpleAugmentingMatcher,-1,na,matching_size,430
U3,800,1,15,HopcroftKarpMatcher,0,na,paths_found_per_phase,400
U3,800,1,15,HopcroftKarpMatcher,0,na,bfs_edges_visited,800
U3,800,1,15,HopcroftKarpMatcher,0,na,dfs_edges_visited,578
U3,800,1,15,HopcroftKarpMatcher,0,na,defect_at_iteration,400
U3,800,1,15,HopcroftKarpMatcher,1,na,paths_found_per_phase,30
U3,800,1,15,HopcroftKarpMatcher,1,na,bfs_edges_visited,315
U3,800,1,15,HopcroftKarpMatcher,1,na,dfs_edges_visited,328
U3,800,1,15,HopcroftKarpMatcher,1,na,defect_at_iteration,370
U3,800,1,15,HopcroftKarpMatcher,-1,na,phase_count,2
U3,800,1,15,HopcroftKarpMatcher,-1,na,main_loop_iters,2
U3,800,1,15,HopcroftKarpMatcher,-1,na,total_bfs_edges_visited,1115
U3,800,1,15,HopcroftKarpMatcher,-1,na,total_edges_visited,2021
U3,800,1,15,HopcroftKarpMatcher,-1,na,matching_size,430
U3,800,1,15,HopcroftKarpMatcher,-1,na,wall_clock_ms,2.2933
U3,800,1,15,HopcroftKarpMatcher,-1,na,matching_size,430
U3,200,2,0,SimpleAugmentingMatcher,-1,na,wall_clock_ms,1.8792
U3,200,2,0,SimpleAugmentingMatcher,-1,na,matching_size,200
U3,200,2,0,HopcroftKarpMatcher,0,na,paths_found_per_phase,200
U3,200,2,0,HopcroftKarpMatcher,0,na,bfs_edges_visited,40000
U3,200,2,0,HopcroftKarpMatcher,0,na,dfs_edges_visited,20100
U3,200,2,0,HopcroftKarpMatcher,0,na,defect_at_iteration,0
U3,200,2,0,HopcroftKarpMatcher,-1,na,phase_count,1
U3,200,2,0,HopcroftKarpMatcher,-1,na,main_loop_iters,1
U3,200,2,0,HopcroftKarpMatcher,-1,na,total_bfs_edges_visited,40000
U3,200,2,0,HopcroftKarpMatcher,-1,na,total_edges_visited,60100
U3,200,2,0,HopcroftKarpMatcher,-1,na,matching_size,200
U3,200,2,0,HopcroftKarpMatcher,-1,na,wall_clock_ms,0.088754
U3,200,2,0,HopcroftKarpMatcher,-1,na,matching_size,200
U3,3200,2,12,SimpleAugmentingMatcher,-1,na,wall_clock_ms,7057.36
U3,3200,2,12,SimpleAugmentingMatcher,-1,na,matching_size,3200
U3,3200,2,12,HopcroftKarpMatcher,0,na,paths_found_per_phase,3200
U3,3200,2,12,HopcroftKarpMatcher,0,na,bfs_edges_visited,1.024e+07
U3,3200,2,12,HopcroftKarpMatcher,0,na,dfs_edges_visited,5.1216e+06
U3,3200,2,12,HopcroftKarpMatcher,0,na,defect_at_iteration,0
U3,3200,2,12,HopcroftKarpMatcher,-1,na,phase_count,1
U3,3200,2,12,HopcroftKarpMatcher,-1,na,main_loop_iters,1
U3,3200,2,12,HopcroftKarpMatcher,-1,na,total_bfs_edges_visited,1.024e+07
U3,3200,2,12,HopcroftKarpMatcher,-1,na,total_edges_visited,1.53616e+07
U3,3200,2,12,HopcroftKarpMatcher,-1,na,matching_size,3200
U3,3200,2,12,HopcroftKarpMatcher,-1,na,wall_clock_ms,20.4058
U3,3200,2,12,HopcroftKarpMatcher,-1,na,matching_size,3200
U3,800,1.25,19,SimpleAugmentingMatcher,-1,na,wall_clock_ms,17.0218
U3,800,1.25,19,SimpleAugmentingMatcher,-1,na,matching_size,797
U3,800,1.25,19,HopcroftKarpMatcher,0,na,paths_found_per_phase,704
U3,800,1.25,19,HopcroftKarpMatcher,0,na,bfs_edges_visited,4254
U3,800,1.25,19,HopcroftKarpMatcher,0,na,dfs_edges_visited,2275
U3,800,1.25,19,HopcroftKarpMatcher,0,na,defect_at_iteration,96
U3,800,1.25,19,HopcroftKarpMatcher,1,na,paths_found_per_phase,79
U3,800,1.25,19,HopcroftKarpMatcher,1,na,bfs_edges_visited,1866
U3,800,1.25,19,HopcroftKarpMatcher,1,na,dfs_edges_visited,2120
U3,800,1.25,19,HopcroftKarpMatcher,1,na,defect_at_iteration,17
U3,800,1.25,19,HopcroftKarpMatcher,2,na,paths_found_per_phase,8
U3,800,1.25,19,HopcroftKarpMatcher,2,na,bfs_edges_visited,1016
U3,800,1.25,19,HopcroftKarpMatcher,2,na,dfs_edges_visited,2013
U3,800,1.25,19,HopcroftKarpMatcher,2,na,defect_at_iteration,9
U3,800,1.25,19,HopcroftKarpMatcher,3,na,paths_found_per_phase,4
U3,800,1.25,19,HopcroftKarpMatcher,3,na,bfs_edges_visited,3177
U3,800,1.25,19,HopcroftKarpMatcher,3,na,dfs_edges_visited,2716
U3,800,1.25,19,HopcroftKarpMatcher,3,na,defect_at_iteration,5
U3,800,1.25,19,HopcroftKarpMatcher,4,na,paths_found_per_phase,2
U3,800,1.25,19,HopcroftKarpMatcher,4,na,bfs_edges_visited,3874
U3,800,1.25,19,HopcroftKarpMatcher,4,na,dfs_edges_visited,3498
U3,800,1.25,19,HopcroftKarpMatcher,4,na,defect_at_iteration,3
U3,800,1.25,19,HopcroftKarpMatcher,-1,na,phase_count,5
U3,800,1.25,19,HopcroftKarpMatcher,-1,na,main_loop_iters,5
U3,800,1.25,19,HopcroftKarpMatcher,-1,na,total_bfs_edges_visited,14187
U3,800,1.25,19,HopcroftKarpMatcher,-1,na,total_edges_visited,26809
U3,800,1.25,19,HopcroftKarpMatcher,-1,na,matching_size,797
U3,800,1.25,19,HopcroftKarpMatcher,-1,na,wall_clock_ms,4.95086
U3,800,1.25,19,HopcroftKarpMatcher,-1,na,matching_size,797
U3,1600,1.5,1,SimpleAugmentingMatcher,-1,na,wall_clock_ms,603.004
U3,1600,1.5,1,SimpleAugmentingMatcher,-1,na,matching_size,1600
U3,1600,1.5,1,HopcroftKarpMatcher,0,na,paths_found_per_phase,1568
U3,1600,1.5,1,HopcroftKarpMatcher,0,na,bfs_edges_visited,64000
U3,1600,1.5,1,HopcroftKarpMatcher,0,na,dfs_edges_visited,32336
U3,1600,1.5,1,HopcroftKarpMatcher,0,na,defect_at_iteration,32
U3,1600,1.5,1,HopcroftKarpMatcher,1,na,paths_found_per_phase,32
U3,1600,1.5,1,HopcroftKarpMatcher,1,na,bfs_edges_visited,36339
U3,1600,1.5,1,HopcroftKarpMatcher,1,na,dfs_edges_visited,6478
U3,1600,1.5,1,HopcroftKarpMatcher,1,na,defect_at_iteration,0
U3,1600,1.5,1,HopcroftKarpMatcher,-1,na,phase_count,2
U3,1600,1.5,1,HopcroftKarpMatcher,-1,na,main_loop_iters,2
U3,1600,1.5,1,HopcroftKarpMatcher,-1,na,total_bfs_edges_visited,100339
U3,1600,1.5,1,HopcroftKarpMatcher,-1,na,total_edges_visited,139153
U3,1600,1.5,1,HopcroftKarpMatcher,-1,na,matching_size,1600
U3,1600,1.5,1,HopcroftKarpMatcher,-1,na,wall_clock_ms,6.83725
U3,1600,1.5,1,HopcroftKarpMatcher,-1,na,matching_size,1600
U3,1600,1.5,5,SimpleAugmentingMatcher,-1,na,wall_clock_ms,601.621
U3,1600,1.5,5,SimpleAugmentingMatcher,-1,na,matching_size,1600
U3,1600,1.5,5,HopcroftKarpMatcher,0,na,paths_found_per_phase,1577
U3,1600,1.5,5,HopcroftKarpMatcher,0,na,bfs_edges_visited,64000
U3,1600,1.5,5,HopcroftKarpMatcher,0,na,dfs_edges_visited,32268
U3,1600,1.5,5,HopcroftKarpMatcher,0,na,defect_at_iteration,23
U3,1600,1.5,5,HopcroftKarpMatcher,1,na,paths_found_per_phase,23
U3,1600,1.5,5,HopcroftKarpMatcher,1,na,bfs_edges_visited,28269
U3,1600,1.5,5,HopcroftKarpMatcher,1,na,dfs_edges_visited,6020
U3,1600,1.5,5,HopcroftKarpMatcher,1,na,defect_at_iteration,0
U3,1600,1.5,5,HopcroftKarpMatcher,-1,na,phase_count,2
U3,1600,1.5,5,HopcroftKarpMatcher,-1,na,main_loop_iters,2
U3,1600,1.5,5,HopcroftKarpMatcher,-1,na,total_bfs_edges_visited,92269
U3,1600,1.5,5,HopcroftKarpMatcher,-1,na,total_edges_visited,130557
U3,1600,1.5,5,HopcroftKarpMatcher,-1,na,matching_size,1600
U3,1600,1.5,5,HopcroftKarpMatcher,-1,na,wall_clock_ms,6.35854
U3,1600,1.5,5,HopcroftKarpMatcher,-1,na,matching_size,1600
U3,400,1.5,10,SimpleAugmentingMatcher,-1,na,wall_clock_ms,9.41004
U3,400,1.5,10,SimpleAugmentingMatcher,-1,na,matching_size,400
U3,400,1.5,10,HopcroftKarpMatcher,0,na,paths_found_per_phase,386
U3,400,1.5,10,HopcroftKarpMatcher,0,na,bfs_edges_visited,8000
U3,400,1.5,10,HopcroftKarpMatcher,0,na,dfs_edges_visited,3994
U3,400,1.5,10,HopcroftKarpMatcher,0,na,defect_at_iteration,14
U3,400,1.5,10,HopcroftKarpMatcher,1,na,paths_found_per_phase,14
U3,400,1.5,10,HopcroftKarpMatcher,1,na,bfs_edges_visited,3976
U3,400,1.5,10,HopcroftKarpMatcher,1,na,dfs_edges_visited,1200
U3,400,1.5,10,HopcroftKarpMatcher,1,na,defect_at_iteration,0
U3,400,1.5,10,HopcroftKarpMatcher,-1,na,phase_count,2
U3,400,1.5,10,HopcroftKarpMatcher,-1,na,main_loop_iters,2
U3,400,1.5,10,HopcroftKarpMatcher,-1,na,total_bfs_edges_visited,11976
U3,400,1.5,10,HopcroftKarpMatcher,-1,na,total_edges_visited,17170
U3,400,1.5,10,HopcroftKarpMatcher,-1,na,matching_size,400
U3,400,1.5,10,HopcroftKarpMatcher,-1,na,wall_clock_ms,0.524863
U3,400,1.5,10,HopcroftKarpMatcher,-1,na,matching_size,400
U3,3200,1.5,13,SimpleAugmentingMatcher,-1,na,wall_clock_ms,4886.24
U3,3200,1.5,13,SimpleAugmentingMatcher,-1,na,matching_size,3200
U3,3200,1.5,13,HopcroftKarpMatcher,0,na,paths_found_per_phase,3161
U3,3200,1.5,13,HopcroftKarpMatcher,0,na,bfs_edges_visited,181019
U3,3200,1.5,13,HopcroftKarpMatcher,0,na,dfs_edges_visited,90644
U3,3200,1.5,13,HopcroftKarpMatcher,0,na,defect_at_iteration,39
U3,3200,1.5,13,HopcroftKarpMatcher,1,na,paths_found_per_phase,39
U3,3200,1.5,13,HopcroftKarpMatcher,1,na,bfs_edges_visited,90445
U3,3200,1.5,13,HopcroftKarpMatcher,1,na,dfs_edges_visited,10937
U3,3200,1.5,13,HopcroftKarpMatcher,1,na,defect_at_iteration,0
U3,3200,1.5,13,HopcroftKarpMatcher,-1,na,phase_count,2
U3,3200,1.5,13,HopcroftKarpMatcher,-1,na,main_loop_iters,2
U3,3200,1.5,13,HopcroftKarpMatcher,-1,na,total_bfs_edges_visited,271464
U3,3200,1.5,13,HopcroftKarpMatcher,-1,na,total_edges_visited,373045
U3,3200,1.5,13,HopcroftKarpMatcher,-1,na,matching_size,3200
U3,3200,1.5,13,HopcroftKarpMatcher,-1,na,wall_clock_ms,24.2303
U3,3200,1.5,13,HopcroftKarpMatcher,-1,na,matching_size,3200
U3,6400,1,4,SimpleAugmentingMatcher,-1,na,wall_clock_ms,38.1671
U3,6400,1,4,SimpleAugmentingMatcher,-1,na,matching_size,3505
U3,6400,1,4,HopcroftKarpMatcher,0,na,paths_found_per_phase,3269
U3,6400,1,4,HopcroftKarpMatcher,0,na,bfs_edges_visited,6400
U3,6400,1,4,HopcroftKarpMatcher,0,na,dfs_edges_visited,4683
U3,6400,1,4,HopcroftKarpMatcher,0,na,defect_at_iteration,3131
U3,6400,1,4,HopcroftKarpMatcher,1,na,paths_found_per_phase,227
U3,6400,1,4,HopcroftKarpMatcher,1,na,bfs_edges_visited,2380
U3,6400,1,4,HopcroftKarpMatcher,1,na,dfs_edges_visited,2442
U3,6400,1,4,HopcroftKarpMatcher,1,na,defect_at_iteration,2904
U3,6400,1,4,HopcroftKarpMatcher,2,na,paths_found_per_phase,6
U3,6400,1,4,HopcroftKarpMatcher,2,na,bfs_edges_visited,1624
U3,6400,1,4,HopcroftKarpMatcher,2,na,dfs_edges_visited,1662
U3,6400,1,4,HopcroftKarpMatcher,2,na,defect_at_iteration,2898
U3,6400,1,4,HopcroftKarpMatcher,3,na,paths_found_per_phase,2
U3,6400,1,4,HopcroftKarpMatcher,3,na,bfs_edges_visited,1651
U3,6400,1,4,HopcroftKarpMatcher,3,na,dfs_edges_visited,1649
U3,6400,1,4,HopcroftKarpMatcher,3,na,defect_at_iteration,2896
U3,6400,1,4,HopcroftKarpMatcher,4,na,paths_found_per_phase,1
U3,6400,1,4,HopcroftKarpMatcher,4,na,bfs_edges_visited,1628
U3,6400,1,4,HopcroftKarpMatcher,4,na,dfs_edges_visited,1626
U3,6400,1,4,HopcroftKarpMatcher,4,na,defect_at_iteration,2895
U3,6400,1,4,HopcroftKarpMatcher,-1,na,phase_count,5
U3,6400,1,4,HopcroftKarpMatcher,-1,na,main_loop_iters,5
U3,6400,1,4,HopcroftKarpMatcher,-1,na,total_bfs_edges_visited,13683
U3,6400,1,4,HopcroftKarpMatcher,-1,na,total_edges_visited,25745
U3,6400,1,4,HopcroftKarpMatcher,-1,na,matching_size,3505
U3,6400,1,4,HopcroftKarpMatcher,-1,na,wall_clock_ms,273.848
U3,6400,1,4,HopcroftKarpMatcher,-1,na,matching_size,3505
U3,100,1.5,12,SimpleAugmentingMatcher,-1,na,wall_clock_ms,0.206427
U3,100,1.5,12,SimpleAugmentingMatcher,-1,na,matching_size,100
U3,100,1.5,12,HopcroftKarpMatcher,0,na,paths_found_per_phase,91
U3,100,1.5,12,HopcroftKarpMatcher,0,na,bfs_edges_visited,1000
U3,100,1.5,12,HopcroftKarpMatcher,0,na,dfs_edges_visited,490
U3,100,1.5,12,HopcroftKarpMatcher,0,na,defect_at_iteration,9
U3,100,1.5,12,HopcroftKarpMatcher,1,na,paths_found_per_phase,8
U3,100,1.5,12,HopcroftKarpMatcher,1,na,bfs_edges_visited,657
U3,100,1.5,12,HopcroftKarpMatcher,1,na,dfs_edges_visited,587
U3,100,1.5,12,HopcroftKarpMatcher,1,na,defect_at_iteration,1
U3,100,1.5,12,HopcroftKarpMatcher,2,na,paths_found_per_phase,1
U3,100,1.5,12,HopcroftKarpMatcher,2,na,bfs_edges_visited,699
U3,100,1.5,12,HopcroftKarpMatcher,2,na,dfs_edges_visited,149
U3,100,1.5,12,HopcroftKarpMatcher,2,na,defect_at_iteration,0
U3,100,1.5,12,HopcroftKarpMatcher,-1,na,phase_count,3
U3,100,1.5,12,HopcroftKarpMatcher,-1,na,main_loop_iters,3
U3,100,1.5,12,HopcroftKarpMatcher,-1,na,total_bfs_edges_visited,2356
U3,100,1.5,12,HopcroftKarpMatcher,-1,na,total_edges_visited,3582
U3,100,1.5,12,HopcroftKarpMatcher,-1,na,matching_size,100
U3,100,1.5,12,HopcroftKarpMatcher,-1,na,wall_clock_ms,0.084869
U3,100,1.5,12,HopcroftKarpMatcher,-1,na,matching_size,100
U3,3200,1,17,SimpleAugmentingMatcher,-1,na,wall_clock_ms,9.54857
U3,3200,1,17,SimpleAugmentingMatcher,-1,na,matching_size,1725
U3,3200,1,17,HopcroftKarpMatcher,0,na,paths_found_per_phase,1633
U3,3200,1,17,HopcroftKarpMatcher,0,na,bfs_edges_visited,3200
U3,3200,1,17,HopcroftKarpMatcher,0,na,dfs_edges_visited,2319
U3,3200,1,17,HopcroftKarpMatcher,0,na,defect_at_iteration,1567
U3,3200,1,17,HopcroftKarpMatcher,1,na,paths_found_per_phase,86
U3,3200,1,17,HopcroftKarpMatcher,1,na,bfs_edges_visited,1082
U3,3200,1,17,HopcroftKarpMatcher,1,na,dfs_edges_visited,1111
U3,3200,1,17,HopcroftKarpMatcher,1,na,defect_at_iteration,1481
U3,3200,1,17,HopcroftKarpMatcher,2,na,paths_found_per_phase,6
U3,3200,1,17,HopcroftKarpMatcher,2,na,bfs_edges_visited,853
U3,3200,1,17,HopcroftKarpMatcher,2,na,dfs_edges_visited,839
U3,3200,1,17,HopcroftKarpMatcher,2,na,defect_at_iteration,1475
U3,3200,1,17,HopcroftKarpMatcher,-1,na,phase_count,3
U3,3200,1,17,HopcroftKarpMatcher,-1,na,main_loop_iters,3
U3,3200,1,17,HopcroftKarpMatcher,-1,na,total_bfs_edges_visited,5135
U3,3200,1,17,HopcroftKarpMatcher,-1,na,total_edges_visited,9404
U3,3200,1,17,HopcroftKarpMatcher,-1,na,matching_size,1725
U3,3200,1,17,HopcroftKarpMatcher,-1,na,wall_clock_ms,46.3714
U3,3200,1,17,HopcroftKarpMatcher,-1,na,matching_size,1725
U3,200,1.5,6,SimpleAugmentingMatcher,-1,na,wall_clock_ms,1.29346
U3,200,1.5,6,SimpleAugmentingMatcher,-1,na,matching_size,200
U3,200,1.5,6,HopcroftKarpMatcher,0,na,paths_found_per_phase,191
U3,200,1.5,6,HopcroftKarpMatcher,0,na,bfs_edges_visited,2828
U3,200,1.5,6,HopcroftKarpMatcher,0,na,dfs_edges_visited,1440
U3,200,1.5,6,HopcroftKarpMatcher,0,na,defect_at_iteration,9
U3,200,1.5,6,HopcroftKarpMatcher,1,na,paths_found_per_phase,9
U3,200,1.5,6,HopcroftKarpMatcher,1,na,bfs_edges_visited,1375
U3,200,1.5,6,HopcroftKarpMatcher,1,na,dfs_edges_visited,817
U3,200,1.5,6,HopcroftKarpMatcher,1,na,defect_at_iteration,0
U3,200,1.5,6,HopcroftKarpMatcher,-1,na,phase_count,2
U3,200,1.5,6,HopcroftKarpMatcher,-1,na,main_loop_iters,2
U3,200,1.5,6,HopcroftKarpMatcher,-1,na,total_bfs_edges_visited,4203
U3,200,1.5,6,HopcroftKarpMatcher,-1,na,total_edges_visited,6460
U3,200,1.5,6,HopcroftKarpMatcher,-1,na,matching_size,200
U3,200,1.5,6,HopcroftKarpMatcher,-1,na,wall_clock_ms,0.175656
U3,200,1.5,6,HopcroftKarpMatcher,-1,na,matching_size,200
U3,1600,1.75,8,SimpleAugmentingMatcher,-1,na,wall_clock_ms,1687.17
U3,1600,1.75,8,SimpleAugmentingMatcher,-1,na,matching_size,1600
U3,1600,1.75,8,HopcroftKarpMatcher,0,na,paths_found_per_phase,1597
U3,1600,1.75,8,HopcroftKarpMatcher,0,na,bfs_edges_visited,404771
U3,1600,1.75,8,HopcroftKarpMatcher,0,na,dfs_edges_visited,202028
U3,1600,1.75,8,HopcroftKarpMatcher,0,na,defect_at_iteration,3
U3,1600,1.75,8,HopcroftKarpMatcher,1,na,paths_found_per_phase,3
U3,1600,1.75,8,HopcroftKarpMatcher,1,na,bfs_edges_visited,170694
U3,1600,1.75,8,HopcroftKarpMatcher,1,na,dfs_edges_visited,4522
U3,1600,1.75,8,HopcroftKarpMatcher,1,na,defect_at_iteration,0
U3,1600,1.75,8,HopcroftKarpMatcher,-1,na,phase_count,2
U3,1600,1.75,8,HopcroftKarpMatcher,-1,na,main_loop_iters,2
U3,1600,1.75,8,HopcroftKarpMatcher,-1,na,total_bfs_edges_visited,575465
U3,1600,1.75,8,HopcroftKarpMatcher,-1,na,total_edges_visited,782015
U3,1600,1.75,8,HopcroftKarpMatcher,-1,na,matching_size,1600
U3,1600,1.75,8,HopcroftKarpMatcher,-1,na,wall_clock_ms,12.6817
U3,1600,1.75,8,HopcroftKarpMatcher,-1,na,matching_size,1600
U3,400,1.25,11,SimpleAugmentingMatcher,-1,na,wall_clock_ms,2.80983
U3,400,1.25,11,SimpleAugmentingMatcher,-1,na,matching_size,391
U3,400,1.25,11,HopcroftKarpMatcher,0,na,paths_found_per_phase,343
U3,400,1.25,11,HopcroftKarpMatcher,0,na,bfs_edges_visited,1788
U3,400,1.25,11,HopcroftKarpMatcher,0,na,dfs_edges_visited,984
U3,400,1.25,11,HopcroftKarpMatcher,0,na,defect_at_iteration,57
U3,400,1.25,11,HopcroftKarpMatcher,1,na,paths_found_per_phase,37
U3,400,1.25,11,HopcroftKarpMatcher,1,na,bfs_edges_visited,772
U3,400,1.25,11,HopcroftKarpMatcher,1,na,dfs_edges_visited,879
U3,400,1.25,11,HopcroftKarpMatcher,1,na,defect_at_iteration,20
U3,400,1.25,11,HopcroftKarpMatcher,2,na,paths_found_per_phase,5
U3,400,1.25,11,HopcroftKarpMatcher,2,na,bfs_edges_visited,413
U3,400,1.25,11,HopcroftKarpMatcher,2,na,dfs_edges_visited,800
U3,400,1.25,11,HopcroftKarpMatcher,2,na,defect_at_iteration,15
U3,400,1.25,11,HopcroftKarpMatcher,3,na,paths_found_per_phase,5
U3,400,1.25,11,HopcroftKarpMatcher,3,na,bfs_edges_visited,1033
U3,400,1.25,11,HopcroftKarpMatcher,3,na,dfs_edges_visited,436
U3,400,1.25,11,HopcroftKarpMatcher,3,na,defect_at_iteration,10
U3,400,1.25,11,HopcroftKarpMatcher,4,na,paths_found_per_phase,1
U3,400,1.25,11,HopcroftKarpMatcher,4,na,bfs_edges_visited,1048
U3,400,1.25,11,HopcroftKarpMatcher,4,na,dfs_edges_visited,73
U3,400,1.25,11,HopcroftKarpMatcher,4,na,defect_at_iteration,9
U3,400,1.25,11,HopcroftKarpMatcher,-1,na,phase_count,5
U3,400,1.25,11,HopcroftKarpMatcher,-1,na,main_loop_iters,5
U3,400,1.25,11,HopcroftKarpMatcher,-1,na,total_bfs_edges_visited,5054
U3,400,1.25,11,HopcroftKarpMatcher,-1,na,total_edges_visited,8226
U3,400,1.25,11,HopcroftKarpMatcher,-1,na,matching_size,391
U3,400,1.25,11,HopcroftKarpMatcher,-1,na,wall_clock_ms,0.866739
U3,400,1.25,11,HopcroftKarpMatcher,-1,na,matching_size,391
U3,100,1.25,18,SimpleAugmentingMatcher,-1,na,wall_clock_ms,0.069795
U3,100,1.25,18,SimpleAugmentingMatcher,-1,na,matching_size,92
U3,100,1.25,18,HopcroftKarpMatcher,0,na,paths_found_per_phase,75
U3,100,1.25,18,HopcroftKarpMatcher,0,na,bfs_edges_visited,316
U3,100,1.25,18,HopcroftKarpMatcher,0,na,dfs_edges_visited,166
U3,100,1.25,18,HopcroftKarpMatcher,0,na,defect_at_iteration,25
U3,100,1.25,18,HopcroftKarpMatcher,1,na,paths_found_per_phase,12
U3,100,1.25,18,HopcroftKarpMatcher,1,na,bfs_edges_visited,147
U3,100,1.25,18,HopcroftKarpMatcher,1,na,dfs_edges_visited,184
U3,100,1.25,18,HopcroftKarpMatcher,1,na,defect_at_iteration,13
U3,100,1.25,18,HopcroftKarpMatcher,2,na,paths_found_per_phase,3
U3,100,1.25,18,HopcroftKarpMatcher,2,na,bfs_edges_visited,151
U3,100,1.25,18,HopcroftKarpMatcher,2,na,dfs_edges_visited,108
U3,100,1.25,18,HopcroftKarpMatcher,2,na,defect_at_iteration,10
U3,100,1.25,18,HopcroftKarpMatcher,3,na,paths_found_per_phase,2
U3,100,1.25,18,HopcroftKarpMatcher,3,na,bfs_edges_visited,122
U3,100,1.25,18,HopcroftKarpMatcher,3,na,dfs_edges_visited,179
U3,100,1.25,18,HopcroftKarpMatcher,3,na,defect_at_iteration,8
U3,100,1.25,18,HopcroftKarpMatcher,-1,na,phase_count,4
U3,100,1.25,18,HopcroftKarpMatcher,-1,na,main_loop_iters,4
U3,100,1.25,18,HopcroftKarpMatcher,-1,na,total_bfs_edges_visited,736
U3,100,1.25,18,HopcroftKarpMatcher,-1,na,total_edges_visited,1373
U3,100,1.25,18,HopcroftKarpMatcher,-1,na,matching_size,92
U3,100,1.25,18,HopcroftKarpMatcher,-1,na,wall_clock_ms,0.07777
U3,100,1.25,18,HopcroftKarpMatcher,-1,na,matching_size,92
U3,400,2,9,SimpleAugmentingMatcher,-1,na,wall_clock_ms,14.4049
U3,400,2,9,SimpleAugmentingMatcher,-1,na,matching_size,400
U3,400,2,9,HopcroftKarpMatcher,0,na,paths_found_per_phase,400
U3,400,2,9,HopcroftKarpMatcher,0,na,bfs_edges_visited,160000
U3,400,2,9,HopcroftKarpMatcher,0,na,dfs_edges_visited,80200
U3,400,2,9,HopcroftKarpMatcher,0,na,defect_at_iteration,0
U3,400,2,9,HopcroftKarpMatcher,-1,na,phase_count,1
U3,400,2,9,HopcroftKarpMatcher,-1,na,main_loop_iters,1
U3,400,2,9,HopcroftKarpMatcher,-1,na,total_bfs_edges_visited,160000
U3,400,2,9,HopcroftKarpMatcher,-1,na,total_edges_visited,240200
U3,400,2,9,HopcroftKarpMatcher,-1,na,matching_size,400
U3,400,2,9,HopcroftKarpMatcher,-1,na,wall_clock_ms,0.32958
U3,400,2,9,HopcroftKarpMatcher,-1,na,matching_size,400
U3,100,1.5,11,SimpleAugmentingMatcher,-1,na,wall_clock_ms,0.228884
U3,100,1.5,11,SimpleAugmentingMatcher,-1,na,matching_size,100
U3,100,1.5,11,HopcroftKarpMatcher,0,na,paths_found_per_phase,93
U3,100,1.5,11,HopcroftKarpMatcher,0,na,bfs_edges_visited,1000
U3,100,1.5,11,HopcroftKarpMatcher,0,na,dfs_edges_visited,495
U3,100,1.5,11,HopcroftKarpMatcher,0,na,defect_at_iteration,7
U3,100,1.5,11,HopcroftKarpMatcher,1,na,paths_found_per_phase,7
U3,100,1.5,11,HopcroftKarpMatcher,1,na,bfs_edges_visited,414
U3,100,1.5,11,HopcroftKarpMatcher,1,na,dfs_edges_visited,215
U3,100,1.5,11,HopcroftKarpMatcher,1,na,defect_at_iteration,0
U3,100,1.5,11,HopcroftKarpMatcher,-1,na,phase_count,2
U3,100,1.5,11,HopcroftKarpMatcher,-1,na,main_loop_iters,2
U3,100,1.5,11,HopcroftKarpMatcher,-1,na,total_bfs_edges_visited,1414
U3,100,1.5,11,HopcroftKarpMatcher,-1,na,total_edges_visited,2124
U3,100,1.5,11,HopcroftKarpMatcher,-1,na,matching_size,100
U3,100,1.5,11,HopcroftKarpMatcher,-1,na,wall_clock_ms,0.052545
U3,100,1.5,11,HopcroftKarpMatcher,-1,na,matching_size,100
U3,200,1.25,1,SimpleAugmentingMatcher,-1,na,wall_clock_ms,0.451209
U3,200,1.25,1,SimpleAugmentingMatcher,-1,na,matching_size,196
U3,200,1.25,1,HopcroftKarpMatcher,0,na,paths_found_per_phase,165
U3,200,1.25,1,HopcroftKarpMatcher,0,na,bfs_edges_visited,752
U3,200,1.25,1,HopcroftKarpMatcher,0,na,dfs_edges_visited,413
U3,200,1.25,1,HopcroftKarpMatcher,0,na,defect_at_iteration,35
U3,200,1.25,1,HopcroftKarpMatcher,1,na,paths_found_per_phase,20
U3,200,1.25,1,HopcroftKarpMatcher,1,na,bfs_edges_visited,381
U3,200,1.25,1,HopcroftKarpMatcher,1,na,dfs_edges_visited,419
U3,200,1.25,1,HopcroftKarpMatcher,1,na,defect_at_iteration,15
U3,200,1.25,1,HopcroftKarpMatcher,2,na,paths_found_per_phase,6
U3,200,1.25,1,HopcroftKarpMatcher,2,na,bfs_edges_visited,316
U3,200,1.25,1,HopcroftKarpMatcher,2,na,dfs_edges_visited,371
U3,200,1.25,1,HopcroftKarpMatcher,2,na,defect_at_iteration,9
U3,200,1.25,1,HopcroftKarpMatcher,3,na,paths_found_per_phase,4
U3,200,1.25,1,HopcroftKarpMatcher,3,na,bfs_edges_visited,459
U3,200,1.25,1,HopcroftKarpMatcher,3,na,dfs_edges_visited,368
U3,200,1.25,1,HopcroftKarpMatcher,3,na,defect_at_iteration,5
U3,200,1.25,1,HopcroftKarpMatcher,4,na,paths_found_per_phase,1
U3,200,1.25,1,HopcroftKarpMatcher,4,na,bfs_edges_visited,541
U3,200,1.25,1,HopcroftKarpMatcher,4,na,dfs_edges_visited,463
U3,200,1.25,1,HopcroftKarpMatcher,4,na,defect_at_iteration,4
U3,200,1.25,1,HopcroftKarpMatcher,-1,na,phase_count,5
U3,200,1.25,1,HopcroftKarpMatcher,-1,na,main_loop_iters,5
U3,200,1.25,1,HopcroftKarpMatcher,-1,na,total_bfs_edges_visited,2449
U3,200,1.25,1,HopcroftKarpMatcher,-1,na,total_edges_visited,4483
U3,200,1.25,1,HopcroftKarpMatcher,-1,na,matching_size,196
U3,200,1.25,1,HopcroftKarpMatcher,-1,na,wall_clock_ms,0.355706
U3,200,1.25,1,HopcroftKarpMatcher,-1,na,matching_size,196
U3,800,1,4,SimpleAugmentingMatcher,-1,na,wall_clock_ms,0.61957
U3,800,1,4,SimpleAugmentingMatcher,-1,na,matching_size,425
U3,800,1,4,HopcroftKarpMatcher,0,na,paths_found_per_phase,398
U3,800,1,4,HopcroftKarpMatcher,0,na,bfs_edges_visited,800
U3,800,1,4,HopcroftKarpMatcher,0,na,dfs_edges_visited,563
U3,800,1,4,HopcroftKarpMatcher,0,na,defect_at_iteration,402
U3,800,1,4,HopcroftKarpMatcher,1,na,paths_found_per_phase,25
U3,800,1,4,HopcroftKarpMatcher,1,na,bfs_edges_visited,268
U3,800,1,4,HopcroftKarpMatcher,1,na,dfs_edges_visited,291
U3,800,1,4,HopcroftKarpMatcher,1,na,defect_at_iteration,377
U3,800,1,4,HopcroftKarpMatcher,2,na,paths_found_per_phase,2
U3,800,1,4,HopcroftKarpMatcher,2,na,bfs_edges_visited,197
U3,800,1,4,HopcroftKarpMatcher,2,na,dfs_edges_visited,198
U3,800,1,4,HopcroftKarpMatcher,2,na,defect_at_iteration,375
U3,800,1,4,HopcroftKarpMatcher,-1,na,phase_count,3
U3,800,1,4,HopcroftKarpMatcher,-1,na,main_loop_iters,3
U3,800,1,4,HopcroftKarpMatcher,-1,na,total_bfs_edges_visited,1265
U3,800,1,4,HopcroftKarpMatcher,-1,na,total_edges_visited,2317
U3,800,1,4,HopcroftKarpMatcher,-1,na,matching_size,425
U3,800,1,4,HopcroftKarpMatcher,-1,na,wall_clock_ms,2.98106
U3,800,1,4,HopcroftKarpMatcher,-1,na,matching_size,425
U3,800,1.25,4,SimpleAugmentingMatcher,-1,na,wall_clock_ms,17.7031
U3,800,1.25,4,SimpleAugmentingMatcher,-1,na,matching_size,798
U3,800,1.25,4,HopcroftKarpMatcher,0,na,paths_found_per_phase,700
U3,800,1.25,4,HopcroftKarpMatcher,0,na,bfs_edges_visited,4254
U3,800,1.25,4,HopcroftKarpMatcher,0,na,dfs_edges_visited,2282
U3,800,1.25,4,HopcroftKarpMatcher,0,na,defect_at_iteration,100
U3,800,1.25,4,HopcroftKarpMatcher,1,na,paths_found_per_phase,78
U3,800,1.25,4,HopcroftKarpMatcher,1,na,bfs_edges_visited,2003
U3,800,1.25,4,HopcroftKarpMatcher,1,na,dfs_edges_visited,2046
U3,800,1.25,4,HopcroftKarpMatcher,1,na,defect_at_iteration,22
U3,800,1.25,4,HopcroftKarpMatcher,2,na,paths_found_per_phase,13
U3,800,1.25,4,HopcroftKarpMatcher,2,na,bfs_edges_visited,986
U3,800,1.25,4,HopcroftKarpMatcher,2,na,dfs_edges_visited,1659
U3,800,1.25,4,HopcroftKarpMatcher,2,na,defect_at_iteration,9
U3,800,1.25,4,HopcroftKarpMatcher,3,na,paths_found_per_phase,5
U3,800,1.25,4,HopcroftKarpMatcher,3,na,bfs_edges_visited,2455
U3,800,1.25,4,HopcroftKarpMatcher,3,na,dfs_edges_visited,1357
U3,800,1.25,4,HopcroftKarpMatcher,3,na,defect_at_iteration,4
U3,800,1.25,4,HopcroftKarpMatcher,4,na,paths_found_per_phase,2
U3,800,1.25,4,HopcroftKarpMatcher,4,na,bfs_edges_visited,3466
U3,800,1.25,4,HopcroftKarpMatcher,4,na,dfs_edges_visited,1354
U3,800,1.25,4,HopcroftKarpMatcher,4,na,defect_at_iteration,2
U3,800,1.25,4,HopcroftKarpMatcher,-1,na,phase_count,5
U3,800,1.25,4,HopcroftKarpMatcher,-1,na,main_loop_iters,5
U3,800,1.25,4,HopcroftKarpMatcher,-1,na,total_bfs_edges_visited,13164
U3,800,1.25,4,HopcroftKarpMatcher,-1,na,total_edges_visited,21862
U3,800,1.25,4,HopcroftKarpMatcher,-1,na,matching_size,798
U3,800,1.25,4,HopcroftKarpMatcher,-1,na,wall_clock_ms,3.51677
U3,800,1.25,4,HopcroftKarpMatcher,-1,na,matching_size,798
U3,200,1.5,8,SimpleAugmentingMatcher,-1,na,wall_clock_ms,1.27953
U3,200,1.5,8,SimpleAugmentingMatcher,-1,na,matching_size,200
U3,200,1.5,8,HopcroftKarpMatcher,0,na,paths_found_per_phase,191
U3,200,1.5,8,HopcroftKarpMatcher,0,na,bfs_edges_visited,2828
U3,200,1.5,8,HopcroftKarpMatcher,0,na,dfs_edges_visited,1429
U3,200,1.5,8,HopcroftKarpMatcher,0,na,defect_at_iteration,9
U3,200,1.5,8,HopcroftKarpMatcher,1,na,paths_found_per_phase,9
U3,200,1.5,8,HopcroftKarpMatcher,1,na,bfs_edges_visited,1254
U3,200,1.5,8,HopcroftKarpMatcher,1,na,dfs_edges_visited,1063
U3,200,1.5,8,HopcroftKarpMatcher,1,na,defect_at_iteration,0
U3,200,1.5,8,HopcroftKarpMatcher,-1,na,phase_count,2
U3,200,1.5,8,HopcroftKarpMatcher,-1,na,main_loop_iters,2
U3,200,1.5,8,HopcroftKarpMatcher,-1,na,total_bfs_edges_visited,4082
U3,200,1.5,8,HopcroftKarpMatcher,-1,na,total_edges_visited,6574
U3,200,1.5,8,HopcroftKarpMatcher,-1,na,matching_size,200
U3,200,1.5,8,HopcroftKarpMatcher,-1,na,wall_clock_ms,0.174767
U3,200,1.5,8,HopcroftKarpMatcher,-1,na,matching_size,200
U3,200,2,3,SimpleAugmentingMatcher,-1,na,wall_clock_ms,1.88157
U3,200,2,3,SimpleAugmentingMatcher,-1,na,matching_size,200
U3,200,2,3,HopcroftKarpMatcher,0,na,paths_found_per_phase,200
U3,200,2,3,HopcroftKarpMatcher,0,na,bfs_edges_visited,40000
U3,200,2,3,HopcroftKarpMatcher,0,na,dfs_edges_visited,20100
U3,200,2,3,HopcroftKarpMatcher,0,na,defect_at_iteration,0
U3,200,2,3,HopcroftKarpMatcher,-1,na,phase_count,1
U3,200,2,3,HopcroftKarpMatcher,-1,na,main_loop_iters,1
U3,200,2,3,HopcroftKarpMatcher,-1,na,total_bfs_edges_visited,40000
U3,200,2,3,HopcroftKarpMatcher,-1,na,total_edges_visited,60100
U3,200,2,3,HopcroftKarpMatcher,-1,na,matching_size,200
U3,200,2,3,HopcroftKarpMatcher,-1,na,wall_clock_ms,0.088912
U3,200,2,3,HopcroftKarpMatcher,-1,na,matching_size,200
U3,3200,1,1,SimpleAugmentingMatcher,-1,na,wall_clock_ms,9.35657
U3,3200,1,1,SimpleAugmentingMatcher,-1,na,matching_size,1739
U3,3200,1,1,HopcroftKarpMatcher,0,na,paths_found_per_phase,1647
U3,3200,1,1,HopcroftKarpMatcher,0,na,bfs_edges_visited,3200
U3,3200,1,1,HopcroftKarpMatcher,0,na,dfs_edges_visited,2311
U3,3200,1,1,HopcroftKarpMatcher,0,na,defect_at_iteration,1553
U3,3200,1,1,HopcroftKarpMatcher,1,na,paths_found_per_phase,87
U3,3200,1,1,HopcroftKarpMatcher,1,na,bfs_edges_visited,1034
U3,3200,1,1,HopcroftKarpMatcher,1,na,dfs_edges_visited,1072
U3,3200,1,1,HopcroftKarpMatcher,1,na,defect_at_iteration,1466
U3,3200,1,1,HopcroftKarpMatcher,2,na,paths_found_per_phase,5
U3,3200,1,1,HopcroftKarpMatcher,2,na,bfs_edges_visited,770
U3,3200,1,1,HopcroftKarpMatcher,2,na,dfs_edges_visited,772
U3,3200,1,1,HopcroftKarpMatcher,2,na,defect_at_iteration,1461
U3,3200,1,1,HopcroftKarpMatcher,-1,na,phase_count,3
U3,3200,1,1,HopcroftKarpMatcher,-1,na,main_loop_iters,3
U3,3200,1,1,HopcroftKarpMatcher,-1,na,total_bfs_edges_visited,5004
U3,3200,1,1,HopcroftKarpMatcher,-1,na,total_edges_visited,9159
U3,3200,1,1,HopcroftKarpMatcher,-1,na,matching_size,1739
U3,3200,1,1,HopcroftKarpMatcher,-1,na,wall_clock_ms,45.6921
U3,3200,1,1,HopcroftKarpMatcher,-1,na,matching_size,1739
U3,800,1,9,SimpleAugmentingMatcher,-1,na,wall_clock_ms,0.576473
U3,800,1,9,SimpleAugmentingMatcher,-1,na,matching_size,444
U3,800,1,9,HopcroftKarpMatcher,0,na,paths_found_per_phase,404
U3,800,1,9,HopcroftKarpMatcher,0,na,bfs_edges_visited,800
U3,800,1,9,HopcroftKarpMatcher,0,na,dfs_edges_visited,569
U3,800,1,9,HopcroftKarpMatcher,0,na,defect_at_iteration,396
U3,800,1,9,HopcroftKarpMatcher,1,na,paths_found_per_phase,38
U3,800,1,9,HopcroftKarpMatcher,1,na,bfs_edges_visited,299
U3,800,1,9,HopcroftKarpMatcher,1,na,dfs_edges_visited,292
U3,800,1,9,HopcroftKarpMatcher,1,na,defect_at_iteration,358
U3,800,1,9,HopcroftKarpMatcher,2,na,paths_found_per_phase,2
U3,800,1,9,HopcroftKarpMatcher,2,na,bfs_edges_visited,157
U3,800,1,9,HopcroftKarpMatcher,2,na,dfs_edges_visited,155
U3,800,1,9,HopcroftKarpMatcher,2,na,defect_at_iteration,356
U3,800,1,9,HopcroftKarpMatcher,-1,na,phase_count,3
U3,800,1,9,HopcroftKarpMatcher,-1,na,main_loop_iters,3
U3,800,1,9,HopcroftKarpMatcher,-1,na,total_bfs_edges_visited,1256
U3,800,1,9,HopcroftKarpMatcher,-1,na,total_edges_visited,2272
U3,800,1,9,HopcroftKarpMatcher,-1,na,matching_size,444
U3,800,1,9,HopcroftKarpMatcher,-1,na,wall_clock_ms,2.85496
U3,800,1,9,HopcroftKarpMatcher,-1,na,matching_size,444
U3,800,1.5,7,SimpleAugmentingMatcher,-1,na,wall_clock_ms,74.1045
U3,800,1.5,7,SimpleAugmentingMatcher,-1,na,matching_size,800
U3,800,1.5,7,HopcroftKarpMatcher,0,na,paths_found_per_phase,780
U3,800,1.5,7,HopcroftKarpMatcher,0,na,bfs_edges_visited,22627
U3,800,1.5,7,HopcroftKarpMatcher,0,na,dfs_edges_visited,11335
U3,800,1.5,7,HopcroftKarpMatcher,0,na,defect_at_iteration,20
U3,800,1.5,7,HopcroftKarpMatcher,1,na,paths_found_per_phase,20
U3,800,1.5,7,HopcroftKarpMatcher,1,na,bfs_edges_visited,12293
U3,800,1.5,7,HopcroftKarpMatcher,1,na,dfs_edges_visited,3048
U3,800,1.5,7,HopcroftKarpMatcher,1,na,defect_at_iteration,0
U3,800,1.5,7,HopcroftKarpMatcher,-1,na,phase_count,2
U3,800,1.5,7,HopcroftKarpMatcher,-1,na,main_loop_iters,2
U3,800,1.5,7,HopcroftKarpMatcher,-1,na,total_bfs_edges_visited,34920
U3,800,1.5,7,HopcroftKarpMatcher,-1,na,total_edges_visited,49303
U3,800,1.5,7,HopcroftKarpMatcher,-1,na,matching_size,800
U3,800,1.5,7,HopcroftKarpMatcher,-1,na,wall_clock_ms,1.86563
U3,800,1.5,7,HopcroftKarpMatcher,-1,na,matching_size,800
U3,800,1.5,6,SimpleAugmentingMatcher,-1,na,wall_clock_ms,75.6845
U3,800,1.5,6,SimpleAugmentingMatcher,-1,na,matching_size,800
U3,800,1.5,6,HopcroftKarpMatcher,0,na,paths_found_per_phase,783
U3,800,1.5,6,HopcroftKarpMatcher,0,na,bfs_edges_visited,22627
U3,800,1.5,6,HopcroftKarpMatcher,0,na,dfs_edges_visited,11384
U3,800,1.5,6,HopcroftKarpMatcher,0,na,defect_at_iteration,17
U3,800,1.5,6,HopcroftKarpMatcher,1,na,paths_found_per_phase,17
U3,800,1.5,6,HopcroftKarpMatcher,1,na,bfs_edges_visited,9740
U3,800,1.5,6,HopcroftKarpMatcher,1,na,dfs_edges_visited,3388
U3,800,1.5,6,HopcroftKarpMatcher,1,na,defect_at_iteration,0
U3,800,1.5,6,HopcroftKarpMatcher,-1,na,phase_count,2
U3,800,1.5,6,HopcroftKarpMatcher,-1,na,main_loop_iters,2
U3,800,1.5,6,HopcroftKarpMatcher,-1,na,total_bfs_edges_visited,32367
U3,800,1.5,6,HopcroftKarpMatcher,-1,na,total_edges_visited,47139
U3,800,1.5,6,HopcroftKarpMatcher,-1,na,matching_size,800
U3,800,1.5,6,HopcroftKarpMatcher,-1,na,wall_clock_ms,1.78369
U3,800,1.5,6,HopcroftKarpMatcher,-1,na,matching_size,800
U3,400,2,14,SimpleAugmentingMatcher,-1,na,wall_clock_ms,14.4011
U3,400,2,14,SimpleAugmentingMatcher,-1,na,matching_size,400
U3,400,2,14,HopcroftKarpMatcher,0,na,paths_found_per_phase,400
U3,400,2,14,HopcroftKarpMatcher,0,na,bfs_edges_visited,160000
U3,400,2,14,HopcroftKarpMatcher,0,na,dfs_edges_visited,80200
U3,400,2,14,HopcroftKarpMatcher,0,na,defect_at_iteration,0
U3,400,2,14,HopcroftKarpMatcher,-1,na,phase_count,1
U3,400,2,14,HopcroftKarpMatcher,-1,na,main_loop_iters,1
U3,400,2,14,HopcroftKarpMatcher,-1,na,total_bfs_edges_visited,160000
U3,400,2,14,HopcroftKarpMatcher,-1,na,total_edges_visited,240200
U3,400,2,14,HopcroftKarpMatcher,-1,na,matching_size,400
U3,400,2,14,HopcroftKarpMatcher,-1,na,wall_clock_ms,0.329869
U3,400,2,14,HopcroftKarpMatcher,-1,na,matching_size,400
U3,200,1.75,18,SimpleAugmentingMatcher,-1,na,wall_clock_ms,3.35316
U3,200,1.75,18,SimpleAugmentingMatcher,-1,na,matching_size,200
U3,200,1.75,18,HopcroftKarpMatcher,0,na,paths_found_per_phase,199
U3,200,1.75,18,HopcroftKarpMatcher,0,na,bfs_edges_visited,10636
U3,200,1.75,18,HopcroftKarpMatcher,0,na,dfs_edges_visited,5365
U3,200,1.75,18,HopcroftKarpMatcher,0,na,defect_at_iteration,1
U3,200,1.75,18,HopcroftKarpMatcher,1,na,paths_found_per_phase,1
U3,200,1.75,18,HopcroftKarpMatcher,1,na,bfs_edges_visited,2300
U3,200,1.75,18,HopcroftKarpMatcher,1,na,dfs_edges_visited,117
U3,200,1.75,18,HopcroftKarpMatcher,1,na,defect_at_iteration,0
U3,200,1.75,18,HopcroftKarpMatcher,-1,na,phase_count,2
U3,200,1.75,18,HopcroftKarpMatcher,-1,na,main_loop_iters,2
U3,200,1.75,18,HopcroftKarpMatcher,-1,na,total_bfs_edges_visited,12936
U3,200,1.75,18,HopcroftKarpMatcher,-1,na,total_edges_visited,18418
U3,200,1.75,18,HopcroftKarpMatcher,-1,na,matching_size,200
U3,200,1.75,18,HopcroftKarpMatcher,-1,na,wall_clock_ms,0.276262
U3,200,1.75,18,HopcroftKarpMatcher,-1,na,matching_size,200
U3,1600,1.25,5,SimpleAugmentingMatcher,-1,na,wall_clock_ms,124.829
U3,1600,1.25,5,SimpleAugmentingMatcher,-1,na,matching_size,1597
U3,1600,1.25,5,HopcroftKarpMatcher,0,na,paths_found_per_phase,1436
U3,1600,1.25,5,HopcroftKarpMatcher,0,na,bfs_edges_visited,10119
U3,1600,1.25,5,HopcroftKarpMatcher,0,na,dfs_edges_visited,5270
U3,1600,1.25,5,HopcroftKarpMatcher,0,na,defect_at_iteration,164
U3,1600,1.25,5,HopcroftKarpMatcher,1,na,paths_found_per_phase,141
U3,1600,1.25,5,HopcroftKarpMatcher,1,na,bfs_edges_visited,4730
U3,1600,1.25,5,HopcroftKarpMatcher,1,na,dfs_edges_visited,5091
U3,1600,1.25,5,HopcroftKarpMatcher,1,na,defect_at_iteration,23
U3,1600,1.25,5,HopcroftKarpMatcher,2,na,paths_found_per_phase,12
U3,1600,1.25,5,HopcroftKarpMatcher,2,na,bfs_edges_visited,2736
U3,1600,1.25,5,HopcroftKarpMatcher,2,na,dfs_edges_visited,5334
U3,1600,1.25,5,HopcroftKarpMatcher,2,na,defect_at_iteration,11
U3,1600,1.25,5,HopcroftKarpMatcher,3,na,paths_found_per_phase,6
U3,1600,1.25,5,HopcroftKarpMatcher,3,na,bfs_edges_visited,8562
U3,1600,1.25,5,HopcroftKarpMatcher,3,na,dfs_edges_visited,4481
U3,1600,1.25,5,HopcroftKarpMatcher,3,na,defect_at_iteration,5
U3,1600,1.25,5,HopcroftKarpMatcher,4,na,paths_found_per_phase,2
U3,1600,1.25,5,HopcroftKarpMatcher,4,na,bfs_edges_visited,5649
U3,1600,1.25,5,HopcroftKarpMatcher,4,na,dfs_edges_visited,7598
U3,1600,1.25,5,HopcroftKarpMatcher,4,na,defect_at_iteration,3
U3,1600,1.25,5,HopcroftKarpMatcher,-1,na,phase_count,5
U3,1600,1.25,5,HopcroftKarpMatcher,-1,na,main_loop_iters,5
U3,1600,1.25,5,HopcroftKarpMatcher,-1,na,total_bfs_edges_visited,31796
U3,1600,1.25,5,HopcroftKarpMatcher,-1,na,total_edges_visited,59570
U3,1600,1.25,5,HopcroftKarpMatcher,-1,na,matching_size,1597
U3,1600,1.25,5,HopcroftKarpMatcher,-1,na,wall_clock_ms,17.9499
U3,1600,1.25,5,HopcroftKarpMatcher,-1,na,matching_size,1597
U3,3200,1.75,11,SimpleAugmentingMatcher,-1,na,wall_clock_ms,12363.7
U3,3200,1.75,11,SimpleAugmentingMatcher,-1,na,matching_size,3200
U3,3200,1.75,11,HopcroftKarpMatcher,0,na,paths_found_per_phase,3195
U3,3200,1.75,11,HopcroftKarpMatcher,0,na,bfs_edges_visited,1.36148e+06
U3,3200,1.75,11,HopcroftKarpMatcher,0,na,dfs_edges_visited,680786
U3,3200,1.75,11,HopcroftKarpMatcher,0,na,defect_at_iteration,5
U3,3200,1.75,11,HopcroftKarpMatcher,1,na,paths_found_per_phase,5
U3,3200,1.75,11,HopcroftKarpMatcher,1,na,bfs_edges_visited,708916
U3,3200,1.75,11,HopcroftKarpMatcher,1,na,dfs_edges_visited,6037
U3,3200,1.75,11,HopcroftKarpMatcher,1,na,defect_at_iteration,0
U3,3200,1.75,11,HopcroftKarpMatcher,-1,na,phase_count,2
U3,3200,1.75,11,HopcroftKarpMatcher,-1,na,main_loop_iters,2
U3,3200,1.75,11,HopcroftKarpMatcher,-1,na,total_bfs_edges_visited,2.0704e+06
U3,3200,1.75,11,HopcroftKarpMatcher,-1,na,total_edges_visited,2.75722e+06
U3,3200,1.75,11,HopcroftKarpMatcher,-1,na,matching_size,3200
U3,3200,1.75,11,HopcroftKarpMatcher,-1,na,wall_clock_ms,48.6317
U3,3200,1.75,11,HopcroftKarpMatcher,-1,na,matching_size,3200
U3,6400,1.5,6,SimpleAugmentingMatcher,-1,na,wall_clock_ms,39628.3
U3,6400,1.5,6,SimpleAugmentingMatcher,-1,na,matching_size,6400
U3,6400,1.5,6,HopcroftKarpMatcher,0,na,paths_found_per_phase,6348
U3,6400,1.5,6,HopcroftKarpMatcher,0,na,bfs_edges_visited,512000
U3,6400,1.5,6,HopcroftKarpMatcher,0,na,dfs_edges_visited,255479
U3,6400,1.5,6,HopcroftKarpMatcher,0,na,defect_at_iteration,52
U3,6400,1.5,6,HopcroftKarpMatcher,1,na,paths_found_per_phase,52
U3,6400,1.5,6,HopcroftKarpMatcher,1,na,bfs_edges_visited,239364
U3,6400,1.5,6,HopcroftKarpMatcher,1,na,dfs_edges_visited,31683
U3,6400,1.5,6,HopcroftKarpMatcher,1,na,defect_at_iteration,0
U3,6400,1.5,6,HopcroftKarpMatcher,-1,na,phase_count,2
U3,6400,1.5,6,HopcroftKarpMatcher,-1,na,main_loop_iters,2
U3,6400,1.5,6,HopcroftKarpMatcher,-1,na,total_bfs_edges_visited,751364
U3,6400,1.5,6,HopcroftKarpMatcher,-1,na,total_edges_visited,1.03853e+06
U3,6400,1.5,6,HopcroftKarpMatcher,-1,na,matching_size,6400
U3,6400,1.5,6,HopcroftKarpMatcher,-1,na,wall_clock_ms,90.7235
U3,6400,1.5,6,HopcroftKarpMatcher,-1,na,matching_size,6400
U3,3200,1.25,4,SimpleAugmentingMatcher,-1,na,wall_clock_ms,988.502
U3,3200,1.25,4,SimpleAugmentingMatcher,-1,na,matching_size,3197
U3,3200,1.25,4,HopcroftKarpMatcher,0,na,paths_found_per_phase,2898
U3,3200,1.25,4,HopcroftKarpMatcher,0,na,bfs_edges_visited,24067
U3,3200,1.25,4,HopcroftKarpMatcher,0,na,dfs_edges_visited,12360
U3,3200,1.25,4,HopcroftKarpMatcher,0,na,defect_at_iteration,302
U3,3200,1.25,4,HopcroftKarpMatcher,1,na,paths_found_per_phase,275
U3,3200,1.25,4,HopcroftKarpMatcher,1,na,bfs_edges_visited,11672
U3,3200,1.25,4,HopcroftKarpMatcher,1,na,dfs_edges_visited,11127
U3,3200,1.25,4,HopcroftKarpMatcher,1,na,defect_at_iteration,27
U3,3200,1.25,4,HopcroftKarpMatcher,2,na,paths_found_per_phase,19
U3,3200,1.25,4,HopcroftKarpMatcher,2,na,bfs_edges_visited,4947
U3,3200,1.25,4,HopcroftKarpMatcher,2,na,dfs_edges_visited,11658
U3,3200,1.25,4,HopcroftKarpMatcher,2,na,defect_at_iteration,8
U3,3200,1.25,4,HopcroftKarpMatcher,3,na,paths_found_per_phase,5
U3,3200,1.25,4,HopcroftKarpMatcher,3,na,bfs_edges_visited,19475
U3,3200,1.25,4,HopcroftKarpMatcher,3,na,dfs_edges_visited,17042
U3,3200,1.25,4,HopcroftKarpMatcher,3,na,defect_at_iteration,3
U3,3200,1.25,4,HopcroftKarpMatcher,-1,na,phase_count,4
U3,3200,1.25,4,HopcroftKarpMatcher,-1,na,main_loop_iters,4
U3,3200,1.25,4,HopcroftKarpMatcher,-1,na,total_bfs_edges_visited,60161
U3,3200,1.25,4,HopcroftKarpMatcher,-1,na,total_edges_visited,112348
U3,3200,1.25,4,HopcroftKarpMatcher,-1,na,matching_size,3197
U3,3200,1.25,4,HopcroftKarpMatcher,-1,na,wall_clock_ms,57.756
U3,3200,1.25,4,HopcroftKarpMatcher,-1,na,matching_size,3197
U3,100,1.75,1,SimpleAugmentingMatcher,-1,na,wall_clock_ms,0.459301
U3,100,1.75,1,SimpleAugmentingMatcher,-1,na,matching_size,100
U3,100,1.75,1,HopcroftKarpMatcher,0,na,paths_found_per_phase,99
U3,100,1.75,1,HopcroftKarpMatcher,0,na,bfs_edges_visited,3162
U3,100,1.75,1,HopcroftKarpMatcher,0,na,dfs_edges_visited,1627
U3,100,1.75,1,HopcroftKarpMatcher,0,na,defect_at_iteration,1
U3,100,1.75,1,HopcroftKarpMatcher,1,na,paths_found_per_phase,1
U3,100,1.75,1,HopcroftKarpMatcher,1,na,bfs_edges_visited,970
U3,100,1.75,1,HopcroftKarpMatcher,1,na,dfs_edges_visited,159
U3,100,1.75,1,HopcroftKarpMatcher,1,na,defect_at_iteration,0
U3,100,1.75,1,HopcroftKarpMatcher,-1,na,phase_count,2
U3,100,1.75,1,HopcroftKarpMatcher,-1,na,main_loop_iters,2
U3,100,1.75,1,HopcroftKarpMatcher,-1,na,total_bfs_edges_visited,4132
U3,100,1.75,1,HopcroftKarpMatcher,-1,na,total_edges_visited,5918
U3,100,1.75,1,HopcroftKarpMatcher,-1,na,matching_size,100
U3,100,1.75,1,HopcroftKarpMatcher,-1,na,wall_clock_ms,0.095319
U3,100,1.75,1,HopcroftKarpMatcher,-1,na,matching_size,100
U3,800,1.25,12,SimpleAugmentingMatcher,-1,na,wall_clock_ms,16.714
U3,800,1.25,12,SimpleAugmentingMatcher,-1,na,matching_size,795
U3,800,1.25,12,HopcroftKarpMatcher,0,na,paths_found_per_phase,700
U3,800,1.25,12,HopcroftKarpMatcher,0,na,bfs_edges_visited,4254
U3,800,1.25,12,HopcroftKarpMatcher,0,na,dfs_edges_visited,2263
U3,800,1.25,12,HopcroftKarpMatcher,0,na,defect_at_iteration,100
U3,800,1.25,12,HopcroftKarpMatcher,1,na,paths_found_per_phase,79
U3,800,1.25,12,HopcroftKarpMatcher,1,na,bfs_edges_visited,2063
U3,800,1.25,12,HopcroftKarpMatcher,1,na,dfs_edges_visited,2070
U3,800,1.25,12,HopcroftKarpMatcher,1,na,defect_at_iteration,21
U3,800,1.25,12,HopcroftKarpMatcher,2,na,paths_found_per_phase,11
U3,800,1.25,12,HopcroftKarpMatcher,2,na,bfs_edges_visited,1311
U3,800,1.25,12,HopcroftKarpMatcher,2,na,dfs_edges_visited,1536
U3,800,1.25,12,HopcroftKarpMatcher,2,na,defect_at_iteration,10
U3,800,1.25,12,HopcroftKarpMatcher,3,na,paths_found_per_phase,4
U3,800,1.25,12,HopcroftKarpMatcher,3,na,bfs_edges_visited,2856
U3,800,1.25,12,HopcroftKarpMatcher,3,na,dfs_edges_visited,1605
U3,800,1.25,12,HopcroftKarpMatcher,3,na,defect_at_iteration,6
U3,800,1.25,12,HopcroftKarpMatcher,4,na,paths_found_per_phase,1
U3,800,1.25,12,HopcroftKarpMatcher,4,na,bfs_edges_visited,217
U3,800,1.25,12,HopcroftKarpMatcher,4,na,dfs_edges_visited,754
U3,800,1.25,12,HopcroftKarpMatcher,4,na,defect_at_iteration,5
U3,800,1.25,12,HopcroftKarpMatcher,-1,na,phase_count,5
U3,800,1.25,12,HopcroftKarpMatcher,-1,na,main_loop_iters,5
U3,800,1.25,12,HopcroftKarpMatcher,-1,na,total_bfs_edges_visited,10701
U3,800,1.25,12,HopcroftKarpMatcher,-1,na,total_edges_visited,18929
U3,800,1.25,12,HopcroftKarpMatcher,-1,na,matching_size,795
U3,800,1.25,12,HopcroftKarpMatcher,-1,na,wall_clock_ms,3.03001
U3,800,1.25,12,HopcroftKarpMatcher,-1,na,matching_size,795
U3,200,1.75,4,SimpleAugmentingMatcher,-1,na,wall_clock_ms,3.40565
U3,200,1.75,4,SimpleAugmentingMatcher,-1,na,matching_size,200
U3,200,1.75,4,HopcroftKarpMatcher,0,na,paths_found_per_phase,197
U3,200,1.75,4,HopcroftKarpMatcher,0,na,bfs_edges_visited,10636
U3,200,1.75,4,HopcroftKarpMatcher,0,na,dfs_edges_visited,5355
U3,200,1.75,4,HopcroftKarpMatcher,0,na,defect_at_iteration,3
U3,200,1.75,4,HopcroftKarpMatcher,1,na,paths_found_per_phase,3
U3,200,1.75,4,HopcroftKarpMatcher,1,na,bfs_edges_visited,6940
U3,200,1.75,4,HopcroftKarpMatcher,1,na,dfs_edges_visited,266
U3,200,1.75,4,HopcroftKarpMatcher,1,na,defect_at_iteration,0
U3,200,1.75,4,HopcroftKarpMatcher,-1,na,phase_count,2
U3,200,1.75,4,HopcroftKarpMatcher,-1,na,main_loop_iters,2
U3,200,1.75,4,HopcroftKarpMatcher,-1,na,total_bfs_edges_visited,17576
U3,200,1.75,4,HopcroftKarpMatcher,-1,na,total_edges_visited,23197
U3,200,1.75,4,HopcroftKarpMatcher,-1,na,matching_size,200
U3,200,1.75,4,HopcroftKarpMatcher,-1,na,wall_clock_ms,0.356528
U3,200,1.75,4,HopcroftKarpMatcher,-1,na,matching_size,200
U3,3200,1.5,9,SimpleAugmentingMatcher,-1,na,wall_clock_ms,4868.78
U3,3200,1.5,9,SimpleAugmentingMatcher,-1,na,matching_size,3200
U3,3200,1.5,9,HopcroftKarpMatcher,0,na,paths_found_per_phase,3164
U3,3200,1.5,9,HopcroftKarpMatcher,0,na,bfs_edges_visited,181019
U3,3200,1.5,9,HopcroftKarpMatcher,0,na,dfs_edges_visited,90899
U3,3200,1.5,9,HopcroftKarpMatcher,0,na,defect_at_iteration,36
U3,3200,1.5,9,HopcroftKarpMatcher,1,na,paths_found_per_phase,36
U3,3200,1.5,9,HopcroftKarpMatcher,1,na,bfs_edges_visited,84923
U3,3200,1.5,9,HopcroftKarpMatcher,1,na,dfs_edges_visited,14436
U3,3200,1.5,9,HopcroftKarpMatcher,1,na,defect_at_iteration,0
U3,3200,1.5,9,HopcroftKarpMatcher,-1,na,phase_count,2
U3,3200,1.5,9,HopcroftKarpMatcher,-1,na,main_loop_iters,2
U3,3200,1.5,9,HopcroftKarpMatcher,-1,na,total_bfs_edges_visited,265942
U3,3200,1.5,9,HopcroftKarpMatcher,-1,na,total_edges_visited,371277
U3,3200,1.5,9,HopcroftKarpMatcher,-1,na,matching_size,3200
U3,3200,1.5,9,HopcroftKarpMatcher,-1,na,wall_clock_ms,23.9663
U3,3200,1.5,9,HopcroftKarpMatcher,-1,na,matching_size,3200
U3,6400,2,6,SimpleAugmentingMatcher,-1,na,wall_clock_ms,56296.9
U3,6400,2,6,SimpleAugmentingMatcher,-1,na,matching_size,6400
U3,6400,2,6,HopcroftKarpMatcher,0,na,paths_found_per_phase,6400
U3,6400,2,6,HopcroftKarpMatcher,0,na,bfs_edges_visited,4.096e+07
U3,6400,2,6,HopcroftKarpMatcher,0,na,dfs_edges_visited,2.04832e+07
U3,6400,2,6,HopcroftKarpMatcher,0,na,defect_at_iteration,0
U3,6400,2,6,HopcroftKarpMatcher,-1,na,phase_count,1
U3,6400,2,6,HopcroftKarpMatcher,-1,na,main_loop_iters,1
U3,6400,2,6,HopcroftKarpMatcher,-1,na,total_bfs_edges_visited,4.096e+07
U3,6400,2,6,HopcroftKarpMatcher,-1,na,total_edges_visited,6.14432e+07
U3,6400,2,6,HopcroftKarpMatcher,-1,na,matching_size,6400
U3,6400,2,6,HopcroftKarpMatcher,-1,na,wall_clock_ms,81.3108
U3,6400,2,6,HopcroftKarpMatcher,-1,na,matching_size,6400
U3,200,2,13,SimpleAugmentingMatcher,-1,na,wall_clock_ms,1.88756
U3,200,2,13,SimpleAugmentingMatcher,-1,na,matching_size,200
U3,200,2,13,HopcroftKarpMatcher,0,na,paths_found_per_phase,200
U3,200,2,13,HopcroftKarpMatcher,0,na,bfs_edges_visited,40000
U3,200,2,13,HopcroftKarpMatcher,0,na,dfs_edges_visited,20100
U3,200,2,13,HopcroftKarpMatcher,0,na,defect_at_iteration,0
U3,200,2,13,HopcroftKarpMatcher,-1,na,phase_count,1
U3,200,2,13,HopcroftKarpMatcher,-1,na,main_loop_iters,1
U3,200,2,13,HopcroftKarpMatcher,-1,na,total_bfs_edges_visited,40000
U3,200,2,13,HopcroftKarpMatcher,-1,na,total_edges_visited,60100
U3,200,2,13,HopcroftKarpMatcher,-1,na,matching_size,200
U3,200,2,13,HopcroftKarpMatcher,-1,na,wall_clock_ms,0.088936
U3,200,2,13,HopcroftKarpMatcher,-1,na,matching_size,200
U3,200,1,16,SimpleAugmentingMatcher,-1,na,wall_clock_ms,0.04204
U3,200,1,16,SimpleAugmentingMatcher,-1,na,matching_size,107
U3,200,1,16,HopcroftKarpMatcher,0,na,paths_found_per_phase,100
U3,200,1,16,HopcroftKarpMatcher,0,na,bfs_edges_visited,200
U3,200,1,16,HopcroftKarpMatcher,0,na,dfs_edges_visited,142
U3,200,1,16,HopcroftKarpMatcher,0,na,defect_at_iteration,100
U3,200,1,16,HopcroftKarpMatcher,1,na,paths_found_per_phase,7
U3,200,1,16,HopcroftKarpMatcher,1,na,bfs_edges_visited,72
U3,200,1,16,HopcroftKarpMatcher,1,na,dfs_edges_visited,73
U3,200,1,16,HopcroftKarpMatcher,1,na,defect_at_iteration,93
U3,200,1,16,HopcroftKarpMatcher,-1,na,phase_count,2
U3,200,1,16,HopcroftKarpMatcher,-1,na,main_loop_iters,2
U3,200,1,16,HopcroftKarpMatcher,-1,na,total_bfs_edges_visited,272
U3,200,1,16,HopcroftKarpMatcher,-1,na,total_edges_visited,487
U3,200,1,16,HopcroftKarpMatcher,-1,na,matching_size,107
U3,200,1,16,HopcroftKarpMatcher,-1,na,wall_clock_ms,0.156066
U3,200,1,16,HopcroftKarpMatcher,-1,na,matching_size,107
U3,200,1.75,15,SimpleAugmentingMatcher,-1,na,wall_clock_ms,3.43378
U3,200,1.75,15,SimpleAugmentingMatcher,-1,na,matching_size,200
U3,200,1.75,15,HopcroftKarpMatcher,0,na,paths_found_per_phase,198
U3,200,1.75,15,HopcroftKarpMatcher,0,na,bfs_edges_visited,10636
U3,200,1.75,15,HopcroftKarpMatcher,0,na,dfs_edges_visited,5381
U3,200,1.75,15,HopcroftKarpMatcher,0,na,defect_at_iteration,2
U3,200,1.75,15,HopcroftKarpMatcher,1,na,paths_found_per_phase,2
U3,200,1.75,15,HopcroftKarpMatcher,1,na,bfs_edges_visited,4851
U3,200,1.75,15,HopcroftKarpMatcher,1,na,dfs_edges_visited,180
U3,200,1.75,15,HopcroftKarpMatcher,1,na,defect_at_iteration,0
U3,200,1.75,15,HopcroftKarpMatcher,-1,na,phase_count,2
U3,200,1.75,15,HopcroftKarpMatcher,-1,na,main_loop_iters,2
U3,200,1.75,15,HopcroftKarpMatcher,-1,na,total_bfs_edges_visited,15487
U3,200,1.75,15,HopcroftKarpMatcher,-1,na,total_edges_visited,21048
U3,200,1.75,15,HopcroftKarpMatcher,-1,na,matching_size,200
U3,200,1.75,15,HopcroftKarpMatcher,-1,na,wall_clock_ms,0.313061
U3,200,1.75,15,HopcroftKarpMatcher,-1,na,matching_size,200
U3,3200,1.5,19,SimpleAugmentingMatcher,-1,na,wall_clock_ms,4882.53
U3,3200,1.5,19,SimpleAugmentingMatcher,-1,na,matching_size,3200
U3,3200,1.5,19,HopcroftKarpMatcher,0,na,paths_found_per_phase,3170
U3,3200,1.5,19,HopcroftKarpMatcher,0,na,bfs_edges_visited,181019
U3,3200,1.5,19,HopcroftKarpMatcher,0,na,dfs_edges_visited,90222
U3,3200,1.5,19,HopcroftKarpMatcher,0,na,defect_at_iteration,30
U3,3200,1.5,19,HopcroftKarpMatcher,1,na,paths_found_per_phase,30
U3,3200,1.5,19,HopcroftKarpMatcher,1,na,bfs_edges_visited,77141
U3,3200,1.5,19,HopcroftKarpMatcher,1,na,dfs_edges_visited,13870
U3,3200,1.5,19,HopcroftKarpMatcher,1,na,defect_at_iteration,0
U3,3200,1.5,19,HopcroftKarpMatcher,-1,na,phase_count,2
U3,3200,1.5,19,HopcroftKarpMatcher,-1,na,main_loop_iters,2
U3,3200,1.5,19,HopcroftKarpMatcher,-1,na,total_bfs_edges_visited,258160
U3,3200,1.5,19,HopcroftKarpMatcher,-1,na,total_edges_visited,362252
U3,3200,1.5,19,HopcroftKarpMatcher,-1,na,matching_size,3200
U3,3200,1.5,19,HopcroftKarpMatcher,-1,na,wall_clock_ms,23.6297
U3,3200,1.5,19,HopcroftKarpMatcher,-1,na,matching_size,3200
U3,3200,1.75,15,SimpleAugmentingMatcher,-1,na,wall_clock_ms,12228.7
U3,3200,1.75,15,SimpleAugmentingMatcher,-1,na,matching_size,3200
U3,3200,1.75,15,HopcroftKarpMatcher,0,na,paths_found_per_phase,3196
U3,3200,1.75,15,HopcroftKarpMatcher,0,na,bfs_edges_visited,1.36148e+06
U3,3200,1.75,15,HopcroftKarpMatcher,0,na,dfs_edges_visited,680962
U3,3200,1.75,15,HopcroftKarpMatcher,0,na,defect_at_iteration,4
U3,3200,1.75,15,HopcroftKarpMatcher,1,na,paths_found_per_phase,4
U3,3200,1.75,15,HopcroftKarpMatcher,1,na,bfs_edges_visited,568644
U3,3200,1.75,15,HopcroftKarpMatcher,1,na,dfs_edges_visited,13290
U3,3200,1.75,15,HopcroftKarpMatcher,1,na,defect_at_iteration,0
U3,3200,1.75,15,HopcroftKarpMatcher,-1,na,phase_count,2
U3,3200,1.75,15,HopcroftKarpMatcher,-1,na,main_loop_iters,2
U3,3200,1.75,15,HopcroftKarpMatcher,-1,na,total_bfs_edges_visited,1.93013e+06
U3,3200,1.75,15,HopcroftKarpMatcher,-1,na,total_edges_visited,2.62438e+06
U3,3200,1.75,15,HopcroftKarpMatcher,-1,na,matching_size,3200
U3,3200,1.75,15,HopcroftKarpMatcher,-1,na,wall_clock_ms,45.5984
U3,3200,1.75,15,HopcroftKarpMatcher,-1,na,matching_size,3200
U3,3200,2,7,SimpleAugmentingMatcher,-1,na,wall_clock_ms,7052.08
U3,3200,2,7,SimpleAugmentingMatcher,-1,na,matching_size,3200
U3,3200,2,7,HopcroftKarpMatcher,0,na,paths_found_per_phase,3200
U3,3200,2,7,HopcroftKarpMatcher,0,na,bfs_edges_visited,1.024e+07
U3,3200,2,7,HopcroftKarpMatcher,0,na,dfs_edges_visited,5.1216e+06
U3,3200,2,7,HopcroftKarpMatcher,0,na,defect_at_iteration,0
U3,3200,2,7,HopcroftKarpMatcher,-1,na,phase_count,1
U3,3200,2,7,HopcroftKarpMatcher,-1,na,main_loop_iters,1
U3,3200,2,7,HopcroftKarpMatcher,-1,na,total_bfs_edges_visited,1.024e+07
U3,3200,2,7,HopcroftKarpMatcher,-1,na,total_edges_visited,1.53616e+07
U3,3200,2,7,HopcroftKarpMatcher,-1,na,matching_size,3200
U3,3200,2,7,HopcroftKarpMatcher,-1,na,wall_clock_ms,20.3902
U3,3200,2,7,HopcroftKarpMatcher,-1,na,matching_size,3200
U3,100,2,5,SimpleAugmentingMatcher,-1,na,wall_clock_ms,0.258432
U3,100,2,5,SimpleAugmentingMatcher,-1,na,matching_size,100
U3,100,2,5,HopcroftKarpMatcher,0,na,paths_found_per_phase,100
U3,100,2,5,HopcroftKarpMatcher,0,na,bfs_edges_visited,10000
U3,100,2,5,HopcroftKarpMatcher,0,na,dfs_edges_visited,5050
U3,100,2,5,HopcroftKarpMatcher,0,na,defect_at_iteration,0
U3,100,2,5,HopcroftKarpMatcher,-1,na,phase_count,1
U3,100,2,5,HopcroftKarpMatcher,-1,na,main_loop_iters,1
U3,100,2,5,HopcroftKarpMatcher,-1,na,total_bfs_edges_visited,10000
U3,100,2,5,HopcroftKarpMatcher,-1,na,total_edges_visited,15050
U3,100,2,5,HopcroftKarpMatcher,-1,na,matching_size,100
U3,100,2,5,HopcroftKarpMatcher,-1,na,wall_clock_ms,0.026408
U3,100,2,5,HopcroftKarpMatcher,-1,na,matching_size,100
U3,200,1.25,12,SimpleAugmentingMatcher,-1,na,wall_clock_ms,0.608607
U3,200,1.25,12,SimpleAugmentingMatcher,-1,na,matching_size,195
U3,200,1.25,12,HopcroftKarpMatcher,0,na,paths_found_per_phase,163
U3,200,1.25,12,HopcroftKarpMatcher,0,na,bfs_edges_visited,752
U3,200,1.25,12,HopcroftKarpMatcher,0,na,dfs_edges_visited,411
U3,200,1.25,12,HopcroftKarpMatcher,0,na,defect_at_iteration,37
U3,200,1.25,12,HopcroftKarpMatcher,1,na,paths_found_per_phase,25
U3,200,1.25,12,HopcroftKarpMatcher,1,na,bfs_edges_visited,354
U3,200,1.25,12,HopcroftKarpMatcher,1,na,dfs_edges_visited,380
U3,200,1.25,12,HopcroftKarpMatcher,1,na,defect_at_iteration,12
U3,200,1.25,12,HopcroftKarpMatcher,2,na,paths_found_per_phase,4
U3,200,1.25,12,HopcroftKarpMatcher,2,na,bfs_edges_visited,349
U3,200,1.25,12,HopcroftKarpMatcher,2,na,dfs_edges_visited,293
U3,200,1.25,12,HopcroftKarpMatcher,2,na,defect_at_iteration,8
U3,200,1.25,12,HopcroftKarpMatcher,3,na,paths_found_per_phase,3
U3,200,1.25,12,HopcroftKarpMatcher,3,na,bfs_edges_visited,436
U3,200,1.25,12,HopcroftKarpMatcher,3,na,dfs_edges_visited,299
U3,200,1.25,12,HopcroftKarpMatcher,3,na,defect_at_iteration,5
U3,200,1.25,12,HopcroftKarpMatcher,-1,na,phase_count,4
U3,200,1.25,12,HopcroftKarpMatcher,-1,na,main_loop_iters,4
U3,200,1.25,12,HopcroftKarpMatcher,-1,na,total_bfs_edges_visited,1891
U3,200,1.25,12,HopcroftKarpMatcher,-1,na,total_edges_visited,3274
U3,200,1.25,12,HopcroftKarpMatcher,-1,na,matching_size,195
U3,200,1.25,12,HopcroftKarpMatcher,-1,na,wall_clock_ms,0.27852
U3,200,1.25,12,HopcroftKarpMatcher,-1,na,matching_size,195
U3,100,1.25,7,SimpleAugmentingMatcher,-1,na,wall_clock_ms,0.116698
U3,100,1.25,7,SimpleAugmentingMatcher,-1,na,matching_size,94
U3,100,1.25,7,HopcroftKarpMatcher,0,na,paths_found_per_phase,82
U3,100,1.25,7,HopcroftKarpMatcher,0,na,bfs_edges_visited,316
U3,100,1.25,7,HopcroftKarpMatcher,0,na,dfs_edges_visited,177
U3,100,1.25,7,HopcroftKarpMatcher,0,na,defect_at_iteration,18
U3,100,1.25,7,HopcroftKarpMatcher,1,na,paths_found_per_phase,7
U3,100,1.25,7,HopcroftKarpMatcher,1,na,bfs_edges_visited,137
U3,100,1.25,7,HopcroftKarpMatcher,1,na,dfs_edges_visited,158
U3,100,1.25,7,HopcroftKarpMatcher,1,na,defect_at_iteration,11
U3,100,1.25,7,HopcroftKarpMatcher,2,na,paths_found_per_phase,3
U3,100,1.25,7,HopcroftKarpMatcher,2,na,bfs_edges_visited,124
U3,100,1.25,7,HopcroftKarpMatcher,2,na,dfs_edges_visited,127
U3,100,1.25,7,HopcroftKarpMatcher,2,na,defect_at_iteration,8
U3,100,1.25,7,HopcroftKarpMatcher,3,na,paths_found_per_phase,1
U3,100,1.25,7,HopcroftKarpMatcher,3,na,bfs_edges_visited,146
U3,100,1.25,7,HopcroftKarpMatcher,3,na,dfs_edges_visited,164
U3,100,1.25,7,HopcroftKarpMatcher,3,na,defect_at_iteration,7
U3,100,1.25,7,HopcroftKarpMatcher,4,na,paths_found_per_phase,1
U3,100,1.25,7,HopcroftKarpMatcher,4,na,bfs_edges_visited,236
U3,100,1.25,7,HopcroftKarpMatcher,4,na,dfs_edges_visited,162
U3,100,1.25,7,HopcroftKarpMatcher,4,na,defect_at_iteration,6
U3,100,1.25,7,HopcroftKarpMatcher,-1,na,phase_count,5
U3,100,1.25,7,HopcroftKarpMatcher,-1,na,main_loop_iters,5
U3,100,1.25,7,HopcroftKarpMatcher,-1,na,total_bfs_edges_visited,959
U3,100,1.25,7,HopcroftKarpMatcher,-1,na,total_edges_visited,1747
U3,100,1.25,7,HopcroftKarpMatcher,-1,na,matching_size,94
U3,100,1.25,7,HopcroftKarpMatcher,-1,na,wall_clock_ms,0.117329
U3,100,1.25,7,HopcroftKarpMatcher,-1,na,matching_size,94
U3,400,1.75,3,SimpleAugmentingMatcher,-1,na,wall_clock_ms,29.4602
U3,400,1.75,3,SimpleAugmentingMatcher,-1,na,matching_size,400
U3,400,1.75,3,HopcroftKarpMatcher,0,na,paths_found_per_phase,400
U3,400,1.75,3,HopcroftKarpMatcher,0,na,bfs_edges_visited,35777
U3,400,1.75,3,HopcroftKarpMatcher,0,na,dfs_edges_visited,17894
U3,400,1.75,3,HopcroftKarpMatcher,0,na,defect_at_iteration,0
U3,400,1.75,3,HopcroftKarpMatcher,-1,na,phase_count,1
U3,400,1.75,3,HopcroftKarpMatcher,-1,na,main_loop_iters,1
U3,400,1.75,3,HopcroftKarpMatcher,-1,na,total_bfs_edges_visited,35777
U3,400,1.75,3,HopcroftKarpMatcher,-1,na,total_edges_visited,53671
U3,400,1.75,3,HopcroftKarpMatcher,-1,na,matching_size,400
U3,400,1.75,3,HopcroftKarpMatcher,-1,na,wall_clock_ms,0.802347
U3,400,1.75,3,HopcroftKarpMatcher,-1,na,matching_size,400
U3,100,1.75,12,SimpleAugmentingMatcher,-1,na,wall_clock_ms,0.474284
U3,100,1.75,12,SimpleAugmentingMatcher,-1,na,matching_size,100
U3,100,1.75,12,HopcroftKarpMatcher,0,na,paths_found_per_phase,99
U3,100,1.75,12,HopcroftKarpMatcher,0,na,bfs_edges_visited,3162
U3,100,1.75,12,HopcroftKarpMatcher,0,na,dfs_edges_visited,1602
U3,100,1.75,12,HopcroftKarpMatcher,0,na,defect_at_iteration,1
U3,100,1.75,12,HopcroftKarpMatcher,1,na,paths_found_per_phase,1
U3,100,1.75,12,HopcroftKarpMatcher,1,na,bfs_edges_visited,971
U3,100,1.75,12,HopcroftKarpMatcher,1,na,dfs_edges_visited,33
U3,100,1.75,12,HopcroftKarpMatcher,1,na,defect_at_iteration,0
U3,100,1.75,12,HopcroftKarpMatcher,-1,na,phase_count,2
U3,100,1.75,12,HopcroftKarpMatcher,-1,na,main_loop_iters,2
U3,100,1.75,12,HopcroftKarpMatcher,-1,na,total_bfs_edges_visited,4133
U3,100,1.75,12,HopcroftKarpMatcher,-1,na,total_edges_visited,5768
U3,100,1.75,12,HopcroftKarpMatcher,-1,na,matching_size,100
U3,100,1.75,12,HopcroftKarpMatcher,-1,na,wall_clock_ms,0.08737
U3,100,1.75,12,HopcroftKarpMatcher,-1,na,matching_size,100
U3,400,1.75,7,SimpleAugmentingMatcher,-1,na,wall_clock_ms,29.3442
U3,400,1.75,7,SimpleAugmentingMatcher,-1,na,matching_size,400
U3,400,1.75,7,HopcroftKarpMatcher,0,na,paths_found_per_phase,397
U3,400,1.75,7,HopcroftKarpMatcher,0,na,bfs_edges_visited,35777
U3,400,1.75,7,HopcroftKarpMatcher,0,na,dfs_edges_visited,17819
U3,400,1.75,7,HopcroftKarpMatcher,0,na,defect_at_iteration,3
U3,400,1.75,7,HopcroftKarpMatcher,1,na,paths_found_per_phase,3
U3,400,1.75,7,HopcroftKarpMatcher,1,na,bfs_edges_visited,18641
U3,400,1.75,7,HopcroftKarpMatcher,1,na,dfs_edges_visited,632
U3,400,1.75,7,HopcroftKarpMatcher,1,na,defect_at_iteration,0
U3,400,1.75,7,HopcroftKarpMatcher,-1,na,phase_count,2
U3,400,1.75,7,HopcroftKarpMatcher,-1,na,main_loop_iters,2
U3,400,1.75,7,HopcroftKarpMatcher,-1,na,total_bfs_edges_visited,54418
U3,400,1.75,7,HopcroftKarpMatcher,-1,na,total_edges_visited,72869
U3,400,1.75,7,HopcroftKarpMatcher,-1,na,matching_size,400
U3,400,1.75,7,HopcroftKarpMatcher,-1,na,wall_clock_ms,1.08727
U3,400,1.75,7,HopcroftKarpMatcher,-1,na,matching_size,400
U3,100,1,13,SimpleAugmentingMatcher,-1,na,wall_clock_ms,0.012742
U3,100,1,13,SimpleAugmentingMatcher,-1,na,matching_size,56
U3,100,1,13,HopcroftKarpMatcher,0,na,paths_found_per_phase,51
U3,100,1,13,HopcroftKarpMatcher,0,na,bfs_edges_visited,100
U3,100,1,13,HopcroftKarpMatcher,0,na,dfs_edges_visited,75
U3,100,1,13,HopcroftKarpMatcher,0,na,defect_at_iteration,49
U3,100,1,13,HopcroftKarpMatcher,1,na,paths_found_per_phase,4
U3,100,1,13,HopcroftKarpMatcher,1,na,bfs_edges_visited,37
U3,100,1,13,HopcroftKarpMatcher,1,na,dfs_edges_visited,39
U3,100,1,13,HopcroftKarpMatcher,1,na,defect_at_iteration,45
U3,100,1,13,HopcroftKarpMatcher,2,na,paths_found_per_phase,1
U3,100,1,13,HopcroftKarpMatcher,2,na,bfs_edges_visited,28
U3,100,1,13,HopcroftKarpMatcher,2,na,dfs_edges_visited,26
U3,100,1,13,HopcroftKarpMatcher,2,na,defect_at_iteration,44
U3,100,1,13,HopcroftKarpMatcher,-1,na,phase_count,3
U3,100,1,13,HopcroftKarpMatcher,-1,na,main_loop_iters,3
U3,100,1,13,HopcroftKarpMatcher,-1,na,total_bfs_edges_visited,165
U3,100,1,13,HopcroftKarpMatcher,-1,na,total_edges_visited,305
U3,100,1,13,HopcroftKarpMatcher,-1,na,matching_size,56
U3,100,1,13,HopcroftKarpMatcher,-1,na,wall_clock_ms,0.062466
U3,100,1,13,HopcroftKarpMatcher,-1,na,matching_size,56
U3,100,1.75,16,SimpleAugmentingMatcher,-1,na,wall_clock_ms,0.461775
U3,100,1.75,16,SimpleAugmentingMatcher,-1,na,matching_size,100
U3,100,1.75,16,HopcroftKarpMatcher,0,na,paths_found_per_phase,97
U3,100,1.75,16,HopcroftKarpMatcher,0,na,bfs_edges_visited,3162
U3,100,1.75,16,HopcroftKarpMatcher,0,na,dfs_edges_visited,1601
U3,100,1.75,16,HopcroftKarpMatcher,0,na,defect_at_iteration,3
U3,100,1.75,16,HopcroftKarpMatcher,1,na,paths_found_per_phase,3
U3,100,1.75,16,HopcroftKarpMatcher,1,na,bfs_edges_visited,1989
U3,100,1.75,16,HopcroftKarpMatcher,1,na,dfs_edges_visited,340
U3,100,1.75,16,HopcroftKarpMatcher,1,na,defect_at_iteration,0
U3,100,1.75,16,HopcroftKarpMatcher,-1,na,phase_count,2
U3,100,1.75,16,HopcroftKarpMatcher,-1,na,main_loop_iters,2
U3,100,1.75,16,HopcroftKarpMatcher,-1,na,total_bfs_edges_visited,5151
U3,100,1.75,16,HopcroftKarpMatcher,-1,na,total_edges_visited,7092
U3,100,1.75,16,HopcroftKarpMatcher,-1,na,matching_size,100
U3,100,1.75,16,HopcroftKarpMatcher,-1,na,wall_clock_ms,0.108839
U3,100,1.75,16,HopcroftKarpMatcher,-1,na,matching_size,100
U3,1600,1.25,4,SimpleAugmentingMatcher,-1,na,wall_clock_ms,117.514
U3,1600,1.25,4,SimpleAugmentingMatcher,-1,na,matching_size,1593
U3,1600,1.25,4,HopcroftKarpMatcher,0,na,paths_found_per_phase,1420
U3,1600,1.25,4,HopcroftKarpMatcher,0,na,bfs_edges_visited,10119
U3,1600,1.25,4,HopcroftKarpMatcher,0,na,dfs_edges_visited,5243
U3,1600,1.25,4,HopcroftKarpMatcher,0,na,defect_at_iteration,180
U3,1600,1.25,4,HopcroftKarpMatcher,1,na,paths_found_per_phase,150
U3,1600,1.25,4,HopcroftKarpMatcher,1,na,bfs_edges_visited,5077
U3,1600,1.25,4,HopcroftKarpMatcher,1,na,dfs_edges_visited,4790
U3,1600,1.25,4,HopcroftKarpMatcher,1,na,defect_at_iteration,30
U3,1600,1.25,4,HopcroftKarpMatcher,2,na,paths_found_per_phase,19
U3,1600,1.25,4,HopcroftKarpMatcher,2,na,bfs_edges_visited,3072
U3,1600,1.25,4,HopcroftKarpMatcher,2,na,dfs_edges_visited,3106
U3,1600,1.25,4,HopcroftKarpMatcher,2,na,defect_at_iteration,11
U3,1600,1.25,4,HopcroftKarpMatcher,3,na,paths_found_per_phase,4
U3,1600,1.25,4,HopcroftKarpMatcher,3,na,bfs_edges_visited,5382
U3,1600,1.25,4,HopcroftKarpMatcher,3,na,dfs_edges_visited,1717
U3,1600,1.25,4,HopcroftKarpMatcher,3,na,defect_at_iteration,7
U3,1600,1.25,4,HopcroftKarpMatcher,-1,na,phase_count,4
U3,1600,1.25,4,HopcroftKarpMatcher,-1,na,main_loop_iters,4
U3,1600,1.25,4,HopcroftKarpMatcher,-1,na,total_bfs_edges_visited,23650
U3,1600,1.25,4,HopcroftKarpMatcher,-1,na,total_edges_visited,38506
U3,1600,1.25,4,HopcroftKarpMatcher,-1,na,matching_size,1593
U3,1600,1.25,4,HopcroftKarpMatcher,-1,na,wall_clock_ms,10.0729
U3,1600,1.25,4,HopcroftKarpMatcher,-1,na,matching_size,1593
U3,200,1.75,1,SimpleAugmentingMatcher,-1,na,wall_clock_ms,3.35644
U3,200,1.75,1,SimpleAugmentingMatcher,-1,na,matching_size,200
U3,200,1.75,1,HopcroftKarpMatcher,0,na,paths_found_per_phase,199
U3,200,1.75,1,HopcroftKarpMatcher,0,na,bfs_edges_visited,10636
U3,200,1.75,1,HopcroftKarpMatcher,0,na,dfs_edges_visited,5336
U3,200,1.75,1,HopcroftKarpMatcher,0,na,defect_at_iteration,1
U3,200,1.75,1,HopcroftKarpMatcher,1,na,paths_found_per_phase,1
U3,200,1.75,1,HopcroftKarpMatcher,1,na,bfs_edges_visited,2880
U3,200,1.75,1,HopcroftKarpMatcher,1,na,dfs_edges_visited,163
U3,200,1.75,1,HopcroftKarpMatcher,1,na,defect_at_iteration,0
U3,200,1.75,1,HopcroftKarpMatcher,-1,na,phase_count,2
U3,200,1.75,1,HopcroftKarpMatcher,-1,na,main_loop_iters,2
U3,200,1.75,1,HopcroftKarpMatcher,-1,na,total_bfs_edges_visited,13516
U3,200,1.75,1,HopcroftKarpMatcher,-1,na,total_edges_visited,19015
U3,200,1.75,1,HopcroftKarpMatcher,-1,na,matching_size,200
U3,200,1.75,1,HopcroftKarpMatcher,-1,na,wall_clock_ms,0.28416
U3,200,1.75,1,HopcroftKarpMatcher,-1,na,matching_size,200
U3,3200,1,9,SimpleAugmentingMatcher,-1,na,wall_clock_ms,9.74769
U3,3200,1,9,SimpleAugmentingMatcher,-1,na,matching_size,1740
U3,3200,1,9,HopcroftKarpMatcher,0,na,paths_found_per_phase,1638
U3,3200,1,9,HopcroftKarpMatcher,0,na,bfs_edges_visited,3200
U3,3200,1,9,HopcroftKarpMatcher,0,na,dfs_edges_visited,2356
U3,3200,1,9,HopcroftKarpMatcher,0,na,defect_at_iteration,1562
U3,3200,1,9,HopcroftKarpMatcher,1,na,paths_found_per_phase,97
U3,3200,1,9,HopcroftKarpMatcher,1,na,bfs_edges_visited,1163
U3,3200,1,9,HopcroftKarpMatcher,1,na,dfs_edges_visited,1199
U3,3200,1,9,HopcroftKarpMatcher,1,na,defect_at_iteration,1465
U3,3200,1,9,HopcroftKarpMatcher,2,na,paths_found_per_phase,4
U3,3200,1,9,HopcroftKarpMatcher,2,na,bfs_edges_visited,855
U3,3200,1,9,HopcroftKarpMatcher,2,na,dfs_edges_visited,883
U3,3200,1,9,HopcroftKarpMatcher,2,na,defect_at_iteration,1461
U3,3200,1,9,HopcroftKarpMatcher,3,na,paths_found_per_phase,1
U3,3200,1,9,HopcroftKarpMatcher,3,na,bfs_edges_visited,886
U3,3200,1,9,HopcroftKarpMatcher,3,na,dfs_edges_visited,883
U3,3200,1,9,HopcroftKarpMatcher,3,na,defect_at_iteration,1460
U3,3200,1,9,HopcroftKarpMatcher,-1,na,phase_count,4
U3,3200,1,9,HopcroftKarpMatcher,-1,na,main_loop_iters,4
U3,3200,1,9,HopcroftKarpMatcher,-1,na,total_bfs_edges_visited,6104
U3,3200,1,9,HopcroftKarpMatcher,-1,na,total_edges_visited,11425
U3,3200,1,9,HopcroftKarpMatcher,-1,na,matching_size,1740
U3,3200,1,9,HopcroftKarpMatcher,-1,na,wall_clock_ms,57.8612
U3,3200,1,9,HopcroftKarpMatcher,-1,na,matching_size,1740
U3,200,1.75,3,SimpleAugmentingMatcher,-1,na,wall_clock_ms,3.37877
U3,200,1.75,3,SimpleAugmentingMatcher,-1,na,matching_size,200
U3,200,1.75,3,HopcroftKarpMatcher,0,na,paths_found_per_phase,198
U3,200,1.75,3,HopcroftKarpMatcher,0,na,bfs_edges_visited,10636
U3,200,1.75,3,HopcroftKarpMatcher,0,na,dfs_edges_visited,5387
U3,200,1.75,3,HopcroftKarpMatcher,0,na,defect_at_iteration,2
U3,200,1.75,3,HopcroftKarpMatcher,1,na,paths_found_per_phase,2
U3,200,1.75,3,HopcroftKarpMatcher,1,na,bfs_edges_visited,4465
U3,200,1.75,3,HopcroftKarpMatcher,1,na,dfs_edges_visited,291
U3,200,1.75,3,HopcroftKarpMatcher,1,na,defect_at_iteration,0
U3,200,1.75,3,HopcroftKarpMatcher,-1,na,phase_count,2
U3,200,1.75,3,HopcroftKarpMatcher,-1,na,main_loop_iters,2
U3,200,1.75,3,HopcroftKarpMatcher,-1,na,total_bfs_edges_visited,15101
U3,200,1.75,3,HopcroftKarpMatcher,-1,na,total_edges_visited,20779
U3,200,1.75,3,HopcroftKarpMatcher,-1,na,matching_size,200
U3,200,1.75,3,HopcroftKarpMatcher,-1,na,wall_clock_ms,0.308957
U3,200,1.75,3,HopcroftKarpMatcher,-1,na,matching_size,200
U3,3200,1.25,11,SimpleAugmentingMatcher,-1,na,wall_clock_ms,969.034
U3,3200,1.25,11,SimpleAugmentingMatcher,-1,na,matching_size,3196
U3,3200,1.25,11,HopcroftKarpMatcher,0,na,paths_found_per_phase,2899
U3,3200,1.25,11,HopcroftKarpMatcher,0,na,bfs_edges_visited,24067
U3,3200,1.25,11,HopcroftKarpMatcher,0,na,dfs_edges_visited,12326
U3,3200,1.25,11,HopcroftKarpMatcher,0,na,defect_at_iteration,301
U3,3200,1.25,11,HopcroftKarpMatcher,1,na,paths_found_per_phase,268
U3,3200,1.25,11,HopcroftKarpMatcher,1,na,bfs_edges_visited,11732
U3,3200,1.25,11,HopcroftKarpMatcher,1,na,dfs_edges_visited,11831
U3,3200,1.25,11,HopcroftKarpMatcher,1,na,defect_at_iteration,33
U3,3200,1.25,11,HopcroftKarpMatcher,2,na,paths_found_per_phase,22
U3,3200,1.25,11,HopcroftKarpMatcher,2,na,bfs_edges_visited,7163
U3,3200,1.25,11,HopcroftKarpMatcher,2,na,dfs_edges_visited,13417
U3,3200,1.25,11,HopcroftKarpMatcher,2,na,defect_at_iteration,11
U3,3200,1.25,11,HopcroftKarpMatcher,3,na,paths_found_per_phase,6
U3,3200,1.25,11,HopcroftKarpMatcher,3,na,bfs_edges_visited,9982
U3,3200,1.25,11,HopcroftKarpMatcher,3,na,dfs_edges_visited,17830
U3,3200,1.25,11,HopcroftKarpMatcher,3,na,defect_at_iteration,5
U3,3200,1.25,11,HopcroftKarpMatcher,4,na,paths_found_per_phase,1
U3,3200,1.25,11,HopcroftKarpMatcher,4,na,bfs_edges_visited,23532
U3,3200,1.25,11,HopcroftKarpMatcher,4,na,dfs_edges_visited,23512
U3,3200,1.25,11,HopcroftKarpMatcher,4,na,defect_at_iteration,4
U3,3200,1.25,11,HopcroftKarpMatcher,-1,na,phase_count,5
U3,3200,1.25,11,HopcroftKarpMatcher,-1,na,main_loop_iters,5
U3,3200,1.25,11,HopcroftKarpMatcher,-1,na,total_bfs_edges_visited,76476
U3,3200,1.25,11,HopcroftKarpMatcher,-1,na,total_edges_visited,155392
U3,3200,1.25,11,HopcroftKarpMatcher,-1,na,matching_size,3196
U3,3200,1.25,11,HopcroftKarpMatcher,-1,na,wall_clock_ms,75.9414
U3,3200,1.25,11,HopcroftKarpMatcher,-1,na,matching_size,3196
U3,1600,1.5,11,SimpleAugmentingMatcher,-1,na,wall_clock_ms,603.435
U3,1600,1.5,11,SimpleAugmentingMatcher,-1,na,matching_size,1600
U3,1600,1.5,11,HopcroftKarpMatcher,0,na,paths_found_per_phase,1572
U3,1600,1.5,11,HopcroftKarpMatcher,0,na,bfs_edges_visited,64000
U3,1600,1.5,11,HopcroftKarpMatcher,0,na,dfs_edges_visited,32073
U3,1600,1.5,11,HopcroftKarpMatcher,0,na,defect_at_iteration,28
U3,1600,1.5,11,HopcroftKarpMatcher,1,na,paths_found_per_phase,28
U3,1600,1.5,11,HopcroftKarpMatcher,1,na,bfs_edges_visited,31940
U3,1600,1.5,11,HopcroftKarpMatcher,1,na,dfs_edges_visited,10967
U3,1600,1.5,11,HopcroftKarpMatcher,1,na,defect_at_iteration,0
U3,1600,1.5,11,HopcroftKarpMatcher,-1,na,phase_count,2
U3,1600,1.5,11,HopcroftKarpMatcher,-1,na,main_loop_iters,2
U3,1600,1.5,11,HopcroftKarpMatcher,-1,na,total_bfs_edges_visited,95940
U3,1600,1.5,11,HopcroftKarpMatcher,-1,na,total_edges_visited,138980
U3,1600,1.5,11,HopcroftKarpMatcher,-1,na,matching_size,1600
U3,1600,1.5,11,HopcroftKarpMatcher,-1,na,wall_clock_ms,6.78881
U3,1600,1.5,11,HopcroftKarpMatcher,-1,na,matching_size,1600
U3,3200,1.25,14,SimpleAugmentingMatcher,-1,na,wall_clock_ms,960.566
U3,3200,1.25,14,SimpleAugmentingMatcher,-1,na,matching_size,3197
U3,3200,1.25,14,HopcroftKarpMatcher,0,na,paths_found_per_phase,2899
U3,3200,1.25,14,HopcroftKarpMatcher,0,na,bfs_edges_visited,24067
U3,3200,1.25,14,HopcroftKarpMatcher,0,na,dfs_edges_visited,12405
U3,3200,1.25,14,HopcroftKarpMatcher,0,na,defect_at_iteration,301
U3,3200,1.25,14,HopcroftKarpMatcher,1,na,paths_found_per_phase,271
U3,3200,1.25,14,HopcroftKarpMatcher,1,na,bfs_edges_visited,11495
U3,3200,1.25,14,HopcroftKarpMatcher,1,na,dfs_edges_visited,11688
U3,3200,1.25,14,HopcroftKarpMatcher,1,na,defect_at_iteration,30
U3,3200,1.25,14,HopcroftKarpMatcher,2,na,paths_found_per_phase,17
U3,3200,1.25,14,HopcroftKarpMatcher,2,na,bfs_edges_visited,5657
U3,3200,1.25,14,HopcroftKarpMatcher,2,na,dfs_edges_visited,8574
U3,3200,1.25,14,HopcroftKarpMatcher,2,na,defect_at_iteration,13
U3,3200,1.25,14,HopcroftKarpMatcher,3,na,paths_found_per_phase,8
U3,3200,1.25,14,HopcroftKarpMatcher,3,na,bfs_edges_visited,5627
U3,3200,1.25,14,HopcroftKarpMatcher,3,na,dfs_edges_visited,11565
U3,3200,1.25,14,HopcroftKarpMatcher,3,na,defect_at_iteration,5
U3,3200,1.25,14,HopcroftKarpMatcher,4,na,paths_found_per_phase,2
U3,3200,1.25,14,HopcroftKarpMatcher,4,na,bfs_edges_visited,20992
U3,3200,1.25,14,HopcroftKarpMatcher,4,na,dfs_edges_visited,11362
U3,3200,1.25,14,HopcroftKarpMatcher,4,na,defect_at_iteration,3
U3,3200,1.25,14,HopcroftKarpMatcher,-1,na,phase_count,5
U3,3200,1.25,14,HopcroftKarpMatcher,-1,na,main_loop_iters,5
U3,3200,1.25,14,HopcroftKarpMatcher,-1,na,total_bfs_edges_visited,67838
U3,3200,1.25,14,HopcroftKarpMatcher,-1,na,total_edges_visited,123432
U3,3200,1.25,14,HopcroftKarpMatcher,-1,na,matching_size,3197
U3,3200,1.25,14,HopcroftKarpMatcher,-1,na,wall_clock_ms,52.4442
U3,3200,1.25,14,HopcroftKarpMatcher,-1,na,matching_size,3197
U3,100,1.25,2,SimpleAugmentingMatcher,-1,na,wall_clock_ms,0.079173
U3,100,1.25,2,SimpleAugmentingMatcher,-1,na,matching_size,97
U3,100,1.25,2,HopcroftKarpMatcher,0,na,paths_found_per_phase,83
U3,100,1.25,2,HopcroftKarpMatcher,0,na,bfs_edges_visited,316
U3,100,1.25,2,HopcroftKarpMatcher,0,na,dfs_edges_visited,171
U3,100,1.25,2,HopcroftKarpMatcher,0,na,defect_at_iteration,17
U3,100,1.25,2,HopcroftKarpMatcher,1,na,paths_found_per_phase,9
U3,100,1.25,2,HopcroftKarpMatcher,1,na,bfs_edges_visited,122
U3,100,1.25,2,HopcroftKarpMatcher,1,na,dfs_edges_visited,156
U3,100,1.25,2,HopcroftKarpMatcher,1,na,defect_at_iteration,8
U3,100,1.25,2,HopcroftKarpMatcher,2,na,paths_found_per_phase,4
U3,100,1.25,2,HopcroftKarpMatcher,2,na,bfs_edges_visited,147
U3,100,1.25,2,HopcroftKarpMatcher,2,na,dfs_edges_visited,142
U3,100,1.25,2,HopcroftKarpMatcher,2,na,defect_at_iteration,4
U3,100,1.25,2,HopcroftKarpMatcher,3,na,paths_found_per_phase,1
U3,100,1.25,2,HopcroftKarpMatcher,3,na,bfs_edges_visited,219
U3,100,1.25,2,HopcroftKarpMatcher,3,na,dfs_edges_visited,156
U3,100,1.25,2,HopcroftKarpMatcher,3,na,defect_at_iteration,3
U3,100,1.25,2,HopcroftKarpMatcher,-1,na,phase_count,4
U3,100,1.25,2,HopcroftKarpMatcher,-1,na,main_loop_iters,4
U3,100,1.25,2,HopcroftKarpMatcher,-1,na,total_bfs_edges_visited,804
U3,100,1.25,2,HopcroftKarpMatcher,-1,na,total_edges_visited,1429
U3,100,1.25,2,HopcroftKarpMatcher,-1,na,matching_size,97
U3,100,1.25,2,HopcroftKarpMatcher,-1,na,wall_clock_ms,0.086608
U3,100,1.25,2,HopcroftKarpMatcher,-1,na,matching_size,97
U3,400,1,4,SimpleAugmentingMatcher,-1,na,wall_clock_ms,0.148826
U3,400,1,4,SimpleAugmentingMatcher,-1,na,matching_size,218
U3,400,1,4,HopcroftKarpMatcher,0,na,paths_found_per_phase,203
U3,400,1,4,HopcroftKarpMatcher,0,na,bfs_edges_visited,400
U3,400,1,4,HopcroftKarpMatcher,0,na,dfs_edges_visited,276
U3,400,1,4,HopcroftKarpMatcher,0,na,defect_at_iteration,197
U3,400,1,4,HopcroftKarpMatcher,1,na,paths_found_per_phase,13
U3,400,1,4,HopcroftKarpMatcher,1,na,bfs_edges_visited,117
U3,400,1,4,HopcroftKarpMatcher,1,na,dfs_edges_visited,125
U3,400,1,4,HopcroftKarpMatcher,1,na,defect_at_iteration,184
U3,400,1,4,HopcroftKarpMatcher,2,na,paths_found_per_phase,2
U3,400,1,4,HopcroftKarpMatcher,2,na,bfs_edges_visited,80
U3,400,1,4,HopcroftKarpMatcher,2,na,dfs_edges_visited,78
U3,400,1,4,HopcroftKarpMatcher,2,na,defect_at_iteration,182
U3,400,1,4,HopcroftKarpMatcher,-1,na,phase_count,3
U3,400,1,4,HopcroftKarpMatcher,-1,na,main_loop_iters,3
U3,400,1,4,HopcroftKarpMatcher,-1,na,total_bfs_edges_visited,597
U3,400,1,4,HopcroftKarpMatcher,-1,na,total_edges_visited,1076
U3,400,1,4,HopcroftKarpMatcher,-1,na,matching_size,218
U3,400,1,4,HopcroftKarpMatcher,-1,na,wall_clock_ms,0.742071
U3,400,1,4,HopcroftKarpMatcher,-1,na,matching_size,218
U3,800,1,2,SimpleAugmentingMatcher,-1,na,wall_clock_ms,0.634355
U3,800,1,2,SimpleAugmentingMatcher,-1,na,matching_size,442
U3,800,1,2,HopcroftKarpMatcher,0,na,paths_found_per_phase,412
U3,800,1,2,HopcroftKarpMatcher,0,na,bfs_edges_visited,800
U3,800,1,2,HopcroftKarpMatcher,0,na,dfs_edges_visited,581
U3,800,1,2,HopcroftKarpMatcher,0,na,defect_at_iteration,388
U3,800,1,2,HopcroftKarpMatcher,1,na,paths_found_per_phase,28
U3,800,1,2,HopcroftKarpMatcher,1,na,bfs_edges_visited,278
U3,800,1,2,HopcroftKarpMatcher,1,na,dfs_edges_visited,280
U3,800,1,2,HopcroftKarpMatcher,1,na,defect_at_iteration,360
U3,800,1,2,HopcroftKarpMatcher,2,na,paths_found_per_phase,2
U3,800,1,2,HopcroftKarpMatcher,2,na,bfs_edges_visited,179
U3,800,1,2,HopcroftKarpMatcher,2,na,dfs_edges_visited,191
U3,800,1,2,HopcroftKarpMatcher,2,na,defect_at_iteration,358
U3,800,1,2,HopcroftKarpMatcher,-1,na,phase_count,3
U3,800,1,2,HopcroftKarpMatcher,-1,na,main_loop_iters,3
U3,800,1,2,HopcroftKarpMatcher,-1,na,total_bfs_edges_visited,1257
U3,800,1,2,HopcroftKarpMatcher,-1,na,total_edges_visited,2309
U3,800,1,2,HopcroftKarpMatcher,-1,na,matching_size,442
U3,800,1,2,HopcroftKarpMatcher,-1,na,wall_clock_ms,2.89958
U3,800,1,2,HopcroftKarpMatcher,-1,na,matching_size,442
U3,6400,2,19,SimpleAugmentingMatcher,-1,na,wall_clock_ms,56291.4
U3,6400,2,19,SimpleAugmentingMatcher,-1,na,matching_size,6400
U3,6400,2,19,HopcroftKarpMatcher,0,na,paths_found_per_phase,6400
U3,6400,2,19,HopcroftKarpMatcher,0,na,bfs_edges_visited,4.096e+07
U3,6400,2,19,HopcroftKarpMatcher,0,na,dfs_edges_visited,2.04832e+07
U3,6400,2,19,HopcroftKarpMatcher,0,na,defect_at_iteration,0
U3,6400,2,19,HopcroftKarpMatcher,-1,na,phase_count,1
U3,6400,2,19,HopcroftKarpMatcher,-1,na,main_loop_iters,1
U3,6400,2,19,HopcroftKarpMatcher,-1,na,total_bfs_edges_visited,4.096e+07
U3,6400,2,19,HopcroftKarpMatcher,-1,na,total_edges_visited,6.14432e+07
U3,6400,2,19,HopcroftKarpMatcher,-1,na,matching_size,6400
U3,6400,2,19,HopcroftKarpMatcher,-1,na,wall_clock_ms,82.0956
U3,6400,2,19,HopcroftKarpMatcher,-1,na,matching_size,6400
U3,3200,2,8,SimpleAugmentingMatcher,-1,na,wall_clock_ms,7049.46
U3,3200,2,8,SimpleAugmentingMatcher,-1,na,matching_size,3200
U3,3200,2,8,HopcroftKarpMatcher,0,na,paths_found_per_phase,3200
U3,3200,2,8,HopcroftKarpMatcher,0,na,bfs_edges_visited,1.024e+07
U3,3200,2,8,HopcroftKarpMatcher,0,na,dfs_edges_visited,5.1216e+06
U3,3200,2,8,HopcroftKarpMatcher,0,na,defect_at_iteration,0
U3,3200,2,8,HopcroftKarpMatcher,-1,na,phase_count,1
U3,3200,2,8,HopcroftKarpMatcher,-1,na,main_loop_iters,1
U3,3200,2,8,HopcroftKarpMatcher,-1,na,total_bfs_edges_visited,1.024e+07
U3,3200,2,8,HopcroftKarpMatcher,-1,na,total_edges_visited,1.53616e+07
U3,3200,2,8,HopcroftKarpMatcher,-1,na,matching_size,3200
U3,3200,2,8,HopcroftKarpMatcher,-1,na,wall_clock_ms,20.3725
U3,3200,2,8,HopcroftKarpMatcher,-1,na,matching_size,3200
U3,400,2,6,SimpleAugmentingMatcher,-1,na,wall_clock_ms,14.3877
U3,400,2,6,SimpleAugmentingMatcher,-1,na,matching_size,400
U3,400,2,6,HopcroftKarpMatcher,0,na,paths_found_per_phase,400
U3,400,2,6,HopcroftKarpMatcher,0,na,bfs_edges_visited,160000
U3,400,2,6,HopcroftKarpMatcher,0,na,dfs_edges_visited,80200
U3,400,2,6,HopcroftKarpMatcher,0,na,defect_at_iteration,0
U3,400,2,6,HopcroftKarpMatcher,-1,na,phase_count,1
U3,400,2,6,HopcroftKarpMatcher,-1,na,main_loop_iters,1
U3,400,2,6,HopcroftKarpMatcher,-1,na,total_bfs_edges_visited,160000
U3,400,2,6,HopcroftKarpMatcher,-1,na,total_edges_visited,240200
U3,400,2,6,HopcroftKarpMatcher,-1,na,matching_size,400
U3,400,2,6,HopcroftKarpMatcher,-1,na,wall_clock_ms,0.329785
U3,400,2,6,HopcroftKarpMatcher,-1,na,matching_size,400
U3,1600,1.5,18,SimpleAugmentingMatcher,-1,na,wall_clock_ms,603.313
U3,1600,1.5,18,SimpleAugmentingMatcher,-1,na,matching_size,1600
U3,1600,1.5,18,HopcroftKarpMatcher,0,na,paths_found_per_phase,1578
U3,1600,1.5,18,HopcroftKarpMatcher,0,na,bfs_edges_visited,64000
U3,1600,1.5,18,HopcroftKarpMatcher,0,na,dfs_edges_visited,32133
U3,1600,1.5,18,HopcroftKarpMatcher,0,na,defect_at_iteration,22
U3,1600,1.5,18,HopcroftKarpMatcher,1,na,paths_found_per_phase,22
U3,1600,1.5,18,HopcroftKarpMatcher,1,na,bfs_edges_visited,27467
U3,1600,1.5,18,HopcroftKarpMatcher,1,na,dfs_edges_visited,8596
U3,1600,1.5,18,HopcroftKarpMatcher,1,na,defect_at_iteration,0
U3,1600,1.5,18,HopcroftKarpMatcher,-1,na,phase_count,2
U3,1600,1.5,18,HopcroftKarpMatcher,-1,na,main_loop_iters,2
U3,1600,1.5,18,HopcroftKarpMatcher,-1,na,total_bfs_edges_visited,91467
U3,1600,1.5,18,HopcroftKarpMatcher,-1,na,total_edges_visited,132196
U3,1600,1.5,18,HopcroftKarpMatcher,-1,na,matching_size,1600
U3,1600,1.5,18,HopcroftKarpMatcher,-1,na,wall_clock_ms,6.44741
U3,1600,1.5,18,HopcroftKarpMatcher,-1,na,matching_size,1600
U3,100,1.5,16,SimpleAugmentingMatcher,-1,na,wall_clock_ms,0.201105
U3,100,1.5,16,SimpleAugmentingMatcher,-1,na,matching_size,100
U3,100,1.5,16,HopcroftKarpMatcher,0,na,paths_found_per_phase,92
U3,100,1.5,16,HopcroftKarpMatcher,0,na,bfs_edges_visited,1000
U3,100,1.5,16,HopcroftKarpMatcher,0,na,dfs_edges_visited,497
U3,100,1.5,16,HopcroftKarpMatcher,0,na,defect_at_iteration,8
U3,100,1.5,16,HopcroftKarpMatcher,1,na,paths_found_per_phase,8
U3,100,1.5,16,HopcroftKarpMatcher,1,na,bfs_edges_visited,565
U3,100,1.5,16,HopcroftKarpMatcher,1,na,dfs_edges_visited,384
U3,100,1.5,16,HopcroftKarpMatcher,1,na,defect_at_iteration,0
U3,100,1.5,16,HopcroftKarpMatcher,-1,na,phase_count,2
U3,100,1.5,16,HopcroftKarpMatcher,-1,na,main_loop_iters,2
U3,100,1.5,16,HopcroftKarpMatcher,-1,na,total_bfs_edges_visited,1565
U3,100,1.5,16,HopcroftKarpMatcher,-1,na,total_edges_visited,2446
U3,100,1.5,16,HopcroftKarpMatcher,-1,na,matching_size,100
U3,100,1.5,16,HopcroftKarpMatcher,-1,na,wall_clock_ms,0.060199
U3,100,1.5,16,HopcroftKarpMatcher,-1,na,matching_size,100
U3,1600,2,9,SimpleAugmentingMatcher,-1,na,wall_clock_ms,887.426
U3,1600,2,9,SimpleAugmentingMatcher,-1,na,matching_size,1600
U3,1600,2,9,HopcroftKarpMatcher,0,na,paths_found_per_phase,1600
U3,1600,2,9,HopcroftKarpMatcher,0,na,bfs_edges_visited,2.56e+06
U3,1600,2,9,HopcroftKarpMatcher,0,na,dfs_edges_visited,1.2808e+06
U3,1600,2,9,HopcroftKarpMatcher,0,na,defect_at_iteration,0
U3,1600,2,9,HopcroftKarpMatcher,-1,na,phase_count,1
U3,1600,2,9,HopcroftKarpMatcher,-1,na,main_loop_iters,1
U3,1600,2,9,HopcroftKarpMatcher,-1,na,total_bfs_edges_visited,2.56e+06
U3,1600,2,9,HopcroftKarpMatcher,-1,na,total_edges_visited,3.8408e+06
U3,1600,2,9,HopcroftKarpMatcher,-1,na,matching_size,1600
U3,1600,2,9,HopcroftKarpMatcher,-1,na,wall_clock_ms,5.11402
U3,1600,2,9,HopcroftKarpMatcher,-1,na,matching_size,1600
U3,1600,2,11,SimpleAugmentingMatcher,-1,na,wall_clock_ms,894.69
U3,1600,2,11,SimpleAugmentingMatcher,-1,na,matching_size,1600
U3,1600,2,11,HopcroftKarpMatcher,0,na,paths_found_per_phase,1600
U3,1600,2,11,HopcroftKarpMatcher,0,na,bfs_edges_visited,2.56e+06
U3,1600,2,11,HopcroftKarpMatcher,0,na,dfs_edges_visited,1.2808e+06
U3,1600,2,11,HopcroftKarpMatcher,0,na,defect_at_iteration,0
U3,1600,2,11,HopcroftKarpMatcher,-1,na,phase_count,1
U3,1600,2,11,HopcroftKarpMatcher,-1,na,main_loop_iters,1
U3,1600,2,11,HopcroftKarpMatcher,-1,na,total_bfs_edges_visited,2.56e+06
U3,1600,2,11,HopcroftKarpMatcher,-1,na,total_edges_visited,3.8408e+06
U3,1600,2,11,HopcroftKarpMatcher,-1,na,matching_size,1600
U3,1600,2,11,HopcroftKarpMatcher,-1,na,wall_clock_ms,5.11613
U3,1600,2,11,HopcroftKarpMatcher,-1,na,matching_size,1600
U3,200,1.75,8,SimpleAugmentingMatcher,-1,na,wall_clock_ms,3.3752
U3,200,1.75,8,SimpleAugmentingMatcher,-1,na,matching_size,200
U3,200,1.75,8,HopcroftKarpMatcher,0,na,paths_found_per_phase,197
U3,200,1.75,8,HopcroftKarpMatcher,0,na,bfs_edges_visited,10636
U3,200,1.75,8,HopcroftKarpMatcher,0,na,dfs_edges_visited,5324
U3,200,1.75,8,HopcroftKarpMatcher,0,na,defect_at_iteration,3
U3,200,1.75,8,HopcroftKarpMatcher,1,na,paths_found_per_phase,3
U3,200,1.75,8,HopcroftKarpMatcher,1,na,bfs_edges_visited,6381
U3,200,1.75,8,HopcroftKarpMatcher,1,na,dfs_edges_visited,284
U3,200,1.75,8,HopcroftKarpMatcher,1,na,defect_at_iteration,0
U3,200,1.75,8,HopcroftKarpMatcher,-1,na,phase_count,2
U3,200,1.75,8,HopcroftKarpMatcher,-1,na,main_loop_iters,2
U3,200,1.75,8,HopcroftKarpMatcher,-1,na,total_bfs_edges_visited,17017
U3,200,1.75,8,HopcroftKarpMatcher,-1,na,total_edges_visited,22625
U3,200,1.75,8,HopcroftKarpMatcher,-1,na,matching_size,200
U3,200,1.75,8,HopcroftKarpMatcher,-1,na,wall_clock_ms,0.339984
U3,200,1.75,8,HopcroftKarpMatcher,-1,na,matching_size,200
U3,1600,1.25,10,SimpleAugmentingMatcher,-1,na,wall_clock_ms,120.388
U3,1600,1.25,10,SimpleAugmentingMatcher,-1,na,matching_size,1596
U3,1600,1.25,10,HopcroftKarpMatcher,0,na,paths_found_per_phase,1416
U3,1600,1.25,10,HopcroftKarpMatcher,0,na,bfs_edges_visited,10119
U3,1600,1.25,10,HopcroftKarpMatcher,0,na,dfs_edges_visited,5299
U3,1600,1.25,10,HopcroftKarpMatcher,0,na,defect_at_iteration,184
U3,1600,1.25,10,HopcroftKarpMatcher,1,na,paths_found_per_phase,160
U3,1600,1.25,10,HopcroftKarpMatcher,1,na,bfs_edges_visited,4953
U3,1600,1.25,10,HopcroftKarpMatcher,1,na,dfs_edges_visited,4894
U3,1600,1.25,10,HopcroftKarpMatcher,1,na,defect_at_iteration,24
U3,1600,1.25,10,HopcroftKarpMatcher,2,na,paths_found_per_phase,13
U3,1600,1.25,10,HopcroftKarpMatcher,2,na,bfs_edges_visited,2468
U3,1600,1.25,10,HopcroftKarpMatcher,2,na,dfs_edges_visited,3641
U3,1600,1.25,10,HopcroftKarpMatcher,2,na,defect_at_iteration,11
U3,1600,1.25,10,HopcroftKarpMatcher,3,na,paths_found_per_phase,7
U3,1600,1.25,10,HopcroftKarpMatcher,3,na,bfs_edges_visited,6174
U3,1600,1.25,10,HopcroftKarpMatcher,3,na,dfs_edges_visited,3234
U3,1600,1.25,10,HopcroftKarpMatcher,3,na,defect_at_iteration,4
U3,1600,1.25,10,HopcroftKarpMatcher,-1,na,phase_count,4
U3,1600,1.25,10,HopcroftKarpMatcher,-1,na,main_loop_iters,4
U3,1600,1.25,10,HopcroftKarpMatcher,-1,na,total_bfs_edges_visited,23714
U3,1600,1.25,10,HopcroftKarpMatcher,-1,na,total_edges_visited,40782
U3,1600,1.25,10,HopcroftKarpMatcher,-1,na,matching_size,1596
U3,1600,1.25,10,HopcroftKarpMatcher,-1,na,wall_clock_ms,10.5596
U3,1600,1.25,10,HopcroftKarpMatcher,-1,na,matching_size,1596
U3,100,1.25,0,SimpleAugmentingMatcher,-1,na,wall_clock_ms,0.054005
U3,100,1.25,0,SimpleAugmentingMatcher,-1,na,matching_size,94
U3,100,1.25,0,HopcroftKarpMatcher,0,na,paths_found_per_phase,75
U3,100,1.25,0,HopcroftKarpMatcher,0,na,bfs_edges_visited,316
U3,100,1.25,0,HopcroftKarpMatcher,0,na,dfs_edges_visited,171
U3,100,1.25,0,HopcroftKarpMatcher,0,na,defect_at_iteration,25
U3,100,1.25,0,HopcroftKarpMatcher,1,na,paths_found_per_phase,14
U3,100,1.25,0,HopcroftKarpMatcher,1,na,bfs_edges_visited,182
U3,100,1.25,0,HopcroftKarpMatcher,1,na,dfs_edges_visited,152
U3,100,1.25,0,HopcroftKarpMatcher,1,na,defect_at_iteration,11
U3,100,1.25,0,HopcroftKarpMatcher,2,na,paths_found_per_phase,3
U3,100,1.25,0,HopcroftKarpMatcher,2,na,bfs_edges_visited,73
U3,100,1.25,0,HopcroftKarpMatcher,2,na,dfs_edges_visited,42
U3,100,1.25,0,HopcroftKarpMatcher,2,na,defect_at_iteration,8
U3,100,1.25,0,HopcroftKarpMatcher,3,na,paths_found_per_phase,1
U3,100,1.25,0,HopcroftKarpMatcher,3,na,bfs_edges_visited,38
U3,100,1.25,0,HopcroftKarpMatcher,3,na,dfs_edges_visited,55
U3,100,1.25,0,HopcroftKarpMatcher,3,na,defect_at_iteration,7
U3,100,1.25,0,HopcroftKarpMatcher,4,na,paths_found_per_phase,1
U3,100,1.25,0,HopcroftKarpMatcher,4,na,bfs_edges_visited,34
U3,100,1.25,0,HopcroftKarpMatcher,4,na,dfs_edges_visited,24
U3,100,1.25,0,HopcroftKarpMatcher,4,na,defect_at_iteration,6
U3,100,1.25,0,HopcroftKarpMatcher,-1,na,phase_count,5
U3,100,1.25,0,HopcroftKarpMatcher,-1,na,main_loop_iters,5
U3,100,1.25,0,HopcroftKarpMatcher,-1,na,total_bfs_edges_visited,643
U3,100,1.25,0,HopcroftKarpMatcher,-1,na,total_edges_visited,1087
U3,100,1.25,0,HopcroftKarpMatcher,-1,na,matching_size,94
U3,100,1.25,0,HopcroftKarpMatcher,-1,na,wall_clock_ms,0.068505
U3,100,1.25,0,HopcroftKarpMatcher,-1,na,matching_size,94
U3,100,1.5,0,SimpleAugmentingMatcher,-1,na,wall_clock_ms,0.235104
U3,100,1.5,0,SimpleAugmentingMatcher,-1,na,matching_size,100
U3,100,1.5,0,HopcroftKarpMatcher,0,na,paths_found_per_phase,91
U3,100,1.5,0,HopcroftKarpMatcher,0,na,bfs_edges_visited,1000
U3,100,1.5,0,HopcroftKarpMatcher,0,na,dfs_edges_visited,511
U3,100,1.5,0,HopcroftKarpMatcher,0,na,defect_at_iteration,9
U3,100,1.5,0,HopcroftKarpMatcher,1,na,paths_found_per_phase,9
U3,100,1.5,0,HopcroftKarpMatcher,1,na,bfs_edges_visited,506
U3,100,1.5,0,HopcroftKarpMatcher,1,na,dfs_edges_visited,258
U3,100,1.5,0,HopcroftKarpMatcher,1,na,defect_at_iteration,0
U3,100,1.5,0,HopcroftKarpMatcher,-1,na,phase_count,2
U3,100,1.5,0,HopcroftKarpMatcher,-1,na,main_loop_iters,2
U3,100,1.5,0,HopcroftKarpMatcher,-1,na,total_bfs_edges_visited,1506
U3,100,1.5,0,HopcroftKarpMatcher,-1,na,total_edges_visited,2275
U3,100,1.5,0,HopcroftKarpMatcher,-1,na,matching_size,100
U3,100,1.5,0,HopcroftKarpMatcher,-1,na,wall_clock_ms,0.057727
U3,100,1.5,0,HopcroftKarpMatcher,-1,na,matching_size,100
U3,100,1.5,13,SimpleAugmentingMatcher,-1,na,wall_clock_ms,0.18079
U3,100,1.5,13,SimpleAugmentingMatcher,-1,na,matching_size,100
U3,100,1.5,13,HopcroftKarpMatcher,0,na,paths_found_per_phase,94
U3,100,1.5,13,HopcroftKarpMatcher,0,na,bfs_edges_visited,1000
U3,100,1.5,13,HopcroftKarpMatcher,0,na,dfs_edges_visited,488
U3,100,1.5,13,HopcroftKarpMatcher,0,na,defect_at_iteration,6
U3,100,1.5,13,HopcroftKarpMatcher,1,na,paths_found_per_phase,6
U3,100,1.5,13,HopcroftKarpMatcher,1,na,bfs_edges_visited,403
U3,100,1.5,13,HopcroftKarpMatcher,1,na,dfs_edges_visited,323
U3,100,1.5,13,HopcroftKarpMatcher,1,na,defect_at_iteration,0
U3,100,1.5,13,HopcroftKarpMatcher,-1,na,phase_count,2
U3,100,1.5,13,HopcroftKarpMatcher,-1,na,main_loop_iters,2
U3,100,1.5,13,HopcroftKarpMatcher,-1,na,total_bfs_edges_visited,1403
U3,100,1.5,13,HopcroftKarpMatcher,-1,na,total_edges_visited,2214
U3,100,1.5,13,HopcroftKarpMatcher,-1,na,matching_size,100
U3,100,1.5,13,HopcroftKarpMatcher,-1,na,wall_clock_ms,0.054521
U3,100,1.5,13,HopcroftKarpMatcher,-1,na,matching_size,100
U3,1600,1.75,5,SimpleAugmentingMatcher,-1,na,wall_clock_ms,1688.02
U3,1600,1.75,5,SimpleAugmentingMatcher,-1,na,matching_size,1600
U3,1600,1.75,5,HopcroftKarpMatcher,0,na,paths_found_per_phase,1597
U3,1600,1.75,5,HopcroftKarpMatcher,0,na,bfs_edges_visited,404771
U3,1600,1.75,5,HopcroftKarpMatcher,0,na,dfs_edges_visited,202173
U3,1600,1.75,5,HopcroftKarpMatcher,0,na,defect_at_iteration,3
U3,1600,1.75,5,HopcroftKarpMatcher,1,na,paths_found_per_phase,3
U3,1600,1.75,5,HopcroftKarpMatcher,1,na,bfs_edges_visited,157352
U3,1600,1.75,5,HopcroftKarpMatcher,1,na,dfs_edges_visited,2357
U3,1600,1.75,5,HopcroftKarpMatcher,1,na,defect_at_iteration,0
U3,1600,1.75,5,HopcroftKarpMatcher,-1,na,phase_count,2
U3,1600,1.75,5,HopcroftKarpMatcher,-1,na,main_loop_iters,2
U3,1600,1.75,5,HopcroftKarpMatcher,-1,na,total_bfs_edges_visited,562123
U3,1600,1.75,5,HopcroftKarpMatcher,-1,na,total_edges_visited,766653
U3,1600,1.75,5,HopcroftKarpMatcher,-1,na,matching_size,1600
U3,1600,1.75,5,HopcroftKarpMatcher,-1,na,wall_clock_ms,12.811
U3,1600,1.75,5,HopcroftKarpMatcher,-1,na,matching_size,1600
U3,400,1,1,SimpleAugmentingMatcher,-1,na,wall_clock_ms,0.162986
U3,400,1,1,SimpleAugmentingMatcher,-1,na,matching_size,214
U3,400,1,1,HopcroftKarpMatcher,0,na,paths_found_per_phase,195
U3,400,1,1,HopcroftKarpMatcher,0,na,bfs_edges_visited,400
U3,400,1,1,HopcroftKarpMatcher,0,na,dfs_edges_visited,283
U3,400,1,1,HopcroftKarpMatcher,0,na,defect_at_iteration,205
U3,400,1,1,HopcroftKarpMatcher,1,na,paths_found_per_phase,16
U3,400,1,1,HopcroftKarpMatcher,1,na,bfs_edges_visited,167
U3,400,1,1,HopcroftKarpMatcher,1,na,dfs_edges_visited,165
U3,400,1,1,HopcroftKarpMatcher,1,na,defect_at_iteration,189
U3,400,1,1,HopcroftKarpMatcher,2,na,paths_found_per_phase,3
U3,400,1,1,HopcroftKarpMatcher,2,na,bfs_edges_visited,115
U3,400,1,1,HopcroftKarpMatcher,2,na,dfs_edges_visited,119
U3,400,1,1,HopcroftKarpMatcher,2,na,defect_at_iteration,186
U3,400,1,1,HopcroftKarpMatcher,-1,na,phase_count,3
U3,400,1,1,HopcroftKarpMatcher,-1,na,main_loop_iters,3
U3,400,1,1,HopcroftKarpMatcher,-1,na,total_bfs_edges_visited,682
U3,400,1,1,HopcroftKarpMatcher,-1,na,total_edges_visited,1249
U3,400,1,1,HopcroftKarpMatcher,-1,na,matching_size,214
U3,400,1,1,HopcroftKarpMatcher,-1,na,wall_clock_ms,0.782131
U3,400,1,1,HopcroftKarpMatcher,-1,na,matching_size,214
U3,200,1.25,18,SimpleAugmentingMatcher,-1,na,wall_clock_ms,0.379696
U3,200,1.25,18,SimpleAugmentingMatcher,-1,na,matching_size,195
U3,200,1.25,18,HopcroftKarpMatcher,0,na,paths_found_per_phase,170
U3,200,1.25,18,HopcroftKarpMatcher,0,na,bfs_edges_visited,752
U3,200,1.25,18,HopcroftKarpMatcher,0,na,dfs_edges_visited,432
U3,200,1.25,18,HopcroftKarpMatcher,0,na,defect_at_iteration,30
U3,200,1.25,18,HopcroftKarpMatcher,1,na,paths_found_per_phase,18
U3,200,1.25,18,HopcroftKarpMatcher,1,na,bfs_edges_visited,323
U3,200,1.25,18,HopcroftKarpMatcher,1,na,dfs_edges_visited,293
U3,200,1.25,18,HopcroftKarpMatcher,1,na,defect_at_iteration,12
U3,200,1.25,18,HopcroftKarpMatcher,2,na,paths_found_per_phase,6
U3,200,1.25,18,HopcroftKarpMatcher,2,na,bfs_edges_visited,192
U3,200,1.25,18,HopcroftKarpMatcher,2,na,dfs_edges_visited,242
U3,200,1.25,18,HopcroftKarpMatcher,2,na,defect_at_iteration,6
U3,200,1.25,18,HopcroftKarpMatcher,3,na,paths_found_per_phase,1
U3,200,1.25,18,HopcroftKarpMatcher,3,na,bfs_edges_visited,308
U3,200,1.25,18,HopcroftKarpMatcher,3,na,dfs_edges_visited,121
U3,200,1.25,18,HopcroftKarpMatcher,3,na,defect_at_iteration,5
U3,200,1.25,18,HopcroftKarpMatcher,-1,na,phase_count,4
U3,200,1.25,18,HopcroftKarpMatcher,-1,na,main_loop_iters,4
U3,200,1.25,18,HopcroftKarpMatcher,-1,na,total_bfs_edges_visited,1575
U3,200,1.25,18,HopcroftKarpMatcher,-1,na,total_edges_visited,2663
U3,200,1.25,18,HopcroftKarpMatcher,-1,na,matching_size,195
U3,200,1.25,18,HopcroftKarpMatcher,-1,na,wall_clock_ms,0.203622
U3,200,1.25,18,HopcroftKarpMatcher,-1,na,matching_size,195
U3,6400,1,11,SimpleAugmentingMatcher,-1,na,wall_clock_ms,38.0196
U3,6400,1,11,SimpleAugmentingMatcher,-1,na,matching_size,3500
U3,6400,1,11,HopcroftKarpMatcher,0,na,paths_found_per_phase,3267
U3,6400,1,11,HopcroftKarpMatcher,0,na,bfs_edges_visited,6400
U3,6400,1,11,HopcroftKarpMatcher,0,na,dfs_edges_visited,4635
U3,6400,1,11,HopcroftKarpMatcher,0,na,defect_at_iteration,3133
U3,6400,1,11,HopcroftKarpMatcher,1,na,paths_found_per_phase,222
U3,6400,1,11,HopcroftKarpMatcher,1,na,bfs_edges_visited,2238
U3,6400,1,11,HopcroftKarpMatcher,1,na,dfs_edges_visited,2312
U3,6400,1,11,HopcroftKarpMatcher,1,na,defect_at_iteration,2911
U3,6400,1,11,HopcroftKarpMatcher,2,na,paths_found_per_phase,8
U3,6400,1,11,HopcroftKarpMatcher,2,na,bfs_edges_visited,1561
U3,6400,1,11,HopcroftKarpMatcher,2,na,dfs_edges_visited,1611
U3,6400,1,11,HopcroftKarpMatcher,2,na,defect_at_iteration,2903
U3,6400,1,11,HopcroftKarpMatcher,3,na,paths_found_per_phase,3
U3,6400,1,11,HopcroftKarpMatcher,3,na,bfs_edges_visited,1588
U3,6400,1,11,HopcroftKarpMatcher,3,na,dfs_edges_visited,1592
U3,6400,1,11,HopcroftKarpMatcher,3,na,defect_at_iteration,2900
U3,6400,1,11,HopcroftKarpMatcher,-1,na,phase_count,4
U3,6400,1,11,HopcroftKarpMatcher,-1,na,main_loop_iters,4
U3,6400,1,11,HopcroftKarpMatcher,-1,na,total_bfs_edges_visited,11787
U3,6400,1,11,HopcroftKarpMatcher,-1,na,total_edges_visited,21937
U3,6400,1,11,HopcroftKarpMatcher,-1,na,matching_size,3500
U3,6400,1,11,HopcroftKarpMatcher,-1,na,wall_clock_ms,228.29
U3,6400,1,11,HopcroftKarpMatcher,-1,na,matching_size,3500
U3,1600,1.25,8,SimpleAugmentingMatcher,-1,na,wall_clock_ms,118.834
U3,1600,1.25,8,SimpleAugmentingMatcher,-1,na,matching_size,1595
U3,1600,1.25,8,HopcroftKarpMatcher,0,na,paths_found_per_phase,1440
U3,1600,1.25,8,HopcroftKarpMatcher,0,na,bfs_edges_visited,10119
U3,1600,1.25,8,HopcroftKarpMatcher,0,na,dfs_edges_visited,5310
U3,1600,1.25,8,HopcroftKarpMatcher,0,na,defect_at_iteration,160
U3,1600,1.25,8,HopcroftKarpMatcher,1,na,paths_found_per_phase,134
U3,1600,1.25,8,HopcroftKarpMatcher,1,na,bfs_edges_visited,4358
U3,1600,1.25,8,HopcroftKarpMatcher,1,na,dfs_edges_visited,5042
U3,1600,1.25,8,HopcroftKarpMatcher,1,na,defect_at_iteration,26
U3,1600,1.25,8,HopcroftKarpMatcher,2,na,paths_found_per_phase,14
U3,1600,1.25,8,HopcroftKarpMatcher,2,na,bfs_edges_visited,2580
U3,1600,1.25,8,HopcroftKarpMatcher,2,na,dfs_edges_visited,4731
U3,1600,1.25,8,HopcroftKarpMatcher,2,na,defect_at_iteration,12
U3,1600,1.25,8,HopcroftKarpMatcher,3,na,paths_found_per_phase,6
U3,1600,1.25,8,HopcroftKarpMatcher,3,na,bfs_edges_visited,8327
U3,1600,1.25,8,HopcroftKarpMatcher,3,na,dfs_edges_visited,6370
U3,1600,1.25,8,HopcroftKarpMatcher,3,na,defect_at_iteration,6
U3,1600,1.25,8,HopcroftKarpMatcher,4,na,paths_found_per_phase,1
U3,1600,1.25,8,HopcroftKarpMatcher,4,na,bfs_edges_visited,7337
U3,1600,1.25,8,HopcroftKarpMatcher,4,na,dfs_edges_visited,2520
U3,1600,1.25,8,HopcroftKarpMatcher,4,na,defect_at_iteration,5
U3,1600,1.25,8,HopcroftKarpMatcher,-1,na,phase_count,5
U3,1600,1.25,8,HopcroftKarpMatcher,-1,na,main_loop_iters,5
U3,1600,1.25,8,HopcroftKarpMatcher,-1,na,total_bfs_edges_visited,32721
U3,1600,1.25,8,HopcroftKarpMatcher,-1,na,total_edges_visited,56694
U3,1600,1.25,8,HopcroftKarpMatcher,-1,na,matching_size,1595
U3,1600,1.25,8,HopcroftKarpMatcher,-1,na,wall_clock_ms,14.6418
U3,1600,1.25,8,HopcroftKarpMatcher,-1,na,matching_size,1595
U3,6400,1.25,0,SimpleAugmentingMatcher,-1,na,wall_clock_ms,7968.58
U3,6400,1.25,0,SimpleAugmentingMatcher,-1,na,matching_size,6398
U3,6400,1.25,0,HopcroftKarpMatcher,0,na,paths_found_per_phase,5906
U3,6400,1.25,0,HopcroftKarpMatcher,0,na,bfs_edges_visited,57243
U3,6400,1.25,0,HopcroftKarpMatcher,0,na,dfs_edges_visited,29276
U3,6400,1.25,0,HopcroftKarpMatcher,0,na,defect_at_iteration,494
U3,6400,1.25,0,HopcroftKarpMatcher,1,na,paths_found_per_phase,468
U3,6400,1.25,0,HopcroftKarpMatcher,1,na,bfs_edges_visited,27580
U3,6400,1.25,0,HopcroftKarpMatcher,1,na,dfs_edges_visited,25169
U3,6400,1.25,0,HopcroftKarpMatcher,1,na,defect_at_iteration,26
U3,6400,1.25,0,HopcroftKarpMatcher,2,na,paths_found_per_phase,20
U3,6400,1.25,0,HopcroftKarpMatcher,2,na,bfs_edges_visited,9802
U3,6400,1.25,0,HopcroftKarpMatcher,2,na,dfs_edges_visited,21117
U3,6400,1.25,0,HopcroftKarpMatcher,2,na,defect_at_iteration,6
U3,6400,1.25,0,HopcroftKarpMatcher,3,na,paths_found_per_phase,4
U3,6400,1.25,0,HopcroftKarpMatcher,3,na,bfs_edges_visited,40816
U3,6400,1.25,0,HopcroftKarpMatcher,3,na,dfs_edges_visited,14649
U3,6400,1.25,0,HopcroftKarpMatcher,3,na,defect_at_iteration,2
U3,6400,1.25,0,HopcroftKarpMatcher,-1,na,phase_count,4
U3,6400,1.25,0,HopcroftKarpMatcher,-1,na,main_loop_iters,4
U3,6400,1.25,0,HopcroftKarpMatcher,-1,na,total_bfs_edges_visited,135441
U3,6400,1.25,0,HopcroftKarpMatcher,-1,na,total_edges_visited,225652
U3,6400,1.25,0,HopcroftKarpMatcher,-1,na,matching_size,6398
U3,6400,1.25,0,HopcroftKarpMatcher,-1,na,wall_clock_ms,158.557
U3,6400,1.25,0,HopcroftKarpMatcher,-1,na,matching_size,6398
U3,800,2,12,SimpleAugmentingMatcher,-1,na,wall_clock_ms,112.316
U3,800,2,12,SimpleAugmentingMatcher,-1,na,matching_size,800
U3,800,2,12,HopcroftKarpMatcher,0,na,paths_found_per_phase,800
U3,800,2,12,HopcroftKarpMatcher,0,na,bfs_edges_visited,640000
U3,800,2,12,HopcroftKarpMatcher,0,na,dfs_edges_visited,320400
U3,800,2,12,HopcroftKarpMatcher,0,na,defect_at_iteration,0
U3,800,2,12,HopcroftKarpMatcher,-1,na,phase_count,1
U3,800,2,12,HopcroftKarpMatcher,-1,na,main_loop_iters,1
U3,800,2,12,HopcroftKarpMatcher,-1,na,total_bfs_edges_visited,640000
U3,800,2,12,HopcroftKarpMatcher,-1,na,total_edges_visited,960400
U3,800,2,12,HopcroftKarpMatcher,-1,na,matching_size,800
U3,800,2,12,HopcroftKarpMatcher,-1,na,wall_clock_ms,1.28807
U3,800,2,12,HopcroftKarpMatcher,-1,na,matching_size,800
U3,200,1.5,13,SimpleAugmentingMatcher,-1,na,wall_clock_ms,1.3547
U3,200,1.5,13,SimpleAugmentingMatcher,-1,na,matching_size,200
U3,200,1.5,13,HopcroftKarpMatcher,0,na,paths_found_per_phase,191
U3,200,1.5,13,HopcroftKarpMatcher,0,na,bfs_edges_visited,2828
U3,200,1.5,13,HopcroftKarpMatcher,0,na,dfs_edges_visited,1421
U3,200,1.5,13,HopcroftKarpMatcher,0,na,defect_at_iteration,9
U3,200,1.5,13,HopcroftKarpMatcher,1,na,paths_found_per_phase,9
U3,200,1.5,13,HopcroftKarpMatcher,1,na,bfs_edges_visited,1272
U3,200,1.5,13,HopcroftKarpMatcher,1,na,dfs_edges_visited,441
U3,200,1.5,13,HopcroftKarpMatcher,1,na,defect_at_iteration,0
U3,200,1.5,13,HopcroftKarpMatcher,-1,na,phase_count,2
U3,200,1.5,13,HopcroftKarpMatcher,-1,na,main_loop_iters,2
U3,200,1.5,13,HopcroftKarpMatcher,-1,na,total_bfs_edges_visited,4100
U3,200,1.5,13,HopcroftKarpMatcher,-1,na,total_edges_visited,5962
U3,200,1.5,13,HopcroftKarpMatcher,-1,na,matching_size,200
U3,200,1.5,13,HopcroftKarpMatcher,-1,na,wall_clock_ms,0.158729
U3,200,1.5,13,HopcroftKarpMatcher,-1,na,matching_size,200
U3,1600,1.25,0,SimpleAugmentingMatcher,-1,na,wall_clock_ms,118.73
U3,1600,1.25,0,SimpleAugmentingMatcher,-1,na,matching_size,1597
U3,1600,1.25,0,HopcroftKarpMatcher,0,na,paths_found_per_phase,1417
U3,1600,1.25,0,HopcroftKarpMatcher,0,na,bfs_edges_visited,10119
U3,1600,1.25,0,HopcroftKarpMatcher,0,na,dfs_edges_visited,5233
U3,1600,1.25,0,HopcroftKarpMatcher,0,na,defect_at_iteration,183
U3,1600,1.25,0,HopcroftKarpMatcher,1,na,paths_found_per_phase,156
U3,1600,1.25,0,HopcroftKarpMatcher,1,na,bfs_edges_visited,5136
U3,1600,1.25,0,HopcroftKarpMatcher,1,na,dfs_edges_visited,5135
U3,1600,1.25,0,HopcroftKarpMatcher,1,na,defect_at_iteration,27
U3,1600,1.25,0,HopcroftKarpMatcher,2,na,paths_found_per_phase,16
U3,1600,1.25,0,HopcroftKarpMatcher,2,na,bfs_edges_visited,2405
U3,1600,1.25,0,HopcroftKarpMatcher,2,na,dfs_edges_visited,4365
U3,1600,1.25,0,HopcroftKarpMatcher,2,na,defect_at_iteration,11
U3,1600,1.25,0,HopcroftKarpMatcher,3,na,paths_found_per_phase,7
U3,1600,1.25,0,HopcroftKarpMatcher,3,na,bfs_edges_visited,8066
U3,1600,1.25,0,HopcroftKarpMatcher,3,na,dfs_edges_visited,4974
U3,1600,1.25,0,HopcroftKarpMatcher,3,na,defect_at_iteration,4
U3,1600,1.25,0,HopcroftKarpMatcher,4,na,paths_found_per_phase,1
U3,1600,1.25,0,HopcroftKarpMatcher,4,na,bfs_edges_visited,9643
U3,1600,1.25,0,HopcroftKarpMatcher,4,na,dfs_edges_visited,7444
U3,1600,1.25,0,HopcroftKarpMatcher,4,na,defect_at_iteration,3
U3,1600,1.25,0,HopcroftKarpMatcher,-1,na,phase_count,5
U3,1600,1.25,0,HopcroftKarpMatcher,-1,na,main_loop_iters,5
U3,1600,1.25,0,HopcroftKarpMatcher,-1,na,total_bfs_edges_visited,35369
U3,1600,1.25,0,HopcroftKarpMatcher,-1,na,total_edges_visited,62520
U3,1600,1.25,0,HopcroftKarpMatcher,-1,na,matching_size,1597
U3,1600,1.25,0,HopcroftKarpMatcher,-1,na,wall_clock_ms,18.69
U3,1600,1.25,0,HopcroftKarpMatcher,-1,na,matching_size,1597
U3,400,2,4,SimpleAugmentingMatcher,-1,na,wall_clock_ms,14.3897
U3,400,2,4,SimpleAugmentingMatcher,-1,na,matching_size,400
U3,400,2,4,HopcroftKarpMatcher,0,na,paths_found_per_phase,400
U3,400,2,4,HopcroftKarpMatcher,0,na,bfs_edges_visited,160000
U3,400,2,4,HopcroftKarpMatcher,0,na,dfs_edges_visited,80200
U3,400,2,4,HopcroftKarpMatcher,0,na,defect_at_iteration,0
U3,400,2,4,HopcroftKarpMatcher,-1,na,phase_count,1
U3,400,2,4,HopcroftKarpMatcher,-1,na,main_loop_iters,1
U3,400,2,4,HopcroftKarpMatcher,-1,na,total_bfs_edges_visited,160000
U3,400,2,4,HopcroftKarpMatcher,-1,na,total_edges_visited,240200
U3,400,2,4,HopcroftKarpMatcher,-1,na,matching_size,400
U3,400,2,4,HopcroftKarpMatcher,-1,na,wall_clock_ms,0.332308
U3,400,2,4,HopcroftKarpMatcher,-1,na,matching_size,400
U3,200,1,17,SimpleAugmentingMatcher,-1,na,wall_clock_ms,0.042766
U3,200,1,17,SimpleAugmentingMatcher,-1,na,matching_size,116
U3,200,1,17,HopcroftKarpMatcher,0,na,paths_found_per_phase,107
U3,200,1,17,HopcroftKarpMatcher,0,na,bfs_edges_visited,200
U3,200,1,17,HopcroftKarpMatcher,0,na,dfs_edges_visited,149
U3,200,1,17,HopcroftKarpMatcher,0,na,defect_at_iteration,93
U3,200,1,17,HopcroftKarpMatcher,1,na,paths_found_per_phase,8
U3,200,1,17,HopcroftKarpMatcher,1,na,bfs_edges_visited,75
U3,200,1,17,HopcroftKarpMatcher,1,na,dfs_edges_visited,66
U3,200,1,17,HopcroftKarpMatcher,1,na,defect_at_iteration,85
U3,200,1,17,HopcroftKarpMatcher,2,na,paths_found_per_phase,1
U3,200,1,17,HopcroftKarpMatcher,2,na,bfs_edges_visited,46
U3,200,1,17,HopcroftKarpMatcher,2,na,dfs_edges_visited,45
U3,200,1,17,HopcroftKarpMatcher,2,na,defect_at_iteration,84
U3,200,1,17,HopcroftKarpMatcher,-1,na,phase_count,3
U3,200,1,17,HopcroftKarpMatcher,-1,na,main_loop_iters,3
U3,200,1,17,HopcroftKarpMatcher,-1,na,total_bfs_edges_visited,321
U3,200,1,17,HopcroftKarpMatcher,-1,na,total_edges_visited,581
U3,200,1,17,HopcroftKarpMatcher,-1,na,matching_size,116
U3,200,1,17,HopcroftKarpMatcher,-1,na,wall_clock_ms,0.196165
U3,200,1,17,HopcroftKarpMatcher,-1,na,matching_size,116
U3,100,1.75,0,SimpleAugmentingMatcher,-1,na,wall_clock_ms,0.455325
U3,100,1.75,0,SimpleAugmentingMatcher,-1,na,matching_size,100
U3,100,1.75,0,HopcroftKarpMatcher,0,na,paths_found_per_phase,98
U3,100,1.75,0,HopcroftKarpMatcher,0,na,bfs_edges_visited,3162
U3,100,1.75,0,HopcroftKarpMatcher,0,na,dfs_edges_visited,1567
U3,100,1.75,0,HopcroftKarpMatcher,0,na,defect_at_iteration,2
U3,100,1.75,0,HopcroftKarpMatcher,1,na,paths_found_per_phase,2
U3,100,1.75,0,HopcroftKarpMatcher,1,na,bfs_edges_visited,1772
U3,100,1.75,0,HopcroftKarpMatcher,1,na,dfs_edges_visited,124
U3,100,1.75,0,HopcroftKarpMatcher,1,na,defect_at_iteration,0
U3,100,1.75,0,HopcroftKarpMatcher,-1,na,phase_count,2
U3,100,1.75,0,HopcroftKarpMatcher,-1,na,main_loop_iters,2
U3,100,1.75,0,HopcroftKarpMatcher,-1,na,total_bfs_edges_visited,4934
U3,100,1.75,0,HopcroftKarpMatcher,-1,na,total_edges_visited,6625
U3,100,1.75,0,HopcroftKarpMatcher,-1,na,matching_size,100
U3,100,1.75,0,HopcroftKarpMatcher,-1,na,wall_clock_ms,0.100736
U3,100,1.75,0,HopcroftKarpMatcher,-1,na,matching_size,100
U3,1600,1.5,8,SimpleAugmentingMatcher,-1,na,wall_clock_ms,599.549
U3,1600,1.5,8,SimpleAugmentingMatcher,-1,na,matching_size,1600
U3,1600,1.5,8,HopcroftKarpMatcher,0,na,paths_found_per_phase,1574
U3,1600,1.5,8,HopcroftKarpMatcher,0,na,bfs_edges_visited,64000
U3,1600,1.5,8,HopcroftKarpMatcher,0,na,dfs_edges_visited,32165
U3,1600,1.5,8,HopcroftKarpMatcher,0,na,defect_at_iteration,26
U3,1600,1.5,8,HopcroftKarpMatcher,1,na,paths_found_per_phase,26
U3,1600,1.5,8,HopcroftKarpMatcher,1,na,bfs_edges_visited,30636
U3,1600,1.5,8,HopcroftKarpMatcher,1,na,dfs_edges_visited,6378
U3,1600,1.5,8,HopcroftKarpMatcher,1,na,defect_at_iteration,0
U3,1600,1.5,8,HopcroftKarpMatcher,-1,na,phase_count,2
U3,1600,1.5,8,HopcroftKarpMatcher,-1,na,main_loop_iters,2
U3,1600,1.5,8,HopcroftKarpMatcher,-1,na,total_bfs_edges_visited,94636
U3,1600,1.5,8,HopcroftKarpMatcher,-1,na,total_edges_visited,133179
U3,1600,1.5,8,HopcroftKarpMatcher,-1,na,matching_size,1600
U3,1600,1.5,8,HopcroftKarpMatcher,-1,na,wall_clock_ms,6.52121
U3,1600,1.5,8,HopcroftKarpMatcher,-1,na,matching_size,1600
U3,400,1.25,13,SimpleAugmentingMatcher,-1,na,wall_clock_ms,2.38721
U3,400,1.25,13,SimpleAugmentingMatcher,-1,na,matching_size,395
U3,400,1.25,13,HopcroftKarpMatcher,0,na,paths_found_per_phase,341
U3,400,1.25,13,HopcroftKarpMatcher,0,na,bfs_edges_visited,1788
U3,400,1.25,13,HopcroftKarpMatcher,0,na,dfs_edges_visited,971
U3,400,1.25,13,HopcroftKarpMatcher,0,na,defect_at_iteration,59
U3,400,1.25,13,HopcroftKarpMatcher,1,na,paths_found_per_phase,45
U3,400,1.25,13,HopcroftKarpMatcher,1,na,bfs_edges_visited,784
U3,400,1.25,13,HopcroftKarpMatcher,1,na,dfs_edges_visited,756
U3,400,1.25,13,HopcroftKarpMatcher,1,na,defect_at_iteration,14
U3,400,1.25,13,HopcroftKarpMatcher,2,na,paths_found_per_phase,3
U3,400,1.25,13,HopcroftKarpMatcher,2,na,bfs_edges_visited,372
U3,400,1.25,13,HopcroftKarpMatcher,2,na,dfs_edges_visited,650
U3,400,1.25,13,HopcroftKarpMatcher,2,na,defect_at_iteration,11
U3,400,1.25,13,HopcroftKarpMatcher,3,na,paths_found_per_phase,3
U3,400,1.25,13,HopcroftKarpMatcher,3,na,bfs_edges_visited,1217
U3,400,1.25,13,HopcroftKarpMatcher,3,na,dfs_edges_visited,804
U3,400,1.25,13,HopcroftKarpMatcher,3,na,defect_at_iteration,8
U3,400,1.25,13,HopcroftKarpMatcher,4,na,paths_found_per_phase,1
U3,400,1.25,13,HopcroftKarpMatcher,4,na,bfs_edges_visited,990
U3,400,1.25,13,HopcroftKarpMatcher,4,na,dfs_edges_visited,1207
U3,400,1.25,13,HopcroftKarpMatcher,4,na,defect_at_iteration,7
U3,400,1.25,13,HopcroftKarpMatcher,5,na,paths_found_per_phase,1
U3,400,1.25,13,HopcroftKarpMatcher,5,na,bfs_edges_visited,1251
U3,400,1.25,13,HopcroftKarpMatcher,5,na,dfs_edges_visited,1198
U3,400,1.25,13,HopcroftKarpMatcher,5,na,defect_at_iteration,6
U3,400,1.25,13,HopcroftKarpMatcher,6,na,paths_found_per_phase,1
U3,400,1.25,13,HopcroftKarpMatcher,6,na,bfs_edges_visited,1580
U3,400,1.25,13,HopcroftKarpMatcher,6,na,dfs_edges_visited,570
U3,400,1.25,13,HopcroftKarpMatcher,6,na,defect_at_iteration,5
U3,400,1.25,13,HopcroftKarpMatcher,-1,na,phase_count,7
U3,400,1.25,13,HopcroftKarpMatcher,-1,na,main_loop_iters,7
U3,400,1.25,13,HopcroftKarpMatcher,-1,na,total_bfs_edges_visited,7982
U3,400,1.25,13,HopcroftKarpMatcher,-1,na,total_edges_visited,14138
U3,400,1.25,13,HopcroftKarpMatcher,-1,na,matching_size,395
U3,400,1.25,13,HopcroftKarpMatcher,-1,na,wall_clock_ms,1.47283
U3,400,1.25,13,HopcroftKarpMatcher,-1,na,matching_size,395
U3,3200,1.75,9,SimpleAugmentingMatcher,-1,na,wall_clock_ms,12359
U3,3200,1.75,9,SimpleAugmentingMatcher,-1,na,matching_size,3200
U3,3200,1.75,9,HopcroftKarpMatcher,0,na,paths_found_per_phase,3195
U3,3200,1.75,9,HopcroftKarpMatcher,0,na,bfs_edges_visited,1.36148e+06
U3,3200,1.75,9,HopcroftKarpMatcher,0,na,dfs_edges_visited,680488
U3,3200,1.75,9,HopcroftKarpMatcher,0,na,defect_at_iteration,5
U3,3200,1.75,9,HopcroftKarpMatcher,1,na,paths_found_per_phase,5
U3,3200,1.75,9,HopcroftKarpMatcher,1,na,bfs_edges_visited,696863
U3,3200,1.75,9,HopcroftKarpMatcher,1,na,dfs_edges_visited,10297
U3,3200,1.75,9,HopcroftKarpMatcher,1,na,defect_at_iteration,0
U3,3200,1.75,9,HopcroftKarpMatcher,-1,na,phase_count,2
U3,3200,1.75,9,HopcroftKarpMatcher,-1,na,main_loop_iters,2
U3,3200,1.75,9,HopcroftKarpMatcher,-1,na,total_bfs_edges_visited,2.05835e+06
U3,3200,1.75,9,HopcroftKarpMatcher,-1,na,total_edges_visited,2.74913e+06
U3,3200,1.75,9,HopcroftKarpMatcher,-1,na,matching_size,3200
U3,3200,1.75,9,HopcroftKarpMatcher,-1,na,wall_clock_ms,47.5983
U3,3200,1.75,9,HopcroftKarpMatcher,-1,na,matching_size,3200
U3,800,1.5,5,SimpleAugmentingMatcher,-1,na,wall_clock_ms,74.9314
U3,800,1.5,5,SimpleAugmentingMatcher,-1,na,matching_size,800
U3,800,1.5,5,HopcroftKarpMatcher,0,na,paths_found_per_phase,779
U3,800,1.5,5,HopcroftKarpMatcher,0,na,bfs_edges_visited,22627
U3,800,1.5,5,HopcroftKarpMatcher,0,na,dfs_edges_visited,11422
U3,800,1.5,5,HopcroftKarpMatcher,0,na,defect_at_iteration,21
U3,800,1.5,5,HopcroftKarpMatcher,1,na,paths_found_per_phase,21
U3,800,1.5,5,HopcroftKarpMatcher,1,na,bfs_edges_visited,11996
U3,800,1.5,5,HopcroftKarpMatcher,1,na,dfs_edges_visited,3564
U3,800,1.5,5,HopcroftKarpMatcher,1,na,defect_at_iteration,0
U3,800,1.5,5,HopcroftKarpMatcher,-1,na,phase_count,2
U3,800,1.5,5,HopcroftKarpMatcher,-1,na,main_loop_iters,2
U3,800,1.5,5,HopcroftKarpMatcher,-1,na,total_bfs_edges_visited,34623
U3,800,1.5,5,HopcroftKarpMatcher,-1,na,total_edges_visited,49609
U3,800,1.5,5,HopcroftKarpMatcher,-1,na,matching_size,800
U3,800,1.5,5,HopcroftKarpMatcher,-1,na,wall_clock_ms,1.89449
U3,800,1.5,5,HopcroftKarpMatcher,-1,na,matching_size,800
U3,800,2,14,SimpleAugmentingMatcher,-1,na,wall_clock_ms,112.444
U3,800,2,14,SimpleAugmentingMatcher,-1,na,matching_size,800
U3,800,2,14,HopcroftKarpMatcher,0,na,paths_found_per_phase,800
U3,800,2,14,HopcroftKarpMatcher,0,na,bfs_edges_visited,640000
U3,800,2,14,HopcroftKarpMatcher,0,na,dfs_edges_visited,320400
U3,800,2,14,HopcroftKarpMatcher,0,na,defect_at_iteration,0
U3,800,2,14,HopcroftKarpMatcher,-1,na,phase_count,1
U3,800,2,14,HopcroftKarpMatcher,-1,na,main_loop_iters,1
U3,800,2,14,HopcroftKarpMatcher,-1,na,total_bfs_edges_visited,640000
U3,800,2,14,HopcroftKarpMatcher,-1,na,total_edges_visited,960400
U3,800,2,14,HopcroftKarpMatcher,-1,na,matching_size,800
U3,800,2,14,HopcroftKarpMatcher,-1,na,wall_clock_ms,1.28885
U3,800,2,14,HopcroftKarpMatcher,-1,na,matching_size,800
U3,6400,1.25,1,SimpleAugmentingMatcher,-1,na,wall_clock_ms,7956.66
U3,6400,1.25,1,SimpleAugmentingMatcher,-1,na,matching_size,6400
U3,6400,1.25,1,HopcroftKarpMatcher,0,na,paths_found_per_phase,5927
U3,6400,1.25,1,HopcroftKarpMatcher,0,na,bfs_edges_visited,57243
U3,6400,1.25,1,HopcroftKarpMatcher,0,na,dfs_edges_visited,29390
U3,6400,1.25,1,HopcroftKarpMatcher,0,na,defect_at_iteration,473
U3,6400,1.25,1,HopcroftKarpMatcher,1,na,paths_found_per_phase,442
U3,6400,1.25,1,HopcroftKarpMatcher,1,na,bfs_edges_visited,26797
U3,6400,1.25,1,HopcroftKarpMatcher,1,na,dfs_edges_visited,25781
U3,6400,1.25,1,HopcroftKarpMatcher,1,na,defect_at_iteration,31
U3,6400,1.25,1,HopcroftKarpMatcher,2,na,paths_found_per_phase,26
U3,6400,1.25,1,HopcroftKarpMatcher,2,na,bfs_edges_visited,12494
U3,6400,1.25,1,HopcroftKarpMatcher,2,na,dfs_edges_visited,26460
U3,6400,1.25,1,HopcroftKarpMatcher,2,na,defect_at_iteration,5
U3,6400,1.25,1,HopcroftKarpMatcher,3,na,paths_found_per_phase,4
U3,6400,1.25,1,HopcroftKarpMatcher,3,na,bfs_edges_visited,48940
U3,6400,1.25,1,HopcroftKarpMatcher,3,na,dfs_edges_visited,24531
U3,6400,1.25,1,HopcroftKarpMatcher,3,na,defect_at_iteration,1
U3,6400,1.25,1,HopcroftKarpMatcher,4,na,paths_found_per_phase,1
U3,6400,1.25,1,HopcroftKarpMatcher,4,na,bfs_edges_visited,53031
U3,6400,1.25,1,HopcroftKarpMatcher,4,na,dfs_edges_visited,40833
U3,6400,1.25,1,HopcroftKarpMatcher,4,na,defect_at_iteration,0
U3,6400,1.25,1,HopcroftKarpMatcher,-1,na,phase_count,5
U3,6400,1.25,1,HopcroftKarpMatcher,-1,na,main_loop_iters,5
U3,6400,1.25,1,HopcroftKarpMatcher,-1,na,total_bfs_edges_visited,198505
U3,6400,1.25,1,HopcroftKarpMatcher,-1,na,total_edges_visited,345500
U3,6400,1.25,1,HopcroftKarpMatcher,-1,na,matching_size,6400
U3,6400,1.25,1,HopcroftKarpMatcher,-1,na,wall_clock_ms,242.842
U3,6400,1.25,1,HopcroftKarpMatcher,-1,na,matching_size,6400
U3,6400,1.25,5,SimpleAugmentingMatcher,-1,na,wall_clock_ms,7851.22
U3,6400,1.25,5,SimpleAugmentingMatcher,-1,na,matching_size,6400
U3,6400,1.25,5,HopcroftKarpMatcher,0,na,paths_found_per_phase,5914
U3,6400,1.25,5,HopcroftKarpMatcher,0,na,bfs_edges_visited,57243
U3,6400,1.25,5,HopcroftKarpMatcher,0,na,dfs_edges_visited,29291
U3,6400,1.25,5,HopcroftKarpMatcher,0,na,defect_at_iteration,486
U3,6400,1.25,5,HopcroftKarpMatcher,1,na,paths_found_per_phase,465
U3,6400,1.25,5,HopcroftKarpMatcher,1,na,bfs_edges_visited,28063
U3,6400,1.25,5,HopcroftKarpMatcher,1,na,dfs_edges_visited,24476
U3,6400,1.25,5,HopcroftKarpMatcher,1,na,defect_at_iteration,21
U3,6400,1.25,5,HopcroftKarpMatcher,2,na,paths_found_per_phase,16
U3,6400,1.25,5,HopcroftKarpMatcher,2,na,bfs_edges_visited,9671
U3,6400,1.25,5,HopcroftKarpMatcher,2,na,dfs_edges_visited,21872
U3,6400,1.25,5,HopcroftKarpMatcher,2,na,defect_at_iteration,5
U3,6400,1.25,5,HopcroftKarpMatcher,3,na,paths_found_per_phase,5
U3,6400,1.25,5,HopcroftKarpMatcher,3,na,bfs_edges_visited,46817
U3,6400,1.25,5,HopcroftKarpMatcher,3,na,dfs_edges_visited,15246
U3,6400,1.25,5,HopcroftKarpMatcher,3,na,defect_at_iteration,0
U3,6400,1.25,5,HopcroftKarpMatcher,-1,na,phase_count,4
U3,6400,1.25,5,HopcroftKarpMatcher,-1,na,main_loop_iters,4
U3,6400,1.25,5,HopcroftKarpMatcher,-1,na,total_bfs_edges_visited,141794
U3,6400,1.25,5,HopcroftKarpMatcher,-1,na,total_edges_visited,232679
U3,6400,1.25,5,HopcroftKarpMatcher,-1,na,matching_size,6400
U3,6400,1.25,5,HopcroftKarpMatcher,-1,na,wall_clock_ms,163.468
U3,6400,1.25,5,HopcroftKarpMatcher,-1,na,matching_size,6400
U3,400,1.5,13,SimpleAugmentingMatcher,-1,na,wall_clock_ms,9.74739
U3,400,1.5,13,SimpleAugmentingMatcher,-1,na,matching_size,400
U3,400,1.5,13,HopcroftKarpMatcher,0,na,paths_found_per_phase,386
U3,400,1.5,13,HopcroftKarpMatcher,0,na,bfs_edges_visited,8000
U3,400,1.5,13,HopcroftKarpMatcher,0,na,dfs_edges_visited,4073
U3,400,1.5,13,HopcroftKarpMatcher,0,na,defect_at_iteration,14
U3,400,1.5,13,HopcroftKarpMatcher,1,na,paths_found_per_phase,14
U3,400,1.5,13,HopcroftKarpMatcher,1,na,bfs_edges_visited,4248
U3,400,1.5,13,HopcroftKarpMatcher,1,na,dfs_edges_visited,807
U3,400,1.5,13,HopcroftKarpMatcher,1,na,defect_at_iteration,0
U3,400,1.5,13,HopcroftKarpMatcher,-1,na,phase_count,2
U3,400,1.5,13,HopcroftKarpMatcher,-1,na,main_loop_iters,2
U3,400,1.5,13,HopcroftKarpMatcher,-1,na,total_bfs_edges_visited,12248
U3,400,1.5,13,HopcroftKarpMatcher,-1,na,total_edges_visited,17128
U3,400,1.5,13,HopcroftKarpMatcher,-1,na,matching_size,400
U3,400,1.5,13,HopcroftKarpMatcher,-1,na,wall_clock_ms,0.523996
U3,400,1.5,13,HopcroftKarpMatcher,-1,na,matching_size,400
U3,100,1.75,11,SimpleAugmentingMatcher,-1,na,wall_clock_ms,0.467807
U3,100,1.75,11,SimpleAugmentingMatcher,-1,na,matching_size,100
U3,100,1.75,11,HopcroftKarpMatcher,0,na,paths_found_per_phase,98
U3,100,1.75,11,HopcroftKarpMatcher,0,na,bfs_edges_visited,3162
U3,100,1.75,11,HopcroftKarpMatcher,0,na,dfs_edges_visited,1550
U3,100,1.75,11,HopcroftKarpMatcher,0,na,defect_at_iteration,2
U3,100,1.75,11,HopcroftKarpMatcher,1,na,paths_found_per_phase,2
U3,100,1.75,11,HopcroftKarpMatcher,1,na,bfs_edges_visited,1794
U3,100,1.75,11,HopcroftKarpMatcher,1,na,dfs_edges_visited,173
U3,100,1.75,11,HopcroftKarpMatcher,1,na,defect_at_iteration,0
U3,100,1.75,11,HopcroftKarpMatcher,-1,na,phase_count,2
U3,100,1.75,11,HopcroftKarpMatcher,-1,na,main_loop_iters,2
U3,100,1.75,11,HopcroftKarpMatcher,-1,na,total_bfs_edges_visited,4956
U3,100,1.75,11,HopcroftKarpMatcher,-1,na,total_edges_visited,6679
U3,100,1.75,11,HopcroftKarpMatcher,-1,na,matching_size,100
U3,100,1.75,11,HopcroftKarpMatcher,-1,na,wall_clock_ms,0.102323
U3,100,1.75,11,HopcroftKarpMatcher,-1,na,matching_size,100
U3,200,2,19,SimpleAugmentingMatcher,-1,na,wall_clock_ms,1.87254
U3,200,2,19,SimpleAugmentingMatcher,-1,na,matching_size,200
U3,200,2,19,HopcroftKarpMatcher,0,na,paths_found_per_phase,200
U3,200,2,19,HopcroftKarpMatcher,0,na,bfs_edges_visited,40000
U3,200,2,19,HopcroftKarpMatcher,0,na,dfs_edges_visited,20100
U3,200,2,19,HopcroftKarpMatcher,0,na,defect_at_iteration,0
U3,200,2,19,HopcroftKarpMatcher,-1,na,phase_count,1
U3,200,2,19,HopcroftKarpMatcher,-1,na,main_loop_iters,1
U3,200,2,19,HopcroftKarpMatcher,-1,na,total_bfs_edges_visited,40000
U3,200,2,19,HopcroftKarpMatcher,-1,na,total_edges_visited,60100
U3,200,2,19,HopcroftKarpMatcher,-1,na,matching_size,200
U3,200,2,19,HopcroftKarpMatcher,-1,na,wall_clock_ms,0.089984
U3,200,2,19,HopcroftKarpMatcher,-1,na,matching_size,200
U3,6400,2,11,SimpleAugmentingMatcher,-1,na,wall_clock_ms,56283.7
U3,6400,2,11,SimpleAugmentingMatcher,-1,na,matching_size,6400
U3,6400,2,11,HopcroftKarpMatcher,0,na,paths_found_per_phase,6400
U3,6400,2,11,HopcroftKarpMatcher,0,na,bfs_edges_visited,4.096e+07
U3,6400,2,11,HopcroftKarpMatcher,0,na,dfs_edges_visited,2.04832e+07
U3,6400,2,11,HopcroftKarpMatcher,0,na,defect_at_iteration,0
U3,6400,2,11,HopcroftKarpMatcher,-1,na,phase_count,1
U3,6400,2,11,HopcroftKarpMatcher,-1,na,main_loop_iters,1
U3,6400,2,11,HopcroftKarpMatcher,-1,na,total_bfs_edges_visited,4.096e+07
U3,6400,2,11,HopcroftKarpMatcher,-1,na,total_edges_visited,6.14432e+07
U3,6400,2,11,HopcroftKarpMatcher,-1,na,matching_size,6400
U3,6400,2,11,HopcroftKarpMatcher,-1,na,wall_clock_ms,81.3041
U3,6400,2,11,HopcroftKarpMatcher,-1,na,matching_size,6400
U3,3200,2,3,SimpleAugmentingMatcher,-1,na,wall_clock_ms,7051.92
U3,3200,2,3,SimpleAugmentingMatcher,-1,na,matching_size,3200
U3,3200,2,3,HopcroftKarpMatcher,0,na,paths_found_per_phase,3200
U3,3200,2,3,HopcroftKarpMatcher,0,na,bfs_edges_visited,1.024e+07
U3,3200,2,3,HopcroftKarpMatcher,0,na,dfs_edges_visited,5.1216e+06
U3,3200,2,3,HopcroftKarpMatcher,0,na,defect_at_iteration,0
U3,3200,2,3,HopcroftKarpMatcher,-1,na,phase_count,1
U3,3200,2,3,HopcroftKarpMatcher,-1,na,main_loop_iters,1
U3,3200,2,3,HopcroftKarpMatcher,-1,na,total_bfs_edges_visited,1.024e+07
U3,3200,2,3,HopcroftKarpMatcher,-1,na,total_edges_visited,1.53616e+07
U3,3200,2,3,HopcroftKarpMatcher,-1,na,matching_size,3200
U3,3200,2,3,HopcroftKarpMatcher,-1,na,wall_clock_ms,20.4698
U3,3200,2,3,HopcroftKarpMatcher,-1,na,matching_size,3200
U3,6400,2,2,SimpleAugmentingMatcher,-1,na,wall_clock_ms,56286.7
U3,6400,2,2,SimpleAugmentingMatcher,-1,na,matching_size,6400
U3,6400,2,2,HopcroftKarpMatcher,0,na,paths_found_per_phase,6400
U3,6400,2,2,HopcroftKarpMatcher,0,na,bfs_edges_visited,4.096e+07
U3,6400,2,2,HopcroftKarpMatcher,0,na,dfs_edges_visited,2.04832e+07
U3,6400,2,2,HopcroftKarpMatcher,0,na,defect_at_iteration,0
U3,6400,2,2,HopcroftKarpMatcher,-1,na,phase_count,1
U3,6400,2,2,HopcroftKarpMatcher,-1,na,main_loop_iters,1
U3,6400,2,2,HopcroftKarpMatcher,-1,na,total_bfs_edges_visited,4.096e+07
U3,6400,2,2,HopcroftKarpMatcher,-1,na,total_edges_visited,6.14432e+07
U3,6400,2,2,HopcroftKarpMatcher,-1,na,matching_size,6400
U3,6400,2,2,HopcroftKarpMatcher,-1,na,wall_clock_ms,81.2851
U3,6400,2,2,HopcroftKarpMatcher,-1,na,matching_size,6400
U3,800,1.75,4,SimpleAugmentingMatcher,-1,na,wall_clock_ms,227.928
U3,800,1.75,4,SimpleAugmentingMatcher,-1,na,matching_size,800
U3,800,1.75,4,HopcroftKarpMatcher,0,na,paths_found_per_phase,798
U3,800,1.75,4,HopcroftKarpMatcher,0,na,bfs_edges_visited,120339
U3,800,1.75,4,HopcroftKarpMatcher,0,na,dfs_edges_visited,60240
U3,800,1.75,4,HopcroftKarpMatcher,0,na,defect_at_iteration,2
U3,800,1.75,4,HopcroftKarpMatcher,1,na,paths_found_per_phase,2
U3,800,1.75,4,HopcroftKarpMatcher,1,na,bfs_edges_visited,42646
U3,800,1.75,4,HopcroftKarpMatcher,1,na,dfs_edges_visited,2018
U3,800,1.75,4,HopcroftKarpMatcher,1,na,defect_at_iteration,0
U3,800,1.75,4,HopcroftKarpMatcher,-1,na,phase_count,2
U3,800,1.75,4,HopcroftKarpMatcher,-1,na,main_loop_iters,2
U3,800,1.75,4,HopcroftKarpMatcher,-1,na,total_bfs_edges_visited,162985
U3,800,1.75,4,HopcroftKarpMatcher,-1,na,total_edges_visited,225243
U3,800,1.75,4,HopcroftKarpMatcher,-1,na,matching_size,800
U3,800,1.75,4,HopcroftKarpMatcher,-1,na,wall_clock_ms,3.50477
U3,800,1.75,4,HopcroftKarpMatcher,-1,na,matching_size,800
U3,3200,1.25,10,SimpleAugmentingMatcher,-1,na,wall_clock_ms,945.55
U3,3200,1.25,10,SimpleAugmentingMatcher,-1,na,matching_size,3200
U3,3200,1.25,10,HopcroftKarpMatcher,0,na,paths_found_per_phase,2903
U3,3200,1.25,10,HopcroftKarpMatcher,0,na,bfs_edges_visited,24067
U3,3200,1.25,10,HopcroftKarpMatcher,0,na,dfs_edges_visited,12360
U3,3200,1.25,10,HopcroftKarpMatcher,0,na,defect_at_iteration,297
U3,3200,1.25,10,HopcroftKarpMatcher,1,na,paths_found_per_phase,268
U3,3200,1.25,10,HopcroftKarpMatcher,1,na,bfs_edges_visited,11853
U3,3200,1.25,10,HopcroftKarpMatcher,1,na,dfs_edges_visited,11387
U3,3200,1.25,10,HopcroftKarpMatcher,1,na,defect_at_iteration,29
U3,3200,1.25,10,HopcroftKarpMatcher,2,na,paths_found_per_phase,21
U3,3200,1.25,10,HopcroftKarpMatcher,2,na,bfs_edges_visited,5634
U3,3200,1.25,10,HopcroftKarpMatcher,2,na,dfs_edges_visited,11097
U3,3200,1.25,10,HopcroftKarpMatcher,2,na,defect_at_iteration,8
U3,3200,1.25,10,HopcroftKarpMatcher,3,na,paths_found_per_phase,8
U3,3200,1.25,10,HopcroftKarpMatcher,3,na,bfs_edges_visited,21020
U3,3200,1.25,10,HopcroftKarpMatcher,3,na,dfs_edges_visited,10984
U3,3200,1.25,10,HopcroftKarpMatcher,3,na,defect_at_iteration,0
U3,3200,1.25,10,HopcroftKarpMatcher,-1,na,phase_count,4
U3,3200,1.25,10,HopcroftKarpMatcher,-1,na,main_loop_iters,4
U3,3200,1.25,10,HopcroftKarpMatcher,-1,na,total_bfs_edges_visited,62574
U3,3200,1.25,10,HopcroftKarpMatcher,-1,na,total_edges_visited,108402
U3,3200,1.25,10,HopcroftKarpMatcher,-1,na,matching_size,3200
U3,3200,1.25,10,HopcroftKarpMatcher,-1,na,wall_clock_ms,45.9019
U3,3200,1.25,10,HopcroftKarpMatcher,-1,na,matching_size,3200
U3,6400,1,7,SimpleAugmentingMatcher,-1,na,wall_clock_ms,38.4142
U3,6400,1,7,SimpleAugmentingMatcher,-1,na,matching_size,3486
U3,6400,1,7,HopcroftKarpMatcher,0,na,paths_found_per_phase,3275
U3,6400,1,7,HopcroftKarpMatcher,0,na,bfs_edges_visited,6400
U3,6400,1,7,HopcroftKarpMatcher,0,na,dfs_edges_visited,4644
U3,6400,1,7,HopcroftKarpMatcher,0,na,defect_at_iteration,3125
U3,6400,1,7,HopcroftKarpMatcher,1,na,paths_found_per_phase,205
U3,6400,1,7,HopcroftKarpMatcher,1,na,bfs_edges_visited,2195
U3,6400,1,7,HopcroftKarpMatcher,1,na,dfs_edges_visited,2267
U3,6400,1,7,HopcroftKarpMatcher,1,na,defect_at_iteration,2920
U3,6400,1,7,HopcroftKarpMatcher,2,na,paths_found_per_phase,5
U3,6400,1,7,HopcroftKarpMatcher,2,na,bfs_edges_visited,1529
U3,6400,1,7,HopcroftKarpMatcher,2,na,dfs_edges_visited,1587
U3,6400,1,7,HopcroftKarpMatcher,2,na,defect_at_iteration,2915
U3,6400,1,7,HopcroftKarpMatcher,3,na,paths_found_per_phase,1
U3,6400,1,7,HopcroftKarpMatcher,3,na,bfs_edges_visited,1577
U3,6400,1,7,HopcroftKarpMatcher,3,na,dfs_edges_visited,1581
U3,6400,1,7,HopcroftKarpMatcher,3,na,defect_at_iteration,2914
U3,6400,1,7,HopcroftKarpMatcher,-1,na,phase_count,4
U3,6400,1,7,HopcroftKarpMatcher,-1,na,main_loop_iters,4
U3,6400,1,7,HopcroftKarpMatcher,-1,na,total_bfs_edges_visited,11701
U3,6400,1,7,HopcroftKarpMatcher,-1,na,total_edges_visited,21780
U3,6400,1,7,HopcroftKarpMatcher,-1,na,matching_size,3486
U3,6400,1,7,HopcroftKarpMatcher,-1,na,wall_clock_ms,227.548
U3,6400,1,7,HopcroftKarpMatcher,-1,na,matching_size,3486
U3,3200,1.5,12,SimpleAugmentingMatcher,-1,na,wall_clock_ms,4862.28
U3,3200,1.5,12,SimpleAugmentingMatcher,-1,na,matching_size,3200
U3,3200,1.5,12,HopcroftKarpMatcher,0,na,paths_found_per_phase,3159
U3,3200,1.5,12,HopcroftKarpMatcher,0,na,bfs_edges_visited,181019
U3,3200,1.5,12,HopcroftKarpMatcher,0,na,dfs_edges_visited,90762
U3,3200,1.5,12,HopcroftKarpMatcher,0,na,defect_at_iteration,41
U3,3200,1.5,12,HopcroftKarpMatcher,1,na,paths_found_per_phase,41
U3,3200,1.5,12,HopcroftKarpMatcher,1,na,bfs_edges_visited,93551
U3,3200,1.5,12,HopcroftKarpMatcher,1,na,dfs_edges_visited,12718
U3,3200,1.5,12,HopcroftKarpMatcher,1,na,defect_at_iteration,0
U3,3200,1.5,12,HopcroftKarpMatcher,-1,na,phase_count,2
U3,3200,1.5,12,HopcroftKarpMatcher,-1,na,main_loop_iters,2
U3,3200,1.5,12,HopcroftKarpMatcher,-1,na,total_bfs_edges_visited,274570
U3,3200,1.5,12,HopcroftKarpMatcher,-1,na,total_edges_visited,378050
U3,3200,1.5,12,HopcroftKarpMatcher,-1,na,matching_size,3200
U3,3200,1.5,12,HopcroftKarpMatcher,-1,na,wall_clock_ms,24.6396
U3,3200,1.5,12,HopcroftKarpMatcher,-1,na,matching_size,3200
U3,100,1,2,SimpleAugmentingMatcher,-1,na,wall_clock_ms,0.013628
U3,100,1,2,SimpleAugmentingMatcher,-1,na,matching_size,55
U3,100,1,2,HopcroftKarpMatcher,0,na,paths_found_per_phase,51
U3,100,1,2,HopcroftKarpMatcher,0,na,bfs_edges_visited,100
U3,100,1,2,HopcroftKarpMatcher,0,na,dfs_edges_visited,76
U3,100,1,2,HopcroftKarpMatcher,0,na,defect_at_iteration,49
U3,100,1,2,HopcroftKarpMatcher,1,na,paths_found_per_phase,3
U3,100,1,2,HopcroftKarpMatcher,1,na,bfs_edges_visited,41
U3,100,1,2,HopcroftKarpMatcher,1,na,dfs_edges_visited,48
U3,100,1,2,HopcroftKarpMatcher,1,na,defect_at_iteration,46
U3,100,1,2,HopcroftKarpMatcher,2,na,paths_found_per_phase,1
U3,100,1,2,HopcroftKarpMatcher,2,na,bfs_edges_visited,39
U3,100,1,2,HopcroftKarpMatcher,2,na,dfs_edges_visited,32
U3,100,1,2,HopcroftKarpMatcher,2,na,defect_at_iteration,45
U3,100,1,2,HopcroftKarpMatcher,-1,na,phase_count,3
U3,100,1,2,HopcroftKarpMatcher,-1,na,main_loop_iters,3
U3,100,1,2,HopcroftKarpMatcher,-1,na,total_bfs_edges_visited,180
U3,100,1,2,HopcroftKarpMatcher,-1,na,total_edges_visited,336
U3,100,1,2,HopcroftKarpMatcher,-1,na,matching_size,55
U3,100,1,2,HopcroftKarpMatcher,-1,na,wall_clock_ms,0.063323
U3,100,1,2,HopcroftKarpMatcher,-1,na,matching_size,55
U3,800,1.25,13,SimpleAugmentingMatcher,-1,na,wall_clock_ms,17.356
U3,800,1.25,13,SimpleAugmentingMatcher,-1,na,matching_size,796
U3,800,1.25,13,HopcroftKarpMatcher,0,na,paths_found_per_phase,701
U3,800,1.25,13,HopcroftKarpMatcher,0,na,bfs_edges_visited,4254
U3,800,1.25,13,HopcroftKarpMatcher,0,na,dfs_edges_visited,2266
U3,800,1.25,13,HopcroftKarpMatcher,0,na,defect_at_iteration,99
U3,800,1.25,13,HopcroftKarpMatcher,1,na,paths_found_per_phase,80
U3,800,1.25,13,HopcroftKarpMatcher,1,na,bfs_edges_visited,2007
U3,800,1.25,13,HopcroftKarpMatcher,1,na,dfs_edges_visited,1853
U3,800,1.25,13,HopcroftKarpMatcher,1,na,defect_at_iteration,19
U3,800,1.25,13,HopcroftKarpMatcher,2,na,paths_found_per_phase,12
U3,800,1.25,13,HopcroftKarpMatcher,2,na,bfs_edges_visited,898
U3,800,1.25,13,HopcroftKarpMatcher,2,na,dfs_edges_visited,1150
U3,800,1.25,13,HopcroftKarpMatcher,2,na,defect_at_iteration,7
U3,800,1.25,13,HopcroftKarpMatcher,3,na,paths_found_per_phase,3
U3,800,1.25,13,HopcroftKarpMatcher,3,na,bfs_edges_visited,1811
U3,800,1.25,13,HopcroftKarpMatcher,3,na,dfs_edges_visited,3531
U3,800,1.25,13,HopcroftKarpMatcher,3,na,defect_at_iteration,4
U3,800,1.25,13,HopcroftKarpMatcher,-1,na,phase_count,4
U3,800,1.25,13,HopcroftKarpMatcher,-1,na,main_loop_iters,4
U3,800,1.25,13,HopcroftKarpMatcher,-1,na,total_bfs_edges_visited,8970
U3,800,1.25,13,HopcroftKarpMatcher,-1,na,total_edges_visited,17770
U3,800,1.25,13,HopcroftKarpMatcher,-1,na,matching_size,796
U3,800,1.25,13,HopcroftKarpMatcher,-1,na,wall_clock_ms,3.49195
U3,800,1.25,13,HopcroftKarpMatcher,-1,na,matching_size,796
U3,100,1.75,19,SimpleAugmentingMatcher,-1,na,wall_clock_ms,0.481354
U3,100,1.75,19,SimpleAugmentingMatcher,-1,na,matching_size,100
U3,100,1.75,19,HopcroftKarpMatcher,0,na,paths_found_per_phase,97
U3,100,1.75,19,HopcroftKarpMatcher,0,na,bfs_edges_visited,3162
U3,100,1.75,19,HopcroftKarpMatcher,0,na,dfs_edges_visited,1608
U3,100,1.75,19,HopcroftKarpMatcher,0,na,defect_at_iteration,3
U3,100,1.75,19,HopcroftKarpMatcher,1,na,paths_found_per_phase,3
U3,100,1.75,19,HopcroftKarpMatcher,1,na,bfs_edges_visited,2070
U3,100,1.75,19,HopcroftKarpMatcher,1,na,dfs_edges_visited,137
U3,100,1.75,19,HopcroftKarpMatcher,1,na,defect_at_iteration,0
U3,100,1.75,19,HopcroftKarpMatcher,-1,na,phase_count,2
U3,100,1.75,19,HopcroftKarpMatcher,-1,na,main_loop_iters,2
U3,100,1.75,19,HopcroftKarpMatcher,-1,na,total_bfs_edges_visited,5232
U3,100,1.75,19,HopcroftKarpMatcher,-1,na,total_edges_visited,6977
U3,100,1.75,19,HopcroftKarpMatcher,-1,na,matching_size,100
U3,100,1.75,19,HopcroftKarpMatcher,-1,na,wall_clock_ms,0.106578
U3,100,1.75,19,HopcroftKarpMatcher,-1,na,matching_size,100
U3,800,2,0,SimpleAugmentingMatcher,-1,na,wall_clock_ms,112.283
U3,800,2,0,SimpleAugmentingMatcher,-1,na,matching_size,800
U3,800,2,0,HopcroftKarpMatcher,0,na,paths_found_per_phase,800
U3,800,2,0,HopcroftKarpMatcher,0,na,bfs_edges_visited,640000
U3,800,2,0,HopcroftKarpMatcher,0,na,dfs_edges_visited,320400
U3,800,2,0,HopcroftKarpMatcher,0,na,defect_at_iteration,0
U3,800,2,0,HopcroftKarpMatcher,-1,na,phase_count,1
U3,800,2,0,HopcroftKarpMatcher,-1,na,main_loop_iters,1
U3,800,2,0,HopcroftKarpMatcher,-1,na,total_bfs_edges_visited,640000
U3,800,2,0,HopcroftKarpMatcher,-1,na,total_edges_visited,960400
U3,800,2,0,HopcroftKarpMatcher,-1,na,matching_size,800
U3,800,2,0,HopcroftKarpMatcher,-1,na,wall_clock_ms,1.30696
U3,800,2,0,HopcroftKarpMatcher,-1,na,matching_size,800
U3,6400,2,13,SimpleAugmentingMatcher,-1,na,wall_clock_ms,56292
U3,6400,2,13,SimpleAugmentingMatcher,-1,na,matching_size,6400
U3,6400,2,13,HopcroftKarpMatcher,0,na,paths_found_per_phase,6400
U3,6400,2,13,HopcroftKarpMatcher,0,na,bfs_edges_visited,4.096e+07
U3,6400,2,13,HopcroftKarpMatcher,0,na,dfs_edges_visited,2.04832e+07
U3,6400,2,13,HopcroftKarpMatcher,0,na,defect_at_iteration,0
U3,6400,2,13,HopcroftKarpMatcher,-1,na,phase_count,1
U3,6400,2,13,HopcroftKarpMatcher,-1,na,main_loop_iters,1
U3,6400,2,13,HopcroftKarpMatcher,-1,na,total_bfs_edges_visited,4.096e+07
U3,6400,2,13,HopcroftKarpMatcher,-1,na,total_edges_visited,6.14432e+07
U3,6400,2,13,HopcroftKarpMatcher,-1,na,matching_size,6400
U3,6400,2,13,HopcroftKarpMatcher,-1,na,wall_clock_ms,81.3505
U3,6400,2,13,HopcroftKarpMatcher,-1,na,matching_size,6400
U3,400,1.25,6,SimpleAugmentingMatcher,-1,na,wall_clock_ms,2.77813
U3,400,1.25,6,SimpleAugmentingMatcher,-1,na,matching_size,395
U3,400,1.25,6,HopcroftKarpMatcher,0,na,paths_found_per_phase,339
U3,400,1.25,6,HopcroftKarpMatcher,0,na,bfs_edges_visited,1788
U3,400,1.25,6,HopcroftKarpMatcher,0,na,dfs_edges_visited,964
U3,400,1.25,6,HopcroftKarpMatcher,0,na,defect_at_iteration,61
U3,400,1.25,6,HopcroftKarpMatcher,1,na,paths_found_per_phase,46
U3,400,1.25,6,HopcroftKarpMatcher,1,na,bfs_edges_visited,886
U3,400,1.25,6,HopcroftKarpMatcher,1,na,dfs_edges_visited,866
U3,400,1.25,6,HopcroftKarpMatcher,1,na,defect_at_iteration,15
U3,400,1.25,6,HopcroftKarpMatcher,2,na,paths_found_per_phase,6
U3,400,1.25,6,HopcroftKarpMatcher,2,na,bfs_edges_visited,466
U3,400,1.25,6,HopcroftKarpMatcher,2,na,dfs_edges_visited,856
U3,400,1.25,6,HopcroftKarpMatcher,2,na,defect_at_iteration,9
U3,400,1.25,6,HopcroftKarpMatcher,3,na,paths_found_per_phase,2
U3,400,1.25,6,HopcroftKarpMatcher,3,na,bfs_edges_visited,1219
U3,400,1.25,6,HopcroftKarpMatcher,3,na,dfs_edges_visited,912
U3,400,1.25,6,HopcroftKarpMatcher,3,na,defect_at_iteration,7
U3,400,1.25,6,HopcroftKarpMatcher,4,na,paths_found_per_phase,1
U3,400,1.25,6,HopcroftKarpMatcher,4,na,bfs_edges_visited,1122
U3,400,1.25,6,HopcroftKarpMatcher,4,na,dfs_edges_visited,1001
U3,400,1.25,6,HopcroftKarpMatcher,4,na,defect_at_iteration,6
U3,400,1.25,6,HopcroftKarpMatcher,5,na,paths_found_per_phase,1
U3,400,1.25,6,HopcroftKarpMatcher,5,na,bfs_edges_visited,1309
U3,400,1.25,6,HopcroftKarpMatcher,5,na,dfs_edges_visited,1554
U3,400,1.25,6,HopcroftKarpMatcher,5,na,defect_at_iteration,5
U3,400,1.25,6,HopcroftKarpMatcher,-1,na,phase_count,6
U3,400,1.25,6,HopcroftKarpMatcher,-1,na,main_loop_iters,6
U3,400,1.25,6,HopcroftKarpMatcher,-1,na,total_bfs_edges_visited,6790
U3,400,1.25,6,HopcroftKarpMatcher,-1,na,total_edges_visited,12943
U3,400,1.25,6,HopcroftKarpMatcher,-1,na,matching_size,395
U3,400,1.25,6,HopcroftKarpMatcher,-1,na,wall_clock_ms,1.50195
U3,400,1.25,6,HopcroftKarpMatcher,-1,na,matching_size,395
U3,800,1.5,0,SimpleAugmentingMatcher,-1,na,wall_clock_ms,75.0234
U3,800,1.5,0,SimpleAugmentingMatcher,-1,na,matching_size,800
U3,800,1.5,0,HopcroftKarpMatcher,0,na,paths_found_per_phase,780
U3,800,1.5,0,HopcroftKarpMatcher,0,na,bfs_edges_visited,22627
U3,800,1.5,0,HopcroftKarpMatcher,0,na,dfs_edges_visited,11357
U3,800,1.5,0,HopcroftKarpMatcher,0,na,defect_at_iteration,20
U3,800,1.5,0,HopcroftKarpMatcher,1,na,paths_found_per_phase,20
U3,800,1.5,0,HopcroftKarpMatcher,1,na,bfs_edges_visited,11056
U3,800,1.5,0,HopcroftKarpMatcher,1,na,dfs_edges_visited,3705
U3,800,1.5,0,HopcroftKarpMatcher,1,na,defect_at_iteration,0
U3,800,1.5,0,HopcroftKarpMatcher,-1,na,phase_count,2
U3,800,1.5,0,HopcroftKarpMatcher,-1,na,main_loop_iters,2
U3,800,1.5,0,HopcroftKarpMatcher,-1,na,total_bfs_edges_visited,33683
U3,800,1.5,0,HopcroftKarpMatcher,-1,na,total_edges_visited,48745
U3,800,1.5,0,HopcroftKarpMatcher,-1,na,matching_size,800
U3,800,1.5,0,HopcroftKarpMatcher,-1,na,wall_clock_ms,1.8464
U3,800,1.5,0,HopcroftKarpMatcher,-1,na,matching_size,800
U3,1600,1.75,18,SimpleAugmentingMatcher,-1,na,wall_clock_ms,1681.74
U3,1600,1.75,18,SimpleAugmentingMatcher,-1,na,matching_size,1600
U3,1600,1.75,18,HopcroftKarpMatcher,0,na,paths_found_per_phase,1597
U3,1600,1.75,18,HopcroftKarpMatcher,0,na,bfs_edges_visited,404771
U3,1600,1.75,18,HopcroftKarpMatcher,0,na,dfs_edges_visited,202524
U3,1600,1.75,18,HopcroftKarpMatcher,0,na,defect_at_iteration,3
U3,1600,1.75,18,HopcroftKarpMatcher,1,na,paths_found_per_phase,3
U3,1600,1.75,18,HopcroftKarpMatcher,1,na,bfs_edges_visited,163398
U3,1600,1.75,18,HopcroftKarpMatcher,1,na,dfs_edges_visited,2012
U3,1600,1.75,18,HopcroftKarpMatcher,1,na,defect_at_iteration,0
U3,1600,1.75,18,HopcroftKarpMatcher,-1,na,phase_count,2
U3,1600,1.75,18,HopcroftKarpMatcher,-1,na,main_loop_iters,2
U3,1600,1.75,18,HopcroftKarpMatcher,-1,na,total_bfs_edges_visited,568169
U3,1600,1.75,18,HopcroftKarpMatcher,-1,na,total_edges_visited,772705
U3,1600,1.75,18,HopcroftKarpMatcher,-1,na,matching_size,1600
U3,1600,1.75,18,HopcroftKarpMatcher,-1,na,wall_clock_ms,12.4583
U3,1600,1.75,18,HopcroftKarpMatcher,-1,na,matching_size,1600
U3,800,2,3,SimpleAugmentingMatcher,-1,na,wall_clock_ms,112.366
U3,800,2,3,SimpleAugmentingMatcher,-1,na,matching_size,800
U3,800,2,3,HopcroftKarpMatcher,0,na,paths_found_per_phase,800
U3,800,2,3,HopcroftKarpMatcher,0,na,bfs_edges_visited,640000
U3,800,2,3,HopcroftKarpMatcher,0,na,dfs_edges_visited,320400
U3,800,2,3,HopcroftKarpMatcher,0,na,defect_at_iteration,0
U3,800,2,3,HopcroftKarpMatcher,-1,na,phase_count,1
U3,800,2,3,HopcroftKarpMatcher,-1,na,main_loop_iters,1
U3,800,2,3,HopcroftKarpMatcher,-1,na,total_bfs_edges_visited,640000
U3,800,2,3,HopcroftKarpMatcher,-1,na,total_edges_visited,960400
U3,800,2,3,HopcroftKarpMatcher,-1,na,matching_size,800
U3,800,2,3,HopcroftKarpMatcher,-1,na,wall_clock_ms,1.28969
U3,800,2,3,HopcroftKarpMatcher,-1,na,matching_size,800
U3,6400,1,5,SimpleAugmentingMatcher,-1,na,wall_clock_ms,37.7792
U3,6400,1,5,SimpleAugmentingMatcher,-1,na,matching_size,3495
U3,6400,1,5,HopcroftKarpMatcher,0,na,paths_found_per_phase,3269
U3,6400,1,5,HopcroftKarpMatcher,0,na,bfs_edges_visited,6400
U3,6400,1,5,HopcroftKarpMatcher,0,na,dfs_edges_visited,4625
U3,6400,1,5,HopcroftKarpMatcher,0,na,defect_at_iteration,3131
U3,6400,1,5,HopcroftKarpMatcher,1,na,paths_found_per_phase,218
U3,6400,1,5,HopcroftKarpMatcher,1,na,bfs_edges_visited,2210
U3,6400,1,5,HopcroftKarpMatcher,1,na,dfs_edges_visited,2246
U3,6400,1,5,HopcroftKarpMatcher,1,na,defect_at_iteration,2913
U3,6400,1,5,HopcroftKarpMatcher,2,na,paths_found_per_phase,5
U3,6400,1,5,HopcroftKarpMatcher,2,na,bfs_edges_visited,1527
U3,6400,1,5,HopcroftKarpMatcher,2,na,dfs_edges_visited,1563
U3,6400,1,5,HopcroftKarpMatcher,2,na,defect_at_iteration,2908
U3,6400,1,5,HopcroftKarpMatcher,3,na,paths_found_per_phase,3
U3,6400,1,5,HopcroftKarpMatcher,3,na,bfs_edges_visited,1547
U3,6400,1,5,HopcroftKarpMatcher,3,na,dfs_edges_visited,1540
U3,6400,1,5,HopcroftKarpMatcher,3,na,defect_at_iteration,2905
U3,6400,1,5,HopcroftKarpMatcher,-1,na,phase_count,4
U3,6400,1,5,HopcroftKarpMatcher,-1,na,main_loop_iters,4
U3,6400,1,5,HopcroftKarpMatcher,-1,na,total_bfs_edges_visited,11684
U3,6400,1,5,HopcroftKarpMatcher,-1,na,total_edges_visited,21658
U3,6400,1,5,HopcroftKarpMatcher,-1,na,matching_size,3495
U3,6400,1,5,HopcroftKarpMatcher,-1,na,wall_clock_ms,226.991
U3,6400,1,5,HopcroftKarpMatcher,-1,na,matching_size,3495
U3,100,2,9,SimpleAugmentingMatcher,-1,na,wall_clock_ms,0.251142
U3,100,2,9,SimpleAugmentingMatcher,-1,na,matching_size,100
U3,100,2,9,HopcroftKarpMatcher,0,na,paths_found_per_phase,100
U3,100,2,9,HopcroftKarpMatcher,0,na,bfs_edges_visited,10000
U3,100,2,9,HopcroftKarpMatcher,0,na,dfs_edges_visited,5050
U3,100,2,9,HopcroftKarpMatcher,0,na,defect_at_iteration,0
U3,100,2,9,HopcroftKarpMatcher,-1,na,phase_count,1
U3,100,2,9,HopcroftKarpMatcher,-1,na,main_loop_iters,1
U3,100,2,9,HopcroftKarpMatcher,-1,na,total_bfs_edges_visited,10000
U3,100,2,9,HopcroftKarpMatcher,-1,na,total_edges_visited,15050
U3,100,2,9,HopcroftKarpMatcher,-1,na,matching_size,100
U3,100,2,9,HopcroftKarpMatcher,-1,na,wall_clock_ms,0.026216
U3,100,2,9,HopcroftKarpMatcher,-1,na,matching_size,100
U3,200,1.5,4,SimpleAugmentingMatcher,-1,na,wall_clock_ms,1.23486
U3,200,1.5,4,SimpleAugmentingMatcher,-1,na,matching_size,200
U3,200,1.5,4,HopcroftKarpMatcher,0,na,paths_found_per_phase,191
U3,200,1.5,4,HopcroftKarpMatcher,0,na,bfs_edges_visited,2828
U3,200,1.5,4,HopcroftKarpMatcher,0,na,dfs_edges_visited,1387
U3,200,1.5,4,HopcroftKarpMatcher,0,na,defect_at_iteration,9
U3,200,1.5,4,HopcroftKarpMatcher,1,na,paths_found_per_phase,9
U3,200,1.5,4,HopcroftKarpMatcher,1,na,bfs_edges_visited,1324
U3,200,1.5,4,HopcroftKarpMatcher,1,na,dfs_edges_visited,669
U3,200,1.5,4,HopcroftKarpMatcher,1,na,defect_at_iteration,0
U3,200,1.5,4,HopcroftKarpMatcher,-1,na,phase_count,2
U3,200,1.5,4,HopcroftKarpMatcher,-1,na,main_loop_iters,2
U3,200,1.5,4,HopcroftKarpMatcher,-1,na,total_bfs_edges_visited,4152
U3,200,1.5,4,HopcroftKarpMatcher,-1,na,total_edges_visited,6208
U3,200,1.5,4,HopcroftKarpMatcher,-1,na,matching_size,200
U3,200,1.5,4,HopcroftKarpMatcher,-1,na,wall_clock_ms,0.162348
U3,200,1.5,4,HopcroftKarpMatcher,-1,na,matching_size,200
U3,3200,1.25,18,SimpleAugmentingMatcher,-1,na,wall_clock_ms,942.246
U3,3200,1.25,18,SimpleAugmentingMatcher,-1,na,matching_size,3199
U3,3200,1.25,18,HopcroftKarpMatcher,0,na,paths_found_per_phase,2907
U3,3200,1.25,18,HopcroftKarpMatcher,0,na,bfs_edges_visited,24067
U3,3200,1.25,18,HopcroftKarpMatcher,0,na,dfs_edges_visited,12256
U3,3200,1.25,18,HopcroftKarpMatcher,0,na,defect_at_iteration,293
U3,3200,1.25,18,HopcroftKarpMatcher,1,na,paths_found_per_phase,265
U3,3200,1.25,18,HopcroftKarpMatcher,1,na,bfs_edges_visited,11827
U3,3200,1.25,18,HopcroftKarpMatcher,1,na,dfs_edges_visited,11385
U3,3200,1.25,18,HopcroftKarpMatcher,1,na,defect_at_iteration,28
U3,3200,1.25,18,HopcroftKarpMatcher,2,na,paths_found_per_phase,22
U3,3200,1.25,18,HopcroftKarpMatcher,2,na,bfs_edges_visited,5705
U3,3200,1.25,18,HopcroftKarpMatcher,2,na,dfs_edges_visited,9591
U3,3200,1.25,18,HopcroftKarpMatcher,2,na,defect_at_iteration,6
U3,3200,1.25,18,HopcroftKarpMatcher,3,na,paths_found_per_phase,4
U3,3200,1.25,18,HopcroftKarpMatcher,3,na,bfs_edges_visited,16601
U3,3200,1.25,18,HopcroftKarpMatcher,3,na,dfs_edges_visited,10118
U3,3200,1.25,18,HopcroftKarpMatcher,3,na,defect_at_iteration,2
U3,3200,1.25,18,HopcroftKarpMatcher,4,na,paths_found_per_phase,1
U3,3200,1.25,18,HopcroftKarpMatcher,4,na,bfs_edges_visited,4639
U3,3200,1.25,18,HopcroftKarpMatcher,4,na,dfs_edges_visited,8751
U3,3200,1.25,18,HopcroftKarpMatcher,4,na,defect_at_iteration,1
U3,3200,1.25,18,HopcroftKarpMatcher,-1,na,phase_count,5
U3,3200,1.25,18,HopcroftKarpMatcher,-1,na,main_loop_iters,5
U3,3200,1.25,18,HopcroftKarpMatcher,-1,na,total_bfs_edges_visited,62839
U3,3200,1.25,18,HopcroftKarpMatcher,-1,na,total_edges_visited,114940
U3,3200,1.25,18,HopcroftKarpMatcher,-1,na,matching_size,3199
U3,3200,1.25,18,HopcroftKarpMatcher,-1,na,wall_clock_ms,48.8633
U3,3200,1.25,18,HopcroftKarpMatcher,-1,na,matching_size,3199
U3,200,1,9,SimpleAugmentingMatcher,-1,na,wall_clock_ms,0.044719
U3,200,1,9,SimpleAugmentingMatcher,-1,na,matching_size,107
U3,200,1,9,HopcroftKarpMatcher,0,na,paths_found_per_phase,103
U3,200,1,9,HopcroftKarpMatcher,0,na,bfs_edges_visited,200
U3,200,1,9,HopcroftKarpMatcher,0,na,dfs_edges_visited,145
U3,200,1,9,HopcroftKarpMatcher,0,na,defect_at_iteration,97
U3,200,1,9,HopcroftKarpMatcher,1,na,paths_found_per_phase,4
U3,200,1,9,HopcroftKarpMatcher,1,na,bfs_edges_visited,53
U3,200,1,9,HopcroftKarpMatcher,1,na,dfs_edges_visited,58
U3,200,1,9,HopcroftKarpMatcher,1,na,defect_at_iteration,93
U3,200,1,9,HopcroftKarpMatcher,-1,na,phase_count,2
U3,200,1,9,HopcroftKarpMatcher,-1,na,main_loop_iters,2
U3,200,1,9,HopcroftKarpMatcher,-1,na,total_bfs_edges_visited,253
U3,200,1,9,HopcroftKarpMatcher,-1,na,total_edges_visited,456
U3,200,1,9,HopcroftKarpMatcher,-1,na,matching_size,107
U3,200,1,9,HopcroftKarpMatcher,-1,na,wall_clock_ms,0.15126
U3,200,1,9,HopcroftKarpMatcher,-1,na,matching_size,107
U3,3200,1.25,19,SimpleAugmentingMatcher,-1,na,wall_clock_ms,961.199
U3,3200,1.25,19,SimpleAugmentingMatcher,-1,na,matching_size,3199
U3,3200,1.25,19,HopcroftKarpMatcher,0,na,paths_found_per_phase,2905
U3,3200,1.25,19,HopcroftKarpMatcher,0,na,bfs_edges_visited,24067
U3,3200,1.25,19,HopcroftKarpMatcher,0,na,dfs_edges_visited,12341
U3,3200,1.25,19,HopcroftKarpMatcher,0,na,defect_at_iteration,295
U3,3200,1.25,19,HopcroftKarpMatcher,1,na,paths_found_per_phase,269
U3,3200,1.25,19,HopcroftKarpMatcher,1,na,bfs_edges_visited,11539
U3,3200,1.25,19,HopcroftKarpMatcher,1,na,dfs_edges_visited,11136
U3,3200,1.25,19,HopcroftKarpMatcher,1,na,defect_at_iteration,26
U3,3200,1.25,19,HopcroftKarpMatcher,2,na,paths_found_per_phase,18
U3,3200,1.25,19,HopcroftKarpMatcher,2,na,bfs_edges_visited,5749
U3,3200,1.25,19,HopcroftKarpMatcher,2,na,dfs_edges_visited,11439
U3,3200,1.25,19,HopcroftKarpMatcher,2,na,defect_at_iteration,8
U3,3200,1.25,19,HopcroftKarpMatcher,3,na,paths_found_per_phase,6
U3,3200,1.25,19,HopcroftKarpMatcher,3,na,bfs_edges_visited,17625
U3,3200,1.25,19,HopcroftKarpMatcher,3,na,dfs_edges_visited,16504
U3,3200,1.25,19,HopcroftKarpMatcher,3,na,defect_at_iteration,2
U3,3200,1.25,19,HopcroftKarpMatcher,4,na,paths_found_per_phase,1
U3,3200,1.25,19,HopcroftKarpMatcher,4,na,bfs_edges_visited,15608
U3,3200,1.25,19,HopcroftKarpMatcher,4,na,dfs_edges_visited,7746
U3,3200,1.25,19,HopcroftKarpMatcher,4,na,defect_at_iteration,1
U3,3200,1.25,19,HopcroftKarpMatcher,-1,na,phase_count,5
U3,3200,1.25,19,HopcroftKarpMatcher,-1,na,main_loop_iters,5
U3,3200,1.25,19,HopcroftKarpMatcher,-1,na,total_bfs_edges_visited,74588
U3,3200,1.25,19,HopcroftKarpMatcher,-1,na,total_edges_visited,133754
U3,3200,1.25,19,HopcroftKarpMatcher,-1,na,matching_size,3199
U3,3200,1.25,19,HopcroftKarpMatcher,-1,na,wall_clock_ms,56.656
U3,3200,1.25,19,HopcroftKarpMatcher,-1,na,matching_size,3199
U3,6400,1.75,17,SimpleAugmentingMatcher,-1,na,wall_clock_ms,89061.8
U3,6400,1.75,17,SimpleAugmentingMatcher,-1,na,matching_size,6400
U3,6400,1.75,17,HopcroftKarpMatcher,0,na,paths_found_per_phase,6393
U3,6400,1.75,17,HopcroftKarpMatcher,0,na,bfs_edges_visited,4.57947e+06
U3,6400,1.75,17,HopcroftKarpMatcher,0,na,dfs_edges_visited,2.29072e+06
U3,6400,1.75,17,HopcroftKarpMatcher,0,na,defect_at_iteration,7
U3,6400,1.75,17,HopcroftKarpMatcher,1,na,paths_found_per_phase,7
U3,6400,1.75,17,HopcroftKarpMatcher,1,na,bfs_edges_visited,2.63267e+06
U3,6400,1.75,17,HopcroftKarpMatcher,1,na,dfs_edges_visited,17433
U3,6400,1.75,17,HopcroftKarpMatcher,1,na,defect_at_iteration,0
U3,6400,1.75,17,HopcroftKarpMatcher,-1,na,phase_count,2
U3,6400,1.75,17,HopcroftKarpMatcher,-1,na,main_loop_iters,2
U3,6400,1.75,17,HopcroftKarpMatcher,-1,na,total_bfs_edges_visited,7.21214e+06
U3,6400,1.75,17,HopcroftKarpMatcher,-1,na,total_edges_visited,9.52028e+06
U3,6400,1.75,17,HopcroftKarpMatcher,-1,na,matching_size,6400
U3,6400,1.75,17,HopcroftKarpMatcher,-1,na,wall_clock_ms,178.691
U3,6400,1.75,17,HopcroftKarpMatcher,-1,na,matching_size,6400
U3,1600,2,19,SimpleAugmentingMatcher,-1,na,wall_clock_ms,887.436
U3,1600,2,19,SimpleAugmentingMatcher,-1,na,matching_size,1600
U3,1600,2,19,HopcroftKarpMatcher,0,na,paths_found_per_phase,1600
U3,1600,2,19,HopcroftKarpMatcher,0,na,bfs_edges_visited,2.56e+06
U3,1600,2,19,HopcroftKarpMatcher,0,na,dfs_edges_visited,1.2808e+06
U3,1600,2,19,HopcroftKarpMatcher,0,na,defect_at_iteration,0
U3,1600,2,19,HopcroftKarpMatcher,-1,na,phase_count,1
U3,1600,2,19,HopcroftKarpMatcher,-1,na,main_loop_iters,1
U3,1600,2,19,HopcroftKarpMatcher,-1,na,total_bfs_edges_visited,2.56e+06
U3,1600,2,19,HopcroftKarpMatcher,-1,na,total_edges_visited,3.8408e+06
U3,1600,2,19,HopcroftKarpMatcher,-1,na,matching_size,1600
U3,1600,2,19,HopcroftKarpMatcher,-1,na,wall_clock_ms,5.11252
U3,1600,2,19,HopcroftKarpMatcher,-1,na,matching_size,1600
U3,1600,1,3,SimpleAugmentingMatcher,-1,na,wall_clock_ms,2.40129
U3,1600,1,3,SimpleAugmentingMatcher,-1,na,matching_size,876
U3,1600,1,3,HopcroftKarpMatcher,0,na,paths_found_per_phase,814
U3,1600,1,3,HopcroftKarpMatcher,0,na,bfs_edges_visited,1600
U3,1600,1,3,HopcroftKarpMatcher,0,na,dfs_edges_visited,1148
U3,1600,1,3,HopcroftKarpMatcher,0,na,defect_at_iteration,786
U3,1600,1,3,HopcroftKarpMatcher,1,na,paths_found_per_phase,53
U3,1600,1,3,HopcroftKarpMatcher,1,na,bfs_edges_visited,534
U3,1600,1,3,HopcroftKarpMatcher,1,na,dfs_edges_visited,546
U3,1600,1,3,HopcroftKarpMatcher,1,na,defect_at_iteration,733
U3,1600,1,3,HopcroftKarpMatcher,2,na,paths_found_per_phase,8
U3,1600,1,3,HopcroftKarpMatcher,2,na,bfs_edges_visited,372
U3,1600,1,3,HopcroftKarpMatcher,2,na,dfs_edges_visited,361
U3,1600,1,3,HopcroftKarpMatcher,2,na,defect_at_iteration,725
U3,1600,1,3,HopcroftKarpMatcher,3,na,paths_found_per_phase,1
U3,1600,1,3,HopcroftKarpMatcher,3,na,bfs_edges_visited,304
U3,1600,1,3,HopcroftKarpMatcher,3,na,dfs_edges_visited,291
U3,1600,1,3,HopcroftKarpMatcher,3,na,defect_at_iteration,724
U3,1600,1,3,HopcroftKarpMatcher,-1,na,phase_count,4
U3,1600,1,3,HopcroftKarpMatcher,-1,na,main_loop_iters,4
U3,1600,1,3,HopcroftKarpMatcher,-1,na,total_bfs_edges_visited,2810
U3,1600,1,3,HopcroftKarpMatcher,-1,na,total_edges_visited,5156
U3,1600,1,3,HopcroftKarpMatcher,-1,na,matching_size,876
U3,1600,1,3,HopcroftKarpMatcher,-1,na,wall_clock_ms,14.1021
U3,1600,1,3,HopcroftKarpMatcher,-1,na,matching_size,876
U3,400,1.25,14,SimpleAugmentingMatcher,-1,na,wall_clock_ms,2.6554
U3,400,1.25,14,SimpleAugmentingMatcher,-1,na,matching_size,393
U3,400,1.25,14,HopcroftKarpMatcher,0,na,paths_found_per_phase,333
U3,400,1.25,14,HopcroftKarpMatcher,0,na,bfs_edges_visited,1788
U3,400,1.25,14,HopcroftKarpMatcher,0,na,dfs_edges_visited,947
U3,400,1.25,14,HopcroftKarpMatcher,0,na,defect_at_iteration,67
U3,400,1.25,14,HopcroftKarpMatcher,1,na,paths_found_per_phase,49
U3,400,1.25,14,HopcroftKarpMatcher,1,na,bfs_edges_visited,906
U3,400,1.25,14,HopcroftKarpMatcher,1,na,dfs_edges_visited,934
U3,400,1.25,14,HopcroftKarpMatcher,1,na,defect_at_iteration,18
U3,400,1.25,14,HopcroftKarpMatcher,2,na,paths_found_per_phase,7
U3,400,1.25,14,HopcroftKarpMatcher,2,na,bfs_edges_visited,435
U3,400,1.25,14,HopcroftKarpMatcher,2,na,dfs_edges_visited,642
U3,400,1.25,14,HopcroftKarpMatcher,2,na,defect_at_iteration,11
U3,400,1.25,14,HopcroftKarpMatcher,3,na,paths_found_per_phase,3
U3,400,1.25,14,HopcroftKarpMatcher,3,na,bfs_edges_visited,543
U3,400,1.25,14,HopcroftKarpMatcher,3,na,dfs_edges_visited,352
U3,400,1.25,14,HopcroftKarpMatcher,3,na,defect_at_iteration,8
U3,400,1.25,14,HopcroftKarpMatcher,4,na,paths_found_per_phase,1
U3,400,1.25,14,HopcroftKarpMatcher,4,na,bfs_edges_visited,196
U3,400,1.25,14,HopcroftKarpMatcher,4,na,dfs_edges_visited,52
U3,400,1.25,14,HopcroftKarpMatcher,4,na,defect_at_iteration,7
U3,400,1.25,14,HopcroftKarpMatcher,-1,na,phase_count,5
U3,400,1.25,14,HopcroftKarpMatcher,-1,na,main_loop_iters,5
U3,400,1.25,14,HopcroftKarpMatcher,-1,na,total_bfs_edges_visited,3868
U3,400,1.25,14,HopcroftKarpMatcher,-1,na,total_edges_visited,6795
U3,400,1.25,14,HopcroftKarpMatcher,-1,na,matching_size,393
U3,400,1.25,14,HopcroftKarpMatcher,-1,na,wall_clock_ms,0.725417
U3,400,1.25,14,HopcroftKarpMatcher,-1,na,matching_size,393
U3,6400,1,6,SimpleAugmentingMatcher,-1,na,wall_clock_ms,38.843
U3,6400,1,6,SimpleAugmentingMatcher,-1,na,matching_size,3454
U3,6400,1,6,HopcroftKarpMatcher,0,na,paths_found_per_phase,3236
U3,6400,1,6,HopcroftKarpMatcher,0,na,bfs_edges_visited,6400
U3,6400,1,6,HopcroftKarpMatcher,0,na,dfs_edges_visited,4611
U3,6400,1,6,HopcroftKarpMatcher,0,na,defect_at_iteration,3164
U3,6400,1,6,HopcroftKarpMatcher,1,na,paths_found_per_phase,205
U3,6400,1,6,HopcroftKarpMatcher,1,na,bfs_edges_visited,2252
U3,6400,1,6,HopcroftKarpMatcher,1,na,dfs_edges_visited,2360
U3,6400,1,6,HopcroftKarpMatcher,1,na,defect_at_iteration,2959
U3,6400,1,6,HopcroftKarpMatcher,2,na,paths_found_per_phase,11
U3,6400,1,6,HopcroftKarpMatcher,2,na,bfs_edges_visited,1661
U3,6400,1,6,HopcroftKarpMatcher,2,na,dfs_edges_visited,1699
U3,6400,1,6,HopcroftKarpMatcher,2,na,defect_at_iteration,2948
U3,6400,1,6,HopcroftKarpMatcher,3,na,paths_found_per_phase,2
U3,6400,1,6,HopcroftKarpMatcher,3,na,bfs_edges_visited,1651
U3,6400,1,6,HopcroftKarpMatcher,3,na,dfs_edges_visited,1642
U3,6400,1,6,HopcroftKarpMatcher,3,na,defect_at_iteration,2946
U3,6400,1,6,HopcroftKarpMatcher,-1,na,phase_count,4
U3,6400,1,6,HopcroftKarpMatcher,-1,na,main_loop_iters,4
U3,6400,1,6,HopcroftKarpMatcher,-1,na,total_bfs_edges_visited,11964
U3,6400,1,6,HopcroftKarpMatcher,-1,na,total_edges_visited,22276
U3,6400,1,6,HopcroftKarpMatcher,-1,na,matching_size,3454
U3,6400,1,6,HopcroftKarpMatcher,-1,na,wall_clock_ms,230.663
U3,6400,1,6,HopcroftKarpMatcher,-1,na,matching_size,3454
U3,800,1.75,8,SimpleAugmentingMatcher,-1,na,wall_clock_ms,227.169
U3,800,1.75,8,SimpleAugmentingMatcher,-1,na,matching_size,800
U3,800,1.75,8,HopcroftKarpMatcher,0,na,paths_found_per_phase,798
U3,800,1.75,8,HopcroftKarpMatcher,0,na,bfs_edges_visited,120339
U3,800,1.75,8,HopcroftKarpMatcher,0,na,dfs_edges_visited,60266
U3,800,1.75,8,HopcroftKarpMatcher,0,na,defect_at_iteration,2
U3,800,1.75,8,HopcroftKarpMatcher,1,na,paths_found_per_phase,2
U3,800,1.75,8,HopcroftKarpMatcher,1,na,bfs_edges_visited,41873
U3,800,1.75,8,HopcroftKarpMatcher,1,na,dfs_edges_visited,307
U3,800,1.75,8,HopcroftKarpMatcher,1,na,defect_at_iteration,0
U3,800,1.75,8,HopcroftKarpMatcher,-1,na,phase_count,2
U3,800,1.75,8,HopcroftKarpMatcher,-1,na,main_loop_iters,2
U3,800,1.75,8,HopcroftKarpMatcher,-1,na,total_bfs_edges_visited,162212
U3,800,1.75,8,HopcroftKarpMatcher,-1,na,total_edges_visited,222785
U3,800,1.75,8,HopcroftKarpMatcher,-1,na,matching_size,800
U3,800,1.75,8,HopcroftKarpMatcher,-1,na,wall_clock_ms,3.4365
U3,800,1.75,8,HopcroftKarpMatcher,-1,na,matching_size,800
U3,100,1.5,15,SimpleAugmentingMatcher,-1,na,wall_clock_ms,0.18991
U3,100,1.5,15,SimpleAugmentingMatcher,-1,na,matching_size,100
U3,100,1.5,15,HopcroftKarpMatcher,0,na,paths_found_per_phase,93
U3,100,1.5,15,HopcroftKarpMatcher,0,na,bfs_edges_visited,1000
U3,100,1.5,15,HopcroftKarpMatcher,0,na,dfs_edges_visited,485
U3,100,1.5,15,HopcroftKarpMatcher,0,na,defect_at_iteration,7
U3,100,1.5,15,HopcroftKarpMatcher,1,na,paths_found_per_phase,7
U3,100,1.5,15,HopcroftKarpMatcher,1,na,bfs_edges_visited,419
U3,100,1.5,15,HopcroftKarpMatcher,1,na,dfs_edges_visited,318
U3,100,1.5,15,HopcroftKarpMatcher,1,na,defect_at_iteration,0
U3,100,1.5,15,HopcroftKarpMatcher,-1,na,phase_count,2
U3,100,1.5,15,HopcroftKarpMatcher,-1,na,main_loop_iters,2
U3,100,1.5,15,HopcroftKarpMatcher,-1,na,total_bfs_edges_visited,1419
U3,100,1.5,15,HopcroftKarpMatcher,-1,na,total_edges_visited,2222
U3,100,1.5,15,HopcroftKarpMatcher,-1,na,matching_size,100
U3,100,1.5,15,HopcroftKarpMatcher,-1,na,wall_clock_ms,0.054053
U3,100,1.5,15,HopcroftKarpMatcher,-1,na,matching_size,100
U3,800,1.75,3,SimpleAugmentingMatcher,-1,na,wall_clock_ms,228.873
U3,800,1.75,3,SimpleAugmentingMatcher,-1,na,matching_size,800
U3,800,1.75,3,HopcroftKarpMatcher,0,na,paths_found_per_phase,796
U3,800,1.75,3,HopcroftKarpMatcher,0,na,bfs_edges_visited,120339
U3,800,1.75,3,HopcroftKarpMatcher,0,na,dfs_edges_visited,60292
U3,800,1.75,3,HopcroftKarpMatcher,0,na,defect_at_iteration,4
U3,800,1.75,3,HopcroftKarpMatcher,1,na,paths_found_per_phase,4
U3,800,1.75,3,HopcroftKarpMatcher,1,na,bfs_edges_visited,70776
U3,800,1.75,3,HopcroftKarpMatcher,1,na,dfs_edges_visited,2094
U3,800,1.75,3,HopcroftKarpMatcher,1,na,defect_at_iteration,0
U3,800,1.75,3,HopcroftKarpMatcher,-1,na,phase_count,2
U3,800,1.75,3,HopcroftKarpMatcher,-1,na,main_loop_iters,2
U3,800,1.75,3,HopcroftKarpMatcher,-1,na,total_bfs_edges_visited,191115
U3,800,1.75,3,HopcroftKarpMatcher,-1,na,total_edges_visited,253501
U3,800,1.75,3,HopcroftKarpMatcher,-1,na,matching_size,800
U3,800,1.75,3,HopcroftKarpMatcher,-1,na,wall_clock_ms,4.09734
U3,800,1.75,3,HopcroftKarpMatcher,-1,na,matching_size,800
U3,200,1,6,SimpleAugmentingMatcher,-1,na,wall_clock_ms,0.039734
U3,200,1,6,SimpleAugmentingMatcher,-1,na,matching_size,118
U3,200,1,6,HopcroftKarpMatcher,0,na,paths_found_per_phase,112
U3,200,1,6,HopcroftKarpMatcher,0,na,bfs_edges_visited,200
U3,200,1,6,HopcroftKarpMatcher,0,na,dfs_edges_visited,150
U3,200,1,6,HopcroftKarpMatcher,0,na,defect_at_iteration,88
U3,200,1,6,HopcroftKarpMatcher,1,na,paths_found_per_phase,6
U3,200,1,6,HopcroftKarpMatcher,1,na,bfs_edges_visited,52
U3,200,1,6,HopcroftKarpMatcher,1,na,dfs_edges_visited,52
U3,200,1,6,HopcroftKarpMatcher,1,na,defect_at_iteration,82
U3,200,1,6,HopcroftKarpMatcher,-1,na,phase_count,2
U3,200,1,6,HopcroftKarpMatcher,-1,na,main_loop_iters,2
U3,200,1,6,HopcroftKarpMatcher,-1,na,total_bfs_edges_visited,252
U3,200,1,6,HopcroftKarpMatcher,-1,na,total_edges_visited,454
U3,200,1,6,HopcroftKarpMatcher,-1,na,matching_size,118
U3,200,1,6,HopcroftKarpMatcher,-1,na,wall_clock_ms,0.221082
U3,200,1,6,HopcroftKarpMatcher,-1,na,matching_size,118
U3,200,1.25,3,SimpleAugmentingMatcher,-1,na,wall_clock_ms,0.547959
U3,200,1.25,3,SimpleAugmentingMatcher,-1,na,matching_size,195
U3,200,1.25,3,HopcroftKarpMatcher,0,na,paths_found_per_phase,162
U3,200,1.25,3,HopcroftKarpMatcher,0,na,bfs_edges_visited,752
U3,200,1.25,3,HopcroftKarpMatcher,0,na,dfs_edges_visited,424
U3,200,1.25,3,HopcroftKarpMatcher,0,na,defect_at_iteration,38
U3,200,1.25,3,HopcroftKarpMatcher,1,na,paths_found_per_phase,21
U3,200,1.25,3,HopcroftKarpMatcher,1,na,bfs_edges_visited,446
U3,200,1.25,3,HopcroftKarpMatcher,1,na,dfs_edges_visited,404
U3,200,1.25,3,HopcroftKarpMatcher,1,na,defect_at_iteration,17
U3,200,1.25,3,HopcroftKarpMatcher,2,na,paths_found_per_phase,7
U3,200,1.25,3,HopcroftKarpMatcher,2,na,bfs_edges_visited,291
U3,200,1.25,3,HopcroftKarpMatcher,2,na,dfs_edges_visited,351
U3,200,1.25,3,HopcroftKarpMatcher,2,na,defect_at_iteration,10
U3,200,1.25,3,HopcroftKarpMatcher,3,na,paths_found_per_phase,1
U3,200,1.25,3,HopcroftKarpMatcher,3,na,bfs_edges_visited,447
U3,200,1.25,3,HopcroftKarpMatcher,3,na,dfs_edges_visited,424
U3,200,1.25,3,HopcroftKarpMatcher,3,na,defect_at_iteration,9
U3,200,1.25,3,HopcroftKarpMatcher,4,na,paths_found_per_phase,3
U3,200,1.25,3,HopcroftKarpMatcher,4,na,bfs_edges_visited,628
U3,200,1.25,3,HopcroftKarpMatcher,4,na,dfs_edges_visited,465
U3,200,1.25,3,HopcroftKarpMatcher,4,na,defect_at_iteration,6
U3,200,1.25,3,HopcroftKarpMatcher,5,na,paths_found_per_phase,1
U3,200,1.25,3,HopcroftKarpMatcher,5,na,bfs_edges_visited,618
U3,200,1.25,3,HopcroftKarpMatcher,5,na,dfs_edges_visited,360
U3,200,1.25,3,HopcroftKarpMatcher,5,na,defect_at_iteration,5
U3,200,1.25,3,HopcroftKarpMatcher,-1,na,phase_count,6
U3,200,1.25,3,HopcroftKarpMatcher,-1,na,main_loop_iters,6
U3,200,1.25,3,HopcroftKarpMatcher,-1,na,total_bfs_edges_visited,3182
U3,200,1.25,3,HopcroftKarpMatcher,-1,na,total_edges_visited,5610
U3,200,1.25,3,HopcroftKarpMatcher,-1,na,matching_size,195
U3,200,1.25,3,HopcroftKarpMatcher,-1,na,wall_clock_ms,0.432671
U3,200,1.25,3,HopcroftKarpMatcher,-1,na,matching_size,195
U3,6400,1,17,SimpleAugmentingMatcher,-1,na,wall_clock_ms,38.5117
U3,6400,1,17,SimpleAugmentingMatcher,-1,na,matching_size,3453
U3,6400,1,17,HopcroftKarpMatcher,0,na,paths_found_per_phase,3221
U3,6400,1,17,HopcroftKarpMatcher,0,na,bfs_edges_visited,6400
U3,6400,1,17,HopcroftKarpMatcher,0,na,dfs_edges_visited,4644
U3,6400,1,17,HopcroftKarpMatcher,0,na,defect_at_iteration,3179
U3,6400,1,17,HopcroftKarpMatcher,1,na,paths_found_per_phase,220
U3,6400,1,17,HopcroftKarpMatcher,1,na,bfs_edges_visited,2398
U3,6400,1,17,HopcroftKarpMatcher,1,na,dfs_edges_visited,2480
U3,6400,1,17,HopcroftKarpMatcher,1,na,defect_at_iteration,2959
U3,6400,1,17,HopcroftKarpMatcher,2,na,paths_found_per_phase,12
U3,6400,1,17,HopcroftKarpMatcher,2,na,bfs_edges_visited,1726
U3,6400,1,17,HopcroftKarpMatcher,2,na,dfs_edges_visited,1776
U3,6400,1,17,HopcroftKarpMatcher,2,na,defect_at_iteration,2947
U3,6400,1,17,HopcroftKarpMatcher,-1,na,phase_count,3
U3,6400,1,17,HopcroftKarpMatcher,-1,na,main_loop_iters,3
U3,6400,1,17,HopcroftKarpMatcher,-1,na,total_bfs_edges_visited,10524
U3,6400,1,17,HopcroftKarpMatcher,-1,na,total_edges_visited,19424
U3,6400,1,17,HopcroftKarpMatcher,-1,na,matching_size,3453
U3,6400,1,17,HopcroftKarpMatcher,-1,na,wall_clock_ms,186.378
U3,6400,1,17,HopcroftKarpMatcher,-1,na,matching_size,3453
U3,3200,1.5,2,SimpleAugmentingMatcher,-1,na,wall_clock_ms,4880.67
U3,3200,1.5,2,SimpleAugmentingMatcher,-1,na,matching_size,3200
U3,3200,1.5,2,HopcroftKarpMatcher,0,na,paths_found_per_phase,3161
U3,3200,1.5,2,HopcroftKarpMatcher,0,na,bfs_edges_visited,181019
U3,3200,1.5,2,HopcroftKarpMatcher,0,na,dfs_edges_visited,90789
U3,3200,1.5,2,HopcroftKarpMatcher,0,na,defect_at_iteration,39
U3,3200,1.5,2,HopcroftKarpMatcher,1,na,paths_found_per_phase,39
U3,3200,1.5,2,HopcroftKarpMatcher,1,na,bfs_edges_visited,90735
U3,3200,1.5,2,HopcroftKarpMatcher,1,na,dfs_edges_visited,15623
U3,3200,1.5,2,HopcroftKarpMatcher,1,na,defect_at_iteration,0
U3,3200,1.5,2,HopcroftKarpMatcher,-1,na,phase_count,2
U3,3200,1.5,2,HopcroftKarpMatcher,-1,na,main_loop_iters,2
U3,3200,1.5,2,HopcroftKarpMatcher,-1,na,total_bfs_edges_visited,271754
U3,3200,1.5,2,HopcroftKarpMatcher,-1,na,total_edges_visited,378166
U3,3200,1.5,2,HopcroftKarpMatcher,-1,na,matching_size,3200
U3,3200,1.5,2,HopcroftKarpMatcher,-1,na,wall_clock_ms,24.3316
U3,3200,1.5,2,HopcroftKarpMatcher,-1,na,matching_size,3200
U3,3200,1.5,8,SimpleAugmentingMatcher,-1,na,wall_clock_ms,4876.61
U3,3200,1.5,8,SimpleAugmentingMatcher,-1,na,matching_size,3200
U3,3200,1.5,8,HopcroftKarpMatcher,0,na,paths_found_per_phase,3160
U3,3200,1.5,8,HopcroftKarpMatcher,0,na,bfs_edges_visited,181019
U3,3200,1.5,8,HopcroftKarpMatcher,0,na,dfs_edges_visited,90514
U3,3200,1.5,8,HopcroftKarpMatcher,0,na,defect_at_iteration,40
U3,3200,1.5,8,HopcroftKarpMatcher,1,na,paths_found_per_phase,40
U3,3200,1.5,8,HopcroftKarpMatcher,1,na,bfs_edges_visited,91135
U3,3200,1.5,8,HopcroftKarpMatcher,1,na,dfs_edges_visited,19426
U3,3200,1.5,8,HopcroftKarpMatcher,1,na,defect_at_iteration,0
U3,3200,1.5,8,HopcroftKarpMatcher,-1,na,phase_count,2
U3,3200,1.5,8,HopcroftKarpMatcher,-1,na,main_loop_iters,2
U3,3200,1.5,8,HopcroftKarpMatcher,-1,na,total_bfs_edges_visited,272154
U3,3200,1.5,8,HopcroftKarpMatcher,-1,na,total_edges_visited,382094
U3,3200,1.5,8,HopcroftKarpMatcher,-1,na,matching_size,3200
U3,3200,1.5,8,HopcroftKarpMatcher,-1,na,wall_clock_ms,24.6386
U3,3200,1.5,8,HopcroftKarpMatcher,-1,na,matching_size,3200
U3,6400,1.25,6,SimpleAugmentingMatcher,-1,na,wall_clock_ms,7895.84
U3,6400,1.25,6,SimpleAugmentingMatcher,-1,na,matching_size,6400
U3,6400,1.25,6,HopcroftKarpMatcher,0,na,paths_found_per_phase,5917
U3,6400,1.25,6,HopcroftKarpMatcher,0,na,bfs_edges_visited,57243
U3,6400,1.25,6,HopcroftKarpMatcher,0,na,dfs_edges_visited,29221
U3,6400,1.25,6,HopcroftKarpMatcher,0,na,defect_at_iteration,483
U3,6400,1.25,6,HopcroftKarpMatcher,1,na,paths_found_per_phase,459
U3,6400,1.25,6,HopcroftKarpMatcher,1,na,bfs_edges_visited,27956
U3,6400,1.25,6,HopcroftKarpMatcher,1,na,dfs_edges_visited,25975
U3,6400,1.25,6,HopcroftKarpMatcher,1,na,defect_at_iteration,24
U3,6400,1.25,6,HopcroftKarpMatcher,2,na,paths_found_per_phase,20
U3,6400,1.25,6,HopcroftKarpMatcher,2,na,bfs_edges_visited,11518
U3,6400,1.25,6,HopcroftKarpMatcher,2,na,dfs_edges_visited,23539
U3,6400,1.25,6,HopcroftKarpMatcher,2,na,defect_at_iteration,4
U3,6400,1.25,6,HopcroftKarpMatcher,3,na,paths_found_per_phase,3
U3,6400,1.25,6,HopcroftKarpMatcher,3,na,bfs_edges_visited,44249
U3,6400,1.25,6,HopcroftKarpMatcher,3,na,dfs_edges_visited,26790
U3,6400,1.25,6,HopcroftKarpMatcher,3,na,defect_at_iteration,1
U3,6400,1.25,6,HopcroftKarpMatcher,4,na,paths_found_per_phase,1
U3,6400,1.25,6,HopcroftKarpMatcher,4,na,bfs_edges_visited,38781
U3,6400,1.25,6,HopcroftKarpMatcher,4,na,dfs_edges_visited,45464
U3,6400,1.25,6,HopcroftKarpMatcher,4,na,defect_at_iteration,0
U3,6400,1.25,6,HopcroftKarpMatcher,-1,na,phase_count,5
U3,6400,1.25,6,HopcroftKarpMatcher,-1,na,main_loop_iters,5
U3,6400,1.25,6,HopcroftKarpMatcher,-1,na,total_bfs_edges_visited,179747
U3,6400,1.25,6,HopcroftKarpMatcher,-1,na,total_edges_visited,330736
U3,6400,1.25,6,HopcroftKarpMatcher,-1,na,matching_size,6400
U3,6400,1.25,6,HopcroftKarpMatcher,-1,na,wall_clock_ms,232.128
U3,6400,1.25,6,HopcroftKarpMatcher,-1,na,matching_size,6400
U3,400,2,17,SimpleAugmentingMatcher,-1,na,wall_clock_ms,14.4068
U3,400,2,17,SimpleAugmentingMatcher,-1,na,matching_size,400
U3,400,2,17,HopcroftKarpMatcher,0,na,paths_found_per_phase,400
U3,400,2,17,HopcroftKarpMatcher,0,na,bfs_edges_visited,160000
U3,400,2,17,HopcroftKarpMatcher,0,na,dfs_edges_visited,80200
U3,400,2,17,HopcroftKarpMatcher,0,na,defect_at_iteration,0
U3,400,2,17,HopcroftKarpMatcher,-1,na,phase_count,1
U3,400,2,17,HopcroftKarpMatcher,-1,na,main_loop_iters,1
U3,400,2,17,HopcroftKarpMatcher,-1,na,total_bfs_edges_visited,160000
U3,400,2,17,HopcroftKarpMatcher,-1,na,total_edges_visited,240200
U3,400,2,17,HopcroftKarpMatcher,-1,na,matching_size,400
U3,400,2,17,HopcroftKarpMatcher,-1,na,wall_clock_ms,0.331227
U3,400,2,17,HopcroftKarpMatcher,-1,na,matching_size,400
U3,1600,1.25,6,SimpleAugmentingMatcher,-1,na,wall_clock_ms,129.129
U3,1600,1.25,6,SimpleAugmentingMatcher,-1,na,matching_size,1597
U3,1600,1.25,6,HopcroftKarpMatcher,0,na,paths_found_per_phase,1428
U3,1600,1.25,6,HopcroftKarpMatcher,0,na,bfs_edges_visited,10119
U3,1600,1.25,6,HopcroftKarpMatcher,0,na,dfs_edges_visited,5205
U3,1600,1.25,6,HopcroftKarpMatcher,0,na,defect_at_iteration,172
U3,1600,1.25,6,HopcroftKarpMatcher,1,na,paths_found_per_phase,154
U3,1600,1.25,6,HopcroftKarpMatcher,1,na,bfs_edges_visited,4953
U3,1600,1.25,6,HopcroftKarpMatcher,1,na,dfs_edges_visited,5135
U3,1600,1.25,6,HopcroftKarpMatcher,1,na,defect_at_iteration,18
U3,1600,1.25,6,HopcroftKarpMatcher,2,na,paths_found_per_phase,11
U3,1600,1.25,6,HopcroftKarpMatcher,2,na,bfs_edges_visited,2451
U3,1600,1.25,6,HopcroftKarpMatcher,2,na,dfs_edges_visited,4378
U3,1600,1.25,6,HopcroftKarpMatcher,2,na,defect_at_iteration,7
U3,1600,1.25,6,HopcroftKarpMatcher,3,na,paths_found_per_phase,4
U3,1600,1.25,6,HopcroftKarpMatcher,3,na,bfs_edges_visited,7703
U3,1600,1.25,6,HopcroftKarpMatcher,3,na,dfs_edges_visited,6249
U3,1600,1.25,6,HopcroftKarpMatcher,3,na,defect_at_iteration,3
U3,1600,1.25,6,HopcroftKarpMatcher,-1,na,phase_count,4
U3,1600,1.25,6,HopcroftKarpMatcher,-1,na,main_loop_iters,4
U3,1600,1.25,6,HopcroftKarpMatcher,-1,na,total_bfs_edges_visited,25226
U3,1600,1.25,6,HopcroftKarpMatcher,-1,na,total_edges_visited,46193
U3,1600,1.25,6,HopcroftKarpMatcher,-1,na,matching_size,1597
U3,1600,1.25,6,HopcroftKarpMatcher,-1,na,wall_clock_ms,14.3853
U3,1600,1.25,6,HopcroftKarpMatcher,-1,na,matching_size,1597
U3,6400,1.25,7,SimpleAugmentingMatcher,-1,na,wall_clock_ms,8084.84
U3,6400,1.25,7,SimpleAugmentingMatcher,-1,na,matching_size,6399
U3,6400,1.25,7,HopcroftKarpMatcher,0,na,paths_found_per_phase,5915
U3,6400,1.25,7,HopcroftKarpMatcher,0,na,bfs_edges_visited,57243
U3,6400,1.25,7,HopcroftKarpMatcher,0,na,dfs_edges_visited,29479
U3,6400,1.25,7,HopcroftKarpMatcher,0,na,defect_at_iteration,485
U3,6400,1.25,7,HopcroftKarpMatcher,1,na,paths_found_per_phase,459
U3,6400,1.25,7,HopcroftKarpMatcher,1,na,bfs_edges_visited,28440
U3,6400,1.25,7,HopcroftKarpMatcher,1,na,dfs_edges_visited,23658
U3,6400,1.25,7,HopcroftKarpMatcher,1,na,defect_at_iteration,26
U3,6400,1.25,7,HopcroftKarpMatcher,2,na,paths_found_per_phase,22
U3,6400,1.25,7,HopcroftKarpMatcher,2,na,bfs_edges_visited,11164
U3,6400,1.25,7,HopcroftKarpMatcher,2,na,dfs_edges_visited,21934
U3,6400,1.25,7,HopcroftKarpMatcher,2,na,defect_at_iteration,4
U3,6400,1.25,7,HopcroftKarpMatcher,3,na,paths_found_per_phase,3
U3,6400,1.25,7,HopcroftKarpMatcher,3,na,bfs_edges_visited,48205
U3,6400,1.25,7,HopcroftKarpMatcher,3,na,dfs_edges_visited,26257
U3,6400,1.25,7,HopcroftKarpMatcher,3,na,defect_at_iteration,1
U3,6400,1.25,7,HopcroftKarpMatcher,-1,na,phase_count,4
U3,6400,1.25,7,HopcroftKarpMatcher,-1,na,main_loop_iters,4
U3,6400,1.25,7,HopcroftKarpMatcher,-1,na,total_bfs_edges_visited,145052
U3,6400,1.25,7,HopcroftKarpMatcher,-1,na,total_edges_visited,246380
U3,6400,1.25,7,HopcroftKarpMatcher,-1,na,matching_size,6399
U3,6400,1.25,7,HopcroftKarpMatcher,-1,na,wall_clock_ms,213.313
U3,6400,1.25,7,HopcroftKarpMatcher,-1,na,matching_size,6399
U3,200,2,6,SimpleAugmentingMatcher,-1,na,wall_clock_ms,1.87508
U3,200,2,6,SimpleAugmentingMatcher,-1,na,matching_size,200
U3,200,2,6,HopcroftKarpMatcher,0,na,paths_found_per_phase,200
U3,200,2,6,HopcroftKarpMatcher,0,na,bfs_edges_visited,40000
U3,200,2,6,HopcroftKarpMatcher,0,na,dfs_edges_visited,20100
U3,200,2,6,HopcroftKarpMatcher,0,na,defect_at_iteration,0
U3,200,2,6,HopcroftKarpMatcher,-1,na,phase_count,1
U3,200,2,6,HopcroftKarpMatcher,-1,na,main_loop_iters,1
U3,200,2,6,HopcroftKarpMatcher,-1,na,total_bfs_edges_visited,40000
U3,200,2,6,HopcroftKarpMatcher,-1,na,total_edges_visited,60100
U3,200,2,6,HopcroftKarpMatcher,-1,na,matching_size,200
U3,200,2,6,HopcroftKarpMatcher,-1,na,wall_clock_ms,0.088624
U3,200,2,6,HopcroftKarpMatcher,-1,na,matching_size,200
U3,1600,1.75,12,SimpleAugmentingMatcher,-1,na,wall_clock_ms,1687.09
U3,1600,1.75,12,SimpleAugmentingMatcher,-1,na,matching_size,1600
U3,1600,1.75,12,HopcroftKarpMatcher,0,na,paths_found_per_phase,1595
U3,1600,1.75,12,HopcroftKarpMatcher,0,na,bfs_edges_visited,404771
U3,1600,1.75,12,HopcroftKarpMatcher,0,na,dfs_edges_visited,202076
U3,1600,1.75,12,HopcroftKarpMatcher,0,na,defect_at_iteration,5
U3,1600,1.75,12,HopcroftKarpMatcher,1,na,paths_found_per_phase,5
U3,1600,1.75,12,HopcroftKarpMatcher,1,na,bfs_edges_visited,226341
U3,1600,1.75,12,HopcroftKarpMatcher,1,na,dfs_edges_visited,6964
U3,1600,1.75,12,HopcroftKarpMatcher,1,na,defect_at_iteration,0
U3,1600,1.75,12,HopcroftKarpMatcher,-1,na,phase_count,2
U3,1600,1.75,12,HopcroftKarpMatcher,-1,na,main_loop_iters,2
U3,1600,1.75,12,HopcroftKarpMatcher,-1,na,total_bfs_edges_visited,631112
U3,1600,1.75,12,HopcroftKarpMatcher,-1,na,total_edges_visited,840152
U3,1600,1.75,12,HopcroftKarpMatcher,-1,na,matching_size,1600
U3,1600,1.75,12,HopcroftKarpMatcher,-1,na,wall_clock_ms,13.6871
U3,1600,1.75,12,HopcroftKarpMatcher,-1,na,matching_size,1600
U3,100,1,9,SimpleAugmentingMatcher,-1,na,wall_clock_ms,0.01335
U3,100,1,9,SimpleAugmentingMatcher,-1,na,matching_size,53
U3,100,1,9,HopcroftKarpMatcher,0,na,paths_found_per_phase,52
U3,100,1,9,HopcroftKarpMatcher,0,na,bfs_edges_visited,100
U3,100,1,9,HopcroftKarpMatcher,0,na,dfs_edges_visited,79
U3,100,1,9,HopcroftKarpMatcher,0,na,defect_at_iteration,48
U3,100,1,9,HopcroftKarpMatcher,1,na,paths_found_per_phase,1
U3,100,1,9,HopcroftKarpMatcher,1,na,bfs_edges_visited,27
U3,100,1,9,HopcroftKarpMatcher,1,na,dfs_edges_visited,31
U3,100,1,9,HopcroftKarpMatcher,1,na,defect_at_iteration,47
U3,100,1,9,HopcroftKarpMatcher,-1,na,phase_count,2
U3,100,1,9,HopcroftKarpMatcher,-1,na,main_loop_iters,2
U3,100,1,9,HopcroftKarpMatcher,-1,na,total_bfs_edges_visited,127
U3,100,1,9,HopcroftKarpMatcher,-1,na,total_edges_visited,237
U3,100,1,9,HopcroftKarpMatcher,-1,na,matching_size,53
U3,100,1,9,HopcroftKarpMatcher,-1,na,wall_clock_ms,0.047286
U3,100,1,9,HopcroftKarpMatcher,-1,na,matching_size,53
U3,200,2,17,SimpleAugmentingMatcher,-1,na,wall_clock_ms,1.88061
U3,200,2,17,SimpleAugmentingMatcher,-1,na,matching_size,200
U3,200,2,17,HopcroftKarpMatcher,0,na,paths_found_per_phase,200
U3,200,2,17,HopcroftKarpMatcher,0,na,bfs_edges_visited,40000
U3,200,2,17,HopcroftKarpMatcher,0,na,dfs_edges_visited,20100
U3,200,2,17,HopcroftKarpMatcher,0,na,defect_at_iteration,0
U3,200,2,17,HopcroftKarpMatcher,-1,na,phase_count,1
U3,200,2,17,HopcroftKarpMatcher,-1,na,main_loop_iters,1
U3,200,2,17,HopcroftKarpMatcher,-1,na,total_bfs_edges_visited,40000
U3,200,2,17,HopcroftKarpMatcher,-1,na,total_edges_visited,60100
U3,200,2,17,HopcroftKarpMatcher,-1,na,matching_size,200
U3,200,2,17,HopcroftKarpMatcher,-1,na,wall_clock_ms,0.08876
U3,200,2,17,HopcroftKarpMatcher,-1,na,matching_size,200
U3,3200,1.25,15,SimpleAugmentingMatcher,-1,na,wall_clock_ms,972.261
U3,3200,1.25,15,SimpleAugmentingMatcher,-1,na,matching_size,3194
U3,3200,1.25,15,HopcroftKarpMatcher,0,na,paths_found_per_phase,2906
U3,3200,1.25,15,HopcroftKarpMatcher,0,na,bfs_edges_visited,24067
U3,3200,1.25,15,HopcroftKarpMatcher,0,na,dfs_edges_visited,12438
U3,3200,1.25,15,HopcroftKarpMatcher,0,na,defect_at_iteration,294
U3,3200,1.25,15,HopcroftKarpMatcher,1,na,paths_found_per_phase,264
U3,3200,1.25,15,HopcroftKarpMatcher,1,na,bfs_edges_visited,11396
U3,3200,1.25,15,HopcroftKarpMatcher,1,na,dfs_edges_visited,11973
U3,3200,1.25,15,HopcroftKarpMatcher,1,na,defect_at_iteration,30
U3,3200,1.25,15,HopcroftKarpMatcher,2,na,paths_found_per_phase,20
U3,3200,1.25,15,HopcroftKarpMatcher,2,na,bfs_edges_visited,7111
U3,3200,1.25,15,HopcroftKarpMatcher,2,na,dfs_edges_visited,13802
U3,3200,1.25,15,HopcroftKarpMatcher,2,na,defect_at_iteration,10
U3,3200,1.25,15,HopcroftKarpMatcher,3,na,paths_found_per_phase,4
U3,3200,1.25,15,HopcroftKarpMatcher,3,na,bfs_edges_visited,22477
U3,3200,1.25,15,HopcroftKarpMatcher,3,na,dfs_edges_visited,17646
U3,3200,1.25,15,HopcroftKarpMatcher,3,na,defect_at_iteration,6
U3,3200,1.25,15,HopcroftKarpMatcher,-1,na,phase_count,4
U3,3200,1.25,15,HopcroftKarpMatcher,-1,na,main_loop_iters,4
U3,3200,1.25,15,HopcroftKarpMatcher,-1,na,total_bfs_edges_visited,65051
U3,3200,1.25,15,HopcroftKarpMatcher,-1,na,total_edges_visited,120910
U3,3200,1.25,15,HopcroftKarpMatcher,-1,na,matching_size,3194
U3,3200,1.25,15,HopcroftKarpMatcher,-1,na,wall_clock_ms,61.2011
U3,3200,1.25,15,HopcroftKarpMatcher,-1,na,matching_size,3194
U3,400,1.25,0,SimpleAugmentingMatcher,-1,na,wall_clock_ms,2.24384
U3,400,1.25,0,SimpleAugmentingMatcher,-1,na,matching_size,393
U3,400,1.25,0,HopcroftKarpMatcher,0,na,paths_found_per_phase,334
U3,400,1.25,0,HopcroftKarpMatcher,0,na,bfs_edges_visited,1788
U3,400,1.25,0,HopcroftKarpMatcher,0,na,dfs_edges_visited,957
U3,400,1.25,0,HopcroftKarpMatcher,0,na,defect_at_iteration,66
U3,400,1.25,0,HopcroftKarpMatcher,1,na,paths_found_per_phase,50
U3,400,1.25,0,HopcroftKarpMatcher,1,na,bfs_edges_visited,898
U3,400,1.25,0,HopcroftKarpMatcher,1,na,dfs_edges_visited,931
U3,400,1.25,0,HopcroftKarpMatcher,1,na,defect_at_iteration,16
U3,400,1.25,0,HopcroftKarpMatcher,2,na,paths_found_per_phase,6
U3,400,1.25,0,HopcroftKarpMatcher,2,na,bfs_edges_visited,483
U3,400,1.25,0,HopcroftKarpMatcher,2,na,dfs_edges_visited,791
U3,400,1.25,0,HopcroftKarpMatcher,2,na,defect_at_iteration,10
U3,400,1.25,0,HopcroftKarpMatcher,3,na,paths_found_per_phase,2
U3,400,1.25,0,HopcroftKarpMatcher,3,na,bfs_edges_visited,598
U3,400,1.25,0,HopcroftKarpMatcher,3,na,dfs_edges_visited,751
U3,400,1.25,0,HopcroftKarpMatcher,3,na,defect_at_iteration,8
U3,400,1.25,0,HopcroftKarpMatcher,4,na,paths_found_per_phase,1
U3,400,1.25,0,HopcroftKarpMatcher,4,na,bfs_edges_visited,1350
U3,400,1.25,0,HopcroftKarpMatcher,4,na,dfs_edges_visited,1195
U3,400,1.25,0,HopcroftKarpMatcher,4,na,defect_at_iteration,7
U3,400,1.25,0,HopcroftKarpMatcher,-1,na,phase_count,5
U3,400,1.25,0,HopcroftKarpMatcher,-1,na,main_loop_iters,5
U3,400,1.25,0,HopcroftKarpMatcher,-1,na,total_bfs_edges_visited,5117
U3,400,1.25,0,HopcroftKarpMatcher,-1,na,total_edges_visited,9742
U3,400,1.25,0,HopcroftKarpMatcher,-1,na,matching_size,393
U3,400,1.25,0,HopcroftKarpMatcher,-1,na,wall_clock_ms,1.06757
U3,400,1.25,0,HopcroftKarpMatcher,-1,na,matching_size,393
U3,100,1.25,9,SimpleAugmentingMatcher,-1,na,wall_clock_ms,0.095557
U3,100,1.25,9,SimpleAugmentingMatcher,-1,na,matching_size,93
U3,100,1.25,9,HopcroftKarpMatcher,0,na,paths_found_per_phase,79
U3,100,1.25,9,HopcroftKarpMatcher,0,na,bfs_edges_visited,316
U3,100,1.25,9,HopcroftKarpMatcher,0,na,dfs_edges_visited,202
U3,100,1.25,9,HopcroftKarpMatcher,0,na,defect_at_iteration,21
U3,100,1.25,9,HopcroftKarpMatcher,1,na,paths_found_per_phase,9
U3,100,1.25,9,HopcroftKarpMatcher,1,na,bfs_edges_visited,153
U3,100,1.25,9,HopcroftKarpMatcher,1,na,dfs_edges_visited,179
U3,100,1.25,9,HopcroftKarpMatcher,1,na,defect_at_iteration,12
U3,100,1.25,9,HopcroftKarpMatcher,2,na,paths_found_per_phase,3
U3,100,1.25,9,HopcroftKarpMatcher,2,na,bfs_edges_visited,140
U3,100,1.25,9,HopcroftKarpMatcher,2,na,dfs_edges_visited,118
U3,100,1.25,9,HopcroftKarpMatcher,2,na,defect_at_iteration,9
U3,100,1.25,9,HopcroftKarpMatcher,3,na,paths_found_per_phase,1
U3,100,1.25,9,HopcroftKarpMatcher,3,na,bfs_edges_visited,229
U3,100,1.25,9,HopcroftKarpMatcher,3,na,dfs_edges_visited,158
U3,100,1.25,9,HopcroftKarpMatcher,3,na,defect_at_iteration,8
U3,100,1.25,9,HopcroftKarpMatcher,4,na,paths_found_per_phase,1
U3,100,1.25,9,HopcroftKarpMatcher,4,na,bfs_edges_visited,239
U3,100,1.25,9,HopcroftKarpMatcher,4,na,dfs_edges_visited,170
U3,100,1.25,9,HopcroftKarpMatcher,4,na,defect_at_iteration,7
U3,100,1.25,9,HopcroftKarpMatcher,-1,na,phase_count,5
U3,100,1.25,9,HopcroftKarpMatcher,-1,na,main_loop_iters,5
U3,100,1.25,9,HopcroftKarpMatcher,-1,na,total_bfs_edges_visited,1077
U3,100,1.25,9,HopcroftKarpMatcher,-1,na,total_edges_visited,1904
U3,100,1.25,9,HopcroftKarpMatcher,-1,na,matching_size,93
U3,100,1.25,9,HopcroftKarpMatcher,-1,na,wall_clock_ms,0.111751
U3,100,1.25,9,HopcroftKarpMatcher,-1,na,matching_size,93
U3,6400,1.5,14,SimpleAugmentingMatcher,-1,na,wall_clock_ms,39696.2
U3,6400,1.5,14,SimpleAugmentingMatcher,-1,na,matching_size,6400
U3,6400,1.5,14,HopcroftKarpMatcher,0,na,paths_found_per_phase,6338
U3,6400,1.5,14,HopcroftKarpMatcher,0,na,bfs_edges_visited,512000
U3,6400,1.5,14,HopcroftKarpMatcher,0,na,dfs_edges_visited,256059
U3,6400,1.5,14,HopcroftKarpMatcher,0,na,defect_at_iteration,62
U3,6400,1.5,14,HopcroftKarpMatcher,1,na,paths_found_per_phase,62
U3,6400,1.5,14,HopcroftKarpMatcher,1,na,bfs_edges_visited,276727
U3,6400,1.5,14,HopcroftKarpMatcher,1,na,dfs_edges_visited,36320
U3,6400,1.5,14,HopcroftKarpMatcher,1,na,defect_at_iteration,0
U3,6400,1.5,14,HopcroftKarpMatcher,-1,na,phase_count,2
U3,6400,1.5,14,HopcroftKarpMatcher,-1,na,main_loop_iters,2
U3,6400,1.5,14,HopcroftKarpMatcher,-1,na,total_bfs_edges_visited,788727
U3,6400,1.5,14,HopcroftKarpMatcher,-1,na,total_edges_visited,1.08111e+06
U3,6400,1.5,14,HopcroftKarpMatcher,-1,na,matching_size,6400
U3,6400,1.5,14,HopcroftKarpMatcher,-1,na,wall_clock_ms,94.5131
U3,6400,1.5,14,HopcroftKarpMatcher,-1,na,matching_size,6400
U3,100,2,10,SimpleAugmentingMatcher,-1,na,wall_clock_ms,0.255927
U3,100,2,10,SimpleAugmentingMatcher,-1,na,matching_size,100
U3,100,2,10,HopcroftKarpMatcher,0,na,paths_found_per_phase,100
U3,100,2,10,HopcroftKarpMatcher,0,na,bfs_edges_visited,10000
U3,100,2,10,HopcroftKarpMatcher,0,na,dfs_edges_visited,5050
U3,100,2,10,HopcroftKarpMatcher,0,na,defect_at_iteration,0
U3,100,2,10,HopcroftKarpMatcher,-1,na,phase_count,1
U3,100,2,10,HopcroftKarpMatcher,-1,na,main_loop_iters,1
U3,100,2,10,HopcroftKarpMatcher,-1,na,total_bfs_edges_visited,10000
U3,100,2,10,HopcroftKarpMatcher,-1,na,total_edges_visited,15050
U3,100,2,10,HopcroftKarpMatcher,-1,na,matching_size,100
U3,100,2,10,HopcroftKarpMatcher,-1,na,wall_clock_ms,0.026334
U3,100,2,10,HopcroftKarpMatcher,-1,na,matching_size,100
U3,6400,1.5,3,SimpleAugmentingMatcher,-1,na,wall_clock_ms,39586.1
U3,6400,1.5,3,SimpleAugmentingMatcher,-1,na,matching_size,6400
U3,6400,1.5,3,HopcroftKarpMatcher,0,na,paths_found_per_phase,6348
U3,6400,1.5,3,HopcroftKarpMatcher,0,na,bfs_edges_visited,512000
U3,6400,1.5,3,HopcroftKarpMatcher,0,na,dfs_edges_visited,255979
U3,6400,1.5,3,HopcroftKarpMatcher,0,na,defect_at_iteration,52
U3,6400,1.5,3,HopcroftKarpMatcher,1,na,paths_found_per_phase,52
U3,6400,1.5,3,HopcroftKarpMatcher,1,na,bfs_edges_visited,243039
U3,6400,1.5,3,HopcroftKarpMatcher,1,na,dfs_edges_visited,34356
U3,6400,1.5,3,HopcroftKarpMatcher,1,na,defect_at_iteration,0
U3,6400,1.5,3,HopcroftKarpMatcher,-1,na,phase_count,2
U3,6400,1.5,3,HopcroftKarpMatcher,-1,na,main_loop_iters,2
U3,6400,1.5,3,HopcroftKarpMatcher,-1,na,total_bfs_edges_visited,755039
U3,6400,1.5,3,HopcroftKarpMatcher,-1,na,total_edges_visited,1.04537e+06
U3,6400,1.5,3,HopcroftKarpMatcher,-1,na,matching_size,6400
U3,6400,1.5,3,HopcroftKarpMatcher,-1,na,wall_clock_ms,91.4928
U3,6400,1.5,3,HopcroftKarpMatcher,-1,na,matching_size,6400
U3,800,1.5,15,SimpleAugmentingMatcher,-1,na,wall_clock_ms,75.162
U3,800,1.5,15,SimpleAugmentingMatcher,-1,na,matching_size,800
U3,800,1.5,15,HopcroftKarpMatcher,0,na,paths_found_per_phase,780
U3,800,1.5,15,HopcroftKarpMatcher,0,na,bfs_edges_visited,22627
U3,800,1.5,15,HopcroftKarpMatcher,0,na,dfs_edges_visited,11346
U3,800,1.5,15,HopcroftKarpMatcher,0,na,defect_at_iteration,20
U3,800,1.5,15,HopcroftKarpMatcher,1,na,paths_found_per_phase,20
U3,800,1.5,15,HopcroftKarpMatcher,1,na,bfs_edges_visited,11540
U3,800,1.5,15,HopcroftKarpMatcher,1,na,dfs_edges_visited,2714
U3,800,1.5,15,HopcroftKarpMatcher,1,na,defect_at_iteration,0
U3,800,1.5,15,HopcroftKarpMatcher,-1,na,phase_count,2
U3,800,1.5,15,HopcroftKarpMatcher,-1,na,main_loop_iters,2
U3,800,1.5,15,HopcroftKarpMatcher,-1,na,total_bfs_edges_visited,34167
U3,800,1.5,15,HopcroftKarpMatcher,-1,na,total_edges_visited,48227
U3,800,1.5,15,HopcroftKarpMatcher,-1,na,matching_size,800
U3,800,1.5,15,HopcroftKarpMatcher,-1,na,wall_clock_ms,1.82736
U3,800,1.5,15,HopcroftKarpMatcher,-1,na,matching_size,800
U3,6400,1.5,11,SimpleAugmentingMatcher,-1,na,wall_clock_ms,39552.1
U3,6400,1.5,11,SimpleAugmentingMatcher,-1,na,matching_size,6400
U3,6400,1.5,11,HopcroftKarpMatcher,0,na,paths_found_per_phase,6350
U3,6400,1.5,11,HopcroftKarpMatcher,0,na,bfs_edges_visited,512000
U3,6400,1.5,11,HopcroftKarpMatcher,0,na,dfs_edges_visited,255555
U3,6400,1.5,11,HopcroftKarpMatcher,0,na,defect_at_iteration,50
U3,6400,1.5,11,HopcroftKarpMatcher,1,na,paths_found_per_phase,50
U3,6400,1.5,11,HopcroftKarpMatcher,1,na,bfs_edges_visited,241323
U3,6400,1.5,11,HopcroftKarpMatcher,1,na,dfs_edges_visited,23687
U3,6400,1.5,11,HopcroftKarpMatcher,1,na,defect_at_iteration,0
U3,6400,1.5,11,HopcroftKarpMatcher,-1,na,phase_count,2
U3,6400,1.5,11,HopcroftKarpMatcher,-1,na,main_loop_iters,2
U3,6400,1.5,11,HopcroftKarpMatcher,-1,na,total_bfs_edges_visited,753323
U3,6400,1.5,11,HopcroftKarpMatcher,-1,na,total_edges_visited,1.03256e+06
U3,6400,1.5,11,HopcroftKarpMatcher,-1,na,matching_size,6400
U3,6400,1.5,11,HopcroftKarpMatcher,-1,na,wall_clock_ms,89.7916
U3,6400,1.5,11,HopcroftKarpMatcher,-1,na,matching_size,6400
U3,1600,1.75,11,SimpleAugmentingMatcher,-1,na,wall_clock_ms,1680.58
U3,1600,1.75,11,SimpleAugmentingMatcher,-1,na,matching_size,1600
U3,1600,1.75,11,HopcroftKarpMatcher,0,na,paths_found_per_phase,1593
U3,1600,1.75,11,HopcroftKarpMatcher,0,na,bfs_edges_visited,404771
U3,1600,1.75,11,HopcroftKarpMatcher,0,na,dfs_edges_visited,202556
U3,1600,1.75,11,HopcroftKarpMatcher,0,na,defect_at_iteration,7
U3,1600,1.75,11,HopcroftKarpMatcher,1,na,paths_found_per_phase,7
U3,1600,1.75,11,HopcroftKarpMatcher,1,na,bfs_edges_visited,283344
U3,1600,1.75,11,HopcroftKarpMatcher,1,na,dfs_edges_visited,3922
U3,1600,1.75,11,HopcroftKarpMatcher,1,na,defect_at_iteration,0
U3,1600,1.75,11,HopcroftKarpMatcher,-1,na,phase_count,2
U3,1600,1.75,11,HopcroftKarpMatcher,-1,na,main_loop_iters,2
U3,1600,1.75,11,HopcroftKarpMatcher,-1,na,total_bfs_edges_visited,688115
U3,1600,1.75,11,HopcroftKarpMatcher,-1,na,total_edges_visited,894593
U3,1600,1.75,11,HopcroftKarpMatcher,-1,na,matching_size,1600
U3,1600,1.75,11,HopcroftKarpMatcher,-1,na,wall_clock_ms,14.4911
U3,1600,1.75,11,HopcroftKarpMatcher,-1,na,matching_size,1600
U3,800,1,5,SimpleAugmentingMatcher,-1,na,wall_clock_ms,0.662574
U3,800,1,5,SimpleAugmentingMatcher,-1,na,matching_size,435
U3,800,1,5,HopcroftKarpMatcher,0,na,paths_found_per_phase,411
U3,800,1,5,HopcroftKarpMatcher,0,na,bfs_edges_visited,800
U3,800,1,5,HopcroftKarpMatcher,0,na,dfs_edges_visited,599
U3,800,1,5,HopcroftKarpMatcher,0,na,defect_at_iteration,389
U3,800,1,5,HopcroftKarpMatcher,1,na,paths_found_per_phase,23
U3,800,1,5,HopcroftKarpMatcher,1,na,bfs_edges_visited,273
U3,800,1,5,HopcroftKarpMatcher,1,na,dfs_edges_visited,291
U3,800,1,5,HopcroftKarpMatcher,1,na,defect_at_iteration,366
U3,800,1,5,HopcroftKarpMatcher,2,na,paths_found_per_phase,1
U3,800,1,5,HopcroftKarpMatcher,2,na,bfs_edges_visited,229
U3,800,1,5,HopcroftKarpMatcher,2,na,dfs_edges_visited,225
U3,800,1,5,HopcroftKarpMatcher,2,na,defect_at_iteration,365
U3,800,1,5,HopcroftKarpMatcher,-1,na,phase_count,3
U3,800,1,5,HopcroftKarpMatcher,-1,na,main_loop_iters,3
U3,800,1,5,HopcroftKarpMatcher,-1,na,total_bfs_edges_visited,1302
U3,800,1,5,HopcroftKarpMatcher,-1,na,total_edges_visited,2417
U3,800,1,5,HopcroftKarpMatcher,-1,na,matching_size,435
U3,800,1,5,HopcroftKarpMatcher,-1,na,wall_clock_ms,2.97784
U3,800,1,5,HopcroftKarpMatcher,-1,na,matching_size,435
U3,100,1,5,SimpleAugmentingMatcher,-1,na,wall_clock_ms,0.014322
U3,100,1,5,SimpleAugmentingMatcher,-1,na,matching_size,56
U3,100,1,5,HopcroftKarpMatcher,0,na,paths_found_per_phase,54
U3,100,1,5,HopcroftKarpMatcher,0,na,bfs_edges_visited,100
U3,100,1,5,HopcroftKarpMatcher,0,na,dfs_edges_visited,75
U3,100,1,5,HopcroftKarpMatcher,0,na,defect_at_iteration,46
U3,100,1,5,HopcroftKarpMatcher,1,na,paths_found_per_phase,2
U3,100,1,5,HopcroftKarpMatcher,1,na,bfs_edges_visited,33
U3,100,1,5,HopcroftKarpMatcher,1,na,dfs_edges_visited,35
U3,100,1,5,HopcroftKarpMatcher,1,na,defect_at_iteration,44
U3,100,1,5,HopcroftKarpMatcher,-1,na,phase_count,2
U3,100,1,5,HopcroftKarpMatcher,-1,na,main_loop_iters,2
U3,100,1,5,HopcroftKarpMatcher,-1,na,total_bfs_edges_visited,133
U3,100,1,5,HopcroftKarpMatcher,-1,na,total_edges_visited,243
U3,100,1,5,HopcroftKarpMatcher,-1,na,matching_size,56
U3,100,1,5,HopcroftKarpMatcher,-1,na,wall_clock_ms,0.19503
U3,100,1,5,HopcroftKarpMatcher,-1,na,matching_size,56
U3,400,1.75,13,SimpleAugmentingMatcher,-1,na,wall_clock_ms,29.5083
U3,400,1.75,13,SimpleAugmentingMatcher,-1,na,matching_size,400
U3,400,1.75,13,HopcroftKarpMatcher,0,na,paths_found_per_phase,397
U3,400,1.75,13,HopcroftKarpMatcher,0,na,bfs_edges_visited,35777
U3,400,1.75,13,HopcroftKarpMatcher,0,na,dfs_edges_visited,17934
U3,400,1.75,13,HopcroftKarpMatcher,0,na,defect_at_iteration,3
U3,400,1.75,13,HopcroftKarpMatcher,1,na,paths_found_per_phase,3
U3,400,1.75,13,HopcroftKarpMatcher,1,na,bfs_edges_visited,19884
U3,400,1.75,13,HopcroftKarpMatcher,1,na,dfs_edges_visited,557
U3,400,1.75,13,HopcroftKarpMatcher,1,na,defect_at_iteration,0
U3,400,1.75,13,HopcroftKarpMatcher,-1,na,phase_count,2
U3,400,1.75,13,HopcroftKarpMatcher,-1,na,main_loop_iters,2
U3,400,1.75,13,HopcroftKarpMatcher,-1,na,total_bfs_edges_visited,55661
U3,400,1.75,13,HopcroftKarpMatcher,-1,na,total_edges_visited,74152
U3,400,1.75,13,HopcroftKarpMatcher,-1,na,matching_size,400
U3,400,1.75,13,HopcroftKarpMatcher,-1,na,wall_clock_ms,1.09465
U3,400,1.75,13,HopcroftKarpMatcher,-1,na,matching_size,400
U3,200,1.75,14,SimpleAugmentingMatcher,-1,na,wall_clock_ms,3.44695
U3,200,1.75,14,SimpleAugmentingMatcher,-1,na,matching_size,200
U3,200,1.75,14,HopcroftKarpMatcher,0,na,paths_found_per_phase,198
U3,200,1.75,14,HopcroftKarpMatcher,0,na,bfs_edges_visited,10636
U3,200,1.75,14,HopcroftKarpMatcher,0,na,dfs_edges_visited,5390
U3,200,1.75,14,HopcroftKarpMatcher,0,na,defect_at_iteration,2
U3,200,1.75,14,HopcroftKarpMatcher,1,na,paths_found_per_phase,2
U3,200,1.75,14,HopcroftKarpMatcher,1,na,bfs_edges_visited,4545
U3,200,1.75,14,HopcroftKarpMatcher,1,na,dfs_edges_visited,120
U3,200,1.75,14,HopcroftKarpMatcher,1,na,defect_at_iteration,0
U3,200,1.75,14,HopcroftKarpMatcher,-1,na,phase_count,2
U3,200,1.75,14,HopcroftKarpMatcher,-1,na,main_loop_iters,2
U3,200,1.75,14,HopcroftKarpMatcher,-1,na,total_bfs_edges_visited,15181
U3,200,1.75,14,HopcroftKarpMatcher,-1,na,total_edges_visited,20691
U3,200,1.75,14,HopcroftKarpMatcher,-1,na,matching_size,200
U3,200,1.75,14,HopcroftKarpMatcher,-1,na,wall_clock_ms,0.312514
U3,200,1.75,14,HopcroftKarpMatcher,-1,na,matching_size,200
U3,6400,1.25,16,SimpleAugmentingMatcher,-1,na,wall_clock_ms,7881.33
U3,6400,1.25,16,SimpleAugmentingMatcher,-1,na,matching_size,6399
U3,6400,1.25,16,HopcroftKarpMatcher,0,na,paths_found_per_phase,5921
U3,6400,1.25,16,HopcroftKarpMatcher,0,na,bfs_edges_visited,57243
U3,6400,1.25,16,HopcroftKarpMatcher,0,na,dfs_edges_visited,29275
U3,6400,1.25,16,HopcroftKarpMatcher,0,na,defect_at_iteration,479
U3,6400,1.25,16,HopcroftKarpMatcher,1,na,paths_found_per_phase,448
U3,6400,1.25,16,HopcroftKarpMatcher,1,na,bfs_edges_visited,28055
U3,6400,1.25,16,HopcroftKarpMatcher,1,na,dfs_edges_visited,25827
U3,6400,1.25,16,HopcroftKarpMatcher,1,na,defect_at_iteration,31
U3,6400,1.25,16,HopcroftKarpMatcher,2,na,paths_found_per_phase,27
U3,6400,1.25,16,HopcroftKarpMatcher,2,na,bfs_edges_visited,13971
U3,6400,1.25,16,HopcroftKarpMatcher,2,na,dfs_edges_visited,25032
U3,6400,1.25,16,HopcroftKarpMatcher,2,na,defect_at_iteration,4
U3,6400,1.25,16,HopcroftKarpMatcher,3,na,paths_found_per_phase,2
U3,6400,1.25,16,HopcroftKarpMatcher,3,na,bfs_edges_visited,47543
U3,6400,1.25,16,HopcroftKarpMatcher,3,na,dfs_edges_visited,45763
U3,6400,1.25,16,HopcroftKarpMatcher,3,na,defect_at_iteration,2
U3,6400,1.25,16,HopcroftKarpMatcher,4,na,paths_found_per_phase,1
U3,6400,1.25,16,HopcroftKarpMatcher,4,na,bfs_edges_visited,55436
U3,6400,1.25,16,HopcroftKarpMatcher,4,na,dfs_edges_visited,19757
U3,6400,1.25,16,HopcroftKarpMatcher,4,na,defect_at_iteration,1
U3,6400,1.25,16,HopcroftKarpMatcher,-1,na,phase_count,5
U3,6400,1.25,16,HopcroftKarpMatcher,-1,na,main_loop_iters,5
U3,6400,1.25,16,HopcroftKarpMatcher,-1,na,total_bfs_edges_visited,202248
U3,6400,1.25,16,HopcroftKarpMatcher,-1,na,total_edges_visited,347902
U3,6400,1.25,16,HopcroftKarpMatcher,-1,na,matching_size,6399
U3,6400,1.25,16,HopcroftKarpMatcher,-1,na,wall_clock_ms,244.726
U3,6400,1.25,16,HopcroftKarpMatcher,-1,na,matching_size,6399
U3,800,1,6,SimpleAugmentingMatcher,-1,na,wall_clock_ms,0.610752
U3,800,1,6,SimpleAugmentingMatcher,-1,na,matching_size,450
U3,800,1,6,HopcroftKarpMatcher,0,na,paths_found_per_phase,412
U3,800,1,6,HopcroftKarpMatcher,0,na,bfs_edges_visited,800
U3,800,1,6,HopcroftKarpMatcher,0,na,dfs_edges_visited,578
U3,800,1,6,HopcroftKarpMatcher,0,na,defect_at_iteration,388
U3,800,1,6,HopcroftKarpMatcher,1,na,paths_found_per_phase,34
U3,800,1,6,HopcroftKarpMatcher,1,na,bfs_edges_visited,295
U3,800,1,6,HopcroftKarpMatcher,1,na,dfs_edges_visited,309
U3,800,1,6,HopcroftKarpMatcher,1,na,defect_at_iteration,354
U3,800,1,6,HopcroftKarpMatcher,2,na,paths_found_per_phase,4
U3,800,1,6,HopcroftKarpMatcher,2,na,bfs_edges_visited,198
U3,800,1,6,HopcroftKarpMatcher,2,na,dfs_edges_visited,185
U3,800,1,6,HopcroftKarpMatcher,2,na,defect_at_iteration,350
U3,800,1,6,HopcroftKarpMatcher,-1,na,phase_count,3
U3,800,1,6,HopcroftKarpMatcher,-1,na,main_loop_iters,3
U3,800,1,6,HopcroftKarpMatcher,-1,na,total_bfs_edges_visited,1293
U3,800,1,6,HopcroftKarpMatcher,-1,na,total_edges_visited,2365
U3,800,1,6,HopcroftKarpMatcher,-1,na,matching_size,450
U3,800,1,6,HopcroftKarpMatcher,-1,na,wall_clock_ms,2.89913
U3,800,1,6,HopcroftKarpMatcher,-1,na,matching_size,450
U3,3200,1.25,13,SimpleAugmentingMatcher,-1,na,wall_clock_ms,937.421
U3,3200,1.25,13,SimpleAugmentingMatcher,-1,na,matching_size,3199
U3,3200,1.25,13,HopcroftKarpMatcher,0,na,paths_found_per_phase,2912
U3,3200,1.25,13,HopcroftKarpMatcher,0,na,bfs_edges_visited,24067
U3,3200,1.25,13,HopcroftKarpMatcher,0,na,dfs_edges_visited,12407
U3,3200,1.25,13,HopcroftKarpMatcher,0,na,defect_at_iteration,288
U3,3200,1.25,13,HopcroftKarpMatcher,1,na,paths_found_per_phase,261
U3,3200,1.25,13,HopcroftKarpMatcher,1,na,bfs_edges_visited,11635
U3,3200,1.25,13,HopcroftKarpMatcher,1,na,dfs_edges_visited,11188
U3,3200,1.25,13,HopcroftKarpMatcher,1,na,defect_at_iteration,27
U3,3200,1.25,13,HopcroftKarpMatcher,2,na,paths_found_per_phase,21
U3,3200,1.25,13,HopcroftKarpMatcher,2,na,bfs_edges_visited,6528
U3,3200,1.25,13,HopcroftKarpMatcher,2,na,dfs_edges_visited,9952
U3,3200,1.25,13,HopcroftKarpMatcher,2,na,defect_at_iteration,6
U3,3200,1.25,13,HopcroftKarpMatcher,3,na,paths_found_per_phase,4
U3,3200,1.25,13,HopcroftKarpMatcher,3,na,bfs_edges_visited,18750
U3,3200,1.25,13,HopcroftKarpMatcher,3,na,dfs_edges_visited,14679
U3,3200,1.25,13,HopcroftKarpMatcher,3,na,defect_at_iteration,2
U3,3200,1.25,13,HopcroftKarpMatcher,4,na,paths_found_per_phase,1
U3,3200,1.25,13,HopcroftKarpMatcher,4,na,bfs_edges_visited,22978
U3,3200,1.25,13,HopcroftKarpMatcher,4,na,dfs_edges_visited,415
U3,3200,1.25,13,HopcroftKarpMatcher,4,na,defect_at_iteration,1
U3,3200,1.25,13,HopcroftKarpMatcher,-1,na,phase_count,5
U3,3200,1.25,13,HopcroftKarpMatcher,-1,na,main_loop_iters,5
U3,3200,1.25,13,HopcroftKarpMatcher,-1,na,total_bfs_edges_visited,83958
U3,3200,1.25,13,HopcroftKarpMatcher,-1,na,total_edges_visited,132599
U3,3200,1.25,13,HopcroftKarpMatcher,-1,na,matching_size,3199
U3,3200,1.25,13,HopcroftKarpMatcher,-1,na,wall_clock_ms,56.199
U3,3200,1.25,13,HopcroftKarpMatcher,-1,na,matching_size,3199
U3,800,1.25,5,SimpleAugmentingMatcher,-1,na,wall_clock_ms,18.4344
U3,800,1.25,5,SimpleAugmentingMatcher,-1,na,matching_size,796
U3,800,1.25,5,HopcroftKarpMatcher,0,na,paths_found_per_phase,686
U3,800,1.25,5,HopcroftKarpMatcher,0,na,bfs_edges_visited,4254
U3,800,1.25,5,HopcroftKarpMatcher,0,na,dfs_edges_visited,2245
U3,800,1.25,5,HopcroftKarpMatcher,0,na,defect_at_iteration,114
U3,800,1.25,5,HopcroftKarpMatcher,1,na,paths_found_per_phase,91
U3,800,1.25,5,HopcroftKarpMatcher,1,na,bfs_edges_visited,2070
U3,800,1.25,5,HopcroftKarpMatcher,1,na,dfs_edges_visited,2326
U3,800,1.25,5,HopcroftKarpMatcher,1,na,defect_at_iteration,23
U3,800,1.25,5,HopcroftKarpMatcher,2,na,paths_found_per_phase,10
U3,800,1.25,5,HopcroftKarpMatcher,2,na,bfs_edges_visited,1429
U3,800,1.25,5,HopcroftKarpMatcher,2,na,dfs_edges_visited,1936
U3,800,1.25,5,HopcroftKarpMatcher,2,na,defect_at_iteration,13
U3,800,1.25,5,HopcroftKarpMatcher,3,na,paths_found_per_phase,8
U3,800,1.25,5,HopcroftKarpMatcher,3,na,bfs_edges_visited,3140
U3,800,1.25,5,HopcroftKarpMatcher,3,na,dfs_edges_visited,1690
U3,800,1.25,5,HopcroftKarpMatcher,3,na,defect_at_iteration,5
U3,800,1.25,5,HopcroftKarpMatcher,4,na,paths_found_per_phase,1
U3,800,1.25,5,HopcroftKarpMatcher,4,na,bfs_edges_visited,2569
U3,800,1.25,5,HopcroftKarpMatcher,4,na,dfs_edges_visited,143
U3,800,1.25,5,HopcroftKarpMatcher,4,na,defect_at_iteration,4
U3,800,1.25,5,HopcroftKarpMatcher,-1,na,phase_count,5
U3,800,1.25,5,HopcroftKarpMatcher,-1,na,main_loop_iters,5
U3,800,1.25,5,HopcroftKarpMatcher,-1,na,total_bfs_edges_visited,13462
U3,800,1.25,5,HopcroftKarpMatcher,-1,na,total_edges_visited,21802
U3,800,1.25,5,HopcroftKarpMatcher,-1,na,matching_size,796
U3,800,1.25,5,HopcroftKarpMatcher,-1,na,wall_clock_ms,3.5345
U3,800,1.25,5,HopcroftKarpMatcher,-1,na,matching_size,796
U3,1600,2,8,SimpleAugmentingMatcher,-1,na,wall_clock_ms,887.313
U3,1600,2,8,SimpleAugmentingMatcher,-1,na,matching_size,1600
U3,1600,2,8,HopcroftKarpMatcher,0,na,paths_found_per_phase,1600
U3,1600,2,8,HopcroftKarpMatcher,0,na,bfs_edges_visited,2.56e+06
U3,1600,2,8,HopcroftKarpMatcher,0,na,dfs_edges_visited,1.2808e+06
U3,1600,2,8,HopcroftKarpMatcher,0,na,defect_at_iteration,0
U3,1600,2,8,HopcroftKarpMatcher,-1,na,phase_count,1
U3,1600,2,8,HopcroftKarpMatcher,-1,na,main_loop_iters,1
U3,1600,2,8,HopcroftKarpMatcher,-1,na,total_bfs_edges_visited,2.56e+06
U3,1600,2,8,HopcroftKarpMatcher,-1,na,total_edges_visited,3.8408e+06
U3,1600,2,8,HopcroftKarpMatcher,-1,na,matching_size,1600
U3,1600,2,8,HopcroftKarpMatcher,-1,na,wall_clock_ms,5.12268
U3,1600,2,8,HopcroftKarpMatcher,-1,na,matching_size,1600
U3,400,1.5,12,SimpleAugmentingMatcher,-1,na,wall_clock_ms,9.31155
U3,400,1.5,12,SimpleAugmentingMatcher,-1,na,matching_size,400
U3,400,1.5,12,HopcroftKarpMatcher,0,na,paths_found_per_phase,388
U3,400,1.5,12,HopcroftKarpMatcher,0,na,bfs_edges_visited,8000
U3,400,1.5,12,HopcroftKarpMatcher,0,na,dfs_edges_visited,4055
U3,400,1.5,12,HopcroftKarpMatcher,0,na,defect_at_iteration,12
U3,400,1.5,12,HopcroftKarpMatcher,1,na,paths_found_per_phase,12
U3,400,1.5,12,HopcroftKarpMatcher,1,na,bfs_edges_visited,3432
U3,400,1.5,12,HopcroftKarpMatcher,1,na,dfs_edges_visited,662
U3,400,1.5,12,HopcroftKarpMatcher,1,na,defect_at_iteration,0
U3,400,1.5,12,HopcroftKarpMatcher,-1,na,phase_count,2
U3,400,1.5,12,HopcroftKarpMatcher,-1,na,main_loop_iters,2
U3,400,1.5,12,HopcroftKarpMatcher,-1,na,total_bfs_edges_visited,11432
U3,400,1.5,12,HopcroftKarpMatcher,-1,na,total_edges_visited,16149
U3,400,1.5,12,HopcroftKarpMatcher,-1,na,matching_size,400
U3,400,1.5,12,HopcroftKarpMatcher,-1,na,wall_clock_ms,0.511399
U3,400,1.5,12,HopcroftKarpMatcher,-1,na,matching_size,400
U3,6400,2,3,SimpleAugmentingMatcher,-1,na,wall_clock_ms,56299.2
U3,6400,2,3,SimpleAugmentingMatcher,-1,na,matching_size,6400
U3,6400,2,3,HopcroftKarpMatcher,0,na,paths_found_per_phase,6400
U3,6400,2,3,HopcroftKarpMatcher,0,na,bfs_edges_visited,4.096e+07
U3,6400,2,3,HopcroftKarpMatcher,0,na,dfs_edges_visited,2.04832e+07
U3,6400,2,3,HopcroftKarpMatcher,0,na,defect_at_iteration,0
U3,6400,2,3,HopcroftKarpMatcher,-1,na,phase_count,1
U3,6400,2,3,HopcroftKarpMatcher,-1,na,main_loop_iters,1
U3,6400,2,3,HopcroftKarpMatcher,-1,na,total_bfs_edges_visited,4.096e+07
U3,6400,2,3,HopcroftKarpMatcher,-1,na,total_edges_visited,6.14432e+07
U3,6400,2,3,HopcroftKarpMatcher,-1,na,matching_size,6400
U3,6400,2,3,HopcroftKarpMatcher,-1,na,wall_clock_ms,81.3565
U3,6400,2,3,HopcroftKarpMatcher,-1,na,matching_size,6400
U3,3200,1,0,SimpleAugmentingMatcher,-1,na,wall_clock_ms,9.74133
U3,3200,1,0,SimpleAugmentingMatcher,-1,na,matching_size,1744
U3,3200,1,0,HopcroftKarpMatcher,0,na,paths_found_per_phase,1648
U3,3200,1,0,HopcroftKarpMatcher,0,na,bfs_edges_visited,3200
U3,3200,1,0,HopcroftKarpMatcher,0,na,dfs_edges_visited,2323
U3,3200,1,0,HopcroftKarpMatcher,0,na,defect_at_iteration,1552
U3,3200,1,0,HopcroftKarpMatcher,1,na,paths_found_per_phase,93
U3,3200,1,0,HopcroftKarpMatcher,1,na,bfs_edges_visited,1078
U3,3200,1,0,HopcroftKarpMatcher,1,na,dfs_edges_visited,1153
U3,3200,1,0,HopcroftKarpMatcher,1,na,defect_at_iteration,1459
U3,3200,1,0,HopcroftKarpMatcher,2,na,paths_found_per_phase,3
U3,3200,1,0,HopcroftKarpMatcher,2,na,bfs_edges_visited,850
U3,3200,1,0,HopcroftKarpMatcher,2,na,dfs_edges_visited,883
U3,3200,1,0,HopcroftKarpMatcher,2,na,defect_at_iteration,1456
U3,3200,1,0,HopcroftKarpMatcher,-1,na,phase_count,3
U3,3200,1,0,HopcroftKarpMatcher,-1,na,main_loop_iters,3
U3,3200,1,0,HopcroftKarpMatcher,-1,na,total_bfs_edges_visited,5128
U3,3200,1,0,HopcroftKarpMatcher,-1,na,total_edges_visited,9487
U3,3200,1,0,HopcroftKarpMatcher,-1,na,matching_size,1744
U3,3200,1,0,HopcroftKarpMatcher,-1,na,wall_clock_ms,46.1513
U3,3200,1,0,HopcroftKarpMatcher,-1,na,matching_size,1744
U3,400,1.75,9,SimpleAugmentingMatcher,-1,na,wall_clock_ms,29.414
U3,400,1.75,9,SimpleAugmentingMatcher,-1,na,matching_size,400
U3,400,1.75,9,HopcroftKarpMatcher,0,na,paths_found_per_phase,398
U3,400,1.75,9,HopcroftKarpMatcher,0,na,bfs_edges_visited,35777
U3,400,1.75,9,HopcroftKarpMatcher,0,na,dfs_edges_visited,18090
U3,400,1.75,9,HopcroftKarpMatcher,0,na,defect_at_iteration,2
U3,400,1.75,9,HopcroftKarpMatcher,1,na,paths_found_per_phase,2
U3,400,1.75,9,HopcroftKarpMatcher,1,na,bfs_edges_visited,14348
U3,400,1.75,9,HopcroftKarpMatcher,1,na,dfs_edges_visited,982
U3,400,1.75,9,HopcroftKarpMatcher,1,na,defect_at_iteration,0
U3,400,1.75,9,HopcroftKarpMatcher,-1,na,phase_count,2
U3,400,1.75,9,HopcroftKarpMatcher,-1,na,main_loop_iters,2
U3,400,1.75,9,HopcroftKarpMatcher,-1,na,total_bfs_edges_visited,50125
U3,400,1.75,9,HopcroftKarpMatcher,-1,na,total_edges_visited,69197
U3,400,1.75,9,HopcroftKarpMatcher,-1,na,matching_size,400
U3,400,1.75,9,HopcroftKarpMatcher,-1,na,wall_clock_ms,1.03199
U3,400,1.75,9,HopcroftKarpMatcher,-1,na,matching_size,400
U3,200,1.5,12,SimpleAugmentingMatcher,-1,na,wall_clock_ms,1.31268
U3,200,1.5,12,SimpleAugmentingMatcher,-1,na,matching_size,200
U3,200,1.5,12,HopcroftKarpMatcher,0,na,paths_found_per_phase,191
U3,200,1.5,12,HopcroftKarpMatcher,0,na,bfs_edges_visited,2828
U3,200,1.5,12,HopcroftKarpMatcher,0,na,dfs_edges_visited,1457
U3,200,1.5,12,HopcroftKarpMatcher,0,na,defect_at_iteration,9
U3,200,1.5,12,HopcroftKarpMatcher,1,na,paths_found_per_phase,9
U3,200,1.5,12,HopcroftKarpMatcher,1,na,bfs_edges_visited,1157
U3,200,1.5,12,HopcroftKarpMatcher,1,na,dfs_edges_visited,704
U3,200,1.5,12,HopcroftKarpMatcher,1,na,defect_at_iteration,0
U3,200,1.5,12,HopcroftKarpMatcher,-1,na,phase_count,2
U3,200,1.5,12,HopcroftKarpMatcher,-1,na,main_loop_iters,2
U3,200,1.5,12,HopcroftKarpMatcher,-1,na,total_bfs_edges_visited,3985
U3,200,1.5,12,HopcroftKarpMatcher,-1,na,total_edges_visited,6146
U3,200,1.5,12,HopcroftKarpMatcher,-1,na,matching_size,200
U3,200,1.5,12,HopcroftKarpMatcher,-1,na,wall_clock_ms,0.16079
U3,200,1.5,12,HopcroftKarpMatcher,-1,na,matching_size,200
U3,3200,1.25,2,SimpleAugmentingMatcher,-1,na,wall_clock_ms,926.346
U3,3200,1.25,2,SimpleAugmentingMatcher,-1,na,matching_size,3200
U3,3200,1.25,2,HopcroftKarpMatcher,0,na,paths_found_per_phase,2907
U3,3200,1.25,2,HopcroftKarpMatcher,0,na,bfs_edges_visited,24067
U3,3200,1.25,2,HopcroftKarpMatcher,0,na,dfs_edges_visited,12339
U3,3200,1.25,2,HopcroftKarpMatcher,0,na,defect_at_iteration,293
U3,3200,1.25,2,HopcroftKarpMatcher,1,na,paths_found_per_phase,268
U3,3200,1.25,2,HopcroftKarpMatcher,1,na,bfs_edges_visited,11838
U3,3200,1.25,2,HopcroftKarpMatcher,1,na,dfs_edges_visited,12228
U3,3200,1.25,2,HopcroftKarpMatcher,1,na,defect_at_iteration,25
U3,3200,1.25,2,HopcroftKarpMatcher,2,na,paths_found_per_phase,20
U3,3200,1.25,2,HopcroftKarpMatcher,2,na,bfs_edges_visited,6625
U3,3200,1.25,2,HopcroftKarpMatcher,2,na,dfs_edges_visited,12347
U3,3200,1.25,2,HopcroftKarpMatcher,2,na,defect_at_iteration,5
U3,3200,1.25,2,HopcroftKarpMatcher,3,na,paths_found_per_phase,4
U3,3200,1.25,2,HopcroftKarpMatcher,3,na,bfs_edges_visited,21378
U3,3200,1.25,2,HopcroftKarpMatcher,3,na,dfs_edges_visited,15424
U3,3200,1.25,2,HopcroftKarpMatcher,3,na,defect_at_iteration,1
U3,3200,1.25,2,HopcroftKarpMatcher,4,na,paths_found_per_phase,1
U3,3200,1.25,2,HopcroftKarpMatcher,4,na,bfs_edges_visited,21550
U3,3200,1.25,2,HopcroftKarpMatcher,4,na,dfs_edges_visited,2648
U3,3200,1.25,2,HopcroftKarpMatcher,4,na,defect_at_iteration,0
U3,3200,1.25,2,HopcroftKarpMatcher,-1,na,phase_count,5
U3,3200,1.25,2,HopcroftKarpMatcher,-1,na,main_loop_iters,5
U3,3200,1.25,2,HopcroftKarpMatcher,-1,na,total_bfs_edges_visited,85458
U3,3200,1.25,2,HopcroftKarpMatcher,-1,na,total_edges_visited,140444
U3,3200,1.25,2,HopcroftKarpMatcher,-1,na,matching_size,3200
U3,3200,1.25,2,HopcroftKarpMatcher,-1,na,wall_clock_ms,59.4849
U3,3200,1.25,2,HopcroftKarpMatcher,-1,na,matching_size,3200
U3,200,1.75,16,SimpleAugmentingMatcher,-1,na,wall_clock_ms,3.48645
U3,200,1.75,16,SimpleAugmentingMatcher,-1,na,matching_size,200
U3,200,1.75,16,HopcroftKarpMatcher,0,na,paths_found_per_phase,198
U3,200,1.75,16,HopcroftKarpMatcher,0,na,bfs_edges_visited,10636
U3,200,1.75,16,HopcroftKarpMatcher,0,na,dfs_edges_visited,5370
U3,200,1.75,16,HopcroftKarpMatcher,0,na,defect_at_iteration,2
U3,200,1.75,16,HopcroftKarpMatcher,1,na,paths_found_per_phase,2
U3,200,1.75,16,HopcroftKarpMatcher,1,na,bfs_edges_visited,5436
U3,200,1.75,16,HopcroftKarpMatcher,1,na,dfs_edges_visited,519
U3,200,1.75,16,HopcroftKarpMatcher,1,na,defect_at_iteration,0
U3,200,1.75,16,HopcroftKarpMatcher,-1,na,phase_count,2
U3,200,1.75,16,HopcroftKarpMatcher,-1,na,main_loop_iters,2
U3,200,1.75,16,HopcroftKarpMatcher,-1,na,total_bfs_edges_visited,16072
U3,200,1.75,16,HopcroftKarpMatcher,-1,na,total_edges_visited,21961
U3,200,1.75,16,HopcroftKarpMatcher,-1,na,matching_size,200
U3,200,1.75,16,HopcroftKarpMatcher,-1,na,wall_clock_ms,0.323321
U3,200,1.75,16,HopcroftKarpMatcher,-1,na,matching_size,200
U3,800,1,7,SimpleAugmentingMatcher,-1,na,wall_clock_ms,0.653921
U3,800,1,7,SimpleAugmentingMatcher,-1,na,matching_size,422
U3,800,1,7,HopcroftKarpMatcher,0,na,paths_found_per_phase,396
U3,800,1,7,HopcroftKarpMatcher,0,na,bfs_edges_visited,800
U3,800,1,7,HopcroftKarpMatcher,0,na,dfs_edges_visited,573
U3,800,1,7,HopcroftKarpMatcher,0,na,defect_at_iteration,404
U3,800,1,7,HopcroftKarpMatcher,1,na,paths_found_per_phase,25
U3,800,1,7,HopcroftKarpMatcher,1,na,bfs_edges_visited,270
U3,800,1,7,HopcroftKarpMatcher,1,na,dfs_edges_visited,291
U3,800,1,7,HopcroftKarpMatcher,1,na,defect_at_iteration,379
U3,800,1,7,HopcroftKarpMatcher,2,na,paths_found_per_phase,1
U3,800,1,7,HopcroftKarpMatcher,2,na,bfs_edges_visited,238
U3,800,1,7,HopcroftKarpMatcher,2,na,dfs_edges_visited,236
U3,800,1,7,HopcroftKarpMatcher,2,na,defect_at_iteration,378
U3,800,1,7,HopcroftKarpMatcher,-1,na,phase_count,3
U3,800,1,7,HopcroftKarpMatcher,-1,na,main_loop_iters,3
U3,800,1,7,HopcroftKarpMatcher,-1,na,total_bfs_edges_visited,1308
U3,800,1,7,HopcroftKarpMatcher,-1,na,total_edges_visited,2408
U3,800,1,7,HopcroftKarpMatcher,-1,na,matching_size,422
U3,800,1,7,HopcroftKarpMatcher,-1,na,wall_clock_ms,3.0333
U3,800,1,7,HopcroftKarpMatcher,-1,na,matching_size,422
U3,400,2,11,SimpleAugmentingMatcher,-1,na,wall_clock_ms,14.3841
U3,400,2,11,SimpleAugmentingMatcher,-1,na,matching_size,400
U3,400,2,11,HopcroftKarpMatcher,0,na,paths_found_per_phase,400
U3,400,2,11,HopcroftKarpMatcher,0,na,bfs_edges_visited,160000
U3,400,2,11,HopcroftKarpMatcher,0,na,dfs_edges_visited,80200
U3,400,2,11,HopcroftKarpMatcher,0,na,defect_at_iteration,0
U3,400,2,11,HopcroftKarpMatcher,-1,na,phase_count,1
U3,400,2,11,HopcroftKarpMatcher,-1,na,main_loop_iters,1
U3,400,2,11,HopcroftKarpMatcher,-1,na,total_bfs_edges_visited,160000
U3,400,2,11,HopcroftKarpMatcher,-1,na,total_edges_visited,240200
U3,400,2,11,HopcroftKarpMatcher,-1,na,matching_size,400
U3,400,2,11,HopcroftKarpMatcher,-1,na,wall_clock_ms,0.329644
U3,400,2,11,HopcroftKarpMatcher,-1,na,matching_size,400
U3,800,1.25,17,SimpleAugmentingMatcher,-1,na,wall_clock_ms,20.4257
U3,800,1.25,17,SimpleAugmentingMatcher,-1,na,matching_size,795
U3,800,1.25,17,HopcroftKarpMatcher,0,na,paths_found_per_phase,711
U3,800,1.25,17,HopcroftKarpMatcher,0,na,bfs_edges_visited,4254
U3,800,1.25,17,HopcroftKarpMatcher,0,na,dfs_edges_visited,2254
U3,800,1.25,17,HopcroftKarpMatcher,0,na,defect_at_iteration,89
U3,800,1.25,17,HopcroftKarpMatcher,1,na,paths_found_per_phase,70
U3,800,1.25,17,HopcroftKarpMatcher,1,na,bfs_edges_visited,1833
U3,800,1.25,17,HopcroftKarpMatcher,1,na,dfs_edges_visited,2191
U3,800,1.25,17,HopcroftKarpMatcher,1,na,defect_at_iteration,19
U3,800,1.25,17,HopcroftKarpMatcher,2,na,paths_found_per_phase,9
U3,800,1.25,17,HopcroftKarpMatcher,2,na,bfs_edges_visited,1212
U3,800,1.25,17,HopcroftKarpMatcher,2,na,dfs_edges_visited,2178
U3,800,1.25,17,HopcroftKarpMatcher,2,na,defect_at_iteration,10
U3,800,1.25,17,HopcroftKarpMatcher,3,na,paths_found_per_phase,5
U3,800,1.25,17,HopcroftKarpMatcher,3,na,bfs_edges_visited,3320
U3,800,1.25,17,HopcroftKarpMatcher,3,na,dfs_edges_visited,3092
U3,800,1.25,17,HopcroftKarpMatcher,3,na,defect_at_iteration,5
U3,800,1.25,17,HopcroftKarpMatcher,-1,na,phase_count,4
U3,800,1.25,17,HopcroftKarpMatcher,-1,na,main_loop_iters,4
U3,800,1.25,17,HopcroftKarpMatcher,-1,na,total_bfs_edges_visited,10619
U3,800,1.25,17,HopcroftKarpMatcher,-1,na,total_edges_visited,20334
U3,800,1.25,17,HopcroftKarpMatcher,-1,na,matching_size,795
U3,800,1.25,17,HopcroftKarpMatcher,-1,na,wall_clock_ms,3.88822
U3,800,1.25,17,HopcroftKarpMatcher,-1,na,matching_size,795
U3,800,1.5,8,SimpleAugmentingMatcher,-1,na,wall_clock_ms,75.809
U3,800,1.5,8,SimpleAugmentingMatcher,-1,na,matching_size,800
U3,800,1.5,8,HopcroftKarpMatcher,0,na,paths_found_per_phase,775
U3,800,1.5,8,HopcroftKarpMatcher,0,na,bfs_edges_visited,22627
U3,800,1.5,8,HopcroftKarpMatcher,0,na,dfs_edges_visited,11403
U3,800,1.5,8,HopcroftKarpMatcher,0,na,defect_at_iteration,25
U3,800,1.5,8,HopcroftKarpMatcher,1,na,paths_found_per_phase,25
U3,800,1.5,8,HopcroftKarpMatcher,1,na,bfs_edges_visited,13239
U3,800,1.5,8,HopcroftKarpMatcher,1,na,dfs_edges_visited,3434
U3,800,1.5,8,HopcroftKarpMatcher,1,na,defect_at_iteration,0
U3,800,1.5,8,HopcroftKarpMatcher,-1,na,phase_count,2
U3,800,1.5,8,HopcroftKarpMatcher,-1,na,main_loop_iters,2
U3,800,1.5,8,HopcroftKarpMatcher,-1,na,total_bfs_edges_visited,35866
U3,800,1.5,8,HopcroftKarpMatcher,-1,na,total_edges_visited,50703
U3,800,1.5,8,HopcroftKarpMatcher,-1,na,matching_size,800
U3,800,1.5,8,HopcroftKarpMatcher,-1,na,wall_clock_ms,1.91639
U3,800,1.5,8,HopcroftKarpMatcher,-1,na,matching_size,800
U3,1600,1.25,7,SimpleAugmentingMatcher,-1,na,wall_clock_ms,114.212
U3,1600,1.25,7,SimpleAugmentingMatcher,-1,na,matching_size,1595
U3,1600,1.25,7,HopcroftKarpMatcher,0,na,paths_found_per_phase,1431
U3,1600,1.25,7,HopcroftKarpMatcher,0,na,bfs_edges_visited,10119
U3,1600,1.25,7,HopcroftKarpMatcher,0,na,dfs_edges_visited,5224
U3,1600,1.25,7,HopcroftKarpMatcher,0,na,defect_at_iteration,169
U3,1600,1.25,7,HopcroftKarpMatcher,1,na,paths_found_per_phase,146
U3,1600,1.25,7,HopcroftKarpMatcher,1,na,bfs_edges_visited,4749
U3,1600,1.25,7,HopcroftKarpMatcher,1,na,dfs_edges_visited,4991
U3,1600,1.25,7,HopcroftKarpMatcher,1,na,defect_at_iteration,23
U3,1600,1.25,7,HopcroftKarpMatcher,2,na,paths_found_per_phase,14
U3,1600,1.25,7,HopcroftKarpMatcher,2,na,bfs_edges_visited,2423
U3,1600,1.25,7,HopcroftKarpMatcher,2,na,dfs_edges_visited,3502
U3,1600,1.25,7,HopcroftKarpMatcher,2,na,defect_at_iteration,9
U3,1600,1.25,7,HopcroftKarpMatcher,3,na,paths_found_per_phase,4
U3,1600,1.25,7,HopcroftKarpMatcher,3,na,bfs_edges_visited,2694
U3,1600,1.25,7,HopcroftKarpMatcher,3,na,dfs_edges_visited,349
U3,1600,1.25,7,HopcroftKarpMatcher,3,na,defect_at_iteration,5
U3,1600,1.25,7,HopcroftKarpMatcher,-1,na,phase_count,4
U3,1600,1.25,7,HopcroftKarpMatcher,-1,na,main_loop_iters,4
U3,1600,1.25,7,HopcroftKarpMatcher,-1,na,total_bfs_edges_visited,19985
U3,1600,1.25,7,HopcroftKarpMatcher,-1,na,total_edges_visited,34051
U3,1600,1.25,7,HopcroftKarpMatcher,-1,na,matching_size,1595
U3,1600,1.25,7,HopcroftKarpMatcher,-1,na,wall_clock_ms,8.82646
U3,1600,1.25,7,HopcroftKarpMatcher,-1,na,matching_size,1595
U3,400,1.5,16,SimpleAugmentingMatcher,-1,na,wall_clock_ms,9.65258
U3,400,1.5,16,SimpleAugmentingMatcher,-1,na,matching_size,400
U3,400,1.5,16,HopcroftKarpMatcher,0,na,paths_found_per_phase,385
U3,400,1.5,16,HopcroftKarpMatcher,0,na,bfs_edges_visited,8000
U3,400,1.5,16,HopcroftKarpMatcher,0,na,dfs_edges_visited,4002
U3,400,1.5,16,HopcroftKarpMatcher,0,na,defect_at_iteration,15
U3,400,1.5,16,HopcroftKarpMatcher,1,na,paths_found_per_phase,15
U3,400,1.5,16,HopcroftKarpMatcher,1,na,bfs_edges_visited,3984
U3,400,1.5,16,HopcroftKarpMatcher,1,na,dfs_edges_visited,1578
U3,400,1.5,16,HopcroftKarpMatcher,1,na,defect_at_iteration,0
U3,400,1.5,16,HopcroftKarpMatcher,-1,na,phase_count,2
U3,400,1.5,16,HopcroftKarpMatcher,-1,na,main_loop_iters,2
U3,400,1.5,16,HopcroftKarpMatcher,-1,na,total_bfs_edges_visited,11984
U3,400,1.5,16,HopcroftKarpMatcher,-1,na,total_edges_visited,17564
U3,400,1.5,16,HopcroftKarpMatcher,-1,na,matching_size,400
U3,400,1.5,16,HopcroftKarpMatcher,-1,na,wall_clock_ms,0.53628
U3,400,1.5,16,HopcroftKarpMatcher,-1,na,matching_size,400
U3,3200,1,11,SimpleAugmentingMatcher,-1,na,wall_clock_ms,9.89258
U3,3200,1,11,SimpleAugmentingMatcher,-1,na,matching_size,1735
U3,3200,1,11,HopcroftKarpMatcher,0,na,paths_found_per_phase,1633
U3,3200,1,11,HopcroftKarpMatcher,0,na,bfs_edges_visited,3200
U3,3200,1,11,HopcroftKarpMatcher,0,na,dfs_edges_visited,2340
U3,3200,1,11,HopcroftKarpMatcher,0,na,defect_at_iteration,1567
U3,3200,1,11,HopcroftKarpMatcher,1,na,paths_found_per_phase,97
U3,3200,1,11,HopcroftKarpMatcher,1,na,bfs_edges_visited,1136
U3,3200,1,11,HopcroftKarpMatcher,1,na,dfs_edges_visited,1200
U3,3200,1,11,HopcroftKarpMatcher,1,na,defect_at_iteration,1470
U3,3200,1,11,HopcroftKarpMatcher,2,na,paths_found_per_phase,5
U3,3200,1,11,HopcroftKarpMatcher,2,na,bfs_edges_visited,893
U3,3200,1,11,HopcroftKarpMatcher,2,na,dfs_edges_visited,940
U3,3200,1,11,HopcroftKarpMatcher,2,na,defect_at_iteration,1465
U3,3200,1,11,HopcroftKarpMatcher,-1,na,phase_count,3
U3,3200,1,11,HopcroftKarpMatcher,-1,na,main_loop_iters,3
U3,3200,1,11,HopcroftKarpMatcher,-1,na,total_bfs_edges_visited,5229
U3,3200,1,11,HopcroftKarpMatcher,-1,na,total_edges_visited,9709
U3,3200,1,11,HopcroftKarpMatcher,-1,na,matching_size,1735
U3,3200,1,11,HopcroftKarpMatcher,-1,na,wall_clock_ms,46.602
U3,3200,1,11,HopcroftKarpMatcher,-1,na,matching_size,1735
U3,1600,1.25,9,SimpleAugmentingMatcher,-1,na,wall_clock_ms,121.544
U3,1600,1.25,9,SimpleAugmentingMatcher,-1,na,matching_size,1597
U3,1600,1.25,9,HopcroftKarpMatcher,0,na,paths_found_per_phase,1421
U3,1600,1.25,9,HopcroftKarpMatcher,0,na,bfs_edges_visited,10119
U3,1600,1.25,9,HopcroftKarpMatcher,0,na,dfs_edges_visited,5261
U3,1600,1.25,9,HopcroftKarpMatcher,0,na,defect_at_iteration,179
U3,1600,1.25,9,HopcroftKarpMatcher,1,na,paths_found_per_phase,157
U3,1600,1.25,9,HopcroftKarpMatcher,1,na,bfs_edges_visited,4801
U3,1600,1.25,9,HopcroftKarpMatcher,1,na,dfs_edges_visited,4796
U3,1600,1.25,9,HopcroftKarpMatcher,1,na,defect_at_iteration,22
U3,1600,1.25,9,HopcroftKarpMatcher,2,na,paths_found_per_phase,15
U3,1600,1.25,9,HopcroftKarpMatcher,2,na,bfs_edges_visited,2377
U3,1600,1.25,9,HopcroftKarpMatcher,2,na,dfs_edges_visited,3522
U3,1600,1.25,9,HopcroftKarpMatcher,2,na,defect_at_iteration,7
U3,1600,1.25,9,HopcroftKarpMatcher,3,na,paths_found_per_phase,3
U3,1600,1.25,9,HopcroftKarpMatcher,3,na,bfs_edges_visited,2107
U3,1600,1.25,9,HopcroftKarpMatcher,3,na,dfs_edges_visited,2609
U3,1600,1.25,9,HopcroftKarpMatcher,3,na,defect_at_iteration,4
U3,1600,1.25,9,HopcroftKarpMatcher,4,na,paths_found_per_phase,1
U3,1600,1.25,9,HopcroftKarpMatcher,4,na,bfs_edges_visited,1686
U3,1600,1.25,9,HopcroftKarpMatcher,4,na,dfs_edges_visited,923
U3,1600,1.25,9,HopcroftKarpMatcher,4,na,defect_at_iteration,3
U3,1600,1.25,9,HopcroftKarpMatcher,-1,na,phase_count,5
U3,1600,1.25,9,HopcroftKarpMatcher,-1,na,main_loop_iters,5
U3,1600,1.25,9,HopcroftKarpMatcher,-1,na,total_bfs_edges_visited,21090
U3,1600,1.25,9,HopcroftKarpMatcher,-1,na,total_edges_visited,38201
U3,1600,1.25,9,HopcroftKarpMatcher,-1,na,matching_size,1597
U3,1600,1.25,9,HopcroftKarpMatcher,-1,na,wall_clock_ms,9.95016
U3,1600,1.25,9,HopcroftKarpMatcher,-1,na,matching_size,1597
U3,100,1.75,18,SimpleAugmentingMatcher,-1,na,wall_clock_ms,0.461647
U3,100,1.75,18,SimpleAugmentingMatcher,-1,na,matching_size,100
U3,100,1.75,18,HopcroftKarpMatcher,0,na,paths_found_per_phase,99
U3,100,1.75,18,HopcroftKarpMatcher,0,na,bfs_edges_visited,3162
U3,100,1.75,18,HopcroftKarpMatcher,0,na,dfs_edges_visited,1561
U3,100,1.75,18,HopcroftKarpMatcher,0,na,defect_at_iteration,1
U3,100,1.75,18,HopcroftKarpMatcher,1,na,paths_found_per_phase,1
U3,100,1.75,18,HopcroftKarpMatcher,1,na,bfs_edges_visited,1122
U3,100,1.75,18,HopcroftKarpMatcher,1,na,dfs_edges_visited,28
U3,100,1.75,18,HopcroftKarpMatcher,1,na,defect_at_iteration,0
U3,100,1.75,18,HopcroftKarpMatcher,-1,na,phase_count,2
U3,100,1.75,18,HopcroftKarpMatcher,-1,na,main_loop_iters,2
U3,100,1.75,18,HopcroftKarpMatcher,-1,na,total_bfs_edges_visited,4284
U3,100,1.75,18,HopcroftKarpMatcher,-1,na,total_edges_visited,5873
U3,100,1.75,18,HopcroftKarpMatcher,-1,na,matching_size,100
U3,100,1.75,18,HopcroftKarpMatcher,-1,na,wall_clock_ms,0.091354
U3,100,1.75,18,HopcroftKarpMatcher,-1,na,matching_size,100
U3,6400,2,14,SimpleAugmentingMatcher,-1,na,wall_clock_ms,56299.9
U3,6400,2,14,SimpleAugmentingMatcher,-1,na,matching_size,6400
U3,6400,2,14,HopcroftKarpMatcher,0,na,paths_found_per_phase,6400
U3,6400,2,14,HopcroftKarpMatcher,0,na,bfs_edges_visited,4.096e+07
U3,6400,2,14,HopcroftKarpMatcher,0,na,dfs_edges_visited,2.04832e+07
U3,6400,2,14,HopcroftKarpMatcher,0,na,defect_at_iteration,0
U3,6400,2,14,HopcroftKarpMatcher,-1,na,phase_count,1
U3,6400,2,14,HopcroftKarpMatcher,-1,na,main_loop_iters,1
U3,6400,2,14,HopcroftKarpMatcher,-1,na,total_bfs_edges_visited,4.096e+07
U3,6400,2,14,HopcroftKarpMatcher,-1,na,total_edges_visited,6.14432e+07
U3,6400,2,14,HopcroftKarpMatcher,-1,na,matching_size,6400
U3,6400,2,14,HopcroftKarpMatcher,-1,na,wall_clock_ms,81.7875
U3,6400,2,14,HopcroftKarpMatcher,-1,na,matching_size,6400
U3,6400,2,9,SimpleAugmentingMatcher,-1,na,wall_clock_ms,56296.2
U3,6400,2,9,SimpleAugmentingMatcher,-1,na,matching_size,6400
U3,6400,2,9,HopcroftKarpMatcher,0,na,paths_found_per_phase,6400
U3,6400,2,9,HopcroftKarpMatcher,0,na,bfs_edges_visited,4.096e+07
U3,6400,2,9,HopcroftKarpMatcher,0,na,dfs_edges_visited,2.04832e+07
U3,6400,2,9,HopcroftKarpMatcher,0,na,defect_at_iteration,0
U3,6400,2,9,HopcroftKarpMatcher,-1,na,phase_count,1
U3,6400,2,9,HopcroftKarpMatcher,-1,na,main_loop_iters,1
U3,6400,2,9,HopcroftKarpMatcher,-1,na,total_bfs_edges_visited,4.096e+07
U3,6400,2,9,HopcroftKarpMatcher,-1,na,total_edges_visited,6.14432e+07
U3,6400,2,9,HopcroftKarpMatcher,-1,na,matching_size,6400
U3,6400,2,9,HopcroftKarpMatcher,-1,na,wall_clock_ms,81.3641
U3,6400,2,9,HopcroftKarpMatcher,-1,na,matching_size,6400
U3,800,1.25,1,SimpleAugmentingMatcher,-1,na,wall_clock_ms,16.0399
U3,800,1.25,1,SimpleAugmentingMatcher,-1,na,matching_size,794
U3,800,1.25,1,HopcroftKarpMatcher,0,na,paths_found_per_phase,697
U3,800,1.25,1,HopcroftKarpMatcher,0,na,bfs_edges_visited,4254
U3,800,1.25,1,HopcroftKarpMatcher,0,na,dfs_edges_visited,2304
U3,800,1.25,1,HopcroftKarpMatcher,0,na,defect_at_iteration,103
U3,800,1.25,1,HopcroftKarpMatcher,1,na,paths_found_per_phase,80
U3,800,1.25,1,HopcroftKarpMatcher,1,na,bfs_edges_visited,1968
U3,800,1.25,1,HopcroftKarpMatcher,1,na,dfs_edges_visited,2195
U3,800,1.25,1,HopcroftKarpMatcher,1,na,defect_at_iteration,23
U3,800,1.25,1,HopcroftKarpMatcher,2,na,paths_found_per_phase,13
U3,800,1.25,1,HopcroftKarpMatcher,2,na,bfs_edges_visited,1269
U3,800,1.25,1,HopcroftKarpMatcher,2,na,dfs_edges_visited,1511
U3,800,1.25,1,HopcroftKarpMatcher,2,na,defect_at_iteration,10
U3,800,1.25,1,HopcroftKarpMatcher,3,na,paths_found_per_phase,3
U3,800,1.25,1,HopcroftKarpMatcher,3,na,bfs_edges_visited,739
U3,800,1.25,1,HopcroftKarpMatcher,3,na,dfs_edges_visited,867
U3,800,1.25,1,HopcroftKarpMatcher,3,na,defect_at_iteration,7
U3,800,1.25,1,HopcroftKarpMatcher,4,na,paths_found_per_phase,1
U3,800,1.25,1,HopcroftKarpMatcher,4,na,bfs_edges_visited,2404
U3,800,1.25,1,HopcroftKarpMatcher,4,na,dfs_edges_visited,746
U3,800,1.25,1,HopcroftKarpMatcher,4,na,defect_at_iteration,6
U3,800,1.25,1,HopcroftKarpMatcher,-1,na,phase_count,5
U3,800,1.25,1,HopcroftKarpMatcher,-1,na,main_loop_iters,5
U3,800,1.25,1,HopcroftKarpMatcher,-1,na,total_bfs_edges_visited,10634
U3,800,1.25,1,HopcroftKarpMatcher,-1,na,total_edges_visited,18257
U3,800,1.25,1,HopcroftKarpMatcher,-1,na,matching_size,794
U3,800,1.25,1,HopcroftKarpMatcher,-1,na,wall_clock_ms,2.95042
U3,800,1.25,1,HopcroftKarpMatcher,-1,na,matching_size,794
U3,200,1.5,16,SimpleAugmentingMatcher,-1,na,wall_clock_ms,1.32171
U3,200,1.5,16,SimpleAugmentingMatcher,-1,na,matching_size,200
U3,200,1.5,16,HopcroftKarpMatcher,0,na,paths_found_per_phase,193
U3,200,1.5,16,HopcroftKarpMatcher,0,na,bfs_edges_visited,2828
U3,200,1.5,16,HopcroftKarpMatcher,0,na,dfs_edges_visited,1470
U3,200,1.5,16,HopcroftKarpMatcher,0,na,defect_at_iteration,7
U3,200,1.5,16,HopcroftKarpMatcher,1,na,paths_found_per_phase,7
U3,200,1.5,16,HopcroftKarpMatcher,1,na,bfs_edges_visited,844
U3,200,1.5,16,HopcroftKarpMatcher,1,na,dfs_edges_visited,571
U3,200,1.5,16,HopcroftKarpMatcher,1,na,defect_at_iteration,0
U3,200,1.5,16,HopcroftKarpMatcher,-1,na,phase_count,2
U3,200,1.5,16,HopcroftKarpMatcher,-1,na,main_loop_iters,2
U3,200,1.5,16,HopcroftKarpMatcher,-1,na,total_bfs_edges_visited,3672
U3,200,1.5,16,HopcroftKarpMatcher,-1,na,total_edges_visited,5713
U3,200,1.5,16,HopcroftKarpMatcher,-1,na,matching_size,200
U3,200,1.5,16,HopcroftKarpMatcher,-1,na,wall_clock_ms,0.151
U3,200,1.5,16,HopcroftKarpMatcher,-1,na,matching_size,200
U3,800,2,10,SimpleAugmentingMatcher,-1,na,wall_clock_ms,112.363
U3,800,2,10,SimpleAugmentingMatcher,-1,na,matching_size,800
U3,800,2,10,HopcroftKarpMatcher,0,na,paths_found_per_phase,800
U3,800,2,10,HopcroftKarpMatcher,0,na,bfs_edges_visited,640000
U3,800,2,10,HopcroftKarpMatcher,0,na,dfs_edges_visited,320400
U3,800,2,10,HopcroftKarpMatcher,0,na,defect_at_iteration,0
U3,800,2,10,HopcroftKarpMatcher,-1,na,phase_count,1
U3,800,2,10,HopcroftKarpMatcher,-1,na,main_loop_iters,1
U3,800,2,10,HopcroftKarpMatcher,-1,na,total_bfs_edges_visited,640000
U3,800,2,10,HopcroftKarpMatcher,-1,na,total_edges_visited,960400
U3,800,2,10,HopcroftKarpMatcher,-1,na,matching_size,800
U3,800,2,10,HopcroftKarpMatcher,-1,na,wall_clock_ms,1.29036
U3,800,2,10,HopcroftKarpMatcher,-1,na,matching_size,800
U3,6400,1.75,3,SimpleAugmentingMatcher,-1,na,wall_clock_ms,89854.2
U3,6400,1.75,3,SimpleAugmentingMatcher,-1,na,matching_size,6400
U3,6400,1.75,3,HopcroftKarpMatcher,0,na,paths_found_per_phase,6393
U3,6400,1.75,3,HopcroftKarpMatcher,0,na,bfs_edges_visited,4.57947e+06
U3,6400,1.75,3,HopcroftKarpMatcher,0,na,dfs_edges_visited,2.28831e+06
U3,6400,1.75,3,HopcroftKarpMatcher,0,na,defect_at_iteration,7
U3,6400,1.75,3,HopcroftKarpMatcher,1,na,paths_found_per_phase,7
U3,6400,1.75,3,HopcroftKarpMatcher,1,na,bfs_edges_visited,2.61061e+06
U3,6400,1.75,3,HopcroftKarpMatcher,1,na,dfs_edges_visited,17337
U3,6400,1.75,3,HopcroftKarpMatcher,1,na,defect_at_iteration,0
U3,6400,1.75,3,HopcroftKarpMatcher,-1,na,phase_count,2
U3,6400,1.75,3,HopcroftKarpMatcher,-1,na,main_loop_iters,2
U3,6400,1.75,3,HopcroftKarpMatcher,-1,na,total_bfs_edges_visited,7.19008e+06
U3,6400,1.75,3,HopcroftKarpMatcher,-1,na,total_edges_visited,9.49572e+06
U3,6400,1.75,3,HopcroftKarpMatcher,-1,na,matching_size,6400
U3,6400,1.75,3,HopcroftKarpMatcher,-1,na,wall_clock_ms,177.046
U3,6400,1.75,3,HopcroftKarpMatcher,-1,na,matching_size,6400
U3,1600,1,14,SimpleAugmentingMatcher,-1,na,wall_clock_ms,2.35786
U3,1600,1,14,SimpleAugmentingMatcher,-1,na,matching_size,871
U3,1600,1,14,HopcroftKarpMatcher,0,na,paths_found_per_phase,810
U3,1600,1,14,HopcroftKarpMatcher,0,na,bfs_edges_visited,1600
U3,1600,1,14,HopcroftKarpMatcher,0,na,dfs_edges_visited,1165
U3,1600,1,14,HopcroftKarpMatcher,0,na,defect_at_iteration,790
U3,1600,1,14,HopcroftKarpMatcher,1,na,paths_found_per_phase,59
U3,1600,1,14,HopcroftKarpMatcher,1,na,bfs_edges_visited,597
U3,1600,1,14,HopcroftKarpMatcher,1,na,dfs_edges_visited,595
U3,1600,1,14,HopcroftKarpMatcher,1,na,defect_at_iteration,731
U3,1600,1,14,HopcroftKarpMatcher,2,na,paths_found_per_phase,2
U3,1600,1,14,HopcroftKarpMatcher,2,na,bfs_edges_visited,390
U3,1600,1,14,HopcroftKarpMatcher,2,na,dfs_edges_visited,396
U3,1600,1,14,HopcroftKarpMatcher,2,na,defect_at_iteration,729
U3,1600,1,14,HopcroftKarpMatcher,-1,na,phase_count,3
U3,1600,1,14,HopcroftKarpMatcher,-1,na,main_loop_iters,3
U3,1600,1,14,HopcroftKarpMatcher,-1,na,total_bfs_edges_visited,2587
U3,1600,1,14,HopcroftKarpMatcher,-1,na,total_edges_visited,4743
U3,1600,1,14,HopcroftKarpMatcher,-1,na,matching_size,871
U3,1600,1,14,HopcroftKarpMatcher,-1,na,wall_clock_ms,11.6065
U3,1600,1,14,HopcroftKarpMatcher,-1,na,matching_size,871
U3,1600,1,18,SimpleAugmentingMatcher,-1,na,wall_clock_ms,2.44602
U3,1600,1,18,SimpleAugmentingMatcher,-1,na,matching_size,882
U3,1600,1,18,HopcroftKarpMatcher,0,na,paths_found_per_phase,829
U3,1600,1,18,HopcroftKarpMatcher,0,na,bfs_edges_visited,1600
U3,1600,1,18,HopcroftKarpMatcher,0,na,dfs_edges_visited,1178
U3,1600,1,18,HopcroftKarpMatcher,0,na,defect_at_iteration,771
U3,1600,1,18,HopcroftKarpMatcher,1,na,paths_found_per_phase,49
U3,1600,1,18,HopcroftKarpMatcher,1,na,bfs_edges_visited,519
U3,1600,1,18,HopcroftKarpMatcher,1,na,dfs_edges_visited,560
U3,1600,1,18,HopcroftKarpMatcher,1,na,defect_at_iteration,722
U3,1600,1,18,HopcroftKarpMatcher,2,na,paths_found_per_phase,4
U3,1600,1,18,HopcroftKarpMatcher,2,na,bfs_edges_visited,423
U3,1600,1,18,HopcroftKarpMatcher,2,na,dfs_edges_visited,424
U3,1600,1,18,HopcroftKarpMatcher,2,na,defect_at_iteration,718
U3,1600,1,18,HopcroftKarpMatcher,-1,na,phase_count,3
U3,1600,1,18,HopcroftKarpMatcher,-1,na,main_loop_iters,3
U3,1600,1,18,HopcroftKarpMatcher,-1,na,total_bfs_edges_visited,2542
U3,1600,1,18,HopcroftKarpMatcher,-1,na,total_edges_visited,4704
U3,1600,1,18,HopcroftKarpMatcher,-1,na,matching_size,882
U3,1600,1,18,HopcroftKarpMatcher,-1,na,wall_clock_ms,11.4634
U3,1600,1,18,HopcroftKarpMatcher,-1,na,matching_size,882
U3,1600,1.75,15,SimpleAugmentingMatcher,-1,na,wall_clock_ms,1683.79
U3,1600,1.75,15,SimpleAugmentingMatcher,-1,na,matching_size,1600
U3,1600,1.75,15,HopcroftKarpMatcher,0,na,paths_found_per_phase,1596
U3,1600,1.75,15,HopcroftKarpMatcher,0,na,bfs_edges_visited,404771
U3,1600,1.75,15,HopcroftKarpMatcher,0,na,dfs_edges_visited,202438
U3,1600,1.75,15,HopcroftKarpMatcher,0,na,defect_at_iteration,4
U3,1600,1.75,15,HopcroftKarpMatcher,1,na,paths_found_per_phase,4
U3,1600,1.75,15,HopcroftKarpMatcher,1,na,bfs_edges_visited,198533
U3,1600,1.75,15,HopcroftKarpMatcher,1,na,dfs_edges_visited,3543
U3,1600,1.75,15,HopcroftKarpMatcher,1,na,defect_at_iteration,0
U3,1600,1.75,15,HopcroftKarpMatcher,-1,na,phase_count,2
U3,1600,1.75,15,HopcroftKarpMatcher,-1,na,main_loop_iters,2
U3,1600,1.75,15,HopcroftKarpMatcher,-1,na,total_bfs_edges_visited,603304
U3,1600,1.75,15,HopcroftKarpMatcher,-1,na,total_edges_visited,809285
U3,1600,1.75,15,HopcroftKarpMatcher,-1,na,matching_size,1600
U3,1600,1.75,15,HopcroftKarpMatcher,-1,na,wall_clock_ms,13.1736
U3,1600,1.75,15,HopcroftKarpMatcher,-1,na,matching_size,1600
U3,1600,1,8,SimpleAugmentingMatcher,-1,na,wall_clock_ms,2.44959
U3,1600,1,8,SimpleAugmentingMatcher,-1,na,matching_size,881
U3,1600,1,8,HopcroftKarpMatcher,0,na,paths_found_per_phase,828
U3,1600,1,8,HopcroftKarpMatcher,0,na,bfs_edges_visited,1600
U3,1600,1,8,HopcroftKarpMatcher,0,na,dfs_edges_visited,1172
U3,1600,1,8,HopcroftKarpMatcher,0,na,defect_at_iteration,772
U3,1600,1,8,HopcroftKarpMatcher,1,na,paths_found_per_phase,50
U3,1600,1,8,HopcroftKarpMatcher,1,na,bfs_edges_visited,573
U3,1600,1,8,HopcroftKarpMatcher,1,na,dfs_edges_visited,594
U3,1600,1,8,HopcroftKarpMatcher,1,na,defect_at_iteration,722
U3,1600,1,8,HopcroftKarpMatcher,2,na,paths_found_per_phase,3
U3,1600,1,8,HopcroftKarpMatcher,2,na,bfs_edges_visited,425
U3,1600,1,8,HopcroftKarpMatcher,2,na,dfs_edges_visited,422
U3,1600,1,8,HopcroftKarpMatcher,2,na,defect_at_iteration,719
U3,1600,1,8,HopcroftKarpMatcher,-1,na,phase_count,3
U3,1600,1,8,HopcroftKarpMatcher,-1,na,main_loop_iters,3
U3,1600,1,8,HopcroftKarpMatcher,-1,na,total_bfs_edges_visited,2598
U3,1600,1,8,HopcroftKarpMatcher,-1,na,total_edges_visited,4786
U3,1600,1,8,HopcroftKarpMatcher,-1,na,matching_size,881
U3,1600,1,8,HopcroftKarpMatcher,-1,na,wall_clock_ms,11.5463
U3,1600,1,8,HopcroftKarpMatcher,-1,na,matching_size,881
U3,400,2,2,SimpleAugmentingMatcher,-1,na,wall_clock_ms,14.3975
U3,400,2,2,SimpleAugmentingMatcher,-1,na,matching_size,400
U3,400,2,2,HopcroftKarpMatcher,0,na,paths_found_per_phase,400
U3,400,2,2,HopcroftKarpMatcher,0,na,bfs_edges_visited,160000
U3,400,2,2,HopcroftKarpMatcher,0,na,dfs_edges_visited,80200
U3,400,2,2,HopcroftKarpMatcher,0,na,defect_at_iteration,0
U3,400,2,2,HopcroftKarpMatcher,-1,na,phase_count,1
U3,400,2,2,HopcroftKarpMatcher,-1,na,main_loop_iters,1
U3,400,2,2,HopcroftKarpMatcher,-1,na,total_bfs_edges_visited,160000
U3,400,2,2,HopcroftKarpMatcher,-1,na,total_edges_visited,240200
U3,400,2,2,HopcroftKarpMatcher,-1,na,matching_size,400
U3,400,2,2,HopcroftKarpMatcher,-1,na,wall_clock_ms,0.332499
U3,400,2,2,HopcroftKarpMatcher,-1,na,matching_size,400
U3,1600,2,13,SimpleAugmentingMatcher,-1,na,wall_clock_ms,887.201
U3,1600,2,13,SimpleAugmentingMatcher,-1,na,matching_size,1600
U3,1600,2,13,HopcroftKarpMatcher,0,na,paths_found_per_phase,1600
U3,1600,2,13,HopcroftKarpMatcher,0,na,bfs_edges_visited,2.56e+06
U3,1600,2,13,HopcroftKarpMatcher,0,na,dfs_edges_visited,1.2808e+06
U3,1600,2,13,HopcroftKarpMatcher,0,na,defect_at_iteration,0
U3,1600,2,13,HopcroftKarpMatcher,-1,na,phase_count,1
U3,1600,2,13,HopcroftKarpMatcher,-1,na,main_loop_iters,1
U3,1600,2,13,HopcroftKarpMatcher,-1,na,total_bfs_edges_visited,2.56e+06
U3,1600,2,13,HopcroftKarpMatcher,-1,na,total_edges_visited,3.8408e+06
U3,1600,2,13,HopcroftKarpMatcher,-1,na,matching_size,1600
U3,1600,2,13,HopcroftKarpMatcher,-1,na,wall_clock_ms,5.11871
U3,1600,2,13,HopcroftKarpMatcher,-1,na,matching_size,1600
U3,3200,2,9,SimpleAugmentingMatcher,-1,na,wall_clock_ms,7148.73
U3,3200,2,9,SimpleAugmentingMatcher,-1,na,matching_size,3200
U3,3200,2,9,HopcroftKarpMatcher,0,na,paths_found_per_phase,3200
U3,3200,2,9,HopcroftKarpMatcher,0,na,bfs_edges_visited,1.024e+07
U3,3200,2,9,HopcroftKarpMatcher,0,na,dfs_edges_visited,5.1216e+06
U3,3200,2,9,HopcroftKarpMatcher,0,na,defect_at_iteration,0
U3,3200,2,9,HopcroftKarpMatcher,-1,na,phase_count,1
U3,3200,2,9,HopcroftKarpMatcher,-1,na,main_loop_iters,1
U3,3200,2,9,HopcroftKarpMatcher,-1,na,total_bfs_edges_visited,1.024e+07
U3,3200,2,9,HopcroftKarpMatcher,-1,na,total_edges_visited,1.53616e+07
U3,3200,2,9,HopcroftKarpMatcher,-1,na,matching_size,3200
U3,3200,2,9,HopcroftKarpMatcher,-1,na,wall_clock_ms,20.6045
U3,3200,2,9,HopcroftKarpMatcher,-1,na,matching_size,3200
U3,100,1,18,SimpleAugmentingMatcher,-1,na,wall_clock_ms,0.01449
U3,100,1,18,SimpleAugmentingMatcher,-1,na,matching_size,56
U3,100,1,18,HopcroftKarpMatcher,0,na,paths_found_per_phase,51
U3,100,1,18,HopcroftKarpMatcher,0,na,bfs_edges_visited,100
U3,100,1,18,HopcroftKarpMatcher,0,na,dfs_edges_visited,72
U3,100,1,18,HopcroftKarpMatcher,0,na,defect_at_iteration,49
U3,100,1,18,HopcroftKarpMatcher,1,na,paths_found_per_phase,5
U3,100,1,18,HopcroftKarpMatcher,1,na,bfs_edges_visited,37
U3,100,1,18,HopcroftKarpMatcher,1,na,dfs_edges_visited,46
U3,100,1,18,HopcroftKarpMatcher,1,na,defect_at_iteration,44
U3,100,1,18,HopcroftKarpMatcher,-1,na,phase_count,2
U3,100,1,18,HopcroftKarpMatcher,-1,na,main_loop_iters,2
U3,100,1,18,HopcroftKarpMatcher,-1,na,total_bfs_edges_visited,137
U3,100,1,18,HopcroftKarpMatcher,-1,na,total_edges_visited,255
U3,100,1,18,HopcroftKarpMatcher,-1,na,matching_size,56
U3,100,1,18,HopcroftKarpMatcher,-1,na,wall_clock_ms,0.047879
U3,100,1,18,HopcroftKarpMatcher,-1,na,matching_size,56
U3,1600,2,10,SimpleAugmentingMatcher,-1,na,wall_clock_ms,887.218
U3,1600,2,10,SimpleAugmentingMatcher,-1,na,matching_size,1600
U3,1600,2,10,HopcroftKarpMatcher,0,na,paths_found_per_phase,1600
U3,1600,2,10,HopcroftKarpMatcher,0,na,bfs_edges_visited,2.56e+06
U3,1600,2,10,HopcroftKarpMatcher,0,na,dfs_edges_visited,1.2808e+06
U3,1600,2,10,HopcroftKarpMatcher,0,na,defect_at_iteration,0
U3,1600,2,10,HopcroftKarpMatcher,-1,na,phase_count,1
U3,1600,2,10,HopcroftKarpMatcher,-1,na,main_loop_iters,1
U3,1600,2,10,HopcroftKarpMatcher,-1,na,total_bfs_edges_visited,2.56e+06
U3,1600,2,10,HopcroftKarpMatcher,-1,na,total_edges_visited,3.8408e+06
U3,1600,2,10,HopcroftKarpMatcher,-1,na,matching_size,1600
U3,1600,2,10,HopcroftKarpMatcher,-1,na,wall_clock_ms,5.11783
U3,1600,2,10,HopcroftKarpMatcher,-1,na,matching_size,1600
U3,800,1.25,0,SimpleAugmentingMatcher,-1,na,wall_clock_ms,17.9401
U3,800,1.25,0,SimpleAugmentingMatcher,-1,na,matching_size,797
U3,800,1.25,0,HopcroftKarpMatcher,0,na,paths_found_per_phase,704
U3,800,1.25,0,HopcroftKarpMatcher,0,na,bfs_edges_visited,4254
U3,800,1.25,0,HopcroftKarpMatcher,0,na,dfs_edges_visited,2272
U3,800,1.25,0,HopcroftKarpMatcher,0,na,defect_at_iteration,96
U3,800,1.25,0,HopcroftKarpMatcher,1,na,paths_found_per_phase,77
U3,800,1.25,0,HopcroftKarpMatcher,1,na,bfs_edges_visited,1849
U3,800,1.25,0,HopcroftKarpMatcher,1,na,dfs_edges_visited,2069
U3,800,1.25,0,HopcroftKarpMatcher,1,na,defect_at_iteration,19
U3,800,1.25,0,HopcroftKarpMatcher,2,na,paths_found_per_phase,10
U3,800,1.25,0,HopcroftKarpMatcher,2,na,bfs_edges_visited,848
U3,800,1.25,0,HopcroftKarpMatcher,2,na,dfs_edges_visited,1561
U3,800,1.25,0,HopcroftKarpMatcher,2,na,defect_at_iteration,9
U3,800,1.25,0,HopcroftKarpMatcher,3,na,paths_found_per_phase,3
U3,800,1.25,0,HopcroftKarpMatcher,3,na,bfs_edges_visited,2540
U3,800,1.25,0,HopcroftKarpMatcher,3,na,dfs_edges_visited,3507
U3,800,1.25,0,HopcroftKarpMatcher,3,na,defect_at_iteration,6
U3,800,1.25,0,HopcroftKarpMatcher,4,na,paths_found_per_phase,3
U3,800,1.25,0,HopcroftKarpMatcher,4,na,bfs_edges_visited,3832
U3,800,1.25,0,HopcroftKarpMatcher,4,na,dfs_edges_visited,2175
U3,800,1.25,0,HopcroftKarpMatcher,4,na,defect_at_iteration,3
U3,800,1.25,0,HopcroftKarpMatcher,-1,na,phase_count,5
U3,800,1.25,0,HopcroftKarpMatcher,-1,na,main_loop_iters,5
U3,800,1.25,0,HopcroftKarpMatcher,-1,na,total_bfs_edges_visited,13323
U3,800,1.25,0,HopcroftKarpMatcher,-1,na,total_edges_visited,24907
U3,800,1.25,0,HopcroftKarpMatcher,-1,na,matching_size,797
U3,800,1.25,0,HopcroftKarpMatcher,-1,na,wall_clock_ms,4.67573
U3,800,1.25,0,HopcroftKarpMatcher,-1,na,matching_size,797
U3,100,1.75,2,SimpleAugmentingMatcher,-1,na,wall_clock_ms,0.460155
U3,100,1.75,2,SimpleAugmentingMatcher,-1,na,matching_size,100
U3,100,1.75,2,HopcroftKarpMatcher,0,na,paths_found_per_phase,98
U3,100,1.75,2,HopcroftKarpMatcher,0,na,bfs_edges_visited,3162
U3,100,1.75,2,HopcroftKarpMatcher,0,na,dfs_edges_visited,1611
U3,100,1.75,2,HopcroftKarpMatcher,0,na,defect_at_iteration,2
U3,100,1.75,2,HopcroftKarpMatcher,1,na,paths_found_per_phase,2
U3,100,1.75,2,HopcroftKarpMatcher,1,na,bfs_edges_visited,1790
U3,100,1.75,2,HopcroftKarpMatcher,1,na,dfs_edges_visited,147
U3,100,1.75,2,HopcroftKarpMatcher,1,na,defect_at_iteration,0
U3,100,1.75,2,HopcroftKarpMatcher,-1,na,phase_count,2
U3,100,1.75,2,HopcroftKarpMatcher,-1,na,main_loop_iters,2
U3,100,1.75,2,HopcroftKarpMatcher,-1,na,total_bfs_edges_visited,4952
U3,100,1.75,2,HopcroftKarpMatcher,-1,na,total_edges_visited,6710
U3,100,1.75,2,HopcroftKarpMatcher,-1,na,matching_size,100
U3,100,1.75,2,HopcroftKarpMatcher,-1,na,wall_clock_ms,0.103165
U3,100,1.75,2,HopcroftKarpMatcher,-1,na,matching_size,100
U3,6400,1.25,13,SimpleAugmentingMatcher,-1,na,wall_clock_ms,7829.21
U3,6400,1.25,13,SimpleAugmentingMatcher,-1,na,matching_size,6398
U3,6400,1.25,13,HopcroftKarpMatcher,0,na,paths_found_per_phase,5915
U3,6400,1.25,13,HopcroftKarpMatcher,0,na,bfs_edges_visited,57243
U3,6400,1.25,13,HopcroftKarpMatcher,0,na,dfs_edges_visited,28909
U3,6400,1.25,13,HopcroftKarpMatcher,0,na,defect_at_iteration,485
U3,6400,1.25,13,HopcroftKarpMatcher,1,na,paths_found_per_phase,464
U3,6400,1.25,13,HopcroftKarpMatcher,1,na,bfs_edges_visited,27784
U3,6400,1.25,13,HopcroftKarpMatcher,1,na,dfs_edges_visited,24462
U3,6400,1.25,13,HopcroftKarpMatcher,1,na,defect_at_iteration,21
U3,6400,1.25,13,HopcroftKarpMatcher,2,na,paths_found_per_phase,15
U3,6400,1.25,13,HopcroftKarpMatcher,2,na,bfs_edges_visited,7718
U3,6400,1.25,13,HopcroftKarpMatcher,2,na,dfs_edges_visited,19048
U3,6400,1.25,13,HopcroftKarpMatcher,2,na,defect_at_iteration,6
U3,6400,1.25,13,HopcroftKarpMatcher,3,na,paths_found_per_phase,3
U3,6400,1.25,13,HopcroftKarpMatcher,3,na,bfs_edges_visited,9075
U3,6400,1.25,13,HopcroftKarpMatcher,3,na,dfs_edges_visited,12573
U3,6400,1.25,13,HopcroftKarpMatcher,3,na,defect_at_iteration,3
U3,6400,1.25,13,HopcroftKarpMatcher,4,na,paths_found_per_phase,1
U3,6400,1.25,13,HopcroftKarpMatcher,4,na,bfs_edges_visited,16258
U3,6400,1.25,13,HopcroftKarpMatcher,4,na,dfs_edges_visited,23497
U3,6400,1.25,13,HopcroftKarpMatcher,4,na,defect_at_iteration,2
U3,6400,1.25,13,HopcroftKarpMatcher,-1,na,phase_count,5
U3,6400,1.25,13,HopcroftKarpMatcher,-1,na,main_loop_iters,5
U3,6400,1.25,13,HopcroftKarpMatcher,-1,na,total_bfs_edges_visited,118078
U3,6400,1.25,13,HopcroftKarpMatcher,-1,na,total_edges_visited,226567
U3,6400,1.25,13,HopcroftKarpMatcher,-1,na,matching_size,6398
U3,6400,1.25,13,HopcroftKarpMatcher,-1,na,wall_clock_ms,159.593
U3,6400,1.25,13,HopcroftKarpMatcher,-1,na,matching_size,6398
U3,3200,1.5,5,SimpleAugmentingMatcher,-1,na,wall_clock_ms,4868.44
U3,3200,1.5,5,SimpleAugmentingMatcher,-1,na,matching_size,3200
U3,3200,1.5,5,HopcroftKarpMatcher,0,na,paths_found_per_phase,3159
U3,3200,1.5,5,HopcroftKarpMatcher,0,na,bfs_edges_visited,181019
U3,3200,1.5,5,HopcroftKarpMatcher,0,na,dfs_edges_visited,91056
U3,3200,1.5,5,HopcroftKarpMatcher,0,na,defect_at_iteration,41
U3,3200,1.5,5,HopcroftKarpMatcher,1,na,paths_found_per_phase,41
U3,3200,1.5,5,HopcroftKarpMatcher,1,na,bfs_edges_visited,92748
U3,3200,1.5,5,HopcroftKarpMatcher,1,na,dfs_edges_visited,9322
U3,3200,1.5,5,HopcroftKarpMatcher,1,na,defect_at_iteration,0
U3,3200,1.5,5,HopcroftKarpMatcher,-1,na,phase_count,2
U3,3200,1.5,5,HopcroftKarpMatcher,-1,na,main_loop_iters,2
U3,3200,1.5,5,HopcroftKarpMatcher,-1,na,total_bfs_edges_visited,273767
U3,3200,1.5,5,HopcroftKarpMatcher,-1,na,total_edges_visited,374145
U3,3200,1.5,5,HopcroftKarpMatcher,-1,na,matching_size,3200
U3,3200,1.5,5,HopcroftKarpMatcher,-1,na,wall_clock_ms,24.077
U3,3200,1.5,5,HopcroftKarpMatcher,-1,na,matching_size,3200
U3,1600,2,6,SimpleAugmentingMatcher,-1,na,wall_clock_ms,887.26
U3,1600,2,6,SimpleAugmentingMatcher,-1,na,matching_size,1600
U3,1600,2,6,HopcroftKarpMatcher,0,na,paths_found_per_phase,1600
U3,1600,2,6,HopcroftKarpMatcher,0,na,bfs_edges_visited,2.56e+06
U3,1600,2,6,HopcroftKarpMatcher,0,na,dfs_edges_visited,1.2808e+06
U3,1600,2,6,HopcroftKarpMatcher,0,na,defect_at_iteration,0
U3,1600,2,6,HopcroftKarpMatcher,-1,na,phase_count,1
U3,1600,2,6,HopcroftKarpMatcher,-1,na,main_loop_iters,1
U3,1600,2,6,HopcroftKarpMatcher,-1,na,total_bfs_edges_visited,2.56e+06
U3,1600,2,6,HopcroftKarpMatcher,-1,na,total_edges_visited,3.8408e+06
U3,1600,2,6,HopcroftKarpMatcher,-1,na,matching_size,1600
U3,1600,2,6,HopcroftKarpMatcher,-1,na,wall_clock_ms,5.11347
U3,1600,2,6,HopcroftKarpMatcher,-1,na,matching_size,1600
U3,800,1,10,SimpleAugmentingMatcher,-1,na,wall_clock_ms,0.624352
U3,800,1,10,SimpleAugmentingMatcher,-1,na,matching_size,435
U3,800,1,10,HopcroftKarpMatcher,0,na,paths_found_per_phase,412
U3,800,1,10,HopcroftKarpMatcher,0,na,bfs_edges_visited,800
U3,800,1,10,HopcroftKarpMatcher,0,na,dfs_edges_visited,574
U3,800,1,10,HopcroftKarpMatcher,0,na,defect_at_iteration,388
U3,800,1,10,HopcroftKarpMatcher,1,na,paths_found_per_phase,22
U3,800,1,10,HopcroftKarpMatcher,1,na,bfs_edges_visited,276
U3,800,1,10,HopcroftKarpMatcher,1,na,dfs_edges_visited,275
U3,800,1,10,HopcroftKarpMatcher,1,na,defect_at_iteration,366
U3,800,1,10,HopcroftKarpMatcher,2,na,paths_found_per_phase,1
U3,800,1,10,HopcroftKarpMatcher,2,na,bfs_edges_visited,204
U3,800,1,10,HopcroftKarpMatcher,2,na,dfs_edges_visited,211
U3,800,1,10,HopcroftKarpMatcher,2,na,defect_at_iteration,365
U3,800,1,10,HopcroftKarpMatcher,-1,na,phase_count,3
U3,800,1,10,HopcroftKarpMatcher,-1,na,main_loop_iters,3
U3,800,1,10,HopcroftKarpMatcher,-1,na,total_bfs_edges_visited,1280
U3,800,1,10,HopcroftKarpMatcher,-1,na,total_edges_visited,2340
U3,800,1,10,HopcroftKarpMatcher,-1,na,matching_size,435
U3,800,1,10,HopcroftKarpMatcher,-1,na,wall_clock_ms,2.93657
U3,800,1,10,HopcroftKarpMatcher,-1,na,matching_size,435
U3,800,1.25,11,SimpleAugmentingMatcher,-1,na,wall_clock_ms,18.2046
U3,800,1.25,11,SimpleAugmentingMatcher,-1,na,matching_size,796
U3,800,1.25,11,HopcroftKarpMatcher,0,na,paths_found_per_phase,687
U3,800,1.25,11,HopcroftKarpMatcher,0,na,bfs_edges_visited,4254
U3,800,1.25,11,HopcroftKarpMatcher,0,na,dfs_edges_visited,2240
U3,800,1.25,11,HopcroftKarpMatcher,0,na,defect_at_iteration,113
U3,800,1.25,11,HopcroftKarpMatcher,1,na,paths_found_per_phase,92
U3,800,1.25,11,HopcroftKarpMatcher,1,na,bfs_edges_visited,2271
U3,800,1.25,11,HopcroftKarpMatcher,1,na,dfs_edges_visited,1901
U3,800,1.25,11,HopcroftKarpMatcher,1,na,defect_at_iteration,21
U3,800,1.25,11,HopcroftKarpMatcher,2,na,paths_found_per_phase,9
U3,800,1.25,11,HopcroftKarpMatcher,2,na,bfs_edges_visited,837
U3,800,1.25,11,HopcroftKarpMatcher,2,na,dfs_edges_visited,1632
U3,800,1.25,11,HopcroftKarpMatcher,2,na,defect_at_iteration,12
U3,800,1.25,11,HopcroftKarpMatcher,3,na,paths_found_per_phase,6
U3,800,1.25,11,HopcroftKarpMatcher,3,na,bfs_edges_visited,2416
U3,800,1.25,11,HopcroftKarpMatcher,3,na,dfs_edges_visited,1684
U3,800,1.25,11,HopcroftKarpMatcher,3,na,defect_at_iteration,6
U3,800,1.25,11,HopcroftKarpMatcher,4,na,paths_found_per_phase,2
U3,800,1.25,11,HopcroftKarpMatcher,4,na,bfs_edges_visited,3353
U3,800,1.25,11,HopcroftKarpMatcher,4,na,dfs_edges_visited,3291
U3,800,1.25,11,HopcroftKarpMatcher,4,na,defect_at_iteration,4
U3,800,1.25,11,HopcroftKarpMatcher,-1,na,phase_count,5
U3,800,1.25,11,HopcroftKarpMatcher,-1,na,main_loop_iters,5
U3,800,1.25,11,HopcroftKarpMatcher,-1,na,total_bfs_edges_visited,13131
U3,800,1.25,11,HopcroftKarpMatcher,-1,na,total_edges_visited,23879
U3,800,1.25,11,HopcroftKarpMatcher,-1,na,matching_size,796
U3,800,1.25,11,HopcroftKarpMatcher,-1,na,wall_clock_ms,4.50025
U3,800,1.25,11,HopcroftKarpMatcher,-1,na,matching_size,796
U3,100,1,6,SimpleAugmentingMatcher,-1,na,wall_clock_ms,0.013732
U3,100,1,6,SimpleAugmentingMatcher,-1,na,matching_size,56
U3,100,1,6,HopcroftKarpMatcher,0,na,paths_found_per_phase,51
U3,100,1,6,HopcroftKarpMatcher,0,na,bfs_edges_visited,100
U3,100,1,6,HopcroftKarpMatcher,0,na,dfs_edges_visited,79
U3,100,1,6,HopcroftKarpMatcher,0,na,defect_at_iteration,49
U3,100,1,6,HopcroftKarpMatcher,1,na,paths_found_per_phase,5
U3,100,1,6,HopcroftKarpMatcher,1,na,bfs_edges_visited,43
U3,100,1,6,HopcroftKarpMatcher,1,na,dfs_edges_visited,44
U3,100,1,6,HopcroftKarpMatcher,1,na,defect_at_iteration,44
U3,100,1,6,HopcroftKarpMatcher,-1,na,phase_count,2
U3,100,1,6,HopcroftKarpMatcher,-1,na,main_loop_iters,2
U3,100,1,6,HopcroftKarpMatcher,-1,na,total_bfs_edges_visited,143
U3,100,1,6,HopcroftKarpMatcher,-1,na,total_edges_visited,266
U3,100,1,6,HopcroftKarpMatcher,-1,na,matching_size,56
U3,100,1,6,HopcroftKarpMatcher,-1,na,wall_clock_ms,0.052368
U3,100,1,6,HopcroftKarpMatcher,-1,na,matching_size,56
U3,800,1.25,14,SimpleAugmentingMatcher,-1,na,wall_clock_ms,15.5398
U3,800,1.25,14,SimpleAugmentingMatcher,-1,na,matching_size,793
U3,800,1.25,14,HopcroftKarpMatcher,0,na,paths_found_per_phase,691
U3,800,1.25,14,HopcroftKarpMatcher,0,na,bfs_edges_visited,4254
U3,800,1.25,14,HopcroftKarpMatcher,0,na,dfs_edges_visited,2209
U3,800,1.25,14,HopcroftKarpMatcher,0,na,defect_at_iteration,109
U3,800,1.25,14,HopcroftKarpMatcher,1,na,paths_found_per_phase,87
U3,800,1.25,14,HopcroftKarpMatcher,1,na,bfs_edges_visited,2022
U3,800,1.25,14,HopcroftKarpMatcher,1,na,dfs_edges_visited,2118
U3,800,1.25,14,HopcroftKarpMatcher,1,na,defect_at_iteration,22
U3,800,1.25,14,HopcroftKarpMatcher,2,na,paths_found_per_phase,13
U3,800,1.25,14,HopcroftKarpMatcher,2,na,bfs_edges_visited,1011
U3,800,1.25,14,HopcroftKarpMatcher,2,na,dfs_edges_visited,1138
U3,800,1.25,14,HopcroftKarpMatcher,2,na,defect_at_iteration,9
U3,800,1.25,14,HopcroftKarpMatcher,3,na,paths_found_per_phase,2
U3,800,1.25,14,HopcroftKarpMatcher,3,na,bfs_edges_visited,1389
U3,800,1.25,14,HopcroftKarpMatcher,3,na,dfs_edges_visited,166
U3,800,1.25,14,HopcroftKarpMatcher,3,na,defect_at_iteration,7
U3,800,1.25,14,HopcroftKarpMatcher,-1,na,phase_count,4
U3,800,1.25,14,HopcroftKarpMatcher,-1,na,main_loop_iters,4
U3,800,1.25,14,HopcroftKarpMatcher,-1,na,total_bfs_edges_visited,8676
U3,800,1.25,14,HopcroftKarpMatcher,-1,na,total_edges_visited,14307
U3,800,1.25,14,HopcroftKarpMatcher,-1,na,matching_size,793
U3,800,1.25,14,HopcroftKarpMatcher,-1,na,wall_clock_ms,2.33462
U3,800,1.25,14,HopcroftKarpMatcher,-1,na,matching_size,793
U3,100,1.5,1,SimpleAugmentingMatcher,-1,na,wall_clock_ms,0.188241
U3,100,1.5,1,SimpleAugmentingMatcher,-1,na,matching_size,100
U3,100,1.5,1,HopcroftKarpMatcher,0,na,paths_found_per_phase,92
U3,100,1.5,1,HopcroftKarpMatcher,0,na,bfs_edges_visited,1000
U3,100,1.5,1,HopcroftKarpMatcher,0,na,dfs_edges_visited,528
U3,100,1.5,1,HopcroftKarpMatcher,0,na,defect_at_iteration,8
U3,100,1.5,1,HopcroftKarpMatcher,1,na,paths_found_per_phase,8
U3,100,1.5,1,HopcroftKarpMatcher,1,na,bfs_edges_visited,545
U3,100,1.5,1,HopcroftKarpMatcher,1,na,dfs_edges_visited,277
U3,100,1.5,1,HopcroftKarpMatcher,1,na,defect_at_iteration,0
U3,100,1.5,1,HopcroftKarpMatcher,-1,na,phase_count,2
U3,100,1.5,1,HopcroftKarpMatcher,-1,na,main_loop_iters,2
U3,100,1.5,1,HopcroftKarpMatcher,-1,na,total_bfs_edges_visited,1545
U3,100,1.5,1,HopcroftKarpMatcher,-1,na,total_edges_visited,2350
U3,100,1.5,1,HopcroftKarpMatcher,-1,na,matching_size,100
U3,100,1.5,1,HopcroftKarpMatcher,-1,na,wall_clock_ms,0.058611
U3,100,1.5,1,HopcroftKarpMatcher,-1,na,matching_size,100
U3,1600,1.5,9,SimpleAugmentingMatcher,-1,na,wall_clock_ms,604.206
U3,1600,1.5,9,SimpleAugmentingMatcher,-1,na,matching_size,1600
U3,1600,1.5,9,HopcroftKarpMatcher,0,na,paths_found_per_phase,1570
U3,1600,1.5,9,HopcroftKarpMatcher,0,na,bfs_edges_visited,64000
U3,1600,1.5,9,HopcroftKarpMatcher,0,na,dfs_edges_visited,32000
U3,1600,1.5,9,HopcroftKarpMatcher,0,na,defect_at_iteration,30
U3,1600,1.5,9,HopcroftKarpMatcher,1,na,paths_found_per_phase,30
U3,1600,1.5,9,HopcroftKarpMatcher,1,na,bfs_edges_visited,35463
U3,1600,1.5,9,HopcroftKarpMatcher,1,na,dfs_edges_visited,12020
U3,1600,1.5,9,HopcroftKarpMatcher,1,na,defect_at_iteration,0
U3,1600,1.5,9,HopcroftKarpMatcher,-1,na,phase_count,2
U3,1600,1.5,9,HopcroftKarpMatcher,-1,na,main_loop_iters,2
U3,1600,1.5,9,HopcroftKarpMatcher,-1,na,total_bfs_edges_visited,99463
U3,1600,1.5,9,HopcroftKarpMatcher,-1,na,total_edges_visited,143483
U3,1600,1.5,9,HopcroftKarpMatcher,-1,na,matching_size,1600
U3,1600,1.5,9,HopcroftKarpMatcher,-1,na,wall_clock_ms,7.10419
U3,1600,1.5,9,HopcroftKarpMatcher,-1,na,matching_size,1600
U3,3200,1.25,16,SimpleAugmentingMatcher,-1,na,wall_clock_ms,973.284
U3,3200,1.25,16,SimpleAugmentingMatcher,-1,na,matching_size,3197
U3,3200,1.25,16,HopcroftKarpMatcher,0,na,paths_found_per_phase,2907
U3,3200,1.25,16,HopcroftKarpMatcher,0,na,bfs_edges_visited,24067
U3,3200,1.25,16,HopcroftKarpMatcher,0,na,dfs_edges_visited,12449
U3,3200,1.25,16,HopcroftKarpMatcher,0,na,defect_at_iteration,293
U3,3200,1.25,16,HopcroftKarpMatcher,1,na,paths_found_per_phase,265
U3,3200,1.25,16,HopcroftKarpMatcher,1,na,bfs_edges_visited,11354
U3,3200,1.25,16,HopcroftKarpMatcher,1,na,dfs_edges_visited,11418
U3,3200,1.25,16,HopcroftKarpMatcher,1,na,defect_at_iteration,28
U3,3200,1.25,16,HopcroftKarpMatcher,2,na,paths_found_per_phase,18
U3,3200,1.25,16,HopcroftKarpMatcher,2,na,bfs_edges_visited,6325
U3,3200,1.25,16,HopcroftKarpMatcher,2,na,dfs_edges_visited,10755
U3,3200,1.25,16,HopcroftKarpMatcher,2,na,defect_at_iteration,10
U3,3200,1.25,16,HopcroftKarpMatcher,3,na,paths_found_per_phase,5
U3,3200,1.25,16,HopcroftKarpMatcher,3,na,bfs_edges_visited,20329
U3,3200,1.25,16,HopcroftKarpMatcher,3,na,dfs_edges_visited,7562
U3,3200,1.25,16,HopcroftKarpMatcher,3,na,defect_at_iteration,5
U3,3200,1.25,16,HopcroftKarpMatcher,4,na,paths_found_per_phase,2
U3,3200,1.25,16,HopcroftKarpMatcher,4,na,bfs_edges_visited,21716
U3,3200,1.25,16,HopcroftKarpMatcher,4,na,dfs_edges_visited,20465
U3,3200,1.25,16,HopcroftKarpMatcher,4,na,defect_at_iteration,3
U3,3200,1.25,16,HopcroftKarpMatcher,-1,na,phase_count,5
U3,3200,1.25,16,HopcroftKarpMatcher,-1,na,main_loop_iters,5
U3,3200,1.25,16,HopcroftKarpMatcher,-1,na,total_bfs_edges_visited,83791
U3,3200,1.25,16,HopcroftKarpMatcher,-1,na,total_edges_visited,146440
U3,3200,1.25,16,HopcroftKarpMatcher,-1,na,matching_size,3197
U3,3200,1.25,16,HopcroftKarpMatcher,-1,na,wall_clock_ms,72.0092
U3,3200,1.25,16,HopcroftKarpMatcher,-1,na,matching_size,3197
U3,100,1.75,15,SimpleAugmentingMatcher,-1,na,wall_clock_ms,0.471107
U3,100,1.75,15,SimpleAugmentingMatcher,-1,na,matching_size,100
U3,100,1.75,15,HopcroftKarpMatcher,0,na,paths_found_per_phase,98
U3,100,1.75,15,HopcroftKarpMatcher,0,na,bfs_edges_visited,3162
U3,100,1.75,15,HopcroftKarpMatcher,0,na,dfs_edges_visited,1577
U3,100,1.75,15,HopcroftKarpMatcher,0,na,defect_at_iteration,2
U3,100,1.75,15,HopcroftKarpMatcher,1,na,paths_found_per_phase,2
U3,100,1.75,15,HopcroftKarpMatcher,1,na,bfs_edges_visited,1625
U3,100,1.75,15,HopcroftKarpMatcher,1,na,dfs_edges_visited,159
U3,100,1.75,15,HopcroftKarpMatcher,1,na,defect_at_iteration,0
U3,100,1.75,15,HopcroftKarpMatcher,-1,na,phase_count,2
U3,100,1.75,15,HopcroftKarpMatcher,-1,na,main_loop_iters,2
U3,100,1.75,15,HopcroftKarpMatcher,-1,na,total_bfs_edges_visited,4787
U3,100,1.75,15,HopcroftKarpMatcher,-1,na,total_edges_visited,6523
U3,100,1.75,15,HopcroftKarpMatcher,-1,na,matching_size,100
U3,100,1.75,15,HopcroftKarpMatcher,-1,na,wall_clock_ms,0.099047
U3,100,1.75,15,HopcroftKarpMatcher,-1,na,matching_size,100
U3,400,1.25,16,SimpleAugmentingMatcher,-1,na,wall_clock_ms,2.92168
U3,400,1.25,16,SimpleAugmentingMatcher,-1,na,matching_size,394
U3,400,1.25,16,HopcroftKarpMatcher,0,na,paths_found_per_phase,334
U3,400,1.25,16,HopcroftKarpMatcher,0,na,bfs_edges_visited,1788
U3,400,1.25,16,HopcroftKarpMatcher,0,na,dfs_edges_visited,940
U3,400,1.25,16,HopcroftKarpMatcher,0,na,defect_at_iteration,66
U3,400,1.25,16,HopcroftKarpMatcher,1,na,paths_found_per_phase,47
U3,400,1.25,16,HopcroftKarpMatcher,1,na,bfs_edges_visited,847
U3,400,1.25,16,HopcroftKarpMatcher,1,na,dfs_edges_visited,882
U3,400,1.25,16,HopcroftKarpMatcher,1,na,defect_at_iteration,19
U3,400,1.25,16,HopcroftKarpMatcher,2,na,paths_found_per_phase,6
U3,400,1.25,16,HopcroftKarpMatcher,2,na,bfs_edges_visited,504
U3,400,1.25,16,HopcroftKarpMatcher,2,na,dfs_edges_visited,683
U3,400,1.25,16,HopcroftKarpMatcher,2,na,defect_at_iteration,13
U3,400,1.25,16,HopcroftKarpMatcher,3,na,paths_found_per_phase,4
U3,400,1.25,16,HopcroftKarpMatcher,3,na,bfs_edges_visited,1239
U3,400,1.25,16,HopcroftKarpMatcher,3,na,dfs_edges_visited,594
U3,400,1.25,16,HopcroftKarpMatcher,3,na,defect_at_iteration,9
U3,400,1.25,16,HopcroftKarpMatcher,4,na,paths_found_per_phase,3
U3,400,1.25,16,HopcroftKarpMatcher,4,na,bfs_edges_visited,1346
U3,400,1.25,16,HopcroftKarpMatcher,4,na,dfs_edges_visited,692
U3,400,1.25,16,HopcroftKarpMatcher,4,na,defect_at_iteration,6
U3,400,1.25,16,HopcroftKarpMatcher,-1,na,phase_count,5
U3,400,1.25,16,HopcroftKarpMatcher,-1,na,main_loop_iters,5
U3,400,1.25,16,HopcroftKarpMatcher,-1,na,total_bfs_edges_visited,5724
U3,400,1.25,16,HopcroftKarpMatcher,-1,na,total_edges_visited,9515
U3,400,1.25,16,HopcroftKarpMatcher,-1,na,matching_size,394
U3,400,1.25,16,HopcroftKarpMatcher,-1,na,wall_clock_ms,1.14977
U3,400,1.25,16,HopcroftKarpMatcher,-1,na,matching_size,394
U3,6400,1.5,15,SimpleAugmentingMatcher,-1,na,wall_clock_ms,39617.7
U3,6400,1.5,15,SimpleAugmentingMatcher,-1,na,matching_size,6400
U3,6400,1.5,15,HopcroftKarpMatcher,0,na,paths_found_per_phase,6345
U3,6400,1.5,15,HopcroftKarpMatcher,0,na,bfs_edges_visited,512000
U3,6400,1.5,15,HopcroftKarpMatcher,0,na,dfs_edges_visited,256212
U3,6400,1.5,15,HopcroftKarpMatcher,0,na,defect_at_iteration,55
U3,6400,1.5,15,HopcroftKarpMatcher,1,na,paths_found_per_phase,55
U3,6400,1.5,15,HopcroftKarpMatcher,1,na,bfs_edges_visited,249029
U3,6400,1.5,15,HopcroftKarpMatcher,1,na,dfs_edges_visited,38776
U3,6400,1.5,15,HopcroftKarpMatcher,1,na,defect_at_iteration,0
U3,6400,1.5,15,HopcroftKarpMatcher,-1,na,phase_count,2
U3,6400,1.5,15,HopcroftKarpMatcher,-1,na,main_loop_iters,2
U3,6400,1.5,15,HopcroftKarpMatcher,-1,na,total_bfs_edges_visited,761029
U3,6400,1.5,15,HopcroftKarpMatcher,-1,na,total_edges_visited,1.05602e+06
U3,6400,1.5,15,HopcroftKarpMatcher,-1,na,matching_size,6400
U3,6400,1.5,15,HopcroftKarpMatcher,-1,na,wall_clock_ms,92.1108
U3,6400,1.5,15,HopcroftKarpMatcher,-1,na,matching_size,6400
U3,400,1,3,SimpleAugmentingMatcher,-1,na,wall_clock_ms,0.157276
U3,400,1,3,SimpleAugmentingMatcher,-1,na,matching_size,217
U3,400,1,3,HopcroftKarpMatcher,0,na,paths_found_per_phase,203
U3,400,1,3,HopcroftKarpMatcher,0,na,bfs_edges_visited,400
U3,400,1,3,HopcroftKarpMatcher,0,na,dfs_edges_visited,283
U3,400,1,3,HopcroftKarpMatcher,0,na,defect_at_iteration,197
U3,400,1,3,HopcroftKarpMatcher,1,na,paths_found_per_phase,13
U3,400,1,3,HopcroftKarpMatcher,1,na,bfs_edges_visited,125
U3,400,1,3,HopcroftKarpMatcher,1,na,dfs_edges_visited,126
U3,400,1,3,HopcroftKarpMatcher,1,na,defect_at_iteration,184
U3,400,1,3,HopcroftKarpMatcher,2,na,paths_found_per_phase,1
U3,400,1,3,HopcroftKarpMatcher,2,na,bfs_edges_visited,88
U3,400,1,3,HopcroftKarpMatcher,2,na,dfs_edges_visited,86
U3,400,1,3,HopcroftKarpMatcher,2,na,defect_at_iteration,183
U3,400,1,3,HopcroftKarpMatcher,-1,na,phase_count,3
U3,400,1,3,HopcroftKarpMatcher,-1,na,main_loop_iters,3
U3,400,1,3,HopcroftKarpMatcher,-1,na,total_bfs_edges_visited,613
U3,400,1,3,HopcroftKarpMatcher,-1,na,total_edges_visited,1108
U3,400,1,3,HopcroftKarpMatcher,-1,na,matching_size,217
U3,400,1,3,HopcroftKarpMatcher,-1,na,wall_clock_ms,0.743358
U3,400,1,3,HopcroftKarpMatcher,-1,na,matching_size,217
U3,800,1.75,9,SimpleAugmentingMatcher,-1,na,wall_clock_ms,227.774
U3,800,1.75,9,SimpleAugmentingMatcher,-1,na,matching_size,800
U3,800,1.75,9,HopcroftKarpMatcher,0,na,paths_found_per_phase,795
U3,800,1.75,9,HopcroftKarpMatcher,0,na,bfs_edges_visited,120339
U3,800,1.75,9,HopcroftKarpMatcher,0,na,dfs_edges_visited,59913
U3,800,1.75,9,HopcroftKarpMatcher,0,na,defect_at_iteration,5
U3,800,1.75,9,HopcroftKarpMatcher,1,na,paths_found_per_phase,5
U3,800,1.75,9,HopcroftKarpMatcher,1,na,bfs_edges_visited,77493
U3,800,1.75,9,HopcroftKarpMatcher,1,na,dfs_edges_visited,5339
U3,800,1.75,9,HopcroftKarpMatcher,1,na,defect_at_iteration,0
U3,800,1.75,9,HopcroftKarpMatcher,-1,na,phase_count,2
U3,800,1.75,9,HopcroftKarpMatcher,-1,na,main_loop_iters,2
U3,800,1.75,9,HopcroftKarpMatcher,-1,na,total_bfs_edges_visited,197832
U3,800,1.75,9,HopcroftKarpMatcher,-1,na,total_edges_visited,263084
U3,800,1.75,9,HopcroftKarpMatcher,-1,na,matching_size,800
U3,800,1.75,9,HopcroftKarpMatcher,-1,na,wall_clock_ms,4.12056
U3,800,1.75,9,HopcroftKarpMatcher,-1,na,matching_size,800
U3,200,1.25,17,SimpleAugmentingMatcher,-1,na,wall_clock_ms,0.605359
U3,200,1.25,17,SimpleAugmentingMatcher,-1,na,matching_size,192
U3,200,1.25,17,HopcroftKarpMatcher,0,na,paths_found_per_phase,164
U3,200,1.25,17,HopcroftKarpMatcher,0,na,bfs_edges_visited,752
U3,200,1.25,17,HopcroftKarpMatcher,0,na,dfs_edges_visited,422
U3,200,1.25,17,HopcroftKarpMatcher,0,na,defect_at_iteration,36
U3,200,1.25,17,HopcroftKarpMatcher,1,na,paths_found_per_phase,22
U3,200,1.25,17,HopcroftKarpMatcher,1,na,bfs_edges_visited,369
U3,200,1.25,17,HopcroftKarpMatcher,1,na,dfs_edges_visited,339
U3,200,1.25,17,HopcroftKarpMatcher,1,na,defect_at_iteration,14
U3,200,1.25,17,HopcroftKarpMatcher,2,na,paths_found_per_phase,3
U3,200,1.25,17,HopcroftKarpMatcher,2,na,bfs_edges_visited,272
U3,200,1.25,17,HopcroftKarpMatcher,2,na,dfs_edges_visited,384
U3,200,1.25,17,HopcroftKarpMatcher,2,na,defect_at_iteration,11
U3,200,1.25,17,HopcroftKarpMatcher,3,na,paths_found_per_phase,2
U3,200,1.25,17,HopcroftKarpMatcher,3,na,bfs_edges_visited,422
U3,200,1.25,17,HopcroftKarpMatcher,3,na,dfs_edges_visited,495
U3,200,1.25,17,HopcroftKarpMatcher,3,na,defect_at_iteration,9
U3,200,1.25,17,HopcroftKarpMatcher,4,na,paths_found_per_phase,1
U3,200,1.25,17,HopcroftKarpMatcher,4,na,bfs_edges_visited,522
U3,200,1.25,17,HopcroftKarpMatcher,4,na,dfs_edges_visited,535
U3,200,1.25,17,HopcroftKarpMatcher,4,na,defect_at_iteration,8
U3,200,1.25,17,HopcroftKarpMatcher,-1,na,phase_count,5
U3,200,1.25,17,HopcroftKarpMatcher,-1,na,main_loop_iters,5
U3,200,1.25,17,HopcroftKarpMatcher,-1,na,total_bfs_edges_visited,2337
U3,200,1.25,17,HopcroftKarpMatcher,-1,na,total_edges_visited,4512
U3,200,1.25,17,HopcroftKarpMatcher,-1,na,matching_size,192
U3,200,1.25,17,HopcroftKarpMatcher,-1,na,wall_clock_ms,0.365573
U3,200,1.25,17,HopcroftKarpMatcher,-1,na,matching_size,192
U3,800,2,17,SimpleAugmentingMatcher,-1,na,wall_clock_ms,112.281
U3,800,2,17,SimpleAugmentingMatcher,-1,na,matching_size,800
U3,800,2,17,HopcroftKarpMatcher,0,na,paths_found_per_phase,800
U3,800,2,17,HopcroftKarpMatcher,0,na,bfs_edges_visited,640000
U3,800,2,17,HopcroftKarpMatcher,0,na,dfs_edges_visited,320400
U3,800,2,17,HopcroftKarpMatcher,0,na,defect_at_iteration,0
U3,800,2,17,HopcroftKarpMatcher,-1,na,phase_count,1
U3,800,2,17,HopcroftKarpMatcher,-1,na,main_loop_iters,1
U3,800,2,17,HopcroftKarpMatcher,-1,na,total_bfs_edges_visited,640000
U3,800,2,17,HopcroftKarpMatcher,-1,na,total_edges_visited,960400
U3,800,2,17,HopcroftKarpMatcher,-1,na,matching_size,800
U3,800,2,17,HopcroftKarpMatcher,-1,na,wall_clock_ms,1.29016
U3,800,2,17,HopcroftKarpMatcher,-1,na,matching_size,800
U3,400,2,7,SimpleAugmentingMatcher,-1,na,wall_clock_ms,14.4066
U3,400,2,7,SimpleAugmentingMatcher,-1,na,matching_size,400
U3,400,2,7,HopcroftKarpMatcher,0,na,paths_found_per_phase,400
U3,400,2,7,HopcroftKarpMatcher,0,na,bfs_edges_visited,160000
U3,400,2,7,HopcroftKarpMatcher,0,na,dfs_edges_visited,80200
U3,400,2,7,HopcroftKarpMatcher,0,na,defect_at_iteration,0
U3,400,2,7,HopcroftKarpMatcher,-1,na,phase_count,1
U3,400,2,7,HopcroftKarpMatcher,-1,na,main_loop_iters,1
U3,400,2,7,HopcroftKarpMatcher,-1,na,total_bfs_edges_visited,160000
U3,400,2,7,HopcroftKarpMatcher,-1,na,total_edges_visited,240200
U3,400,2,7,HopcroftKarpMatcher,-1,na,matching_size,400
U3,400,2,7,HopcroftKarpMatcher,-1,na,wall_clock_ms,0.332318
U3,400,2,7,HopcroftKarpMatcher,-1,na,matching_size,400
U3,100,1.25,3,SimpleAugmentingMatcher,-1,na,wall_clock_ms,0.071847
U3,100,1.25,3,SimpleAugmentingMatcher,-1,na,matching_size,93
U3,100,1.25,3,HopcroftKarpMatcher,0,na,paths_found_per_phase,81
U3,100,1.25,3,HopcroftKarpMatcher,0,na,bfs_edges_visited,316
U3,100,1.25,3,HopcroftKarpMatcher,0,na,dfs_edges_visited,178
U3,100,1.25,3,HopcroftKarpMatcher,0,na,defect_at_iteration,19
U3,100,1.25,3,HopcroftKarpMatcher,1,na,paths_found_per_phase,5
U3,100,1.25,3,HopcroftKarpMatcher,1,na,bfs_edges_visited,87
U3,100,1.25,3,HopcroftKarpMatcher,1,na,dfs_edges_visited,142
U3,100,1.25,3,HopcroftKarpMatcher,1,na,defect_at_iteration,14
U3,100,1.25,3,HopcroftKarpMatcher,2,na,paths_found_per_phase,6
U3,100,1.25,3,HopcroftKarpMatcher,2,na,bfs_edges_visited,176
U3,100,1.25,3,HopcroftKarpMatcher,2,na,dfs_edges_visited,87
U3,100,1.25,3,HopcroftKarpMatcher,2,na,defect_at_iteration,8
U3,100,1.25,3,HopcroftKarpMatcher,3,na,paths_found_per_phase,1
U3,100,1.25,3,HopcroftKarpMatcher,3,na,bfs_edges_visited,87
U3,100,1.25,3,HopcroftKarpMatcher,3,na,dfs_edges_visited,29
U3,100,1.25,3,HopcroftKarpMatcher,3,na,defect_at_iteration,7
U3,100,1.25,3,HopcroftKarpMatcher,-1,na,phase_count,4
U3,100,1.25,3,HopcroftKarpMatcher,-1,na,main_loop_iters,4
U3,100,1.25,3,HopcroftKarpMatcher,-1,na,total_bfs_edges_visited,666
U3,100,1.25,3,HopcroftKarpMatcher,-1,na,total_edges_visited,1102
U3,100,1.25,3,HopcroftKarpMatcher,-1,na,matching_size,93
U3,100,1.25,3,HopcroftKarpMatcher,-1,na,wall_clock_ms,0.064742
U3,100,1.25,3,HopcroftKarpMatcher,-1,na,matching_size,93
U3,6400,1.25,9,SimpleAugmentingMatcher,-1,na,wall_clock_ms,8070.87
U3,6400,1.25,9,SimpleAugmentingMatcher,-1,na,matching_size,6399
U3,6400,1.25,9,HopcroftKarpMatcher,0,na,paths_found_per_phase,5915
U3,6400,1.25,9,HopcroftKarpMatcher,0,na,bfs_edges_visited,57243
U3,6400,1.25,9,HopcroftKarpMatcher,0,na,dfs_edges_visited,29241
U3,6400,1.25,9,HopcroftKarpMatcher,0,na,defect_at_iteration,485
U3,6400,1.25,9,HopcroftKarpMatcher,1,na,paths_found_per_phase,460
U3,6400,1.25,9,HopcroftKarpMatcher,1,na,bfs_edges_visited,28093
U3,6400,1.25,9,HopcroftKarpMatcher,1,na,dfs_edges_visited,24517
U3,6400,1.25,9,HopcroftKarpMatcher,1,na,defect_at_iteration,25
U3,6400,1.25,9,HopcroftKarpMatcher,2,na,paths_found_per_phase,18
U3,6400,1.25,9,HopcroftKarpMatcher,2,na,bfs_edges_visited,11039
U3,6400,1.25,9,HopcroftKarpMatcher,2,na,dfs_edges_visited,20567
U3,6400,1.25,9,HopcroftKarpMatcher,2,na,defect_at_iteration,7
U3,6400,1.25,9,HopcroftKarpMatcher,3,na,paths_found_per_phase,4
U3,6400,1.25,9,HopcroftKarpMatcher,3,na,bfs_edges_visited,14320
U3,6400,1.25,9,HopcroftKarpMatcher,3,na,dfs_edges_visited,23991
U3,6400,1.25,9,HopcroftKarpMatcher,3,na,defect_at_iteration,3
U3,6400,1.25,9,HopcroftKarpMatcher,4,na,paths_found_per_phase,2
U3,6400,1.25,9,HopcroftKarpMatcher,4,na,bfs_edges_visited,53732
U3,6400,1.25,9,HopcroftKarpMatcher,4,na,dfs_edges_visited,13817
U3,6400,1.25,9,HopcroftKarpMatcher,4,na,defect_at_iteration,1
U3,6400,1.25,9,HopcroftKarpMatcher,-1,na,phase_count,5
U3,6400,1.25,9,HopcroftKarpMatcher,-1,na,main_loop_iters,5
U3,6400,1.25,9,HopcroftKarpMatcher,-1,na,total_bfs_edges_visited,164427
U3,6400,1.25,9,HopcroftKarpMatcher,-1,na,total_edges_visited,276560
U3,6400,1.25,9,HopcroftKarpMatcher,-1,na,matching_size,6399
U3,6400,1.25,9,HopcroftKarpMatcher,-1,na,wall_clock_ms,194.418
U3,6400,1.25,9,HopcroftKarpMatcher,-1,na,matching_size,6399
U3,800,1,3,SimpleAugmentingMatcher,-1,na,wall_clock_ms,0.634417
U3,800,1,3,SimpleAugmentingMatcher,-1,na,matching_size,430
U3,800,1,3,HopcroftKarpMatcher,0,na,paths_found_per_phase,399
U3,800,1,3,HopcroftKarpMatcher,0,na,bfs_edges_visited,800
U3,800,1,3,HopcroftKarpMatcher,0,na,dfs_edges_visited,582
U3,800,1,3,HopcroftKarpMatcher,0,na,defect_at_iteration,401
U3,800,1,3,HopcroftKarpMatcher,1,na,paths_found_per_phase,31
U3,800,1,3,HopcroftKarpMatcher,1,na,bfs_edges_visited,304
U3,800,1,3,HopcroftKarpMatcher,1,na,dfs_edges_visited,305
U3,800,1,3,HopcroftKarpMatcher,1,na,defect_at_iteration,370
U3,800,1,3,HopcroftKarpMatcher,-1,na,phase_count,2
U3,800,1,3,HopcroftKarpMatcher,-1,na,main_loop_iters,2
U3,800,1,3,HopcroftKarpMatcher,-1,na,total_bfs_edges_visited,1104
U3,800,1,3,HopcroftKarpMatcher,-1,na,total_edges_visited,1991
U3,800,1,3,HopcroftKarpMatcher,-1,na,matching_size,430
U3,800,1,3,HopcroftKarpMatcher,-1,na,wall_clock_ms,2.2683
U3,800,1,3,HopcroftKarpMatcher,-1,na,matching_size,430
U3,400,1.5,15,SimpleAugmentingMatcher,-1,na,wall_clock_ms,9.59062
U3,400,1.5,15,SimpleAugmentingMatcher,-1,na,matching_size,400
U3,400,1.5,15,HopcroftKarpMatcher,0,na,paths_found_per_phase,385
U3,400,1.5,15,HopcroftKarpMatcher,0,na,bfs_edges_visited,8000
U3,400,1.5,15,HopcroftKarpMatcher,0,na,dfs_edges_visited,4072
U3,400,1.5,15,HopcroftKarpMatcher,0,na,defect_at_iteration,15
U3,400,1.5,15,HopcroftKarpMatcher,1,na,paths_found_per_phase,15
U3,400,1.5,15,HopcroftKarpMatcher,1,na,bfs_edges_visited,4299
U3,400,1.5,15,HopcroftKarpMatcher,1,na,dfs_edges_visited,854
U3,400,1.5,15,HopcroftKarpMatcher,1,na,defect_at_iteration,0
U3,400,1.5,15,HopcroftKarpMatcher,-1,na,phase_count,2
U3,400,1.5,15,HopcroftKarpMatcher,-1,na,main_loop_iters,2
U3,400,1.5,15,HopcroftKarpMatcher,-1,na,total_bfs_edges_visited,12299
U3,400,1.5,15,HopcroftKarpMatcher,-1,na,total_edges_visited,17225
U3,400,1.5,15,HopcroftKarpMatcher,-1,na,matching_size,400
U3,400,1.5,15,HopcroftKarpMatcher,-1,na,wall_clock_ms,0.529621
U3,400,1.5,15,HopcroftKarpMatcher,-1,na,matching_size,400
U3,100,1,7,SimpleAugmentingMatcher,-1,na,wall_clock_ms,0.014645
U3,100,1,7,SimpleAugmentingMatcher,-1,na,matching_size,52
U3,100,1,7,HopcroftKarpMatcher,0,na,paths_found_per_phase,49
U3,100,1,7,HopcroftKarpMatcher,0,na,bfs_edges_visited,100
U3,100,1,7,HopcroftKarpMatcher,0,na,dfs_edges_visited,72
U3,100,1,7,HopcroftKarpMatcher,0,na,defect_at_iteration,51
U3,100,1,7,HopcroftKarpMatcher,1,na,paths_found_per_phase,3
U3,100,1,7,HopcroftKarpMatcher,1,na,bfs_edges_visited,43
U3,100,1,7,HopcroftKarpMatcher,1,na,dfs_edges_visited,52
U3,100,1,7,HopcroftKarpMatcher,1,na,defect_at_iteration,48
U3,100,1,7,HopcroftKarpMatcher,-1,na,phase_count,2
U3,100,1,7,HopcroftKarpMatcher,-1,na,main_loop_iters,2
U3,100,1,7,HopcroftKarpMatcher,-1,na,total_bfs_edges_visited,143
U3,100,1,7,HopcroftKarpMatcher,-1,na,total_edges_visited,267
U3,100,1,7,HopcroftKarpMatcher,-1,na,matching_size,52
U3,100,1,7,HopcroftKarpMatcher,-1,na,wall_clock_ms,0.050338
U3,100,1,7,HopcroftKarpMatcher,-1,na,matching_size,52
U3,200,1,3,SimpleAugmentingMatcher,-1,na,wall_clock_ms,0.042517
U3,200,1,3,SimpleAugmentingMatcher,-1,na,matching_size,114
U3,200,1,3,HopcroftKarpMatcher,0,na,paths_found_per_phase,103
U3,200,1,3,HopcroftKarpMatcher,0,na,bfs_edges_visited,200
U3,200,1,3,HopcroftKarpMatcher,0,na,dfs_edges_visited,148
U3,200,1,3,HopcroftKarpMatcher,0,na,defect_at_iteration,97
U3,200,1,3,HopcroftKarpMatcher,1,na,paths_found_per_phase,11
U3,200,1,3,HopcroftKarpMatcher,1,na,bfs_edges_visited,71
U3,200,1,3,HopcroftKarpMatcher,1,na,dfs_edges_visited,71
U3,200,1,3,HopcroftKarpMatcher,1,na,defect_at_iteration,86
U3,200,1,3,HopcroftKarpMatcher,-1,na,phase_count,2
U3,200,1,3,HopcroftKarpMatcher,-1,na,main_loop_iters,2
U3,200,1,3,HopcroftKarpMatcher,-1,na,total_bfs_edges_visited,271
U3,200,1,3,HopcroftKarpMatcher,-1,na,total_edges_visited,490
U3,200,1,3,HopcroftKarpMatcher,-1,na,matching_size,114
U3,200,1,3,HopcroftKarpMatcher,-1,na,wall_clock_ms,0.151868
U3,200,1,3,HopcroftKarpMatcher,-1,na,matching_size,114
U3,100,1,17,SimpleAugmentingMatcher,-1,na,wall_clock_ms,0.01536
U3,100,1,17,SimpleAugmentingMatcher,-1,na,matching_size,53
U3,100,1,17,HopcroftKarpMatcher,0,na,paths_found_per_phase,50
U3,100,1,17,HopcroftKarpMatcher,0,na,bfs_edges_visited,100
U3,100,1,17,HopcroftKarpMatcher,0,na,dfs_edges_visited,73
U3,100,1,17,HopcroftKarpMatcher,0,na,defect_at_iteration,50
U3,100,1,17,HopcroftKarpMatcher,1,na,paths_found_per_phase,3
U3,100,1,17,HopcroftKarpMatcher,1,na,bfs_edges_visited,51
U3,100,1,17,HopcroftKarpMatcher,1,na,dfs_edges_visited,53
U3,100,1,17,HopcroftKarpMatcher,1,na,defect_at_iteration,47
U3,100,1,17,HopcroftKarpMatcher,-1,na,phase_count,2
U3,100,1,17,HopcroftKarpMatcher,-1,na,main_loop_iters,2
U3,100,1,17,HopcroftKarpMatcher,-1,na,total_bfs_edges_visited,151
U3,100,1,17,HopcroftKarpMatcher,-1,na,total_edges_visited,277
U3,100,1,17,HopcroftKarpMatcher,-1,na,matching_size,53
U3,100,1,17,HopcroftKarpMatcher,-1,na,wall_clock_ms,0.051569
U3,100,1,17,HopcroftKarpMatcher,-1,na,matching_size,53
U3,200,2,12,SimpleAugmentingMatcher,-1,na,wall_clock_ms,1.88309
U3,200,2,12,SimpleAugmentingMatcher,-1,na,matching_size,200
U3,200,2,12,HopcroftKarpMatcher,0,na,paths_found_per_phase,200
U3,200,2,12,HopcroftKarpMatcher,0,na,bfs_edges_visited,40000
U3,200,2,12,HopcroftKarpMatcher,0,na,dfs_edges_visited,20100
U3,200,2,12,HopcroftKarpMatcher,0,na,defect_at_iteration,0
U3,200,2,12,HopcroftKarpMatcher,-1,na,phase_count,1
U3,200,2,12,HopcroftKarpMatcher,-1,na,main_loop_iters,1
U3,200,2,12,HopcroftKarpMatcher,-1,na,total_bfs_edges_visited,40000
U3,200,2,12,HopcroftKarpMatcher,-1,na,total_edges_visited,60100
U3,200,2,12,HopcroftKarpMatcher,-1,na,matching_size,200
U3,200,2,12,HopcroftKarpMatcher,-1,na,wall_clock_ms,0.088658
U3,200,2,12,HopcroftKarpMatcher,-1,na,matching_size,200
U3,100,1.75,6,SimpleAugmentingMatcher,-1,na,wall_clock_ms,0.443169
U3,100,1.75,6,SimpleAugmentingMatcher,-1,na,matching_size,100
U3,100,1.75,6,HopcroftKarpMatcher,0,na,paths_found_per_phase,98
U3,100,1.75,6,HopcroftKarpMatcher,0,na,bfs_edges_visited,3162
U3,100,1.75,6,HopcroftKarpMatcher,0,na,dfs_edges_visited,1580
U3,100,1.75,6,HopcroftKarpMatcher,0,na,defect_at_iteration,2
U3,100,1.75,6,HopcroftKarpMatcher,1,na,paths_found_per_phase,2
U3,100,1.75,6,HopcroftKarpMatcher,1,na,bfs_edges_visited,1853
U3,100,1.75,6,HopcroftKarpMatcher,1,na,dfs_edges_visited,109
U3,100,1.75,6,HopcroftKarpMatcher,1,na,defect_at_iteration,0
U3,100,1.75,6,HopcroftKarpMatcher,-1,na,phase_count,2
U3,100,1.75,6,HopcroftKarpMatcher,-1,na,main_loop_iters,2
U3,100,1.75,6,HopcroftKarpMatcher,-1,na,total_bfs_edges_visited,5015
U3,100,1.75,6,HopcroftKarpMatcher,-1,na,total_edges_visited,6704
U3,100,1.75,6,HopcroftKarpMatcher,-1,na,matching_size,100
U3,100,1.75,6,HopcroftKarpMatcher,-1,na,wall_clock_ms,0.102027
U3,100,1.75,6,HopcroftKarpMatcher,-1,na,matching_size,100
U3,200,1,19,SimpleAugmentingMatcher,-1,na,wall_clock_ms,0.042519
U3,200,1,19,SimpleAugmentingMatcher,-1,na,matching_size,108
U3,200,1,19,HopcroftKarpMatcher,0,na,paths_found_per_phase,101
U3,200,1,19,HopcroftKarpMatcher,0,na,bfs_edges_visited,200
U3,200,1,19,HopcroftKarpMatcher,0,na,dfs_edges_visited,144
U3,200,1,19,HopcroftKarpMatcher,0,na,defect_at_iteration,99
U3,200,1,19,HopcroftKarpMatcher,1,na,paths_found_per_phase,7
U3,200,1,19,HopcroftKarpMatcher,1,na,bfs_edges_visited,69
U3,200,1,19,HopcroftKarpMatcher,1,na,dfs_edges_visited,73
U3,200,1,19,HopcroftKarpMatcher,1,na,defect_at_iteration,92
U3,200,1,19,HopcroftKarpMatcher,-1,na,phase_count,2
U3,200,1,19,HopcroftKarpMatcher,-1,na,main_loop_iters,2
U3,200,1,19,HopcroftKarpMatcher,-1,na,total_bfs_edges_visited,269
U3,200,1,19,HopcroftKarpMatcher,-1,na,total_edges_visited,486
U3,200,1,19,HopcroftKarpMatcher,-1,na,matching_size,108
U3,200,1,19,HopcroftKarpMatcher,-1,na,wall_clock_ms,0.156126
U3,200,1,19,HopcroftKarpMatcher,-1,na,matching_size,108
U3,400,1.25,4,SimpleAugmentingMatcher,-1,na,wall_clock_ms,2.65301
U3,400,1.25,4,SimpleAugmentingMatcher,-1,na,matching_size,398
U3,400,1.25,4,HopcroftKarpMatcher,0,na,paths_found_per_phase,343
U3,400,1.25,4,HopcroftKarpMatcher,0,na,bfs_edges_visited,1788
U3,400,1.25,4,HopcroftKarpMatcher,0,na,dfs_edges_visited,948
U3,400,1.25,4,HopcroftKarpMatcher,0,na,defect_at_iteration,57
U3,400,1.25,4,HopcroftKarpMatcher,1,na,paths_found_per_phase,37
U3,400,1.25,4,HopcroftKarpMatcher,1,na,bfs_edges_visited,729
U3,400,1.25,4,HopcroftKarpMatcher,1,na,dfs_edges_visited,690
U3,400,1.25,4,HopcroftKarpMatcher,1,na,defect_at_iteration,20
U3,400,1.25,4,HopcroftKarpMatcher,2,na,paths_found_per_phase,8
U3,400,1.25,4,HopcroftKarpMatcher,2,na,bfs_edges_visited,440
U3,400,1.25,4,HopcroftKarpMatcher,2,na,dfs_edges_visited,687
U3,400,1.25,4,HopcroftKarpMatcher,2,na,defect_at_iteration,12
U3,400,1.25,4,HopcroftKarpMatcher,3,na,paths_found_per_phase,7
U3,400,1.25,4,HopcroftKarpMatcher,3,na,bfs_edges_visited,843
U3,400,1.25,4,HopcroftKarpMatcher,3,na,dfs_edges_visited,756
U3,400,1.25,4,HopcroftKarpMatcher,3,na,defect_at_iteration,5
U3,400,1.25,4,HopcroftKarpMatcher,4,na,paths_found_per_phase,2
U3,400,1.25,4,HopcroftKarpMatcher,4,na,bfs_edges_visited,1179
U3,400,1.25,4,HopcroftKarpMatcher,4,na,dfs_edges_visited,1023
U3,400,1.25,4,HopcroftKarpMatcher,4,na,defect_at_iteration,3
U3,400,1.25,4,HopcroftKarpMatcher,5,na,paths_found_per_phase,1
U3,400,1.25,4,HopcroftKarpMatcher,5,na,bfs_edges_visited,1046
U3,400,1.25,4,HopcroftKarpMatcher,5,na,dfs_edges_visited,862
U3,400,1.25,4,HopcroftKarpMatcher,5,na,defect_at_iteration,2
U3,400,1.25,4,HopcroftKarpMatcher,-1,na,phase_count,6
U3,400,1.25,4,HopcroftKarpMatcher,-1,na,main_loop_iters,6
U3,400,1.25,4,HopcroftKarpMatcher,-1,na,total_bfs_edges_visited,6025
U3,400,1.25,4,HopcroftKarpMatcher,-1,na,total_edges_visited,10991
U3,400,1.25,4,HopcroftKarpMatcher,-1,na,matching_size,398
U3,400,1.25,4,HopcroftKarpMatcher,-1,na,wall_clock_ms,1.16711
U3,400,1.25,4,HopcroftKarpMatcher,-1,na,matching_size,398
U3,200,1.75,9,SimpleAugmentingMatcher,-1,na,wall_clock_ms,3.40909
U3,200,1.75,9,SimpleAugmentingMatcher,-1,na,matching_size,200
U3,200,1.75,9,HopcroftKarpMatcher,0,na,paths_found_per_phase,196
U3,200,1.75,9,HopcroftKarpMatcher,0,na,bfs_edges_visited,10636
U3,200,1.75,9,HopcroftKarpMatcher,0,na,dfs_edges_visited,5320
U3,200,1.75,9,HopcroftKarpMatcher,0,na,defect_at_iteration,4
U3,200,1.75,9,HopcroftKarpMatcher,1,na,paths_found_per_phase,4
U3,200,1.75,9,HopcroftKarpMatcher,1,na,bfs_edges_visited,7708
U3,200,1.75,9,HopcroftKarpMatcher,1,na,dfs_edges_visited,687
U3,200,1.75,9,HopcroftKarpMatcher,1,na,defect_at_iteration,0
U3,200,1.75,9,HopcroftKarpMatcher,-1,na,phase_count,2
U3,200,1.75,9,HopcroftKarpMatcher,-1,na,main_loop_iters,2
U3,200,1.75,9,HopcroftKarpMatcher,-1,na,total_bfs_edges_visited,18344
U3,200,1.75,9,HopcroftKarpMatcher,-1,na,total_edges_visited,24351
U3,200,1.75,9,HopcroftKarpMatcher,-1,na,matching_size,200
U3,200,1.75,9,HopcroftKarpMatcher,-1,na,wall_clock_ms,0.364426
U3,200,1.75,9,HopcroftKarpMatcher,-1,na,matching_size,200
U3,200,1.75,17,SimpleAugmentingMatcher,-1,na,wall_clock_ms,3.4192
U3,200,1.75,17,SimpleAugmentingMatcher,-1,na,matching_size,200
U3,200,1.75,17,HopcroftKarpMatcher,0,na,paths_found_per_phase,198
U3,200,1.75,17,HopcroftKarpMatcher,0,na,bfs_edges_visited,10636
U3,200,1.75,17,HopcroftKarpMatcher,0,na,dfs_edges_visited,5290
U3,200,1.75,17,HopcroftKarpMatcher,0,na,defect_at_iteration,2
U3,200,1.75,17,HopcroftKarpMatcher,1,na,paths_found_per_phase,2
U3,200,1.75,17,HopcroftKarpMatcher,1,na,bfs_edges_visited,4972
U3,200,1.75,17,HopcroftKarpMatcher,1,na,dfs_edges_visited,242
U3,200,1.75,17,HopcroftKarpMatcher,1,na,defect_at_iteration,0
U3,200,1.75,17,HopcroftKarpMatcher,-1,na,phase_count,2
U3,200,1.75,17,HopcroftKarpMatcher,-1,na,main_loop_iters,2
U3,200,1.75,17,HopcroftKarpMatcher,-1,na,total_bfs_edges_visited,15608
U3,200,1.75,17,HopcroftKarpMatcher,-1,na,total_edges_visited,21140
U3,200,1.75,17,HopcroftKarpMatcher,-1,na,matching_size,200
U3,200,1.75,17,HopcroftKarpMatcher,-1,na,wall_clock_ms,0.323783
U3,200,1.75,17,HopcroftKarpMatcher,-1,na,matching_size,200
U3,800,1.75,18,SimpleAugmentingMatcher,-1,na,wall_clock_ms,228.873
U3,800,1.75,18,SimpleAugmentingMatcher,-1,na,matching_size,800
U3,800,1.75,18,HopcroftKarpMatcher,0,na,paths_found_per_phase,797
U3,800,1.75,18,HopcroftKarpMatcher,0,na,bfs_edges_visited,120339
U3,800,1.75,18,HopcroftKarpMatcher,0,na,dfs_edges_visited,60409
U3,800,1.75,18,HopcroftKarpMatcher,0,na,defect_at_iteration,3
U3,800,1.75,18,HopcroftKarpMatcher,1,na,paths_found_per_phase,3
U3,800,1.75,18,HopcroftKarpMatcher,1,na,bfs_edges_visited,52641
U3,800,1.75,18,HopcroftKarpMatcher,1,na,dfs_edges_visited,1688
U3,800,1.75,18,HopcroftKarpMatcher,1,na,defect_at_iteration,0
U3,800,1.75,18,HopcroftKarpMatcher,-1,na,phase_count,2
U3,800,1.75,18,HopcroftKarpMatcher,-1,na,main_loop_iters,2
U3,800,1.75,18,HopcroftKarpMatcher,-1,na,total_bfs_edges_visited,172980
U3,800,1.75,18,HopcroftKarpMatcher,-1,na,total_edges_visited,235077
U3,800,1.75,18,HopcroftKarpMatcher,-1,na,matching_size,800
U3,800,1.75,18,HopcroftKarpMatcher,-1,na,wall_clock_ms,3.63626
U3,800,1.75,18,HopcroftKarpMatcher,-1,na,matching_size,800
U3,1600,2,16,SimpleAugmentingMatcher,-1,na,wall_clock_ms,887.276
U3,1600,2,16,SimpleAugmentingMatcher,-1,na,matching_size,1600
U3,1600,2,16,HopcroftKarpMatcher,0,na,paths_found_per_phase,1600
U3,1600,2,16,HopcroftKarpMatcher,0,na,bfs_edges_visited,2.56e+06
U3,1600,2,16,HopcroftKarpMatcher,0,na,dfs_edges_visited,1.2808e+06
U3,1600,2,16,HopcroftKarpMatcher,0,na,defect_at_iteration,0
U3,1600,2,16,HopcroftKarpMatcher,-1,na,phase_count,1
U3,1600,2,16,HopcroftKarpMatcher,-1,na,main_loop_iters,1
U3,1600,2,16,HopcroftKarpMatcher,-1,na,total_bfs_edges_visited,2.56e+06
U3,1600,2,16,HopcroftKarpMatcher,-1,na,total_edges_visited,3.8408e+06
U3,1600,2,16,HopcroftKarpMatcher,-1,na,matching_size,1600
U3,1600,2,16,HopcroftKarpMatcher,-1,na,wall_clock_ms,5.1119
U3,1600,2,16,HopcroftKarpMatcher,-1,na,matching_size,1600
U3,800,1.75,12,SimpleAugmentingMatcher,-1,na,wall_clock_ms,227.99
U3,800,1.75,12,SimpleAugmentingMatcher,-1,na,matching_size,800
U3,800,1.75,12,HopcroftKarpMatcher,0,na,paths_found_per_phase,798
U3,800,1.75,12,HopcroftKarpMatcher,0,na,bfs_edges_visited,120339
U3,800,1.75,12,HopcroftKarpMatcher,0,na,dfs_edges_visited,60281
U3,800,1.75,12,HopcroftKarpMatcher,0,na,defect_at_iteration,2
U3,800,1.75,12,HopcroftKarpMatcher,1,na,paths_found_per_phase,2
U3,800,1.75,12,HopcroftKarpMatcher,1,na,bfs_edges_visited,41105
U3,800,1.75,12,HopcroftKarpMatcher,1,na,dfs_edges_visited,1574
U3,800,1.75,12,HopcroftKarpMatcher,1,na,defect_at_iteration,0
U3,800,1.75,12,HopcroftKarpMatcher,-1,na,phase_count,2
U3,800,1.75,12,HopcroftKarpMatcher,-1,na,main_loop_iters,2
U3,800,1.75,12,HopcroftKarpMatcher,-1,na,total_bfs_edges_visited,161444
U3,800,1.75,12,HopcroftKarpMatcher,-1,na,total_edges_visited,223299
U3,800,1.75,12,HopcroftKarpMatcher,-1,na,matching_size,800
U3,800,1.75,12,HopcroftKarpMatcher,-1,na,wall_clock_ms,3.64502
U3,800,1.75,12,HopcroftKarpMatcher,-1,na,matching_size,800
U3,3200,1.5,15,SimpleAugmentingMatcher,-1,na,wall_clock_ms,4871.98
U3,3200,1.5,15,SimpleAugmentingMatcher,-1,na,matching_size,3200
U3,3200,1.5,15,HopcroftKarpMatcher,0,na,paths_found_per_phase,3158
U3,3200,1.5,15,HopcroftKarpMatcher,0,na,bfs_edges_visited,181019
U3,3200,1.5,15,HopcroftKarpMatcher,0,na,dfs_edges_visited,90421
U3,3200,1.5,15,HopcroftKarpMatcher,0,na,defect_at_iteration,42
U3,3200,1.5,15,HopcroftKarpMatcher,1,na,paths_found_per_phase,42
U3,3200,1.5,15,HopcroftKarpMatcher,1,na,bfs_edges_visited,93011
U3,3200,1.5,15,HopcroftKarpMatcher,1,na,dfs_edges_visited,23345
U3,3200,1.5,15,HopcroftKarpMatcher,1,na,defect_at_iteration,0
U3,3200,1.5,15,HopcroftKarpMatcher,-1,na,phase_count,2
U3,3200,1.5,15,HopcroftKarpMatcher,-1,na,main_loop_iters,2
U3,3200,1.5,15,HopcroftKarpMatcher,-1,na,total_bfs_edges_visited,274030
U3,3200,1.5,15,HopcroftKarpMatcher,-1,na,total_edges_visited,387796
U3,3200,1.5,15,HopcroftKarpMatcher,-1,na,matching_size,3200
U3,3200,1.5,15,HopcroftKarpMatcher,-1,na,wall_clock_ms,25.0301
U3,3200,1.5,15,HopcroftKarpMatcher,-1,na,matching_size,3200
U3,400,2,8,SimpleAugmentingMatcher,-1,na,wall_clock_ms,14.4006
U3,400,2,8,SimpleAugmentingMatcher,-1,na,matching_size,400
U3,400,2,8,HopcroftKarpMatcher,0,na,paths_found_per_phase,400
U3,400,2,8,HopcroftKarpMatcher,0,na,bfs_edges_visited,160000
U3,400,2,8,HopcroftKarpMatcher,0,na,dfs_edges_visited,80200
U3,400,2,8,HopcroftKarpMatcher,0,na,defect_at_iteration,0
U3,400,2,8,HopcroftKarpMatcher,-1,na,phase_count,1
U3,400,2,8,HopcroftKarpMatcher,-1,na,main_loop_iters,1
U3,400,2,8,HopcroftKarpMatcher,-1,na,total_bfs_edges_visited,160000
U3,400,2,8,HopcroftKarpMatcher,-1,na,total_edges_visited,240200
U3,400,2,8,HopcroftKarpMatcher,-1,na,matching_size,400
U3,400,2,8,HopcroftKarpMatcher,-1,na,wall_clock_ms,0.329852
U3,400,2,8,HopcroftKarpMatcher,-1,na,matching_size,400
U3,800,1,11,SimpleAugmentingMatcher,-1,na,wall_clock_ms,0.655843
U3,800,1,11,SimpleAugmentingMatcher,-1,na,matching_size,433
U3,800,1,11,HopcroftKarpMatcher,0,na,paths_found_per_phase,412
U3,800,1,11,HopcroftKarpMatcher,0,na,bfs_edges_visited,800
U3,800,1,11,HopcroftKarpMatcher,0,na,dfs_edges_visited,589
U3,800,1,11,HopcroftKarpMatcher,0,na,defect_at_iteration,388
U3,800,1,11,HopcroftKarpMatcher,1,na,paths_found_per_phase,19
U3,800,1,11,HopcroftKarpMatcher,1,na,bfs_edges_visited,275
U3,800,1,11,HopcroftKarpMatcher,1,na,dfs_edges_visited,298
U3,800,1,11,HopcroftKarpMatcher,1,na,defect_at_iteration,369
U3,800,1,11,HopcroftKarpMatcher,2,na,paths_found_per_phase,2
U3,800,1,11,HopcroftKarpMatcher,2,na,bfs_edges_visited,261
U3,800,1,11,HopcroftKarpMatcher,2,na,dfs_edges_visited,263
U3,800,1,11,HopcroftKarpMatcher,2,na,defect_at_iteration,367
U3,800,1,11,HopcroftKarpMatcher,-1,na,phase_count,3
U3,800,1,11,HopcroftKarpMatcher,-1,na,main_loop_iters,3
U3,800,1,11,HopcroftKarpMatcher,-1,na,total_bfs_edges_visited,1336
U3,800,1,11,HopcroftKarpMatcher,-1,na,total_edges_visited,2486
U3,800,1,11,HopcroftKarpMatcher,-1,na,matching_size,433
U3,800,1,11,HopcroftKarpMatcher,-1,na,wall_clock_ms,3.01074
U3,800,1,11,HopcroftKarpMatcher,-1,na,matching_size,433
U3,800,1.75,5,SimpleAugmentingMatcher,-1,na,wall_clock_ms,228.871
U3,800,1.75,5,SimpleAugmentingMatcher,-1,na,matching_size,800
U3,800,1.75,5,HopcroftKarpMatcher,0,na,paths_found_per_phase,799
U3,800,1.75,5,HopcroftKarpMatcher,0,na,bfs_edges_visited,120339
U3,800,1.75,5,HopcroftKarpMatcher,0,na,dfs_edges_visited,60163
U3,800,1.75,5,HopcroftKarpMatcher,0,na,defect_at_iteration,1
U3,800,1.75,5,HopcroftKarpMatcher,1,na,paths_found_per_phase,1
U3,800,1.75,5,HopcroftKarpMatcher,1,na,bfs_edges_visited,24815
U3,800,1.75,5,HopcroftKarpMatcher,1,na,dfs_edges_visited,3372
U3,800,1.75,5,HopcroftKarpMatcher,1,na,defect_at_iteration,0
U3,800,1.75,5,HopcroftKarpMatcher,-1,na,phase_count,2
U3,800,1.75,5,HopcroftKarpMatcher,-1,na,main_loop_iters,2
U3,800,1.75,5,HopcroftKarpMatcher,-1,na,total_bfs_edges_visited,145154
U3,800,1.75,5,HopcroftKarpMatcher,-1,na,total_edges_visited,208689
U3,800,1.75,5,HopcroftKarpMatcher,-1,na,matching_size,800
U3,800,1.75,5,HopcroftKarpMatcher,-1,na,wall_clock_ms,3.22101
U3,800,1.75,5,HopcroftKarpMatcher,-1,na,matching_size,800
U3,1600,2,2,SimpleAugmentingMatcher,-1,na,wall_clock_ms,887.302
U3,1600,2,2,SimpleAugmentingMatcher,-1,na,matching_size,1600
U3,1600,2,2,HopcroftKarpMatcher,0,na,paths_found_per_phase,1600
U3,1600,2,2,HopcroftKarpMatcher,0,na,bfs_edges_visited,2.56e+06
U3,1600,2,2,HopcroftKarpMatcher,0,na,dfs_edges_visited,1.2808e+06
U3,1600,2,2,HopcroftKarpMatcher,0,na,defect_at_iteration,0
U3,1600,2,2,HopcroftKarpMatcher,-1,na,phase_count,1
U3,1600,2,2,HopcroftKarpMatcher,-1,na,main_loop_iters,1
U3,1600,2,2,HopcroftKarpMatcher,-1,na,total_bfs_edges_visited,2.56e+06
U3,1600,2,2,HopcroftKarpMatcher,-1,na,total_edges_visited,3.8408e+06
U3,1600,2,2,HopcroftKarpMatcher,-1,na,matching_size,1600
U3,1600,2,2,HopcroftKarpMatcher,-1,na,wall_clock_ms,5.213
U3,1600,2,2,HopcroftKarpMatcher,-1,na,matching_size,1600
U3,800,2,7,SimpleAugmentingMatcher,-1,na,wall_clock_ms,112.441
U3,800,2,7,SimpleAugmentingMatcher,-1,na,matching_size,800
U3,800,2,7,HopcroftKarpMatcher,0,na,paths_found_per_phase,800
U3,800,2,7,HopcroftKarpMatcher,0,na,bfs_edges_visited,640000
U3,800,2,7,HopcroftKarpMatcher,0,na,dfs_edges_visited,320400
U3,800,2,7,HopcroftKarpMatcher,0,na,defect_at_iteration,0
U3,800,2,7,HopcroftKarpMatcher,-1,na,phase_count,1
U3,800,2,7,HopcroftKarpMatcher,-1,na,main_loop_iters,1
U3,800,2,7,HopcroftKarpMatcher,-1,na,total_bfs_edges_visited,640000
U3,800,2,7,HopcroftKarpMatcher,-1,na,total_edges_visited,960400
U3,800,2,7,HopcroftKarpMatcher,-1,na,matching_size,800
U3,800,2,7,HopcroftKarpMatcher,-1,na,wall_clock_ms,1.28859
U3,800,2,7,HopcroftKarpMatcher,-1,na,matching_size,800
U3,800,2,13,SimpleAugmentingMatcher,-1,na,wall_clock_ms,112.373
U3,800,2,13,SimpleAugmentingMatcher,-1,na,matching_size,800
U3,800,2,13,HopcroftKarpMatcher,0,na,paths_found_per_phase,800
U3,800,2,13,HopcroftKarpMatcher,0,na,bfs_edges_visited,640000
U3,800,2,13,HopcroftKarpMatcher,0,na,dfs_edges_visited,320400
U3,800,2,13,HopcroftKarpMatcher,0,na,defect_at_iteration,0
U3,800,2,13,HopcroftKarpMatcher,-1,na,phase_count,1
U3,800,2,13,HopcroftKarpMatcher,-1,na,main_loop_iters,1
U3,800,2,13,HopcroftKarpMatcher,-1,na,total_bfs_edges_visited,640000
U3,800,2,13,HopcroftKarpMatcher,-1,na,total_edges_visited,960400
U3,800,2,13,HopcroftKarpMatcher,-1,na,matching_size,800
U3,800,2,13,HopcroftKarpMatcher,-1,na,wall_clock_ms,1.28951
U3,800,2,13,HopcroftKarpMatcher,-1,na,matching_size,800
U3,100,1,1,SimpleAugmentingMatcher,-1,na,wall_clock_ms,0.012626
U3,100,1,1,SimpleAugmentingMatcher,-1,na,matching_size,58
U3,100,1,1,HopcroftKarpMatcher,0,na,paths_found_per_phase,56
U3,100,1,1,HopcroftKarpMatcher,0,na,bfs_edges_visited,100
U3,100,1,1,HopcroftKarpMatcher,0,na,dfs_edges_visited,79
U3,100,1,1,HopcroftKarpMatcher,0,na,defect_at_iteration,44
U3,100,1,1,HopcroftKarpMatcher,1,na,paths_found_per_phase,2
U3,100,1,1,HopcroftKarpMatcher,1,na,bfs_edges_visited,31
U3,100,1,1,HopcroftKarpMatcher,1,na,dfs_edges_visited,36
U3,100,1,1,HopcroftKarpMatcher,1,na,defect_at_iteration,42
U3,100,1,1,HopcroftKarpMatcher,-1,na,phase_count,2
U3,100,1,1,HopcroftKarpMatcher,-1,na,main_loop_iters,2
U3,100,1,1,HopcroftKarpMatcher,-1,na,total_bfs_edges_visited,131
U3,100,1,1,HopcroftKarpMatcher,-1,na,total_edges_visited,246
U3,100,1,1,HopcroftKarpMatcher,-1,na,matching_size,58
U3,100,1,1,HopcroftKarpMatcher,-1,na,wall_clock_ms,0.045777
U3,100,1,1,HopcroftKarpMatcher,-1,na,matching_size,58
U3,200,1,5,SimpleAugmentingMatcher,-1,na,wall_clock_ms,0.043531
U3,200,1,5,SimpleAugmentingMatcher,-1,na,matching_size,111
U3,200,1,5,HopcroftKarpMatcher,0,na,paths_found_per_phase,100
U3,200,1,5,HopcroftKarpMatcher,0,na,bfs_edges_visited,200
U3,200,1,5,HopcroftKarpMatcher,0,na,dfs_edges_visited,145
U3,200,1,5,HopcroftKarpMatcher,0,na,defect_at_iteration,100
U3,200,1,5,HopcroftKarpMatcher,1,na,paths_found_per_phase,11
U3,200,1,5,HopcroftKarpMatcher,1,na,bfs_edges_visited,82
U3,200,1,5,HopcroftKarpMatcher,1,na,dfs_edges_visited,79
U3,200,1,5,HopcroftKarpMatcher,1,na,defect_at_iteration,89
U3,200,1,5,HopcroftKarpMatcher,-1,na,phase_count,2
U3,200,1,5,HopcroftKarpMatcher,-1,na,main_loop_iters,2
U3,200,1,5,HopcroftKarpMatcher,-1,na,total_bfs_edges_visited,282
U3,200,1,5,HopcroftKarpMatcher,-1,na,total_edges_visited,506
U3,200,1,5,HopcroftKarpMatcher,-1,na,matching_size,111
U3,200,1,5,HopcroftKarpMatcher,-1,na,wall_clock_ms,0.15584
U3,200,1,5,HopcroftKarpMatcher,-1,na,matching_size,111
U3,400,1.25,3,SimpleAugmentingMatcher,-1,na,wall_clock_ms,2.67582
U3,400,1.25,3,SimpleAugmentingMatcher,-1,na,matching_size,392
U3,400,1.25,3,HopcroftKarpMatcher,0,na,paths_found_per_phase,341
U3,400,1.25,3,HopcroftKarpMatcher,0,na,bfs_edges_visited,1788
U3,400,1.25,3,HopcroftKarpMatcher,0,na,dfs_edges_visited,973
U3,400,1.25,3,HopcroftKarpMatcher,0,na,defect_at_iteration,59
U3,400,1.25,3,HopcroftKarpMatcher,1,na,paths_found_per_phase,39
U3,400,1.25,3,HopcroftKarpMatcher,1,na,bfs_edges_visited,738
U3,400,1.25,3,HopcroftKarpMatcher,1,na,dfs_edges_visited,764
U3,400,1.25,3,HopcroftKarpMatcher,1,na,defect_at_iteration,20
U3,400,1.25,3,HopcroftKarpMatcher,2,na,paths_found_per_phase,6
U3,400,1.25,3,HopcroftKarpMatcher,2,na,bfs_edges_visited,382
U3,400,1.25,3,HopcroftKarpMatcher,2,na,dfs_edges_visited,653
U3,400,1.25,3,HopcroftKarpMatcher,2,na,defect_at_iteration,14
U3,400,1.25,3,HopcroftKarpMatcher,3,na,paths_found_per_phase,3
U3,400,1.25,3,HopcroftKarpMatcher,3,na,bfs_edges_visited,1102
U3,400,1.25,3,HopcroftKarpMatcher,3,na,dfs_edges_visited,1078
U3,400,1.25,3,HopcroftKarpMatcher,3,na,defect_at_iteration,11
U3,400,1.25,3,HopcroftKarpMatcher,4,na,paths_found_per_phase,3
U3,400,1.25,3,HopcroftKarpMatcher,4,na,bfs_edges_visited,1269
U3,400,1.25,3,HopcroftKarpMatcher,4,na,dfs_edges_visited,500
U3,400,1.25,3,HopcroftKarpMatcher,4,na,defect_at_iteration,8
U3,400,1.25,3,HopcroftKarpMatcher,-1,na,phase_count,5
U3,400,1.25,3,HopcroftKarpMatcher,-1,na,main_loop_iters,5
U3,400,1.25,3,HopcroftKarpMatcher,-1,na,total_bfs_edges_visited,5279
U3,400,1.25,3,HopcroftKarpMatcher,-1,na,total_edges_visited,9247
U3,400,1.25,3,HopcroftKarpMatcher,-1,na,matching_size,392
U3,400,1.25,3,HopcroftKarpMatcher,-1,na,wall_clock_ms,0.979536
U3,400,1.25,3,HopcroftKarpMatcher,-1,na,matching_size,392
U3,3200,1.5,6,SimpleAugmentingMatcher,-1,na,wall_clock_ms,4865.47
U3,3200,1.5,6,SimpleAugmentingMatcher,-1,na,matching_size,3200
U3,3200,1.5,6,HopcroftKarpMatcher,0,na,paths_found_per_phase,3158
U3,3200,1.5,6,HopcroftKarpMatcher,0,na,bfs_edges_visited,181019
U3,3200,1.5,6,HopcroftKarpMatcher,0,na,dfs_edges_visited,90627
U3,3200,1.5,6,HopcroftKarpMatcher,0,na,defect_at_iteration,42
U3,3200,1.5,6,HopcroftKarpMatcher,1,na,paths_found_per_phase,42
U3,3200,1.5,6,HopcroftKarpMatcher,1,na,bfs_edges_visited,94825
U3,3200,1.5,6,HopcroftKarpMatcher,1,na,dfs_edges_visited,12815
U3,3200,1.5,6,HopcroftKarpMatcher,1,na,defect_at_iteration,0
U3,3200,1.5,6,HopcroftKarpMatcher,-1,na,phase_count,2
U3,3200,1.5,6,HopcroftKarpMatcher,-1,na,main_loop_iters,2
U3,3200,1.5,6,HopcroftKarpMatcher,-1,na,total_bfs_edges_visited,275844
U3,3200,1.5,6,HopcroftKarpMatcher,-1,na,total_edges_visited,379286
U3,3200,1.5,6,HopcroftKarpMatcher,-1,na,matching_size,3200
U3,3200,1.5,6,HopcroftKarpMatcher,-1,na,wall_clock_ms,24.4458
U3,3200,1.5,6,HopcroftKarpMatcher,-1,na,matching_size,3200
U3,400,1.75,4,SimpleAugmentingMatcher,-1,na,wall_clock_ms,29.4701
U3,400,1.75,4,SimpleAugmentingMatcher,-1,na,matching_size,400
U3,400,1.75,4,HopcroftKarpMatcher,0,na,paths_found_per_phase,398
U3,400,1.75,4,HopcroftKarpMatcher,0,na,bfs_edges_visited,35777
U3,400,1.75,4,HopcroftKarpMatcher,0,na,dfs_edges_visited,17941
U3,400,1.75,4,HopcroftKarpMatcher,0,na,defect_at_iteration,2
U3,400,1.75,4,HopcroftKarpMatcher,1,na,paths_found_per_phase,2
U3,400,1.75,4,HopcroftKarpMatcher,1,na,bfs_edges_visited,14163
U3,400,1.75,4,HopcroftKarpMatcher,1,na,dfs_edges_visited,523
U3,400,1.75,4,HopcroftKarpMatcher,1,na,defect_at_iteration,0
U3,400,1.75,4,HopcroftKarpMatcher,-1,na,phase_count,2
U3,400,1.75,4,HopcroftKarpMatcher,-1,na,main_loop_iters,2
U3,400,1.75,4,HopcroftKarpMatcher,-1,na,total_bfs_edges_visited,49940
U3,400,1.75,4,HopcroftKarpMatcher,-1,na,total_edges_visited,68404
U3,400,1.75,4,HopcroftKarpMatcher,-1,na,matching_size,400
U3,400,1.75,4,HopcroftKarpMatcher,-1,na,wall_clock_ms,1.01831
U3,400,1.75,4,HopcroftKarpMatcher,-1,na,matching_size,400
U3,6400,1,19,SimpleAugmentingMatcher,-1,na,wall_clock_ms,38.6855
U3,6400,1,19,SimpleAugmentingMatcher,-1,na,matching_size,3470
U3,6400,1,19,HopcroftKarpMatcher,0,na,paths_found_per_phase,3278
U3,6400,1,19,HopcroftKarpMatcher,0,na,bfs_edges_visited,6400
U3,6400,1,19,HopcroftKarpMatcher,0,na,dfs_edges_visited,4632
U3,6400,1,19,HopcroftKarpMatcher,0,na,defect_at_iteration,3122
U3,6400,1,19,HopcroftKarpMatcher,1,na,paths_found_per_phase,183
U3,6400,1,19,HopcroftKarpMatcher,1,na,bfs_edges_visited,2189
U3,6400,1,19,HopcroftKarpMatcher,1,na,dfs_edges_visited,2261
U3,6400,1,19,HopcroftKarpMatcher,1,na,defect_at_iteration,2939
U3,6400,1,19,HopcroftKarpMatcher,2,na,paths_found_per_phase,9
U3,6400,1,19,HopcroftKarpMatcher,2,na,bfs_edges_visited,1628
U3,6400,1,19,HopcroftKarpMatcher,2,na,dfs_edges_visited,1679
U3,6400,1,19,HopcroftKarpMatcher,2,na,defect_at_iteration,2930
U3,6400,1,19,HopcroftKarpMatcher,-1,na,phase_count,3
U3,6400,1,19,HopcroftKarpMatcher,-1,na,main_loop_iters,3
U3,6400,1,19,HopcroftKarpMatcher,-1,na,total_bfs_edges_visited,10217
U3,6400,1,19,HopcroftKarpMatcher,-1,na,total_edges_visited,18789
U3,6400,1,19,HopcroftKarpMatcher,-1,na,matching_size,3470
U3,6400,1,19,HopcroftKarpMatcher,-1,na,wall_clock_ms,183.686
U3,6400,1,19,HopcroftKarpMatcher,-1,na,matching_size,3470
U3,400,1.75,16,SimpleAugmentingMatcher,-1,na,wall_clock_ms,29.4155
U3,400,1.75,16,SimpleAugmentingMatcher,-1,na,matching_size,400
U3,400,1.75,16,HopcroftKarpMatcher,0,na,paths_found_per_phase,399
U3,400,1.75,16,HopcroftKarpMatcher,0,na,bfs_edges_visited,35777
U3,400,1.75,16,HopcroftKarpMatcher,0,na,dfs_edges_visited,18086
U3,400,1.75,16,HopcroftKarpMatcher,0,na,defect_at_iteration,1
U3,400,1.75,16,HopcroftKarpMatcher,1,na,paths_found_per_phase,1
U3,400,1.75,16,HopcroftKarpMatcher,1,na,bfs_edges_visited,9501
U3,400,1.75,16,HopcroftKarpMatcher,1,na,dfs_edges_visited,103
U3,400,1.75,16,HopcroftKarpMatcher,1,na,defect_at_iteration,0
U3,400,1.75,16,HopcroftKarpMatcher,-1,na,phase_count,2
U3,400,1.75,16,HopcroftKarpMatcher,-1,na,main_loop_iters,2
U3,400,1.75,16,HopcroftKarpMatcher,-1,na,total_bfs_edges_visited,45278
U3,400,1.75,16,HopcroftKarpMatcher,-1,na,total_edges_visited,63467
U3,400,1.75,16,HopcroftKarpMatcher,-1,na,matching_size,400
U3,400,1.75,16,HopcroftKarpMatcher,-1,na,wall_clock_ms,0.951876
U3,400,1.75,16,HopcroftKarpMatcher,-1,na,matching_size,400
U3,3200,1.75,0,SimpleAugmentingMatcher,-1,na,wall_clock_ms,12363.4
U3,3200,1.75,0,SimpleAugmentingMatcher,-1,na,matching_size,3200
U3,3200,1.75,0,HopcroftKarpMatcher,0,na,paths_found_per_phase,3196
U3,3200,1.75,0,HopcroftKarpMatcher,0,na,bfs_edges_visited,1.36148e+06
U3,3200,1.75,0,HopcroftKarpMatcher,0,na,dfs_edges_visited,680755
U3,3200,1.75,0,HopcroftKarpMatcher,0,na,defect_at_iteration,4
U3,3200,1.75,0,HopcroftKarpMatcher,1,na,paths_found_per_phase,4
U3,3200,1.75,0,HopcroftKarpMatcher,1,na,bfs_edges_visited,613649
U3,3200,1.75,0,HopcroftKarpMatcher,1,na,dfs_edges_visited,7307
U3,3200,1.75,0,HopcroftKarpMatcher,1,na,defect_at_iteration,0
U3,3200,1.75,0,HopcroftKarpMatcher,-1,na,phase_count,2
U3,3200,1.75,0,HopcroftKarpMatcher,-1,na,main_loop_iters,2
U3,3200,1.75,0,HopcroftKarpMatcher,-1,na,total_bfs_edges_visited,1.97513e+06
U3,3200,1.75,0,HopcroftKarpMatcher,-1,na,total_edges_visited,2.66319e+06
U3,3200,1.75,0,HopcroftKarpMatcher,-1,na,matching_size,3200
U3,3200,1.75,0,HopcroftKarpMatcher,-1,na,wall_clock_ms,46.1054
U3,3200,1.75,0,HopcroftKarpMatcher,-1,na,matching_size,3200
U3,1600,1.5,13,SimpleAugmentingMatcher,-1,na,wall_clock_ms,598.57
U3,1600,1.5,13,SimpleAugmentingMatcher,-1,na,matching_size,1600
U3,1600,1.5,13,HopcroftKarpMatcher,0,na,paths_found_per_phase,1574
U3,1600,1.5,13,HopcroftKarpMatcher,0,na,bfs_edges_visited,64000
U3,1600,1.5,13,HopcroftKarpMatcher,0,na,dfs_edges_visited,32013
U3,1600,1.5,13,HopcroftKarpMatcher,0,na,defect_at_iteration,26
U3,1600,1.5,13,HopcroftKarpMatcher,1,na,paths_found_per_phase,26
U3,1600,1.5,13,HopcroftKarpMatcher,1,na,bfs_edges_visited,30925
U3,1600,1.5,13,HopcroftKarpMatcher,1,na,dfs_edges_visited,11175
U3,1600,1.5,13,HopcroftKarpMatcher,1,na,defect_at_iteration,0
U3,1600,1.5,13,HopcroftKarpMatcher,-1,na,phase_count,2
U3,1600,1.5,13,HopcroftKarpMatcher,-1,na,main_loop_iters,2
U3,1600,1.5,13,HopcroftKarpMatcher,-1,na,total_bfs_edges_visited,94925
U3,1600,1.5,13,HopcroftKarpMatcher,-1,na,total_edges_visited,138113
U3,1600,1.5,13,HopcroftKarpMatcher,-1,na,matching_size,1600
U3,1600,1.5,13,HopcroftKarpMatcher,-1,na,wall_clock_ms,6.74982
U3,1600,1.5,13,HopcroftKarpMatcher,-1,na,matching_size,1600
U3,100,2,11,SimpleAugmentingMatcher,-1,na,wall_clock_ms,0.255964
U3,100,2,11,SimpleAugmentingMatcher,-1,na,matching_size,100
U3,100,2,11,HopcroftKarpMatcher,0,na,paths_found_per_phase,100
U3,100,2,11,HopcroftKarpMatcher,0,na,bfs_edges_visited,10000
U3,100,2,11,HopcroftKarpMatcher,0,na,dfs_edges_visited,5050
U3,100,2,11,HopcroftKarpMatcher,0,na,defect_at_iteration,0
U3,100,2,11,HopcroftKarpMatcher,-1,na,phase_count,1
U3,100,2,11,HopcroftKarpMatcher,-1,na,main_loop_iters,1
U3,100,2,11,HopcroftKarpMatcher,-1,na,total_bfs_edges_visited,10000
U3,100,2,11,HopcroftKarpMatcher,-1,na,total_edges_visited,15050
U3,100,2,11,HopcroftKarpMatcher,-1,na,matching_size,100
U3,100,2,11,HopcroftKarpMatcher,-1,na,wall_clock_ms,0.026348
U3,100,2,11,HopcroftKarpMatcher,-1,na,matching_size,100
U3,1600,1,15,SimpleAugmentingMatcher,-1,na,wall_clock_ms,2.39642
U3,1600,1,15,SimpleAugmentingMatcher,-1,na,matching_size,861
U3,1600,1,15,HopcroftKarpMatcher,0,na,paths_found_per_phase,811
U3,1600,1,15,HopcroftKarpMatcher,0,na,bfs_edges_visited,1600
U3,1600,1,15,HopcroftKarpMatcher,0,na,dfs_edges_visited,1147
U3,1600,1,15,HopcroftKarpMatcher,0,na,defect_at_iteration,789
U3,1600,1,15,HopcroftKarpMatcher,1,na,paths_found_per_phase,47
U3,1600,1,15,HopcroftKarpMatcher,1,na,bfs_edges_visited,553
U3,1600,1,15,HopcroftKarpMatcher,1,na,dfs_edges_visited,559
U3,1600,1,15,HopcroftKarpMatcher,1,na,defect_at_iteration,742
U3,1600,1,15,HopcroftKarpMatcher,2,na,paths_found_per_phase,3
U3,1600,1,15,HopcroftKarpMatcher,2,na,bfs_edges_visited,411
U3,1600,1,15,HopcroftKarpMatcher,2,na,dfs_edges_visited,403
U3,1600,1,15,HopcroftKarpMatcher,2,na,defect_at_iteration,739
U3,1600,1,15,HopcroftKarpMatcher,-1,na,phase_count,3
U3,1600,1,15,HopcroftKarpMatcher,-1,na,main_loop_iters,3
U3,1600,1,15,HopcroftKarpMatcher,-1,na,total_bfs_edges_visited,2564
U3,1600,1,15,HopcroftKarpMatcher,-1,na,total_edges_visited,4673
U3,1600,1,15,HopcroftKarpMatcher,-1,na,matching_size,861
U3,1600,1,15,HopcroftKarpMatcher,-1,na,wall_clock_ms,11.6702
U3,1600,1,15,HopcroftKarpMatcher,-1,na,matching_size,861
U3,1600,1.5,2,SimpleAugmentingMatcher,-1,na,wall_clock_ms,606.431
U3,1600,1.5,2,SimpleAugmentingMatcher,-1,na,matching_size,1600
U3,1600,1.5,2,HopcroftKarpMatcher,0,na,paths_found_per_phase,1572
U3,1600,1.5,2,HopcroftKarpMatcher,0,na,bfs_edges_visited,64000
U3,1600,1.5,2,HopcroftKarpMatcher,0,na,dfs_edges_visited,31995
U3,1600,1.5,2,HopcroftKarpMatcher,0,na,defect_at_iteration,28
U3,1600,1.5,2,HopcroftKarpMatcher,1,na,paths_found_per_phase,28
U3,1600,1.5,2,HopcroftKarpMatcher,1,na,bfs_edges_visited,33035
U3,1600,1.5,2,HopcroftKarpMatcher,1,na,dfs_edges_visited,4647
U3,1600,1.5,2,HopcroftKarpMatcher,1,na,defect_at_iteration,0
U3,1600,1.5,2,HopcroftKarpMatcher,-1,na,phase_count,2
U3,1600,1.5,2,HopcroftKarpMatcher,-1,na,main_loop_iters,2
U3,1600,1.5,2,HopcroftKarpMatcher,-1,na,total_bfs_edges_visited,97035
U3,1600,1.5,2,HopcroftKarpMatcher,-1,na,total_edges_visited,133677
U3,1600,1.5,2,HopcroftKarpMatcher,-1,na,matching_size,1600
U3,1600,1.5,2,HopcroftKarpMatcher,-1,na,wall_clock_ms,6.50659
U3,1600,1.5,2,HopcroftKarpMatcher,-1,na,matching_size,1600
U3,3200,1.75,6,SimpleAugmentingMatcher,-1,na,wall_clock_ms,12358.9
U3,3200,1.75,6,SimpleAugmentingMatcher,-1,na,matching_size,3200
U3,3200,1.75,6,HopcroftKarpMatcher,0,na,paths_found_per_phase,3193
U3,3200,1.75,6,HopcroftKarpMatcher,0,na,bfs_edges_visited,1.36148e+06
U3,3200,1.75,6,HopcroftKarpMatcher,0,na,dfs_edges_visited,681478
U3,3200,1.75,6,HopcroftKarpMatcher,0,na,defect_at_iteration,7
U3,3200,1.75,6,HopcroftKarpMatcher,1,na,paths_found_per_phase,7
U3,3200,1.75,6,HopcroftKarpMatcher,1,na,bfs_edges_visited,866078
U3,3200,1.75,6,HopcroftKarpMatcher,1,na,dfs_edges_visited,10290
U3,3200,1.75,6,HopcroftKarpMatcher,1,na,defect_at_iteration,0
U3,3200,1.75,6,HopcroftKarpMatcher,-1,na,phase_count,2
U3,3200,1.75,6,HopcroftKarpMatcher,-1,na,main_loop_iters,2
U3,3200,1.75,6,HopcroftKarpMatcher,-1,na,total_bfs_edges_visited,2.22756e+06
U3,3200,1.75,6,HopcroftKarpMatcher,-1,na,total_edges_visited,2.91933e+06
U3,3200,1.75,6,HopcroftKarpMatcher,-1,na,matching_size,3200
U3,3200,1.75,6,HopcroftKarpMatcher,-1,na,wall_clock_ms,50.776
U3,3200,1.75,6,HopcroftKarpMatcher,-1,na,matching_size,3200
U3,6400,2,15,SimpleAugmentingMatcher,-1,na,wall_clock_ms,56521.6
U3,6400,2,15,SimpleAugmentingMatcher,-1,na,matching_size,6400
U3,6400,2,15,HopcroftKarpMatcher,0,na,paths_found_per_phase,6400
U3,6400,2,15,HopcroftKarpMatcher,0,na,bfs_edges_visited,4.096e+07
U3,6400,2,15,HopcroftKarpMatcher,0,na,dfs_edges_visited,2.04832e+07
U3,6400,2,15,HopcroftKarpMatcher,0,na,defect_at_iteration,0
U3,6400,2,15,HopcroftKarpMatcher,-1,na,phase_count,1
U3,6400,2,15,HopcroftKarpMatcher,-1,na,main_loop_iters,1
U3,6400,2,15,HopcroftKarpMatcher,-1,na,total_bfs_edges_visited,4.096e+07
U3,6400,2,15,HopcroftKarpMatcher,-1,na,total_edges_visited,6.14432e+07
U3,6400,2,15,HopcroftKarpMatcher,-1,na,matching_size,6400
U3,6400,2,15,HopcroftKarpMatcher,-1,na,wall_clock_ms,81.3079
U3,6400,2,15,HopcroftKarpMatcher,-1,na,matching_size,6400
U3,400,1.5,7,SimpleAugmentingMatcher,-1,na,wall_clock_ms,9.69056
U3,400,1.5,7,SimpleAugmentingMatcher,-1,na,matching_size,400
U3,400,1.5,7,HopcroftKarpMatcher,0,na,paths_found_per_phase,384
U3,400,1.5,7,HopcroftKarpMatcher,0,na,bfs_edges_visited,8000
U3,400,1.5,7,HopcroftKarpMatcher,0,na,dfs_edges_visited,3993
U3,400,1.5,7,HopcroftKarpMatcher,0,na,defect_at_iteration,16
U3,400,1.5,7,HopcroftKarpMatcher,1,na,paths_found_per_phase,16
U3,400,1.5,7,HopcroftKarpMatcher,1,na,bfs_edges_visited,4335
U3,400,1.5,7,HopcroftKarpMatcher,1,na,dfs_edges_visited,1311
U3,400,1.5,7,HopcroftKarpMatcher,1,na,defect_at_iteration,0
U3,400,1.5,7,HopcroftKarpMatcher,-1,na,phase_count,2
U3,400,1.5,7,HopcroftKarpMatcher,-1,na,main_loop_iters,2
U3,400,1.5,7,HopcroftKarpMatcher,-1,na,total_bfs_edges_visited,12335
U3,400,1.5,7,HopcroftKarpMatcher,-1,na,total_edges_visited,17639
U3,400,1.5,7,HopcroftKarpMatcher,-1,na,matching_size,400
U3,400,1.5,7,HopcroftKarpMatcher,-1,na,wall_clock_ms,0.553453
U3,400,1.5,7,HopcroftKarpMatcher,-1,na,matching_size,400
U3,100,1,10,SimpleAugmentingMatcher,-1,na,wall_clock_ms,0.012978
U3,100,1,10,SimpleAugmentingMatcher,-1,na,matching_size,51
U3,100,1,10,HopcroftKarpMatcher,0,na,paths_found_per_phase,49
U3,100,1,10,HopcroftKarpMatcher,0,na,bfs_edges_visited,100
U3,100,1,10,HopcroftKarpMatcher,0,na,dfs_edges_visited,72
U3,100,1,10,HopcroftKarpMatcher,0,na,defect_at_iteration,51
U3,100,1,10,HopcroftKarpMatcher,1,na,paths_found_per_phase,2
U3,100,1,10,HopcroftKarpMatcher,1,na,bfs_edges_visited,36
U3,100,1,10,HopcroftKarpMatcher,1,na,dfs_edges_visited,32
U3,100,1,10,HopcroftKarpMatcher,1,na,defect_at_iteration,49
U3,100,1,10,HopcroftKarpMatcher,-1,na,phase_count,2
U3,100,1,10,HopcroftKarpMatcher,-1,na,main_loop_iters,2
U3,100,1,10,HopcroftKarpMatcher,-1,na,total_bfs_edges_visited,136
U3,100,1,10,HopcroftKarpMatcher,-1,na,total_edges_visited,240
U3,100,1,10,HopcroftKarpMatcher,-1,na,matching_size,51
U3,100,1,10,HopcroftKarpMatcher,-1,na,wall_clock_ms,0.047722
U3,100,1,10,HopcroftKarpMatcher,-1,na,matching_size,51
U3,1600,1.25,2,SimpleAugmentingMatcher,-1,na,wall_clock_ms,135.892
U3,1600,1.25,2,SimpleAugmentingMatcher,-1,na,matching_size,1595
U3,1600,1.25,2,HopcroftKarpMatcher,0,na,paths_found_per_phase,1422
U3,1600,1.25,2,HopcroftKarpMatcher,0,na,bfs_edges_visited,10119
U3,1600,1.25,2,HopcroftKarpMatcher,0,na,dfs_edges_visited,5248
U3,1600,1.25,2,HopcroftKarpMatcher,0,na,defect_at_iteration,178
U3,1600,1.25,2,HopcroftKarpMatcher,1,na,paths_found_per_phase,156
U3,1600,1.25,2,HopcroftKarpMatcher,1,na,bfs_edges_visited,5009
U3,1600,1.25,2,HopcroftKarpMatcher,1,na,dfs_edges_visited,5053
U3,1600,1.25,2,HopcroftKarpMatcher,1,na,defect_at_iteration,22
U3,1600,1.25,2,HopcroftKarpMatcher,2,na,paths_found_per_phase,14
U3,1600,1.25,2,HopcroftKarpMatcher,2,na,bfs_edges_visited,2280
U3,1600,1.25,2,HopcroftKarpMatcher,2,na,dfs_edges_visited,4024
U3,1600,1.25,2,HopcroftKarpMatcher,2,na,defect_at_iteration,8
U3,1600,1.25,2,HopcroftKarpMatcher,3,na,paths_found_per_phase,3
U3,1600,1.25,2,HopcroftKarpMatcher,3,na,bfs_edges_visited,7475
U3,1600,1.25,2,HopcroftKarpMatcher,3,na,dfs_edges_visited,8459
U3,1600,1.25,2,HopcroftKarpMatcher,3,na,defect_at_iteration,5
U3,1600,1.25,2,HopcroftKarpMatcher,-1,na,phase_count,4
U3,1600,1.25,2,HopcroftKarpMatcher,-1,na,main_loop_iters,4
U3,1600,1.25,2,HopcroftKarpMatcher,-1,na,total_bfs_edges_visited,24883
U3,1600,1.25,2,HopcroftKarpMatcher,-1,na,total_edges_visited,47667
U3,1600,1.25,2,HopcroftKarpMatcher,-1,na,matching_size,1595
U3,1600,1.25,2,HopcroftKarpMatcher,-1,na,wall_clock_ms,14.8575
U3,1600,1.25,2,HopcroftKarpMatcher,-1,na,matching_size,1595
U3,400,1,13,SimpleAugmentingMatcher,-1,na,wall_clock_ms,0.148197
U3,400,1,13,SimpleAugmentingMatcher,-1,na,matching_size,212
U3,400,1,13,HopcroftKarpMatcher,0,na,paths_found_per_phase,196
U3,400,1,13,HopcroftKarpMatcher,0,na,bfs_edges_visited,400
U3,400,1,13,HopcroftKarpMatcher,0,na,dfs_edges_visited,277
U3,400,1,13,HopcroftKarpMatcher,0,na,defect_at_iteration,204
U3,400,1,13,HopcroftKarpMatcher,1,na,paths_found_per_phase,16
U3,400,1,13,HopcroftKarpMatcher,1,na,bfs_edges_visited,146
U3,400,1,13,HopcroftKarpMatcher,1,na,dfs_edges_visited,133
U3,400,1,13,HopcroftKarpMatcher,1,na,defect_at_iteration,188
U3,400,1,13,HopcroftKarpMatcher,-1,na,phase_count,2
U3,400,1,13,HopcroftKarpMatcher,-1,na,main_loop_iters,2
U3,400,1,13,HopcroftKarpMatcher,-1,na,total_bfs_edges_visited,546
U3,400,1,13,HopcroftKarpMatcher,-1,na,total_edges_visited,956
U3,400,1,13,HopcroftKarpMatcher,-1,na,matching_size,212
U3,400,1,13,HopcroftKarpMatcher,-1,na,wall_clock_ms,0.574832
U3,400,1,13,HopcroftKarpMatcher,-1,na,matching_size,212
U3,100,1.5,7,SimpleAugmentingMatcher,-1,na,wall_clock_ms,0.19303
U3,100,1.5,7,SimpleAugmentingMatcher,-1,na,matching_size,100
U3,100,1.5,7,HopcroftKarpMatcher,0,na,paths_found_per_phase,89
U3,100,1.5,7,HopcroftKarpMatcher,0,na,bfs_edges_visited,1000
U3,100,1.5,7,HopcroftKarpMatcher,0,na,dfs_edges_visited,531
U3,100,1.5,7,HopcroftKarpMatcher,0,na,defect_at_iteration,11
U3,100,1.5,7,HopcroftKarpMatcher,1,na,paths_found_per_phase,10
U3,100,1.5,7,HopcroftKarpMatcher,1,na,bfs_edges_visited,706
U3,100,1.5,7,HopcroftKarpMatcher,1,na,dfs_edges_visited,394
U3,100,1.5,7,HopcroftKarpMatcher,1,na,defect_at_iteration,1
U3,100,1.5,7,HopcroftKarpMatcher,2,na,paths_found_per_phase,1
U3,100,1.5,7,HopcroftKarpMatcher,2,na,bfs_edges_visited,388
U3,100,1.5,7,HopcroftKarpMatcher,2,na,dfs_edges_visited,201
U3,100,1.5,7,HopcroftKarpMatcher,2,na,defect_at_iteration,0
U3,100,1.5,7,HopcroftKarpMatcher,-1,na,phase_count,3
U3,100,1.5,7,HopcroftKarpMatcher,-1,na,main_loop_iters,3
U3,100,1.5,7,HopcroftKarpMatcher,-1,na,total_bfs_edges_visited,2094
U3,100,1.5,7,HopcroftKarpMatcher,-1,na,total_edges_visited,3220
U3,100,1.5,7,HopcroftKarpMatcher,-1,na,matching_size,100
U3,100,1.5,7,HopcroftKarpMatcher,-1,na,wall_clock_ms,0.078628
U3,100,1.5,7,HopcroftKarpMatcher,-1,na,matching_size,100
U3,100,1,12,SimpleAugmentingMatcher,-1,na,wall_clock_ms,0.019695
U3,100,1,12,SimpleAugmentingMatcher,-1,na,matching_size,54
U3,100,1,12,HopcroftKarpMatcher,0,na,paths_found_per_phase,51
U3,100,1,12,HopcroftKarpMatcher,0,na,bfs_edges_visited,100
U3,100,1,12,HopcroftKarpMatcher,0,na,dfs_edges_visited,74
U3,100,1,12,HopcroftKarpMatcher,0,na,defect_at_iteration,49
U3,100,1,12,HopcroftKarpMatcher,1,na,paths_found_per_phase,3
U3,100,1,12,HopcroftKarpMatcher,1,na,bfs_edges_visited,39
U3,100,1,12,HopcroftKarpMatcher,1,na,dfs_edges_visited,42
U3,100,1,12,HopcroftKarpMatcher,1,na,defect_at_iteration,46
U3,100,1,12,HopcroftKarpMatcher,-1,na,phase_count,2
U3,100,1,12,HopcroftKarpMatcher,-1,na,main_loop_iters,2
U3,100,1,12,HopcroftKarpMatcher,-1,na,total_bfs_edges_visited,139
U3,100,1,12,HopcroftKarpMatcher,-1,na,total_edges_visited,255
U3,100,1,12,HopcroftKarpMatcher,-1,na,matching_size,54
U3,100,1,12,HopcroftKarpMatcher,-1,na,wall_clock_ms,0.087753
U3,100,1,12,HopcroftKarpMatcher,-1,na,matching_size,54
U3,6400,1.5,7,SimpleAugmentingMatcher,-1,na,wall_clock_ms,39556.7
U3,6400,1.5,7,SimpleAugmentingMatcher,-1,na,matching_size,6400
U3,6400,1.5,7,HopcroftKarpMatcher,0,na,paths_found_per_phase,6339
U3,6400,1.5,7,HopcroftKarpMatcher,0,na,bfs_edges_visited,512000
U3,6400,1.5,7,HopcroftKarpMatcher,0,na,dfs_edges_visited,256157
U3,6400,1.5,7,HopcroftKarpMatcher,0,na,defect_at_iteration,61
U3,6400,1.5,7,HopcroftKarpMatcher,1,na,paths_found_per_phase,61
U3,6400,1.5,7,HopcroftKarpMatcher,1,na,bfs_edges_visited,274790
U3,6400,1.5,7,HopcroftKarpMatcher,1,na,dfs_edges_visited,31656
U3,6400,1.5,7,HopcroftKarpMatcher,1,na,defect_at_iteration,0
U3,6400,1.5,7,HopcroftKarpMatcher,-1,na,phase_count,2
U3,6400,1.5,7,HopcroftKarpMatcher,-1,na,main_loop_iters,2
U3,6400,1.5,7,HopcroftKarpMatcher,-1,na,total_bfs_edges_visited,786790
U3,6400,1.5,7,HopcroftKarpMatcher,-1,na,total_edges_visited,1.0746e+06
U3,6400,1.5,7,HopcroftKarpMatcher,-1,na,matching_size,6400
U3,6400,1.5,7,HopcroftKarpMatcher,-1,na,wall_clock_ms,93.6566
U3,6400,1.5,7,HopcroftKarpMatcher,-1,na,matching_size,6400
U3,800,2,6,SimpleAugmentingMatcher,-1,na,wall_clock_ms,112.373
U3,800,2,6,SimpleAugmentingMatcher,-1,na,matching_size,800
U3,800,2,6,HopcroftKarpMatcher,0,na,paths_found_per_phase,800
U3,800,2,6,HopcroftKarpMatcher,0,na,bfs_edges_visited,640000
U3,800,2,6,HopcroftKarpMatcher,0,na,dfs_edges_visited,320400
U3,800,2,6,HopcroftKarpMatcher,0,na,defect_at_iteration,0
U3,800,2,6,HopcroftKarpMatcher,-1,na,phase_count,1
U3,800,2,6,HopcroftKarpMatcher,-1,na,main_loop_iters,1
U3,800,2,6,HopcroftKarpMatcher,-1,na,total_bfs_edges_visited,640000
U3,800,2,6,HopcroftKarpMatcher,-1,na,total_edges_visited,960400
U3,800,2,6,HopcroftKarpMatcher,-1,na,matching_size,800
U3,800,2,6,HopcroftKarpMatcher,-1,na,wall_clock_ms,1.28823
U3,800,2,6,HopcroftKarpMatcher,-1,na,matching_size,800
U3,400,1.75,12,SimpleAugmentingMatcher,-1,na,wall_clock_ms,29.3281
U3,400,1.75,12,SimpleAugmentingMatcher,-1,na,matching_size,400
U3,400,1.75,12,HopcroftKarpMatcher,0,na,paths_found_per_phase,398
U3,400,1.75,12,HopcroftKarpMatcher,0,na,bfs_edges_visited,35777
U3,400,1.75,12,HopcroftKarpMatcher,0,na,dfs_edges_visited,17797
U3,400,1.75,12,HopcroftKarpMatcher,0,na,defect_at_iteration,2
U3,400,1.75,12,HopcroftKarpMatcher,1,na,paths_found_per_phase,2
U3,400,1.75,12,HopcroftKarpMatcher,1,na,bfs_edges_visited,14815
U3,400,1.75,12,HopcroftKarpMatcher,1,na,dfs_edges_visited,356
U3,400,1.75,12,HopcroftKarpMatcher,1,na,defect_at_iteration,0
U3,400,1.75,12,HopcroftKarpMatcher,-1,na,phase_count,2
U3,400,1.75,12,HopcroftKarpMatcher,-1,na,main_loop_iters,2
U3,400,1.75,12,HopcroftKarpMatcher,-1,na,total_bfs_edges_visited,50592
U3,400,1.75,12,HopcroftKarpMatcher,-1,na,total_edges_visited,68745
U3,400,1.75,12,HopcroftKarpMatcher,-1,na,matching_size,400
U3,400,1.75,12,HopcroftKarpMatcher,-1,na,wall_clock_ms,1.03537
U3,400,1.75,12,HopcroftKarpMatcher,-1,na,matching_size,400
U3,1600,1.25,13,SimpleAugmentingMatcher,-1,na,wall_clock_ms,133.587
U3,1600,1.25,13,SimpleAugmentingMatcher,-1,na,matching_size,1595
U3,1600,1.25,13,HopcroftKarpMatcher,0,na,paths_found_per_phase,1424
U3,1600,1.25,13,HopcroftKarpMatcher,0,na,bfs_edges_visited,10119
U3,1600,1.25,13,HopcroftKarpMatcher,0,na,dfs_edges_visited,5261
U3,1600,1.25,13,HopcroftKarpMatcher,0,na,defect_at_iteration,176
U3,1600,1.25,13,HopcroftKarpMatcher,1,na,paths_found_per_phase,157
U3,1600,1.25,13,HopcroftKarpMatcher,1,na,bfs_edges_visited,5062
U3,1600,1.25,13,HopcroftKarpMatcher,1,na,dfs_edges_visited,5042
U3,1600,1.25,13,HopcroftKarpMatcher,1,na,defect_at_iteration,19
U3,1600,1.25,13,HopcroftKarpMatcher,2,na,paths_found_per_phase,10
U3,1600,1.25,13,HopcroftKarpMatcher,2,na,bfs_edges_visited,2380
U3,1600,1.25,13,HopcroftKarpMatcher,2,na,dfs_edges_visited,5339
U3,1600,1.25,13,HopcroftKarpMatcher,2,na,defect_at_iteration,9
U3,1600,1.25,13,HopcroftKarpMatcher,3,na,paths_found_per_phase,4
U3,1600,1.25,13,HopcroftKarpMatcher,3,na,bfs_edges_visited,8677
U3,1600,1.25,13,HopcroftKarpMatcher,3,na,dfs_edges_visited,6568
U3,1600,1.25,13,HopcroftKarpMatcher,3,na,defect_at_iteration,5
U3,1600,1.25,13,HopcroftKarpMatcher,-1,na,phase_count,4
U3,1600,1.25,13,HopcroftKarpMatcher,-1,na,main_loop_iters,4
U3,1600,1.25,13,HopcroftKarpMatcher,-1,na,total_bfs_edges_visited,26238
U3,1600,1.25,13,HopcroftKarpMatcher,-1,na,total_edges_visited,48448
U3,1600,1.25,13,HopcroftKarpMatcher,-1,na,matching_size,1595
U3,1600,1.25,13,HopcroftKarpMatcher,-1,na,wall_clock_ms,15.0224
U3,1600,1.25,13,HopcroftKarpMatcher,-1,na,matching_size,1595
U3,3200,1.25,3,SimpleAugmentingMatcher,-1,na,wall_clock_ms,961.479
U3,3200,1.25,3,SimpleAugmentingMatcher,-1,na,matching_size,3195
U3,3200,1.25,3,HopcroftKarpMatcher,0,na,paths_found_per_phase,2915
U3,3200,1.25,3,HopcroftKarpMatcher,0,na,bfs_edges_visited,24067
U3,3200,1.25,3,HopcroftKarpMatcher,0,na,dfs_edges_visited,12355
U3,3200,1.25,3,HopcroftKarpMatcher,0,na,defect_at_iteration,285
U3,3200,1.25,3,HopcroftKarpMatcher,1,na,paths_found_per_phase,256
U3,3200,1.25,3,HopcroftKarpMatcher,1,na,bfs_edges_visited,11316
U3,3200,1.25,3,HopcroftKarpMatcher,1,na,dfs_edges_visited,11745
U3,3200,1.25,3,HopcroftKarpMatcher,1,na,defect_at_iteration,29
U3,3200,1.25,3,HopcroftKarpMatcher,2,na,paths_found_per_phase,19
U3,3200,1.25,3,HopcroftKarpMatcher,2,na,bfs_edges_visited,6073
U3,3200,1.25,3,HopcroftKarpMatcher,2,na,dfs_edges_visited,12051
U3,3200,1.25,3,HopcroftKarpMatcher,2,na,defect_at_iteration,10
U3,3200,1.25,3,HopcroftKarpMatcher,3,na,paths_found_per_phase,5
U3,3200,1.25,3,HopcroftKarpMatcher,3,na,bfs_edges_visited,21953
U3,3200,1.25,3,HopcroftKarpMatcher,3,na,dfs_edges_visited,20367
U3,3200,1.25,3,HopcroftKarpMatcher,3,na,defect_at_iteration,5
U3,3200,1.25,3,HopcroftKarpMatcher,-1,na,phase_count,4
U3,3200,1.25,3,HopcroftKarpMatcher,-1,na,main_loop_iters,4
U3,3200,1.25,3,HopcroftKarpMatcher,-1,na,total_bfs_edges_visited,63409
U3,3200,1.25,3,HopcroftKarpMatcher,-1,na,total_edges_visited,119927
U3,3200,1.25,3,HopcroftKarpMatcher,-1,na,matching_size,3195
U3,3200,1.25,3,HopcroftKarpMatcher,-1,na,wall_clock_ms,60.8817
U3,3200,1.25,3,HopcroftKarpMatcher,-1,na,matching_size,3195
U3,3200,1.25,12,SimpleAugmentingMatcher,-1,na,wall_clock_ms,947.08
U3,3200,1.25,12,SimpleAugmentingMatcher,-1,na,matching_size,3197
U3,3200,1.25,12,HopcroftKarpMatcher,0,na,paths_found_per_phase,2928
U3,3200,1.25,12,HopcroftKarpMatcher,0,na,bfs_edges_visited,24067
U3,3200,1.25,12,HopcroftKarpMatcher,0,na,dfs_edges_visited,12463
U3,3200,1.25,12,HopcroftKarpMatcher,0,na,defect_at_iteration,272
U3,3200,1.25,12,HopcroftKarpMatcher,1,na,paths_found_per_phase,245
U3,3200,1.25,12,HopcroftKarpMatcher,1,na,bfs_edges_visited,11244
U3,3200,1.25,12,HopcroftKarpMatcher,1,na,dfs_edges_visited,10651
U3,3200,1.25,12,HopcroftKarpMatcher,1,na,defect_at_iteration,27
U3,3200,1.25,12,HopcroftKarpMatcher,2,na,paths_found_per_phase,20
U3,3200,1.25,12,HopcroftKarpMatcher,2,na,bfs_edges_visited,6177
U3,3200,1.25,12,HopcroftKarpMatcher,2,na,dfs_edges_visited,10494
U3,3200,1.25,12,HopcroftKarpMatcher,2,na,defect_at_iteration,7
U3,3200,1.25,12,HopcroftKarpMatcher,3,na,paths_found_per_phase,4
U3,3200,1.25,12,HopcroftKarpMatcher,3,na,bfs_edges_visited,20081
U3,3200,1.25,12,HopcroftKarpMatcher,3,na,dfs_edges_visited,4895
U3,3200,1.25,12,HopcroftKarpMatcher,3,na,defect_at_iteration,3
U3,3200,1.25,12,HopcroftKarpMatcher,-1,na,phase_count,4
U3,3200,1.25,12,HopcroftKarpMatcher,-1,na,main_loop_iters,4
U3,3200,1.25,12,HopcroftKarpMatcher,-1,na,total_bfs_edges_visited,61569
U3,3200,1.25,12,HopcroftKarpMatcher,-1,na,total_edges_visited,100072
U3,3200,1.25,12,HopcroftKarpMatcher,-1,na,matching_size,3197
U3,3200,1.25,12,HopcroftKarpMatcher,-1,na,wall_clock_ms,42.2562
U3,3200,1.25,12,HopcroftKarpMatcher,-1,na,matching_size,3197
U3,400,1.75,6,SimpleAugmentingMatcher,-1,na,wall_clock_ms,29.3965
U3,400,1.75,6,SimpleAugmentingMatcher,-1,na,matching_size,400
U3,400,1.75,6,HopcroftKarpMatcher,0,na,paths_found_per_phase,398
U3,400,1.75,6,HopcroftKarpMatcher,0,na,bfs_edges_visited,35777
U3,400,1.75,6,HopcroftKarpMatcher,0,na,dfs_edges_visited,17977
U3,400,1.75,6,HopcroftKarpMatcher,0,na,defect_at_iteration,2
U3,400,1.75,6,HopcroftKarpMatcher,1,na,paths_found_per_phase,2
U3,400,1.75,6,HopcroftKarpMatcher,1,na,bfs_edges_visited,14556
U3,400,1.75,6,HopcroftKarpMatcher,1,na,dfs_edges_visited,463
U3,400,1.75,6,HopcroftKarpMatcher,1,na,defect_at_iteration,0
U3,400,1.75,6,HopcroftKarpMatcher,-1,na,phase_count,2
U3,400,1.75,6,HopcroftKarpMatcher,-1,na,main_loop_iters,2
U3,400,1.75,6,HopcroftKarpMatcher,-1,na,total_bfs_edges_visited,50333
U3,400,1.75,6,HopcroftKarpMatcher,-1,na,total_edges_visited,68773
U3,400,1.75,6,HopcroftKarpMatcher,-1,na,matching_size,400
U3,400,1.75,6,HopcroftKarpMatcher,-1,na,wall_clock_ms,1.02692
U3,400,1.75,6,HopcroftKarpMatcher,-1,na,matching_size,400
U3,400,1,7,SimpleAugmentingMatcher,-1,na,wall_clock_ms,0.156961
U3,400,1,7,SimpleAugmentingMatcher,-1,na,matching_size,213
U3,400,1,7,HopcroftKarpMatcher,0,na,paths_found_per_phase,197
U3,400,1,7,HopcroftKarpMatcher,0,na,bfs_edges_visited,400
U3,400,1,7,HopcroftKarpMatcher,0,na,dfs_edges_visited,283
U3,400,1,7,HopcroftKarpMatcher,0,na,defect_at_iteration,203
U3,400,1,7,HopcroftKarpMatcher,1,na,paths_found_per_phase,15
U3,400,1,7,HopcroftKarpMatcher,1,na,bfs_edges_visited,146
U3,400,1,7,HopcroftKarpMatcher,1,na,dfs_edges_visited,147
U3,400,1,7,HopcroftKarpMatcher,1,na,defect_at_iteration,188
U3,400,1,7,HopcroftKarpMatcher,2,na,paths_found_per_phase,1
U3,400,1,7,HopcroftKarpMatcher,2,na,bfs_edges_visited,111
U3,400,1,7,HopcroftKarpMatcher,2,na,dfs_edges_visited,111
U3,400,1,7,HopcroftKarpMatcher,2,na,defect_at_iteration,187
U3,400,1,7,HopcroftKarpMatcher,-1,na,phase_count,3
U3,400,1,7,HopcroftKarpMatcher,-1,na,main_loop_iters,3
U3,400,1,7,HopcroftKarpMatcher,-1,na,total_bfs_edges_visited,657
U3,400,1,7,HopcroftKarpMatcher,-1,na,total_edges_visited,1198
U3,400,1,7,HopcroftKarpMatcher,-1,na,matching_size,213
U3,400,1,7,HopcroftKarpMatcher,-1,na,wall_clock_ms,0.769023
U3,400,1,7,HopcroftKarpMatcher,-1,na,matching_size,213
U3,200,2,10,SimpleAugmentingMatcher,-1,na,wall_clock_ms,1.87798
U3,200,2,10,SimpleAugmentingMatcher,-1,na,matching_size,200
U3,200,2,10,HopcroftKarpMatcher,0,na,paths_found_per_phase,200
U3,200,2,10,HopcroftKarpMatcher,0,na,bfs_edges_visited,40000
U3,200,2,10,HopcroftKarpMatcher,0,na,dfs_edges_visited,20100
U3,200,2,10,HopcroftKarpMatcher,0,na,defect_at_iteration,0
U3,200,2,10,HopcroftKarpMatcher,-1,na,phase_count,1
U3,200,2,10,HopcroftKarpMatcher,-1,na,main_loop_iters,1
U3,200,2,10,HopcroftKarpMatcher,-1,na,total_bfs_edges_visited,40000
U3,200,2,10,HopcroftKarpMatcher,-1,na,total_edges_visited,60100
U3,200,2,10,HopcroftKarpMatcher,-1,na,matching_size,200
U3,200,2,10,HopcroftKarpMatcher,-1,na,wall_clock_ms,0.089031
U3,200,2,10,HopcroftKarpMatcher,-1,na,matching_size,200
U3,100,1.25,16,SimpleAugmentingMatcher,-1,na,wall_clock_ms,0.090817
U3,100,1.25,16,SimpleAugmentingMatcher,-1,na,matching_size,95
U3,100,1.25,16,HopcroftKarpMatcher,0,na,paths_found_per_phase,80
U3,100,1.25,16,HopcroftKarpMatcher,0,na,bfs_edges_visited,316
U3,100,1.25,16,HopcroftKarpMatcher,0,na,dfs_edges_visited,188
U3,100,1.25,16,HopcroftKarpMatcher,0,na,defect_at_iteration,20
U3,100,1.25,16,HopcroftKarpMatcher,1,na,paths_found_per_phase,9
U3,100,1.25,16,HopcroftKarpMatcher,1,na,bfs_edges_visited,156
U3,100,1.25,16,HopcroftKarpMatcher,1,na,dfs_edges_visited,134
U3,100,1.25,16,HopcroftKarpMatcher,1,na,defect_at_iteration,11
U3,100,1.25,16,HopcroftKarpMatcher,2,na,paths_found_per_phase,2
U3,100,1.25,16,HopcroftKarpMatcher,2,na,bfs_edges_visited,92
U3,100,1.25,16,HopcroftKarpMatcher,2,na,dfs_edges_visited,110
U3,100,1.25,16,HopcroftKarpMatcher,2,na,defect_at_iteration,9
U3,100,1.25,16,HopcroftKarpMatcher,3,na,paths_found_per_phase,3
U3,100,1.25,16,HopcroftKarpMatcher,3,na,bfs_edges_visited,152
U3,100,1.25,16,HopcroftKarpMatcher,3,na,dfs_edges_visited,114
U3,100,1.25,16,HopcroftKarpMatcher,3,na,defect_at_iteration,6
U3,100,1.25,16,HopcroftKarpMatcher,4,na,paths_found_per_phase,1
U3,100,1.25,16,HopcroftKarpMatcher,4,na,bfs_edges_visited,168
U3,100,1.25,16,HopcroftKarpMatcher,4,na,dfs_edges_visited,161
U3,100,1.25,16,HopcroftKarpMatcher,4,na,defect_at_iteration,5
U3,100,1.25,16,HopcroftKarpMatcher,-1,na,phase_count,5
U3,100,1.25,16,HopcroftKarpMatcher,-1,na,main_loop_iters,5
U3,100,1.25,16,HopcroftKarpMatcher,-1,na,total_bfs_edges_visited,884
U3,100,1.25,16,HopcroftKarpMatcher,-1,na,total_edges_visited,1591
U3,100,1.25,16,HopcroftKarpMatcher,-1,na,matching_size,95
U3,100,1.25,16,HopcroftKarpMatcher,-1,na,wall_clock_ms,0.094864
U3,100,1.25,16,HopcroftKarpMatcher,-1,na,matching_size,95
U3,6400,1,3,SimpleAugmentingMatcher,-1,na,wall_clock_ms,37.3458
U3,6400,1,3,SimpleAugmentingMatcher,-1,na,matching_size,3499
U3,6400,1,3,HopcroftKarpMatcher,0,na,paths_found_per_phase,3284
U3,6400,1,3,HopcroftKarpMatcher,0,na,bfs_edges_visited,6400
U3,6400,1,3,HopcroftKarpMatcher,0,na,dfs_edges_visited,4615
U3,6400,1,3,HopcroftKarpMatcher,0,na,defect_at_iteration,3116
U3,6400,1,3,HopcroftKarpMatcher,1,na,paths_found_per_phase,200
U3,6400,1,3,HopcroftKarpMatcher,1,na,bfs_edges_visited,2170
U3,6400,1,3,HopcroftKarpMatcher,1,na,dfs_edges_visited,2266
U3,6400,1,3,HopcroftKarpMatcher,1,na,defect_at_iteration,2916
U3,6400,1,3,HopcroftKarpMatcher,2,na,paths_found_per_phase,12
U3,6400,1,3,HopcroftKarpMatcher,2,na,bfs_edges_visited,1549
U3,6400,1,3,HopcroftKarpMatcher,2,na,dfs_edges_visited,1579
U3,6400,1,3,HopcroftKarpMatcher,2,na,defect_at_iteration,2904
U3,6400,1,3,HopcroftKarpMatcher,3,na,paths_found_per_phase,3
U3,6400,1,3,HopcroftKarpMatcher,3,na,bfs_edges_visited,1514
U3,6400,1,3,HopcroftKarpMatcher,3,na,dfs_edges_visited,1507
U3,6400,1,3,HopcroftKarpMatcher,3,na,defect_at_iteration,2901
U3,6400,1,3,HopcroftKarpMatcher,-1,na,phase_count,4
U3,6400,1,3,HopcroftKarpMatcher,-1,na,main_loop_iters,4
U3,6400,1,3,HopcroftKarpMatcher,-1,na,total_bfs_edges_visited,11633
U3,6400,1,3,HopcroftKarpMatcher,-1,na,total_edges_visited,21600
U3,6400,1,3,HopcroftKarpMatcher,-1,na,matching_size,3499
U3,6400,1,3,HopcroftKarpMatcher,-1,na,wall_clock_ms,226.681
U3,6400,1,3,HopcroftKarpMatcher,-1,na,matching_size,3499
U3,100,1,4,SimpleAugmentingMatcher,-1,na,wall_clock_ms,0.012208
U3,100,1,4,SimpleAugmentingMatcher,-1,na,matching_size,59
U3,100,1,4,HopcroftKarpMatcher,0,na,paths_found_per_phase,56
U3,100,1,4,HopcroftKarpMatcher,0,na,bfs_edges_visited,100
U3,100,1,4,HopcroftKarpMatcher,0,na,dfs_edges_visited,73
U3,100,1,4,HopcroftKarpMatcher,0,na,defect_at_iteration,44
U3,100,1,4,HopcroftKarpMatcher,1,na,paths_found_per_phase,3
U3,100,1,4,HopcroftKarpMatcher,1,na,bfs_edges_visited,25
U3,100,1,4,HopcroftKarpMatcher,1,na,dfs_edges_visited,26
U3,100,1,4,HopcroftKarpMatcher,1,na,defect_at_iteration,41
U3,100,1,4,HopcroftKarpMatcher,-1,na,phase_count,2
U3,100,1,4,HopcroftKarpMatcher,-1,na,main_loop_iters,2
U3,100,1,4,HopcroftKarpMatcher,-1,na,total_bfs_edges_visited,125
U3,100,1,4,HopcroftKarpMatcher,-1,na,total_edges_visited,224
U3,100,1,4,HopcroftKarpMatcher,-1,na,matching_size,59
U3,100,1,4,HopcroftKarpMatcher,-1,na,wall_clock_ms,0.043231
U3,100,1,4,HopcroftKarpMatcher,-1,na,matching_size,59
U3,6400,1.75,4,SimpleAugmentingMatcher,-1,na,wall_clock_ms,89168.9
U3,6400,1.75,4,SimpleAugmentingMatcher,-1,na,matching_size,6400
U3,6400,1.75,4,HopcroftKarpMatcher,0,na,paths_found_per_phase,6394
U3,6400,1.75,4,HopcroftKarpMatcher,0,na,bfs_edges_visited,4.57947e+06
U3,6400,1.75,4,HopcroftKarpMatcher,0,na,dfs_edges_visited,2.28999e+06
U3,6400,1.75,4,HopcroftKarpMatcher,0,na,defect_at_iteration,6
U3,6400,1.75,4,HopcroftKarpMatcher,1,na,paths_found_per_phase,6
U3,6400,1.75,4,HopcroftKarpMatcher,1,na,bfs_edges_visited,2.32036e+06
U3,6400,1.75,4,HopcroftKarpMatcher,1,na,dfs_edges_visited,16759
U3,6400,1.75,4,HopcroftKarpMatcher,1,na,defect_at_iteration,0
U3,6400,1.75,4,HopcroftKarpMatcher,-1,na,phase_count,2
U3,6400,1.75,4,HopcroftKarpMatcher,-1,na,main_loop_iters,2
U3,6400,1.75,4,HopcroftKarpMatcher,-1,na,total_bfs_edges_visited,6.89983e+06
U3,6400,1.75,4,HopcroftKarpMatcher,-1,na,total_edges_visited,9.20658e+06
U3,6400,1.75,4,HopcroftKarpMatcher,-1,na,matching_size,6400
U3,6400,1.75,4,HopcroftKarpMatcher,-1,na,wall_clock_ms,172.804
U3,6400,1.75,4,HopcroftKarpMatcher,-1,na,matching_size,6400
U3,3200,1.75,7,SimpleAugmentingMatcher,-1,na,wall_clock_ms,12277.8
U3,3200,1.75,7,SimpleAugmentingMatcher,-1,na,matching_size,3200
U3,3200,1.75,7,HopcroftKarpMatcher,0,na,paths_found_per_phase,3193
U3,3200,1.75,7,HopcroftKarpMatcher,0,na,bfs_edges_visited,1.36148e+06
U3,3200,1.75,7,HopcroftKarpMatcher,0,na,dfs_edges_visited,680962
U3,3200,1.75,7,HopcroftKarpMatcher,0,na,defect_at_iteration,7
U3,3200,1.75,7,HopcroftKarpMatcher,1,na,paths_found_per_phase,7
U3,3200,1.75,7,HopcroftKarpMatcher,1,na,bfs_edges_visited,871148
U3,3200,1.75,7,HopcroftKarpMatcher,1,na,dfs_edges_visited,7451
U3,3200,1.75,7,HopcroftKarpMatcher,1,na,defect_at_iteration,0
U3,3200,1.75,7,HopcroftKarpMatcher,-1,na,phase_count,2
U3,3200,1.75,7,HopcroftKarpMatcher,-1,na,main_loop_iters,2
U3,3200,1.75,7,HopcroftKarpMatcher,-1,na,total_bfs_edges_visited,2.23263e+06
U3,3200,1.75,7,HopcroftKarpMatcher,-1,na,total_edges_visited,2.92104e+06
U3,3200,1.75,7,HopcroftKarpMatcher,-1,na,matching_size,3200
U3,3200,1.75,7,HopcroftKarpMatcher,-1,na,wall_clock_ms,50.8512
U3,3200,1.75,7,HopcroftKarpMatcher,-1,na,matching_size,3200
U3,1600,1.25,15,SimpleAugmentingMatcher,-1,na,wall_clock_ms,127.52
U3,1600,1.25,15,SimpleAugmentingMatcher,-1,na,matching_size,1597
U3,1600,1.25,15,HopcroftKarpMatcher,0,na,paths_found_per_phase,1426
U3,1600,1.25,15,HopcroftKarpMatcher,0,na,bfs_edges_visited,10119
U3,1600,1.25,15,HopcroftKarpMatcher,0,na,dfs_edges_visited,5280
U3,1600,1.25,15,HopcroftKarpMatcher,0,na,defect_at_iteration,174
U3,1600,1.25,15,HopcroftKarpMatcher,1,na,paths_found_per_phase,152
U3,1600,1.25,15,HopcroftKarpMatcher,1,na,bfs_edges_visited,4926
U3,1600,1.25,15,HopcroftKarpMatcher,1,na,dfs_edges_visited,5054
U3,1600,1.25,15,HopcroftKarpMatcher,1,na,defect_at_iteration,22
U3,1600,1.25,15,HopcroftKarpMatcher,2,na,paths_found_per_phase,16
U3,1600,1.25,15,HopcroftKarpMatcher,2,na,bfs_edges_visited,2781
U3,1600,1.25,15,HopcroftKarpMatcher,2,na,dfs_edges_visited,4837
U3,1600,1.25,15,HopcroftKarpMatcher,2,na,defect_at_iteration,6
U3,1600,1.25,15,HopcroftKarpMatcher,3,na,paths_found_per_phase,3
U3,1600,1.25,15,HopcroftKarpMatcher,3,na,bfs_edges_visited,6398
U3,1600,1.25,15,HopcroftKarpMatcher,3,na,dfs_edges_visited,6797
U3,1600,1.25,15,HopcroftKarpMatcher,3,na,defect_at_iteration,3
U3,1600,1.25,15,HopcroftKarpMatcher,-1,na,phase_count,4
U3,1600,1.25,15,HopcroftKarpMatcher,-1,na,main_loop_iters,4
U3,1600,1.25,15,HopcroftKarpMatcher,-1,na,total_bfs_edges_visited,24224
U3,1600,1.25,15,HopcroftKarpMatcher,-1,na,total_edges_visited,46192
U3,1600,1.25,15,HopcroftKarpMatcher,-1,na,matching_size,1597
U3,1600,1.25,15,HopcroftKarpMatcher,-1,na,wall_clock_ms,14.4184
U3,1600,1.25,15,HopcroftKarpMatcher,-1,na,matching_size,1597
U3,800,1.75,16,SimpleAugmentingMatcher,-1,na,wall_clock_ms,226.443
U3,800,1.75,16,SimpleAugmentingMatcher,-1,na,matching_size,800
U3,800,1.75,16,HopcroftKarpMatcher,0,na,paths_found_per_phase,795
U3,800,1.75,16,HopcroftKarpMatcher,0,na,bfs_edges_visited,120339
U3,800,1.75,16,HopcroftKarpMatcher,0,na,dfs_edges_visited,60355
U3,800,1.75,16,HopcroftKarpMatcher,0,na,defect_at_iteration,5
U3,800,1.75,16,HopcroftKarpMatcher,1,na,paths_found_per_phase,5
U3,800,1.75,16,HopcroftKarpMatcher,1,na,bfs_edges_visited,78424
U3,800,1.75,16,HopcroftKarpMatcher,1,na,dfs_edges_visited,2024
U3,800,1.75,16,HopcroftKarpMatcher,1,na,defect_at_iteration,0
U3,800,1.75,16,HopcroftKarpMatcher,-1,na,phase_count,2
U3,800,1.75,16,HopcroftKarpMatcher,-1,na,main_loop_iters,2
U3,800,1.75,16,HopcroftKarpMatcher,-1,na,total_bfs_edges_visited,198763
U3,800,1.75,16,HopcroftKarpMatcher,-1,na,total_edges_visited,261142
U3,800,1.75,16,HopcroftKarpMatcher,-1,na,matching_size,800
U3,800,1.75,16,HopcroftKarpMatcher,-1,na,wall_clock_ms,4.03953
U3,800,1.75,16,HopcroftKarpMatcher,-1,na,matching_size,800
U3,6400,1.25,2,SimpleAugmentingMatcher,-1,na,wall_clock_ms,8150.04
U3,6400,1.25,2,SimpleAugmentingMatcher,-1,na,matching_size,6397
U3,6400,1.25,2,HopcroftKarpMatcher,0,na,paths_found_per_phase,5904
U3,6400,1.25,2,HopcroftKarpMatcher,0,na,bfs_edges_visited,57243
U3,6400,1.25,2,HopcroftKarpMatcher,0,na,dfs_edges_visited,29265
U3,6400,1.25,2,HopcroftKarpMatcher,0,na,defect_at_iteration,496
U3,6400,1.25,2,HopcroftKarpMatcher,1,na,paths_found_per_phase,471
U3,6400,1.25,2,HopcroftKarpMatcher,1,na,bfs_edges_visited,27765
U3,6400,1.25,2,HopcroftKarpMatcher,1,na,dfs_edges_visited,25874
U3,6400,1.25,2,HopcroftKarpMatcher,1,na,defect_at_iteration,25
U3,6400,1.25,2,HopcroftKarpMatcher,2,na,paths_found_per_phase,22
U3,6400,1.25,2,HopcroftKarpMatcher,2,na,bfs_edges_visited,13078
U3,6400,1.25,2,HopcroftKarpMatcher,2,na,dfs_edges_visited,26865
U3,6400,1.25,2,HopcroftKarpMatcher,2,na,defect_at_iteration,3
U3,6400,1.25,2,HopcroftKarpMatcher,-1,na,phase_count,3
U3,6400,1.25,2,HopcroftKarpMatcher,-1,na,main_loop_iters,3
U3,6400,1.25,2,HopcroftKarpMatcher,-1,na,total_bfs_edges_visited,98086
U3,6400,1.25,2,HopcroftKarpMatcher,-1,na,total_edges_visited,180090
U3,6400,1.25,2,HopcroftKarpMatcher,-1,na,matching_size,6397
U3,6400,1.25,2,HopcroftKarpMatcher,-1,na,wall_clock_ms,166.648
U3,6400,1.25,2,HopcroftKarpMatcher,-1,na,matching_size,6397
U3,6400,1.25,11,SimpleAugmentingMatcher,-1,na,wall_clock_ms,8081.1
U3,6400,1.25,11,SimpleAugmentingMatcher,-1,na,matching_size,6398
U3,6400,1.25,11,HopcroftKarpMatcher,0,na,paths_found_per_phase,5924
U3,6400,1.25,11,HopcroftKarpMatcher,0,na,bfs_edges_visited,57243
U3,6400,1.25,11,HopcroftKarpMatcher,0,na,dfs_edges_visited,29224
U3,6400,1.25,11,HopcroftKarpMatcher,0,na,defect_at_iteration,476
U3,6400,1.25,11,HopcroftKarpMatcher,1,na,paths_found_per_phase,445
U3,6400,1.25,11,HopcroftKarpMatcher,1,na,bfs_edges_visited,26952
U3,6400,1.25,11,HopcroftKarpMatcher,1,na,dfs_edges_visited,25034
U3,6400,1.25,11,HopcroftKarpMatcher,1,na,defect_at_iteration,31
U3,6400,1.25,11,HopcroftKarpMatcher,2,na,paths_found_per_phase,27
U3,6400,1.25,11,HopcroftKarpMatcher,2,na,bfs_edges_visited,13729
U3,6400,1.25,11,HopcroftKarpMatcher,2,na,dfs_edges_visited,26081
U3,6400,1.25,11,HopcroftKarpMatcher,2,na,defect_at_iteration,4
U3,6400,1.25,11,HopcroftKarpMatcher,3,na,paths_found_per_phase,2
U3,6400,1.25,11,HopcroftKarpMatcher,3,na,bfs_edges_visited,43421
U3,6400,1.25,11,HopcroftKarpMatcher,3,na,dfs_edges_visited,41941
U3,6400,1.25,11,HopcroftKarpMatcher,3,na,defect_at_iteration,2
U3,6400,1.25,11,HopcroftKarpMatcher,-1,na,phase_count,4
U3,6400,1.25,11,HopcroftKarpMatcher,-1,na,main_loop_iters,4
U3,6400,1.25,11,HopcroftKarpMatcher,-1,na,total_bfs_edges_visited,141345
U3,6400,1.25,11,HopcroftKarpMatcher,-1,na,total_edges_visited,263625
U3,6400,1.25,11,HopcroftKarpMatcher,-1,na,matching_size,6398
U3,6400,1.25,11,HopcroftKarpMatcher,-1,na,wall_clock_ms,224.889
U3,6400,1.25,11,HopcroftKarpMatcher,-1,na,matching_size,6398
U3,6400,1.5,1,SimpleAugmentingMatcher,-1,na,wall_clock_ms,39691.1
U3,6400,1.5,1,SimpleAugmentingMatcher,-1,na,matching_size,6400
U3,6400,1.5,1,HopcroftKarpMatcher,0,na,paths_found_per_phase,6347
U3,6400,1.5,1,HopcroftKarpMatcher,0,na,bfs_edges_visited,512000
U3,6400,1.5,1,HopcroftKarpMatcher,0,na,dfs_edges_visited,255954
U3,6400,1.5,1,HopcroftKarpMatcher,0,na,defect_at_iteration,53
U3,6400,1.5,1,HopcroftKarpMatcher,1,na,paths_found_per_phase,53
U3,6400,1.5,1,HopcroftKarpMatcher,1,na,bfs_edges_visited,255682
U3,6400,1.5,1,HopcroftKarpMatcher,1,na,dfs_edges_visited,32292
U3,6400,1.5,1,HopcroftKarpMatcher,1,na,defect_at_iteration,0
U3,6400,1.5,1,HopcroftKarpMatcher,-1,na,phase_count,2
U3,6400,1.5,1,HopcroftKarpMatcher,-1,na,main_loop_iters,2
U3,6400,1.5,1,HopcroftKarpMatcher,-1,na,total_bfs_edges_visited,767682
U3,6400,1.5,1,HopcroftKarpMatcher,-1,na,total_edges_visited,1.05593e+06
U3,6400,1.5,1,HopcroftKarpMatcher,-1,na,matching_size,6400
U3,6400,1.5,1,HopcroftKarpMatcher,-1,na,wall_clock_ms,91.7313
U3,6400,1.5,1,HopcroftKarpMatcher,-1,na,matching_size,6400
U3,400,1.75,11,SimpleAugmentingMatcher,-1,na,wall_clock_ms,29.594
U3,400,1.75,11,SimpleAugmentingMatcher,-1,na,matching_size,400
U3,400,1.75,11,HopcroftKarpMatcher,0,na,paths_found_per_phase,399
U3,400,1.75,11,HopcroftKarpMatcher,0,na,bfs_edges_visited,35777
U3,400,1.75,11,HopcroftKarpMatcher,0,na,dfs_edges_visited,17860
U3,400,1.75,11,HopcroftKarpMatcher,0,na,defect_at_iteration,1
U3,400,1.75,11,HopcroftKarpMatcher,1,na,paths_found_per_phase,1
U3,400,1.75,11,HopcroftKarpMatcher,1,na,bfs_edges_visited,8951
U3,400,1.75,11,HopcroftKarpMatcher,1,na,dfs_edges_visited,83
U3,400,1.75,11,HopcroftKarpMatcher,1,na,defect_at_iteration,0
U3,400,1.75,11,HopcroftKarpMatcher,-1,na,phase_count,2
U3,400,1.75,11,HopcroftKarpMatcher,-1,na,main_loop_iters,2
U3,400,1.75,11,HopcroftKarpMatcher,-1,na,total_bfs_edges_visited,44728
U3,400,1.75,11,HopcroftKarpMatcher,-1,na,total_edges_visited,62671
U3,400,1.75,11,HopcroftKarpMatcher,-1,na,matching_size,400
U3,400,1.75,11,HopcroftKarpMatcher,-1,na,wall_clock_ms,0.97494
U3,400,1.75,11,HopcroftKarpMatcher,-1,na,matching_size,400
U3,100,1,11,SimpleAugmentingMatcher,-1,na,wall_clock_ms,0.011552
U3,100,1,11,SimpleAugmentingMatcher,-1,na,matching_size,57
U3,100,1,11,HopcroftKarpMatcher,0,na,paths_found_per_phase,55
U3,100,1,11,HopcroftKarpMatcher,0,na,bfs_edges_visited,100
U3,100,1,11,HopcroftKarpMatcher,0,na,dfs_edges_visited,71
U3,100,1,11,HopcroftKarpMatcher,0,na,defect_at_iteration,45
U3,100,1,11,HopcroftKarpMatcher,1,na,paths_found_per_phase,2
U3,100,1,11,HopcroftKarpMatcher,1,na,bfs_edges_visited,26
U3,100,1,11,HopcroftKarpMatcher,1,na,dfs_edges_visited,29
U3,100,1,11,HopcroftKarpMatcher,1,na,defect_at_iteration,43
U3,100,1,11,HopcroftKarpMatcher,-1,na,phase_count,2
U3,100,1,11,HopcroftKarpMatcher,-1,na,main_loop_iters,2
U3,100,1,11,HopcroftKarpMatcher,-1,na,total_bfs_edges_visited,126
U3,100,1,11,HopcroftKarpMatcher,-1,na,total_edges_visited,226
U3,100,1,11,HopcroftKarpMatcher,-1,na,matching_size,57
U3,100,1,11,HopcroftKarpMatcher,-1,na,wall_clock_ms,0.044486
U3,100,1,11,HopcroftKarpMatcher,-1,na,matching_size,57
U3,3200,1.75,12,SimpleAugmentingMatcher,-1,na,wall_clock_ms,12282.6
U3,3200,1.75,12,SimpleAugmentingMatcher,-1,na,matching_size,3200
U3,3200,1.75,12,HopcroftKarpMatcher,0,na,paths_found_per_phase,3196
U3,3200,1.75,12,HopcroftKarpMatcher,0,na,bfs_edges_visited,1.36148e+06
U3,3200,1.75,12,HopcroftKarpMatcher,0,na,dfs_edges_visited,681057
U3,3200,1.75,12,HopcroftKarpMatcher,0,na,defect_at_iteration,4
U3,3200,1.75,12,HopcroftKarpMatcher,1,na,paths_found_per_phase,4
U3,3200,1.75,12,HopcroftKarpMatcher,1,na,bfs_edges_visited,596360
U3,3200,1.75,12,HopcroftKarpMatcher,1,na,dfs_edges_visited,4755
U3,3200,1.75,12,HopcroftKarpMatcher,1,na,defect_at_iteration,0
U3,3200,1.75,12,HopcroftKarpMatcher,-1,na,phase_count,2
U3,3200,1.75,12,HopcroftKarpMatcher,-1,na,main_loop_iters,2
U3,3200,1.75,12,HopcroftKarpMatcher,-1,na,total_bfs_edges_visited,1.95784e+06
U3,3200,1.75,12,HopcroftKarpMatcher,-1,na,total_edges_visited,2.64366e+06
U3,3200,1.75,12,HopcroftKarpMatcher,-1,na,matching_size,3200
U3,3200,1.75,12,HopcroftKarpMatcher,-1,na,wall_clock_ms,45.6406
U3,3200,1.75,12,HopcroftKarpMatcher,-1,na,matching_size,3200
U3,1600,1,0,SimpleAugmentingMatcher,-1,na,wall_clock_ms,2.42742
U3,1600,1,0,SimpleAugmentingMatcher,-1,na,matching_size,861
U3,1600,1,0,HopcroftKarpMatcher,0,na,paths_found_per_phase,809
U3,1600,1,0,HopcroftKarpMatcher,0,na,bfs_edges_visited,1600
U3,1600,1,0,HopcroftKarpMatcher,0,na,dfs_edges_visited,1146
U3,1600,1,0,HopcroftKarpMatcher,0,na,defect_at_iteration,791
U3,1600,1,0,HopcroftKarpMatcher,1,na,paths_found_per_phase,51
U3,1600,1,0,HopcroftKarpMatcher,1,na,bfs_edges_visited,571
U3,1600,1,0,HopcroftKarpMatcher,1,na,dfs_edges_visited,607
U3,1600,1,0,HopcroftKarpMatcher,1,na,defect_at_iteration,740
U3,1600,1,0,HopcroftKarpMatcher,2,na,paths_found_per_phase,1
U3,1600,1,0,HopcroftKarpMatcher,2,na,bfs_edges_visited,413
U3,1600,1,0,HopcroftKarpMatcher,2,na,dfs_edges_visited,406
U3,1600,1,0,HopcroftKarpMatcher,2,na,defect_at_iteration,739
U3,1600,1,0,HopcroftKarpMatcher,-1,na,phase_count,3
U3,1600,1,0,HopcroftKarpMatcher,-1,na,main_loop_iters,3
U3,1600,1,0,HopcroftKarpMatcher,-1,na,total_bfs_edges_visited,2584
U3,1600,1,0,HopcroftKarpMatcher,-1,na,total_edges_visited,4743
U3,1600,1,0,HopcroftKarpMatcher,-1,na,matching_size,861
U3,1600,1,0,HopcroftKarpMatcher,-1,na,wall_clock_ms,11.6991
U3,1600,1,0,HopcroftKarpMatcher,-1,na,matching_size,861
U3,800,2,18,SimpleAugmentingMatcher,-1,na,wall_clock_ms,112.254
U3,800,2,18,SimpleAugmentingMatcher,-1,na,matching_size,800
U3,800,2,18,HopcroftKarpMatcher,0,na,paths_found_per_phase,800
U3,800,2,18,HopcroftKarpMatcher,0,na,bfs_edges_visited,640000
U3,800,2,18,HopcroftKarpMatcher,0,na,dfs_edges_visited,320400
U3,800,2,18,HopcroftKarpMatcher,0,na,defect_at_iteration,0
U3,800,2,18,HopcroftKarpMatcher,-1,na,phase_count,1
U3,800,2,18,HopcroftKarpMatcher,-1,na,main_loop_iters,1
U3,800,2,18,HopcroftKarpMatcher,-1,na,total_bfs_edges_visited,640000
U3,800,2,18,HopcroftKarpMatcher,-1,na,total_edges_visited,960400
U3,800,2,18,HopcroftKarpMatcher,-1,na,matching_size,800
U3,800,2,18,HopcroftKarpMatcher,-1,na,wall_clock_ms,1.28837
U3,800,2,18,HopcroftKarpMatcher,-1,na,matching_size,800
U3,1600,1.5,15,SimpleAugmentingMatcher,-1,na,wall_clock_ms,600.288
U3,1600,1.5,15,SimpleAugmentingMatcher,-1,na,matching_size,1600
U3,1600,1.5,15,HopcroftKarpMatcher,0,na,paths_found_per_phase,1581
U3,1600,1.5,15,HopcroftKarpMatcher,0,na,bfs_edges_visited,64000
U3,1600,1.5,15,HopcroftKarpMatcher,0,na,dfs_edges_visited,31993
U3,1600,1.5,15,HopcroftKarpMatcher,0,na,defect_at_iteration,19
U3,1600,1.5,15,HopcroftKarpMatcher,1,na,paths_found_per_phase,19
U3,1600,1.5,15,HopcroftKarpMatcher,1,na,bfs_edges_visited,23932
U3,1600,1.5,15,HopcroftKarpMatcher,1,na,dfs_edges_visited,5368
U3,1600,1.5,15,HopcroftKarpMatcher,1,na,defect_at_iteration,0
U3,1600,1.5,15,HopcroftKarpMatcher,-1,na,phase_count,2
U3,1600,1.5,15,HopcroftKarpMatcher,-1,na,main_loop_iters,2
U3,1600,1.5,15,HopcroftKarpMatcher,-1,na,total_bfs_edges_visited,87932
U3,1600,1.5,15,HopcroftKarpMatcher,-1,na,total_edges_visited,125293
U3,1600,1.5,15,HopcroftKarpMatcher,-1,na,matching_size,1600
U3,1600,1.5,15,HopcroftKarpMatcher,-1,na,wall_clock_ms,6.11801
U3,1600,1.5,15,HopcroftKarpMatcher,-1,na,matching_size,1600
U3,1600,1.75,10,SimpleAugmentingMatcher,-1,na,wall_clock_ms,1678.08
U3,1600,1.75,10,SimpleAugmentingMatcher,-1,na,matching_size,1600
U3,1600,1.75,10,HopcroftKarpMatcher,0,na,paths_found_per_phase,1595
U3,1600,1.75,10,HopcroftKarpMatcher,0,na,bfs_edges_visited,404771
U3,1600,1.75,10,HopcroftKarpMatcher,0,na,dfs_edges_visited,202456
U3,1600,1.75,10,HopcroftKarpMatcher,0,na,defect_at_iteration,5
U3,1600,1.75,10,HopcroftKarpMatcher,1,na,paths_found_per_phase,5
U3,1600,1.75,10,HopcroftKarpMatcher,1,na,bfs_edges_visited,241761
U3,1600,1.75,10,HopcroftKarpMatcher,1,na,dfs_edges_visited,3005
U3,1600,1.75,10,HopcroftKarpMatcher,1,na,defect_at_iteration,0
U3,1600,1.75,10,HopcroftKarpMatcher,-1,na,phase_count,2
U3,1600,1.75,10,HopcroftKarpMatcher,-1,na,main_loop_iters,2
U3,1600,1.75,10,HopcroftKarpMatcher,-1,na,total_bfs_edges_visited,646532
U3,1600,1.75,10,HopcroftKarpMatcher,-1,na,total_edges_visited,851993
U3,1600,1.75,10,HopcroftKarpMatcher,-1,na,matching_size,1600
U3,1600,1.75,10,HopcroftKarpMatcher,-1,na,wall_clock_ms,13.7316
U3,1600,1.75,10,HopcroftKarpMatcher,-1,na,matching_size,1600
U3,6400,2,16,SimpleAugmentingMatcher,-1,na,wall_clock_ms,56300.8
U3,6400,2,16,SimpleAugmentingMatcher,-1,na,matching_size,6400
U3,6400,2,16,HopcroftKarpMatcher,0,na,paths_found_per_phase,6400
U3,6400,2,16,HopcroftKarpMatcher,0,na,bfs_edges_visited,4.096e+07
U3,6400,2,16,HopcroftKarpMatcher,0,na,dfs_edges_visited,2.04832e+07
U3,6400,2,16,HopcroftKarpMatcher,0,na,defect_at_iteration,0
U3,6400,2,16,HopcroftKarpMatcher,-1,na,phase_count,1
U3,6400,2,16,HopcroftKarpMatcher,-1,na,main_loop_iters,1
U3,6400,2,16,HopcroftKarpMatcher,-1,na,total_bfs_edges_visited,4.096e+07
U3,6400,2,16,HopcroftKarpMatcher,-1,na,total_edges_visited,6.14432e+07
U3,6400,2,16,HopcroftKarpMatcher,-1,na,matching_size,6400
U3,6400,2,16,HopcroftKarpMatcher,-1,na,wall_clock_ms,81.3013
U3,6400,2,16,HopcroftKarpMatcher,-1,na,matching_size,6400
U3,400,1.5,18,SimpleAugmentingMatcher,-1,na,wall_clock_ms,9.75203
U3,400,1.5,18,SimpleAugmentingMatcher,-1,na,matching_size,400
U3,400,1.5,18,HopcroftKarpMatcher,0,na,paths_found_per_phase,388
U3,400,1.5,18,HopcroftKarpMatcher,0,na,bfs_edges_visited,8000
U3,400,1.5,18,HopcroftKarpMatcher,0,na,dfs_edges_visited,3933
U3,400,1.5,18,HopcroftKarpMatcher,0,na,defect_at_iteration,12
U3,400,1.5,18,HopcroftKarpMatcher,1,na,paths_found_per_phase,12
U3,400,1.5,18,HopcroftKarpMatcher,1,na,bfs_edges_visited,3491
U3,400,1.5,18,HopcroftKarpMatcher,1,na,dfs_edges_visited,1116
U3,400,1.5,18,HopcroftKarpMatcher,1,na,defect_at_iteration,0
U3,400,1.5,18,HopcroftKarpMatcher,-1,na,phase_count,2
U3,400,1.5,18,HopcroftKarpMatcher,-1,na,main_loop_iters,2
U3,400,1.5,18,HopcroftKarpMatcher,-1,na,total_bfs_edges_visited,11491
U3,400,1.5,18,HopcroftKarpMatcher,-1,na,total_edges_visited,16540
U3,400,1.5,18,HopcroftKarpMatcher,-1,na,matching_size,400
U3,400,1.5,18,HopcroftKarpMatcher,-1,na,wall_clock_ms,0.508885
U3,400,1.5,18,HopcroftKarpMatcher,-1,na,matching_size,400
U3,800,1.5,16,SimpleAugmentingMatcher,-1,na,wall_clock_ms,75.7736
U3,800,1.5,16,SimpleAugmentingMatcher,-1,na,matching_size,800
U3,800,1.5,16,HopcroftKarpMatcher,0,na,paths_found_per_phase,782
U3,800,1.5,16,HopcroftKarpMatcher,0,na,bfs_edges_visited,22627
U3,800,1.5,16,HopcroftKarpMatcher,0,na,dfs_edges_visited,11425
U3,800,1.5,16,HopcroftKarpMatcher,0,na,defect_at_iteration,18
U3,800,1.5,16,HopcroftKarpMatcher,1,na,paths_found_per_phase,18
U3,800,1.5,16,HopcroftKarpMatcher,1,na,bfs_edges_visited,10554
U3,800,1.5,16,HopcroftKarpMatcher,1,na,dfs_edges_visited,4073
U3,800,1.5,16,HopcroftKarpMatcher,1,na,defect_at_iteration,0
U3,800,1.5,16,HopcroftKarpMatcher,-1,na,phase_count,2
U3,800,1.5,16,HopcroftKarpMatcher,-1,na,main_loop_iters,2
U3,800,1.5,16,HopcroftKarpMatcher,-1,na,total_bfs_edges_visited,33181
U3,800,1.5,16,HopcroftKarpMatcher,-1,na,total_edges_visited,48679
U3,800,1.5,16,HopcroftKarpMatcher,-1,na,matching_size,800
U3,800,1.5,16,HopcroftKarpMatcher,-1,na,wall_clock_ms,1.83654
U3,800,1.5,16,HopcroftKarpMatcher,-1,na,matching_size,800
U3,100,1.75,14,SimpleAugmentingMatcher,-1,na,wall_clock_ms,0.462091
U3,100,1.75,14,SimpleAugmentingMatcher,-1,na,matching_size,100
U3,100,1.75,14,HopcroftKarpMatcher,0,na,paths_found_per_phase,99
U3,100,1.75,14,HopcroftKarpMatcher,0,na,bfs_edges_visited,3162
U3,100,1.75,14,HopcroftKarpMatcher,0,na,dfs_edges_visited,1594
U3,100,1.75,14,HopcroftKarpMatcher,0,na,defect_at_iteration,1
U3,100,1.75,14,HopcroftKarpMatcher,1,na,paths_found_per_phase,1
U3,100,1.75,14,HopcroftKarpMatcher,1,na,bfs_edges_visited,894
U3,100,1.75,14,HopcroftKarpMatcher,1,na,dfs_edges_visited,41
U3,100,1.75,14,HopcroftKarpMatcher,1,na,defect_at_iteration,0
U3,100,1.75,14,HopcroftKarpMatcher,-1,na,phase_count,2
U3,100,1.75,14,HopcroftKarpMatcher,-1,na,main_loop_iters,2
U3,100,1.75,14,HopcroftKarpMatcher,-1,na,total_bfs_edges_visited,4056
U3,100,1.75,14,HopcroftKarpMatcher,-1,na,total_edges_visited,5691
U3,100,1.75,14,HopcroftKarpMatcher,-1,na,matching_size,100
U3,100,1.75,14,HopcroftKarpMatcher,-1,na,wall_clock_ms,0.091116
U3,100,1.75,14,HopcroftKarpMatcher,-1,na,matching_size,100
U3,1600,1.5,6,SimpleAugmentingMatcher,-1,na,wall_clock_ms,601.791
U3,1600,1.5,6,SimpleAugmentingMatcher,-1,na,matching_size,1600
U3,1600,1.5,6,HopcroftKarpMatcher,0,na,paths_found_per_phase,1574
U3,1600,1.5,6,HopcroftKarpMatcher,0,na,bfs_edges_visited,64000
U3,1600,1.5,6,HopcroftKarpMatcher,0,na,dfs_edges_visited,32032
U3,1600,1.5,6,HopcroftKarpMatcher,0,na,defect_at_iteration,26
U3,1600,1.5,6,HopcroftKarpMatcher,1,na,paths_found_per_phase,26
U3,1600,1.5,6,HopcroftKarpMatcher,1,na,bfs_edges_visited,31127
U3,1600,1.5,6,HopcroftKarpMatcher,1,na,dfs_edges_visited,5871
U3,1600,1.5,6,HopcroftKarpMatcher,1,na,defect_at_iteration,0
U3,1600,1.5,6,HopcroftKarpMatcher,-1,na,phase_count,2
U3,1600,1.5,6,HopcroftKarpMatcher,-1,na,main_loop_iters,2
U3,1600,1.5,6,HopcroftKarpMatcher,-1,na,total_bfs_edges_visited,95127
U3,1600,1.5,6,HopcroftKarpMatcher,-1,na,total_edges_visited,133030
U3,1600,1.5,6,HopcroftKarpMatcher,-1,na,matching_size,1600
U3,1600,1.5,6,HopcroftKarpMatcher,-1,na,wall_clock_ms,6.49116
U3,1600,1.5,6,HopcroftKarpMatcher,-1,na,matching_size,1600
U3,200,1.25,13,SimpleAugmentingMatcher,-1,na,wall_clock_ms,0.73109
U3,200,1.25,13,SimpleAugmentingMatcher,-1,na,matching_size,191
U3,200,1.25,13,HopcroftKarpMatcher,0,na,paths_found_per_phase,159
U3,200,1.25,13,HopcroftKarpMatcher,0,na,bfs_edges_visited,752
U3,200,1.25,13,HopcroftKarpMatcher,0,na,dfs_edges_visited,405
U3,200,1.25,13,HopcroftKarpMatcher,0,na,defect_at_iteration,41
U3,200,1.25,13,HopcroftKarpMatcher,1,na,paths_found_per_phase,24
U3,200,1.25,13,HopcroftKarpMatcher,1,na,bfs_edges_visited,326
U3,200,1.25,13,HopcroftKarpMatcher,1,na,dfs_edges_visited,353
U3,200,1.25,13,HopcroftKarpMatcher,1,na,defect_at_iteration,17
U3,200,1.25,13,HopcroftKarpMatcher,2,na,paths_found_per_phase,4
U3,200,1.25,13,HopcroftKarpMatcher,2,na,bfs_edges_visited,203
U3,200,1.25,13,HopcroftKarpMatcher,2,na,dfs_edges_visited,311
U3,200,1.25,13,HopcroftKarpMatcher,2,na,defect_at_iteration,13
U3,200,1.25,13,HopcroftKarpMatcher,3,na,paths_found_per_phase,3
U3,200,1.25,13,HopcroftKarpMatcher,3,na,bfs_edges_visited,355
U3,200,1.25,13,HopcroftKarpMatcher,3,na,dfs_edges_visited,304
U3,200,1.25,13,HopcroftKarpMatcher,3,na,defect_at_iteration,10
U3,200,1.25,13,HopcroftKarpMatcher,4,na,paths_found_per_phase,1
U3,200,1.25,13,HopcroftKarpMatcher,4,na,bfs_edges_visited,489
U3,200,1.25,13,HopcroftKarpMatcher,4,na,dfs_edges_visited,575
U3,200,1.25,13,HopcroftKarpMatcher,4,na,defect_at_iteration,9
U3,200,1.25,13,HopcroftKarpMatcher,-1,na,phase_count,5
U3,200,1.25,13,HopcroftKarpMatcher,-1,na,main_loop_iters,5
U3,200,1.25,13,HopcroftKarpMatcher,-1,na,total_bfs_edges_visited,2125
U3,200,1.25,13,HopcroftKarpMatcher,-1,na,total_edges_visited,4073
U3,200,1.25,13,HopcroftKarpMatcher,-1,na,matching_size,191
U3,200,1.25,13,HopcroftKarpMatcher,-1,na,wall_clock_ms,0.341973
U3,200,1.25,13,HopcroftKarpMatcher,-1,na,matching_size,191
U3,200,1.25,19,SimpleAugmentingMatcher,-1,na,wall_clock_ms,0.431718
U3,200,1.25,19,SimpleAugmentingMatcher,-1,na,matching_size,194
U3,200,1.25,19,HopcroftKarpMatcher,0,na,paths_found_per_phase,170
U3,200,1.25,19,HopcroftKarpMatcher,0,na,bfs_edges_visited,752
U3,200,1.25,19,HopcroftKarpMatcher,0,na,dfs_edges_visited,432
U3,200,1.25,19,HopcroftKarpMatcher,0,na,defect_at_iteration,30
U3,200,1.25,19,HopcroftKarpMatcher,1,na,paths_found_per_phase,16
U3,200,1.25,19,HopcroftKarpMatcher,1,na,bfs_edges_visited,306
U3,200,1.25,19,HopcroftKarpMatcher,1,na,dfs_edges_visited,383
U3,200,1.25,19,HopcroftKarpMatcher,1,na,defect_at_iteration,14
U3,200,1.25,19,HopcroftKarpMatcher,2,na,paths_found_per_phase,4
U3,200,1.25,19,HopcroftKarpMatcher,2,na,bfs_edges_visited,421
U3,200,1.25,19,HopcroftKarpMatcher,2,na,dfs_edges_visited,365
U3,200,1.25,19,HopcroftKarpMatcher,2,na,defect_at_iteration,10
U3,200,1.25,19,HopcroftKarpMatcher,3,na,paths_found_per_phase,3
U3,200,1.25,19,HopcroftKarpMatcher,3,na,bfs_edges_visited,533
U3,200,1.25,19,HopcroftKarpMatcher,3,na,dfs_edges_visited,261
U3,200,1.25,19,HopcroftKarpMatcher,3,na,defect_at_iteration,7
U3,200,1.25,19,HopcroftKarpMatcher,4,na,paths_found_per_phase,1
U3,200,1.25,19,HopcroftKarpMatcher,4,na,bfs_edges_visited,525
U3,200,1.25,19,HopcroftKarpMatcher,4,na,dfs_edges_visited,265
U3,200,1.25,19,HopcroftKarpMatcher,4,na,defect_at_iteration,6
U3,200,1.25,19,HopcroftKarpMatcher,-1,na,phase_count,5
U3,200,1.25,19,HopcroftKarpMatcher,-1,na,main_loop_iters,5
U3,200,1.25,19,HopcroftKarpMatcher,-1,na,total_bfs_edges_visited,2537
U3,200,1.25,19,HopcroftKarpMatcher,-1,na,total_edges_visited,4243
U3,200,1.25,19,HopcroftKarpMatcher,-1,na,matching_size,194
U3,200,1.25,19,HopcroftKarpMatcher,-1,na,wall_clock_ms,0.308347
U3,200,1.25,19,HopcroftKarpMatcher,-1,na,matching_size,194
U3,100,2,17,SimpleAugmentingMatcher,-1,na,wall_clock_ms,0.254407
U3,100,2,17,SimpleAugmentingMatcher,-1,na,matching_size,100
U3,100,2,17,HopcroftKarpMatcher,0,na,paths_found_per_phase,100
U3,100,2,17,HopcroftKarpMatcher,0,na,bfs_edges_visited,10000
U3,100,2,17,HopcroftKarpMatcher,0,na,dfs_edges_visited,5050
U3,100,2,17,HopcroftKarpMatcher,0,na,defect_at_iteration,0
U3,100,2,17,HopcroftKarpMatcher,-1,na,phase_count,1
U3,100,2,17,HopcroftKarpMatcher,-1,na,main_loop_iters,1
U3,100,2,17,HopcroftKarpMatcher,-1,na,total_bfs_edges_visited,10000
U3,100,2,17,HopcroftKarpMatcher,-1,na,total_edges_visited,15050
U3,100,2,17,HopcroftKarpMatcher,-1,na,matching_size,100
U3,100,2,17,HopcroftKarpMatcher,-1,na,wall_clock_ms,0.026179
U3,100,2,17,HopcroftKarpMatcher,-1,na,matching_size,100
U3,200,1.25,16,SimpleAugmentingMatcher,-1,na,wall_clock_ms,0.381593
U3,200,1.25,16,SimpleAugmentingMatcher,-1,na,matching_size,194
U3,200,1.25,16,HopcroftKarpMatcher,0,na,paths_found_per_phase,170
U3,200,1.25,16,HopcroftKarpMatcher,0,na,bfs_edges_visited,752
U3,200,1.25,16,HopcroftKarpMatcher,0,na,dfs_edges_visited,413
U3,200,1.25,16,HopcroftKarpMatcher,0,na,defect_at_iteration,30
U3,200,1.25,16,HopcroftKarpMatcher,1,na,paths_found_per_phase,17
U3,200,1.25,16,HopcroftKarpMatcher,1,na,bfs_edges_visited,302
U3,200,1.25,16,HopcroftKarpMatcher,1,na,dfs_edges_visited,349
U3,200,1.25,16,HopcroftKarpMatcher,1,na,defect_at_iteration,13
U3,200,1.25,16,HopcroftKarpMatcher,2,na,paths_found_per_phase,4
U3,200,1.25,16,HopcroftKarpMatcher,2,na,bfs_edges_visited,202
U3,200,1.25,16,HopcroftKarpMatcher,2,na,dfs_edges_visited,247
U3,200,1.25,16,HopcroftKarpMatcher,2,na,defect_at_iteration,9
U3,200,1.25,16,HopcroftKarpMatcher,3,na,paths_found_per_phase,1
U3,200,1.25,16,HopcroftKarpMatcher,3,na,bfs_edges_visited,166
U3,200,1.25,16,HopcroftKarpMatcher,3,na,dfs_edges_visited,278
U3,200,1.25,16,HopcroftKarpMatcher,3,na,defect_at_iteration,8
U3,200,1.25,16,HopcroftKarpMatcher,4,na,paths_found_per_phase,2
U3,200,1.25,16,HopcroftKarpMatcher,4,na,bfs_edges_visited,407
U3,200,1.25,16,HopcroftKarpMatcher,4,na,dfs_edges_visited,275
U3,200,1.25,16,HopcroftKarpMatcher,4,na,defect_at_iteration,6
U3,200,1.25,16,HopcroftKarpMatcher,-1,na,phase_count,5
U3,200,1.25,16,HopcroftKarpMatcher,-1,na,main_loop_iters,5
U3,200,1.25,16,HopcroftKarpMatcher,-1,na,total_bfs_edges_visited,1829
U3,200,1.25,16,HopcroftKarpMatcher,-1,na,total_edges_visited,3391
U3,200,1.25,16,HopcroftKarpMatcher,-1,na,matching_size,194
U3,200,1.25,16,HopcroftKarpMatcher,-1,na,wall_clock_ms,0.250464
U3,200,1.25,16,HopcroftKarpMatcher,-1,na,matching_size,194
U3,400,1,8,SimpleAugmentingMatcher,-1,na,wall_clock_ms,0.157222
U3,400,1,8,SimpleAugmentingMatcher,-1,na,matching_size,218
U3,400,1,8,HopcroftKarpMatcher,0,na,paths_found_per_phase,204
U3,400,1,8,HopcroftKarpMatcher,0,na,bfs_edges_visited,400
U3,400,1,8,HopcroftKarpMatcher,0,na,dfs_edges_visited,284
U3,400,1,8,HopcroftKarpMatcher,0,na,defect_at_iteration,196
U3,400,1,8,HopcroftKarpMatcher,1,na,paths_found_per_phase,14
U3,400,1,8,HopcroftKarpMatcher,1,na,bfs_edges_visited,136
U3,400,1,8,HopcroftKarpMatcher,1,na,dfs_edges_visited,135
U3,400,1,8,HopcroftKarpMatcher,1,na,defect_at_iteration,182
U3,400,1,8,HopcroftKarpMatcher,-1,na,phase_count,2
U3,400,1,8,HopcroftKarpMatcher,-1,na,main_loop_iters,2
U3,400,1,8,HopcroftKarpMatcher,-1,na,total_bfs_edges_visited,536
U3,400,1,8,HopcroftKarpMatcher,-1,na,total_edges_visited,955
U3,400,1,8,HopcroftKarpMatcher,-1,na,matching_size,218
U3,400,1,8,HopcroftKarpMatcher,-1,na,wall_clock_ms,0.569773
U3,400,1,8,HopcroftKarpMatcher,-1,na,matching_size,218
U3,200,1.5,17,SimpleAugmentingMatcher,-1,na,wall_clock_ms,1.26346
U3,200,1.5,17,SimpleAugmentingMatcher,-1,na,matching_size,200
U3,200,1.5,17,HopcroftKarpMatcher,0,na,paths_found_per_phase,193
U3,200,1.5,17,HopcroftKarpMatcher,0,na,bfs_edges_visited,2828
U3,200,1.5,17,HopcroftKarpMatcher,0,na,dfs_edges_visited,1470
U3,200,1.5,17,HopcroftKarpMatcher,0,na,defect_at_iteration,7
U3,200,1.5,17,HopcroftKarpMatcher,1,na,paths_found_per_phase,7
U3,200,1.5,17,HopcroftKarpMatcher,1,na,bfs_edges_visited,1048
U3,200,1.5,17,HopcroftKarpMatcher,1,na,dfs_edges_visited,494
U3,200,1.5,17,HopcroftKarpMatcher,1,na,defect_at_iteration,0
U3,200,1.5,17,HopcroftKarpMatcher,-1,na,phase_count,2
U3,200,1.5,17,HopcroftKarpMatcher,-1,na,main_loop_iters,2
U3,200,1.5,17,HopcroftKarpMatcher,-1,na,total_bfs_edges_visited,3876
U3,200,1.5,17,HopcroftKarpMatcher,-1,na,total_edges_visited,5840
U3,200,1.5,17,HopcroftKarpMatcher,-1,na,matching_size,200
U3,200,1.5,17,HopcroftKarpMatcher,-1,na,wall_clock_ms,0.154859
U3,200,1.5,17,HopcroftKarpMatcher,-1,na,matching_size,200
U3,800,1.25,15,SimpleAugmentingMatcher,-1,na,wall_clock_ms,15.6963
U3,800,1.25,15,SimpleAugmentingMatcher,-1,na,matching_size,794
U3,800,1.25,15,HopcroftKarpMatcher,0,na,paths_found_per_phase,685
U3,800,1.25,15,HopcroftKarpMatcher,0,na,bfs_edges_visited,4254
U3,800,1.25,15,HopcroftKarpMatcher,0,na,dfs_edges_visited,2252
U3,800,1.25,15,HopcroftKarpMatcher,0,na,defect_at_iteration,115
U3,800,1.25,15,HopcroftKarpMatcher,1,na,paths_found_per_phase,90
U3,800,1.25,15,HopcroftKarpMatcher,1,na,bfs_edges_visited,2294
U3,800,1.25,15,HopcroftKarpMatcher,1,na,dfs_edges_visited,2205
U3,800,1.25,15,HopcroftKarpMatcher,1,na,defect_at_iteration,25
U3,800,1.25,15,HopcroftKarpMatcher,2,na,paths_found_per_phase,10
U3,800,1.25,15,HopcroftKarpMatcher,2,na,bfs_edges_visited,1013
U3,800,1.25,15,HopcroftKarpMatcher,2,na,dfs_edges_visited,1442
U3,800,1.25,15,HopcroftKarpMatcher,2,na,defect_at_iteration,15
U3,800,1.25,15,HopcroftKarpMatcher,3,na,paths_found_per_phase,5
U3,800,1.25,15,HopcroftKarpMatcher,3,na,bfs_edges_visited,1165
U3,800,1.25,15,HopcroftKarpMatcher,3,na,dfs_edges_visited,1975
U3,800,1.25,15,HopcroftKarpMatcher,3,na,defect_at_iteration,10
U3,800,1.25,15,HopcroftKarpMatcher,4,na,paths_found_per_phase,4
U3,800,1.25,15,HopcroftKarpMatcher,4,na,bfs_edges_visited,3252
U3,800,1.25,15,HopcroftKarpMatcher,4,na,dfs_edges_visited,1270
U3,800,1.25,15,HopcroftKarpMatcher,4,na,defect_at_iteration,6
U3,800,1.25,15,HopcroftKarpMatcher,-1,na,phase_count,5
U3,800,1.25,15,HopcroftKarpMatcher,-1,na,main_loop_iters,5
U3,800,1.25,15,HopcroftKarpMatcher,-1,na,total_bfs_edges_visited,11978
U3,800,1.25,15,HopcroftKarpMatcher,-1,na,total_edges_visited,21122
U3,800,1.25,15,HopcroftKarpMatcher,-1,na,matching_size,794
U3,800,1.25,15,HopcroftKarpMatcher,-1,na,wall_clock_ms,3.44427
U3,800,1.25,15,HopcroftKarpMatcher,-1,na,matching_size,794
U3,200,1,18,SimpleAugmentingMatcher,-1,na,wall_clock_ms,0.042539
U3,200,1,18,SimpleAugmentingMatcher,-1,na,matching_size,116
U3,200,1,18,HopcroftKarpMatcher,0,na,paths_found_per_phase,109
U3,200,1,18,HopcroftKarpMatcher,0,na,bfs_edges_visited,200
U3,200,1,18,HopcroftKarpMatcher,0,na,dfs_edges_visited,159
U3,200,1,18,HopcroftKarpMatcher,0,na,defect_at_iteration,91
U3,200,1,18,HopcroftKarpMatcher,1,na,paths_found_per_phase,7
U3,200,1,18,HopcroftKarpMatcher,1,na,bfs_edges_visited,84
U3,200,1,18,HopcroftKarpMatcher,1,na,dfs_edges_visited,74
U3,200,1,18,HopcroftKarpMatcher,1,na,defect_at_iteration,84
U3,200,1,18,HopcroftKarpMatcher,-1,na,phase_count,2
U3,200,1,18,HopcroftKarpMatcher,-1,na,main_loop_iters,2
U3,200,1,18,HopcroftKarpMatcher,-1,na,total_bfs_edges_visited,284
U3,200,1,18,HopcroftKarpMatcher,-1,na,total_edges_visited,517
U3,200,1,18,HopcroftKarpMatcher,-1,na,matching_size,116
U3,200,1,18,HopcroftKarpMatcher,-1,na,wall_clock_ms,0.154597
U3,200,1,18,HopcroftKarpMatcher,-1,na,matching_size,116
U3,100,1,3,SimpleAugmentingMatcher,-1,na,wall_clock_ms,0.014521
U3,100,1,3,SimpleAugmentingMatcher,-1,na,matching_size,56
U3,100,1,3,HopcroftKarpMatcher,0,na,paths_found_per_phase,54
U3,100,1,3,HopcroftKarpMatcher,0,na,bfs_edges_visited,100
U3,100,1,3,HopcroftKarpMatcher,0,na,dfs_edges_visited,80
U3,100,1,3,HopcroftKarpMatcher,0,na,defect_at_iteration,46
U3,100,1,3,HopcroftKarpMatcher,1,na,paths_found_per_phase,2
U3,100,1,3,HopcroftKarpMatcher,1,na,bfs_edges_visited,41
U3,100,1,3,HopcroftKarpMatcher,1,na,dfs_edges_visited,43
U3,100,1,3,HopcroftKarpMatcher,1,na,defect_at_iteration,44
U3,100,1,3,HopcroftKarpMatcher,-1,na,phase_count,2
U3,100,1,3,HopcroftKarpMatcher,-1,na,main_loop_iters,2
U3,100,1,3,HopcroftKarpMatcher,-1,na,total_bfs_edges_visited,141
U3,100,1,3,HopcroftKarpMatcher,-1,na,total_edges_visited,264
U3,100,1,3,HopcroftKarpMatcher,-1,na,matching_size,56
U3,100,1,3,HopcroftKarpMatcher,-1,na,wall_clock_ms,0.048316
U3,100,1,3,HopcroftKarpMatcher,-1,na,matching_size,56
U3,200,2,4,SimpleAugmentingMatcher,-1,na,wall_clock_ms,1.88039
U3,200,2,4,SimpleAugmentingMatcher,-1,na,matching_size,200
U3,200,2,4,HopcroftKarpMatcher,0,na,paths_found_per_phase,200
U3,200,2,4,HopcroftKarpMatcher,0,na,bfs_edges_visited,40000
U3,200,2,4,HopcroftKarpMatcher,0,na,dfs_edges_visited,20100
U3,200,2,4,HopcroftKarpMatcher,0,na,defect_at_iteration,0
U3,200,2,4,HopcroftKarpMatcher,-1,na,phase_count,1
U3,200,2,4,HopcroftKarpMatcher,-1,na,main_loop_iters,1
U3,200,2,4,HopcroftKarpMatcher,-1,na,total_bfs_edges_visited,40000
U3,200,2,4,HopcroftKarpMatcher,-1,na,total_edges_visited,60100
U3,200,2,4,HopcroftKarpMatcher,-1,na,matching_size,200
U3,200,2,4,HopcroftKarpMatcher,-1,na,wall_clock_ms,0.088706
U3,200,2,4,HopcroftKarpMatcher,-1,na,matching_size,200
U3,3200,2,0,SimpleAugmentingMatcher,-1,na,wall_clock_ms,7057.73
U3,3200,2,0,SimpleAugmentingMatcher,-1,na,matching_size,3200
U3,3200,2,0,HopcroftKarpMatcher,0,na,paths_found_per_phase,3200
U3,3200,2,0,HopcroftKarpMatcher,0,na,bfs_edges_visited,1.024e+07
U3,3200,2,0,HopcroftKarpMatcher,0,na,dfs_edges_visited,5.1216e+06
U3,3200,2,0,HopcroftKarpMatcher,0,na,defect_at_iteration,0
U3,3200,2,0,HopcroftKarpMatcher,-1,na,phase_count,1
U3,3200,2,0,HopcroftKarpMatcher,-1,na,main_loop_iters,1
U3,3200,2,0,HopcroftKarpMatcher,-1,na,total_bfs_edges_visited,1.024e+07
U3,3200,2,0,HopcroftKarpMatcher,-1,na,total_edges_visited,1.53616e+07
U3,3200,2,0,HopcroftKarpMatcher,-1,na,matching_size,3200
U3,3200,2,0,HopcroftKarpMatcher,-1,na,wall_clock_ms,20.3679
U3,3200,2,0,HopcroftKarpMatcher,-1,na,matching_size,3200
U3,200,1,1,SimpleAugmentingMatcher,-1,na,wall_clock_ms,0.042291
U3,200,1,1,SimpleAugmentingMatcher,-1,na,matching_size,107
U3,200,1,1,HopcroftKarpMatcher,0,na,paths_found_per_phase,99
U3,200,1,1,HopcroftKarpMatcher,0,na,bfs_edges_visited,200
U3,200,1,1,HopcroftKarpMatcher,0,na,dfs_edges_visited,146
U3,200,1,1,HopcroftKarpMatcher,0,na,defect_at_iteration,101
U3,200,1,1,HopcroftKarpMatcher,1,na,paths_found_per_phase,8
U3,200,1,1,HopcroftKarpMatcher,1,na,bfs_edges_visited,74
U3,200,1,1,HopcroftKarpMatcher,1,na,dfs_edges_visited,71
U3,200,1,1,HopcroftKarpMatcher,1,na,defect_at_iteration,93
U3,200,1,1,HopcroftKarpMatcher,-1,na,phase_count,2
U3,200,1,1,HopcroftKarpMatcher,-1,na,main_loop_iters,2
U3,200,1,1,HopcroftKarpMatcher,-1,na,total_bfs_edges_visited,274
U3,200,1,1,HopcroftKarpMatcher,-1,na,total_edges_visited,491
U3,200,1,1,HopcroftKarpMatcher,-1,na,matching_size,107
U3,200,1,1,HopcroftKarpMatcher,-1,na,wall_clock_ms,0.158069
U3,200,1,1,HopcroftKarpMatcher,-1,na,matching_size,107
U3,400,1.75,5,SimpleAugmentingMatcher,-1,na,wall_clock_ms,29.4734
U3,400,1.75,5,SimpleAugmentingMatcher,-1,na,matching_size,400
U3,400,1.75,5,HopcroftKarpMatcher,0,na,paths_found_per_phase,397
U3,400,1.75,5,HopcroftKarpMatcher,0,na,bfs_edges_visited,35777
U3,400,1.75,5,HopcroftKarpMatcher,0,na,dfs_edges_visited,18000
U3,400,1.75,5,HopcroftKarpMatcher,0,na,defect_at_iteration,3
U3,400,1.75,5,HopcroftKarpMatcher,1,na,paths_found_per_phase,3
U3,400,1.75,5,HopcroftKarpMatcher,1,na,bfs_edges_visited,20161
U3,400,1.75,5,HopcroftKarpMatcher,1,na,dfs_edges_visited,1210
U3,400,1.75,5,HopcroftKarpMatcher,1,na,defect_at_iteration,0
U3,400,1.75,5,HopcroftKarpMatcher,-1,na,phase_count,2
U3,400,1.75,5,HopcroftKarpMatcher,-1,na,main_loop_iters,2
U3,400,1.75,5,HopcroftKarpMatcher,-1,na,total_bfs_edges_visited,55938
U3,400,1.75,5,HopcroftKarpMatcher,-1,na,total_edges_visited,75148
U3,400,1.75,5,HopcroftKarpMatcher,-1,na,matching_size,400
U3,400,1.75,5,HopcroftKarpMatcher,-1,na,wall_clock_ms,1.13018
U3,400,1.75,5,HopcroftKarpMatcher,-1,na,matching_size,400
U3,3200,1.75,13,SimpleAugmentingMatcher,-1,na,wall_clock_ms,12363.8
U3,3200,1.75,13,SimpleAugmentingMatcher,-1,na,matching_size,3200
U3,3200,1.75,13,HopcroftKarpMatcher,0,na,paths_found_per_phase,3194
U3,3200,1.75,13,HopcroftKarpMatcher,0,na,bfs_edges_visited,1.36148e+06
U3,3200,1.75,13,HopcroftKarpMatcher,0,na,dfs_edges_visited,680336
U3,3200,1.75,13,HopcroftKarpMatcher,0,na,defect_at_iteration,6
U3,3200,1.75,13,HopcroftKarpMatcher,1,na,paths_found_per_phase,6
U3,3200,1.75,13,HopcroftKarpMatcher,1,na,bfs_edges_visited,765729
U3,3200,1.75,13,HopcroftKarpMatcher,1,na,dfs_edges_visited,5657
U3,3200,1.75,13,HopcroftKarpMatcher,1,na,defect_at_iteration,0
U3,3200,1.75,13,HopcroftKarpMatcher,-1,na,phase_count,2
U3,3200,1.75,13,HopcroftKarpMatcher,-1,na,main_loop_iters,2
U3,3200,1.75,13,HopcroftKarpMatcher,-1,na,total_bfs_edges_visited,2.12721e+06
U3,3200,1.75,13,HopcroftKarpMatcher,-1,na,total_edges_visited,2.8132e+06
U3,3200,1.75,13,HopcroftKarpMatcher,-1,na,matching_size,3200
U3,3200,1.75,13,HopcroftKarpMatcher,-1,na,wall_clock_ms,49.0719
U3,3200,1.75,13,HopcroftKarpMatcher,-1,na,matching_size,3200
U3,800,1.5,13,SimpleAugmentingMatcher,-1,na,wall_clock_ms,74.2822
U3,800,1.5,13,SimpleAugmentingMatcher,-1,na,matching_size,800
U3,800,1.5,13,HopcroftKarpMatcher,0,na,paths_found_per_phase,775
U3,800,1.5,13,HopcroftKarpMatcher,0,na,bfs_edges_visited,22627
U3,800,1.5,13,HopcroftKarpMatcher,0,na,dfs_edges_visited,11277
U3,800,1.5,13,HopcroftKarpMatcher,0,na,defect_at_iteration,25
U3,800,1.5,13,HopcroftKarpMatcher,1,na,paths_found_per_phase,25
U3,800,1.5,13,HopcroftKarpMatcher,1,na,bfs_edges_visited,13397
U3,800,1.5,13,HopcroftKarpMatcher,1,na,dfs_edges_visited,4597
U3,800,1.5,13,HopcroftKarpMatcher,1,na,defect_at_iteration,0
U3,800,1.5,13,HopcroftKarpMatcher,-1,na,phase_count,2
U3,800,1.5,13,HopcroftKarpMatcher,-1,na,main_loop_iters,2
U3,800,1.5,13,HopcroftKarpMatcher,-1,na,total_bfs_edges_visited,36024
U3,800,1.5,13,HopcroftKarpMatcher,-1,na,total_edges_visited,51898
U3,800,1.5,13,HopcroftKarpMatcher,-1,na,matching_size,800
U3,800,1.5,13,HopcroftKarpMatcher,-1,na,wall_clock_ms,1.96302
U3,800,1.5,13,HopcroftKarpMatcher,-1,na,matching_size,800
U3,800,1.25,9,SimpleAugmentingMatcher,-1,na,wall_clock_ms,15.3045
U3,800,1.25,9,SimpleAugmentingMatcher,-1,na,matching_size,794
U3,800,1.25,9,HopcroftKarpMatcher,0,na,paths_found_per_phase,690
U3,800,1.25,9,HopcroftKarpMatcher,0,na,bfs_edges_visited,4254
U3,800,1.25,9,HopcroftKarpMatcher,0,na,dfs_edges_visited,2235
U3,800,1.25,9,HopcroftKarpMatcher,0,na,defect_at_iteration,110
U3,800,1.25,9,HopcroftKarpMatcher,1,na,paths_found_per_phase,85
U3,800,1.25,9,HopcroftKarpMatcher,1,na,bfs_edges_visited,2034
U3,800,1.25,9,HopcroftKarpMatcher,1,na,dfs_edges_visited,2129
U3,800,1.25,9,HopcroftKarpMatcher,1,na,defect_at_iteration,25
U3,800,1.25,9,HopcroftKarpMatcher,2,na,paths_found_per_phase,13
U3,800,1.25,9,HopcroftKarpMatcher,2,na,bfs_edges_visited,1232
U3,800,1.25,9,HopcroftKarpMatcher,2,na,dfs_edges_visited,1763
U3,800,1.25,9,HopcroftKarpMatcher,2,na,defect_at_iteration,12
U3,800,1.25,9,HopcroftKarpMatcher,3,na,paths_found_per_phase,4
U3,800,1.25,9,HopcroftKarpMatcher,3,na,bfs_edges_visited,2476
U3,800,1.25,9,HopcroftKarpMatcher,3,na,dfs_edges_visited,1886
U3,800,1.25,9,HopcroftKarpMatcher,3,na,defect_at_iteration,8
U3,800,1.25,9,HopcroftKarpMatcher,4,na,paths_found_per_phase,2
U3,800,1.25,9,HopcroftKarpMatcher,4,na,bfs_edges_visited,3052
U3,800,1.25,9,HopcroftKarpMatcher,4,na,dfs_edges_visited,359
U3,800,1.25,9,HopcroftKarpMatcher,4,na,defect_at_iteration,6
U3,800,1.25,9,HopcroftKarpMatcher,-1,na,phase_count,5
U3,800,1.25,9,HopcroftKarpMatcher,-1,na,main_loop_iters,5
U3,800,1.25,9,HopcroftKarpMatcher,-1,na,total_bfs_edges_visited,13048
U3,800,1.25,9,HopcroftKarpMatcher,-1,na,total_edges_visited,21420
U3,800,1.25,9,HopcroftKarpMatcher,-1,na,matching_size,794
U3,800,1.25,9,HopcroftKarpMatcher,-1,na,wall_clock_ms,3.47132
U3,800,1.25,9,HopcroftKarpMatcher,-1,na,matching_size,794
U3,6400,1.75,1,SimpleAugmentingMatcher,-1,na,wall_clock_ms,88940.8
U3,6400,1.75,1,SimpleAugmentingMatcher,-1,na,matching_size,6400
U3,6400,1.75,1,HopcroftKarpMatcher,0,na,paths_found_per_phase,6393
U3,6400,1.75,1,HopcroftKarpMatcher,0,na,bfs_edges_visited,4.57947e+06
U3,6400,1.75,1,HopcroftKarpMatcher,0,na,dfs_edges_visited,2.29104e+06
U3,6400,1.75,1,HopcroftKarpMatcher,0,na,defect_at_iteration,7
U3,6400,1.75,1,HopcroftKarpMatcher,1,na,paths_found_per_phase,7
U3,6400,1.75,1,HopcroftKarpMatcher,1,na,bfs_edges_visited,2.60567e+06
U3,6400,1.75,1,HopcroftKarpMatcher,1,na,dfs_edges_visited,23038
U3,6400,1.75,1,HopcroftKarpMatcher,1,na,defect_at_iteration,0
U3,6400,1.75,1,HopcroftKarpMatcher,-1,na,phase_count,2
U3,6400,1.75,1,HopcroftKarpMatcher,-1,na,main_loop_iters,2
U3,6400,1.75,1,HopcroftKarpMatcher,-1,na,total_bfs_edges_visited,7.18514e+06
U3,6400,1.75,1,HopcroftKarpMatcher,-1,na,total_edges_visited,9.49921e+06
U3,6400,1.75,1,HopcroftKarpMatcher,-1,na,matching_size,6400
U3,6400,1.75,1,HopcroftKarpMatcher,-1,na,wall_clock_ms,177.376
U3,6400,1.75,1,HopcroftKarpMatcher,-1,na,matching_size,6400
U3,200,1.75,0,SimpleAugmentingMatcher,-1,na,wall_clock_ms,5.35162
U3,200,1.75,0,SimpleAugmentingMatcher,-1,na,matching_size,200
U3,200,1.75,0,HopcroftKarpMatcher,0,na,paths_found_per_phase,196
U3,200,1.75,0,HopcroftKarpMatcher,0,na,bfs_edges_visited,10636
U3,200,1.75,0,HopcroftKarpMatcher,0,na,dfs_edges_visited,5345
U3,200,1.75,0,HopcroftKarpMatcher,0,na,defect_at_iteration,4
U3,200,1.75,0,HopcroftKarpMatcher,1,na,paths_found_per_phase,4
U3,200,1.75,0,HopcroftKarpMatcher,1,na,bfs_edges_visited,7986
U3,200,1.75,0,HopcroftKarpMatcher,1,na,dfs_edges_visited,445
U3,200,1.75,0,HopcroftKarpMatcher,1,na,defect_at_iteration,0
U3,200,1.75,0,HopcroftKarpMatcher,-1,na,phase_count,2
U3,200,1.75,0,HopcroftKarpMatcher,-1,na,main_loop_iters,2
U3,200,1.75,0,HopcroftKarpMatcher,-1,na,total_bfs_edges_visited,18622
U3,200,1.75,0,HopcroftKarpMatcher,-1,na,total_edges_visited,24412
U3,200,1.75,0,HopcroftKarpMatcher,-1,na,matching_size,200
U3,200,1.75,0,HopcroftKarpMatcher,-1,na,wall_clock_ms,0.496789
U3,200,1.75,0,HopcroftKarpMatcher,-1,na,matching_size,200
U3,1600,1.75,16,SimpleAugmentingMatcher,-1,na,wall_clock_ms,1687.21
U3,1600,1.75,16,SimpleAugmentingMatcher,-1,na,matching_size,1600
U3,1600,1.75,16,HopcroftKarpMatcher,0,na,paths_found_per_phase,1597
U3,1600,1.75,16,HopcroftKarpMatcher,0,na,bfs_edges_visited,404771
U3,1600,1.75,16,HopcroftKarpMatcher,0,na,dfs_edges_visited,202103
U3,1600,1.75,16,HopcroftKarpMatcher,0,na,defect_at_iteration,3
U3,1600,1.75,16,HopcroftKarpMatcher,1,na,paths_found_per_phase,3
U3,1600,1.75,16,HopcroftKarpMatcher,1,na,bfs_edges_visited,155282
U3,1600,1.75,16,HopcroftKarpMatcher,1,na,dfs_edges_visited,3143
U3,1600,1.75,16,HopcroftKarpMatcher,1,na,defect_at_iteration,0
U3,1600,1.75,16,HopcroftKarpMatcher,-1,na,phase_count,2
U3,1600,1.75,16,HopcroftKarpMatcher,-1,na,main_loop_iters,2
U3,1600,1.75,16,HopcroftKarpMatcher,-1,na,total_bfs_edges_visited,560053
U3,1600,1.75,16,HopcroftKarpMatcher,-1,na,total_edges_visited,765299
U3,1600,1.75,16,HopcroftKarpMatcher,-1,na,matching_size,1600
U3,1600,1.75,16,HopcroftKarpMatcher,-1,na,wall_clock_ms,12.4791
U3,1600,1.75,16,HopcroftKarpMatcher,-1,na,matching_size,1600
U3,1600,1,5,SimpleAugmentingMatcher,-1,na,wall_clock_ms,2.45308
U3,1600,1,5,SimpleAugmentingMatcher,-1,na,matching_size,874
U3,1600,1,5,HopcroftKarpMatcher,0,na,paths_found_per_phase,819
U3,1600,1,5,HopcroftKarpMatcher,0,na,bfs_edges_visited,1600
U3,1600,1,5,HopcroftKarpMatcher,0,na,dfs_edges_visited,1185
U3,1600,1,5,HopcroftKarpMatcher,0,na,defect_at_iteration,781
U3,1600,1,5,HopcroftKarpMatcher,1,na,paths_found_per_phase,52
U3,1600,1,5,HopcroftKarpMatcher,1,na,bfs_edges_visited,582
U3,1600,1,5,HopcroftKarpMatcher,1,na,dfs_edges_visited,611
U3,1600,1,5,HopcroftKarpMatcher,1,na,defect_at_iteration,729
U3,1600,1,5,HopcroftKarpMatcher,2,na,paths_found_per_phase,3
U3,1600,1,5,HopcroftKarpMatcher,2,na,bfs_edges_visited,430
U3,1600,1,5,HopcroftKarpMatcher,2,na,dfs_edges_visited,438
U3,1600,1,5,HopcroftKarpMatcher,2,na,defect_at_iteration,726
U3,1600,1,5,HopcroftKarpMatcher,-1,na,phase_count,3
U3,1600,1,5,HopcroftKarpMatcher,-1,na,main_loop_iters,3
U3,1600,1,5,HopcroftKarpMatcher,-1,na,total_bfs_edges_visited,2612
U3,1600,1,5,HopcroftKarpMatcher,-1,na,total_edges_visited,4846
U3,1600,1,5,HopcroftKarpMatcher,-1,na,matching_size,874
U3,1600,1,5,HopcroftKarpMatcher,-1,na,wall_clock_ms,11.6335
U3,1600,1,5,HopcroftKarpMatcher,-1,na,matching_size,874
U3,200,1,15,SimpleAugmentingMatcher,-1,na,wall_clock_ms,0.043521
U3,200,1,15,SimpleAugmentingMatcher,-1,na,matching_size,108
U3,200,1,15,HopcroftKarpMatcher,0,na,paths_found_per_phase,104
U3,200,1,15,HopcroftKarpMatcher,0,na,bfs_edges_visited,200
U3,200,1,15,HopcroftKarpMatcher,0,na,dfs_edges_visited,146
U3,200,1,15,HopcroftKarpMatcher,0,na,defect_at_iteration,96
U3,200,1,15,HopcroftKarpMatcher,1,na,paths_found_per_phase,4
U3,200,1,15,HopcroftKarpMatcher,1,na,bfs_edges_visited,63
U3,200,1,15,HopcroftKarpMatcher,1,na,dfs_edges_visited,69
U3,200,1,15,HopcroftKarpMatcher,1,na,defect_at_iteration,92
U3,200,1,15,HopcroftKarpMatcher,-1,na,phase_count,2
U3,200,1,15,HopcroftKarpMatcher,-1,na,main_loop_iters,2
U3,200,1,15,HopcroftKarpMatcher,-1,na,total_bfs_edges_visited,263
U3,200,1,15,HopcroftKarpMatcher,-1,na,total_edges_visited,478
U3,200,1,15,HopcroftKarpMatcher,-1,na,matching_size,108
U3,200,1,15,HopcroftKarpMatcher,-1,na,wall_clock_ms,0.15469
U3,200,1,15,HopcroftKarpMatcher,-1,na,matching_size,108
U3,1600,2,18,SimpleAugmentingMatcher,-1,na,wall_clock_ms,887.157
U3,1600,2,18,SimpleAugmentingMatcher,-1,na,matching_size,1600
U3,1600,2,18,HopcroftKarpMatcher,0,na,paths_found_per_phase,1600
U3,1600,2,18,HopcroftKarpMatcher,0,na,bfs_edges_visited,2.56e+06
U3,1600,2,18,HopcroftKarpMatcher,0,na,dfs_edges_visited,1.2808e+06
U3,1600,2,18,HopcroftKarpMatcher,0,na,defect_at_iteration,0
U3,1600,2,18,HopcroftKarpMatcher,-1,na,phase_count,1
U3,1600,2,18,HopcroftKarpMatcher,-1,na,main_loop_iters,1
U3,1600,2,18,HopcroftKarpMatcher,-1,na,total_bfs_edges_visited,2.56e+06
U3,1600,2,18,HopcroftKarpMatcher,-1,na,total_edges_visited,3.8408e+06
U3,1600,2,18,HopcroftKarpMatcher,-1,na,matching_size,1600
U3,1600,2,18,HopcroftKarpMatcher,-1,na,wall_clock_ms,5.11676
U3,1600,2,18,HopcroftKarpMatcher,-1,na,matching_size,1600
U3,800,1.25,6,SimpleAugmentingMatcher,-1,na,wall_clock_ms,20.2204
U3,800,1.25,6,SimpleAugmentingMatcher,-1,na,matching_size,796
U3,800,1.25,6,HopcroftKarpMatcher,0,na,paths_found_per_phase,692
U3,800,1.25,6,HopcroftKarpMatcher,0,na,bfs_edges_visited,4254
U3,800,1.25,6,HopcroftKarpMatcher,0,na,dfs_edges_visited,2262
U3,800,1.25,6,HopcroftKarpMatcher,0,na,defect_at_iteration,108
U3,800,1.25,6,HopcroftKarpMatcher,1,na,paths_found_per_phase,86
U3,800,1.25,6,HopcroftKarpMatcher,1,na,bfs_edges_visited,2045
U3,800,1.25,6,HopcroftKarpMatcher,1,na,dfs_edges_visited,2440
U3,800,1.25,6,HopcroftKarpMatcher,1,na,defect_at_iteration,22
U3,800,1.25,6,HopcroftKarpMatcher,2,na,paths_found_per_phase,13
U3,800,1.25,6,HopcroftKarpMatcher,2,na,bfs_edges_visited,1427
U3,800,1.25,6,HopcroftKarpMatcher,2,na,dfs_edges_visited,2292
U3,800,1.25,6,HopcroftKarpMatcher,2,na,defect_at_iteration,9
U3,800,1.25,6,HopcroftKarpMatcher,3,na,paths_found_per_phase,1
U3,800,1.25,6,HopcroftKarpMatcher,3,na,bfs_edges_visited,1382
U3,800,1.25,6,HopcroftKarpMatcher,3,na,dfs_edges_visited,2678
U3,800,1.25,6,HopcroftKarpMatcher,3,na,defect_at_iteration,8
U3,800,1.25,6,HopcroftKarpMatcher,4,na,paths_found_per_phase,3
U3,800,1.25,6,HopcroftKarpMatcher,4,na,bfs_edges_visited,3909
U3,800,1.25,6,HopcroftKarpMatcher,4,na,dfs_edges_visited,3333
U3,800,1.25,6,HopcroftKarpMatcher,4,na,defect_at_iteration,5
U3,800,1.25,6,HopcroftKarpMatcher,5,na,paths_found_per_phase,1
U3,800,1.25,6,HopcroftKarpMatcher,5,na,bfs_edges_visited,4058
U3,800,1.25,6,HopcroftKarpMatcher,5,na,dfs_edges_visited,3028
U3,800,1.25,6,HopcroftKarpMatcher,5,na,defect_at_iteration,4
U3,800,1.25,6,HopcroftKarpMatcher,-1,na,phase_count,6
U3,800,1.25,6,HopcroftKarpMatcher,-1,na,main_loop_iters,6
U3,800,1.25,6,HopcroftKarpMatcher,-1,na,total_bfs_edges_visited,17075
U3,800,1.25,6,HopcroftKarpMatcher,-1,na,total_edges_visited,33108
U3,800,1.25,6,HopcroftKarpMatcher,-1,na,matching_size,796
U3,800,1.25,6,HopcroftKarpMatcher,-1,na,wall_clock_ms,5.95268
U3,800,1.25,6,HopcroftKarpMatcher,-1,na,matching_size,796
U3,200,1.75,13,SimpleAugmentingMatcher,-1,na,wall_clock_ms,3.4578
U3,200,1.75,13,SimpleAugmentingMatcher,-1,na,matching_size,200
U3,200,1.75,13,HopcroftKarpMatcher,0,na,paths_found_per_phase,198
U3,200,1.75,13,HopcroftKarpMatcher,0,na,bfs_edges_visited,10636
U3,200,1.75,13,HopcroftKarpMatcher,0,na,dfs_edges_visited,5300
U3,200,1.75,13,HopcroftKarpMatcher,0,na,defect_at_iteration,2
U3,200,1.75,13,HopcroftKarpMatcher,1,na,paths_found_per_phase,2
U3,200,1.75,13,HopcroftKarpMatcher,1,na,bfs_edges_visited,5369
U3,200,1.75,13,HopcroftKarpMatcher,1,na,dfs_edges_visited,215
U3,200,1.75,13,HopcroftKarpMatcher,1,na,defect_at_iteration,0
U3,200,1.75,13,HopcroftKarpMatcher,-1,na,phase_count,2
U3,200,1.75,13,HopcroftKarpMatcher,-1,na,main_loop_iters,2
U3,200,1.75,13,HopcroftKarpMatcher,-1,na,total_bfs_edges_visited,16005
U3,200,1.75,13,HopcroftKarpMatcher,-1,na,total_edges_visited,21520
U3,200,1.75,13,HopcroftKarpMatcher,-1,na,matching_size,200
U3,200,1.75,13,HopcroftKarpMatcher,-1,na,wall_clock_ms,0.3203
U3,200,1.75,13,HopcroftKarpMatcher,-1,na,matching_size,200
U3,200,2,5,SimpleAugmentingMatcher,-1,na,wall_clock_ms,1.87524
U3,200,2,5,SimpleAugmentingMatcher,-1,na,matching_size,200
U3,200,2,5,HopcroftKarpMatcher,0,na,paths_found_per_phase,200
U3,200,2,5,HopcroftKarpMatcher,0,na,bfs_edges_visited,40000
U3,200,2,5,HopcroftKarpMatcher,0,na,dfs_edges_visited,20100
U3,200,2,5,HopcroftKarpMatcher,0,na,defect_at_iteration,0
U3,200,2,5,HopcroftKarpMatcher,-1,na,phase_count,1
U3,200,2,5,HopcroftKarpMatcher,-1,na,main_loop_iters,1
U3,200,2,5,HopcroftKarpMatcher,-1,na,total_bfs_edges_visited,40000
U3,200,2,5,HopcroftKarpMatcher,-1,na,total_edges_visited,60100
U3,200,2,5,HopcroftKarpMatcher,-1,na,matching_size,200
U3,200,2,5,HopcroftKarpMatcher,-1,na,wall_clock_ms,0.088879
U3,200,2,5,HopcroftKarpMatcher,-1,na,matching_size,200
U3,200,1.5,15,SimpleAugmentingMatcher,-1,na,wall_clock_ms,1.33284
U3,200,1.5,15,SimpleAugmentingMatcher,-1,na,matching_size,200
U3,200,1.5,15,HopcroftKarpMatcher,0,na,paths_found_per_phase,190
U3,200,1.5,15,HopcroftKarpMatcher,0,na,bfs_edges_visited,2828
U3,200,1.5,15,HopcroftKarpMatcher,0,na,dfs_edges_visited,1458
U3,200,1.5,15,HopcroftKarpMatcher,0,na,defect_at_iteration,10
U3,200,1.5,15,HopcroftKarpMatcher,1,na,paths_found_per_phase,10
U3,200,1.5,15,HopcroftKarpMatcher,1,na,bfs_edges_visited,1528
U3,200,1.5,15,HopcroftKarpMatcher,1,na,dfs_edges_visited,878
U3,200,1.5,15,HopcroftKarpMatcher,1,na,defect_at_iteration,0
U3,200,1.5,15,HopcroftKarpMatcher,-1,na,phase_count,2
U3,200,1.5,15,HopcroftKarpMatcher,-1,na,main_loop_iters,2
U3,200,1.5,15,HopcroftKarpMatcher,-1,na,total_bfs_edges_visited,4356
U3,200,1.5,15,HopcroftKarpMatcher,-1,na,total_edges_visited,6692
U3,200,1.5,15,HopcroftKarpMatcher,-1,na,matching_size,200
U3,200,1.5,15,HopcroftKarpMatcher,-1,na,wall_clock_ms,0.174046
U3,200,1.5,15,HopcroftKarpMatcher,-1,na,matching_size,200
U3,6400,1.25,3,SimpleAugmentingMatcher,-1,na,wall_clock_ms,7929.62
U3,6400,1.25,3,SimpleAugmentingMatcher,-1,na,matching_size,6398
U3,6400,1.25,3,HopcroftKarpMatcher,0,na,paths_found_per_phase,5916
U3,6400,1.25,3,HopcroftKarpMatcher,0,na,bfs_edges_visited,57243
U3,6400,1.25,3,HopcroftKarpMatcher,0,na,dfs_edges_visited,29367
U3,6400,1.25,3,HopcroftKarpMatcher,0,na,defect_at_iteration,484
U3,6400,1.25,3,HopcroftKarpMatcher,1,na,paths_found_per_phase,457
U3,6400,1.25,3,HopcroftKarpMatcher,1,na,bfs_edges_visited,28859
U3,6400,1.25,3,HopcroftKarpMatcher,1,na,dfs_edges_visited,24758
U3,6400,1.25,3,HopcroftKarpMatcher,1,na,defect_at_iteration,27
U3,6400,1.25,3,HopcroftKarpMatcher,2,na,paths_found_per_phase,24
U3,6400,1.25,3,HopcroftKarpMatcher,2,na,bfs_edges_visited,12329
U3,6400,1.25,3,HopcroftKarpMatcher,2,na,dfs_edges_visited,15455
U3,6400,1.25,3,HopcroftKarpMatcher,2,na,defect_at_iteration,3
U3,6400,1.25,3,HopcroftKarpMatcher,3,na,paths_found_per_phase,1
U3,6400,1.25,3,HopcroftKarpMatcher,3,na,bfs_edges_visited,51163
U3,6400,1.25,3,HopcroftKarpMatcher,3,na,dfs_edges_visited,10279
U3,6400,1.25,3,HopcroftKarpMatcher,3,na,defect_at_iteration,2
U3,6400,1.25,3,HopcroftKarpMatcher,-1,na,phase_count,4
U3,6400,1.25,3,HopcroftKarpMatcher,-1,na,main_loop_iters,4
U3,6400,1.25,3,HopcroftKarpMatcher,-1,na,total_bfs_edges_visited,149594
U3,6400,1.25,3,HopcroftKarpMatcher,-1,na,total_edges_visited,229453
U3,6400,1.25,3,HopcroftKarpMatcher,-1,na,matching_size,6398
U3,6400,1.25,3,HopcroftKarpMatcher,-1,na,wall_clock_ms,160.784
U3,6400,1.25,3,HopcroftKarpMatcher,-1,na,matching_size,6398
U3,6400,1.25,15,SimpleAugmentingMatcher,-1,na,wall_clock_ms,8062.14
U3,6400,1.25,15,SimpleAugmentingMatcher,-1,na,matching_size,6399
U3,6400,1.25,15,HopcroftKarpMatcher,0,na,paths_found_per_phase,5898
U3,6400,1.25,15,HopcroftKarpMatcher,0,na,bfs_edges_visited,57243
U3,6400,1.25,15,HopcroftKarpMatcher,0,na,dfs_edges_visited,29093
U3,6400,1.25,15,HopcroftKarpMatcher,0,na,defect_at_iteration,502
U3,6400,1.25,15,HopcroftKarpMatcher,1,na,paths_found_per_phase,474
U3,6400,1.25,15,HopcroftKarpMatcher,1,na,bfs_edges_visited,28115
U3,6400,1.25,15,HopcroftKarpMatcher,1,na,dfs_edges_visited,27212
U3,6400,1.25,15,HopcroftKarpMatcher,1,na,defect_at_iteration,28
U3,6400,1.25,15,HopcroftKarpMatcher,2,na,paths_found_per_phase,25
U3,6400,1.25,15,HopcroftKarpMatcher,2,na,bfs_edges_visited,10989
U3,6400,1.25,15,HopcroftKarpMatcher,2,na,dfs_edges_visited,22060
U3,6400,1.25,15,HopcroftKarpMatcher,2,na,defect_at_iteration,3
U3,6400,1.25,15,HopcroftKarpMatcher,3,na,paths_found_per_phase,1
U3,6400,1.25,15,HopcroftKarpMatcher,3,na,bfs_edges_visited,29546
U3,6400,1.25,15,HopcroftKarpMatcher,3,na,dfs_edges_visited,9426
U3,6400,1.25,15,HopcroftKarpMatcher,3,na,defect_at_iteration,2
U3,6400,1.25,15,HopcroftKarpMatcher,4,na,paths_found_per_phase,1
U3,6400,1.25,15,HopcroftKarpMatcher,4,na,bfs_edges_visited,41130
U3,6400,1.25,15,HopcroftKarpMatcher,4,na,dfs_edges_visited,54636
U3,6400,1.25,15,HopcroftKarpMatcher,4,na,defect_at_iteration,1
U3,6400,1.25,15,HopcroftKarpMatcher,-1,na,phase_count,5
U3,6400,1.25,15,HopcroftKarpMatcher,-1,na,main_loop_iters,5
U3,6400,1.25,15,HopcroftKarpMatcher,-1,na,total_bfs_edges_visited,167023
U3,6400,1.25,15,HopcroftKarpMatcher,-1,na,total_edges_visited,309450
U3,6400,1.25,15,HopcroftKarpMatcher,-1,na,matching_size,6399
U3,6400,1.25,15,HopcroftKarpMatcher,-1,na,wall_clock_ms,217.755
U3,6400,1.25,15,HopcroftKarpMatcher,-1,na,matching_size,6399
U3,1600,1.75,19,SimpleAugmentingMatcher,-1,na,wall_clock_ms,1685.52
U3,1600,1.75,19,SimpleAugmentingMatcher,-1,na,matching_size,1600
U3,1600,1.75,19,HopcroftKarpMatcher,0,na,paths_found_per_phase,1595
U3,1600,1.75,19,HopcroftKarpMatcher,0,na,bfs_edges_visited,404771
U3,1600,1.75,19,HopcroftKarpMatcher,0,na,dfs_edges_visited,202266
U3,1600,1.75,19,HopcroftKarpMatcher,0,na,defect_at_iteration,5
U3,1600,1.75,19,HopcroftKarpMatcher,1,na,paths_found_per_phase,5
U3,1600,1.75,19,HopcroftKarpMatcher,1,na,bfs_edges_visited,232683
U3,1600,1.75,19,HopcroftKarpMatcher,1,na,dfs_edges_visited,7184
U3,1600,1.75,19,HopcroftKarpMatcher,1,na,defect_at_iteration,0
U3,1600,1.75,19,HopcroftKarpMatcher,-1,na,phase_count,2
U3,1600,1.75,19,HopcroftKarpMatcher,-1,na,main_loop_iters,2
U3,1600,1.75,19,HopcroftKarpMatcher,-1,na,total_bfs_edges_visited,637454
U3,1600,1.75,19,HopcroftKarpMatcher,-1,na,total_edges_visited,846904
U3,1600,1.75,19,HopcroftKarpMatcher,-1,na,matching_size,1600
U3,1600,1.75,19,HopcroftKarpMatcher,-1,na,wall_clock_ms,13.7585
U3,1600,1.75,19,HopcroftKarpMatcher,-1,na,matching_size,1600
U3,6400,1.75,15,SimpleAugmentingMatcher,-1,na,wall_clock_ms,89002.6
U3,6400,1.75,15,SimpleAugmentingMatcher,-1,na,matching_size,6400
U3,6400,1.75,15,HopcroftKarpMatcher,0,na,paths_found_per_phase,6392
U3,6400,1.75,15,HopcroftKarpMatcher,0,na,bfs_edges_visited,4.57947e+06
U3,6400,1.75,15,HopcroftKarpMatcher,0,na,dfs_edges_visited,2.29186e+06
U3,6400,1.75,15,HopcroftKarpMatcher,0,na,defect_at_iteration,8
U3,6400,1.75,15,HopcroftKarpMatcher,1,na,paths_found_per_phase,8
U3,6400,1.75,15,HopcroftKarpMatcher,1,na,bfs_edges_visited,2.8099e+06
U3,6400,1.75,15,HopcroftKarpMatcher,1,na,dfs_edges_visited,20807
U3,6400,1.75,15,HopcroftKarpMatcher,1,na,defect_at_iteration,0
U3,6400,1.75,15,HopcroftKarpMatcher,-1,na,phase_count,2
U3,6400,1.75,15,HopcroftKarpMatcher,-1,na,main_loop_iters,2
U3,6400,1.75,15,HopcroftKarpMatcher,-1,na,total_bfs_edges_visited,7.38937e+06
U3,6400,1.75,15,HopcroftKarpMatcher,-1,na,total_edges_visited,9.70203e+06
U3,6400,1.75,15,HopcroftKarpMatcher,-1,na,matching_size,6400
U3,6400,1.75,15,HopcroftKarpMatcher,-1,na,wall_clock_ms,181.033
U3,6400,1.75,15,HopcroftKarpMatcher,-1,na,matching_size,6400
U3,6400,1.75,13,SimpleAugmentingMatcher,-1,na,wall_clock_ms,90831.5
U3,6400,1.75,13,SimpleAugmentingMatcher,-1,na,matching_size,6400
U3,6400,1.75,13,HopcroftKarpMatcher,0,na,paths_found_per_phase,6392
U3,6400,1.75,13,HopcroftKarpMatcher,0,na,bfs_edges_visited,4.57947e+06
U3,6400,1.75,13,HopcroftKarpMatcher,0,na,dfs_edges_visited,2.28981e+06
U3,6400,1.75,13,HopcroftKarpMatcher,0,na,defect_at_iteration,8
U3,6400,1.75,13,HopcroftKarpMatcher,1,na,paths_found_per_phase,8
U3,6400,1.75,13,HopcroftKarpMatcher,1,na,bfs_edges_visited,2.7671e+06
U3,6400,1.75,13,HopcroftKarpMatcher,1,na,dfs_edges_visited,9505
U3,6400,1.75,13,HopcroftKarpMatcher,1,na,defect_at_iteration,0
U3,6400,1.75,13,HopcroftKarpMatcher,-1,na,phase_count,2
U3,6400,1.75,13,HopcroftKarpMatcher,-1,na,main_loop_iters,2
U3,6400,1.75,13,HopcroftKarpMatcher,-1,na,total_bfs_edges_visited,7.34656e+06
U3,6400,1.75,13,HopcroftKarpMatcher,-1,na,total_edges_visited,9.64588e+06
U3,6400,1.75,13,HopcroftKarpMatcher,-1,na,matching_size,6400
U3,6400,1.75,13,HopcroftKarpMatcher,-1,na,wall_clock_ms,180.839
U3,6400,1.75,13,HopcroftKarpMatcher,-1,na,matching_size,6400
