test_id,n,alpha,rep,algorithm,iteration,weight_regime,metric_name,metric_value
U4,500,1.2,8,SimpleAugmentingMatcher,-1,na,wall_clock_ms,3.2513
U4,500,1.2,8,SimpleAugmentingMatcher,-1,na,matching_size,478
U4,500,1.2,8,HopcroftKarpMatcher,0,na,paths_found_per_phase,406
U4,500,1.2,8,HopcroftKarpMatcher,0,na,bfs_edges_visited,1732
U4,500,1.2,8,HopcroftKarpMatcher,0,na,dfs_edges_visited,958
U4,500,1.2,8,HopcroftKarpMatcher,0,na,defect_at_iteration,94
U4,500,1.2,8,HopcroftKarpMatcher,1,na,paths_found_per_phase,50
U4,500,1.2,8,HopcroftKarpMatcher,1,na,bfs_edges_visited,659
U4,500,1.2,8,HopcroftKarpMatcher,1,na,dfs_edges_visited,719
U4,500,1.2,8,HopcroftKarpMatcher,1,na,defect_at_iteration,44
U4,500,1.2,8,HopcroftKarpMatcher,2,na,paths_found_per_phase,12
U4,500,1.2,8,HopcroftKarpMatcher,2,na,bfs_edges_visited,351
U4,500,1.2,8,HopcroftKarpMatcher,2,na,dfs_edges_visited,462
U4,500,1.2,8,HopcroftKarpMatcher,2,na,defect_at_iteration,32
U4,500,1.2,8,HopcroftKarpMatcher,3,na,paths_found_per_phase,6
U4,500,1.2,8,HopcroftKarpMatcher,3,na,bfs_edges_visited,495
U4,500,1.2,8,HopcroftKarpMatcher,3,na,dfs_edges_visited,455
U4,500,1.2,8,HopcroftKarpMatcher,3,na,defect_at_iteration,26
U4,500,1.2,8,HopcroftKarpMatcher,4,na,paths_found_per_phase,3
U4,500,1.2,8,HopcroftKarpMatcher,4,na,bfs_edges_visited,442
U4,500,1.2,8,HopcroftKarpMatcher,4,na,dfs_edges_visited,518
U4,500,1.2,8,HopcroftKarpMatcher,4,na,defect_at_iteration,23
U4,500,1.2,8,HopcroftKarpMatcher,5,na,paths_found_per_phase,1
U4,500,1.2,8,HopcroftKarpMatcher,5,na,bfs_edges_visited,932
U4,500,1.2,8,HopcroftKarpMatcher,5,na,dfs_edges_visited,294
U4,500,1.2,8,HopcroftKarpMatcher,5,na,defect_at_iteration,22
U4,500,1.2,8,HopcroftKarpMatcher,-1,na,phase_count,6
U4,500,1.2,8,HopcroftKarpMatcher,-1,na,main_loop_iters,6
U4,500,1.2,8,HopcroftKarpMatcher,-1,na,total_bfs_edges_visited,4611
U4,500,1.2,8,HopcroftKarpMatcher,-1,na,total_edges_visited,8017
U4,500,1.2,8,HopcroftKarpMatcher,-1,na,matching_size,478
U4,500,1.2,8,HopcroftKarpMatcher,-1,na,wall_clock_ms,1.41079
U4,500,1.2,8,HopcroftKarpMatcher,-1,na,matching_size,478
U4,2000,2,0,SimpleAugmentingMatcher,-1,na,wall_clock_ms,1729.21
U4,2000,2,0,SimpleAugmentingMatcher,-1,na,matching_size,2000
U4,2000,2,0,HopcroftKarpMatcher,0,na,paths_found_per_phase,2000
U4,2000,2,0,HopcroftKarpMatcher,0,na,bfs_edges_visited,4e+06
U4,2000,2,0,HopcroftKarpMatcher,0,na,dfs_edges_visited,2.001e+06
U4,2000,2,0,HopcroftKarpMatcher,0,na,defect_at_iteration,0
U4,2000,2,0,HopcroftKarpMatcher,-1,na,phase_count,1
U4,2000,2,0,HopcroftKarpMatcher,-1,na,main_loop_iters,1
U4,2000,2,0,HopcroftKarpMatcher,-1,na,total_bfs_edges_visited,4e+06
U4,2000,2,0,HopcroftKarpMatcher,-1,na,total_edges_visited,6.001e+06
U4,2000,2,0,HopcroftKarpMatcher,-1,na,matching_size,2000
U4,2000,2,0,HopcroftKarpMatcher,-1,na,wall_clock_ms,7.97433
U4,2000,2,0,HopcroftKarpMatcher,-1,na,matching_size,2000
U4,1000,1.6,3,SimpleAugmentingMatcher,-1,na,wall_clock_ms,224.076
U4,1000,1.6,3,SimpleAugmentingMatcher,-1,na,matching_size,1000
U4,1000,1.6,3,HopcroftKarpMatcher,0,na,paths_found_per_phase,989
U4,1000,1.6,3,HopcroftKarpMatcher,0,na,bfs_edges_visited,63095
U4,1000,1.6,3,HopcroftKarpMatcher,0,na,dfs_edges_visited,31596
U4,1000,1.6,3,HopcroftKarpMatcher,0,na,defect_at_iteration,11
U4,1000,1.6,3,HopcroftKarpMatcher,1,na,paths_found_per_phase,11
U4,1000,1.6,3,HopcroftKarpMatcher,1,na,bfs_edges_visited,33035
U4,1000,1.6,3,HopcroftKarpMatcher,1,na,dfs_edges_visited,2846
U4,1000,1.6,3,HopcroftKarpMatcher,1,na,defect_at_iteration,0
U4,1000,1.6,3,HopcroftKarpMatcher,-1,na,phase_count,2
U4,1000,1.6,3,HopcroftKarpMatcher,-1,na,main_loop_iters,2
U4,1000,1.6,3,HopcroftKarpMatcher,-1,na,total_bfs_edges_visited,96130
U4,1000,1.6,3,HopcroftKarpMatcher,-1,na,total_edges_visited,130572
U4,1000,1.6,3,HopcroftKarpMatcher,-1,na,matching_size,1000
U4,1000,1.6,3,HopcroftKarpMatcher,-1,na,wall_clock_ms,3.33863
U4,1000,1.6,3,HopcroftKarpMatcher,-1,na,matching_size,1000
U4,1000,1.9,9,SimpleAugmentingMatcher,-1,na,wall_clock_ms,881.265
U4,1000,1.9,9,SimpleAugmentingMatcher,-1,na,matching_size,1000
U4,1000,1.9,9,HopcroftKarpMatcher,0,na,paths_found_per_phase,999
U4,1000,1.9,9,HopcroftKarpMatcher,0,na,bfs_edges_visited,501187
U4,1000,1.9,9,HopcroftKarpMatcher,0,na,dfs_edges_visited,251015
U4,1000,1.9,9,HopcroftKarpMatcher,0,na,defect_at_iteration,1
U4,1000,1.9,9,HopcroftKarpMatcher,1,na,paths_found_per_phase,1
U4,1000,1.9,9,HopcroftKarpMatcher,1,na,bfs_edges_visited,240597
U4,1000,1.9,9,HopcroftKarpMatcher,1,na,dfs_edges_visited,533
U4,1000,1.9,9,HopcroftKarpMatcher,1,na,defect_at_iteration,0
U4,1000,1.9,9,HopcroftKarpMatcher,-1,na,phase_count,2
U4,1000,1.9,9,HopcroftKarpMatcher,-1,na,main_loop_iters,2
U4,1000,1.9,9,HopcroftKarpMatcher,-1,na,total_bfs_edges_visited,741784
U4,1000,1.9,9,HopcroftKarpMatcher,-1,na,total_edges_visited,993332
U4,1000,1.9,9,HopcroftKarpMatcher,-1,na,matching_size,1000
U4,1000,1.9,9,HopcroftKarpMatcher,-1,na,wall_clock_ms,10.8705
U4,1000,1.9,9,HopcroftKarpMatcher,-1,na,matching_size,1000
U4,500,1,2,SimpleAugmentingMatcher,-1,na,wall_clock_ms,0.233459
U4,500,1,2,SimpleAugmentingMatcher,-1,na,matching_size,278
U4,500,1,2,HopcroftKarpMatcher,0,na,paths_found_per_phase,263
U4,500,1,2,HopcroftKarpMatcher,0,na,bfs_edges_visited,500
U4,500,1,2,HopcroftKarpMatcher,0,na,dfs_edges_visited,353
U4,500,1,2,HopcroftKarpMatcher,0,na,defect_at_iteration,237
U4,500,1,2,HopcroftKarpMatcher,1,na,paths_found_per_phase,15
U4,500,1,2,HopcroftKarpMatcher,1,na,bfs_edges_visited,159
U4,500,1,2,HopcroftKarpMatcher,1,na,dfs_edges_visited,175
U4,500,1,2,HopcroftKarpMatcher,1,na,defect_at_iteration,222
U4,500,1,2,HopcroftKarpMatcher,-1,na,phase_count,2
U4,500,1,2,HopcroftKarpMatcher,-1,na,main_loop_iters,2
U4,500,1,2,HopcroftKarpMatcher,-1,na,total_bfs_edges_visited,659
U4,500,1,2,HopcroftKarpMatcher,-1,na,total_edges_visited,1187
U4,500,1,2,HopcroftKarpMatcher,-1,na,matching_size,278
U4,500,1,2,HopcroftKarpMatcher,-1,na,wall_clock_ms,0.87277
U4,500,1,2,HopcroftKarpMatcher,-1,na,matching_size,278
U4,2000,1,3,SimpleAugmentingMatcher,-1,na,wall_clock_ms,3.82208
U4,2000,1,3,SimpleAugmentingMatcher,-1,na,matching_size,1071
U4,2000,1,3,HopcroftKarpMatcher,0,na,paths_found_per_phase,993
U4,2000,1,3,HopcroftKarpMatcher,0,na,bfs_edges_visited,2000
U4,2000,1,3,HopcroftKarpMatcher,0,na,dfs_edges_visited,1424
U4,2000,1,3,HopcroftKarpMatcher,0,na,defect_at_iteration,1007
U4,2000,1,3,HopcroftKarpMatcher,1,na,paths_found_per_phase,74
U4,2000,1,3,HopcroftKarpMatcher,1,na,bfs_edges_visited,727
U4,2000,1,3,HopcroftKarpMatcher,1,na,dfs_edges_visited,751
U4,2000,1,3,HopcroftKarpMatcher,1,na,defect_at_iteration,933
U4,2000,1,3,HopcroftKarpMatcher,2,na,paths_found_per_phase,3
U4,2000,1,3,HopcroftKarpMatcher,2,na,bfs_edges_visited,489
U4,2000,1,3,HopcroftKarpMatcher,2,na,dfs_edges_visited,505
U4,2000,1,3,HopcroftKarpMatcher,2,na,defect_at_iteration,930
U4,2000,1,3,HopcroftKarpMatcher,3,na,paths_found_per_phase,1
U4,2000,1,3,HopcroftKarpMatcher,3,na,bfs_edges_visited,495
U4,2000,1,3,HopcroftKarpMatcher,3,na,dfs_edges_visited,495
U4,2000,1,3,HopcroftKarpMatcher,3,na,defect_at_iteration,929
U4,2000,1,3,HopcroftKarpMatcher,-1,na,phase_count,4
U4,2000,1,3,HopcroftKarpMatcher,-1,na,main_loop_iters,4
U4,2000,1,3,HopcroftKarpMatcher,-1,na,total_bfs_edges_visited,3711
U4,2000,1,3,HopcroftKarpMatcher,-1,na,total_edges_visited,6886
U4,2000,1,3,HopcroftKarpMatcher,-1,na,matching_size,1071
U4,2000,1,3,HopcroftKarpMatcher,-1,na,wall_clock_ms,22.7723
U4,2000,1,3,HopcroftKarpMatcher,-1,na,matching_size,1071
U4,1000,1.2,10,SimpleAugmentingMatcher,-1,na,wall_clock_ms,24.608
U4,1000,1.2,10,SimpleAugmentingMatcher,-1,na,matching_size,968
U4,1000,1.2,10,HopcroftKarpMatcher,0,na,paths_found_per_phase,826
U4,1000,1.2,10,HopcroftKarpMatcher,0,na,bfs_edges_visited,3981
U4,1000,1.2,10,HopcroftKarpMatcher,0,na,dfs_edges_visited,2150
U4,1000,1.2,10,HopcroftKarpMatcher,0,na,defect_at_iteration,174
U4,1000,1.2,10,HopcroftKarpMatcher,1,na,paths_found_per_phase,108
U4,1000,1.2,10,HopcroftKarpMatcher,1,na,bfs_edges_visited,1803
U4,1000,1.2,10,HopcroftKarpMatcher,1,na,dfs_edges_visited,1968
U4,1000,1.2,10,HopcroftKarpMatcher,1,na,defect_at_iteration,66
U4,1000,1.2,10,HopcroftKarpMatcher,2,na,paths_found_per_phase,21
U4,1000,1.2,10,HopcroftKarpMatcher,2,na,bfs_edges_visited,1004
U4,1000,1.2,10,HopcroftKarpMatcher,2,na,dfs_edges_visited,1270
U4,1000,1.2,10,HopcroftKarpMatcher,2,na,defect_at_iteration,45
U4,1000,1.2,10,HopcroftKarpMatcher,3,na,paths_found_per_phase,10
U4,1000,1.2,10,HopcroftKarpMatcher,3,na,bfs_edges_visited,1529
U4,1000,1.2,10,HopcroftKarpMatcher,3,na,dfs_edges_visited,1459
U4,1000,1.2,10,HopcroftKarpMatcher,3,na,defect_at_iteration,35
U4,1000,1.2,10,HopcroftKarpMatcher,4,na,paths_found_per_phase,2
U4,1000,1.2,10,HopcroftKarpMatcher,4,na,bfs_edges_visited,2153
U4,1000,1.2,10,HopcroftKarpMatcher,4,na,dfs_edges_visited,1006
U4,1000,1.2,10,HopcroftKarpMatcher,4,na,defect_at_iteration,33
U4,1000,1.2,10,HopcroftKarpMatcher,5,na,paths_found_per_phase,1
U4,1000,1.2,10,HopcroftKarpMatcher,5,na,bfs_edges_visited,1425
U4,1000,1.2,10,HopcroftKarpMatcher,5,na,dfs_edges_visited,408
U4,1000,1.2,10,HopcroftKarpMatcher,5,na,defect_at_iteration,32
U4,1000,1.2,10,HopcroftKarpMatcher,-1,na,phase_count,6
U4,1000,1.2,10,HopcroftKarpMatcher,-1,na,main_loop_iters,6
U4,1000,1.2,10,HopcroftKarpMatcher,-1,na,total_bfs_edges_visited,11895
U4,1000,1.2,10,HopcroftKarpMatcher,-1,na,total_edges_visited,20156
U4,1000,1.2,10,HopcroftKarpMatcher,-1,na,matching_size,968
U4,1000,1.2,10,HopcroftKarpMatcher,-1,na,wall_clock_ms,5.91502
U4,1000,1.2,10,HopcroftKarpMatcher,-1,na,matching_size,968
U4,2000,1.5,1,SimpleAugmentingMatcher,-1,na,wall_clock_ms,1178.32
U4,2000,1.5,1,SimpleAugmentingMatcher,-1,na,matching_size,2000
U4,2000,1.5,1,HopcroftKarpMatcher,0,na,paths_found_per_phase,1966
U4,2000,1.5,1,HopcroftKarpMatcher,0,na,bfs_edges_visited,89442
U4,2000,1.5,1,HopcroftKarpMatcher,0,na,dfs_edges_visited,44917
U4,2000,1.5,1,HopcroftKarpMatcher,0,na,defect_at_iteration,34
U4,2000,1.5,1,HopcroftKarpMatcher,1,na,paths_found_per_phase,34
U4,2000,1.5,1,HopcroftKarpMatcher,1,na,bfs_edges_visited,48188
U4,2000,1.5,1,HopcroftKarpMatcher,1,na,dfs_edges_visited,8402
U4,2000,1.5,1,HopcroftKarpMatcher,1,na,defect_at_iteration,0
U4,2000,1.5,1,HopcroftKarpMatcher,-1,na,phase_count,2
U4,2000,1.5,1,HopcroftKarpMatcher,-1,na,main_loop_iters,2
U4,2000,1.5,1,HopcroftKarpMatcher,-1,na,total_bfs_edges_visited,137630
U4,2000,1.5,1,HopcroftKarpMatcher,-1,na,total_edges_visited,190949
U4,2000,1.5,1,HopcroftKarpMatcher,-1,na,matching_size,2000
U4,2000,1.5,1,HopcroftKarpMatcher,-1,na,wall_clock_ms,10.1894
U4,2000,1.5,1,HopcroftKarpMatcher,-1,na,matching_size,2000
U4,500,1.1,9,SimpleAugmentingMatcher,-1,na,wall_clock_ms,0.426881
U4,500,1.1,9,SimpleAugmentingMatcher,-1,na,matching_size,383
U4,500,1.1,9,HopcroftKarpMatcher,0,na,paths_found_per_phase,335
U4,500,1.1,9,HopcroftKarpMatcher,0,na,bfs_edges_visited,930
U4,500,1.1,9,HopcroftKarpMatcher,0,na,dfs_edges_visited,601
U4,500,1.1,9,HopcroftKarpMatcher,0,na,defect_at_iteration,165
U4,500,1.1,9,HopcroftKarpMatcher,1,na,paths_found_per_phase,43
U4,500,1.1,9,HopcroftKarpMatcher,1,na,bfs_edges_visited,372
U4,500,1.1,9,HopcroftKarpMatcher,1,na,dfs_edges_visited,402
U4,500,1.1,9,HopcroftKarpMatcher,1,na,defect_at_iteration,122
U4,500,1.1,9,HopcroftKarpMatcher,2,na,paths_found_per_phase,4
U4,500,1.1,9,HopcroftKarpMatcher,2,na,bfs_edges_visited,190
U4,500,1.1,9,HopcroftKarpMatcher,2,na,dfs_edges_visited,205
U4,500,1.1,9,HopcroftKarpMatcher,2,na,defect_at_iteration,118
U4,500,1.1,9,HopcroftKarpMatcher,3,na,paths_found_per_phase,1
U4,500,1.1,9,HopcroftKarpMatcher,3,na,bfs_edges_visited,163
U4,500,1.1,9,HopcroftKarpMatcher,3,na,dfs_edges_visited,176
U4,500,1.1,9,HopcroftKarpMatcher,3,na,defect_at_iteration,117
U4,500,1.1,9,HopcroftKarpMatcher,-1,na,phase_count,4
U4,500,1.1,9,HopcroftKarpMatcher,-1,na,main_loop_iters,4
U4,500,1.1,9,HopcroftKarpMatcher,-1,na,total_bfs_edges_visited,1655
U4,500,1.1,9,HopcroftKarpMatcher,-1,na,total_edges_visited,3039
U4,500,1.1,9,HopcroftKarpMatcher,-1,na,matching_size,383
U4,500,1.1,9,HopcroftKarpMatcher,-1,na,wall_clock_ms,1.18514
U4,500,1.1,9,HopcroftKarpMatcher,-1,na,matching_size,383
U4,500,1.2,10,SimpleAugmentingMatcher,-1,na,wall_clock_ms,5.50044
U4,500,1.2,10,SimpleAugmentingMatcher,-1,na,matching_size,484
U4,500,1.2,10,HopcroftKarpMatcher,0,na,paths_found_per_phase,401
U4,500,1.2,10,HopcroftKarpMatcher,0,na,bfs_edges_visited,1732
U4,500,1.2,10,HopcroftKarpMatcher,0,na,dfs_edges_visited,1002
U4,500,1.2,10,HopcroftKarpMatcher,0,na,defect_at_iteration,99
U4,500,1.2,10,HopcroftKarpMatcher,1,na,paths_found_per_phase,52
U4,500,1.2,10,HopcroftKarpMatcher,1,na,bfs_edges_visited,840
U4,500,1.2,10,HopcroftKarpMatcher,1,na,dfs_edges_visited,880
U4,500,1.2,10,HopcroftKarpMatcher,1,na,defect_at_iteration,47
U4,500,1.2,10,HopcroftKarpMatcher,2,na,paths_found_per_phase,13
U4,500,1.2,10,HopcroftKarpMatcher,2,na,bfs_edges_visited,634
U4,500,1.2,10,HopcroftKarpMatcher,2,na,dfs_edges_visited,811
U4,500,1.2,10,HopcroftKarpMatcher,2,na,defect_at_iteration,34
U4,500,1.2,10,HopcroftKarpMatcher,3,na,paths_found_per_phase,9
U4,500,1.2,10,HopcroftKarpMatcher,3,na,bfs_edges_visited,935
U4,500,1.2,10,HopcroftKarpMatcher,3,na,dfs_edges_visited,740
U4,500,1.2,10,HopcroftKarpMatcher,3,na,defect_at_iteration,25
U4,500,1.2,10,HopcroftKarpMatcher,4,na,paths_found_per_phase,2
U4,500,1.2,10,HopcroftKarpMatcher,4,na,bfs_edges_visited,779
U4,500,1.2,10,HopcroftKarpMatcher,4,na,dfs_edges_visited,829
U4,500,1.2,10,HopcroftKarpMatcher,4,na,defect_at_iteration,23
U4,500,1.2,10,HopcroftKarpMatcher,5,na,paths_found_per_phase,3
U4,500,1.2,10,HopcroftKarpMatcher,5,na,bfs_edges_visited,879
U4,500,1.2,10,HopcroftKarpMatcher,5,na,dfs_edges_visited,498
U4,500,1.2,10,HopcroftKarpMatcher,5,na,defect_at_iteration,20
U4,500,1.2,10,HopcroftKarpMatcher,6,na,paths_found_per_phase,2
U4,500,1.2,10,HopcroftKarpMatcher,6,na,bfs_edges_visited,1079
U4,500,1.2,10,HopcroftKarpMatcher,6,na,dfs_edges_visited,1047
U4,500,1.2,10,HopcroftKarpMatcher,6,na,defect_at_iteration,18
U4,500,1.2,10,HopcroftKarpMatcher,7,na,paths_found_per_phase,1
U4,500,1.2,10,HopcroftKarpMatcher,7,na,bfs_edges_visited,1209
U4,500,1.2,10,HopcroftKarpMatcher,7,na,dfs_edges_visited,1014
U4,500,1.2,10,HopcroftKarpMatcher,7,na,defect_at_iteration,17
U4,500,1.2,10,HopcroftKarpMatcher,8,na,paths_found_per_phase,1
U4,500,1.2,10,HopcroftKarpMatcher,8,na,bfs_edges_visited,1231
U4,500,1.2,10,HopcroftKarpMatcher,8,na,dfs_edges_visited,1175
U4,500,1.2,10,HopcroftKarpMatcher,8,na,defect_at_iteration,16
U4,500,1.2,10,HopcroftKarpMatcher,-1,na,phase_count,9
U4,500,1.2,10,HopcroftKarpMatcher,-1,na,main_loop_iters,9
U4,500,1.2,10,HopcroftKarpMatcher,-1,na,total_bfs_edges_visited,9318
U4,500,1.2,10,HopcroftKarpMatcher,-1,na,total_edges_visited,17314
U4,500,1.2,10,HopcroftKarpMatcher,-1,na,matching_size,484
U4,500,1.2,10,HopcroftKarpMatcher,-1,na,wall_clock_ms,3.08778
U4,500,1.2,10,HopcroftKarpMatcher,-1,na,matching_size,484
U4,500,1.7,5,SimpleAugmentingMatcher,-1,na,wall_clock_ms,45.3831
U4,500,1.7,5,SimpleAugmentingMatcher,-1,na,matching_size,500
U4,500,1.7,5,HopcroftKarpMatcher,0,na,paths_found_per_phase,494
U4,500,1.7,5,HopcroftKarpMatcher,0,na,bfs_edges_visited,38747
U4,500,1.7,5,HopcroftKarpMatcher,0,na,dfs_edges_visited,19506
U4,500,1.7,5,HopcroftKarpMatcher,0,na,defect_at_iteration,6
U4,500,1.7,5,HopcroftKarpMatcher,1,na,paths_found_per_phase,6
U4,500,1.7,5,HopcroftKarpMatcher,1,na,bfs_edges_visited,26774
U4,500,1.7,5,HopcroftKarpMatcher,1,na,dfs_edges_visited,2463
U4,500,1.7,5,HopcroftKarpMatcher,1,na,defect_at_iteration,0
U4,500,1.7,5,HopcroftKarpMatcher,-1,na,phase_count,2
U4,500,1.7,5,HopcroftKarpMatcher,-1,na,main_loop_iters,2
U4,500,1.7,5,HopcroftKarpMatcher,-1,na,total_bfs_edges_visited,65521
U4,500,1.7,5,HopcroftKarpMatcher,-1,na,total_edges_visited,87490
U4,500,1.7,5,HopcroftKarpMatcher,-1,na,matching_size,500
U4,500,1.7,5,HopcroftKarpMatcher,-1,na,wall_clock_ms,1.46399
U4,500,1.7,5,HopcroftKarpMatcher,-1,na,matching_size,500
U4,1000,1,3,SimpleAugmentingMatcher,-1,na,wall_clock_ms,0.918578
U4,1000,1,3,SimpleAugmentingMatcher,-1,na,matching_size,551
U4,1000,1,3,HopcroftKarpMatcher,0,na,paths_found_per_phase,519
U4,1000,1,3,HopcroftKarpMatcher,0,na,bfs_edges_visited,1000
U4,1000,1,3,HopcroftKarpMatcher,0,na,dfs_edges_visited,731
U4,1000,1,3,HopcroftKarpMatcher,0,na,defect_at_iteration,481
U4,1000,1,3,HopcroftKarpMatcher,1,na,paths_found_per_phase,31
U4,1000,1,3,HopcroftKarpMatcher,1,na,bfs_edges_visited,339
U4,1000,1,3,HopcroftKarpMatcher,1,na,dfs_edges_visited,347
U4,1000,1,3,HopcroftKarpMatcher,1,na,defect_at_iteration,450
U4,1000,1,3,HopcroftKarpMatcher,2,na,paths_found_per_phase,1
U4,1000,1,3,HopcroftKarpMatcher,2,na,bfs_edges_visited,243
U4,1000,1,3,HopcroftKarpMatcher,2,na,dfs_edges_visited,242
U4,1000,1,3,HopcroftKarpMatcher,2,na,defect_at_iteration,449
U4,1000,1,3,HopcroftKarpMatcher,-1,na,phase_count,3
U4,1000,1,3,HopcroftKarpMatcher,-1,na,main_loop_iters,3
U4,1000,1,3,HopcroftKarpMatcher,-1,na,total_bfs_edges_visited,1582
U4,1000,1,3,HopcroftKarpMatcher,-1,na,total_edges_visited,2902
U4,1000,1,3,HopcroftKarpMatcher,-1,na,matching_size,551
U4,1000,1,3,HopcroftKarpMatcher,-1,na,wall_clock_ms,4.50522
U4,1000,1,3,HopcroftKarpMatcher,-1,na,matching_size,551
U4,2000,1.5,12,SimpleAugmentingMatcher,-1,na,wall_clock_ms,1178.28
U4,2000,1.5,12,SimpleAugmentingMatcher,-1,na,matching_size,2000
U4,2000,1.5,12,HopcroftKarpMatcher,0,na,paths_found_per_phase,1974
U4,2000,1.5,12,HopcroftKarpMatcher,0,na,bfs_edges_visited,89442
U4,2000,1.5,12,HopcroftKarpMatcher,0,na,dfs_edges_visited,44952
U4,2000,1.5,12,HopcroftKarpMatcher,0,na,defect_at_iteration,26
U4,2000,1.5,12,HopcroftKarpMatcher,1,na,paths_found_per_phase,26
U4,2000,1.5,12,HopcroftKarpMatcher,1,na,bfs_edges_visited,39590
U4,2000,1.5,12,HopcroftKarpMatcher,1,na,dfs_edges_visited,7296
U4,2000,1.5,12,HopcroftKarpMatcher,1,na,defect_at_iteration,0
U4,2000,1.5,12,HopcroftKarpMatcher,-1,na,phase_count,2
U4,2000,1.5,12,HopcroftKarpMatcher,-1,na,main_loop_iters,2
U4,2000,1.5,12,HopcroftKarpMatcher,-1,na,total_bfs_edges_visited,129032
U4,2000,1.5,12,HopcroftKarpMatcher,-1,na,total_edges_visited,181280
U4,2000,1.5,12,HopcroftKarpMatcher,-1,na,matching_size,2000
U4,2000,1.5,12,HopcroftKarpMatcher,-1,na,wall_clock_ms,9.6341
U4,2000,1.5,12,HopcroftKarpMatcher,-1,na,matching_size,2000
U4,1000,1.4,3,SimpleAugmentingMatcher,-1,na,wall_clock_ms,84.5831
U4,1000,1.4,3,SimpleAugmentingMatcher,-1,na,matching_size,1000
U4,1000,1.4,3,HopcroftKarpMatcher,0,na,paths_found_per_phase,957
U4,1000,1.4,3,HopcroftKarpMatcher,0,na,bfs_edges_visited,15848
U4,1000,1.4,3,HopcroftKarpMatcher,0,na,dfs_edges_visited,8086
U4,1000,1.4,3,HopcroftKarpMatcher,0,na,defect_at_iteration,43
U4,1000,1.4,3,HopcroftKarpMatcher,1,na,paths_found_per_phase,42
U4,1000,1.4,3,HopcroftKarpMatcher,1,na,bfs_edges_visited,7930
U4,1000,1.4,3,HopcroftKarpMatcher,1,na,dfs_edges_visited,4777
U4,1000,1.4,3,HopcroftKarpMatcher,1,na,defect_at_iteration,1
U4,1000,1.4,3,HopcroftKarpMatcher,2,na,paths_found_per_phase,1
U4,1000,1.4,3,HopcroftKarpMatcher,2,na,bfs_edges_visited,14409
U4,1000,1.4,3,HopcroftKarpMatcher,2,na,dfs_edges_visited,662
U4,1000,1.4,3,HopcroftKarpMatcher,2,na,defect_at_iteration,0
U4,1000,1.4,3,HopcroftKarpMatcher,-1,na,phase_count,3
U4,1000,1.4,3,HopcroftKarpMatcher,-1,na,main_loop_iters,3
U4,1000,1.4,3,HopcroftKarpMatcher,-1,na,total_bfs_edges_visited,38187
U4,1000,1.4,3,HopcroftKarpMatcher,-1,na,total_edges_visited,51712
U4,1000,1.4,3,HopcroftKarpMatcher,-1,na,matching_size,1000
U4,1000,1.4,3,HopcroftKarpMatcher,-1,na,wall_clock_ms,3.71659
U4,1000,1.4,3,HopcroftKarpMatcher,-1,na,matching_size,1000
U4,2000,1.5,7,SimpleAugmentingMatcher,-1,na,wall_clock_ms,1183
U4,2000,1.5,7,SimpleAugmentingMatcher,-1,na,matching_size,2000
U4,2000,1.5,7,HopcroftKarpMatcher,0,na,paths_found_per_phase,1973
U4,2000,1.5,7,HopcroftKarpMatcher,0,na,bfs_edges_visited,89442
U4,2000,1.5,7,HopcroftKarpMatcher,0,na,dfs_edges_visited,44916
U4,2000,1.5,7,HopcroftKarpMatcher,0,na,defect_at_iteration,27
U4,2000,1.5,7,HopcroftKarpMatcher,1,na,paths_found_per_phase,27
U4,2000,1.5,7,HopcroftKarpMatcher,1,na,bfs_edges_visited,40465
U4,2000,1.5,7,HopcroftKarpMatcher,1,na,dfs_edges_visited,14970
U4,2000,1.5,7,HopcroftKarpMatcher,1,na,defect_at_iteration,0
U4,2000,1.5,7,HopcroftKarpMatcher,-1,na,phase_count,2
U4,2000,1.5,7,HopcroftKarpMatcher,-1,na,main_loop_iters,2
U4,2000,1.5,7,HopcroftKarpMatcher,-1,na,total_bfs_edges_visited,129907
U4,2000,1.5,7,HopcroftKarpMatcher,-1,na,total_edges_visited,189793
U4,2000,1.5,7,HopcroftKarpMatcher,-1,na,matching_size,2000
U4,2000,1.5,7,HopcroftKarpMatcher,-1,na,wall_clock_ms,10.1106
U4,2000,1.5,7,HopcroftKarpMatcher,-1,na,matching_size,2000
U4,1000,1.9,6,SimpleAugmentingMatcher,-1,na,wall_clock_ms,866.881
U4,1000,1.9,6,SimpleAugmentingMatcher,-1,na,matching_size,1000
U4,1000,1.9,6,HopcroftKarpMatcher,0,na,paths_found_per_phase,1000
U4,1000,1.9,6,HopcroftKarpMatcher,0,na,bfs_edges_visited,501187
U4,1000,1.9,6,HopcroftKarpMatcher,0,na,dfs_edges_visited,250776
U4,1000,1.9,6,HopcroftKarpMatcher,0,na,defect_at_iteration,0
U4,1000,1.9,6,HopcroftKarpMatcher,-1,na,phase_count,1
U4,1000,1.9,6,HopcroftKarpMatcher,-1,na,main_loop_iters,1
U4,1000,1.9,6,HopcroftKarpMatcher,-1,na,total_bfs_edges_visited,501187
U4,1000,1.9,6,HopcroftKarpMatcher,-1,na,total_edges_visited,751963
U4,1000,1.9,6,HopcroftKarpMatcher,-1,na,matching_size,1000
U4,1000,1.9,6,HopcroftKarpMatcher,-1,na,wall_clock_ms,8.11165
U4,1000,1.9,6,HopcroftKarpMatcher,-1,na,matching_size,1000
U4,500,1.6,9,SimpleAugmentingMatcher,-1,na,wall_clock_ms,29.1625
U4,500,1.6,9,SimpleAugmentingMatcher,-1,na,matching_size,500
U4,500,1.6,9,HopcroftKarpMatcher,0,na,paths_found_per_phase,489
U4,500,1.6,9,HopcroftKarpMatcher,0,na,bfs_edges_visited,20813
U4,500,1.6,9,HopcroftKarpMatcher,0,na,dfs_edges_visited,10449
U4,500,1.6,9,HopcroftKarpMatcher,0,na,defect_at_iteration,11
U4,500,1.6,9,HopcroftKarpMatcher,1,na,paths_found_per_phase,11
U4,500,1.6,9,HopcroftKarpMatcher,1,na,bfs_edges_visited,13176
U4,500,1.6,9,HopcroftKarpMatcher,1,na,dfs_edges_visited,1322
U4,500,1.6,9,HopcroftKarpMatcher,1,na,defect_at_iteration,0
U4,500,1.6,9,HopcroftKarpMatcher,-1,na,phase_count,2
U4,500,1.6,9,HopcroftKarpMatcher,-1,na,main_loop_iters,2
U4,500,1.6,9,HopcroftKarpMatcher,-1,na,total_bfs_edges_visited,33989
U4,500,1.6,9,HopcroftKarpMatcher,-1,na,total_edges_visited,45760
U4,500,1.6,9,HopcroftKarpMatcher,-1,na,matching_size,500
U4,500,1.6,9,HopcroftKarpMatcher,-1,na,wall_clock_ms,1.01932
U4,500,1.6,9,HopcroftKarpMatcher,-1,na,matching_size,500
U4,500,2,8,SimpleAugmentingMatcher,-1,na,wall_clock_ms,27.859
U4,500,2,8,SimpleAugmentingMatcher,-1,na,matching_size,500
U4,500,2,8,HopcroftKarpMatcher,0,na,paths_found_per_phase,500
U4,500,2,8,HopcroftKarpMatcher,0,na,bfs_edges_visited,250000
U4,500,2,8,HopcroftKarpMatcher,0,na,dfs_edges_visited,125250
U4,500,2,8,HopcroftKarpMatcher,0,na,defect_at_iteration,0
U4,500,2,8,HopcroftKarpMatcher,-1,na,phase_count,1
U4,500,2,8,HopcroftKarpMatcher,-1,na,main_loop_iters,1
U4,500,2,8,HopcroftKarpMatcher,-1,na,total_bfs_edges_visited,250000
U4,500,2,8,HopcroftKarpMatcher,-1,na,total_edges_visited,375250
U4,500,2,8,HopcroftKarpMatcher,-1,na,matching_size,500
U4,500,2,8,HopcroftKarpMatcher,-1,na,wall_clock_ms,0.51
U4,500,2,8,HopcroftKarpMatcher,-1,na,matching_size,500
U4,2000,1.1,10,SimpleAugmentingMatcher,-1,na,wall_clock_ms,10.4496
U4,2000,1.1,10,SimpleAugmentingMatcher,-1,na,matching_size,1632
U4,2000,1.1,10,HopcroftKarpMatcher,0,na,paths_found_per_phase,1425
U4,2000,1.1,10,HopcroftKarpMatcher,0,na,bfs_edges_visited,4276
U4,2000,1.1,10,HopcroftKarpMatcher,0,na,dfs_edges_visited,2601
U4,2000,1.1,10,HopcroftKarpMatcher,0,na,defect_at_iteration,575
U4,2000,1.1,10,HopcroftKarpMatcher,1,na,paths_found_per_phase,171
U4,2000,1.1,10,HopcroftKarpMatcher,1,na,bfs_edges_visited,1729
U4,2000,1.1,10,HopcroftKarpMatcher,1,na,dfs_edges_visited,1686
U4,2000,1.1,10,HopcroftKarpMatcher,1,na,defect_at_iteration,404
U4,2000,1.1,10,HopcroftKarpMatcher,2,na,paths_found_per_phase,20
U4,2000,1.1,10,HopcroftKarpMatcher,2,na,bfs_edges_visited,879
U4,2000,1.1,10,HopcroftKarpMatcher,2,na,dfs_edges_visited,970
U4,2000,1.1,10,HopcroftKarpMatcher,2,na,defect_at_iteration,384
U4,2000,1.1,10,HopcroftKarpMatcher,3,na,paths_found_per_phase,12
U4,2000,1.1,10,HopcroftKarpMatcher,3,na,bfs_edges_visited,938
U4,2000,1.1,10,HopcroftKarpMatcher,3,na,dfs_edges_visited,925
U4,2000,1.1,10,HopcroftKarpMatcher,3,na,defect_at_iteration,372
U4,2000,1.1,10,HopcroftKarpMatcher,4,na,paths_found_per_phase,3
U4,2000,1.1,10,HopcroftKarpMatcher,4,na,bfs_edges_visited,801
U4,2000,1.1,10,HopcroftKarpMatcher,4,na,dfs_edges_visited,790
U4,2000,1.1,10,HopcroftKarpMatcher,4,na,defect_at_iteration,369
U4,2000,1.1,10,HopcroftKarpMatcher,5,na,paths_found_per_phase,1
U4,2000,1.1,10,HopcroftKarpMatcher,5,na,bfs_edges_visited,832
U4,2000,1.1,10,HopcroftKarpMatcher,5,na,dfs_edges_visited,741
U4,2000,1.1,10,HopcroftKarpMatcher,5,na,defect_at_iteration,368
U4,2000,1.1,10,HopcroftKarpMatcher,-1,na,phase_count,6
U4,2000,1.1,10,HopcroftKarpMatcher,-1,na,main_loop_iters,6
U4,2000,1.1,10,HopcroftKarpMatcher,-1,na,total_bfs_edges_visited,9455
U4,2000,1.1,10,HopcroftKarpMatcher,-1,na,total_edges_visited,17168
U4,2000,1.1,10,HopcroftKarpMatcher,-1,na,matching_size,1632
U4,2000,1.1,10,HopcroftKarpMatcher,-1,na,wall_clock_ms,22.6974
U4,2000,1.1,10,HopcroftKarpMatcher,-1,na,matching_size,1632
U4,1000,1.6,2,SimpleAugmentingMatcher,-1,na,wall_clock_ms,223.319
U4,1000,1.6,2,SimpleAugmentingMatcher,-1,na,matching_size,1000
U4,1000,1.6,2,HopcroftKarpMatcher,0,na,paths_found_per_phase,988
U4,1000,1.6,2,HopcroftKarpMatcher,0,na,bfs_edges_visited,63095
U4,1000,1.6,2,HopcroftKarpMatcher,0,na,dfs_edges_visited,31651
U4,1000,1.6,2,HopcroftKarpMatcher,0,na,defect_at_iteration,12
U4,1000,1.6,2,HopcroftKarpMatcher,1,na,paths_found_per_phase,12
U4,1000,1.6,2,HopcroftKarpMatcher,1,na,bfs_edges_visited,35187
U4,1000,1.6,2,HopcroftKarpMatcher,1,na,dfs_edges_visited,2865
U4,1000,1.6,2,HopcroftKarpMatcher,1,na,defect_at_iteration,0
U4,1000,1.6,2,HopcroftKarpMatcher,-1,na,phase_count,2
U4,1000,1.6,2,HopcroftKarpMatcher,-1,na,main_loop_iters,2
U4,1000,1.6,2,HopcroftKarpMatcher,-1,na,total_bfs_edges_visited,98282
U4,1000,1.6,2,HopcroftKarpMatcher,-1,na,total_edges_visited,132798
U4,1000,1.6,2,HopcroftKarpMatcher,-1,na,matching_size,1000
U4,1000,1.6,2,HopcroftKarpMatcher,-1,na,wall_clock_ms,3.37976
U4,1000,1.6,2,HopcroftKarpMatcher,-1,na,matching_size,1000
U4,2000,1.3,9,SimpleAugmentingMatcher,-1,na,wall_clock_ms,340.712
U4,2000,1.3,9,SimpleAugmentingMatcher,-1,na,matching_size,2000
U4,2000,1.3,9,HopcroftKarpMatcher,0,na,paths_found_per_phase,1856
U4,2000,1.3,9,HopcroftKarpMatcher,0,na,bfs_edges_visited,19558
U4,2000,1.3,9,HopcroftKarpMatcher,0,na,dfs_edges_visited,9860
U4,2000,1.3,9,HopcroftKarpMatcher,0,na,defect_at_iteration,144
U4,2000,1.3,9,HopcroftKarpMatcher,1,na,paths_found_per_phase,135
U4,2000,1.3,9,HopcroftKarpMatcher,1,na,bfs_edges_visited,9614
U4,2000,1.3,9,HopcroftKarpMatcher,1,na,dfs_edges_visited,8786
U4,2000,1.3,9,HopcroftKarpMatcher,1,na,defect_at_iteration,9
U4,2000,1.3,9,HopcroftKarpMatcher,2,na,paths_found_per_phase,7
U4,2000,1.3,9,HopcroftKarpMatcher,2,na,bfs_edges_visited,4945
U4,2000,1.3,9,HopcroftKarpMatcher,2,na,dfs_edges_visited,7255
U4,2000,1.3,9,HopcroftKarpMatcher,2,na,defect_at_iteration,2
U4,2000,1.3,9,HopcroftKarpMatcher,3,na,paths_found_per_phase,2
U4,2000,1.3,9,HopcroftKarpMatcher,3,na,bfs_edges_visited,6989
U4,2000,1.3,9,HopcroftKarpMatcher,3,na,dfs_edges_visited,2849
U4,2000,1.3,9,HopcroftKarpMatcher,3,na,defect_at_iteration,0
U4,2000,1.3,9,HopcroftKarpMatcher,-1,na,phase_count,4
U4,2000,1.3,9,HopcroftKarpMatcher,-1,na,main_loop_iters,4
U4,2000,1.3,9,HopcroftKarpMatcher,-1,na,total_bfs_edges_visited,41106
U4,2000,1.3,9,HopcroftKarpMatcher,-1,na,total_edges_visited,69856
U4,2000,1.3,9,HopcroftKarpMatcher,-1,na,matching_size,2000
U4,2000,1.3,9,HopcroftKarpMatcher,-1,na,wall_clock_ms,14.7378
U4,2000,1.3,9,HopcroftKarpMatcher,-1,na,matching_size,2000
U4,2000,1.6,8,SimpleAugmentingMatcher,-1,na,wall_clock_ms,1706.92
U4,2000,1.6,8,SimpleAugmentingMatcher,-1,na,matching_size,2000
U4,2000,1.6,8,HopcroftKarpMatcher,0,na,paths_found_per_phase,1990
U4,2000,1.6,8,HopcroftKarpMatcher,0,na,bfs_edges_visited,191270
U4,2000,1.6,8,HopcroftKarpMatcher,0,na,dfs_edges_visited,95309
U4,2000,1.6,8,HopcroftKarpMatcher,0,na,defect_at_iteration,10
U4,2000,1.6,8,HopcroftKarpMatcher,1,na,paths_found_per_phase,10
U4,2000,1.6,8,HopcroftKarpMatcher,1,na,bfs_edges_visited,74123
U4,2000,1.6,8,HopcroftKarpMatcher,1,na,dfs_edges_visited,4507
U4,2000,1.6,8,HopcroftKarpMatcher,1,na,defect_at_iteration,0
U4,2000,1.6,8,HopcroftKarpMatcher,-1,na,phase_count,2
U4,2000,1.6,8,HopcroftKarpMatcher,-1,na,main_loop_iters,2
U4,2000,1.6,8,HopcroftKarpMatcher,-1,na,total_bfs_edges_visited,265393
U4,2000,1.6,8,HopcroftKarpMatcher,-1,na,total_edges_visited,365209
U4,2000,1.6,8,HopcroftKarpMatcher,-1,na,matching_size,2000
U4,2000,1.6,8,HopcroftKarpMatcher,-1,na,wall_clock_ms,11.0567
U4,2000,1.6,8,HopcroftKarpMatcher,-1,na,matching_size,2000
U4,500,1.1,14,SimpleAugmentingMatcher,-1,na,wall_clock_ms,0.44693
U4,500,1.1,14,SimpleAugmentingMatcher,-1,na,matching_size,391
U4,500,1.1,14,HopcroftKarpMatcher,0,na,paths_found_per_phase,350
U4,500,1.1,14,HopcroftKarpMatcher,0,na,bfs_edges_visited,930
U4,500,1.1,14,HopcroftKarpMatcher,0,na,dfs_edges_visited,589
U4,500,1.1,14,HopcroftKarpMatcher,0,na,defect_at_iteration,150
U4,500,1.1,14,HopcroftKarpMatcher,1,na,paths_found_per_phase,34
U4,500,1.1,14,HopcroftKarpMatcher,1,na,bfs_edges_visited,363
U4,500,1.1,14,HopcroftKarpMatcher,1,na,dfs_edges_visited,424
U4,500,1.1,14,HopcroftKarpMatcher,1,na,defect_at_iteration,116
U4,500,1.1,14,HopcroftKarpMatcher,2,na,paths_found_per_phase,6
U4,500,1.1,14,HopcroftKarpMatcher,2,na,bfs_edges_visited,226
U4,500,1.1,14,HopcroftKarpMatcher,2,na,dfs_edges_visited,243
U4,500,1.1,14,HopcroftKarpMatcher,2,na,defect_at_iteration,110
U4,500,1.1,14,HopcroftKarpMatcher,3,na,paths_found_per_phase,1
U4,500,1.1,14,HopcroftKarpMatcher,3,na,bfs_edges_visited,212
U4,500,1.1,14,HopcroftKarpMatcher,3,na,dfs_edges_visited,216
U4,500,1.1,14,HopcroftKarpMatcher,3,na,defect_at_iteration,109
U4,500,1.1,14,HopcroftKarpMatcher,-1,na,phase_count,4
U4,500,1.1,14,HopcroftKarpMatcher,-1,na,main_loop_iters,4
U4,500,1.1,14,HopcroftKarpMatcher,-1,na,total_bfs_edges_visited,1731
U4,500,1.1,14,HopcroftKarpMatcher,-1,na,total_edges_visited,3203
U4,500,1.1,14,HopcroftKarpMatcher,-1,na,matching_size,391
U4,500,1.1,14,HopcroftKarpMatcher,-1,na,wall_clock_ms,1.18951
U4,500,1.1,14,HopcroftKarpMatcher,-1,na,matching_size,391
U4,1000,1.6,0,SimpleAugmentingMatcher,-1,na,wall_clock_ms,222.512
U4,1000,1.6,0,SimpleAugmentingMatcher,-1,na,matching_size,1000
U4,1000,1.6,0,HopcroftKarpMatcher,0,na,paths_found_per_phase,986
U4,1000,1.6,0,HopcroftKarpMatcher,0,na,bfs_edges_visited,63095
U4,1000,1.6,0,HopcroftKarpMatcher,0,na,dfs_edges_visited,31510
U4,1000,1.6,0,HopcroftKarpMatcher,0,na,defect_at_iteration,14
U4,1000,1.6,0,HopcroftKarpMatcher,1,na,paths_found_per_phase,14
U4,1000,1.6,0,HopcroftKarpMatcher,1,na,bfs_edges_visited,38559
U4,1000,1.6,0,HopcroftKarpMatcher,1,na,dfs_edges_visited,3136
U4,1000,1.6,0,HopcroftKarpMatcher,1,na,defect_at_iteration,0
U4,1000,1.6,0,HopcroftKarpMatcher,-1,na,phase_count,2
U4,1000,1.6,0,HopcroftKarpMatcher,-1,na,main_loop_iters,2
U4,1000,1.6,0,HopcroftKarpMatcher,-1,na,total_bfs_edges_visited,101654
U4,1000,1.6,0,HopcroftKarpMatcher,-1,na,total_edges_visited,136300
U4,1000,1.6,0,HopcroftKarpMatcher,-1,na,matching_size,1000
U4,1000,1.6,0,HopcroftKarpMatcher,-1,na,wall_clock_ms,3.47099
U4,1000,1.6,0,HopcroftKarpMatcher,-1,na,matching_size,1000
U4,500,1.9,8,SimpleAugmentingMatcher,-1,na,wall_clock_ms,100.265
U4,500,1.9,8,SimpleAugmentingMatcher,-1,na,matching_size,500
U4,500,1.9,8,HopcroftKarpMatcher,0,na,paths_found_per_phase,498
U4,500,1.9,8,HopcroftKarpMatcher,0,na,bfs_edges_visited,134289
U4,500,1.9,8,HopcroftKarpMatcher,0,na,dfs_edges_visited,67159
U4,500,1.9,8,HopcroftKarpMatcher,0,na,defect_at_iteration,2
U4,500,1.9,8,HopcroftKarpMatcher,1,na,paths_found_per_phase,2
U4,500,1.9,8,HopcroftKarpMatcher,1,na,bfs_edges_visited,109256
U4,500,1.9,8,HopcroftKarpMatcher,1,na,dfs_edges_visited,533
U4,500,1.9,8,HopcroftKarpMatcher,1,na,defect_at_iteration,0
U4,500,1.9,8,HopcroftKarpMatcher,-1,na,phase_count,2
U4,500,1.9,8,HopcroftKarpMatcher,-1,na,main_loop_iters,2
U4,500,1.9,8,HopcroftKarpMatcher,-1,na,total_bfs_edges_visited,243545
U4,500,1.9,8,HopcroftKarpMatcher,-1,na,total_edges_visited,311237
U4,500,1.9,8,HopcroftKarpMatcher,-1,na,matching_size,500
U4,500,1.9,8,HopcroftKarpMatcher,-1,na,wall_clock_ms,3.2214
U4,500,1.9,8,HopcroftKarpMatcher,-1,na,matching_size,500
U4,1000,1.4,12,SimpleAugmentingMatcher,-1,na,wall_clock_ms,85.6284
U4,1000,1.4,12,SimpleAugmentingMatcher,-1,na,matching_size,1000
U4,1000,1.4,12,HopcroftKarpMatcher,0,na,paths_found_per_phase,948
U4,1000,1.4,12,HopcroftKarpMatcher,0,na,bfs_edges_visited,15848
U4,1000,1.4,12,HopcroftKarpMatcher,0,na,dfs_edges_visited,8065
U4,1000,1.4,12,HopcroftKarpMatcher,0,na,defect_at_iteration,52
U4,1000,1.4,12,HopcroftKarpMatcher,1,na,paths_found_per_phase,51
U4,1000,1.4,12,HopcroftKarpMatcher,1,na,bfs_edges_visited,8560
U4,1000,1.4,12,HopcroftKarpMatcher,1,na,dfs_edges_visited,5073
U4,1000,1.4,12,HopcroftKarpMatcher,1,na,defect_at_iteration,1
U4,1000,1.4,12,HopcroftKarpMatcher,2,na,paths_found_per_phase,1
U4,1000,1.4,12,HopcroftKarpMatcher,2,na,bfs_edges_visited,3620
U4,1000,1.4,12,HopcroftKarpMatcher,2,na,dfs_edges_visited,534
U4,1000,1.4,12,HopcroftKarpMatcher,2,na,defect_at_iteration,0
U4,1000,1.4,12,HopcroftKarpMatcher,-1,na,phase_count,3
U4,1000,1.4,12,HopcroftKarpMatcher,-1,na,main_loop_iters,3
U4,1000,1.4,12,HopcroftKarpMatcher,-1,na,total_bfs_edges_visited,28028
U4,1000,1.4,12,HopcroftKarpMatcher,-1,na,total_edges_visited,41700
U4,1000,1.4,12,HopcroftKarpMatcher,-1,na,matching_size,1000
U4,1000,1.4,12,HopcroftKarpMatcher,-1,na,wall_clock_ms,2.9993
U4,1000,1.4,12,HopcroftKarpMatcher,-1,na,matching_size,1000
U4,2000,1.9,7,SimpleAugmentingMatcher,-1,na,wall_clock_ms,7021.89
U4,2000,1.9,7,SimpleAugmentingMatcher,-1,na,matching_size,2000
U4,2000,1.9,7,HopcroftKarpMatcher,0,na,paths_found_per_phase,1998
U4,2000,1.9,7,HopcroftKarpMatcher,0,na,bfs_edges_visited,1.8705e+06
U4,2000,1.9,7,HopcroftKarpMatcher,0,na,dfs_edges_visited,935871
U4,2000,1.9,7,HopcroftKarpMatcher,0,na,defect_at_iteration,2
U4,2000,1.9,7,HopcroftKarpMatcher,1,na,paths_found_per_phase,2
U4,2000,1.9,7,HopcroftKarpMatcher,1,na,bfs_edges_visited,1.33697e+06
U4,2000,1.9,7,HopcroftKarpMatcher,1,na,dfs_edges_visited,2810
U4,2000,1.9,7,HopcroftKarpMatcher,1,na,defect_at_iteration,0
U4,2000,1.9,7,HopcroftKarpMatcher,-1,na,phase_count,2
U4,2000,1.9,7,HopcroftKarpMatcher,-1,na,main_loop_iters,2
U4,2000,1.9,7,HopcroftKarpMatcher,-1,na,total_bfs_edges_visited,3.20746e+06
U4,2000,1.9,7,HopcroftKarpMatcher,-1,na,total_edges_visited,4.14615e+06
U4,2000,1.9,7,HopcroftKarpMatcher,-1,na,matching_size,2000
U4,2000,1.9,7,HopcroftKarpMatcher,-1,na,wall_clock_ms,47.8068
U4,2000,1.9,7,HopcroftKarpMatcher,-1,na,matching_size,2000
U4,2000,1.4,11,SimpleAugmentingMatcher,-1,na,wall_clock_ms,721.439
U4,2000,1.4,11,SimpleAugmentingMatcher,-1,na,matching_size,2000
U4,2000,1.4,11,HopcroftKarpMatcher,0,na,paths_found_per_phase,1938
U4,2000,1.4,11,HopcroftKarpMatcher,0,na,bfs_edges_visited,41825
U4,2000,1.4,11,HopcroftKarpMatcher,0,na,dfs_edges_visited,21099
U4,2000,1.4,11,HopcroftKarpMatcher,0,na,defect_at_iteration,62
U4,2000,1.4,11,HopcroftKarpMatcher,1,na,paths_found_per_phase,61
U4,2000,1.4,11,HopcroftKarpMatcher,1,na,bfs_edges_visited,19722
U4,2000,1.4,11,HopcroftKarpMatcher,1,na,dfs_edges_visited,11244
U4,2000,1.4,11,HopcroftKarpMatcher,1,na,defect_at_iteration,1
U4,2000,1.4,11,HopcroftKarpMatcher,2,na,paths_found_per_phase,1
U4,2000,1.4,11,HopcroftKarpMatcher,2,na,bfs_edges_visited,7204
U4,2000,1.4,11,HopcroftKarpMatcher,2,na,dfs_edges_visited,3114
U4,2000,1.4,11,HopcroftKarpMatcher,2,na,defect_at_iteration,0
U4,2000,1.4,11,HopcroftKarpMatcher,-1,na,phase_count,3
U4,2000,1.4,11,HopcroftKarpMatcher,-1,na,main_loop_iters,3
U4,2000,1.4,11,HopcroftKarpMatcher,-1,na,total_bfs_edges_visited,68751
U4,2000,1.4,11,HopcroftKarpMatcher,-1,na,total_edges_visited,104208
U4,2000,1.4,11,HopcroftKarpMatcher,-1,na,matching_size,2000
U4,2000,1.4,11,HopcroftKarpMatcher,-1,na,wall_clock_ms,10.653
U4,2000,1.4,11,HopcroftKarpMatcher,-1,na,matching_size,2000
U4,500,1.9,5,SimpleAugmentingMatcher,-1,na,wall_clock_ms,100.036
U4,500,1.9,5,SimpleAugmentingMatcher,-1,na,matching_size,500
U4,500,1.9,5,HopcroftKarpMatcher,0,na,paths_found_per_phase,499
U4,500,1.9,5,HopcroftKarpMatcher,0,na,bfs_edges_visited,134289
U4,500,1.9,5,HopcroftKarpMatcher,0,na,dfs_edges_visited,67298
U4,500,1.9,5,HopcroftKarpMatcher,0,na,defect_at_iteration,1
U4,500,1.9,5,HopcroftKarpMatcher,1,na,paths_found_per_phase,1
U4,500,1.9,5,HopcroftKarpMatcher,1,na,bfs_edges_visited,74603
U4,500,1.9,5,HopcroftKarpMatcher,1,na,dfs_edges_visited,269
U4,500,1.9,5,HopcroftKarpMatcher,1,na,defect_at_iteration,0
U4,500,1.9,5,HopcroftKarpMatcher,-1,na,phase_count,2
U4,500,1.9,5,HopcroftKarpMatcher,-1,na,main_loop_iters,2
U4,500,1.9,5,HopcroftKarpMatcher,-1,na,total_bfs_edges_visited,208892
U4,500,1.9,5,HopcroftKarpMatcher,-1,na,total_edges_visited,276459
U4,500,1.9,5,HopcroftKarpMatcher,-1,na,matching_size,500
U4,500,1.9,5,HopcroftKarpMatcher,-1,na,wall_clock_ms,2.77492
U4,500,1.9,5,HopcroftKarpMatcher,-1,na,matching_size,500
U4,1000,1.1,12,SimpleAugmentingMatcher,-1,na,wall_clock_ms,2.46915
U4,1000,1.1,12,SimpleAugmentingMatcher,-1,na,matching_size,764
U4,1000,1.1,12,HopcroftKarpMatcher,0,na,paths_found_per_phase,677
U4,1000,1.1,12,HopcroftKarpMatcher,0,na,bfs_edges_visited,1995
U4,1000,1.1,12,HopcroftKarpMatcher,0,na,dfs_edges_visited,1229
U4,1000,1.1,12,HopcroftKarpMatcher,0,na,defect_at_iteration,323
U4,1000,1.1,12,HopcroftKarpMatcher,1,na,paths_found_per_phase,66
U4,1000,1.1,12,HopcroftKarpMatcher,1,na,bfs_edges_visited,777
U4,1000,1.1,12,HopcroftKarpMatcher,1,na,dfs_edges_visited,881
U4,1000,1.1,12,HopcroftKarpMatcher,1,na,defect_at_iteration,257
U4,1000,1.1,12,HopcroftKarpMatcher,2,na,paths_found_per_phase,11
U4,1000,1.1,12,HopcroftKarpMatcher,2,na,bfs_edges_visited,549
U4,1000,1.1,12,HopcroftKarpMatcher,2,na,dfs_edges_visited,634
U4,1000,1.1,12,HopcroftKarpMatcher,2,na,defect_at_iteration,246
U4,1000,1.1,12,HopcroftKarpMatcher,3,na,paths_found_per_phase,7
U4,1000,1.1,12,HopcroftKarpMatcher,3,na,bfs_edges_visited,619
U4,1000,1.1,12,HopcroftKarpMatcher,3,na,dfs_edges_visited,605
U4,1000,1.1,12,HopcroftKarpMatcher,3,na,defect_at_iteration,239
U4,1000,1.1,12,HopcroftKarpMatcher,4,na,paths_found_per_phase,2
U4,1000,1.1,12,HopcroftKarpMatcher,4,na,bfs_edges_visited,472
U4,1000,1.1,12,HopcroftKarpMatcher,4,na,dfs_edges_visited,487
U4,1000,1.1,12,HopcroftKarpMatcher,4,na,defect_at_iteration,237
U4,1000,1.1,12,HopcroftKarpMatcher,5,na,paths_found_per_phase,1
U4,1000,1.1,12,HopcroftKarpMatcher,5,na,bfs_edges_visited,469
U4,1000,1.1,12,HopcroftKarpMatcher,5,na,dfs_edges_visited,456
U4,1000,1.1,12,HopcroftKarpMatcher,5,na,defect_at_iteration,236
U4,1000,1.1,12,HopcroftKarpMatcher,-1,na,phase_count,6
U4,1000,1.1,12,HopcroftKarpMatcher,-1,na,main_loop_iters,6
U4,1000,1.1,12,HopcroftKarpMatcher,-1,na,total_bfs_edges_visited,4881
U4,1000,1.1,12,HopcroftKarpMatcher,-1,na,total_edges_visited,9173
U4,1000,1.1,12,HopcroftKarpMatcher,-1,na,matching_size,764
U4,1000,1.1,12,HopcroftKarpMatcher,-1,na,wall_clock_ms,6.69
U4,1000,1.1,12,HopcroftKarpMatcher,-1,na,matching_size,764
U4,500,1.1,7,SimpleAugmentingMatcher,-1,na,wall_clock_ms,0.544259
U4,500,1.1,7,SimpleAugmentingMatcher,-1,na,matching_size,372
U4,500,1.1,7,HopcroftKarpMatcher,0,na,paths_found_per_phase,335
U4,500,1.1,7,HopcroftKarpMatcher,0,na,bfs_edges_visited,930
U4,500,1.1,7,HopcroftKarpMatcher,0,na,dfs_edges_visited,560
U4,500,1.1,7,HopcroftKarpMatcher,0,na,defect_at_iteration,165
U4,500,1.1,7,HopcroftKarpMatcher,1,na,paths_found_per_phase,32
U4,500,1.1,7,HopcroftKarpMatcher,1,na,bfs_edges_visited,310
U4,500,1.1,7,HopcroftKarpMatcher,1,na,dfs_edges_visited,335
U4,500,1.1,7,HopcroftKarpMatcher,1,na,defect_at_iteration,133
U4,500,1.1,7,HopcroftKarpMatcher,2,na,paths_found_per_phase,1
U4,500,1.1,7,HopcroftKarpMatcher,2,na,bfs_edges_visited,206
U4,500,1.1,7,HopcroftKarpMatcher,2,na,dfs_edges_visited,213
U4,500,1.1,7,HopcroftKarpMatcher,2,na,defect_at_iteration,132
U4,500,1.1,7,HopcroftKarpMatcher,3,na,paths_found_per_phase,2
U4,500,1.1,7,HopcroftKarpMatcher,3,na,bfs_edges_visited,234
U4,500,1.1,7,HopcroftKarpMatcher,3,na,dfs_edges_visited,245
U4,500,1.1,7,HopcroftKarpMatcher,3,na,defect_at_iteration,130
U4,500,1.1,7,HopcroftKarpMatcher,4,na,paths_found_per_phase,1
U4,500,1.1,7,HopcroftKarpMatcher,4,na,bfs_edges_visited,238
U4,500,1.1,7,HopcroftKarpMatcher,4,na,dfs_edges_visited,233
U4,500,1.1,7,HopcroftKarpMatcher,4,na,defect_at_iteration,129
U4,500,1.1,7,HopcroftKarpMatcher,5,na,paths_found_per_phase,1
U4,500,1.1,7,HopcroftKarpMatcher,5,na,bfs_edges_visited,225
U4,500,1.1,7,HopcroftKarpMatcher,5,na,dfs_edges_visited,222
U4,500,1.1,7,HopcroftKarpMatcher,5,na,defect_at_iteration,128
U4,500,1.1,7,HopcroftKarpMatcher,-1,na,phase_count,6
U4,500,1.1,7,HopcroftKarpMatcher,-1,na,main_loop_iters,6
U4,500,1.1,7,HopcroftKarpMatcher,-1,na,total_bfs_edges_visited,2143
U4,500,1.1,7,HopcroftKarpMatcher,-1,na,total_edges_visited,3951
U4,500,1.1,7,HopcroftKarpMatcher,-1,na,matching_size,372
U4,500,1.1,7,HopcroftKarpMatcher,-1,na,wall_clock_ms,1.6799
U4,500,1.1,7,HopcroftKarpMatcher,-1,na,matching_size,372
U4,2000,1.9,14,SimpleAugmentingMatcher,-1,na,wall_clock_ms,7021.1
U4,2000,1.9,14,SimpleAugmentingMatcher,-1,na,matching_size,2000
U4,2000,1.9,14,HopcroftKarpMatcher,0,na,paths_found_per_phase,1999
U4,2000,1.9,14,HopcroftKarpMatcher,0,na,bfs_edges_visited,1.8705e+06
U4,2000,1.9,14,HopcroftKarpMatcher,0,na,dfs_edges_visited,935040
U4,2000,1.9,14,HopcroftKarpMatcher,0,na,defect_at_iteration,1
U4,2000,1.9,14,HopcroftKarpMatcher,1,na,paths_found_per_phase,1
U4,2000,1.9,14,HopcroftKarpMatcher,1,na,bfs_edges_visited,868395
U4,2000,1.9,14,HopcroftKarpMatcher,1,na,dfs_edges_visited,903
U4,2000,1.9,14,HopcroftKarpMatcher,1,na,defect_at_iteration,0
U4,2000,1.9,14,HopcroftKarpMatcher,-1,na,phase_count,2
U4,2000,1.9,14,HopcroftKarpMatcher,-1,na,main_loop_iters,2
U4,2000,1.9,14,HopcroftKarpMatcher,-1,na,total_bfs_edges_visited,2.73889e+06
U4,2000,1.9,14,HopcroftKarpMatcher,-1,na,total_edges_visited,3.67483e+06
U4,2000,1.9,14,HopcroftKarpMatcher,-1,na,matching_size,2000
U4,2000,1.9,14,HopcroftKarpMatcher,-1,na,wall_clock_ms,42.2389
U4,2000,1.9,14,HopcroftKarpMatcher,-1,na,matching_size,2000
U4,2000,1.2,8,SimpleAugmentingMatcher,-1,na,wall_clock_ms,169.928
U4,2000,1.2,8,SimpleAugmentingMatcher,-1,na,matching_size,1973
U4,2000,1.2,8,HopcroftKarpMatcher,0,na,paths_found_per_phase,1692
U4,2000,1.2,8,HopcroftKarpMatcher,0,na,bfs_edges_visited,9146
U4,2000,1.2,8,HopcroftKarpMatcher,0,na,dfs_edges_visited,4869
U4,2000,1.2,8,HopcroftKarpMatcher,0,na,defect_at_iteration,308
U4,2000,1.2,8,HopcroftKarpMatcher,1,na,paths_found_per_phase,217
U4,2000,1.2,8,HopcroftKarpMatcher,1,na,bfs_edges_visited,4398
U4,2000,1.2,8,HopcroftKarpMatcher,1,na,dfs_edges_visited,4519
U4,2000,1.2,8,HopcroftKarpMatcher,1,na,defect_at_iteration,91
U4,2000,1.2,8,HopcroftKarpMatcher,2,na,paths_found_per_phase,42
U4,2000,1.2,8,HopcroftKarpMatcher,2,na,bfs_edges_visited,2588
U4,2000,1.2,8,HopcroftKarpMatcher,2,na,dfs_edges_visited,2942
U4,2000,1.2,8,HopcroftKarpMatcher,2,na,defect_at_iteration,49
U4,2000,1.2,8,HopcroftKarpMatcher,3,na,paths_found_per_phase,9
U4,2000,1.2,8,HopcroftKarpMatcher,3,na,bfs_edges_visited,1759
U4,2000,1.2,8,HopcroftKarpMatcher,3,na,dfs_edges_visited,2800
U4,2000,1.2,8,HopcroftKarpMatcher,3,na,defect_at_iteration,40
U4,2000,1.2,8,HopcroftKarpMatcher,4,na,paths_found_per_phase,10
U4,2000,1.2,8,HopcroftKarpMatcher,4,na,bfs_edges_visited,5468
U4,2000,1.2,8,HopcroftKarpMatcher,4,na,dfs_edges_visited,2941
U4,2000,1.2,8,HopcroftKarpMatcher,4,na,defect_at_iteration,30
U4,2000,1.2,8,HopcroftKarpMatcher,5,na,paths_found_per_phase,3
U4,2000,1.2,8,HopcroftKarpMatcher,5,na,bfs_edges_visited,4443
U4,2000,1.2,8,HopcroftKarpMatcher,5,na,dfs_edges_visited,562
U4,2000,1.2,8,HopcroftKarpMatcher,5,na,defect_at_iteration,27
U4,2000,1.2,8,HopcroftKarpMatcher,-1,na,phase_count,6
U4,2000,1.2,8,HopcroftKarpMatcher,-1,na,main_loop_iters,6
U4,2000,1.2,8,HopcroftKarpMatcher,-1,na,total_bfs_edges_visited,27802
U4,2000,1.2,8,HopcroftKarpMatcher,-1,na,total_edges_visited,46435
U4,2000,1.2,8,HopcroftKarpMatcher,-1,na,matching_size,1973
U4,2000,1.2,8,HopcroftKarpMatcher,-1,na,wall_clock_ms,21.3037
U4,2000,1.2,8,HopcroftKarpMatcher,-1,na,matching_size,1973
U4,500,1.3,4,SimpleAugmentingMatcher,-1,na,wall_clock_ms,5.88814
U4,500,1.3,4,SimpleAugmentingMatcher,-1,na,matching_size,499
U4,500,1.3,4,HopcroftKarpMatcher,0,na,paths_found_per_phase,451
U4,500,1.3,4,HopcroftKarpMatcher,0,na,bfs_edges_visited,3225
U4,500,1.3,4,HopcroftKarpMatcher,0,na,dfs_edges_visited,1695
U4,500,1.3,4,HopcroftKarpMatcher,0,na,defect_at_iteration,49
U4,500,1.3,4,HopcroftKarpMatcher,1,na,paths_found_per_phase,44
U4,500,1.3,4,HopcroftKarpMatcher,1,na,bfs_edges_visited,1452
U4,500,1.3,4,HopcroftKarpMatcher,1,na,dfs_edges_visited,1382
U4,500,1.3,4,HopcroftKarpMatcher,1,na,defect_at_iteration,5
U4,500,1.3,4,HopcroftKarpMatcher,2,na,paths_found_per_phase,4
U4,500,1.3,4,HopcroftKarpMatcher,2,na,bfs_edges_visited,562
U4,500,1.3,4,HopcroftKarpMatcher,2,na,dfs_edges_visited,1422
U4,500,1.3,4,HopcroftKarpMatcher,2,na,defect_at_iteration,1
U4,500,1.3,4,HopcroftKarpMatcher,-1,na,phase_count,3
U4,500,1.3,4,HopcroftKarpMatcher,-1,na,main_loop_iters,3
U4,500,1.3,4,HopcroftKarpMatcher,-1,na,total_bfs_edges_visited,5239
U4,500,1.3,4,HopcroftKarpMatcher,-1,na,total_edges_visited,9738
U4,500,1.3,4,HopcroftKarpMatcher,-1,na,matching_size,499
U4,500,1.3,4,HopcroftKarpMatcher,-1,na,wall_clock_ms,1.16446
U4,500,1.3,4,HopcroftKarpMatcher,-1,na,matching_size,499
U4,2000,1.6,11,SimpleAugmentingMatcher,-1,na,wall_clock_ms,1699.89
U4,2000,1.6,11,SimpleAugmentingMatcher,-1,na,matching_size,2000
U4,2000,1.6,11,HopcroftKarpMatcher,0,na,paths_found_per_phase,1984
U4,2000,1.6,11,HopcroftKarpMatcher,0,na,bfs_edges_visited,191270
U4,2000,1.6,11,HopcroftKarpMatcher,0,na,dfs_edges_visited,95983
U4,2000,1.6,11,HopcroftKarpMatcher,0,na,defect_at_iteration,16
U4,2000,1.6,11,HopcroftKarpMatcher,1,na,paths_found_per_phase,16
U4,2000,1.6,11,HopcroftKarpMatcher,1,na,bfs_edges_visited,102084
U4,2000,1.6,11,HopcroftKarpMatcher,1,na,dfs_edges_visited,11165
U4,2000,1.6,11,HopcroftKarpMatcher,1,na,defect_at_iteration,0
U4,2000,1.6,11,HopcroftKarpMatcher,-1,na,phase_count,2
U4,2000,1.6,11,HopcroftKarpMatcher,-1,na,main_loop_iters,2
U4,2000,1.6,11,HopcroftKarpMatcher,-1,na,total_bfs_edges_visited,293354
U4,2000,1.6,11,HopcroftKarpMatcher,-1,na,total_edges_visited,400502
U4,2000,1.6,11,HopcroftKarpMatcher,-1,na,matching_size,2000
U4,2000,1.6,11,HopcroftKarpMatcher,-1,na,wall_clock_ms,12.0236
U4,2000,1.6,11,HopcroftKarpMatcher,-1,na,matching_size,2000
U4,2000,1.1,3,SimpleAugmentingMatcher,-1,na,wall_clock_ms,22.363
U4,2000,1.1,3,SimpleAugmentingMatcher,-1,na,matching_size,1634
U4,2000,1.1,3,HopcroftKarpMatcher,0,na,paths_found_per_phase,1407
U4,2000,1.1,3,HopcroftKarpMatcher,0,na,bfs_edges_visited,4276
U4,2000,1.1,3,HopcroftKarpMatcher,0,na,dfs_edges_visited,2648
U4,2000,1.1,3,HopcroftKarpMatcher,0,na,defect_at_iteration,593
U4,2000,1.1,3,HopcroftKarpMatcher,1,na,paths_found_per_phase,177
U4,2000,1.1,3,HopcroftKarpMatcher,1,na,bfs_edges_visited,1831
U4,2000,1.1,3,HopcroftKarpMatcher,1,na,dfs_edges_visited,2022
U4,2000,1.1,3,HopcroftKarpMatcher,1,na,defect_at_iteration,416
U4,2000,1.1,3,HopcroftKarpMatcher,2,na,paths_found_per_phase,24
U4,2000,1.1,3,HopcroftKarpMatcher,2,na,bfs_edges_visited,1211
U4,2000,1.1,3,HopcroftKarpMatcher,2,na,dfs_edges_visited,1437
U4,2000,1.1,3,HopcroftKarpMatcher,2,na,defect_at_iteration,392
U4,2000,1.1,3,HopcroftKarpMatcher,3,na,paths_found_per_phase,19
U4,2000,1.1,3,HopcroftKarpMatcher,3,na,bfs_edges_visited,1454
U4,2000,1.1,3,HopcroftKarpMatcher,3,na,dfs_edges_visited,1333
U4,2000,1.1,3,HopcroftKarpMatcher,3,na,defect_at_iteration,373
U4,2000,1.1,3,HopcroftKarpMatcher,4,na,paths_found_per_phase,5
U4,2000,1.1,3,HopcroftKarpMatcher,4,na,bfs_edges_visited,1207
U4,2000,1.1,3,HopcroftKarpMatcher,4,na,dfs_edges_visited,1140
U4,2000,1.1,3,HopcroftKarpMatcher,4,na,defect_at_iteration,368
U4,2000,1.1,3,HopcroftKarpMatcher,5,na,paths_found_per_phase,2
U4,2000,1.1,3,HopcroftKarpMatcher,5,na,bfs_edges_visited,1082
U4,2000,1.1,3,HopcroftKarpMatcher,5,na,dfs_edges_visited,1022
U4,2000,1.1,3,HopcroftKarpMatcher,5,na,defect_at_iteration,366
U4,2000,1.1,3,HopcroftKarpMatcher,-1,na,phase_count,6
U4,2000,1.1,3,HopcroftKarpMatcher,-1,na,main_loop_iters,6
U4,2000,1.1,3,HopcroftKarpMatcher,-1,na,total_bfs_edges_visited,11061
U4,2000,1.1,3,HopcroftKarpMatcher,-1,na,total_edges_visited,20663
U4,2000,1.1,3,HopcroftKarpMatcher,-1,na,matching_size,1634
U4,2000,1.1,3,HopcroftKarpMatcher,-1,na,wall_clock_ms,25.3977
U4,2000,1.1,3,HopcroftKarpMatcher,-1,na,matching_size,1634
U4,2000,1,10,SimpleAugmentingMatcher,-1,na,wall_clock_ms,3.80675
U4,2000,1,10,SimpleAugmentingMatcher,-1,na,matching_size,1078
U4,2000,1,10,HopcroftKarpMatcher,0,na,paths_found_per_phase,1012
U4,2000,1,10,HopcroftKarpMatcher,0,na,bfs_edges_visited,2000
U4,2000,1,10,HopcroftKarpMatcher,0,na,dfs_edges_visited,1445
U4,2000,1,10,HopcroftKarpMatcher,0,na,defect_at_iteration,988
U4,2000,1,10,HopcroftKarpMatcher,1,na,paths_found_per_phase,61
U4,2000,1,10,HopcroftKarpMatcher,1,na,bfs_edges_visited,690
U4,2000,1,10,HopcroftKarpMatcher,1,na,dfs_edges_visited,715
U4,2000,1,10,HopcroftKarpMatcher,1,na,defect_at_iteration,927
U4,2000,1,10,HopcroftKarpMatcher,2,na,paths_found_per_phase,4
U4,2000,1,10,HopcroftKarpMatcher,2,na,bfs_edges_visited,484
U4,2000,1,10,HopcroftKarpMatcher,2,na,dfs_edges_visited,513
U4,2000,1,10,HopcroftKarpMatcher,2,na,defect_at_iteration,923
U4,2000,1,10,HopcroftKarpMatcher,3,na,paths_found_per_phase,1
U4,2000,1,10,HopcroftKarpMatcher,3,na,bfs_edges_visited,512
U4,2000,1,10,HopcroftKarpMatcher,3,na,dfs_edges_visited,507
U4,2000,1,10,HopcroftKarpMatcher,3,na,defect_at_iteration,922
U4,2000,1,10,HopcroftKarpMatcher,-1,na,phase_count,4
U4,2000,1,10,HopcroftKarpMatcher,-1,na,main_loop_iters,4
U4,2000,1,10,HopcroftKarpMatcher,-1,na,total_bfs_edges_visited,3686
U4,2000,1,10,HopcroftKarpMatcher,-1,na,total_edges_visited,6866
U4,2000,1,10,HopcroftKarpMatcher,-1,na,matching_size,1078
U4,2000,1,10,HopcroftKarpMatcher,-1,na,wall_clock_ms,22.5911
U4,2000,1,10,HopcroftKarpMatcher,-1,na,matching_size,1078
U4,1000,1.7,3,SimpleAugmentingMatcher,-1,na,wall_clock_ms,341.837
U4,1000,1.7,3,SimpleAugmentingMatcher,-1,na,matching_size,1000
U4,1000,1.7,3,HopcroftKarpMatcher,0,na,paths_found_per_phase,994
U4,1000,1.7,3,HopcroftKarpMatcher,0,na,bfs_edges_visited,125892
U4,1000,1.7,3,HopcroftKarpMatcher,0,na,dfs_edges_visited,63211
U4,1000,1.7,3,HopcroftKarpMatcher,0,na,defect_at_iteration,6
U4,1000,1.7,3,HopcroftKarpMatcher,1,na,paths_found_per_phase,6
U4,1000,1.7,3,HopcroftKarpMatcher,1,na,bfs_edges_visited,68368
U4,1000,1.7,3,HopcroftKarpMatcher,1,na,dfs_edges_visited,3961
U4,1000,1.7,3,HopcroftKarpMatcher,1,na,defect_at_iteration,0
U4,1000,1.7,3,HopcroftKarpMatcher,-1,na,phase_count,2
U4,1000,1.7,3,HopcroftKarpMatcher,-1,na,main_loop_iters,2
U4,1000,1.7,3,HopcroftKarpMatcher,-1,na,total_bfs_edges_visited,194260
U4,1000,1.7,3,HopcroftKarpMatcher,-1,na,total_edges_visited,261432
U4,1000,1.7,3,HopcroftKarpMatcher,-1,na,matching_size,1000
U4,1000,1.7,3,HopcroftKarpMatcher,-1,na,wall_clock_ms,4.68056
U4,1000,1.7,3,HopcroftKarpMatcher,-1,na,matching_size,1000
U4,1000,1.6,7,SimpleAugmentingMatcher,-1,na,wall_clock_ms,223.283
U4,1000,1.6,7,SimpleAugmentingMatcher,-1,na,matching_size,1000
U4,1000,1.6,7,HopcroftKarpMatcher,0,na,paths_found_per_phase,991
U4,1000,1.6,7,HopcroftKarpMatcher,0,na,bfs_edges_visited,63095
U4,1000,1.6,7,HopcroftKarpMatcher,0,na,dfs_edges_visited,31437
U4,1000,1.6,7,HopcroftKarpMatcher,0,na,defect_at_iteration,9
U4,1000,1.6,7,HopcroftKarpMatcher,1,na,paths_found_per_phase,9
U4,1000,1.6,7,HopcroftKarpMatcher,1,na,bfs_edges_visited,26074
U4,1000,1.6,7,HopcroftKarpMatcher,1,na,dfs_edges_visited,2537
U4,1000,1.6,7,HopcroftKarpMatcher,1,na,defect_at_iteration,0
U4,1000,1.6,7,HopcroftKarpMatcher,-1,na,phase_count,2
U4,1000,1.6,7,HopcroftKarpMatcher,-1,na,main_loop_iters,2
U4,1000,1.6,7,HopcroftKarpMatcher,-1,na,total_bfs_edges_visited,89169
U4,1000,1.6,7,HopcroftKarpMatcher,-1,na,total_edges_visited,123143
U4,1000,1.6,7,HopcroftKarpMatcher,-1,na,matching_size,1000
U4,1000,1.6,7,HopcroftKarpMatcher,-1,na,wall_clock_ms,3.12725
U4,1000,1.6,7,HopcroftKarpMatcher,-1,na,matching_size,1000
U4,500,1.5,6,SimpleAugmentingMatcher,-1,na,wall_clock_ms,26.5565
U4,500,1.5,6,SimpleAugmentingMatcher,-1,na,matching_size,500
U4,500,1.5,6,HopcroftKarpMatcher,0,na,paths_found_per_phase,483
U4,500,1.5,6,HopcroftKarpMatcher,0,na,bfs_edges_visited,11180
U4,500,1.5,6,HopcroftKarpMatcher,0,na,dfs_edges_visited,5590
U4,500,1.5,6,HopcroftKarpMatcher,0,na,defect_at_iteration,17
U4,500,1.5,6,HopcroftKarpMatcher,1,na,paths_found_per_phase,17
U4,500,1.5,6,HopcroftKarpMatcher,1,na,bfs_edges_visited,5623
U4,500,1.5,6,HopcroftKarpMatcher,1,na,dfs_edges_visited,2054
U4,500,1.5,6,HopcroftKarpMatcher,1,na,defect_at_iteration,0
U4,500,1.5,6,HopcroftKarpMatcher,-1,na,phase_count,2
U4,500,1.5,6,HopcroftKarpMatcher,-1,na,main_loop_iters,2
U4,500,1.5,6,HopcroftKarpMatcher,-1,na,total_bfs_edges_visited,16803
U4,500,1.5,6,HopcroftKarpMatcher,-1,na,total_edges_visited,24447
U4,500,1.5,6,HopcroftKarpMatcher,-1,na,matching_size,500
U4,500,1.5,6,HopcroftKarpMatcher,-1,na,wall_clock_ms,0.824902
U4,500,1.5,6,HopcroftKarpMatcher,-1,na,matching_size,500
U4,500,1.3,1,SimpleAugmentingMatcher,-1,na,wall_clock_ms,5.50183
U4,500,1.3,1,SimpleAugmentingMatcher,-1,na,matching_size,500
U4,500,1.3,1,HopcroftKarpMatcher,0,na,paths_found_per_phase,445
U4,500,1.3,1,HopcroftKarpMatcher,0,na,bfs_edges_visited,3225
U4,500,1.3,1,HopcroftKarpMatcher,0,na,dfs_edges_visited,1688
U4,500,1.3,1,HopcroftKarpMatcher,0,na,defect_at_iteration,55
U4,500,1.3,1,HopcroftKarpMatcher,1,na,paths_found_per_phase,49
U4,500,1.3,1,HopcroftKarpMatcher,1,na,bfs_edges_visited,1593
U4,500,1.3,1,HopcroftKarpMatcher,1,na,dfs_edges_visited,1515
U4,500,1.3,1,HopcroftKarpMatcher,1,na,defect_at_iteration,6
U4,500,1.3,1,HopcroftKarpMatcher,2,na,paths_found_per_phase,4
U4,500,1.3,1,HopcroftKarpMatcher,2,na,bfs_edges_visited,550
U4,500,1.3,1,HopcroftKarpMatcher,2,na,dfs_edges_visited,612
U4,500,1.3,1,HopcroftKarpMatcher,2,na,defect_at_iteration,2
U4,500,1.3,1,HopcroftKarpMatcher,3,na,paths_found_per_phase,2
U4,500,1.3,1,HopcroftKarpMatcher,3,na,bfs_edges_visited,2744
U4,500,1.3,1,HopcroftKarpMatcher,3,na,dfs_edges_visited,608
U4,500,1.3,1,HopcroftKarpMatcher,3,na,defect_at_iteration,0
U4,500,1.3,1,HopcroftKarpMatcher,-1,na,phase_count,4
U4,500,1.3,1,HopcroftKarpMatcher,-1,na,main_loop_iters,4
U4,500,1.3,1,HopcroftKarpMatcher,-1,na,total_bfs_edges_visited,8112
U4,500,1.3,1,HopcroftKarpMatcher,-1,na,total_edges_visited,12535
U4,500,1.3,1,HopcroftKarpMatcher,-1,na,matching_size,500
U4,500,1.3,1,HopcroftKarpMatcher,-1,na,wall_clock_ms,1.11187
U4,500,1.3,1,HopcroftKarpMatcher,-1,na,matching_size,500
U4,500,1.2,2,SimpleAugmentingMatcher,-1,na,wall_clock_ms,4.70834
U4,500,1.2,2,SimpleAugmentingMatcher,-1,na,matching_size,479
U4,500,1.2,2,HopcroftKarpMatcher,0,na,paths_found_per_phase,399
U4,500,1.2,2,HopcroftKarpMatcher,0,na,bfs_edges_visited,1732
U4,500,1.2,2,HopcroftKarpMatcher,0,na,dfs_edges_visited,947
U4,500,1.2,2,HopcroftKarpMatcher,0,na,defect_at_iteration,101
U4,500,1.2,2,HopcroftKarpMatcher,1,na,paths_found_per_phase,58
U4,500,1.2,2,HopcroftKarpMatcher,1,na,bfs_edges_visited,804
U4,500,1.2,2,HopcroftKarpMatcher,1,na,dfs_edges_visited,913
U4,500,1.2,2,HopcroftKarpMatcher,1,na,defect_at_iteration,43
U4,500,1.2,2,HopcroftKarpMatcher,2,na,paths_found_per_phase,11
U4,500,1.2,2,HopcroftKarpMatcher,2,na,bfs_edges_visited,491
U4,500,1.2,2,HopcroftKarpMatcher,2,na,dfs_edges_visited,698
U4,500,1.2,2,HopcroftKarpMatcher,2,na,defect_at_iteration,32
U4,500,1.2,2,HopcroftKarpMatcher,3,na,paths_found_per_phase,6
U4,500,1.2,2,HopcroftKarpMatcher,3,na,bfs_edges_visited,906
U4,500,1.2,2,HopcroftKarpMatcher,3,na,dfs_edges_visited,721
U4,500,1.2,2,HopcroftKarpMatcher,3,na,defect_at_iteration,26
U4,500,1.2,2,HopcroftKarpMatcher,4,na,paths_found_per_phase,2
U4,500,1.2,2,HopcroftKarpMatcher,4,na,bfs_edges_visited,657
U4,500,1.2,2,HopcroftKarpMatcher,4,na,dfs_edges_visited,744
U4,500,1.2,2,HopcroftKarpMatcher,4,na,defect_at_iteration,24
U4,500,1.2,2,HopcroftKarpMatcher,5,na,paths_found_per_phase,2
U4,500,1.2,2,HopcroftKarpMatcher,5,na,bfs_edges_visited,752
U4,500,1.2,2,HopcroftKarpMatcher,5,na,dfs_edges_visited,670
U4,500,1.2,2,HopcroftKarpMatcher,5,na,defect_at_iteration,22
U4,500,1.2,2,HopcroftKarpMatcher,6,na,paths_found_per_phase,1
U4,500,1.2,2,HopcroftKarpMatcher,6,na,bfs_edges_visited,987
U4,500,1.2,2,HopcroftKarpMatcher,6,na,dfs_edges_visited,1211
U4,500,1.2,2,HopcroftKarpMatcher,6,na,defect_at_iteration,21
U4,500,1.2,2,HopcroftKarpMatcher,-1,na,phase_count,7
U4,500,1.2,2,HopcroftKarpMatcher,-1,na,main_loop_iters,7
U4,500,1.2,2,HopcroftKarpMatcher,-1,na,total_bfs_edges_visited,6329
U4,500,1.2,2,HopcroftKarpMatcher,-1,na,total_edges_visited,12233
U4,500,1.2,2,HopcroftKarpMatcher,-1,na,matching_size,479
U4,500,1.2,2,HopcroftKarpMatcher,-1,na,wall_clock_ms,2.24967
U4,500,1.2,2,HopcroftKarpMatcher,-1,na,matching_size,479
U4,1000,1.4,2,SimpleAugmentingMatcher,-1,na,wall_clock_ms,84.6219
U4,1000,1.4,2,SimpleAugmentingMatcher,-1,na,matching_size,1000
U4,1000,1.4,2,HopcroftKarpMatcher,0,na,paths_found_per_phase,951
U4,1000,1.4,2,HopcroftKarpMatcher,0,na,bfs_edges_visited,15848
U4,1000,1.4,2,HopcroftKarpMatcher,0,na,dfs_edges_visited,8019
U4,1000,1.4,2,HopcroftKarpMatcher,0,na,defect_at_iteration,49
U4,1000,1.4,2,HopcroftKarpMatcher,1,na,paths_found_per_phase,48
U4,1000,1.4,2,HopcroftKarpMatcher,1,na,bfs_edges_visited,8744
U4,1000,1.4,2,HopcroftKarpMatcher,1,na,dfs_edges_visited,5125
U4,1000,1.4,2,HopcroftKarpMatcher,1,na,defect_at_iteration,1
U4,1000,1.4,2,HopcroftKarpMatcher,2,na,paths_found_per_phase,1
U4,1000,1.4,2,HopcroftKarpMatcher,2,na,bfs_edges_visited,4387
U4,1000,1.4,2,HopcroftKarpMatcher,2,na,dfs_edges_visited,543
U4,1000,1.4,2,HopcroftKarpMatcher,2,na,defect_at_iteration,0
U4,1000,1.4,2,HopcroftKarpMatcher,-1,na,phase_count,3
U4,1000,1.4,2,HopcroftKarpMatcher,-1,na,main_loop_iters,3
U4,1000,1.4,2,HopcroftKarpMatcher,-1,na,total_bfs_edges_visited,28979
U4,1000,1.4,2,HopcroftKarpMatcher,-1,na,total_edges_visited,42666
U4,1000,1.4,2,HopcroftKarpMatcher,-1,na,matching_size,1000
U4,1000,1.4,2,HopcroftKarpMatcher,-1,na,wall_clock_ms,3.06426
U4,1000,1.4,2,HopcroftKarpMatcher,-1,na,matching_size,1000
U4,2000,1,12,SimpleAugmentingMatcher,-1,na,wall_clock_ms,3.79335
U4,2000,1,12,SimpleAugmentingMatcher,-1,na,matching_size,1072
U4,2000,1,12,HopcroftKarpMatcher,0,na,paths_found_per_phase,1001
U4,2000,1,12,HopcroftKarpMatcher,0,na,bfs_edges_visited,2000
U4,2000,1,12,HopcroftKarpMatcher,0,na,dfs_edges_visited,1444
U4,2000,1,12,HopcroftKarpMatcher,0,na,defect_at_iteration,999
U4,2000,1,12,HopcroftKarpMatcher,1,na,paths_found_per_phase,67
U4,2000,1,12,HopcroftKarpMatcher,1,na,bfs_edges_visited,725
U4,2000,1,12,HopcroftKarpMatcher,1,na,dfs_edges_visited,755
U4,2000,1,12,HopcroftKarpMatcher,1,na,defect_at_iteration,932
U4,2000,1,12,HopcroftKarpMatcher,2,na,paths_found_per_phase,4
U4,2000,1,12,HopcroftKarpMatcher,2,na,bfs_edges_visited,556
U4,2000,1,12,HopcroftKarpMatcher,2,na,dfs_edges_visited,544
U4,2000,1,12,HopcroftKarpMatcher,2,na,defect_at_iteration,928
U4,2000,1,12,HopcroftKarpMatcher,-1,na,phase_count,3
U4,2000,1,12,HopcroftKarpMatcher,-1,na,main_loop_iters,3
U4,2000,1,12,HopcroftKarpMatcher,-1,na,total_bfs_edges_visited,3281
U4,2000,1,12,HopcroftKarpMatcher,-1,na,total_edges_visited,6024
U4,2000,1,12,HopcroftKarpMatcher,-1,na,matching_size,1072
U4,2000,1,12,HopcroftKarpMatcher,-1,na,wall_clock_ms,18.3483
U4,2000,1,12,HopcroftKarpMatcher,-1,na,matching_size,1072
U4,2000,1.2,1,SimpleAugmentingMatcher,-1,na,wall_clock_ms,240.733
U4,2000,1.2,1,SimpleAugmentingMatcher,-1,na,matching_size,1964
U4,2000,1.2,1,HopcroftKarpMatcher,0,na,paths_found_per_phase,1703
U4,2000,1.2,1,HopcroftKarpMatcher,0,na,bfs_edges_visited,9146
U4,2000,1.2,1,HopcroftKarpMatcher,0,na,dfs_edges_visited,4986
U4,2000,1.2,1,HopcroftKarpMatcher,0,na,defect_at_iteration,297
U4,2000,1.2,1,HopcroftKarpMatcher,1,na,paths_found_per_phase,209
U4,2000,1.2,1,HopcroftKarpMatcher,1,na,bfs_edges_visited,4338
U4,2000,1.2,1,HopcroftKarpMatcher,1,na,dfs_edges_visited,4616
U4,2000,1.2,1,HopcroftKarpMatcher,1,na,defect_at_iteration,88
U4,2000,1.2,1,HopcroftKarpMatcher,2,na,paths_found_per_phase,30
U4,2000,1.2,1,HopcroftKarpMatcher,2,na,bfs_edges_visited,2562
U4,2000,1.2,1,HopcroftKarpMatcher,2,na,dfs_edges_visited,4109
U4,2000,1.2,1,HopcroftKarpMatcher,2,na,defect_at_iteration,58
U4,2000,1.2,1,HopcroftKarpMatcher,3,na,paths_found_per_phase,11
U4,2000,1.2,1,HopcroftKarpMatcher,3,na,bfs_edges_visited,3469
U4,2000,1.2,1,HopcroftKarpMatcher,3,na,dfs_edges_visited,5503
U4,2000,1.2,1,HopcroftKarpMatcher,3,na,defect_at_iteration,47
U4,2000,1.2,1,HopcroftKarpMatcher,4,na,paths_found_per_phase,9
U4,2000,1.2,1,HopcroftKarpMatcher,4,na,bfs_edges_visited,7407
U4,2000,1.2,1,HopcroftKarpMatcher,4,na,dfs_edges_visited,7162
U4,2000,1.2,1,HopcroftKarpMatcher,4,na,defect_at_iteration,38
U4,2000,1.2,1,HopcroftKarpMatcher,5,na,paths_found_per_phase,2
U4,2000,1.2,1,HopcroftKarpMatcher,5,na,bfs_edges_visited,8395
U4,2000,1.2,1,HopcroftKarpMatcher,5,na,dfs_edges_visited,8430
U4,2000,1.2,1,HopcroftKarpMatcher,5,na,defect_at_iteration,36
U4,2000,1.2,1,HopcroftKarpMatcher,-1,na,phase_count,6
U4,2000,1.2,1,HopcroftKarpMatcher,-1,na,main_loop_iters,6
U4,2000,1.2,1,HopcroftKarpMatcher,-1,na,total_bfs_edges_visited,35317
U4,2000,1.2,1,HopcroftKarpMatcher,-1,na,total_edges_visited,70123
U4,2000,1.2,1,HopcroftKarpMatcher,-1,na,matching_size,1964
U4,2000,1.2,1,HopcroftKarpMatcher,-1,na,wall_clock_ms,34.9918
U4,2000,1.2,1,HopcroftKarpMatcher,-1,na,matching_size,1964
U4,2000,1,0,SimpleAugmentingMatcher,-1,na,wall_clock_ms,3.75096
U4,2000,1,0,SimpleAugmentingMatcher,-1,na,matching_size,1087
U4,2000,1,0,HopcroftKarpMatcher,0,na,paths_found_per_phase,1015
U4,2000,1,0,HopcroftKarpMatcher,0,na,bfs_edges_visited,2000
U4,2000,1,0,HopcroftKarpMatcher,0,na,dfs_edges_visited,1456
U4,2000,1,0,HopcroftKarpMatcher,0,na,defect_at_iteration,985
U4,2000,1,0,HopcroftKarpMatcher,1,na,paths_found_per_phase,70
U4,2000,1,0,HopcroftKarpMatcher,1,na,bfs_edges_visited,702
U4,2000,1,0,HopcroftKarpMatcher,1,na,dfs_edges_visited,718
U4,2000,1,0,HopcroftKarpMatcher,1,na,defect_at_iteration,915
U4,2000,1,0,HopcroftKarpMatcher,2,na,paths_found_per_phase,2
U4,2000,1,0,HopcroftKarpMatcher,2,na,bfs_edges_visited,464
U4,2000,1,0,HopcroftKarpMatcher,2,na,dfs_edges_visited,470
U4,2000,1,0,HopcroftKarpMatcher,2,na,defect_at_iteration,913
U4,2000,1,0,HopcroftKarpMatcher,-1,na,phase_count,3
U4,2000,1,0,HopcroftKarpMatcher,-1,na,main_loop_iters,3
U4,2000,1,0,HopcroftKarpMatcher,-1,na,total_bfs_edges_visited,3166
U4,2000,1,0,HopcroftKarpMatcher,-1,na,total_edges_visited,5810
U4,2000,1,0,HopcroftKarpMatcher,-1,na,matching_size,1087
U4,2000,1,0,HopcroftKarpMatcher,-1,na,wall_clock_ms,18.1647
U4,2000,1,0,HopcroftKarpMatcher,-1,na,matching_size,1087
U4,2000,1.4,9,SimpleAugmentingMatcher,-1,na,wall_clock_ms,723.951
U4,2000,1.4,9,SimpleAugmentingMatcher,-1,na,matching_size,2000
U4,2000,1.4,9,HopcroftKarpMatcher,0,na,paths_found_per_phase,1934
U4,2000,1.4,9,HopcroftKarpMatcher,0,na,bfs_edges_visited,41825
U4,2000,1.4,9,HopcroftKarpMatcher,0,na,dfs_edges_visited,21017
U4,2000,1.4,9,HopcroftKarpMatcher,0,na,defect_at_iteration,66
U4,2000,1.4,9,HopcroftKarpMatcher,1,na,paths_found_per_phase,65
U4,2000,1.4,9,HopcroftKarpMatcher,1,na,bfs_edges_visited,20076
U4,2000,1.4,9,HopcroftKarpMatcher,1,na,dfs_edges_visited,10536
U4,2000,1.4,9,HopcroftKarpMatcher,1,na,defect_at_iteration,1
U4,2000,1.4,9,HopcroftKarpMatcher,2,na,paths_found_per_phase,1
U4,2000,1.4,9,HopcroftKarpMatcher,2,na,bfs_edges_visited,8256
U4,2000,1.4,9,HopcroftKarpMatcher,2,na,dfs_edges_visited,1101
U4,2000,1.4,9,HopcroftKarpMatcher,2,na,defect_at_iteration,0
U4,2000,1.4,9,HopcroftKarpMatcher,-1,na,phase_count,3
U4,2000,1.4,9,HopcroftKarpMatcher,-1,na,main_loop_iters,3
U4,2000,1.4,9,HopcroftKarpMatcher,-1,na,total_bfs_edges_visited,70157
U4,2000,1.4,9,HopcroftKarpMatcher,-1,na,total_edges_visited,102811
U4,2000,1.4,9,HopcroftKarpMatcher,-1,na,matching_size,2000
U4,2000,1.4,9,HopcroftKarpMatcher,-1,na,wall_clock_ms,10.6111
U4,2000,1.4,9,HopcroftKarpMatcher,-1,na,matching_size,2000
U4,1000,1,14,SimpleAugmentingMatcher,-1,na,wall_clock_ms,1.43156
U4,1000,1,14,SimpleAugmentingMatcher,-1,na,matching_size,548
U4,1000,1,14,HopcroftKarpMatcher,0,na,paths_found_per_phase,514
U4,1000,1,14,HopcroftKarpMatcher,0,na,bfs_edges_visited,1000
U4,1000,1,14,HopcroftKarpMatcher,0,na,dfs_edges_visited,720
U4,1000,1,14,HopcroftKarpMatcher,0,na,defect_at_iteration,486
U4,1000,1,14,HopcroftKarpMatcher,1,na,paths_found_per_phase,33
U4,1000,1,14,HopcroftKarpMatcher,1,na,bfs_edges_visited,326
U4,1000,1,14,HopcroftKarpMatcher,1,na,dfs_edges_visited,355
U4,1000,1,14,HopcroftKarpMatcher,1,na,defect_at_iteration,453
U4,1000,1,14,HopcroftKarpMatcher,2,na,paths_found_per_phase,1
U4,1000,1,14,HopcroftKarpMatcher,2,na,bfs_edges_visited,239
U4,1000,1,14,HopcroftKarpMatcher,2,na,dfs_edges_visited,239
U4,1000,1,14,HopcroftKarpMatcher,2,na,defect_at_iteration,452
U4,1000,1,14,HopcroftKarpMatcher,-1,na,phase_count,3
U4,1000,1,14,HopcroftKarpMatcher,-1,na,main_loop_iters,3
U4,1000,1,14,HopcroftKarpMatcher,-1,na,total_bfs_edges_visited,1565
U4,1000,1,14,HopcroftKarpMatcher,-1,na,total_edges_visited,2879
U4,1000,1,14,HopcroftKarpMatcher,-1,na,matching_size,548
U4,1000,1,14,HopcroftKarpMatcher,-1,na,wall_clock_ms,7.54339
U4,1000,1,14,HopcroftKarpMatcher,-1,na,matching_size,548
U4,2000,1.7,13,SimpleAugmentingMatcher,-1,na,wall_clock_ms,2524.88
U4,2000,1.7,13,SimpleAugmentingMatcher,-1,na,matching_size,2000
U4,2000,1.7,13,HopcroftKarpMatcher,0,na,paths_found_per_phase,1995
U4,2000,1.7,13,HopcroftKarpMatcher,0,na,bfs_edges_visited,409026
U4,2000,1.7,13,HopcroftKarpMatcher,0,na,dfs_edges_visited,204793
U4,2000,1.7,13,HopcroftKarpMatcher,0,na,defect_at_iteration,5
U4,2000,1.7,13,HopcroftKarpMatcher,1,na,paths_found_per_phase,5
U4,2000,1.7,13,HopcroftKarpMatcher,1,na,bfs_edges_visited,166292
U4,2000,1.7,13,HopcroftKarpMatcher,1,na,dfs_edges_visited,3356
U4,2000,1.7,13,HopcroftKarpMatcher,1,na,defect_at_iteration,0
U4,2000,1.7,13,HopcroftKarpMatcher,-1,na,phase_count,2
U4,2000,1.7,13,HopcroftKarpMatcher,-1,na,main_loop_iters,2
U4,2000,1.7,13,HopcroftKarpMatcher,-1,na,total_bfs_edges_visited,575318
U4,2000,1.7,13,HopcroftKarpMatcher,-1,na,total_edges_visited,783467
U4,2000,1.7,13,HopcroftKarpMatcher,-1,na,matching_size,2000
U4,2000,1.7,13,HopcroftKarpMatcher,-1,na,wall_clock_ms,15.19
U4,2000,1.7,13,HopcroftKarpMatcher,-1,na,matching_size,2000
U4,1000,1.2,2,SimpleAugmentingMatcher,-1,na,wall_clock_ms,43.71
U4,1000,1.2,2,SimpleAugmentingMatcher,-1,na,matching_size,970
U4,1000,1.2,2,HopcroftKarpMatcher,0,na,paths_found_per_phase,820
U4,1000,1.2,2,HopcroftKarpMatcher,0,na,bfs_edges_visited,3981
U4,1000,1.2,2,HopcroftKarpMatcher,0,na,dfs_edges_visited,2200
U4,1000,1.2,2,HopcroftKarpMatcher,0,na,defect_at_iteration,180
U4,1000,1.2,2,HopcroftKarpMatcher,1,na,paths_found_per_phase,110
U4,1000,1.2,2,HopcroftKarpMatcher,1,na,bfs_edges_visited,1880
U4,1000,1.2,2,HopcroftKarpMatcher,1,na,dfs_edges_visited,2086
U4,1000,1.2,2,HopcroftKarpMatcher,1,na,defect_at_iteration,70
U4,1000,1.2,2,HopcroftKarpMatcher,2,na,paths_found_per_phase,21
U4,1000,1.2,2,HopcroftKarpMatcher,2,na,bfs_edges_visited,1298
U4,1000,1.2,2,HopcroftKarpMatcher,2,na,dfs_edges_visited,1855
U4,1000,1.2,2,HopcroftKarpMatcher,2,na,defect_at_iteration,49
U4,1000,1.2,2,HopcroftKarpMatcher,3,na,paths_found_per_phase,13
U4,1000,1.2,2,HopcroftKarpMatcher,3,na,bfs_edges_visited,2562
U4,1000,1.2,2,HopcroftKarpMatcher,3,na,dfs_edges_visited,2083
U4,1000,1.2,2,HopcroftKarpMatcher,3,na,defect_at_iteration,36
U4,1000,1.2,2,HopcroftKarpMatcher,4,na,paths_found_per_phase,3
U4,1000,1.2,2,HopcroftKarpMatcher,4,na,bfs_edges_visited,2353
U4,1000,1.2,2,HopcroftKarpMatcher,4,na,dfs_edges_visited,2787
U4,1000,1.2,2,HopcroftKarpMatcher,4,na,defect_at_iteration,33
U4,1000,1.2,2,HopcroftKarpMatcher,5,na,paths_found_per_phase,3
U4,1000,1.2,2,HopcroftKarpMatcher,5,na,bfs_edges_visited,3210
U4,1000,1.2,2,HopcroftKarpMatcher,5,na,dfs_edges_visited,2391
U4,1000,1.2,2,HopcroftKarpMatcher,5,na,defect_at_iteration,30
U4,1000,1.2,2,HopcroftKarpMatcher,-1,na,phase_count,6
U4,1000,1.2,2,HopcroftKarpMatcher,-1,na,main_loop_iters,6
U4,1000,1.2,2,HopcroftKarpMatcher,-1,na,total_bfs_edges_visited,15284
U4,1000,1.2,2,HopcroftKarpMatcher,-1,na,total_edges_visited,28686
U4,1000,1.2,2,HopcroftKarpMatcher,-1,na,matching_size,970
U4,1000,1.2,2,HopcroftKarpMatcher,-1,na,wall_clock_ms,8.62082
U4,1000,1.2,2,HopcroftKarpMatcher,-1,na,matching_size,970
U4,500,2,4,SimpleAugmentingMatcher,-1,na,wall_clock_ms,27.8843
U4,500,2,4,SimpleAugmentingMatcher,-1,na,matching_size,500
U4,500,2,4,HopcroftKarpMatcher,0,na,paths_found_per_phase,500
U4,500,2,4,HopcroftKarpMatcher,0,na,bfs_edges_visited,250000
U4,500,2,4,HopcroftKarpMatcher,0,na,dfs_edges_visited,125250
U4,500,2,4,HopcroftKarpMatcher,0,na,defect_at_iteration,0
U4,500,2,4,HopcroftKarpMatcher,-1,na,phase_count,1
U4,500,2,4,HopcroftKarpMatcher,-1,na,main_loop_iters,1
U4,500,2,4,HopcroftKarpMatcher,-1,na,total_bfs_edges_visited,250000
U4,500,2,4,HopcroftKarpMatcher,-1,na,total_edges_visited,375250
U4,500,2,4,HopcroftKarpMatcher,-1,na,matching_size,500
U4,500,2,4,HopcroftKarpMatcher,-1,na,wall_clock_ms,0.513307
U4,500,2,4,HopcroftKarpMatcher,-1,na,matching_size,500
U4,1000,2,8,SimpleAugmentingMatcher,-1,na,wall_clock_ms,218.247
U4,1000,2,8,SimpleAugmentingMatcher,-1,na,matching_size,1000
U4,1000,2,8,HopcroftKarpMatcher,0,na,paths_found_per_phase,1000
U4,1000,2,8,HopcroftKarpMatcher,0,na,bfs_edges_visited,1e+06
U4,1000,2,8,HopcroftKarpMatcher,0,na,dfs_edges_visited,500500
U4,1000,2,8,HopcroftKarpMatcher,0,na,defect_at_iteration,0
U4,1000,2,8,HopcroftKarpMatcher,-1,na,phase_count,1
U4,1000,2,8,HopcroftKarpMatcher,-1,na,main_loop_iters,1
U4,1000,2,8,HopcroftKarpMatcher,-1,na,total_bfs_edges_visited,1e+06
U4,1000,2,8,HopcroftKarpMatcher,-1,na,total_edges_visited,1.5005e+06
U4,1000,2,8,HopcroftKarpMatcher,-1,na,matching_size,1000
U4,1000,2,8,HopcroftKarpMatcher,-1,na,wall_clock_ms,2.00554
U4,1000,2,8,HopcroftKarpMatcher,-1,na,matching_size,1000
U4,500,1.1,3,SimpleAugmentingMatcher,-1,na,wall_clock_ms,0.427252
U4,500,1.1,3,SimpleAugmentingMatcher,-1,na,matching_size,378
U4,500,1.1,3,HopcroftKarpMatcher,0,na,paths_found_per_phase,322
U4,500,1.1,3,HopcroftKarpMatcher,0,na,bfs_edges_visited,930
U4,500,1.1,3,HopcroftKarpMatcher,0,na,dfs_edges_visited,580
U4,500,1.1,3,HopcroftKarpMatcher,0,na,defect_at_iteration,178
U4,500,1.1,3,HopcroftKarpMatcher,1,na,paths_found_per_phase,47
U4,500,1.1,3,HopcroftKarpMatcher,1,na,bfs_edges_visited,431
U4,500,1.1,3,HopcroftKarpMatcher,1,na,dfs_edges_visited,447
U4,500,1.1,3,HopcroftKarpMatcher,1,na,defect_at_iteration,131
U4,500,1.1,3,HopcroftKarpMatcher,2,na,paths_found_per_phase,6
U4,500,1.1,3,HopcroftKarpMatcher,2,na,bfs_edges_visited,268
U4,500,1.1,3,HopcroftKarpMatcher,2,na,dfs_edges_visited,283
U4,500,1.1,3,HopcroftKarpMatcher,2,na,defect_at_iteration,125
U4,500,1.1,3,HopcroftKarpMatcher,3,na,paths_found_per_phase,3
U4,500,1.1,3,HopcroftKarpMatcher,3,na,bfs_edges_visited,255
U4,500,1.1,3,HopcroftKarpMatcher,3,na,dfs_edges_visited,267
U4,500,1.1,3,HopcroftKarpMatcher,3,na,defect_at_iteration,122
U4,500,1.1,3,HopcroftKarpMatcher,-1,na,phase_count,4
U4,500,1.1,3,HopcroftKarpMatcher,-1,na,main_loop_iters,4
U4,500,1.1,3,HopcroftKarpMatcher,-1,na,total_bfs_edges_visited,1884
U4,500,1.1,3,HopcroftKarpMatcher,-1,na,total_edges_visited,3461
U4,500,1.1,3,HopcroftKarpMatcher,-1,na,matching_size,378
U4,500,1.1,3,HopcroftKarpMatcher,-1,na,wall_clock_ms,1.29711
U4,500,1.1,3,HopcroftKarpMatcher,-1,na,matching_size,378
U4,2000,1.6,2,SimpleAugmentingMatcher,-1,na,wall_clock_ms,1706.57
U4,2000,1.6,2,SimpleAugmentingMatcher,-1,na,matching_size,2000
U4,2000,1.6,2,HopcroftKarpMatcher,0,na,paths_found_per_phase,1986
U4,2000,1.6,2,HopcroftKarpMatcher,0,na,bfs_edges_visited,191270
U4,2000,1.6,2,HopcroftKarpMatcher,0,na,dfs_edges_visited,96077
U4,2000,1.6,2,HopcroftKarpMatcher,0,na,defect_at_iteration,14
U4,2000,1.6,2,HopcroftKarpMatcher,1,na,paths_found_per_phase,14
U4,2000,1.6,2,HopcroftKarpMatcher,1,na,bfs_edges_visited,95457
U4,2000,1.6,2,HopcroftKarpMatcher,1,na,dfs_edges_visited,8582
U4,2000,1.6,2,HopcroftKarpMatcher,1,na,defect_at_iteration,0
U4,2000,1.6,2,HopcroftKarpMatcher,-1,na,phase_count,2
U4,2000,1.6,2,HopcroftKarpMatcher,-1,na,main_loop_iters,2
U4,2000,1.6,2,HopcroftKarpMatcher,-1,na,total_bfs_edges_visited,286727
U4,2000,1.6,2,HopcroftKarpMatcher,-1,na,total_edges_visited,391386
U4,2000,1.6,2,HopcroftKarpMatcher,-1,na,matching_size,2000
U4,2000,1.6,2,HopcroftKarpMatcher,-1,na,wall_clock_ms,11.8102
U4,2000,1.6,2,HopcroftKarpMatcher,-1,na,matching_size,2000
U4,2000,1,5,SimpleAugmentingMatcher,-1,na,wall_clock_ms,3.7571
U4,2000,1,5,SimpleAugmentingMatcher,-1,na,matching_size,1099
U4,2000,1,5,HopcroftKarpMatcher,0,na,paths_found_per_phase,1031
U4,2000,1,5,HopcroftKarpMatcher,0,na,bfs_edges_visited,2000
U4,2000,1,5,HopcroftKarpMatcher,0,na,dfs_edges_visited,1480
U4,2000,1,5,HopcroftKarpMatcher,0,na,defect_at_iteration,969
U4,2000,1,5,HopcroftKarpMatcher,1,na,paths_found_per_phase,64
U4,2000,1,5,HopcroftKarpMatcher,1,na,bfs_edges_visited,714
U4,2000,1,5,HopcroftKarpMatcher,1,na,dfs_edges_visited,734
U4,2000,1,5,HopcroftKarpMatcher,1,na,defect_at_iteration,905
U4,2000,1,5,HopcroftKarpMatcher,2,na,paths_found_per_phase,4
U4,2000,1,5,HopcroftKarpMatcher,2,na,bfs_edges_visited,552
U4,2000,1,5,HopcroftKarpMatcher,2,na,dfs_edges_visited,546
U4,2000,1,5,HopcroftKarpMatcher,2,na,defect_at_iteration,901
U4,2000,1,5,HopcroftKarpMatcher,-1,na,phase_count,3
U4,2000,1,5,HopcroftKarpMatcher,-1,na,main_loop_iters,3
U4,2000,1,5,HopcroftKarpMatcher,-1,na,total_bfs_edges_visited,3266
U4,2000,1,5,HopcroftKarpMatcher,-1,na,total_edges_visited,6026
U4,2000,1,5,HopcroftKarpMatcher,-1,na,matching_size,1099
U4,2000,1,5,HopcroftKarpMatcher,-1,na,wall_clock_ms,18.0477
U4,2000,1,5,HopcroftKarpMatcher,-1,na,matching_size,1099
U4,1000,1.3,1,SimpleAugmentingMatcher,-1,na,wall_clock_ms,40.5848
U4,1000,1.3,1,SimpleAugmentingMatcher,-1,na,matching_size,999
U4,1000,1.3,1,HopcroftKarpMatcher,0,na,paths_found_per_phase,903
U4,1000,1.3,1,HopcroftKarpMatcher,0,na,bfs_edges_visited,7943
U4,1000,1.3,1,HopcroftKarpMatcher,0,na,dfs_edges_visited,4062
U4,1000,1.3,1,HopcroftKarpMatcher,0,na,defect_at_iteration,97
U4,1000,1.3,1,HopcroftKarpMatcher,1,na,paths_found_per_phase,90
U4,1000,1.3,1,HopcroftKarpMatcher,1,na,bfs_edges_visited,4262
U4,1000,1.3,1,HopcroftKarpMatcher,1,na,dfs_edges_visited,3948
U4,1000,1.3,1,HopcroftKarpMatcher,1,na,defect_at_iteration,7
U4,1000,1.3,1,HopcroftKarpMatcher,2,na,paths_found_per_phase,5
U4,1000,1.3,1,HopcroftKarpMatcher,2,na,bfs_edges_visited,2049
U4,1000,1.3,1,HopcroftKarpMatcher,2,na,dfs_edges_visited,2601
U4,1000,1.3,1,HopcroftKarpMatcher,2,na,defect_at_iteration,2
U4,1000,1.3,1,HopcroftKarpMatcher,3,na,paths_found_per_phase,1
U4,1000,1.3,1,HopcroftKarpMatcher,3,na,bfs_edges_visited,4063
U4,1000,1.3,1,HopcroftKarpMatcher,3,na,dfs_edges_visited,1076
U4,1000,1.3,1,HopcroftKarpMatcher,3,na,defect_at_iteration,1
U4,1000,1.3,1,HopcroftKarpMatcher,-1,na,phase_count,4
U4,1000,1.3,1,HopcroftKarpMatcher,-1,na,main_loop_iters,4
U4,1000,1.3,1,HopcroftKarpMatcher,-1,na,total_bfs_edges_visited,18317
U4,1000,1.3,1,HopcroftKarpMatcher,-1,na,total_edges_visited,30004
U4,1000,1.3,1,HopcroftKarpMatcher,-1,na,matching_size,999
U4,1000,1.3,1,HopcroftKarpMatcher,-1,na,wall_clock_ms,4.01461
U4,1000,1.3,1,HopcroftKarpMatcher,-1,na,matching_size,999
U4,500,1.8,12,SimpleAugmentingMatcher,-1,na,wall_clock_ms,73.3073
U4,500,1.8,12,SimpleAugmentingMatcher,-1,na,matching_size,500
U4,500,1.8,12,HopcroftKarpMatcher,0,na,paths_found_per_phase,498
U4,500,1.8,12,HopcroftKarpMatcher,0,na,bfs_edges_visited,72134
U4,500,1.8,12,HopcroftKarpMatcher,0,na,dfs_edges_visited,36222
U4,500,1.8,12,HopcroftKarpMatcher,0,na,defect_at_iteration,2
U4,500,1.8,12,HopcroftKarpMatcher,1,na,paths_found_per_phase,2
U4,500,1.8,12,HopcroftKarpMatcher,1,na,bfs_edges_visited,34598
U4,500,1.8,12,HopcroftKarpMatcher,1,na,dfs_edges_visited,423
U4,500,1.8,12,HopcroftKarpMatcher,1,na,defect_at_iteration,0
U4,500,1.8,12,HopcroftKarpMatcher,-1,na,phase_count,2
U4,500,1.8,12,HopcroftKarpMatcher,-1,na,main_loop_iters,2
U4,500,1.8,12,HopcroftKarpMatcher,-1,na,total_bfs_edges_visited,106732
U4,500,1.8,12,HopcroftKarpMatcher,-1,na,total_edges_visited,143377
U4,500,1.8,12,HopcroftKarpMatcher,-1,na,matching_size,500
U4,500,1.8,12,HopcroftKarpMatcher,-1,na,wall_clock_ms,2.03311
U4,500,1.8,12,HopcroftKarpMatcher,-1,na,matching_size,500
U4,1000,1.1,0,SimpleAugmentingMatcher,-1,na,wall_clock_ms,2.58516
U4,1000,1.1,0,SimpleAugmentingMatcher,-1,na,matching_size,776
U4,1000,1.1,0,HopcroftKarpMatcher,0,na,paths_found_per_phase,689
U4,1000,1.1,0,HopcroftKarpMatcher,0,na,bfs_edges_visited,1995
U4,1000,1.1,0,HopcroftKarpMatcher,0,na,dfs_edges_visited,1239
U4,1000,1.1,0,HopcroftKarpMatcher,0,na,defect_at_iteration,311
U4,1000,1.1,0,HopcroftKarpMatcher,1,na,paths_found_per_phase,75
U4,1000,1.1,0,HopcroftKarpMatcher,1,na,bfs_edges_visited,801
U4,1000,1.1,0,HopcroftKarpMatcher,1,na,dfs_edges_visited,856
U4,1000,1.1,0,HopcroftKarpMatcher,1,na,defect_at_iteration,236
U4,1000,1.1,0,HopcroftKarpMatcher,2,na,paths_found_per_phase,6
U4,1000,1.1,0,HopcroftKarpMatcher,2,na,bfs_edges_visited,489
U4,1000,1.1,0,HopcroftKarpMatcher,2,na,dfs_edges_visited,578
U4,1000,1.1,0,HopcroftKarpMatcher,2,na,defect_at_iteration,230
U4,1000,1.1,0,HopcroftKarpMatcher,3,na,paths_found_per_phase,3
U4,1000,1.1,0,HopcroftKarpMatcher,3,na,bfs_edges_visited,600
U4,1000,1.1,0,HopcroftKarpMatcher,3,na,dfs_edges_visited,626
U4,1000,1.1,0,HopcroftKarpMatcher,3,na,defect_at_iteration,227
U4,1000,1.1,0,HopcroftKarpMatcher,4,na,paths_found_per_phase,2
U4,1000,1.1,0,HopcroftKarpMatcher,4,na,bfs_edges_visited,624
U4,1000,1.1,0,HopcroftKarpMatcher,4,na,dfs_edges_visited,586
U4,1000,1.1,0,HopcroftKarpMatcher,4,na,defect_at_iteration,225
U4,1000,1.1,0,HopcroftKarpMatcher,5,na,paths_found_per_phase,1
U4,1000,1.1,0,HopcroftKarpMatcher,5,na,bfs_edges_visited,567
U4,1000,1.1,0,HopcroftKarpMatcher,5,na,dfs_edges_visited,544
U4,1000,1.1,0,HopcroftKarpMatcher,5,na,defect_at_iteration,224
U4,1000,1.1,0,HopcroftKarpMatcher,-1,na,phase_count,6
U4,1000,1.1,0,HopcroftKarpMatcher,-1,na,main_loop_iters,6
U4,1000,1.1,0,HopcroftKarpMatcher,-1,na,total_bfs_edges_visited,5076
U4,1000,1.1,0,HopcroftKarpMatcher,-1,na,total_edges_visited,9505
U4,1000,1.1,0,HopcroftKarpMatcher,-1,na,matching_size,776
U4,1000,1.1,0,HopcroftKarpMatcher,-1,na,wall_clock_ms,6.71276
U4,1000,1.1,0,HopcroftKarpMatcher,-1,na,matching_size,776
U4,2000,1.7,9,SimpleAugmentingMatcher,-1,na,wall_clock_ms,2526.22
U4,2000,1.7,9,SimpleAugmentingMatcher,-1,na,matching_size,2000
U4,2000,1.7,9,HopcroftKarpMatcher,0,na,paths_found_per_phase,1991
U4,2000,1.7,9,HopcroftKarpMatcher,0,na,bfs_edges_visited,409026
U4,2000,1.7,9,HopcroftKarpMatcher,0,na,dfs_edges_visited,204455
U4,2000,1.7,9,HopcroftKarpMatcher,0,na,defect_at_iteration,9
U4,2000,1.7,9,HopcroftKarpMatcher,1,na,paths_found_per_phase,9
U4,2000,1.7,9,HopcroftKarpMatcher,1,na,bfs_edges_visited,258629
U4,2000,1.7,9,HopcroftKarpMatcher,1,na,dfs_edges_visited,12183
U4,2000,1.7,9,HopcroftKarpMatcher,1,na,defect_at_iteration,0
U4,2000,1.7,9,HopcroftKarpMatcher,-1,na,phase_count,2
U4,2000,1.7,9,HopcroftKarpMatcher,-1,na,main_loop_iters,2
U4,2000,1.7,9,HopcroftKarpMatcher,-1,na,total_bfs_edges_visited,667655
U4,2000,1.7,9,HopcroftKarpMatcher,-1,na,total_edges_visited,884293
U4,2000,1.7,9,HopcroftKarpMatcher,-1,na,matching_size,2000
U4,2000,1.7,9,HopcroftKarpMatcher,-1,na,wall_clock_ms,17.2576
U4,2000,1.7,9,HopcroftKarpMatcher,-1,na,matching_size,2000
U4,2000,1.9,2,SimpleAugmentingMatcher,-1,na,wall_clock_ms,7022.18
U4,2000,1.9,2,SimpleAugmentingMatcher,-1,na,matching_size,2000
U4,2000,1.9,2,HopcroftKarpMatcher,0,na,paths_found_per_phase,2000
U4,2000,1.9,2,HopcroftKarpMatcher,0,na,bfs_edges_visited,1.8705e+06
U4,2000,1.9,2,HopcroftKarpMatcher,0,na,dfs_edges_visited,936621
U4,2000,1.9,2,HopcroftKarpMatcher,0,na,defect_at_iteration,0
U4,2000,1.9,2,HopcroftKarpMatcher,-1,na,phase_count,1
U4,2000,1.9,2,HopcroftKarpMatcher,-1,na,main_loop_iters,1
U4,2000,1.9,2,HopcroftKarpMatcher,-1,na,total_bfs_edges_visited,1.8705e+06
U4,2000,1.9,2,HopcroftKarpMatcher,-1,na,total_edges_visited,2.80712e+06
U4,2000,1.9,2,HopcroftKarpMatcher,-1,na,matching_size,2000
U4,2000,1.9,2,HopcroftKarpMatcher,-1,na,wall_clock_ms,32.2134
U4,2000,1.9,2,HopcroftKarpMatcher,-1,na,matching_size,2000
U4,1000,1.4,13,SimpleAugmentingMatcher,-1,na,wall_clock_ms,87.0168
U4,1000,1.4,13,SimpleAugmentingMatcher,-1,na,matching_size,1000
U4,1000,1.4,13,HopcroftKarpMatcher,0,na,paths_found_per_phase,945
U4,1000,1.4,13,HopcroftKarpMatcher,0,na,bfs_edges_visited,15848
U4,1000,1.4,13,HopcroftKarpMatcher,0,na,dfs_edges_visited,7914
U4,1000,1.4,13,HopcroftKarpMatcher,0,na,defect_at_iteration,55
U4,1000,1.4,13,HopcroftKarpMatcher,1,na,paths_found_per_phase,55
U4,1000,1.4,13,HopcroftKarpMatcher,1,na,bfs_edges_visited,9111
U4,1000,1.4,13,HopcroftKarpMatcher,1,na,dfs_edges_visited,4949
U4,1000,1.4,13,HopcroftKarpMatcher,1,na,defect_at_iteration,0
U4,1000,1.4,13,HopcroftKarpMatcher,-1,na,phase_count,2
U4,1000,1.4,13,HopcroftKarpMatcher,-1,na,main_loop_iters,2
U4,1000,1.4,13,HopcroftKarpMatcher,-1,na,total_bfs_edges_visited,24959
U4,1000,1.4,13,HopcroftKarpMatcher,-1,na,total_edges_visited,37822
U4,1000,1.4,13,HopcroftKarpMatcher,-1,na,matching_size,1000
U4,1000,1.4,13,HopcroftKarpMatcher,-1,na,wall_clock_ms,2.7528
U4,1000,1.4,13,HopcroftKarpMatcher,-1,na,matching_size,1000
U4,2000,2,13,SimpleAugmentingMatcher,-1,na,wall_clock_ms,1729.77
U4,2000,2,13,SimpleAugmentingMatcher,-1,na,matching_size,2000
U4,2000,2,13,HopcroftKarpMatcher,0,na,paths_found_per_phase,2000
U4,2000,2,13,HopcroftKarpMatcher,0,na,bfs_edges_visited,4e+06
U4,2000,2,13,HopcroftKarpMatcher,0,na,dfs_edges_visited,2.001e+06
U4,2000,2,13,HopcroftKarpMatcher,0,na,defect_at_iteration,0
U4,2000,2,13,HopcroftKarpMatcher,-1,na,phase_count,1
U4,2000,2,13,HopcroftKarpMatcher,-1,na,main_loop_iters,1
U4,2000,2,13,HopcroftKarpMatcher,-1,na,total_bfs_edges_visited,4e+06
U4,2000,2,13,HopcroftKarpMatcher,-1,na,total_edges_visited,6.001e+06
U4,2000,2,13,HopcroftKarpMatcher,-1,na,matching_size,2000
U4,2000,2,13,HopcroftKarpMatcher,-1,na,wall_clock_ms,7.98158
U4,2000,2,13,HopcroftKarpMatcher,-1,na,matching_size,2000
U4,500,1.3,2,SimpleAugmentingMatcher,-1,na,wall_clock_ms,5.51331
U4,500,1.3,2,SimpleAugmentingMatcher,-1,na,matching_size,499
U4,500,1.3,2,HopcroftKarpMatcher,0,na,paths_found_per_phase,448
U4,500,1.3,2,HopcroftKarpMatcher,0,na,bfs_edges_visited,3225
U4,500,1.3,2,HopcroftKarpMatcher,0,na,dfs_edges_visited,1631
U4,500,1.3,2,HopcroftKarpMatcher,0,na,defect_at_iteration,52
U4,500,1.3,2,HopcroftKarpMatcher,1,na,paths_found_per_phase,44
U4,500,1.3,2,HopcroftKarpMatcher,1,na,bfs_edges_visited,1437
U4,500,1.3,2,HopcroftKarpMatcher,1,na,dfs_edges_visited,1779
U4,500,1.3,2,HopcroftKarpMatcher,1,na,defect_at_iteration,8
U4,500,1.3,2,HopcroftKarpMatcher,2,na,paths_found_per_phase,7
U4,500,1.3,2,HopcroftKarpMatcher,2,na,bfs_edges_visited,1105
U4,500,1.3,2,HopcroftKarpMatcher,2,na,dfs_edges_visited,1773
U4,500,1.3,2,HopcroftKarpMatcher,2,na,defect_at_iteration,1
U4,500,1.3,2,HopcroftKarpMatcher,-1,na,phase_count,3
U4,500,1.3,2,HopcroftKarpMatcher,-1,na,main_loop_iters,3
U4,500,1.3,2,HopcroftKarpMatcher,-1,na,total_bfs_edges_visited,5767
U4,500,1.3,2,HopcroftKarpMatcher,-1,na,total_edges_visited,10950
U4,500,1.3,2,HopcroftKarpMatcher,-1,na,matching_size,499
U4,500,1.3,2,HopcroftKarpMatcher,-1,na,wall_clock_ms,0.972653
U4,500,1.3,2,HopcroftKarpMatcher,-1,na,matching_size,499
U4,500,1.4,13,SimpleAugmentingMatcher,-1,na,wall_clock_ms,10.529
U4,500,1.4,13,SimpleAugmentingMatcher,-1,na,matching_size,500
U4,500,1.4,13,HopcroftKarpMatcher,0,na,paths_found_per_phase,475
U4,500,1.4,13,HopcroftKarpMatcher,0,na,bfs_edges_visited,6005
U4,500,1.4,13,HopcroftKarpMatcher,0,na,dfs_edges_visited,3088
U4,500,1.4,13,HopcroftKarpMatcher,0,na,defect_at_iteration,25
U4,500,1.4,13,HopcroftKarpMatcher,1,na,paths_found_per_phase,24
U4,500,1.4,13,HopcroftKarpMatcher,1,na,bfs_edges_visited,2753
U4,500,1.4,13,HopcroftKarpMatcher,1,na,dfs_edges_visited,2098
U4,500,1.4,13,HopcroftKarpMatcher,1,na,defect_at_iteration,1
U4,500,1.4,13,HopcroftKarpMatcher,2,na,paths_found_per_phase,1
U4,500,1.4,13,HopcroftKarpMatcher,2,na,bfs_edges_visited,1407
U4,500,1.4,13,HopcroftKarpMatcher,2,na,dfs_edges_visited,879
U4,500,1.4,13,HopcroftKarpMatcher,2,na,defect_at_iteration,0
U4,500,1.4,13,HopcroftKarpMatcher,-1,na,phase_count,3
U4,500,1.4,13,HopcroftKarpMatcher,-1,na,main_loop_iters,3
U4,500,1.4,13,HopcroftKarpMatcher,-1,na,total_bfs_edges_visited,10165
U4,500,1.4,13,HopcroftKarpMatcher,-1,na,total_edges_visited,16230
U4,500,1.4,13,HopcroftKarpMatcher,-1,na,matching_size,500
U4,500,1.4,13,HopcroftKarpMatcher,-1,na,wall_clock_ms,0.844594
U4,500,1.4,13,HopcroftKarpMatcher,-1,na,matching_size,500
U4,500,1.7,4,SimpleAugmentingMatcher,-1,na,wall_clock_ms,45.2755
U4,500,1.7,4,SimpleAugmentingMatcher,-1,na,matching_size,500
U4,500,1.7,4,HopcroftKarpMatcher,0,na,paths_found_per_phase,496
U4,500,1.7,4,HopcroftKarpMatcher,0,na,bfs_edges_visited,38747
U4,500,1.7,4,HopcroftKarpMatcher,0,na,dfs_edges_visited,19352
U4,500,1.7,4,HopcroftKarpMatcher,0,na,defect_at_iteration,4
U4,500,1.7,4,HopcroftKarpMatcher,1,na,paths_found_per_phase,4
U4,500,1.7,4,HopcroftKarpMatcher,1,na,bfs_edges_visited,19058
U4,500,1.7,4,HopcroftKarpMatcher,1,na,dfs_edges_visited,1462
U4,500,1.7,4,HopcroftKarpMatcher,1,na,defect_at_iteration,0
U4,500,1.7,4,HopcroftKarpMatcher,-1,na,phase_count,2
U4,500,1.7,4,HopcroftKarpMatcher,-1,na,main_loop_iters,2
U4,500,1.7,4,HopcroftKarpMatcher,-1,na,total_bfs_edges_visited,57805
U4,500,1.7,4,HopcroftKarpMatcher,-1,na,total_edges_visited,78619
U4,500,1.7,4,HopcroftKarpMatcher,-1,na,matching_size,500
U4,500,1.7,4,HopcroftKarpMatcher,-1,na,wall_clock_ms,1.31588
U4,500,1.7,4,HopcroftKarpMatcher,-1,na,matching_size,500
U4,1000,1.7,12,SimpleAugmentingMatcher,-1,na,wall_clock_ms,340
U4,1000,1.7,12,SimpleAugmentingMatcher,-1,na,matching_size,1000
U4,1000,1.7,12,HopcroftKarpMatcher,0,na,paths_found_per_phase,996
U4,1000,1.7,12,HopcroftKarpMatcher,0,na,bfs_edges_visited,125892
U4,1000,1.7,12,HopcroftKarpMatcher,0,na,dfs_edges_visited,63059
U4,1000,1.7,12,HopcroftKarpMatcher,0,na,defect_at_iteration,4
U4,1000,1.7,12,HopcroftKarpMatcher,1,na,paths_found_per_phase,4
U4,1000,1.7,12,HopcroftKarpMatcher,1,na,bfs_edges_visited,53560
U4,1000,1.7,12,HopcroftKarpMatcher,1,na,dfs_edges_visited,3576
U4,1000,1.7,12,HopcroftKarpMatcher,1,na,defect_at_iteration,0
U4,1000,1.7,12,HopcroftKarpMatcher,-1,na,phase_count,2
U4,1000,1.7,12,HopcroftKarpMatcher,-1,na,main_loop_iters,2
U4,1000,1.7,12,HopcroftKarpMatcher,-1,na,total_bfs_edges_visited,179452
U4,1000,1.7,12,HopcroftKarpMatcher,-1,na,total_edges_visited,246087
U4,1000,1.7,12,HopcroftKarpMatcher,-1,na,matching_size,1000
U4,1000,1.7,12,HopcroftKarpMatcher,-1,na,wall_clock_ms,4.37633
U4,1000,1.7,12,HopcroftKarpMatcher,-1,na,matching_size,1000
U4,500,2,0,SimpleAugmentingMatcher,-1,na,wall_clock_ms,27.8371
U4,500,2,0,SimpleAugmentingMatcher,-1,na,matching_size,500
U4,500,2,0,HopcroftKarpMatcher,0,na,paths_found_per_phase,500
U4,500,2,0,HopcroftKarpMatcher,0,na,bfs_edges_visited,250000
U4,500,2,0,HopcroftKarpMatcher,0,na,dfs_edges_visited,125250
U4,500,2,0,HopcroftKarpMatcher,0,na,defect_at_iteration,0
U4,500,2,0,HopcroftKarpMatcher,-1,na,phase_count,1
U4,500,2,0,HopcroftKarpMatcher,-1,na,main_loop_iters,1
U4,500,2,0,HopcroftKarpMatcher,-1,na,total_bfs_edges_visited,250000
U4,500,2,0,HopcroftKarpMatcher,-1,na,total_edges_visited,375250
U4,500,2,0,HopcroftKarpMatcher,-1,na,matching_size,500
U4,500,2,0,HopcroftKarpMatcher,-1,na,wall_clock_ms,0.511573
U4,500,2,0,HopcroftKarpMatcher,-1,na,matching_size,500
U4,2000,1.5,4,SimpleAugmentingMatcher,-1,na,wall_clock_ms,1184.29
U4,2000,1.5,4,SimpleAugmentingMatcher,-1,na,matching_size,2000
U4,2000,1.5,4,HopcroftKarpMatcher,0,na,paths_found_per_phase,1967
U4,2000,1.5,4,HopcroftKarpMatcher,0,na,bfs_edges_visited,89442
U4,2000,1.5,4,HopcroftKarpMatcher,0,na,dfs_edges_visited,44652
U4,2000,1.5,4,HopcroftKarpMatcher,0,na,defect_at_iteration,33
U4,2000,1.5,4,HopcroftKarpMatcher,1,na,paths_found_per_phase,33
U4,2000,1.5,4,HopcroftKarpMatcher,1,na,bfs_edges_visited,47135
U4,2000,1.5,4,HopcroftKarpMatcher,1,na,dfs_edges_visited,7289
U4,2000,1.5,4,HopcroftKarpMatcher,1,na,defect_at_iteration,0
U4,2000,1.5,4,HopcroftKarpMatcher,-1,na,phase_count,2
U4,2000,1.5,4,HopcroftKarpMatcher,-1,na,main_loop_iters,2
U4,2000,1.5,4,HopcroftKarpMatcher,-1,na,total_bfs_edges_visited,136577
U4,2000,1.5,4,HopcroftKarpMatcher,-1,na,total_edges_visited,188518
U4,2000,1.5,4,HopcroftKarpMatcher,-1,na,matching_size,2000
U4,2000,1.5,4,HopcroftKarpMatcher,-1,na,wall_clock_ms,10.0249
U4,2000,1.5,4,HopcroftKarpMatcher,-1,na,matching_size,2000
U4,500,1.3,12,SimpleAugmentingMatcher,-1,na,wall_clock_ms,8.81985
U4,500,1.3,12,SimpleAugmentingMatcher,-1,na,matching_size,500
U4,500,1.3,12,HopcroftKarpMatcher,0,na,paths_found_per_phase,451
U4,500,1.3,12,HopcroftKarpMatcher,0,na,bfs_edges_visited,3225
U4,500,1.3,12,HopcroftKarpMatcher,0,na,dfs_edges_visited,1701
U4,500,1.3,12,HopcroftKarpMatcher,0,na,defect_at_iteration,49
U4,500,1.3,12,HopcroftKarpMatcher,1,na,paths_found_per_phase,44
U4,500,1.3,12,HopcroftKarpMatcher,1,na,bfs_edges_visited,1609
U4,500,1.3,12,HopcroftKarpMatcher,1,na,dfs_edges_visited,1465
U4,500,1.3,12,HopcroftKarpMatcher,1,na,defect_at_iteration,5
U4,500,1.3,12,HopcroftKarpMatcher,2,na,paths_found_per_phase,2
U4,500,1.3,12,HopcroftKarpMatcher,2,na,bfs_edges_visited,641
U4,500,1.3,12,HopcroftKarpMatcher,2,na,dfs_edges_visited,1414
U4,500,1.3,12,HopcroftKarpMatcher,2,na,defect_at_iteration,3
U4,500,1.3,12,HopcroftKarpMatcher,3,na,paths_found_per_phase,3
U4,500,1.3,12,HopcroftKarpMatcher,3,na,bfs_edges_visited,2759
U4,500,1.3,12,HopcroftKarpMatcher,3,na,dfs_edges_visited,2542
U4,500,1.3,12,HopcroftKarpMatcher,3,na,defect_at_iteration,0
U4,500,1.3,12,HopcroftKarpMatcher,-1,na,phase_count,4
U4,500,1.3,12,HopcroftKarpMatcher,-1,na,main_loop_iters,4
U4,500,1.3,12,HopcroftKarpMatcher,-1,na,total_bfs_edges_visited,8234
U4,500,1.3,12,HopcroftKarpMatcher,-1,na,total_edges_visited,15356
U4,500,1.3,12,HopcroftKarpMatcher,-1,na,matching_size,500
U4,500,1.3,12,HopcroftKarpMatcher,-1,na,wall_clock_ms,2.16513
U4,500,1.3,12,HopcroftKarpMatcher,-1,na,matching_size,500
U4,1000,1.5,3,SimpleAugmentingMatcher,-1,na,wall_clock_ms,151.809
U4,1000,1.5,3,SimpleAugmentingMatcher,-1,na,matching_size,1000
U4,1000,1.5,3,HopcroftKarpMatcher,0,na,paths_found_per_phase,977
U4,1000,1.5,3,HopcroftKarpMatcher,0,na,bfs_edges_visited,31622
U4,1000,1.5,3,HopcroftKarpMatcher,0,na,dfs_edges_visited,15764
U4,1000,1.5,3,HopcroftKarpMatcher,0,na,defect_at_iteration,23
U4,1000,1.5,3,HopcroftKarpMatcher,1,na,paths_found_per_phase,23
U4,1000,1.5,3,HopcroftKarpMatcher,1,na,bfs_edges_visited,16167
U4,1000,1.5,3,HopcroftKarpMatcher,1,na,dfs_edges_visited,4391
U4,1000,1.5,3,HopcroftKarpMatcher,1,na,defect_at_iteration,0
U4,1000,1.5,3,HopcroftKarpMatcher,-1,na,phase_count,2
U4,1000,1.5,3,HopcroftKarpMatcher,-1,na,main_loop_iters,2
U4,1000,1.5,3,HopcroftKarpMatcher,-1,na,total_bfs_edges_visited,47789
U4,1000,1.5,3,HopcroftKarpMatcher,-1,na,total_edges_visited,67944
U4,1000,1.5,3,HopcroftKarpMatcher,-1,na,matching_size,1000
U4,1000,1.5,3,HopcroftKarpMatcher,-1,na,wall_clock_ms,2.78956
U4,1000,1.5,3,HopcroftKarpMatcher,-1,na,matching_size,1000
U4,500,1.3,10,SimpleAugmentingMatcher,-1,na,wall_clock_ms,6.21883
U4,500,1.3,10,SimpleAugmentingMatcher,-1,na,matching_size,500
U4,500,1.3,10,HopcroftKarpMatcher,0,na,paths_found_per_phase,439
U4,500,1.3,10,HopcroftKarpMatcher,0,na,bfs_edges_visited,3225
U4,500,1.3,10,HopcroftKarpMatcher,0,na,dfs_edges_visited,1710
U4,500,1.3,10,HopcroftKarpMatcher,0,na,defect_at_iteration,61
U4,500,1.3,10,HopcroftKarpMatcher,1,na,paths_found_per_phase,54
U4,500,1.3,10,HopcroftKarpMatcher,1,na,bfs_edges_visited,1795
U4,500,1.3,10,HopcroftKarpMatcher,1,na,dfs_edges_visited,1692
U4,500,1.3,10,HopcroftKarpMatcher,1,na,defect_at_iteration,7
U4,500,1.3,10,HopcroftKarpMatcher,2,na,paths_found_per_phase,5
U4,500,1.3,10,HopcroftKarpMatcher,2,na,bfs_edges_visited,926
U4,500,1.3,10,HopcroftKarpMatcher,2,na,dfs_edges_visited,1351
U4,500,1.3,10,HopcroftKarpMatcher,2,na,defect_at_iteration,2
U4,500,1.3,10,HopcroftKarpMatcher,3,na,paths_found_per_phase,2
U4,500,1.3,10,HopcroftKarpMatcher,3,na,bfs_edges_visited,963
U4,500,1.3,10,HopcroftKarpMatcher,3,na,dfs_edges_visited,930
U4,500,1.3,10,HopcroftKarpMatcher,3,na,defect_at_iteration,0
U4,500,1.3,10,HopcroftKarpMatcher,-1,na,phase_count,4
U4,500,1.3,10,HopcroftKarpMatcher,-1,na,main_loop_iters,4
U4,500,1.3,10,HopcroftKarpMatcher,-1,na,total_bfs_edges_visited,6909
U4,500,1.3,10,HopcroftKarpMatcher,-1,na,total_edges_visited,12592
U4,500,1.3,10,HopcroftKarpMatcher,-1,na,matching_size,500
U4,500,1.3,10,HopcroftKarpMatcher,-1,na,wall_clock_ms,1.11668
U4,500,1.3,10,HopcroftKarpMatcher,-1,na,matching_size,500
U4,500,1.4,5,SimpleAugmentingMatcher,-1,na,wall_clock_ms,10.5842
U4,500,1.4,5,SimpleAugmentingMatcher,-1,na,matching_size,500
U4,500,1.4,5,HopcroftKarpMatcher,0,na,paths_found_per_phase,473
U4,500,1.4,5,HopcroftKarpMatcher,0,na,bfs_edges_visited,6005
U4,500,1.4,5,HopcroftKarpMatcher,0,na,dfs_edges_visited,3055
U4,500,1.4,5,HopcroftKarpMatcher,0,na,defect_at_iteration,27
U4,500,1.4,5,HopcroftKarpMatcher,1,na,paths_found_per_phase,27
U4,500,1.4,5,HopcroftKarpMatcher,1,na,bfs_edges_visited,2843
U4,500,1.4,5,HopcroftKarpMatcher,1,na,dfs_edges_visited,1404
U4,500,1.4,5,HopcroftKarpMatcher,1,na,defect_at_iteration,0
U4,500,1.4,5,HopcroftKarpMatcher,-1,na,phase_count,2
U4,500,1.4,5,HopcroftKarpMatcher,-1,na,main_loop_iters,2
U4,500,1.4,5,HopcroftKarpMatcher,-1,na,total_bfs_edges_visited,8848
U4,500,1.4,5,HopcroftKarpMatcher,-1,na,total_edges_visited,13307
U4,500,1.4,5,HopcroftKarpMatcher,-1,na,matching_size,500
U4,500,1.4,5,HopcroftKarpMatcher,-1,na,wall_clock_ms,0.690932
U4,500,1.4,5,HopcroftKarpMatcher,-1,na,matching_size,500
U4,1000,1.3,0,SimpleAugmentingMatcher,-1,na,wall_clock_ms,43.2773
U4,1000,1.3,0,SimpleAugmentingMatcher,-1,na,matching_size,999
U4,1000,1.3,0,HopcroftKarpMatcher,0,na,paths_found_per_phase,918
U4,1000,1.3,0,HopcroftKarpMatcher,0,na,bfs_edges_visited,7943
U4,1000,1.3,0,HopcroftKarpMatcher,0,na,dfs_edges_visited,3984
U4,1000,1.3,0,HopcroftKarpMatcher,0,na,defect_at_iteration,82
U4,1000,1.3,0,HopcroftKarpMatcher,1,na,paths_found_per_phase,75
U4,1000,1.3,0,HopcroftKarpMatcher,1,na,bfs_edges_visited,3668
U4,1000,1.3,0,HopcroftKarpMatcher,1,na,dfs_edges_visited,3741
U4,1000,1.3,0,HopcroftKarpMatcher,1,na,defect_at_iteration,7
U4,1000,1.3,0,HopcroftKarpMatcher,2,na,paths_found_per_phase,5
U4,1000,1.3,0,HopcroftKarpMatcher,2,na,bfs_edges_visited,1932
U4,1000,1.3,0,HopcroftKarpMatcher,2,na,dfs_edges_visited,3647
U4,1000,1.3,0,HopcroftKarpMatcher,2,na,defect_at_iteration,2
U4,1000,1.3,0,HopcroftKarpMatcher,3,na,paths_found_per_phase,1
U4,1000,1.3,0,HopcroftKarpMatcher,3,na,bfs_edges_visited,7357
U4,1000,1.3,0,HopcroftKarpMatcher,3,na,dfs_edges_visited,5747
U4,1000,1.3,0,HopcroftKarpMatcher,3,na,defect_at_iteration,1
U4,1000,1.3,0,HopcroftKarpMatcher,-1,na,phase_count,4
U4,1000,1.3,0,HopcroftKarpMatcher,-1,na,main_loop_iters,4
U4,1000,1.3,0,HopcroftKarpMatcher,-1,na,total_bfs_edges_visited,20900
U4,1000,1.3,0,HopcroftKarpMatcher,-1,na,total_edges_visited,38019
U4,1000,1.3,0,HopcroftKarpMatcher,-1,na,matching_size,999
U4,1000,1.3,0,HopcroftKarpMatcher,-1,na,wall_clock_ms,6.14637
U4,1000,1.3,0,HopcroftKarpMatcher,-1,na,matching_size,999
U4,500,1.8,3,SimpleAugmentingMatcher,-1,na,wall_clock_ms,81.3803
U4,500,1.8,3,SimpleAugmentingMatcher,-1,na,matching_size,500
U4,500,1.8,3,HopcroftKarpMatcher,0,na,paths_found_per_phase,497
U4,500,1.8,3,HopcroftKarpMatcher,0,na,bfs_edges_visited,72134
U4,500,1.8,3,HopcroftKarpMatcher,0,na,dfs_edges_visited,36227
U4,500,1.8,3,HopcroftKarpMatcher,0,na,defect_at_iteration,3
U4,500,1.8,3,HopcroftKarpMatcher,1,na,paths_found_per_phase,3
U4,500,1.8,3,HopcroftKarpMatcher,1,na,bfs_edges_visited,46105
U4,500,1.8,3,HopcroftKarpMatcher,1,na,dfs_edges_visited,1594
U4,500,1.8,3,HopcroftKarpMatcher,1,na,defect_at_iteration,0
U4,500,1.8,3,HopcroftKarpMatcher,-1,na,phase_count,2
U4,500,1.8,3,HopcroftKarpMatcher,-1,na,main_loop_iters,2
U4,500,1.8,3,HopcroftKarpMatcher,-1,na,total_bfs_edges_visited,118239
U4,500,1.8,3,HopcroftKarpMatcher,-1,na,total_edges_visited,156060
U4,500,1.8,3,HopcroftKarpMatcher,-1,na,matching_size,500
U4,500,1.8,3,HopcroftKarpMatcher,-1,na,wall_clock_ms,2.18564
U4,500,1.8,3,HopcroftKarpMatcher,-1,na,matching_size,500
U4,1000,1.1,4,SimpleAugmentingMatcher,-1,na,wall_clock_ms,2.879
U4,1000,1.1,4,SimpleAugmentingMatcher,-1,na,matching_size,791
U4,1000,1.1,4,HopcroftKarpMatcher,0,na,paths_found_per_phase,698
U4,1000,1.1,4,HopcroftKarpMatcher,0,na,bfs_edges_visited,1995
U4,1000,1.1,4,HopcroftKarpMatcher,0,na,dfs_edges_visited,1243
U4,1000,1.1,4,HopcroftKarpMatcher,0,na,defect_at_iteration,302
U4,1000,1.1,4,HopcroftKarpMatcher,1,na,paths_found_per_phase,73
U4,1000,1.1,4,HopcroftKarpMatcher,1,na,bfs_edges_visited,754
U4,1000,1.1,4,HopcroftKarpMatcher,1,na,dfs_edges_visited,813
U4,1000,1.1,4,HopcroftKarpMatcher,1,na,defect_at_iteration,229
U4,1000,1.1,4,HopcroftKarpMatcher,2,na,paths_found_per_phase,10
U4,1000,1.1,4,HopcroftKarpMatcher,2,na,bfs_edges_visited,490
U4,1000,1.1,4,HopcroftKarpMatcher,2,na,dfs_edges_visited,571
U4,1000,1.1,4,HopcroftKarpMatcher,2,na,defect_at_iteration,219
U4,1000,1.1,4,HopcroftKarpMatcher,3,na,paths_found_per_phase,7
U4,1000,1.1,4,HopcroftKarpMatcher,3,na,bfs_edges_visited,552
U4,1000,1.1,4,HopcroftKarpMatcher,3,na,dfs_edges_visited,538
U4,1000,1.1,4,HopcroftKarpMatcher,3,na,defect_at_iteration,212
U4,1000,1.1,4,HopcroftKarpMatcher,4,na,paths_found_per_phase,2
U4,1000,1.1,4,HopcroftKarpMatcher,4,na,bfs_edges_visited,456
U4,1000,1.1,4,HopcroftKarpMatcher,4,na,dfs_edges_visited,470
U4,1000,1.1,4,HopcroftKarpMatcher,4,na,defect_at_iteration,210
U4,1000,1.1,4,HopcroftKarpMatcher,5,na,paths_found_per_phase,1
U4,1000,1.1,4,HopcroftKarpMatcher,5,na,bfs_edges_visited,477
U4,1000,1.1,4,HopcroftKarpMatcher,5,na,dfs_edges_visited,462
U4,1000,1.1,4,HopcroftKarpMatcher,5,na,defect_at_iteration,209
U4,1000,1.1,4,HopcroftKarpMatcher,-1,na,phase_count,6
U4,1000,1.1,4,HopcroftKarpMatcher,-1,na,main_loop_iters,6
U4,1000,1.1,4,HopcroftKarpMatcher,-1,na,total_bfs_edges_visited,4724
U4,1000,1.1,4,HopcroftKarpMatcher,-1,na,total_edges_visited,8821
U4,1000,1.1,4,HopcroftKarpMatcher,-1,na,matching_size,791
U4,1000,1.1,4,HopcroftKarpMatcher,-1,na,wall_clock_ms,6.39082
U4,1000,1.1,4,HopcroftKarpMatcher,-1,na,matching_size,791
U4,500,1.1,11,SimpleAugmentingMatcher,-1,na,wall_clock_ms,0.506802
U4,500,1.1,11,SimpleAugmentingMatcher,-1,na,matching_size,380
U4,500,1.1,11,HopcroftKarpMatcher,0,na,paths_found_per_phase,337
U4,500,1.1,11,HopcroftKarpMatcher,0,na,bfs_edges_visited,930
U4,500,1.1,11,HopcroftKarpMatcher,0,na,dfs_edges_visited,590
U4,500,1.1,11,HopcroftKarpMatcher,0,na,defect_at_iteration,163
U4,500,1.1,11,HopcroftKarpMatcher,1,na,paths_found_per_phase,35
U4,500,1.1,11,HopcroftKarpMatcher,1,na,bfs_edges_visited,382
U4,500,1.1,11,HopcroftKarpMatcher,1,na,dfs_edges_visited,415
U4,500,1.1,11,HopcroftKarpMatcher,1,na,defect_at_iteration,128
U4,500,1.1,11,HopcroftKarpMatcher,2,na,paths_found_per_phase,4
U4,500,1.1,11,HopcroftKarpMatcher,2,na,bfs_edges_visited,255
U4,500,1.1,11,HopcroftKarpMatcher,2,na,dfs_edges_visited,307
U4,500,1.1,11,HopcroftKarpMatcher,2,na,defect_at_iteration,124
U4,500,1.1,11,HopcroftKarpMatcher,3,na,paths_found_per_phase,4
U4,500,1.1,11,HopcroftKarpMatcher,3,na,bfs_edges_visited,314
U4,500,1.1,11,HopcroftKarpMatcher,3,na,dfs_edges_visited,286
U4,500,1.1,11,HopcroftKarpMatcher,3,na,defect_at_iteration,120
U4,500,1.1,11,HopcroftKarpMatcher,-1,na,phase_count,4
U4,500,1.1,11,HopcroftKarpMatcher,-1,na,main_loop_iters,4
U4,500,1.1,11,HopcroftKarpMatcher,-1,na,total_bfs_edges_visited,1881
U4,500,1.1,11,HopcroftKarpMatcher,-1,na,total_edges_visited,3479
U4,500,1.1,11,HopcroftKarpMatcher,-1,na,matching_size,380
U4,500,1.1,11,HopcroftKarpMatcher,-1,na,wall_clock_ms,1.30356
U4,500,1.1,11,HopcroftKarpMatcher,-1,na,matching_size,380
U4,500,1,12,SimpleAugmentingMatcher,-1,na,wall_clock_ms,0.2656
U4,500,1,12,SimpleAugmentingMatcher,-1,na,matching_size,267
U4,500,1,12,HopcroftKarpMatcher,0,na,paths_found_per_phase,253
U4,500,1,12,HopcroftKarpMatcher,0,na,bfs_edges_visited,500
U4,500,1,12,HopcroftKarpMatcher,0,na,dfs_edges_visited,381
U4,500,1,12,HopcroftKarpMatcher,0,na,defect_at_iteration,247
U4,500,1,12,HopcroftKarpMatcher,1,na,paths_found_per_phase,14
U4,500,1,12,HopcroftKarpMatcher,1,na,bfs_edges_visited,206
U4,500,1,12,HopcroftKarpMatcher,1,na,dfs_edges_visited,217
U4,500,1,12,HopcroftKarpMatcher,1,na,defect_at_iteration,233
U4,500,1,12,HopcroftKarpMatcher,-1,na,phase_count,2
U4,500,1,12,HopcroftKarpMatcher,-1,na,main_loop_iters,2
U4,500,1,12,HopcroftKarpMatcher,-1,na,total_bfs_edges_visited,706
U4,500,1,12,HopcroftKarpMatcher,-1,na,total_edges_visited,1304
U4,500,1,12,HopcroftKarpMatcher,-1,na,matching_size,267
U4,500,1,12,HopcroftKarpMatcher,-1,na,wall_clock_ms,0.913536
U4,500,1,12,HopcroftKarpMatcher,-1,na,matching_size,267
U4,500,1,10,SimpleAugmentingMatcher,-1,na,wall_clock_ms,0.245512
U4,500,1,10,SimpleAugmentingMatcher,-1,na,matching_size,276
U4,500,1,10,HopcroftKarpMatcher,0,na,paths_found_per_phase,257
U4,500,1,10,HopcroftKarpMatcher,0,na,bfs_edges_visited,500
U4,500,1,10,HopcroftKarpMatcher,0,na,dfs_edges_visited,371
U4,500,1,10,HopcroftKarpMatcher,0,na,defect_at_iteration,243
U4,500,1,10,HopcroftKarpMatcher,1,na,paths_found_per_phase,19
U4,500,1,10,HopcroftKarpMatcher,1,na,bfs_edges_visited,193
U4,500,1,10,HopcroftKarpMatcher,1,na,dfs_edges_visited,206
U4,500,1,10,HopcroftKarpMatcher,1,na,defect_at_iteration,224
U4,500,1,10,HopcroftKarpMatcher,-1,na,phase_count,2
U4,500,1,10,HopcroftKarpMatcher,-1,na,main_loop_iters,2
U4,500,1,10,HopcroftKarpMatcher,-1,na,total_bfs_edges_visited,693
U4,500,1,10,HopcroftKarpMatcher,-1,na,total_edges_visited,1270
U4,500,1,10,HopcroftKarpMatcher,-1,na,matching_size,276
U4,500,1,10,HopcroftKarpMatcher,-1,na,wall_clock_ms,0.890109
U4,500,1,10,HopcroftKarpMatcher,-1,na,matching_size,276
U4,500,1.4,4,SimpleAugmentingMatcher,-1,na,wall_clock_ms,10.2883
U4,500,1.4,4,SimpleAugmentingMatcher,-1,na,matching_size,500
U4,500,1.4,4,HopcroftKarpMatcher,0,na,paths_found_per_phase,470
U4,500,1.4,4,HopcroftKarpMatcher,0,na,bfs_edges_visited,6005
U4,500,1.4,4,HopcroftKarpMatcher,0,na,dfs_edges_visited,3091
U4,500,1.4,4,HopcroftKarpMatcher,0,na,defect_at_iteration,30
U4,500,1.4,4,HopcroftKarpMatcher,1,na,paths_found_per_phase,29
U4,500,1.4,4,HopcroftKarpMatcher,1,na,bfs_edges_visited,3034
U4,500,1.4,4,HopcroftKarpMatcher,1,na,dfs_edges_visited,2242
U4,500,1.4,4,HopcroftKarpMatcher,1,na,defect_at_iteration,1
U4,500,1.4,4,HopcroftKarpMatcher,2,na,paths_found_per_phase,1
U4,500,1.4,4,HopcroftKarpMatcher,2,na,bfs_edges_visited,5386
U4,500,1.4,4,HopcroftKarpMatcher,2,na,dfs_edges_visited,503
U4,500,1.4,4,HopcroftKarpMatcher,2,na,defect_at_iteration,0
U4,500,1.4,4,HopcroftKarpMatcher,-1,na,phase_count,3
U4,500,1.4,4,HopcroftKarpMatcher,-1,na,main_loop_iters,3
U4,500,1.4,4,HopcroftKarpMatcher,-1,na,total_bfs_edges_visited,14425
U4,500,1.4,4,HopcroftKarpMatcher,-1,na,total_edges_visited,20261
U4,500,1.4,4,HopcroftKarpMatcher,-1,na,matching_size,500
U4,500,1.4,4,HopcroftKarpMatcher,-1,na,wall_clock_ms,1.06611
U4,500,1.4,4,HopcroftKarpMatcher,-1,na,matching_size,500
U4,2000,1.8,1,SimpleAugmentingMatcher,-1,na,wall_clock_ms,4191.95
U4,2000,1.8,1,SimpleAugmentingMatcher,-1,na,matching_size,2000
U4,2000,1.8,1,HopcroftKarpMatcher,0,na,paths_found_per_phase,1998
U4,2000,1.8,1,HopcroftKarpMatcher,0,na,bfs_edges_visited,874689
U4,2000,1.8,1,HopcroftKarpMatcher,0,na,dfs_edges_visited,437359
U4,2000,1.8,1,HopcroftKarpMatcher,0,na,defect_at_iteration,2
U4,2000,1.8,1,HopcroftKarpMatcher,1,na,paths_found_per_phase,2
U4,2000,1.8,1,HopcroftKarpMatcher,1,na,bfs_edges_visited,343378
U4,2000,1.8,1,HopcroftKarpMatcher,1,na,dfs_edges_visited,5594
U4,2000,1.8,1,HopcroftKarpMatcher,1,na,defect_at_iteration,0
U4,2000,1.8,1,HopcroftKarpMatcher,-1,na,phase_count,2
U4,2000,1.8,1,HopcroftKarpMatcher,-1,na,main_loop_iters,2
U4,2000,1.8,1,HopcroftKarpMatcher,-1,na,total_bfs_edges_visited,1.21807e+06
U4,2000,1.8,1,HopcroftKarpMatcher,-1,na,total_edges_visited,1.66102e+06
U4,2000,1.8,1,HopcroftKarpMatcher,-1,na,matching_size,2000
U4,2000,1.8,1,HopcroftKarpMatcher,-1,na,wall_clock_ms,24.4186
U4,2000,1.8,1,HopcroftKarpMatcher,-1,na,matching_size,2000
U4,2000,1.7,7,SimpleAugmentingMatcher,-1,na,wall_clock_ms,2526.29
U4,2000,1.7,7,SimpleAugmentingMatcher,-1,na,matching_size,2000
U4,2000,1.7,7,HopcroftKarpMatcher,0,na,paths_found_per_phase,1994
U4,2000,1.7,7,HopcroftKarpMatcher,0,na,bfs_edges_visited,409026
U4,2000,1.7,7,HopcroftKarpMatcher,0,na,dfs_edges_visited,204664
U4,2000,1.7,7,HopcroftKarpMatcher,0,na,defect_at_iteration,6
U4,2000,1.7,7,HopcroftKarpMatcher,1,na,paths_found_per_phase,6
U4,2000,1.7,7,HopcroftKarpMatcher,1,na,bfs_edges_visited,200155
U4,2000,1.7,7,HopcroftKarpMatcher,1,na,dfs_edges_visited,3736
U4,2000,1.7,7,HopcroftKarpMatcher,1,na,defect_at_iteration,0
U4,2000,1.7,7,HopcroftKarpMatcher,-1,na,phase_count,2
U4,2000,1.7,7,HopcroftKarpMatcher,-1,na,main_loop_iters,2
U4,2000,1.7,7,HopcroftKarpMatcher,-1,na,total_bfs_edges_visited,609181
U4,2000,1.7,7,HopcroftKarpMatcher,-1,na,total_edges_visited,817581
U4,2000,1.7,7,HopcroftKarpMatcher,-1,na,matching_size,2000
U4,2000,1.7,7,HopcroftKarpMatcher,-1,na,wall_clock_ms,15.8787
U4,2000,1.7,7,HopcroftKarpMatcher,-1,na,matching_size,2000
U4,1000,1.6,12,SimpleAugmentingMatcher,-1,na,wall_clock_ms,225.325
U4,1000,1.6,12,SimpleAugmentingMatcher,-1,na,matching_size,1000
U4,1000,1.6,12,HopcroftKarpMatcher,0,na,paths_found_per_phase,990
U4,1000,1.6,12,HopcroftKarpMatcher,0,na,bfs_edges_visited,63095
U4,1000,1.6,12,HopcroftKarpMatcher,0,na,dfs_edges_visited,31521
U4,1000,1.6,12,HopcroftKarpMatcher,0,na,defect_at_iteration,10
U4,1000,1.6,12,HopcroftKarpMatcher,1,na,paths_found_per_phase,10
U4,1000,1.6,12,HopcroftKarpMatcher,1,na,bfs_edges_visited,28196
U4,1000,1.6,12,HopcroftKarpMatcher,1,na,dfs_edges_visited,3586
U4,1000,1.6,12,HopcroftKarpMatcher,1,na,defect_at_iteration,0
U4,1000,1.6,12,HopcroftKarpMatcher,-1,na,phase_count,2
U4,1000,1.6,12,HopcroftKarpMatcher,-1,na,main_loop_iters,2
U4,1000,1.6,12,HopcroftKarpMatcher,-1,na,total_bfs_edges_visited,91291
U4,1000,1.6,12,HopcroftKarpMatcher,-1,na,total_edges_visited,126398
U4,1000,1.6,12,HopcroftKarpMatcher,-1,na,matching_size,1000
U4,1000,1.6,12,HopcroftKarpMatcher,-1,na,wall_clock_ms,3.22566
U4,1000,1.6,12,HopcroftKarpMatcher,-1,na,matching_size,1000
U4,500,1.6,8,SimpleAugmentingMatcher,-1,na,wall_clock_ms,29.2105
U4,500,1.6,8,SimpleAugmentingMatcher,-1,na,matching_size,500
U4,500,1.6,8,HopcroftKarpMatcher,0,na,paths_found_per_phase,493
U4,500,1.6,8,HopcroftKarpMatcher,0,na,bfs_edges_visited,20813
U4,500,1.6,8,HopcroftKarpMatcher,0,na,dfs_edges_visited,10447
U4,500,1.6,8,HopcroftKarpMatcher,0,na,defect_at_iteration,7
U4,500,1.6,8,HopcroftKarpMatcher,1,na,paths_found_per_phase,7
U4,500,1.6,8,HopcroftKarpMatcher,1,na,bfs_edges_visited,8885
U4,500,1.6,8,HopcroftKarpMatcher,1,na,dfs_edges_visited,1419
U4,500,1.6,8,HopcroftKarpMatcher,1,na,defect_at_iteration,0
U4,500,1.6,8,HopcroftKarpMatcher,-1,na,phase_count,2
U4,500,1.6,8,HopcroftKarpMatcher,-1,na,main_loop_iters,2
U4,500,1.6,8,HopcroftKarpMatcher,-1,na,total_bfs_edges_visited,29698
U4,500,1.6,8,HopcroftKarpMatcher,-1,na,total_edges_visited,41564
U4,500,1.6,8,HopcroftKarpMatcher,-1,na,matching_size,500
U4,500,1.6,8,HopcroftKarpMatcher,-1,na,wall_clock_ms,0.919219
U4,500,1.6,8,HopcroftKarpMatcher,-1,na,matching_size,500
U4,1000,1.5,12,SimpleAugmentingMatcher,-1,na,wall_clock_ms,146.886
U4,1000,1.5,12,SimpleAugmentingMatcher,-1,na,matching_size,1000
U4,1000,1.5,12,HopcroftKarpMatcher,0,na,paths_found_per_phase,973
U4,1000,1.5,12,HopcroftKarpMatcher,0,na,bfs_edges_visited,31622
U4,1000,1.5,12,HopcroftKarpMatcher,0,na,dfs_edges_visited,15870
U4,1000,1.5,12,HopcroftKarpMatcher,0,na,defect_at_iteration,27
U4,1000,1.5,12,HopcroftKarpMatcher,1,na,paths_found_per_phase,27
U4,1000,1.5,12,HopcroftKarpMatcher,1,na,bfs_edges_visited,18229
U4,1000,1.5,12,HopcroftKarpMatcher,1,na,dfs_edges_visited,6619
U4,1000,1.5,12,HopcroftKarpMatcher,1,na,defect_at_iteration,0
U4,1000,1.5,12,HopcroftKarpMatcher,-1,na,phase_count,2
U4,1000,1.5,12,HopcroftKarpMatcher,-1,na,main_loop_iters,2
U4,1000,1.5,12,HopcroftKarpMatcher,-1,na,total_bfs_edges_visited,49851
U4,1000,1.5,12,HopcroftKarpMatcher,-1,na,total_edges_visited,72340
U4,1000,1.5,12,HopcroftKarpMatcher,-1,na,matching_size,1000
U4,1000,1.5,12,HopcroftKarpMatcher,-1,na,wall_clock_ms,2.9618
U4,1000,1.5,12,HopcroftKarpMatcher,-1,na,matching_size,1000
U4,2000,1.5,10,SimpleAugmentingMatcher,-1,na,wall_clock_ms,1181.39
U4,2000,1.5,10,SimpleAugmentingMatcher,-1,na,matching_size,2000
U4,2000,1.5,10,HopcroftKarpMatcher,0,na,paths_found_per_phase,1971
U4,2000,1.5,10,HopcroftKarpMatcher,0,na,bfs_edges_visited,89442
U4,2000,1.5,10,HopcroftKarpMatcher,0,na,dfs_edges_visited,44757
U4,2000,1.5,10,HopcroftKarpMatcher,0,na,defect_at_iteration,29
U4,2000,1.5,10,HopcroftKarpMatcher,1,na,paths_found_per_phase,29
U4,2000,1.5,10,HopcroftKarpMatcher,1,na,bfs_edges_visited,44468
U4,2000,1.5,10,HopcroftKarpMatcher,1,na,dfs_edges_visited,9395
U4,2000,1.5,10,HopcroftKarpMatcher,1,na,defect_at_iteration,0
U4,2000,1.5,10,HopcroftKarpMatcher,-1,na,phase_count,2
U4,2000,1.5,10,HopcroftKarpMatcher,-1,na,main_loop_iters,2
U4,2000,1.5,10,HopcroftKarpMatcher,-1,na,total_bfs_edges_visited,133910
U4,2000,1.5,10,HopcroftKarpMatcher,-1,na,total_edges_visited,188062
U4,2000,1.5,10,HopcroftKarpMatcher,-1,na,matching_size,2000
U4,2000,1.5,10,HopcroftKarpMatcher,-1,na,wall_clock_ms,10.0748
U4,2000,1.5,10,HopcroftKarpMatcher,-1,na,matching_size,2000
U4,2000,1,11,SimpleAugmentingMatcher,-1,na,wall_clock_ms,3.70764
U4,2000,1,11,SimpleAugmentingMatcher,-1,na,matching_size,1089
U4,2000,1,11,HopcroftKarpMatcher,0,na,paths_found_per_phase,1034
U4,2000,1,11,HopcroftKarpMatcher,0,na,bfs_edges_visited,2000
U4,2000,1,11,HopcroftKarpMatcher,0,na,dfs_edges_visited,1441
U4,2000,1,11,HopcroftKarpMatcher,0,na,defect_at_iteration,966
U4,2000,1,11,HopcroftKarpMatcher,1,na,paths_found_per_phase,55
U4,2000,1,11,HopcroftKarpMatcher,1,na,bfs_edges_visited,633
U4,2000,1,11,HopcroftKarpMatcher,1,na,dfs_edges_visited,673
U4,2000,1,11,HopcroftKarpMatcher,1,na,defect_at_iteration,911
U4,2000,1,11,HopcroftKarpMatcher,-1,na,phase_count,2
U4,2000,1,11,HopcroftKarpMatcher,-1,na,main_loop_iters,2
U4,2000,1,11,HopcroftKarpMatcher,-1,na,total_bfs_edges_visited,2633
U4,2000,1,11,HopcroftKarpMatcher,-1,na,total_edges_visited,4747
U4,2000,1,11,HopcroftKarpMatcher,-1,na,matching_size,1089
U4,2000,1,11,HopcroftKarpMatcher,-1,na,wall_clock_ms,13.4497
U4,2000,1,11,HopcroftKarpMatcher,-1,na,matching_size,1089
U4,2000,1.3,2,SimpleAugmentingMatcher,-1,na,wall_clock_ms,371.047
U4,2000,1.3,2,SimpleAugmentingMatcher,-1,na,matching_size,1998
U4,2000,1.3,2,HopcroftKarpMatcher,0,na,paths_found_per_phase,1860
U4,2000,1.3,2,HopcroftKarpMatcher,0,na,bfs_edges_visited,19558
U4,2000,1.3,2,HopcroftKarpMatcher,0,na,dfs_edges_visited,9901
U4,2000,1.3,2,HopcroftKarpMatcher,0,na,defect_at_iteration,140
U4,2000,1.3,2,HopcroftKarpMatcher,1,na,paths_found_per_phase,132
U4,2000,1.3,2,HopcroftKarpMatcher,1,na,bfs_edges_visited,9881
U4,2000,1.3,2,HopcroftKarpMatcher,1,na,dfs_edges_visited,8613
U4,2000,1.3,2,HopcroftKarpMatcher,1,na,defect_at_iteration,8
U4,2000,1.3,2,HopcroftKarpMatcher,2,na,paths_found_per_phase,6
U4,2000,1.3,2,HopcroftKarpMatcher,2,na,bfs_edges_visited,5982
U4,2000,1.3,2,HopcroftKarpMatcher,2,na,dfs_edges_visited,12847
U4,2000,1.3,2,HopcroftKarpMatcher,2,na,defect_at_iteration,2
U4,2000,1.3,2,HopcroftKarpMatcher,-1,na,phase_count,3
U4,2000,1.3,2,HopcroftKarpMatcher,-1,na,main_loop_iters,3
U4,2000,1.3,2,HopcroftKarpMatcher,-1,na,total_bfs_edges_visited,35421
U4,2000,1.3,2,HopcroftKarpMatcher,-1,na,total_edges_visited,66782
U4,2000,1.3,2,HopcroftKarpMatcher,-1,na,matching_size,1998
U4,2000,1.3,2,HopcroftKarpMatcher,-1,na,wall_clock_ms,18.0219
U4,2000,1.3,2,HopcroftKarpMatcher,-1,na,matching_size,1998
U4,1000,1.7,0,SimpleAugmentingMatcher,-1,na,wall_clock_ms,341.48
U4,1000,1.7,0,SimpleAugmentingMatcher,-1,na,matching_size,1000
U4,1000,1.7,0,HopcroftKarpMatcher,0,na,paths_found_per_phase,995
U4,1000,1.7,0,HopcroftKarpMatcher,0,na,bfs_edges_visited,125892
U4,1000,1.7,0,HopcroftKarpMatcher,0,na,dfs_edges_visited,63007
U4,1000,1.7,0,HopcroftKarpMatcher,0,na,defect_at_iteration,5
U4,1000,1.7,0,HopcroftKarpMatcher,1,na,paths_found_per_phase,5
U4,1000,1.7,0,HopcroftKarpMatcher,1,na,bfs_edges_visited,59134
U4,1000,1.7,0,HopcroftKarpMatcher,1,na,dfs_edges_visited,2736
U4,1000,1.7,0,HopcroftKarpMatcher,1,na,defect_at_iteration,0
U4,1000,1.7,0,HopcroftKarpMatcher,-1,na,phase_count,2
U4,1000,1.7,0,HopcroftKarpMatcher,-1,na,main_loop_iters,2
U4,1000,1.7,0,HopcroftKarpMatcher,-1,na,total_bfs_edges_visited,185026
U4,1000,1.7,0,HopcroftKarpMatcher,-1,na,total_edges_visited,250769
U4,1000,1.7,0,HopcroftKarpMatcher,-1,na,matching_size,1000
U4,1000,1.7,0,HopcroftKarpMatcher,-1,na,wall_clock_ms,4.49446
U4,1000,1.7,0,HopcroftKarpMatcher,-1,na,matching_size,1000
U4,2000,1.2,7,SimpleAugmentingMatcher,-1,na,wall_clock_ms,181.216
U4,2000,1.2,7,SimpleAugmentingMatcher,-1,na,matching_size,1978
U4,2000,1.2,7,HopcroftKarpMatcher,0,na,paths_found_per_phase,1710
U4,2000,1.2,7,HopcroftKarpMatcher,0,na,bfs_edges_visited,9146
U4,2000,1.2,7,HopcroftKarpMatcher,0,na,dfs_edges_visited,4914
U4,2000,1.2,7,HopcroftKarpMatcher,0,na,defect_at_iteration,290
U4,2000,1.2,7,HopcroftKarpMatcher,1,na,paths_found_per_phase,194
U4,2000,1.2,7,HopcroftKarpMatcher,1,na,bfs_edges_visited,4163
U4,2000,1.2,7,HopcroftKarpMatcher,1,na,dfs_edges_visited,4519
U4,2000,1.2,7,HopcroftKarpMatcher,1,na,defect_at_iteration,96
U4,2000,1.2,7,HopcroftKarpMatcher,2,na,paths_found_per_phase,45
U4,2000,1.2,7,HopcroftKarpMatcher,2,na,bfs_edges_visited,3085
U4,2000,1.2,7,HopcroftKarpMatcher,2,na,dfs_edges_visited,3363
U4,2000,1.2,7,HopcroftKarpMatcher,2,na,defect_at_iteration,51
U4,2000,1.2,7,HopcroftKarpMatcher,3,na,paths_found_per_phase,9
U4,2000,1.2,7,HopcroftKarpMatcher,3,na,bfs_edges_visited,1856
U4,2000,1.2,7,HopcroftKarpMatcher,3,na,dfs_edges_visited,3429
U4,2000,1.2,7,HopcroftKarpMatcher,3,na,defect_at_iteration,42
U4,2000,1.2,7,HopcroftKarpMatcher,4,na,paths_found_per_phase,14
U4,2000,1.2,7,HopcroftKarpMatcher,4,na,bfs_edges_visited,5975
U4,2000,1.2,7,HopcroftKarpMatcher,4,na,dfs_edges_visited,4238
U4,2000,1.2,7,HopcroftKarpMatcher,4,na,defect_at_iteration,28
U4,2000,1.2,7,HopcroftKarpMatcher,5,na,paths_found_per_phase,4
U4,2000,1.2,7,HopcroftKarpMatcher,5,na,bfs_edges_visited,7165
U4,2000,1.2,7,HopcroftKarpMatcher,5,na,dfs_edges_visited,3436
U4,2000,1.2,7,HopcroftKarpMatcher,5,na,defect_at_iteration,24
U4,2000,1.2,7,HopcroftKarpMatcher,6,na,paths_found_per_phase,2
U4,2000,1.2,7,HopcroftKarpMatcher,6,na,bfs_edges_visited,5809
U4,2000,1.2,7,HopcroftKarpMatcher,6,na,dfs_edges_visited,3148
U4,2000,1.2,7,HopcroftKarpMatcher,6,na,defect_at_iteration,22
U4,2000,1.2,7,HopcroftKarpMatcher,-1,na,phase_count,7
U4,2000,1.2,7,HopcroftKarpMatcher,-1,na,main_loop_iters,7
U4,2000,1.2,7,HopcroftKarpMatcher,-1,na,total_bfs_edges_visited,37199
U4,2000,1.2,7,HopcroftKarpMatcher,-1,na,total_edges_visited,64246
U4,2000,1.2,7,HopcroftKarpMatcher,-1,na,matching_size,1978
U4,2000,1.2,7,HopcroftKarpMatcher,-1,na,wall_clock_ms,29.2271
U4,2000,1.2,7,HopcroftKarpMatcher,-1,na,matching_size,1978
U4,2000,1.1,1,SimpleAugmentingMatcher,-1,na,wall_clock_ms,15.4581
U4,2000,1.1,1,SimpleAugmentingMatcher,-1,na,matching_size,1611
U4,2000,1.1,1,HopcroftKarpMatcher,0,na,paths_found_per_phase,1404
U4,2000,1.1,1,HopcroftKarpMatcher,0,na,bfs_edges_visited,4276
U4,2000,1.1,1,HopcroftKarpMatcher,0,na,dfs_edges_visited,2618
U4,2000,1.1,1,HopcroftKarpMatcher,0,na,defect_at_iteration,596
U4,2000,1.1,1,HopcroftKarpMatcher,1,na,paths_found_per_phase,165
U4,2000,1.1,1,HopcroftKarpMatcher,1,na,bfs_edges_visited,1825
U4,2000,1.1,1,HopcroftKarpMatcher,1,na,dfs_edges_visited,1946
U4,2000,1.1,1,HopcroftKarpMatcher,1,na,defect_at_iteration,431
U4,2000,1.1,1,HopcroftKarpMatcher,2,na,paths_found_per_phase,22
U4,2000,1.1,1,HopcroftKarpMatcher,2,na,bfs_edges_visited,1150
U4,2000,1.1,1,HopcroftKarpMatcher,2,na,dfs_edges_visited,1398
U4,2000,1.1,1,HopcroftKarpMatcher,2,na,defect_at_iteration,409
U4,2000,1.1,1,HopcroftKarpMatcher,3,na,paths_found_per_phase,18
U4,2000,1.1,1,HopcroftKarpMatcher,3,na,bfs_edges_visited,1440
U4,2000,1.1,1,HopcroftKarpMatcher,3,na,dfs_edges_visited,1302
U4,2000,1.1,1,HopcroftKarpMatcher,3,na,defect_at_iteration,391
U4,2000,1.1,1,HopcroftKarpMatcher,4,na,paths_found_per_phase,2
U4,2000,1.1,1,HopcroftKarpMatcher,4,na,bfs_edges_visited,1123
U4,2000,1.1,1,HopcroftKarpMatcher,4,na,dfs_edges_visited,1106
U4,2000,1.1,1,HopcroftKarpMatcher,4,na,defect_at_iteration,389
U4,2000,1.1,1,HopcroftKarpMatcher,-1,na,phase_count,5
U4,2000,1.1,1,HopcroftKarpMatcher,-1,na,main_loop_iters,5
U4,2000,1.1,1,HopcroftKarpMatcher,-1,na,total_bfs_edges_visited,9814
U4,2000,1.1,1,HopcroftKarpMatcher,-1,na,total_edges_visited,18184
U4,2000,1.1,1,HopcroftKarpMatcher,-1,na,matching_size,1611
U4,2000,1.1,1,HopcroftKarpMatcher,-1,na,wall_clock_ms,22.8149
U4,2000,1.1,1,HopcroftKarpMatcher,-1,na,matching_size,1611
U4,2000,1.5,8,SimpleAugmentingMatcher,-1,na,wall_clock_ms,1187.03
U4,2000,1.5,8,SimpleAugmentingMatcher,-1,na,matching_size,2000
U4,2000,1.5,8,HopcroftKarpMatcher,0,na,paths_found_per_phase,1967
U4,2000,1.5,8,HopcroftKarpMatcher,0,na,bfs_edges_visited,89442
U4,2000,1.5,8,HopcroftKarpMatcher,0,na,dfs_edges_visited,44669
U4,2000,1.5,8,HopcroftKarpMatcher,0,na,defect_at_iteration,33
U4,2000,1.5,8,HopcroftKarpMatcher,1,na,paths_found_per_phase,33
U4,2000,1.5,8,HopcroftKarpMatcher,1,na,bfs_edges_visited,48113
U4,2000,1.5,8,HopcroftKarpMatcher,1,na,dfs_edges_visited,7228
U4,2000,1.5,8,HopcroftKarpMatcher,1,na,defect_at_iteration,0
U4,2000,1.5,8,HopcroftKarpMatcher,-1,na,phase_count,2
U4,2000,1.5,8,HopcroftKarpMatcher,-1,na,main_loop_iters,2
U4,2000,1.5,8,HopcroftKarpMatcher,-1,na,total_bfs_edges_visited,137555
U4,2000,1.5,8,HopcroftKarpMatcher,-1,na,total_edges_visited,189452
U4,2000,1.5,8,HopcroftKarpMatcher,-1,na,matching_size,2000
U4,2000,1.5,8,HopcroftKarpMatcher,-1,na,wall_clock_ms,10.0778
U4,2000,1.5,8,HopcroftKarpMatcher,-1,na,matching_size,2000
U4,500,1.7,0,SimpleAugmentingMatcher,-1,na,wall_clock_ms,45.2041
U4,500,1.7,0,SimpleAugmentingMatcher,-1,na,matching_size,500
U4,500,1.7,0,HopcroftKarpMatcher,0,na,paths_found_per_phase,496
U4,500,1.7,0,HopcroftKarpMatcher,0,na,bfs_edges_visited,38747
U4,500,1.7,0,HopcroftKarpMatcher,0,na,dfs_edges_visited,19289
U4,500,1.7,0,HopcroftKarpMatcher,0,na,defect_at_iteration,4
U4,500,1.7,0,HopcroftKarpMatcher,1,na,paths_found_per_phase,4
U4,500,1.7,0,HopcroftKarpMatcher,1,na,bfs_edges_visited,18511
U4,500,1.7,0,HopcroftKarpMatcher,1,na,dfs_edges_visited,1158
U4,500,1.7,0,HopcroftKarpMatcher,1,na,defect_at_iteration,0
U4,500,1.7,0,HopcroftKarpMatcher,-1,na,phase_count,2
U4,500,1.7,0,HopcroftKarpMatcher,-1,na,main_loop_iters,2
U4,500,1.7,0,HopcroftKarpMatcher,-1,na,total_bfs_edges_visited,57258
U4,500,1.7,0,HopcroftKarpMatcher,-1,na,total_edges_visited,77705
U4,500,1.7,0,HopcroftKarpMatcher,-1,na,matching_size,500
U4,500,1.7,0,HopcroftKarpMatcher,-1,na,wall_clock_ms,1.30009
U4,500,1.7,0,HopcroftKarpMatcher,-1,na,matching_size,500
U4,500,1.1,2,SimpleAugmentingMatcher,-1,na,wall_clock_ms,0.470827
U4,500,1.1,2,SimpleAugmentingMatcher,-1,na,matching_size,378
U4,500,1.1,2,HopcroftKarpMatcher,0,na,paths_found_per_phase,327
U4,500,1.1,2,HopcroftKarpMatcher,0,na,bfs_edges_visited,930
U4,500,1.1,2,HopcroftKarpMatcher,0,na,dfs_edges_visited,583
U4,500,1.1,2,HopcroftKarpMatcher,0,na,defect_at_iteration,173
U4,500,1.1,2,HopcroftKarpMatcher,1,na,paths_found_per_phase,41
U4,500,1.1,2,HopcroftKarpMatcher,1,na,bfs_edges_visited,423
U4,500,1.1,2,HopcroftKarpMatcher,1,na,dfs_edges_visited,437
U4,500,1.1,2,HopcroftKarpMatcher,1,na,defect_at_iteration,132
U4,500,1.1,2,HopcroftKarpMatcher,2,na,paths_found_per_phase,7
U4,500,1.1,2,HopcroftKarpMatcher,2,na,bfs_edges_visited,258
U4,500,1.1,2,HopcroftKarpMatcher,2,na,dfs_edges_visited,271
U4,500,1.1,2,HopcroftKarpMatcher,2,na,defect_at_iteration,125
U4,500,1.1,2,HopcroftKarpMatcher,3,na,paths_found_per_phase,3
U4,500,1.1,2,HopcroftKarpMatcher,3,na,bfs_edges_visited,254
U4,500,1.1,2,HopcroftKarpMatcher,3,na,dfs_edges_visited,228
U4,500,1.1,2,HopcroftKarpMatcher,3,na,defect_at_iteration,122
U4,500,1.1,2,HopcroftKarpMatcher,-1,na,phase_count,4
U4,500,1.1,2,HopcroftKarpMatcher,-1,na,main_loop_iters,4
U4,500,1.1,2,HopcroftKarpMatcher,-1,na,total_bfs_edges_visited,1865
U4,500,1.1,2,HopcroftKarpMatcher,-1,na,total_edges_visited,3384
U4,500,1.1,2,HopcroftKarpMatcher,-1,na,matching_size,378
U4,500,1.1,2,HopcroftKarpMatcher,-1,na,wall_clock_ms,1.28352
U4,500,1.1,2,HopcroftKarpMatcher,-1,na,matching_size,378
U4,1000,2,4,SimpleAugmentingMatcher,-1,na,wall_clock_ms,218.287
U4,1000,2,4,SimpleAugmentingMatcher,-1,na,matching_size,1000
U4,1000,2,4,HopcroftKarpMatcher,0,na,paths_found_per_phase,1000
U4,1000,2,4,HopcroftKarpMatcher,0,na,bfs_edges_visited,1e+06
U4,1000,2,4,HopcroftKarpMatcher,0,na,dfs_edges_visited,500500
U4,1000,2,4,HopcroftKarpMatcher,0,na,defect_at_iteration,0
U4,1000,2,4,HopcroftKarpMatcher,-1,na,phase_count,1
U4,1000,2,4,HopcroftKarpMatcher,-1,na,main_loop_iters,1
U4,1000,2,4,HopcroftKarpMatcher,-1,na,total_bfs_edges_visited,1e+06
U4,1000,2,4,HopcroftKarpMatcher,-1,na,total_edges_visited,1.5005e+06
U4,1000,2,4,HopcroftKarpMatcher,-1,na,matching_size,1000
U4,1000,2,4,HopcroftKarpMatcher,-1,na,wall_clock_ms,2.00877
U4,1000,2,4,HopcroftKarpMatcher,-1,na,matching_size,1000
U4,2000,1.7,5,SimpleAugmentingMatcher,-1,na,wall_clock_ms,2536.47
U4,2000,1.7,5,SimpleAugmentingMatcher,-1,na,matching_size,2000
U4,2000,1.7,5,HopcroftKarpMatcher,0,na,paths_found_per_phase,1993
U4,2000,1.7,5,HopcroftKarpMatcher,0,na,bfs_edges_visited,409026
U4,2000,1.7,5,HopcroftKarpMatcher,0,na,dfs_edges_visited,204464
U4,2000,1.7,5,HopcroftKarpMatcher,0,na,defect_at_iteration,7
U4,2000,1.7,5,HopcroftKarpMatcher,1,na,paths_found_per_phase,7
U4,2000,1.7,5,HopcroftKarpMatcher,1,na,bfs_edges_visited,219021
U4,2000,1.7,5,HopcroftKarpMatcher,1,na,dfs_edges_visited,4596
U4,2000,1.7,5,HopcroftKarpMatcher,1,na,defect_at_iteration,0
U4,2000,1.7,5,HopcroftKarpMatcher,-1,na,phase_count,2
U4,2000,1.7,5,HopcroftKarpMatcher,-1,na,main_loop_iters,2
U4,2000,1.7,5,HopcroftKarpMatcher,-1,na,total_bfs_edges_visited,628047
U4,2000,1.7,5,HopcroftKarpMatcher,-1,na,total_edges_visited,837107
U4,2000,1.7,5,HopcroftKarpMatcher,-1,na,matching_size,2000
U4,2000,1.7,5,HopcroftKarpMatcher,-1,na,wall_clock_ms,16.2427
U4,2000,1.7,5,HopcroftKarpMatcher,-1,na,matching_size,2000
U4,1000,1.1,8,SimpleAugmentingMatcher,-1,na,wall_clock_ms,2.78108
U4,1000,1.1,8,SimpleAugmentingMatcher,-1,na,matching_size,784
U4,1000,1.1,8,HopcroftKarpMatcher,0,na,paths_found_per_phase,690
U4,1000,1.1,8,HopcroftKarpMatcher,0,na,bfs_edges_visited,1995
U4,1000,1.1,8,HopcroftKarpMatcher,0,na,dfs_edges_visited,1246
U4,1000,1.1,8,HopcroftKarpMatcher,0,na,defect_at_iteration,310
U4,1000,1.1,8,HopcroftKarpMatcher,1,na,paths_found_per_phase,78
U4,1000,1.1,8,HopcroftKarpMatcher,1,na,bfs_edges_visited,852
U4,1000,1.1,8,HopcroftKarpMatcher,1,na,dfs_edges_visited,921
U4,1000,1.1,8,HopcroftKarpMatcher,1,na,defect_at_iteration,232
U4,1000,1.1,8,HopcroftKarpMatcher,2,na,paths_found_per_phase,10
U4,1000,1.1,8,HopcroftKarpMatcher,2,na,bfs_edges_visited,541
U4,1000,1.1,8,HopcroftKarpMatcher,2,na,dfs_edges_visited,560
U4,1000,1.1,8,HopcroftKarpMatcher,2,na,defect_at_iteration,222
U4,1000,1.1,8,HopcroftKarpMatcher,3,na,paths_found_per_phase,3
U4,1000,1.1,8,HopcroftKarpMatcher,3,na,bfs_edges_visited,507
U4,1000,1.1,8,HopcroftKarpMatcher,3,na,dfs_edges_visited,511
U4,1000,1.1,8,HopcroftKarpMatcher,3,na,defect_at_iteration,219
U4,1000,1.1,8,HopcroftKarpMatcher,4,na,paths_found_per_phase,3
U4,1000,1.1,8,HopcroftKarpMatcher,4,na,bfs_edges_visited,553
U4,1000,1.1,8,HopcroftKarpMatcher,4,na,dfs_edges_visited,517
U4,1000,1.1,8,HopcroftKarpMatcher,4,na,defect_at_iteration,216
U4,1000,1.1,8,HopcroftKarpMatcher,-1,na,phase_count,5
U4,1000,1.1,8,HopcroftKarpMatcher,-1,na,main_loop_iters,5
U4,1000,1.1,8,HopcroftKarpMatcher,-1,na,total_bfs_edges_visited,4448
U4,1000,1.1,8,HopcroftKarpMatcher,-1,na,total_edges_visited,8203
U4,1000,1.1,8,HopcroftKarpMatcher,-1,na,matching_size,784
U4,1000,1.1,8,HopcroftKarpMatcher,-1,na,wall_clock_ms,6.04926
U4,1000,1.1,8,HopcroftKarpMatcher,-1,na,matching_size,784
U4,500,1.1,8,SimpleAugmentingMatcher,-1,na,wall_clock_ms,0.466038
U4,500,1.1,8,SimpleAugmentingMatcher,-1,na,matching_size,385
U4,500,1.1,8,HopcroftKarpMatcher,0,na,paths_found_per_phase,340
U4,500,1.1,8,HopcroftKarpMatcher,0,na,bfs_edges_visited,930
U4,500,1.1,8,HopcroftKarpMatcher,0,na,dfs_edges_visited,616
U4,500,1.1,8,HopcroftKarpMatcher,0,na,defect_at_iteration,160
U4,500,1.1,8,HopcroftKarpMatcher,1,na,paths_found_per_phase,37
U4,500,1.1,8,HopcroftKarpMatcher,1,na,bfs_edges_visited,391
U4,500,1.1,8,HopcroftKarpMatcher,1,na,dfs_edges_visited,406
U4,500,1.1,8,HopcroftKarpMatcher,1,na,defect_at_iteration,123
U4,500,1.1,8,HopcroftKarpMatcher,2,na,paths_found_per_phase,5
U4,500,1.1,8,HopcroftKarpMatcher,2,na,bfs_edges_visited,257
U4,500,1.1,8,HopcroftKarpMatcher,2,na,dfs_edges_visited,281
U4,500,1.1,8,HopcroftKarpMatcher,2,na,defect_at_iteration,118
U4,500,1.1,8,HopcroftKarpMatcher,3,na,paths_found_per_phase,2
U4,500,1.1,8,HopcroftKarpMatcher,3,na,bfs_edges_visited,263
U4,500,1.1,8,HopcroftKarpMatcher,3,na,dfs_edges_visited,264
U4,500,1.1,8,HopcroftKarpMatcher,3,na,defect_at_iteration,116
U4,500,1.1,8,HopcroftKarpMatcher,4,na,paths_found_per_phase,1
U4,500,1.1,8,HopcroftKarpMatcher,4,na,bfs_edges_visited,269
U4,500,1.1,8,HopcroftKarpMatcher,4,na,dfs_edges_visited,263
U4,500,1.1,8,HopcroftKarpMatcher,4,na,defect_at_iteration,115
U4,500,1.1,8,HopcroftKarpMatcher,-1,na,phase_count,5
U4,500,1.1,8,HopcroftKarpMatcher,-1,na,main_loop_iters,5
U4,500,1.1,8,HopcroftKarpMatcher,-1,na,total_bfs_edges_visited,2110
U4,500,1.1,8,HopcroftKarpMatcher,-1,na,total_edges_visited,3940
U4,500,1.1,8,HopcroftKarpMatcher,-1,na,matching_size,385
U4,500,1.1,8,HopcroftKarpMatcher,-1,na,wall_clock_ms,1.50876
U4,500,1.1,8,HopcroftKarpMatcher,-1,na,matching_size,385
U4,2000,1.6,14,SimpleAugmentingMatcher,-1,na,wall_clock_ms,1700.85
U4,2000,1.6,14,SimpleAugmentingMatcher,-1,na,matching_size,2000
U4,2000,1.6,14,HopcroftKarpMatcher,0,na,paths_found_per_phase,1989
U4,2000,1.6,14,HopcroftKarpMatcher,0,na,bfs_edges_visited,191270
U4,2000,1.6,14,HopcroftKarpMatcher,0,na,dfs_edges_visited,95978
U4,2000,1.6,14,HopcroftKarpMatcher,0,na,defect_at_iteration,11
U4,2000,1.6,14,HopcroftKarpMatcher,1,na,paths_found_per_phase,11
U4,2000,1.6,14,HopcroftKarpMatcher,1,na,bfs_edges_visited,81739
U4,2000,1.6,14,HopcroftKarpMatcher,1,na,dfs_edges_visited,4916
U4,2000,1.6,14,HopcroftKarpMatcher,1,na,defect_at_iteration,0
U4,2000,1.6,14,HopcroftKarpMatcher,-1,na,phase_count,2
U4,2000,1.6,14,HopcroftKarpMatcher,-1,na,main_loop_iters,2
U4,2000,1.6,14,HopcroftKarpMatcher,-1,na,total_bfs_edges_visited,273009
U4,2000,1.6,14,HopcroftKarpMatcher,-1,na,total_edges_visited,373903
U4,2000,1.6,14,HopcroftKarpMatcher,-1,na,matching_size,2000
U4,2000,1.6,14,HopcroftKarpMatcher,-1,na,wall_clock_ms,11.2554
U4,2000,1.6,14,HopcroftKarpMatcher,-1,na,matching_size,2000
U4,2000,1.1,6,SimpleAugmentingMatcher,-1,na,wall_clock_ms,17.0366
U4,2000,1.1,6,SimpleAugmentingMatcher,-1,na,matching_size,1604
U4,2000,1.1,6,HopcroftKarpMatcher,0,na,paths_found_per_phase,1411
U4,2000,1.1,6,HopcroftKarpMatcher,0,na,bfs_edges_visited,4276
U4,2000,1.1,6,HopcroftKarpMatcher,0,na,dfs_edges_visited,2669
U4,2000,1.1,6,HopcroftKarpMatcher,0,na,defect_at_iteration,589
U4,2000,1.1,6,HopcroftKarpMatcher,1,na,paths_found_per_phase,157
U4,2000,1.1,6,HopcroftKarpMatcher,1,na,bfs_edges_visited,1814
U4,2000,1.1,6,HopcroftKarpMatcher,1,na,dfs_edges_visited,2016
U4,2000,1.1,6,HopcroftKarpMatcher,1,na,defect_at_iteration,432
U4,2000,1.1,6,HopcroftKarpMatcher,2,na,paths_found_per_phase,21
U4,2000,1.1,6,HopcroftKarpMatcher,2,na,bfs_edges_visited,1274
U4,2000,1.1,6,HopcroftKarpMatcher,2,na,dfs_edges_visited,1498
U4,2000,1.1,6,HopcroftKarpMatcher,2,na,defect_at_iteration,411
U4,2000,1.1,6,HopcroftKarpMatcher,3,na,paths_found_per_phase,10
U4,2000,1.1,6,HopcroftKarpMatcher,3,na,bfs_edges_visited,1469
U4,2000,1.1,6,HopcroftKarpMatcher,3,na,dfs_edges_visited,1410
U4,2000,1.1,6,HopcroftKarpMatcher,3,na,defect_at_iteration,401
U4,2000,1.1,6,HopcroftKarpMatcher,4,na,paths_found_per_phase,3
U4,2000,1.1,6,HopcroftKarpMatcher,4,na,bfs_edges_visited,1364
U4,2000,1.1,6,HopcroftKarpMatcher,4,na,dfs_edges_visited,1379
U4,2000,1.1,6,HopcroftKarpMatcher,4,na,defect_at_iteration,398
U4,2000,1.1,6,HopcroftKarpMatcher,5,na,paths_found_per_phase,1
U4,2000,1.1,6,HopcroftKarpMatcher,5,na,bfs_edges_visited,1339
U4,2000,1.1,6,HopcroftKarpMatcher,5,na,dfs_edges_visited,1343
U4,2000,1.1,6,HopcroftKarpMatcher,5,na,defect_at_iteration,397
U4,2000,1.1,6,HopcroftKarpMatcher,6,na,paths_found_per_phase,1
U4,2000,1.1,6,HopcroftKarpMatcher,6,na,bfs_edges_visited,1299
U4,2000,1.1,6,HopcroftKarpMatcher,6,na,dfs_edges_visited,1284
U4,2000,1.1,6,HopcroftKarpMatcher,6,na,defect_at_iteration,396
U4,2000,1.1,6,HopcroftKarpMatcher,-1,na,phase_count,7
U4,2000,1.1,6,HopcroftKarpMatcher,-1,na,main_loop_iters,7
U4,2000,1.1,6,HopcroftKarpMatcher,-1,na,total_bfs_edges_visited,12835
U4,2000,1.1,6,HopcroftKarpMatcher,-1,na,total_edges_visited,24434
U4,2000,1.1,6,HopcroftKarpMatcher,-1,na,matching_size,1604
U4,2000,1.1,6,HopcroftKarpMatcher,-1,na,wall_clock_ms,30.8707
U4,2000,1.1,6,HopcroftKarpMatcher,-1,na,matching_size,1604
U4,1000,1.8,11,SimpleAugmentingMatcher,-1,na,wall_clock_ms,564.748
U4,1000,1.8,11,SimpleAugmentingMatcher,-1,na,matching_size,1000
U4,1000,1.8,11,HopcroftKarpMatcher,0,na,paths_found_per_phase,998
U4,1000,1.8,11,HopcroftKarpMatcher,0,na,bfs_edges_visited,251188
U4,1000,1.8,11,HopcroftKarpMatcher,0,na,dfs_edges_visited,125794
U4,1000,1.8,11,HopcroftKarpMatcher,0,na,defect_at_iteration,2
U4,1000,1.8,11,HopcroftKarpMatcher,1,na,paths_found_per_phase,2
U4,1000,1.8,11,HopcroftKarpMatcher,1,na,bfs_edges_visited,108672
U4,1000,1.8,11,HopcroftKarpMatcher,1,na,dfs_edges_visited,4247
U4,1000,1.8,11,HopcroftKarpMatcher,1,na,defect_at_iteration,0
U4,1000,1.8,11,HopcroftKarpMatcher,-1,na,phase_count,2
U4,1000,1.8,11,HopcroftKarpMatcher,-1,na,main_loop_iters,2
U4,1000,1.8,11,HopcroftKarpMatcher,-1,na,total_bfs_edges_visited,359860
U4,1000,1.8,11,HopcroftKarpMatcher,-1,na,total_edges_visited,489901
U4,1000,1.8,11,HopcroftKarpMatcher,-1,na,matching_size,1000
U4,1000,1.8,11,HopcroftKarpMatcher,-1,na,wall_clock_ms,6.92938
U4,1000,1.8,11,HopcroftKarpMatcher,-1,na,matching_size,1000
U4,500,1.8,9,SimpleAugmentingMatcher,-1,na,wall_clock_ms,73.516
U4,500,1.8,9,SimpleAugmentingMatcher,-1,na,matching_size,500
U4,500,1.8,9,HopcroftKarpMatcher,0,na,paths_found_per_phase,498
U4,500,1.8,9,HopcroftKarpMatcher,0,na,bfs_edges_visited,72134
U4,500,1.8,9,HopcroftKarpMatcher,0,na,dfs_edges_visited,36203
U4,500,1.8,9,HopcroftKarpMatcher,0,na,defect_at_iteration,2
U4,500,1.8,9,HopcroftKarpMatcher,1,na,paths_found_per_phase,2
U4,500,1.8,9,HopcroftKarpMatcher,1,na,bfs_edges_visited,35887
U4,500,1.8,9,HopcroftKarpMatcher,1,na,dfs_edges_visited,408
U4,500,1.8,9,HopcroftKarpMatcher,1,na,defect_at_iteration,0
U4,500,1.8,9,HopcroftKarpMatcher,-1,na,phase_count,2
U4,500,1.8,9,HopcroftKarpMatcher,-1,na,main_loop_iters,2
U4,500,1.8,9,HopcroftKarpMatcher,-1,na,total_bfs_edges_visited,108021
U4,500,1.8,9,HopcroftKarpMatcher,-1,na,total_edges_visited,144632
U4,500,1.8,9,HopcroftKarpMatcher,-1,na,matching_size,500
U4,500,1.8,9,HopcroftKarpMatcher,-1,na,wall_clock_ms,2.01688
U4,500,1.8,9,HopcroftKarpMatcher,-1,na,matching_size,500
U4,2000,1.4,4,SimpleAugmentingMatcher,-1,na,wall_clock_ms,728.298
U4,2000,1.4,4,SimpleAugmentingMatcher,-1,na,matching_size,2000
U4,2000,1.4,4,HopcroftKarpMatcher,0,na,paths_found_per_phase,1934
U4,2000,1.4,4,HopcroftKarpMatcher,0,na,bfs_edges_visited,41825
U4,2000,1.4,4,HopcroftKarpMatcher,0,na,dfs_edges_visited,20936
U4,2000,1.4,4,HopcroftKarpMatcher,0,na,defect_at_iteration,66
U4,2000,1.4,4,HopcroftKarpMatcher,1,na,paths_found_per_phase,65
U4,2000,1.4,4,HopcroftKarpMatcher,1,na,bfs_edges_visited,20745
U4,2000,1.4,4,HopcroftKarpMatcher,1,na,dfs_edges_visited,12692
U4,2000,1.4,4,HopcroftKarpMatcher,1,na,defect_at_iteration,1
U4,2000,1.4,4,HopcroftKarpMatcher,2,na,paths_found_per_phase,1
U4,2000,1.4,4,HopcroftKarpMatcher,2,na,bfs_edges_visited,40932
U4,2000,1.4,4,HopcroftKarpMatcher,2,na,dfs_edges_visited,251
U4,2000,1.4,4,HopcroftKarpMatcher,2,na,defect_at_iteration,0
U4,2000,1.4,4,HopcroftKarpMatcher,-1,na,phase_count,3
U4,2000,1.4,4,HopcroftKarpMatcher,-1,na,main_loop_iters,3
U4,2000,1.4,4,HopcroftKarpMatcher,-1,na,total_bfs_edges_visited,103502
U4,2000,1.4,4,HopcroftKarpMatcher,-1,na,total_edges_visited,137381
U4,2000,1.4,4,HopcroftKarpMatcher,-1,na,matching_size,2000
U4,2000,1.4,4,HopcroftKarpMatcher,-1,na,wall_clock_ms,14.0922
U4,2000,1.4,4,HopcroftKarpMatcher,-1,na,matching_size,2000
U4,2000,1.2,13,SimpleAugmentingMatcher,-1,na,wall_clock_ms,197.443
U4,2000,1.2,13,SimpleAugmentingMatcher,-1,na,matching_size,1978
U4,2000,1.2,13,HopcroftKarpMatcher,0,na,paths_found_per_phase,1705
U4,2000,1.2,13,HopcroftKarpMatcher,0,na,bfs_edges_visited,9146
U4,2000,1.2,13,HopcroftKarpMatcher,0,na,dfs_edges_visited,4901
U4,2000,1.2,13,HopcroftKarpMatcher,0,na,defect_at_iteration,295
U4,2000,1.2,13,HopcroftKarpMatcher,1,na,paths_found_per_phase,212
U4,2000,1.2,13,HopcroftKarpMatcher,1,na,bfs_edges_visited,4240
U4,2000,1.2,13,HopcroftKarpMatcher,1,na,dfs_edges_visited,4664
U4,2000,1.2,13,HopcroftKarpMatcher,1,na,defect_at_iteration,83
U4,2000,1.2,13,HopcroftKarpMatcher,2,na,paths_found_per_phase,33
U4,2000,1.2,13,HopcroftKarpMatcher,2,na,bfs_edges_visited,2444
U4,2000,1.2,13,HopcroftKarpMatcher,2,na,dfs_edges_visited,3565
U4,2000,1.2,13,HopcroftKarpMatcher,2,na,defect_at_iteration,50
U4,2000,1.2,13,HopcroftKarpMatcher,3,na,paths_found_per_phase,19
U4,2000,1.2,13,HopcroftKarpMatcher,3,na,bfs_edges_visited,5285
U4,2000,1.2,13,HopcroftKarpMatcher,3,na,dfs_edges_visited,5094
U4,2000,1.2,13,HopcroftKarpMatcher,3,na,defect_at_iteration,31
U4,2000,1.2,13,HopcroftKarpMatcher,4,na,paths_found_per_phase,5
U4,2000,1.2,13,HopcroftKarpMatcher,4,na,bfs_edges_visited,5432
U4,2000,1.2,13,HopcroftKarpMatcher,4,na,dfs_edges_visited,6311
U4,2000,1.2,13,HopcroftKarpMatcher,4,na,defect_at_iteration,26
U4,2000,1.2,13,HopcroftKarpMatcher,5,na,paths_found_per_phase,4
U4,2000,1.2,13,HopcroftKarpMatcher,5,na,bfs_edges_visited,7796
U4,2000,1.2,13,HopcroftKarpMatcher,5,na,dfs_edges_visited,6525
U4,2000,1.2,13,HopcroftKarpMatcher,5,na,defect_at_iteration,22
U4,2000,1.2,13,HopcroftKarpMatcher,-1,na,phase_count,6
U4,2000,1.2,13,HopcroftKarpMatcher,-1,na,main_loop_iters,6
U4,2000,1.2,13,HopcroftKarpMatcher,-1,na,total_bfs_edges_visited,34343
U4,2000,1.2,13,HopcroftKarpMatcher,-1,na,total_edges_visited,65403
U4,2000,1.2,13,HopcroftKarpMatcher,-1,na,matching_size,1978
U4,2000,1.2,13,HopcroftKarpMatcher,-1,na,wall_clock_ms,32.8821
U4,2000,1.2,13,HopcroftKarpMatcher,-1,na,matching_size,1978
U4,1000,1.2,11,SimpleAugmentingMatcher,-1,na,wall_clock_ms,36.3156
U4,1000,1.2,11,SimpleAugmentingMatcher,-1,na,matching_size,976
U4,1000,1.2,11,HopcroftKarpMatcher,0,na,paths_found_per_phase,836
U4,1000,1.2,11,HopcroftKarpMatcher,0,na,bfs_edges_visited,3981
U4,1000,1.2,11,HopcroftKarpMatcher,0,na,dfs_edges_visited,2179
U4,1000,1.2,11,HopcroftKarpMatcher,0,na,defect_at_iteration,164
U4,1000,1.2,11,HopcroftKarpMatcher,1,na,paths_found_per_phase,104
U4,1000,1.2,11,HopcroftKarpMatcher,1,na,bfs_edges_visited,1780
U4,1000,1.2,11,HopcroftKarpMatcher,1,na,dfs_edges_visited,1987
U4,1000,1.2,11,HopcroftKarpMatcher,1,na,defect_at_iteration,60
U4,1000,1.2,11,HopcroftKarpMatcher,2,na,paths_found_per_phase,19
U4,1000,1.2,11,HopcroftKarpMatcher,2,na,bfs_edges_visited,1041
U4,1000,1.2,11,HopcroftKarpMatcher,2,na,dfs_edges_visited,1511
U4,1000,1.2,11,HopcroftKarpMatcher,2,na,defect_at_iteration,41
U4,1000,1.2,11,HopcroftKarpMatcher,3,na,paths_found_per_phase,9
U4,1000,1.2,11,HopcroftKarpMatcher,3,na,bfs_edges_visited,1104
U4,1000,1.2,11,HopcroftKarpMatcher,3,na,dfs_edges_visited,1597
U4,1000,1.2,11,HopcroftKarpMatcher,3,na,defect_at_iteration,32
U4,1000,1.2,11,HopcroftKarpMatcher,4,na,paths_found_per_phase,5
U4,1000,1.2,11,HopcroftKarpMatcher,4,na,bfs_edges_visited,3478
U4,1000,1.2,11,HopcroftKarpMatcher,4,na,dfs_edges_visited,2591
U4,1000,1.2,11,HopcroftKarpMatcher,4,na,defect_at_iteration,27
U4,1000,1.2,11,HopcroftKarpMatcher,5,na,paths_found_per_phase,2
U4,1000,1.2,11,HopcroftKarpMatcher,5,na,bfs_edges_visited,3352
U4,1000,1.2,11,HopcroftKarpMatcher,5,na,dfs_edges_visited,2687
U4,1000,1.2,11,HopcroftKarpMatcher,5,na,defect_at_iteration,25
U4,1000,1.2,11,HopcroftKarpMatcher,6,na,paths_found_per_phase,1
U4,1000,1.2,11,HopcroftKarpMatcher,6,na,bfs_edges_visited,3427
U4,1000,1.2,11,HopcroftKarpMatcher,6,na,dfs_edges_visited,3391
U4,1000,1.2,11,HopcroftKarpMatcher,6,na,defect_at_iteration,24
U4,1000,1.2,11,HopcroftKarpMatcher,-1,na,phase_count,7
U4,1000,1.2,11,HopcroftKarpMatcher,-1,na,main_loop_iters,7
U4,1000,1.2,11,HopcroftKarpMatcher,-1,na,total_bfs_edges_visited,18163
U4,1000,1.2,11,HopcroftKarpMatcher,-1,na,total_edges_visited,34106
U4,1000,1.2,11,HopcroftKarpMatcher,-1,na,matching_size,976
U4,1000,1.2,11,HopcroftKarpMatcher,-1,na,wall_clock_ms,9.96467
U4,1000,1.2,11,HopcroftKarpMatcher,-1,na,matching_size,976
U4,1000,2,11,SimpleAugmentingMatcher,-1,na,wall_clock_ms,218.434
U4,1000,2,11,SimpleAugmentingMatcher,-1,na,matching_size,1000
U4,1000,2,11,HopcroftKarpMatcher,0,na,paths_found_per_phase,1000
U4,1000,2,11,HopcroftKarpMatcher,0,na,bfs_edges_visited,1e+06
U4,1000,2,11,HopcroftKarpMatcher,0,na,dfs_edges_visited,500500
U4,1000,2,11,HopcroftKarpMatcher,0,na,defect_at_iteration,0
U4,1000,2,11,HopcroftKarpMatcher,-1,na,phase_count,1
U4,1000,2,11,HopcroftKarpMatcher,-1,na,main_loop_iters,1
U4,1000,2,11,HopcroftKarpMatcher,-1,na,total_bfs_edges_visited,1e+06
U4,1000,2,11,HopcroftKarpMatcher,-1,na,total_edges_visited,1.5005e+06
U4,1000,2,11,HopcroftKarpMatcher,-1,na,matching_size,1000
U4,1000,2,11,HopcroftKarpMatcher,-1,na,wall_clock_ms,2.00671
U4,1000,2,11,HopcroftKarpMatcher,-1,na,matching_size,1000
U4,500,1.9,7,SimpleAugmentingMatcher,-1,na,wall_clock_ms,110.164
U4,500,1.9,7,SimpleAugmentingMatcher,-1,na,matching_size,500
U4,500,1.9,7,HopcroftKarpMatcher,0,na,paths_found_per_phase,498
U4,500,1.9,7,HopcroftKarpMatcher,0,na,bfs_edges_visited,134289
U4,500,1.9,7,HopcroftKarpMatcher,0,na,dfs_edges_visited,67376
U4,500,1.9,7,HopcroftKarpMatcher,0,na,defect_at_iteration,2
U4,500,1.9,7,HopcroftKarpMatcher,1,na,paths_found_per_phase,2
U4,500,1.9,7,HopcroftKarpMatcher,1,na,bfs_edges_visited,100806
U4,500,1.9,7,HopcroftKarpMatcher,1,na,dfs_edges_visited,533
U4,500,1.9,7,HopcroftKarpMatcher,1,na,defect_at_iteration,0
U4,500,1.9,7,HopcroftKarpMatcher,-1,na,phase_count,2
U4,500,1.9,7,HopcroftKarpMatcher,-1,na,main_loop_iters,2
U4,500,1.9,7,HopcroftKarpMatcher,-1,na,total_bfs_edges_visited,235095
U4,500,1.9,7,HopcroftKarpMatcher,-1,na,total_edges_visited,303004
U4,500,1.9,7,HopcroftKarpMatcher,-1,na,matching_size,500
U4,500,1.9,7,HopcroftKarpMatcher,-1,na,wall_clock_ms,3.04976
U4,500,1.9,7,HopcroftKarpMatcher,-1,na,matching_size,500
U4,1000,1.5,2,SimpleAugmentingMatcher,-1,na,wall_clock_ms,148.048
U4,1000,1.5,2,SimpleAugmentingMatcher,-1,na,matching_size,1000
U4,1000,1.5,2,HopcroftKarpMatcher,0,na,paths_found_per_phase,977
U4,1000,1.5,2,HopcroftKarpMatcher,0,na,bfs_edges_visited,31622
U4,1000,1.5,2,HopcroftKarpMatcher,0,na,dfs_edges_visited,15961
U4,1000,1.5,2,HopcroftKarpMatcher,0,na,defect_at_iteration,23
U4,1000,1.5,2,HopcroftKarpMatcher,1,na,paths_found_per_phase,23
U4,1000,1.5,2,HopcroftKarpMatcher,1,na,bfs_edges_visited,16285
U4,1000,1.5,2,HopcroftKarpMatcher,1,na,dfs_edges_visited,4077
U4,1000,1.5,2,HopcroftKarpMatcher,1,na,defect_at_iteration,0
U4,1000,1.5,2,HopcroftKarpMatcher,-1,na,phase_count,2
U4,1000,1.5,2,HopcroftKarpMatcher,-1,na,main_loop_iters,2
U4,1000,1.5,2,HopcroftKarpMatcher,-1,na,total_bfs_edges_visited,47907
U4,1000,1.5,2,HopcroftKarpMatcher,-1,na,total_edges_visited,67945
U4,1000,1.5,2,HopcroftKarpMatcher,-1,na,matching_size,1000
U4,1000,1.5,2,HopcroftKarpMatcher,-1,na,wall_clock_ms,2.78363
U4,1000,1.5,2,HopcroftKarpMatcher,-1,na,matching_size,1000
U4,1000,1.3,12,SimpleAugmentingMatcher,-1,na,wall_clock_ms,41.8395
U4,1000,1.3,12,SimpleAugmentingMatcher,-1,na,matching_size,998
U4,1000,1.3,12,HopcroftKarpMatcher,0,na,paths_found_per_phase,907
U4,1000,1.3,12,HopcroftKarpMatcher,0,na,bfs_edges_visited,7943
U4,1000,1.3,12,HopcroftKarpMatcher,0,na,dfs_edges_visited,4031
U4,1000,1.3,12,HopcroftKarpMatcher,0,na,defect_at_iteration,93
U4,1000,1.3,12,HopcroftKarpMatcher,1,na,paths_found_per_phase,85
U4,1000,1.3,12,HopcroftKarpMatcher,1,na,bfs_edges_visited,3912
U4,1000,1.3,12,HopcroftKarpMatcher,1,na,dfs_edges_visited,3266
U4,1000,1.3,12,HopcroftKarpMatcher,1,na,defect_at_iteration,8
U4,1000,1.3,12,HopcroftKarpMatcher,2,na,paths_found_per_phase,6
U4,1000,1.3,12,HopcroftKarpMatcher,2,na,bfs_edges_visited,1202
U4,1000,1.3,12,HopcroftKarpMatcher,2,na,dfs_edges_visited,1475
U4,1000,1.3,12,HopcroftKarpMatcher,2,na,defect_at_iteration,2
U4,1000,1.3,12,HopcroftKarpMatcher,-1,na,phase_count,3
U4,1000,1.3,12,HopcroftKarpMatcher,-1,na,main_loop_iters,3
U4,1000,1.3,12,HopcroftKarpMatcher,-1,na,total_bfs_edges_visited,13057
U4,1000,1.3,12,HopcroftKarpMatcher,-1,na,total_edges_visited,21829
U4,1000,1.3,12,HopcroftKarpMatcher,-1,na,matching_size,998
U4,1000,1.3,12,HopcroftKarpMatcher,-1,na,wall_clock_ms,2.93689
U4,1000,1.3,12,HopcroftKarpMatcher,-1,na,matching_size,998
U4,500,1.3,13,SimpleAugmentingMatcher,-1,na,wall_clock_ms,5.87826
U4,500,1.3,13,SimpleAugmentingMatcher,-1,na,matching_size,499
U4,500,1.3,13,HopcroftKarpMatcher,0,na,paths_found_per_phase,450
U4,500,1.3,13,HopcroftKarpMatcher,0,na,bfs_edges_visited,3225
U4,500,1.3,13,HopcroftKarpMatcher,0,na,dfs_edges_visited,1675
U4,500,1.3,13,HopcroftKarpMatcher,0,na,defect_at_iteration,50
U4,500,1.3,13,HopcroftKarpMatcher,1,na,paths_found_per_phase,46
U4,500,1.3,13,HopcroftKarpMatcher,1,na,bfs_edges_visited,1467
U4,500,1.3,13,HopcroftKarpMatcher,1,na,dfs_edges_visited,1477
U4,500,1.3,13,HopcroftKarpMatcher,1,na,defect_at_iteration,4
U4,500,1.3,13,HopcroftKarpMatcher,2,na,paths_found_per_phase,2
U4,500,1.3,13,HopcroftKarpMatcher,2,na,bfs_edges_visited,534
U4,500,1.3,13,HopcroftKarpMatcher,2,na,dfs_edges_visited,596
U4,500,1.3,13,HopcroftKarpMatcher,2,na,defect_at_iteration,2
U4,500,1.3,13,HopcroftKarpMatcher,3,na,paths_found_per_phase,1
U4,500,1.3,13,HopcroftKarpMatcher,3,na,bfs_edges_visited,1689
U4,500,1.3,13,HopcroftKarpMatcher,3,na,dfs_edges_visited,2400
U4,500,1.3,13,HopcroftKarpMatcher,3,na,defect_at_iteration,1
U4,500,1.3,13,HopcroftKarpMatcher,-1,na,phase_count,4
U4,500,1.3,13,HopcroftKarpMatcher,-1,na,main_loop_iters,4
U4,500,1.3,13,HopcroftKarpMatcher,-1,na,total_bfs_edges_visited,6915
U4,500,1.3,13,HopcroftKarpMatcher,-1,na,total_edges_visited,13063
U4,500,1.3,13,HopcroftKarpMatcher,-1,na,matching_size,499
U4,500,1.3,13,HopcroftKarpMatcher,-1,na,wall_clock_ms,1.43534
U4,500,1.3,13,HopcroftKarpMatcher,-1,na,matching_size,499
U4,2000,1.1,7,SimpleAugmentingMatcher,-1,na,wall_clock_ms,13.1686
U4,2000,1.1,7,SimpleAugmentingMatcher,-1,na,matching_size,1615
U4,2000,1.1,7,HopcroftKarpMatcher,0,na,paths_found_per_phase,1417
U4,2000,1.1,7,HopcroftKarpMatcher,0,na,bfs_edges_visited,4276
U4,2000,1.1,7,HopcroftKarpMatcher,0,na,dfs_edges_visited,2566
U4,2000,1.1,7,HopcroftKarpMatcher,0,na,defect_at_iteration,583
U4,2000,1.1,7,HopcroftKarpMatcher,1,na,paths_found_per_phase,164
U4,2000,1.1,7,HopcroftKarpMatcher,1,na,bfs_edges_visited,1676
U4,2000,1.1,7,HopcroftKarpMatcher,1,na,dfs_edges_visited,1785
U4,2000,1.1,7,HopcroftKarpMatcher,1,na,defect_at_iteration,419
U4,2000,1.1,7,HopcroftKarpMatcher,2,na,paths_found_per_phase,15
U4,2000,1.1,7,HopcroftKarpMatcher,2,na,bfs_edges_visited,1003
U4,2000,1.1,7,HopcroftKarpMatcher,2,na,dfs_edges_visited,1165
U4,2000,1.1,7,HopcroftKarpMatcher,2,na,defect_at_iteration,404
U4,2000,1.1,7,HopcroftKarpMatcher,3,na,paths_found_per_phase,12
U4,2000,1.1,7,HopcroftKarpMatcher,3,na,bfs_edges_visited,1249
U4,2000,1.1,7,HopcroftKarpMatcher,3,na,dfs_edges_visited,1193
U4,2000,1.1,7,HopcroftKarpMatcher,3,na,defect_at_iteration,392
U4,2000,1.1,7,HopcroftKarpMatcher,4,na,paths_found_per_phase,2
U4,2000,1.1,7,HopcroftKarpMatcher,4,na,bfs_edges_visited,1061
U4,2000,1.1,7,HopcroftKarpMatcher,4,na,dfs_edges_visited,1113
U4,2000,1.1,7,HopcroftKarpMatcher,4,na,defect_at_iteration,390
U4,2000,1.1,7,HopcroftKarpMatcher,5,na,paths_found_per_phase,5
U4,2000,1.1,7,HopcroftKarpMatcher,5,na,bfs_edges_visited,1111
U4,2000,1.1,7,HopcroftKarpMatcher,5,na,dfs_edges_visited,1096
U4,2000,1.1,7,HopcroftKarpMatcher,5,na,defect_at_iteration,385
U4,2000,1.1,7,HopcroftKarpMatcher,-1,na,phase_count,6
U4,2000,1.1,7,HopcroftKarpMatcher,-1,na,main_loop_iters,6
U4,2000,1.1,7,HopcroftKarpMatcher,-1,na,total_bfs_edges_visited,10376
U4,2000,1.1,7,HopcroftKarpMatcher,-1,na,total_edges_visited,19294
U4,2000,1.1,7,HopcroftKarpMatcher,-1,na,matching_size,1615
U4,2000,1.1,7,HopcroftKarpMatcher,-1,na,wall_clock_ms,24.6824
U4,2000,1.1,7,HopcroftKarpMatcher,-1,na,matching_size,1615
U4,2000,2,8,SimpleAugmentingMatcher,-1,na,wall_clock_ms,1729.21
U4,2000,2,8,SimpleAugmentingMatcher,-1,na,matching_size,2000
U4,2000,2,8,HopcroftKarpMatcher,0,na,paths_found_per_phase,2000
U4,2000,2,8,HopcroftKarpMatcher,0,na,bfs_edges_visited,4e+06
U4,2000,2,8,HopcroftKarpMatcher,0,na,dfs_edges_visited,2.001e+06
U4,2000,2,8,HopcroftKarpMatcher,0,na,defect_at_iteration,0
U4,2000,2,8,HopcroftKarpMatcher,-1,na,phase_count,1
U4,2000,2,8,HopcroftKarpMatcher,-1,na,main_loop_iters,1
U4,2000,2,8,HopcroftKarpMatcher,-1,na,total_bfs_edges_visited,4e+06
U4,2000,2,8,HopcroftKarpMatcher,-1,na,total_edges_visited,6.001e+06
U4,2000,2,8,HopcroftKarpMatcher,-1,na,matching_size,2000
U4,2000,2,8,HopcroftKarpMatcher,-1,na,wall_clock_ms,7.97394
U4,2000,2,8,HopcroftKarpMatcher,-1,na,matching_size,2000
U4,500,1.4,8,SimpleAugmentingMatcher,-1,na,wall_clock_ms,9.9765
U4,500,1.4,8,SimpleAugmentingMatcher,-1,na,matching_size,500
U4,500,1.4,8,HopcroftKarpMatcher,0,na,paths_found_per_phase,468
U4,500,1.4,8,HopcroftKarpMatcher,0,na,bfs_edges_visited,6005
U4,500,1.4,8,HopcroftKarpMatcher,0,na,dfs_edges_visited,3050
U4,500,1.4,8,HopcroftKarpMatcher,0,na,defect_at_iteration,32
U4,500,1.4,8,HopcroftKarpMatcher,1,na,paths_found_per_phase,31
U4,500,1.4,8,HopcroftKarpMatcher,1,na,bfs_edges_visited,3535
U4,500,1.4,8,HopcroftKarpMatcher,1,na,dfs_edges_visited,2291
U4,500,1.4,8,HopcroftKarpMatcher,1,na,defect_at_iteration,1
U4,500,1.4,8,HopcroftKarpMatcher,2,na,paths_found_per_phase,1
U4,500,1.4,8,HopcroftKarpMatcher,2,na,bfs_edges_visited,1659
U4,500,1.4,8,HopcroftKarpMatcher,2,na,dfs_edges_visited,1042
U4,500,1.4,8,HopcroftKarpMatcher,2,na,defect_at_iteration,0
U4,500,1.4,8,HopcroftKarpMatcher,-1,na,phase_count,3
U4,500,1.4,8,HopcroftKarpMatcher,-1,na,main_loop_iters,3
U4,500,1.4,8,HopcroftKarpMatcher,-1,na,total_bfs_edges_visited,11199
U4,500,1.4,8,HopcroftKarpMatcher,-1,na,total_edges_visited,17582
U4,500,1.4,8,HopcroftKarpMatcher,-1,na,matching_size,500
U4,500,1.4,8,HopcroftKarpMatcher,-1,na,wall_clock_ms,0.913738
U4,500,1.4,8,HopcroftKarpMatcher,-1,na,matching_size,500
U4,500,1,0,SimpleAugmentingMatcher,-1,na,wall_clock_ms,0.240848
U4,500,1,0,SimpleAugmentingMatcher,-1,na,matching_size,275
U4,500,1,0,HopcroftKarpMatcher,0,na,paths_found_per_phase,258
U4,500,1,0,HopcroftKarpMatcher,0,na,bfs_edges_visited,500
U4,500,1,0,HopcroftKarpMatcher,0,na,dfs_edges_visited,375
U4,500,1,0,HopcroftKarpMatcher,0,na,defect_at_iteration,242
U4,500,1,0,HopcroftKarpMatcher,1,na,paths_found_per_phase,17
U4,500,1,0,HopcroftKarpMatcher,1,na,bfs_edges_visited,150
U4,500,1,0,HopcroftKarpMatcher,1,na,dfs_edges_visited,170
U4,500,1,0,HopcroftKarpMatcher,1,na,defect_at_iteration,225
U4,500,1,0,HopcroftKarpMatcher,-1,na,phase_count,2
U4,500,1,0,HopcroftKarpMatcher,-1,na,main_loop_iters,2
U4,500,1,0,HopcroftKarpMatcher,-1,na,total_bfs_edges_visited,650
U4,500,1,0,HopcroftKarpMatcher,-1,na,total_edges_visited,1195
U4,500,1,0,HopcroftKarpMatcher,-1,na,matching_size,275
U4,500,1,0,HopcroftKarpMatcher,-1,na,wall_clock_ms,0.889884
U4,500,1,0,HopcroftKarpMatcher,-1,na,matching_size,275
U4,1000,1.9,8,SimpleAugmentingMatcher,-1,na,wall_clock_ms,865.922
U4,1000,1.9,8,SimpleAugmentingMatcher,-1,na,matching_size,1000
U4,1000,1.9,8,HopcroftKarpMatcher,0,na,paths_found_per_phase,1000
U4,1000,1.9,8,HopcroftKarpMatcher,0,na,bfs_edges_visited,501187
U4,1000,1.9,8,HopcroftKarpMatcher,0,na,dfs_edges_visited,250695
U4,1000,1.9,8,HopcroftKarpMatcher,0,na,defect_at_iteration,0
U4,1000,1.9,8,HopcroftKarpMatcher,-1,na,phase_count,1
U4,1000,1.9,8,HopcroftKarpMatcher,-1,na,main_loop_iters,1
U4,1000,1.9,8,HopcroftKarpMatcher,-1,na,total_bfs_edges_visited,501187
U4,1000,1.9,8,HopcroftKarpMatcher,-1,na,total_edges_visited,751882
U4,1000,1.9,8,HopcroftKarpMatcher,-1,na,matching_size,1000
U4,1000,1.9,8,HopcroftKarpMatcher,-1,na,wall_clock_ms,8.10959
U4,1000,1.9,8,HopcroftKarpMatcher,-1,na,matching_size,1000
U4,1000,1.8,9,SimpleAugmentingMatcher,-1,na,wall_clock_ms,566.644
U4,1000,1.8,9,SimpleAugmentingMatcher,-1,na,matching_size,1000
U4,1000,1.8,9,HopcroftKarpMatcher,0,na,paths_found_per_phase,997
U4,1000,1.8,9,HopcroftKarpMatcher,0,na,bfs_edges_visited,251188
U4,1000,1.8,9,HopcroftKarpMatcher,0,na,dfs_edges_visited,125602
U4,1000,1.8,9,HopcroftKarpMatcher,0,na,defect_at_iteration,3
U4,1000,1.8,9,HopcroftKarpMatcher,1,na,paths_found_per_phase,3
U4,1000,1.8,9,HopcroftKarpMatcher,1,na,bfs_edges_visited,140897
U4,1000,1.8,9,HopcroftKarpMatcher,1,na,dfs_edges_visited,2052
U4,1000,1.8,9,HopcroftKarpMatcher,1,na,defect_at_iteration,0
U4,1000,1.8,9,HopcroftKarpMatcher,-1,na,phase_count,2
U4,1000,1.8,9,HopcroftKarpMatcher,-1,na,main_loop_iters,2
U4,1000,1.8,9,HopcroftKarpMatcher,-1,na,total_bfs_edges_visited,392085
U4,1000,1.8,9,HopcroftKarpMatcher,-1,na,total_edges_visited,519739
U4,1000,1.8,9,HopcroftKarpMatcher,-1,na,matching_size,1000
U4,1000,1.8,9,HopcroftKarpMatcher,-1,na,wall_clock_ms,7.40463
U4,1000,1.8,9,HopcroftKarpMatcher,-1,na,matching_size,1000
U4,1000,1.8,1,SimpleAugmentingMatcher,-1,na,wall_clock_ms,566.708
U4,1000,1.8,1,SimpleAugmentingMatcher,-1,na,matching_size,1000
U4,1000,1.8,1,HopcroftKarpMatcher,0,na,paths_found_per_phase,998
U4,1000,1.8,1,HopcroftKarpMatcher,0,na,bfs_edges_visited,251188
U4,1000,1.8,1,HopcroftKarpMatcher,0,na,dfs_edges_visited,125515
U4,1000,1.8,1,HopcroftKarpMatcher,0,na,defect_at_iteration,2
U4,1000,1.8,1,HopcroftKarpMatcher,1,na,paths_found_per_phase,2
U4,1000,1.8,1,HopcroftKarpMatcher,1,na,bfs_edges_visited,116097
U4,1000,1.8,1,HopcroftKarpMatcher,1,na,dfs_edges_visited,479
U4,1000,1.8,1,HopcroftKarpMatcher,1,na,defect_at_iteration,0
U4,1000,1.8,1,HopcroftKarpMatcher,-1,na,phase_count,2
U4,1000,1.8,1,HopcroftKarpMatcher,-1,na,main_loop_iters,2
U4,1000,1.8,1,HopcroftKarpMatcher,-1,na,total_bfs_edges_visited,367285
U4,1000,1.8,1,HopcroftKarpMatcher,-1,na,total_edges_visited,493279
U4,1000,1.8,1,HopcroftKarpMatcher,-1,na,matching_size,1000
U4,1000,1.8,1,HopcroftKarpMatcher,-1,na,wall_clock_ms,7.07719
U4,1000,1.8,1,HopcroftKarpMatcher,-1,na,matching_size,1000
U4,2000,1.6,5,SimpleAugmentingMatcher,-1,na,wall_clock_ms,1701.73
U4,2000,1.6,5,SimpleAugmentingMatcher,-1,na,matching_size,2000
U4,2000,1.6,5,HopcroftKarpMatcher,0,na,paths_found_per_phase,1989
U4,2000,1.6,5,HopcroftKarpMatcher,0,na,bfs_edges_visited,191270
U4,2000,1.6,5,HopcroftKarpMatcher,0,na,dfs_edges_visited,95865
U4,2000,1.6,5,HopcroftKarpMatcher,0,na,defect_at_iteration,11
U4,2000,1.6,5,HopcroftKarpMatcher,1,na,paths_found_per_phase,11
U4,2000,1.6,5,HopcroftKarpMatcher,1,na,bfs_edges_visited,78461
U4,2000,1.6,5,HopcroftKarpMatcher,1,na,dfs_edges_visited,5931
U4,2000,1.6,5,HopcroftKarpMatcher,1,na,defect_at_iteration,0
U4,2000,1.6,5,HopcroftKarpMatcher,-1,na,phase_count,2
U4,2000,1.6,5,HopcroftKarpMatcher,-1,na,main_loop_iters,2
U4,2000,1.6,5,HopcroftKarpMatcher,-1,na,total_bfs_edges_visited,269731
U4,2000,1.6,5,HopcroftKarpMatcher,-1,na,total_edges_visited,371527
U4,2000,1.6,5,HopcroftKarpMatcher,-1,na,matching_size,2000
U4,2000,1.6,5,HopcroftKarpMatcher,-1,na,wall_clock_ms,11.143
U4,2000,1.6,5,HopcroftKarpMatcher,-1,na,matching_size,2000
U4,1000,1.5,4,SimpleAugmentingMatcher,-1,na,wall_clock_ms,147.737
U4,1000,1.5,4,SimpleAugmentingMatcher,-1,na,matching_size,1000
U4,1000,1.5,4,HopcroftKarpMatcher,0,na,paths_found_per_phase,975
U4,1000,1.5,4,HopcroftKarpMatcher,0,na,bfs_edges_visited,31622
U4,1000,1.5,4,HopcroftKarpMatcher,0,na,dfs_edges_visited,15852
U4,1000,1.5,4,HopcroftKarpMatcher,0,na,defect_at_iteration,25
U4,1000,1.5,4,HopcroftKarpMatcher,1,na,paths_found_per_phase,25
U4,1000,1.5,4,HopcroftKarpMatcher,1,na,bfs_edges_visited,17121
U4,1000,1.5,4,HopcroftKarpMatcher,1,na,dfs_edges_visited,5657
U4,1000,1.5,4,HopcroftKarpMatcher,1,na,defect_at_iteration,0
U4,1000,1.5,4,HopcroftKarpMatcher,-1,na,phase_count,2
U4,1000,1.5,4,HopcroftKarpMatcher,-1,na,main_loop_iters,2
U4,1000,1.5,4,HopcroftKarpMatcher,-1,na,total_bfs_edges_visited,48743
U4,1000,1.5,4,HopcroftKarpMatcher,-1,na,total_edges_visited,70252
U4,1000,1.5,4,HopcroftKarpMatcher,-1,na,matching_size,1000
U4,1000,1.5,4,HopcroftKarpMatcher,-1,na,wall_clock_ms,2.9183
U4,1000,1.5,4,HopcroftKarpMatcher,-1,na,matching_size,1000
U4,2000,1.8,7,SimpleAugmentingMatcher,-1,na,wall_clock_ms,4194.51
U4,2000,1.8,7,SimpleAugmentingMatcher,-1,na,matching_size,2000
U4,2000,1.8,7,HopcroftKarpMatcher,0,na,paths_found_per_phase,1998
U4,2000,1.8,7,HopcroftKarpMatcher,0,na,bfs_edges_visited,874689
U4,2000,1.8,7,HopcroftKarpMatcher,0,na,dfs_edges_visited,437632
U4,2000,1.8,7,HopcroftKarpMatcher,0,na,defect_at_iteration,2
U4,2000,1.8,7,HopcroftKarpMatcher,1,na,paths_found_per_phase,2
U4,2000,1.8,7,HopcroftKarpMatcher,1,na,bfs_edges_visited,346643
U4,2000,1.8,7,HopcroftKarpMatcher,1,na,dfs_edges_visited,859
U4,2000,1.8,7,HopcroftKarpMatcher,1,na,defect_at_iteration,0
U4,2000,1.8,7,HopcroftKarpMatcher,-1,na,phase_count,2
U4,2000,1.8,7,HopcroftKarpMatcher,-1,na,main_loop_iters,2
U4,2000,1.8,7,HopcroftKarpMatcher,-1,na,total_bfs_edges_visited,1.22133e+06
U4,2000,1.8,7,HopcroftKarpMatcher,-1,na,total_edges_visited,1.65982e+06
U4,2000,1.8,7,HopcroftKarpMatcher,-1,na,matching_size,2000
U4,2000,1.8,7,HopcroftKarpMatcher,-1,na,wall_clock_ms,24.4663
U4,2000,1.8,7,HopcroftKarpMatcher,-1,na,matching_size,2000
U4,1000,1.2,0,SimpleAugmentingMatcher,-1,na,wall_clock_ms,30.5117
U4,1000,1.2,0,SimpleAugmentingMatcher,-1,na,matching_size,974
U4,1000,1.2,0,HopcroftKarpMatcher,0,na,paths_found_per_phase,840
U4,1000,1.2,0,HopcroftKarpMatcher,0,na,bfs_edges_visited,3981
U4,1000,1.2,0,HopcroftKarpMatcher,0,na,dfs_edges_visited,2172
U4,1000,1.2,0,HopcroftKarpMatcher,0,na,defect_at_iteration,160
U4,1000,1.2,0,HopcroftKarpMatcher,1,na,paths_found_per_phase,103
U4,1000,1.2,0,HopcroftKarpMatcher,1,na,bfs_edges_visited,1890
U4,1000,1.2,0,HopcroftKarpMatcher,1,na,dfs_edges_visited,1886
U4,1000,1.2,0,HopcroftKarpMatcher,1,na,defect_at_iteration,57
U4,1000,1.2,0,HopcroftKarpMatcher,2,na,paths_found_per_phase,12
U4,1000,1.2,0,HopcroftKarpMatcher,2,na,bfs_edges_visited,986
U4,1000,1.2,0,HopcroftKarpMatcher,2,na,dfs_edges_visited,1357
U4,1000,1.2,0,HopcroftKarpMatcher,2,na,defect_at_iteration,45
U4,1000,1.2,0,HopcroftKarpMatcher,3,na,paths_found_per_phase,7
U4,1000,1.2,0,HopcroftKarpMatcher,3,na,bfs_edges_visited,1120
U4,1000,1.2,0,HopcroftKarpMatcher,3,na,dfs_edges_visited,1494
U4,1000,1.2,0,HopcroftKarpMatcher,3,na,defect_at_iteration,38
U4,1000,1.2,0,HopcroftKarpMatcher,4,na,paths_found_per_phase,6
U4,1000,1.2,0,HopcroftKarpMatcher,4,na,bfs_edges_visited,2331
U4,1000,1.2,0,HopcroftKarpMatcher,4,na,dfs_edges_visited,2249
U4,1000,1.2,0,HopcroftKarpMatcher,4,na,defect_at_iteration,32
U4,1000,1.2,0,HopcroftKarpMatcher,5,na,paths_found_per_phase,4
U4,1000,1.2,0,HopcroftKarpMatcher,5,na,bfs_edges_visited,3123
U4,1000,1.2,0,HopcroftKarpMatcher,5,na,dfs_edges_visited,2388
U4,1000,1.2,0,HopcroftKarpMatcher,5,na,defect_at_iteration,28
U4,1000,1.2,0,HopcroftKarpMatcher,6,na,paths_found_per_phase,1
U4,1000,1.2,0,HopcroftKarpMatcher,6,na,bfs_edges_visited,3303
U4,1000,1.2,0,HopcroftKarpMatcher,6,na,dfs_edges_visited,2943
U4,1000,1.2,0,HopcroftKarpMatcher,6,na,defect_at_iteration,27
U4,1000,1.2,0,HopcroftKarpMatcher,7,na,paths_found_per_phase,1
U4,1000,1.2,0,HopcroftKarpMatcher,7,na,bfs_edges_visited,3402
U4,1000,1.2,0,HopcroftKarpMatcher,7,na,dfs_edges_visited,3191
U4,1000,1.2,0,HopcroftKarpMatcher,7,na,defect_at_iteration,26
U4,1000,1.2,0,HopcroftKarpMatcher,-1,na,phase_count,8
U4,1000,1.2,0,HopcroftKarpMatcher,-1,na,main_loop_iters,8
U4,1000,1.2,0,HopcroftKarpMatcher,-1,na,total_bfs_edges_visited,20136
U4,1000,1.2,0,HopcroftKarpMatcher,-1,na,total_edges_visited,37816
U4,1000,1.2,0,HopcroftKarpMatcher,-1,na,matching_size,974
U4,1000,1.2,0,HopcroftKarpMatcher,-1,na,wall_clock_ms,11.0332
U4,1000,1.2,0,HopcroftKarpMatcher,-1,na,matching_size,974
U4,2000,1,7,SimpleAugmentingMatcher,-1,na,wall_clock_ms,3.94395
U4,2000,1,7,SimpleAugmentingMatcher,-1,na,matching_size,1071
U4,2000,1,7,HopcroftKarpMatcher,0,na,paths_found_per_phase,1009
U4,2000,1,7,HopcroftKarpMatcher,0,na,bfs_edges_visited,2000
U4,2000,1,7,HopcroftKarpMatcher,0,na,dfs_edges_visited,1453
U4,2000,1,7,HopcroftKarpMatcher,0,na,defect_at_iteration,991
U4,2000,1,7,HopcroftKarpMatcher,1,na,paths_found_per_phase,59
U4,2000,1,7,HopcroftKarpMatcher,1,na,bfs_edges_visited,713
U4,2000,1,7,HopcroftKarpMatcher,1,na,dfs_edges_visited,736
U4,2000,1,7,HopcroftKarpMatcher,1,na,defect_at_iteration,932
U4,2000,1,7,HopcroftKarpMatcher,2,na,paths_found_per_phase,3
U4,2000,1,7,HopcroftKarpMatcher,2,na,bfs_edges_visited,559
U4,2000,1,7,HopcroftKarpMatcher,2,na,dfs_edges_visited,572
U4,2000,1,7,HopcroftKarpMatcher,2,na,defect_at_iteration,929
U4,2000,1,7,HopcroftKarpMatcher,-1,na,phase_count,3
U4,2000,1,7,HopcroftKarpMatcher,-1,na,main_loop_iters,3
U4,2000,1,7,HopcroftKarpMatcher,-1,na,total_bfs_edges_visited,3272
U4,2000,1,7,HopcroftKarpMatcher,-1,na,total_edges_visited,6033
U4,2000,1,7,HopcroftKarpMatcher,-1,na,matching_size,1071
U4,2000,1,7,HopcroftKarpMatcher,-1,na,wall_clock_ms,18.3632
U4,2000,1,7,HopcroftKarpMatcher,-1,na,matching_size,1071
U4,500,1.6,4,SimpleAugmentingMatcher,-1,na,wall_clock_ms,29.2948
U4,500,1.6,4,SimpleAugmentingMatcher,-1,na,matching_size,500
U4,500,1.6,4,HopcroftKarpMatcher,0,na,paths_found_per_phase,491
U4,500,1.6,4,HopcroftKarpMatcher,0,na,bfs_edges_visited,20813
U4,500,1.6,4,HopcroftKarpMatcher,0,na,dfs_edges_visited,10494
U4,500,1.6,4,HopcroftKarpMatcher,0,na,defect_at_iteration,9
U4,500,1.6,4,HopcroftKarpMatcher,1,na,paths_found_per_phase,9
U4,500,1.6,4,HopcroftKarpMatcher,1,na,bfs_edges_visited,11660
U4,500,1.6,4,HopcroftKarpMatcher,1,na,dfs_edges_visited,2217
U4,500,1.6,4,HopcroftKarpMatcher,1,na,defect_at_iteration,0
U4,500,1.6,4,HopcroftKarpMatcher,-1,na,phase_count,2
U4,500,1.6,4,HopcroftKarpMatcher,-1,na,main_loop_iters,2
U4,500,1.6,4,HopcroftKarpMatcher,-1,na,total_bfs_edges_visited,32473
U4,500,1.6,4,HopcroftKarpMatcher,-1,na,total_edges_visited,45184
U4,500,1.6,4,HopcroftKarpMatcher,-1,na,matching_size,500
U4,500,1.6,4,HopcroftKarpMatcher,-1,na,wall_clock_ms,1.01706
U4,500,1.6,4,HopcroftKarpMatcher,-1,na,matching_size,500
U4,1000,1.7,5,SimpleAugmentingMatcher,-1,na,wall_clock_ms,341.422
U4,1000,1.7,5,SimpleAugmentingMatcher,-1,na,matching_size,1000
U4,1000,1.7,5,HopcroftKarpMatcher,0,na,paths_found_per_phase,996
U4,1000,1.7,5,HopcroftKarpMatcher,0,na,bfs_edges_visited,125892
U4,1000,1.7,5,HopcroftKarpMatcher,0,na,dfs_edges_visited,62963
U4,1000,1.7,5,HopcroftKarpMatcher,0,na,defect_at_iteration,4
U4,1000,1.7,5,HopcroftKarpMatcher,1,na,paths_found_per_phase,4
U4,1000,1.7,5,HopcroftKarpMatcher,1,na,bfs_edges_visited,54235
U4,1000,1.7,5,HopcroftKarpMatcher,1,na,dfs_edges_visited,2361
U4,1000,1.7,5,HopcroftKarpMatcher,1,na,defect_at_iteration,0
U4,1000,1.7,5,HopcroftKarpMatcher,-1,na,phase_count,2
U4,1000,1.7,5,HopcroftKarpMatcher,-1,na,main_loop_iters,2
U4,1000,1.7,5,HopcroftKarpMatcher,-1,na,total_bfs_edges_visited,180127
U4,1000,1.7,5,HopcroftKarpMatcher,-1,na,total_edges_visited,245451
U4,1000,1.7,5,HopcroftKarpMatcher,-1,na,matching_size,1000
U4,1000,1.7,5,HopcroftKarpMatcher,-1,na,wall_clock_ms,4.38886
U4,1000,1.7,5,HopcroftKarpMatcher,-1,na,matching_size,1000
U4,2000,1.6,6,SimpleAugmentingMatcher,-1,na,wall_clock_ms,1701.73
U4,2000,1.6,6,SimpleAugmentingMatcher,-1,na,matching_size,2000
U4,2000,1.6,6,HopcroftKarpMatcher,0,na,paths_found_per_phase,1988
U4,2000,1.6,6,HopcroftKarpMatcher,0,na,bfs_edges_visited,191270
U4,2000,1.6,6,HopcroftKarpMatcher,0,na,dfs_edges_visited,95716
U4,2000,1.6,6,HopcroftKarpMatcher,0,na,defect_at_iteration,12
U4,2000,1.6,6,HopcroftKarpMatcher,1,na,paths_found_per_phase,12
U4,2000,1.6,6,HopcroftKarpMatcher,1,na,bfs_edges_visited,80079
U4,2000,1.6,6,HopcroftKarpMatcher,1,na,dfs_edges_visited,6987
U4,2000,1.6,6,HopcroftKarpMatcher,1,na,defect_at_iteration,0
U4,2000,1.6,6,HopcroftKarpMatcher,-1,na,phase_count,2
U4,2000,1.6,6,HopcroftKarpMatcher,-1,na,main_loop_iters,2
U4,2000,1.6,6,HopcroftKarpMatcher,-1,na,total_bfs_edges_visited,271349
U4,2000,1.6,6,HopcroftKarpMatcher,-1,na,total_edges_visited,374052
U4,2000,1.6,6,HopcroftKarpMatcher,-1,na,matching_size,2000
U4,2000,1.6,6,HopcroftKarpMatcher,-1,na,wall_clock_ms,11.268
U4,2000,1.6,6,HopcroftKarpMatcher,-1,na,matching_size,2000
U4,500,1.5,9,SimpleAugmentingMatcher,-1,na,wall_clock_ms,18.9327
U4,500,1.5,9,SimpleAugmentingMatcher,-1,na,matching_size,500
U4,500,1.5,9,HopcroftKarpMatcher,0,na,paths_found_per_phase,484
U4,500,1.5,9,HopcroftKarpMatcher,0,na,bfs_edges_visited,11180
U4,500,1.5,9,HopcroftKarpMatcher,0,na,dfs_edges_visited,5597
U4,500,1.5,9,HopcroftKarpMatcher,0,na,defect_at_iteration,16
U4,500,1.5,9,HopcroftKarpMatcher,1,na,paths_found_per_phase,16
U4,500,1.5,9,HopcroftKarpMatcher,1,na,bfs_edges_visited,6012
U4,500,1.5,9,HopcroftKarpMatcher,1,na,dfs_edges_visited,1722
U4,500,1.5,9,HopcroftKarpMatcher,1,na,defect_at_iteration,0
U4,500,1.5,9,HopcroftKarpMatcher,-1,na,phase_count,2
U4,500,1.5,9,HopcroftKarpMatcher,-1,na,main_loop_iters,2
U4,500,1.5,9,HopcroftKarpMatcher,-1,na,total_bfs_edges_visited,17192
U4,500,1.5,9,HopcroftKarpMatcher,-1,na,total_edges_visited,24511
U4,500,1.5,9,HopcroftKarpMatcher,-1,na,matching_size,500
U4,500,1.5,9,HopcroftKarpMatcher,-1,na,wall_clock_ms,0.808542
U4,500,1.5,9,HopcroftKarpMatcher,-1,na,matching_size,500
U4,2000,2,5,SimpleAugmentingMatcher,-1,na,wall_clock_ms,1730.54
U4,2000,2,5,SimpleAugmentingMatcher,-1,na,matching_size,2000
U4,2000,2,5,HopcroftKarpMatcher,0,na,paths_found_per_phase,2000
U4,2000,2,5,HopcroftKarpMatcher,0,na,bfs_edges_visited,4e+06
U4,2000,2,5,HopcroftKarpMatcher,0,na,dfs_edges_visited,2.001e+06
U4,2000,2,5,HopcroftKarpMatcher,0,na,defect_at_iteration,0
U4,2000,2,5,HopcroftKarpMatcher,-1,na,phase_count,1
U4,2000,2,5,HopcroftKarpMatcher,-1,na,main_loop_iters,1
U4,2000,2,5,HopcroftKarpMatcher,-1,na,total_bfs_edges_visited,4e+06
U4,2000,2,5,HopcroftKarpMatcher,-1,na,total_edges_visited,6.001e+06
U4,2000,2,5,HopcroftKarpMatcher,-1,na,matching_size,2000
U4,2000,2,5,HopcroftKarpMatcher,-1,na,wall_clock_ms,7.98362
U4,2000,2,5,HopcroftKarpMatcher,-1,na,matching_size,2000
U4,500,1.7,11,SimpleAugmentingMatcher,-1,na,wall_clock_ms,45.0064
U4,500,1.7,11,SimpleAugmentingMatcher,-1,na,matching_size,500
U4,500,1.7,11,HopcroftKarpMatcher,0,na,paths_found_per_phase,496
U4,500,1.7,11,HopcroftKarpMatcher,0,na,bfs_edges_visited,38747
U4,500,1.7,11,HopcroftKarpMatcher,0,na,dfs_edges_visited,19400
U4,500,1.7,11,HopcroftKarpMatcher,0,na,defect_at_iteration,4
U4,500,1.7,11,HopcroftKarpMatcher,1,na,paths_found_per_phase,4
U4,500,1.7,11,HopcroftKarpMatcher,1,na,bfs_edges_visited,20434
U4,500,1.7,11,HopcroftKarpMatcher,1,na,dfs_edges_visited,1609
U4,500,1.7,11,HopcroftKarpMatcher,1,na,defect_at_iteration,0
U4,500,1.7,11,HopcroftKarpMatcher,-1,na,phase_count,2
U4,500,1.7,11,HopcroftKarpMatcher,-1,na,main_loop_iters,2
U4,500,1.7,11,HopcroftKarpMatcher,-1,na,total_bfs_edges_visited,59181
U4,500,1.7,11,HopcroftKarpMatcher,-1,na,total_edges_visited,80190
U4,500,1.7,11,HopcroftKarpMatcher,-1,na,matching_size,500
U4,500,1.7,11,HopcroftKarpMatcher,-1,na,wall_clock_ms,1.3207
U4,500,1.7,11,HopcroftKarpMatcher,-1,na,matching_size,500
U4,1000,1.6,1,SimpleAugmentingMatcher,-1,na,wall_clock_ms,223.993
U4,1000,1.6,1,SimpleAugmentingMatcher,-1,na,matching_size,1000
U4,1000,1.6,1,HopcroftKarpMatcher,0,na,paths_found_per_phase,989
U4,1000,1.6,1,HopcroftKarpMatcher,0,na,bfs_edges_visited,63095
U4,1000,1.6,1,HopcroftKarpMatcher,0,na,dfs_edges_visited,31409
U4,1000,1.6,1,HopcroftKarpMatcher,0,na,defect_at_iteration,11
U4,1000,1.6,1,HopcroftKarpMatcher,1,na,paths_found_per_phase,11
U4,1000,1.6,1,HopcroftKarpMatcher,1,na,bfs_edges_visited,31938
U4,1000,1.6,1,HopcroftKarpMatcher,1,na,dfs_edges_visited,5992
U4,1000,1.6,1,HopcroftKarpMatcher,1,na,defect_at_iteration,0
U4,1000,1.6,1,HopcroftKarpMatcher,-1,na,phase_count,2
U4,1000,1.6,1,HopcroftKarpMatcher,-1,na,main_loop_iters,2
U4,1000,1.6,1,HopcroftKarpMatcher,-1,na,total_bfs_edges_visited,95033
U4,1000,1.6,1,HopcroftKarpMatcher,-1,na,total_edges_visited,132434
U4,1000,1.6,1,HopcroftKarpMatcher,-1,na,matching_size,1000
U4,1000,1.6,1,HopcroftKarpMatcher,-1,na,wall_clock_ms,3.44385
U4,1000,1.6,1,HopcroftKarpMatcher,-1,na,matching_size,1000
U4,2000,1.6,3,SimpleAugmentingMatcher,-1,na,wall_clock_ms,1696.69
U4,2000,1.6,3,SimpleAugmentingMatcher,-1,na,matching_size,2000
U4,2000,1.6,3,HopcroftKarpMatcher,0,na,paths_found_per_phase,1986
U4,2000,1.6,3,HopcroftKarpMatcher,0,na,bfs_edges_visited,191270
U4,2000,1.6,3,HopcroftKarpMatcher,0,na,dfs_edges_visited,95945
U4,2000,1.6,3,HopcroftKarpMatcher,0,na,defect_at_iteration,14
U4,2000,1.6,3,HopcroftKarpMatcher,1,na,paths_found_per_phase,14
U4,2000,1.6,3,HopcroftKarpMatcher,1,na,bfs_edges_visited,94742
U4,2000,1.6,3,HopcroftKarpMatcher,1,na,dfs_edges_visited,11520
U4,2000,1.6,3,HopcroftKarpMatcher,1,na,defect_at_iteration,0
U4,2000,1.6,3,HopcroftKarpMatcher,-1,na,phase_count,2
U4,2000,1.6,3,HopcroftKarpMatcher,-1,na,main_loop_iters,2
U4,2000,1.6,3,HopcroftKarpMatcher,-1,na,total_bfs_edges_visited,286012
U4,2000,1.6,3,HopcroftKarpMatcher,-1,na,total_edges_visited,393477
U4,2000,1.6,3,HopcroftKarpMatcher,-1,na,matching_size,2000
U4,2000,1.6,3,HopcroftKarpMatcher,-1,na,wall_clock_ms,11.9964
U4,2000,1.6,3,HopcroftKarpMatcher,-1,na,matching_size,2000
U4,500,1.5,14,SimpleAugmentingMatcher,-1,na,wall_clock_ms,18.5893
U4,500,1.5,14,SimpleAugmentingMatcher,-1,na,matching_size,500
U4,500,1.5,14,HopcroftKarpMatcher,0,na,paths_found_per_phase,485
U4,500,1.5,14,HopcroftKarpMatcher,0,na,bfs_edges_visited,11180
U4,500,1.5,14,HopcroftKarpMatcher,0,na,dfs_edges_visited,5592
U4,500,1.5,14,HopcroftKarpMatcher,0,na,defect_at_iteration,15
U4,500,1.5,14,HopcroftKarpMatcher,1,na,paths_found_per_phase,15
U4,500,1.5,14,HopcroftKarpMatcher,1,na,bfs_edges_visited,5488
U4,500,1.5,14,HopcroftKarpMatcher,1,na,dfs_edges_visited,2263
U4,500,1.5,14,HopcroftKarpMatcher,1,na,defect_at_iteration,0
U4,500,1.5,14,HopcroftKarpMatcher,-1,na,phase_count,2
U4,500,1.5,14,HopcroftKarpMatcher,-1,na,main_loop_iters,2
U4,500,1.5,14,HopcroftKarpMatcher,-1,na,total_bfs_edges_visited,16668
U4,500,1.5,14,HopcroftKarpMatcher,-1,na,total_edges_visited,24523
U4,500,1.5,14,HopcroftKarpMatcher,-1,na,matching_size,500
U4,500,1.5,14,HopcroftKarpMatcher,-1,na,wall_clock_ms,0.802532
U4,500,1.5,14,HopcroftKarpMatcher,-1,na,matching_size,500
U4,2000,1.2,11,SimpleAugmentingMatcher,-1,na,wall_clock_ms,171.859
U4,2000,1.2,11,SimpleAugmentingMatcher,-1,na,matching_size,1973
U4,2000,1.2,11,HopcroftKarpMatcher,0,na,paths_found_per_phase,1703
U4,2000,1.2,11,HopcroftKarpMatcher,0,na,bfs_edges_visited,9146
U4,2000,1.2,11,HopcroftKarpMatcher,0,na,dfs_edges_visited,4941
U4,2000,1.2,11,HopcroftKarpMatcher,0,na,defect_at_iteration,297
U4,2000,1.2,11,HopcroftKarpMatcher,1,na,paths_found_per_phase,223
U4,2000,1.2,11,HopcroftKarpMatcher,1,na,bfs_edges_visited,4256
U4,2000,1.2,11,HopcroftKarpMatcher,1,na,dfs_edges_visited,3836
U4,2000,1.2,11,HopcroftKarpMatcher,1,na,defect_at_iteration,74
U4,2000,1.2,11,HopcroftKarpMatcher,2,na,paths_found_per_phase,22
U4,2000,1.2,11,HopcroftKarpMatcher,2,na,bfs_edges_visited,1377
U4,2000,1.2,11,HopcroftKarpMatcher,2,na,dfs_edges_visited,2269
U4,2000,1.2,11,HopcroftKarpMatcher,2,na,defect_at_iteration,52
U4,2000,1.2,11,HopcroftKarpMatcher,3,na,paths_found_per_phase,13
U4,2000,1.2,11,HopcroftKarpMatcher,3,na,bfs_edges_visited,1767
U4,2000,1.2,11,HopcroftKarpMatcher,3,na,dfs_edges_visited,2525
U4,2000,1.2,11,HopcroftKarpMatcher,3,na,defect_at_iteration,39
U4,2000,1.2,11,HopcroftKarpMatcher,4,na,paths_found_per_phase,10
U4,2000,1.2,11,HopcroftKarpMatcher,4,na,bfs_edges_visited,4251
U4,2000,1.2,11,HopcroftKarpMatcher,4,na,dfs_edges_visited,2527
U4,2000,1.2,11,HopcroftKarpMatcher,4,na,defect_at_iteration,29
U4,2000,1.2,11,HopcroftKarpMatcher,5,na,paths_found_per_phase,2
U4,2000,1.2,11,HopcroftKarpMatcher,5,na,bfs_edges_visited,2470
U4,2000,1.2,11,HopcroftKarpMatcher,5,na,dfs_edges_visited,3499
U4,2000,1.2,11,HopcroftKarpMatcher,5,na,defect_at_iteration,27
U4,2000,1.2,11,HopcroftKarpMatcher,-1,na,phase_count,6
U4,2000,1.2,11,HopcroftKarpMatcher,-1,na,main_loop_iters,6
U4,2000,1.2,11,HopcroftKarpMatcher,-1,na,total_bfs_edges_visited,23267
U4,2000,1.2,11,HopcroftKarpMatcher,-1,na,total_edges_visited,42864
U4,2000,1.2,11,HopcroftKarpMatcher,-1,na,matching_size,1973
U4,2000,1.2,11,HopcroftKarpMatcher,-1,na,wall_clock_ms,19.7808
U4,2000,1.2,11,HopcroftKarpMatcher,-1,na,matching_size,1973
U4,500,1.8,6,SimpleAugmentingMatcher,-1,na,wall_clock_ms,72.9393
U4,500,1.8,6,SimpleAugmentingMatcher,-1,na,matching_size,500
U4,500,1.8,6,HopcroftKarpMatcher,0,na,paths_found_per_phase,497
U4,500,1.8,6,HopcroftKarpMatcher,0,na,bfs_edges_visited,72134
U4,500,1.8,6,HopcroftKarpMatcher,0,na,dfs_edges_visited,36114
U4,500,1.8,6,HopcroftKarpMatcher,0,na,defect_at_iteration,3
U4,500,1.8,6,HopcroftKarpMatcher,1,na,paths_found_per_phase,3
U4,500,1.8,6,HopcroftKarpMatcher,1,na,bfs_edges_visited,44292
U4,500,1.8,6,HopcroftKarpMatcher,1,na,dfs_edges_visited,1020
U4,500,1.8,6,HopcroftKarpMatcher,1,na,defect_at_iteration,0
U4,500,1.8,6,HopcroftKarpMatcher,-1,na,phase_count,2
U4,500,1.8,6,HopcroftKarpMatcher,-1,na,main_loop_iters,2
U4,500,1.8,6,HopcroftKarpMatcher,-1,na,total_bfs_edges_visited,116426
U4,500,1.8,6,HopcroftKarpMatcher,-1,na,total_edges_visited,153560
U4,500,1.8,6,HopcroftKarpMatcher,-1,na,matching_size,500
U4,500,1.8,6,HopcroftKarpMatcher,-1,na,wall_clock_ms,2.1432
U4,500,1.8,6,HopcroftKarpMatcher,-1,na,matching_size,500
U4,500,1.6,10,SimpleAugmentingMatcher,-1,na,wall_clock_ms,29.3093
U4,500,1.6,10,SimpleAugmentingMatcher,-1,na,matching_size,500
U4,500,1.6,10,HopcroftKarpMatcher,0,na,paths_found_per_phase,492
U4,500,1.6,10,HopcroftKarpMatcher,0,na,bfs_edges_visited,20813
U4,500,1.6,10,HopcroftKarpMatcher,0,na,dfs_edges_visited,10273
U4,500,1.6,10,HopcroftKarpMatcher,0,na,defect_at_iteration,8
U4,500,1.6,10,HopcroftKarpMatcher,1,na,paths_found_per_phase,8
U4,500,1.6,10,HopcroftKarpMatcher,1,na,bfs_edges_visited,10324
U4,500,1.6,10,HopcroftKarpMatcher,1,na,dfs_edges_visited,2201
U4,500,1.6,10,HopcroftKarpMatcher,1,na,defect_at_iteration,0
U4,500,1.6,10,HopcroftKarpMatcher,-1,na,phase_count,2
U4,500,1.6,10,HopcroftKarpMatcher,-1,na,main_loop_iters,2
U4,500,1.6,10,HopcroftKarpMatcher,-1,na,total_bfs_edges_visited,31137
U4,500,1.6,10,HopcroftKarpMatcher,-1,na,total_edges_visited,43611
U4,500,1.6,10,HopcroftKarpMatcher,-1,na,matching_size,500
U4,500,1.6,10,HopcroftKarpMatcher,-1,na,wall_clock_ms,0.972494
U4,500,1.6,10,HopcroftKarpMatcher,-1,na,matching_size,500
U4,2000,1.9,6,SimpleAugmentingMatcher,-1,na,wall_clock_ms,7029.67
U4,2000,1.9,6,SimpleAugmentingMatcher,-1,na,matching_size,2000
U4,2000,1.9,6,HopcroftKarpMatcher,0,na,paths_found_per_phase,1998
U4,2000,1.9,6,HopcroftKarpMatcher,0,na,bfs_edges_visited,1.8705e+06
U4,2000,1.9,6,HopcroftKarpMatcher,0,na,dfs_edges_visited,936344
U4,2000,1.9,6,HopcroftKarpMatcher,0,na,defect_at_iteration,2
U4,2000,1.9,6,HopcroftKarpMatcher,1,na,paths_found_per_phase,2
U4,2000,1.9,6,HopcroftKarpMatcher,1,na,bfs_edges_visited,1.30693e+06
U4,2000,1.9,6,HopcroftKarpMatcher,1,na,dfs_edges_visited,2767
U4,2000,1.9,6,HopcroftKarpMatcher,1,na,defect_at_iteration,0
U4,2000,1.9,6,HopcroftKarpMatcher,-1,na,phase_count,2
U4,2000,1.9,6,HopcroftKarpMatcher,-1,na,main_loop_iters,2
U4,2000,1.9,6,HopcroftKarpMatcher,-1,na,total_bfs_edges_visited,3.17743e+06
U4,2000,1.9,6,HopcroftKarpMatcher,-1,na,total_edges_visited,4.11654e+06
U4,2000,1.9,6,HopcroftKarpMatcher,-1,na,matching_size,2000
U4,2000,1.9,6,HopcroftKarpMatcher,-1,na,wall_clock_ms,47.7978
U4,2000,1.9,6,HopcroftKarpMatcher,-1,na,matching_size,2000
U4,500,1.4,2,SimpleAugmentingMatcher,-1,na,wall_clock_ms,10.7537
U4,500,1.4,2,SimpleAugmentingMatcher,-1,na,matching_size,500
U4,500,1.4,2,HopcroftKarpMatcher,0,na,paths_found_per_phase,470
U4,500,1.4,2,HopcroftKarpMatcher,0,na,bfs_edges_visited,6005
U4,500,1.4,2,HopcroftKarpMatcher,0,na,dfs_edges_visited,3044
U4,500,1.4,2,HopcroftKarpMatcher,0,na,defect_at_iteration,30
U4,500,1.4,2,HopcroftKarpMatcher,1,na,paths_found_per_phase,29
U4,500,1.4,2,HopcroftKarpMatcher,1,na,bfs_edges_visited,3036
U4,500,1.4,2,HopcroftKarpMatcher,1,na,dfs_edges_visited,2390
U4,500,1.4,2,HopcroftKarpMatcher,1,na,defect_at_iteration,1
U4,500,1.4,2,HopcroftKarpMatcher,2,na,paths_found_per_phase,1
U4,500,1.4,2,HopcroftKarpMatcher,2,na,bfs_edges_visited,5582
U4,500,1.4,2,HopcroftKarpMatcher,2,na,dfs_edges_visited,2658
U4,500,1.4,2,HopcroftKarpMatcher,2,na,defect_at_iteration,0
U4,500,1.4,2,HopcroftKarpMatcher,-1,na,phase_count,3
U4,500,1.4,2,HopcroftKarpMatcher,-1,na,main_loop_iters,3
U4,500,1.4,2,HopcroftKarpMatcher,-1,na,total_bfs_edges_visited,14623
U4,500,1.4,2,HopcroftKarpMatcher,-1,na,total_edges_visited,22715
U4,500,1.4,2,HopcroftKarpMatcher,-1,na,matching_size,500
U4,500,1.4,2,HopcroftKarpMatcher,-1,na,wall_clock_ms,1.19325
U4,500,1.4,2,HopcroftKarpMatcher,-1,na,matching_size,500
U4,1000,1.8,0,SimpleAugmentingMatcher,-1,na,wall_clock_ms,587.05
U4,1000,1.8,0,SimpleAugmentingMatcher,-1,na,matching_size,1000
U4,1000,1.8,0,HopcroftKarpMatcher,0,na,paths_found_per_phase,998
U4,1000,1.8,0,HopcroftKarpMatcher,0,na,bfs_edges_visited,251188
U4,1000,1.8,0,HopcroftKarpMatcher,0,na,dfs_edges_visited,125595
U4,1000,1.8,0,HopcroftKarpMatcher,0,na,defect_at_iteration,2
U4,1000,1.8,0,HopcroftKarpMatcher,1,na,paths_found_per_phase,2
U4,1000,1.8,0,HopcroftKarpMatcher,1,na,bfs_edges_visited,108711
U4,1000,1.8,0,HopcroftKarpMatcher,1,na,dfs_edges_visited,2285
U4,1000,1.8,0,HopcroftKarpMatcher,1,na,defect_at_iteration,0
U4,1000,1.8,0,HopcroftKarpMatcher,-1,na,phase_count,2
U4,1000,1.8,0,HopcroftKarpMatcher,-1,na,main_loop_iters,2
U4,1000,1.8,0,HopcroftKarpMatcher,-1,na,total_bfs_edges_visited,359899
U4,1000,1.8,0,HopcroftKarpMatcher,-1,na,total_edges_visited,487779
U4,1000,1.8,0,HopcroftKarpMatcher,-1,na,matching_size,1000
U4,1000,1.8,0,HopcroftKarpMatcher,-1,na,wall_clock_ms,7.0202
U4,1000,1.8,0,HopcroftKarpMatcher,-1,na,matching_size,1000
U4,1000,1.5,1,SimpleAugmentingMatcher,-1,na,wall_clock_ms,146.996
U4,1000,1.5,1,SimpleAugmentingMatcher,-1,na,matching_size,1000
U4,1000,1.5,1,HopcroftKarpMatcher,0,na,paths_found_per_phase,978
U4,1000,1.5,1,HopcroftKarpMatcher,0,na,bfs_edges_visited,31622
U4,1000,1.5,1,HopcroftKarpMatcher,0,na,dfs_edges_visited,15845
U4,1000,1.5,1,HopcroftKarpMatcher,0,na,defect_at_iteration,22
U4,1000,1.5,1,HopcroftKarpMatcher,1,na,paths_found_per_phase,22
U4,1000,1.5,1,HopcroftKarpMatcher,1,na,bfs_edges_visited,16414
U4,1000,1.5,1,HopcroftKarpMatcher,1,na,dfs_edges_visited,6547
U4,1000,1.5,1,HopcroftKarpMatcher,1,na,defect_at_iteration,0
U4,1000,1.5,1,HopcroftKarpMatcher,-1,na,phase_count,2
U4,1000,1.5,1,HopcroftKarpMatcher,-1,na,main_loop_iters,2
U4,1000,1.5,1,HopcroftKarpMatcher,-1,na,total_bfs_edges_visited,48036
U4,1000,1.5,1,HopcroftKarpMatcher,-1,na,total_edges_visited,70428
U4,1000,1.5,1,HopcroftKarpMatcher,-1,na,matching_size,1000
U4,1000,1.5,1,HopcroftKarpMatcher,-1,na,wall_clock_ms,2.87162
U4,1000,1.5,1,HopcroftKarpMatcher,-1,na,matching_size,1000
U4,500,1.8,2,SimpleAugmentingMatcher,-1,na,wall_clock_ms,73.2934
U4,500,1.8,2,SimpleAugmentingMatcher,-1,na,matching_size,500
U4,500,1.8,2,HopcroftKarpMatcher,0,na,paths_found_per_phase,497
U4,500,1.8,2,HopcroftKarpMatcher,0,na,bfs_edges_visited,72134
U4,500,1.8,2,HopcroftKarpMatcher,0,na,dfs_edges_visited,36033
U4,500,1.8,2,HopcroftKarpMatcher,0,na,defect_at_iteration,3
U4,500,1.8,2,HopcroftKarpMatcher,1,na,paths_found_per_phase,3
U4,500,1.8,2,HopcroftKarpMatcher,1,na,bfs_edges_visited,45442
U4,500,1.8,2,HopcroftKarpMatcher,1,na,dfs_edges_visited,1062
U4,500,1.8,2,HopcroftKarpMatcher,1,na,defect_at_iteration,0
U4,500,1.8,2,HopcroftKarpMatcher,-1,na,phase_count,2
U4,500,1.8,2,HopcroftKarpMatcher,-1,na,main_loop_iters,2
U4,500,1.8,2,HopcroftKarpMatcher,-1,na,total_bfs_edges_visited,117576
U4,500,1.8,2,HopcroftKarpMatcher,-1,na,total_edges_visited,154671
U4,500,1.8,2,HopcroftKarpMatcher,-1,na,matching_size,500
U4,500,1.8,2,HopcroftKarpMatcher,-1,na,wall_clock_ms,2.1624
U4,500,1.8,2,HopcroftKarpMatcher,-1,na,matching_size,500
U4,2000,1.2,14,SimpleAugmentingMatcher,-1,na,wall_clock_ms,179.089
U4,2000,1.2,14,SimpleAugmentingMatcher,-1,na,matching_size,1980
U4,2000,1.2,14,HopcroftKarpMatcher,0,na,paths_found_per_phase,1698
U4,2000,1.2,14,HopcroftKarpMatcher,0,na,bfs_edges_visited,9146
U4,2000,1.2,14,HopcroftKarpMatcher,0,na,dfs_edges_visited,4897
U4,2000,1.2,14,HopcroftKarpMatcher,0,na,defect_at_iteration,302
U4,2000,1.2,14,HopcroftKarpMatcher,1,na,paths_found_per_phase,218
U4,2000,1.2,14,HopcroftKarpMatcher,1,na,bfs_edges_visited,4374
U4,2000,1.2,14,HopcroftKarpMatcher,1,na,dfs_edges_visited,4487
U4,2000,1.2,14,HopcroftKarpMatcher,1,na,defect_at_iteration,84
U4,2000,1.2,14,HopcroftKarpMatcher,2,na,paths_found_per_phase,34
U4,2000,1.2,14,HopcroftKarpMatcher,2,na,bfs_edges_visited,2362
U4,2000,1.2,14,HopcroftKarpMatcher,2,na,dfs_edges_visited,3791
U4,2000,1.2,14,HopcroftKarpMatcher,2,na,defect_at_iteration,50
U4,2000,1.2,14,HopcroftKarpMatcher,3,na,paths_found_per_phase,15
U4,2000,1.2,14,HopcroftKarpMatcher,3,na,bfs_edges_visited,2716
U4,2000,1.2,14,HopcroftKarpMatcher,3,na,dfs_edges_visited,3764
U4,2000,1.2,14,HopcroftKarpMatcher,3,na,defect_at_iteration,35
U4,2000,1.2,14,HopcroftKarpMatcher,4,na,paths_found_per_phase,10
U4,2000,1.2,14,HopcroftKarpMatcher,4,na,bfs_edges_visited,5676
U4,2000,1.2,14,HopcroftKarpMatcher,4,na,dfs_edges_visited,5375
U4,2000,1.2,14,HopcroftKarpMatcher,4,na,defect_at_iteration,25
U4,2000,1.2,14,HopcroftKarpMatcher,5,na,paths_found_per_phase,2
U4,2000,1.2,14,HopcroftKarpMatcher,5,na,bfs_edges_visited,5336
U4,2000,1.2,14,HopcroftKarpMatcher,5,na,dfs_edges_visited,6126
U4,2000,1.2,14,HopcroftKarpMatcher,5,na,defect_at_iteration,23
U4,2000,1.2,14,HopcroftKarpMatcher,6,na,paths_found_per_phase,1
U4,2000,1.2,14,HopcroftKarpMatcher,6,na,bfs_edges_visited,5130
U4,2000,1.2,14,HopcroftKarpMatcher,6,na,dfs_edges_visited,3700
U4,2000,1.2,14,HopcroftKarpMatcher,6,na,defect_at_iteration,22
U4,2000,1.2,14,HopcroftKarpMatcher,7,na,paths_found_per_phase,2
U4,2000,1.2,14,HopcroftKarpMatcher,7,na,bfs_edges_visited,4752
U4,2000,1.2,14,HopcroftKarpMatcher,7,na,dfs_edges_visited,6253
U4,2000,1.2,14,HopcroftKarpMatcher,7,na,defect_at_iteration,20
U4,2000,1.2,14,HopcroftKarpMatcher,-1,na,phase_count,8
U4,2000,1.2,14,HopcroftKarpMatcher,-1,na,main_loop_iters,8
U4,2000,1.2,14,HopcroftKarpMatcher,-1,na,total_bfs_edges_visited,39492
U4,2000,1.2,14,HopcroftKarpMatcher,-1,na,total_edges_visited,77885
U4,2000,1.2,14,HopcroftKarpMatcher,-1,na,matching_size,1980
U4,2000,1.2,14,HopcroftKarpMatcher,-1,na,wall_clock_ms,35.0148
U4,2000,1.2,14,HopcroftKarpMatcher,-1,na,matching_size,1980
U4,1000,1.5,13,SimpleAugmentingMatcher,-1,na,wall_clock_ms,147.524
U4,1000,1.5,13,SimpleAugmentingMatcher,-1,na,matching_size,1000
U4,1000,1.5,13,HopcroftKarpMatcher,0,na,paths_found_per_phase,979
U4,1000,1.5,13,HopcroftKarpMatcher,0,na,bfs_edges_visited,31622
U4,1000,1.5,13,HopcroftKarpMatcher,0,na,dfs_edges_visited,15728
U4,1000,1.5,13,HopcroftKarpMatcher,0,na,defect_at_iteration,21
U4,1000,1.5,13,HopcroftKarpMatcher,1,na,paths_found_per_phase,21
U4,1000,1.5,13,HopcroftKarpMatcher,1,na,bfs_edges_visited,16480
U4,1000,1.5,13,HopcroftKarpMatcher,1,na,dfs_edges_visited,3068
U4,1000,1.5,13,HopcroftKarpMatcher,1,na,defect_at_iteration,0
U4,1000,1.5,13,HopcroftKarpMatcher,-1,na,phase_count,2
U4,1000,1.5,13,HopcroftKarpMatcher,-1,na,main_loop_iters,2
U4,1000,1.5,13,HopcroftKarpMatcher,-1,na,total_bfs_edges_visited,48102
U4,1000,1.5,13,HopcroftKarpMatcher,-1,na,total_edges_visited,66898
U4,1000,1.5,13,HopcroftKarpMatcher,-1,na,matching_size,1000
U4,1000,1.5,13,HopcroftKarpMatcher,-1,na,wall_clock_ms,2.76941
U4,1000,1.5,13,HopcroftKarpMatcher,-1,na,matching_size,1000
U4,1000,1.2,4,SimpleAugmentingMatcher,-1,na,wall_clock_ms,28.6102
U4,1000,1.2,4,SimpleAugmentingMatcher,-1,na,matching_size,979
U4,1000,1.2,4,HopcroftKarpMatcher,0,na,paths_found_per_phase,846
U4,1000,1.2,4,HopcroftKarpMatcher,0,na,bfs_edges_visited,3981
U4,1000,1.2,4,HopcroftKarpMatcher,0,na,dfs_edges_visited,2149
U4,1000,1.2,4,HopcroftKarpMatcher,0,na,defect_at_iteration,154
U4,1000,1.2,4,HopcroftKarpMatcher,1,na,paths_found_per_phase,93
U4,1000,1.2,4,HopcroftKarpMatcher,1,na,bfs_edges_visited,1687
U4,1000,1.2,4,HopcroftKarpMatcher,1,na,dfs_edges_visited,1921
U4,1000,1.2,4,HopcroftKarpMatcher,1,na,defect_at_iteration,61
U4,1000,1.2,4,HopcroftKarpMatcher,2,na,paths_found_per_phase,16
U4,1000,1.2,4,HopcroftKarpMatcher,2,na,bfs_edges_visited,1185
U4,1000,1.2,4,HopcroftKarpMatcher,2,na,dfs_edges_visited,1846
U4,1000,1.2,4,HopcroftKarpMatcher,2,na,defect_at_iteration,45
U4,1000,1.2,4,HopcroftKarpMatcher,3,na,paths_found_per_phase,15
U4,1000,1.2,4,HopcroftKarpMatcher,3,na,bfs_edges_visited,2594
U4,1000,1.2,4,HopcroftKarpMatcher,3,na,dfs_edges_visited,2065
U4,1000,1.2,4,HopcroftKarpMatcher,3,na,defect_at_iteration,30
U4,1000,1.2,4,HopcroftKarpMatcher,4,na,paths_found_per_phase,3
U4,1000,1.2,4,HopcroftKarpMatcher,4,na,bfs_edges_visited,1602
U4,1000,1.2,4,HopcroftKarpMatcher,4,na,dfs_edges_visited,1826
U4,1000,1.2,4,HopcroftKarpMatcher,4,na,defect_at_iteration,27
U4,1000,1.2,4,HopcroftKarpMatcher,5,na,paths_found_per_phase,3
U4,1000,1.2,4,HopcroftKarpMatcher,5,na,bfs_edges_visited,2495
U4,1000,1.2,4,HopcroftKarpMatcher,5,na,dfs_edges_visited,1799
U4,1000,1.2,4,HopcroftKarpMatcher,5,na,defect_at_iteration,24
U4,1000,1.2,4,HopcroftKarpMatcher,6,na,paths_found_per_phase,3
U4,1000,1.2,4,HopcroftKarpMatcher,6,na,bfs_edges_visited,2906
U4,1000,1.2,4,HopcroftKarpMatcher,6,na,dfs_edges_visited,1757
U4,1000,1.2,4,HopcroftKarpMatcher,6,na,defect_at_iteration,21
U4,1000,1.2,4,HopcroftKarpMatcher,-1,na,phase_count,7
U4,1000,1.2,4,HopcroftKarpMatcher,-1,na,main_loop_iters,7
U4,1000,1.2,4,HopcroftKarpMatcher,-1,na,total_bfs_edges_visited,16450
U4,1000,1.2,4,HopcroftKarpMatcher,-1,na,total_edges_visited,29813
U4,1000,1.2,4,HopcroftKarpMatcher,-1,na,matching_size,979
U4,1000,1.2,4,HopcroftKarpMatcher,-1,na,wall_clock_ms,7.95822
U4,1000,1.2,4,HopcroftKarpMatcher,-1,na,matching_size,979
U4,500,1.5,10,SimpleAugmentingMatcher,-1,na,wall_clock_ms,18.7135
U4,500,1.5,10,SimpleAugmentingMatcher,-1,na,matching_size,500
U4,500,1.5,10,HopcroftKarpMatcher,0,na,paths_found_per_phase,491
U4,500,1.5,10,HopcroftKarpMatcher,0,na,bfs_edges_visited,11180
U4,500,1.5,10,HopcroftKarpMatcher,0,na,dfs_edges_visited,5579
U4,500,1.5,10,HopcroftKarpMatcher,0,na,defect_at_iteration,9
U4,500,1.5,10,HopcroftKarpMatcher,1,na,paths_found_per_phase,9
U4,500,1.5,10,HopcroftKarpMatcher,1,na,bfs_edges_visited,3434
U4,500,1.5,10,HopcroftKarpMatcher,1,na,dfs_edges_visited,772
U4,500,1.5,10,HopcroftKarpMatcher,1,na,defect_at_iteration,0
U4,500,1.5,10,HopcroftKarpMatcher,-1,na,phase_count,2
U4,500,1.5,10,HopcroftKarpMatcher,-1,na,main_loop_iters,2
U4,500,1.5,10,HopcroftKarpMatcher,-1,na,total_bfs_edges_visited,14614
U4,500,1.5,10,HopcroftKarpMatcher,-1,na,total_edges_visited,20965
U4,500,1.5,10,HopcroftKarpMatcher,-1,na,matching_size,500
U4,500,1.5,10,HopcroftKarpMatcher,-1,na,wall_clock_ms,0.689987
U4,500,1.5,10,HopcroftKarpMatcher,-1,na,matching_size,500
U4,1000,2,13,SimpleAugmentingMatcher,-1,na,wall_clock_ms,218.365
U4,1000,2,13,SimpleAugmentingMatcher,-1,na,matching_size,1000
U4,1000,2,13,HopcroftKarpMatcher,0,na,paths_found_per_phase,1000
U4,1000,2,13,HopcroftKarpMatcher,0,na,bfs_edges_visited,1e+06
U4,1000,2,13,HopcroftKarpMatcher,0,na,dfs_edges_visited,500500
U4,1000,2,13,HopcroftKarpMatcher,0,na,defect_at_iteration,0
U4,1000,2,13,HopcroftKarpMatcher,-1,na,phase_count,1
U4,1000,2,13,HopcroftKarpMatcher,-1,na,main_loop_iters,1
U4,1000,2,13,HopcroftKarpMatcher,-1,na,total_bfs_edges_visited,1e+06
U4,1000,2,13,HopcroftKarpMatcher,-1,na,total_edges_visited,1.5005e+06
U4,1000,2,13,HopcroftKarpMatcher,-1,na,matching_size,1000
U4,1000,2,13,HopcroftKarpMatcher,-1,na,wall_clock_ms,2.00576
U4,1000,2,13,HopcroftKarpMatcher,-1,na,matching_size,1000
U4,500,1.3,11,SimpleAugmentingMatcher,-1,na,wall_clock_ms,5.31317
U4,500,1.3,11,SimpleAugmentingMatcher,-1,na,matching_size,500
U4,500,1.3,11,HopcroftKarpMatcher,0,na,paths_found_per_phase,451
U4,500,1.3,11,HopcroftKarpMatcher,0,na,bfs_edges_visited,3225
U4,500,1.3,11,HopcroftKarpMatcher,0,na,dfs_edges_visited,1624
U4,500,1.3,11,HopcroftKarpMatcher,0,na,defect_at_iteration,49
U4,500,1.3,11,HopcroftKarpMatcher,1,na,paths_found_per_phase,43
U4,500,1.3,11,HopcroftKarpMatcher,1,na,bfs_edges_visited,1582
U4,500,1.3,11,HopcroftKarpMatcher,1,na,dfs_edges_visited,1562
U4,500,1.3,11,HopcroftKarpMatcher,1,na,defect_at_iteration,6
U4,500,1.3,11,HopcroftKarpMatcher,2,na,paths_found_per_phase,4
U4,500,1.3,11,HopcroftKarpMatcher,2,na,bfs_edges_visited,961
U4,500,1.3,11,HopcroftKarpMatcher,2,na,dfs_edges_visited,1163
U4,500,1.3,11,HopcroftKarpMatcher,2,na,defect_at_iteration,2
U4,500,1.3,11,HopcroftKarpMatcher,3,na,paths_found_per_phase,2
U4,500,1.3,11,HopcroftKarpMatcher,3,na,bfs_edges_visited,1749
U4,500,1.3,11,HopcroftKarpMatcher,3,na,dfs_edges_visited,366
U4,500,1.3,11,HopcroftKarpMatcher,3,na,defect_at_iteration,0
U4,500,1.3,11,HopcroftKarpMatcher,-1,na,phase_count,4
U4,500,1.3,11,HopcroftKarpMatcher,-1,na,main_loop_iters,4
U4,500,1.3,11,HopcroftKarpMatcher,-1,na,total_bfs_edges_visited,7517
U4,500,1.3,11,HopcroftKarpMatcher,-1,na,total_edges_visited,12232
U4,500,1.3,11,HopcroftKarpMatcher,-1,na,matching_size,500
U4,500,1.3,11,HopcroftKarpMatcher,-1,na,wall_clock_ms,1.08462
U4,500,1.3,11,HopcroftKarpMatcher,-1,na,matching_size,500
U4,500,1.6,7,SimpleAugmentingMatcher,-1,na,wall_clock_ms,28.852
U4,500,1.6,7,SimpleAugmentingMatcher,-1,na,matching_size,500
U4,500,1.6,7,HopcroftKarpMatcher,0,na,paths_found_per_phase,488
U4,500,1.6,7,HopcroftKarpMatcher,0,na,bfs_edges_visited,20813
U4,500,1.6,7,HopcroftKarpMatcher,0,na,dfs_edges_visited,10495
U4,500,1.6,7,HopcroftKarpMatcher,0,na,defect_at_iteration,12
U4,500,1.6,7,HopcroftKarpMatcher,1,na,paths_found_per_phase,12
U4,500,1.6,7,HopcroftKarpMatcher,1,na,bfs_edges_visited,14006
U4,500,1.6,7,HopcroftKarpMatcher,1,na,dfs_edges_visited,2220
U4,500,1.6,7,HopcroftKarpMatcher,1,na,defect_at_iteration,0
U4,500,1.6,7,HopcroftKarpMatcher,-1,na,phase_count,2
U4,500,1.6,7,HopcroftKarpMatcher,-1,na,main_loop_iters,2
U4,500,1.6,7,HopcroftKarpMatcher,-1,na,total_bfs_edges_visited,34819
U4,500,1.6,7,HopcroftKarpMatcher,-1,na,total_edges_visited,47534
U4,500,1.6,7,HopcroftKarpMatcher,-1,na,matching_size,500
U4,500,1.6,7,HopcroftKarpMatcher,-1,na,wall_clock_ms,1.05064
U4,500,1.6,7,HopcroftKarpMatcher,-1,na,matching_size,500
U4,500,2,5,SimpleAugmentingMatcher,-1,na,wall_clock_ms,27.8365
U4,500,2,5,SimpleAugmentingMatcher,-1,na,matching_size,500
U4,500,2,5,HopcroftKarpMatcher,0,na,paths_found_per_phase,500
U4,500,2,5,HopcroftKarpMatcher,0,na,bfs_edges_visited,250000
U4,500,2,5,HopcroftKarpMatcher,0,na,dfs_edges_visited,125250
U4,500,2,5,HopcroftKarpMatcher,0,na,defect_at_iteration,0
U4,500,2,5,HopcroftKarpMatcher,-1,na,phase_count,1
U4,500,2,5,HopcroftKarpMatcher,-1,na,main_loop_iters,1
U4,500,2,5,HopcroftKarpMatcher,-1,na,total_bfs_edges_visited,250000
U4,500,2,5,HopcroftKarpMatcher,-1,na,total_edges_visited,375250
U4,500,2,5,HopcroftKarpMatcher,-1,na,matching_size,500
U4,500,2,5,HopcroftKarpMatcher,-1,na,wall_clock_ms,0.511961
U4,500,2,5,HopcroftKarpMatcher,-1,na,matching_size,500
U4,2000,1.7,3,SimpleAugmentingMatcher,-1,na,wall_clock_ms,2521.74
U4,2000,1.7,3,SimpleAugmentingMatcher,-1,na,matching_size,2000
U4,2000,1.7,3,HopcroftKarpMatcher,0,na,paths_found_per_phase,1991
U4,2000,1.7,3,HopcroftKarpMatcher,0,na,bfs_edges_visited,409026
U4,2000,1.7,3,HopcroftKarpMatcher,0,na,dfs_edges_visited,204390
U4,2000,1.7,3,HopcroftKarpMatcher,0,na,defect_at_iteration,9
U4,2000,1.7,3,HopcroftKarpMatcher,1,na,paths_found_per_phase,9
U4,2000,1.7,3,HopcroftKarpMatcher,1,na,bfs_edges_visited,247387
U4,2000,1.7,3,HopcroftKarpMatcher,1,na,dfs_edges_visited,6439
U4,2000,1.7,3,HopcroftKarpMatcher,1,na,defect_at_iteration,0
U4,2000,1.7,3,HopcroftKarpMatcher,-1,na,phase_count,2
U4,2000,1.7,3,HopcroftKarpMatcher,-1,na,main_loop_iters,2
U4,2000,1.7,3,HopcroftKarpMatcher,-1,na,total_bfs_edges_visited,656413
U4,2000,1.7,3,HopcroftKarpMatcher,-1,na,total_edges_visited,867242
U4,2000,1.7,3,HopcroftKarpMatcher,-1,na,matching_size,2000
U4,2000,1.7,3,HopcroftKarpMatcher,-1,na,wall_clock_ms,16.835
U4,2000,1.7,3,HopcroftKarpMatcher,-1,na,matching_size,2000
U4,2000,1.9,10,SimpleAugmentingMatcher,-1,na,wall_clock_ms,7020.77
U4,2000,1.9,10,SimpleAugmentingMatcher,-1,na,matching_size,2000
U4,2000,1.9,10,HopcroftKarpMatcher,0,na,paths_found_per_phase,1999
U4,2000,1.9,10,HopcroftKarpMatcher,0,na,bfs_edges_visited,1.8705e+06
U4,2000,1.9,10,HopcroftKarpMatcher,0,na,dfs_edges_visited,935879
U4,2000,1.9,10,HopcroftKarpMatcher,0,na,defect_at_iteration,1
U4,2000,1.9,10,HopcroftKarpMatcher,1,na,paths_found_per_phase,1
U4,2000,1.9,10,HopcroftKarpMatcher,1,na,bfs_edges_visited,887384
U4,2000,1.9,10,HopcroftKarpMatcher,1,na,dfs_edges_visited,2783
U4,2000,1.9,10,HopcroftKarpMatcher,1,na,defect_at_iteration,0
U4,2000,1.9,10,HopcroftKarpMatcher,-1,na,phase_count,2
U4,2000,1.9,10,HopcroftKarpMatcher,-1,na,main_loop_iters,2
U4,2000,1.9,10,HopcroftKarpMatcher,-1,na,total_bfs_edges_visited,2.75788e+06
U4,2000,1.9,10,HopcroftKarpMatcher,-1,na,total_edges_visited,3.69654e+06
U4,2000,1.9,10,HopcroftKarpMatcher,-1,na,matching_size,2000
U4,2000,1.9,10,HopcroftKarpMatcher,-1,na,wall_clock_ms,42.4263
U4,2000,1.9,10,HopcroftKarpMatcher,-1,na,matching_size,2000
U4,500,1.5,7,SimpleAugmentingMatcher,-1,na,wall_clock_ms,18.4221
U4,500,1.5,7,SimpleAugmentingMatcher,-1,na,matching_size,500
U4,500,1.5,7,HopcroftKarpMatcher,0,na,paths_found_per_phase,483
U4,500,1.5,7,HopcroftKarpMatcher,0,na,bfs_edges_visited,11180
U4,500,1.5,7,HopcroftKarpMatcher,0,na,dfs_edges_visited,5610
U4,500,1.5,7,HopcroftKarpMatcher,0,na,defect_at_iteration,17
U4,500,1.5,7,HopcroftKarpMatcher,1,na,paths_found_per_phase,17
U4,500,1.5,7,HopcroftKarpMatcher,1,na,bfs_edges_visited,6323
U4,500,1.5,7,HopcroftKarpMatcher,1,na,dfs_edges_visited,1302
U4,500,1.5,7,HopcroftKarpMatcher,1,na,defect_at_iteration,0
U4,500,1.5,7,HopcroftKarpMatcher,-1,na,phase_count,2
U4,500,1.5,7,HopcroftKarpMatcher,-1,na,main_loop_iters,2
U4,500,1.5,7,HopcroftKarpMatcher,-1,na,total_bfs_edges_visited,17503
U4,500,1.5,7,HopcroftKarpMatcher,-1,na,total_edges_visited,24415
U4,500,1.5,7,HopcroftKarpMatcher,-1,na,matching_size,500
U4,500,1.5,7,HopcroftKarpMatcher,-1,na,wall_clock_ms,0.7997
U4,500,1.5,7,HopcroftKarpMatcher,-1,na,matching_size,500
U4,1000,1.8,6,SimpleAugmentingMatcher,-1,na,wall_clock_ms,569.144
U4,1000,1.8,6,SimpleAugmentingMatcher,-1,na,matching_size,1000
U4,1000,1.8,6,HopcroftKarpMatcher,0,na,paths_found_per_phase,998
U4,1000,1.8,6,HopcroftKarpMatcher,0,na,bfs_edges_visited,251188
U4,1000,1.8,6,HopcroftKarpMatcher,0,na,dfs_edges_visited,126377
U4,1000,1.8,6,HopcroftKarpMatcher,0,na,defect_at_iteration,2
U4,1000,1.8,6,HopcroftKarpMatcher,1,na,paths_found_per_phase,2
U4,1000,1.8,6,HopcroftKarpMatcher,1,na,bfs_edges_visited,111021
U4,1000,1.8,6,HopcroftKarpMatcher,1,na,dfs_edges_visited,1012
U4,1000,1.8,6,HopcroftKarpMatcher,1,na,defect_at_iteration,0
U4,1000,1.8,6,HopcroftKarpMatcher,-1,na,phase_count,2
U4,1000,1.8,6,HopcroftKarpMatcher,-1,na,main_loop_iters,2
U4,1000,1.8,6,HopcroftKarpMatcher,-1,na,total_bfs_edges_visited,362209
U4,1000,1.8,6,HopcroftKarpMatcher,-1,na,total_edges_visited,489598
U4,1000,1.8,6,HopcroftKarpMatcher,-1,na,matching_size,1000
U4,1000,1.8,6,HopcroftKarpMatcher,-1,na,wall_clock_ms,6.99619
U4,1000,1.8,6,HopcroftKarpMatcher,-1,na,matching_size,1000
U4,500,1.2,1,SimpleAugmentingMatcher,-1,na,wall_clock_ms,3.71715
U4,500,1.2,1,SimpleAugmentingMatcher,-1,na,matching_size,483
U4,500,1.2,1,HopcroftKarpMatcher,0,na,paths_found_per_phase,403
U4,500,1.2,1,HopcroftKarpMatcher,0,na,bfs_edges_visited,1732
U4,500,1.2,1,HopcroftKarpMatcher,0,na,dfs_edges_visited,956
U4,500,1.2,1,HopcroftKarpMatcher,0,na,defect_at_iteration,97
U4,500,1.2,1,HopcroftKarpMatcher,1,na,paths_found_per_phase,60
U4,500,1.2,1,HopcroftKarpMatcher,1,na,bfs_edges_visited,714
U4,500,1.2,1,HopcroftKarpMatcher,1,na,dfs_edges_visited,847
U4,500,1.2,1,HopcroftKarpMatcher,1,na,defect_at_iteration,37
U4,500,1.2,1,HopcroftKarpMatcher,2,na,paths_found_per_phase,7
U4,500,1.2,1,HopcroftKarpMatcher,2,na,bfs_edges_visited,378
U4,500,1.2,1,HopcroftKarpMatcher,2,na,dfs_edges_visited,430
U4,500,1.2,1,HopcroftKarpMatcher,2,na,defect_at_iteration,30
U4,500,1.2,1,HopcroftKarpMatcher,3,na,paths_found_per_phase,7
U4,500,1.2,1,HopcroftKarpMatcher,3,na,bfs_edges_visited,697
U4,500,1.2,1,HopcroftKarpMatcher,3,na,dfs_edges_visited,594
U4,500,1.2,1,HopcroftKarpMatcher,3,na,defect_at_iteration,23
U4,500,1.2,1,HopcroftKarpMatcher,4,na,paths_found_per_phase,3
U4,500,1.2,1,HopcroftKarpMatcher,4,na,bfs_edges_visited,838
U4,500,1.2,1,HopcroftKarpMatcher,4,na,dfs_edges_visited,563
U4,500,1.2,1,HopcroftKarpMatcher,4,na,defect_at_iteration,20
U4,500,1.2,1,HopcroftKarpMatcher,5,na,paths_found_per_phase,3
U4,500,1.2,1,HopcroftKarpMatcher,5,na,bfs_edges_visited,926
U4,500,1.2,1,HopcroftKarpMatcher,5,na,dfs_edges_visited,478
U4,500,1.2,1,HopcroftKarpMatcher,5,na,defect_at_iteration,17
U4,500,1.2,1,HopcroftKarpMatcher,-1,na,phase_count,6
U4,500,1.2,1,HopcroftKarpMatcher,-1,na,main_loop_iters,6
U4,500,1.2,1,HopcroftKarpMatcher,-1,na,total_bfs_edges_visited,5285
U4,500,1.2,1,HopcroftKarpMatcher,-1,na,total_edges_visited,9153
U4,500,1.2,1,HopcroftKarpMatcher,-1,na,matching_size,483
U4,500,1.2,1,HopcroftKarpMatcher,-1,na,wall_clock_ms,1.53566
U4,500,1.2,1,HopcroftKarpMatcher,-1,na,matching_size,483
U4,500,1,5,SimpleAugmentingMatcher,-1,na,wall_clock_ms,0.244244
U4,500,1,5,SimpleAugmentingMatcher,-1,na,matching_size,273
U4,500,1,5,HopcroftKarpMatcher,0,na,paths_found_per_phase,257
U4,500,1,5,HopcroftKarpMatcher,0,na,bfs_edges_visited,500
U4,500,1,5,HopcroftKarpMatcher,0,na,dfs_edges_visited,374
U4,500,1,5,HopcroftKarpMatcher,0,na,defect_at_iteration,243
U4,500,1,5,HopcroftKarpMatcher,1,na,paths_found_per_phase,16
U4,500,1,5,HopcroftKarpMatcher,1,na,bfs_edges_visited,190
U4,500,1,5,HopcroftKarpMatcher,1,na,dfs_edges_visited,187
U4,500,1,5,HopcroftKarpMatcher,1,na,defect_at_iteration,227
U4,500,1,5,HopcroftKarpMatcher,-1,na,phase_count,2
U4,500,1,5,HopcroftKarpMatcher,-1,na,main_loop_iters,2
U4,500,1,5,HopcroftKarpMatcher,-1,na,total_bfs_edges_visited,690
U4,500,1,5,HopcroftKarpMatcher,-1,na,total_edges_visited,1251
U4,500,1,5,HopcroftKarpMatcher,-1,na,matching_size,273
U4,500,1,5,HopcroftKarpMatcher,-1,na,wall_clock_ms,0.891072
U4,500,1,5,HopcroftKarpMatcher,-1,na,matching_size,273
U4,2000,1.1,2,SimpleAugmentingMatcher,-1,na,wall_clock_ms,12.8596
U4,2000,1.1,2,SimpleAugmentingMatcher,-1,na,matching_size,1626
U4,2000,1.1,2,HopcroftKarpMatcher,0,na,paths_found_per_phase,1413
U4,2000,1.1,2,HopcroftKarpMatcher,0,na,bfs_edges_visited,4276
U4,2000,1.1,2,HopcroftKarpMatcher,0,na,dfs_edges_visited,2635
U4,2000,1.1,2,HopcroftKarpMatcher,0,na,defect_at_iteration,587
U4,2000,1.1,2,HopcroftKarpMatcher,1,na,paths_found_per_phase,166
U4,2000,1.1,2,HopcroftKarpMatcher,1,na,bfs_edges_visited,1816
U4,2000,1.1,2,HopcroftKarpMatcher,1,na,dfs_edges_visited,1937
U4,2000,1.1,2,HopcroftKarpMatcher,1,na,defect_at_iteration,421
U4,2000,1.1,2,HopcroftKarpMatcher,2,na,paths_found_per_phase,27
U4,2000,1.1,2,HopcroftKarpMatcher,2,na,bfs_edges_visited,1247
U4,2000,1.1,2,HopcroftKarpMatcher,2,na,dfs_edges_visited,1461
U4,2000,1.1,2,HopcroftKarpMatcher,2,na,defect_at_iteration,394
U4,2000,1.1,2,HopcroftKarpMatcher,3,na,paths_found_per_phase,14
U4,2000,1.1,2,HopcroftKarpMatcher,3,na,bfs_edges_visited,1433
U4,2000,1.1,2,HopcroftKarpMatcher,3,na,dfs_edges_visited,1405
U4,2000,1.1,2,HopcroftKarpMatcher,3,na,defect_at_iteration,380
U4,2000,1.1,2,HopcroftKarpMatcher,4,na,paths_found_per_phase,5
U4,2000,1.1,2,HopcroftKarpMatcher,4,na,bfs_edges_visited,1333
U4,2000,1.1,2,HopcroftKarpMatcher,4,na,dfs_edges_visited,1327
U4,2000,1.1,2,HopcroftKarpMatcher,4,na,defect_at_iteration,375
U4,2000,1.1,2,HopcroftKarpMatcher,5,na,paths_found_per_phase,1
U4,2000,1.1,2,HopcroftKarpMatcher,5,na,bfs_edges_visited,1281
U4,2000,1.1,2,HopcroftKarpMatcher,5,na,dfs_edges_visited,1258
U4,2000,1.1,2,HopcroftKarpMatcher,5,na,defect_at_iteration,374
U4,2000,1.1,2,HopcroftKarpMatcher,-1,na,phase_count,6
U4,2000,1.1,2,HopcroftKarpMatcher,-1,na,main_loop_iters,6
U4,2000,1.1,2,HopcroftKarpMatcher,-1,na,total_bfs_edges_visited,11386
U4,2000,1.1,2,HopcroftKarpMatcher,-1,na,total_edges_visited,21409
U4,2000,1.1,2,HopcroftKarpMatcher,-1,na,matching_size,1626
U4,2000,1.1,2,HopcroftKarpMatcher,-1,na,wall_clock_ms,26.2403
U4,2000,1.1,2,HopcroftKarpMatcher,-1,na,matching_size,1626
U4,2000,1.8,3,SimpleAugmentingMatcher,-1,na,wall_clock_ms,4198.42
U4,2000,1.8,3,SimpleAugmentingMatcher,-1,na,matching_size,2000
U4,2000,1.8,3,HopcroftKarpMatcher,0,na,paths_found_per_phase,1998
U4,2000,1.8,3,HopcroftKarpMatcher,0,na,bfs_edges_visited,874689
U4,2000,1.8,3,HopcroftKarpMatcher,0,na,dfs_edges_visited,437659
U4,2000,1.8,3,HopcroftKarpMatcher,0,na,defect_at_iteration,2
U4,2000,1.8,3,HopcroftKarpMatcher,1,na,paths_found_per_phase,2
U4,2000,1.8,3,HopcroftKarpMatcher,1,na,bfs_edges_visited,322983
U4,2000,1.8,3,HopcroftKarpMatcher,1,na,dfs_edges_visited,2215
U4,2000,1.8,3,HopcroftKarpMatcher,1,na,defect_at_iteration,0
U4,2000,1.8,3,HopcroftKarpMatcher,-1,na,phase_count,2
U4,2000,1.8,3,HopcroftKarpMatcher,-1,na,main_loop_iters,2
U4,2000,1.8,3,HopcroftKarpMatcher,-1,na,total_bfs_edges_visited,1.19767e+06
U4,2000,1.8,3,HopcroftKarpMatcher,-1,na,total_edges_visited,1.63755e+06
U4,2000,1.8,3,HopcroftKarpMatcher,-1,na,matching_size,2000
U4,2000,1.8,3,HopcroftKarpMatcher,-1,na,wall_clock_ms,24.156
U4,2000,1.8,3,HopcroftKarpMatcher,-1,na,matching_size,2000
U4,500,1.8,4,SimpleAugmentingMatcher,-1,na,wall_clock_ms,87.7789
U4,500,1.8,4,SimpleAugmentingMatcher,-1,na,matching_size,500
U4,500,1.8,4,HopcroftKarpMatcher,0,na,paths_found_per_phase,498
U4,500,1.8,4,HopcroftKarpMatcher,0,na,bfs_edges_visited,72134
U4,500,1.8,4,HopcroftKarpMatcher,0,na,dfs_edges_visited,36134
U4,500,1.8,4,HopcroftKarpMatcher,0,na,defect_at_iteration,2
U4,500,1.8,4,HopcroftKarpMatcher,1,na,paths_found_per_phase,2
U4,500,1.8,4,HopcroftKarpMatcher,1,na,bfs_edges_visited,35190
U4,500,1.8,4,HopcroftKarpMatcher,1,na,dfs_edges_visited,866
U4,500,1.8,4,HopcroftKarpMatcher,1,na,defect_at_iteration,0
U4,500,1.8,4,HopcroftKarpMatcher,-1,na,phase_count,2
U4,500,1.8,4,HopcroftKarpMatcher,-1,na,main_loop_iters,2
U4,500,1.8,4,HopcroftKarpMatcher,-1,na,total_bfs_edges_visited,107324
U4,500,1.8,4,HopcroftKarpMatcher,-1,na,total_edges_visited,144324
U4,500,1.8,4,HopcroftKarpMatcher,-1,na,matching_size,500
U4,500,1.8,4,HopcroftKarpMatcher,-1,na,wall_clock_ms,2.17873
U4,500,1.8,4,HopcroftKarpMatcher,-1,na,matching_size,500
U4,500,1.9,10,SimpleAugmentingMatcher,-1,na,wall_clock_ms,100.611
U4,500,1.9,10,SimpleAugmentingMatcher,-1,na,matching_size,500
U4,500,1.9,10,HopcroftKarpMatcher,0,na,paths_found_per_phase,499
U4,500,1.9,10,HopcroftKarpMatcher,0,na,bfs_edges_visited,134289
U4,500,1.9,10,HopcroftKarpMatcher,0,na,dfs_edges_visited,67082
U4,500,1.9,10,HopcroftKarpMatcher,0,na,defect_at_iteration,1
U4,500,1.9,10,HopcroftKarpMatcher,1,na,paths_found_per_phase,1
U4,500,1.9,10,HopcroftKarpMatcher,1,na,bfs_edges_visited,71587
U4,500,1.9,10,HopcroftKarpMatcher,1,na,dfs_edges_visited,1066
U4,500,1.9,10,HopcroftKarpMatcher,1,na,defect_at_iteration,0
U4,500,1.9,10,HopcroftKarpMatcher,-1,na,phase_count,2
U4,500,1.9,10,HopcroftKarpMatcher,-1,na,main_loop_iters,2
U4,500,1.9,10,HopcroftKarpMatcher,-1,na,total_bfs_edges_visited,205876
U4,500,1.9,10,HopcroftKarpMatcher,-1,na,total_edges_visited,274024
U4,500,1.9,10,HopcroftKarpMatcher,-1,na,matching_size,500
U4,500,1.9,10,HopcroftKarpMatcher,-1,na,wall_clock_ms,2.75587
U4,500,1.9,10,HopcroftKarpMatcher,-1,na,matching_size,500
U4,2000,1.3,0,SimpleAugmentingMatcher,-1,na,wall_clock_ms,338.468
U4,2000,1.3,0,SimpleAugmentingMatcher,-1,na,matching_size,1998
U4,2000,1.3,0,HopcroftKarpMatcher,0,na,paths_found_per_phase,1855
U4,2000,1.3,0,HopcroftKarpMatcher,0,na,bfs_edges_visited,19558
U4,2000,1.3,0,HopcroftKarpMatcher,0,na,dfs_edges_visited,9929
U4,2000,1.3,0,HopcroftKarpMatcher,0,na,defect_at_iteration,145
U4,2000,1.3,0,HopcroftKarpMatcher,1,na,paths_found_per_phase,138
U4,2000,1.3,0,HopcroftKarpMatcher,1,na,bfs_edges_visited,9896
U4,2000,1.3,0,HopcroftKarpMatcher,1,na,dfs_edges_visited,7594
U4,2000,1.3,0,HopcroftKarpMatcher,1,na,defect_at_iteration,7
U4,2000,1.3,0,HopcroftKarpMatcher,2,na,paths_found_per_phase,5
U4,2000,1.3,0,HopcroftKarpMatcher,2,na,bfs_edges_visited,3029
U4,2000,1.3,0,HopcroftKarpMatcher,2,na,dfs_edges_visited,2252
U4,2000,1.3,0,HopcroftKarpMatcher,2,na,defect_at_iteration,2
U4,2000,1.3,0,HopcroftKarpMatcher,-1,na,phase_count,3
U4,2000,1.3,0,HopcroftKarpMatcher,-1,na,main_loop_iters,3
U4,2000,1.3,0,HopcroftKarpMatcher,-1,na,total_bfs_edges_visited,32483
U4,2000,1.3,0,HopcroftKarpMatcher,-1,na,total_edges_visited,52258
U4,2000,1.3,0,HopcroftKarpMatcher,-1,na,matching_size,1998
U4,2000,1.3,0,HopcroftKarpMatcher,-1,na,wall_clock_ms,10.8939
U4,2000,1.3,0,HopcroftKarpMatcher,-1,na,matching_size,1998
U4,1000,1.5,11,SimpleAugmentingMatcher,-1,na,wall_clock_ms,148.125
U4,1000,1.5,11,SimpleAugmentingMatcher,-1,na,matching_size,1000
U4,1000,1.5,11,HopcroftKarpMatcher,0,na,paths_found_per_phase,977
U4,1000,1.5,11,HopcroftKarpMatcher,0,na,bfs_edges_visited,31622
U4,1000,1.5,11,HopcroftKarpMatcher,0,na,dfs_edges_visited,15824
U4,1000,1.5,11,HopcroftKarpMatcher,0,na,defect_at_iteration,23
U4,1000,1.5,11,HopcroftKarpMatcher,1,na,paths_found_per_phase,23
U4,1000,1.5,11,HopcroftKarpMatcher,1,na,bfs_edges_visited,16194
U4,1000,1.5,11,HopcroftKarpMatcher,1,na,dfs_edges_visited,4231
U4,1000,1.5,11,HopcroftKarpMatcher,1,na,defect_at_iteration,0
U4,1000,1.5,11,HopcroftKarpMatcher,-1,na,phase_count,2
U4,1000,1.5,11,HopcroftKarpMatcher,-1,na,main_loop_iters,2
U4,1000,1.5,11,HopcroftKarpMatcher,-1,na,total_bfs_edges_visited,47816
U4,1000,1.5,11,HopcroftKarpMatcher,-1,na,total_edges_visited,67871
U4,1000,1.5,11,HopcroftKarpMatcher,-1,na,matching_size,1000
U4,1000,1.5,11,HopcroftKarpMatcher,-1,na,wall_clock_ms,2.7829
U4,1000,1.5,11,HopcroftKarpMatcher,-1,na,matching_size,1000
U4,1000,1,12,SimpleAugmentingMatcher,-1,na,wall_clock_ms,0.933798
U4,1000,1,12,SimpleAugmentingMatcher,-1,na,matching_size,547
U4,1000,1,12,HopcroftKarpMatcher,0,na,paths_found_per_phase,509
U4,1000,1,12,HopcroftKarpMatcher,0,na,bfs_edges_visited,1000
U4,1000,1,12,HopcroftKarpMatcher,0,na,dfs_edges_visited,711
U4,1000,1,12,HopcroftKarpMatcher,0,na,defect_at_iteration,491
U4,1000,1,12,HopcroftKarpMatcher,1,na,paths_found_per_phase,37
U4,1000,1,12,HopcroftKarpMatcher,1,na,bfs_edges_visited,346
U4,1000,1,12,HopcroftKarpMatcher,1,na,dfs_edges_visited,351
U4,1000,1,12,HopcroftKarpMatcher,1,na,defect_at_iteration,454
U4,1000,1,12,HopcroftKarpMatcher,2,na,paths_found_per_phase,1
U4,1000,1,12,HopcroftKarpMatcher,2,na,bfs_edges_visited,227
U4,1000,1,12,HopcroftKarpMatcher,2,na,dfs_edges_visited,226
U4,1000,1,12,HopcroftKarpMatcher,2,na,defect_at_iteration,453
U4,1000,1,12,HopcroftKarpMatcher,-1,na,phase_count,3
U4,1000,1,12,HopcroftKarpMatcher,-1,na,main_loop_iters,3
U4,1000,1,12,HopcroftKarpMatcher,-1,na,total_bfs_edges_visited,1573
U4,1000,1,12,HopcroftKarpMatcher,-1,na,total_edges_visited,2861
U4,1000,1,12,HopcroftKarpMatcher,-1,na,matching_size,547
U4,1000,1,12,HopcroftKarpMatcher,-1,na,wall_clock_ms,4.50296
U4,1000,1,12,HopcroftKarpMatcher,-1,na,matching_size,547
U4,500,1.6,11,SimpleAugmentingMatcher,-1,na,wall_clock_ms,29.2458
U4,500,1.6,11,SimpleAugmentingMatcher,-1,na,matching_size,500
U4,500,1.6,11,HopcroftKarpMatcher,0,na,paths_found_per_phase,491
U4,500,1.6,11,HopcroftKarpMatcher,0,na,bfs_edges_visited,20813
U4,500,1.6,11,HopcroftKarpMatcher,0,na,dfs_edges_visited,10518
U4,500,1.6,11,HopcroftKarpMatcher,0,na,defect_at_iteration,9
U4,500,1.6,11,HopcroftKarpMatcher,1,na,paths_found_per_phase,9
U4,500,1.6,11,HopcroftKarpMatcher,1,na,bfs_edges_visited,11563
U4,500,1.6,11,HopcroftKarpMatcher,1,na,dfs_edges_visited,1354
U4,500,1.6,11,HopcroftKarpMatcher,1,na,defect_at_iteration,0
U4,500,1.6,11,HopcroftKarpMatcher,-1,na,phase_count,2
U4,500,1.6,11,HopcroftKarpMatcher,-1,na,main_loop_iters,2
U4,500,1.6,11,HopcroftKarpMatcher,-1,na,total_bfs_edges_visited,32376
U4,500,1.6,11,HopcroftKarpMatcher,-1,na,total_edges_visited,44248
U4,500,1.6,11,HopcroftKarpMatcher,-1,na,matching_size,500
U4,500,1.6,11,HopcroftKarpMatcher,-1,na,wall_clock_ms,1.00767
U4,500,1.6,11,HopcroftKarpMatcher,-1,na,matching_size,500
U4,1000,2,5,SimpleAugmentingMatcher,-1,na,wall_clock_ms,218.294
U4,1000,2,5,SimpleAugmentingMatcher,-1,na,matching_size,1000
U4,1000,2,5,HopcroftKarpMatcher,0,na,paths_found_per_phase,1000
U4,1000,2,5,HopcroftKarpMatcher,0,na,bfs_edges_visited,1e+06
U4,1000,2,5,HopcroftKarpMatcher,0,na,dfs_edges_visited,500500
U4,1000,2,5,HopcroftKarpMatcher,0,na,defect_at_iteration,0
U4,1000,2,5,HopcroftKarpMatcher,-1,na,phase_count,1
U4,1000,2,5,HopcroftKarpMatcher,-1,na,main_loop_iters,1
U4,1000,2,5,HopcroftKarpMatcher,-1,na,total_bfs_edges_visited,1e+06
U4,1000,2,5,HopcroftKarpMatcher,-1,na,total_edges_visited,1.5005e+06
U4,1000,2,5,HopcroftKarpMatcher,-1,na,matching_size,1000
U4,1000,2,5,HopcroftKarpMatcher,-1,na,wall_clock_ms,2.00788
U4,1000,2,5,HopcroftKarpMatcher,-1,na,matching_size,1000
U4,500,1.4,14,SimpleAugmentingMatcher,-1,na,wall_clock_ms,10.5594
U4,500,1.4,14,SimpleAugmentingMatcher,-1,na,matching_size,500
U4,500,1.4,14,HopcroftKarpMatcher,0,na,paths_found_per_phase,470
U4,500,1.4,14,HopcroftKarpMatcher,0,na,bfs_edges_visited,6005
U4,500,1.4,14,HopcroftKarpMatcher,0,na,dfs_edges_visited,3090
U4,500,1.4,14,HopcroftKarpMatcher,0,na,defect_at_iteration,30
U4,500,1.4,14,HopcroftKarpMatcher,1,na,paths_found_per_phase,29
U4,500,1.4,14,HopcroftKarpMatcher,1,na,bfs_edges_visited,3420
U4,500,1.4,14,HopcroftKarpMatcher,1,na,dfs_edges_visited,2248
U4,500,1.4,14,HopcroftKarpMatcher,1,na,defect_at_iteration,1
U4,500,1.4,14,HopcroftKarpMatcher,2,na,paths_found_per_phase,1
U4,500,1.4,14,HopcroftKarpMatcher,2,na,bfs_edges_visited,1594
U4,500,1.4,14,HopcroftKarpMatcher,2,na,dfs_edges_visited,681
U4,500,1.4,14,HopcroftKarpMatcher,2,na,defect_at_iteration,0
U4,500,1.4,14,HopcroftKarpMatcher,-1,na,phase_count,3
U4,500,1.4,14,HopcroftKarpMatcher,-1,na,main_loop_iters,3
U4,500,1.4,14,HopcroftKarpMatcher,-1,na,total_bfs_edges_visited,11019
U4,500,1.4,14,HopcroftKarpMatcher,-1,na,total_edges_visited,17038
U4,500,1.4,14,HopcroftKarpMatcher,-1,na,matching_size,500
U4,500,1.4,14,HopcroftKarpMatcher,-1,na,wall_clock_ms,0.87808
U4,500,1.4,14,HopcroftKarpMatcher,-1,na,matching_size,500
U4,1000,1.3,3,SimpleAugmentingMatcher,-1,na,wall_clock_ms,44.357
U4,1000,1.3,3,SimpleAugmentingMatcher,-1,na,matching_size,999
U4,1000,1.3,3,HopcroftKarpMatcher,0,na,paths_found_per_phase,917
U4,1000,1.3,3,HopcroftKarpMatcher,0,na,bfs_edges_visited,7943
U4,1000,1.3,3,HopcroftKarpMatcher,0,na,dfs_edges_visited,3968
U4,1000,1.3,3,HopcroftKarpMatcher,0,na,defect_at_iteration,83
U4,1000,1.3,3,HopcroftKarpMatcher,1,na,paths_found_per_phase,78
U4,1000,1.3,3,HopcroftKarpMatcher,1,na,bfs_edges_visited,3695
U4,1000,1.3,3,HopcroftKarpMatcher,1,na,dfs_edges_visited,3117
U4,1000,1.3,3,HopcroftKarpMatcher,1,na,defect_at_iteration,5
U4,1000,1.3,3,HopcroftKarpMatcher,2,na,paths_found_per_phase,3
U4,1000,1.3,3,HopcroftKarpMatcher,2,na,bfs_edges_visited,1238
U4,1000,1.3,3,HopcroftKarpMatcher,2,na,dfs_edges_visited,2970
U4,1000,1.3,3,HopcroftKarpMatcher,2,na,defect_at_iteration,2
U4,1000,1.3,3,HopcroftKarpMatcher,3,na,paths_found_per_phase,1
U4,1000,1.3,3,HopcroftKarpMatcher,3,na,bfs_edges_visited,2653
U4,1000,1.3,3,HopcroftKarpMatcher,3,na,dfs_edges_visited,6980
U4,1000,1.3,3,HopcroftKarpMatcher,3,na,defect_at_iteration,1
U4,1000,1.3,3,HopcroftKarpMatcher,-1,na,phase_count,4
U4,1000,1.3,3,HopcroftKarpMatcher,-1,na,main_loop_iters,4
U4,1000,1.3,3,HopcroftKarpMatcher,-1,na,total_bfs_edges_visited,15529
U4,1000,1.3,3,HopcroftKarpMatcher,-1,na,total_edges_visited,32564
U4,1000,1.3,3,HopcroftKarpMatcher,-1,na,matching_size,999
U4,1000,1.3,3,HopcroftKarpMatcher,-1,na,wall_clock_ms,5.41401
U4,1000,1.3,3,HopcroftKarpMatcher,-1,na,matching_size,999
U4,500,1.5,13,SimpleAugmentingMatcher,-1,na,wall_clock_ms,18.4154
U4,500,1.5,13,SimpleAugmentingMatcher,-1,na,matching_size,500
U4,500,1.5,13,HopcroftKarpMatcher,0,na,paths_found_per_phase,485
U4,500,1.5,13,HopcroftKarpMatcher,0,na,bfs_edges_visited,11180
U4,500,1.5,13,HopcroftKarpMatcher,0,na,dfs_edges_visited,5586
U4,500,1.5,13,HopcroftKarpMatcher,0,na,defect_at_iteration,15
U4,500,1.5,13,HopcroftKarpMatcher,1,na,paths_found_per_phase,15
U4,500,1.5,13,HopcroftKarpMatcher,1,na,bfs_edges_visited,5124
U4,500,1.5,13,HopcroftKarpMatcher,1,na,dfs_edges_visited,2381
U4,500,1.5,13,HopcroftKarpMatcher,1,na,defect_at_iteration,0
U4,500,1.5,13,HopcroftKarpMatcher,-1,na,phase_count,2
U4,500,1.5,13,HopcroftKarpMatcher,-1,na,main_loop_iters,2
U4,500,1.5,13,HopcroftKarpMatcher,-1,na,total_bfs_edges_visited,16304
U4,500,1.5,13,HopcroftKarpMatcher,-1,na,total_edges_visited,24271
U4,500,1.5,13,HopcroftKarpMatcher,-1,na,matching_size,500
U4,500,1.5,13,HopcroftKarpMatcher,-1,na,wall_clock_ms,0.796129
U4,500,1.5,13,HopcroftKarpMatcher,-1,na,matching_size,500
U4,500,2,3,SimpleAugmentingMatcher,-1,na,wall_clock_ms,27.8477
U4,500,2,3,SimpleAugmentingMatcher,-1,na,matching_size,500
U4,500,2,3,HopcroftKarpMatcher,0,na,paths_found_per_phase,500
U4,500,2,3,HopcroftKarpMatcher,0,na,bfs_edges_visited,250000
U4,500,2,3,HopcroftKarpMatcher,0,na,dfs_edges_visited,125250
U4,500,2,3,HopcroftKarpMatcher,0,na,defect_at_iteration,0
U4,500,2,3,HopcroftKarpMatcher,-1,na,phase_count,1
U4,500,2,3,HopcroftKarpMatcher,-1,na,main_loop_iters,1
U4,500,2,3,HopcroftKarpMatcher,-1,na,total_bfs_edges_visited,250000
U4,500,2,3,HopcroftKarpMatcher,-1,na,total_edges_visited,375250
U4,500,2,3,HopcroftKarpMatcher,-1,na,matching_size,500
U4,500,2,3,HopcroftKarpMatcher,-1,na,wall_clock_ms,0.513463
U4,500,2,3,HopcroftKarpMatcher,-1,na,matching_size,500
U4,2000,1.3,4,SimpleAugmentingMatcher,-1,na,wall_clock_ms,342.713
U4,2000,1.3,4,SimpleAugmentingMatcher,-1,na,matching_size,2000
U4,2000,1.3,4,HopcroftKarpMatcher,0,na,paths_found_per_phase,1856
U4,2000,1.3,4,HopcroftKarpMatcher,0,na,bfs_edges_visited,19558
U4,2000,1.3,4,HopcroftKarpMatcher,0,na,dfs_edges_visited,9950
U4,2000,1.3,4,HopcroftKarpMatcher,0,na,defect_at_iteration,144
U4,2000,1.3,4,HopcroftKarpMatcher,1,na,paths_found_per_phase,138
U4,2000,1.3,4,HopcroftKarpMatcher,1,na,bfs_edges_visited,9591
U4,2000,1.3,4,HopcroftKarpMatcher,1,na,dfs_edges_visited,7460
U4,2000,1.3,4,HopcroftKarpMatcher,1,na,defect_at_iteration,6
U4,2000,1.3,4,HopcroftKarpMatcher,2,na,paths_found_per_phase,6
U4,2000,1.3,4,HopcroftKarpMatcher,2,na,bfs_edges_visited,3502
U4,2000,1.3,4,HopcroftKarpMatcher,2,na,dfs_edges_visited,6360
U4,2000,1.3,4,HopcroftKarpMatcher,2,na,defect_at_iteration,0
U4,2000,1.3,4,HopcroftKarpMatcher,-1,na,phase_count,3
U4,2000,1.3,4,HopcroftKarpMatcher,-1,na,main_loop_iters,3
U4,2000,1.3,4,HopcroftKarpMatcher,-1,na,total_bfs_edges_visited,32651
U4,2000,1.3,4,HopcroftKarpMatcher,-1,na,total_edges_visited,56421
U4,2000,1.3,4,HopcroftKarpMatcher,-1,na,matching_size,2000
U4,2000,1.3,4,HopcroftKarpMatcher,-1,na,wall_clock_ms,11.7799
U4,2000,1.3,4,HopcroftKarpMatcher,-1,na,matching_size,2000
U4,2000,1.7,6,SimpleAugmentingMatcher,-1,na,wall_clock_ms,2524.92
U4,2000,1.7,6,SimpleAugmentingMatcher,-1,na,matching_size,2000
U4,2000,1.7,6,HopcroftKarpMatcher,0,na,paths_found_per_phase,1993
U4,2000,1.7,6,HopcroftKarpMatcher,0,na,bfs_edges_visited,409026
U4,2000,1.7,6,HopcroftKarpMatcher,0,na,dfs_edges_visited,204665
U4,2000,1.7,6,HopcroftKarpMatcher,0,na,defect_at_iteration,7
U4,2000,1.7,6,HopcroftKarpMatcher,1,na,paths_found_per_phase,7
U4,2000,1.7,6,HopcroftKarpMatcher,1,na,bfs_edges_visited,205765
U4,2000,1.7,6,HopcroftKarpMatcher,1,na,dfs_edges_visited,7172
U4,2000,1.7,6,HopcroftKarpMatcher,1,na,defect_at_iteration,0
U4,2000,1.7,6,HopcroftKarpMatcher,-1,na,phase_count,2
U4,2000,1.7,6,HopcroftKarpMatcher,-1,na,main_loop_iters,2
U4,2000,1.7,6,HopcroftKarpMatcher,-1,na,total_bfs_edges_visited,614791
U4,2000,1.7,6,HopcroftKarpMatcher,-1,na,total_edges_visited,826628
U4,2000,1.7,6,HopcroftKarpMatcher,-1,na,matching_size,2000
U4,2000,1.7,6,HopcroftKarpMatcher,-1,na,wall_clock_ms,16.0845
U4,2000,1.7,6,HopcroftKarpMatcher,-1,na,matching_size,2000
U4,1000,1.9,5,SimpleAugmentingMatcher,-1,na,wall_clock_ms,866.825
U4,1000,1.9,5,SimpleAugmentingMatcher,-1,na,matching_size,1000
U4,1000,1.9,5,HopcroftKarpMatcher,0,na,paths_found_per_phase,1000
U4,1000,1.9,5,HopcroftKarpMatcher,0,na,bfs_edges_visited,501187
U4,1000,1.9,5,HopcroftKarpMatcher,0,na,dfs_edges_visited,250910
U4,1000,1.9,5,HopcroftKarpMatcher,0,na,defect_at_iteration,0
U4,1000,1.9,5,HopcroftKarpMatcher,-1,na,phase_count,1
U4,1000,1.9,5,HopcroftKarpMatcher,-1,na,main_loop_iters,1
U4,1000,1.9,5,HopcroftKarpMatcher,-1,na,total_bfs_edges_visited,501187
U4,1000,1.9,5,HopcroftKarpMatcher,-1,na,total_edges_visited,752097
U4,1000,1.9,5,HopcroftKarpMatcher,-1,na,matching_size,1000
U4,1000,1.9,5,HopcroftKarpMatcher,-1,na,wall_clock_ms,8.11317
U4,1000,1.9,5,HopcroftKarpMatcher,-1,na,matching_size,1000
U4,1000,2,3,SimpleAugmentingMatcher,-1,na,wall_clock_ms,218.371
U4,1000,2,3,SimpleAugmentingMatcher,-1,na,matching_size,1000
U4,1000,2,3,HopcroftKarpMatcher,0,na,paths_found_per_phase,1000
U4,1000,2,3,HopcroftKarpMatcher,0,na,bfs_edges_visited,1e+06
U4,1000,2,3,HopcroftKarpMatcher,0,na,dfs_edges_visited,500500
U4,1000,2,3,HopcroftKarpMatcher,0,na,defect_at_iteration,0
U4,1000,2,3,HopcroftKarpMatcher,-1,na,phase_count,1
U4,1000,2,3,HopcroftKarpMatcher,-1,na,main_loop_iters,1
U4,1000,2,3,HopcroftKarpMatcher,-1,na,total_bfs_edges_visited,1e+06
U4,1000,2,3,HopcroftKarpMatcher,-1,na,total_edges_visited,1.5005e+06
U4,1000,2,3,HopcroftKarpMatcher,-1,na,matching_size,1000
U4,1000,2,3,HopcroftKarpMatcher,-1,na,wall_clock_ms,2.00753
U4,1000,2,3,HopcroftKarpMatcher,-1,na,matching_size,1000
U4,1000,1.3,2,SimpleAugmentingMatcher,-1,na,wall_clock_ms,40.5945
U4,1000,1.3,2,SimpleAugmentingMatcher,-1,na,matching_size,1000
U4,1000,1.3,2,HopcroftKarpMatcher,0,na,paths_found_per_phase,919
U4,1000,1.3,2,HopcroftKarpMatcher,0,na,bfs_edges_visited,7943
U4,1000,1.3,2,HopcroftKarpMatcher,0,na,dfs_edges_visited,4099
U4,1000,1.3,2,HopcroftKarpMatcher,0,na,defect_at_iteration,81
U4,1000,1.3,2,HopcroftKarpMatcher,1,na,paths_found_per_phase,75
U4,1000,1.3,2,HopcroftKarpMatcher,1,na,bfs_edges_visited,3681
U4,1000,1.3,2,HopcroftKarpMatcher,1,na,dfs_edges_visited,3359
U4,1000,1.3,2,HopcroftKarpMatcher,1,na,defect_at_iteration,6
U4,1000,1.3,2,HopcroftKarpMatcher,2,na,paths_found_per_phase,5
U4,1000,1.3,2,HopcroftKarpMatcher,2,na,bfs_edges_visited,1411
U4,1000,1.3,2,HopcroftKarpMatcher,2,na,dfs_edges_visited,3190
U4,1000,1.3,2,HopcroftKarpMatcher,2,na,defect_at_iteration,1
U4,1000,1.3,2,HopcroftKarpMatcher,3,na,paths_found_per_phase,1
U4,1000,1.3,2,HopcroftKarpMatcher,3,na,bfs_edges_visited,7357
U4,1000,1.3,2,HopcroftKarpMatcher,3,na,dfs_edges_visited,4975
U4,1000,1.3,2,HopcroftKarpMatcher,3,na,defect_at_iteration,0
U4,1000,1.3,2,HopcroftKarpMatcher,-1,na,phase_count,4
U4,1000,1.3,2,HopcroftKarpMatcher,-1,na,main_loop_iters,4
U4,1000,1.3,2,HopcroftKarpMatcher,-1,na,total_bfs_edges_visited,20392
U4,1000,1.3,2,HopcroftKarpMatcher,-1,na,total_edges_visited,36015
U4,1000,1.3,2,HopcroftKarpMatcher,-1,na,matching_size,1000
U4,1000,1.3,2,HopcroftKarpMatcher,-1,na,wall_clock_ms,4.89918
U4,1000,1.3,2,HopcroftKarpMatcher,-1,na,matching_size,1000
U4,500,1.5,11,SimpleAugmentingMatcher,-1,na,wall_clock_ms,18.2126
U4,500,1.5,11,SimpleAugmentingMatcher,-1,na,matching_size,500
U4,500,1.5,11,HopcroftKarpMatcher,0,na,paths_found_per_phase,480
U4,500,1.5,11,HopcroftKarpMatcher,0,na,bfs_edges_visited,11180
U4,500,1.5,11,HopcroftKarpMatcher,0,na,dfs_edges_visited,5669
U4,500,1.5,11,HopcroftKarpMatcher,0,na,defect_at_iteration,20
U4,500,1.5,11,HopcroftKarpMatcher,1,na,paths_found_per_phase,20
U4,500,1.5,11,HopcroftKarpMatcher,1,na,bfs_edges_visited,6575
U4,500,1.5,11,HopcroftKarpMatcher,1,na,dfs_edges_visited,3695
U4,500,1.5,11,HopcroftKarpMatcher,1,na,defect_at_iteration,0
U4,500,1.5,11,HopcroftKarpMatcher,-1,na,phase_count,2
U4,500,1.5,11,HopcroftKarpMatcher,-1,na,main_loop_iters,2
U4,500,1.5,11,HopcroftKarpMatcher,-1,na,total_bfs_edges_visited,17755
U4,500,1.5,11,HopcroftKarpMatcher,-1,na,total_edges_visited,27119
U4,500,1.5,11,HopcroftKarpMatcher,-1,na,matching_size,500
U4,500,1.5,11,HopcroftKarpMatcher,-1,na,wall_clock_ms,0.888209
U4,500,1.5,11,HopcroftKarpMatcher,-1,na,matching_size,500
U4,1000,1.9,7,SimpleAugmentingMatcher,-1,na,wall_clock_ms,866.46
U4,1000,1.9,7,SimpleAugmentingMatcher,-1,na,matching_size,1000
U4,1000,1.9,7,HopcroftKarpMatcher,0,na,paths_found_per_phase,998
U4,1000,1.9,7,HopcroftKarpMatcher,0,na,bfs_edges_visited,501187
U4,1000,1.9,7,HopcroftKarpMatcher,0,na,dfs_edges_visited,250549
U4,1000,1.9,7,HopcroftKarpMatcher,0,na,defect_at_iteration,2
U4,1000,1.9,7,HopcroftKarpMatcher,1,na,paths_found_per_phase,2
U4,1000,1.9,7,HopcroftKarpMatcher,1,na,bfs_edges_visited,372050
U4,1000,1.9,7,HopcroftKarpMatcher,1,na,dfs_edges_visited,1541
U4,1000,1.9,7,HopcroftKarpMatcher,1,na,defect_at_iteration,0
U4,1000,1.9,7,HopcroftKarpMatcher,-1,na,phase_count,2
U4,1000,1.9,7,HopcroftKarpMatcher,-1,na,main_loop_iters,2
U4,1000,1.9,7,HopcroftKarpMatcher,-1,na,total_bfs_edges_visited,873237
U4,1000,1.9,7,HopcroftKarpMatcher,-1,na,total_edges_visited,1.12533e+06
U4,1000,1.9,7,HopcroftKarpMatcher,-1,na,matching_size,1000
U4,1000,1.9,7,HopcroftKarpMatcher,-1,na,wall_clock_ms,12.1757
U4,1000,1.9,7,HopcroftKarpMatcher,-1,na,matching_size,1000
U4,500,1.2,5,SimpleAugmentingMatcher,-1,na,wall_clock_ms,8.7189
U4,500,1.2,5,SimpleAugmentingMatcher,-1,na,matching_size,478
U4,500,1.2,5,HopcroftKarpMatcher,0,na,paths_found_per_phase,398
U4,500,1.2,5,HopcroftKarpMatcher,0,na,bfs_edges_visited,1732
U4,500,1.2,5,HopcroftKarpMatcher,0,na,dfs_edges_visited,986
U4,500,1.2,5,HopcroftKarpMatcher,0,na,defect_at_iteration,102
U4,500,1.2,5,HopcroftKarpMatcher,1,na,paths_found_per_phase,55
U4,500,1.2,5,HopcroftKarpMatcher,1,na,bfs_edges_visited,878
U4,500,1.2,5,HopcroftKarpMatcher,1,na,dfs_edges_visited,1004
U4,500,1.2,5,HopcroftKarpMatcher,1,na,defect_at_iteration,47
U4,500,1.2,5,HopcroftKarpMatcher,2,na,paths_found_per_phase,12
U4,500,1.2,5,HopcroftKarpMatcher,2,na,bfs_edges_visited,685
U4,500,1.2,5,HopcroftKarpMatcher,2,na,dfs_edges_visited,881
U4,500,1.2,5,HopcroftKarpMatcher,2,na,defect_at_iteration,35
U4,500,1.2,5,HopcroftKarpMatcher,3,na,paths_found_per_phase,5
U4,500,1.2,5,HopcroftKarpMatcher,3,na,bfs_edges_visited,692
U4,500,1.2,5,HopcroftKarpMatcher,3,na,dfs_edges_visited,950
U4,500,1.2,5,HopcroftKarpMatcher,3,na,defect_at_iteration,30
U4,500,1.2,5,HopcroftKarpMatcher,4,na,paths_found_per_phase,6
U4,500,1.2,5,HopcroftKarpMatcher,4,na,bfs_edges_visited,1156
U4,500,1.2,5,HopcroftKarpMatcher,4,na,dfs_edges_visited,990
U4,500,1.2,5,HopcroftKarpMatcher,4,na,defect_at_iteration,24
U4,500,1.2,5,HopcroftKarpMatcher,5,na,paths_found_per_phase,2
U4,500,1.2,5,HopcroftKarpMatcher,5,na,bfs_edges_visited,1287
U4,500,1.2,5,HopcroftKarpMatcher,5,na,dfs_edges_visited,1268
U4,500,1.2,5,HopcroftKarpMatcher,5,na,defect_at_iteration,22
U4,500,1.2,5,HopcroftKarpMatcher,-1,na,phase_count,6
U4,500,1.2,5,HopcroftKarpMatcher,-1,na,main_loop_iters,6
U4,500,1.2,5,HopcroftKarpMatcher,-1,na,total_bfs_edges_visited,6430
U4,500,1.2,5,HopcroftKarpMatcher,-1,na,total_edges_visited,12509
U4,500,1.2,5,HopcroftKarpMatcher,-1,na,matching_size,478
U4,500,1.2,5,HopcroftKarpMatcher,-1,na,wall_clock_ms,3.62626
U4,500,1.2,5,HopcroftKarpMatcher,-1,na,matching_size,478
U4,1000,1.4,0,SimpleAugmentingMatcher,-1,na,wall_clock_ms,85.5411
U4,1000,1.4,0,SimpleAugmentingMatcher,-1,na,matching_size,1000
U4,1000,1.4,0,HopcroftKarpMatcher,0,na,paths_found_per_phase,956
U4,1000,1.4,0,HopcroftKarpMatcher,0,na,bfs_edges_visited,15848
U4,1000,1.4,0,HopcroftKarpMatcher,0,na,dfs_edges_visited,8089
U4,1000,1.4,0,HopcroftKarpMatcher,0,na,defect_at_iteration,44
U4,1000,1.4,0,HopcroftKarpMatcher,1,na,paths_found_per_phase,43
U4,1000,1.4,0,HopcroftKarpMatcher,1,na,bfs_edges_visited,8075
U4,1000,1.4,0,HopcroftKarpMatcher,1,na,dfs_edges_visited,5912
U4,1000,1.4,0,HopcroftKarpMatcher,1,na,defect_at_iteration,1
U4,1000,1.4,0,HopcroftKarpMatcher,2,na,paths_found_per_phase,1
U4,1000,1.4,0,HopcroftKarpMatcher,2,na,bfs_edges_visited,3467
U4,1000,1.4,0,HopcroftKarpMatcher,2,na,dfs_edges_visited,2083
U4,1000,1.4,0,HopcroftKarpMatcher,2,na,defect_at_iteration,0
U4,1000,1.4,0,HopcroftKarpMatcher,-1,na,phase_count,3
U4,1000,1.4,0,HopcroftKarpMatcher,-1,na,main_loop_iters,3
U4,1000,1.4,0,HopcroftKarpMatcher,-1,na,total_bfs_edges_visited,27390
U4,1000,1.4,0,HopcroftKarpMatcher,-1,na,total_edges_visited,43474
U4,1000,1.4,0,HopcroftKarpMatcher,-1,na,matching_size,1000
U4,1000,1.4,0,HopcroftKarpMatcher,-1,na,wall_clock_ms,3.14091
U4,1000,1.4,0,HopcroftKarpMatcher,-1,na,matching_size,1000
U4,500,1.9,2,SimpleAugmentingMatcher,-1,na,wall_clock_ms,105.716
U4,500,1.9,2,SimpleAugmentingMatcher,-1,na,matching_size,500
U4,500,1.9,2,HopcroftKarpMatcher,0,na,paths_found_per_phase,500
U4,500,1.9,2,HopcroftKarpMatcher,0,na,bfs_edges_visited,134289
U4,500,1.9,2,HopcroftKarpMatcher,0,na,dfs_edges_visited,67226
U4,500,1.9,2,HopcroftKarpMatcher,0,na,defect_at_iteration,0
U4,500,1.9,2,HopcroftKarpMatcher,-1,na,phase_count,1
U4,500,1.9,2,HopcroftKarpMatcher,-1,na,main_loop_iters,1
U4,500,1.9,2,HopcroftKarpMatcher,-1,na,total_bfs_edges_visited,134289
U4,500,1.9,2,HopcroftKarpMatcher,-1,na,total_edges_visited,201515
U4,500,1.9,2,HopcroftKarpMatcher,-1,na,matching_size,500
U4,500,1.9,2,HopcroftKarpMatcher,-1,na,wall_clock_ms,2.00708
U4,500,1.9,2,HopcroftKarpMatcher,-1,na,matching_size,500
U4,1000,1.8,12,SimpleAugmentingMatcher,-1,na,wall_clock_ms,567.726
U4,1000,1.8,12,SimpleAugmentingMatcher,-1,na,matching_size,1000
U4,1000,1.8,12,HopcroftKarpMatcher,0,na,paths_found_per_phase,999
U4,1000,1.8,12,HopcroftKarpMatcher,0,na,bfs_edges_visited,251188
U4,1000,1.8,12,HopcroftKarpMatcher,0,na,dfs_edges_visited,125643
U4,1000,1.8,12,HopcroftKarpMatcher,0,na,defect_at_iteration,1
U4,1000,1.8,12,HopcroftKarpMatcher,1,na,paths_found_per_phase,1
U4,1000,1.8,12,HopcroftKarpMatcher,1,na,bfs_edges_visited,66410
U4,1000,1.8,12,HopcroftKarpMatcher,1,na,dfs_edges_visited,774
U4,1000,1.8,12,HopcroftKarpMatcher,1,na,defect_at_iteration,0
U4,1000,1.8,12,HopcroftKarpMatcher,-1,na,phase_count,2
U4,1000,1.8,12,HopcroftKarpMatcher,-1,na,main_loop_iters,2
U4,1000,1.8,12,HopcroftKarpMatcher,-1,na,total_bfs_edges_visited,317598
U4,1000,1.8,12,HopcroftKarpMatcher,-1,na,total_edges_visited,444015
U4,1000,1.8,12,HopcroftKarpMatcher,-1,na,matching_size,1000
U4,1000,1.8,12,HopcroftKarpMatcher,-1,na,wall_clock_ms,6.41533
U4,1000,1.8,12,HopcroftKarpMatcher,-1,na,matching_size,1000
U4,2000,1.7,8,SimpleAugmentingMatcher,-1,na,wall_clock_ms,2525.37
U4,2000,1.7,8,SimpleAugmentingMatcher,-1,na,matching_size,2000
U4,2000,1.7,8,HopcroftKarpMatcher,0,na,paths_found_per_phase,1991
U4,2000,1.7,8,HopcroftKarpMatcher,0,na,bfs_edges_visited,409026
U4,2000,1.7,8,HopcroftKarpMatcher,0,na,dfs_edges_visited,204699
U4,2000,1.7,8,HopcroftKarpMatcher,0,na,defect_at_iteration,9
U4,2000,1.7,8,HopcroftKarpMatcher,1,na,paths_found_per_phase,9
U4,2000,1.7,8,HopcroftKarpMatcher,1,na,bfs_edges_visited,256298
U4,2000,1.7,8,HopcroftKarpMatcher,1,na,dfs_edges_visited,11102
U4,2000,1.7,8,HopcroftKarpMatcher,1,na,defect_at_iteration,0
U4,2000,1.7,8,HopcroftKarpMatcher,-1,na,phase_count,2
U4,2000,1.7,8,HopcroftKarpMatcher,-1,na,main_loop_iters,2
U4,2000,1.7,8,HopcroftKarpMatcher,-1,na,total_bfs_edges_visited,665324
U4,2000,1.7,8,HopcroftKarpMatcher,-1,na,total_edges_visited,881125
U4,2000,1.7,8,HopcroftKarpMatcher,-1,na,matching_size,2000
U4,2000,1.7,8,HopcroftKarpMatcher,-1,na,wall_clock_ms,17.1794
U4,2000,1.7,8,HopcroftKarpMatcher,-1,na,matching_size,2000
U4,1000,1.1,5,SimpleAugmentingMatcher,-1,na,wall_clock_ms,2.2325
U4,1000,1.1,5,SimpleAugmentingMatcher,-1,na,matching_size,785
U4,1000,1.1,5,HopcroftKarpMatcher,0,na,paths_found_per_phase,691
U4,1000,1.1,5,HopcroftKarpMatcher,0,na,bfs_edges_visited,1995
U4,1000,1.1,5,HopcroftKarpMatcher,0,na,dfs_edges_visited,1210
U4,1000,1.1,5,HopcroftKarpMatcher,0,na,defect_at_iteration,309
U4,1000,1.1,5,HopcroftKarpMatcher,1,na,paths_found_per_phase,81
U4,1000,1.1,5,HopcroftKarpMatcher,1,na,bfs_edges_visited,826
U4,1000,1.1,5,HopcroftKarpMatcher,1,na,dfs_edges_visited,819
U4,1000,1.1,5,HopcroftKarpMatcher,1,na,defect_at_iteration,228
U4,1000,1.1,5,HopcroftKarpMatcher,2,na,paths_found_per_phase,9
U4,1000,1.1,5,HopcroftKarpMatcher,2,na,bfs_edges_visited,455
U4,1000,1.1,5,HopcroftKarpMatcher,2,na,dfs_edges_visited,510
U4,1000,1.1,5,HopcroftKarpMatcher,2,na,defect_at_iteration,219
U4,1000,1.1,5,HopcroftKarpMatcher,3,na,paths_found_per_phase,3
U4,1000,1.1,5,HopcroftKarpMatcher,3,na,bfs_edges_visited,462
U4,1000,1.1,5,HopcroftKarpMatcher,3,na,dfs_edges_visited,474
U4,1000,1.1,5,HopcroftKarpMatcher,3,na,defect_at_iteration,216
U4,1000,1.1,5,HopcroftKarpMatcher,4,na,paths_found_per_phase,1
U4,1000,1.1,5,HopcroftKarpMatcher,4,na,bfs_edges_visited,519
U4,1000,1.1,5,HopcroftKarpMatcher,4,na,dfs_edges_visited,480
U4,1000,1.1,5,HopcroftKarpMatcher,4,na,defect_at_iteration,215
U4,1000,1.1,5,HopcroftKarpMatcher,-1,na,phase_count,5
U4,1000,1.1,5,HopcroftKarpMatcher,-1,na,main_loop_iters,5
U4,1000,1.1,5,HopcroftKarpMatcher,-1,na,total_bfs_edges_visited,4257
U4,1000,1.1,5,HopcroftKarpMatcher,-1,na,total_edges_visited,7750
U4,1000,1.1,5,HopcroftKarpMatcher,-1,na,matching_size,785
U4,1000,1.1,5,HopcroftKarpMatcher,-1,na,wall_clock_ms,5.47553
U4,1000,1.1,5,HopcroftKarpMatcher,-1,na,matching_size,785
U4,500,2,11,SimpleAugmentingMatcher,-1,na,wall_clock_ms,27.8452
U4,500,2,11,SimpleAugmentingMatcher,-1,na,matching_size,500
U4,500,2,11,HopcroftKarpMatcher,0,na,paths_found_per_phase,500
U4,500,2,11,HopcroftKarpMatcher,0,na,bfs_edges_visited,250000
U4,500,2,11,HopcroftKarpMatcher,0,na,dfs_edges_visited,125250
U4,500,2,11,HopcroftKarpMatcher,0,na,defect_at_iteration,0
U4,500,2,11,HopcroftKarpMatcher,-1,na,phase_count,1
U4,500,2,11,HopcroftKarpMatcher,-1,na,main_loop_iters,1
U4,500,2,11,HopcroftKarpMatcher,-1,na,total_bfs_edges_visited,250000
U4,500,2,11,HopcroftKarpMatcher,-1,na,total_edges_visited,375250
U4,500,2,11,HopcroftKarpMatcher,-1,na,matching_size,500
U4,500,2,11,HopcroftKarpMatcher,-1,na,wall_clock_ms,0.510741
U4,500,2,11,HopcroftKarpMatcher,-1,na,matching_size,500
U4,1000,1.8,8,SimpleAugmentingMatcher,-1,na,wall_clock_ms,567.045
U4,1000,1.8,8,SimpleAugmentingMatcher,-1,na,matching_size,1000
U4,1000,1.8,8,HopcroftKarpMatcher,0,na,paths_found_per_phase,996
U4,1000,1.8,8,HopcroftKarpMatcher,0,na,bfs_edges_visited,251188
U4,1000,1.8,8,HopcroftKarpMatcher,0,na,dfs_edges_visited,126076
U4,1000,1.8,8,HopcroftKarpMatcher,0,na,defect_at_iteration,4
U4,1000,1.8,8,HopcroftKarpMatcher,1,na,paths_found_per_phase,4
U4,1000,1.8,8,HopcroftKarpMatcher,1,na,bfs_edges_visited,172828
U4,1000,1.8,8,HopcroftKarpMatcher,1,na,dfs_edges_visited,2064
U4,1000,1.8,8,HopcroftKarpMatcher,1,na,defect_at_iteration,0
U4,1000,1.8,8,HopcroftKarpMatcher,-1,na,phase_count,2
U4,1000,1.8,8,HopcroftKarpMatcher,-1,na,main_loop_iters,2
U4,1000,1.8,8,HopcroftKarpMatcher,-1,na,total_bfs_edges_visited,424016
U4,1000,1.8,8,HopcroftKarpMatcher,-1,na,total_edges_visited,552156
U4,1000,1.8,8,HopcroftKarpMatcher,-1,na,matching_size,1000
U4,1000,1.8,8,HopcroftKarpMatcher,-1,na,wall_clock_ms,7.86714
U4,1000,1.8,8,HopcroftKarpMatcher,-1,na,matching_size,1000
U4,2000,1.2,2,SimpleAugmentingMatcher,-1,na,wall_clock_ms,185.038
U4,2000,1.2,2,SimpleAugmentingMatcher,-1,na,matching_size,1974
U4,2000,1.2,2,HopcroftKarpMatcher,0,na,paths_found_per_phase,1710
U4,2000,1.2,2,HopcroftKarpMatcher,0,na,bfs_edges_visited,9146
U4,2000,1.2,2,HopcroftKarpMatcher,0,na,dfs_edges_visited,4981
U4,2000,1.2,2,HopcroftKarpMatcher,0,na,defect_at_iteration,290
U4,2000,1.2,2,HopcroftKarpMatcher,1,na,paths_found_per_phase,213
U4,2000,1.2,2,HopcroftKarpMatcher,1,na,bfs_edges_visited,4293
U4,2000,1.2,2,HopcroftKarpMatcher,1,na,dfs_edges_visited,4291
U4,2000,1.2,2,HopcroftKarpMatcher,1,na,defect_at_iteration,77
U4,2000,1.2,2,HopcroftKarpMatcher,2,na,paths_found_per_phase,28
U4,2000,1.2,2,HopcroftKarpMatcher,2,na,bfs_edges_visited,2092
U4,2000,1.2,2,HopcroftKarpMatcher,2,na,dfs_edges_visited,3260
U4,2000,1.2,2,HopcroftKarpMatcher,2,na,defect_at_iteration,49
U4,2000,1.2,2,HopcroftKarpMatcher,3,na,paths_found_per_phase,16
U4,2000,1.2,2,HopcroftKarpMatcher,3,na,bfs_edges_visited,5567
U4,2000,1.2,2,HopcroftKarpMatcher,3,na,dfs_edges_visited,4740
U4,2000,1.2,2,HopcroftKarpMatcher,3,na,defect_at_iteration,33
U4,2000,1.2,2,HopcroftKarpMatcher,4,na,paths_found_per_phase,3
U4,2000,1.2,2,HopcroftKarpMatcher,4,na,bfs_edges_visited,4230
U4,2000,1.2,2,HopcroftKarpMatcher,4,na,dfs_edges_visited,6531
U4,2000,1.2,2,HopcroftKarpMatcher,4,na,defect_at_iteration,30
U4,2000,1.2,2,HopcroftKarpMatcher,5,na,paths_found_per_phase,3
U4,2000,1.2,2,HopcroftKarpMatcher,5,na,bfs_edges_visited,6407
U4,2000,1.2,2,HopcroftKarpMatcher,5,na,dfs_edges_visited,6264
U4,2000,1.2,2,HopcroftKarpMatcher,5,na,defect_at_iteration,27
U4,2000,1.2,2,HopcroftKarpMatcher,6,na,paths_found_per_phase,1
U4,2000,1.2,2,HopcroftKarpMatcher,6,na,bfs_edges_visited,8510
U4,2000,1.2,2,HopcroftKarpMatcher,6,na,dfs_edges_visited,7673
U4,2000,1.2,2,HopcroftKarpMatcher,6,na,defect_at_iteration,26
U4,2000,1.2,2,HopcroftKarpMatcher,-1,na,phase_count,7
U4,2000,1.2,2,HopcroftKarpMatcher,-1,na,main_loop_iters,7
U4,2000,1.2,2,HopcroftKarpMatcher,-1,na,total_bfs_edges_visited,40245
U4,2000,1.2,2,HopcroftKarpMatcher,-1,na,total_edges_visited,77985
U4,2000,1.2,2,HopcroftKarpMatcher,-1,na,matching_size,1974
U4,2000,1.2,2,HopcroftKarpMatcher,-1,na,wall_clock_ms,38.4618
U4,2000,1.2,2,HopcroftKarpMatcher,-1,na,matching_size,1974
U4,1000,1.3,10,SimpleAugmentingMatcher,-1,na,wall_clock_ms,43.0179
U4,1000,1.3,10,SimpleAugmentingMatcher,-1,na,matching_size,998
U4,1000,1.3,10,HopcroftKarpMatcher,0,na,paths_found_per_phase,899
U4,1000,1.3,10,HopcroftKarpMatcher,0,na,bfs_edges_visited,7943
U4,1000,1.3,10,HopcroftKarpMatcher,0,na,dfs_edges_visited,4039
U4,1000,1.3,10,HopcroftKarpMatcher,0,na,defect_at_iteration,101
U4,1000,1.3,10,HopcroftKarpMatcher,1,na,paths_found_per_phase,92
U4,1000,1.3,10,HopcroftKarpMatcher,1,na,bfs_edges_visited,4321
U4,1000,1.3,10,HopcroftKarpMatcher,1,na,dfs_edges_visited,3604
U4,1000,1.3,10,HopcroftKarpMatcher,1,na,defect_at_iteration,9
U4,1000,1.3,10,HopcroftKarpMatcher,2,na,paths_found_per_phase,7
U4,1000,1.3,10,HopcroftKarpMatcher,2,na,bfs_edges_visited,2098
U4,1000,1.3,10,HopcroftKarpMatcher,2,na,dfs_edges_visited,2066
U4,1000,1.3,10,HopcroftKarpMatcher,2,na,defect_at_iteration,2
U4,1000,1.3,10,HopcroftKarpMatcher,-1,na,phase_count,3
U4,1000,1.3,10,HopcroftKarpMatcher,-1,na,main_loop_iters,3
U4,1000,1.3,10,HopcroftKarpMatcher,-1,na,total_bfs_edges_visited,14362
U4,1000,1.3,10,HopcroftKarpMatcher,-1,na,total_edges_visited,24071
U4,1000,1.3,10,HopcroftKarpMatcher,-1,na,matching_size,998
U4,1000,1.3,10,HopcroftKarpMatcher,-1,na,wall_clock_ms,3.24688
U4,1000,1.3,10,HopcroftKarpMatcher,-1,na,matching_size,998
U4,2000,1.2,10,SimpleAugmentingMatcher,-1,na,wall_clock_ms,187.722
U4,2000,1.2,10,SimpleAugmentingMatcher,-1,na,matching_size,1975
U4,2000,1.2,10,HopcroftKarpMatcher,0,na,paths_found_per_phase,1688
U4,2000,1.2,10,HopcroftKarpMatcher,0,na,bfs_edges_visited,9146
U4,2000,1.2,10,HopcroftKarpMatcher,0,na,dfs_edges_visited,4946
U4,2000,1.2,10,HopcroftKarpMatcher,0,na,defect_at_iteration,312
U4,2000,1.2,10,HopcroftKarpMatcher,1,na,paths_found_per_phase,223
U4,2000,1.2,10,HopcroftKarpMatcher,1,na,bfs_edges_visited,4680
U4,2000,1.2,10,HopcroftKarpMatcher,1,na,dfs_edges_visited,4695
U4,2000,1.2,10,HopcroftKarpMatcher,1,na,defect_at_iteration,89
U4,2000,1.2,10,HopcroftKarpMatcher,2,na,paths_found_per_phase,29
U4,2000,1.2,10,HopcroftKarpMatcher,2,na,bfs_edges_visited,2577
U4,2000,1.2,10,HopcroftKarpMatcher,2,na,dfs_edges_visited,3783
U4,2000,1.2,10,HopcroftKarpMatcher,2,na,defect_at_iteration,60
U4,2000,1.2,10,HopcroftKarpMatcher,3,na,paths_found_per_phase,16
U4,2000,1.2,10,HopcroftKarpMatcher,3,na,bfs_edges_visited,2576
U4,2000,1.2,10,HopcroftKarpMatcher,3,na,dfs_edges_visited,4049
U4,2000,1.2,10,HopcroftKarpMatcher,3,na,defect_at_iteration,44
U4,2000,1.2,10,HopcroftKarpMatcher,4,na,paths_found_per_phase,10
U4,2000,1.2,10,HopcroftKarpMatcher,4,na,bfs_edges_visited,5646
U4,2000,1.2,10,HopcroftKarpMatcher,4,na,dfs_edges_visited,5088
U4,2000,1.2,10,HopcroftKarpMatcher,4,na,defect_at_iteration,34
U4,2000,1.2,10,HopcroftKarpMatcher,5,na,paths_found_per_phase,3
U4,2000,1.2,10,HopcroftKarpMatcher,5,na,bfs_edges_visited,4823
U4,2000,1.2,10,HopcroftKarpMatcher,5,na,dfs_edges_visited,6283
U4,2000,1.2,10,HopcroftKarpMatcher,5,na,defect_at_iteration,31
U4,2000,1.2,10,HopcroftKarpMatcher,6,na,paths_found_per_phase,4
U4,2000,1.2,10,HopcroftKarpMatcher,6,na,bfs_edges_visited,7953
U4,2000,1.2,10,HopcroftKarpMatcher,6,na,dfs_edges_visited,6594
U4,2000,1.2,10,HopcroftKarpMatcher,6,na,defect_at_iteration,27
U4,2000,1.2,10,HopcroftKarpMatcher,7,na,paths_found_per_phase,2
U4,2000,1.2,10,HopcroftKarpMatcher,7,na,bfs_edges_visited,8388
U4,2000,1.2,10,HopcroftKarpMatcher,7,na,dfs_edges_visited,4061
U4,2000,1.2,10,HopcroftKarpMatcher,7,na,defect_at_iteration,25
U4,2000,1.2,10,HopcroftKarpMatcher,-1,na,phase_count,8
U4,2000,1.2,10,HopcroftKarpMatcher,-1,na,main_loop_iters,8
U4,2000,1.2,10,HopcroftKarpMatcher,-1,na,total_bfs_edges_visited,45789
U4,2000,1.2,10,HopcroftKarpMatcher,-1,na,total_edges_visited,85288
U4,2000,1.2,10,HopcroftKarpMatcher,-1,na,matching_size,1975
U4,2000,1.2,10,HopcroftKarpMatcher,-1,na,wall_clock_ms,38.4304
U4,2000,1.2,10,HopcroftKarpMatcher,-1,na,matching_size,1975
U4,500,1.2,9,SimpleAugmentingMatcher,-1,na,wall_clock_ms,3.48778
U4,500,1.2,9,SimpleAugmentingMatcher,-1,na,matching_size,483
U4,500,1.2,9,HopcroftKarpMatcher,0,na,paths_found_per_phase,411
U4,500,1.2,9,HopcroftKarpMatcher,0,na,bfs_edges_visited,1732
U4,500,1.2,9,HopcroftKarpMatcher,0,na,dfs_edges_visited,982
U4,500,1.2,9,HopcroftKarpMatcher,0,na,defect_at_iteration,89
U4,500,1.2,9,HopcroftKarpMatcher,1,na,paths_found_per_phase,54
U4,500,1.2,9,HopcroftKarpMatcher,1,na,bfs_edges_visited,802
U4,500,1.2,9,HopcroftKarpMatcher,1,na,dfs_edges_visited,741
U4,500,1.2,9,HopcroftKarpMatcher,1,na,defect_at_iteration,35
U4,500,1.2,9,HopcroftKarpMatcher,2,na,paths_found_per_phase,6
U4,500,1.2,9,HopcroftKarpMatcher,2,na,bfs_edges_visited,388
U4,500,1.2,9,HopcroftKarpMatcher,2,na,dfs_edges_visited,514
U4,500,1.2,9,HopcroftKarpMatcher,2,na,defect_at_iteration,29
U4,500,1.2,9,HopcroftKarpMatcher,3,na,paths_found_per_phase,7
U4,500,1.2,9,HopcroftKarpMatcher,3,na,bfs_edges_visited,641
U4,500,1.2,9,HopcroftKarpMatcher,3,na,dfs_edges_visited,762
U4,500,1.2,9,HopcroftKarpMatcher,3,na,defect_at_iteration,22
U4,500,1.2,9,HopcroftKarpMatcher,4,na,paths_found_per_phase,2
U4,500,1.2,9,HopcroftKarpMatcher,4,na,bfs_edges_visited,696
U4,500,1.2,9,HopcroftKarpMatcher,4,na,dfs_edges_visited,734
U4,500,1.2,9,HopcroftKarpMatcher,4,na,defect_at_iteration,20
U4,500,1.2,9,HopcroftKarpMatcher,5,na,paths_found_per_phase,2
U4,500,1.2,9,HopcroftKarpMatcher,5,na,bfs_edges_visited,970
U4,500,1.2,9,HopcroftKarpMatcher,5,na,dfs_edges_visited,1059
U4,500,1.2,9,HopcroftKarpMatcher,5,na,defect_at_iteration,18
U4,500,1.2,9,HopcroftKarpMatcher,6,na,paths_found_per_phase,1
U4,500,1.2,9,HopcroftKarpMatcher,6,na,bfs_edges_visited,867
U4,500,1.2,9,HopcroftKarpMatcher,6,na,dfs_edges_visited,922
U4,500,1.2,9,HopcroftKarpMatcher,6,na,defect_at_iteration,17
U4,500,1.2,9,HopcroftKarpMatcher,-1,na,phase_count,7
U4,500,1.2,9,HopcroftKarpMatcher,-1,na,main_loop_iters,7
U4,500,1.2,9,HopcroftKarpMatcher,-1,na,total_bfs_edges_visited,6096
U4,500,1.2,9,HopcroftKarpMatcher,-1,na,total_edges_visited,11810
U4,500,1.2,9,HopcroftKarpMatcher,-1,na,matching_size,483
U4,500,1.2,9,HopcroftKarpMatcher,-1,na,wall_clock_ms,1.96445
U4,500,1.2,9,HopcroftKarpMatcher,-1,na,matching_size,483
U4,2000,1.2,12,SimpleAugmentingMatcher,-1,na,wall_clock_ms,217.931
U4,2000,1.2,12,SimpleAugmentingMatcher,-1,na,matching_size,1976
U4,2000,1.2,12,HopcroftKarpMatcher,0,na,paths_found_per_phase,1702
U4,2000,1.2,12,HopcroftKarpMatcher,0,na,bfs_edges_visited,9146
U4,2000,1.2,12,HopcroftKarpMatcher,0,na,dfs_edges_visited,4901
U4,2000,1.2,12,HopcroftKarpMatcher,0,na,defect_at_iteration,298
U4,2000,1.2,12,HopcroftKarpMatcher,1,na,paths_found_per_phase,206
U4,2000,1.2,12,HopcroftKarpMatcher,1,na,bfs_edges_visited,4261
U4,2000,1.2,12,HopcroftKarpMatcher,1,na,dfs_edges_visited,4781
U4,2000,1.2,12,HopcroftKarpMatcher,1,na,defect_at_iteration,92
U4,2000,1.2,12,HopcroftKarpMatcher,2,na,paths_found_per_phase,42
U4,2000,1.2,12,HopcroftKarpMatcher,2,na,bfs_edges_visited,3179
U4,2000,1.2,12,HopcroftKarpMatcher,2,na,dfs_edges_visited,4400
U4,2000,1.2,12,HopcroftKarpMatcher,2,na,defect_at_iteration,50
U4,2000,1.2,12,HopcroftKarpMatcher,3,na,paths_found_per_phase,15
U4,2000,1.2,12,HopcroftKarpMatcher,3,na,bfs_edges_visited,3502
U4,2000,1.2,12,HopcroftKarpMatcher,3,na,dfs_edges_visited,4779
U4,2000,1.2,12,HopcroftKarpMatcher,3,na,defect_at_iteration,35
U4,2000,1.2,12,HopcroftKarpMatcher,4,na,paths_found_per_phase,7
U4,2000,1.2,12,HopcroftKarpMatcher,4,na,bfs_edges_visited,7247
U4,2000,1.2,12,HopcroftKarpMatcher,4,na,dfs_edges_visited,7351
U4,2000,1.2,12,HopcroftKarpMatcher,4,na,defect_at_iteration,28
U4,2000,1.2,12,HopcroftKarpMatcher,5,na,paths_found_per_phase,2
U4,2000,1.2,12,HopcroftKarpMatcher,5,na,bfs_edges_visited,7834
U4,2000,1.2,12,HopcroftKarpMatcher,5,na,dfs_edges_visited,7910
U4,2000,1.2,12,HopcroftKarpMatcher,5,na,defect_at_iteration,26
U4,2000,1.2,12,HopcroftKarpMatcher,6,na,paths_found_per_phase,2
U4,2000,1.2,12,HopcroftKarpMatcher,6,na,bfs_edges_visited,8580
U4,2000,1.2,12,HopcroftKarpMatcher,6,na,dfs_edges_visited,8034
U4,2000,1.2,12,HopcroftKarpMatcher,6,na,defect_at_iteration,24
U4,2000,1.2,12,HopcroftKarpMatcher,-1,na,phase_count,7
U4,2000,1.2,12,HopcroftKarpMatcher,-1,na,main_loop_iters,7
U4,2000,1.2,12,HopcroftKarpMatcher,-1,na,total_bfs_edges_visited,43749
U4,2000,1.2,12,HopcroftKarpMatcher,-1,na,total_edges_visited,85905
U4,2000,1.2,12,HopcroftKarpMatcher,-1,na,matching_size,1976
U4,2000,1.2,12,HopcroftKarpMatcher,-1,na,wall_clock_ms,41.8906
U4,2000,1.2,12,HopcroftKarpMatcher,-1,na,matching_size,1976
U4,2000,1.3,14,SimpleAugmentingMatcher,-1,na,wall_clock_ms,339.748
U4,2000,1.3,14,SimpleAugmentingMatcher,-1,na,matching_size,2000
U4,2000,1.3,14,HopcroftKarpMatcher,0,na,paths_found_per_phase,1866
U4,2000,1.3,14,HopcroftKarpMatcher,0,na,bfs_edges_visited,19558
U4,2000,1.3,14,HopcroftKarpMatcher,0,na,dfs_edges_visited,9888
U4,2000,1.3,14,HopcroftKarpMatcher,0,na,defect_at_iteration,134
U4,2000,1.3,14,HopcroftKarpMatcher,1,na,paths_found_per_phase,123
U4,2000,1.3,14,HopcroftKarpMatcher,1,na,bfs_edges_visited,9023
U4,2000,1.3,14,HopcroftKarpMatcher,1,na,dfs_edges_visited,8868
U4,2000,1.3,14,HopcroftKarpMatcher,1,na,defect_at_iteration,11
U4,2000,1.3,14,HopcroftKarpMatcher,2,na,paths_found_per_phase,10
U4,2000,1.3,14,HopcroftKarpMatcher,2,na,bfs_edges_visited,5830
U4,2000,1.3,14,HopcroftKarpMatcher,2,na,dfs_edges_visited,8706
U4,2000,1.3,14,HopcroftKarpMatcher,2,na,defect_at_iteration,1
U4,2000,1.3,14,HopcroftKarpMatcher,3,na,paths_found_per_phase,1
U4,2000,1.3,14,HopcroftKarpMatcher,3,na,bfs_edges_visited,16454
U4,2000,1.3,14,HopcroftKarpMatcher,3,na,dfs_edges_visited,6282
U4,2000,1.3,14,HopcroftKarpMatcher,3,na,defect_at_iteration,0
U4,2000,1.3,14,HopcroftKarpMatcher,-1,na,phase_count,4
U4,2000,1.3,14,HopcroftKarpMatcher,-1,na,main_loop_iters,4
U4,2000,1.3,14,HopcroftKarpMatcher,-1,na,total_bfs_edges_visited,50865
U4,2000,1.3,14,HopcroftKarpMatcher,-1,na,total_edges_visited,84609
U4,2000,1.3,14,HopcroftKarpMatcher,-1,na,matching_size,2000
U4,2000,1.3,14,HopcroftKarpMatcher,-1,na,wall_clock_ms,17.7222
U4,2000,1.3,14,HopcroftKarpMatcher,-1,na,matching_size,2000
U4,500,1.1,13,SimpleAugmentingMatcher,-1,na,wall_clock_ms,0.572091
U4,500,1.1,13,SimpleAugmentingMatcher,-1,na,matching_size,377
U4,500,1.1,13,HopcroftKarpMatcher,0,na,paths_found_per_phase,334
U4,500,1.1,13,HopcroftKarpMatcher,0,na,bfs_edges_visited,930
U4,500,1.1,13,HopcroftKarpMatcher,0,na,dfs_edges_visited,585
U4,500,1.1,13,HopcroftKarpMatcher,0,na,defect_at_iteration,166
U4,500,1.1,13,HopcroftKarpMatcher,1,na,paths_found_per_phase,38
U4,500,1.1,13,HopcroftKarpMatcher,1,na,bfs_edges_visited,354
U4,500,1.1,13,HopcroftKarpMatcher,1,na,dfs_edges_visited,415
U4,500,1.1,13,HopcroftKarpMatcher,1,na,defect_at_iteration,128
U4,500,1.1,13,HopcroftKarpMatcher,2,na,paths_found_per_phase,5
U4,500,1.1,13,HopcroftKarpMatcher,2,na,bfs_edges_visited,232
U4,500,1.1,13,HopcroftKarpMatcher,2,na,dfs_edges_visited,264
U4,500,1.1,13,HopcroftKarpMatcher,2,na,defect_at_iteration,123
U4,500,1.1,13,HopcroftKarpMatcher,-1,na,phase_count,3
U4,500,1.1,13,HopcroftKarpMatcher,-1,na,main_loop_iters,3
U4,500,1.1,13,HopcroftKarpMatcher,-1,na,total_bfs_edges_visited,1516
U4,500,1.1,13,HopcroftKarpMatcher,-1,na,total_edges_visited,2780
U4,500,1.1,13,HopcroftKarpMatcher,-1,na,matching_size,377
U4,500,1.1,13,HopcroftKarpMatcher,-1,na,wall_clock_ms,1.03906
U4,500,1.1,13,HopcroftKarpMatcher,-1,na,matching_size,377
U4,2000,1.9,13,SimpleAugmentingMatcher,-1,na,wall_clock_ms,7023.52
U4,2000,1.9,13,SimpleAugmentingMatcher,-1,na,matching_size,2000
U4,2000,1.9,13,HopcroftKarpMatcher,0,na,paths_found_per_phase,1999
U4,2000,1.9,13,HopcroftKarpMatcher,0,na,bfs_edges_visited,1.8705e+06
U4,2000,1.9,13,HopcroftKarpMatcher,0,na,dfs_edges_visited,935781
U4,2000,1.9,13,HopcroftKarpMatcher,0,na,defect_at_iteration,1
U4,2000,1.9,13,HopcroftKarpMatcher,1,na,paths_found_per_phase,1
U4,2000,1.9,13,HopcroftKarpMatcher,1,na,bfs_edges_visited,866786
U4,2000,1.9,13,HopcroftKarpMatcher,1,na,dfs_edges_visited,926
U4,2000,1.9,13,HopcroftKarpMatcher,1,na,defect_at_iteration,0
U4,2000,1.9,13,HopcroftKarpMatcher,-1,na,phase_count,2
U4,2000,1.9,13,HopcroftKarpMatcher,-1,na,main_loop_iters,2
U4,2000,1.9,13,HopcroftKarpMatcher,-1,na,total_bfs_edges_visited,2.73728e+06
U4,2000,1.9,13,HopcroftKarpMatcher,-1,na,total_edges_visited,3.67399e+06
U4,2000,1.9,13,HopcroftKarpMatcher,-1,na,matching_size,2000
U4,2000,1.9,13,HopcroftKarpMatcher,-1,na,wall_clock_ms,42.3016
U4,2000,1.9,13,HopcroftKarpMatcher,-1,na,matching_size,2000
U4,1000,1.4,14,SimpleAugmentingMatcher,-1,na,wall_clock_ms,85.1279
U4,1000,1.4,14,SimpleAugmentingMatcher,-1,na,matching_size,1000
U4,1000,1.4,14,HopcroftKarpMatcher,0,na,paths_found_per_phase,954
U4,1000,1.4,14,HopcroftKarpMatcher,0,na,bfs_edges_visited,15848
U4,1000,1.4,14,HopcroftKarpMatcher,0,na,dfs_edges_visited,7977
U4,1000,1.4,14,HopcroftKarpMatcher,0,na,defect_at_iteration,46
U4,1000,1.4,14,HopcroftKarpMatcher,1,na,paths_found_per_phase,45
U4,1000,1.4,14,HopcroftKarpMatcher,1,na,bfs_edges_visited,8052
U4,1000,1.4,14,HopcroftKarpMatcher,1,na,dfs_edges_visited,5215
U4,1000,1.4,14,HopcroftKarpMatcher,1,na,defect_at_iteration,1
U4,1000,1.4,14,HopcroftKarpMatcher,2,na,paths_found_per_phase,1
U4,1000,1.4,14,HopcroftKarpMatcher,2,na,bfs_edges_visited,13799
U4,1000,1.4,14,HopcroftKarpMatcher,2,na,dfs_edges_visited,138
U4,1000,1.4,14,HopcroftKarpMatcher,2,na,defect_at_iteration,0
U4,1000,1.4,14,HopcroftKarpMatcher,-1,na,phase_count,3
U4,1000,1.4,14,HopcroftKarpMatcher,-1,na,main_loop_iters,3
U4,1000,1.4,14,HopcroftKarpMatcher,-1,na,total_bfs_edges_visited,37699
U4,1000,1.4,14,HopcroftKarpMatcher,-1,na,total_edges_visited,51029
U4,1000,1.4,14,HopcroftKarpMatcher,-1,na,matching_size,1000
U4,1000,1.4,14,HopcroftKarpMatcher,-1,na,wall_clock_ms,3.67231
U4,1000,1.4,14,HopcroftKarpMatcher,-1,na,matching_size,1000
U4,2000,1.4,13,SimpleAugmentingMatcher,-1,na,wall_clock_ms,726.972
U4,2000,1.4,13,SimpleAugmentingMatcher,-1,na,matching_size,2000
U4,2000,1.4,13,HopcroftKarpMatcher,0,na,paths_found_per_phase,1942
U4,2000,1.4,13,HopcroftKarpMatcher,0,na,bfs_edges_visited,41825
U4,2000,1.4,13,HopcroftKarpMatcher,0,na,dfs_edges_visited,20940
U4,2000,1.4,13,HopcroftKarpMatcher,0,na,defect_at_iteration,58
U4,2000,1.4,13,HopcroftKarpMatcher,1,na,paths_found_per_phase,57
U4,2000,1.4,13,HopcroftKarpMatcher,1,na,bfs_edges_visited,19470
U4,2000,1.4,13,HopcroftKarpMatcher,1,na,dfs_edges_visited,11047
U4,2000,1.4,13,HopcroftKarpMatcher,1,na,defect_at_iteration,1
U4,2000,1.4,13,HopcroftKarpMatcher,2,na,paths_found_per_phase,1
U4,2000,1.4,13,HopcroftKarpMatcher,2,na,bfs_edges_visited,7825
U4,2000,1.4,13,HopcroftKarpMatcher,2,na,dfs_edges_visited,2033
U4,2000,1.4,13,HopcroftKarpMatcher,2,na,defect_at_iteration,0
U4,2000,1.4,13,HopcroftKarpMatcher,-1,na,phase_count,3
U4,2000,1.4,13,HopcroftKarpMatcher,-1,na,main_loop_iters,3
U4,2000,1.4,13,HopcroftKarpMatcher,-1,na,total_bfs_edges_visited,69120
U4,2000,1.4,13,HopcroftKarpMatcher,-1,na,total_edges_visited,103140
U4,2000,1.4,13,HopcroftKarpMatcher,-1,na,matching_size,2000
U4,2000,1.4,13,HopcroftKarpMatcher,-1,na,wall_clock_ms,10.6088
U4,2000,1.4,13,HopcroftKarpMatcher,-1,na,matching_size,2000
U4,500,1.3,14,SimpleAugmentingMatcher,-1,na,wall_clock_ms,5.37568
U4,500,1.3,14,SimpleAugmentingMatcher,-1,na,matching_size,499
U4,500,1.3,14,HopcroftKarpMatcher,0,na,paths_found_per_phase,449
U4,500,1.3,14,HopcroftKarpMatcher,0,na,bfs_edges_visited,3225
U4,500,1.3,14,HopcroftKarpMatcher,0,na,dfs_edges_visited,1709
U4,500,1.3,14,HopcroftKarpMatcher,0,na,defect_at_iteration,51
U4,500,1.3,14,HopcroftKarpMatcher,1,na,paths_found_per_phase,47
U4,500,1.3,14,HopcroftKarpMatcher,1,na,bfs_edges_visited,1617
U4,500,1.3,14,HopcroftKarpMatcher,1,na,dfs_edges_visited,1529
U4,500,1.3,14,HopcroftKarpMatcher,1,na,defect_at_iteration,4
U4,500,1.3,14,HopcroftKarpMatcher,2,na,paths_found_per_phase,2
U4,500,1.3,14,HopcroftKarpMatcher,2,na,bfs_edges_visited,578
U4,500,1.3,14,HopcroftKarpMatcher,2,na,dfs_edges_visited,1013
U4,500,1.3,14,HopcroftKarpMatcher,2,na,defect_at_iteration,2
U4,500,1.3,14,HopcroftKarpMatcher,3,na,paths_found_per_phase,1
U4,500,1.3,14,HopcroftKarpMatcher,3,na,bfs_edges_visited,3131
U4,500,1.3,14,HopcroftKarpMatcher,3,na,dfs_edges_visited,1985
U4,500,1.3,14,HopcroftKarpMatcher,3,na,defect_at_iteration,1
U4,500,1.3,14,HopcroftKarpMatcher,-1,na,phase_count,4
U4,500,1.3,14,HopcroftKarpMatcher,-1,na,main_loop_iters,4
U4,500,1.3,14,HopcroftKarpMatcher,-1,na,total_bfs_edges_visited,8551
U4,500,1.3,14,HopcroftKarpMatcher,-1,na,total_edges_visited,14787
U4,500,1.3,14,HopcroftKarpMatcher,-1,na,matching_size,499
U4,500,1.3,14,HopcroftKarpMatcher,-1,na,wall_clock_ms,1.30051
U4,500,1.3,14,HopcroftKarpMatcher,-1,na,matching_size,499
U4,2000,1,14,SimpleAugmentingMatcher,-1,na,wall_clock_ms,3.79234
U4,2000,1,14,SimpleAugmentingMatcher,-1,na,matching_size,1083
U4,2000,1,14,HopcroftKarpMatcher,0,na,paths_found_per_phase,1017
U4,2000,1,14,HopcroftKarpMatcher,0,na,bfs_edges_visited,2000
U4,2000,1,14,HopcroftKarpMatcher,0,na,dfs_edges_visited,1447
U4,2000,1,14,HopcroftKarpMatcher,0,na,defect_at_iteration,983
U4,2000,1,14,HopcroftKarpMatcher,1,na,paths_found_per_phase,64
U4,2000,1,14,HopcroftKarpMatcher,1,na,bfs_edges_visited,701
U4,2000,1,14,HopcroftKarpMatcher,1,na,dfs_edges_visited,684
U4,2000,1,14,HopcroftKarpMatcher,1,na,defect_at_iteration,919
U4,2000,1,14,HopcroftKarpMatcher,2,na,paths_found_per_phase,2
U4,2000,1,14,HopcroftKarpMatcher,2,na,bfs_edges_visited,513
U4,2000,1,14,HopcroftKarpMatcher,2,na,dfs_edges_visited,511
U4,2000,1,14,HopcroftKarpMatcher,2,na,defect_at_iteration,917
U4,2000,1,14,HopcroftKarpMatcher,-1,na,phase_count,3
U4,2000,1,14,HopcroftKarpMatcher,-1,na,main_loop_iters,3
U4,2000,1,14,HopcroftKarpMatcher,-1,na,total_bfs_edges_visited,3214
U4,2000,1,14,HopcroftKarpMatcher,-1,na,total_edges_visited,5856
U4,2000,1,14,HopcroftKarpMatcher,-1,na,matching_size,1083
U4,2000,1,14,HopcroftKarpMatcher,-1,na,wall_clock_ms,18.0517
U4,2000,1,14,HopcroftKarpMatcher,-1,na,matching_size,1083
U4,1000,1,1,SimpleAugmentingMatcher,-1,na,wall_clock_ms,0.915975
U4,1000,1,1,SimpleAugmentingMatcher,-1,na,matching_size,552
U4,1000,1,1,HopcroftKarpMatcher,0,na,paths_found_per_phase,523
U4,1000,1,1,HopcroftKarpMatcher,0,na,bfs_edges_visited,1000
U4,1000,1,1,HopcroftKarpMatcher,0,na,dfs_edges_visited,722
U4,1000,1,1,HopcroftKarpMatcher,0,na,defect_at_iteration,477
U4,1000,1,1,HopcroftKarpMatcher,1,na,paths_found_per_phase,29
U4,1000,1,1,HopcroftKarpMatcher,1,na,bfs_edges_visited,294
U4,1000,1,1,HopcroftKarpMatcher,1,na,dfs_edges_visited,320
U4,1000,1,1,HopcroftKarpMatcher,1,na,defect_at_iteration,448
U4,1000,1,1,HopcroftKarpMatcher,-1,na,phase_count,2
U4,1000,1,1,HopcroftKarpMatcher,-1,na,main_loop_iters,2
U4,1000,1,1,HopcroftKarpMatcher,-1,na,total_bfs_edges_visited,1294
U4,1000,1,1,HopcroftKarpMatcher,-1,na,total_edges_visited,2336
U4,1000,1,1,HopcroftKarpMatcher,-1,na,matching_size,552
U4,1000,1,1,HopcroftKarpMatcher,-1,na,wall_clock_ms,3.35178
U4,1000,1,1,HopcroftKarpMatcher,-1,na,matching_size,552
U4,1000,1.4,5,SimpleAugmentingMatcher,-1,na,wall_clock_ms,82.4068
U4,1000,1.4,5,SimpleAugmentingMatcher,-1,na,matching_size,1000
U4,1000,1.4,5,HopcroftKarpMatcher,0,na,paths_found_per_phase,962
U4,1000,1.4,5,HopcroftKarpMatcher,0,na,bfs_edges_visited,15848
U4,1000,1.4,5,HopcroftKarpMatcher,0,na,dfs_edges_visited,8039
U4,1000,1.4,5,HopcroftKarpMatcher,0,na,defect_at_iteration,38
U4,1000,1.4,5,HopcroftKarpMatcher,1,na,paths_found_per_phase,36
U4,1000,1.4,5,HopcroftKarpMatcher,1,na,bfs_edges_visited,7252
U4,1000,1.4,5,HopcroftKarpMatcher,1,na,dfs_edges_visited,6083
U4,1000,1.4,5,HopcroftKarpMatcher,1,na,defect_at_iteration,2
U4,1000,1.4,5,HopcroftKarpMatcher,2,na,paths_found_per_phase,2
U4,1000,1.4,5,HopcroftKarpMatcher,2,na,bfs_edges_visited,5550
U4,1000,1.4,5,HopcroftKarpMatcher,2,na,dfs_edges_visited,1086
U4,1000,1.4,5,HopcroftKarpMatcher,2,na,defect_at_iteration,0
U4,1000,1.4,5,HopcroftKarpMatcher,-1,na,phase_count,3
U4,1000,1.4,5,HopcroftKarpMatcher,-1,na,main_loop_iters,3
U4,1000,1.4,5,HopcroftKarpMatcher,-1,na,total_bfs_edges_visited,28650
U4,1000,1.4,5,HopcroftKarpMatcher,-1,na,total_edges_visited,43858
U4,1000,1.4,5,HopcroftKarpMatcher,-1,na,matching_size,1000
U4,1000,1.4,5,HopcroftKarpMatcher,-1,na,wall_clock_ms,3.15823
U4,1000,1.4,5,HopcroftKarpMatcher,-1,na,matching_size,1000
U4,2000,1.3,8,SimpleAugmentingMatcher,-1,na,wall_clock_ms,352.635
U4,2000,1.3,8,SimpleAugmentingMatcher,-1,na,matching_size,2000
U4,2000,1.3,8,HopcroftKarpMatcher,0,na,paths_found_per_phase,1853
U4,2000,1.3,8,HopcroftKarpMatcher,0,na,bfs_edges_visited,19558
U4,2000,1.3,8,HopcroftKarpMatcher,0,na,dfs_edges_visited,9948
U4,2000,1.3,8,HopcroftKarpMatcher,0,na,defect_at_iteration,147
U4,2000,1.3,8,HopcroftKarpMatcher,1,na,paths_found_per_phase,140
U4,2000,1.3,8,HopcroftKarpMatcher,1,na,bfs_edges_visited,10193
U4,2000,1.3,8,HopcroftKarpMatcher,1,na,dfs_edges_visited,8796
U4,2000,1.3,8,HopcroftKarpMatcher,1,na,defect_at_iteration,7
U4,2000,1.3,8,HopcroftKarpMatcher,2,na,paths_found_per_phase,6
U4,2000,1.3,8,HopcroftKarpMatcher,2,na,bfs_edges_visited,4207
U4,2000,1.3,8,HopcroftKarpMatcher,2,na,dfs_edges_visited,8093
U4,2000,1.3,8,HopcroftKarpMatcher,2,na,defect_at_iteration,1
U4,2000,1.3,8,HopcroftKarpMatcher,3,na,paths_found_per_phase,1
U4,2000,1.3,8,HopcroftKarpMatcher,3,na,bfs_edges_visited,17742
U4,2000,1.3,8,HopcroftKarpMatcher,3,na,dfs_edges_visited,2687
U4,2000,1.3,8,HopcroftKarpMatcher,3,na,defect_at_iteration,0
U4,2000,1.3,8,HopcroftKarpMatcher,-1,na,phase_count,4
U4,2000,1.3,8,HopcroftKarpMatcher,-1,na,main_loop_iters,4
U4,2000,1.3,8,HopcroftKarpMatcher,-1,na,total_bfs_edges_visited,51700
U4,2000,1.3,8,HopcroftKarpMatcher,-1,na,total_edges_visited,81224
U4,2000,1.3,8,HopcroftKarpMatcher,-1,na,matching_size,2000
U4,2000,1.3,8,HopcroftKarpMatcher,-1,na,wall_clock_ms,16.951
U4,2000,1.3,8,HopcroftKarpMatcher,-1,na,matching_size,2000
U4,1000,1,10,SimpleAugmentingMatcher,-1,na,wall_clock_ms,0.940935
U4,1000,1,10,SimpleAugmentingMatcher,-1,na,matching_size,541
U4,1000,1,10,HopcroftKarpMatcher,0,na,paths_found_per_phase,516
U4,1000,1,10,HopcroftKarpMatcher,0,na,bfs_edges_visited,1000
U4,1000,1,10,HopcroftKarpMatcher,0,na,dfs_edges_visited,726
U4,1000,1,10,HopcroftKarpMatcher,0,na,defect_at_iteration,484
U4,1000,1,10,HopcroftKarpMatcher,1,na,paths_found_per_phase,25
U4,1000,1,10,HopcroftKarpMatcher,1,na,bfs_edges_visited,309
U4,1000,1,10,HopcroftKarpMatcher,1,na,dfs_edges_visited,311
U4,1000,1,10,HopcroftKarpMatcher,1,na,defect_at_iteration,459
U4,1000,1,10,HopcroftKarpMatcher,-1,na,phase_count,2
U4,1000,1,10,HopcroftKarpMatcher,-1,na,main_loop_iters,2
U4,1000,1,10,HopcroftKarpMatcher,-1,na,total_bfs_edges_visited,1309
U4,1000,1,10,HopcroftKarpMatcher,-1,na,total_edges_visited,2346
U4,1000,1,10,HopcroftKarpMatcher,-1,na,matching_size,541
U4,1000,1,10,HopcroftKarpMatcher,-1,na,wall_clock_ms,3.41805
U4,1000,1,10,HopcroftKarpMatcher,-1,na,matching_size,541
U4,1000,1.6,13,SimpleAugmentingMatcher,-1,na,wall_clock_ms,223.818
U4,1000,1.6,13,SimpleAugmentingMatcher,-1,na,matching_size,1000
U4,1000,1.6,13,HopcroftKarpMatcher,0,na,paths_found_per_phase,990
U4,1000,1.6,13,HopcroftKarpMatcher,0,na,bfs_edges_visited,63095
U4,1000,1.6,13,HopcroftKarpMatcher,0,na,dfs_edges_visited,31796
U4,1000,1.6,13,HopcroftKarpMatcher,0,na,defect_at_iteration,10
U4,1000,1.6,13,HopcroftKarpMatcher,1,na,paths_found_per_phase,10
U4,1000,1.6,13,HopcroftKarpMatcher,1,na,bfs_edges_visited,30441
U4,1000,1.6,13,HopcroftKarpMatcher,1,na,dfs_edges_visited,3603
U4,1000,1.6,13,HopcroftKarpMatcher,1,na,defect_at_iteration,0
U4,1000,1.6,13,HopcroftKarpMatcher,-1,na,phase_count,2
U4,1000,1.6,13,HopcroftKarpMatcher,-1,na,main_loop_iters,2
U4,1000,1.6,13,HopcroftKarpMatcher,-1,na,total_bfs_edges_visited,93536
U4,1000,1.6,13,HopcroftKarpMatcher,-1,na,total_edges_visited,128935
U4,1000,1.6,13,HopcroftKarpMatcher,-1,na,matching_size,1000
U4,1000,1.6,13,HopcroftKarpMatcher,-1,na,wall_clock_ms,3.28337
U4,1000,1.6,13,HopcroftKarpMatcher,-1,na,matching_size,1000
U4,2000,1.4,2,SimpleAugmentingMatcher,-1,na,wall_clock_ms,717.867
U4,2000,1.4,2,SimpleAugmentingMatcher,-1,na,matching_size,2000
U4,2000,1.4,2,HopcroftKarpMatcher,0,na,paths_found_per_phase,1930
U4,2000,1.4,2,HopcroftKarpMatcher,0,na,bfs_edges_visited,41825
U4,2000,1.4,2,HopcroftKarpMatcher,0,na,dfs_edges_visited,21025
U4,2000,1.4,2,HopcroftKarpMatcher,0,na,defect_at_iteration,70
U4,2000,1.4,2,HopcroftKarpMatcher,1,na,paths_found_per_phase,70
U4,2000,1.4,2,HopcroftKarpMatcher,1,na,bfs_edges_visited,21333
U4,2000,1.4,2,HopcroftKarpMatcher,1,na,dfs_edges_visited,7349
U4,2000,1.4,2,HopcroftKarpMatcher,1,na,defect_at_iteration,0
U4,2000,1.4,2,HopcroftKarpMatcher,-1,na,phase_count,2
U4,2000,1.4,2,HopcroftKarpMatcher,-1,na,main_loop_iters,2
U4,2000,1.4,2,HopcroftKarpMatcher,-1,na,total_bfs_edges_visited,63158
U4,2000,1.4,2,HopcroftKarpMatcher,-1,na,total_edges_visited,91532
U4,2000,1.4,2,HopcroftKarpMatcher,-1,na,matching_size,2000
U4,2000,1.4,2,HopcroftKarpMatcher,-1,na,wall_clock_ms,9.38662
U4,2000,1.4,2,HopcroftKarpMatcher,-1,na,matching_size,2000
U4,1000,1,5,SimpleAugmentingMatcher,-1,na,wall_clock_ms,0.968804
U4,1000,1,5,SimpleAugmentingMatcher,-1,na,matching_size,544
U4,1000,1,5,HopcroftKarpMatcher,0,na,paths_found_per_phase,511
U4,1000,1,5,HopcroftKarpMatcher,0,na,bfs_edges_visited,1000
U4,1000,1,5,HopcroftKarpMatcher,0,na,dfs_edges_visited,744
U4,1000,1,5,HopcroftKarpMatcher,0,na,defect_at_iteration,489
U4,1000,1,5,HopcroftKarpMatcher,1,na,paths_found_per_phase,32
U4,1000,1,5,HopcroftKarpMatcher,1,na,bfs_edges_visited,370
U4,1000,1,5,HopcroftKarpMatcher,1,na,dfs_edges_visited,385
U4,1000,1,5,HopcroftKarpMatcher,1,na,defect_at_iteration,457
U4,1000,1,5,HopcroftKarpMatcher,2,na,paths_found_per_phase,1
U4,1000,1,5,HopcroftKarpMatcher,2,na,bfs_edges_visited,285
U4,1000,1,5,HopcroftKarpMatcher,2,na,dfs_edges_visited,289
U4,1000,1,5,HopcroftKarpMatcher,2,na,defect_at_iteration,456
U4,1000,1,5,HopcroftKarpMatcher,-1,na,phase_count,3
U4,1000,1,5,HopcroftKarpMatcher,-1,na,main_loop_iters,3
U4,1000,1,5,HopcroftKarpMatcher,-1,na,total_bfs_edges_visited,1655
U4,1000,1,5,HopcroftKarpMatcher,-1,na,total_edges_visited,3073
U4,1000,1,5,HopcroftKarpMatcher,-1,na,matching_size,544
U4,1000,1,5,HopcroftKarpMatcher,-1,na,wall_clock_ms,4.61749
U4,1000,1,5,HopcroftKarpMatcher,-1,na,matching_size,544
U4,2000,1.1,14,SimpleAugmentingMatcher,-1,na,wall_clock_ms,14.3526
U4,2000,1.1,14,SimpleAugmentingMatcher,-1,na,matching_size,1608
U4,2000,1.1,14,HopcroftKarpMatcher,0,na,paths_found_per_phase,1408
U4,2000,1.1,14,HopcroftKarpMatcher,0,na,bfs_edges_visited,4276
U4,2000,1.1,14,HopcroftKarpMatcher,0,na,dfs_edges_visited,2652
U4,2000,1.1,14,HopcroftKarpMatcher,0,na,defect_at_iteration,592
U4,2000,1.1,14,HopcroftKarpMatcher,1,na,paths_found_per_phase,161
U4,2000,1.1,14,HopcroftKarpMatcher,1,na,bfs_edges_visited,1831
U4,2000,1.1,14,HopcroftKarpMatcher,1,na,dfs_edges_visited,1832
U4,2000,1.1,14,HopcroftKarpMatcher,1,na,defect_at_iteration,431
U4,2000,1.1,14,HopcroftKarpMatcher,2,na,paths_found_per_phase,18
U4,2000,1.1,14,HopcroftKarpMatcher,2,na,bfs_edges_visited,1122
U4,2000,1.1,14,HopcroftKarpMatcher,2,na,dfs_edges_visited,1271
U4,2000,1.1,14,HopcroftKarpMatcher,2,na,defect_at_iteration,413
U4,2000,1.1,14,HopcroftKarpMatcher,3,na,paths_found_per_phase,12
U4,2000,1.1,14,HopcroftKarpMatcher,3,na,bfs_edges_visited,1364
U4,2000,1.1,14,HopcroftKarpMatcher,3,na,dfs_edges_visited,1322
U4,2000,1.1,14,HopcroftKarpMatcher,3,na,defect_at_iteration,401
U4,2000,1.1,14,HopcroftKarpMatcher,4,na,paths_found_per_phase,4
U4,2000,1.1,14,HopcroftKarpMatcher,4,na,bfs_edges_visited,1165
U4,2000,1.1,14,HopcroftKarpMatcher,4,na,dfs_edges_visited,1210
U4,2000,1.1,14,HopcroftKarpMatcher,4,na,defect_at_iteration,397
U4,2000,1.1,14,HopcroftKarpMatcher,5,na,paths_found_per_phase,3
U4,2000,1.1,14,HopcroftKarpMatcher,5,na,bfs_edges_visited,1214
U4,2000,1.1,14,HopcroftKarpMatcher,5,na,dfs_edges_visited,1185
U4,2000,1.1,14,HopcroftKarpMatcher,5,na,defect_at_iteration,394
U4,2000,1.1,14,HopcroftKarpMatcher,6,na,paths_found_per_phase,1
U4,2000,1.1,14,HopcroftKarpMatcher,6,na,bfs_edges_visited,1142
U4,2000,1.1,14,HopcroftKarpMatcher,6,na,dfs_edges_visited,1113
U4,2000,1.1,14,HopcroftKarpMatcher,6,na,defect_at_iteration,393
U4,2000,1.1,14,HopcroftKarpMatcher,7,na,paths_found_per_phase,1
U4,2000,1.1,14,HopcroftKarpMatcher,7,na,bfs_edges_visited,1135
U4,2000,1.1,14,HopcroftKarpMatcher,7,na,dfs_edges_visited,1100
U4,2000,1.1,14,HopcroftKarpMatcher,7,na,defect_at_iteration,392
U4,2000,1.1,14,HopcroftKarpMatcher,-1,na,phase_count,8
U4,2000,1.1,14,HopcroftKarpMatcher,-1,na,main_loop_iters,8
U4,2000,1.1,14,HopcroftKarpMatcher,-1,na,total_bfs_edges_visited,13249
U4,2000,1.1,14,HopcroftKarpMatcher,-1,na,total_edges_visited,24934
U4,2000,1.1,14,HopcroftKarpMatcher,-1,na,matching_size,1608
U4,2000,1.1,14,HopcroftKarpMatcher,-1,na,wall_clock_ms,32.6155
U4,2000,1.1,14,HopcroftKarpMatcher,-1,na,matching_size,1608
U4,2000,1.8,6,SimpleAugmentingMatcher,-1,na,wall_clock_ms,4158.82
U4,2000,1.8,6,SimpleAugmentingMatcher,-1,na,matching_size,2000
U4,2000,1.8,6,HopcroftKarpMatcher,0,na,paths_found_per_phase,1997
U4,2000,1.8,6,HopcroftKarpMatcher,0,na,bfs_edges_visited,874689
U4,2000,1.8,6,HopcroftKarpMatcher,0,na,dfs_edges_visited,438256
U4,2000,1.8,6,HopcroftKarpMatcher,0,na,defect_at_iteration,3
U4,2000,1.8,6,HopcroftKarpMatcher,1,na,paths_found_per_phase,3
U4,2000,1.8,6,HopcroftKarpMatcher,1,na,bfs_edges_visited,470724
U4,2000,1.8,6,HopcroftKarpMatcher,1,na,dfs_edges_visited,3120
U4,2000,1.8,6,HopcroftKarpMatcher,1,na,defect_at_iteration,0
U4,2000,1.8,6,HopcroftKarpMatcher,-1,na,phase_count,2
U4,2000,1.8,6,HopcroftKarpMatcher,-1,na,main_loop_iters,2
U4,2000,1.8,6,HopcroftKarpMatcher,-1,na,total_bfs_edges_visited,1.34541e+06
U4,2000,1.8,6,HopcroftKarpMatcher,-1,na,total_edges_visited,1.78679e+06
U4,2000,1.8,6,HopcroftKarpMatcher,-1,na,matching_size,2000
U4,2000,1.8,6,HopcroftKarpMatcher,-1,na,wall_clock_ms,26.4888
U4,2000,1.8,6,HopcroftKarpMatcher,-1,na,matching_size,2000
U4,500,1.4,3,SimpleAugmentingMatcher,-1,na,wall_clock_ms,10.1586
U4,500,1.4,3,SimpleAugmentingMatcher,-1,na,matching_size,500
U4,500,1.4,3,HopcroftKarpMatcher,0,na,paths_found_per_phase,473
U4,500,1.4,3,HopcroftKarpMatcher,0,na,bfs_edges_visited,6005
U4,500,1.4,3,HopcroftKarpMatcher,0,na,dfs_edges_visited,3026
U4,500,1.4,3,HopcroftKarpMatcher,0,na,defect_at_iteration,27
U4,500,1.4,3,HopcroftKarpMatcher,1,na,paths_found_per_phase,26
U4,500,1.4,3,HopcroftKarpMatcher,1,na,bfs_edges_visited,2809
U4,500,1.4,3,HopcroftKarpMatcher,1,na,dfs_edges_visited,1922
U4,500,1.4,3,HopcroftKarpMatcher,1,na,defect_at_iteration,1
U4,500,1.4,3,HopcroftKarpMatcher,2,na,paths_found_per_phase,1
U4,500,1.4,3,HopcroftKarpMatcher,2,na,bfs_edges_visited,4714
U4,500,1.4,3,HopcroftKarpMatcher,2,na,dfs_edges_visited,157
U4,500,1.4,3,HopcroftKarpMatcher,2,na,defect_at_iteration,0
U4,500,1.4,3,HopcroftKarpMatcher,-1,na,phase_count,3
U4,500,1.4,3,HopcroftKarpMatcher,-1,na,main_loop_iters,3
U4,500,1.4,3,HopcroftKarpMatcher,-1,na,total_bfs_edges_visited,13528
U4,500,1.4,3,HopcroftKarpMatcher,-1,na,total_edges_visited,18633
U4,500,1.4,3,HopcroftKarpMatcher,-1,na,matching_size,500
U4,500,1.4,3,HopcroftKarpMatcher,-1,na,wall_clock_ms,0.965261
U4,500,1.4,3,HopcroftKarpMatcher,-1,na,matching_size,500
U4,2000,1,9,SimpleAugmentingMatcher,-1,na,wall_clock_ms,3.67453
U4,2000,1,9,SimpleAugmentingMatcher,-1,na,matching_size,1098
U4,2000,1,9,HopcroftKarpMatcher,0,na,paths_found_per_phase,1032
U4,2000,1,9,HopcroftKarpMatcher,0,na,bfs_edges_visited,2000
U4,2000,1,9,HopcroftKarpMatcher,0,na,dfs_edges_visited,1467
U4,2000,1,9,HopcroftKarpMatcher,0,na,defect_at_iteration,968
U4,2000,1,9,HopcroftKarpMatcher,1,na,paths_found_per_phase,61
U4,2000,1,9,HopcroftKarpMatcher,1,na,bfs_edges_visited,672
U4,2000,1,9,HopcroftKarpMatcher,1,na,dfs_edges_visited,696
U4,2000,1,9,HopcroftKarpMatcher,1,na,defect_at_iteration,907
U4,2000,1,9,HopcroftKarpMatcher,2,na,paths_found_per_phase,4
U4,2000,1,9,HopcroftKarpMatcher,2,na,bfs_edges_visited,472
U4,2000,1,9,HopcroftKarpMatcher,2,na,dfs_edges_visited,478
U4,2000,1,9,HopcroftKarpMatcher,2,na,defect_at_iteration,903
U4,2000,1,9,HopcroftKarpMatcher,3,na,paths_found_per_phase,1
U4,2000,1,9,HopcroftKarpMatcher,3,na,bfs_edges_visited,443
U4,2000,1,9,HopcroftKarpMatcher,3,na,dfs_edges_visited,441
U4,2000,1,9,HopcroftKarpMatcher,3,na,defect_at_iteration,902
U4,2000,1,9,HopcroftKarpMatcher,-1,na,phase_count,4
U4,2000,1,9,HopcroftKarpMatcher,-1,na,main_loop_iters,4
U4,2000,1,9,HopcroftKarpMatcher,-1,na,total_bfs_edges_visited,3587
U4,2000,1,9,HopcroftKarpMatcher,-1,na,total_edges_visited,6669
U4,2000,1,9,HopcroftKarpMatcher,-1,na,matching_size,1098
U4,2000,1,9,HopcroftKarpMatcher,-1,na,wall_clock_ms,22.0435
U4,2000,1,9,HopcroftKarpMatcher,-1,na,matching_size,1098
U4,2000,1,8,SimpleAugmentingMatcher,-1,na,wall_clock_ms,3.80949
U4,2000,1,8,SimpleAugmentingMatcher,-1,na,matching_size,1087
U4,2000,1,8,HopcroftKarpMatcher,0,na,paths_found_per_phase,1016
U4,2000,1,8,HopcroftKarpMatcher,0,na,bfs_edges_visited,2000
U4,2000,1,8,HopcroftKarpMatcher,0,na,dfs_edges_visited,1457
U4,2000,1,8,HopcroftKarpMatcher,0,na,defect_at_iteration,984
U4,2000,1,8,HopcroftKarpMatcher,1,na,paths_found_per_phase,69
U4,2000,1,8,HopcroftKarpMatcher,1,na,bfs_edges_visited,733
U4,2000,1,8,HopcroftKarpMatcher,1,na,dfs_edges_visited,742
U4,2000,1,8,HopcroftKarpMatcher,1,na,defect_at_iteration,915
U4,2000,1,8,HopcroftKarpMatcher,2,na,paths_found_per_phase,1
U4,2000,1,8,HopcroftKarpMatcher,2,na,bfs_edges_visited,494
U4,2000,1,8,HopcroftKarpMatcher,2,na,dfs_edges_visited,505
U4,2000,1,8,HopcroftKarpMatcher,2,na,defect_at_iteration,914
U4,2000,1,8,HopcroftKarpMatcher,3,na,paths_found_per_phase,1
U4,2000,1,8,HopcroftKarpMatcher,3,na,bfs_edges_visited,512
U4,2000,1,8,HopcroftKarpMatcher,3,na,dfs_edges_visited,509
U4,2000,1,8,HopcroftKarpMatcher,3,na,defect_at_iteration,913
U4,2000,1,8,HopcroftKarpMatcher,-1,na,phase_count,4
U4,2000,1,8,HopcroftKarpMatcher,-1,na,main_loop_iters,4
U4,2000,1,8,HopcroftKarpMatcher,-1,na,total_bfs_edges_visited,3739
U4,2000,1,8,HopcroftKarpMatcher,-1,na,total_edges_visited,6952
U4,2000,1,8,HopcroftKarpMatcher,-1,na,matching_size,1087
U4,2000,1,8,HopcroftKarpMatcher,-1,na,wall_clock_ms,22.5676
U4,2000,1,8,HopcroftKarpMatcher,-1,na,matching_size,1087
U4,500,1.6,12,SimpleAugmentingMatcher,-1,na,wall_clock_ms,35.7504
U4,500,1.6,12,SimpleAugmentingMatcher,-1,na,matching_size,500
U4,500,1.6,12,HopcroftKarpMatcher,0,na,paths_found_per_phase,492
U4,500,1.6,12,HopcroftKarpMatcher,0,na,bfs_edges_visited,20813
U4,500,1.6,12,HopcroftKarpMatcher,0,na,dfs_edges_visited,10472
U4,500,1.6,12,HopcroftKarpMatcher,0,na,defect_at_iteration,8
U4,500,1.6,12,HopcroftKarpMatcher,1,na,paths_found_per_phase,8
U4,500,1.6,12,HopcroftKarpMatcher,1,na,bfs_edges_visited,11205
U4,500,1.6,12,HopcroftKarpMatcher,1,na,dfs_edges_visited,2235
U4,500,1.6,12,HopcroftKarpMatcher,1,na,defect_at_iteration,0
U4,500,1.6,12,HopcroftKarpMatcher,-1,na,phase_count,2
U4,500,1.6,12,HopcroftKarpMatcher,-1,na,main_loop_iters,2
U4,500,1.6,12,HopcroftKarpMatcher,-1,na,total_bfs_edges_visited,32018
U4,500,1.6,12,HopcroftKarpMatcher,-1,na,total_edges_visited,44725
U4,500,1.6,12,HopcroftKarpMatcher,-1,na,matching_size,500
U4,500,1.6,12,HopcroftKarpMatcher,-1,na,wall_clock_ms,0.995855
U4,500,1.6,12,HopcroftKarpMatcher,-1,na,matching_size,500
U4,2000,1.7,2,SimpleAugmentingMatcher,-1,na,wall_clock_ms,2520.7
U4,2000,1.7,2,SimpleAugmentingMatcher,-1,na,matching_size,2000
U4,2000,1.7,2,HopcroftKarpMatcher,0,na,paths_found_per_phase,1994
U4,2000,1.7,2,HopcroftKarpMatcher,0,na,bfs_edges_visited,409026
U4,2000,1.7,2,HopcroftKarpMatcher,0,na,dfs_edges_visited,204153
U4,2000,1.7,2,HopcroftKarpMatcher,0,na,defect_at_iteration,6
U4,2000,1.7,2,HopcroftKarpMatcher,1,na,paths_found_per_phase,6
U4,2000,1.7,2,HopcroftKarpMatcher,1,na,bfs_edges_visited,199149
U4,2000,1.7,2,HopcroftKarpMatcher,1,na,dfs_edges_visited,3125
U4,2000,1.7,2,HopcroftKarpMatcher,1,na,defect_at_iteration,0
U4,2000,1.7,2,HopcroftKarpMatcher,-1,na,phase_count,2
U4,2000,1.7,2,HopcroftKarpMatcher,-1,na,main_loop_iters,2
U4,2000,1.7,2,HopcroftKarpMatcher,-1,na,total_bfs_edges_visited,608175
U4,2000,1.7,2,HopcroftKarpMatcher,-1,na,total_edges_visited,815453
U4,2000,1.7,2,HopcroftKarpMatcher,-1,na,matching_size,2000
U4,2000,1.7,2,HopcroftKarpMatcher,-1,na,wall_clock_ms,15.9988
U4,2000,1.7,2,HopcroftKarpMatcher,-1,na,matching_size,2000
U4,500,1.3,6,SimpleAugmentingMatcher,-1,na,wall_clock_ms,5.91242
U4,500,1.3,6,SimpleAugmentingMatcher,-1,na,matching_size,499
U4,500,1.3,6,HopcroftKarpMatcher,0,na,paths_found_per_phase,450
U4,500,1.3,6,HopcroftKarpMatcher,0,na,bfs_edges_visited,3225
U4,500,1.3,6,HopcroftKarpMatcher,0,na,dfs_edges_visited,1645
U4,500,1.3,6,HopcroftKarpMatcher,0,na,defect_at_iteration,50
U4,500,1.3,6,HopcroftKarpMatcher,1,na,paths_found_per_phase,47
U4,500,1.3,6,HopcroftKarpMatcher,1,na,bfs_edges_visited,1452
U4,500,1.3,6,HopcroftKarpMatcher,1,na,dfs_edges_visited,1560
U4,500,1.3,6,HopcroftKarpMatcher,1,na,defect_at_iteration,3
U4,500,1.3,6,HopcroftKarpMatcher,2,na,paths_found_per_phase,2
U4,500,1.3,6,HopcroftKarpMatcher,2,na,bfs_edges_visited,662
U4,500,1.3,6,HopcroftKarpMatcher,2,na,dfs_edges_visited,1604
U4,500,1.3,6,HopcroftKarpMatcher,2,na,defect_at_iteration,1
U4,500,1.3,6,HopcroftKarpMatcher,-1,na,phase_count,3
U4,500,1.3,6,HopcroftKarpMatcher,-1,na,main_loop_iters,3
U4,500,1.3,6,HopcroftKarpMatcher,-1,na,total_bfs_edges_visited,5339
U4,500,1.3,6,HopcroftKarpMatcher,-1,na,total_edges_visited,10148
U4,500,1.3,6,HopcroftKarpMatcher,-1,na,matching_size,499
U4,500,1.3,6,HopcroftKarpMatcher,-1,na,wall_clock_ms,1.17905
U4,500,1.3,6,HopcroftKarpMatcher,-1,na,matching_size,499
U4,1000,1,2,SimpleAugmentingMatcher,-1,na,wall_clock_ms,0.92063
U4,1000,1,2,SimpleAugmentingMatcher,-1,na,matching_size,537
U4,1000,1,2,HopcroftKarpMatcher,0,na,paths_found_per_phase,502
U4,1000,1,2,HopcroftKarpMatcher,0,na,bfs_edges_visited,1000
U4,1000,1,2,HopcroftKarpMatcher,0,na,dfs_edges_visited,714
U4,1000,1,2,HopcroftKarpMatcher,0,na,defect_at_iteration,498
U4,1000,1,2,HopcroftKarpMatcher,1,na,paths_found_per_phase,34
U4,1000,1,2,HopcroftKarpMatcher,1,na,bfs_edges_visited,336
U4,1000,1,2,HopcroftKarpMatcher,1,na,dfs_edges_visited,341
U4,1000,1,2,HopcroftKarpMatcher,1,na,defect_at_iteration,464
U4,1000,1,2,HopcroftKarpMatcher,2,na,paths_found_per_phase,1
U4,1000,1,2,HopcroftKarpMatcher,2,na,bfs_edges_visited,231
U4,1000,1,2,HopcroftKarpMatcher,2,na,dfs_edges_visited,233
U4,1000,1,2,HopcroftKarpMatcher,2,na,defect_at_iteration,463
U4,1000,1,2,HopcroftKarpMatcher,-1,na,phase_count,3
U4,1000,1,2,HopcroftKarpMatcher,-1,na,main_loop_iters,3
U4,1000,1,2,HopcroftKarpMatcher,-1,na,total_bfs_edges_visited,1567
U4,1000,1,2,HopcroftKarpMatcher,-1,na,total_edges_visited,2855
U4,1000,1,2,HopcroftKarpMatcher,-1,na,matching_size,537
U4,1000,1,2,HopcroftKarpMatcher,-1,na,wall_clock_ms,4.55836
U4,1000,1,2,HopcroftKarpMatcher,-1,na,matching_size,537
U4,1000,1.6,4,SimpleAugmentingMatcher,-1,na,wall_clock_ms,223.418
U4,1000,1.6,4,SimpleAugmentingMatcher,-1,na,matching_size,1000
U4,1000,1.6,4,HopcroftKarpMatcher,0,na,paths_found_per_phase,991
U4,1000,1.6,4,HopcroftKarpMatcher,0,na,bfs_edges_visited,63095
U4,1000,1.6,4,HopcroftKarpMatcher,0,na,dfs_edges_visited,31720
U4,1000,1.6,4,HopcroftKarpMatcher,0,na,defect_at_iteration,9
U4,1000,1.6,4,HopcroftKarpMatcher,1,na,paths_found_per_phase,9
U4,1000,1.6,4,HopcroftKarpMatcher,1,na,bfs_edges_visited,28780
U4,1000,1.6,4,HopcroftKarpMatcher,1,na,dfs_edges_visited,4340
U4,1000,1.6,4,HopcroftKarpMatcher,1,na,defect_at_iteration,0
U4,1000,1.6,4,HopcroftKarpMatcher,-1,na,phase_count,2
U4,1000,1.6,4,HopcroftKarpMatcher,-1,na,main_loop_iters,2
U4,1000,1.6,4,HopcroftKarpMatcher,-1,na,total_bfs_edges_visited,91875
U4,1000,1.6,4,HopcroftKarpMatcher,-1,na,total_edges_visited,127935
U4,1000,1.6,4,HopcroftKarpMatcher,-1,na,matching_size,1000
U4,1000,1.6,4,HopcroftKarpMatcher,-1,na,wall_clock_ms,3.24076
U4,1000,1.6,4,HopcroftKarpMatcher,-1,na,matching_size,1000
U4,2000,1,4,SimpleAugmentingMatcher,-1,na,wall_clock_ms,3.80831
U4,2000,1,4,SimpleAugmentingMatcher,-1,na,matching_size,1076
U4,2000,1,4,HopcroftKarpMatcher,0,na,paths_found_per_phase,1000
U4,2000,1,4,HopcroftKarpMatcher,0,na,bfs_edges_visited,2000
U4,2000,1,4,HopcroftKarpMatcher,0,na,dfs_edges_visited,1435
U4,2000,1,4,HopcroftKarpMatcher,0,na,defect_at_iteration,1000
U4,2000,1,4,HopcroftKarpMatcher,1,na,paths_found_per_phase,73
U4,2000,1,4,HopcroftKarpMatcher,1,na,bfs_edges_visited,702
U4,2000,1,4,HopcroftKarpMatcher,1,na,dfs_edges_visited,733
U4,2000,1,4,HopcroftKarpMatcher,1,na,defect_at_iteration,927
U4,2000,1,4,HopcroftKarpMatcher,2,na,paths_found_per_phase,3
U4,2000,1,4,HopcroftKarpMatcher,2,na,bfs_edges_visited,482
U4,2000,1,4,HopcroftKarpMatcher,2,na,dfs_edges_visited,493
U4,2000,1,4,HopcroftKarpMatcher,2,na,defect_at_iteration,924
U4,2000,1,4,HopcroftKarpMatcher,-1,na,phase_count,3
U4,2000,1,4,HopcroftKarpMatcher,-1,na,main_loop_iters,3
U4,2000,1,4,HopcroftKarpMatcher,-1,na,total_bfs_edges_visited,3184
U4,2000,1,4,HopcroftKarpMatcher,-1,na,total_edges_visited,5845
U4,2000,1,4,HopcroftKarpMatcher,-1,na,matching_size,1076
U4,2000,1,4,HopcroftKarpMatcher,-1,na,wall_clock_ms,18.1272
U4,2000,1,4,HopcroftKarpMatcher,-1,na,matching_size,1076
U4,2000,1.4,1,SimpleAugmentingMatcher,-1,na,wall_clock_ms,737.267
U4,2000,1.4,1,SimpleAugmentingMatcher,-1,na,matching_size,2000
U4,2000,1.4,1,HopcroftKarpMatcher,0,na,paths_found_per_phase,1934
U4,2000,1.4,1,HopcroftKarpMatcher,0,na,bfs_edges_visited,41825
U4,2000,1.4,1,HopcroftKarpMatcher,0,na,dfs_edges_visited,20961
U4,2000,1.4,1,HopcroftKarpMatcher,0,na,defect_at_iteration,66
U4,2000,1.4,1,HopcroftKarpMatcher,1,na,paths_found_per_phase,65
U4,2000,1.4,1,HopcroftKarpMatcher,1,na,bfs_edges_visited,20940
U4,2000,1.4,1,HopcroftKarpMatcher,1,na,dfs_edges_visited,11672
U4,2000,1.4,1,HopcroftKarpMatcher,1,na,defect_at_iteration,1
U4,2000,1.4,1,HopcroftKarpMatcher,2,na,paths_found_per_phase,1
U4,2000,1.4,1,HopcroftKarpMatcher,2,na,bfs_edges_visited,8082
U4,2000,1.4,1,HopcroftKarpMatcher,2,na,dfs_edges_visited,2823
U4,2000,1.4,1,HopcroftKarpMatcher,2,na,defect_at_iteration,0
U4,2000,1.4,1,HopcroftKarpMatcher,-1,na,phase_count,3
U4,2000,1.4,1,HopcroftKarpMatcher,-1,na,main_loop_iters,3
U4,2000,1.4,1,HopcroftKarpMatcher,-1,na,total_bfs_edges_visited,70847
U4,2000,1.4,1,HopcroftKarpMatcher,-1,na,total_edges_visited,106303
U4,2000,1.4,1,HopcroftKarpMatcher,-1,na,matching_size,2000
U4,2000,1.4,1,HopcroftKarpMatcher,-1,na,wall_clock_ms,10.9542
U4,2000,1.4,1,HopcroftKarpMatcher,-1,na,matching_size,2000
U4,500,1.2,0,SimpleAugmentingMatcher,-1,na,wall_clock_ms,2.99637
U4,500,1.2,0,SimpleAugmentingMatcher,-1,na,matching_size,475
U4,500,1.2,0,HopcroftKarpMatcher,0,na,paths_found_per_phase,408
U4,500,1.2,0,HopcroftKarpMatcher,0,na,bfs_edges_visited,1732
U4,500,1.2,0,HopcroftKarpMatcher,0,na,dfs_edges_visited,991
U4,500,1.2,0,HopcroftKarpMatcher,0,na,defect_at_iteration,92
U4,500,1.2,0,HopcroftKarpMatcher,1,na,paths_found_per_phase,49
U4,500,1.2,0,HopcroftKarpMatcher,1,na,bfs_edges_visited,709
U4,500,1.2,0,HopcroftKarpMatcher,1,na,dfs_edges_visited,683
U4,500,1.2,0,HopcroftKarpMatcher,1,na,defect_at_iteration,43
U4,500,1.2,0,HopcroftKarpMatcher,2,na,paths_found_per_phase,9
U4,500,1.2,0,HopcroftKarpMatcher,2,na,bfs_edges_visited,384
U4,500,1.2,0,HopcroftKarpMatcher,2,na,dfs_edges_visited,581
U4,500,1.2,0,HopcroftKarpMatcher,2,na,defect_at_iteration,34
U4,500,1.2,0,HopcroftKarpMatcher,3,na,paths_found_per_phase,5
U4,500,1.2,0,HopcroftKarpMatcher,3,na,bfs_edges_visited,517
U4,500,1.2,0,HopcroftKarpMatcher,3,na,dfs_edges_visited,258
U4,500,1.2,0,HopcroftKarpMatcher,3,na,defect_at_iteration,29
U4,500,1.2,0,HopcroftKarpMatcher,4,na,paths_found_per_phase,1
U4,500,1.2,0,HopcroftKarpMatcher,4,na,bfs_edges_visited,183
U4,500,1.2,0,HopcroftKarpMatcher,4,na,dfs_edges_visited,258
U4,500,1.2,0,HopcroftKarpMatcher,4,na,defect_at_iteration,28
U4,500,1.2,0,HopcroftKarpMatcher,5,na,paths_found_per_phase,2
U4,500,1.2,0,HopcroftKarpMatcher,5,na,bfs_edges_visited,393
U4,500,1.2,0,HopcroftKarpMatcher,5,na,dfs_edges_visited,80
U4,500,1.2,0,HopcroftKarpMatcher,5,na,defect_at_iteration,26
U4,500,1.2,0,HopcroftKarpMatcher,6,na,paths_found_per_phase,1
U4,500,1.2,0,HopcroftKarpMatcher,6,na,bfs_edges_visited,287
U4,500,1.2,0,HopcroftKarpMatcher,6,na,dfs_edges_visited,272
U4,500,1.2,0,HopcroftKarpMatcher,6,na,defect_at_iteration,25
U4,500,1.2,0,HopcroftKarpMatcher,-1,na,phase_count,7
U4,500,1.2,0,HopcroftKarpMatcher,-1,na,main_loop_iters,7
U4,500,1.2,0,HopcroftKarpMatcher,-1,na,total_bfs_edges_visited,4205
U4,500,1.2,0,HopcroftKarpMatcher,-1,na,total_edges_visited,7328
U4,500,1.2,0,HopcroftKarpMatcher,-1,na,matching_size,475
U4,500,1.2,0,HopcroftKarpMatcher,-1,na,wall_clock_ms,1.35566
U4,500,1.2,0,HopcroftKarpMatcher,-1,na,matching_size,475
U4,2000,1.8,2,SimpleAugmentingMatcher,-1,na,wall_clock_ms,4192.17
U4,2000,1.8,2,SimpleAugmentingMatcher,-1,na,matching_size,2000
U4,2000,1.8,2,HopcroftKarpMatcher,0,na,paths_found_per_phase,1996
U4,2000,1.8,2,HopcroftKarpMatcher,0,na,bfs_edges_visited,874689
U4,2000,1.8,2,HopcroftKarpMatcher,0,na,dfs_edges_visited,437396
U4,2000,1.8,2,HopcroftKarpMatcher,0,na,defect_at_iteration,4
U4,2000,1.8,2,HopcroftKarpMatcher,1,na,paths_found_per_phase,4
U4,2000,1.8,2,HopcroftKarpMatcher,1,na,bfs_edges_visited,549544
U4,2000,1.8,2,HopcroftKarpMatcher,1,na,dfs_edges_visited,2657
U4,2000,1.8,2,HopcroftKarpMatcher,1,na,defect_at_iteration,0
U4,2000,1.8,2,HopcroftKarpMatcher,-1,na,phase_count,2
U4,2000,1.8,2,HopcroftKarpMatcher,-1,na,main_loop_iters,2
U4,2000,1.8,2,HopcroftKarpMatcher,-1,na,total_bfs_edges_visited,1.42423e+06
U4,2000,1.8,2,HopcroftKarpMatcher,-1,na,total_edges_visited,1.86429e+06
U4,2000,1.8,2,HopcroftKarpMatcher,-1,na,matching_size,2000
U4,2000,1.8,2,HopcroftKarpMatcher,-1,na,wall_clock_ms,27.3968
U4,2000,1.8,2,HopcroftKarpMatcher,-1,na,matching_size,2000
U4,1000,1.7,9,SimpleAugmentingMatcher,-1,na,wall_clock_ms,340.667
U4,1000,1.7,9,SimpleAugmentingMatcher,-1,na,matching_size,1000
U4,1000,1.7,9,HopcroftKarpMatcher,0,na,paths_found_per_phase,996
U4,1000,1.7,9,HopcroftKarpMatcher,0,na,bfs_edges_visited,125892
U4,1000,1.7,9,HopcroftKarpMatcher,0,na,dfs_edges_visited,62962
U4,1000,1.7,9,HopcroftKarpMatcher,0,na,defect_at_iteration,4
U4,1000,1.7,9,HopcroftKarpMatcher,1,na,paths_found_per_phase,4
U4,1000,1.7,9,HopcroftKarpMatcher,1,na,bfs_edges_visited,53606
U4,1000,1.7,9,HopcroftKarpMatcher,1,na,dfs_edges_visited,2536
U4,1000,1.7,9,HopcroftKarpMatcher,1,na,defect_at_iteration,0
U4,1000,1.7,9,HopcroftKarpMatcher,-1,na,phase_count,2
U4,1000,1.7,9,HopcroftKarpMatcher,-1,na,main_loop_iters,2
U4,1000,1.7,9,HopcroftKarpMatcher,-1,na,total_bfs_edges_visited,179498
U4,1000,1.7,9,HopcroftKarpMatcher,-1,na,total_edges_visited,244996
U4,1000,1.7,9,HopcroftKarpMatcher,-1,na,matching_size,1000
U4,1000,1.7,9,HopcroftKarpMatcher,-1,na,wall_clock_ms,4.45656
U4,1000,1.7,9,HopcroftKarpMatcher,-1,na,matching_size,1000
U4,500,1.9,13,SimpleAugmentingMatcher,-1,na,wall_clock_ms,100.806
U4,500,1.9,13,SimpleAugmentingMatcher,-1,na,matching_size,500
U4,500,1.9,13,HopcroftKarpMatcher,0,na,paths_found_per_phase,499
U4,500,1.9,13,HopcroftKarpMatcher,0,na,bfs_edges_visited,134289
U4,500,1.9,13,HopcroftKarpMatcher,0,na,dfs_edges_visited,67056
U4,500,1.9,13,HopcroftKarpMatcher,0,na,defect_at_iteration,1
U4,500,1.9,13,HopcroftKarpMatcher,1,na,paths_found_per_phase,1
U4,500,1.9,13,HopcroftKarpMatcher,1,na,bfs_edges_visited,77587
U4,500,1.9,13,HopcroftKarpMatcher,1,na,dfs_edges_visited,1069
U4,500,1.9,13,HopcroftKarpMatcher,1,na,defect_at_iteration,0
U4,500,1.9,13,HopcroftKarpMatcher,-1,na,phase_count,2
U4,500,1.9,13,HopcroftKarpMatcher,-1,na,main_loop_iters,2
U4,500,1.9,13,HopcroftKarpMatcher,-1,na,total_bfs_edges_visited,211876
U4,500,1.9,13,HopcroftKarpMatcher,-1,na,total_edges_visited,280001
U4,500,1.9,13,HopcroftKarpMatcher,-1,na,matching_size,500
U4,500,1.9,13,HopcroftKarpMatcher,-1,na,wall_clock_ms,2.80506
U4,500,1.9,13,HopcroftKarpMatcher,-1,na,matching_size,500
U4,1000,2,7,SimpleAugmentingMatcher,-1,na,wall_clock_ms,218.385
U4,1000,2,7,SimpleAugmentingMatcher,-1,na,matching_size,1000
U4,1000,2,7,HopcroftKarpMatcher,0,na,paths_found_per_phase,1000
U4,1000,2,7,HopcroftKarpMatcher,0,na,bfs_edges_visited,1e+06
U4,1000,2,7,HopcroftKarpMatcher,0,na,dfs_edges_visited,500500
U4,1000,2,7,HopcroftKarpMatcher,0,na,defect_at_iteration,0
U4,1000,2,7,HopcroftKarpMatcher,-1,na,phase_count,1
U4,1000,2,7,HopcroftKarpMatcher,-1,na,main_loop_iters,1
U4,1000,2,7,HopcroftKarpMatcher,-1,na,total_bfs_edges_visited,1e+06
U4,1000,2,7,HopcroftKarpMatcher,-1,na,total_edges_visited,1.5005e+06
U4,1000,2,7,HopcroftKarpMatcher,-1,na,matching_size,1000
U4,1000,2,7,HopcroftKarpMatcher,-1,na,wall_clock_ms,2.00685
U4,1000,2,7,HopcroftKarpMatcher,-1,na,matching_size,1000
U4,1000,1.1,3,SimpleAugmentingMatcher,-1,na,wall_clock_ms,2.50808
U4,1000,1.1,3,SimpleAugmentingMatcher,-1,na,matching_size,782
U4,1000,1.1,3,HopcroftKarpMatcher,0,na,paths_found_per_phase,679
U4,1000,1.1,3,HopcroftKarpMatcher,0,na,bfs_edges_visited,1995
U4,1000,1.1,3,HopcroftKarpMatcher,0,na,dfs_edges_visited,1233
U4,1000,1.1,3,HopcroftKarpMatcher,0,na,defect_at_iteration,321
U4,1000,1.1,3,HopcroftKarpMatcher,1,na,paths_found_per_phase,80
U4,1000,1.1,3,HopcroftKarpMatcher,1,na,bfs_edges_visited,892
U4,1000,1.1,3,HopcroftKarpMatcher,1,na,dfs_edges_visited,914
U4,1000,1.1,3,HopcroftKarpMatcher,1,na,defect_at_iteration,241
U4,1000,1.1,3,HopcroftKarpMatcher,2,na,paths_found_per_phase,12
U4,1000,1.1,3,HopcroftKarpMatcher,2,na,bfs_edges_visited,549
U4,1000,1.1,3,HopcroftKarpMatcher,2,na,dfs_edges_visited,617
U4,1000,1.1,3,HopcroftKarpMatcher,2,na,defect_at_iteration,229
U4,1000,1.1,3,HopcroftKarpMatcher,3,na,paths_found_per_phase,7
U4,1000,1.1,3,HopcroftKarpMatcher,3,na,bfs_edges_visited,622
U4,1000,1.1,3,HopcroftKarpMatcher,3,na,dfs_edges_visited,532
U4,1000,1.1,3,HopcroftKarpMatcher,3,na,defect_at_iteration,222
U4,1000,1.1,3,HopcroftKarpMatcher,4,na,paths_found_per_phase,2
U4,1000,1.1,3,HopcroftKarpMatcher,4,na,bfs_edges_visited,485
U4,1000,1.1,3,HopcroftKarpMatcher,4,na,dfs_edges_visited,466
U4,1000,1.1,3,HopcroftKarpMatcher,4,na,defect_at_iteration,220
U4,1000,1.1,3,HopcroftKarpMatcher,5,na,paths_found_per_phase,1
U4,1000,1.1,3,HopcroftKarpMatcher,5,na,bfs_edges_visited,478
U4,1000,1.1,3,HopcroftKarpMatcher,5,na,dfs_edges_visited,478
U4,1000,1.1,3,HopcroftKarpMatcher,5,na,defect_at_iteration,219
U4,1000,1.1,3,HopcroftKarpMatcher,6,na,paths_found_per_phase,1
U4,1000,1.1,3,HopcroftKarpMatcher,6,na,bfs_edges_visited,460
U4,1000,1.1,3,HopcroftKarpMatcher,6,na,dfs_edges_visited,455
U4,1000,1.1,3,HopcroftKarpMatcher,6,na,defect_at_iteration,218
U4,1000,1.1,3,HopcroftKarpMatcher,-1,na,phase_count,7
U4,1000,1.1,3,HopcroftKarpMatcher,-1,na,main_loop_iters,7
U4,1000,1.1,3,HopcroftKarpMatcher,-1,na,total_bfs_edges_visited,5481
U4,1000,1.1,3,HopcroftKarpMatcher,-1,na,total_edges_visited,10176
U4,1000,1.1,3,HopcroftKarpMatcher,-1,na,matching_size,782
U4,1000,1.1,3,HopcroftKarpMatcher,-1,na,wall_clock_ms,7.46189
U4,1000,1.1,3,HopcroftKarpMatcher,-1,na,matching_size,782
U4,1000,1.1,2,SimpleAugmentingMatcher,-1,na,wall_clock_ms,3.67244
U4,1000,1.1,2,SimpleAugmentingMatcher,-1,na,matching_size,779
U4,1000,1.1,2,HopcroftKarpMatcher,0,na,paths_found_per_phase,661
U4,1000,1.1,2,HopcroftKarpMatcher,0,na,bfs_edges_visited,1995
U4,1000,1.1,2,HopcroftKarpMatcher,0,na,dfs_edges_visited,1235
U4,1000,1.1,2,HopcroftKarpMatcher,0,na,defect_at_iteration,339
U4,1000,1.1,2,HopcroftKarpMatcher,1,na,paths_found_per_phase,94
U4,1000,1.1,2,HopcroftKarpMatcher,1,na,bfs_edges_visited,976
U4,1000,1.1,2,HopcroftKarpMatcher,1,na,dfs_edges_visited,952
U4,1000,1.1,2,HopcroftKarpMatcher,1,na,defect_at_iteration,245
U4,1000,1.1,2,HopcroftKarpMatcher,2,na,paths_found_per_phase,11
U4,1000,1.1,2,HopcroftKarpMatcher,2,na,bfs_edges_visited,522
U4,1000,1.1,2,HopcroftKarpMatcher,2,na,dfs_edges_visited,571
U4,1000,1.1,2,HopcroftKarpMatcher,2,na,defect_at_iteration,234
U4,1000,1.1,2,HopcroftKarpMatcher,3,na,paths_found_per_phase,10
U4,1000,1.1,2,HopcroftKarpMatcher,3,na,bfs_edges_visited,605
U4,1000,1.1,2,HopcroftKarpMatcher,3,na,dfs_edges_visited,572
U4,1000,1.1,2,HopcroftKarpMatcher,3,na,defect_at_iteration,224
U4,1000,1.1,2,HopcroftKarpMatcher,4,na,paths_found_per_phase,2
U4,1000,1.1,2,HopcroftKarpMatcher,4,na,bfs_edges_visited,470
U4,1000,1.1,2,HopcroftKarpMatcher,4,na,dfs_edges_visited,465
U4,1000,1.1,2,HopcroftKarpMatcher,4,na,defect_at_iteration,222
U4,1000,1.1,2,HopcroftKarpMatcher,5,na,paths_found_per_phase,1
U4,1000,1.1,2,HopcroftKarpMatcher,5,na,bfs_edges_visited,449
U4,1000,1.1,2,HopcroftKarpMatcher,5,na,dfs_edges_visited,442
U4,1000,1.1,2,HopcroftKarpMatcher,5,na,defect_at_iteration,221
U4,1000,1.1,2,HopcroftKarpMatcher,-1,na,phase_count,6
U4,1000,1.1,2,HopcroftKarpMatcher,-1,na,main_loop_iters,6
U4,1000,1.1,2,HopcroftKarpMatcher,-1,na,total_bfs_edges_visited,5017
U4,1000,1.1,2,HopcroftKarpMatcher,-1,na,total_edges_visited,9254
U4,1000,1.1,2,HopcroftKarpMatcher,-1,na,matching_size,779
U4,1000,1.1,2,HopcroftKarpMatcher,-1,na,wall_clock_ms,6.61781
U4,1000,1.1,2,HopcroftKarpMatcher,-1,na,matching_size,779
U4,500,1.4,9,SimpleAugmentingMatcher,-1,na,wall_clock_ms,10.5626
U4,500,1.4,9,SimpleAugmentingMatcher,-1,na,matching_size,500
U4,500,1.4,9,HopcroftKarpMatcher,0,na,paths_found_per_phase,468
U4,500,1.4,9,HopcroftKarpMatcher,0,na,bfs_edges_visited,6005
U4,500,1.4,9,HopcroftKarpMatcher,0,na,dfs_edges_visited,3042
U4,500,1.4,9,HopcroftKarpMatcher,0,na,defect_at_iteration,32
U4,500,1.4,9,HopcroftKarpMatcher,1,na,paths_found_per_phase,31
U4,500,1.4,9,HopcroftKarpMatcher,1,na,bfs_edges_visited,3378
U4,500,1.4,9,HopcroftKarpMatcher,1,na,dfs_edges_visited,1734
U4,500,1.4,9,HopcroftKarpMatcher,1,na,defect_at_iteration,1
U4,500,1.4,9,HopcroftKarpMatcher,2,na,paths_found_per_phase,1
U4,500,1.4,9,HopcroftKarpMatcher,2,na,bfs_edges_visited,919
U4,500,1.4,9,HopcroftKarpMatcher,2,na,dfs_edges_visited,46
U4,500,1.4,9,HopcroftKarpMatcher,2,na,defect_at_iteration,0
U4,500,1.4,9,HopcroftKarpMatcher,-1,na,phase_count,3
U4,500,1.4,9,HopcroftKarpMatcher,-1,na,main_loop_iters,3
U4,500,1.4,9,HopcroftKarpMatcher,-1,na,total_bfs_edges_visited,10302
U4,500,1.4,9,HopcroftKarpMatcher,-1,na,total_edges_visited,15124
U4,500,1.4,9,HopcroftKarpMatcher,-1,na,matching_size,500
U4,500,1.4,9,HopcroftKarpMatcher,-1,na,wall_clock_ms,0.784651
U4,500,1.4,9,HopcroftKarpMatcher,-1,na,matching_size,500
U4,1000,1.9,10,SimpleAugmentingMatcher,-1,na,wall_clock_ms,865.306
U4,1000,1.9,10,SimpleAugmentingMatcher,-1,na,matching_size,1000
U4,1000,1.9,10,HopcroftKarpMatcher,0,na,paths_found_per_phase,1000
U4,1000,1.9,10,HopcroftKarpMatcher,0,na,bfs_edges_visited,501187
U4,1000,1.9,10,HopcroftKarpMatcher,0,na,dfs_edges_visited,250952
U4,1000,1.9,10,HopcroftKarpMatcher,0,na,defect_at_iteration,0
U4,1000,1.9,10,HopcroftKarpMatcher,-1,na,phase_count,1
U4,1000,1.9,10,HopcroftKarpMatcher,-1,na,main_loop_iters,1
U4,1000,1.9,10,HopcroftKarpMatcher,-1,na,total_bfs_edges_visited,501187
U4,1000,1.9,10,HopcroftKarpMatcher,-1,na,total_edges_visited,752139
U4,1000,1.9,10,HopcroftKarpMatcher,-1,na,matching_size,1000
U4,1000,1.9,10,HopcroftKarpMatcher,-1,na,wall_clock_ms,8.10179
U4,1000,1.9,10,HopcroftKarpMatcher,-1,na,matching_size,1000
U4,500,1.9,0,SimpleAugmentingMatcher,-1,na,wall_clock_ms,99.7314
U4,500,1.9,0,SimpleAugmentingMatcher,-1,na,matching_size,500
U4,500,1.9,0,HopcroftKarpMatcher,0,na,paths_found_per_phase,499
U4,500,1.9,0,HopcroftKarpMatcher,0,na,bfs_edges_visited,134289
U4,500,1.9,0,HopcroftKarpMatcher,0,na,dfs_edges_visited,67312
U4,500,1.9,0,HopcroftKarpMatcher,0,na,defect_at_iteration,1
U4,500,1.9,0,HopcroftKarpMatcher,1,na,paths_found_per_phase,1
U4,500,1.9,0,HopcroftKarpMatcher,1,na,bfs_edges_visited,69420
U4,500,1.9,0,HopcroftKarpMatcher,1,na,dfs_edges_visited,1344
U4,500,1.9,0,HopcroftKarpMatcher,1,na,defect_at_iteration,0
U4,500,1.9,0,HopcroftKarpMatcher,-1,na,phase_count,2
U4,500,1.9,0,HopcroftKarpMatcher,-1,na,main_loop_iters,2
U4,500,1.9,0,HopcroftKarpMatcher,-1,na,total_bfs_edges_visited,203709
U4,500,1.9,0,HopcroftKarpMatcher,-1,na,total_edges_visited,272365
U4,500,1.9,0,HopcroftKarpMatcher,-1,na,matching_size,500
U4,500,1.9,0,HopcroftKarpMatcher,-1,na,wall_clock_ms,2.71575
U4,500,1.9,0,HopcroftKarpMatcher,-1,na,matching_size,500
U4,500,1.9,12,SimpleAugmentingMatcher,-1,na,wall_clock_ms,100.271
U4,500,1.9,12,SimpleAugmentingMatcher,-1,na,matching_size,500
U4,500,1.9,12,HopcroftKarpMatcher,0,na,paths_found_per_phase,498
U4,500,1.9,12,HopcroftKarpMatcher,0,na,bfs_edges_visited,134289
U4,500,1.9,12,HopcroftKarpMatcher,0,na,dfs_edges_visited,67327
U4,500,1.9,12,HopcroftKarpMatcher,0,na,defect_at_iteration,2
U4,500,1.9,12,HopcroftKarpMatcher,1,na,paths_found_per_phase,2
U4,500,1.9,12,HopcroftKarpMatcher,1,na,bfs_edges_visited,105723
U4,500,1.9,12,HopcroftKarpMatcher,1,na,dfs_edges_visited,1107
U4,500,1.9,12,HopcroftKarpMatcher,1,na,defect_at_iteration,0
U4,500,1.9,12,HopcroftKarpMatcher,-1,na,phase_count,2
U4,500,1.9,12,HopcroftKarpMatcher,-1,na,main_loop_iters,2
U4,500,1.9,12,HopcroftKarpMatcher,-1,na,total_bfs_edges_visited,240012
U4,500,1.9,12,HopcroftKarpMatcher,-1,na,total_edges_visited,308446
U4,500,1.9,12,HopcroftKarpMatcher,-1,na,matching_size,500
U4,500,1.9,12,HopcroftKarpMatcher,-1,na,wall_clock_ms,3.09045
U4,500,1.9,12,HopcroftKarpMatcher,-1,na,matching_size,500
U4,2000,1.8,9,SimpleAugmentingMatcher,-1,na,wall_clock_ms,4193.71
U4,2000,1.8,9,SimpleAugmentingMatcher,-1,na,matching_size,2000
U4,2000,1.8,9,HopcroftKarpMatcher,0,na,paths_found_per_phase,1997
U4,2000,1.8,9,HopcroftKarpMatcher,0,na,bfs_edges_visited,874689
U4,2000,1.8,9,HopcroftKarpMatcher,0,na,dfs_edges_visited,437011
U4,2000,1.8,9,HopcroftKarpMatcher,0,na,defect_at_iteration,3
U4,2000,1.8,9,HopcroftKarpMatcher,1,na,paths_found_per_phase,3
U4,2000,1.8,9,HopcroftKarpMatcher,1,na,bfs_edges_visited,444746
U4,2000,1.8,9,HopcroftKarpMatcher,1,na,dfs_edges_visited,3570
U4,2000,1.8,9,HopcroftKarpMatcher,1,na,defect_at_iteration,0
U4,2000,1.8,9,HopcroftKarpMatcher,-1,na,phase_count,2
U4,2000,1.8,9,HopcroftKarpMatcher,-1,na,main_loop_iters,2
U4,2000,1.8,9,HopcroftKarpMatcher,-1,na,total_bfs_edges_visited,1.31944e+06
U4,2000,1.8,9,HopcroftKarpMatcher,-1,na,total_edges_visited,1.76002e+06
U4,2000,1.8,9,HopcroftKarpMatcher,-1,na,matching_size,2000
U4,2000,1.8,9,HopcroftKarpMatcher,-1,na,wall_clock_ms,26.311
U4,2000,1.8,9,HopcroftKarpMatcher,-1,na,matching_size,2000
U4,1000,1.6,6,SimpleAugmentingMatcher,-1,na,wall_clock_ms,223.219
U4,1000,1.6,6,SimpleAugmentingMatcher,-1,na,matching_size,1000
U4,1000,1.6,6,HopcroftKarpMatcher,0,na,paths_found_per_phase,992
U4,1000,1.6,6,HopcroftKarpMatcher,0,na,bfs_edges_visited,63095
U4,1000,1.6,6,HopcroftKarpMatcher,0,na,dfs_edges_visited,31658
U4,1000,1.6,6,HopcroftKarpMatcher,0,na,defect_at_iteration,8
U4,1000,1.6,6,HopcroftKarpMatcher,1,na,paths_found_per_phase,8
U4,1000,1.6,6,HopcroftKarpMatcher,1,na,bfs_edges_visited,26723
U4,1000,1.6,6,HopcroftKarpMatcher,1,na,dfs_edges_visited,5671
U4,1000,1.6,6,HopcroftKarpMatcher,1,na,defect_at_iteration,0
U4,1000,1.6,6,HopcroftKarpMatcher,-1,na,phase_count,2
U4,1000,1.6,6,HopcroftKarpMatcher,-1,na,main_loop_iters,2
U4,1000,1.6,6,HopcroftKarpMatcher,-1,na,total_bfs_edges_visited,89818
U4,1000,1.6,6,HopcroftKarpMatcher,-1,na,total_edges_visited,127147
U4,1000,1.6,6,HopcroftKarpMatcher,-1,na,matching_size,1000
U4,1000,1.6,6,HopcroftKarpMatcher,-1,na,wall_clock_ms,3.2422
U4,1000,1.6,6,HopcroftKarpMatcher,-1,na,matching_size,1000
U4,1000,1.9,14,SimpleAugmentingMatcher,-1,na,wall_clock_ms,866.065
U4,1000,1.9,14,SimpleAugmentingMatcher,-1,na,matching_size,1000
U4,1000,1.9,14,HopcroftKarpMatcher,0,na,paths_found_per_phase,999
U4,1000,1.9,14,HopcroftKarpMatcher,0,na,bfs_edges_visited,501187
U4,1000,1.9,14,HopcroftKarpMatcher,0,na,dfs_edges_visited,250293
U4,1000,1.9,14,HopcroftKarpMatcher,0,na,defect_at_iteration,1
U4,1000,1.9,14,HopcroftKarpMatcher,1,na,paths_found_per_phase,1
U4,1000,1.9,14,HopcroftKarpMatcher,1,na,bfs_edges_visited,246485
U4,1000,1.9,14,HopcroftKarpMatcher,1,na,dfs_edges_visited,519
U4,1000,1.9,14,HopcroftKarpMatcher,1,na,defect_at_iteration,0
U4,1000,1.9,14,HopcroftKarpMatcher,-1,na,phase_count,2
U4,1000,1.9,14,HopcroftKarpMatcher,-1,na,main_loop_iters,2
U4,1000,1.9,14,HopcroftKarpMatcher,-1,na,total_bfs_edges_visited,747672
U4,1000,1.9,14,HopcroftKarpMatcher,-1,na,total_edges_visited,998484
U4,1000,1.9,14,HopcroftKarpMatcher,-1,na,matching_size,1000
U4,1000,1.9,14,HopcroftKarpMatcher,-1,na,wall_clock_ms,10.7929
U4,1000,1.9,14,HopcroftKarpMatcher,-1,na,matching_size,1000
U4,500,2,2,SimpleAugmentingMatcher,-1,na,wall_clock_ms,27.8323
U4,500,2,2,SimpleAugmentingMatcher,-1,na,matching_size,500
U4,500,2,2,HopcroftKarpMatcher,0,na,paths_found_per_phase,500
U4,500,2,2,HopcroftKarpMatcher,0,na,bfs_edges_visited,250000
U4,500,2,2,HopcroftKarpMatcher,0,na,dfs_edges_visited,125250
U4,500,2,2,HopcroftKarpMatcher,0,na,defect_at_iteration,0
U4,500,2,2,HopcroftKarpMatcher,-1,na,phase_count,1
U4,500,2,2,HopcroftKarpMatcher,-1,na,main_loop_iters,1
U4,500,2,2,HopcroftKarpMatcher,-1,na,total_bfs_edges_visited,250000
U4,500,2,2,HopcroftKarpMatcher,-1,na,total_edges_visited,375250
U4,500,2,2,HopcroftKarpMatcher,-1,na,matching_size,500
U4,500,2,2,HopcroftKarpMatcher,-1,na,wall_clock_ms,0.513376
U4,500,2,2,HopcroftKarpMatcher,-1,na,matching_size,500
U4,2000,1.5,3,SimpleAugmentingMatcher,-1,na,wall_clock_ms,1181.96
U4,2000,1.5,3,SimpleAugmentingMatcher,-1,na,matching_size,2000
U4,2000,1.5,3,HopcroftKarpMatcher,0,na,paths_found_per_phase,1971
U4,2000,1.5,3,HopcroftKarpMatcher,0,na,bfs_edges_visited,89442
U4,2000,1.5,3,HopcroftKarpMatcher,0,na,dfs_edges_visited,45014
U4,2000,1.5,3,HopcroftKarpMatcher,0,na,defect_at_iteration,29
U4,2000,1.5,3,HopcroftKarpMatcher,1,na,paths_found_per_phase,29
U4,2000,1.5,3,HopcroftKarpMatcher,1,na,bfs_edges_visited,44158
U4,2000,1.5,3,HopcroftKarpMatcher,1,na,dfs_edges_visited,9666
U4,2000,1.5,3,HopcroftKarpMatcher,1,na,defect_at_iteration,0
U4,2000,1.5,3,HopcroftKarpMatcher,-1,na,phase_count,2
U4,2000,1.5,3,HopcroftKarpMatcher,-1,na,main_loop_iters,2
U4,2000,1.5,3,HopcroftKarpMatcher,-1,na,total_bfs_edges_visited,133600
U4,2000,1.5,3,HopcroftKarpMatcher,-1,na,total_edges_visited,188280
U4,2000,1.5,3,HopcroftKarpMatcher,-1,na,matching_size,2000
U4,2000,1.5,3,HopcroftKarpMatcher,-1,na,wall_clock_ms,10.0594
U4,2000,1.5,3,HopcroftKarpMatcher,-1,na,matching_size,2000
U4,1000,1.3,13,SimpleAugmentingMatcher,-1,na,wall_clock_ms,41.2437
U4,1000,1.3,13,SimpleAugmentingMatcher,-1,na,matching_size,999
U4,1000,1.3,13,HopcroftKarpMatcher,0,na,paths_found_per_phase,906
U4,1000,1.3,13,HopcroftKarpMatcher,0,na,bfs_edges_visited,7943
U4,1000,1.3,13,HopcroftKarpMatcher,0,na,dfs_edges_visited,4064
U4,1000,1.3,13,HopcroftKarpMatcher,0,na,defect_at_iteration,94
U4,1000,1.3,13,HopcroftKarpMatcher,1,na,paths_found_per_phase,89
U4,1000,1.3,13,HopcroftKarpMatcher,1,na,bfs_edges_visited,4047
U4,1000,1.3,13,HopcroftKarpMatcher,1,na,dfs_edges_visited,3522
U4,1000,1.3,13,HopcroftKarpMatcher,1,na,defect_at_iteration,5
U4,1000,1.3,13,HopcroftKarpMatcher,2,na,paths_found_per_phase,3
U4,1000,1.3,13,HopcroftKarpMatcher,2,na,bfs_edges_visited,1091
U4,1000,1.3,13,HopcroftKarpMatcher,2,na,dfs_edges_visited,3029
U4,1000,1.3,13,HopcroftKarpMatcher,2,na,defect_at_iteration,2
U4,1000,1.3,13,HopcroftKarpMatcher,3,na,paths_found_per_phase,1
U4,1000,1.3,13,HopcroftKarpMatcher,3,na,bfs_edges_visited,7370
U4,1000,1.3,13,HopcroftKarpMatcher,3,na,dfs_edges_visited,2703
U4,1000,1.3,13,HopcroftKarpMatcher,3,na,defect_at_iteration,1
U4,1000,1.3,13,HopcroftKarpMatcher,-1,na,phase_count,4
U4,1000,1.3,13,HopcroftKarpMatcher,-1,na,main_loop_iters,4
U4,1000,1.3,13,HopcroftKarpMatcher,-1,na,total_bfs_edges_visited,20451
U4,1000,1.3,13,HopcroftKarpMatcher,-1,na,total_edges_visited,33769
U4,1000,1.3,13,HopcroftKarpMatcher,-1,na,matching_size,999
U4,1000,1.3,13,HopcroftKarpMatcher,-1,na,wall_clock_ms,4.51728
U4,1000,1.3,13,HopcroftKarpMatcher,-1,na,matching_size,999
U4,2000,1.8,0,SimpleAugmentingMatcher,-1,na,wall_clock_ms,4171.88
U4,2000,1.8,0,SimpleAugmentingMatcher,-1,na,matching_size,2000
U4,2000,1.8,0,HopcroftKarpMatcher,0,na,paths_found_per_phase,1997
U4,2000,1.8,0,HopcroftKarpMatcher,0,na,bfs_edges_visited,874689
U4,2000,1.8,0,HopcroftKarpMatcher,0,na,dfs_edges_visited,437064
U4,2000,1.8,0,HopcroftKarpMatcher,0,na,defect_at_iteration,3
U4,2000,1.8,0,HopcroftKarpMatcher,1,na,paths_found_per_phase,3
U4,2000,1.8,0,HopcroftKarpMatcher,1,na,bfs_edges_visited,449408
U4,2000,1.8,0,HopcroftKarpMatcher,1,na,dfs_edges_visited,7052
U4,2000,1.8,0,HopcroftKarpMatcher,1,na,defect_at_iteration,0
U4,2000,1.8,0,HopcroftKarpMatcher,-1,na,phase_count,2
U4,2000,1.8,0,HopcroftKarpMatcher,-1,na,main_loop_iters,2
U4,2000,1.8,0,HopcroftKarpMatcher,-1,na,total_bfs_edges_visited,1.3241e+06
U4,2000,1.8,0,HopcroftKarpMatcher,-1,na,total_edges_visited,1.76821e+06
U4,2000,1.8,0,HopcroftKarpMatcher,-1,na,matching_size,2000
U4,2000,1.8,0,HopcroftKarpMatcher,-1,na,wall_clock_ms,26.1766
U4,2000,1.8,0,HopcroftKarpMatcher,-1,na,matching_size,2000
U4,1000,1.7,14,SimpleAugmentingMatcher,-1,na,wall_clock_ms,339.264
U4,1000,1.7,14,SimpleAugmentingMatcher,-1,na,matching_size,1000
U4,1000,1.7,14,HopcroftKarpMatcher,0,na,paths_found_per_phase,995
U4,1000,1.7,14,HopcroftKarpMatcher,0,na,bfs_edges_visited,125892
U4,1000,1.7,14,HopcroftKarpMatcher,0,na,dfs_edges_visited,62826
U4,1000,1.7,14,HopcroftKarpMatcher,0,na,defect_at_iteration,5
U4,1000,1.7,14,HopcroftKarpMatcher,1,na,paths_found_per_phase,5
U4,1000,1.7,14,HopcroftKarpMatcher,1,na,bfs_edges_visited,61806
U4,1000,1.7,14,HopcroftKarpMatcher,1,na,dfs_edges_visited,2092
U4,1000,1.7,14,HopcroftKarpMatcher,1,na,defect_at_iteration,0
U4,1000,1.7,14,HopcroftKarpMatcher,-1,na,phase_count,2
U4,1000,1.7,14,HopcroftKarpMatcher,-1,na,main_loop_iters,2
U4,1000,1.7,14,HopcroftKarpMatcher,-1,na,total_bfs_edges_visited,187698
U4,1000,1.7,14,HopcroftKarpMatcher,-1,na,total_edges_visited,252616
U4,1000,1.7,14,HopcroftKarpMatcher,-1,na,matching_size,1000
U4,1000,1.7,14,HopcroftKarpMatcher,-1,na,wall_clock_ms,4.51474
U4,1000,1.7,14,HopcroftKarpMatcher,-1,na,matching_size,1000
U4,1000,1.4,6,SimpleAugmentingMatcher,-1,na,wall_clock_ms,85.6576
U4,1000,1.4,6,SimpleAugmentingMatcher,-1,na,matching_size,1000
U4,1000,1.4,6,HopcroftKarpMatcher,0,na,paths_found_per_phase,963
U4,1000,1.4,6,HopcroftKarpMatcher,0,na,bfs_edges_visited,15848
U4,1000,1.4,6,HopcroftKarpMatcher,0,na,dfs_edges_visited,7949
U4,1000,1.4,6,HopcroftKarpMatcher,0,na,defect_at_iteration,37
U4,1000,1.4,6,HopcroftKarpMatcher,1,na,paths_found_per_phase,37
U4,1000,1.4,6,HopcroftKarpMatcher,1,na,bfs_edges_visited,6911
U4,1000,1.4,6,HopcroftKarpMatcher,1,na,dfs_edges_visited,4184
U4,1000,1.4,6,HopcroftKarpMatcher,1,na,defect_at_iteration,0
U4,1000,1.4,6,HopcroftKarpMatcher,-1,na,phase_count,2
U4,1000,1.4,6,HopcroftKarpMatcher,-1,na,main_loop_iters,2
U4,1000,1.4,6,HopcroftKarpMatcher,-1,na,total_bfs_edges_visited,22759
U4,1000,1.4,6,HopcroftKarpMatcher,-1,na,total_edges_visited,34892
U4,1000,1.4,6,HopcroftKarpMatcher,-1,na,matching_size,1000
U4,1000,1.4,6,HopcroftKarpMatcher,-1,na,wall_clock_ms,2.50598
U4,1000,1.4,6,HopcroftKarpMatcher,-1,na,matching_size,1000
U4,500,1.6,2,SimpleAugmentingMatcher,-1,na,wall_clock_ms,29.0497
U4,500,1.6,2,SimpleAugmentingMatcher,-1,na,matching_size,500
U4,500,1.6,2,HopcroftKarpMatcher,0,na,paths_found_per_phase,491
U4,500,1.6,2,HopcroftKarpMatcher,0,na,bfs_edges_visited,20813
U4,500,1.6,2,HopcroftKarpMatcher,0,na,dfs_edges_visited,10243
U4,500,1.6,2,HopcroftKarpMatcher,0,na,defect_at_iteration,9
U4,500,1.6,2,HopcroftKarpMatcher,1,na,paths_found_per_phase,9
U4,500,1.6,2,HopcroftKarpMatcher,1,na,bfs_edges_visited,11019
U4,500,1.6,2,HopcroftKarpMatcher,1,na,dfs_edges_visited,2290
U4,500,1.6,2,HopcroftKarpMatcher,1,na,defect_at_iteration,0
U4,500,1.6,2,HopcroftKarpMatcher,-1,na,phase_count,2
U4,500,1.6,2,HopcroftKarpMatcher,-1,na,main_loop_iters,2
U4,500,1.6,2,HopcroftKarpMatcher,-1,na,total_bfs_edges_visited,31832
U4,500,1.6,2,HopcroftKarpMatcher,-1,na,total_edges_visited,44365
U4,500,1.6,2,HopcroftKarpMatcher,-1,na,matching_size,500
U4,500,1.6,2,HopcroftKarpMatcher,-1,na,wall_clock_ms,0.986295
U4,500,1.6,2,HopcroftKarpMatcher,-1,na,matching_size,500
U4,2000,1.4,8,SimpleAugmentingMatcher,-1,na,wall_clock_ms,741.787
U4,2000,1.4,8,SimpleAugmentingMatcher,-1,na,matching_size,2000
U4,2000,1.4,8,HopcroftKarpMatcher,0,na,paths_found_per_phase,1936
U4,2000,1.4,8,HopcroftKarpMatcher,0,na,bfs_edges_visited,41825
U4,2000,1.4,8,HopcroftKarpMatcher,0,na,dfs_edges_visited,20993
U4,2000,1.4,8,HopcroftKarpMatcher,0,na,defect_at_iteration,64
U4,2000,1.4,8,HopcroftKarpMatcher,1,na,paths_found_per_phase,64
U4,2000,1.4,8,HopcroftKarpMatcher,1,na,bfs_edges_visited,20023
U4,2000,1.4,8,HopcroftKarpMatcher,1,na,dfs_edges_visited,12892
U4,2000,1.4,8,HopcroftKarpMatcher,1,na,defect_at_iteration,0
U4,2000,1.4,8,HopcroftKarpMatcher,-1,na,phase_count,2
U4,2000,1.4,8,HopcroftKarpMatcher,-1,na,main_loop_iters,2
U4,2000,1.4,8,HopcroftKarpMatcher,-1,na,total_bfs_edges_visited,61848
U4,2000,1.4,8,HopcroftKarpMatcher,-1,na,total_edges_visited,95733
U4,2000,1.4,8,HopcroftKarpMatcher,-1,na,matching_size,2000
U4,2000,1.4,8,HopcroftKarpMatcher,-1,na,wall_clock_ms,9.83658
U4,2000,1.4,8,HopcroftKarpMatcher,-1,na,matching_size,2000
U4,2000,1.8,12,SimpleAugmentingMatcher,-1,na,wall_clock_ms,4203.55
U4,2000,1.8,12,SimpleAugmentingMatcher,-1,na,matching_size,2000
U4,2000,1.8,12,HopcroftKarpMatcher,0,na,paths_found_per_phase,1999
U4,2000,1.8,12,HopcroftKarpMatcher,0,na,bfs_edges_visited,874689
U4,2000,1.8,12,HopcroftKarpMatcher,0,na,dfs_edges_visited,438526
U4,2000,1.8,12,HopcroftKarpMatcher,0,na,defect_at_iteration,1
U4,2000,1.8,12,HopcroftKarpMatcher,1,na,paths_found_per_phase,1
U4,2000,1.8,12,HopcroftKarpMatcher,1,na,bfs_edges_visited,183710
U4,2000,1.8,12,HopcroftKarpMatcher,1,na,dfs_edges_visited,421
U4,2000,1.8,12,HopcroftKarpMatcher,1,na,defect_at_iteration,0
U4,2000,1.8,12,HopcroftKarpMatcher,-1,na,phase_count,2
U4,2000,1.8,12,HopcroftKarpMatcher,-1,na,main_loop_iters,2
U4,2000,1.8,12,HopcroftKarpMatcher,-1,na,total_bfs_edges_visited,1.0584e+06
U4,2000,1.8,12,HopcroftKarpMatcher,-1,na,total_edges_visited,1.49735e+06
U4,2000,1.8,12,HopcroftKarpMatcher,-1,na,matching_size,2000
U4,2000,1.8,12,HopcroftKarpMatcher,-1,na,wall_clock_ms,22.3007
U4,2000,1.8,12,HopcroftKarpMatcher,-1,na,matching_size,2000
U4,500,1.2,14,SimpleAugmentingMatcher,-1,na,wall_clock_ms,3.33205
U4,500,1.2,14,SimpleAugmentingMatcher,-1,na,matching_size,475
U4,500,1.2,14,HopcroftKarpMatcher,0,na,paths_found_per_phase,402
U4,500,1.2,14,HopcroftKarpMatcher,0,na,bfs_edges_visited,1732
U4,500,1.2,14,HopcroftKarpMatcher,0,na,dfs_edges_visited,991
U4,500,1.2,14,HopcroftKarpMatcher,0,na,defect_at_iteration,98
U4,500,1.2,14,HopcroftKarpMatcher,1,na,paths_found_per_phase,54
U4,500,1.2,14,HopcroftKarpMatcher,1,na,bfs_edges_visited,836
U4,500,1.2,14,HopcroftKarpMatcher,1,na,dfs_edges_visited,822
U4,500,1.2,14,HopcroftKarpMatcher,1,na,defect_at_iteration,44
U4,500,1.2,14,HopcroftKarpMatcher,2,na,paths_found_per_phase,9
U4,500,1.2,14,HopcroftKarpMatcher,2,na,bfs_edges_visited,440
U4,500,1.2,14,HopcroftKarpMatcher,2,na,dfs_edges_visited,445
U4,500,1.2,14,HopcroftKarpMatcher,2,na,defect_at_iteration,35
U4,500,1.2,14,HopcroftKarpMatcher,3,na,paths_found_per_phase,6
U4,500,1.2,14,HopcroftKarpMatcher,3,na,bfs_edges_visited,701
U4,500,1.2,14,HopcroftKarpMatcher,3,na,dfs_edges_visited,655
U4,500,1.2,14,HopcroftKarpMatcher,3,na,defect_at_iteration,29
U4,500,1.2,14,HopcroftKarpMatcher,4,na,paths_found_per_phase,4
U4,500,1.2,14,HopcroftKarpMatcher,4,na,bfs_edges_visited,591
U4,500,1.2,14,HopcroftKarpMatcher,4,na,dfs_edges_visited,207
U4,500,1.2,14,HopcroftKarpMatcher,4,na,defect_at_iteration,25
U4,500,1.2,14,HopcroftKarpMatcher,-1,na,phase_count,5
U4,500,1.2,14,HopcroftKarpMatcher,-1,na,main_loop_iters,5
U4,500,1.2,14,HopcroftKarpMatcher,-1,na,total_bfs_edges_visited,4300
U4,500,1.2,14,HopcroftKarpMatcher,-1,na,total_edges_visited,7420
U4,500,1.2,14,HopcroftKarpMatcher,-1,na,matching_size,475
U4,500,1.2,14,HopcroftKarpMatcher,-1,na,wall_clock_ms,1.26551
U4,500,1.2,14,HopcroftKarpMatcher,-1,na,matching_size,475
U4,2000,1.4,12,SimpleAugmentingMatcher,-1,na,wall_clock_ms,725.5
U4,2000,1.4,12,SimpleAugmentingMatcher,-1,na,matching_size,2000
U4,2000,1.4,12,HopcroftKarpMatcher,0,na,paths_found_per_phase,1936
U4,2000,1.4,12,HopcroftKarpMatcher,0,na,bfs_edges_visited,41825
U4,2000,1.4,12,HopcroftKarpMatcher,0,na,dfs_edges_visited,20978
U4,2000,1.4,12,HopcroftKarpMatcher,0,na,defect_at_iteration,64
U4,2000,1.4,12,HopcroftKarpMatcher,1,na,paths_found_per_phase,63
U4,2000,1.4,12,HopcroftKarpMatcher,1,na,bfs_edges_visited,20383
U4,2000,1.4,12,HopcroftKarpMatcher,1,na,dfs_edges_visited,9621
U4,2000,1.4,12,HopcroftKarpMatcher,1,na,defect_at_iteration,1
U4,2000,1.4,12,HopcroftKarpMatcher,2,na,paths_found_per_phase,1
U4,2000,1.4,12,HopcroftKarpMatcher,2,na,bfs_edges_visited,6330
U4,2000,1.4,12,HopcroftKarpMatcher,2,na,dfs_edges_visited,1248
U4,2000,1.4,12,HopcroftKarpMatcher,2,na,defect_at_iteration,0
U4,2000,1.4,12,HopcroftKarpMatcher,-1,na,phase_count,3
U4,2000,1.4,12,HopcroftKarpMatcher,-1,na,main_loop_iters,3
U4,2000,1.4,12,HopcroftKarpMatcher,-1,na,total_bfs_edges_visited,68538
U4,2000,1.4,12,HopcroftKarpMatcher,-1,na,total_edges_visited,100385
U4,2000,1.4,12,HopcroftKarpMatcher,-1,na,matching_size,2000
U4,2000,1.4,12,HopcroftKarpMatcher,-1,na,wall_clock_ms,10.3525
U4,2000,1.4,12,HopcroftKarpMatcher,-1,na,matching_size,2000
U4,2000,1.3,13,SimpleAugmentingMatcher,-1,na,wall_clock_ms,332.742
U4,2000,1.3,13,SimpleAugmentingMatcher,-1,na,matching_size,2000
U4,2000,1.3,13,HopcroftKarpMatcher,0,na,paths_found_per_phase,1858
U4,2000,1.3,13,HopcroftKarpMatcher,0,na,bfs_edges_visited,19558
U4,2000,1.3,13,HopcroftKarpMatcher,0,na,dfs_edges_visited,10038
U4,2000,1.3,13,HopcroftKarpMatcher,0,na,defect_at_iteration,142
U4,2000,1.3,13,HopcroftKarpMatcher,1,na,paths_found_per_phase,136
U4,2000,1.3,13,HopcroftKarpMatcher,1,na,bfs_edges_visited,9857
U4,2000,1.3,13,HopcroftKarpMatcher,1,na,dfs_edges_visited,8131
U4,2000,1.3,13,HopcroftKarpMatcher,1,na,defect_at_iteration,6
U4,2000,1.3,13,HopcroftKarpMatcher,2,na,paths_found_per_phase,5
U4,2000,1.3,13,HopcroftKarpMatcher,2,na,bfs_edges_visited,3203
U4,2000,1.3,13,HopcroftKarpMatcher,2,na,dfs_edges_visited,8301
U4,2000,1.3,13,HopcroftKarpMatcher,2,na,defect_at_iteration,1
U4,2000,1.3,13,HopcroftKarpMatcher,3,na,paths_found_per_phase,1
U4,2000,1.3,13,HopcroftKarpMatcher,3,na,bfs_edges_visited,17786
U4,2000,1.3,13,HopcroftKarpMatcher,3,na,dfs_edges_visited,601
U4,2000,1.3,13,HopcroftKarpMatcher,3,na,defect_at_iteration,0
U4,2000,1.3,13,HopcroftKarpMatcher,-1,na,phase_count,4
U4,2000,1.3,13,HopcroftKarpMatcher,-1,na,main_loop_iters,4
U4,2000,1.3,13,HopcroftKarpMatcher,-1,na,total_bfs_edges_visited,50404
U4,2000,1.3,13,HopcroftKarpMatcher,-1,na,total_edges_visited,77475
U4,2000,1.3,13,HopcroftKarpMatcher,-1,na,matching_size,2000
U4,2000,1.3,13,HopcroftKarpMatcher,-1,na,wall_clock_ms,16.1263
U4,2000,1.3,13,HopcroftKarpMatcher,-1,na,matching_size,2000
U4,2000,2,9,SimpleAugmentingMatcher,-1,na,wall_clock_ms,1729.19
U4,2000,2,9,SimpleAugmentingMatcher,-1,na,matching_size,2000
U4,2000,2,9,HopcroftKarpMatcher,0,na,paths_found_per_phase,2000
U4,2000,2,9,HopcroftKarpMatcher,0,na,bfs_edges_visited,4e+06
U4,2000,2,9,HopcroftKarpMatcher,0,na,dfs_edges_visited,2.001e+06
U4,2000,2,9,HopcroftKarpMatcher,0,na,defect_at_iteration,0
U4,2000,2,9,HopcroftKarpMatcher,-1,na,phase_count,1
U4,2000,2,9,HopcroftKarpMatcher,-1,na,main_loop_iters,1
U4,2000,2,9,HopcroftKarpMatcher,-1,na,total_bfs_edges_visited,4e+06
U4,2000,2,9,HopcroftKarpMatcher,-1,na,total_edges_visited,6.001e+06
U4,2000,2,9,HopcroftKarpMatcher,-1,na,matching_size,2000
U4,2000,2,9,HopcroftKarpMatcher,-1,na,wall_clock_ms,8.11753
U4,2000,2,9,HopcroftKarpMatcher,-1,na,matching_size,2000
U4,500,1.4,0,SimpleAugmentingMatcher,-1,na,wall_clock_ms,10.5924
U4,500,1.4,0,SimpleAugmentingMatcher,-1,na,matching_size,500
U4,500,1.4,0,HopcroftKarpMatcher,0,na,paths_found_per_phase,471
U4,500,1.4,0,HopcroftKarpMatcher,0,na,bfs_edges_visited,6005
U4,500,1.4,0,HopcroftKarpMatcher,0,na,dfs_edges_visited,3032
U4,500,1.4,0,HopcroftKarpMatcher,0,na,defect_at_iteration,29
U4,500,1.4,0,HopcroftKarpMatcher,1,na,paths_found_per_phase,28
U4,500,1.4,0,HopcroftKarpMatcher,1,na,bfs_edges_visited,2912
U4,500,1.4,0,HopcroftKarpMatcher,1,na,dfs_edges_visited,2184
U4,500,1.4,0,HopcroftKarpMatcher,1,na,defect_at_iteration,1
U4,500,1.4,0,HopcroftKarpMatcher,2,na,paths_found_per_phase,1
U4,500,1.4,0,HopcroftKarpMatcher,2,na,bfs_edges_visited,392
U4,500,1.4,0,HopcroftKarpMatcher,2,na,dfs_edges_visited,147
U4,500,1.4,0,HopcroftKarpMatcher,2,na,defect_at_iteration,0
U4,500,1.4,0,HopcroftKarpMatcher,-1,na,phase_count,3
U4,500,1.4,0,HopcroftKarpMatcher,-1,na,main_loop_iters,3
U4,500,1.4,0,HopcroftKarpMatcher,-1,na,total_bfs_edges_visited,9309
U4,500,1.4,0,HopcroftKarpMatcher,-1,na,total_edges_visited,14672
U4,500,1.4,0,HopcroftKarpMatcher,-1,na,matching_size,500
U4,500,1.4,0,HopcroftKarpMatcher,-1,na,wall_clock_ms,0.784036
U4,500,1.4,0,HopcroftKarpMatcher,-1,na,matching_size,500
U4,500,1,13,SimpleAugmentingMatcher,-1,na,wall_clock_ms,0.26474
U4,500,1,13,SimpleAugmentingMatcher,-1,na,matching_size,273
U4,500,1,13,HopcroftKarpMatcher,0,na,paths_found_per_phase,257
U4,500,1,13,HopcroftKarpMatcher,0,na,bfs_edges_visited,500
U4,500,1,13,HopcroftKarpMatcher,0,na,dfs_edges_visited,361
U4,500,1,13,HopcroftKarpMatcher,0,na,defect_at_iteration,243
U4,500,1,13,HopcroftKarpMatcher,1,na,paths_found_per_phase,16
U4,500,1,13,HopcroftKarpMatcher,1,na,bfs_edges_visited,185
U4,500,1,13,HopcroftKarpMatcher,1,na,dfs_edges_visited,178
U4,500,1,13,HopcroftKarpMatcher,1,na,defect_at_iteration,227
U4,500,1,13,HopcroftKarpMatcher,-1,na,phase_count,2
U4,500,1,13,HopcroftKarpMatcher,-1,na,main_loop_iters,2
U4,500,1,13,HopcroftKarpMatcher,-1,na,total_bfs_edges_visited,685
U4,500,1,13,HopcroftKarpMatcher,-1,na,total_edges_visited,1224
U4,500,1,13,HopcroftKarpMatcher,-1,na,matching_size,273
U4,500,1,13,HopcroftKarpMatcher,-1,na,wall_clock_ms,0.886303
U4,500,1,13,HopcroftKarpMatcher,-1,na,matching_size,273
U4,1000,1.8,7,SimpleAugmentingMatcher,-1,na,wall_clock_ms,567.66
U4,1000,1.8,7,SimpleAugmentingMatcher,-1,na,matching_size,1000
U4,1000,1.8,7,HopcroftKarpMatcher,0,na,paths_found_per_phase,996
U4,1000,1.8,7,HopcroftKarpMatcher,0,na,bfs_edges_visited,251188
U4,1000,1.8,7,HopcroftKarpMatcher,0,na,dfs_edges_visited,125274
U4,1000,1.8,7,HopcroftKarpMatcher,0,na,defect_at_iteration,4
U4,1000,1.8,7,HopcroftKarpMatcher,1,na,paths_found_per_phase,4
U4,1000,1.8,7,HopcroftKarpMatcher,1,na,bfs_edges_visited,175436
U4,1000,1.8,7,HopcroftKarpMatcher,1,na,dfs_edges_visited,2611
U4,1000,1.8,7,HopcroftKarpMatcher,1,na,defect_at_iteration,0
U4,1000,1.8,7,HopcroftKarpMatcher,-1,na,phase_count,2
U4,1000,1.8,7,HopcroftKarpMatcher,-1,na,main_loop_iters,2
U4,1000,1.8,7,HopcroftKarpMatcher,-1,na,total_bfs_edges_visited,426624
U4,1000,1.8,7,HopcroftKarpMatcher,-1,na,total_edges_visited,554509
U4,1000,1.8,7,HopcroftKarpMatcher,-1,na,matching_size,1000
U4,1000,1.8,7,HopcroftKarpMatcher,-1,na,wall_clock_ms,8.18933
U4,1000,1.8,7,HopcroftKarpMatcher,-1,na,matching_size,1000
U4,2000,1.1,11,SimpleAugmentingMatcher,-1,na,wall_clock_ms,25.4844
U4,2000,1.1,11,SimpleAugmentingMatcher,-1,na,matching_size,1610
U4,2000,1.1,11,HopcroftKarpMatcher,0,na,paths_found_per_phase,1404
U4,2000,1.1,11,HopcroftKarpMatcher,0,na,bfs_edges_visited,4276
U4,2000,1.1,11,HopcroftKarpMatcher,0,na,dfs_edges_visited,2635
U4,2000,1.1,11,HopcroftKarpMatcher,0,na,defect_at_iteration,596
U4,2000,1.1,11,HopcroftKarpMatcher,1,na,paths_found_per_phase,160
U4,2000,1.1,11,HopcroftKarpMatcher,1,na,bfs_edges_visited,1812
U4,2000,1.1,11,HopcroftKarpMatcher,1,na,dfs_edges_visited,1906
U4,2000,1.1,11,HopcroftKarpMatcher,1,na,defect_at_iteration,436
U4,2000,1.1,11,HopcroftKarpMatcher,2,na,paths_found_per_phase,24
U4,2000,1.1,11,HopcroftKarpMatcher,2,na,bfs_edges_visited,1113
U4,2000,1.1,11,HopcroftKarpMatcher,2,na,dfs_edges_visited,1259
U4,2000,1.1,11,HopcroftKarpMatcher,2,na,defect_at_iteration,412
U4,2000,1.1,11,HopcroftKarpMatcher,3,na,paths_found_per_phase,13
U4,2000,1.1,11,HopcroftKarpMatcher,3,na,bfs_edges_visited,1278
U4,2000,1.1,11,HopcroftKarpMatcher,3,na,dfs_edges_visited,1240
U4,2000,1.1,11,HopcroftKarpMatcher,3,na,defect_at_iteration,399
U4,2000,1.1,11,HopcroftKarpMatcher,4,na,paths_found_per_phase,7
U4,2000,1.1,11,HopcroftKarpMatcher,4,na,bfs_edges_visited,1145
U4,2000,1.1,11,HopcroftKarpMatcher,4,na,dfs_edges_visited,1087
U4,2000,1.1,11,HopcroftKarpMatcher,4,na,defect_at_iteration,392
U4,2000,1.1,11,HopcroftKarpMatcher,5,na,paths_found_per_phase,2
U4,2000,1.1,11,HopcroftKarpMatcher,5,na,bfs_edges_visited,974
U4,2000,1.1,11,HopcroftKarpMatcher,5,na,dfs_edges_visited,934
U4,2000,1.1,11,HopcroftKarpMatcher,5,na,defect_at_iteration,390
U4,2000,1.1,11,HopcroftKarpMatcher,-1,na,phase_count,6
U4,2000,1.1,11,HopcroftKarpMatcher,-1,na,main_loop_iters,6
U4,2000,1.1,11,HopcroftKarpMatcher,-1,na,total_bfs_edges_visited,10598
U4,2000,1.1,11,HopcroftKarpMatcher,-1,na,total_edges_visited,19659
U4,2000,1.1,11,HopcroftKarpMatcher,-1,na,matching_size,1610
U4,2000,1.1,11,HopcroftKarpMatcher,-1,na,wall_clock_ms,25.2115
U4,2000,1.1,11,HopcroftKarpMatcher,-1,na,matching_size,1610
U4,2000,1.8,14,SimpleAugmentingMatcher,-1,na,wall_clock_ms,4191.87
U4,2000,1.8,14,SimpleAugmentingMatcher,-1,na,matching_size,2000
U4,2000,1.8,14,HopcroftKarpMatcher,0,na,paths_found_per_phase,1997
U4,2000,1.8,14,HopcroftKarpMatcher,0,na,bfs_edges_visited,874689
U4,2000,1.8,14,HopcroftKarpMatcher,0,na,dfs_edges_visited,437243
U4,2000,1.8,14,HopcroftKarpMatcher,0,na,defect_at_iteration,3
U4,2000,1.8,14,HopcroftKarpMatcher,1,na,paths_found_per_phase,3
U4,2000,1.8,14,HopcroftKarpMatcher,1,na,bfs_edges_visited,463227
U4,2000,1.8,14,HopcroftKarpMatcher,1,na,dfs_edges_visited,6210
U4,2000,1.8,14,HopcroftKarpMatcher,1,na,defect_at_iteration,0
U4,2000,1.8,14,HopcroftKarpMatcher,-1,na,phase_count,2
U4,2000,1.8,14,HopcroftKarpMatcher,-1,na,main_loop_iters,2
U4,2000,1.8,14,HopcroftKarpMatcher,-1,na,total_bfs_edges_visited,1.33792e+06
U4,2000,1.8,14,HopcroftKarpMatcher,-1,na,total_edges_visited,1.78137e+06
U4,2000,1.8,14,HopcroftKarpMatcher,-1,na,matching_size,2000
U4,2000,1.8,14,HopcroftKarpMatcher,-1,na,wall_clock_ms,26.5264
U4,2000,1.8,14,HopcroftKarpMatcher,-1,na,matching_size,2000
U4,2000,1.3,3,SimpleAugmentingMatcher,-1,na,wall_clock_ms,348.864
U4,2000,1.3,3,SimpleAugmentingMatcher,-1,na,matching_size,2000
U4,2000,1.3,3,HopcroftKarpMatcher,0,na,paths_found_per_phase,1864
U4,2000,1.3,3,HopcroftKarpMatcher,0,na,bfs_edges_visited,19558
U4,2000,1.3,3,HopcroftKarpMatcher,0,na,dfs_edges_visited,9923
U4,2000,1.3,3,HopcroftKarpMatcher,0,na,defect_at_iteration,136
U4,2000,1.3,3,HopcroftKarpMatcher,1,na,paths_found_per_phase,130
U4,2000,1.3,3,HopcroftKarpMatcher,1,na,bfs_edges_visited,9332
U4,2000,1.3,3,HopcroftKarpMatcher,1,na,dfs_edges_visited,8253
U4,2000,1.3,3,HopcroftKarpMatcher,1,na,defect_at_iteration,6
U4,2000,1.3,3,HopcroftKarpMatcher,2,na,paths_found_per_phase,5
U4,2000,1.3,3,HopcroftKarpMatcher,2,na,bfs_edges_visited,3180
U4,2000,1.3,3,HopcroftKarpMatcher,2,na,dfs_edges_visited,6430
U4,2000,1.3,3,HopcroftKarpMatcher,2,na,defect_at_iteration,1
U4,2000,1.3,3,HopcroftKarpMatcher,3,na,paths_found_per_phase,1
U4,2000,1.3,3,HopcroftKarpMatcher,3,na,bfs_edges_visited,13914
U4,2000,1.3,3,HopcroftKarpMatcher,3,na,dfs_edges_visited,2634
U4,2000,1.3,3,HopcroftKarpMatcher,3,na,defect_at_iteration,0
U4,2000,1.3,3,HopcroftKarpMatcher,-1,na,phase_count,4
U4,2000,1.3,3,HopcroftKarpMatcher,-1,na,main_loop_iters,4
U4,2000,1.3,3,HopcroftKarpMatcher,-1,na,total_bfs_edges_visited,45984
U4,2000,1.3,3,HopcroftKarpMatcher,-1,na,total_edges_visited,73224
U4,2000,1.3,3,HopcroftKarpMatcher,-1,na,matching_size,2000
U4,2000,1.3,3,HopcroftKarpMatcher,-1,na,wall_clock_ms,15.306
U4,2000,1.3,3,HopcroftKarpMatcher,-1,na,matching_size,2000
U4,500,1.6,13,SimpleAugmentingMatcher,-1,na,wall_clock_ms,29.0163
U4,500,1.6,13,SimpleAugmentingMatcher,-1,na,matching_size,500
U4,500,1.6,13,HopcroftKarpMatcher,0,na,paths_found_per_phase,492
U4,500,1.6,13,HopcroftKarpMatcher,0,na,bfs_edges_visited,20813
U4,500,1.6,13,HopcroftKarpMatcher,0,na,dfs_edges_visited,10350
U4,500,1.6,13,HopcroftKarpMatcher,0,na,defect_at_iteration,8
U4,500,1.6,13,HopcroftKarpMatcher,1,na,paths_found_per_phase,8
U4,500,1.6,13,HopcroftKarpMatcher,1,na,bfs_edges_visited,11160
U4,500,1.6,13,HopcroftKarpMatcher,1,na,dfs_edges_visited,1295
U4,500,1.6,13,HopcroftKarpMatcher,1,na,defect_at_iteration,0
U4,500,1.6,13,HopcroftKarpMatcher,-1,na,phase_count,2
U4,500,1.6,13,HopcroftKarpMatcher,-1,na,main_loop_iters,2
U4,500,1.6,13,HopcroftKarpMatcher,-1,na,total_bfs_edges_visited,31973
U4,500,1.6,13,HopcroftKarpMatcher,-1,na,total_edges_visited,43618
U4,500,1.6,13,HopcroftKarpMatcher,-1,na,matching_size,500
U4,500,1.6,13,HopcroftKarpMatcher,-1,na,wall_clock_ms,0.969751
U4,500,1.6,13,HopcroftKarpMatcher,-1,na,matching_size,500
U4,2000,1.5,5,SimpleAugmentingMatcher,-1,na,wall_clock_ms,1201.91
U4,2000,1.5,5,SimpleAugmentingMatcher,-1,na,matching_size,2000
U4,2000,1.5,5,HopcroftKarpMatcher,0,na,paths_found_per_phase,1969
U4,2000,1.5,5,HopcroftKarpMatcher,0,na,bfs_edges_visited,89442
U4,2000,1.5,5,HopcroftKarpMatcher,0,na,dfs_edges_visited,44790
U4,2000,1.5,5,HopcroftKarpMatcher,0,na,defect_at_iteration,31
U4,2000,1.5,5,HopcroftKarpMatcher,1,na,paths_found_per_phase,31
U4,2000,1.5,5,HopcroftKarpMatcher,1,na,bfs_edges_visited,45635
U4,2000,1.5,5,HopcroftKarpMatcher,1,na,dfs_edges_visited,9986
U4,2000,1.5,5,HopcroftKarpMatcher,1,na,defect_at_iteration,0
U4,2000,1.5,5,HopcroftKarpMatcher,-1,na,phase_count,2
U4,2000,1.5,5,HopcroftKarpMatcher,-1,na,main_loop_iters,2
U4,2000,1.5,5,HopcroftKarpMatcher,-1,na,total_bfs_edges_visited,135077
U4,2000,1.5,5,HopcroftKarpMatcher,-1,na,total_edges_visited,189853
U4,2000,1.5,5,HopcroftKarpMatcher,-1,na,matching_size,2000
U4,2000,1.5,5,HopcroftKarpMatcher,-1,na,wall_clock_ms,10.1302
U4,2000,1.5,5,HopcroftKarpMatcher,-1,na,matching_size,2000
U4,500,1.8,14,SimpleAugmentingMatcher,-1,na,wall_clock_ms,72.4122
U4,500,1.8,14,SimpleAugmentingMatcher,-1,na,matching_size,500
U4,500,1.8,14,HopcroftKarpMatcher,0,na,paths_found_per_phase,500
U4,500,1.8,14,HopcroftKarpMatcher,0,na,bfs_edges_visited,72134
U4,500,1.8,14,HopcroftKarpMatcher,0,na,dfs_edges_visited,36191
U4,500,1.8,14,HopcroftKarpMatcher,0,na,defect_at_iteration,0
U4,500,1.8,14,HopcroftKarpMatcher,-1,na,phase_count,1
U4,500,1.8,14,HopcroftKarpMatcher,-1,na,main_loop_iters,1
U4,500,1.8,14,HopcroftKarpMatcher,-1,na,total_bfs_edges_visited,72134
U4,500,1.8,14,HopcroftKarpMatcher,-1,na,total_edges_visited,108325
U4,500,1.8,14,HopcroftKarpMatcher,-1,na,matching_size,500
U4,500,1.8,14,HopcroftKarpMatcher,-1,na,wall_clock_ms,1.51875
U4,500,1.8,14,HopcroftKarpMatcher,-1,na,matching_size,500
U4,500,2,1,SimpleAugmentingMatcher,-1,na,wall_clock_ms,27.8727
U4,500,2,1,SimpleAugmentingMatcher,-1,na,matching_size,500
U4,500,2,1,HopcroftKarpMatcher,0,na,paths_found_per_phase,500
U4,500,2,1,HopcroftKarpMatcher,0,na,bfs_edges_visited,250000
U4,500,2,1,HopcroftKarpMatcher,0,na,dfs_edges_visited,125250
U4,500,2,1,HopcroftKarpMatcher,0,na,defect_at_iteration,0
U4,500,2,1,HopcroftKarpMatcher,-1,na,phase_count,1
U4,500,2,1,HopcroftKarpMatcher,-1,na,main_loop_iters,1
U4,500,2,1,HopcroftKarpMatcher,-1,na,total_bfs_edges_visited,250000
U4,500,2,1,HopcroftKarpMatcher,-1,na,total_edges_visited,375250
U4,500,2,1,HopcroftKarpMatcher,-1,na,matching_size,500
U4,500,2,1,HopcroftKarpMatcher,-1,na,wall_clock_ms,0.51217
U4,500,2,1,HopcroftKarpMatcher,-1,na,matching_size,500
U4,1000,1.1,6,SimpleAugmentingMatcher,-1,na,wall_clock_ms,2.21765
U4,1000,1.1,6,SimpleAugmentingMatcher,-1,na,matching_size,782
U4,1000,1.1,6,HopcroftKarpMatcher,0,na,paths_found_per_phase,694
U4,1000,1.1,6,HopcroftKarpMatcher,0,na,bfs_edges_visited,1995
U4,1000,1.1,6,HopcroftKarpMatcher,0,na,dfs_edges_visited,1266
U4,1000,1.1,6,HopcroftKarpMatcher,0,na,defect_at_iteration,306
U4,1000,1.1,6,HopcroftKarpMatcher,1,na,paths_found_per_phase,74
U4,1000,1.1,6,HopcroftKarpMatcher,1,na,bfs_edges_visited,773
U4,1000,1.1,6,HopcroftKarpMatcher,1,na,dfs_edges_visited,760
U4,1000,1.1,6,HopcroftKarpMatcher,1,na,defect_at_iteration,232
U4,1000,1.1,6,HopcroftKarpMatcher,2,na,paths_found_per_phase,8
U4,1000,1.1,6,HopcroftKarpMatcher,2,na,bfs_edges_visited,445
U4,1000,1.1,6,HopcroftKarpMatcher,2,na,dfs_edges_visited,499
U4,1000,1.1,6,HopcroftKarpMatcher,2,na,defect_at_iteration,224
U4,1000,1.1,6,HopcroftKarpMatcher,3,na,paths_found_per_phase,2
U4,1000,1.1,6,HopcroftKarpMatcher,3,na,bfs_edges_visited,490
U4,1000,1.1,6,HopcroftKarpMatcher,3,na,dfs_edges_visited,524
U4,1000,1.1,6,HopcroftKarpMatcher,3,na,defect_at_iteration,222
U4,1000,1.1,6,HopcroftKarpMatcher,4,na,paths_found_per_phase,2
U4,1000,1.1,6,HopcroftKarpMatcher,4,na,bfs_edges_visited,541
U4,1000,1.1,6,HopcroftKarpMatcher,4,na,dfs_edges_visited,558
U4,1000,1.1,6,HopcroftKarpMatcher,4,na,defect_at_iteration,220
U4,1000,1.1,6,HopcroftKarpMatcher,5,na,paths_found_per_phase,2
U4,1000,1.1,6,HopcroftKarpMatcher,5,na,bfs_edges_visited,547
U4,1000,1.1,6,HopcroftKarpMatcher,5,na,dfs_edges_visited,504
U4,1000,1.1,6,HopcroftKarpMatcher,5,na,defect_at_iteration,218
U4,1000,1.1,6,HopcroftKarpMatcher,-1,na,phase_count,6
U4,1000,1.1,6,HopcroftKarpMatcher,-1,na,main_loop_iters,6
U4,1000,1.1,6,HopcroftKarpMatcher,-1,na,total_bfs_edges_visited,4791
U4,1000,1.1,6,HopcroftKarpMatcher,-1,na,total_edges_visited,8902
U4,1000,1.1,6,HopcroftKarpMatcher,-1,na,matching_size,782
U4,1000,1.1,6,HopcroftKarpMatcher,-1,na,wall_clock_ms,6.4391
U4,1000,1.1,6,HopcroftKarpMatcher,-1,na,matching_size,782
U4,500,1.7,6,SimpleAugmentingMatcher,-1,na,wall_clock_ms,45.8816
U4,500,1.7,6,SimpleAugmentingMatcher,-1,na,matching_size,500
U4,500,1.7,6,HopcroftKarpMatcher,0,na,paths_found_per_phase,495
U4,500,1.7,6,HopcroftKarpMatcher,0,na,bfs_edges_visited,38747
U4,500,1.7,6,HopcroftKarpMatcher,0,na,dfs_edges_visited,19516
U4,500,1.7,6,HopcroftKarpMatcher,0,na,defect_at_iteration,5
U4,500,1.7,6,HopcroftKarpMatcher,1,na,paths_found_per_phase,5
U4,500,1.7,6,HopcroftKarpMatcher,1,na,bfs_edges_visited,20768
U4,500,1.7,6,HopcroftKarpMatcher,1,na,dfs_edges_visited,1677
U4,500,1.7,6,HopcroftKarpMatcher,1,na,defect_at_iteration,0
U4,500,1.7,6,HopcroftKarpMatcher,-1,na,phase_count,2
U4,500,1.7,6,HopcroftKarpMatcher,-1,na,main_loop_iters,2
U4,500,1.7,6,HopcroftKarpMatcher,-1,na,total_bfs_edges_visited,59515
U4,500,1.7,6,HopcroftKarpMatcher,-1,na,total_edges_visited,80708
U4,500,1.7,6,HopcroftKarpMatcher,-1,na,matching_size,500
U4,500,1.7,6,HopcroftKarpMatcher,-1,na,wall_clock_ms,1.34197
U4,500,1.7,6,HopcroftKarpMatcher,-1,na,matching_size,500
U4,500,2,7,SimpleAugmentingMatcher,-1,na,wall_clock_ms,27.8542
U4,500,2,7,SimpleAugmentingMatcher,-1,na,matching_size,500
U4,500,2,7,HopcroftKarpMatcher,0,na,paths_found_per_phase,500
U4,500,2,7,HopcroftKarpMatcher,0,na,bfs_edges_visited,250000
U4,500,2,7,HopcroftKarpMatcher,0,na,dfs_edges_visited,125250
U4,500,2,7,HopcroftKarpMatcher,0,na,defect_at_iteration,0
U4,500,2,7,HopcroftKarpMatcher,-1,na,phase_count,1
U4,500,2,7,HopcroftKarpMatcher,-1,na,main_loop_iters,1
U4,500,2,7,HopcroftKarpMatcher,-1,na,total_bfs_edges_visited,250000
U4,500,2,7,HopcroftKarpMatcher,-1,na,total_edges_visited,375250
U4,500,2,7,HopcroftKarpMatcher,-1,na,matching_size,500
U4,500,2,7,HopcroftKarpMatcher,-1,na,wall_clock_ms,0.51111
U4,500,2,7,HopcroftKarpMatcher,-1,na,matching_size,500
U4,500,1.8,0,SimpleAugmentingMatcher,-1,na,wall_clock_ms,72.5409
U4,500,1.8,0,SimpleAugmentingMatcher,-1,na,matching_size,500
U4,500,1.8,0,HopcroftKarpMatcher,0,na,paths_found_per_phase,497
U4,500,1.8,0,HopcroftKarpMatcher,0,na,bfs_edges_visited,72134
U4,500,1.8,0,HopcroftKarpMatcher,0,na,dfs_edges_visited,36071
U4,500,1.8,0,HopcroftKarpMatcher,0,na,defect_at_iteration,3
U4,500,1.8,0,HopcroftKarpMatcher,1,na,paths_found_per_phase,3
U4,500,1.8,0,HopcroftKarpMatcher,1,na,bfs_edges_visited,46757
U4,500,1.8,0,HopcroftKarpMatcher,1,na,dfs_edges_visited,563
U4,500,1.8,0,HopcroftKarpMatcher,1,na,defect_at_iteration,0
U4,500,1.8,0,HopcroftKarpMatcher,-1,na,phase_count,2
U4,500,1.8,0,HopcroftKarpMatcher,-1,na,main_loop_iters,2
U4,500,1.8,0,HopcroftKarpMatcher,-1,na,total_bfs_edges_visited,118891
U4,500,1.8,0,HopcroftKarpMatcher,-1,na,total_edges_visited,155525
U4,500,1.8,0,HopcroftKarpMatcher,-1,na,matching_size,500
U4,500,1.8,0,HopcroftKarpMatcher,-1,na,wall_clock_ms,2.16938
U4,500,1.8,0,HopcroftKarpMatcher,-1,na,matching_size,500
U4,1000,2,12,SimpleAugmentingMatcher,-1,na,wall_clock_ms,218.282
U4,1000,2,12,SimpleAugmentingMatcher,-1,na,matching_size,1000
U4,1000,2,12,HopcroftKarpMatcher,0,na,paths_found_per_phase,1000
U4,1000,2,12,HopcroftKarpMatcher,0,na,bfs_edges_visited,1e+06
U4,1000,2,12,HopcroftKarpMatcher,0,na,dfs_edges_visited,500500
U4,1000,2,12,HopcroftKarpMatcher,0,na,defect_at_iteration,0
U4,1000,2,12,HopcroftKarpMatcher,-1,na,phase_count,1
U4,1000,2,12,HopcroftKarpMatcher,-1,na,main_loop_iters,1
U4,1000,2,12,HopcroftKarpMatcher,-1,na,total_bfs_edges_visited,1e+06
U4,1000,2,12,HopcroftKarpMatcher,-1,na,total_edges_visited,1.5005e+06
U4,1000,2,12,HopcroftKarpMatcher,-1,na,matching_size,1000
U4,1000,2,12,HopcroftKarpMatcher,-1,na,wall_clock_ms,2.00652
U4,1000,2,12,HopcroftKarpMatcher,-1,na,matching_size,1000
U4,1000,1.2,3,SimpleAugmentingMatcher,-1,na,wall_clock_ms,28.9918
U4,1000,1.2,3,SimpleAugmentingMatcher,-1,na,matching_size,979
U4,1000,1.2,3,HopcroftKarpMatcher,0,na,paths_found_per_phase,842
U4,1000,1.2,3,HopcroftKarpMatcher,0,na,bfs_edges_visited,3981
U4,1000,1.2,3,HopcroftKarpMatcher,0,na,dfs_edges_visited,2178
U4,1000,1.2,3,HopcroftKarpMatcher,0,na,defect_at_iteration,158
U4,1000,1.2,3,HopcroftKarpMatcher,1,na,paths_found_per_phase,100
U4,1000,1.2,3,HopcroftKarpMatcher,1,na,bfs_edges_visited,1694
U4,1000,1.2,3,HopcroftKarpMatcher,1,na,dfs_edges_visited,1994
U4,1000,1.2,3,HopcroftKarpMatcher,1,na,defect_at_iteration,58
U4,1000,1.2,3,HopcroftKarpMatcher,2,na,paths_found_per_phase,22
U4,1000,1.2,3,HopcroftKarpMatcher,2,na,bfs_edges_visited,1232
U4,1000,1.2,3,HopcroftKarpMatcher,2,na,dfs_edges_visited,1737
U4,1000,1.2,3,HopcroftKarpMatcher,2,na,defect_at_iteration,36
U4,1000,1.2,3,HopcroftKarpMatcher,3,na,paths_found_per_phase,10
U4,1000,1.2,3,HopcroftKarpMatcher,3,na,bfs_edges_visited,2215
U4,1000,1.2,3,HopcroftKarpMatcher,3,na,dfs_edges_visited,1773
U4,1000,1.2,3,HopcroftKarpMatcher,3,na,defect_at_iteration,26
U4,1000,1.2,3,HopcroftKarpMatcher,4,na,paths_found_per_phase,3
U4,1000,1.2,3,HopcroftKarpMatcher,4,na,bfs_edges_visited,2748
U4,1000,1.2,3,HopcroftKarpMatcher,4,na,dfs_edges_visited,1545
U4,1000,1.2,3,HopcroftKarpMatcher,4,na,defect_at_iteration,23
U4,1000,1.2,3,HopcroftKarpMatcher,5,na,paths_found_per_phase,2
U4,1000,1.2,3,HopcroftKarpMatcher,5,na,bfs_edges_visited,2680
U4,1000,1.2,3,HopcroftKarpMatcher,5,na,dfs_edges_visited,2532
U4,1000,1.2,3,HopcroftKarpMatcher,5,na,defect_at_iteration,21
U4,1000,1.2,3,HopcroftKarpMatcher,-1,na,phase_count,6
U4,1000,1.2,3,HopcroftKarpMatcher,-1,na,main_loop_iters,6
U4,1000,1.2,3,HopcroftKarpMatcher,-1,na,total_bfs_edges_visited,14550
U4,1000,1.2,3,HopcroftKarpMatcher,-1,na,total_edges_visited,26309
U4,1000,1.2,3,HopcroftKarpMatcher,-1,na,matching_size,979
U4,1000,1.2,3,HopcroftKarpMatcher,-1,na,wall_clock_ms,7.88339
U4,1000,1.2,3,HopcroftKarpMatcher,-1,na,matching_size,979
U4,1000,1.9,1,SimpleAugmentingMatcher,-1,na,wall_clock_ms,866.634
U4,1000,1.9,1,SimpleAugmentingMatcher,-1,na,matching_size,1000
U4,1000,1.9,1,HopcroftKarpMatcher,0,na,paths_found_per_phase,999
U4,1000,1.9,1,HopcroftKarpMatcher,0,na,bfs_edges_visited,501187
U4,1000,1.9,1,HopcroftKarpMatcher,0,na,dfs_edges_visited,250819
U4,1000,1.9,1,HopcroftKarpMatcher,0,na,defect_at_iteration,1
U4,1000,1.9,1,HopcroftKarpMatcher,1,na,paths_found_per_phase,1
U4,1000,1.9,1,HopcroftKarpMatcher,1,na,bfs_edges_visited,253909
U4,1000,1.9,1,HopcroftKarpMatcher,1,na,dfs_edges_visited,494
U4,1000,1.9,1,HopcroftKarpMatcher,1,na,defect_at_iteration,0
U4,1000,1.9,1,HopcroftKarpMatcher,-1,na,phase_count,2
U4,1000,1.9,1,HopcroftKarpMatcher,-1,na,main_loop_iters,2
U4,1000,1.9,1,HopcroftKarpMatcher,-1,na,total_bfs_edges_visited,755096
U4,1000,1.9,1,HopcroftKarpMatcher,-1,na,total_edges_visited,1.00641e+06
U4,1000,1.9,1,HopcroftKarpMatcher,-1,na,matching_size,1000
U4,1000,1.9,1,HopcroftKarpMatcher,-1,na,wall_clock_ms,10.9246
U4,1000,1.9,1,HopcroftKarpMatcher,-1,na,matching_size,1000
U4,1000,1.3,4,SimpleAugmentingMatcher,-1,na,wall_clock_ms,40.1927
U4,1000,1.3,4,SimpleAugmentingMatcher,-1,na,matching_size,1000
U4,1000,1.3,4,HopcroftKarpMatcher,0,na,paths_found_per_phase,916
U4,1000,1.3,4,HopcroftKarpMatcher,0,na,bfs_edges_visited,7943
U4,1000,1.3,4,HopcroftKarpMatcher,0,na,dfs_edges_visited,4079
U4,1000,1.3,4,HopcroftKarpMatcher,0,na,defect_at_iteration,84
U4,1000,1.3,4,HopcroftKarpMatcher,1,na,paths_found_per_phase,77
U4,1000,1.3,4,HopcroftKarpMatcher,1,na,bfs_edges_visited,3899
U4,1000,1.3,4,HopcroftKarpMatcher,1,na,dfs_edges_visited,3932
U4,1000,1.3,4,HopcroftKarpMatcher,1,na,defect_at_iteration,7
U4,1000,1.3,4,HopcroftKarpMatcher,2,na,paths_found_per_phase,6
U4,1000,1.3,4,HopcroftKarpMatcher,2,na,bfs_edges_visited,2404
U4,1000,1.3,4,HopcroftKarpMatcher,2,na,dfs_edges_visited,3651
U4,1000,1.3,4,HopcroftKarpMatcher,2,na,defect_at_iteration,1
U4,1000,1.3,4,HopcroftKarpMatcher,3,na,paths_found_per_phase,1
U4,1000,1.3,4,HopcroftKarpMatcher,3,na,bfs_edges_visited,5253
U4,1000,1.3,4,HopcroftKarpMatcher,3,na,dfs_edges_visited,3382
U4,1000,1.3,4,HopcroftKarpMatcher,3,na,defect_at_iteration,0
U4,1000,1.3,4,HopcroftKarpMatcher,-1,na,phase_count,4
U4,1000,1.3,4,HopcroftKarpMatcher,-1,na,main_loop_iters,4
U4,1000,1.3,4,HopcroftKarpMatcher,-1,na,total_bfs_edges_visited,19499
U4,1000,1.3,4,HopcroftKarpMatcher,-1,na,total_edges_visited,34543
U4,1000,1.3,4,HopcroftKarpMatcher,-1,na,matching_size,1000
U4,1000,1.3,4,HopcroftKarpMatcher,-1,na,wall_clock_ms,4.64211
U4,1000,1.3,4,HopcroftKarpMatcher,-1,na,matching_size,1000
U4,2000,1,13,SimpleAugmentingMatcher,-1,na,wall_clock_ms,4.04475
U4,2000,1,13,SimpleAugmentingMatcher,-1,na,matching_size,1083
U4,2000,1,13,HopcroftKarpMatcher,0,na,paths_found_per_phase,1024
U4,2000,1,13,HopcroftKarpMatcher,0,na,bfs_edges_visited,2000
U4,2000,1,13,HopcroftKarpMatcher,0,na,dfs_edges_visited,1493
U4,2000,1,13,HopcroftKarpMatcher,0,na,defect_at_iteration,976
U4,2000,1,13,HopcroftKarpMatcher,1,na,paths_found_per_phase,57
U4,2000,1,13,HopcroftKarpMatcher,1,na,bfs_edges_visited,737
U4,2000,1,13,HopcroftKarpMatcher,1,na,dfs_edges_visited,803
U4,2000,1,13,HopcroftKarpMatcher,1,na,defect_at_iteration,919
U4,2000,1,13,HopcroftKarpMatcher,2,na,paths_found_per_phase,2
U4,2000,1,13,HopcroftKarpMatcher,2,na,bfs_edges_visited,620
U4,2000,1,13,HopcroftKarpMatcher,2,na,dfs_edges_visited,625
U4,2000,1,13,HopcroftKarpMatcher,2,na,defect_at_iteration,917
U4,2000,1,13,HopcroftKarpMatcher,-1,na,phase_count,3
U4,2000,1,13,HopcroftKarpMatcher,-1,na,main_loop_iters,3
U4,2000,1,13,HopcroftKarpMatcher,-1,na,total_bfs_edges_visited,3357
U4,2000,1,13,HopcroftKarpMatcher,-1,na,total_edges_visited,6278
U4,2000,1,13,HopcroftKarpMatcher,-1,na,matching_size,1083
U4,2000,1,13,HopcroftKarpMatcher,-1,na,wall_clock_ms,18.429
U4,2000,1,13,HopcroftKarpMatcher,-1,na,matching_size,1083
U4,1000,1.1,1,SimpleAugmentingMatcher,-1,na,wall_clock_ms,2.64391
U4,1000,1.1,1,SimpleAugmentingMatcher,-1,na,matching_size,782
U4,1000,1.1,1,HopcroftKarpMatcher,0,na,paths_found_per_phase,680
U4,1000,1.1,1,HopcroftKarpMatcher,0,na,bfs_edges_visited,1995
U4,1000,1.1,1,HopcroftKarpMatcher,0,na,dfs_edges_visited,1268
U4,1000,1.1,1,HopcroftKarpMatcher,0,na,defect_at_iteration,320
U4,1000,1.1,1,HopcroftKarpMatcher,1,na,paths_found_per_phase,79
U4,1000,1.1,1,HopcroftKarpMatcher,1,na,bfs_edges_visited,843
U4,1000,1.1,1,HopcroftKarpMatcher,1,na,dfs_edges_visited,955
U4,1000,1.1,1,HopcroftKarpMatcher,1,na,defect_at_iteration,241
U4,1000,1.1,1,HopcroftKarpMatcher,2,na,paths_found_per_phase,14
U4,1000,1.1,1,HopcroftKarpMatcher,2,na,bfs_edges_visited,610
U4,1000,1.1,1,HopcroftKarpMatcher,2,na,dfs_edges_visited,675
U4,1000,1.1,1,HopcroftKarpMatcher,2,na,defect_at_iteration,227
U4,1000,1.1,1,HopcroftKarpMatcher,3,na,paths_found_per_phase,9
U4,1000,1.1,1,HopcroftKarpMatcher,3,na,bfs_edges_visited,651
U4,1000,1.1,1,HopcroftKarpMatcher,3,na,dfs_edges_visited,644
U4,1000,1.1,1,HopcroftKarpMatcher,3,na,defect_at_iteration,218
U4,1000,1.1,1,HopcroftKarpMatcher,-1,na,phase_count,4
U4,1000,1.1,1,HopcroftKarpMatcher,-1,na,main_loop_iters,4
U4,1000,1.1,1,HopcroftKarpMatcher,-1,na,total_bfs_edges_visited,4099
U4,1000,1.1,1,HopcroftKarpMatcher,-1,na,total_edges_visited,7641
U4,1000,1.1,1,HopcroftKarpMatcher,-1,na,matching_size,782
U4,1000,1.1,1,HopcroftKarpMatcher,-1,na,wall_clock_ms,5.01633
U4,1000,1.1,1,HopcroftKarpMatcher,-1,na,matching_size,782
U4,500,1,11,SimpleAugmentingMatcher,-1,na,wall_clock_ms,0.240913
U4,500,1,11,SimpleAugmentingMatcher,-1,na,matching_size,271
U4,500,1,11,HopcroftKarpMatcher,0,na,paths_found_per_phase,253
U4,500,1,11,HopcroftKarpMatcher,0,na,bfs_edges_visited,500
U4,500,1,11,HopcroftKarpMatcher,0,na,dfs_edges_visited,362
U4,500,1,11,HopcroftKarpMatcher,0,na,defect_at_iteration,247
U4,500,1,11,HopcroftKarpMatcher,1,na,paths_found_per_phase,18
U4,500,1,11,HopcroftKarpMatcher,1,na,bfs_edges_visited,160
U4,500,1,11,HopcroftKarpMatcher,1,na,dfs_edges_visited,168
U4,500,1,11,HopcroftKarpMatcher,1,na,defect_at_iteration,229
U4,500,1,11,HopcroftKarpMatcher,-1,na,phase_count,2
U4,500,1,11,HopcroftKarpMatcher,-1,na,main_loop_iters,2
U4,500,1,11,HopcroftKarpMatcher,-1,na,total_bfs_edges_visited,660
U4,500,1,11,HopcroftKarpMatcher,-1,na,total_edges_visited,1190
U4,500,1,11,HopcroftKarpMatcher,-1,na,matching_size,271
U4,500,1,11,HopcroftKarpMatcher,-1,na,wall_clock_ms,0.869665
U4,500,1,11,HopcroftKarpMatcher,-1,na,matching_size,271
U4,500,1.1,5,SimpleAugmentingMatcher,-1,na,wall_clock_ms,0.410449
U4,500,1.1,5,SimpleAugmentingMatcher,-1,na,matching_size,377
U4,500,1.1,5,HopcroftKarpMatcher,0,na,paths_found_per_phase,335
U4,500,1.1,5,HopcroftKarpMatcher,0,na,bfs_edges_visited,930
U4,500,1.1,5,HopcroftKarpMatcher,0,na,dfs_edges_visited,588
U4,500,1.1,5,HopcroftKarpMatcher,0,na,defect_at_iteration,165
U4,500,1.1,5,HopcroftKarpMatcher,1,na,paths_found_per_phase,37
U4,500,1.1,5,HopcroftKarpMatcher,1,na,bfs_edges_visited,352
U4,500,1.1,5,HopcroftKarpMatcher,1,na,dfs_edges_visited,356
U4,500,1.1,5,HopcroftKarpMatcher,1,na,defect_at_iteration,128
U4,500,1.1,5,HopcroftKarpMatcher,2,na,paths_found_per_phase,3
U4,500,1.1,5,HopcroftKarpMatcher,2,na,bfs_edges_visited,216
U4,500,1.1,5,HopcroftKarpMatcher,2,na,dfs_edges_visited,233
U4,500,1.1,5,HopcroftKarpMatcher,2,na,defect_at_iteration,125
U4,500,1.1,5,HopcroftKarpMatcher,3,na,paths_found_per_phase,2
U4,500,1.1,5,HopcroftKarpMatcher,3,na,bfs_edges_visited,233
U4,500,1.1,5,HopcroftKarpMatcher,3,na,dfs_edges_visited,223
U4,500,1.1,5,HopcroftKarpMatcher,3,na,defect_at_iteration,123
U4,500,1.1,5,HopcroftKarpMatcher,-1,na,phase_count,4
U4,500,1.1,5,HopcroftKarpMatcher,-1,na,main_loop_iters,4
U4,500,1.1,5,HopcroftKarpMatcher,-1,na,total_bfs_edges_visited,1731
U4,500,1.1,5,HopcroftKarpMatcher,-1,na,total_edges_visited,3131
U4,500,1.1,5,HopcroftKarpMatcher,-1,na,matching_size,377
U4,500,1.1,5,HopcroftKarpMatcher,-1,na,wall_clock_ms,1.22596
U4,500,1.1,5,HopcroftKarpMatcher,-1,na,matching_size,377
U4,1000,1.4,1,SimpleAugmentingMatcher,-1,na,wall_clock_ms,85.2656
U4,1000,1.4,1,SimpleAugmentingMatcher,-1,na,matching_size,1000
U4,1000,1.4,1,HopcroftKarpMatcher,0,na,paths_found_per_phase,966
U4,1000,1.4,1,HopcroftKarpMatcher,0,na,bfs_edges_visited,15848
U4,1000,1.4,1,HopcroftKarpMatcher,0,na,dfs_edges_visited,7982
U4,1000,1.4,1,HopcroftKarpMatcher,0,na,defect_at_iteration,34
U4,1000,1.4,1,HopcroftKarpMatcher,1,na,paths_found_per_phase,34
U4,1000,1.4,1,HopcroftKarpMatcher,1,na,bfs_edges_visited,6719
U4,1000,1.4,1,HopcroftKarpMatcher,1,na,dfs_edges_visited,3834
U4,1000,1.4,1,HopcroftKarpMatcher,1,na,defect_at_iteration,0
U4,1000,1.4,1,HopcroftKarpMatcher,-1,na,phase_count,2
U4,1000,1.4,1,HopcroftKarpMatcher,-1,na,main_loop_iters,2
U4,1000,1.4,1,HopcroftKarpMatcher,-1,na,total_bfs_edges_visited,22567
U4,1000,1.4,1,HopcroftKarpMatcher,-1,na,total_edges_visited,34383
U4,1000,1.4,1,HopcroftKarpMatcher,-1,na,matching_size,1000
U4,1000,1.4,1,HopcroftKarpMatcher,-1,na,wall_clock_ms,2.45919
U4,1000,1.4,1,HopcroftKarpMatcher,-1,na,matching_size,1000
U4,500,1,14,SimpleAugmentingMatcher,-1,na,wall_clock_ms,0.243928
U4,500,1,14,SimpleAugmentingMatcher,-1,na,matching_size,265
U4,500,1,14,HopcroftKarpMatcher,0,na,paths_found_per_phase,247
U4,500,1,14,HopcroftKarpMatcher,0,na,bfs_edges_visited,500
U4,500,1,14,HopcroftKarpMatcher,0,na,dfs_edges_visited,349
U4,500,1,14,HopcroftKarpMatcher,0,na,defect_at_iteration,253
U4,500,1,14,HopcroftKarpMatcher,1,na,paths_found_per_phase,18
U4,500,1,14,HopcroftKarpMatcher,1,na,bfs_edges_visited,169
U4,500,1,14,HopcroftKarpMatcher,1,na,dfs_edges_visited,185
U4,500,1,14,HopcroftKarpMatcher,1,na,defect_at_iteration,235
U4,500,1,14,HopcroftKarpMatcher,-1,na,phase_count,2
U4,500,1,14,HopcroftKarpMatcher,-1,na,main_loop_iters,2
U4,500,1,14,HopcroftKarpMatcher,-1,na,total_bfs_edges_visited,669
U4,500,1,14,HopcroftKarpMatcher,-1,na,total_edges_visited,1203
U4,500,1,14,HopcroftKarpMatcher,-1,na,matching_size,265
U4,500,1,14,HopcroftKarpMatcher,-1,na,wall_clock_ms,0.891951
U4,500,1,14,HopcroftKarpMatcher,-1,na,matching_size,265
U4,1000,1.6,5,SimpleAugmentingMatcher,-1,na,wall_clock_ms,222.576
U4,1000,1.6,5,SimpleAugmentingMatcher,-1,na,matching_size,1000
U4,1000,1.6,5,HopcroftKarpMatcher,0,na,paths_found_per_phase,988
U4,1000,1.6,5,HopcroftKarpMatcher,0,na,bfs_edges_visited,63095
U4,1000,1.6,5,HopcroftKarpMatcher,0,na,dfs_edges_visited,31718
U4,1000,1.6,5,HopcroftKarpMatcher,0,na,defect_at_iteration,12
U4,1000,1.6,5,HopcroftKarpMatcher,1,na,paths_found_per_phase,12
U4,1000,1.6,5,HopcroftKarpMatcher,1,na,bfs_edges_visited,32979
U4,1000,1.6,5,HopcroftKarpMatcher,1,na,dfs_edges_visited,5674
U4,1000,1.6,5,HopcroftKarpMatcher,1,na,defect_at_iteration,0
U4,1000,1.6,5,HopcroftKarpMatcher,-1,na,phase_count,2
U4,1000,1.6,5,HopcroftKarpMatcher,-1,na,main_loop_iters,2
U4,1000,1.6,5,HopcroftKarpMatcher,-1,na,total_bfs_edges_visited,96074
U4,1000,1.6,5,HopcroftKarpMatcher,-1,na,total_edges_visited,133466
U4,1000,1.6,5,HopcroftKarpMatcher,-1,na,matching_size,1000
U4,1000,1.6,5,HopcroftKarpMatcher,-1,na,wall_clock_ms,3.39867
U4,1000,1.6,5,HopcroftKarpMatcher,-1,na,matching_size,1000
U4,1000,2,0,SimpleAugmentingMatcher,-1,na,wall_clock_ms,218.456
U4,1000,2,0,SimpleAugmentingMatcher,-1,na,matching_size,1000
U4,1000,2,0,HopcroftKarpMatcher,0,na,paths_found_per_phase,1000
U4,1000,2,0,HopcroftKarpMatcher,0,na,bfs_edges_visited,1e+06
U4,1000,2,0,HopcroftKarpMatcher,0,na,dfs_edges_visited,500500
U4,1000,2,0,HopcroftKarpMatcher,0,na,defect_at_iteration,0
U4,1000,2,0,HopcroftKarpMatcher,-1,na,phase_count,1
U4,1000,2,0,HopcroftKarpMatcher,-1,na,main_loop_iters,1
U4,1000,2,0,HopcroftKarpMatcher,-1,na,total_bfs_edges_visited,1e+06
U4,1000,2,0,HopcroftKarpMatcher,-1,na,total_edges_visited,1.5005e+06
U4,1000,2,0,HopcroftKarpMatcher,-1,na,matching_size,1000
U4,1000,2,0,HopcroftKarpMatcher,-1,na,wall_clock_ms,2.00677
U4,1000,2,0,HopcroftKarpMatcher,-1,na,matching_size,1000
U4,500,1.1,1,SimpleAugmentingMatcher,-1,na,wall_clock_ms,0.502785
U4,500,1.1,1,SimpleAugmentingMatcher,-1,na,matching_size,378
U4,500,1.1,1,HopcroftKarpMatcher,0,na,paths_found_per_phase,340
U4,500,1.1,1,HopcroftKarpMatcher,0,na,bfs_edges_visited,930
U4,500,1.1,1,HopcroftKarpMatcher,0,na,dfs_edges_visited,610
U4,500,1.1,1,HopcroftKarpMatcher,0,na,defect_at_iteration,160
U4,500,1.1,1,HopcroftKarpMatcher,1,na,paths_found_per_phase,31
U4,500,1.1,1,HopcroftKarpMatcher,1,na,bfs_edges_visited,371
U4,500,1.1,1,HopcroftKarpMatcher,1,na,dfs_edges_visited,380
U4,500,1.1,1,HopcroftKarpMatcher,1,na,defect_at_iteration,129
U4,500,1.1,1,HopcroftKarpMatcher,2,na,paths_found_per_phase,5
U4,500,1.1,1,HopcroftKarpMatcher,2,na,bfs_edges_visited,242
U4,500,1.1,1,HopcroftKarpMatcher,2,na,dfs_edges_visited,276
U4,500,1.1,1,HopcroftKarpMatcher,2,na,defect_at_iteration,124
U4,500,1.1,1,HopcroftKarpMatcher,3,na,paths_found_per_phase,2
U4,500,1.1,1,HopcroftKarpMatcher,3,na,bfs_edges_visited,282
U4,500,1.1,1,HopcroftKarpMatcher,3,na,dfs_edges_visited,292
U4,500,1.1,1,HopcroftKarpMatcher,3,na,defect_at_iteration,122
U4,500,1.1,1,HopcroftKarpMatcher,-1,na,phase_count,4
U4,500,1.1,1,HopcroftKarpMatcher,-1,na,main_loop_iters,4
U4,500,1.1,1,HopcroftKarpMatcher,-1,na,total_bfs_edges_visited,1825
U4,500,1.1,1,HopcroftKarpMatcher,-1,na,total_edges_visited,3383
U4,500,1.1,1,HopcroftKarpMatcher,-1,na,matching_size,378
U4,500,1.1,1,HopcroftKarpMatcher,-1,na,wall_clock_ms,1.30304
U4,500,1.1,1,HopcroftKarpMatcher,-1,na,matching_size,378
U4,500,1.9,3,SimpleAugmentingMatcher,-1,na,wall_clock_ms,100.371
U4,500,1.9,3,SimpleAugmentingMatcher,-1,na,matching_size,500
U4,500,1.9,3,HopcroftKarpMatcher,0,na,paths_found_per_phase,500
U4,500,1.9,3,HopcroftKarpMatcher,0,na,bfs_edges_visited,134289
U4,500,1.9,3,HopcroftKarpMatcher,0,na,dfs_edges_visited,67420
U4,500,1.9,3,HopcroftKarpMatcher,0,na,defect_at_iteration,0
U4,500,1.9,3,HopcroftKarpMatcher,-1,na,phase_count,1
U4,500,1.9,3,HopcroftKarpMatcher,-1,na,main_loop_iters,1
U4,500,1.9,3,HopcroftKarpMatcher,-1,na,total_bfs_edges_visited,134289
U4,500,1.9,3,HopcroftKarpMatcher,-1,na,total_edges_visited,201709
U4,500,1.9,3,HopcroftKarpMatcher,-1,na,matching_size,500
U4,500,1.9,3,HopcroftKarpMatcher,-1,na,wall_clock_ms,2.01635
U4,500,1.9,3,HopcroftKarpMatcher,-1,na,matching_size,500
U4,2000,2,7,SimpleAugmentingMatcher,-1,na,wall_clock_ms,1729.76
U4,2000,2,7,SimpleAugmentingMatcher,-1,na,matching_size,2000
U4,2000,2,7,HopcroftKarpMatcher,0,na,paths_found_per_phase,2000
U4,2000,2,7,HopcroftKarpMatcher,0,na,bfs_edges_visited,4e+06
U4,2000,2,7,HopcroftKarpMatcher,0,na,dfs_edges_visited,2.001e+06
U4,2000,2,7,HopcroftKarpMatcher,0,na,defect_at_iteration,0
U4,2000,2,7,HopcroftKarpMatcher,-1,na,phase_count,1
U4,2000,2,7,HopcroftKarpMatcher,-1,na,main_loop_iters,1
U4,2000,2,7,HopcroftKarpMatcher,-1,na,total_bfs_edges_visited,4e+06
U4,2000,2,7,HopcroftKarpMatcher,-1,na,total_edges_visited,6.001e+06
U4,2000,2,7,HopcroftKarpMatcher,-1,na,matching_size,2000
U4,2000,2,7,HopcroftKarpMatcher,-1,na,wall_clock_ms,8.00335
U4,2000,2,7,HopcroftKarpMatcher,-1,na,matching_size,2000
U4,2000,1.8,11,SimpleAugmentingMatcher,-1,na,wall_clock_ms,4199.66
U4,2000,1.8,11,SimpleAugmentingMatcher,-1,na,matching_size,2000
U4,2000,1.8,11,HopcroftKarpMatcher,0,na,paths_found_per_phase,1997
U4,2000,1.8,11,HopcroftKarpMatcher,0,na,bfs_edges_visited,874689
U4,2000,1.8,11,HopcroftKarpMatcher,0,na,dfs_edges_visited,437735
U4,2000,1.8,11,HopcroftKarpMatcher,0,na,defect_at_iteration,3
U4,2000,1.8,11,HopcroftKarpMatcher,1,na,paths_found_per_phase,3
U4,2000,1.8,11,HopcroftKarpMatcher,1,na,bfs_edges_visited,445758
U4,2000,1.8,11,HopcroftKarpMatcher,1,na,dfs_edges_visited,1760
U4,2000,1.8,11,HopcroftKarpMatcher,1,na,defect_at_iteration,0
U4,2000,1.8,11,HopcroftKarpMatcher,-1,na,phase_count,2
U4,2000,1.8,11,HopcroftKarpMatcher,-1,na,main_loop_iters,2
U4,2000,1.8,11,HopcroftKarpMatcher,-1,na,total_bfs_edges_visited,1.32045e+06
U4,2000,1.8,11,HopcroftKarpMatcher,-1,na,total_edges_visited,1.75994e+06
U4,2000,1.8,11,HopcroftKarpMatcher,-1,na,matching_size,2000
U4,2000,1.8,11,HopcroftKarpMatcher,-1,na,wall_clock_ms,26.0529
U4,2000,1.8,11,HopcroftKarpMatcher,-1,na,matching_size,2000
U4,2000,1.6,10,SimpleAugmentingMatcher,-1,na,wall_clock_ms,1698.64
U4,2000,1.6,10,SimpleAugmentingMatcher,-1,na,matching_size,2000
U4,2000,1.6,10,HopcroftKarpMatcher,0,na,paths_found_per_phase,1984
U4,2000,1.6,10,HopcroftKarpMatcher,0,na,bfs_edges_visited,191270
U4,2000,1.6,10,HopcroftKarpMatcher,0,na,dfs_edges_visited,95248
U4,2000,1.6,10,HopcroftKarpMatcher,0,na,defect_at_iteration,16
U4,2000,1.6,10,HopcroftKarpMatcher,1,na,paths_found_per_phase,16
U4,2000,1.6,10,HopcroftKarpMatcher,1,na,bfs_edges_visited,102180
U4,2000,1.6,10,HopcroftKarpMatcher,1,na,dfs_edges_visited,6872
U4,2000,1.6,10,HopcroftKarpMatcher,1,na,defect_at_iteration,0
U4,2000,1.6,10,HopcroftKarpMatcher,-1,na,phase_count,2
U4,2000,1.6,10,HopcroftKarpMatcher,-1,na,main_loop_iters,2
U4,2000,1.6,10,HopcroftKarpMatcher,-1,na,total_bfs_edges_visited,293450
U4,2000,1.6,10,HopcroftKarpMatcher,-1,na,total_edges_visited,395570
U4,2000,1.6,10,HopcroftKarpMatcher,-1,na,matching_size,2000
U4,2000,1.6,10,HopcroftKarpMatcher,-1,na,wall_clock_ms,11.9398
U4,2000,1.6,10,HopcroftKarpMatcher,-1,na,matching_size,2000
U4,500,1.6,14,SimpleAugmentingMatcher,-1,na,wall_clock_ms,29.1417
U4,500,1.6,14,SimpleAugmentingMatcher,-1,na,matching_size,500
U4,500,1.6,14,HopcroftKarpMatcher,0,na,paths_found_per_phase,488
U4,500,1.6,14,HopcroftKarpMatcher,0,na,bfs_edges_visited,20813
U4,500,1.6,14,HopcroftKarpMatcher,0,na,dfs_edges_visited,10473
U4,500,1.6,14,HopcroftKarpMatcher,0,na,defect_at_iteration,12
U4,500,1.6,14,HopcroftKarpMatcher,1,na,paths_found_per_phase,12
U4,500,1.6,14,HopcroftKarpMatcher,1,na,bfs_edges_visited,13564
U4,500,1.6,14,HopcroftKarpMatcher,1,na,dfs_edges_visited,1232
U4,500,1.6,14,HopcroftKarpMatcher,1,na,defect_at_iteration,0
U4,500,1.6,14,HopcroftKarpMatcher,-1,na,phase_count,2
U4,500,1.6,14,HopcroftKarpMatcher,-1,na,main_loop_iters,2
U4,500,1.6,14,HopcroftKarpMatcher,-1,na,total_bfs_edges_visited,34377
U4,500,1.6,14,HopcroftKarpMatcher,-1,na,total_edges_visited,46082
U4,500,1.6,14,HopcroftKarpMatcher,-1,na,matching_size,500
U4,500,1.6,14,HopcroftKarpMatcher,-1,na,wall_clock_ms,1.01624
U4,500,1.6,14,HopcroftKarpMatcher,-1,na,matching_size,500
U4,1000,1,0,SimpleAugmentingMatcher,-1,na,wall_clock_ms,0.947847
U4,1000,1,0,SimpleAugmentingMatcher,-1,na,matching_size,557
U4,1000,1,0,HopcroftKarpMatcher,0,na,paths_found_per_phase,518
U4,1000,1,0,HopcroftKarpMatcher,0,na,bfs_edges_visited,1000
U4,1000,1,0,HopcroftKarpMatcher,0,na,dfs_edges_visited,718
U4,1000,1,0,HopcroftKarpMatcher,0,na,defect_at_iteration,482
U4,1000,1,0,HopcroftKarpMatcher,1,na,paths_found_per_phase,38
U4,1000,1,0,HopcroftKarpMatcher,1,na,bfs_edges_visited,353
U4,1000,1,0,HopcroftKarpMatcher,1,na,dfs_edges_visited,355
U4,1000,1,0,HopcroftKarpMatcher,1,na,defect_at_iteration,444
U4,1000,1,0,HopcroftKarpMatcher,2,na,paths_found_per_phase,1
U4,1000,1,0,HopcroftKarpMatcher,2,na,bfs_edges_visited,228
U4,1000,1,0,HopcroftKarpMatcher,2,na,dfs_edges_visited,237
U4,1000,1,0,HopcroftKarpMatcher,2,na,defect_at_iteration,443
U4,1000,1,0,HopcroftKarpMatcher,-1,na,phase_count,3
U4,1000,1,0,HopcroftKarpMatcher,-1,na,main_loop_iters,3
U4,1000,1,0,HopcroftKarpMatcher,-1,na,total_bfs_edges_visited,1581
U4,1000,1,0,HopcroftKarpMatcher,-1,na,total_edges_visited,2891
U4,1000,1,0,HopcroftKarpMatcher,-1,na,matching_size,557
U4,1000,1,0,HopcroftKarpMatcher,-1,na,wall_clock_ms,4.49815
U4,1000,1,0,HopcroftKarpMatcher,-1,na,matching_size,557
U4,1000,2,14,SimpleAugmentingMatcher,-1,na,wall_clock_ms,218.416
U4,1000,2,14,SimpleAugmentingMatcher,-1,na,matching_size,1000
U4,1000,2,14,HopcroftKarpMatcher,0,na,paths_found_per_phase,1000
U4,1000,2,14,HopcroftKarpMatcher,0,na,bfs_edges_visited,1e+06
U4,1000,2,14,HopcroftKarpMatcher,0,na,dfs_edges_visited,500500
U4,1000,2,14,HopcroftKarpMatcher,0,na,defect_at_iteration,0
U4,1000,2,14,HopcroftKarpMatcher,-1,na,phase_count,1
U4,1000,2,14,HopcroftKarpMatcher,-1,na,main_loop_iters,1
U4,1000,2,14,HopcroftKarpMatcher,-1,na,total_bfs_edges_visited,1e+06
U4,1000,2,14,HopcroftKarpMatcher,-1,na,total_edges_visited,1.5005e+06
U4,1000,2,14,HopcroftKarpMatcher,-1,na,matching_size,1000
U4,1000,2,14,HopcroftKarpMatcher,-1,na,wall_clock_ms,2.00903
U4,1000,2,14,HopcroftKarpMatcher,-1,na,matching_size,1000
U4,1000,1.3,9,SimpleAugmentingMatcher,-1,na,wall_clock_ms,42.3689
U4,1000,1.3,9,SimpleAugmentingMatcher,-1,na,matching_size,999
U4,1000,1.3,9,HopcroftKarpMatcher,0,na,paths_found_per_phase,915
U4,1000,1.3,9,HopcroftKarpMatcher,0,na,bfs_edges_visited,7943
U4,1000,1.3,9,HopcroftKarpMatcher,0,na,dfs_edges_visited,4057
U4,1000,1.3,9,HopcroftKarpMatcher,0,na,defect_at_iteration,85
U4,1000,1.3,9,HopcroftKarpMatcher,1,na,paths_found_per_phase,79
U4,1000,1.3,9,HopcroftKarpMatcher,1,na,bfs_edges_visited,3876
U4,1000,1.3,9,HopcroftKarpMatcher,1,na,dfs_edges_visited,3821
U4,1000,1.3,9,HopcroftKarpMatcher,1,na,defect_at_iteration,6
U4,1000,1.3,9,HopcroftKarpMatcher,2,na,paths_found_per_phase,4
U4,1000,1.3,9,HopcroftKarpMatcher,2,na,bfs_edges_visited,1356
U4,1000,1.3,9,HopcroftKarpMatcher,2,na,dfs_edges_visited,1927
U4,1000,1.3,9,HopcroftKarpMatcher,2,na,defect_at_iteration,2
U4,1000,1.3,9,HopcroftKarpMatcher,3,na,paths_found_per_phase,1
U4,1000,1.3,9,HopcroftKarpMatcher,3,na,bfs_edges_visited,3993
U4,1000,1.3,9,HopcroftKarpMatcher,3,na,dfs_edges_visited,1588
U4,1000,1.3,9,HopcroftKarpMatcher,3,na,defect_at_iteration,1
U4,1000,1.3,9,HopcroftKarpMatcher,-1,na,phase_count,4
U4,1000,1.3,9,HopcroftKarpMatcher,-1,na,main_loop_iters,4
U4,1000,1.3,9,HopcroftKarpMatcher,-1,na,total_bfs_edges_visited,17168
U4,1000,1.3,9,HopcroftKarpMatcher,-1,na,total_edges_visited,28561
U4,1000,1.3,9,HopcroftKarpMatcher,-1,na,matching_size,999
U4,1000,1.3,9,HopcroftKarpMatcher,-1,na,wall_clock_ms,3.83829
U4,1000,1.3,9,HopcroftKarpMatcher,-1,na,matching_size,999
U4,1000,1,13,SimpleAugmentingMatcher,-1,na,wall_clock_ms,0.953806
U4,1000,1,13,SimpleAugmentingMatcher,-1,na,matching_size,542
U4,1000,1,13,HopcroftKarpMatcher,0,na,paths_found_per_phase,506
U4,1000,1,13,HopcroftKarpMatcher,0,na,bfs_edges_visited,1000
U4,1000,1,13,HopcroftKarpMatcher,0,na,dfs_edges_visited,710
U4,1000,1,13,HopcroftKarpMatcher,0,na,defect_at_iteration,494
U4,1000,1,13,HopcroftKarpMatcher,1,na,paths_found_per_phase,35
U4,1000,1,13,HopcroftKarpMatcher,1,na,bfs_edges_visited,360
U4,1000,1,13,HopcroftKarpMatcher,1,na,dfs_edges_visited,382
U4,1000,1,13,HopcroftKarpMatcher,1,na,defect_at_iteration,459
U4,1000,1,13,HopcroftKarpMatcher,2,na,paths_found_per_phase,1
U4,1000,1,13,HopcroftKarpMatcher,2,na,bfs_edges_visited,252
U4,1000,1,13,HopcroftKarpMatcher,2,na,dfs_edges_visited,252
U4,1000,1,13,HopcroftKarpMatcher,2,na,defect_at_iteration,458
U4,1000,1,13,HopcroftKarpMatcher,-1,na,phase_count,3
U4,1000,1,13,HopcroftKarpMatcher,-1,na,main_loop_iters,3
U4,1000,1,13,HopcroftKarpMatcher,-1,na,total_bfs_edges_visited,1612
U4,1000,1,13,HopcroftKarpMatcher,-1,na,total_edges_visited,2956
U4,1000,1,13,HopcroftKarpMatcher,-1,na,matching_size,542
U4,1000,1,13,HopcroftKarpMatcher,-1,na,wall_clock_ms,4.60438
U4,1000,1,13,HopcroftKarpMatcher,-1,na,matching_size,542
U4,2000,1.5,11,SimpleAugmentingMatcher,-1,na,wall_clock_ms,1178.86
U4,2000,1.5,11,SimpleAugmentingMatcher,-1,na,matching_size,2000
U4,2000,1.5,11,HopcroftKarpMatcher,0,na,paths_found_per_phase,1973
U4,2000,1.5,11,HopcroftKarpMatcher,0,na,bfs_edges_visited,89442
U4,2000,1.5,11,HopcroftKarpMatcher,0,na,dfs_edges_visited,44841
U4,2000,1.5,11,HopcroftKarpMatcher,0,na,defect_at_iteration,27
U4,2000,1.5,11,HopcroftKarpMatcher,1,na,paths_found_per_phase,27
U4,2000,1.5,11,HopcroftKarpMatcher,1,na,bfs_edges_visited,41564
U4,2000,1.5,11,HopcroftKarpMatcher,1,na,dfs_edges_visited,7299
U4,2000,1.5,11,HopcroftKarpMatcher,1,na,defect_at_iteration,0
U4,2000,1.5,11,HopcroftKarpMatcher,-1,na,phase_count,2
U4,2000,1.5,11,HopcroftKarpMatcher,-1,na,main_loop_iters,2
U4,2000,1.5,11,HopcroftKarpMatcher,-1,na,total_bfs_edges_visited,131006
U4,2000,1.5,11,HopcroftKarpMatcher,-1,na,total_edges_visited,183146
U4,2000,1.5,11,HopcroftKarpMatcher,-1,na,matching_size,2000
U4,2000,1.5,11,HopcroftKarpMatcher,-1,na,wall_clock_ms,9.70624
U4,2000,1.5,11,HopcroftKarpMatcher,-1,na,matching_size,2000
U4,2000,1.6,9,SimpleAugmentingMatcher,-1,na,wall_clock_ms,1701.59
U4,2000,1.6,9,SimpleAugmentingMatcher,-1,na,matching_size,2000
U4,2000,1.6,9,HopcroftKarpMatcher,0,na,paths_found_per_phase,1986
U4,2000,1.6,9,HopcroftKarpMatcher,0,na,bfs_edges_visited,191270
U4,2000,1.6,9,HopcroftKarpMatcher,0,na,dfs_edges_visited,95791
U4,2000,1.6,9,HopcroftKarpMatcher,0,na,defect_at_iteration,14
U4,2000,1.6,9,HopcroftKarpMatcher,1,na,paths_found_per_phase,14
U4,2000,1.6,9,HopcroftKarpMatcher,1,na,bfs_edges_visited,95338
U4,2000,1.6,9,HopcroftKarpMatcher,1,na,dfs_edges_visited,9163
U4,2000,1.6,9,HopcroftKarpMatcher,1,na,defect_at_iteration,0
U4,2000,1.6,9,HopcroftKarpMatcher,-1,na,phase_count,2
U4,2000,1.6,9,HopcroftKarpMatcher,-1,na,main_loop_iters,2
U4,2000,1.6,9,HopcroftKarpMatcher,-1,na,total_bfs_edges_visited,286608
U4,2000,1.6,9,HopcroftKarpMatcher,-1,na,total_edges_visited,391562
U4,2000,1.6,9,HopcroftKarpMatcher,-1,na,matching_size,2000
U4,2000,1.6,9,HopcroftKarpMatcher,-1,na,wall_clock_ms,11.7908
U4,2000,1.6,9,HopcroftKarpMatcher,-1,na,matching_size,2000
U4,1000,1.5,0,SimpleAugmentingMatcher,-1,na,wall_clock_ms,146.197
U4,1000,1.5,0,SimpleAugmentingMatcher,-1,na,matching_size,1000
U4,1000,1.5,0,HopcroftKarpMatcher,0,na,paths_found_per_phase,975
U4,1000,1.5,0,HopcroftKarpMatcher,0,na,bfs_edges_visited,31622
U4,1000,1.5,0,HopcroftKarpMatcher,0,na,dfs_edges_visited,15843
U4,1000,1.5,0,HopcroftKarpMatcher,0,na,defect_at_iteration,25
U4,1000,1.5,0,HopcroftKarpMatcher,1,na,paths_found_per_phase,25
U4,1000,1.5,0,HopcroftKarpMatcher,1,na,bfs_edges_visited,17157
U4,1000,1.5,0,HopcroftKarpMatcher,1,na,dfs_edges_visited,6570
U4,1000,1.5,0,HopcroftKarpMatcher,1,na,defect_at_iteration,0
U4,1000,1.5,0,HopcroftKarpMatcher,-1,na,phase_count,2
U4,1000,1.5,0,HopcroftKarpMatcher,-1,na,main_loop_iters,2
U4,1000,1.5,0,HopcroftKarpMatcher,-1,na,total_bfs_edges_visited,48779
U4,1000,1.5,0,HopcroftKarpMatcher,-1,na,total_edges_visited,71192
U4,1000,1.5,0,HopcroftKarpMatcher,-1,na,matching_size,1000
U4,1000,1.5,0,HopcroftKarpMatcher,-1,na,wall_clock_ms,2.93112
U4,1000,1.5,0,HopcroftKarpMatcher,-1,na,matching_size,1000
U4,500,1.4,6,SimpleAugmentingMatcher,-1,na,wall_clock_ms,10.4199
U4,500,1.4,6,SimpleAugmentingMatcher,-1,na,matching_size,500
U4,500,1.4,6,HopcroftKarpMatcher,0,na,paths_found_per_phase,470
U4,500,1.4,6,HopcroftKarpMatcher,0,na,bfs_edges_visited,6005
U4,500,1.4,6,HopcroftKarpMatcher,0,na,dfs_edges_visited,3067
U4,500,1.4,6,HopcroftKarpMatcher,0,na,defect_at_iteration,30
U4,500,1.4,6,HopcroftKarpMatcher,1,na,paths_found_per_phase,29
U4,500,1.4,6,HopcroftKarpMatcher,1,na,bfs_edges_visited,3191
U4,500,1.4,6,HopcroftKarpMatcher,1,na,dfs_edges_visited,1999
U4,500,1.4,6,HopcroftKarpMatcher,1,na,defect_at_iteration,1
U4,500,1.4,6,HopcroftKarpMatcher,2,na,paths_found_per_phase,1
U4,500,1.4,6,HopcroftKarpMatcher,2,na,bfs_edges_visited,5599
U4,500,1.4,6,HopcroftKarpMatcher,2,na,dfs_edges_visited,1123
U4,500,1.4,6,HopcroftKarpMatcher,2,na,defect_at_iteration,0
U4,500,1.4,6,HopcroftKarpMatcher,-1,na,phase_count,3
U4,500,1.4,6,HopcroftKarpMatcher,-1,na,main_loop_iters,3
U4,500,1.4,6,HopcroftKarpMatcher,-1,na,total_bfs_edges_visited,14795
U4,500,1.4,6,HopcroftKarpMatcher,-1,na,total_edges_visited,20984
U4,500,1.4,6,HopcroftKarpMatcher,-1,na,matching_size,500
U4,500,1.4,6,HopcroftKarpMatcher,-1,na,wall_clock_ms,1.10745
U4,500,1.4,6,HopcroftKarpMatcher,-1,na,matching_size,500
U4,2000,1.9,5,SimpleAugmentingMatcher,-1,na,wall_clock_ms,7021.37
U4,2000,1.9,5,SimpleAugmentingMatcher,-1,na,matching_size,2000
U4,2000,1.9,5,HopcroftKarpMatcher,0,na,paths_found_per_phase,1999
U4,2000,1.9,5,HopcroftKarpMatcher,0,na,bfs_edges_visited,1.8705e+06
U4,2000,1.9,5,HopcroftKarpMatcher,0,na,dfs_edges_visited,936201
U4,2000,1.9,5,HopcroftKarpMatcher,0,na,defect_at_iteration,1
U4,2000,1.9,5,HopcroftKarpMatcher,1,na,paths_found_per_phase,1
U4,2000,1.9,5,HopcroftKarpMatcher,1,na,bfs_edges_visited,886600
U4,2000,1.9,5,HopcroftKarpMatcher,1,na,dfs_edges_visited,2832
U4,2000,1.9,5,HopcroftKarpMatcher,1,na,defect_at_iteration,0
U4,2000,1.9,5,HopcroftKarpMatcher,-1,na,phase_count,2
U4,2000,1.9,5,HopcroftKarpMatcher,-1,na,main_loop_iters,2
U4,2000,1.9,5,HopcroftKarpMatcher,-1,na,total_bfs_edges_visited,2.7571e+06
U4,2000,1.9,5,HopcroftKarpMatcher,-1,na,total_edges_visited,3.69613e+06
U4,2000,1.9,5,HopcroftKarpMatcher,-1,na,matching_size,2000
U4,2000,1.9,5,HopcroftKarpMatcher,-1,na,wall_clock_ms,43.0559
U4,2000,1.9,5,HopcroftKarpMatcher,-1,na,matching_size,2000
U4,1000,1.2,14,SimpleAugmentingMatcher,-1,na,wall_clock_ms,26.7985
U4,1000,1.2,14,SimpleAugmentingMatcher,-1,na,matching_size,975
U4,1000,1.2,14,HopcroftKarpMatcher,0,na,paths_found_per_phase,830
U4,1000,1.2,14,HopcroftKarpMatcher,0,na,bfs_edges_visited,3981
U4,1000,1.2,14,HopcroftKarpMatcher,0,na,dfs_edges_visited,2155
U4,1000,1.2,14,HopcroftKarpMatcher,0,na,defect_at_iteration,170
U4,1000,1.2,14,HopcroftKarpMatcher,1,na,paths_found_per_phase,111
U4,1000,1.2,14,HopcroftKarpMatcher,1,na,bfs_edges_visited,1780
U4,1000,1.2,14,HopcroftKarpMatcher,1,na,dfs_edges_visited,1854
U4,1000,1.2,14,HopcroftKarpMatcher,1,na,defect_at_iteration,59
U4,1000,1.2,14,HopcroftKarpMatcher,2,na,paths_found_per_phase,22
U4,1000,1.2,14,HopcroftKarpMatcher,2,na,bfs_edges_visited,984
U4,1000,1.2,14,HopcroftKarpMatcher,2,na,dfs_edges_visited,1260
U4,1000,1.2,14,HopcroftKarpMatcher,2,na,defect_at_iteration,37
U4,1000,1.2,14,HopcroftKarpMatcher,3,na,paths_found_per_phase,3
U4,1000,1.2,14,HopcroftKarpMatcher,3,na,bfs_edges_visited,1515
U4,1000,1.2,14,HopcroftKarpMatcher,3,na,dfs_edges_visited,1779
U4,1000,1.2,14,HopcroftKarpMatcher,3,na,defect_at_iteration,34
U4,1000,1.2,14,HopcroftKarpMatcher,4,na,paths_found_per_phase,2
U4,1000,1.2,14,HopcroftKarpMatcher,4,na,bfs_edges_visited,1394
U4,1000,1.2,14,HopcroftKarpMatcher,4,na,dfs_edges_visited,1878
U4,1000,1.2,14,HopcroftKarpMatcher,4,na,defect_at_iteration,32
U4,1000,1.2,14,HopcroftKarpMatcher,5,na,paths_found_per_phase,5
U4,1000,1.2,14,HopcroftKarpMatcher,5,na,bfs_edges_visited,2885
U4,1000,1.2,14,HopcroftKarpMatcher,5,na,dfs_edges_visited,773
U4,1000,1.2,14,HopcroftKarpMatcher,5,na,defect_at_iteration,27
U4,1000,1.2,14,HopcroftKarpMatcher,6,na,paths_found_per_phase,1
U4,1000,1.2,14,HopcroftKarpMatcher,6,na,bfs_edges_visited,2304
U4,1000,1.2,14,HopcroftKarpMatcher,6,na,dfs_edges_visited,1360
U4,1000,1.2,14,HopcroftKarpMatcher,6,na,defect_at_iteration,26
U4,1000,1.2,14,HopcroftKarpMatcher,7,na,paths_found_per_phase,1
U4,1000,1.2,14,HopcroftKarpMatcher,7,na,bfs_edges_visited,2796
U4,1000,1.2,14,HopcroftKarpMatcher,7,na,dfs_edges_visited,280
U4,1000,1.2,14,HopcroftKarpMatcher,7,na,defect_at_iteration,25
U4,1000,1.2,14,HopcroftKarpMatcher,-1,na,phase_count,8
U4,1000,1.2,14,HopcroftKarpMatcher,-1,na,main_loop_iters,8
U4,1000,1.2,14,HopcroftKarpMatcher,-1,na,total_bfs_edges_visited,17639
U4,1000,1.2,14,HopcroftKarpMatcher,-1,na,total_edges_visited,28978
U4,1000,1.2,14,HopcroftKarpMatcher,-1,na,matching_size,975
U4,1000,1.2,14,HopcroftKarpMatcher,-1,na,wall_clock_ms,7.95612
U4,1000,1.2,14,HopcroftKarpMatcher,-1,na,matching_size,975
U4,500,1.5,5,SimpleAugmentingMatcher,-1,na,wall_clock_ms,18.4486
U4,500,1.5,5,SimpleAugmentingMatcher,-1,na,matching_size,500
U4,500,1.5,5,HopcroftKarpMatcher,0,na,paths_found_per_phase,486
U4,500,1.5,5,HopcroftKarpMatcher,0,na,bfs_edges_visited,11180
U4,500,1.5,5,HopcroftKarpMatcher,0,na,dfs_edges_visited,5625
U4,500,1.5,5,HopcroftKarpMatcher,0,na,defect_at_iteration,14
U4,500,1.5,5,HopcroftKarpMatcher,1,na,paths_found_per_phase,14
U4,500,1.5,5,HopcroftKarpMatcher,1,na,bfs_edges_visited,5241
U4,500,1.5,5,HopcroftKarpMatcher,1,na,dfs_edges_visited,1596
U4,500,1.5,5,HopcroftKarpMatcher,1,na,defect_at_iteration,0
U4,500,1.5,5,HopcroftKarpMatcher,-1,na,phase_count,2
U4,500,1.5,5,HopcroftKarpMatcher,-1,na,main_loop_iters,2
U4,500,1.5,5,HopcroftKarpMatcher,-1,na,total_bfs_edges_visited,16421
U4,500,1.5,5,HopcroftKarpMatcher,-1,na,total_edges_visited,23642
U4,500,1.5,5,HopcroftKarpMatcher,-1,na,matching_size,500
U4,500,1.5,5,HopcroftKarpMatcher,-1,na,wall_clock_ms,0.768058
U4,500,1.5,5,HopcroftKarpMatcher,-1,na,matching_size,500
U4,500,1.8,8,SimpleAugmentingMatcher,-1,na,wall_clock_ms,73.2291
U4,500,1.8,8,SimpleAugmentingMatcher,-1,na,matching_size,500
U4,500,1.8,8,HopcroftKarpMatcher,0,na,paths_found_per_phase,498
U4,500,1.8,8,HopcroftKarpMatcher,0,na,bfs_edges_visited,72134
U4,500,1.8,8,HopcroftKarpMatcher,0,na,dfs_edges_visited,36142
U4,500,1.8,8,HopcroftKarpMatcher,0,na,defect_at_iteration,2
U4,500,1.8,8,HopcroftKarpMatcher,1,na,paths_found_per_phase,2
U4,500,1.8,8,HopcroftKarpMatcher,1,na,bfs_edges_visited,33224
U4,500,1.8,8,HopcroftKarpMatcher,1,na,dfs_edges_visited,292
U4,500,1.8,8,HopcroftKarpMatcher,1,na,defect_at_iteration,0
U4,500,1.8,8,HopcroftKarpMatcher,-1,na,phase_count,2
U4,500,1.8,8,HopcroftKarpMatcher,-1,na,main_loop_iters,2
U4,500,1.8,8,HopcroftKarpMatcher,-1,na,total_bfs_edges_visited,105358
U4,500,1.8,8,HopcroftKarpMatcher,-1,na,total_edges_visited,141792
U4,500,1.8,8,HopcroftKarpMatcher,-1,na,matching_size,500
U4,500,1.8,8,HopcroftKarpMatcher,-1,na,wall_clock_ms,1.9984
U4,500,1.8,8,HopcroftKarpMatcher,-1,na,matching_size,500
U4,500,1,4,SimpleAugmentingMatcher,-1,na,wall_clock_ms,0.249842
U4,500,1,4,SimpleAugmentingMatcher,-1,na,matching_size,272
U4,500,1,4,HopcroftKarpMatcher,0,na,paths_found_per_phase,249
U4,500,1,4,HopcroftKarpMatcher,0,na,bfs_edges_visited,500
U4,500,1,4,HopcroftKarpMatcher,0,na,dfs_edges_visited,354
U4,500,1,4,HopcroftKarpMatcher,0,na,defect_at_iteration,251
U4,500,1,4,HopcroftKarpMatcher,1,na,paths_found_per_phase,23
U4,500,1,4,HopcroftKarpMatcher,1,na,bfs_edges_visited,180
U4,500,1,4,HopcroftKarpMatcher,1,na,dfs_edges_visited,197
U4,500,1,4,HopcroftKarpMatcher,1,na,defect_at_iteration,228
U4,500,1,4,HopcroftKarpMatcher,-1,na,phase_count,2
U4,500,1,4,HopcroftKarpMatcher,-1,na,main_loop_iters,2
U4,500,1,4,HopcroftKarpMatcher,-1,na,total_bfs_edges_visited,680
U4,500,1,4,HopcroftKarpMatcher,-1,na,total_edges_visited,1231
U4,500,1,4,HopcroftKarpMatcher,-1,na,matching_size,272
U4,500,1,4,HopcroftKarpMatcher,-1,na,wall_clock_ms,0.919367
U4,500,1,4,HopcroftKarpMatcher,-1,na,matching_size,272
U4,1000,1.7,4,SimpleAugmentingMatcher,-1,na,wall_clock_ms,338.779
U4,1000,1.7,4,SimpleAugmentingMatcher,-1,na,matching_size,1000
U4,1000,1.7,4,HopcroftKarpMatcher,0,na,paths_found_per_phase,996
U4,1000,1.7,4,HopcroftKarpMatcher,0,na,bfs_edges_visited,125892
U4,1000,1.7,4,HopcroftKarpMatcher,0,na,dfs_edges_visited,63202
U4,1000,1.7,4,HopcroftKarpMatcher,0,na,defect_at_iteration,4
U4,1000,1.7,4,HopcroftKarpMatcher,1,na,paths_found_per_phase,4
U4,1000,1.7,4,HopcroftKarpMatcher,1,na,bfs_edges_visited,48163
U4,1000,1.7,4,HopcroftKarpMatcher,1,na,dfs_edges_visited,887
U4,1000,1.7,4,HopcroftKarpMatcher,1,na,defect_at_iteration,0
U4,1000,1.7,4,HopcroftKarpMatcher,-1,na,phase_count,2
U4,1000,1.7,4,HopcroftKarpMatcher,-1,na,main_loop_iters,2
U4,1000,1.7,4,HopcroftKarpMatcher,-1,na,total_bfs_edges_visited,174055
U4,1000,1.7,4,HopcroftKarpMatcher,-1,na,total_edges_visited,238144
U4,1000,1.7,4,HopcroftKarpMatcher,-1,na,matching_size,1000
U4,1000,1.7,4,HopcroftKarpMatcher,-1,na,wall_clock_ms,4.24321
U4,1000,1.7,4,HopcroftKarpMatcher,-1,na,matching_size,1000
U4,500,1.3,5,SimpleAugmentingMatcher,-1,na,wall_clock_ms,8.18567
U4,500,1.3,5,SimpleAugmentingMatcher,-1,na,matching_size,499
U4,500,1.3,5,HopcroftKarpMatcher,0,na,paths_found_per_phase,443
U4,500,1.3,5,HopcroftKarpMatcher,0,na,bfs_edges_visited,3225
U4,500,1.3,5,HopcroftKarpMatcher,0,na,dfs_edges_visited,1697
U4,500,1.3,5,HopcroftKarpMatcher,0,na,defect_at_iteration,57
U4,500,1.3,5,HopcroftKarpMatcher,1,na,paths_found_per_phase,53
U4,500,1.3,5,HopcroftKarpMatcher,1,na,bfs_edges_visited,1674
U4,500,1.3,5,HopcroftKarpMatcher,1,na,dfs_edges_visited,1600
U4,500,1.3,5,HopcroftKarpMatcher,1,na,defect_at_iteration,4
U4,500,1.3,5,HopcroftKarpMatcher,2,na,paths_found_per_phase,3
U4,500,1.3,5,HopcroftKarpMatcher,2,na,bfs_edges_visited,1427
U4,500,1.3,5,HopcroftKarpMatcher,2,na,dfs_edges_visited,1249
U4,500,1.3,5,HopcroftKarpMatcher,2,na,defect_at_iteration,1
U4,500,1.3,5,HopcroftKarpMatcher,-1,na,phase_count,3
U4,500,1.3,5,HopcroftKarpMatcher,-1,na,main_loop_iters,3
U4,500,1.3,5,HopcroftKarpMatcher,-1,na,total_bfs_edges_visited,6326
U4,500,1.3,5,HopcroftKarpMatcher,-1,na,total_edges_visited,10872
U4,500,1.3,5,HopcroftKarpMatcher,-1,na,matching_size,499
U4,500,1.3,5,HopcroftKarpMatcher,-1,na,wall_clock_ms,1.55597
U4,500,1.3,5,HopcroftKarpMatcher,-1,na,matching_size,499
U4,1000,1,9,SimpleAugmentingMatcher,-1,na,wall_clock_ms,0.966562
U4,1000,1,9,SimpleAugmentingMatcher,-1,na,matching_size,529
U4,1000,1,9,HopcroftKarpMatcher,0,na,paths_found_per_phase,495
U4,1000,1,9,HopcroftKarpMatcher,0,na,bfs_edges_visited,1000
U4,1000,1,9,HopcroftKarpMatcher,0,na,dfs_edges_visited,710
U4,1000,1,9,HopcroftKarpMatcher,0,na,defect_at_iteration,505
U4,1000,1,9,HopcroftKarpMatcher,1,na,paths_found_per_phase,32
U4,1000,1,9,HopcroftKarpMatcher,1,na,bfs_edges_visited,341
U4,1000,1,9,HopcroftKarpMatcher,1,na,dfs_edges_visited,344
U4,1000,1,9,HopcroftKarpMatcher,1,na,defect_at_iteration,473
U4,1000,1,9,HopcroftKarpMatcher,2,na,paths_found_per_phase,2
U4,1000,1,9,HopcroftKarpMatcher,2,na,bfs_edges_visited,251
U4,1000,1,9,HopcroftKarpMatcher,2,na,dfs_edges_visited,247
U4,1000,1,9,HopcroftKarpMatcher,2,na,defect_at_iteration,471
U4,1000,1,9,HopcroftKarpMatcher,-1,na,phase_count,3
U4,1000,1,9,HopcroftKarpMatcher,-1,na,main_loop_iters,3
U4,1000,1,9,HopcroftKarpMatcher,-1,na,total_bfs_edges_visited,1592
U4,1000,1,9,HopcroftKarpMatcher,-1,na,total_edges_visited,2893
U4,1000,1,9,HopcroftKarpMatcher,-1,na,matching_size,529
U4,1000,1,9,HopcroftKarpMatcher,-1,na,wall_clock_ms,4.60421
U4,1000,1,9,HopcroftKarpMatcher,-1,na,matching_size,529
U4,2000,2,2,SimpleAugmentingMatcher,-1,na,wall_clock_ms,1729.02
U4,2000,2,2,SimpleAugmentingMatcher,-1,na,matching_size,2000
U4,2000,2,2,HopcroftKarpMatcher,0,na,paths_found_per_phase,2000
U4,2000,2,2,HopcroftKarpMatcher,0,na,bfs_edges_visited,4e+06
U4,2000,2,2,HopcroftKarpMatcher,0,na,dfs_edges_visited,2.001e+06
U4,2000,2,2,HopcroftKarpMatcher,0,na,defect_at_iteration,0
U4,2000,2,2,HopcroftKarpMatcher,-1,na,phase_count,1
U4,2000,2,2,HopcroftKarpMatcher,-1,na,main_loop_iters,1
U4,2000,2,2,HopcroftKarpMatcher,-1,na,total_bfs_edges_visited,4e+06
U4,2000,2,2,HopcroftKarpMatcher,-1,na,total_edges_visited,6.001e+06
U4,2000,2,2,HopcroftKarpMatcher,-1,na,matching_size,2000
U4,2000,2,2,HopcroftKarpMatcher,-1,na,wall_clock_ms,7.99368
U4,2000,2,2,HopcroftKarpMatcher,-1,na,matching_size,2000
U4,2000,1.8,10,SimpleAugmentingMatcher,-1,na,wall_clock_ms,4198.1
U4,2000,1.8,10,SimpleAugmentingMatcher,-1,na,matching_size,2000
U4,2000,1.8,10,HopcroftKarpMatcher,0,na,paths_found_per_phase,1998
U4,2000,1.8,10,HopcroftKarpMatcher,0,na,bfs_edges_visited,874689
U4,2000,1.8,10,HopcroftKarpMatcher,0,na,dfs_edges_visited,437414
U4,2000,1.8,10,HopcroftKarpMatcher,0,na,defect_at_iteration,2
U4,2000,1.8,10,HopcroftKarpMatcher,1,na,paths_found_per_phase,2
U4,2000,1.8,10,HopcroftKarpMatcher,1,na,bfs_edges_visited,311139
U4,2000,1.8,10,HopcroftKarpMatcher,1,na,dfs_edges_visited,2131
U4,2000,1.8,10,HopcroftKarpMatcher,1,na,defect_at_iteration,0
U4,2000,1.8,10,HopcroftKarpMatcher,-1,na,phase_count,2
U4,2000,1.8,10,HopcroftKarpMatcher,-1,na,main_loop_iters,2
U4,2000,1.8,10,HopcroftKarpMatcher,-1,na,total_bfs_edges_visited,1.18583e+06
U4,2000,1.8,10,HopcroftKarpMatcher,-1,na,total_edges_visited,1.62537e+06
U4,2000,1.8,10,HopcroftKarpMatcher,-1,na,matching_size,2000
U4,2000,1.8,10,HopcroftKarpMatcher,-1,na,wall_clock_ms,23.9933
U4,2000,1.8,10,HopcroftKarpMatcher,-1,na,matching_size,2000
U4,1000,1.8,5,SimpleAugmentingMatcher,-1,na,wall_clock_ms,567.234
U4,1000,1.8,5,SimpleAugmentingMatcher,-1,na,matching_size,1000
U4,1000,1.8,5,HopcroftKarpMatcher,0,na,paths_found_per_phase,999
U4,1000,1.8,5,HopcroftKarpMatcher,0,na,bfs_edges_visited,251188
U4,1000,1.8,5,HopcroftKarpMatcher,0,na,dfs_edges_visited,125514
U4,1000,1.8,5,HopcroftKarpMatcher,0,na,defect_at_iteration,1
U4,1000,1.8,5,HopcroftKarpMatcher,1,na,paths_found_per_phase,1
U4,1000,1.8,5,HopcroftKarpMatcher,1,na,bfs_edges_visited,66747
U4,1000,1.8,5,HopcroftKarpMatcher,1,na,dfs_edges_visited,542
U4,1000,1.8,5,HopcroftKarpMatcher,1,na,defect_at_iteration,0
U4,1000,1.8,5,HopcroftKarpMatcher,-1,na,phase_count,2
U4,1000,1.8,5,HopcroftKarpMatcher,-1,na,main_loop_iters,2
U4,1000,1.8,5,HopcroftKarpMatcher,-1,na,total_bfs_edges_visited,317935
U4,1000,1.8,5,HopcroftKarpMatcher,-1,na,total_edges_visited,443991
U4,1000,1.8,5,HopcroftKarpMatcher,-1,na,matching_size,1000
U4,1000,1.8,5,HopcroftKarpMatcher,-1,na,wall_clock_ms,6.37553
U4,1000,1.8,5,HopcroftKarpMatcher,-1,na,matching_size,1000
U4,2000,1.9,12,SimpleAugmentingMatcher,-1,na,wall_clock_ms,7021.51
U4,2000,1.9,12,SimpleAugmentingMatcher,-1,na,matching_size,2000
U4,2000,1.9,12,HopcroftKarpMatcher,0,na,paths_found_per_phase,1999
U4,2000,1.9,12,HopcroftKarpMatcher,0,na,bfs_edges_visited,1.8705e+06
U4,2000,1.9,12,HopcroftKarpMatcher,0,na,dfs_edges_visited,935305
U4,2000,1.9,12,HopcroftKarpMatcher,0,na,defect_at_iteration,1
U4,2000,1.9,12,HopcroftKarpMatcher,1,na,paths_found_per_phase,1
U4,2000,1.9,12,HopcroftKarpMatcher,1,na,bfs_edges_visited,887879
U4,2000,1.9,12,HopcroftKarpMatcher,1,na,dfs_edges_visited,1836
U4,2000,1.9,12,HopcroftKarpMatcher,1,na,defect_at_iteration,0
U4,2000,1.9,12,HopcroftKarpMatcher,-1,na,phase_count,2
U4,2000,1.9,12,HopcroftKarpMatcher,-1,na,main_loop_iters,2
U4,2000,1.9,12,HopcroftKarpMatcher,-1,na,total_bfs_edges_visited,2.75838e+06
U4,2000,1.9,12,HopcroftKarpMatcher,-1,na,total_edges_visited,3.69552e+06
U4,2000,1.9,12,HopcroftKarpMatcher,-1,na,matching_size,2000
U4,2000,1.9,12,HopcroftKarpMatcher,-1,na,wall_clock_ms,42.4835
U4,2000,1.9,12,HopcroftKarpMatcher,-1,na,matching_size,2000
U4,1000,1.8,14,SimpleAugmentingMatcher,-1,na,wall_clock_ms,567.006
U4,1000,1.8,14,SimpleAugmentingMatcher,-1,na,matching_size,1000
U4,1000,1.8,14,HopcroftKarpMatcher,0,na,paths_found_per_phase,999
U4,1000,1.8,14,HopcroftKarpMatcher,0,na,bfs_edges_visited,251188
U4,1000,1.8,14,HopcroftKarpMatcher,0,na,dfs_edges_visited,125861
U4,1000,1.8,14,HopcroftKarpMatcher,0,na,defect_at_iteration,1
U4,1000,1.8,14,HopcroftKarpMatcher,1,na,paths_found_per_phase,1
U4,1000,1.8,14,HopcroftKarpMatcher,1,na,bfs_edges_visited,62964
U4,1000,1.8,14,HopcroftKarpMatcher,1,na,dfs_edges_visited,503
U4,1000,1.8,14,HopcroftKarpMatcher,1,na,defect_at_iteration,0
U4,1000,1.8,14,HopcroftKarpMatcher,-1,na,phase_count,2
U4,1000,1.8,14,HopcroftKarpMatcher,-1,na,main_loop_iters,2
U4,1000,1.8,14,HopcroftKarpMatcher,-1,na,total_bfs_edges_visited,314152
U4,1000,1.8,14,HopcroftKarpMatcher,-1,na,total_edges_visited,440516
U4,1000,1.8,14,HopcroftKarpMatcher,-1,na,matching_size,1000
U4,1000,1.8,14,HopcroftKarpMatcher,-1,na,wall_clock_ms,6.30783
U4,1000,1.8,14,HopcroftKarpMatcher,-1,na,matching_size,1000
U4,500,1.8,11,SimpleAugmentingMatcher,-1,na,wall_clock_ms,73.0131
U4,500,1.8,11,SimpleAugmentingMatcher,-1,na,matching_size,500
U4,500,1.8,11,HopcroftKarpMatcher,0,na,paths_found_per_phase,499
U4,500,1.8,11,HopcroftKarpMatcher,0,na,bfs_edges_visited,72134
U4,500,1.8,11,HopcroftKarpMatcher,0,na,dfs_edges_visited,36153
U4,500,1.8,11,HopcroftKarpMatcher,0,na,defect_at_iteration,1
U4,500,1.8,11,HopcroftKarpMatcher,1,na,paths_found_per_phase,1
U4,500,1.8,11,HopcroftKarpMatcher,1,na,bfs_edges_visited,23086
U4,500,1.8,11,HopcroftKarpMatcher,1,na,dfs_edges_visited,589
U4,500,1.8,11,HopcroftKarpMatcher,1,na,defect_at_iteration,0
U4,500,1.8,11,HopcroftKarpMatcher,-1,na,phase_count,2
U4,500,1.8,11,HopcroftKarpMatcher,-1,na,main_loop_iters,2
U4,500,1.8,11,HopcroftKarpMatcher,-1,na,total_bfs_edges_visited,95220
U4,500,1.8,11,HopcroftKarpMatcher,-1,na,total_edges_visited,131962
U4,500,1.8,11,HopcroftKarpMatcher,-1,na,matching_size,500
U4,500,1.8,11,HopcroftKarpMatcher,-1,na,wall_clock_ms,1.8774
U4,500,1.8,11,HopcroftKarpMatcher,-1,na,matching_size,500
U4,500,1.4,10,SimpleAugmentingMatcher,-1,na,wall_clock_ms,10.5329
U4,500,1.4,10,SimpleAugmentingMatcher,-1,na,matching_size,500
U4,500,1.4,10,HopcroftKarpMatcher,0,na,paths_found_per_phase,473
U4,500,1.4,10,HopcroftKarpMatcher,0,na,bfs_edges_visited,6005
U4,500,1.4,10,HopcroftKarpMatcher,0,na,dfs_edges_visited,3074
U4,500,1.4,10,HopcroftKarpMatcher,0,na,defect_at_iteration,27
U4,500,1.4,10,HopcroftKarpMatcher,1,na,paths_found_per_phase,27
U4,500,1.4,10,HopcroftKarpMatcher,1,na,bfs_edges_visited,3076
U4,500,1.4,10,HopcroftKarpMatcher,1,na,dfs_edges_visited,1845
U4,500,1.4,10,HopcroftKarpMatcher,1,na,defect_at_iteration,0
U4,500,1.4,10,HopcroftKarpMatcher,-1,na,phase_count,2
U4,500,1.4,10,HopcroftKarpMatcher,-1,na,main_loop_iters,2
U4,500,1.4,10,HopcroftKarpMatcher,-1,na,total_bfs_edges_visited,9081
U4,500,1.4,10,HopcroftKarpMatcher,-1,na,total_edges_visited,14000
U4,500,1.4,10,HopcroftKarpMatcher,-1,na,matching_size,500
U4,500,1.4,10,HopcroftKarpMatcher,-1,na,wall_clock_ms,0.72913
U4,500,1.4,10,HopcroftKarpMatcher,-1,na,matching_size,500
U4,500,1,9,SimpleAugmentingMatcher,-1,na,wall_clock_ms,0.24671
U4,500,1,9,SimpleAugmentingMatcher,-1,na,matching_size,270
U4,500,1,9,HopcroftKarpMatcher,0,na,paths_found_per_phase,253
U4,500,1,9,HopcroftKarpMatcher,0,na,bfs_edges_visited,500
U4,500,1,9,HopcroftKarpMatcher,0,na,dfs_edges_visited,363
U4,500,1,9,HopcroftKarpMatcher,0,na,defect_at_iteration,247
U4,500,1,9,HopcroftKarpMatcher,1,na,paths_found_per_phase,14
U4,500,1,9,HopcroftKarpMatcher,1,na,bfs_edges_visited,155
U4,500,1,9,HopcroftKarpMatcher,1,na,dfs_edges_visited,161
U4,500,1,9,HopcroftKarpMatcher,1,na,defect_at_iteration,233
U4,500,1,9,HopcroftKarpMatcher,2,na,paths_found_per_phase,2
U4,500,1,9,HopcroftKarpMatcher,2,na,bfs_edges_visited,121
U4,500,1,9,HopcroftKarpMatcher,2,na,dfs_edges_visited,125
U4,500,1,9,HopcroftKarpMatcher,2,na,defect_at_iteration,231
U4,500,1,9,HopcroftKarpMatcher,3,na,paths_found_per_phase,1
U4,500,1,9,HopcroftKarpMatcher,3,na,bfs_edges_visited,112
U4,500,1,9,HopcroftKarpMatcher,3,na,dfs_edges_visited,109
U4,500,1,9,HopcroftKarpMatcher,3,na,defect_at_iteration,230
U4,500,1,9,HopcroftKarpMatcher,-1,na,phase_count,4
U4,500,1,9,HopcroftKarpMatcher,-1,na,main_loop_iters,4
U4,500,1,9,HopcroftKarpMatcher,-1,na,total_bfs_edges_visited,888
U4,500,1,9,HopcroftKarpMatcher,-1,na,total_edges_visited,1646
U4,500,1,9,HopcroftKarpMatcher,-1,na,matching_size,270
U4,500,1,9,HopcroftKarpMatcher,-1,na,wall_clock_ms,1.47012
U4,500,1,9,HopcroftKarpMatcher,-1,na,matching_size,270
U4,2000,1.8,4,SimpleAugmentingMatcher,-1,na,wall_clock_ms,4191.02
U4,2000,1.8,4,SimpleAugmentingMatcher,-1,na,matching_size,2000
U4,2000,1.8,4,HopcroftKarpMatcher,0,na,paths_found_per_phase,1998
U4,2000,1.8,4,HopcroftKarpMatcher,0,na,bfs_edges_visited,874689
U4,2000,1.8,4,HopcroftKarpMatcher,0,na,dfs_edges_visited,437459
U4,2000,1.8,4,HopcroftKarpMatcher,0,na,defect_at_iteration,2
U4,2000,1.8,4,HopcroftKarpMatcher,1,na,paths_found_per_phase,2
U4,2000,1.8,4,HopcroftKarpMatcher,1,na,bfs_edges_visited,344392
U4,2000,1.8,4,HopcroftKarpMatcher,1,na,dfs_edges_visited,1798
U4,2000,1.8,4,HopcroftKarpMatcher,1,na,defect_at_iteration,0
U4,2000,1.8,4,HopcroftKarpMatcher,-1,na,phase_count,2
U4,2000,1.8,4,HopcroftKarpMatcher,-1,na,main_loop_iters,2
U4,2000,1.8,4,HopcroftKarpMatcher,-1,na,total_bfs_edges_visited,1.21908e+06
U4,2000,1.8,4,HopcroftKarpMatcher,-1,na,total_edges_visited,1.65834e+06
U4,2000,1.8,4,HopcroftKarpMatcher,-1,na,matching_size,2000
U4,2000,1.8,4,HopcroftKarpMatcher,-1,na,wall_clock_ms,24.5325
U4,2000,1.8,4,HopcroftKarpMatcher,-1,na,matching_size,2000
U4,500,1.8,1,SimpleAugmentingMatcher,-1,na,wall_clock_ms,73.104
U4,500,1.8,1,SimpleAugmentingMatcher,-1,na,matching_size,500
U4,500,1.8,1,HopcroftKarpMatcher,0,na,paths_found_per_phase,498
U4,500,1.8,1,HopcroftKarpMatcher,0,na,bfs_edges_visited,72134
U4,500,1.8,1,HopcroftKarpMatcher,0,na,dfs_edges_visited,35994
U4,500,1.8,1,HopcroftKarpMatcher,0,na,defect_at_iteration,2
U4,500,1.8,1,HopcroftKarpMatcher,1,na,paths_found_per_phase,2
U4,500,1.8,1,HopcroftKarpMatcher,1,na,bfs_edges_visited,34674
U4,500,1.8,1,HopcroftKarpMatcher,1,na,dfs_edges_visited,751
U4,500,1.8,1,HopcroftKarpMatcher,1,na,defect_at_iteration,0
U4,500,1.8,1,HopcroftKarpMatcher,-1,na,phase_count,2
U4,500,1.8,1,HopcroftKarpMatcher,-1,na,main_loop_iters,2
U4,500,1.8,1,HopcroftKarpMatcher,-1,na,total_bfs_edges_visited,106808
U4,500,1.8,1,HopcroftKarpMatcher,-1,na,total_edges_visited,143553
U4,500,1.8,1,HopcroftKarpMatcher,-1,na,matching_size,500
U4,500,1.8,1,HopcroftKarpMatcher,-1,na,wall_clock_ms,2.04471
U4,500,1.8,1,HopcroftKarpMatcher,-1,na,matching_size,500
U4,1000,1.9,2,SimpleAugmentingMatcher,-1,na,wall_clock_ms,865.937
U4,1000,1.9,2,SimpleAugmentingMatcher,-1,na,matching_size,1000
U4,1000,1.9,2,HopcroftKarpMatcher,0,na,paths_found_per_phase,1000
U4,1000,1.9,2,HopcroftKarpMatcher,0,na,bfs_edges_visited,501187
U4,1000,1.9,2,HopcroftKarpMatcher,0,na,dfs_edges_visited,250888
U4,1000,1.9,2,HopcroftKarpMatcher,0,na,defect_at_iteration,0
U4,1000,1.9,2,HopcroftKarpMatcher,-1,na,phase_count,1
U4,1000,1.9,2,HopcroftKarpMatcher,-1,na,main_loop_iters,1
U4,1000,1.9,2,HopcroftKarpMatcher,-1,na,total_bfs_edges_visited,501187
U4,1000,1.9,2,HopcroftKarpMatcher,-1,na,total_edges_visited,752075
U4,1000,1.9,2,HopcroftKarpMatcher,-1,na,matching_size,1000
U4,1000,1.9,2,HopcroftKarpMatcher,-1,na,wall_clock_ms,8.11551
U4,1000,1.9,2,HopcroftKarpMatcher,-1,na,matching_size,1000
U4,2000,1.4,5,SimpleAugmentingMatcher,-1,na,wall_clock_ms,725.963
U4,2000,1.4,5,SimpleAugmentingMatcher,-1,na,matching_size,2000
U4,2000,1.4,5,HopcroftKarpMatcher,0,na,paths_found_per_phase,1934
U4,2000,1.4,5,HopcroftKarpMatcher,0,na,bfs_edges_visited,41825
U4,2000,1.4,5,HopcroftKarpMatcher,0,na,dfs_edges_visited,20891
U4,2000,1.4,5,HopcroftKarpMatcher,0,na,defect_at_iteration,66
U4,2000,1.4,5,HopcroftKarpMatcher,1,na,paths_found_per_phase,66
U4,2000,1.4,5,HopcroftKarpMatcher,1,na,bfs_edges_visited,21747
U4,2000,1.4,5,HopcroftKarpMatcher,1,na,dfs_edges_visited,8006
U4,2000,1.4,5,HopcroftKarpMatcher,1,na,defect_at_iteration,0
U4,2000,1.4,5,HopcroftKarpMatcher,-1,na,phase_count,2
U4,2000,1.4,5,HopcroftKarpMatcher,-1,na,main_loop_iters,2
U4,2000,1.4,5,HopcroftKarpMatcher,-1,na,total_bfs_edges_visited,63572
U4,2000,1.4,5,HopcroftKarpMatcher,-1,na,total_edges_visited,92469
U4,2000,1.4,5,HopcroftKarpMatcher,-1,na,matching_size,2000
U4,2000,1.4,5,HopcroftKarpMatcher,-1,na,wall_clock_ms,9.50069
U4,2000,1.4,5,HopcroftKarpMatcher,-1,na,matching_size,2000
U4,2000,1.8,13,SimpleAugmentingMatcher,-1,na,wall_clock_ms,4155.66
U4,2000,1.8,13,SimpleAugmentingMatcher,-1,na,matching_size,2000
U4,2000,1.8,13,HopcroftKarpMatcher,0,na,paths_found_per_phase,1998
U4,2000,1.8,13,HopcroftKarpMatcher,0,na,bfs_edges_visited,874689
U4,2000,1.8,13,HopcroftKarpMatcher,0,na,dfs_edges_visited,438527
U4,2000,1.8,13,HopcroftKarpMatcher,0,na,defect_at_iteration,2
U4,2000,1.8,13,HopcroftKarpMatcher,1,na,paths_found_per_phase,2
U4,2000,1.8,13,HopcroftKarpMatcher,1,na,bfs_edges_visited,347449
U4,2000,1.8,13,HopcroftKarpMatcher,1,na,dfs_edges_visited,1337
U4,2000,1.8,13,HopcroftKarpMatcher,1,na,defect_at_iteration,0
U4,2000,1.8,13,HopcroftKarpMatcher,-1,na,phase_count,2
U4,2000,1.8,13,HopcroftKarpMatcher,-1,na,main_loop_iters,2
U4,2000,1.8,13,HopcroftKarpMatcher,-1,na,total_bfs_edges_visited,1.22214e+06
U4,2000,1.8,13,HopcroftKarpMatcher,-1,na,total_edges_visited,1.662e+06
U4,2000,1.8,13,HopcroftKarpMatcher,-1,na,matching_size,2000
U4,2000,1.8,13,HopcroftKarpMatcher,-1,na,wall_clock_ms,24.6297
U4,2000,1.8,13,HopcroftKarpMatcher,-1,na,matching_size,2000
U4,2000,1.5,2,SimpleAugmentingMatcher,-1,na,wall_clock_ms,1187.94
U4,2000,1.5,2,SimpleAugmentingMatcher,-1,na,matching_size,2000
U4,2000,1.5,2,HopcroftKarpMatcher,0,na,paths_found_per_phase,1975
U4,2000,1.5,2,HopcroftKarpMatcher,0,na,bfs_edges_visited,89442
U4,2000,1.5,2,HopcroftKarpMatcher,0,na,dfs_edges_visited,44751
U4,2000,1.5,2,HopcroftKarpMatcher,0,na,defect_at_iteration,25
U4,2000,1.5,2,HopcroftKarpMatcher,1,na,paths_found_per_phase,25
U4,2000,1.5,2,HopcroftKarpMatcher,1,na,bfs_edges_visited,39401
U4,2000,1.5,2,HopcroftKarpMatcher,1,na,dfs_edges_visited,6685
U4,2000,1.5,2,HopcroftKarpMatcher,1,na,defect_at_iteration,0
U4,2000,1.5,2,HopcroftKarpMatcher,-1,na,phase_count,2
U4,2000,1.5,2,HopcroftKarpMatcher,-1,na,main_loop_iters,2
U4,2000,1.5,2,HopcroftKarpMatcher,-1,na,total_bfs_edges_visited,128843
U4,2000,1.5,2,HopcroftKarpMatcher,-1,na,total_edges_visited,180279
U4,2000,1.5,2,HopcroftKarpMatcher,-1,na,matching_size,2000
U4,2000,1.5,2,HopcroftKarpMatcher,-1,na,wall_clock_ms,9.57887
U4,2000,1.5,2,HopcroftKarpMatcher,-1,na,matching_size,2000
U4,2000,1.1,4,SimpleAugmentingMatcher,-1,na,wall_clock_ms,16.2117
U4,2000,1.1,4,SimpleAugmentingMatcher,-1,na,matching_size,1616
U4,2000,1.1,4,HopcroftKarpMatcher,0,na,paths_found_per_phase,1397
U4,2000,1.1,4,HopcroftKarpMatcher,0,na,bfs_edges_visited,4276
U4,2000,1.1,4,HopcroftKarpMatcher,0,na,dfs_edges_visited,2643
U4,2000,1.1,4,HopcroftKarpMatcher,0,na,defect_at_iteration,603
U4,2000,1.1,4,HopcroftKarpMatcher,1,na,paths_found_per_phase,175
U4,2000,1.1,4,HopcroftKarpMatcher,1,na,bfs_edges_visited,1938
U4,2000,1.1,4,HopcroftKarpMatcher,1,na,dfs_edges_visited,1989
U4,2000,1.1,4,HopcroftKarpMatcher,1,na,defect_at_iteration,428
U4,2000,1.1,4,HopcroftKarpMatcher,2,na,paths_found_per_phase,22
U4,2000,1.1,4,HopcroftKarpMatcher,2,na,bfs_edges_visited,1167
U4,2000,1.1,4,HopcroftKarpMatcher,2,na,dfs_edges_visited,1364
U4,2000,1.1,4,HopcroftKarpMatcher,2,na,defect_at_iteration,406
U4,2000,1.1,4,HopcroftKarpMatcher,3,na,paths_found_per_phase,12
U4,2000,1.1,4,HopcroftKarpMatcher,3,na,bfs_edges_visited,1418
U4,2000,1.1,4,HopcroftKarpMatcher,3,na,dfs_edges_visited,1417
U4,2000,1.1,4,HopcroftKarpMatcher,3,na,defect_at_iteration,394
U4,2000,1.1,4,HopcroftKarpMatcher,4,na,paths_found_per_phase,6
U4,2000,1.1,4,HopcroftKarpMatcher,4,na,bfs_edges_visited,1375
U4,2000,1.1,4,HopcroftKarpMatcher,4,na,dfs_edges_visited,1333
U4,2000,1.1,4,HopcroftKarpMatcher,4,na,defect_at_iteration,388
U4,2000,1.1,4,HopcroftKarpMatcher,5,na,paths_found_per_phase,2
U4,2000,1.1,4,HopcroftKarpMatcher,5,na,bfs_edges_visited,1296
U4,2000,1.1,4,HopcroftKarpMatcher,5,na,dfs_edges_visited,1284
U4,2000,1.1,4,HopcroftKarpMatcher,5,na,defect_at_iteration,386
U4,2000,1.1,4,HopcroftKarpMatcher,6,na,paths_found_per_phase,2
U4,2000,1.1,4,HopcroftKarpMatcher,6,na,bfs_edges_visited,1234
U4,2000,1.1,4,HopcroftKarpMatcher,6,na,dfs_edges_visited,1211
U4,2000,1.1,4,HopcroftKarpMatcher,6,na,defect_at_iteration,384
U4,2000,1.1,4,HopcroftKarpMatcher,-1,na,phase_count,7
U4,2000,1.1,4,HopcroftKarpMatcher,-1,na,main_loop_iters,7
U4,2000,1.1,4,HopcroftKarpMatcher,-1,na,total_bfs_edges_visited,12704
U4,2000,1.1,4,HopcroftKarpMatcher,-1,na,total_edges_visited,23945
U4,2000,1.1,4,HopcroftKarpMatcher,-1,na,matching_size,1616
U4,2000,1.1,4,HopcroftKarpMatcher,-1,na,wall_clock_ms,30.1141
U4,2000,1.1,4,HopcroftKarpMatcher,-1,na,matching_size,1616
U4,1000,1.9,4,SimpleAugmentingMatcher,-1,na,wall_clock_ms,867.248
U4,1000,1.9,4,SimpleAugmentingMatcher,-1,na,matching_size,1000
U4,1000,1.9,4,HopcroftKarpMatcher,0,na,paths_found_per_phase,1000
U4,1000,1.9,4,HopcroftKarpMatcher,0,na,bfs_edges_visited,501187
U4,1000,1.9,4,HopcroftKarpMatcher,0,na,dfs_edges_visited,251106
U4,1000,1.9,4,HopcroftKarpMatcher,0,na,defect_at_iteration,0
U4,1000,1.9,4,HopcroftKarpMatcher,-1,na,phase_count,1
U4,1000,1.9,4,HopcroftKarpMatcher,-1,na,main_loop_iters,1
U4,1000,1.9,4,HopcroftKarpMatcher,-1,na,total_bfs_edges_visited,501187
U4,1000,1.9,4,HopcroftKarpMatcher,-1,na,total_edges_visited,752293
U4,1000,1.9,4,HopcroftKarpMatcher,-1,na,matching_size,1000
U4,1000,1.9,4,HopcroftKarpMatcher,-1,na,wall_clock_ms,8.09659
U4,1000,1.9,4,HopcroftKarpMatcher,-1,na,matching_size,1000
U4,2000,1.9,11,SimpleAugmentingMatcher,-1,na,wall_clock_ms,7030.8
U4,2000,1.9,11,SimpleAugmentingMatcher,-1,na,matching_size,2000
U4,2000,1.9,11,HopcroftKarpMatcher,0,na,paths_found_per_phase,1999
U4,2000,1.9,11,HopcroftKarpMatcher,0,na,bfs_edges_visited,1.8705e+06
U4,2000,1.9,11,HopcroftKarpMatcher,0,na,dfs_edges_visited,935060
U4,2000,1.9,11,HopcroftKarpMatcher,0,na,defect_at_iteration,1
U4,2000,1.9,11,HopcroftKarpMatcher,1,na,paths_found_per_phase,1
U4,2000,1.9,11,HopcroftKarpMatcher,1,na,bfs_edges_visited,860212
U4,2000,1.9,11,HopcroftKarpMatcher,1,na,dfs_edges_visited,1873
U4,2000,1.9,11,HopcroftKarpMatcher,1,na,defect_at_iteration,0
U4,2000,1.9,11,HopcroftKarpMatcher,-1,na,phase_count,2
U4,2000,1.9,11,HopcroftKarpMatcher,-1,na,main_loop_iters,2
U4,2000,1.9,11,HopcroftKarpMatcher,-1,na,total_bfs_edges_visited,2.73071e+06
U4,2000,1.9,11,HopcroftKarpMatcher,-1,na,total_edges_visited,3.66764e+06
U4,2000,1.9,11,HopcroftKarpMatcher,-1,na,matching_size,2000
U4,2000,1.9,11,HopcroftKarpMatcher,-1,na,wall_clock_ms,42.3365
U4,2000,1.9,11,HopcroftKarpMatcher,-1,na,matching_size,2000
U4,2000,1,6,SimpleAugmentingMatcher,-1,na,wall_clock_ms,3.98927
U4,2000,1,6,SimpleAugmentingMatcher,-1,na,matching_size,1096
U4,2000,1,6,HopcroftKarpMatcher,0,na,paths_found_per_phase,1023
U4,2000,1,6,HopcroftKarpMatcher,0,na,bfs_edges_visited,2000
U4,2000,1,6,HopcroftKarpMatcher,0,na,dfs_edges_visited,1461
U4,2000,1,6,HopcroftKarpMatcher,0,na,defect_at_iteration,977
U4,2000,1,6,HopcroftKarpMatcher,1,na,paths_found_per_phase,70
U4,2000,1,6,HopcroftKarpMatcher,1,na,bfs_edges_visited,686
U4,2000,1,6,HopcroftKarpMatcher,1,na,dfs_edges_visited,730
U4,2000,1,6,HopcroftKarpMatcher,1,na,defect_at_iteration,907
U4,2000,1,6,HopcroftKarpMatcher,2,na,paths_found_per_phase,3
U4,2000,1,6,HopcroftKarpMatcher,2,na,bfs_edges_visited,494
U4,2000,1,6,HopcroftKarpMatcher,2,na,dfs_edges_visited,515
U4,2000,1,6,HopcroftKarpMatcher,2,na,defect_at_iteration,904
U4,2000,1,6,HopcroftKarpMatcher,-1,na,phase_count,3
U4,2000,1,6,HopcroftKarpMatcher,-1,na,main_loop_iters,3
U4,2000,1,6,HopcroftKarpMatcher,-1,na,total_bfs_edges_visited,3180
U4,2000,1,6,HopcroftKarpMatcher,-1,na,total_edges_visited,5886
U4,2000,1,6,HopcroftKarpMatcher,-1,na,matching_size,1096
U4,2000,1,6,HopcroftKarpMatcher,-1,na,wall_clock_ms,18.0048
U4,2000,1,6,HopcroftKarpMatcher,-1,na,matching_size,1096
U4,500,1.4,11,SimpleAugmentingMatcher,-1,na,wall_clock_ms,10.6275
U4,500,1.4,11,SimpleAugmentingMatcher,-1,na,matching_size,500
U4,500,1.4,11,HopcroftKarpMatcher,0,na,paths_found_per_phase,473
U4,500,1.4,11,HopcroftKarpMatcher,0,na,bfs_edges_visited,6005
U4,500,1.4,11,HopcroftKarpMatcher,0,na,dfs_edges_visited,3012
U4,500,1.4,11,HopcroftKarpMatcher,0,na,defect_at_iteration,27
U4,500,1.4,11,HopcroftKarpMatcher,1,na,paths_found_per_phase,25
U4,500,1.4,11,HopcroftKarpMatcher,1,na,bfs_edges_visited,2716
U4,500,1.4,11,HopcroftKarpMatcher,1,na,dfs_edges_visited,2068
U4,500,1.4,11,HopcroftKarpMatcher,1,na,defect_at_iteration,2
U4,500,1.4,11,HopcroftKarpMatcher,2,na,paths_found_per_phase,2
U4,500,1.4,11,HopcroftKarpMatcher,2,na,bfs_edges_visited,1702
U4,500,1.4,11,HopcroftKarpMatcher,2,na,dfs_edges_visited,1791
U4,500,1.4,11,HopcroftKarpMatcher,2,na,defect_at_iteration,0
U4,500,1.4,11,HopcroftKarpMatcher,-1,na,phase_count,3
U4,500,1.4,11,HopcroftKarpMatcher,-1,na,main_loop_iters,3
U4,500,1.4,11,HopcroftKarpMatcher,-1,na,total_bfs_edges_visited,10423
U4,500,1.4,11,HopcroftKarpMatcher,-1,na,total_edges_visited,17294
U4,500,1.4,11,HopcroftKarpMatcher,-1,na,matching_size,500
U4,500,1.4,11,HopcroftKarpMatcher,-1,na,wall_clock_ms,0.907321
U4,500,1.4,11,HopcroftKarpMatcher,-1,na,matching_size,500
U4,1000,1.3,11,SimpleAugmentingMatcher,-1,na,wall_clock_ms,41.5897
U4,1000,1.3,11,SimpleAugmentingMatcher,-1,na,matching_size,1000
U4,1000,1.3,11,HopcroftKarpMatcher,0,na,paths_found_per_phase,908
U4,1000,1.3,11,HopcroftKarpMatcher,0,na,bfs_edges_visited,7943
U4,1000,1.3,11,HopcroftKarpMatcher,0,na,dfs_edges_visited,4068
U4,1000,1.3,11,HopcroftKarpMatcher,0,na,defect_at_iteration,92
U4,1000,1.3,11,HopcroftKarpMatcher,1,na,paths_found_per_phase,86
U4,1000,1.3,11,HopcroftKarpMatcher,1,na,bfs_edges_visited,4178
U4,1000,1.3,11,HopcroftKarpMatcher,1,na,dfs_edges_visited,3218
U4,1000,1.3,11,HopcroftKarpMatcher,1,na,defect_at_iteration,6
U4,1000,1.3,11,HopcroftKarpMatcher,2,na,paths_found_per_phase,4
U4,1000,1.3,11,HopcroftKarpMatcher,2,na,bfs_edges_visited,1232
U4,1000,1.3,11,HopcroftKarpMatcher,2,na,dfs_edges_visited,1699
U4,1000,1.3,11,HopcroftKarpMatcher,2,na,defect_at_iteration,2
U4,1000,1.3,11,HopcroftKarpMatcher,3,na,paths_found_per_phase,2
U4,1000,1.3,11,HopcroftKarpMatcher,3,na,bfs_edges_visited,2266
U4,1000,1.3,11,HopcroftKarpMatcher,3,na,dfs_edges_visited,4117
U4,1000,1.3,11,HopcroftKarpMatcher,3,na,defect_at_iteration,0
U4,1000,1.3,11,HopcroftKarpMatcher,-1,na,phase_count,4
U4,1000,1.3,11,HopcroftKarpMatcher,-1,na,main_loop_iters,4
U4,1000,1.3,11,HopcroftKarpMatcher,-1,na,total_bfs_edges_visited,15619
U4,1000,1.3,11,HopcroftKarpMatcher,-1,na,total_edges_visited,28721
U4,1000,1.3,11,HopcroftKarpMatcher,-1,na,matching_size,1000
U4,1000,1.3,11,HopcroftKarpMatcher,-1,na,wall_clock_ms,3.86765
U4,1000,1.3,11,HopcroftKarpMatcher,-1,na,matching_size,1000
U4,1000,1.8,2,SimpleAugmentingMatcher,-1,na,wall_clock_ms,566.293
U4,1000,1.8,2,SimpleAugmentingMatcher,-1,na,matching_size,1000
U4,1000,1.8,2,HopcroftKarpMatcher,0,na,paths_found_per_phase,998
U4,1000,1.8,2,HopcroftKarpMatcher,0,na,bfs_edges_visited,251188
U4,1000,1.8,2,HopcroftKarpMatcher,0,na,dfs_edges_visited,125625
U4,1000,1.8,2,HopcroftKarpMatcher,0,na,defect_at_iteration,2
U4,1000,1.8,2,HopcroftKarpMatcher,1,na,paths_found_per_phase,2
U4,1000,1.8,2,HopcroftKarpMatcher,1,na,bfs_edges_visited,107028
U4,1000,1.8,2,HopcroftKarpMatcher,1,na,dfs_edges_visited,1433
U4,1000,1.8,2,HopcroftKarpMatcher,1,na,defect_at_iteration,0
U4,1000,1.8,2,HopcroftKarpMatcher,-1,na,phase_count,2
U4,1000,1.8,2,HopcroftKarpMatcher,-1,na,main_loop_iters,2
U4,1000,1.8,2,HopcroftKarpMatcher,-1,na,total_bfs_edges_visited,358216
U4,1000,1.8,2,HopcroftKarpMatcher,-1,na,total_edges_visited,485274
U4,1000,1.8,2,HopcroftKarpMatcher,-1,na,matching_size,1000
U4,1000,1.8,2,HopcroftKarpMatcher,-1,na,wall_clock_ms,6.93431
U4,1000,1.8,2,HopcroftKarpMatcher,-1,na,matching_size,1000
U4,1000,1.2,5,SimpleAugmentingMatcher,-1,na,wall_clock_ms,32.7318
U4,1000,1.2,5,SimpleAugmentingMatcher,-1,na,matching_size,977
U4,1000,1.2,5,HopcroftKarpMatcher,0,na,paths_found_per_phase,831
U4,1000,1.2,5,HopcroftKarpMatcher,0,na,bfs_edges_visited,3981
U4,1000,1.2,5,HopcroftKarpMatcher,0,na,dfs_edges_visited,2162
U4,1000,1.2,5,HopcroftKarpMatcher,0,na,defect_at_iteration,169
U4,1000,1.2,5,HopcroftKarpMatcher,1,na,paths_found_per_phase,105
U4,1000,1.2,5,HopcroftKarpMatcher,1,na,bfs_edges_visited,1768
U4,1000,1.2,5,HopcroftKarpMatcher,1,na,dfs_edges_visited,1852
U4,1000,1.2,5,HopcroftKarpMatcher,1,na,defect_at_iteration,64
U4,1000,1.2,5,HopcroftKarpMatcher,2,na,paths_found_per_phase,19
U4,1000,1.2,5,HopcroftKarpMatcher,2,na,bfs_edges_visited,1026
U4,1000,1.2,5,HopcroftKarpMatcher,2,na,dfs_edges_visited,1540
U4,1000,1.2,5,HopcroftKarpMatcher,2,na,defect_at_iteration,45
U4,1000,1.2,5,HopcroftKarpMatcher,3,na,paths_found_per_phase,11
U4,1000,1.2,5,HopcroftKarpMatcher,3,na,bfs_edges_visited,2067
U4,1000,1.2,5,HopcroftKarpMatcher,3,na,dfs_edges_visited,2055
U4,1000,1.2,5,HopcroftKarpMatcher,3,na,defect_at_iteration,34
U4,1000,1.2,5,HopcroftKarpMatcher,4,na,paths_found_per_phase,5
U4,1000,1.2,5,HopcroftKarpMatcher,4,na,bfs_edges_visited,1921
U4,1000,1.2,5,HopcroftKarpMatcher,4,na,dfs_edges_visited,1965
U4,1000,1.2,5,HopcroftKarpMatcher,4,na,defect_at_iteration,29
U4,1000,1.2,5,HopcroftKarpMatcher,5,na,paths_found_per_phase,4
U4,1000,1.2,5,HopcroftKarpMatcher,5,na,bfs_edges_visited,2205
U4,1000,1.2,5,HopcroftKarpMatcher,5,na,dfs_edges_visited,1949
U4,1000,1.2,5,HopcroftKarpMatcher,5,na,defect_at_iteration,25
U4,1000,1.2,5,HopcroftKarpMatcher,6,na,paths_found_per_phase,2
U4,1000,1.2,5,HopcroftKarpMatcher,6,na,bfs_edges_visited,2896
U4,1000,1.2,5,HopcroftKarpMatcher,6,na,dfs_edges_visited,1605
U4,1000,1.2,5,HopcroftKarpMatcher,6,na,defect_at_iteration,23
U4,1000,1.2,5,HopcroftKarpMatcher,-1,na,phase_count,7
U4,1000,1.2,5,HopcroftKarpMatcher,-1,na,main_loop_iters,7
U4,1000,1.2,5,HopcroftKarpMatcher,-1,na,total_bfs_edges_visited,15864
U4,1000,1.2,5,HopcroftKarpMatcher,-1,na,total_edges_visited,28992
U4,1000,1.2,5,HopcroftKarpMatcher,-1,na,matching_size,977
U4,1000,1.2,5,HopcroftKarpMatcher,-1,na,wall_clock_ms,8.73486
U4,1000,1.2,5,HopcroftKarpMatcher,-1,na,matching_size,977
U4,2000,1.1,5,SimpleAugmentingMatcher,-1,na,wall_clock_ms,13.314
U4,2000,1.1,5,SimpleAugmentingMatcher,-1,na,matching_size,1599
U4,2000,1.1,5,HopcroftKarpMatcher,0,na,paths_found_per_phase,1376
U4,2000,1.1,5,HopcroftKarpMatcher,0,na,bfs_edges_visited,4276
U4,2000,1.1,5,HopcroftKarpMatcher,0,na,dfs_edges_visited,2616
U4,2000,1.1,5,HopcroftKarpMatcher,0,na,defect_at_iteration,624
U4,2000,1.1,5,HopcroftKarpMatcher,1,na,paths_found_per_phase,174
U4,2000,1.1,5,HopcroftKarpMatcher,1,na,bfs_edges_visited,1947
U4,2000,1.1,5,HopcroftKarpMatcher,1,na,dfs_edges_visited,2014
U4,2000,1.1,5,HopcroftKarpMatcher,1,na,defect_at_iteration,450
U4,2000,1.1,5,HopcroftKarpMatcher,2,na,paths_found_per_phase,31
U4,2000,1.1,5,HopcroftKarpMatcher,2,na,bfs_edges_visited,1247
U4,2000,1.1,5,HopcroftKarpMatcher,2,na,dfs_edges_visited,1426
U4,2000,1.1,5,HopcroftKarpMatcher,2,na,defect_at_iteration,419
U4,2000,1.1,5,HopcroftKarpMatcher,3,na,paths_found_per_phase,12
U4,2000,1.1,5,HopcroftKarpMatcher,3,na,bfs_edges_visited,1294
U4,2000,1.1,5,HopcroftKarpMatcher,3,na,dfs_edges_visited,1329
U4,2000,1.1,5,HopcroftKarpMatcher,3,na,defect_at_iteration,407
U4,2000,1.1,5,HopcroftKarpMatcher,4,na,paths_found_per_phase,2
U4,2000,1.1,5,HopcroftKarpMatcher,4,na,bfs_edges_visited,1229
U4,2000,1.1,5,HopcroftKarpMatcher,4,na,dfs_edges_visited,1264
U4,2000,1.1,5,HopcroftKarpMatcher,4,na,defect_at_iteration,405
U4,2000,1.1,5,HopcroftKarpMatcher,5,na,paths_found_per_phase,2
U4,2000,1.1,5,HopcroftKarpMatcher,5,na,bfs_edges_visited,1267
U4,2000,1.1,5,HopcroftKarpMatcher,5,na,dfs_edges_visited,1239
U4,2000,1.1,5,HopcroftKarpMatcher,5,na,defect_at_iteration,403
U4,2000,1.1,5,HopcroftKarpMatcher,6,na,paths_found_per_phase,1
U4,2000,1.1,5,HopcroftKarpMatcher,6,na,bfs_edges_visited,1239
U4,2000,1.1,5,HopcroftKarpMatcher,6,na,dfs_edges_visited,1252
U4,2000,1.1,5,HopcroftKarpMatcher,6,na,defect_at_iteration,402
U4,2000,1.1,5,HopcroftKarpMatcher,7,na,paths_found_per_phase,1
U4,2000,1.1,5,HopcroftKarpMatcher,7,na,bfs_edges_visited,1197
U4,2000,1.1,5,HopcroftKarpMatcher,7,na,dfs_edges_visited,1120
U4,2000,1.1,5,HopcroftKarpMatcher,7,na,defect_at_iteration,401
U4,2000,1.1,5,HopcroftKarpMatcher,-1,na,phase_count,8
U4,2000,1.1,5,HopcroftKarpMatcher,-1,na,main_loop_iters,8
U4,2000,1.1,5,HopcroftKarpMatcher,-1,na,total_bfs_edges_visited,13696
U4,2000,1.1,5,HopcroftKarpMatcher,-1,na,total_edges_visited,25956
U4,2000,1.1,5,HopcroftKarpMatcher,-1,na,matching_size,1599
U4,2000,1.1,5,HopcroftKarpMatcher,-1,na,wall_clock_ms,33.7765
U4,2000,1.1,5,HopcroftKarpMatcher,-1,na,matching_size,1599
U4,500,1.7,2,SimpleAugmentingMatcher,-1,na,wall_clock_ms,45.2375
U4,500,1.7,2,SimpleAugmentingMatcher,-1,na,matching_size,500
U4,500,1.7,2,HopcroftKarpMatcher,0,na,paths_found_per_phase,496
U4,500,1.7,2,HopcroftKarpMatcher,0,na,bfs_edges_visited,38747
U4,500,1.7,2,HopcroftKarpMatcher,0,na,dfs_edges_visited,19528
U4,500,1.7,2,HopcroftKarpMatcher,0,na,defect_at_iteration,4
U4,500,1.7,2,HopcroftKarpMatcher,1,na,paths_found_per_phase,4
U4,500,1.7,2,HopcroftKarpMatcher,1,na,bfs_edges_visited,20509
U4,500,1.7,2,HopcroftKarpMatcher,1,na,dfs_edges_visited,1052
U4,500,1.7,2,HopcroftKarpMatcher,1,na,defect_at_iteration,0
U4,500,1.7,2,HopcroftKarpMatcher,-1,na,phase_count,2
U4,500,1.7,2,HopcroftKarpMatcher,-1,na,main_loop_iters,2
U4,500,1.7,2,HopcroftKarpMatcher,-1,na,total_bfs_edges_visited,59256
U4,500,1.7,2,HopcroftKarpMatcher,-1,na,total_edges_visited,79836
U4,500,1.7,2,HopcroftKarpMatcher,-1,na,matching_size,500
U4,500,1.7,2,HopcroftKarpMatcher,-1,na,wall_clock_ms,1.33164
U4,500,1.7,2,HopcroftKarpMatcher,-1,na,matching_size,500
U4,2000,1.7,11,SimpleAugmentingMatcher,-1,na,wall_clock_ms,2524.56
U4,2000,1.7,11,SimpleAugmentingMatcher,-1,na,matching_size,2000
U4,2000,1.7,11,HopcroftKarpMatcher,0,na,paths_found_per_phase,1993
U4,2000,1.7,11,HopcroftKarpMatcher,0,na,bfs_edges_visited,409026
U4,2000,1.7,11,HopcroftKarpMatcher,0,na,dfs_edges_visited,204763
U4,2000,1.7,11,HopcroftKarpMatcher,0,na,defect_at_iteration,7
U4,2000,1.7,11,HopcroftKarpMatcher,1,na,paths_found_per_phase,7
U4,2000,1.7,11,HopcroftKarpMatcher,1,na,bfs_edges_visited,223471
U4,2000,1.7,11,HopcroftKarpMatcher,1,na,dfs_edges_visited,5527
U4,2000,1.7,11,HopcroftKarpMatcher,1,na,defect_at_iteration,0
U4,2000,1.7,11,HopcroftKarpMatcher,-1,na,phase_count,2
U4,2000,1.7,11,HopcroftKarpMatcher,-1,na,main_loop_iters,2
U4,2000,1.7,11,HopcroftKarpMatcher,-1,na,total_bfs_edges_visited,632497
U4,2000,1.7,11,HopcroftKarpMatcher,-1,na,total_edges_visited,842787
U4,2000,1.7,11,HopcroftKarpMatcher,-1,na,matching_size,2000
U4,2000,1.7,11,HopcroftKarpMatcher,-1,na,wall_clock_ms,16.3924
U4,2000,1.7,11,HopcroftKarpMatcher,-1,na,matching_size,2000
U4,500,1.4,7,SimpleAugmentingMatcher,-1,na,wall_clock_ms,22.1221
U4,500,1.4,7,SimpleAugmentingMatcher,-1,na,matching_size,500
U4,500,1.4,7,HopcroftKarpMatcher,0,na,paths_found_per_phase,470
U4,500,1.4,7,HopcroftKarpMatcher,0,na,bfs_edges_visited,6005
U4,500,1.4,7,HopcroftKarpMatcher,0,na,dfs_edges_visited,3035
U4,500,1.4,7,HopcroftKarpMatcher,0,na,defect_at_iteration,30
U4,500,1.4,7,HopcroftKarpMatcher,1,na,paths_found_per_phase,30
U4,500,1.4,7,HopcroftKarpMatcher,1,na,bfs_edges_visited,3134
U4,500,1.4,7,HopcroftKarpMatcher,1,na,dfs_edges_visited,2225
U4,500,1.4,7,HopcroftKarpMatcher,1,na,defect_at_iteration,0
U4,500,1.4,7,HopcroftKarpMatcher,-1,na,phase_count,2
U4,500,1.4,7,HopcroftKarpMatcher,-1,na,main_loop_iters,2
U4,500,1.4,7,HopcroftKarpMatcher,-1,na,total_bfs_edges_visited,9139
U4,500,1.4,7,HopcroftKarpMatcher,-1,na,total_edges_visited,14399
U4,500,1.4,7,HopcroftKarpMatcher,-1,na,matching_size,500
U4,500,1.4,7,HopcroftKarpMatcher,-1,na,wall_clock_ms,3.93367
U4,500,1.4,7,HopcroftKarpMatcher,-1,na,matching_size,500
U4,500,1.7,8,SimpleAugmentingMatcher,-1,na,wall_clock_ms,45.2969
U4,500,1.7,8,SimpleAugmentingMatcher,-1,na,matching_size,500
U4,500,1.7,8,HopcroftKarpMatcher,0,na,paths_found_per_phase,495
U4,500,1.7,8,HopcroftKarpMatcher,0,na,bfs_edges_visited,38747
U4,500,1.7,8,HopcroftKarpMatcher,0,na,dfs_edges_visited,19253
U4,500,1.7,8,HopcroftKarpMatcher,0,na,defect_at_iteration,5
U4,500,1.7,8,HopcroftKarpMatcher,1,na,paths_found_per_phase,5
U4,500,1.7,8,HopcroftKarpMatcher,1,na,bfs_edges_visited,21964
U4,500,1.7,8,HopcroftKarpMatcher,1,na,dfs_edges_visited,797
U4,500,1.7,8,HopcroftKarpMatcher,1,na,defect_at_iteration,0
U4,500,1.7,8,HopcroftKarpMatcher,-1,na,phase_count,2
U4,500,1.7,8,HopcroftKarpMatcher,-1,na,main_loop_iters,2
U4,500,1.7,8,HopcroftKarpMatcher,-1,na,total_bfs_edges_visited,60711
U4,500,1.7,8,HopcroftKarpMatcher,-1,na,total_edges_visited,80761
U4,500,1.7,8,HopcroftKarpMatcher,-1,na,matching_size,500
U4,500,1.7,8,HopcroftKarpMatcher,-1,na,wall_clock_ms,1.35224
U4,500,1.7,8,HopcroftKarpMatcher,-1,na,matching_size,500
U4,1000,1.5,6,SimpleAugmentingMatcher,-1,na,wall_clock_ms,147.194
U4,1000,1.5,6,SimpleAugmentingMatcher,-1,na,matching_size,1000
U4,1000,1.5,6,HopcroftKarpMatcher,0,na,paths_found_per_phase,980
U4,1000,1.5,6,HopcroftKarpMatcher,0,na,bfs_edges_visited,31622
U4,1000,1.5,6,HopcroftKarpMatcher,0,na,dfs_edges_visited,15713
U4,1000,1.5,6,HopcroftKarpMatcher,0,na,defect_at_iteration,20
U4,1000,1.5,6,HopcroftKarpMatcher,1,na,paths_found_per_phase,20
U4,1000,1.5,6,HopcroftKarpMatcher,1,na,bfs_edges_visited,15415
U4,1000,1.5,6,HopcroftKarpMatcher,1,na,dfs_edges_visited,5136
U4,1000,1.5,6,HopcroftKarpMatcher,1,na,defect_at_iteration,0
U4,1000,1.5,6,HopcroftKarpMatcher,-1,na,phase_count,2
U4,1000,1.5,6,HopcroftKarpMatcher,-1,na,main_loop_iters,2
U4,1000,1.5,6,HopcroftKarpMatcher,-1,na,total_bfs_edges_visited,47037
U4,1000,1.5,6,HopcroftKarpMatcher,-1,na,total_edges_visited,67886
U4,1000,1.5,6,HopcroftKarpMatcher,-1,na,matching_size,1000
U4,1000,1.5,6,HopcroftKarpMatcher,-1,na,wall_clock_ms,2.79806
U4,1000,1.5,6,HopcroftKarpMatcher,-1,na,matching_size,1000
U4,2000,1.3,5,SimpleAugmentingMatcher,-1,na,wall_clock_ms,357.183
U4,2000,1.3,5,SimpleAugmentingMatcher,-1,na,matching_size,2000
U4,2000,1.3,5,HopcroftKarpMatcher,0,na,paths_found_per_phase,1858
U4,2000,1.3,5,HopcroftKarpMatcher,0,na,bfs_edges_visited,19558
U4,2000,1.3,5,HopcroftKarpMatcher,0,na,dfs_edges_visited,9793
U4,2000,1.3,5,HopcroftKarpMatcher,0,na,defect_at_iteration,142
U4,2000,1.3,5,HopcroftKarpMatcher,1,na,paths_found_per_phase,137
U4,2000,1.3,5,HopcroftKarpMatcher,1,na,bfs_edges_visited,9509
U4,2000,1.3,5,HopcroftKarpMatcher,1,na,dfs_edges_visited,8037
U4,2000,1.3,5,HopcroftKarpMatcher,1,na,defect_at_iteration,5
U4,2000,1.3,5,HopcroftKarpMatcher,2,na,paths_found_per_phase,4
U4,2000,1.3,5,HopcroftKarpMatcher,2,na,bfs_edges_visited,2470
U4,2000,1.3,5,HopcroftKarpMatcher,2,na,dfs_edges_visited,6245
U4,2000,1.3,5,HopcroftKarpMatcher,2,na,defect_at_iteration,1
U4,2000,1.3,5,HopcroftKarpMatcher,3,na,paths_found_per_phase,1
U4,2000,1.3,5,HopcroftKarpMatcher,3,na,bfs_edges_visited,13428
U4,2000,1.3,5,HopcroftKarpMatcher,3,na,dfs_edges_visited,347
U4,2000,1.3,5,HopcroftKarpMatcher,3,na,defect_at_iteration,0
U4,2000,1.3,5,HopcroftKarpMatcher,-1,na,phase_count,4
U4,2000,1.3,5,HopcroftKarpMatcher,-1,na,main_loop_iters,4
U4,2000,1.3,5,HopcroftKarpMatcher,-1,na,total_bfs_edges_visited,44965
U4,2000,1.3,5,HopcroftKarpMatcher,-1,na,total_edges_visited,69387
U4,2000,1.3,5,HopcroftKarpMatcher,-1,na,matching_size,2000
U4,2000,1.3,5,HopcroftKarpMatcher,-1,na,wall_clock_ms,14.5243
U4,2000,1.3,5,HopcroftKarpMatcher,-1,na,matching_size,2000
U4,2000,1.1,12,SimpleAugmentingMatcher,-1,na,wall_clock_ms,18.5854
U4,2000,1.1,12,SimpleAugmentingMatcher,-1,na,matching_size,1618
U4,2000,1.1,12,HopcroftKarpMatcher,0,na,paths_found_per_phase,1411
U4,2000,1.1,12,HopcroftKarpMatcher,0,na,bfs_edges_visited,4276
U4,2000,1.1,12,HopcroftKarpMatcher,0,na,dfs_edges_visited,2592
U4,2000,1.1,12,HopcroftKarpMatcher,0,na,defect_at_iteration,589
U4,2000,1.1,12,HopcroftKarpMatcher,1,na,paths_found_per_phase,164
U4,2000,1.1,12,HopcroftKarpMatcher,1,na,bfs_edges_visited,1822
U4,2000,1.1,12,HopcroftKarpMatcher,1,na,dfs_edges_visited,1983
U4,2000,1.1,12,HopcroftKarpMatcher,1,na,defect_at_iteration,425
U4,2000,1.1,12,HopcroftKarpMatcher,2,na,paths_found_per_phase,20
U4,2000,1.1,12,HopcroftKarpMatcher,2,na,bfs_edges_visited,1132
U4,2000,1.1,12,HopcroftKarpMatcher,2,na,dfs_edges_visited,1316
U4,2000,1.1,12,HopcroftKarpMatcher,2,na,defect_at_iteration,405
U4,2000,1.1,12,HopcroftKarpMatcher,3,na,paths_found_per_phase,14
U4,2000,1.1,12,HopcroftKarpMatcher,3,na,bfs_edges_visited,1347
U4,2000,1.1,12,HopcroftKarpMatcher,3,na,dfs_edges_visited,1311
U4,2000,1.1,12,HopcroftKarpMatcher,3,na,defect_at_iteration,391
U4,2000,1.1,12,HopcroftKarpMatcher,4,na,paths_found_per_phase,8
U4,2000,1.1,12,HopcroftKarpMatcher,4,na,bfs_edges_visited,1257
U4,2000,1.1,12,HopcroftKarpMatcher,4,na,dfs_edges_visited,1223
U4,2000,1.1,12,HopcroftKarpMatcher,4,na,defect_at_iteration,383
U4,2000,1.1,12,HopcroftKarpMatcher,5,na,paths_found_per_phase,1
U4,2000,1.1,12,HopcroftKarpMatcher,5,na,bfs_edges_visited,1216
U4,2000,1.1,12,HopcroftKarpMatcher,5,na,dfs_edges_visited,1201
U4,2000,1.1,12,HopcroftKarpMatcher,5,na,defect_at_iteration,382
U4,2000,1.1,12,HopcroftKarpMatcher,-1,na,phase_count,6
U4,2000,1.1,12,HopcroftKarpMatcher,-1,na,main_loop_iters,6
U4,2000,1.1,12,HopcroftKarpMatcher,-1,na,total_bfs_edges_visited,11050
U4,2000,1.1,12,HopcroftKarpMatcher,-1,na,total_edges_visited,20676
U4,2000,1.1,12,HopcroftKarpMatcher,-1,na,matching_size,1618
U4,2000,1.1,12,HopcroftKarpMatcher,-1,na,wall_clock_ms,26.092
U4,2000,1.1,12,HopcroftKarpMatcher,-1,na,matching_size,1618
U4,2000,2,3,SimpleAugmentingMatcher,-1,na,wall_clock_ms,1731.56
U4,2000,2,3,SimpleAugmentingMatcher,-1,na,matching_size,2000
U4,2000,2,3,HopcroftKarpMatcher,0,na,paths_found_per_phase,2000
U4,2000,2,3,HopcroftKarpMatcher,0,na,bfs_edges_visited,4e+06
U4,2000,2,3,HopcroftKarpMatcher,0,na,dfs_edges_visited,2.001e+06
U4,2000,2,3,HopcroftKarpMatcher,0,na,defect_at_iteration,0
U4,2000,2,3,HopcroftKarpMatcher,-1,na,phase_count,1
U4,2000,2,3,HopcroftKarpMatcher,-1,na,main_loop_iters,1
U4,2000,2,3,HopcroftKarpMatcher,-1,na,total_bfs_edges_visited,4e+06
U4,2000,2,3,HopcroftKarpMatcher,-1,na,total_edges_visited,6.001e+06
U4,2000,2,3,HopcroftKarpMatcher,-1,na,matching_size,2000
U4,2000,2,3,HopcroftKarpMatcher,-1,na,wall_clock_ms,7.98427
U4,2000,2,3,HopcroftKarpMatcher,-1,na,matching_size,2000
U4,1000,1.1,14,SimpleAugmentingMatcher,-1,na,wall_clock_ms,3.12667
U4,1000,1.1,14,SimpleAugmentingMatcher,-1,na,matching_size,794
U4,1000,1.1,14,HopcroftKarpMatcher,0,na,paths_found_per_phase,709
U4,1000,1.1,14,HopcroftKarpMatcher,0,na,bfs_edges_visited,1995
U4,1000,1.1,14,HopcroftKarpMatcher,0,na,dfs_edges_visited,1229
U4,1000,1.1,14,HopcroftKarpMatcher,0,na,defect_at_iteration,291
U4,1000,1.1,14,HopcroftKarpMatcher,1,na,paths_found_per_phase,69
U4,1000,1.1,14,HopcroftKarpMatcher,1,na,bfs_edges_visited,720
U4,1000,1.1,14,HopcroftKarpMatcher,1,na,dfs_edges_visited,817
U4,1000,1.1,14,HopcroftKarpMatcher,1,na,defect_at_iteration,222
U4,1000,1.1,14,HopcroftKarpMatcher,2,na,paths_found_per_phase,10
U4,1000,1.1,14,HopcroftKarpMatcher,2,na,bfs_edges_visited,476
U4,1000,1.1,14,HopcroftKarpMatcher,2,na,dfs_edges_visited,579
U4,1000,1.1,14,HopcroftKarpMatcher,2,na,defect_at_iteration,212
U4,1000,1.1,14,HopcroftKarpMatcher,3,na,paths_found_per_phase,4
U4,1000,1.1,14,HopcroftKarpMatcher,3,na,bfs_edges_visited,543
U4,1000,1.1,14,HopcroftKarpMatcher,3,na,dfs_edges_visited,568
U4,1000,1.1,14,HopcroftKarpMatcher,3,na,defect_at_iteration,208
U4,1000,1.1,14,HopcroftKarpMatcher,4,na,paths_found_per_phase,1
U4,1000,1.1,14,HopcroftKarpMatcher,4,na,bfs_edges_visited,559
U4,1000,1.1,14,HopcroftKarpMatcher,4,na,dfs_edges_visited,570
U4,1000,1.1,14,HopcroftKarpMatcher,4,na,defect_at_iteration,207
U4,1000,1.1,14,HopcroftKarpMatcher,5,na,paths_found_per_phase,1
U4,1000,1.1,14,HopcroftKarpMatcher,5,na,bfs_edges_visited,559
U4,1000,1.1,14,HopcroftKarpMatcher,5,na,dfs_edges_visited,562
U4,1000,1.1,14,HopcroftKarpMatcher,5,na,defect_at_iteration,206
U4,1000,1.1,14,HopcroftKarpMatcher,-1,na,phase_count,6
U4,1000,1.1,14,HopcroftKarpMatcher,-1,na,main_loop_iters,6
U4,1000,1.1,14,HopcroftKarpMatcher,-1,na,total_bfs_edges_visited,4852
U4,1000,1.1,14,HopcroftKarpMatcher,-1,na,total_edges_visited,9177
U4,1000,1.1,14,HopcroftKarpMatcher,-1,na,matching_size,794
U4,1000,1.1,14,HopcroftKarpMatcher,-1,na,wall_clock_ms,6.50925
U4,1000,1.1,14,HopcroftKarpMatcher,-1,na,matching_size,794
U4,1000,1.5,7,SimpleAugmentingMatcher,-1,na,wall_clock_ms,146.179
U4,1000,1.5,7,SimpleAugmentingMatcher,-1,na,matching_size,1000
U4,1000,1.5,7,HopcroftKarpMatcher,0,na,paths_found_per_phase,977
U4,1000,1.5,7,HopcroftKarpMatcher,0,na,bfs_edges_visited,31622
U4,1000,1.5,7,HopcroftKarpMatcher,0,na,dfs_edges_visited,15842
U4,1000,1.5,7,HopcroftKarpMatcher,0,na,defect_at_iteration,23
U4,1000,1.5,7,HopcroftKarpMatcher,1,na,paths_found_per_phase,23
U4,1000,1.5,7,HopcroftKarpMatcher,1,na,bfs_edges_visited,16287
U4,1000,1.5,7,HopcroftKarpMatcher,1,na,dfs_edges_visited,4339
U4,1000,1.5,7,HopcroftKarpMatcher,1,na,defect_at_iteration,0
U4,1000,1.5,7,HopcroftKarpMatcher,-1,na,phase_count,2
U4,1000,1.5,7,HopcroftKarpMatcher,-1,na,main_loop_iters,2
U4,1000,1.5,7,HopcroftKarpMatcher,-1,na,total_bfs_edges_visited,47909
U4,1000,1.5,7,HopcroftKarpMatcher,-1,na,total_edges_visited,68090
U4,1000,1.5,7,HopcroftKarpMatcher,-1,na,matching_size,1000
U4,1000,1.5,7,HopcroftKarpMatcher,-1,na,wall_clock_ms,2.77831
U4,1000,1.5,7,HopcroftKarpMatcher,-1,na,matching_size,1000
U4,2000,1.5,14,SimpleAugmentingMatcher,-1,na,wall_clock_ms,1183.62
U4,2000,1.5,14,SimpleAugmentingMatcher,-1,na,matching_size,2000
U4,2000,1.5,14,HopcroftKarpMatcher,0,na,paths_found_per_phase,1966
U4,2000,1.5,14,HopcroftKarpMatcher,0,na,bfs_edges_visited,89442
U4,2000,1.5,14,HopcroftKarpMatcher,0,na,dfs_edges_visited,44895
U4,2000,1.5,14,HopcroftKarpMatcher,0,na,defect_at_iteration,34
U4,2000,1.5,14,HopcroftKarpMatcher,1,na,paths_found_per_phase,34
U4,2000,1.5,14,HopcroftKarpMatcher,1,na,bfs_edges_visited,47642
U4,2000,1.5,14,HopcroftKarpMatcher,1,na,dfs_edges_visited,8393
U4,2000,1.5,14,HopcroftKarpMatcher,1,na,defect_at_iteration,0
U4,2000,1.5,14,HopcroftKarpMatcher,-1,na,phase_count,2
U4,2000,1.5,14,HopcroftKarpMatcher,-1,na,main_loop_iters,2
U4,2000,1.5,14,HopcroftKarpMatcher,-1,na,total_bfs_edges_visited,137084
U4,2000,1.5,14,HopcroftKarpMatcher,-1,na,total_edges_visited,190372
U4,2000,1.5,14,HopcroftKarpMatcher,-1,na,matching_size,2000
U4,2000,1.5,14,HopcroftKarpMatcher,-1,na,wall_clock_ms,10.1292
U4,2000,1.5,14,HopcroftKarpMatcher,-1,na,matching_size,2000
U4,2000,1.2,4,SimpleAugmentingMatcher,-1,na,wall_clock_ms,171.862
U4,2000,1.2,4,SimpleAugmentingMatcher,-1,na,matching_size,1969
U4,2000,1.2,4,HopcroftKarpMatcher,0,na,paths_found_per_phase,1684
U4,2000,1.2,4,HopcroftKarpMatcher,0,na,bfs_edges_visited,9146
U4,2000,1.2,4,HopcroftKarpMatcher,0,na,dfs_edges_visited,4934
U4,2000,1.2,4,HopcroftKarpMatcher,0,na,defect_at_iteration,316
U4,2000,1.2,4,HopcroftKarpMatcher,1,na,paths_found_per_phase,220
U4,2000,1.2,4,HopcroftKarpMatcher,1,na,bfs_edges_visited,4296
U4,2000,1.2,4,HopcroftKarpMatcher,1,na,dfs_edges_visited,4519
U4,2000,1.2,4,HopcroftKarpMatcher,1,na,defect_at_iteration,96
U4,2000,1.2,4,HopcroftKarpMatcher,2,na,paths_found_per_phase,34
U4,2000,1.2,4,HopcroftKarpMatcher,2,na,bfs_edges_visited,2180
U4,2000,1.2,4,HopcroftKarpMatcher,2,na,dfs_edges_visited,3485
U4,2000,1.2,4,HopcroftKarpMatcher,2,na,defect_at_iteration,62
U4,2000,1.2,4,HopcroftKarpMatcher,3,na,paths_found_per_phase,11
U4,2000,1.2,4,HopcroftKarpMatcher,3,na,bfs_edges_visited,2348
U4,2000,1.2,4,HopcroftKarpMatcher,3,na,dfs_edges_visited,3914
U4,2000,1.2,4,HopcroftKarpMatcher,3,na,defect_at_iteration,51
U4,2000,1.2,4,HopcroftKarpMatcher,4,na,paths_found_per_phase,16
U4,2000,1.2,4,HopcroftKarpMatcher,4,na,bfs_edges_visited,6480
U4,2000,1.2,4,HopcroftKarpMatcher,4,na,dfs_edges_visited,3311
U4,2000,1.2,4,HopcroftKarpMatcher,4,na,defect_at_iteration,35
U4,2000,1.2,4,HopcroftKarpMatcher,5,na,paths_found_per_phase,3
U4,2000,1.2,4,HopcroftKarpMatcher,5,na,bfs_edges_visited,3332
U4,2000,1.2,4,HopcroftKarpMatcher,5,na,dfs_edges_visited,4231
U4,2000,1.2,4,HopcroftKarpMatcher,5,na,defect_at_iteration,32
U4,2000,1.2,4,HopcroftKarpMatcher,6,na,paths_found_per_phase,1
U4,2000,1.2,4,HopcroftKarpMatcher,6,na,bfs_edges_visited,6171
U4,2000,1.2,4,HopcroftKarpMatcher,6,na,dfs_edges_visited,6192
U4,2000,1.2,4,HopcroftKarpMatcher,6,na,defect_at_iteration,31
U4,2000,1.2,4,HopcroftKarpMatcher,-1,na,phase_count,7
U4,2000,1.2,4,HopcroftKarpMatcher,-1,na,main_loop_iters,7
U4,2000,1.2,4,HopcroftKarpMatcher,-1,na,total_bfs_edges_visited,33953
U4,2000,1.2,4,HopcroftKarpMatcher,-1,na,total_edges_visited,64539
U4,2000,1.2,4,HopcroftKarpMatcher,-1,na,matching_size,1969
U4,2000,1.2,4,HopcroftKarpMatcher,-1,na,wall_clock_ms,29.2986
U4,2000,1.2,4,HopcroftKarpMatcher,-1,na,matching_size,1969
U4,1000,1.5,8,SimpleAugmentingMatcher,-1,na,wall_clock_ms,160.465
U4,1000,1.5,8,SimpleAugmentingMatcher,-1,na,matching_size,1000
U4,1000,1.5,8,HopcroftKarpMatcher,0,na,paths_found_per_phase,979
U4,1000,1.5,8,HopcroftKarpMatcher,0,na,bfs_edges_visited,31622
U4,1000,1.5,8,HopcroftKarpMatcher,0,na,dfs_edges_visited,15842
U4,1000,1.5,8,HopcroftKarpMatcher,0,na,defect_at_iteration,21
U4,1000,1.5,8,HopcroftKarpMatcher,1,na,paths_found_per_phase,21
U4,1000,1.5,8,HopcroftKarpMatcher,1,na,bfs_edges_visited,14763
U4,1000,1.5,8,HopcroftKarpMatcher,1,na,dfs_edges_visited,5552
U4,1000,1.5,8,HopcroftKarpMatcher,1,na,defect_at_iteration,0
U4,1000,1.5,8,HopcroftKarpMatcher,-1,na,phase_count,2
U4,1000,1.5,8,HopcroftKarpMatcher,-1,na,main_loop_iters,2
U4,1000,1.5,8,HopcroftKarpMatcher,-1,na,total_bfs_edges_visited,46385
U4,1000,1.5,8,HopcroftKarpMatcher,-1,na,total_edges_visited,67779
U4,1000,1.5,8,HopcroftKarpMatcher,-1,na,matching_size,1000
U4,1000,1.5,8,HopcroftKarpMatcher,-1,na,wall_clock_ms,2.78668
U4,1000,1.5,8,HopcroftKarpMatcher,-1,na,matching_size,1000
U4,1000,1.9,11,SimpleAugmentingMatcher,-1,na,wall_clock_ms,870.511
U4,1000,1.9,11,SimpleAugmentingMatcher,-1,na,matching_size,1000
U4,1000,1.9,11,HopcroftKarpMatcher,0,na,paths_found_per_phase,998
U4,1000,1.9,11,HopcroftKarpMatcher,0,na,bfs_edges_visited,501187
U4,1000,1.9,11,HopcroftKarpMatcher,0,na,dfs_edges_visited,250742
U4,1000,1.9,11,HopcroftKarpMatcher,0,na,defect_at_iteration,2
U4,1000,1.9,11,HopcroftKarpMatcher,1,na,paths_found_per_phase,2
U4,1000,1.9,11,HopcroftKarpMatcher,1,na,bfs_edges_visited,374791
U4,1000,1.9,11,HopcroftKarpMatcher,1,na,dfs_edges_visited,1484
U4,1000,1.9,11,HopcroftKarpMatcher,1,na,defect_at_iteration,0
U4,1000,1.9,11,HopcroftKarpMatcher,-1,na,phase_count,2
U4,1000,1.9,11,HopcroftKarpMatcher,-1,na,main_loop_iters,2
U4,1000,1.9,11,HopcroftKarpMatcher,-1,na,total_bfs_edges_visited,875978
U4,1000,1.9,11,HopcroftKarpMatcher,-1,na,total_edges_visited,1.1282e+06
U4,1000,1.9,11,HopcroftKarpMatcher,-1,na,matching_size,1000
U4,1000,1.9,11,HopcroftKarpMatcher,-1,na,wall_clock_ms,12.1741
U4,1000,1.9,11,HopcroftKarpMatcher,-1,na,matching_size,1000
U4,500,1.8,7,SimpleAugmentingMatcher,-1,na,wall_clock_ms,72.9855
U4,500,1.8,7,SimpleAugmentingMatcher,-1,na,matching_size,500
U4,500,1.8,7,HopcroftKarpMatcher,0,na,paths_found_per_phase,499
U4,500,1.8,7,HopcroftKarpMatcher,0,na,bfs_edges_visited,72134
U4,500,1.8,7,HopcroftKarpMatcher,0,na,dfs_edges_visited,36279
U4,500,1.8,7,HopcroftKarpMatcher,0,na,defect_at_iteration,1
U4,500,1.8,7,HopcroftKarpMatcher,1,na,paths_found_per_phase,1
U4,500,1.8,7,HopcroftKarpMatcher,1,na,bfs_edges_visited,19633
U4,500,1.8,7,HopcroftKarpMatcher,1,na,dfs_edges_visited,141
U4,500,1.8,7,HopcroftKarpMatcher,1,na,defect_at_iteration,0
U4,500,1.8,7,HopcroftKarpMatcher,-1,na,phase_count,2
U4,500,1.8,7,HopcroftKarpMatcher,-1,na,main_loop_iters,2
U4,500,1.8,7,HopcroftKarpMatcher,-1,na,total_bfs_edges_visited,91767
U4,500,1.8,7,HopcroftKarpMatcher,-1,na,total_edges_visited,128187
U4,500,1.8,7,HopcroftKarpMatcher,-1,na,matching_size,500
U4,500,1.8,7,HopcroftKarpMatcher,-1,na,wall_clock_ms,1.88794
U4,500,1.8,7,HopcroftKarpMatcher,-1,na,matching_size,500
U4,500,1.9,4,SimpleAugmentingMatcher,-1,na,wall_clock_ms,100.735
U4,500,1.9,4,SimpleAugmentingMatcher,-1,na,matching_size,500
U4,500,1.9,4,HopcroftKarpMatcher,0,na,paths_found_per_phase,499
U4,500,1.9,4,HopcroftKarpMatcher,0,na,bfs_edges_visited,134289
U4,500,1.9,4,HopcroftKarpMatcher,0,na,dfs_edges_visited,67406
U4,500,1.9,4,HopcroftKarpMatcher,0,na,defect_at_iteration,1
U4,500,1.9,4,HopcroftKarpMatcher,1,na,paths_found_per_phase,1
U4,500,1.9,4,HopcroftKarpMatcher,1,na,bfs_edges_visited,69239
U4,500,1.9,4,HopcroftKarpMatcher,1,na,dfs_edges_visited,517
U4,500,1.9,4,HopcroftKarpMatcher,1,na,defect_at_iteration,0
U4,500,1.9,4,HopcroftKarpMatcher,-1,na,phase_count,2
U4,500,1.9,4,HopcroftKarpMatcher,-1,na,main_loop_iters,2
U4,500,1.9,4,HopcroftKarpMatcher,-1,na,total_bfs_edges_visited,203528
U4,500,1.9,4,HopcroftKarpMatcher,-1,na,total_edges_visited,271451
U4,500,1.9,4,HopcroftKarpMatcher,-1,na,matching_size,500
U4,500,1.9,4,HopcroftKarpMatcher,-1,na,wall_clock_ms,2.71912
U4,500,1.9,4,HopcroftKarpMatcher,-1,na,matching_size,500
U4,1000,1.7,2,SimpleAugmentingMatcher,-1,na,wall_clock_ms,345.065
U4,1000,1.7,2,SimpleAugmentingMatcher,-1,na,matching_size,1000
U4,1000,1.7,2,HopcroftKarpMatcher,0,na,paths_found_per_phase,995
U4,1000,1.7,2,HopcroftKarpMatcher,0,na,bfs_edges_visited,125892
U4,1000,1.7,2,HopcroftKarpMatcher,0,na,dfs_edges_visited,62776
U4,1000,1.7,2,HopcroftKarpMatcher,0,na,defect_at_iteration,5
U4,1000,1.7,2,HopcroftKarpMatcher,1,na,paths_found_per_phase,5
U4,1000,1.7,2,HopcroftKarpMatcher,1,na,bfs_edges_visited,57966
U4,1000,1.7,2,HopcroftKarpMatcher,1,na,dfs_edges_visited,2057
U4,1000,1.7,2,HopcroftKarpMatcher,1,na,defect_at_iteration,0
U4,1000,1.7,2,HopcroftKarpMatcher,-1,na,phase_count,2
U4,1000,1.7,2,HopcroftKarpMatcher,-1,na,main_loop_iters,2
U4,1000,1.7,2,HopcroftKarpMatcher,-1,na,total_bfs_edges_visited,183858
U4,1000,1.7,2,HopcroftKarpMatcher,-1,na,total_edges_visited,248691
U4,1000,1.7,2,HopcroftKarpMatcher,-1,na,matching_size,1000
U4,1000,1.7,2,HopcroftKarpMatcher,-1,na,wall_clock_ms,4.44015
U4,1000,1.7,2,HopcroftKarpMatcher,-1,na,matching_size,1000
U4,500,1.7,10,SimpleAugmentingMatcher,-1,na,wall_clock_ms,44.9132
U4,500,1.7,10,SimpleAugmentingMatcher,-1,na,matching_size,500
U4,500,1.7,10,HopcroftKarpMatcher,0,na,paths_found_per_phase,497
U4,500,1.7,10,HopcroftKarpMatcher,0,na,bfs_edges_visited,38747
U4,500,1.7,10,HopcroftKarpMatcher,0,na,dfs_edges_visited,19359
U4,500,1.7,10,HopcroftKarpMatcher,0,na,defect_at_iteration,3
U4,500,1.7,10,HopcroftKarpMatcher,1,na,paths_found_per_phase,3
U4,500,1.7,10,HopcroftKarpMatcher,1,na,bfs_edges_visited,14992
U4,500,1.7,10,HopcroftKarpMatcher,1,na,dfs_edges_visited,908
U4,500,1.7,10,HopcroftKarpMatcher,1,na,defect_at_iteration,0
U4,500,1.7,10,HopcroftKarpMatcher,-1,na,phase_count,2
U4,500,1.7,10,HopcroftKarpMatcher,-1,na,main_loop_iters,2
U4,500,1.7,10,HopcroftKarpMatcher,-1,na,total_bfs_edges_visited,53739
U4,500,1.7,10,HopcroftKarpMatcher,-1,na,total_edges_visited,74006
U4,500,1.7,10,HopcroftKarpMatcher,-1,na,matching_size,500
U4,500,1.7,10,HopcroftKarpMatcher,-1,na,wall_clock_ms,1.22905
U4,500,1.7,10,HopcroftKarpMatcher,-1,na,matching_size,500
U4,1000,2,2,SimpleAugmentingMatcher,-1,na,wall_clock_ms,219.363
U4,1000,2,2,SimpleAugmentingMatcher,-1,na,matching_size,1000
U4,1000,2,2,HopcroftKarpMatcher,0,na,paths_found_per_phase,1000
U4,1000,2,2,HopcroftKarpMatcher,0,na,bfs_edges_visited,1e+06
U4,1000,2,2,HopcroftKarpMatcher,0,na,dfs_edges_visited,500500
U4,1000,2,2,HopcroftKarpMatcher,0,na,defect_at_iteration,0
U4,1000,2,2,HopcroftKarpMatcher,-1,na,phase_count,1
U4,1000,2,2,HopcroftKarpMatcher,-1,na,main_loop_iters,1
U4,1000,2,2,HopcroftKarpMatcher,-1,na,total_bfs_edges_visited,1e+06
U4,1000,2,2,HopcroftKarpMatcher,-1,na,total_edges_visited,1.5005e+06
U4,1000,2,2,HopcroftKarpMatcher,-1,na,matching_size,1000
U4,1000,2,2,HopcroftKarpMatcher,-1,na,wall_clock_ms,2.0094
U4,1000,2,2,HopcroftKarpMatcher,-1,na,matching_size,1000
U4,500,1.4,1,SimpleAugmentingMatcher,-1,na,wall_clock_ms,10.2627
U4,500,1.4,1,SimpleAugmentingMatcher,-1,na,matching_size,500
U4,500,1.4,1,HopcroftKarpMatcher,0,na,paths_found_per_phase,465
U4,500,1.4,1,HopcroftKarpMatcher,0,na,bfs_edges_visited,6005
U4,500,1.4,1,HopcroftKarpMatcher,0,na,dfs_edges_visited,2990
U4,500,1.4,1,HopcroftKarpMatcher,0,na,defect_at_iteration,35
U4,500,1.4,1,HopcroftKarpMatcher,1,na,paths_found_per_phase,35
U4,500,1.4,1,HopcroftKarpMatcher,1,na,bfs_edges_visited,3286
U4,500,1.4,1,HopcroftKarpMatcher,1,na,dfs_edges_visited,1868
U4,500,1.4,1,HopcroftKarpMatcher,1,na,defect_at_iteration,0
U4,500,1.4,1,HopcroftKarpMatcher,-1,na,phase_count,2
U4,500,1.4,1,HopcroftKarpMatcher,-1,na,main_loop_iters,2
U4,500,1.4,1,HopcroftKarpMatcher,-1,na,total_bfs_edges_visited,9291
U4,500,1.4,1,HopcroftKarpMatcher,-1,na,total_edges_visited,14149
U4,500,1.4,1,HopcroftKarpMatcher,-1,na,matching_size,500
U4,500,1.4,1,HopcroftKarpMatcher,-1,na,wall_clock_ms,0.734284
U4,500,1.4,1,HopcroftKarpMatcher,-1,na,matching_size,500
U4,500,1.7,7,SimpleAugmentingMatcher,-1,na,wall_clock_ms,44.995
U4,500,1.7,7,SimpleAugmentingMatcher,-1,na,matching_size,500
U4,500,1.7,7,HopcroftKarpMatcher,0,na,paths_found_per_phase,495
U4,500,1.7,7,HopcroftKarpMatcher,0,na,bfs_edges_visited,38747
U4,500,1.7,7,HopcroftKarpMatcher,0,na,dfs_edges_visited,19482
U4,500,1.7,7,HopcroftKarpMatcher,0,na,defect_at_iteration,5
U4,500,1.7,7,HopcroftKarpMatcher,1,na,paths_found_per_phase,5
U4,500,1.7,7,HopcroftKarpMatcher,1,na,bfs_edges_visited,21533
U4,500,1.7,7,HopcroftKarpMatcher,1,na,dfs_edges_visited,1605
U4,500,1.7,7,HopcroftKarpMatcher,1,na,defect_at_iteration,0
U4,500,1.7,7,HopcroftKarpMatcher,-1,na,phase_count,2
U4,500,1.7,7,HopcroftKarpMatcher,-1,na,main_loop_iters,2
U4,500,1.7,7,HopcroftKarpMatcher,-1,na,total_bfs_edges_visited,60280
U4,500,1.7,7,HopcroftKarpMatcher,-1,na,total_edges_visited,81367
U4,500,1.7,7,HopcroftKarpMatcher,-1,na,matching_size,500
U4,500,1.7,7,HopcroftKarpMatcher,-1,na,wall_clock_ms,1.34929
U4,500,1.7,7,HopcroftKarpMatcher,-1,na,matching_size,500
U4,1000,1.4,10,SimpleAugmentingMatcher,-1,na,wall_clock_ms,84.4554
U4,1000,1.4,10,SimpleAugmentingMatcher,-1,na,matching_size,1000
U4,1000,1.4,10,HopcroftKarpMatcher,0,na,paths_found_per_phase,956
U4,1000,1.4,10,HopcroftKarpMatcher,0,na,bfs_edges_visited,15848
U4,1000,1.4,10,HopcroftKarpMatcher,0,na,dfs_edges_visited,7969
U4,1000,1.4,10,HopcroftKarpMatcher,0,na,defect_at_iteration,44
U4,1000,1.4,10,HopcroftKarpMatcher,1,na,paths_found_per_phase,43
U4,1000,1.4,10,HopcroftKarpMatcher,1,na,bfs_edges_visited,8262
U4,1000,1.4,10,HopcroftKarpMatcher,1,na,dfs_edges_visited,4988
U4,1000,1.4,10,HopcroftKarpMatcher,1,na,defect_at_iteration,1
U4,1000,1.4,10,HopcroftKarpMatcher,2,na,paths_found_per_phase,1
U4,1000,1.4,10,HopcroftKarpMatcher,2,na,bfs_edges_visited,12753
U4,1000,1.4,10,HopcroftKarpMatcher,2,na,dfs_edges_visited,2285
U4,1000,1.4,10,HopcroftKarpMatcher,2,na,defect_at_iteration,0
U4,1000,1.4,10,HopcroftKarpMatcher,-1,na,phase_count,3
U4,1000,1.4,10,HopcroftKarpMatcher,-1,na,main_loop_iters,3
U4,1000,1.4,10,HopcroftKarpMatcher,-1,na,total_bfs_edges_visited,36863
U4,1000,1.4,10,HopcroftKarpMatcher,-1,na,total_edges_visited,52105
U4,1000,1.4,10,HopcroftKarpMatcher,-1,na,matching_size,1000
U4,1000,1.4,10,HopcroftKarpMatcher,-1,na,wall_clock_ms,3.74104
U4,1000,1.4,10,HopcroftKarpMatcher,-1,na,matching_size,1000
U4,500,1.6,3,SimpleAugmentingMatcher,-1,na,wall_clock_ms,29.1759
U4,500,1.6,3,SimpleAugmentingMatcher,-1,na,matching_size,500
U4,500,1.6,3,HopcroftKarpMatcher,0,na,paths_found_per_phase,494
U4,500,1.6,3,HopcroftKarpMatcher,0,na,bfs_edges_visited,20813
U4,500,1.6,3,HopcroftKarpMatcher,0,na,dfs_edges_visited,10425
U4,500,1.6,3,HopcroftKarpMatcher,0,na,defect_at_iteration,6
U4,500,1.6,3,HopcroftKarpMatcher,1,na,paths_found_per_phase,6
U4,500,1.6,3,HopcroftKarpMatcher,1,na,bfs_edges_visited,8455
U4,500,1.6,3,HopcroftKarpMatcher,1,na,dfs_edges_visited,734
U4,500,1.6,3,HopcroftKarpMatcher,1,na,defect_at_iteration,0
U4,500,1.6,3,HopcroftKarpMatcher,-1,na,phase_count,2
U4,500,1.6,3,HopcroftKarpMatcher,-1,na,main_loop_iters,2
U4,500,1.6,3,HopcroftKarpMatcher,-1,na,total_bfs_edges_visited,29268
U4,500,1.6,3,HopcroftKarpMatcher,-1,na,total_edges_visited,40427
U4,500,1.6,3,HopcroftKarpMatcher,-1,na,matching_size,500
U4,500,1.6,3,HopcroftKarpMatcher,-1,na,wall_clock_ms,0.899503
U4,500,1.6,3,HopcroftKarpMatcher,-1,na,matching_size,500
U4,1000,1.2,12,SimpleAugmentingMatcher,-1,na,wall_clock_ms,33.5849
U4,1000,1.2,12,SimpleAugmentingMatcher,-1,na,matching_size,979
U4,1000,1.2,12,HopcroftKarpMatcher,0,na,paths_found_per_phase,833
U4,1000,1.2,12,HopcroftKarpMatcher,0,na,bfs_edges_visited,3981
U4,1000,1.2,12,HopcroftKarpMatcher,0,na,dfs_edges_visited,2204
U4,1000,1.2,12,HopcroftKarpMatcher,0,na,defect_at_iteration,167
U4,1000,1.2,12,HopcroftKarpMatcher,1,na,paths_found_per_phase,114
U4,1000,1.2,12,HopcroftKarpMatcher,1,na,bfs_edges_visited,2025
U4,1000,1.2,12,HopcroftKarpMatcher,1,na,dfs_edges_visited,2141
U4,1000,1.2,12,HopcroftKarpMatcher,1,na,defect_at_iteration,53
U4,1000,1.2,12,HopcroftKarpMatcher,2,na,paths_found_per_phase,14
U4,1000,1.2,12,HopcroftKarpMatcher,2,na,bfs_edges_visited,1143
U4,1000,1.2,12,HopcroftKarpMatcher,2,na,dfs_edges_visited,1726
U4,1000,1.2,12,HopcroftKarpMatcher,2,na,defect_at_iteration,39
U4,1000,1.2,12,HopcroftKarpMatcher,3,na,paths_found_per_phase,13
U4,1000,1.2,12,HopcroftKarpMatcher,3,na,bfs_edges_visited,2504
U4,1000,1.2,12,HopcroftKarpMatcher,3,na,dfs_edges_visited,2357
U4,1000,1.2,12,HopcroftKarpMatcher,3,na,defect_at_iteration,26
U4,1000,1.2,12,HopcroftKarpMatcher,4,na,paths_found_per_phase,2
U4,1000,1.2,12,HopcroftKarpMatcher,4,na,bfs_edges_visited,2221
U4,1000,1.2,12,HopcroftKarpMatcher,4,na,dfs_edges_visited,2978
U4,1000,1.2,12,HopcroftKarpMatcher,4,na,defect_at_iteration,24
U4,1000,1.2,12,HopcroftKarpMatcher,5,na,paths_found_per_phase,3
U4,1000,1.2,12,HopcroftKarpMatcher,5,na,bfs_edges_visited,3404
U4,1000,1.2,12,HopcroftKarpMatcher,5,na,dfs_edges_visited,3284
U4,1000,1.2,12,HopcroftKarpMatcher,5,na,defect_at_iteration,21
U4,1000,1.2,12,HopcroftKarpMatcher,-1,na,phase_count,6
U4,1000,1.2,12,HopcroftKarpMatcher,-1,na,main_loop_iters,6
U4,1000,1.2,12,HopcroftKarpMatcher,-1,na,total_bfs_edges_visited,15278
U4,1000,1.2,12,HopcroftKarpMatcher,-1,na,total_edges_visited,29968
U4,1000,1.2,12,HopcroftKarpMatcher,-1,na,matching_size,979
U4,1000,1.2,12,HopcroftKarpMatcher,-1,na,wall_clock_ms,8.81397
U4,1000,1.2,12,HopcroftKarpMatcher,-1,na,matching_size,979
U4,1000,1.9,13,SimpleAugmentingMatcher,-1,na,wall_clock_ms,866.914
U4,1000,1.9,13,SimpleAugmentingMatcher,-1,na,matching_size,1000
U4,1000,1.9,13,HopcroftKarpMatcher,0,na,paths_found_per_phase,998
U4,1000,1.9,13,HopcroftKarpMatcher,0,na,bfs_edges_visited,501187
U4,1000,1.9,13,HopcroftKarpMatcher,0,na,dfs_edges_visited,250834
U4,1000,1.9,13,HopcroftKarpMatcher,0,na,defect_at_iteration,2
U4,1000,1.9,13,HopcroftKarpMatcher,1,na,paths_found_per_phase,2
U4,1000,1.9,13,HopcroftKarpMatcher,1,na,bfs_edges_visited,382230
U4,1000,1.9,13,HopcroftKarpMatcher,1,na,dfs_edges_visited,2561
U4,1000,1.9,13,HopcroftKarpMatcher,1,na,defect_at_iteration,0
U4,1000,1.9,13,HopcroftKarpMatcher,-1,na,phase_count,2
U4,1000,1.9,13,HopcroftKarpMatcher,-1,na,main_loop_iters,2
U4,1000,1.9,13,HopcroftKarpMatcher,-1,na,total_bfs_edges_visited,883417
U4,1000,1.9,13,HopcroftKarpMatcher,-1,na,total_edges_visited,1.13681e+06
U4,1000,1.9,13,HopcroftKarpMatcher,-1,na,matching_size,1000
U4,1000,1.9,13,HopcroftKarpMatcher,-1,na,wall_clock_ms,12.3
U4,1000,1.9,13,HopcroftKarpMatcher,-1,na,matching_size,1000
U4,500,1.9,6,SimpleAugmentingMatcher,-1,na,wall_clock_ms,121.197
U4,500,1.9,6,SimpleAugmentingMatcher,-1,na,matching_size,500
U4,500,1.9,6,HopcroftKarpMatcher,0,na,paths_found_per_phase,499
U4,500,1.9,6,HopcroftKarpMatcher,0,na,bfs_edges_visited,134289
U4,500,1.9,6,HopcroftKarpMatcher,0,na,dfs_edges_visited,67387
U4,500,1.9,6,HopcroftKarpMatcher,0,na,defect_at_iteration,1
U4,500,1.9,6,HopcroftKarpMatcher,1,na,paths_found_per_phase,1
U4,500,1.9,6,HopcroftKarpMatcher,1,na,bfs_edges_visited,72799
U4,500,1.9,6,HopcroftKarpMatcher,1,na,dfs_edges_visited,261
U4,500,1.9,6,HopcroftKarpMatcher,1,na,defect_at_iteration,0
U4,500,1.9,6,HopcroftKarpMatcher,-1,na,phase_count,2
U4,500,1.9,6,HopcroftKarpMatcher,-1,na,main_loop_iters,2
U4,500,1.9,6,HopcroftKarpMatcher,-1,na,total_bfs_edges_visited,207088
U4,500,1.9,6,HopcroftKarpMatcher,-1,na,total_edges_visited,274736
U4,500,1.9,6,HopcroftKarpMatcher,-1,na,matching_size,500
U4,500,1.9,6,HopcroftKarpMatcher,-1,na,wall_clock_ms,2.75867
U4,500,1.9,6,HopcroftKarpMatcher,-1,na,matching_size,500
U4,500,1.2,13,SimpleAugmentingMatcher,-1,na,wall_clock_ms,3.47955
U4,500,1.2,13,SimpleAugmentingMatcher,-1,na,matching_size,476
U4,500,1.2,13,HopcroftKarpMatcher,0,na,paths_found_per_phase,395
U4,500,1.2,13,HopcroftKarpMatcher,0,na,bfs_edges_visited,1732
U4,500,1.2,13,HopcroftKarpMatcher,0,na,dfs_edges_visited,973
U4,500,1.2,13,HopcroftKarpMatcher,0,na,defect_at_iteration,105
U4,500,1.2,13,HopcroftKarpMatcher,1,na,paths_found_per_phase,60
U4,500,1.2,13,HopcroftKarpMatcher,1,na,bfs_edges_visited,837
U4,500,1.2,13,HopcroftKarpMatcher,1,na,dfs_edges_visited,828
U4,500,1.2,13,HopcroftKarpMatcher,1,na,defect_at_iteration,45
U4,500,1.2,13,HopcroftKarpMatcher,2,na,paths_found_per_phase,13
U4,500,1.2,13,HopcroftKarpMatcher,2,na,bfs_edges_visited,438
U4,500,1.2,13,HopcroftKarpMatcher,2,na,dfs_edges_visited,480
U4,500,1.2,13,HopcroftKarpMatcher,2,na,defect_at_iteration,32
U4,500,1.2,13,HopcroftKarpMatcher,3,na,paths_found_per_phase,5
U4,500,1.2,13,HopcroftKarpMatcher,3,na,bfs_edges_visited,449
U4,500,1.2,13,HopcroftKarpMatcher,3,na,dfs_edges_visited,552
U4,500,1.2,13,HopcroftKarpMatcher,3,na,defect_at_iteration,27
U4,500,1.2,13,HopcroftKarpMatcher,4,na,paths_found_per_phase,1
U4,500,1.2,13,HopcroftKarpMatcher,4,na,bfs_edges_visited,237
U4,500,1.2,13,HopcroftKarpMatcher,4,na,dfs_edges_visited,196
U4,500,1.2,13,HopcroftKarpMatcher,4,na,defect_at_iteration,26
U4,500,1.2,13,HopcroftKarpMatcher,5,na,paths_found_per_phase,1
U4,500,1.2,13,HopcroftKarpMatcher,5,na,bfs_edges_visited,161
U4,500,1.2,13,HopcroftKarpMatcher,5,na,dfs_edges_visited,168
U4,500,1.2,13,HopcroftKarpMatcher,5,na,defect_at_iteration,25
U4,500,1.2,13,HopcroftKarpMatcher,6,na,paths_found_per_phase,1
U4,500,1.2,13,HopcroftKarpMatcher,6,na,bfs_edges_visited,182
U4,500,1.2,13,HopcroftKarpMatcher,6,na,dfs_edges_visited,103
U4,500,1.2,13,HopcroftKarpMatcher,6,na,defect_at_iteration,24
U4,500,1.2,13,HopcroftKarpMatcher,-1,na,phase_count,7
U4,500,1.2,13,HopcroftKarpMatcher,-1,na,main_loop_iters,7
U4,500,1.2,13,HopcroftKarpMatcher,-1,na,total_bfs_edges_visited,4036
U4,500,1.2,13,HopcroftKarpMatcher,-1,na,total_edges_visited,7336
U4,500,1.2,13,HopcroftKarpMatcher,-1,na,matching_size,476
U4,500,1.2,13,HopcroftKarpMatcher,-1,na,wall_clock_ms,1.3459
U4,500,1.2,13,HopcroftKarpMatcher,-1,na,matching_size,476
U4,2000,1.1,0,SimpleAugmentingMatcher,-1,na,wall_clock_ms,12.9162
U4,2000,1.1,0,SimpleAugmentingMatcher,-1,na,matching_size,1628
U4,2000,1.1,0,HopcroftKarpMatcher,0,na,paths_found_per_phase,1415
U4,2000,1.1,0,HopcroftKarpMatcher,0,na,bfs_edges_visited,4276
U4,2000,1.1,0,HopcroftKarpMatcher,0,na,dfs_edges_visited,2600
U4,2000,1.1,0,HopcroftKarpMatcher,0,na,defect_at_iteration,585
U4,2000,1.1,0,HopcroftKarpMatcher,1,na,paths_found_per_phase,163
U4,2000,1.1,0,HopcroftKarpMatcher,1,na,bfs_edges_visited,1768
U4,2000,1.1,0,HopcroftKarpMatcher,1,na,dfs_edges_visited,1889
U4,2000,1.1,0,HopcroftKarpMatcher,1,na,defect_at_iteration,422
U4,2000,1.1,0,HopcroftKarpMatcher,2,na,paths_found_per_phase,24
U4,2000,1.1,0,HopcroftKarpMatcher,2,na,bfs_edges_visited,1076
U4,2000,1.1,0,HopcroftKarpMatcher,2,na,dfs_edges_visited,1306
U4,2000,1.1,0,HopcroftKarpMatcher,2,na,defect_at_iteration,398
U4,2000,1.1,0,HopcroftKarpMatcher,3,na,paths_found_per_phase,20
U4,2000,1.1,0,HopcroftKarpMatcher,3,na,bfs_edges_visited,1365
U4,2000,1.1,0,HopcroftKarpMatcher,3,na,dfs_edges_visited,1272
U4,2000,1.1,0,HopcroftKarpMatcher,3,na,defect_at_iteration,378
U4,2000,1.1,0,HopcroftKarpMatcher,4,na,paths_found_per_phase,3
U4,2000,1.1,0,HopcroftKarpMatcher,4,na,bfs_edges_visited,1055
U4,2000,1.1,0,HopcroftKarpMatcher,4,na,dfs_edges_visited,1060
U4,2000,1.1,0,HopcroftKarpMatcher,4,na,defect_at_iteration,375
U4,2000,1.1,0,HopcroftKarpMatcher,5,na,paths_found_per_phase,2
U4,2000,1.1,0,HopcroftKarpMatcher,5,na,bfs_edges_visited,978
U4,2000,1.1,0,HopcroftKarpMatcher,5,na,dfs_edges_visited,994
U4,2000,1.1,0,HopcroftKarpMatcher,5,na,defect_at_iteration,373
U4,2000,1.1,0,HopcroftKarpMatcher,6,na,paths_found_per_phase,1
U4,2000,1.1,0,HopcroftKarpMatcher,6,na,bfs_edges_visited,909
U4,2000,1.1,0,HopcroftKarpMatcher,6,na,dfs_edges_visited,875
U4,2000,1.1,0,HopcroftKarpMatcher,6,na,defect_at_iteration,372
U4,2000,1.1,0,HopcroftKarpMatcher,-1,na,phase_count,7
U4,2000,1.1,0,HopcroftKarpMatcher,-1,na,main_loop_iters,7
U4,2000,1.1,0,HopcroftKarpMatcher,-1,na,total_bfs_edges_visited,11427
U4,2000,1.1,0,HopcroftKarpMatcher,-1,na,total_edges_visited,21423
U4,2000,1.1,0,HopcroftKarpMatcher,-1,na,matching_size,1628
U4,2000,1.1,0,HopcroftKarpMatcher,-1,na,wall_clock_ms,27.7423
U4,2000,1.1,0,HopcroftKarpMatcher,-1,na,matching_size,1628
U4,2000,1.4,14,SimpleAugmentingMatcher,-1,na,wall_clock_ms,739.946
U4,2000,1.4,14,SimpleAugmentingMatcher,-1,na,matching_size,2000
U4,2000,1.4,14,HopcroftKarpMatcher,0,na,paths_found_per_phase,1942
U4,2000,1.4,14,HopcroftKarpMatcher,0,na,bfs_edges_visited,41825
U4,2000,1.4,14,HopcroftKarpMatcher,0,na,dfs_edges_visited,21010
U4,2000,1.4,14,HopcroftKarpMatcher,0,na,defect_at_iteration,58
U4,2000,1.4,14,HopcroftKarpMatcher,1,na,paths_found_per_phase,58
U4,2000,1.4,14,HopcroftKarpMatcher,1,na,bfs_edges_visited,17591
U4,2000,1.4,14,HopcroftKarpMatcher,1,na,dfs_edges_visited,11042
U4,2000,1.4,14,HopcroftKarpMatcher,1,na,defect_at_iteration,0
U4,2000,1.4,14,HopcroftKarpMatcher,-1,na,phase_count,2
U4,2000,1.4,14,HopcroftKarpMatcher,-1,na,main_loop_iters,2
U4,2000,1.4,14,HopcroftKarpMatcher,-1,na,total_bfs_edges_visited,59416
U4,2000,1.4,14,HopcroftKarpMatcher,-1,na,total_edges_visited,91468
U4,2000,1.4,14,HopcroftKarpMatcher,-1,na,matching_size,2000
U4,2000,1.4,14,HopcroftKarpMatcher,-1,na,wall_clock_ms,9.41522
U4,2000,1.4,14,HopcroftKarpMatcher,-1,na,matching_size,2000
U4,500,1.7,3,SimpleAugmentingMatcher,-1,na,wall_clock_ms,45.3461
U4,500,1.7,3,SimpleAugmentingMatcher,-1,na,matching_size,500
U4,500,1.7,3,HopcroftKarpMatcher,0,na,paths_found_per_phase,494
U4,500,1.7,3,HopcroftKarpMatcher,0,na,bfs_edges_visited,38747
U4,500,1.7,3,HopcroftKarpMatcher,0,na,dfs_edges_visited,19450
U4,500,1.7,3,HopcroftKarpMatcher,0,na,defect_at_iteration,6
U4,500,1.7,3,HopcroftKarpMatcher,1,na,paths_found_per_phase,6
U4,500,1.7,3,HopcroftKarpMatcher,1,na,bfs_edges_visited,25341
U4,500,1.7,3,HopcroftKarpMatcher,1,na,dfs_edges_visited,1181
U4,500,1.7,3,HopcroftKarpMatcher,1,na,defect_at_iteration,0
U4,500,1.7,3,HopcroftKarpMatcher,-1,na,phase_count,2
U4,500,1.7,3,HopcroftKarpMatcher,-1,na,main_loop_iters,2
U4,500,1.7,3,HopcroftKarpMatcher,-1,na,total_bfs_edges_visited,64088
U4,500,1.7,3,HopcroftKarpMatcher,-1,na,total_edges_visited,84719
U4,500,1.7,3,HopcroftKarpMatcher,-1,na,matching_size,500
U4,500,1.7,3,HopcroftKarpMatcher,-1,na,wall_clock_ms,1.45936
U4,500,1.7,3,HopcroftKarpMatcher,-1,na,matching_size,500
U4,1000,1,11,SimpleAugmentingMatcher,-1,na,wall_clock_ms,1.00324
U4,1000,1,11,SimpleAugmentingMatcher,-1,na,matching_size,538
U4,1000,1,11,HopcroftKarpMatcher,0,na,paths_found_per_phase,495
U4,1000,1,11,HopcroftKarpMatcher,0,na,bfs_edges_visited,1000
U4,1000,1,11,HopcroftKarpMatcher,0,na,dfs_edges_visited,745
U4,1000,1,11,HopcroftKarpMatcher,0,na,defect_at_iteration,505
U4,1000,1,11,HopcroftKarpMatcher,1,na,paths_found_per_phase,41
U4,1000,1,11,HopcroftKarpMatcher,1,na,bfs_edges_visited,399
U4,1000,1,11,HopcroftKarpMatcher,1,na,dfs_edges_visited,420
U4,1000,1,11,HopcroftKarpMatcher,1,na,defect_at_iteration,464
U4,1000,1,11,HopcroftKarpMatcher,2,na,paths_found_per_phase,1
U4,1000,1,11,HopcroftKarpMatcher,2,na,bfs_edges_visited,300
U4,1000,1,11,HopcroftKarpMatcher,2,na,dfs_edges_visited,306
U4,1000,1,11,HopcroftKarpMatcher,2,na,defect_at_iteration,463
U4,1000,1,11,HopcroftKarpMatcher,3,na,paths_found_per_phase,1
U4,1000,1,11,HopcroftKarpMatcher,3,na,bfs_edges_visited,305
U4,1000,1,11,HopcroftKarpMatcher,3,na,dfs_edges_visited,301
U4,1000,1,11,HopcroftKarpMatcher,3,na,defect_at_iteration,462
U4,1000,1,11,HopcroftKarpMatcher,-1,na,phase_count,4
U4,1000,1,11,HopcroftKarpMatcher,-1,na,main_loop_iters,4
U4,1000,1,11,HopcroftKarpMatcher,-1,na,total_bfs_edges_visited,2004
U4,1000,1,11,HopcroftKarpMatcher,-1,na,total_edges_visited,3776
U4,1000,1,11,HopcroftKarpMatcher,-1,na,matching_size,538
U4,1000,1,11,HopcroftKarpMatcher,-1,na,wall_clock_ms,5.84681
U4,1000,1,11,HopcroftKarpMatcher,-1,na,matching_size,538
U4,1000,1.9,0,SimpleAugmentingMatcher,-1,na,wall_clock_ms,871.138
U4,1000,1.9,0,SimpleAugmentingMatcher,-1,na,matching_size,1000
U4,1000,1.9,0,HopcroftKarpMatcher,0,na,paths_found_per_phase,999
U4,1000,1.9,0,HopcroftKarpMatcher,0,na,bfs_edges_visited,501187
U4,1000,1.9,0,HopcroftKarpMatcher,0,na,dfs_edges_visited,250833
U4,1000,1.9,0,HopcroftKarpMatcher,0,na,defect_at_iteration,1
U4,1000,1.9,0,HopcroftKarpMatcher,1,na,paths_found_per_phase,1
U4,1000,1.9,0,HopcroftKarpMatcher,1,na,bfs_edges_visited,245708
U4,1000,1.9,0,HopcroftKarpMatcher,1,na,dfs_edges_visited,1013
U4,1000,1.9,0,HopcroftKarpMatcher,1,na,defect_at_iteration,0
U4,1000,1.9,0,HopcroftKarpMatcher,-1,na,phase_count,2
U4,1000,1.9,0,HopcroftKarpMatcher,-1,na,main_loop_iters,2
U4,1000,1.9,0,HopcroftKarpMatcher,-1,na,total_bfs_edges_visited,746895
U4,1000,1.9,0,HopcroftKarpMatcher,-1,na,total_edges_visited,998741
U4,1000,1.9,0,HopcroftKarpMatcher,-1,na,matching_size,1000
U4,1000,1.9,0,HopcroftKarpMatcher,-1,na,wall_clock_ms,10.8029
U4,1000,1.9,0,HopcroftKarpMatcher,-1,na,matching_size,1000
U4,1000,1.1,9,SimpleAugmentingMatcher,-1,na,wall_clock_ms,2.0661
U4,1000,1.1,9,SimpleAugmentingMatcher,-1,na,matching_size,793
U4,1000,1.1,9,HopcroftKarpMatcher,0,na,paths_found_per_phase,699
U4,1000,1.1,9,HopcroftKarpMatcher,0,na,bfs_edges_visited,1995
U4,1000,1.1,9,HopcroftKarpMatcher,0,na,dfs_edges_visited,1250
U4,1000,1.1,9,HopcroftKarpMatcher,0,na,defect_at_iteration,301
U4,1000,1.1,9,HopcroftKarpMatcher,1,na,paths_found_per_phase,80
U4,1000,1.1,9,HopcroftKarpMatcher,1,na,bfs_edges_visited,813
U4,1000,1.1,9,HopcroftKarpMatcher,1,na,dfs_edges_visited,836
U4,1000,1.1,9,HopcroftKarpMatcher,1,na,defect_at_iteration,221
U4,1000,1.1,9,HopcroftKarpMatcher,2,na,paths_found_per_phase,10
U4,1000,1.1,9,HopcroftKarpMatcher,2,na,bfs_edges_visited,463
U4,1000,1.1,9,HopcroftKarpMatcher,2,na,dfs_edges_visited,509
U4,1000,1.1,9,HopcroftKarpMatcher,2,na,defect_at_iteration,211
U4,1000,1.1,9,HopcroftKarpMatcher,3,na,paths_found_per_phase,3
U4,1000,1.1,9,HopcroftKarpMatcher,3,na,bfs_edges_visited,509
U4,1000,1.1,9,HopcroftKarpMatcher,3,na,dfs_edges_visited,501
U4,1000,1.1,9,HopcroftKarpMatcher,3,na,defect_at_iteration,208
U4,1000,1.1,9,HopcroftKarpMatcher,4,na,paths_found_per_phase,1
U4,1000,1.1,9,HopcroftKarpMatcher,4,na,bfs_edges_visited,469
U4,1000,1.1,9,HopcroftKarpMatcher,4,na,dfs_edges_visited,451
U4,1000,1.1,9,HopcroftKarpMatcher,4,na,defect_at_iteration,207
U4,1000,1.1,9,HopcroftKarpMatcher,-1,na,phase_count,5
U4,1000,1.1,9,HopcroftKarpMatcher,-1,na,main_loop_iters,5
U4,1000,1.1,9,HopcroftKarpMatcher,-1,na,total_bfs_edges_visited,4249
U4,1000,1.1,9,HopcroftKarpMatcher,-1,na,total_edges_visited,7796
U4,1000,1.1,9,HopcroftKarpMatcher,-1,na,matching_size,793
U4,1000,1.1,9,HopcroftKarpMatcher,-1,na,wall_clock_ms,5.43951
U4,1000,1.1,9,HopcroftKarpMatcher,-1,na,matching_size,793
U4,1000,1.3,8,SimpleAugmentingMatcher,-1,na,wall_clock_ms,41.0203
U4,1000,1.3,8,SimpleAugmentingMatcher,-1,na,matching_size,1000
U4,1000,1.3,8,HopcroftKarpMatcher,0,na,paths_found_per_phase,914
U4,1000,1.3,8,HopcroftKarpMatcher,0,na,bfs_edges_visited,7943
U4,1000,1.3,8,HopcroftKarpMatcher,0,na,dfs_edges_visited,4057
U4,1000,1.3,8,HopcroftKarpMatcher,0,na,defect_at_iteration,86
U4,1000,1.3,8,HopcroftKarpMatcher,1,na,paths_found_per_phase,80
U4,1000,1.3,8,HopcroftKarpMatcher,1,na,bfs_edges_visited,3840
U4,1000,1.3,8,HopcroftKarpMatcher,1,na,dfs_edges_visited,3612
U4,1000,1.3,8,HopcroftKarpMatcher,1,na,defect_at_iteration,6
U4,1000,1.3,8,HopcroftKarpMatcher,2,na,paths_found_per_phase,5
U4,1000,1.3,8,HopcroftKarpMatcher,2,na,bfs_edges_visited,1881
U4,1000,1.3,8,HopcroftKarpMatcher,2,na,dfs_edges_visited,2568
U4,1000,1.3,8,HopcroftKarpMatcher,2,na,defect_at_iteration,1
U4,1000,1.3,8,HopcroftKarpMatcher,3,na,paths_found_per_phase,1
U4,1000,1.3,8,HopcroftKarpMatcher,3,na,bfs_edges_visited,4209
U4,1000,1.3,8,HopcroftKarpMatcher,3,na,dfs_edges_visited,371
U4,1000,1.3,8,HopcroftKarpMatcher,3,na,defect_at_iteration,0
U4,1000,1.3,8,HopcroftKarpMatcher,-1,na,phase_count,4
U4,1000,1.3,8,HopcroftKarpMatcher,-1,na,main_loop_iters,4
U4,1000,1.3,8,HopcroftKarpMatcher,-1,na,total_bfs_edges_visited,17873
U4,1000,1.3,8,HopcroftKarpMatcher,-1,na,total_edges_visited,28481
U4,1000,1.3,8,HopcroftKarpMatcher,-1,na,matching_size,1000
U4,1000,1.3,8,HopcroftKarpMatcher,-1,na,wall_clock_ms,3.82507
U4,1000,1.3,8,HopcroftKarpMatcher,-1,na,matching_size,1000
U4,500,1.3,7,SimpleAugmentingMatcher,-1,na,wall_clock_ms,5.81982
U4,500,1.3,7,SimpleAugmentingMatcher,-1,na,matching_size,499
U4,500,1.3,7,HopcroftKarpMatcher,0,na,paths_found_per_phase,445
U4,500,1.3,7,HopcroftKarpMatcher,0,na,bfs_edges_visited,3225
U4,500,1.3,7,HopcroftKarpMatcher,0,na,dfs_edges_visited,1688
U4,500,1.3,7,HopcroftKarpMatcher,0,na,defect_at_iteration,55
U4,500,1.3,7,HopcroftKarpMatcher,1,na,paths_found_per_phase,48
U4,500,1.3,7,HopcroftKarpMatcher,1,na,bfs_edges_visited,1544
U4,500,1.3,7,HopcroftKarpMatcher,1,na,dfs_edges_visited,1620
U4,500,1.3,7,HopcroftKarpMatcher,1,na,defect_at_iteration,7
U4,500,1.3,7,HopcroftKarpMatcher,2,na,paths_found_per_phase,5
U4,500,1.3,7,HopcroftKarpMatcher,2,na,bfs_edges_visited,1049
U4,500,1.3,7,HopcroftKarpMatcher,2,na,dfs_edges_visited,1297
U4,500,1.3,7,HopcroftKarpMatcher,2,na,defect_at_iteration,2
U4,500,1.3,7,HopcroftKarpMatcher,3,na,paths_found_per_phase,1
U4,500,1.3,7,HopcroftKarpMatcher,3,na,bfs_edges_visited,2932
U4,500,1.3,7,HopcroftKarpMatcher,3,na,dfs_edges_visited,2722
U4,500,1.3,7,HopcroftKarpMatcher,3,na,defect_at_iteration,1
U4,500,1.3,7,HopcroftKarpMatcher,-1,na,phase_count,4
U4,500,1.3,7,HopcroftKarpMatcher,-1,na,main_loop_iters,4
U4,500,1.3,7,HopcroftKarpMatcher,-1,na,total_bfs_edges_visited,8750
U4,500,1.3,7,HopcroftKarpMatcher,-1,na,total_edges_visited,16077
U4,500,1.3,7,HopcroftKarpMatcher,-1,na,matching_size,499
U4,500,1.3,7,HopcroftKarpMatcher,-1,na,wall_clock_ms,1.40408
U4,500,1.3,7,HopcroftKarpMatcher,-1,na,matching_size,499
U4,1000,1,4,SimpleAugmentingMatcher,-1,na,wall_clock_ms,0.948472
U4,1000,1,4,SimpleAugmentingMatcher,-1,na,matching_size,548
U4,1000,1,4,HopcroftKarpMatcher,0,na,paths_found_per_phase,517
U4,1000,1,4,HopcroftKarpMatcher,0,na,bfs_edges_visited,1000
U4,1000,1,4,HopcroftKarpMatcher,0,na,dfs_edges_visited,728
U4,1000,1,4,HopcroftKarpMatcher,0,na,defect_at_iteration,483
U4,1000,1,4,HopcroftKarpMatcher,1,na,paths_found_per_phase,29
U4,1000,1,4,HopcroftKarpMatcher,1,na,bfs_edges_visited,346
U4,1000,1,4,HopcroftKarpMatcher,1,na,dfs_edges_visited,355
U4,1000,1,4,HopcroftKarpMatcher,1,na,defect_at_iteration,454
U4,1000,1,4,HopcroftKarpMatcher,2,na,paths_found_per_phase,2
U4,1000,1,4,HopcroftKarpMatcher,2,na,bfs_edges_visited,269
U4,1000,1,4,HopcroftKarpMatcher,2,na,dfs_edges_visited,271
U4,1000,1,4,HopcroftKarpMatcher,2,na,defect_at_iteration,452
U4,1000,1,4,HopcroftKarpMatcher,-1,na,phase_count,3
U4,1000,1,4,HopcroftKarpMatcher,-1,na,main_loop_iters,3
U4,1000,1,4,HopcroftKarpMatcher,-1,na,total_bfs_edges_visited,1615
U4,1000,1,4,HopcroftKarpMatcher,-1,na,total_edges_visited,2969
U4,1000,1,4,HopcroftKarpMatcher,-1,na,matching_size,548
U4,1000,1,4,HopcroftKarpMatcher,-1,na,wall_clock_ms,4.55492
U4,1000,1,4,HopcroftKarpMatcher,-1,na,matching_size,548
U4,2000,1.8,5,SimpleAugmentingMatcher,-1,na,wall_clock_ms,4163.17
U4,2000,1.8,5,SimpleAugmentingMatcher,-1,na,matching_size,2000
U4,2000,1.8,5,HopcroftKarpMatcher,0,na,paths_found_per_phase,1996
U4,2000,1.8,5,HopcroftKarpMatcher,0,na,bfs_edges_visited,874689
U4,2000,1.8,5,HopcroftKarpMatcher,0,na,dfs_edges_visited,437851
U4,2000,1.8,5,HopcroftKarpMatcher,0,na,defect_at_iteration,4
U4,2000,1.8,5,HopcroftKarpMatcher,1,na,paths_found_per_phase,4
U4,2000,1.8,5,HopcroftKarpMatcher,1,na,bfs_edges_visited,562871
U4,2000,1.8,5,HopcroftKarpMatcher,1,na,dfs_edges_visited,3907
U4,2000,1.8,5,HopcroftKarpMatcher,1,na,defect_at_iteration,0
U4,2000,1.8,5,HopcroftKarpMatcher,-1,na,phase_count,2
U4,2000,1.8,5,HopcroftKarpMatcher,-1,na,main_loop_iters,2
U4,2000,1.8,5,HopcroftKarpMatcher,-1,na,total_bfs_edges_visited,1.43756e+06
U4,2000,1.8,5,HopcroftKarpMatcher,-1,na,total_edges_visited,1.87932e+06
U4,2000,1.8,5,HopcroftKarpMatcher,-1,na,matching_size,2000
U4,2000,1.8,5,HopcroftKarpMatcher,-1,na,wall_clock_ms,27.5247
U4,2000,1.8,5,HopcroftKarpMatcher,-1,na,matching_size,2000
U4,500,1.3,8,SimpleAugmentingMatcher,-1,na,wall_clock_ms,5.75672
U4,500,1.3,8,SimpleAugmentingMatcher,-1,na,matching_size,500
U4,500,1.3,8,HopcroftKarpMatcher,0,na,paths_found_per_phase,446
U4,500,1.3,8,HopcroftKarpMatcher,0,na,bfs_edges_visited,3225
U4,500,1.3,8,HopcroftKarpMatcher,0,na,dfs_edges_visited,1611
U4,500,1.3,8,HopcroftKarpMatcher,0,na,defect_at_iteration,54
U4,500,1.3,8,HopcroftKarpMatcher,1,na,paths_found_per_phase,48
U4,500,1.3,8,HopcroftKarpMatcher,1,na,bfs_edges_visited,1472
U4,500,1.3,8,HopcroftKarpMatcher,1,na,dfs_edges_visited,1381
U4,500,1.3,8,HopcroftKarpMatcher,1,na,defect_at_iteration,6
U4,500,1.3,8,HopcroftKarpMatcher,2,na,paths_found_per_phase,5
U4,500,1.3,8,HopcroftKarpMatcher,2,na,bfs_edges_visited,782
U4,500,1.3,8,HopcroftKarpMatcher,2,na,dfs_edges_visited,965
U4,500,1.3,8,HopcroftKarpMatcher,2,na,defect_at_iteration,1
U4,500,1.3,8,HopcroftKarpMatcher,3,na,paths_found_per_phase,1
U4,500,1.3,8,HopcroftKarpMatcher,3,na,bfs_edges_visited,1952
U4,500,1.3,8,HopcroftKarpMatcher,3,na,dfs_edges_visited,626
U4,500,1.3,8,HopcroftKarpMatcher,3,na,defect_at_iteration,0
U4,500,1.3,8,HopcroftKarpMatcher,-1,na,phase_count,4
U4,500,1.3,8,HopcroftKarpMatcher,-1,na,main_loop_iters,4
U4,500,1.3,8,HopcroftKarpMatcher,-1,na,total_bfs_edges_visited,7431
U4,500,1.3,8,HopcroftKarpMatcher,-1,na,total_edges_visited,12014
U4,500,1.3,8,HopcroftKarpMatcher,-1,na,matching_size,500
U4,500,1.3,8,HopcroftKarpMatcher,-1,na,wall_clock_ms,1.07647
U4,500,1.3,8,HopcroftKarpMatcher,-1,na,matching_size,500
U4,1000,1.7,10,SimpleAugmentingMatcher,-1,na,wall_clock_ms,358.436
U4,1000,1.7,10,SimpleAugmentingMatcher,-1,na,matching_size,1000
U4,1000,1.7,10,HopcroftKarpMatcher,0,na,paths_found_per_phase,996
U4,1000,1.7,10,HopcroftKarpMatcher,0,na,bfs_edges_visited,125892
U4,1000,1.7,10,HopcroftKarpMatcher,0,na,dfs_edges_visited,62850
U4,1000,1.7,10,HopcroftKarpMatcher,0,na,defect_at_iteration,4
U4,1000,1.7,10,HopcroftKarpMatcher,1,na,paths_found_per_phase,4
U4,1000,1.7,10,HopcroftKarpMatcher,1,na,bfs_edges_visited,52705
U4,1000,1.7,10,HopcroftKarpMatcher,1,na,dfs_edges_visited,1188
U4,1000,1.7,10,HopcroftKarpMatcher,1,na,defect_at_iteration,0
U4,1000,1.7,10,HopcroftKarpMatcher,-1,na,phase_count,2
U4,1000,1.7,10,HopcroftKarpMatcher,-1,na,main_loop_iters,2
U4,1000,1.7,10,HopcroftKarpMatcher,-1,na,total_bfs_edges_visited,178597
U4,1000,1.7,10,HopcroftKarpMatcher,-1,na,total_edges_visited,242635
U4,1000,1.7,10,HopcroftKarpMatcher,-1,na,matching_size,1000
U4,1000,1.7,10,HopcroftKarpMatcher,-1,na,wall_clock_ms,4.32927
U4,1000,1.7,10,HopcroftKarpMatcher,-1,na,matching_size,1000
U4,2000,2,11,SimpleAugmentingMatcher,-1,na,wall_clock_ms,1729.55
U4,2000,2,11,SimpleAugmentingMatcher,-1,na,matching_size,2000
U4,2000,2,11,HopcroftKarpMatcher,0,na,paths_found_per_phase,2000
U4,2000,2,11,HopcroftKarpMatcher,0,na,bfs_edges_visited,4e+06
U4,2000,2,11,HopcroftKarpMatcher,0,na,dfs_edges_visited,2.001e+06
U4,2000,2,11,HopcroftKarpMatcher,0,na,defect_at_iteration,0
U4,2000,2,11,HopcroftKarpMatcher,-1,na,phase_count,1
U4,2000,2,11,HopcroftKarpMatcher,-1,na,main_loop_iters,1
U4,2000,2,11,HopcroftKarpMatcher,-1,na,total_bfs_edges_visited,4e+06
U4,2000,2,11,HopcroftKarpMatcher,-1,na,total_edges_visited,6.001e+06
U4,2000,2,11,HopcroftKarpMatcher,-1,na,matching_size,2000
U4,2000,2,11,HopcroftKarpMatcher,-1,na,wall_clock_ms,7.97576
U4,2000,2,11,HopcroftKarpMatcher,-1,na,matching_size,2000
U4,2000,1.6,13,SimpleAugmentingMatcher,-1,na,wall_clock_ms,1699.44
U4,2000,1.6,13,SimpleAugmentingMatcher,-1,na,matching_size,2000
U4,2000,1.6,13,HopcroftKarpMatcher,0,na,paths_found_per_phase,1985
U4,2000,1.6,13,HopcroftKarpMatcher,0,na,bfs_edges_visited,191270
U4,2000,1.6,13,HopcroftKarpMatcher,0,na,dfs_edges_visited,95757
U4,2000,1.6,13,HopcroftKarpMatcher,0,na,defect_at_iteration,15
U4,2000,1.6,13,HopcroftKarpMatcher,1,na,paths_found_per_phase,15
U4,2000,1.6,13,HopcroftKarpMatcher,1,na,bfs_edges_visited,99505
U4,2000,1.6,13,HopcroftKarpMatcher,1,na,dfs_edges_visited,5096
U4,2000,1.6,13,HopcroftKarpMatcher,1,na,defect_at_iteration,0
U4,2000,1.6,13,HopcroftKarpMatcher,-1,na,phase_count,2
U4,2000,1.6,13,HopcroftKarpMatcher,-1,na,main_loop_iters,2
U4,2000,1.6,13,HopcroftKarpMatcher,-1,na,total_bfs_edges_visited,290775
U4,2000,1.6,13,HopcroftKarpMatcher,-1,na,total_edges_visited,391628
U4,2000,1.6,13,HopcroftKarpMatcher,-1,na,matching_size,2000
U4,2000,1.6,13,HopcroftKarpMatcher,-1,na,wall_clock_ms,11.8391
U4,2000,1.6,13,HopcroftKarpMatcher,-1,na,matching_size,2000
U4,500,1.5,12,SimpleAugmentingMatcher,-1,na,wall_clock_ms,18.8614
U4,500,1.5,12,SimpleAugmentingMatcher,-1,na,matching_size,500
U4,500,1.5,12,HopcroftKarpMatcher,0,na,paths_found_per_phase,483
U4,500,1.5,12,HopcroftKarpMatcher,0,na,bfs_edges_visited,11180
U4,500,1.5,12,HopcroftKarpMatcher,0,na,dfs_edges_visited,5558
U4,500,1.5,12,HopcroftKarpMatcher,0,na,defect_at_iteration,17
U4,500,1.5,12,HopcroftKarpMatcher,1,na,paths_found_per_phase,17
U4,500,1.5,12,HopcroftKarpMatcher,1,na,bfs_edges_visited,5832
U4,500,1.5,12,HopcroftKarpMatcher,1,na,dfs_edges_visited,1343
U4,500,1.5,12,HopcroftKarpMatcher,1,na,defect_at_iteration,0
U4,500,1.5,12,HopcroftKarpMatcher,-1,na,phase_count,2
U4,500,1.5,12,HopcroftKarpMatcher,-1,na,main_loop_iters,2
U4,500,1.5,12,HopcroftKarpMatcher,-1,na,total_bfs_edges_visited,17012
U4,500,1.5,12,HopcroftKarpMatcher,-1,na,total_edges_visited,23913
U4,500,1.5,12,HopcroftKarpMatcher,-1,na,matching_size,500
U4,500,1.5,12,HopcroftKarpMatcher,-1,na,wall_clock_ms,0.800363
U4,500,1.5,12,HopcroftKarpMatcher,-1,na,matching_size,500
U4,2000,1.2,3,SimpleAugmentingMatcher,-1,na,wall_clock_ms,196.135
U4,2000,1.2,3,SimpleAugmentingMatcher,-1,na,matching_size,1977
U4,2000,1.2,3,HopcroftKarpMatcher,0,na,paths_found_per_phase,1702
U4,2000,1.2,3,HopcroftKarpMatcher,0,na,bfs_edges_visited,9146
U4,2000,1.2,3,HopcroftKarpMatcher,0,na,dfs_edges_visited,4987
U4,2000,1.2,3,HopcroftKarpMatcher,0,na,defect_at_iteration,298
U4,2000,1.2,3,HopcroftKarpMatcher,1,na,paths_found_per_phase,217
U4,2000,1.2,3,HopcroftKarpMatcher,1,na,bfs_edges_visited,4321
U4,2000,1.2,3,HopcroftKarpMatcher,1,na,dfs_edges_visited,4747
U4,2000,1.2,3,HopcroftKarpMatcher,1,na,defect_at_iteration,81
U4,2000,1.2,3,HopcroftKarpMatcher,2,na,paths_found_per_phase,36
U4,2000,1.2,3,HopcroftKarpMatcher,2,na,bfs_edges_visited,2772
U4,2000,1.2,3,HopcroftKarpMatcher,2,na,dfs_edges_visited,3493
U4,2000,1.2,3,HopcroftKarpMatcher,2,na,defect_at_iteration,45
U4,2000,1.2,3,HopcroftKarpMatcher,3,na,paths_found_per_phase,6
U4,2000,1.2,3,HopcroftKarpMatcher,3,na,bfs_edges_visited,1880
U4,2000,1.2,3,HopcroftKarpMatcher,3,na,dfs_edges_visited,3202
U4,2000,1.2,3,HopcroftKarpMatcher,3,na,defect_at_iteration,39
U4,2000,1.2,3,HopcroftKarpMatcher,4,na,paths_found_per_phase,10
U4,2000,1.2,3,HopcroftKarpMatcher,4,na,bfs_edges_visited,5690
U4,2000,1.2,3,HopcroftKarpMatcher,4,na,dfs_edges_visited,5825
U4,2000,1.2,3,HopcroftKarpMatcher,4,na,defect_at_iteration,29
U4,2000,1.2,3,HopcroftKarpMatcher,5,na,paths_found_per_phase,5
U4,2000,1.2,3,HopcroftKarpMatcher,5,na,bfs_edges_visited,7847
U4,2000,1.2,3,HopcroftKarpMatcher,5,na,dfs_edges_visited,7156
U4,2000,1.2,3,HopcroftKarpMatcher,5,na,defect_at_iteration,24
U4,2000,1.2,3,HopcroftKarpMatcher,6,na,paths_found_per_phase,1
U4,2000,1.2,3,HopcroftKarpMatcher,6,na,bfs_edges_visited,8471
U4,2000,1.2,3,HopcroftKarpMatcher,6,na,dfs_edges_visited,8509
U4,2000,1.2,3,HopcroftKarpMatcher,6,na,defect_at_iteration,23
U4,2000,1.2,3,HopcroftKarpMatcher,-1,na,phase_count,7
U4,2000,1.2,3,HopcroftKarpMatcher,-1,na,main_loop_iters,7
U4,2000,1.2,3,HopcroftKarpMatcher,-1,na,total_bfs_edges_visited,40127
U4,2000,1.2,3,HopcroftKarpMatcher,-1,na,total_edges_visited,78046
U4,2000,1.2,3,HopcroftKarpMatcher,-1,na,matching_size,1977
U4,2000,1.2,3,HopcroftKarpMatcher,-1,na,wall_clock_ms,38.3538
U4,2000,1.2,3,HopcroftKarpMatcher,-1,na,matching_size,1977
U4,2000,1.9,4,SimpleAugmentingMatcher,-1,na,wall_clock_ms,7019.85
U4,2000,1.9,4,SimpleAugmentingMatcher,-1,na,matching_size,2000
U4,2000,1.9,4,HopcroftKarpMatcher,0,na,paths_found_per_phase,1999
U4,2000,1.9,4,HopcroftKarpMatcher,0,na,bfs_edges_visited,1.8705e+06
U4,2000,1.9,4,HopcroftKarpMatcher,0,na,dfs_edges_visited,934927
U4,2000,1.9,4,HopcroftKarpMatcher,0,na,defect_at_iteration,1
U4,2000,1.9,4,HopcroftKarpMatcher,1,na,paths_found_per_phase,1
U4,2000,1.9,4,HopcroftKarpMatcher,1,na,bfs_edges_visited,874937
U4,2000,1.9,4,HopcroftKarpMatcher,1,na,dfs_edges_visited,2755
U4,2000,1.9,4,HopcroftKarpMatcher,1,na,defect_at_iteration,0
U4,2000,1.9,4,HopcroftKarpMatcher,-1,na,phase_count,2
U4,2000,1.9,4,HopcroftKarpMatcher,-1,na,main_loop_iters,2
U4,2000,1.9,4,HopcroftKarpMatcher,-1,na,total_bfs_edges_visited,2.74543e+06
U4,2000,1.9,4,HopcroftKarpMatcher,-1,na,total_edges_visited,3.68312e+06
U4,2000,1.9,4,HopcroftKarpMatcher,-1,na,matching_size,2000
U4,2000,1.9,4,HopcroftKarpMatcher,-1,na,wall_clock_ms,42.5641
U4,2000,1.9,4,HopcroftKarpMatcher,-1,na,matching_size,2000
U4,1000,1.8,4,SimpleAugmentingMatcher,-1,na,wall_clock_ms,565.028
U4,1000,1.8,4,SimpleAugmentingMatcher,-1,na,matching_size,1000
U4,1000,1.8,4,HopcroftKarpMatcher,0,na,paths_found_per_phase,997
U4,1000,1.8,4,HopcroftKarpMatcher,0,na,bfs_edges_visited,251188
U4,1000,1.8,4,HopcroftKarpMatcher,0,na,dfs_edges_visited,125675
U4,1000,1.8,4,HopcroftKarpMatcher,0,na,defect_at_iteration,3
U4,1000,1.8,4,HopcroftKarpMatcher,1,na,paths_found_per_phase,3
U4,1000,1.8,4,HopcroftKarpMatcher,1,na,bfs_edges_visited,142201
U4,1000,1.8,4,HopcroftKarpMatcher,1,na,dfs_edges_visited,786
U4,1000,1.8,4,HopcroftKarpMatcher,1,na,defect_at_iteration,0
U4,1000,1.8,4,HopcroftKarpMatcher,-1,na,phase_count,2
U4,1000,1.8,4,HopcroftKarpMatcher,-1,na,main_loop_iters,2
U4,1000,1.8,4,HopcroftKarpMatcher,-1,na,total_bfs_edges_visited,393389
U4,1000,1.8,4,HopcroftKarpMatcher,-1,na,total_edges_visited,519850
U4,1000,1.8,4,HopcroftKarpMatcher,-1,na,matching_size,1000
U4,1000,1.8,4,HopcroftKarpMatcher,-1,na,wall_clock_ms,7.42238
U4,1000,1.8,4,HopcroftKarpMatcher,-1,na,matching_size,1000
U4,500,1.2,11,SimpleAugmentingMatcher,-1,na,wall_clock_ms,3.356
U4,500,1.2,11,SimpleAugmentingMatcher,-1,na,matching_size,480
U4,500,1.2,11,HopcroftKarpMatcher,0,na,paths_found_per_phase,409
U4,500,1.2,11,HopcroftKarpMatcher,0,na,bfs_edges_visited,1732
U4,500,1.2,11,HopcroftKarpMatcher,0,na,dfs_edges_visited,975
U4,500,1.2,11,HopcroftKarpMatcher,0,na,defect_at_iteration,91
U4,500,1.2,11,HopcroftKarpMatcher,1,na,paths_found_per_phase,52
U4,500,1.2,11,HopcroftKarpMatcher,1,na,bfs_edges_visited,803
U4,500,1.2,11,HopcroftKarpMatcher,1,na,dfs_edges_visited,790
U4,500,1.2,11,HopcroftKarpMatcher,1,na,defect_at_iteration,39
U4,500,1.2,11,HopcroftKarpMatcher,2,na,paths_found_per_phase,15
U4,500,1.2,11,HopcroftKarpMatcher,2,na,bfs_edges_visited,509
U4,500,1.2,11,HopcroftKarpMatcher,2,na,dfs_edges_visited,506
U4,500,1.2,11,HopcroftKarpMatcher,2,na,defect_at_iteration,24
U4,500,1.2,11,HopcroftKarpMatcher,3,na,paths_found_per_phase,1
U4,500,1.2,11,HopcroftKarpMatcher,3,na,bfs_edges_visited,315
U4,500,1.2,11,HopcroftKarpMatcher,3,na,dfs_edges_visited,418
U4,500,1.2,11,HopcroftKarpMatcher,3,na,defect_at_iteration,23
U4,500,1.2,11,HopcroftKarpMatcher,4,na,paths_found_per_phase,2
U4,500,1.2,11,HopcroftKarpMatcher,4,na,bfs_edges_visited,674
U4,500,1.2,11,HopcroftKarpMatcher,4,na,dfs_edges_visited,835
U4,500,1.2,11,HopcroftKarpMatcher,4,na,defect_at_iteration,21
U4,500,1.2,11,HopcroftKarpMatcher,5,na,paths_found_per_phase,1
U4,500,1.2,11,HopcroftKarpMatcher,5,na,bfs_edges_visited,1077
U4,500,1.2,11,HopcroftKarpMatcher,5,na,dfs_edges_visited,263
U4,500,1.2,11,HopcroftKarpMatcher,5,na,defect_at_iteration,20
U4,500,1.2,11,HopcroftKarpMatcher,-1,na,phase_count,6
U4,500,1.2,11,HopcroftKarpMatcher,-1,na,main_loop_iters,6
U4,500,1.2,11,HopcroftKarpMatcher,-1,na,total_bfs_edges_visited,5110
U4,500,1.2,11,HopcroftKarpMatcher,-1,na,total_edges_visited,8897
U4,500,1.2,11,HopcroftKarpMatcher,-1,na,matching_size,480
U4,500,1.2,11,HopcroftKarpMatcher,-1,na,wall_clock_ms,1.49791
U4,500,1.2,11,HopcroftKarpMatcher,-1,na,matching_size,480
U4,500,1,8,SimpleAugmentingMatcher,-1,na,wall_clock_ms,0.239088
U4,500,1,8,SimpleAugmentingMatcher,-1,na,matching_size,273
U4,500,1,8,HopcroftKarpMatcher,0,na,paths_found_per_phase,252
U4,500,1,8,HopcroftKarpMatcher,0,na,bfs_edges_visited,500
U4,500,1,8,HopcroftKarpMatcher,0,na,dfs_edges_visited,355
U4,500,1,8,HopcroftKarpMatcher,0,na,defect_at_iteration,248
U4,500,1,8,HopcroftKarpMatcher,1,na,paths_found_per_phase,20
U4,500,1,8,HopcroftKarpMatcher,1,na,bfs_edges_visited,172
U4,500,1,8,HopcroftKarpMatcher,1,na,dfs_edges_visited,169
U4,500,1,8,HopcroftKarpMatcher,1,na,defect_at_iteration,228
U4,500,1,8,HopcroftKarpMatcher,2,na,paths_found_per_phase,1
U4,500,1,8,HopcroftKarpMatcher,2,na,bfs_edges_visited,110
U4,500,1,8,HopcroftKarpMatcher,2,na,dfs_edges_visited,107
U4,500,1,8,HopcroftKarpMatcher,2,na,defect_at_iteration,227
U4,500,1,8,HopcroftKarpMatcher,-1,na,phase_count,3
U4,500,1,8,HopcroftKarpMatcher,-1,na,main_loop_iters,3
U4,500,1,8,HopcroftKarpMatcher,-1,na,total_bfs_edges_visited,782
U4,500,1,8,HopcroftKarpMatcher,-1,na,total_edges_visited,1413
U4,500,1,8,HopcroftKarpMatcher,-1,na,matching_size,273
U4,500,1,8,HopcroftKarpMatcher,-1,na,wall_clock_ms,1.14805
U4,500,1,8,HopcroftKarpMatcher,-1,na,matching_size,273
U4,2000,1.1,13,SimpleAugmentingMatcher,-1,na,wall_clock_ms,12.4382
U4,2000,1.1,13,SimpleAugmentingMatcher,-1,na,matching_size,1606
U4,2000,1.1,13,HopcroftKarpMatcher,0,na,paths_found_per_phase,1401
U4,2000,1.1,13,HopcroftKarpMatcher,0,na,bfs_edges_visited,4276
U4,2000,1.1,13,HopcroftKarpMatcher,0,na,dfs_edges_visited,2687
U4,2000,1.1,13,HopcroftKarpMatcher,0,na,defect_at_iteration,599
U4,2000,1.1,13,HopcroftKarpMatcher,1,na,paths_found_per_phase,163
U4,2000,1.1,13,HopcroftKarpMatcher,1,na,bfs_edges_visited,1880
U4,2000,1.1,13,HopcroftKarpMatcher,1,na,dfs_edges_visited,1936
U4,2000,1.1,13,HopcroftKarpMatcher,1,na,defect_at_iteration,436
U4,2000,1.1,13,HopcroftKarpMatcher,2,na,paths_found_per_phase,23
U4,2000,1.1,13,HopcroftKarpMatcher,2,na,bfs_edges_visited,1135
U4,2000,1.1,13,HopcroftKarpMatcher,2,na,dfs_edges_visited,1333
U4,2000,1.1,13,HopcroftKarpMatcher,2,na,defect_at_iteration,413
U4,2000,1.1,13,HopcroftKarpMatcher,3,na,paths_found_per_phase,13
U4,2000,1.1,13,HopcroftKarpMatcher,3,na,bfs_edges_visited,1137
U4,2000,1.1,13,HopcroftKarpMatcher,3,na,dfs_edges_visited,1193
U4,2000,1.1,13,HopcroftKarpMatcher,3,na,defect_at_iteration,400
U4,2000,1.1,13,HopcroftKarpMatcher,4,na,paths_found_per_phase,4
U4,2000,1.1,13,HopcroftKarpMatcher,4,na,bfs_edges_visited,1114
U4,2000,1.1,13,HopcroftKarpMatcher,4,na,dfs_edges_visited,1098
U4,2000,1.1,13,HopcroftKarpMatcher,4,na,defect_at_iteration,396
U4,2000,1.1,13,HopcroftKarpMatcher,5,na,paths_found_per_phase,1
U4,2000,1.1,13,HopcroftKarpMatcher,5,na,bfs_edges_visited,1056
U4,2000,1.1,13,HopcroftKarpMatcher,5,na,dfs_edges_visited,1042
U4,2000,1.1,13,HopcroftKarpMatcher,5,na,defect_at_iteration,395
U4,2000,1.1,13,HopcroftKarpMatcher,6,na,paths_found_per_phase,1
U4,2000,1.1,13,HopcroftKarpMatcher,6,na,bfs_edges_visited,1047
U4,2000,1.1,13,HopcroftKarpMatcher,6,na,dfs_edges_visited,1014
U4,2000,1.1,13,HopcroftKarpMatcher,6,na,defect_at_iteration,394
U4,2000,1.1,13,HopcroftKarpMatcher,-1,na,phase_count,7
U4,2000,1.1,13,HopcroftKarpMatcher,-1,na,main_loop_iters,7
U4,2000,1.1,13,HopcroftKarpMatcher,-1,na,total_bfs_edges_visited,11645
U4,2000,1.1,13,HopcroftKarpMatcher,-1,na,total_edges_visited,21948
U4,2000,1.1,13,HopcroftKarpMatcher,-1,na,matching_size,1606
U4,2000,1.1,13,HopcroftKarpMatcher,-1,na,wall_clock_ms,28.6525
U4,2000,1.1,13,HopcroftKarpMatcher,-1,na,matching_size,1606
U4,500,1.9,1,SimpleAugmentingMatcher,-1,na,wall_clock_ms,109.565
U4,500,1.9,1,SimpleAugmentingMatcher,-1,na,matching_size,500
U4,500,1.9,1,HopcroftKarpMatcher,0,na,paths_found_per_phase,500
U4,500,1.9,1,HopcroftKarpMatcher,0,na,bfs_edges_visited,134289
U4,500,1.9,1,HopcroftKarpMatcher,0,na,dfs_edges_visited,67463
U4,500,1.9,1,HopcroftKarpMatcher,0,na,defect_at_iteration,0
U4,500,1.9,1,HopcroftKarpMatcher,-1,na,phase_count,1
U4,500,1.9,1,HopcroftKarpMatcher,-1,na,main_loop_iters,1
U4,500,1.9,1,HopcroftKarpMatcher,-1,na,total_bfs_edges_visited,134289
U4,500,1.9,1,HopcroftKarpMatcher,-1,na,total_edges_visited,201752
U4,500,1.9,1,HopcroftKarpMatcher,-1,na,matching_size,500
U4,500,1.9,1,HopcroftKarpMatcher,-1,na,wall_clock_ms,2.02159
U4,500,1.9,1,HopcroftKarpMatcher,-1,na,matching_size,500
U4,2000,1,1,SimpleAugmentingMatcher,-1,na,wall_clock_ms,3.58372
U4,2000,1,1,SimpleAugmentingMatcher,-1,na,matching_size,1113
U4,2000,1,1,HopcroftKarpMatcher,0,na,paths_found_per_phase,1045
U4,2000,1,1,HopcroftKarpMatcher,0,na,bfs_edges_visited,2000
U4,2000,1,1,HopcroftKarpMatcher,0,na,dfs_edges_visited,1448
U4,2000,1,1,HopcroftKarpMatcher,0,na,defect_at_iteration,955
U4,2000,1,1,HopcroftKarpMatcher,1,na,paths_found_per_phase,62
U4,2000,1,1,HopcroftKarpMatcher,1,na,bfs_edges_visited,654
U4,2000,1,1,HopcroftKarpMatcher,1,na,dfs_edges_visited,667
U4,2000,1,1,HopcroftKarpMatcher,1,na,defect_at_iteration,893
U4,2000,1,1,HopcroftKarpMatcher,2,na,paths_found_per_phase,5
U4,2000,1,1,HopcroftKarpMatcher,2,na,bfs_edges_visited,444
U4,2000,1,1,HopcroftKarpMatcher,2,na,dfs_edges_visited,466
U4,2000,1,1,HopcroftKarpMatcher,2,na,defect_at_iteration,888
U4,2000,1,1,HopcroftKarpMatcher,3,na,paths_found_per_phase,1
U4,2000,1,1,HopcroftKarpMatcher,3,na,bfs_edges_visited,438
U4,2000,1,1,HopcroftKarpMatcher,3,na,dfs_edges_visited,431
U4,2000,1,1,HopcroftKarpMatcher,3,na,defect_at_iteration,887
U4,2000,1,1,HopcroftKarpMatcher,-1,na,phase_count,4
U4,2000,1,1,HopcroftKarpMatcher,-1,na,main_loop_iters,4
U4,2000,1,1,HopcroftKarpMatcher,-1,na,total_bfs_edges_visited,3536
U4,2000,1,1,HopcroftKarpMatcher,-1,na,total_edges_visited,6548
U4,2000,1,1,HopcroftKarpMatcher,-1,na,matching_size,1113
U4,2000,1,1,HopcroftKarpMatcher,-1,na,wall_clock_ms,21.7617
U4,2000,1,1,HopcroftKarpMatcher,-1,na,matching_size,1113
U4,2000,2,10,SimpleAugmentingMatcher,-1,na,wall_clock_ms,1730.02
U4,2000,2,10,SimpleAugmentingMatcher,-1,na,matching_size,2000
U4,2000,2,10,HopcroftKarpMatcher,0,na,paths_found_per_phase,2000
U4,2000,2,10,HopcroftKarpMatcher,0,na,bfs_edges_visited,4e+06
U4,2000,2,10,HopcroftKarpMatcher,0,na,dfs_edges_visited,2.001e+06
U4,2000,2,10,HopcroftKarpMatcher,0,na,defect_at_iteration,0
U4,2000,2,10,HopcroftKarpMatcher,-1,na,phase_count,1
U4,2000,2,10,HopcroftKarpMatcher,-1,na,main_loop_iters,1
U4,2000,2,10,HopcroftKarpMatcher,-1,na,total_bfs_edges_visited,4e+06
U4,2000,2,10,HopcroftKarpMatcher,-1,na,total_edges_visited,6.001e+06
U4,2000,2,10,HopcroftKarpMatcher,-1,na,matching_size,2000
U4,2000,2,10,HopcroftKarpMatcher,-1,na,wall_clock_ms,7.98071
U4,2000,2,10,HopcroftKarpMatcher,-1,na,matching_size,2000
U4,1000,1.5,14,SimpleAugmentingMatcher,-1,na,wall_clock_ms,147.18
U4,1000,1.5,14,SimpleAugmentingMatcher,-1,na,matching_size,1000
U4,1000,1.5,14,HopcroftKarpMatcher,0,na,paths_found_per_phase,975
U4,1000,1.5,14,HopcroftKarpMatcher,0,na,bfs_edges_visited,31622
U4,1000,1.5,14,HopcroftKarpMatcher,0,na,dfs_edges_visited,15839
U4,1000,1.5,14,HopcroftKarpMatcher,0,na,defect_at_iteration,25
U4,1000,1.5,14,HopcroftKarpMatcher,1,na,paths_found_per_phase,25
U4,1000,1.5,14,HopcroftKarpMatcher,1,na,bfs_edges_visited,17155
U4,1000,1.5,14,HopcroftKarpMatcher,1,na,dfs_edges_visited,4963
U4,1000,1.5,14,HopcroftKarpMatcher,1,na,defect_at_iteration,0
U4,1000,1.5,14,HopcroftKarpMatcher,-1,na,phase_count,2
U4,1000,1.5,14,HopcroftKarpMatcher,-1,na,main_loop_iters,2
U4,1000,1.5,14,HopcroftKarpMatcher,-1,na,total_bfs_edges_visited,48777
U4,1000,1.5,14,HopcroftKarpMatcher,-1,na,total_edges_visited,69579
U4,1000,1.5,14,HopcroftKarpMatcher,-1,na,matching_size,1000
U4,1000,1.5,14,HopcroftKarpMatcher,-1,na,wall_clock_ms,2.86052
U4,1000,1.5,14,HopcroftKarpMatcher,-1,na,matching_size,1000
U4,500,1.3,0,SimpleAugmentingMatcher,-1,na,wall_clock_ms,6.09454
U4,500,1.3,0,SimpleAugmentingMatcher,-1,na,matching_size,498
U4,500,1.3,0,HopcroftKarpMatcher,0,na,paths_found_per_phase,450
U4,500,1.3,0,HopcroftKarpMatcher,0,na,bfs_edges_visited,3225
U4,500,1.3,0,HopcroftKarpMatcher,0,na,dfs_edges_visited,1688
U4,500,1.3,0,HopcroftKarpMatcher,0,na,defect_at_iteration,50
U4,500,1.3,0,HopcroftKarpMatcher,1,na,paths_found_per_phase,44
U4,500,1.3,0,HopcroftKarpMatcher,1,na,bfs_edges_visited,1516
U4,500,1.3,0,HopcroftKarpMatcher,1,na,dfs_edges_visited,1799
U4,500,1.3,0,HopcroftKarpMatcher,1,na,defect_at_iteration,6
U4,500,1.3,0,HopcroftKarpMatcher,2,na,paths_found_per_phase,4
U4,500,1.3,0,HopcroftKarpMatcher,2,na,bfs_edges_visited,926
U4,500,1.3,0,HopcroftKarpMatcher,2,na,dfs_edges_visited,1237
U4,500,1.3,0,HopcroftKarpMatcher,2,na,defect_at_iteration,2
U4,500,1.3,0,HopcroftKarpMatcher,-1,na,phase_count,3
U4,500,1.3,0,HopcroftKarpMatcher,-1,na,main_loop_iters,3
U4,500,1.3,0,HopcroftKarpMatcher,-1,na,total_bfs_edges_visited,5667
U4,500,1.3,0,HopcroftKarpMatcher,-1,na,total_edges_visited,10391
U4,500,1.3,0,HopcroftKarpMatcher,-1,na,matching_size,498
U4,500,1.3,0,HopcroftKarpMatcher,-1,na,wall_clock_ms,1.18828
U4,500,1.3,0,HopcroftKarpMatcher,-1,na,matching_size,498
U4,1000,1,8,SimpleAugmentingMatcher,-1,na,wall_clock_ms,0.924535
U4,1000,1,8,SimpleAugmentingMatcher,-1,na,matching_size,545
U4,1000,1,8,HopcroftKarpMatcher,0,na,paths_found_per_phase,515
U4,1000,1,8,HopcroftKarpMatcher,0,na,bfs_edges_visited,1000
U4,1000,1,8,HopcroftKarpMatcher,0,na,dfs_edges_visited,730
U4,1000,1,8,HopcroftKarpMatcher,0,na,defect_at_iteration,485
U4,1000,1,8,HopcroftKarpMatcher,1,na,paths_found_per_phase,30
U4,1000,1,8,HopcroftKarpMatcher,1,na,bfs_edges_visited,333
U4,1000,1,8,HopcroftKarpMatcher,1,na,dfs_edges_visited,335
U4,1000,1,8,HopcroftKarpMatcher,1,na,defect_at_iteration,455
U4,1000,1,8,HopcroftKarpMatcher,-1,na,phase_count,2
U4,1000,1,8,HopcroftKarpMatcher,-1,na,main_loop_iters,2
U4,1000,1,8,HopcroftKarpMatcher,-1,na,total_bfs_edges_visited,1333
U4,1000,1,8,HopcroftKarpMatcher,-1,na,total_edges_visited,2398
U4,1000,1,8,HopcroftKarpMatcher,-1,na,matching_size,545
U4,1000,1,8,HopcroftKarpMatcher,-1,na,wall_clock_ms,3.42299
U4,1000,1,8,HopcroftKarpMatcher,-1,na,matching_size,545
U4,1000,1.7,8,SimpleAugmentingMatcher,-1,na,wall_clock_ms,341.722
U4,1000,1.7,8,SimpleAugmentingMatcher,-1,na,matching_size,1000
U4,1000,1.7,8,HopcroftKarpMatcher,0,na,paths_found_per_phase,995
U4,1000,1.7,8,HopcroftKarpMatcher,0,na,bfs_edges_visited,125892
U4,1000,1.7,8,HopcroftKarpMatcher,0,na,dfs_edges_visited,62947
U4,1000,1.7,8,HopcroftKarpMatcher,0,na,defect_at_iteration,5
U4,1000,1.7,8,HopcroftKarpMatcher,1,na,paths_found_per_phase,5
U4,1000,1.7,8,HopcroftKarpMatcher,1,na,bfs_edges_visited,59460
U4,1000,1.7,8,HopcroftKarpMatcher,1,na,dfs_edges_visited,2276
U4,1000,1.7,8,HopcroftKarpMatcher,1,na,defect_at_iteration,0
U4,1000,1.7,8,HopcroftKarpMatcher,-1,na,phase_count,2
U4,1000,1.7,8,HopcroftKarpMatcher,-1,na,main_loop_iters,2
U4,1000,1.7,8,HopcroftKarpMatcher,-1,na,total_bfs_edges_visited,185352
U4,1000,1.7,8,HopcroftKarpMatcher,-1,na,total_edges_visited,250575
U4,1000,1.7,8,HopcroftKarpMatcher,-1,na,matching_size,1000
U4,1000,1.7,8,HopcroftKarpMatcher,-1,na,wall_clock_ms,4.47274
U4,1000,1.7,8,HopcroftKarpMatcher,-1,na,matching_size,1000
U4,2000,2,14,SimpleAugmentingMatcher,-1,na,wall_clock_ms,1745.3
U4,2000,2,14,SimpleAugmentingMatcher,-1,na,matching_size,2000
U4,2000,2,14,HopcroftKarpMatcher,0,na,paths_found_per_phase,2000
U4,2000,2,14,HopcroftKarpMatcher,0,na,bfs_edges_visited,4e+06
U4,2000,2,14,HopcroftKarpMatcher,0,na,dfs_edges_visited,2.001e+06
U4,2000,2,14,HopcroftKarpMatcher,0,na,defect_at_iteration,0
U4,2000,2,14,HopcroftKarpMatcher,-1,na,phase_count,1
U4,2000,2,14,HopcroftKarpMatcher,-1,na,main_loop_iters,1
U4,2000,2,14,HopcroftKarpMatcher,-1,na,total_bfs_edges_visited,4e+06
U4,2000,2,14,HopcroftKarpMatcher,-1,na,total_edges_visited,6.001e+06
U4,2000,2,14,HopcroftKarpMatcher,-1,na,matching_size,2000
U4,2000,2,14,HopcroftKarpMatcher,-1,na,wall_clock_ms,7.97572
U4,2000,2,14,HopcroftKarpMatcher,-1,na,matching_size,2000
U4,1000,1.4,11,SimpleAugmentingMatcher,-1,na,wall_clock_ms,84.6269
U4,1000,1.4,11,SimpleAugmentingMatcher,-1,na,matching_size,1000
U4,1000,1.4,11,HopcroftKarpMatcher,0,na,paths_found_per_phase,946
U4,1000,1.4,11,HopcroftKarpMatcher,0,na,bfs_edges_visited,15848
U4,1000,1.4,11,HopcroftKarpMatcher,0,na,dfs_edges_visited,7919
U4,1000,1.4,11,HopcroftKarpMatcher,0,na,defect_at_iteration,54
U4,1000,1.4,11,HopcroftKarpMatcher,1,na,paths_found_per_phase,53
U4,1000,1.4,11,HopcroftKarpMatcher,1,na,bfs_edges_visited,9097
U4,1000,1.4,11,HopcroftKarpMatcher,1,na,dfs_edges_visited,5837
U4,1000,1.4,11,HopcroftKarpMatcher,1,na,defect_at_iteration,1
U4,1000,1.4,11,HopcroftKarpMatcher,2,na,paths_found_per_phase,1
U4,1000,1.4,11,HopcroftKarpMatcher,2,na,bfs_edges_visited,13360
U4,1000,1.4,11,HopcroftKarpMatcher,2,na,dfs_edges_visited,1364
U4,1000,1.4,11,HopcroftKarpMatcher,2,na,defect_at_iteration,0
U4,1000,1.4,11,HopcroftKarpMatcher,-1,na,phase_count,3
U4,1000,1.4,11,HopcroftKarpMatcher,-1,na,main_loop_iters,3
U4,1000,1.4,11,HopcroftKarpMatcher,-1,na,total_bfs_edges_visited,38305
U4,1000,1.4,11,HopcroftKarpMatcher,-1,na,total_edges_visited,53425
U4,1000,1.4,11,HopcroftKarpMatcher,-1,na,matching_size,1000
U4,1000,1.4,11,HopcroftKarpMatcher,-1,na,wall_clock_ms,3.83215
U4,1000,1.4,11,HopcroftKarpMatcher,-1,na,matching_size,1000
U4,500,2,13,SimpleAugmentingMatcher,-1,na,wall_clock_ms,27.8382
U4,500,2,13,SimpleAugmentingMatcher,-1,na,matching_size,500
U4,500,2,13,HopcroftKarpMatcher,0,na,paths_found_per_phase,500
U4,500,2,13,HopcroftKarpMatcher,0,na,bfs_edges_visited,250000
U4,500,2,13,HopcroftKarpMatcher,0,na,dfs_edges_visited,125250
U4,500,2,13,HopcroftKarpMatcher,0,na,defect_at_iteration,0
U4,500,2,13,HopcroftKarpMatcher,-1,na,phase_count,1
U4,500,2,13,HopcroftKarpMatcher,-1,na,main_loop_iters,1
U4,500,2,13,HopcroftKarpMatcher,-1,na,total_bfs_edges_visited,250000
U4,500,2,13,HopcroftKarpMatcher,-1,na,total_edges_visited,375250
U4,500,2,13,HopcroftKarpMatcher,-1,na,matching_size,500
U4,500,2,13,HopcroftKarpMatcher,-1,na,wall_clock_ms,0.51484
U4,500,2,13,HopcroftKarpMatcher,-1,na,matching_size,500
U4,500,1.9,11,SimpleAugmentingMatcher,-1,na,wall_clock_ms,100.277
U4,500,1.9,11,SimpleAugmentingMatcher,-1,na,matching_size,500
U4,500,1.9,11,HopcroftKarpMatcher,0,na,paths_found_per_phase,499
U4,500,1.9,11,HopcroftKarpMatcher,0,na,bfs_edges_visited,134289
U4,500,1.9,11,HopcroftKarpMatcher,0,na,dfs_edges_visited,67241
U4,500,1.9,11,HopcroftKarpMatcher,0,na,defect_at_iteration,1
U4,500,1.9,11,HopcroftKarpMatcher,1,na,paths_found_per_phase,1
U4,500,1.9,11,HopcroftKarpMatcher,1,na,bfs_edges_visited,72115
U4,500,1.9,11,HopcroftKarpMatcher,1,na,dfs_edges_visited,266
U4,500,1.9,11,HopcroftKarpMatcher,1,na,defect_at_iteration,0
U4,500,1.9,11,HopcroftKarpMatcher,-1,na,phase_count,2
U4,500,1.9,11,HopcroftKarpMatcher,-1,na,main_loop_iters,2
U4,500,1.9,11,HopcroftKarpMatcher,-1,na,total_bfs_edges_visited,206404
U4,500,1.9,11,HopcroftKarpMatcher,-1,na,total_edges_visited,273911
U4,500,1.9,11,HopcroftKarpMatcher,-1,na,matching_size,500
U4,500,1.9,11,HopcroftKarpMatcher,-1,na,wall_clock_ms,2.74267
U4,500,1.9,11,HopcroftKarpMatcher,-1,na,matching_size,500
U4,500,1.7,9,SimpleAugmentingMatcher,-1,na,wall_clock_ms,45.395
U4,500,1.7,9,SimpleAugmentingMatcher,-1,na,matching_size,500
U4,500,1.7,9,HopcroftKarpMatcher,0,na,paths_found_per_phase,495
U4,500,1.7,9,HopcroftKarpMatcher,0,na,bfs_edges_visited,38747
U4,500,1.7,9,HopcroftKarpMatcher,0,na,dfs_edges_visited,19324
U4,500,1.7,9,HopcroftKarpMatcher,0,na,defect_at_iteration,5
U4,500,1.7,9,HopcroftKarpMatcher,1,na,paths_found_per_phase,5
U4,500,1.7,9,HopcroftKarpMatcher,1,na,bfs_edges_visited,22648
U4,500,1.7,9,HopcroftKarpMatcher,1,na,dfs_edges_visited,1058
U4,500,1.7,9,HopcroftKarpMatcher,1,na,defect_at_iteration,0
U4,500,1.7,9,HopcroftKarpMatcher,-1,na,phase_count,2
U4,500,1.7,9,HopcroftKarpMatcher,-1,na,main_loop_iters,2
U4,500,1.7,9,HopcroftKarpMatcher,-1,na,total_bfs_edges_visited,61395
U4,500,1.7,9,HopcroftKarpMatcher,-1,na,total_edges_visited,81777
U4,500,1.7,9,HopcroftKarpMatcher,-1,na,matching_size,500
U4,500,1.7,9,HopcroftKarpMatcher,-1,na,wall_clock_ms,1.36239
U4,500,1.7,9,HopcroftKarpMatcher,-1,na,matching_size,500
U4,500,1.6,6,SimpleAugmentingMatcher,-1,na,wall_clock_ms,28.9788
U4,500,1.6,6,SimpleAugmentingMatcher,-1,na,matching_size,500
U4,500,1.6,6,HopcroftKarpMatcher,0,na,paths_found_per_phase,490
U4,500,1.6,6,HopcroftKarpMatcher,0,na,bfs_edges_visited,20813
U4,500,1.6,6,HopcroftKarpMatcher,0,na,dfs_edges_visited,10404
U4,500,1.6,6,HopcroftKarpMatcher,0,na,defect_at_iteration,10
U4,500,1.6,6,HopcroftKarpMatcher,1,na,paths_found_per_phase,10
U4,500,1.6,6,HopcroftKarpMatcher,1,na,bfs_edges_visited,11645
U4,500,1.6,6,HopcroftKarpMatcher,1,na,dfs_edges_visited,1412
U4,500,1.6,6,HopcroftKarpMatcher,1,na,defect_at_iteration,0
U4,500,1.6,6,HopcroftKarpMatcher,-1,na,phase_count,2
U4,500,1.6,6,HopcroftKarpMatcher,-1,na,main_loop_iters,2
U4,500,1.6,6,HopcroftKarpMatcher,-1,na,total_bfs_edges_visited,32458
U4,500,1.6,6,HopcroftKarpMatcher,-1,na,total_edges_visited,44274
U4,500,1.6,6,HopcroftKarpMatcher,-1,na,matching_size,500
U4,500,1.6,6,HopcroftKarpMatcher,-1,na,wall_clock_ms,1.09968
U4,500,1.6,6,HopcroftKarpMatcher,-1,na,matching_size,500
U4,2000,1.2,5,SimpleAugmentingMatcher,-1,na,wall_clock_ms,188.851
U4,2000,1.2,5,SimpleAugmentingMatcher,-1,na,matching_size,1982
U4,2000,1.2,5,HopcroftKarpMatcher,0,na,paths_found_per_phase,1710
U4,2000,1.2,5,HopcroftKarpMatcher,0,na,bfs_edges_visited,9146
U4,2000,1.2,5,HopcroftKarpMatcher,0,na,dfs_edges_visited,4969
U4,2000,1.2,5,HopcroftKarpMatcher,0,na,defect_at_iteration,290
U4,2000,1.2,5,HopcroftKarpMatcher,1,na,paths_found_per_phase,213
U4,2000,1.2,5,HopcroftKarpMatcher,1,na,bfs_edges_visited,4280
U4,2000,1.2,5,HopcroftKarpMatcher,1,na,dfs_edges_visited,4646
U4,2000,1.2,5,HopcroftKarpMatcher,1,na,defect_at_iteration,77
U4,2000,1.2,5,HopcroftKarpMatcher,2,na,paths_found_per_phase,27
U4,2000,1.2,5,HopcroftKarpMatcher,2,na,bfs_edges_visited,2491
U4,2000,1.2,5,HopcroftKarpMatcher,2,na,dfs_edges_visited,3947
U4,2000,1.2,5,HopcroftKarpMatcher,2,na,defect_at_iteration,50
U4,2000,1.2,5,HopcroftKarpMatcher,3,na,paths_found_per_phase,10
U4,2000,1.2,5,HopcroftKarpMatcher,3,na,bfs_edges_visited,3184
U4,2000,1.2,5,HopcroftKarpMatcher,3,na,dfs_edges_visited,5597
U4,2000,1.2,5,HopcroftKarpMatcher,3,na,defect_at_iteration,40
U4,2000,1.2,5,HopcroftKarpMatcher,4,na,paths_found_per_phase,16
U4,2000,1.2,5,HopcroftKarpMatcher,4,na,bfs_edges_visited,5232
U4,2000,1.2,5,HopcroftKarpMatcher,4,na,dfs_edges_visited,4808
U4,2000,1.2,5,HopcroftKarpMatcher,4,na,defect_at_iteration,24
U4,2000,1.2,5,HopcroftKarpMatcher,5,na,paths_found_per_phase,5
U4,2000,1.2,5,HopcroftKarpMatcher,5,na,bfs_edges_visited,6344
U4,2000,1.2,5,HopcroftKarpMatcher,5,na,dfs_edges_visited,4023
U4,2000,1.2,5,HopcroftKarpMatcher,5,na,defect_at_iteration,19
U4,2000,1.2,5,HopcroftKarpMatcher,6,na,paths_found_per_phase,1
U4,2000,1.2,5,HopcroftKarpMatcher,6,na,bfs_edges_visited,8229
U4,2000,1.2,5,HopcroftKarpMatcher,6,na,dfs_edges_visited,7436
U4,2000,1.2,5,HopcroftKarpMatcher,6,na,defect_at_iteration,18
U4,2000,1.2,5,HopcroftKarpMatcher,-1,na,phase_count,7
U4,2000,1.2,5,HopcroftKarpMatcher,-1,na,main_loop_iters,7
U4,2000,1.2,5,HopcroftKarpMatcher,-1,na,total_bfs_edges_visited,38906
U4,2000,1.2,5,HopcroftKarpMatcher,-1,na,total_edges_visited,74332
U4,2000,1.2,5,HopcroftKarpMatcher,-1,na,matching_size,1982
U4,2000,1.2,5,HopcroftKarpMatcher,-1,na,wall_clock_ms,36.948
U4,2000,1.2,5,HopcroftKarpMatcher,-1,na,matching_size,1982
U4,2000,2,6,SimpleAugmentingMatcher,-1,na,wall_clock_ms,1730.14
U4,2000,2,6,SimpleAugmentingMatcher,-1,na,matching_size,2000
U4,2000,2,6,HopcroftKarpMatcher,0,na,paths_found_per_phase,2000
U4,2000,2,6,HopcroftKarpMatcher,0,na,bfs_edges_visited,4e+06
U4,2000,2,6,HopcroftKarpMatcher,0,na,dfs_edges_visited,2.001e+06
U4,2000,2,6,HopcroftKarpMatcher,0,na,defect_at_iteration,0
U4,2000,2,6,HopcroftKarpMatcher,-1,na,phase_count,1
U4,2000,2,6,HopcroftKarpMatcher,-1,na,main_loop_iters,1
U4,2000,2,6,HopcroftKarpMatcher,-1,na,total_bfs_edges_visited,4e+06
U4,2000,2,6,HopcroftKarpMatcher,-1,na,total_edges_visited,6.001e+06
U4,2000,2,6,HopcroftKarpMatcher,-1,na,matching_size,2000
U4,2000,2,6,HopcroftKarpMatcher,-1,na,wall_clock_ms,7.97058
U4,2000,2,6,HopcroftKarpMatcher,-1,na,matching_size,2000
U4,500,1.2,6,SimpleAugmentingMatcher,-1,na,wall_clock_ms,5.78927
U4,500,1.2,6,SimpleAugmentingMatcher,-1,na,matching_size,481
U4,500,1.2,6,HopcroftKarpMatcher,0,na,paths_found_per_phase,412
U4,500,1.2,6,HopcroftKarpMatcher,0,na,bfs_edges_visited,1732
U4,500,1.2,6,HopcroftKarpMatcher,0,na,dfs_edges_visited,961
U4,500,1.2,6,HopcroftKarpMatcher,0,na,defect_at_iteration,88
U4,500,1.2,6,HopcroftKarpMatcher,1,na,paths_found_per_phase,48
U4,500,1.2,6,HopcroftKarpMatcher,1,na,bfs_edges_visited,765
U4,500,1.2,6,HopcroftKarpMatcher,1,na,dfs_edges_visited,742
U4,500,1.2,6,HopcroftKarpMatcher,1,na,defect_at_iteration,40
U4,500,1.2,6,HopcroftKarpMatcher,2,na,paths_found_per_phase,9
U4,500,1.2,6,HopcroftKarpMatcher,2,na,bfs_edges_visited,434
U4,500,1.2,6,HopcroftKarpMatcher,2,na,dfs_edges_visited,627
U4,500,1.2,6,HopcroftKarpMatcher,2,na,defect_at_iteration,31
U4,500,1.2,6,HopcroftKarpMatcher,3,na,paths_found_per_phase,7
U4,500,1.2,6,HopcroftKarpMatcher,3,na,bfs_edges_visited,820
U4,500,1.2,6,HopcroftKarpMatcher,3,na,dfs_edges_visited,711
U4,500,1.2,6,HopcroftKarpMatcher,3,na,defect_at_iteration,24
U4,500,1.2,6,HopcroftKarpMatcher,4,na,paths_found_per_phase,3
U4,500,1.2,6,HopcroftKarpMatcher,4,na,bfs_edges_visited,1055
U4,500,1.2,6,HopcroftKarpMatcher,4,na,dfs_edges_visited,989
U4,500,1.2,6,HopcroftKarpMatcher,4,na,defect_at_iteration,21
U4,500,1.2,6,HopcroftKarpMatcher,5,na,paths_found_per_phase,1
U4,500,1.2,6,HopcroftKarpMatcher,5,na,bfs_edges_visited,1005
U4,500,1.2,6,HopcroftKarpMatcher,5,na,dfs_edges_visited,1151
U4,500,1.2,6,HopcroftKarpMatcher,5,na,defect_at_iteration,20
U4,500,1.2,6,HopcroftKarpMatcher,6,na,paths_found_per_phase,1
U4,500,1.2,6,HopcroftKarpMatcher,6,na,bfs_edges_visited,1234
U4,500,1.2,6,HopcroftKarpMatcher,6,na,dfs_edges_visited,1121
U4,500,1.2,6,HopcroftKarpMatcher,6,na,defect_at_iteration,19
U4,500,1.2,6,HopcroftKarpMatcher,-1,na,phase_count,7
U4,500,1.2,6,HopcroftKarpMatcher,-1,na,main_loop_iters,7
U4,500,1.2,6,HopcroftKarpMatcher,-1,na,total_bfs_edges_visited,7045
U4,500,1.2,6,HopcroftKarpMatcher,-1,na,total_edges_visited,13347
U4,500,1.2,6,HopcroftKarpMatcher,-1,na,matching_size,481
U4,500,1.2,6,HopcroftKarpMatcher,-1,na,wall_clock_ms,2.42277
U4,500,1.2,6,HopcroftKarpMatcher,-1,na,matching_size,481
U4,2000,1.2,0,SimpleAugmentingMatcher,-1,na,wall_clock_ms,200.58
U4,2000,1.2,0,SimpleAugmentingMatcher,-1,na,matching_size,1974
U4,2000,1.2,0,HopcroftKarpMatcher,0,na,paths_found_per_phase,1685
U4,2000,1.2,0,HopcroftKarpMatcher,0,na,bfs_edges_visited,9146
U4,2000,1.2,0,HopcroftKarpMatcher,0,na,dfs_edges_visited,4884
U4,2000,1.2,0,HopcroftKarpMatcher,0,na,defect_at_iteration,315
U4,2000,1.2,0,HopcroftKarpMatcher,1,na,paths_found_per_phase,230
U4,2000,1.2,0,HopcroftKarpMatcher,1,na,bfs_edges_visited,4302
U4,2000,1.2,0,HopcroftKarpMatcher,1,na,dfs_edges_visited,4444
U4,2000,1.2,0,HopcroftKarpMatcher,1,na,defect_at_iteration,85
U4,2000,1.2,0,HopcroftKarpMatcher,2,na,paths_found_per_phase,31
U4,2000,1.2,0,HopcroftKarpMatcher,2,na,bfs_edges_visited,2260
U4,2000,1.2,0,HopcroftKarpMatcher,2,na,dfs_edges_visited,3661
U4,2000,1.2,0,HopcroftKarpMatcher,2,na,defect_at_iteration,54
U4,2000,1.2,0,HopcroftKarpMatcher,3,na,paths_found_per_phase,11
U4,2000,1.2,0,HopcroftKarpMatcher,3,na,bfs_edges_visited,2692
U4,2000,1.2,0,HopcroftKarpMatcher,3,na,dfs_edges_visited,4297
U4,2000,1.2,0,HopcroftKarpMatcher,3,na,defect_at_iteration,43
U4,2000,1.2,0,HopcroftKarpMatcher,4,na,paths_found_per_phase,11
U4,2000,1.2,0,HopcroftKarpMatcher,4,na,bfs_edges_visited,3928
U4,2000,1.2,0,HopcroftKarpMatcher,4,na,dfs_edges_visited,4447
U4,2000,1.2,0,HopcroftKarpMatcher,4,na,defect_at_iteration,32
U4,2000,1.2,0,HopcroftKarpMatcher,5,na,paths_found_per_phase,2
U4,2000,1.2,0,HopcroftKarpMatcher,5,na,bfs_edges_visited,3852
U4,2000,1.2,0,HopcroftKarpMatcher,5,na,dfs_edges_visited,6298
U4,2000,1.2,0,HopcroftKarpMatcher,5,na,defect_at_iteration,30
U4,2000,1.2,0,HopcroftKarpMatcher,6,na,paths_found_per_phase,4
U4,2000,1.2,0,HopcroftKarpMatcher,6,na,bfs_edges_visited,7590
U4,2000,1.2,0,HopcroftKarpMatcher,6,na,dfs_edges_visited,6497
U4,2000,1.2,0,HopcroftKarpMatcher,6,na,defect_at_iteration,26
U4,2000,1.2,0,HopcroftKarpMatcher,-1,na,phase_count,7
U4,2000,1.2,0,HopcroftKarpMatcher,-1,na,main_loop_iters,7
U4,2000,1.2,0,HopcroftKarpMatcher,-1,na,total_bfs_edges_visited,33770
U4,2000,1.2,0,HopcroftKarpMatcher,-1,na,total_edges_visited,68298
U4,2000,1.2,0,HopcroftKarpMatcher,-1,na,matching_size,1974
U4,2000,1.2,0,HopcroftKarpMatcher,-1,na,wall_clock_ms,34.7156
U4,2000,1.2,0,HopcroftKarpMatcher,-1,na,matching_size,1974
U4,2000,1.3,1,SimpleAugmentingMatcher,-1,na,wall_clock_ms,336.249
U4,2000,1.3,1,SimpleAugmentingMatcher,-1,na,matching_size,2000
U4,2000,1.3,1,HopcroftKarpMatcher,0,na,paths_found_per_phase,1853
U4,2000,1.3,1,HopcroftKarpMatcher,0,na,bfs_edges_visited,19558
U4,2000,1.3,1,HopcroftKarpMatcher,0,na,dfs_edges_visited,9892
U4,2000,1.3,1,HopcroftKarpMatcher,0,na,defect_at_iteration,147
U4,2000,1.3,1,HopcroftKarpMatcher,1,na,paths_found_per_phase,141
U4,2000,1.3,1,HopcroftKarpMatcher,1,na,bfs_edges_visited,9803
U4,2000,1.3,1,HopcroftKarpMatcher,1,na,dfs_edges_visited,7957
U4,2000,1.3,1,HopcroftKarpMatcher,1,na,defect_at_iteration,6
U4,2000,1.3,1,HopcroftKarpMatcher,2,na,paths_found_per_phase,6
U4,2000,1.3,1,HopcroftKarpMatcher,2,na,bfs_edges_visited,3716
U4,2000,1.3,1,HopcroftKarpMatcher,2,na,dfs_edges_visited,6057
U4,2000,1.3,1,HopcroftKarpMatcher,2,na,defect_at_iteration,0
U4,2000,1.3,1,HopcroftKarpMatcher,-1,na,phase_count,3
U4,2000,1.3,1,HopcroftKarpMatcher,-1,na,main_loop_iters,3
U4,2000,1.3,1,HopcroftKarpMatcher,-1,na,total_bfs_edges_visited,33077
U4,2000,1.3,1,HopcroftKarpMatcher,-1,na,total_edges_visited,56983
U4,2000,1.3,1,HopcroftKarpMatcher,-1,na,matching_size,2000
U4,2000,1.3,1,HopcroftKarpMatcher,-1,na,wall_clock_ms,11.8751
U4,2000,1.3,1,HopcroftKarpMatcher,-1,na,matching_size,2000
U4,1000,1.7,11,SimpleAugmentingMatcher,-1,na,wall_clock_ms,340.723
U4,1000,1.7,11,SimpleAugmentingMatcher,-1,na,matching_size,1000
U4,1000,1.7,11,HopcroftKarpMatcher,0,na,paths_found_per_phase,996
U4,1000,1.7,11,HopcroftKarpMatcher,0,na,bfs_edges_visited,125892
U4,1000,1.7,11,HopcroftKarpMatcher,0,na,dfs_edges_visited,62821
U4,1000,1.7,11,HopcroftKarpMatcher,0,na,defect_at_iteration,4
U4,1000,1.7,11,HopcroftKarpMatcher,1,na,paths_found_per_phase,4
U4,1000,1.7,11,HopcroftKarpMatcher,1,na,bfs_edges_visited,51098
U4,1000,1.7,11,HopcroftKarpMatcher,1,na,dfs_edges_visited,1434
U4,1000,1.7,11,HopcroftKarpMatcher,1,na,defect_at_iteration,0
U4,1000,1.7,11,HopcroftKarpMatcher,-1,na,phase_count,2
U4,1000,1.7,11,HopcroftKarpMatcher,-1,na,main_loop_iters,2
U4,1000,1.7,11,HopcroftKarpMatcher,-1,na,total_bfs_edges_visited,176990
U4,1000,1.7,11,HopcroftKarpMatcher,-1,na,total_edges_visited,241245
U4,1000,1.7,11,HopcroftKarpMatcher,-1,na,matching_size,1000
U4,1000,1.7,11,HopcroftKarpMatcher,-1,na,wall_clock_ms,4.3111
U4,1000,1.7,11,HopcroftKarpMatcher,-1,na,matching_size,1000
U4,500,1.5,0,SimpleAugmentingMatcher,-1,na,wall_clock_ms,18.44
U4,500,1.5,0,SimpleAugmentingMatcher,-1,na,matching_size,500
U4,500,1.5,0,HopcroftKarpMatcher,0,na,paths_found_per_phase,489
U4,500,1.5,0,HopcroftKarpMatcher,0,na,bfs_edges_visited,11180
U4,500,1.5,0,HopcroftKarpMatcher,0,na,dfs_edges_visited,5659
U4,500,1.5,0,HopcroftKarpMatcher,0,na,defect_at_iteration,11
U4,500,1.5,0,HopcroftKarpMatcher,1,na,paths_found_per_phase,11
U4,500,1.5,0,HopcroftKarpMatcher,1,na,bfs_edges_visited,4244
U4,500,1.5,0,HopcroftKarpMatcher,1,na,dfs_edges_visited,2038
U4,500,1.5,0,HopcroftKarpMatcher,1,na,defect_at_iteration,0
U4,500,1.5,0,HopcroftKarpMatcher,-1,na,phase_count,2
U4,500,1.5,0,HopcroftKarpMatcher,-1,na,main_loop_iters,2
U4,500,1.5,0,HopcroftKarpMatcher,-1,na,total_bfs_edges_visited,15424
U4,500,1.5,0,HopcroftKarpMatcher,-1,na,total_edges_visited,23121
U4,500,1.5,0,HopcroftKarpMatcher,-1,na,matching_size,500
U4,500,1.5,0,HopcroftKarpMatcher,-1,na,wall_clock_ms,0.754938
U4,500,1.5,0,HopcroftKarpMatcher,-1,na,matching_size,500
U4,1000,1.2,7,SimpleAugmentingMatcher,-1,na,wall_clock_ms,25.8664
U4,1000,1.2,7,SimpleAugmentingMatcher,-1,na,matching_size,976
U4,1000,1.2,7,HopcroftKarpMatcher,0,na,paths_found_per_phase,818
U4,1000,1.2,7,HopcroftKarpMatcher,0,na,bfs_edges_visited,3981
U4,1000,1.2,7,HopcroftKarpMatcher,0,na,dfs_edges_visited,2146
U4,1000,1.2,7,HopcroftKarpMatcher,0,na,defect_at_iteration,182
U4,1000,1.2,7,HopcroftKarpMatcher,1,na,paths_found_per_phase,118
U4,1000,1.2,7,HopcroftKarpMatcher,1,na,bfs_edges_visited,1959
U4,1000,1.2,7,HopcroftKarpMatcher,1,na,dfs_edges_visited,1863
U4,1000,1.2,7,HopcroftKarpMatcher,1,na,defect_at_iteration,64
U4,1000,1.2,7,HopcroftKarpMatcher,2,na,paths_found_per_phase,20
U4,1000,1.2,7,HopcroftKarpMatcher,2,na,bfs_edges_visited,1013
U4,1000,1.2,7,HopcroftKarpMatcher,2,na,dfs_edges_visited,1383
U4,1000,1.2,7,HopcroftKarpMatcher,2,na,defect_at_iteration,44
U4,1000,1.2,7,HopcroftKarpMatcher,3,na,paths_found_per_phase,11
U4,1000,1.2,7,HopcroftKarpMatcher,3,na,bfs_edges_visited,2187
U4,1000,1.2,7,HopcroftKarpMatcher,3,na,dfs_edges_visited,1697
U4,1000,1.2,7,HopcroftKarpMatcher,3,na,defect_at_iteration,33
U4,1000,1.2,7,HopcroftKarpMatcher,4,na,paths_found_per_phase,6
U4,1000,1.2,7,HopcroftKarpMatcher,4,na,bfs_edges_visited,1610
U4,1000,1.2,7,HopcroftKarpMatcher,4,na,dfs_edges_visited,1486
U4,1000,1.2,7,HopcroftKarpMatcher,4,na,defect_at_iteration,27
U4,1000,1.2,7,HopcroftKarpMatcher,5,na,paths_found_per_phase,2
U4,1000,1.2,7,HopcroftKarpMatcher,5,na,bfs_edges_visited,1342
U4,1000,1.2,7,HopcroftKarpMatcher,5,na,dfs_edges_visited,1759
U4,1000,1.2,7,HopcroftKarpMatcher,5,na,defect_at_iteration,25
U4,1000,1.2,7,HopcroftKarpMatcher,6,na,paths_found_per_phase,1
U4,1000,1.2,7,HopcroftKarpMatcher,6,na,bfs_edges_visited,2550
U4,1000,1.2,7,HopcroftKarpMatcher,6,na,dfs_edges_visited,129
U4,1000,1.2,7,HopcroftKarpMatcher,6,na,defect_at_iteration,24
U4,1000,1.2,7,HopcroftKarpMatcher,-1,na,phase_count,7
U4,1000,1.2,7,HopcroftKarpMatcher,-1,na,main_loop_iters,7
U4,1000,1.2,7,HopcroftKarpMatcher,-1,na,total_bfs_edges_visited,14642
U4,1000,1.2,7,HopcroftKarpMatcher,-1,na,total_edges_visited,25105
U4,1000,1.2,7,HopcroftKarpMatcher,-1,na,matching_size,976
U4,1000,1.2,7,HopcroftKarpMatcher,-1,na,wall_clock_ms,6.93662
U4,1000,1.2,7,HopcroftKarpMatcher,-1,na,matching_size,976
U4,2000,1.7,10,SimpleAugmentingMatcher,-1,na,wall_clock_ms,2529.87
U4,2000,1.7,10,SimpleAugmentingMatcher,-1,na,matching_size,2000
U4,2000,1.7,10,HopcroftKarpMatcher,0,na,paths_found_per_phase,1994
U4,2000,1.7,10,HopcroftKarpMatcher,0,na,bfs_edges_visited,409026
U4,2000,1.7,10,HopcroftKarpMatcher,0,na,dfs_edges_visited,204537
U4,2000,1.7,10,HopcroftKarpMatcher,0,na,defect_at_iteration,6
U4,2000,1.7,10,HopcroftKarpMatcher,1,na,paths_found_per_phase,6
U4,2000,1.7,10,HopcroftKarpMatcher,1,na,bfs_edges_visited,195012
U4,2000,1.7,10,HopcroftKarpMatcher,1,na,dfs_edges_visited,5748
U4,2000,1.7,10,HopcroftKarpMatcher,1,na,defect_at_iteration,0
U4,2000,1.7,10,HopcroftKarpMatcher,-1,na,phase_count,2
U4,2000,1.7,10,HopcroftKarpMatcher,-1,na,main_loop_iters,2
U4,2000,1.7,10,HopcroftKarpMatcher,-1,na,total_bfs_edges_visited,604038
U4,2000,1.7,10,HopcroftKarpMatcher,-1,na,total_edges_visited,814323
U4,2000,1.7,10,HopcroftKarpMatcher,-1,na,matching_size,2000
U4,2000,1.7,10,HopcroftKarpMatcher,-1,na,wall_clock_ms,15.8053
U4,2000,1.7,10,HopcroftKarpMatcher,-1,na,matching_size,2000
U4,1000,1.4,7,SimpleAugmentingMatcher,-1,na,wall_clock_ms,85.4449
U4,1000,1.4,7,SimpleAugmentingMatcher,-1,na,matching_size,1000
U4,1000,1.4,7,HopcroftKarpMatcher,0,na,paths_found_per_phase,960
U4,1000,1.4,7,HopcroftKarpMatcher,0,na,bfs_edges_visited,15848
U4,1000,1.4,7,HopcroftKarpMatcher,0,na,dfs_edges_visited,8009
U4,1000,1.4,7,HopcroftKarpMatcher,0,na,defect_at_iteration,40
U4,1000,1.4,7,HopcroftKarpMatcher,1,na,paths_found_per_phase,40
U4,1000,1.4,7,HopcroftKarpMatcher,1,na,bfs_edges_visited,7493
U4,1000,1.4,7,HopcroftKarpMatcher,1,na,dfs_edges_visited,4629
U4,1000,1.4,7,HopcroftKarpMatcher,1,na,defect_at_iteration,0
U4,1000,1.4,7,HopcroftKarpMatcher,-1,na,phase_count,2
U4,1000,1.4,7,HopcroftKarpMatcher,-1,na,main_loop_iters,2
U4,1000,1.4,7,HopcroftKarpMatcher,-1,na,total_bfs_edges_visited,23341
U4,1000,1.4,7,HopcroftKarpMatcher,-1,na,total_edges_visited,35979
U4,1000,1.4,7,HopcroftKarpMatcher,-1,na,matching_size,1000
U4,1000,1.4,7,HopcroftKarpMatcher,-1,na,wall_clock_ms,2.58173
U4,1000,1.4,7,HopcroftKarpMatcher,-1,na,matching_size,1000
U4,500,1.3,3,SimpleAugmentingMatcher,-1,na,wall_clock_ms,6.31189
U4,500,1.3,3,SimpleAugmentingMatcher,-1,na,matching_size,500
U4,500,1.3,3,HopcroftKarpMatcher,0,na,paths_found_per_phase,439
U4,500,1.3,3,HopcroftKarpMatcher,0,na,bfs_edges_visited,3225
U4,500,1.3,3,HopcroftKarpMatcher,0,na,dfs_edges_visited,1663
U4,500,1.3,3,HopcroftKarpMatcher,0,na,defect_at_iteration,61
U4,500,1.3,3,HopcroftKarpMatcher,1,na,paths_found_per_phase,53
U4,500,1.3,3,HopcroftKarpMatcher,1,na,bfs_edges_visited,1647
U4,500,1.3,3,HopcroftKarpMatcher,1,na,dfs_edges_visited,1692
U4,500,1.3,3,HopcroftKarpMatcher,1,na,defect_at_iteration,8
U4,500,1.3,3,HopcroftKarpMatcher,2,na,paths_found_per_phase,4
U4,500,1.3,3,HopcroftKarpMatcher,2,na,bfs_edges_visited,1033
U4,500,1.3,3,HopcroftKarpMatcher,2,na,dfs_edges_visited,2217
U4,500,1.3,3,HopcroftKarpMatcher,2,na,defect_at_iteration,4
U4,500,1.3,3,HopcroftKarpMatcher,3,na,paths_found_per_phase,3
U4,500,1.3,3,HopcroftKarpMatcher,3,na,bfs_edges_visited,3101
U4,500,1.3,3,HopcroftKarpMatcher,3,na,dfs_edges_visited,1382
U4,500,1.3,3,HopcroftKarpMatcher,3,na,defect_at_iteration,1
U4,500,1.3,3,HopcroftKarpMatcher,4,na,paths_found_per_phase,1
U4,500,1.3,3,HopcroftKarpMatcher,4,na,bfs_edges_visited,2476
U4,500,1.3,3,HopcroftKarpMatcher,4,na,dfs_edges_visited,1909
U4,500,1.3,3,HopcroftKarpMatcher,4,na,defect_at_iteration,0
U4,500,1.3,3,HopcroftKarpMatcher,-1,na,phase_count,5
U4,500,1.3,3,HopcroftKarpMatcher,-1,na,main_loop_iters,5
U4,500,1.3,3,HopcroftKarpMatcher,-1,na,total_bfs_edges_visited,11482
U4,500,1.3,3,HopcroftKarpMatcher,-1,na,total_edges_visited,20345
U4,500,1.3,3,HopcroftKarpMatcher,-1,na,matching_size,500
U4,500,1.3,3,HopcroftKarpMatcher,-1,na,wall_clock_ms,1.81695
U4,500,1.3,3,HopcroftKarpMatcher,-1,na,matching_size,500
U4,1000,1.4,9,SimpleAugmentingMatcher,-1,na,wall_clock_ms,115.449
U4,1000,1.4,9,SimpleAugmentingMatcher,-1,na,matching_size,1000
U4,1000,1.4,9,HopcroftKarpMatcher,0,na,paths_found_per_phase,956
U4,1000,1.4,9,HopcroftKarpMatcher,0,na,bfs_edges_visited,15848
U4,1000,1.4,9,HopcroftKarpMatcher,0,na,dfs_edges_visited,7987
U4,1000,1.4,9,HopcroftKarpMatcher,0,na,defect_at_iteration,44
U4,1000,1.4,9,HopcroftKarpMatcher,1,na,paths_found_per_phase,44
U4,1000,1.4,9,HopcroftKarpMatcher,1,na,bfs_edges_visited,7953
U4,1000,1.4,9,HopcroftKarpMatcher,1,na,dfs_edges_visited,4652
U4,1000,1.4,9,HopcroftKarpMatcher,1,na,defect_at_iteration,0
U4,1000,1.4,9,HopcroftKarpMatcher,-1,na,phase_count,2
U4,1000,1.4,9,HopcroftKarpMatcher,-1,na,main_loop_iters,2
U4,1000,1.4,9,HopcroftKarpMatcher,-1,na,total_bfs_edges_visited,23801
U4,1000,1.4,9,HopcroftKarpMatcher,-1,na,total_edges_visited,36440
U4,1000,1.4,9,HopcroftKarpMatcher,-1,na,matching_size,1000
U4,1000,1.4,9,HopcroftKarpMatcher,-1,na,wall_clock_ms,2.61734
U4,1000,1.4,9,HopcroftKarpMatcher,-1,na,matching_size,1000
U4,1000,1.3,5,SimpleAugmentingMatcher,-1,na,wall_clock_ms,40.9698
U4,1000,1.3,5,SimpleAugmentingMatcher,-1,na,matching_size,1000
U4,1000,1.3,5,HopcroftKarpMatcher,0,na,paths_found_per_phase,909
U4,1000,1.3,5,HopcroftKarpMatcher,0,na,bfs_edges_visited,7943
U4,1000,1.3,5,HopcroftKarpMatcher,0,na,dfs_edges_visited,4077
U4,1000,1.3,5,HopcroftKarpMatcher,0,na,defect_at_iteration,91
U4,1000,1.3,5,HopcroftKarpMatcher,1,na,paths_found_per_phase,84
U4,1000,1.3,5,HopcroftKarpMatcher,1,na,bfs_edges_visited,4107
U4,1000,1.3,5,HopcroftKarpMatcher,1,na,dfs_edges_visited,3655
U4,1000,1.3,5,HopcroftKarpMatcher,1,na,defect_at_iteration,7
U4,1000,1.3,5,HopcroftKarpMatcher,2,na,paths_found_per_phase,5
U4,1000,1.3,5,HopcroftKarpMatcher,2,na,bfs_edges_visited,2599
U4,1000,1.3,5,HopcroftKarpMatcher,2,na,dfs_edges_visited,5040
U4,1000,1.3,5,HopcroftKarpMatcher,2,na,defect_at_iteration,2
U4,1000,1.3,5,HopcroftKarpMatcher,3,na,paths_found_per_phase,2
U4,1000,1.3,5,HopcroftKarpMatcher,3,na,bfs_edges_visited,5162
U4,1000,1.3,5,HopcroftKarpMatcher,3,na,dfs_edges_visited,5873
U4,1000,1.3,5,HopcroftKarpMatcher,3,na,defect_at_iteration,0
U4,1000,1.3,5,HopcroftKarpMatcher,-1,na,phase_count,4
U4,1000,1.3,5,HopcroftKarpMatcher,-1,na,main_loop_iters,4
U4,1000,1.3,5,HopcroftKarpMatcher,-1,na,total_bfs_edges_visited,19811
U4,1000,1.3,5,HopcroftKarpMatcher,-1,na,total_edges_visited,38456
U4,1000,1.3,5,HopcroftKarpMatcher,-1,na,matching_size,1000
U4,1000,1.3,5,HopcroftKarpMatcher,-1,na,wall_clock_ms,5.14426
U4,1000,1.3,5,HopcroftKarpMatcher,-1,na,matching_size,1000
U4,1000,1.2,8,SimpleAugmentingMatcher,-1,na,wall_clock_ms,36.9076
U4,1000,1.2,8,SimpleAugmentingMatcher,-1,na,matching_size,976
U4,1000,1.2,8,HopcroftKarpMatcher,0,na,paths_found_per_phase,835
U4,1000,1.2,8,HopcroftKarpMatcher,0,na,bfs_edges_visited,3981
U4,1000,1.2,8,HopcroftKarpMatcher,0,na,dfs_edges_visited,2225
U4,1000,1.2,8,HopcroftKarpMatcher,0,na,defect_at_iteration,165
U4,1000,1.2,8,HopcroftKarpMatcher,1,na,paths_found_per_phase,107
U4,1000,1.2,8,HopcroftKarpMatcher,1,na,bfs_edges_visited,1984
U4,1000,1.2,8,HopcroftKarpMatcher,1,na,dfs_edges_visited,2068
U4,1000,1.2,8,HopcroftKarpMatcher,1,na,defect_at_iteration,58
U4,1000,1.2,8,HopcroftKarpMatcher,2,na,paths_found_per_phase,18
U4,1000,1.2,8,HopcroftKarpMatcher,2,na,bfs_edges_visited,1269
U4,1000,1.2,8,HopcroftKarpMatcher,2,na,dfs_edges_visited,1872
U4,1000,1.2,8,HopcroftKarpMatcher,2,na,defect_at_iteration,40
U4,1000,1.2,8,HopcroftKarpMatcher,3,na,paths_found_per_phase,7
U4,1000,1.2,8,HopcroftKarpMatcher,3,na,bfs_edges_visited,1463
U4,1000,1.2,8,HopcroftKarpMatcher,3,na,dfs_edges_visited,2304
U4,1000,1.2,8,HopcroftKarpMatcher,3,na,defect_at_iteration,33
U4,1000,1.2,8,HopcroftKarpMatcher,4,na,paths_found_per_phase,5
U4,1000,1.2,8,HopcroftKarpMatcher,4,na,bfs_edges_visited,2868
U4,1000,1.2,8,HopcroftKarpMatcher,4,na,dfs_edges_visited,2045
U4,1000,1.2,8,HopcroftKarpMatcher,4,na,defect_at_iteration,28
U4,1000,1.2,8,HopcroftKarpMatcher,5,na,paths_found_per_phase,3
U4,1000,1.2,8,HopcroftKarpMatcher,5,na,bfs_edges_visited,2904
U4,1000,1.2,8,HopcroftKarpMatcher,5,na,dfs_edges_visited,2866
U4,1000,1.2,8,HopcroftKarpMatcher,5,na,defect_at_iteration,25
U4,1000,1.2,8,HopcroftKarpMatcher,6,na,paths_found_per_phase,1
U4,1000,1.2,8,HopcroftKarpMatcher,6,na,bfs_edges_visited,3345
U4,1000,1.2,8,HopcroftKarpMatcher,6,na,dfs_edges_visited,3343
U4,1000,1.2,8,HopcroftKarpMatcher,6,na,defect_at_iteration,24
U4,1000,1.2,8,HopcroftKarpMatcher,-1,na,phase_count,7
U4,1000,1.2,8,HopcroftKarpMatcher,-1,na,main_loop_iters,7
U4,1000,1.2,8,HopcroftKarpMatcher,-1,na,total_bfs_edges_visited,17814
U4,1000,1.2,8,HopcroftKarpMatcher,-1,na,total_edges_visited,34537
U4,1000,1.2,8,HopcroftKarpMatcher,-1,na,matching_size,976
U4,1000,1.2,8,HopcroftKarpMatcher,-1,na,wall_clock_ms,10.0643
U4,1000,1.2,8,HopcroftKarpMatcher,-1,na,matching_size,976
U4,500,2,6,SimpleAugmentingMatcher,-1,na,wall_clock_ms,27.9524
U4,500,2,6,SimpleAugmentingMatcher,-1,na,matching_size,500
U4,500,2,6,HopcroftKarpMatcher,0,na,paths_found_per_phase,500
U4,500,2,6,HopcroftKarpMatcher,0,na,bfs_edges_visited,250000
U4,500,2,6,HopcroftKarpMatcher,0,na,dfs_edges_visited,125250
U4,500,2,6,HopcroftKarpMatcher,0,na,defect_at_iteration,0
U4,500,2,6,HopcroftKarpMatcher,-1,na,phase_count,1
U4,500,2,6,HopcroftKarpMatcher,-1,na,main_loop_iters,1
U4,500,2,6,HopcroftKarpMatcher,-1,na,total_bfs_edges_visited,250000
U4,500,2,6,HopcroftKarpMatcher,-1,na,total_edges_visited,375250
U4,500,2,6,HopcroftKarpMatcher,-1,na,matching_size,500
U4,500,2,6,HopcroftKarpMatcher,-1,na,wall_clock_ms,0.510718
U4,500,2,6,HopcroftKarpMatcher,-1,na,matching_size,500
U4,1000,1.1,13,SimpleAugmentingMatcher,-1,na,wall_clock_ms,3.68135
U4,1000,1.1,13,SimpleAugmentingMatcher,-1,na,matching_size,777
U4,1000,1.1,13,HopcroftKarpMatcher,0,na,paths_found_per_phase,683
U4,1000,1.1,13,HopcroftKarpMatcher,0,na,bfs_edges_visited,1995
U4,1000,1.1,13,HopcroftKarpMatcher,0,na,dfs_edges_visited,1247
U4,1000,1.1,13,HopcroftKarpMatcher,0,na,defect_at_iteration,317
U4,1000,1.1,13,HopcroftKarpMatcher,1,na,paths_found_per_phase,77
U4,1000,1.1,13,HopcroftKarpMatcher,1,na,bfs_edges_visited,877
U4,1000,1.1,13,HopcroftKarpMatcher,1,na,dfs_edges_visited,943
U4,1000,1.1,13,HopcroftKarpMatcher,1,na,defect_at_iteration,240
U4,1000,1.1,13,HopcroftKarpMatcher,2,na,paths_found_per_phase,9
U4,1000,1.1,13,HopcroftKarpMatcher,2,na,bfs_edges_visited,619
U4,1000,1.1,13,HopcroftKarpMatcher,2,na,dfs_edges_visited,681
U4,1000,1.1,13,HopcroftKarpMatcher,2,na,defect_at_iteration,231
U4,1000,1.1,13,HopcroftKarpMatcher,3,na,paths_found_per_phase,6
U4,1000,1.1,13,HopcroftKarpMatcher,3,na,bfs_edges_visited,712
U4,1000,1.1,13,HopcroftKarpMatcher,3,na,dfs_edges_visited,678
U4,1000,1.1,13,HopcroftKarpMatcher,3,na,defect_at_iteration,225
U4,1000,1.1,13,HopcroftKarpMatcher,4,na,paths_found_per_phase,2
U4,1000,1.1,13,HopcroftKarpMatcher,4,na,bfs_edges_visited,640
U4,1000,1.1,13,HopcroftKarpMatcher,4,na,dfs_edges_visited,614
U4,1000,1.1,13,HopcroftKarpMatcher,4,na,defect_at_iteration,223
U4,1000,1.1,13,HopcroftKarpMatcher,-1,na,phase_count,5
U4,1000,1.1,13,HopcroftKarpMatcher,-1,na,main_loop_iters,5
U4,1000,1.1,13,HopcroftKarpMatcher,-1,na,total_bfs_edges_visited,4843
U4,1000,1.1,13,HopcroftKarpMatcher,-1,na,total_edges_visited,9006
U4,1000,1.1,13,HopcroftKarpMatcher,-1,na,matching_size,777
U4,1000,1.1,13,HopcroftKarpMatcher,-1,na,wall_clock_ms,6.07151
U4,1000,1.1,13,HopcroftKarpMatcher,-1,na,matching_size,777
U4,500,1.7,12,SimpleAugmentingMatcher,-1,na,wall_clock_ms,45.239
U4,500,1.7,12,SimpleAugmentingMatcher,-1,na,matching_size,500
U4,500,1.7,12,HopcroftKarpMatcher,0,na,paths_found_per_phase,496
U4,500,1.7,12,HopcroftKarpMatcher,0,na,bfs_edges_visited,38747
U4,500,1.7,12,HopcroftKarpMatcher,0,na,dfs_edges_visited,19407
U4,500,1.7,12,HopcroftKarpMatcher,0,na,defect_at_iteration,4
U4,500,1.7,12,HopcroftKarpMatcher,1,na,paths_found_per_phase,4
U4,500,1.7,12,HopcroftKarpMatcher,1,na,bfs_edges_visited,19352
U4,500,1.7,12,HopcroftKarpMatcher,1,na,dfs_edges_visited,875
U4,500,1.7,12,HopcroftKarpMatcher,1,na,defect_at_iteration,0
U4,500,1.7,12,HopcroftKarpMatcher,-1,na,phase_count,2
U4,500,1.7,12,HopcroftKarpMatcher,-1,na,main_loop_iters,2
U4,500,1.7,12,HopcroftKarpMatcher,-1,na,total_bfs_edges_visited,58099
U4,500,1.7,12,HopcroftKarpMatcher,-1,na,total_edges_visited,78381
U4,500,1.7,12,HopcroftKarpMatcher,-1,na,matching_size,500
U4,500,1.7,12,HopcroftKarpMatcher,-1,na,wall_clock_ms,1.30297
U4,500,1.7,12,HopcroftKarpMatcher,-1,na,matching_size,500
U4,2000,2,12,SimpleAugmentingMatcher,-1,na,wall_clock_ms,1730.21
U4,2000,2,12,SimpleAugmentingMatcher,-1,na,matching_size,2000
U4,2000,2,12,HopcroftKarpMatcher,0,na,paths_found_per_phase,2000
U4,2000,2,12,HopcroftKarpMatcher,0,na,bfs_edges_visited,4e+06
U4,2000,2,12,HopcroftKarpMatcher,0,na,dfs_edges_visited,2.001e+06
U4,2000,2,12,HopcroftKarpMatcher,0,na,defect_at_iteration,0
U4,2000,2,12,HopcroftKarpMatcher,-1,na,phase_count,1
U4,2000,2,12,HopcroftKarpMatcher,-1,na,main_loop_iters,1
U4,2000,2,12,HopcroftKarpMatcher,-1,na,total_bfs_edges_visited,4e+06
U4,2000,2,12,HopcroftKarpMatcher,-1,na,total_edges_visited,6.001e+06
U4,2000,2,12,HopcroftKarpMatcher,-1,na,matching_size,2000
U4,2000,2,12,HopcroftKarpMatcher,-1,na,wall_clock_ms,7.97586
U4,2000,2,12,HopcroftKarpMatcher,-1,na,matching_size,2000
U4,1000,2,6,SimpleAugmentingMatcher,-1,na,wall_clock_ms,218.799
U4,1000,2,6,SimpleAugmentingMatcher,-1,na,matching_size,1000
U4,1000,2,6,HopcroftKarpMatcher,0,na,paths_found_per_phase,1000
U4,1000,2,6,HopcroftKarpMatcher,0,na,bfs_edges_visited,1e+06
U4,1000,2,6,HopcroftKarpMatcher,0,na,dfs_edges_visited,500500
U4,1000,2,6,HopcroftKarpMatcher,0,na,defect_at_iteration,0
U4,1000,2,6,HopcroftKarpMatcher,-1,na,phase_count,1
U4,1000,2,6,HopcroftKarpMatcher,-1,na,main_loop_iters,1
U4,1000,2,6,HopcroftKarpMatcher,-1,na,total_bfs_edges_visited,1e+06
U4,1000,2,6,HopcroftKarpMatcher,-1,na,total_edges_visited,1.5005e+06
U4,1000,2,6,HopcroftKarpMatcher,-1,na,matching_size,1000
U4,1000,2,6,HopcroftKarpMatcher,-1,na,wall_clock_ms,2.00704
U4,1000,2,6,HopcroftKarpMatcher,-1,na,matching_size,1000
U4,2000,1.6,0,SimpleAugmentingMatcher,-1,na,wall_clock_ms,1707.29
U4,2000,1.6,0,SimpleAugmentingMatcher,-1,na,matching_size,2000
U4,2000,1.6,0,HopcroftKarpMatcher,0,na,paths_found_per_phase,1990
U4,2000,1.6,0,HopcroftKarpMatcher,0,na,bfs_edges_visited,191270
U4,2000,1.6,0,HopcroftKarpMatcher,0,na,dfs_edges_visited,95849
U4,2000,1.6,0,HopcroftKarpMatcher,0,na,defect_at_iteration,10
U4,2000,1.6,0,HopcroftKarpMatcher,1,na,paths_found_per_phase,10
U4,2000,1.6,0,HopcroftKarpMatcher,1,na,bfs_edges_visited,74928
U4,2000,1.6,0,HopcroftKarpMatcher,1,na,dfs_edges_visited,12837
U4,2000,1.6,0,HopcroftKarpMatcher,1,na,defect_at_iteration,0
U4,2000,1.6,0,HopcroftKarpMatcher,-1,na,phase_count,2
U4,2000,1.6,0,HopcroftKarpMatcher,-1,na,main_loop_iters,2
U4,2000,1.6,0,HopcroftKarpMatcher,-1,na,total_bfs_edges_visited,266198
U4,2000,1.6,0,HopcroftKarpMatcher,-1,na,total_edges_visited,374884
U4,2000,1.6,0,HopcroftKarpMatcher,-1,na,matching_size,2000
U4,2000,1.6,0,HopcroftKarpMatcher,-1,na,wall_clock_ms,11.277
U4,2000,1.6,0,HopcroftKarpMatcher,-1,na,matching_size,2000
U4,1000,1.5,9,SimpleAugmentingMatcher,-1,na,wall_clock_ms,145.818
U4,1000,1.5,9,SimpleAugmentingMatcher,-1,na,matching_size,1000
U4,1000,1.5,9,HopcroftKarpMatcher,0,na,paths_found_per_phase,981
U4,1000,1.5,9,HopcroftKarpMatcher,0,na,bfs_edges_visited,31622
U4,1000,1.5,9,HopcroftKarpMatcher,0,na,dfs_edges_visited,15809
U4,1000,1.5,9,HopcroftKarpMatcher,0,na,defect_at_iteration,19
U4,1000,1.5,9,HopcroftKarpMatcher,1,na,paths_found_per_phase,19
U4,1000,1.5,9,HopcroftKarpMatcher,1,na,bfs_edges_visited,14563
U4,1000,1.5,9,HopcroftKarpMatcher,1,na,dfs_edges_visited,2226
U4,1000,1.5,9,HopcroftKarpMatcher,1,na,defect_at_iteration,0
U4,1000,1.5,9,HopcroftKarpMatcher,-1,na,phase_count,2
U4,1000,1.5,9,HopcroftKarpMatcher,-1,na,main_loop_iters,2
U4,1000,1.5,9,HopcroftKarpMatcher,-1,na,total_bfs_edges_visited,46185
U4,1000,1.5,9,HopcroftKarpMatcher,-1,na,total_edges_visited,64220
U4,1000,1.5,9,HopcroftKarpMatcher,-1,na,matching_size,1000
U4,1000,1.5,9,HopcroftKarpMatcher,-1,na,wall_clock_ms,2.63305
U4,1000,1.5,9,HopcroftKarpMatcher,-1,na,matching_size,1000
U4,2000,1.4,10,SimpleAugmentingMatcher,-1,na,wall_clock_ms,722.439
U4,2000,1.4,10,SimpleAugmentingMatcher,-1,na,matching_size,2000
U4,2000,1.4,10,HopcroftKarpMatcher,0,na,paths_found_per_phase,1932
U4,2000,1.4,10,HopcroftKarpMatcher,0,na,bfs_edges_visited,41825
U4,2000,1.4,10,HopcroftKarpMatcher,0,na,dfs_edges_visited,20968
U4,2000,1.4,10,HopcroftKarpMatcher,0,na,defect_at_iteration,68
U4,2000,1.4,10,HopcroftKarpMatcher,1,na,paths_found_per_phase,68
U4,2000,1.4,10,HopcroftKarpMatcher,1,na,bfs_edges_visited,21263
U4,2000,1.4,10,HopcroftKarpMatcher,1,na,dfs_edges_visited,14520
U4,2000,1.4,10,HopcroftKarpMatcher,1,na,defect_at_iteration,0
U4,2000,1.4,10,HopcroftKarpMatcher,-1,na,phase_count,2
U4,2000,1.4,10,HopcroftKarpMatcher,-1,na,main_loop_iters,2
U4,2000,1.4,10,HopcroftKarpMatcher,-1,na,total_bfs_edges_visited,63088
U4,2000,1.4,10,HopcroftKarpMatcher,-1,na,total_edges_visited,98576
U4,2000,1.4,10,HopcroftKarpMatcher,-1,na,matching_size,2000
U4,2000,1.4,10,HopcroftKarpMatcher,-1,na,wall_clock_ms,10.1269
U4,2000,1.4,10,HopcroftKarpMatcher,-1,na,matching_size,2000
U4,500,1.5,1,SimpleAugmentingMatcher,-1,na,wall_clock_ms,19.118
U4,500,1.5,1,SimpleAugmentingMatcher,-1,na,matching_size,500
U4,500,1.5,1,HopcroftKarpMatcher,0,na,paths_found_per_phase,483
U4,500,1.5,1,HopcroftKarpMatcher,0,na,bfs_edges_visited,11180
U4,500,1.5,1,HopcroftKarpMatcher,0,na,dfs_edges_visited,5567
U4,500,1.5,1,HopcroftKarpMatcher,0,na,defect_at_iteration,17
U4,500,1.5,1,HopcroftKarpMatcher,1,na,paths_found_per_phase,17
U4,500,1.5,1,HopcroftKarpMatcher,1,na,bfs_edges_visited,5712
U4,500,1.5,1,HopcroftKarpMatcher,1,na,dfs_edges_visited,2219
U4,500,1.5,1,HopcroftKarpMatcher,1,na,defect_at_iteration,0
U4,500,1.5,1,HopcroftKarpMatcher,-1,na,phase_count,2
U4,500,1.5,1,HopcroftKarpMatcher,-1,na,main_loop_iters,2
U4,500,1.5,1,HopcroftKarpMatcher,-1,na,total_bfs_edges_visited,16892
U4,500,1.5,1,HopcroftKarpMatcher,-1,na,total_edges_visited,24678
U4,500,1.5,1,HopcroftKarpMatcher,-1,na,matching_size,500
U4,500,1.5,1,HopcroftKarpMatcher,-1,na,wall_clock_ms,0.803491
U4,500,1.5,1,HopcroftKarpMatcher,-1,na,matching_size,500
U4,2000,1.7,4,SimpleAugmentingMatcher,-1,na,wall_clock_ms,2536.01
U4,2000,1.7,4,SimpleAugmentingMatcher,-1,na,matching_size,2000
U4,2000,1.7,4,HopcroftKarpMatcher,0,na,paths_found_per_phase,1994
U4,2000,1.7,4,HopcroftKarpMatcher,0,na,bfs_edges_visited,409026
U4,2000,1.7,4,HopcroftKarpMatcher,0,na,dfs_edges_visited,204653
U4,2000,1.7,4,HopcroftKarpMatcher,0,na,defect_at_iteration,6
U4,2000,1.7,4,HopcroftKarpMatcher,1,na,paths_found_per_phase,6
U4,2000,1.7,4,HopcroftKarpMatcher,1,na,bfs_edges_visited,193006
U4,2000,1.7,4,HopcroftKarpMatcher,1,na,dfs_edges_visited,4219
U4,2000,1.7,4,HopcroftKarpMatcher,1,na,defect_at_iteration,0
U4,2000,1.7,4,HopcroftKarpMatcher,-1,na,phase_count,2
U4,2000,1.7,4,HopcroftKarpMatcher,-1,na,main_loop_iters,2
U4,2000,1.7,4,HopcroftKarpMatcher,-1,na,total_bfs_edges_visited,602032
U4,2000,1.7,4,HopcroftKarpMatcher,-1,na,total_edges_visited,810904
U4,2000,1.7,4,HopcroftKarpMatcher,-1,na,matching_size,2000
U4,2000,1.7,4,HopcroftKarpMatcher,-1,na,wall_clock_ms,15.9546
U4,2000,1.7,4,HopcroftKarpMatcher,-1,na,matching_size,2000
U4,2000,1,2,SimpleAugmentingMatcher,-1,na,wall_clock_ms,3.80439
U4,2000,1,2,SimpleAugmentingMatcher,-1,na,matching_size,1083
U4,2000,1,2,HopcroftKarpMatcher,0,na,paths_found_per_phase,1017
U4,2000,1,2,HopcroftKarpMatcher,0,na,bfs_edges_visited,2000
U4,2000,1,2,HopcroftKarpMatcher,0,na,dfs_edges_visited,1444
U4,2000,1,2,HopcroftKarpMatcher,0,na,defect_at_iteration,983
U4,2000,1,2,HopcroftKarpMatcher,1,na,paths_found_per_phase,61
U4,2000,1,2,HopcroftKarpMatcher,1,na,bfs_edges_visited,679
U4,2000,1,2,HopcroftKarpMatcher,1,na,dfs_edges_visited,723
U4,2000,1,2,HopcroftKarpMatcher,1,na,defect_at_iteration,922
U4,2000,1,2,HopcroftKarpMatcher,2,na,paths_found_per_phase,5
U4,2000,1,2,HopcroftKarpMatcher,2,na,bfs_edges_visited,506
U4,2000,1,2,HopcroftKarpMatcher,2,na,dfs_edges_visited,516
U4,2000,1,2,HopcroftKarpMatcher,2,na,defect_at_iteration,917
U4,2000,1,2,HopcroftKarpMatcher,-1,na,phase_count,3
U4,2000,1,2,HopcroftKarpMatcher,-1,na,main_loop_iters,3
U4,2000,1,2,HopcroftKarpMatcher,-1,na,total_bfs_edges_visited,3185
U4,2000,1,2,HopcroftKarpMatcher,-1,na,total_edges_visited,5868
U4,2000,1,2,HopcroftKarpMatcher,-1,na,matching_size,1083
U4,2000,1,2,HopcroftKarpMatcher,-1,na,wall_clock_ms,18.1014
U4,2000,1,2,HopcroftKarpMatcher,-1,na,matching_size,1083
U4,1000,1.4,8,SimpleAugmentingMatcher,-1,na,wall_clock_ms,86.4827
U4,1000,1.4,8,SimpleAugmentingMatcher,-1,na,matching_size,1000
U4,1000,1.4,8,HopcroftKarpMatcher,0,na,paths_found_per_phase,962
U4,1000,1.4,8,HopcroftKarpMatcher,0,na,bfs_edges_visited,15848
U4,1000,1.4,8,HopcroftKarpMatcher,0,na,dfs_edges_visited,7911
U4,1000,1.4,8,HopcroftKarpMatcher,0,na,defect_at_iteration,38
U4,1000,1.4,8,HopcroftKarpMatcher,1,na,paths_found_per_phase,37
U4,1000,1.4,8,HopcroftKarpMatcher,1,na,bfs_edges_visited,6932
U4,1000,1.4,8,HopcroftKarpMatcher,1,na,dfs_edges_visited,5897
U4,1000,1.4,8,HopcroftKarpMatcher,1,na,defect_at_iteration,1
U4,1000,1.4,8,HopcroftKarpMatcher,2,na,paths_found_per_phase,1
U4,1000,1.4,8,HopcroftKarpMatcher,2,na,bfs_edges_visited,4438
U4,1000,1.4,8,HopcroftKarpMatcher,2,na,dfs_edges_visited,31
U4,1000,1.4,8,HopcroftKarpMatcher,2,na,defect_at_iteration,0
U4,1000,1.4,8,HopcroftKarpMatcher,-1,na,phase_count,3
U4,1000,1.4,8,HopcroftKarpMatcher,-1,na,main_loop_iters,3
U4,1000,1.4,8,HopcroftKarpMatcher,-1,na,total_bfs_edges_visited,27218
U4,1000,1.4,8,HopcroftKarpMatcher,-1,na,total_edges_visited,41057
U4,1000,1.4,8,HopcroftKarpMatcher,-1,na,matching_size,1000
U4,1000,1.4,8,HopcroftKarpMatcher,-1,na,wall_clock_ms,2.95207
U4,1000,1.4,8,HopcroftKarpMatcher,-1,na,matching_size,1000
U4,1000,1.6,14,SimpleAugmentingMatcher,-1,na,wall_clock_ms,224.32
U4,1000,1.6,14,SimpleAugmentingMatcher,-1,na,matching_size,1000
U4,1000,1.6,14,HopcroftKarpMatcher,0,na,paths_found_per_phase,988
U4,1000,1.6,14,HopcroftKarpMatcher,0,na,bfs_edges_visited,63095
U4,1000,1.6,14,HopcroftKarpMatcher,0,na,dfs_edges_visited,31618
U4,1000,1.6,14,HopcroftKarpMatcher,0,na,defect_at_iteration,12
U4,1000,1.6,14,HopcroftKarpMatcher,1,na,paths_found_per_phase,12
U4,1000,1.6,14,HopcroftKarpMatcher,1,na,bfs_edges_visited,33787
U4,1000,1.6,14,HopcroftKarpMatcher,1,na,dfs_edges_visited,2888
U4,1000,1.6,14,HopcroftKarpMatcher,1,na,defect_at_iteration,0
U4,1000,1.6,14,HopcroftKarpMatcher,-1,na,phase_count,2
U4,1000,1.6,14,HopcroftKarpMatcher,-1,na,main_loop_iters,2
U4,1000,1.6,14,HopcroftKarpMatcher,-1,na,total_bfs_edges_visited,96882
U4,1000,1.6,14,HopcroftKarpMatcher,-1,na,total_edges_visited,131388
U4,1000,1.6,14,HopcroftKarpMatcher,-1,na,matching_size,1000
U4,1000,1.6,14,HopcroftKarpMatcher,-1,na,wall_clock_ms,3.36359
U4,1000,1.6,14,HopcroftKarpMatcher,-1,na,matching_size,1000
U4,2000,1.9,8,SimpleAugmentingMatcher,-1,na,wall_clock_ms,7035.69
U4,2000,1.9,8,SimpleAugmentingMatcher,-1,na,matching_size,2000
U4,2000,1.9,8,HopcroftKarpMatcher,0,na,paths_found_per_phase,1999
U4,2000,1.9,8,HopcroftKarpMatcher,0,na,bfs_edges_visited,1.8705e+06
U4,2000,1.9,8,HopcroftKarpMatcher,0,na,dfs_edges_visited,934989
U4,2000,1.9,8,HopcroftKarpMatcher,0,na,defect_at_iteration,1
U4,2000,1.9,8,HopcroftKarpMatcher,1,na,paths_found_per_phase,1
U4,2000,1.9,8,HopcroftKarpMatcher,1,na,bfs_edges_visited,868801
U4,2000,1.9,8,HopcroftKarpMatcher,1,na,dfs_edges_visited,2821
U4,2000,1.9,8,HopcroftKarpMatcher,1,na,defect_at_iteration,0
U4,2000,1.9,8,HopcroftKarpMatcher,-1,na,phase_count,2
U4,2000,1.9,8,HopcroftKarpMatcher,-1,na,main_loop_iters,2
U4,2000,1.9,8,HopcroftKarpMatcher,-1,na,total_bfs_edges_visited,2.7393e+06
U4,2000,1.9,8,HopcroftKarpMatcher,-1,na,total_edges_visited,3.67711e+06
U4,2000,1.9,8,HopcroftKarpMatcher,-1,na,matching_size,2000
U4,2000,1.9,8,HopcroftKarpMatcher,-1,na,wall_clock_ms,42.3391
U4,2000,1.9,8,HopcroftKarpMatcher,-1,na,matching_size,2000
U4,500,1,7,SimpleAugmentingMatcher,-1,na,wall_clock_ms,0.227051
U4,500,1,7,SimpleAugmentingMatcher,-1,na,matching_size,274
U4,500,1,7,HopcroftKarpMatcher,0,na,paths_found_per_phase,254
U4,500,1,7,HopcroftKarpMatcher,0,na,bfs_edges_visited,500
U4,500,1,7,HopcroftKarpMatcher,0,na,dfs_edges_visited,355
U4,500,1,7,HopcroftKarpMatcher,0,na,defect_at_iteration,246
U4,500,1,7,HopcroftKarpMatcher,1,na,paths_found_per_phase,19
U4,500,1,7,HopcroftKarpMatcher,1,na,bfs_edges_visited,163
U4,500,1,7,HopcroftKarpMatcher,1,na,dfs_edges_visited,161
U4,500,1,7,HopcroftKarpMatcher,1,na,defect_at_iteration,227
U4,500,1,7,HopcroftKarpMatcher,2,na,paths_found_per_phase,1
U4,500,1,7,HopcroftKarpMatcher,2,na,bfs_edges_visited,95
U4,500,1,7,HopcroftKarpMatcher,2,na,dfs_edges_visited,94
U4,500,1,7,HopcroftKarpMatcher,2,na,defect_at_iteration,226
U4,500,1,7,HopcroftKarpMatcher,-1,na,phase_count,3
U4,500,1,7,HopcroftKarpMatcher,-1,na,main_loop_iters,3
U4,500,1,7,HopcroftKarpMatcher,-1,na,total_bfs_edges_visited,758
U4,500,1,7,HopcroftKarpMatcher,-1,na,total_edges_visited,1368
U4,500,1,7,HopcroftKarpMatcher,-1,na,matching_size,274
U4,500,1,7,HopcroftKarpMatcher,-1,na,wall_clock_ms,1.16856
U4,500,1,7,HopcroftKarpMatcher,-1,na,matching_size,274
U4,1000,1,7,SimpleAugmentingMatcher,-1,na,wall_clock_ms,0.942624
U4,1000,1,7,SimpleAugmentingMatcher,-1,na,matching_size,538
U4,1000,1,7,HopcroftKarpMatcher,0,na,paths_found_per_phase,503
U4,1000,1,7,HopcroftKarpMatcher,0,na,bfs_edges_visited,1000
U4,1000,1,7,HopcroftKarpMatcher,0,na,dfs_edges_visited,707
U4,1000,1,7,HopcroftKarpMatcher,0,na,defect_at_iteration,497
U4,1000,1,7,HopcroftKarpMatcher,1,na,paths_found_per_phase,34
U4,1000,1,7,HopcroftKarpMatcher,1,na,bfs_edges_visited,343
U4,1000,1,7,HopcroftKarpMatcher,1,na,dfs_edges_visited,343
U4,1000,1,7,HopcroftKarpMatcher,1,na,defect_at_iteration,463
U4,1000,1,7,HopcroftKarpMatcher,2,na,paths_found_per_phase,1
U4,1000,1,7,HopcroftKarpMatcher,2,na,bfs_edges_visited,227
U4,1000,1,7,HopcroftKarpMatcher,2,na,dfs_edges_visited,230
U4,1000,1,7,HopcroftKarpMatcher,2,na,defect_at_iteration,462
U4,1000,1,7,HopcroftKarpMatcher,-1,na,phase_count,3
U4,1000,1,7,HopcroftKarpMatcher,-1,na,main_loop_iters,3
U4,1000,1,7,HopcroftKarpMatcher,-1,na,total_bfs_edges_visited,1570
U4,1000,1,7,HopcroftKarpMatcher,-1,na,total_edges_visited,2850
U4,1000,1,7,HopcroftKarpMatcher,-1,na,matching_size,538
U4,1000,1,7,HopcroftKarpMatcher,-1,na,wall_clock_ms,4.55813
U4,1000,1,7,HopcroftKarpMatcher,-1,na,matching_size,538
U4,1000,1.6,10,SimpleAugmentingMatcher,-1,na,wall_clock_ms,223.995
U4,1000,1.6,10,SimpleAugmentingMatcher,-1,na,matching_size,1000
U4,1000,1.6,10,HopcroftKarpMatcher,0,na,paths_found_per_phase,991
U4,1000,1.6,10,HopcroftKarpMatcher,0,na,bfs_edges_visited,63095
U4,1000,1.6,10,HopcroftKarpMatcher,0,na,dfs_edges_visited,31695
U4,1000,1.6,10,HopcroftKarpMatcher,0,na,defect_at_iteration,9
U4,1000,1.6,10,HopcroftKarpMatcher,1,na,paths_found_per_phase,9
U4,1000,1.6,10,HopcroftKarpMatcher,1,na,bfs_edges_visited,26040
U4,1000,1.6,10,HopcroftKarpMatcher,1,na,dfs_edges_visited,2790
U4,1000,1.6,10,HopcroftKarpMatcher,1,na,defect_at_iteration,0
U4,1000,1.6,10,HopcroftKarpMatcher,-1,na,phase_count,2
U4,1000,1.6,10,HopcroftKarpMatcher,-1,na,main_loop_iters,2
U4,1000,1.6,10,HopcroftKarpMatcher,-1,na,total_bfs_edges_visited,89135
U4,1000,1.6,10,HopcroftKarpMatcher,-1,na,total_edges_visited,123620
U4,1000,1.6,10,HopcroftKarpMatcher,-1,na,matching_size,1000
U4,1000,1.6,10,HopcroftKarpMatcher,-1,na,wall_clock_ms,3.13693
U4,1000,1.6,10,HopcroftKarpMatcher,-1,na,matching_size,1000
U4,500,1.1,10,SimpleAugmentingMatcher,-1,na,wall_clock_ms,0.477116
U4,500,1.1,10,SimpleAugmentingMatcher,-1,na,matching_size,375
U4,500,1.1,10,HopcroftKarpMatcher,0,na,paths_found_per_phase,331
U4,500,1.1,10,HopcroftKarpMatcher,0,na,bfs_edges_visited,930
U4,500,1.1,10,HopcroftKarpMatcher,0,na,dfs_edges_visited,581
U4,500,1.1,10,HopcroftKarpMatcher,0,na,defect_at_iteration,169
U4,500,1.1,10,HopcroftKarpMatcher,1,na,paths_found_per_phase,37
U4,500,1.1,10,HopcroftKarpMatcher,1,na,bfs_edges_visited,357
U4,500,1.1,10,HopcroftKarpMatcher,1,na,dfs_edges_visited,368
U4,500,1.1,10,HopcroftKarpMatcher,1,na,defect_at_iteration,132
U4,500,1.1,10,HopcroftKarpMatcher,2,na,paths_found_per_phase,5
U4,500,1.1,10,HopcroftKarpMatcher,2,na,bfs_edges_visited,267
U4,500,1.1,10,HopcroftKarpMatcher,2,na,dfs_edges_visited,272
U4,500,1.1,10,HopcroftKarpMatcher,2,na,defect_at_iteration,127
U4,500,1.1,10,HopcroftKarpMatcher,3,na,paths_found_per_phase,2
U4,500,1.1,10,HopcroftKarpMatcher,3,na,bfs_edges_visited,243
U4,500,1.1,10,HopcroftKarpMatcher,3,na,dfs_edges_visited,196
U4,500,1.1,10,HopcroftKarpMatcher,3,na,defect_at_iteration,125
U4,500,1.1,10,HopcroftKarpMatcher,-1,na,phase_count,4
U4,500,1.1,10,HopcroftKarpMatcher,-1,na,main_loop_iters,4
U4,500,1.1,10,HopcroftKarpMatcher,-1,na,total_bfs_edges_visited,1797
U4,500,1.1,10,HopcroftKarpMatcher,-1,na,total_edges_visited,3214
U4,500,1.1,10,HopcroftKarpMatcher,-1,na,matching_size,375
U4,500,1.1,10,HopcroftKarpMatcher,-1,na,wall_clock_ms,1.25858
U4,500,1.1,10,HopcroftKarpMatcher,-1,na,matching_size,375
U4,500,1.1,4,SimpleAugmentingMatcher,-1,na,wall_clock_ms,0.413091
U4,500,1.1,4,SimpleAugmentingMatcher,-1,na,matching_size,378
U4,500,1.1,4,HopcroftKarpMatcher,0,na,paths_found_per_phase,341
U4,500,1.1,4,HopcroftKarpMatcher,0,na,bfs_edges_visited,930
U4,500,1.1,4,HopcroftKarpMatcher,0,na,dfs_edges_visited,555
U4,500,1.1,4,HopcroftKarpMatcher,0,na,defect_at_iteration,159
U4,500,1.1,4,HopcroftKarpMatcher,1,na,paths_found_per_phase,33
U4,500,1.1,4,HopcroftKarpMatcher,1,na,bfs_edges_visited,299
U4,500,1.1,4,HopcroftKarpMatcher,1,na,dfs_edges_visited,337
U4,500,1.1,4,HopcroftKarpMatcher,1,na,defect_at_iteration,126
U4,500,1.1,4,HopcroftKarpMatcher,2,na,paths_found_per_phase,3
U4,500,1.1,4,HopcroftKarpMatcher,2,na,bfs_edges_visited,181
U4,500,1.1,4,HopcroftKarpMatcher,2,na,dfs_edges_visited,191
U4,500,1.1,4,HopcroftKarpMatcher,2,na,defect_at_iteration,123
U4,500,1.1,4,HopcroftKarpMatcher,3,na,paths_found_per_phase,1
U4,500,1.1,4,HopcroftKarpMatcher,3,na,bfs_edges_visited,206
U4,500,1.1,4,HopcroftKarpMatcher,3,na,dfs_edges_visited,176
U4,500,1.1,4,HopcroftKarpMatcher,3,na,defect_at_iteration,122
U4,500,1.1,4,HopcroftKarpMatcher,-1,na,phase_count,4
U4,500,1.1,4,HopcroftKarpMatcher,-1,na,main_loop_iters,4
U4,500,1.1,4,HopcroftKarpMatcher,-1,na,total_bfs_edges_visited,1616
U4,500,1.1,4,HopcroftKarpMatcher,-1,na,total_edges_visited,2875
U4,500,1.1,4,HopcroftKarpMatcher,-1,na,matching_size,378
U4,500,1.1,4,HopcroftKarpMatcher,-1,na,wall_clock_ms,1.17201
U4,500,1.1,4,HopcroftKarpMatcher,-1,na,matching_size,378
U4,500,1.7,13,SimpleAugmentingMatcher,-1,na,wall_clock_ms,56.9346
U4,500,1.7,13,SimpleAugmentingMatcher,-1,na,matching_size,500
U4,500,1.7,13,HopcroftKarpMatcher,0,na,paths_found_per_phase,495
U4,500,1.7,13,HopcroftKarpMatcher,0,na,bfs_edges_visited,38747
U4,500,1.7,13,HopcroftKarpMatcher,0,na,dfs_edges_visited,19536
U4,500,1.7,13,HopcroftKarpMatcher,0,na,defect_at_iteration,5
U4,500,1.7,13,HopcroftKarpMatcher,1,na,paths_found_per_phase,5
U4,500,1.7,13,HopcroftKarpMatcher,1,na,bfs_edges_visited,22105
U4,500,1.7,13,HopcroftKarpMatcher,1,na,dfs_edges_visited,1187
U4,500,1.7,13,HopcroftKarpMatcher,1,na,defect_at_iteration,0
U4,500,1.7,13,HopcroftKarpMatcher,-1,na,phase_count,2
U4,500,1.7,13,HopcroftKarpMatcher,-1,na,main_loop_iters,2
U4,500,1.7,13,HopcroftKarpMatcher,-1,na,total_bfs_edges_visited,60852
U4,500,1.7,13,HopcroftKarpMatcher,-1,na,total_edges_visited,81575
U4,500,1.7,13,HopcroftKarpMatcher,-1,na,matching_size,500
U4,500,1.7,13,HopcroftKarpMatcher,-1,na,wall_clock_ms,1.38488
U4,500,1.7,13,HopcroftKarpMatcher,-1,na,matching_size,500
U4,2000,1.7,12,SimpleAugmentingMatcher,-1,na,wall_clock_ms,2520.04
U4,2000,1.7,12,SimpleAugmentingMatcher,-1,na,matching_size,2000
U4,2000,1.7,12,HopcroftKarpMatcher,0,na,paths_found_per_phase,1993
U4,2000,1.7,12,HopcroftKarpMatcher,0,na,bfs_edges_visited,409026
U4,2000,1.7,12,HopcroftKarpMatcher,0,na,dfs_edges_visited,204303
U4,2000,1.7,12,HopcroftKarpMatcher,0,na,defect_at_iteration,7
U4,2000,1.7,12,HopcroftKarpMatcher,1,na,paths_found_per_phase,7
U4,2000,1.7,12,HopcroftKarpMatcher,1,na,bfs_edges_visited,218009
U4,2000,1.7,12,HopcroftKarpMatcher,1,na,dfs_edges_visited,2899
U4,2000,1.7,12,HopcroftKarpMatcher,1,na,defect_at_iteration,0
U4,2000,1.7,12,HopcroftKarpMatcher,-1,na,phase_count,2
U4,2000,1.7,12,HopcroftKarpMatcher,-1,na,main_loop_iters,2
U4,2000,1.7,12,HopcroftKarpMatcher,-1,na,total_bfs_edges_visited,627035
U4,2000,1.7,12,HopcroftKarpMatcher,-1,na,total_edges_visited,834237
U4,2000,1.7,12,HopcroftKarpMatcher,-1,na,matching_size,2000
U4,2000,1.7,12,HopcroftKarpMatcher,-1,na,wall_clock_ms,16.1971
U4,2000,1.7,12,HopcroftKarpMatcher,-1,na,matching_size,2000
U4,2000,1.6,12,SimpleAugmentingMatcher,-1,na,wall_clock_ms,1699.2
U4,2000,1.6,12,SimpleAugmentingMatcher,-1,na,matching_size,2000
U4,2000,1.6,12,HopcroftKarpMatcher,0,na,paths_found_per_phase,1984
U4,2000,1.6,12,HopcroftKarpMatcher,0,na,bfs_edges_visited,191270
U4,2000,1.6,12,HopcroftKarpMatcher,0,na,dfs_edges_visited,95667
U4,2000,1.6,12,HopcroftKarpMatcher,0,na,defect_at_iteration,16
U4,2000,1.6,12,HopcroftKarpMatcher,1,na,paths_found_per_phase,16
U4,2000,1.6,12,HopcroftKarpMatcher,1,na,bfs_edges_visited,104761
U4,2000,1.6,12,HopcroftKarpMatcher,1,na,dfs_edges_visited,11617
U4,2000,1.6,12,HopcroftKarpMatcher,1,na,defect_at_iteration,0
U4,2000,1.6,12,HopcroftKarpMatcher,-1,na,phase_count,2
U4,2000,1.6,12,HopcroftKarpMatcher,-1,na,main_loop_iters,2
U4,2000,1.6,12,HopcroftKarpMatcher,-1,na,total_bfs_edges_visited,296031
U4,2000,1.6,12,HopcroftKarpMatcher,-1,na,total_edges_visited,403315
U4,2000,1.6,12,HopcroftKarpMatcher,-1,na,matching_size,2000
U4,2000,1.6,12,HopcroftKarpMatcher,-1,na,wall_clock_ms,12.1004
U4,2000,1.6,12,HopcroftKarpMatcher,-1,na,matching_size,2000
U4,500,1.6,0,SimpleAugmentingMatcher,-1,na,wall_clock_ms,37.3252
U4,500,1.6,0,SimpleAugmentingMatcher,-1,na,matching_size,500
U4,500,1.6,0,HopcroftKarpMatcher,0,na,paths_found_per_phase,494
U4,500,1.6,0,HopcroftKarpMatcher,0,na,bfs_edges_visited,20813
U4,500,1.6,0,HopcroftKarpMatcher,0,na,dfs_edges_visited,10388
U4,500,1.6,0,HopcroftKarpMatcher,0,na,defect_at_iteration,6
U4,500,1.6,0,HopcroftKarpMatcher,1,na,paths_found_per_phase,6
U4,500,1.6,0,HopcroftKarpMatcher,1,na,bfs_edges_visited,8215
U4,500,1.6,0,HopcroftKarpMatcher,1,na,dfs_edges_visited,1829
U4,500,1.6,0,HopcroftKarpMatcher,1,na,defect_at_iteration,0
U4,500,1.6,0,HopcroftKarpMatcher,-1,na,phase_count,2
U4,500,1.6,0,HopcroftKarpMatcher,-1,na,main_loop_iters,2
U4,500,1.6,0,HopcroftKarpMatcher,-1,na,total_bfs_edges_visited,29028
U4,500,1.6,0,HopcroftKarpMatcher,-1,na,total_edges_visited,41245
U4,500,1.6,0,HopcroftKarpMatcher,-1,na,matching_size,500
U4,500,1.6,0,HopcroftKarpMatcher,-1,na,wall_clock_ms,0.917896
U4,500,1.6,0,HopcroftKarpMatcher,-1,na,matching_size,500
U4,500,2,12,SimpleAugmentingMatcher,-1,na,wall_clock_ms,27.8315
U4,500,2,12,SimpleAugmentingMatcher,-1,na,matching_size,500
U4,500,2,12,HopcroftKarpMatcher,0,na,paths_found_per_phase,500
U4,500,2,12,HopcroftKarpMatcher,0,na,bfs_edges_visited,250000
U4,500,2,12,HopcroftKarpMatcher,0,na,dfs_edges_visited,125250
U4,500,2,12,HopcroftKarpMatcher,0,na,defect_at_iteration,0
U4,500,2,12,HopcroftKarpMatcher,-1,na,phase_count,1
U4,500,2,12,HopcroftKarpMatcher,-1,na,main_loop_iters,1
U4,500,2,12,HopcroftKarpMatcher,-1,na,total_bfs_edges_visited,250000
U4,500,2,12,HopcroftKarpMatcher,-1,na,total_edges_visited,375250
U4,500,2,12,HopcroftKarpMatcher,-1,na,matching_size,500
U4,500,2,12,HopcroftKarpMatcher,-1,na,wall_clock_ms,0.510123
U4,500,2,12,HopcroftKarpMatcher,-1,na,matching_size,500
U4,1000,1.7,6,SimpleAugmentingMatcher,-1,na,wall_clock_ms,345.693
U4,1000,1.7,6,SimpleAugmentingMatcher,-1,na,matching_size,1000
U4,1000,1.7,6,HopcroftKarpMatcher,0,na,paths_found_per_phase,994
U4,1000,1.7,6,HopcroftKarpMatcher,0,na,bfs_edges_visited,125892
U4,1000,1.7,6,HopcroftKarpMatcher,0,na,dfs_edges_visited,62991
U4,1000,1.7,6,HopcroftKarpMatcher,0,na,defect_at_iteration,6
U4,1000,1.7,6,HopcroftKarpMatcher,1,na,paths_found_per_phase,6
U4,1000,1.7,6,HopcroftKarpMatcher,1,na,bfs_edges_visited,67057
U4,1000,1.7,6,HopcroftKarpMatcher,1,na,dfs_edges_visited,1946
U4,1000,1.7,6,HopcroftKarpMatcher,1,na,defect_at_iteration,0
U4,1000,1.7,6,HopcroftKarpMatcher,-1,na,phase_count,2
U4,1000,1.7,6,HopcroftKarpMatcher,-1,na,main_loop_iters,2
U4,1000,1.7,6,HopcroftKarpMatcher,-1,na,total_bfs_edges_visited,192949
U4,1000,1.7,6,HopcroftKarpMatcher,-1,na,total_edges_visited,257886
U4,1000,1.7,6,HopcroftKarpMatcher,-1,na,matching_size,1000
U4,1000,1.7,6,HopcroftKarpMatcher,-1,na,wall_clock_ms,4.61074
U4,1000,1.7,6,HopcroftKarpMatcher,-1,na,matching_size,1000
U4,2000,1.2,6,SimpleAugmentingMatcher,-1,na,wall_clock_ms,173.091
U4,2000,1.2,6,SimpleAugmentingMatcher,-1,na,matching_size,1977
U4,2000,1.2,6,HopcroftKarpMatcher,0,na,paths_found_per_phase,1697
U4,2000,1.2,6,HopcroftKarpMatcher,0,na,bfs_edges_visited,9146
U4,2000,1.2,6,HopcroftKarpMatcher,0,na,dfs_edges_visited,4931
U4,2000,1.2,6,HopcroftKarpMatcher,0,na,defect_at_iteration,303
U4,2000,1.2,6,HopcroftKarpMatcher,1,na,paths_found_per_phase,216
U4,2000,1.2,6,HopcroftKarpMatcher,1,na,bfs_edges_visited,4338
U4,2000,1.2,6,HopcroftKarpMatcher,1,na,dfs_edges_visited,4490
U4,2000,1.2,6,HopcroftKarpMatcher,1,na,defect_at_iteration,87
U4,2000,1.2,6,HopcroftKarpMatcher,2,na,paths_found_per_phase,35
U4,2000,1.2,6,HopcroftKarpMatcher,2,na,bfs_edges_visited,2509
U4,2000,1.2,6,HopcroftKarpMatcher,2,na,dfs_edges_visited,3591
U4,2000,1.2,6,HopcroftKarpMatcher,2,na,defect_at_iteration,52
U4,2000,1.2,6,HopcroftKarpMatcher,3,na,paths_found_per_phase,14
U4,2000,1.2,6,HopcroftKarpMatcher,3,na,bfs_edges_visited,2849
U4,2000,1.2,6,HopcroftKarpMatcher,3,na,dfs_edges_visited,4315
U4,2000,1.2,6,HopcroftKarpMatcher,3,na,defect_at_iteration,38
U4,2000,1.2,6,HopcroftKarpMatcher,4,na,paths_found_per_phase,12
U4,2000,1.2,6,HopcroftKarpMatcher,4,na,bfs_edges_visited,6550
U4,2000,1.2,6,HopcroftKarpMatcher,4,na,dfs_edges_visited,3442
U4,2000,1.2,6,HopcroftKarpMatcher,4,na,defect_at_iteration,26
U4,2000,1.2,6,HopcroftKarpMatcher,5,na,paths_found_per_phase,1
U4,2000,1.2,6,HopcroftKarpMatcher,5,na,bfs_edges_visited,2211
U4,2000,1.2,6,HopcroftKarpMatcher,5,na,dfs_edges_visited,3405
U4,2000,1.2,6,HopcroftKarpMatcher,5,na,defect_at_iteration,25
U4,2000,1.2,6,HopcroftKarpMatcher,6,na,paths_found_per_phase,2
U4,2000,1.2,6,HopcroftKarpMatcher,6,na,bfs_edges_visited,6618
U4,2000,1.2,6,HopcroftKarpMatcher,6,na,dfs_edges_visited,3086
U4,2000,1.2,6,HopcroftKarpMatcher,6,na,defect_at_iteration,23
U4,2000,1.2,6,HopcroftKarpMatcher,-1,na,phase_count,7
U4,2000,1.2,6,HopcroftKarpMatcher,-1,na,main_loop_iters,7
U4,2000,1.2,6,HopcroftKarpMatcher,-1,na,total_bfs_edges_visited,34221
U4,2000,1.2,6,HopcroftKarpMatcher,-1,na,total_edges_visited,61481
U4,2000,1.2,6,HopcroftKarpMatcher,-1,na,matching_size,1977
U4,2000,1.2,6,HopcroftKarpMatcher,-1,na,wall_clock_ms,27.7255
U4,2000,1.2,6,HopcroftKarpMatcher,-1,na,matching_size,1977
U4,500,1.4,12,SimpleAugmentingMatcher,-1,na,wall_clock_ms,15.1883
U4,500,1.4,12,SimpleAugmentingMatcher,-1,na,matching_size,500
U4,500,1.4,12,HopcroftKarpMatcher,0,na,paths_found_per_phase,473
U4,500,1.4,12,HopcroftKarpMatcher,0,na,bfs_edges_visited,6005
U4,500,1.4,12,HopcroftKarpMatcher,0,na,dfs_edges_visited,3054
U4,500,1.4,12,HopcroftKarpMatcher,0,na,defect_at_iteration,27
U4,500,1.4,12,HopcroftKarpMatcher,1,na,paths_found_per_phase,27
U4,500,1.4,12,HopcroftKarpMatcher,1,na,bfs_edges_visited,2871
U4,500,1.4,12,HopcroftKarpMatcher,1,na,dfs_edges_visited,1998
U4,500,1.4,12,HopcroftKarpMatcher,1,na,defect_at_iteration,0
U4,500,1.4,12,HopcroftKarpMatcher,-1,na,phase_count,2
U4,500,1.4,12,HopcroftKarpMatcher,-1,na,main_loop_iters,2
U4,500,1.4,12,HopcroftKarpMatcher,-1,na,total_bfs_edges_visited,8876
U4,500,1.4,12,HopcroftKarpMatcher,-1,na,total_edges_visited,13928
U4,500,1.4,12,HopcroftKarpMatcher,-1,na,matching_size,500
U4,500,1.4,12,HopcroftKarpMatcher,-1,na,wall_clock_ms,1.16458
U4,500,1.4,12,HopcroftKarpMatcher,-1,na,matching_size,500
U4,1000,1.7,1,SimpleAugmentingMatcher,-1,na,wall_clock_ms,340.5
U4,1000,1.7,1,SimpleAugmentingMatcher,-1,na,matching_size,1000
U4,1000,1.7,1,HopcroftKarpMatcher,0,na,paths_found_per_phase,994
U4,1000,1.7,1,HopcroftKarpMatcher,0,na,bfs_edges_visited,125892
U4,1000,1.7,1,HopcroftKarpMatcher,0,na,dfs_edges_visited,62961
U4,1000,1.7,1,HopcroftKarpMatcher,0,na,defect_at_iteration,6
U4,1000,1.7,1,HopcroftKarpMatcher,1,na,paths_found_per_phase,6
U4,1000,1.7,1,HopcroftKarpMatcher,1,na,bfs_edges_visited,71140
U4,1000,1.7,1,HopcroftKarpMatcher,1,na,dfs_edges_visited,1811
U4,1000,1.7,1,HopcroftKarpMatcher,1,na,defect_at_iteration,0
U4,1000,1.7,1,HopcroftKarpMatcher,-1,na,phase_count,2
U4,1000,1.7,1,HopcroftKarpMatcher,-1,na,main_loop_iters,2
U4,1000,1.7,1,HopcroftKarpMatcher,-1,na,total_bfs_edges_visited,197032
U4,1000,1.7,1,HopcroftKarpMatcher,-1,na,total_edges_visited,261804
U4,1000,1.7,1,HopcroftKarpMatcher,-1,na,matching_size,1000
U4,1000,1.7,1,HopcroftKarpMatcher,-1,na,wall_clock_ms,4.66758
U4,1000,1.7,1,HopcroftKarpMatcher,-1,na,matching_size,1000
U4,1000,1.6,9,SimpleAugmentingMatcher,-1,na,wall_clock_ms,221.449
U4,1000,1.6,9,SimpleAugmentingMatcher,-1,na,matching_size,1000
U4,1000,1.6,9,HopcroftKarpMatcher,0,na,paths_found_per_phase,989
U4,1000,1.6,9,HopcroftKarpMatcher,0,na,bfs_edges_visited,63095
U4,1000,1.6,9,HopcroftKarpMatcher,0,na,dfs_edges_visited,31772
U4,1000,1.6,9,HopcroftKarpMatcher,0,na,defect_at_iteration,11
U4,1000,1.6,9,HopcroftKarpMatcher,1,na,paths_found_per_phase,11
U4,1000,1.6,9,HopcroftKarpMatcher,1,na,bfs_edges_visited,32061
U4,1000,1.6,9,HopcroftKarpMatcher,1,na,dfs_edges_visited,3409
U4,1000,1.6,9,HopcroftKarpMatcher,1,na,defect_at_iteration,0
U4,1000,1.6,9,HopcroftKarpMatcher,-1,na,phase_count,2
U4,1000,1.6,9,HopcroftKarpMatcher,-1,na,main_loop_iters,2
U4,1000,1.6,9,HopcroftKarpMatcher,-1,na,total_bfs_edges_visited,95156
U4,1000,1.6,9,HopcroftKarpMatcher,-1,na,total_edges_visited,130337
U4,1000,1.6,9,HopcroftKarpMatcher,-1,na,matching_size,1000
U4,1000,1.6,9,HopcroftKarpMatcher,-1,na,wall_clock_ms,3.31759
U4,1000,1.6,9,HopcroftKarpMatcher,-1,na,matching_size,1000
U4,500,1.5,3,SimpleAugmentingMatcher,-1,na,wall_clock_ms,18.2721
U4,500,1.5,3,SimpleAugmentingMatcher,-1,na,matching_size,500
U4,500,1.5,3,HopcroftKarpMatcher,0,na,paths_found_per_phase,486
U4,500,1.5,3,HopcroftKarpMatcher,0,na,bfs_edges_visited,11180
U4,500,1.5,3,HopcroftKarpMatcher,0,na,dfs_edges_visited,5651
U4,500,1.5,3,HopcroftKarpMatcher,0,na,defect_at_iteration,14
U4,500,1.5,3,HopcroftKarpMatcher,1,na,paths_found_per_phase,14
U4,500,1.5,3,HopcroftKarpMatcher,1,na,bfs_edges_visited,4864
U4,500,1.5,3,HopcroftKarpMatcher,1,na,dfs_edges_visited,2700
U4,500,1.5,3,HopcroftKarpMatcher,1,na,defect_at_iteration,0
U4,500,1.5,3,HopcroftKarpMatcher,-1,na,phase_count,2
U4,500,1.5,3,HopcroftKarpMatcher,-1,na,main_loop_iters,2
U4,500,1.5,3,HopcroftKarpMatcher,-1,na,total_bfs_edges_visited,16044
U4,500,1.5,3,HopcroftKarpMatcher,-1,na,total_edges_visited,24395
U4,500,1.5,3,HopcroftKarpMatcher,-1,na,matching_size,500
U4,500,1.5,3,HopcroftKarpMatcher,-1,na,wall_clock_ms,0.795107
U4,500,1.5,3,HopcroftKarpMatcher,-1,na,matching_size,500
U4,500,1.7,1,SimpleAugmentingMatcher,-1,na,wall_clock_ms,45.7906
U4,500,1.7,1,SimpleAugmentingMatcher,-1,na,matching_size,500
U4,500,1.7,1,HopcroftKarpMatcher,0,na,paths_found_per_phase,496
U4,500,1.7,1,HopcroftKarpMatcher,0,na,bfs_edges_visited,38747
U4,500,1.7,1,HopcroftKarpMatcher,0,na,dfs_edges_visited,19360
U4,500,1.7,1,HopcroftKarpMatcher,0,na,defect_at_iteration,4
U4,500,1.7,1,HopcroftKarpMatcher,1,na,paths_found_per_phase,4
U4,500,1.7,1,HopcroftKarpMatcher,1,na,bfs_edges_visited,19077
U4,500,1.7,1,HopcroftKarpMatcher,1,na,dfs_edges_visited,626
U4,500,1.7,1,HopcroftKarpMatcher,1,na,defect_at_iteration,0
U4,500,1.7,1,HopcroftKarpMatcher,-1,na,phase_count,2
U4,500,1.7,1,HopcroftKarpMatcher,-1,na,main_loop_iters,2
U4,500,1.7,1,HopcroftKarpMatcher,-1,na,total_bfs_edges_visited,57824
U4,500,1.7,1,HopcroftKarpMatcher,-1,na,total_edges_visited,77810
U4,500,1.7,1,HopcroftKarpMatcher,-1,na,matching_size,500
U4,500,1.7,1,HopcroftKarpMatcher,-1,na,wall_clock_ms,1.29187
U4,500,1.7,1,HopcroftKarpMatcher,-1,na,matching_size,500
U4,2000,1.6,1,SimpleAugmentingMatcher,-1,na,wall_clock_ms,1701.57
U4,2000,1.6,1,SimpleAugmentingMatcher,-1,na,matching_size,2000
U4,2000,1.6,1,HopcroftKarpMatcher,0,na,paths_found_per_phase,1986
U4,2000,1.6,1,HopcroftKarpMatcher,0,na,bfs_edges_visited,191270
U4,2000,1.6,1,HopcroftKarpMatcher,0,na,dfs_edges_visited,95482
U4,2000,1.6,1,HopcroftKarpMatcher,0,na,defect_at_iteration,14
U4,2000,1.6,1,HopcroftKarpMatcher,1,na,paths_found_per_phase,14
U4,2000,1.6,1,HopcroftKarpMatcher,1,na,bfs_edges_visited,97371
U4,2000,1.6,1,HopcroftKarpMatcher,1,na,dfs_edges_visited,4241
U4,2000,1.6,1,HopcroftKarpMatcher,1,na,defect_at_iteration,0
U4,2000,1.6,1,HopcroftKarpMatcher,-1,na,phase_count,2
U4,2000,1.6,1,HopcroftKarpMatcher,-1,na,main_loop_iters,2
U4,2000,1.6,1,HopcroftKarpMatcher,-1,na,total_bfs_edges_visited,288641
U4,2000,1.6,1,HopcroftKarpMatcher,-1,na,total_edges_visited,388364
U4,2000,1.6,1,HopcroftKarpMatcher,-1,na,matching_size,2000
U4,2000,1.6,1,HopcroftKarpMatcher,-1,na,wall_clock_ms,11.6933
U4,2000,1.6,1,HopcroftKarpMatcher,-1,na,matching_size,2000
U4,1000,2,10,SimpleAugmentingMatcher,-1,na,wall_clock_ms,218.89
U4,1000,2,10,SimpleAugmentingMatcher,-1,na,matching_size,1000
U4,1000,2,10,HopcroftKarpMatcher,0,na,paths_found_per_phase,1000
U4,1000,2,10,HopcroftKarpMatcher,0,na,bfs_edges_visited,1e+06
U4,1000,2,10,HopcroftKarpMatcher,0,na,dfs_edges_visited,500500
U4,1000,2,10,HopcroftKarpMatcher,0,na,defect_at_iteration,0
U4,1000,2,10,HopcroftKarpMatcher,-1,na,phase_count,1
U4,1000,2,10,HopcroftKarpMatcher,-1,na,main_loop_iters,1
U4,1000,2,10,HopcroftKarpMatcher,-1,na,total_bfs_edges_visited,1e+06
U4,1000,2,10,HopcroftKarpMatcher,-1,na,total_edges_visited,1.5005e+06
U4,1000,2,10,HopcroftKarpMatcher,-1,na,matching_size,1000
U4,1000,2,10,HopcroftKarpMatcher,-1,na,wall_clock_ms,2.00664
U4,1000,2,10,HopcroftKarpMatcher,-1,na,matching_size,1000
U4,500,1.3,9,SimpleAugmentingMatcher,-1,na,wall_clock_ms,6.05971
U4,500,1.3,9,SimpleAugmentingMatcher,-1,na,matching_size,499
U4,500,1.3,9,HopcroftKarpMatcher,0,na,paths_found_per_phase,443
U4,500,1.3,9,HopcroftKarpMatcher,0,na,bfs_edges_visited,3225
U4,500,1.3,9,HopcroftKarpMatcher,0,na,dfs_edges_visited,1671
U4,500,1.3,9,HopcroftKarpMatcher,0,na,defect_at_iteration,57
U4,500,1.3,9,HopcroftKarpMatcher,1,na,paths_found_per_phase,52
U4,500,1.3,9,HopcroftKarpMatcher,1,na,bfs_edges_visited,1694
U4,500,1.3,9,HopcroftKarpMatcher,1,na,dfs_edges_visited,1862
U4,500,1.3,9,HopcroftKarpMatcher,1,na,defect_at_iteration,5
U4,500,1.3,9,HopcroftKarpMatcher,2,na,paths_found_per_phase,4
U4,500,1.3,9,HopcroftKarpMatcher,2,na,bfs_edges_visited,2035
U4,500,1.3,9,HopcroftKarpMatcher,2,na,dfs_edges_visited,2169
U4,500,1.3,9,HopcroftKarpMatcher,2,na,defect_at_iteration,1
U4,500,1.3,9,HopcroftKarpMatcher,-1,na,phase_count,3
U4,500,1.3,9,HopcroftKarpMatcher,-1,na,main_loop_iters,3
U4,500,1.3,9,HopcroftKarpMatcher,-1,na,total_bfs_edges_visited,6954
U4,500,1.3,9,HopcroftKarpMatcher,-1,na,total_edges_visited,12656
U4,500,1.3,9,HopcroftKarpMatcher,-1,na,matching_size,499
U4,500,1.3,9,HopcroftKarpMatcher,-1,na,wall_clock_ms,1.4127
U4,500,1.3,9,HopcroftKarpMatcher,-1,na,matching_size,499
U4,1000,1.3,14,SimpleAugmentingMatcher,-1,na,wall_clock_ms,45.6255
U4,1000,1.3,14,SimpleAugmentingMatcher,-1,na,matching_size,1000
U4,1000,1.3,14,HopcroftKarpMatcher,0,na,paths_found_per_phase,914
U4,1000,1.3,14,HopcroftKarpMatcher,0,na,bfs_edges_visited,7943
U4,1000,1.3,14,HopcroftKarpMatcher,0,na,dfs_edges_visited,4096
U4,1000,1.3,14,HopcroftKarpMatcher,0,na,defect_at_iteration,86
U4,1000,1.3,14,HopcroftKarpMatcher,1,na,paths_found_per_phase,79
U4,1000,1.3,14,HopcroftKarpMatcher,1,na,bfs_edges_visited,3770
U4,1000,1.3,14,HopcroftKarpMatcher,1,na,dfs_edges_visited,3772
U4,1000,1.3,14,HopcroftKarpMatcher,1,na,defect_at_iteration,7
U4,1000,1.3,14,HopcroftKarpMatcher,2,na,paths_found_per_phase,6
U4,1000,1.3,14,HopcroftKarpMatcher,2,na,bfs_edges_visited,2065
U4,1000,1.3,14,HopcroftKarpMatcher,2,na,dfs_edges_visited,2925
U4,1000,1.3,14,HopcroftKarpMatcher,2,na,defect_at_iteration,1
U4,1000,1.3,14,HopcroftKarpMatcher,3,na,paths_found_per_phase,1
U4,1000,1.3,14,HopcroftKarpMatcher,3,na,bfs_edges_visited,1331
U4,1000,1.3,14,HopcroftKarpMatcher,3,na,dfs_edges_visited,1545
U4,1000,1.3,14,HopcroftKarpMatcher,3,na,defect_at_iteration,0
U4,1000,1.3,14,HopcroftKarpMatcher,-1,na,phase_count,4
U4,1000,1.3,14,HopcroftKarpMatcher,-1,na,main_loop_iters,4
U4,1000,1.3,14,HopcroftKarpMatcher,-1,na,total_bfs_edges_visited,15109
U4,1000,1.3,14,HopcroftKarpMatcher,-1,na,total_edges_visited,27447
U4,1000,1.3,14,HopcroftKarpMatcher,-1,na,matching_size,1000
U4,1000,1.3,14,HopcroftKarpMatcher,-1,na,wall_clock_ms,3.67158
U4,1000,1.3,14,HopcroftKarpMatcher,-1,na,matching_size,1000
U4,1000,1.3,7,SimpleAugmentingMatcher,-1,na,wall_clock_ms,43.6525
U4,1000,1.3,7,SimpleAugmentingMatcher,-1,na,matching_size,1000
U4,1000,1.3,7,HopcroftKarpMatcher,0,na,paths_found_per_phase,928
U4,1000,1.3,7,HopcroftKarpMatcher,0,na,bfs_edges_visited,7943
U4,1000,1.3,7,HopcroftKarpMatcher,0,na,dfs_edges_visited,4053
U4,1000,1.3,7,HopcroftKarpMatcher,0,na,defect_at_iteration,72
U4,1000,1.3,7,HopcroftKarpMatcher,1,na,paths_found_per_phase,67
U4,1000,1.3,7,HopcroftKarpMatcher,1,na,bfs_edges_visited,3761
U4,1000,1.3,7,HopcroftKarpMatcher,1,na,dfs_edges_visited,3276
U4,1000,1.3,7,HopcroftKarpMatcher,1,na,defect_at_iteration,5
U4,1000,1.3,7,HopcroftKarpMatcher,2,na,paths_found_per_phase,4
U4,1000,1.3,7,HopcroftKarpMatcher,2,na,bfs_edges_visited,980
U4,1000,1.3,7,HopcroftKarpMatcher,2,na,dfs_edges_visited,2685
U4,1000,1.3,7,HopcroftKarpMatcher,2,na,defect_at_iteration,1
U4,1000,1.3,7,HopcroftKarpMatcher,3,na,paths_found_per_phase,1
U4,1000,1.3,7,HopcroftKarpMatcher,3,na,bfs_edges_visited,6520
U4,1000,1.3,7,HopcroftKarpMatcher,3,na,dfs_edges_visited,117
U4,1000,1.3,7,HopcroftKarpMatcher,3,na,defect_at_iteration,0
U4,1000,1.3,7,HopcroftKarpMatcher,-1,na,phase_count,4
U4,1000,1.3,7,HopcroftKarpMatcher,-1,na,main_loop_iters,4
U4,1000,1.3,7,HopcroftKarpMatcher,-1,na,total_bfs_edges_visited,19204
U4,1000,1.3,7,HopcroftKarpMatcher,-1,na,total_edges_visited,29335
U4,1000,1.3,7,HopcroftKarpMatcher,-1,na,matching_size,1000
U4,1000,1.3,7,HopcroftKarpMatcher,-1,na,wall_clock_ms,3.92456
U4,1000,1.3,7,HopcroftKarpMatcher,-1,na,matching_size,1000
U4,500,1.5,8,SimpleAugmentingMatcher,-1,na,wall_clock_ms,18.4292
U4,500,1.5,8,SimpleAugmentingMatcher,-1,na,matching_size,500
U4,500,1.5,8,HopcroftKarpMatcher,0,na,paths_found_per_phase,480
U4,500,1.5,8,HopcroftKarpMatcher,0,na,bfs_edges_visited,11180
U4,500,1.5,8,HopcroftKarpMatcher,0,na,dfs_edges_visited,5576
U4,500,1.5,8,HopcroftKarpMatcher,0,na,defect_at_iteration,20
U4,500,1.5,8,HopcroftKarpMatcher,1,na,paths_found_per_phase,20
U4,500,1.5,8,HopcroftKarpMatcher,1,na,bfs_edges_visited,6832
U4,500,1.5,8,HopcroftKarpMatcher,1,na,dfs_edges_visited,1325
U4,500,1.5,8,HopcroftKarpMatcher,1,na,defect_at_iteration,0
U4,500,1.5,8,HopcroftKarpMatcher,-1,na,phase_count,2
U4,500,1.5,8,HopcroftKarpMatcher,-1,na,main_loop_iters,2
U4,500,1.5,8,HopcroftKarpMatcher,-1,na,total_bfs_edges_visited,18012
U4,500,1.5,8,HopcroftKarpMatcher,-1,na,total_edges_visited,24913
U4,500,1.5,8,HopcroftKarpMatcher,-1,na,matching_size,500
U4,500,1.5,8,HopcroftKarpMatcher,-1,na,wall_clock_ms,0.812179
U4,500,1.5,8,HopcroftKarpMatcher,-1,na,matching_size,500
U4,1000,1.8,13,SimpleAugmentingMatcher,-1,na,wall_clock_ms,566.984
U4,1000,1.8,13,SimpleAugmentingMatcher,-1,na,matching_size,1000
U4,1000,1.8,13,HopcroftKarpMatcher,0,na,paths_found_per_phase,997
U4,1000,1.8,13,HopcroftKarpMatcher,0,na,bfs_edges_visited,251188
U4,1000,1.8,13,HopcroftKarpMatcher,0,na,dfs_edges_visited,125788
U4,1000,1.8,13,HopcroftKarpMatcher,0,na,defect_at_iteration,3
U4,1000,1.8,13,HopcroftKarpMatcher,1,na,paths_found_per_phase,3
U4,1000,1.8,13,HopcroftKarpMatcher,1,na,bfs_edges_visited,146202
U4,1000,1.8,13,HopcroftKarpMatcher,1,na,dfs_edges_visited,1291
U4,1000,1.8,13,HopcroftKarpMatcher,1,na,defect_at_iteration,0
U4,1000,1.8,13,HopcroftKarpMatcher,-1,na,phase_count,2
U4,1000,1.8,13,HopcroftKarpMatcher,-1,na,main_loop_iters,2
U4,1000,1.8,13,HopcroftKarpMatcher,-1,na,total_bfs_edges_visited,397390
U4,1000,1.8,13,HopcroftKarpMatcher,-1,na,total_edges_visited,524469
U4,1000,1.8,13,HopcroftKarpMatcher,-1,na,matching_size,1000
U4,1000,1.8,13,HopcroftKarpMatcher,-1,na,wall_clock_ms,7.5244
U4,1000,1.8,13,HopcroftKarpMatcher,-1,na,matching_size,1000
U4,500,1.2,7,SimpleAugmentingMatcher,-1,na,wall_clock_ms,5.12842
U4,500,1.2,7,SimpleAugmentingMatcher,-1,na,matching_size,482
U4,500,1.2,7,HopcroftKarpMatcher,0,na,paths_found_per_phase,409
U4,500,1.2,7,HopcroftKarpMatcher,0,na,bfs_edges_visited,1732
U4,500,1.2,7,HopcroftKarpMatcher,0,na,dfs_edges_visited,957
U4,500,1.2,7,HopcroftKarpMatcher,0,na,defect_at_iteration,91
U4,500,1.2,7,HopcroftKarpMatcher,1,na,paths_found_per_phase,52
U4,500,1.2,7,HopcroftKarpMatcher,1,na,bfs_edges_visited,731
U4,500,1.2,7,HopcroftKarpMatcher,1,na,dfs_edges_visited,812
U4,500,1.2,7,HopcroftKarpMatcher,1,na,defect_at_iteration,39
U4,500,1.2,7,HopcroftKarpMatcher,2,na,paths_found_per_phase,10
U4,500,1.2,7,HopcroftKarpMatcher,2,na,bfs_edges_visited,348
U4,500,1.2,7,HopcroftKarpMatcher,2,na,dfs_edges_visited,433
U4,500,1.2,7,HopcroftKarpMatcher,2,na,defect_at_iteration,29
U4,500,1.2,7,HopcroftKarpMatcher,3,na,paths_found_per_phase,6
U4,500,1.2,7,HopcroftKarpMatcher,3,na,bfs_edges_visited,505
U4,500,1.2,7,HopcroftKarpMatcher,3,na,dfs_edges_visited,572
U4,500,1.2,7,HopcroftKarpMatcher,3,na,defect_at_iteration,23
U4,500,1.2,7,HopcroftKarpMatcher,4,na,paths_found_per_phase,3
U4,500,1.2,7,HopcroftKarpMatcher,4,na,bfs_edges_visited,656
U4,500,1.2,7,HopcroftKarpMatcher,4,na,dfs_edges_visited,535
U4,500,1.2,7,HopcroftKarpMatcher,4,na,defect_at_iteration,20
U4,500,1.2,7,HopcroftKarpMatcher,5,na,paths_found_per_phase,2
U4,500,1.2,7,HopcroftKarpMatcher,5,na,bfs_edges_visited,696
U4,500,1.2,7,HopcroftKarpMatcher,5,na,dfs_edges_visited,361
U4,500,1.2,7,HopcroftKarpMatcher,5,na,defect_at_iteration,18
U4,500,1.2,7,HopcroftKarpMatcher,-1,na,phase_count,6
U4,500,1.2,7,HopcroftKarpMatcher,-1,na,main_loop_iters,6
U4,500,1.2,7,HopcroftKarpMatcher,-1,na,total_bfs_edges_visited,4668
U4,500,1.2,7,HopcroftKarpMatcher,-1,na,total_edges_visited,8338
U4,500,1.2,7,HopcroftKarpMatcher,-1,na,matching_size,482
U4,500,1.2,7,HopcroftKarpMatcher,-1,na,wall_clock_ms,2.30339
U4,500,1.2,7,HopcroftKarpMatcher,-1,na,matching_size,482
U4,2000,1.5,9,SimpleAugmentingMatcher,-1,na,wall_clock_ms,1192.66
U4,2000,1.5,9,SimpleAugmentingMatcher,-1,na,matching_size,2000
U4,2000,1.5,9,HopcroftKarpMatcher,0,na,paths_found_per_phase,1970
U4,2000,1.5,9,HopcroftKarpMatcher,0,na,bfs_edges_visited,89442
U4,2000,1.5,9,HopcroftKarpMatcher,0,na,dfs_edges_visited,44656
U4,2000,1.5,9,HopcroftKarpMatcher,0,na,defect_at_iteration,30
U4,2000,1.5,9,HopcroftKarpMatcher,1,na,paths_found_per_phase,30
U4,2000,1.5,9,HopcroftKarpMatcher,1,na,bfs_edges_visited,41938
U4,2000,1.5,9,HopcroftKarpMatcher,1,na,dfs_edges_visited,5825
U4,2000,1.5,9,HopcroftKarpMatcher,1,na,defect_at_iteration,0
U4,2000,1.5,9,HopcroftKarpMatcher,-1,na,phase_count,2
U4,2000,1.5,9,HopcroftKarpMatcher,-1,na,main_loop_iters,2
U4,2000,1.5,9,HopcroftKarpMatcher,-1,na,total_bfs_edges_visited,131380
U4,2000,1.5,9,HopcroftKarpMatcher,-1,na,total_edges_visited,181861
U4,2000,1.5,9,HopcroftKarpMatcher,-1,na,matching_size,2000
U4,2000,1.5,9,HopcroftKarpMatcher,-1,na,wall_clock_ms,9.70772
U4,2000,1.5,9,HopcroftKarpMatcher,-1,na,matching_size,2000
U4,2000,1.1,8,SimpleAugmentingMatcher,-1,na,wall_clock_ms,15.4492
U4,2000,1.1,8,SimpleAugmentingMatcher,-1,na,matching_size,1621
U4,2000,1.1,8,HopcroftKarpMatcher,0,na,paths_found_per_phase,1426
U4,2000,1.1,8,HopcroftKarpMatcher,0,na,bfs_edges_visited,4276
U4,2000,1.1,8,HopcroftKarpMatcher,0,na,dfs_edges_visited,2659
U4,2000,1.1,8,HopcroftKarpMatcher,0,na,defect_at_iteration,574
U4,2000,1.1,8,HopcroftKarpMatcher,1,na,paths_found_per_phase,151
U4,2000,1.1,8,HopcroftKarpMatcher,1,na,bfs_edges_visited,1777
U4,2000,1.1,8,HopcroftKarpMatcher,1,na,dfs_edges_visited,1924
U4,2000,1.1,8,HopcroftKarpMatcher,1,na,defect_at_iteration,423
U4,2000,1.1,8,HopcroftKarpMatcher,2,na,paths_found_per_phase,28
U4,2000,1.1,8,HopcroftKarpMatcher,2,na,bfs_edges_visited,1188
U4,2000,1.1,8,HopcroftKarpMatcher,2,na,dfs_edges_visited,1335
U4,2000,1.1,8,HopcroftKarpMatcher,2,na,defect_at_iteration,395
U4,2000,1.1,8,HopcroftKarpMatcher,3,na,paths_found_per_phase,13
U4,2000,1.1,8,HopcroftKarpMatcher,3,na,bfs_edges_visited,1267
U4,2000,1.1,8,HopcroftKarpMatcher,3,na,dfs_edges_visited,1231
U4,2000,1.1,8,HopcroftKarpMatcher,3,na,defect_at_iteration,382
U4,2000,1.1,8,HopcroftKarpMatcher,4,na,paths_found_per_phase,1
U4,2000,1.1,8,HopcroftKarpMatcher,4,na,bfs_edges_visited,1103
U4,2000,1.1,8,HopcroftKarpMatcher,4,na,dfs_edges_visited,1105
U4,2000,1.1,8,HopcroftKarpMatcher,4,na,defect_at_iteration,381
U4,2000,1.1,8,HopcroftKarpMatcher,5,na,paths_found_per_phase,2
U4,2000,1.1,8,HopcroftKarpMatcher,5,na,bfs_edges_visited,1136
U4,2000,1.1,8,HopcroftKarpMatcher,5,na,dfs_edges_visited,1073
U4,2000,1.1,8,HopcroftKarpMatcher,5,na,defect_at_iteration,379
U4,2000,1.1,8,HopcroftKarpMatcher,-1,na,phase_count,6
U4,2000,1.1,8,HopcroftKarpMatcher,-1,na,main_loop_iters,6
U4,2000,1.1,8,HopcroftKarpMatcher,-1,na,total_bfs_edges_visited,10747
U4,2000,1.1,8,HopcroftKarpMatcher,-1,na,total_edges_visited,20074
U4,2000,1.1,8,HopcroftKarpMatcher,-1,na,matching_size,1621
U4,2000,1.1,8,HopcroftKarpMatcher,-1,na,wall_clock_ms,25.2746
U4,2000,1.1,8,HopcroftKarpMatcher,-1,na,matching_size,1621
U4,500,1.6,1,SimpleAugmentingMatcher,-1,na,wall_clock_ms,40.1123
U4,500,1.6,1,SimpleAugmentingMatcher,-1,na,matching_size,500
U4,500,1.6,1,HopcroftKarpMatcher,0,na,paths_found_per_phase,493
U4,500,1.6,1,HopcroftKarpMatcher,0,na,bfs_edges_visited,20813
U4,500,1.6,1,HopcroftKarpMatcher,0,na,dfs_edges_visited,10478
U4,500,1.6,1,HopcroftKarpMatcher,0,na,defect_at_iteration,7
U4,500,1.6,1,HopcroftKarpMatcher,1,na,paths_found_per_phase,7
U4,500,1.6,1,HopcroftKarpMatcher,1,na,bfs_edges_visited,9196
U4,500,1.6,1,HopcroftKarpMatcher,1,na,dfs_edges_visited,1313
U4,500,1.6,1,HopcroftKarpMatcher,1,na,defect_at_iteration,0
U4,500,1.6,1,HopcroftKarpMatcher,-1,na,phase_count,2
U4,500,1.6,1,HopcroftKarpMatcher,-1,na,main_loop_iters,2
U4,500,1.6,1,HopcroftKarpMatcher,-1,na,total_bfs_edges_visited,30009
U4,500,1.6,1,HopcroftKarpMatcher,-1,na,total_edges_visited,41800
U4,500,1.6,1,HopcroftKarpMatcher,-1,na,matching_size,500
U4,500,1.6,1,HopcroftKarpMatcher,-1,na,wall_clock_ms,0.940107
U4,500,1.6,1,HopcroftKarpMatcher,-1,na,matching_size,500
U4,1000,1,6,SimpleAugmentingMatcher,-1,na,wall_clock_ms,0.985697
U4,1000,1,6,SimpleAugmentingMatcher,-1,na,matching_size,534
U4,1000,1,6,HopcroftKarpMatcher,0,na,paths_found_per_phase,495
U4,1000,1,6,HopcroftKarpMatcher,0,na,bfs_edges_visited,1000
U4,1000,1,6,HopcroftKarpMatcher,0,na,dfs_edges_visited,706
U4,1000,1,6,HopcroftKarpMatcher,0,na,defect_at_iteration,505
U4,1000,1,6,HopcroftKarpMatcher,1,na,paths_found_per_phase,37
U4,1000,1,6,HopcroftKarpMatcher,1,na,bfs_edges_visited,378
U4,1000,1,6,HopcroftKarpMatcher,1,na,dfs_edges_visited,394
U4,1000,1,6,HopcroftKarpMatcher,1,na,defect_at_iteration,468
U4,1000,1,6,HopcroftKarpMatcher,2,na,paths_found_per_phase,2
U4,1000,1,6,HopcroftKarpMatcher,2,na,bfs_edges_visited,266
U4,1000,1,6,HopcroftKarpMatcher,2,na,dfs_edges_visited,278
U4,1000,1,6,HopcroftKarpMatcher,2,na,defect_at_iteration,466
U4,1000,1,6,HopcroftKarpMatcher,-1,na,phase_count,3
U4,1000,1,6,HopcroftKarpMatcher,-1,na,main_loop_iters,3
U4,1000,1,6,HopcroftKarpMatcher,-1,na,total_bfs_edges_visited,1644
U4,1000,1,6,HopcroftKarpMatcher,-1,na,total_edges_visited,3022
U4,1000,1,6,HopcroftKarpMatcher,-1,na,matching_size,534
U4,1000,1,6,HopcroftKarpMatcher,-1,na,wall_clock_ms,4.66711
U4,1000,1,6,HopcroftKarpMatcher,-1,na,matching_size,534
U4,1000,1.1,7,SimpleAugmentingMatcher,-1,na,wall_clock_ms,2.2239
U4,1000,1.1,7,SimpleAugmentingMatcher,-1,na,matching_size,788
U4,1000,1.1,7,HopcroftKarpMatcher,0,na,paths_found_per_phase,690
U4,1000,1.1,7,HopcroftKarpMatcher,0,na,bfs_edges_visited,1995
U4,1000,1.1,7,HopcroftKarpMatcher,0,na,dfs_edges_visited,1202
U4,1000,1.1,7,HopcroftKarpMatcher,0,na,defect_at_iteration,310
U4,1000,1.1,7,HopcroftKarpMatcher,1,na,paths_found_per_phase,80
U4,1000,1.1,7,HopcroftKarpMatcher,1,na,bfs_edges_visited,729
U4,1000,1.1,7,HopcroftKarpMatcher,1,na,dfs_edges_visited,783
U4,1000,1.1,7,HopcroftKarpMatcher,1,na,defect_at_iteration,230
U4,1000,1.1,7,HopcroftKarpMatcher,2,na,paths_found_per_phase,14
U4,1000,1.1,7,HopcroftKarpMatcher,2,na,bfs_edges_visited,542
U4,1000,1.1,7,HopcroftKarpMatcher,2,na,dfs_edges_visited,518
U4,1000,1.1,7,HopcroftKarpMatcher,2,na,defect_at_iteration,216
U4,1000,1.1,7,HopcroftKarpMatcher,3,na,paths_found_per_phase,2
U4,1000,1.1,7,HopcroftKarpMatcher,3,na,bfs_edges_visited,379
U4,1000,1.1,7,HopcroftKarpMatcher,3,na,dfs_edges_visited,389
U4,1000,1.1,7,HopcroftKarpMatcher,3,na,defect_at_iteration,214
U4,1000,1.1,7,HopcroftKarpMatcher,4,na,paths_found_per_phase,1
U4,1000,1.1,7,HopcroftKarpMatcher,4,na,bfs_edges_visited,363
U4,1000,1.1,7,HopcroftKarpMatcher,4,na,dfs_edges_visited,371
U4,1000,1.1,7,HopcroftKarpMatcher,4,na,defect_at_iteration,213
U4,1000,1.1,7,HopcroftKarpMatcher,5,na,paths_found_per_phase,1
U4,1000,1.1,7,HopcroftKarpMatcher,5,na,bfs_edges_visited,486
U4,1000,1.1,7,HopcroftKarpMatcher,5,na,dfs_edges_visited,416
U4,1000,1.1,7,HopcroftKarpMatcher,5,na,defect_at_iteration,212
U4,1000,1.1,7,HopcroftKarpMatcher,-1,na,phase_count,6
U4,1000,1.1,7,HopcroftKarpMatcher,-1,na,main_loop_iters,6
U4,1000,1.1,7,HopcroftKarpMatcher,-1,na,total_bfs_edges_visited,4494
U4,1000,1.1,7,HopcroftKarpMatcher,-1,na,total_edges_visited,8173
U4,1000,1.1,7,HopcroftKarpMatcher,-1,na,matching_size,788
U4,1000,1.1,7,HopcroftKarpMatcher,-1,na,wall_clock_ms,6.29275
U4,1000,1.1,7,HopcroftKarpMatcher,-1,na,matching_size,788
U4,2000,1.1,9,SimpleAugmentingMatcher,-1,na,wall_clock_ms,20.1216
U4,2000,1.1,9,SimpleAugmentingMatcher,-1,na,matching_size,1618
U4,2000,1.1,9,HopcroftKarpMatcher,0,na,paths_found_per_phase,1416
U4,2000,1.1,9,HopcroftKarpMatcher,0,na,bfs_edges_visited,4276
U4,2000,1.1,9,HopcroftKarpMatcher,0,na,dfs_edges_visited,2656
U4,2000,1.1,9,HopcroftKarpMatcher,0,na,defect_at_iteration,584
U4,2000,1.1,9,HopcroftKarpMatcher,1,na,paths_found_per_phase,165
U4,2000,1.1,9,HopcroftKarpMatcher,1,na,bfs_edges_visited,1849
U4,2000,1.1,9,HopcroftKarpMatcher,1,na,dfs_edges_visited,2018
U4,2000,1.1,9,HopcroftKarpMatcher,1,na,defect_at_iteration,419
U4,2000,1.1,9,HopcroftKarpMatcher,2,na,paths_found_per_phase,23
U4,2000,1.1,9,HopcroftKarpMatcher,2,na,bfs_edges_visited,1188
U4,2000,1.1,9,HopcroftKarpMatcher,2,na,dfs_edges_visited,1377
U4,2000,1.1,9,HopcroftKarpMatcher,2,na,defect_at_iteration,396
U4,2000,1.1,9,HopcroftKarpMatcher,3,na,paths_found_per_phase,9
U4,2000,1.1,9,HopcroftKarpMatcher,3,na,bfs_edges_visited,1133
U4,2000,1.1,9,HopcroftKarpMatcher,3,na,dfs_edges_visited,1252
U4,2000,1.1,9,HopcroftKarpMatcher,3,na,defect_at_iteration,387
U4,2000,1.1,9,HopcroftKarpMatcher,4,na,paths_found_per_phase,3
U4,2000,1.1,9,HopcroftKarpMatcher,4,na,bfs_edges_visited,1275
U4,2000,1.1,9,HopcroftKarpMatcher,4,na,dfs_edges_visited,1292
U4,2000,1.1,9,HopcroftKarpMatcher,4,na,defect_at_iteration,384
U4,2000,1.1,9,HopcroftKarpMatcher,5,na,paths_found_per_phase,1
U4,2000,1.1,9,HopcroftKarpMatcher,5,na,bfs_edges_visited,1409
U4,2000,1.1,9,HopcroftKarpMatcher,5,na,dfs_edges_visited,1412
U4,2000,1.1,9,HopcroftKarpMatcher,5,na,defect_at_iteration,383
U4,2000,1.1,9,HopcroftKarpMatcher,6,na,paths_found_per_phase,1
U4,2000,1.1,9,HopcroftKarpMatcher,6,na,bfs_edges_visited,1475
U4,2000,1.1,9,HopcroftKarpMatcher,6,na,dfs_edges_visited,1352
U4,2000,1.1,9,HopcroftKarpMatcher,6,na,defect_at_iteration,382
U4,2000,1.1,9,HopcroftKarpMatcher,-1,na,phase_count,7
U4,2000,1.1,9,HopcroftKarpMatcher,-1,na,main_loop_iters,7
U4,2000,1.1,9,HopcroftKarpMatcher,-1,na,total_bfs_edges_visited,12605
U4,2000,1.1,9,HopcroftKarpMatcher,-1,na,total_edges_visited,23964
U4,2000,1.1,9,HopcroftKarpMatcher,-1,na,matching_size,1618
U4,2000,1.1,9,HopcroftKarpMatcher,-1,na,wall_clock_ms,30.2143
U4,2000,1.1,9,HopcroftKarpMatcher,-1,na,matching_size,1618
U4,500,1.6,5,SimpleAugmentingMatcher,-1,na,wall_clock_ms,28.8822
U4,500,1.6,5,SimpleAugmentingMatcher,-1,na,matching_size,500
U4,500,1.6,5,HopcroftKarpMatcher,0,na,paths_found_per_phase,495
U4,500,1.6,5,HopcroftKarpMatcher,0,na,bfs_edges_visited,20813
U4,500,1.6,5,HopcroftKarpMatcher,0,na,dfs_edges_visited,10366
U4,500,1.6,5,HopcroftKarpMatcher,0,na,defect_at_iteration,5
U4,500,1.6,5,HopcroftKarpMatcher,1,na,paths_found_per_phase,5
U4,500,1.6,5,HopcroftKarpMatcher,1,na,bfs_edges_visited,7342
U4,500,1.6,5,HopcroftKarpMatcher,1,na,dfs_edges_visited,415
U4,500,1.6,5,HopcroftKarpMatcher,1,na,defect_at_iteration,0
U4,500,1.6,5,HopcroftKarpMatcher,-1,na,phase_count,2
U4,500,1.6,5,HopcroftKarpMatcher,-1,na,main_loop_iters,2
U4,500,1.6,5,HopcroftKarpMatcher,-1,na,total_bfs_edges_visited,28155
U4,500,1.6,5,HopcroftKarpMatcher,-1,na,total_edges_visited,38936
U4,500,1.6,5,HopcroftKarpMatcher,-1,na,matching_size,500
U4,500,1.6,5,HopcroftKarpMatcher,-1,na,wall_clock_ms,0.88153
U4,500,1.6,5,HopcroftKarpMatcher,-1,na,matching_size,500
U4,500,1.1,0,SimpleAugmentingMatcher,-1,na,wall_clock_ms,0.45507
U4,500,1.1,0,SimpleAugmentingMatcher,-1,na,matching_size,387
U4,500,1.1,0,HopcroftKarpMatcher,0,na,paths_found_per_phase,339
U4,500,1.1,0,HopcroftKarpMatcher,0,na,bfs_edges_visited,930
U4,500,1.1,0,HopcroftKarpMatcher,0,na,dfs_edges_visited,614
U4,500,1.1,0,HopcroftKarpMatcher,0,na,defect_at_iteration,161
U4,500,1.1,0,HopcroftKarpMatcher,1,na,paths_found_per_phase,41
U4,500,1.1,0,HopcroftKarpMatcher,1,na,bfs_edges_visited,441
U4,500,1.1,0,HopcroftKarpMatcher,1,na,dfs_edges_visited,455
U4,500,1.1,0,HopcroftKarpMatcher,1,na,defect_at_iteration,120
U4,500,1.1,0,HopcroftKarpMatcher,2,na,paths_found_per_phase,5
U4,500,1.1,0,HopcroftKarpMatcher,2,na,bfs_edges_visited,273
U4,500,1.1,0,HopcroftKarpMatcher,2,na,dfs_edges_visited,267
U4,500,1.1,0,HopcroftKarpMatcher,2,na,defect_at_iteration,115
U4,500,1.1,0,HopcroftKarpMatcher,3,na,paths_found_per_phase,1
U4,500,1.1,0,HopcroftKarpMatcher,3,na,bfs_edges_visited,241
U4,500,1.1,0,HopcroftKarpMatcher,3,na,dfs_edges_visited,248
U4,500,1.1,0,HopcroftKarpMatcher,3,na,defect_at_iteration,114
U4,500,1.1,0,HopcroftKarpMatcher,4,na,paths_found_per_phase,1
U4,500,1.1,0,HopcroftKarpMatcher,4,na,bfs_edges_visited,255
U4,500,1.1,0,HopcroftKarpMatcher,4,na,dfs_edges_visited,250
U4,500,1.1,0,HopcroftKarpMatcher,4,na,defect_at_iteration,113
U4,500,1.1,0,HopcroftKarpMatcher,-1,na,phase_count,5
U4,500,1.1,0,HopcroftKarpMatcher,-1,na,main_loop_iters,5
U4,500,1.1,0,HopcroftKarpMatcher,-1,na,total_bfs_edges_visited,2140
U4,500,1.1,0,HopcroftKarpMatcher,-1,na,total_edges_visited,3974
U4,500,1.1,0,HopcroftKarpMatcher,-1,na,matching_size,387
U4,500,1.1,0,HopcroftKarpMatcher,-1,na,wall_clock_ms,1.53564
U4,500,1.1,0,HopcroftKarpMatcher,-1,na,matching_size,387
U4,1000,2,9,SimpleAugmentingMatcher,-1,na,wall_clock_ms,218.408
U4,1000,2,9,SimpleAugmentingMatcher,-1,na,matching_size,1000
U4,1000,2,9,HopcroftKarpMatcher,0,na,paths_found_per_phase,1000
U4,1000,2,9,HopcroftKarpMatcher,0,na,bfs_edges_visited,1e+06
U4,1000,2,9,HopcroftKarpMatcher,0,na,dfs_edges_visited,500500
U4,1000,2,9,HopcroftKarpMatcher,0,na,defect_at_iteration,0
U4,1000,2,9,HopcroftKarpMatcher,-1,na,phase_count,1
U4,1000,2,9,HopcroftKarpMatcher,-1,na,main_loop_iters,1
U4,1000,2,9,HopcroftKarpMatcher,-1,na,total_bfs_edges_visited,1e+06
U4,1000,2,9,HopcroftKarpMatcher,-1,na,total_edges_visited,1.5005e+06
U4,1000,2,9,HopcroftKarpMatcher,-1,na,matching_size,1000
U4,1000,2,9,HopcroftKarpMatcher,-1,na,wall_clock_ms,2.03396
U4,1000,2,9,HopcroftKarpMatcher,-1,na,matching_size,1000
U4,2000,1.5,6,SimpleAugmentingMatcher,-1,na,wall_clock_ms,1182.97
U4,2000,1.5,6,SimpleAugmentingMatcher,-1,na,matching_size,2000
U4,2000,1.5,6,HopcroftKarpMatcher,0,na,paths_found_per_phase,1972
U4,2000,1.5,6,HopcroftKarpMatcher,0,na,bfs_edges_visited,89442
U4,2000,1.5,6,HopcroftKarpMatcher,0,na,dfs_edges_visited,44807
U4,2000,1.5,6,HopcroftKarpMatcher,0,na,defect_at_iteration,28
U4,2000,1.5,6,HopcroftKarpMatcher,1,na,paths_found_per_phase,28
U4,2000,1.5,6,HopcroftKarpMatcher,1,na,bfs_edges_visited,41435
U4,2000,1.5,6,HopcroftKarpMatcher,1,na,dfs_edges_visited,7186
U4,2000,1.5,6,HopcroftKarpMatcher,1,na,defect_at_iteration,0
U4,2000,1.5,6,HopcroftKarpMatcher,-1,na,phase_count,2
U4,2000,1.5,6,HopcroftKarpMatcher,-1,na,main_loop_iters,2
U4,2000,1.5,6,HopcroftKarpMatcher,-1,na,total_bfs_edges_visited,130877
U4,2000,1.5,6,HopcroftKarpMatcher,-1,na,total_edges_visited,182870
U4,2000,1.5,6,HopcroftKarpMatcher,-1,na,matching_size,2000
U4,2000,1.5,6,HopcroftKarpMatcher,-1,na,wall_clock_ms,9.73077
U4,2000,1.5,6,HopcroftKarpMatcher,-1,na,matching_size,2000
U4,500,2,9,SimpleAugmentingMatcher,-1,na,wall_clock_ms,27.8409
U4,500,2,9,SimpleAugmentingMatcher,-1,na,matching_size,500
U4,500,2,9,HopcroftKarpMatcher,0,na,paths_found_per_phase,500
U4,500,2,9,HopcroftKarpMatcher,0,na,bfs_edges_visited,250000
U4,500,2,9,HopcroftKarpMatcher,0,na,dfs_edges_visited,125250
U4,500,2,9,HopcroftKarpMatcher,0,na,defect_at_iteration,0
U4,500,2,9,HopcroftKarpMatcher,-1,na,phase_count,1
U4,500,2,9,HopcroftKarpMatcher,-1,na,main_loop_iters,1
U4,500,2,9,HopcroftKarpMatcher,-1,na,total_bfs_edges_visited,250000
U4,500,2,9,HopcroftKarpMatcher,-1,na,total_edges_visited,375250
U4,500,2,9,HopcroftKarpMatcher,-1,na,matching_size,500
U4,500,2,9,HopcroftKarpMatcher,-1,na,wall_clock_ms,0.513356
U4,500,2,9,HopcroftKarpMatcher,-1,na,matching_size,500
U4,500,1,3,SimpleAugmentingMatcher,-1,na,wall_clock_ms,0.261428
U4,500,1,3,SimpleAugmentingMatcher,-1,na,matching_size,262
U4,500,1,3,HopcroftKarpMatcher,0,na,paths_found_per_phase,243
U4,500,1,3,HopcroftKarpMatcher,0,na,bfs_edges_visited,500
U4,500,1,3,HopcroftKarpMatcher,0,na,dfs_edges_visited,357
U4,500,1,3,HopcroftKarpMatcher,0,na,defect_at_iteration,257
U4,500,1,3,HopcroftKarpMatcher,1,na,paths_found_per_phase,19
U4,500,1,3,HopcroftKarpMatcher,1,na,bfs_edges_visited,171
U4,500,1,3,HopcroftKarpMatcher,1,na,dfs_edges_visited,184
U4,500,1,3,HopcroftKarpMatcher,1,na,defect_at_iteration,238
U4,500,1,3,HopcroftKarpMatcher,-1,na,phase_count,2
U4,500,1,3,HopcroftKarpMatcher,-1,na,main_loop_iters,2
U4,500,1,3,HopcroftKarpMatcher,-1,na,total_bfs_edges_visited,671
U4,500,1,3,HopcroftKarpMatcher,-1,na,total_edges_visited,1212
U4,500,1,3,HopcroftKarpMatcher,-1,na,matching_size,262
U4,500,1,3,HopcroftKarpMatcher,-1,na,wall_clock_ms,0.911971
U4,500,1,3,HopcroftKarpMatcher,-1,na,matching_size,262
U4,2000,1.4,0,SimpleAugmentingMatcher,-1,na,wall_clock_ms,723.845
U4,2000,1.4,0,SimpleAugmentingMatcher,-1,na,matching_size,2000
U4,2000,1.4,0,HopcroftKarpMatcher,0,na,paths_found_per_phase,1934
U4,2000,1.4,0,HopcroftKarpMatcher,0,na,bfs_edges_visited,41825
U4,2000,1.4,0,HopcroftKarpMatcher,0,na,dfs_edges_visited,20968
U4,2000,1.4,0,HopcroftKarpMatcher,0,na,defect_at_iteration,66
U4,2000,1.4,0,HopcroftKarpMatcher,1,na,paths_found_per_phase,66
U4,2000,1.4,0,HopcroftKarpMatcher,1,na,bfs_edges_visited,20785
U4,2000,1.4,0,HopcroftKarpMatcher,1,na,dfs_edges_visited,9816
U4,2000,1.4,0,HopcroftKarpMatcher,1,na,defect_at_iteration,0
U4,2000,1.4,0,HopcroftKarpMatcher,-1,na,phase_count,2
U4,2000,1.4,0,HopcroftKarpMatcher,-1,na,main_loop_iters,2
U4,2000,1.4,0,HopcroftKarpMatcher,-1,na,total_bfs_edges_visited,62610
U4,2000,1.4,0,HopcroftKarpMatcher,-1,na,total_edges_visited,93394
U4,2000,1.4,0,HopcroftKarpMatcher,-1,na,matching_size,2000
U4,2000,1.4,0,HopcroftKarpMatcher,-1,na,wall_clock_ms,9.60458
U4,2000,1.4,0,HopcroftKarpMatcher,-1,na,matching_size,2000
U4,1000,1.8,3,SimpleAugmentingMatcher,-1,na,wall_clock_ms,567.065
U4,1000,1.8,3,SimpleAugmentingMatcher,-1,na,matching_size,1000
U4,1000,1.8,3,HopcroftKarpMatcher,0,na,paths_found_per_phase,998
U4,1000,1.8,3,HopcroftKarpMatcher,0,na,bfs_edges_visited,251188
U4,1000,1.8,3,HopcroftKarpMatcher,0,na,dfs_edges_visited,125647
U4,1000,1.8,3,HopcroftKarpMatcher,0,na,defect_at_iteration,2
U4,1000,1.8,3,HopcroftKarpMatcher,1,na,paths_found_per_phase,2
U4,1000,1.8,3,HopcroftKarpMatcher,1,na,bfs_edges_visited,109328
U4,1000,1.8,3,HopcroftKarpMatcher,1,na,dfs_edges_visited,769
U4,1000,1.8,3,HopcroftKarpMatcher,1,na,defect_at_iteration,0
U4,1000,1.8,3,HopcroftKarpMatcher,-1,na,phase_count,2
U4,1000,1.8,3,HopcroftKarpMatcher,-1,na,main_loop_iters,2
U4,1000,1.8,3,HopcroftKarpMatcher,-1,na,total_bfs_edges_visited,360516
U4,1000,1.8,3,HopcroftKarpMatcher,-1,na,total_edges_visited,486932
U4,1000,1.8,3,HopcroftKarpMatcher,-1,na,matching_size,1000
U4,1000,1.8,3,HopcroftKarpMatcher,-1,na,wall_clock_ms,6.93872
U4,1000,1.8,3,HopcroftKarpMatcher,-1,na,matching_size,1000
U4,2000,1.9,3,SimpleAugmentingMatcher,-1,na,wall_clock_ms,7023.59
U4,2000,1.9,3,SimpleAugmentingMatcher,-1,na,matching_size,2000
U4,2000,1.9,3,HopcroftKarpMatcher,0,na,paths_found_per_phase,2000
U4,2000,1.9,3,HopcroftKarpMatcher,0,na,bfs_edges_visited,1.8705e+06
U4,2000,1.9,3,HopcroftKarpMatcher,0,na,dfs_edges_visited,935604
U4,2000,1.9,3,HopcroftKarpMatcher,0,na,defect_at_iteration,0
U4,2000,1.9,3,HopcroftKarpMatcher,-1,na,phase_count,1
U4,2000,1.9,3,HopcroftKarpMatcher,-1,na,main_loop_iters,1
U4,2000,1.9,3,HopcroftKarpMatcher,-1,na,total_bfs_edges_visited,1.8705e+06
U4,2000,1.9,3,HopcroftKarpMatcher,-1,na,total_edges_visited,2.8061e+06
U4,2000,1.9,3,HopcroftKarpMatcher,-1,na,matching_size,2000
U4,2000,1.9,3,HopcroftKarpMatcher,-1,na,wall_clock_ms,32.1555
U4,2000,1.9,3,HopcroftKarpMatcher,-1,na,matching_size,2000
U4,1000,1.5,5,SimpleAugmentingMatcher,-1,na,wall_clock_ms,147.769
U4,1000,1.5,5,SimpleAugmentingMatcher,-1,na,matching_size,1000
U4,1000,1.5,5,HopcroftKarpMatcher,0,na,paths_found_per_phase,977
U4,1000,1.5,5,HopcroftKarpMatcher,0,na,bfs_edges_visited,31622
U4,1000,1.5,5,HopcroftKarpMatcher,0,na,dfs_edges_visited,15952
U4,1000,1.5,5,HopcroftKarpMatcher,0,na,defect_at_iteration,23
U4,1000,1.5,5,HopcroftKarpMatcher,1,na,paths_found_per_phase,23
U4,1000,1.5,5,HopcroftKarpMatcher,1,na,bfs_edges_visited,16458
U4,1000,1.5,5,HopcroftKarpMatcher,1,na,dfs_edges_visited,5420
U4,1000,1.5,5,HopcroftKarpMatcher,1,na,defect_at_iteration,0
U4,1000,1.5,5,HopcroftKarpMatcher,-1,na,phase_count,2
U4,1000,1.5,5,HopcroftKarpMatcher,-1,na,main_loop_iters,2
U4,1000,1.5,5,HopcroftKarpMatcher,-1,na,total_bfs_edges_visited,48080
U4,1000,1.5,5,HopcroftKarpMatcher,-1,na,total_edges_visited,69452
U4,1000,1.5,5,HopcroftKarpMatcher,-1,na,matching_size,1000
U4,1000,1.5,5,HopcroftKarpMatcher,-1,na,wall_clock_ms,2.85361
U4,1000,1.5,5,HopcroftKarpMatcher,-1,na,matching_size,1000
U4,2000,1.6,7,SimpleAugmentingMatcher,-1,na,wall_clock_ms,1703.53
U4,2000,1.6,7,SimpleAugmentingMatcher,-1,na,matching_size,2000
U4,2000,1.6,7,HopcroftKarpMatcher,0,na,paths_found_per_phase,1986
U4,2000,1.6,7,HopcroftKarpMatcher,0,na,bfs_edges_visited,191270
U4,2000,1.6,7,HopcroftKarpMatcher,0,na,dfs_edges_visited,95970
U4,2000,1.6,7,HopcroftKarpMatcher,0,na,defect_at_iteration,14
U4,2000,1.6,7,HopcroftKarpMatcher,1,na,paths_found_per_phase,14
U4,2000,1.6,7,HopcroftKarpMatcher,1,na,bfs_edges_visited,92116
U4,2000,1.6,7,HopcroftKarpMatcher,1,na,dfs_edges_visited,5379
U4,2000,1.6,7,HopcroftKarpMatcher,1,na,defect_at_iteration,0
U4,2000,1.6,7,HopcroftKarpMatcher,-1,na,phase_count,2
U4,2000,1.6,7,HopcroftKarpMatcher,-1,na,main_loop_iters,2
U4,2000,1.6,7,HopcroftKarpMatcher,-1,na,total_bfs_edges_visited,283386
U4,2000,1.6,7,HopcroftKarpMatcher,-1,na,total_edges_visited,384735
U4,2000,1.6,7,HopcroftKarpMatcher,-1,na,matching_size,2000
U4,2000,1.6,7,HopcroftKarpMatcher,-1,na,wall_clock_ms,11.6518
U4,2000,1.6,7,HopcroftKarpMatcher,-1,na,matching_size,2000
U4,2000,1.3,12,SimpleAugmentingMatcher,-1,na,wall_clock_ms,367.178
U4,2000,1.3,12,SimpleAugmentingMatcher,-1,na,matching_size,2000
U4,2000,1.3,12,HopcroftKarpMatcher,0,na,paths_found_per_phase,1859
U4,2000,1.3,12,HopcroftKarpMatcher,0,na,bfs_edges_visited,19558
U4,2000,1.3,12,HopcroftKarpMatcher,0,na,dfs_edges_visited,10061
U4,2000,1.3,12,HopcroftKarpMatcher,0,na,defect_at_iteration,141
U4,2000,1.3,12,HopcroftKarpMatcher,1,na,paths_found_per_phase,133
U4,2000,1.3,12,HopcroftKarpMatcher,1,na,bfs_edges_visited,9730
U4,2000,1.3,12,HopcroftKarpMatcher,1,na,dfs_edges_visited,8413
U4,2000,1.3,12,HopcroftKarpMatcher,1,na,defect_at_iteration,8
U4,2000,1.3,12,HopcroftKarpMatcher,2,na,paths_found_per_phase,6
U4,2000,1.3,12,HopcroftKarpMatcher,2,na,bfs_edges_visited,4524
U4,2000,1.3,12,HopcroftKarpMatcher,2,na,dfs_edges_visited,8453
U4,2000,1.3,12,HopcroftKarpMatcher,2,na,defect_at_iteration,2
U4,2000,1.3,12,HopcroftKarpMatcher,3,na,paths_found_per_phase,1
U4,2000,1.3,12,HopcroftKarpMatcher,3,na,bfs_edges_visited,18815
U4,2000,1.3,12,HopcroftKarpMatcher,3,na,dfs_edges_visited,12406
U4,2000,1.3,12,HopcroftKarpMatcher,3,na,defect_at_iteration,1
U4,2000,1.3,12,HopcroftKarpMatcher,4,na,paths_found_per_phase,1
U4,2000,1.3,12,HopcroftKarpMatcher,4,na,bfs_edges_visited,19494
U4,2000,1.3,12,HopcroftKarpMatcher,4,na,dfs_edges_visited,7254
U4,2000,1.3,12,HopcroftKarpMatcher,4,na,defect_at_iteration,0
U4,2000,1.3,12,HopcroftKarpMatcher,-1,na,phase_count,5
U4,2000,1.3,12,HopcroftKarpMatcher,-1,na,main_loop_iters,5
U4,2000,1.3,12,HopcroftKarpMatcher,-1,na,total_bfs_edges_visited,72121
U4,2000,1.3,12,HopcroftKarpMatcher,-1,na,total_edges_visited,118708
U4,2000,1.3,12,HopcroftKarpMatcher,-1,na,matching_size,2000
U4,2000,1.3,12,HopcroftKarpMatcher,-1,na,wall_clock_ms,24.6956
U4,2000,1.3,12,HopcroftKarpMatcher,-1,na,matching_size,2000
U4,500,1.5,2,SimpleAugmentingMatcher,-1,na,wall_clock_ms,25.1415
U4,500,1.5,2,SimpleAugmentingMatcher,-1,na,matching_size,500
U4,500,1.5,2,HopcroftKarpMatcher,0,na,paths_found_per_phase,484
U4,500,1.5,2,HopcroftKarpMatcher,0,na,bfs_edges_visited,11180
U4,500,1.5,2,HopcroftKarpMatcher,0,na,dfs_edges_visited,5613
U4,500,1.5,2,HopcroftKarpMatcher,0,na,defect_at_iteration,16
U4,500,1.5,2,HopcroftKarpMatcher,1,na,paths_found_per_phase,16
U4,500,1.5,2,HopcroftKarpMatcher,1,na,bfs_edges_visited,5895
U4,500,1.5,2,HopcroftKarpMatcher,1,na,dfs_edges_visited,1759
U4,500,1.5,2,HopcroftKarpMatcher,1,na,defect_at_iteration,0
U4,500,1.5,2,HopcroftKarpMatcher,-1,na,phase_count,2
U4,500,1.5,2,HopcroftKarpMatcher,-1,na,main_loop_iters,2
U4,500,1.5,2,HopcroftKarpMatcher,-1,na,total_bfs_edges_visited,17075
U4,500,1.5,2,HopcroftKarpMatcher,-1,na,total_edges_visited,24447
U4,500,1.5,2,HopcroftKarpMatcher,-1,na,matching_size,500
U4,500,1.5,2,HopcroftKarpMatcher,-1,na,wall_clock_ms,0.895409
U4,500,1.5,2,HopcroftKarpMatcher,-1,na,matching_size,500
U4,1000,1.1,11,SimpleAugmentingMatcher,-1,na,wall_clock_ms,3.73453
U4,1000,1.1,11,SimpleAugmentingMatcher,-1,na,matching_size,799
U4,1000,1.1,11,HopcroftKarpMatcher,0,na,paths_found_per_phase,702
U4,1000,1.1,11,HopcroftKarpMatcher,0,na,bfs_edges_visited,1995
U4,1000,1.1,11,HopcroftKarpMatcher,0,na,dfs_edges_visited,1290
U4,1000,1.1,11,HopcroftKarpMatcher,0,na,defect_at_iteration,298
U4,1000,1.1,11,HopcroftKarpMatcher,1,na,paths_found_per_phase,77
U4,1000,1.1,11,HopcroftKarpMatcher,1,na,bfs_edges_visited,877
U4,1000,1.1,11,HopcroftKarpMatcher,1,na,dfs_edges_visited,891
U4,1000,1.1,11,HopcroftKarpMatcher,1,na,defect_at_iteration,221
U4,1000,1.1,11,HopcroftKarpMatcher,2,na,paths_found_per_phase,16
U4,1000,1.1,11,HopcroftKarpMatcher,2,na,bfs_edges_visited,562
U4,1000,1.1,11,HopcroftKarpMatcher,2,na,dfs_edges_visited,650
U4,1000,1.1,11,HopcroftKarpMatcher,2,na,defect_at_iteration,205
U4,1000,1.1,11,HopcroftKarpMatcher,3,na,paths_found_per_phase,4
U4,1000,1.1,11,HopcroftKarpMatcher,3,na,bfs_edges_visited,608
U4,1000,1.1,11,HopcroftKarpMatcher,3,na,dfs_edges_visited,640
U4,1000,1.1,11,HopcroftKarpMatcher,3,na,defect_at_iteration,201
U4,1000,1.1,11,HopcroftKarpMatcher,-1,na,phase_count,4
U4,1000,1.1,11,HopcroftKarpMatcher,-1,na,main_loop_iters,4
U4,1000,1.1,11,HopcroftKarpMatcher,-1,na,total_bfs_edges_visited,4042
U4,1000,1.1,11,HopcroftKarpMatcher,-1,na,total_edges_visited,7513
U4,1000,1.1,11,HopcroftKarpMatcher,-1,na,matching_size,799
U4,1000,1.1,11,HopcroftKarpMatcher,-1,na,wall_clock_ms,4.94453
U4,1000,1.1,11,HopcroftKarpMatcher,-1,na,matching_size,799
U4,500,1.1,12,SimpleAugmentingMatcher,-1,na,wall_clock_ms,0.37089
U4,500,1.1,12,SimpleAugmentingMatcher,-1,na,matching_size,386
U4,500,1.1,12,HopcroftKarpMatcher,0,na,paths_found_per_phase,342
U4,500,1.1,12,HopcroftKarpMatcher,0,na,bfs_edges_visited,930
U4,500,1.1,12,HopcroftKarpMatcher,0,na,dfs_edges_visited,568
U4,500,1.1,12,HopcroftKarpMatcher,0,na,defect_at_iteration,158
U4,500,1.1,12,HopcroftKarpMatcher,1,na,paths_found_per_phase,36
U4,500,1.1,12,HopcroftKarpMatcher,1,na,bfs_edges_visited,318
U4,500,1.1,12,HopcroftKarpMatcher,1,na,dfs_edges_visited,359
U4,500,1.1,12,HopcroftKarpMatcher,1,na,defect_at_iteration,122
U4,500,1.1,12,HopcroftKarpMatcher,2,na,paths_found_per_phase,6
U4,500,1.1,12,HopcroftKarpMatcher,2,na,bfs_edges_visited,258
U4,500,1.1,12,HopcroftKarpMatcher,2,na,dfs_edges_visited,228
U4,500,1.1,12,HopcroftKarpMatcher,2,na,defect_at_iteration,116
U4,500,1.1,12,HopcroftKarpMatcher,3,na,paths_found_per_phase,1
U4,500,1.1,12,HopcroftKarpMatcher,3,na,bfs_edges_visited,170
U4,500,1.1,12,HopcroftKarpMatcher,3,na,dfs_edges_visited,179
U4,500,1.1,12,HopcroftKarpMatcher,3,na,defect_at_iteration,115
U4,500,1.1,12,HopcroftKarpMatcher,4,na,paths_found_per_phase,1
U4,500,1.1,12,HopcroftKarpMatcher,4,na,bfs_edges_visited,173
U4,500,1.1,12,HopcroftKarpMatcher,4,na,dfs_edges_visited,159
U4,500,1.1,12,HopcroftKarpMatcher,4,na,defect_at_iteration,114
U4,500,1.1,12,HopcroftKarpMatcher,-1,na,phase_count,5
U4,500,1.1,12,HopcroftKarpMatcher,-1,na,main_loop_iters,5
U4,500,1.1,12,HopcroftKarpMatcher,-1,na,total_bfs_edges_visited,1849
U4,500,1.1,12,HopcroftKarpMatcher,-1,na,total_edges_visited,3342
U4,500,1.1,12,HopcroftKarpMatcher,-1,na,matching_size,386
U4,500,1.1,12,HopcroftKarpMatcher,-1,na,wall_clock_ms,1.36061
U4,500,1.1,12,HopcroftKarpMatcher,-1,na,matching_size,386
U4,1000,1.6,11,SimpleAugmentingMatcher,-1,na,wall_clock_ms,222.494
U4,1000,1.6,11,SimpleAugmentingMatcher,-1,na,matching_size,1000
U4,1000,1.6,11,HopcroftKarpMatcher,0,na,paths_found_per_phase,989
U4,1000,1.6,11,HopcroftKarpMatcher,0,na,bfs_edges_visited,63095
U4,1000,1.6,11,HopcroftKarpMatcher,0,na,dfs_edges_visited,31443
U4,1000,1.6,11,HopcroftKarpMatcher,0,na,defect_at_iteration,11
U4,1000,1.6,11,HopcroftKarpMatcher,1,na,paths_found_per_phase,11
U4,1000,1.6,11,HopcroftKarpMatcher,1,na,bfs_edges_visited,33127
U4,1000,1.6,11,HopcroftKarpMatcher,1,na,dfs_edges_visited,3167
U4,1000,1.6,11,HopcroftKarpMatcher,1,na,defect_at_iteration,0
U4,1000,1.6,11,HopcroftKarpMatcher,-1,na,phase_count,2
U4,1000,1.6,11,HopcroftKarpMatcher,-1,na,main_loop_iters,2
U4,1000,1.6,11,HopcroftKarpMatcher,-1,na,total_bfs_edges_visited,96222
U4,1000,1.6,11,HopcroftKarpMatcher,-1,na,total_edges_visited,130832
U4,1000,1.6,11,HopcroftKarpMatcher,-1,na,matching_size,1000
U4,1000,1.6,11,HopcroftKarpMatcher,-1,na,wall_clock_ms,3.33848
U4,1000,1.6,11,HopcroftKarpMatcher,-1,na,matching_size,1000
U4,2000,1.4,7,SimpleAugmentingMatcher,-1,na,wall_clock_ms,717.188
U4,2000,1.4,7,SimpleAugmentingMatcher,-1,na,matching_size,2000
U4,2000,1.4,7,HopcroftKarpMatcher,0,na,paths_found_per_phase,1937
U4,2000,1.4,7,HopcroftKarpMatcher,0,na,bfs_edges_visited,41825
U4,2000,1.4,7,HopcroftKarpMatcher,0,na,dfs_edges_visited,21063
U4,2000,1.4,7,HopcroftKarpMatcher,0,na,defect_at_iteration,63
U4,2000,1.4,7,HopcroftKarpMatcher,1,na,paths_found_per_phase,62
U4,2000,1.4,7,HopcroftKarpMatcher,1,na,bfs_edges_visited,19185
U4,2000,1.4,7,HopcroftKarpMatcher,1,na,dfs_edges_visited,12984
U4,2000,1.4,7,HopcroftKarpMatcher,1,na,defect_at_iteration,1
U4,2000,1.4,7,HopcroftKarpMatcher,2,na,paths_found_per_phase,1
U4,2000,1.4,7,HopcroftKarpMatcher,2,na,bfs_edges_visited,41133
U4,2000,1.4,7,HopcroftKarpMatcher,2,na,dfs_edges_visited,972
U4,2000,1.4,7,HopcroftKarpMatcher,2,na,defect_at_iteration,0
U4,2000,1.4,7,HopcroftKarpMatcher,-1,na,phase_count,3
U4,2000,1.4,7,HopcroftKarpMatcher,-1,na,main_loop_iters,3
U4,2000,1.4,7,HopcroftKarpMatcher,-1,na,total_bfs_edges_visited,102143
U4,2000,1.4,7,HopcroftKarpMatcher,-1,na,total_edges_visited,137162
U4,2000,1.4,7,HopcroftKarpMatcher,-1,na,matching_size,2000
U4,2000,1.4,7,HopcroftKarpMatcher,-1,na,wall_clock_ms,14.0907
U4,2000,1.4,7,HopcroftKarpMatcher,-1,na,matching_size,2000
U4,2000,1.3,6,SimpleAugmentingMatcher,-1,na,wall_clock_ms,345.28
U4,2000,1.3,6,SimpleAugmentingMatcher,-1,na,matching_size,2000
U4,2000,1.3,6,HopcroftKarpMatcher,0,na,paths_found_per_phase,1867
U4,2000,1.3,6,HopcroftKarpMatcher,0,na,bfs_edges_visited,19558
U4,2000,1.3,6,HopcroftKarpMatcher,0,na,dfs_edges_visited,9907
U4,2000,1.3,6,HopcroftKarpMatcher,0,na,defect_at_iteration,133
U4,2000,1.3,6,HopcroftKarpMatcher,1,na,paths_found_per_phase,128
U4,2000,1.3,6,HopcroftKarpMatcher,1,na,bfs_edges_visited,9259
U4,2000,1.3,6,HopcroftKarpMatcher,1,na,dfs_edges_visited,8903
U4,2000,1.3,6,HopcroftKarpMatcher,1,na,defect_at_iteration,5
U4,2000,1.3,6,HopcroftKarpMatcher,2,na,paths_found_per_phase,5
U4,2000,1.3,6,HopcroftKarpMatcher,2,na,bfs_edges_visited,3314
U4,2000,1.3,6,HopcroftKarpMatcher,2,na,dfs_edges_visited,4713
U4,2000,1.3,6,HopcroftKarpMatcher,2,na,defect_at_iteration,0
U4,2000,1.3,6,HopcroftKarpMatcher,-1,na,phase_count,3
U4,2000,1.3,6,HopcroftKarpMatcher,-1,na,main_loop_iters,3
U4,2000,1.3,6,HopcroftKarpMatcher,-1,na,total_bfs_edges_visited,32131
U4,2000,1.3,6,HopcroftKarpMatcher,-1,na,total_edges_visited,55654
U4,2000,1.3,6,HopcroftKarpMatcher,-1,na,matching_size,2000
U4,2000,1.3,6,HopcroftKarpMatcher,-1,na,wall_clock_ms,11.5773
U4,2000,1.3,6,HopcroftKarpMatcher,-1,na,matching_size,2000
U4,1000,1.9,3,SimpleAugmentingMatcher,-1,na,wall_clock_ms,866.7
U4,1000,1.9,3,SimpleAugmentingMatcher,-1,na,matching_size,1000
U4,1000,1.9,3,HopcroftKarpMatcher,0,na,paths_found_per_phase,999
U4,1000,1.9,3,HopcroftKarpMatcher,0,na,bfs_edges_visited,501187
U4,1000,1.9,3,HopcroftKarpMatcher,0,na,dfs_edges_visited,250959
U4,1000,1.9,3,HopcroftKarpMatcher,0,na,defect_at_iteration,1
U4,1000,1.9,3,HopcroftKarpMatcher,1,na,paths_found_per_phase,1
U4,1000,1.9,3,HopcroftKarpMatcher,1,na,bfs_edges_visited,249444
U4,1000,1.9,3,HopcroftKarpMatcher,1,na,dfs_edges_visited,1448
U4,1000,1.9,3,HopcroftKarpMatcher,1,na,defect_at_iteration,0
U4,1000,1.9,3,HopcroftKarpMatcher,-1,na,phase_count,2
U4,1000,1.9,3,HopcroftKarpMatcher,-1,na,main_loop_iters,2
U4,1000,1.9,3,HopcroftKarpMatcher,-1,na,total_bfs_edges_visited,750631
U4,1000,1.9,3,HopcroftKarpMatcher,-1,na,total_edges_visited,1.00304e+06
U4,1000,1.9,3,HopcroftKarpMatcher,-1,na,matching_size,1000
U4,1000,1.9,3,HopcroftKarpMatcher,-1,na,wall_clock_ms,10.8603
U4,1000,1.9,3,HopcroftKarpMatcher,-1,na,matching_size,1000
U4,1000,1.2,1,SimpleAugmentingMatcher,-1,na,wall_clock_ms,32.6936
U4,1000,1.2,1,SimpleAugmentingMatcher,-1,na,matching_size,975
U4,1000,1.2,1,HopcroftKarpMatcher,0,na,paths_found_per_phase,822
U4,1000,1.2,1,HopcroftKarpMatcher,0,na,bfs_edges_visited,3981
U4,1000,1.2,1,HopcroftKarpMatcher,0,na,dfs_edges_visited,2215
U4,1000,1.2,1,HopcroftKarpMatcher,0,na,defect_at_iteration,178
U4,1000,1.2,1,HopcroftKarpMatcher,1,na,paths_found_per_phase,107
U4,1000,1.2,1,HopcroftKarpMatcher,1,na,bfs_edges_visited,1780
U4,1000,1.2,1,HopcroftKarpMatcher,1,na,dfs_edges_visited,1918
U4,1000,1.2,1,HopcroftKarpMatcher,1,na,defect_at_iteration,71
U4,1000,1.2,1,HopcroftKarpMatcher,2,na,paths_found_per_phase,23
U4,1000,1.2,1,HopcroftKarpMatcher,2,na,bfs_edges_visited,1192
U4,1000,1.2,1,HopcroftKarpMatcher,2,na,dfs_edges_visited,1574
U4,1000,1.2,1,HopcroftKarpMatcher,2,na,defect_at_iteration,48
U4,1000,1.2,1,HopcroftKarpMatcher,3,na,paths_found_per_phase,13
U4,1000,1.2,1,HopcroftKarpMatcher,3,na,bfs_edges_visited,2174
U4,1000,1.2,1,HopcroftKarpMatcher,3,na,dfs_edges_visited,2233
U4,1000,1.2,1,HopcroftKarpMatcher,3,na,defect_at_iteration,35
U4,1000,1.2,1,HopcroftKarpMatcher,4,na,paths_found_per_phase,6
U4,1000,1.2,1,HopcroftKarpMatcher,4,na,bfs_edges_visited,2889
U4,1000,1.2,1,HopcroftKarpMatcher,4,na,dfs_edges_visited,2290
U4,1000,1.2,1,HopcroftKarpMatcher,4,na,defect_at_iteration,29
U4,1000,1.2,1,HopcroftKarpMatcher,5,na,paths_found_per_phase,2
U4,1000,1.2,1,HopcroftKarpMatcher,5,na,bfs_edges_visited,2833
U4,1000,1.2,1,HopcroftKarpMatcher,5,na,dfs_edges_visited,2602
U4,1000,1.2,1,HopcroftKarpMatcher,5,na,defect_at_iteration,27
U4,1000,1.2,1,HopcroftKarpMatcher,6,na,paths_found_per_phase,2
U4,1000,1.2,1,HopcroftKarpMatcher,6,na,bfs_edges_visited,3427
U4,1000,1.2,1,HopcroftKarpMatcher,6,na,dfs_edges_visited,2392
U4,1000,1.2,1,HopcroftKarpMatcher,6,na,defect_at_iteration,25
U4,1000,1.2,1,HopcroftKarpMatcher,-1,na,phase_count,7
U4,1000,1.2,1,HopcroftKarpMatcher,-1,na,main_loop_iters,7
U4,1000,1.2,1,HopcroftKarpMatcher,-1,na,total_bfs_edges_visited,18276
U4,1000,1.2,1,HopcroftKarpMatcher,-1,na,total_edges_visited,33500
U4,1000,1.2,1,HopcroftKarpMatcher,-1,na,matching_size,975
U4,1000,1.2,1,HopcroftKarpMatcher,-1,na,wall_clock_ms,9.80363
U4,1000,1.2,1,HopcroftKarpMatcher,-1,na,matching_size,975
U4,1000,1.1,10,SimpleAugmentingMatcher,-1,na,wall_clock_ms,1.83724
U4,1000,1.1,10,SimpleAugmentingMatcher,-1,na,matching_size,783
U4,1000,1.1,10,HopcroftKarpMatcher,0,na,paths_found_per_phase,701
U4,1000,1.1,10,HopcroftKarpMatcher,0,na,bfs_edges_visited,1995
U4,1000,1.1,10,HopcroftKarpMatcher,0,na,dfs_edges_visited,1213
U4,1000,1.1,10,HopcroftKarpMatcher,0,na,defect_at_iteration,299
U4,1000,1.1,10,HopcroftKarpMatcher,1,na,paths_found_per_phase,63
U4,1000,1.1,10,HopcroftKarpMatcher,1,na,bfs_edges_visited,816
U4,1000,1.1,10,HopcroftKarpMatcher,1,na,dfs_edges_visited,846
U4,1000,1.1,10,HopcroftKarpMatcher,1,na,defect_at_iteration,236
U4,1000,1.1,10,HopcroftKarpMatcher,2,na,paths_found_per_phase,10
U4,1000,1.1,10,HopcroftKarpMatcher,2,na,bfs_edges_visited,547
U4,1000,1.1,10,HopcroftKarpMatcher,2,na,dfs_edges_visited,618
U4,1000,1.1,10,HopcroftKarpMatcher,2,na,defect_at_iteration,226
U4,1000,1.1,10,HopcroftKarpMatcher,3,na,paths_found_per_phase,6
U4,1000,1.1,10,HopcroftKarpMatcher,3,na,bfs_edges_visited,592
U4,1000,1.1,10,HopcroftKarpMatcher,3,na,dfs_edges_visited,597
U4,1000,1.1,10,HopcroftKarpMatcher,3,na,defect_at_iteration,220
U4,1000,1.1,10,HopcroftKarpMatcher,4,na,paths_found_per_phase,1
U4,1000,1.1,10,HopcroftKarpMatcher,4,na,bfs_edges_visited,571
U4,1000,1.1,10,HopcroftKarpMatcher,4,na,dfs_edges_visited,586
U4,1000,1.1,10,HopcroftKarpMatcher,4,na,defect_at_iteration,219
U4,1000,1.1,10,HopcroftKarpMatcher,5,na,paths_found_per_phase,2
U4,1000,1.1,10,HopcroftKarpMatcher,5,na,bfs_edges_visited,559
U4,1000,1.1,10,HopcroftKarpMatcher,5,na,dfs_edges_visited,522
U4,1000,1.1,10,HopcroftKarpMatcher,5,na,defect_at_iteration,217
U4,1000,1.1,10,HopcroftKarpMatcher,-1,na,phase_count,6
U4,1000,1.1,10,HopcroftKarpMatcher,-1,na,main_loop_iters,6
U4,1000,1.1,10,HopcroftKarpMatcher,-1,na,total_bfs_edges_visited,5080
U4,1000,1.1,10,HopcroftKarpMatcher,-1,na,total_edges_visited,9462
U4,1000,1.1,10,HopcroftKarpMatcher,-1,na,matching_size,783
U4,1000,1.1,10,HopcroftKarpMatcher,-1,na,wall_clock_ms,6.7753
U4,1000,1.1,10,HopcroftKarpMatcher,-1,na,matching_size,783
U4,2000,1.3,10,SimpleAugmentingMatcher,-1,na,wall_clock_ms,349.072
U4,2000,1.3,10,SimpleAugmentingMatcher,-1,na,matching_size,2000
U4,2000,1.3,10,HopcroftKarpMatcher,0,na,paths_found_per_phase,1872
U4,2000,1.3,10,HopcroftKarpMatcher,0,na,bfs_edges_visited,19558
U4,2000,1.3,10,HopcroftKarpMatcher,0,na,dfs_edges_visited,9911
U4,2000,1.3,10,HopcroftKarpMatcher,0,na,defect_at_iteration,128
U4,2000,1.3,10,HopcroftKarpMatcher,1,na,paths_found_per_phase,122
U4,2000,1.3,10,HopcroftKarpMatcher,1,na,bfs_edges_visited,8813
U4,2000,1.3,10,HopcroftKarpMatcher,1,na,dfs_edges_visited,7983
U4,2000,1.3,10,HopcroftKarpMatcher,1,na,defect_at_iteration,6
U4,2000,1.3,10,HopcroftKarpMatcher,2,na,paths_found_per_phase,3
U4,2000,1.3,10,HopcroftKarpMatcher,2,na,bfs_edges_visited,3631
U4,2000,1.3,10,HopcroftKarpMatcher,2,na,dfs_edges_visited,8774
U4,2000,1.3,10,HopcroftKarpMatcher,2,na,defect_at_iteration,3
U4,2000,1.3,10,HopcroftKarpMatcher,3,na,paths_found_per_phase,3
U4,2000,1.3,10,HopcroftKarpMatcher,3,na,bfs_edges_visited,19101
U4,2000,1.3,10,HopcroftKarpMatcher,3,na,dfs_edges_visited,7741
U4,2000,1.3,10,HopcroftKarpMatcher,3,na,defect_at_iteration,0
U4,2000,1.3,10,HopcroftKarpMatcher,-1,na,phase_count,4
U4,2000,1.3,10,HopcroftKarpMatcher,-1,na,main_loop_iters,4
U4,2000,1.3,10,HopcroftKarpMatcher,-1,na,total_bfs_edges_visited,51103
U4,2000,1.3,10,HopcroftKarpMatcher,-1,na,total_edges_visited,85512
U4,2000,1.3,10,HopcroftKarpMatcher,-1,na,matching_size,2000
U4,2000,1.3,10,HopcroftKarpMatcher,-1,na,wall_clock_ms,17.8719
U4,2000,1.3,10,HopcroftKarpMatcher,-1,na,matching_size,2000
U4,2000,1.3,11,SimpleAugmentingMatcher,-1,na,wall_clock_ms,358.214
U4,2000,1.3,11,SimpleAugmentingMatcher,-1,na,matching_size,1999
U4,2000,1.3,11,HopcroftKarpMatcher,0,na,paths_found_per_phase,1854
U4,2000,1.3,11,HopcroftKarpMatcher,0,na,bfs_edges_visited,19558
U4,2000,1.3,11,HopcroftKarpMatcher,0,na,dfs_edges_visited,9942
U4,2000,1.3,11,HopcroftKarpMatcher,0,na,defect_at_iteration,146
U4,2000,1.3,11,HopcroftKarpMatcher,1,na,paths_found_per_phase,138
U4,2000,1.3,11,HopcroftKarpMatcher,1,na,bfs_edges_visited,9961
U4,2000,1.3,11,HopcroftKarpMatcher,1,na,dfs_edges_visited,8075
U4,2000,1.3,11,HopcroftKarpMatcher,1,na,defect_at_iteration,8
U4,2000,1.3,11,HopcroftKarpMatcher,2,na,paths_found_per_phase,7
U4,2000,1.3,11,HopcroftKarpMatcher,2,na,bfs_edges_visited,4599
U4,2000,1.3,11,HopcroftKarpMatcher,2,na,dfs_edges_visited,7167
U4,2000,1.3,11,HopcroftKarpMatcher,2,na,defect_at_iteration,1
U4,2000,1.3,11,HopcroftKarpMatcher,-1,na,phase_count,3
U4,2000,1.3,11,HopcroftKarpMatcher,-1,na,main_loop_iters,3
U4,2000,1.3,11,HopcroftKarpMatcher,-1,na,total_bfs_edges_visited,34118
U4,2000,1.3,11,HopcroftKarpMatcher,-1,na,total_edges_visited,59302
U4,2000,1.3,11,HopcroftKarpMatcher,-1,na,matching_size,1999
U4,2000,1.3,11,HopcroftKarpMatcher,-1,na,wall_clock_ms,16.4199
U4,2000,1.3,11,HopcroftKarpMatcher,-1,na,matching_size,1999
U4,500,1.8,10,SimpleAugmentingMatcher,-1,na,wall_clock_ms,72.977
U4,500,1.8,10,SimpleAugmentingMatcher,-1,na,matching_size,500
U4,500,1.8,10,HopcroftKarpMatcher,0,na,paths_found_per_phase,498
U4,500,1.8,10,HopcroftKarpMatcher,0,na,bfs_edges_visited,72134
U4,500,1.8,10,HopcroftKarpMatcher,0,na,dfs_edges_visited,36154
U4,500,1.8,10,HopcroftKarpMatcher,0,na,defect_at_iteration,2
U4,500,1.8,10,HopcroftKarpMatcher,1,na,paths_found_per_phase,2
U4,500,1.8,10,HopcroftKarpMatcher,1,na,bfs_edges_visited,32405
U4,500,1.8,10,HopcroftKarpMatcher,1,na,dfs_edges_visited,294
U4,500,1.8,10,HopcroftKarpMatcher,1,na,defect_at_iteration,0
U4,500,1.8,10,HopcroftKarpMatcher,-1,na,phase_count,2
U4,500,1.8,10,HopcroftKarpMatcher,-1,na,main_loop_iters,2
U4,500,1.8,10,HopcroftKarpMatcher,-1,na,total_bfs_edges_visited,104539
U4,500,1.8,10,HopcroftKarpMatcher,-1,na,total_edges_visited,140987
U4,500,1.8,10,HopcroftKarpMatcher,-1,na,matching_size,500
U4,500,1.8,10,HopcroftKarpMatcher,-1,na,wall_clock_ms,1.97083
U4,500,1.8,10,HopcroftKarpMatcher,-1,na,matching_size,500
U4,1000,1.6,8,SimpleAugmentingMatcher,-1,na,wall_clock_ms,222.825
U4,1000,1.6,8,SimpleAugmentingMatcher,-1,na,matching_size,1000
U4,1000,1.6,8,HopcroftKarpMatcher,0,na,paths_found_per_phase,989
U4,1000,1.6,8,HopcroftKarpMatcher,0,na,bfs_edges_visited,63095
U4,1000,1.6,8,HopcroftKarpMatcher,0,na,dfs_edges_visited,31567
U4,1000,1.6,8,HopcroftKarpMatcher,0,na,defect_at_iteration,11
U4,1000,1.6,8,HopcroftKarpMatcher,1,na,paths_found_per_phase,11
U4,1000,1.6,8,HopcroftKarpMatcher,1,na,bfs_edges_visited,32539
U4,1000,1.6,8,HopcroftKarpMatcher,1,na,dfs_edges_visited,2302
U4,1000,1.6,8,HopcroftKarpMatcher,1,na,defect_at_iteration,0
U4,1000,1.6,8,HopcroftKarpMatcher,-1,na,phase_count,2
U4,1000,1.6,8,HopcroftKarpMatcher,-1,na,main_loop_iters,2
U4,1000,1.6,8,HopcroftKarpMatcher,-1,na,total_bfs_edges_visited,95634
U4,1000,1.6,8,HopcroftKarpMatcher,-1,na,total_edges_visited,129503
U4,1000,1.6,8,HopcroftKarpMatcher,-1,na,matching_size,1000
U4,1000,1.6,8,HopcroftKarpMatcher,-1,na,wall_clock_ms,3.3294
U4,1000,1.6,8,HopcroftKarpMatcher,-1,na,matching_size,1000
U4,2000,1.7,1,SimpleAugmentingMatcher,-1,na,wall_clock_ms,2523.77
U4,2000,1.7,1,SimpleAugmentingMatcher,-1,na,matching_size,2000
U4,2000,1.7,1,HopcroftKarpMatcher,0,na,paths_found_per_phase,1993
U4,2000,1.7,1,HopcroftKarpMatcher,0,na,bfs_edges_visited,409026
U4,2000,1.7,1,HopcroftKarpMatcher,0,na,dfs_edges_visited,204701
U4,2000,1.7,1,HopcroftKarpMatcher,0,na,defect_at_iteration,7
U4,2000,1.7,1,HopcroftKarpMatcher,1,na,paths_found_per_phase,7
U4,2000,1.7,1,HopcroftKarpMatcher,1,na,bfs_edges_visited,219300
U4,2000,1.7,1,HopcroftKarpMatcher,1,na,dfs_edges_visited,5236
U4,2000,1.7,1,HopcroftKarpMatcher,1,na,defect_at_iteration,0
U4,2000,1.7,1,HopcroftKarpMatcher,-1,na,phase_count,2
U4,2000,1.7,1,HopcroftKarpMatcher,-1,na,main_loop_iters,2
U4,2000,1.7,1,HopcroftKarpMatcher,-1,na,total_bfs_edges_visited,628326
U4,2000,1.7,1,HopcroftKarpMatcher,-1,na,total_edges_visited,838263
U4,2000,1.7,1,HopcroftKarpMatcher,-1,na,matching_size,2000
U4,2000,1.7,1,HopcroftKarpMatcher,-1,na,wall_clock_ms,16.2536
U4,2000,1.7,1,HopcroftKarpMatcher,-1,na,matching_size,2000
U4,1000,2,1,SimpleAugmentingMatcher,-1,na,wall_clock_ms,218.35
U4,1000,2,1,SimpleAugmentingMatcher,-1,na,matching_size,1000
U4,1000,2,1,HopcroftKarpMatcher,0,na,paths_found_per_phase,1000
U4,1000,2,1,HopcroftKarpMatcher,0,na,bfs_edges_visited,1e+06
U4,1000,2,1,HopcroftKarpMatcher,0,na,dfs_edges_visited,500500
U4,1000,2,1,HopcroftKarpMatcher,0,na,defect_at_iteration,0
U4,1000,2,1,HopcroftKarpMatcher,-1,na,phase_count,1
U4,1000,2,1,HopcroftKarpMatcher,-1,na,main_loop_iters,1
U4,1000,2,1,HopcroftKarpMatcher,-1,na,total_bfs_edges_visited,1e+06
U4,1000,2,1,HopcroftKarpMatcher,-1,na,total_edges_visited,1.5005e+06
U4,1000,2,1,HopcroftKarpMatcher,-1,na,matching_size,1000
U4,1000,2,1,HopcroftKarpMatcher,-1,na,wall_clock_ms,2.02074
U4,1000,2,1,HopcroftKarpMatcher,-1,na,matching_size,1000
U4,1000,1.3,6,SimpleAugmentingMatcher,-1,na,wall_clock_ms,41.0948
U4,1000,1.3,6,SimpleAugmentingMatcher,-1,na,matching_size,999
U4,1000,1.3,6,HopcroftKarpMatcher,0,na,paths_found_per_phase,910
U4,1000,1.3,6,HopcroftKarpMatcher,0,na,bfs_edges_visited,7943
U4,1000,1.3,6,HopcroftKarpMatcher,0,na,dfs_edges_visited,4071
U4,1000,1.3,6,HopcroftKarpMatcher,0,na,defect_at_iteration,90
U4,1000,1.3,6,HopcroftKarpMatcher,1,na,paths_found_per_phase,83
U4,1000,1.3,6,HopcroftKarpMatcher,1,na,bfs_edges_visited,3808
U4,1000,1.3,6,HopcroftKarpMatcher,1,na,dfs_edges_visited,3759
U4,1000,1.3,6,HopcroftKarpMatcher,1,na,defect_at_iteration,7
U4,1000,1.3,6,HopcroftKarpMatcher,2,na,paths_found_per_phase,5
U4,1000,1.3,6,HopcroftKarpMatcher,2,na,bfs_edges_visited,1958
U4,1000,1.3,6,HopcroftKarpMatcher,2,na,dfs_edges_visited,4262
U4,1000,1.3,6,HopcroftKarpMatcher,2,na,defect_at_iteration,2
U4,1000,1.3,6,HopcroftKarpMatcher,3,na,paths_found_per_phase,1
U4,1000,1.3,6,HopcroftKarpMatcher,3,na,bfs_edges_visited,7209
U4,1000,1.3,6,HopcroftKarpMatcher,3,na,dfs_edges_visited,5216
U4,1000,1.3,6,HopcroftKarpMatcher,3,na,defect_at_iteration,1
U4,1000,1.3,6,HopcroftKarpMatcher,-1,na,phase_count,4
U4,1000,1.3,6,HopcroftKarpMatcher,-1,na,main_loop_iters,4
U4,1000,1.3,6,HopcroftKarpMatcher,-1,na,total_bfs_edges_visited,20918
U4,1000,1.3,6,HopcroftKarpMatcher,-1,na,total_edges_visited,38226
U4,1000,1.3,6,HopcroftKarpMatcher,-1,na,matching_size,999
U4,1000,1.3,6,HopcroftKarpMatcher,-1,na,wall_clock_ms,5.15242
U4,1000,1.3,6,HopcroftKarpMatcher,-1,na,matching_size,999
U4,500,1.5,4,SimpleAugmentingMatcher,-1,na,wall_clock_ms,18.7324
U4,500,1.5,4,SimpleAugmentingMatcher,-1,na,matching_size,500
U4,500,1.5,4,HopcroftKarpMatcher,0,na,paths_found_per_phase,483
U4,500,1.5,4,HopcroftKarpMatcher,0,na,bfs_edges_visited,11180
U4,500,1.5,4,HopcroftKarpMatcher,0,na,dfs_edges_visited,5606
U4,500,1.5,4,HopcroftKarpMatcher,0,na,defect_at_iteration,17
U4,500,1.5,4,HopcroftKarpMatcher,1,na,paths_found_per_phase,17
U4,500,1.5,4,HopcroftKarpMatcher,1,na,bfs_edges_visited,6328
U4,500,1.5,4,HopcroftKarpMatcher,1,na,dfs_edges_visited,1640
U4,500,1.5,4,HopcroftKarpMatcher,1,na,defect_at_iteration,0
U4,500,1.5,4,HopcroftKarpMatcher,-1,na,phase_count,2
U4,500,1.5,4,HopcroftKarpMatcher,-1,na,main_loop_iters,2
U4,500,1.5,4,HopcroftKarpMatcher,-1,na,total_bfs_edges_visited,17508
U4,500,1.5,4,HopcroftKarpMatcher,-1,na,total_edges_visited,24754
U4,500,1.5,4,HopcroftKarpMatcher,-1,na,matching_size,500
U4,500,1.5,4,HopcroftKarpMatcher,-1,na,wall_clock_ms,0.812944
U4,500,1.5,4,HopcroftKarpMatcher,-1,na,matching_size,500
U4,1000,1.7,13,SimpleAugmentingMatcher,-1,na,wall_clock_ms,342.099
U4,1000,1.7,13,SimpleAugmentingMatcher,-1,na,matching_size,1000
U4,1000,1.7,13,HopcroftKarpMatcher,0,na,paths_found_per_phase,993
U4,1000,1.7,13,HopcroftKarpMatcher,0,na,bfs_edges_visited,125892
U4,1000,1.7,13,HopcroftKarpMatcher,0,na,dfs_edges_visited,62828
U4,1000,1.7,13,HopcroftKarpMatcher,0,na,defect_at_iteration,7
U4,1000,1.7,13,HopcroftKarpMatcher,1,na,paths_found_per_phase,7
U4,1000,1.7,13,HopcroftKarpMatcher,1,na,bfs_edges_visited,73318
U4,1000,1.7,13,HopcroftKarpMatcher,1,na,dfs_edges_visited,3584
U4,1000,1.7,13,HopcroftKarpMatcher,1,na,defect_at_iteration,0
U4,1000,1.7,13,HopcroftKarpMatcher,-1,na,phase_count,2
U4,1000,1.7,13,HopcroftKarpMatcher,-1,na,main_loop_iters,2
U4,1000,1.7,13,HopcroftKarpMatcher,-1,na,total_bfs_edges_visited,199210
U4,1000,1.7,13,HopcroftKarpMatcher,-1,na,total_edges_visited,265622
U4,1000,1.7,13,HopcroftKarpMatcher,-1,na,matching_size,1000
U4,1000,1.7,13,HopcroftKarpMatcher,-1,na,wall_clock_ms,4.77627
U4,1000,1.7,13,HopcroftKarpMatcher,-1,na,matching_size,1000
U4,500,1.9,14,SimpleAugmentingMatcher,-1,na,wall_clock_ms,119.282
U4,500,1.9,14,SimpleAugmentingMatcher,-1,na,matching_size,500
U4,500,1.9,14,HopcroftKarpMatcher,0,na,paths_found_per_phase,499
U4,500,1.9,14,HopcroftKarpMatcher,0,na,bfs_edges_visited,134289
U4,500,1.9,14,HopcroftKarpMatcher,0,na,dfs_edges_visited,67310
U4,500,1.9,14,HopcroftKarpMatcher,0,na,defect_at_iteration,1
U4,500,1.9,14,HopcroftKarpMatcher,1,na,paths_found_per_phase,1
U4,500,1.9,14,HopcroftKarpMatcher,1,na,bfs_edges_visited,76450
U4,500,1.9,14,HopcroftKarpMatcher,1,na,dfs_edges_visited,264
U4,500,1.9,14,HopcroftKarpMatcher,1,na,defect_at_iteration,0
U4,500,1.9,14,HopcroftKarpMatcher,-1,na,phase_count,2
U4,500,1.9,14,HopcroftKarpMatcher,-1,na,main_loop_iters,2
U4,500,1.9,14,HopcroftKarpMatcher,-1,na,total_bfs_edges_visited,210739
U4,500,1.9,14,HopcroftKarpMatcher,-1,na,total_edges_visited,278313
U4,500,1.9,14,HopcroftKarpMatcher,-1,na,matching_size,500
U4,500,1.9,14,HopcroftKarpMatcher,-1,na,wall_clock_ms,2.87805
U4,500,1.9,14,HopcroftKarpMatcher,-1,na,matching_size,500
U4,500,1.9,9,SimpleAugmentingMatcher,-1,na,wall_clock_ms,116.609
U4,500,1.9,9,SimpleAugmentingMatcher,-1,na,matching_size,500
U4,500,1.9,9,HopcroftKarpMatcher,0,na,paths_found_per_phase,499
U4,500,1.9,9,HopcroftKarpMatcher,0,na,bfs_edges_visited,134289
U4,500,1.9,9,HopcroftKarpMatcher,0,na,dfs_edges_visited,67149
U4,500,1.9,9,HopcroftKarpMatcher,0,na,defect_at_iteration,1
U4,500,1.9,9,HopcroftKarpMatcher,1,na,paths_found_per_phase,1
U4,500,1.9,9,HopcroftKarpMatcher,1,na,bfs_edges_visited,68366
U4,500,1.9,9,HopcroftKarpMatcher,1,na,dfs_edges_visited,798
U4,500,1.9,9,HopcroftKarpMatcher,1,na,defect_at_iteration,0
U4,500,1.9,9,HopcroftKarpMatcher,-1,na,phase_count,2
U4,500,1.9,9,HopcroftKarpMatcher,-1,na,main_loop_iters,2
U4,500,1.9,9,HopcroftKarpMatcher,-1,na,total_bfs_edges_visited,202655
U4,500,1.9,9,HopcroftKarpMatcher,-1,na,total_edges_visited,270602
U4,500,1.9,9,HopcroftKarpMatcher,-1,na,matching_size,500
U4,500,1.9,9,HopcroftKarpMatcher,-1,na,wall_clock_ms,2.69842
U4,500,1.9,9,HopcroftKarpMatcher,-1,na,matching_size,500
U4,500,1,1,SimpleAugmentingMatcher,-1,na,wall_clock_ms,0.234255
U4,500,1,1,SimpleAugmentingMatcher,-1,na,matching_size,276
U4,500,1,1,HopcroftKarpMatcher,0,na,paths_found_per_phase,255
U4,500,1,1,HopcroftKarpMatcher,0,na,bfs_edges_visited,500
U4,500,1,1,HopcroftKarpMatcher,0,na,dfs_edges_visited,355
U4,500,1,1,HopcroftKarpMatcher,0,na,defect_at_iteration,245
U4,500,1,1,HopcroftKarpMatcher,1,na,paths_found_per_phase,20
U4,500,1,1,HopcroftKarpMatcher,1,na,bfs_edges_visited,190
U4,500,1,1,HopcroftKarpMatcher,1,na,dfs_edges_visited,198
U4,500,1,1,HopcroftKarpMatcher,1,na,defect_at_iteration,225
U4,500,1,1,HopcroftKarpMatcher,2,na,paths_found_per_phase,1
U4,500,1,1,HopcroftKarpMatcher,2,na,bfs_edges_visited,139
U4,500,1,1,HopcroftKarpMatcher,2,na,dfs_edges_visited,135
U4,500,1,1,HopcroftKarpMatcher,2,na,defect_at_iteration,224
U4,500,1,1,HopcroftKarpMatcher,-1,na,phase_count,3
U4,500,1,1,HopcroftKarpMatcher,-1,na,main_loop_iters,3
U4,500,1,1,HopcroftKarpMatcher,-1,na,total_bfs_edges_visited,829
U4,500,1,1,HopcroftKarpMatcher,-1,na,total_edges_visited,1517
U4,500,1,1,HopcroftKarpMatcher,-1,na,matching_size,276
U4,500,1,1,HopcroftKarpMatcher,-1,na,wall_clock_ms,1.20013
U4,500,1,1,HopcroftKarpMatcher,-1,na,matching_size,276
U4,2000,1.9,0,SimpleAugmentingMatcher,-1,na,wall_clock_ms,7022.66
U4,2000,1.9,0,SimpleAugmentingMatcher,-1,na,matching_size,2000
U4,2000,1.9,0,HopcroftKarpMatcher,0,na,paths_found_per_phase,1999
U4,2000,1.9,0,HopcroftKarpMatcher,0,na,bfs_edges_visited,1.8705e+06
U4,2000,1.9,0,HopcroftKarpMatcher,0,na,dfs_edges_visited,936333
U4,2000,1.9,0,HopcroftKarpMatcher,0,na,defect_at_iteration,1
U4,2000,1.9,0,HopcroftKarpMatcher,1,na,paths_found_per_phase,1
U4,2000,1.9,0,HopcroftKarpMatcher,1,na,bfs_edges_visited,860503
U4,2000,1.9,0,HopcroftKarpMatcher,1,na,dfs_edges_visited,949
U4,2000,1.9,0,HopcroftKarpMatcher,1,na,defect_at_iteration,0
U4,2000,1.9,0,HopcroftKarpMatcher,-1,na,phase_count,2
U4,2000,1.9,0,HopcroftKarpMatcher,-1,na,main_loop_iters,2
U4,2000,1.9,0,HopcroftKarpMatcher,-1,na,total_bfs_edges_visited,2.731e+06
U4,2000,1.9,0,HopcroftKarpMatcher,-1,na,total_edges_visited,3.66828e+06
U4,2000,1.9,0,HopcroftKarpMatcher,-1,na,matching_size,2000
U4,2000,1.9,0,HopcroftKarpMatcher,-1,na,wall_clock_ms,42.0955
U4,2000,1.9,0,HopcroftKarpMatcher,-1,na,matching_size,2000
U4,1000,1.9,12,SimpleAugmentingMatcher,-1,na,wall_clock_ms,874.108
U4,1000,1.9,12,SimpleAugmentingMatcher,-1,na,matching_size,1000
U4,1000,1.9,12,HopcroftKarpMatcher,0,na,paths_found_per_phase,1000
U4,1000,1.9,12,HopcroftKarpMatcher,0,na,bfs_edges_visited,501187
U4,1000,1.9,12,HopcroftKarpMatcher,0,na,dfs_edges_visited,250630
U4,1000,1.9,12,HopcroftKarpMatcher,0,na,defect_at_iteration,0
U4,1000,1.9,12,HopcroftKarpMatcher,-1,na,phase_count,1
U4,1000,1.9,12,HopcroftKarpMatcher,-1,na,main_loop_iters,1
U4,1000,1.9,12,HopcroftKarpMatcher,-1,na,total_bfs_edges_visited,501187
U4,1000,1.9,12,HopcroftKarpMatcher,-1,na,total_edges_visited,751817
U4,1000,1.9,12,HopcroftKarpMatcher,-1,na,matching_size,1000
U4,1000,1.9,12,HopcroftKarpMatcher,-1,na,wall_clock_ms,8.09277
U4,1000,1.9,12,HopcroftKarpMatcher,-1,na,matching_size,1000
U4,2000,1.4,6,SimpleAugmentingMatcher,-1,na,wall_clock_ms,719.107
U4,2000,1.4,6,SimpleAugmentingMatcher,-1,na,matching_size,2000
U4,2000,1.4,6,HopcroftKarpMatcher,0,na,paths_found_per_phase,1940
U4,2000,1.4,6,HopcroftKarpMatcher,0,na,bfs_edges_visited,41825
U4,2000,1.4,6,HopcroftKarpMatcher,0,na,dfs_edges_visited,20871
U4,2000,1.4,6,HopcroftKarpMatcher,0,na,defect_at_iteration,60
U4,2000,1.4,6,HopcroftKarpMatcher,1,na,paths_found_per_phase,60
U4,2000,1.4,6,HopcroftKarpMatcher,1,na,bfs_edges_visited,20213
U4,2000,1.4,6,HopcroftKarpMatcher,1,na,dfs_edges_visited,8354
U4,2000,1.4,6,HopcroftKarpMatcher,1,na,defect_at_iteration,0
U4,2000,1.4,6,HopcroftKarpMatcher,-1,na,phase_count,2
U4,2000,1.4,6,HopcroftKarpMatcher,-1,na,main_loop_iters,2
U4,2000,1.4,6,HopcroftKarpMatcher,-1,na,total_bfs_edges_visited,62038
U4,2000,1.4,6,HopcroftKarpMatcher,-1,na,total_edges_visited,91263
U4,2000,1.4,6,HopcroftKarpMatcher,-1,na,matching_size,2000
U4,2000,1.4,6,HopcroftKarpMatcher,-1,na,wall_clock_ms,9.37704
U4,2000,1.4,6,HopcroftKarpMatcher,-1,na,matching_size,2000
U4,500,1.7,14,SimpleAugmentingMatcher,-1,na,wall_clock_ms,45.4585
U4,500,1.7,14,SimpleAugmentingMatcher,-1,na,matching_size,500
U4,500,1.7,14,HopcroftKarpMatcher,0,na,paths_found_per_phase,496
U4,500,1.7,14,HopcroftKarpMatcher,0,na,bfs_edges_visited,38747
U4,500,1.7,14,HopcroftKarpMatcher,0,na,dfs_edges_visited,19386
U4,500,1.7,14,HopcroftKarpMatcher,0,na,defect_at_iteration,4
U4,500,1.7,14,HopcroftKarpMatcher,1,na,paths_found_per_phase,4
U4,500,1.7,14,HopcroftKarpMatcher,1,na,bfs_edges_visited,19058
U4,500,1.7,14,HopcroftKarpMatcher,1,na,dfs_edges_visited,1682
U4,500,1.7,14,HopcroftKarpMatcher,1,na,defect_at_iteration,0
U4,500,1.7,14,HopcroftKarpMatcher,-1,na,phase_count,2
U4,500,1.7,14,HopcroftKarpMatcher,-1,na,main_loop_iters,2
U4,500,1.7,14,HopcroftKarpMatcher,-1,na,total_bfs_edges_visited,57805
U4,500,1.7,14,HopcroftKarpMatcher,-1,na,total_edges_visited,78873
U4,500,1.7,14,HopcroftKarpMatcher,-1,na,matching_size,500
U4,500,1.7,14,HopcroftKarpMatcher,-1,na,wall_clock_ms,1.31095
U4,500,1.7,14,HopcroftKarpMatcher,-1,na,matching_size,500
U4,2000,1.3,7,SimpleAugmentingMatcher,-1,na,wall_clock_ms,343.967
U4,2000,1.3,7,SimpleAugmentingMatcher,-1,na,matching_size,2000
U4,2000,1.3,7,HopcroftKarpMatcher,0,na,paths_found_per_phase,1854
U4,2000,1.3,7,HopcroftKarpMatcher,0,na,bfs_edges_visited,19558
U4,2000,1.3,7,HopcroftKarpMatcher,0,na,dfs_edges_visited,10020
U4,2000,1.3,7,HopcroftKarpMatcher,0,na,defect_at_iteration,146
U4,2000,1.3,7,HopcroftKarpMatcher,1,na,paths_found_per_phase,139
U4,2000,1.3,7,HopcroftKarpMatcher,1,na,bfs_edges_visited,10003
U4,2000,1.3,7,HopcroftKarpMatcher,1,na,dfs_edges_visited,8093
U4,2000,1.3,7,HopcroftKarpMatcher,1,na,defect_at_iteration,7
U4,2000,1.3,7,HopcroftKarpMatcher,2,na,paths_found_per_phase,7
U4,2000,1.3,7,HopcroftKarpMatcher,2,na,bfs_edges_visited,3933
U4,2000,1.3,7,HopcroftKarpMatcher,2,na,dfs_edges_visited,6415
U4,2000,1.3,7,HopcroftKarpMatcher,2,na,defect_at_iteration,0
U4,2000,1.3,7,HopcroftKarpMatcher,-1,na,phase_count,3
U4,2000,1.3,7,HopcroftKarpMatcher,-1,na,main_loop_iters,3
U4,2000,1.3,7,HopcroftKarpMatcher,-1,na,total_bfs_edges_visited,33494
U4,2000,1.3,7,HopcroftKarpMatcher,-1,na,total_edges_visited,58022
U4,2000,1.3,7,HopcroftKarpMatcher,-1,na,matching_size,2000
U4,2000,1.3,7,HopcroftKarpMatcher,-1,na,wall_clock_ms,12.1061
U4,2000,1.3,7,HopcroftKarpMatcher,-1,na,matching_size,2000
U4,2000,1.5,0,SimpleAugmentingMatcher,-1,na,wall_clock_ms,1175.99
U4,2000,1.5,0,SimpleAugmentingMatcher,-1,na,matching_size,2000
U4,2000,1.5,0,HopcroftKarpMatcher,0,na,paths_found_per_phase,1970
U4,2000,1.5,0,HopcroftKarpMatcher,0,na,bfs_edges_visited,89442
U4,2000,1.5,0,HopcroftKarpMatcher,0,na,dfs_edges_visited,44707
U4,2000,1.5,0,HopcroftKarpMatcher,0,na,defect_at_iteration,30
U4,2000,1.5,0,HopcroftKarpMatcher,1,na,paths_found_per_phase,30
U4,2000,1.5,0,HopcroftKarpMatcher,1,na,bfs_edges_visited,44192
U4,2000,1.5,0,HopcroftKarpMatcher,1,na,dfs_edges_visited,7141
U4,2000,1.5,0,HopcroftKarpMatcher,1,na,defect_at_iteration,0
U4,2000,1.5,0,HopcroftKarpMatcher,-1,na,phase_count,2
U4,2000,1.5,0,HopcroftKarpMatcher,-1,na,main_loop_iters,2
U4,2000,1.5,0,HopcroftKarpMatcher,-1,na,total_bfs_edges_visited,133634
U4,2000,1.5,0,HopcroftKarpMatcher,-1,na,total_edges_visited,185482
U4,2000,1.5,0,HopcroftKarpMatcher,-1,na,matching_size,2000
U4,2000,1.5,0,HopcroftKarpMatcher,-1,na,wall_clock_ms,9.86115
U4,2000,1.5,0,HopcroftKarpMatcher,-1,na,matching_size,2000
U4,500,1.2,12,SimpleAugmentingMatcher,-1,na,wall_clock_ms,4.07458
U4,500,1.2,12,SimpleAugmentingMatcher,-1,na,matching_size,481
U4,500,1.2,12,HopcroftKarpMatcher,0,na,paths_found_per_phase,401
U4,500,1.2,12,HopcroftKarpMatcher,0,na,bfs_edges_visited,1732
U4,500,1.2,12,HopcroftKarpMatcher,0,na,dfs_edges_visited,934
U4,500,1.2,12,HopcroftKarpMatcher,0,na,defect_at_iteration,99
U4,500,1.2,12,HopcroftKarpMatcher,1,na,paths_found_per_phase,59
U4,500,1.2,12,HopcroftKarpMatcher,1,na,bfs_edges_visited,739
U4,500,1.2,12,HopcroftKarpMatcher,1,na,dfs_edges_visited,787
U4,500,1.2,12,HopcroftKarpMatcher,1,na,defect_at_iteration,40
U4,500,1.2,12,HopcroftKarpMatcher,2,na,paths_found_per_phase,7
U4,500,1.2,12,HopcroftKarpMatcher,2,na,bfs_edges_visited,428
U4,500,1.2,12,HopcroftKarpMatcher,2,na,dfs_edges_visited,693
U4,500,1.2,12,HopcroftKarpMatcher,2,na,defect_at_iteration,33
U4,500,1.2,12,HopcroftKarpMatcher,3,na,paths_found_per_phase,8
U4,500,1.2,12,HopcroftKarpMatcher,3,na,bfs_edges_visited,883
U4,500,1.2,12,HopcroftKarpMatcher,3,na,dfs_edges_visited,647
U4,500,1.2,12,HopcroftKarpMatcher,3,na,defect_at_iteration,25
U4,500,1.2,12,HopcroftKarpMatcher,4,na,paths_found_per_phase,4
U4,500,1.2,12,HopcroftKarpMatcher,4,na,bfs_edges_visited,658
U4,500,1.2,12,HopcroftKarpMatcher,4,na,dfs_edges_visited,481
U4,500,1.2,12,HopcroftKarpMatcher,4,na,defect_at_iteration,21
U4,500,1.2,12,HopcroftKarpMatcher,5,na,paths_found_per_phase,1
U4,500,1.2,12,HopcroftKarpMatcher,5,na,bfs_edges_visited,740
U4,500,1.2,12,HopcroftKarpMatcher,5,na,dfs_edges_visited,723
U4,500,1.2,12,HopcroftKarpMatcher,5,na,defect_at_iteration,20
U4,500,1.2,12,HopcroftKarpMatcher,6,na,paths_found_per_phase,1
U4,500,1.2,12,HopcroftKarpMatcher,6,na,bfs_edges_visited,1128
U4,500,1.2,12,HopcroftKarpMatcher,6,na,dfs_edges_visited,182
U4,500,1.2,12,HopcroftKarpMatcher,6,na,defect_at_iteration,19
U4,500,1.2,12,HopcroftKarpMatcher,-1,na,phase_count,7
U4,500,1.2,12,HopcroftKarpMatcher,-1,na,main_loop_iters,7
U4,500,1.2,12,HopcroftKarpMatcher,-1,na,total_bfs_edges_visited,6308
U4,500,1.2,12,HopcroftKarpMatcher,-1,na,total_edges_visited,10755
U4,500,1.2,12,HopcroftKarpMatcher,-1,na,matching_size,481
U4,500,1.2,12,HopcroftKarpMatcher,-1,na,wall_clock_ms,1.85528
U4,500,1.2,12,HopcroftKarpMatcher,-1,na,matching_size,481
U4,2000,2,1,SimpleAugmentingMatcher,-1,na,wall_clock_ms,1730.82
U4,2000,2,1,SimpleAugmentingMatcher,-1,na,matching_size,2000
U4,2000,2,1,HopcroftKarpMatcher,0,na,paths_found_per_phase,2000
U4,2000,2,1,HopcroftKarpMatcher,0,na,bfs_edges_visited,4e+06
U4,2000,2,1,HopcroftKarpMatcher,0,na,dfs_edges_visited,2.001e+06
U4,2000,2,1,HopcroftKarpMatcher,0,na,defect_at_iteration,0
U4,2000,2,1,HopcroftKarpMatcher,-1,na,phase_count,1
U4,2000,2,1,HopcroftKarpMatcher,-1,na,main_loop_iters,1
U4,2000,2,1,HopcroftKarpMatcher,-1,na,total_bfs_edges_visited,4e+06
U4,2000,2,1,HopcroftKarpMatcher,-1,na,total_edges_visited,6.001e+06
U4,2000,2,1,HopcroftKarpMatcher,-1,na,matching_size,2000
U4,2000,2,1,HopcroftKarpMatcher,-1,na,wall_clock_ms,7.97288
U4,2000,2,1,HopcroftKarpMatcher,-1,na,matching_size,2000
U4,1000,1.2,6,SimpleAugmentingMatcher,-1,na,wall_clock_ms,27.2104
U4,1000,1.2,6,SimpleAugmentingMatcher,-1,na,matching_size,978
U4,1000,1.2,6,HopcroftKarpMatcher,0,na,paths_found_per_phase,829
U4,1000,1.2,6,HopcroftKarpMatcher,0,na,bfs_edges_visited,3981
U4,1000,1.2,6,HopcroftKarpMatcher,0,na,dfs_edges_visited,2179
U4,1000,1.2,6,HopcroftKarpMatcher,0,na,defect_at_iteration,171
U4,1000,1.2,6,HopcroftKarpMatcher,1,na,paths_found_per_phase,110
U4,1000,1.2,6,HopcroftKarpMatcher,1,na,bfs_edges_visited,1868
U4,1000,1.2,6,HopcroftKarpMatcher,1,na,dfs_edges_visited,1942
U4,1000,1.2,6,HopcroftKarpMatcher,1,na,defect_at_iteration,61
U4,1000,1.2,6,HopcroftKarpMatcher,2,na,paths_found_per_phase,15
U4,1000,1.2,6,HopcroftKarpMatcher,2,na,bfs_edges_visited,959
U4,1000,1.2,6,HopcroftKarpMatcher,2,na,dfs_edges_visited,1303
U4,1000,1.2,6,HopcroftKarpMatcher,2,na,defect_at_iteration,46
U4,1000,1.2,6,HopcroftKarpMatcher,3,na,paths_found_per_phase,10
U4,1000,1.2,6,HopcroftKarpMatcher,3,na,bfs_edges_visited,1089
U4,1000,1.2,6,HopcroftKarpMatcher,3,na,dfs_edges_visited,1514
U4,1000,1.2,6,HopcroftKarpMatcher,3,na,defect_at_iteration,36
U4,1000,1.2,6,HopcroftKarpMatcher,4,na,paths_found_per_phase,7
U4,1000,1.2,6,HopcroftKarpMatcher,4,na,bfs_edges_visited,2026
U4,1000,1.2,6,HopcroftKarpMatcher,4,na,dfs_edges_visited,1890
U4,1000,1.2,6,HopcroftKarpMatcher,4,na,defect_at_iteration,29
U4,1000,1.2,6,HopcroftKarpMatcher,5,na,paths_found_per_phase,2
U4,1000,1.2,6,HopcroftKarpMatcher,5,na,bfs_edges_visited,1829
U4,1000,1.2,6,HopcroftKarpMatcher,5,na,dfs_edges_visited,1639
U4,1000,1.2,6,HopcroftKarpMatcher,5,na,defect_at_iteration,27
U4,1000,1.2,6,HopcroftKarpMatcher,6,na,paths_found_per_phase,3
U4,1000,1.2,6,HopcroftKarpMatcher,6,na,bfs_edges_visited,1485
U4,1000,1.2,6,HopcroftKarpMatcher,6,na,dfs_edges_visited,981
U4,1000,1.2,6,HopcroftKarpMatcher,6,na,defect_at_iteration,24
U4,1000,1.2,6,HopcroftKarpMatcher,7,na,paths_found_per_phase,1
U4,1000,1.2,6,HopcroftKarpMatcher,7,na,bfs_edges_visited,1851
U4,1000,1.2,6,HopcroftKarpMatcher,7,na,dfs_edges_visited,1897
U4,1000,1.2,6,HopcroftKarpMatcher,7,na,defect_at_iteration,23
U4,1000,1.2,6,HopcroftKarpMatcher,8,na,paths_found_per_phase,1
U4,1000,1.2,6,HopcroftKarpMatcher,8,na,bfs_edges_visited,2928
U4,1000,1.2,6,HopcroftKarpMatcher,8,na,dfs_edges_visited,812
U4,1000,1.2,6,HopcroftKarpMatcher,8,na,defect_at_iteration,22
U4,1000,1.2,6,HopcroftKarpMatcher,-1,na,phase_count,9
U4,1000,1.2,6,HopcroftKarpMatcher,-1,na,main_loop_iters,9
U4,1000,1.2,6,HopcroftKarpMatcher,-1,na,total_bfs_edges_visited,18016
U4,1000,1.2,6,HopcroftKarpMatcher,-1,na,total_edges_visited,32173
U4,1000,1.2,6,HopcroftKarpMatcher,-1,na,matching_size,978
U4,1000,1.2,6,HopcroftKarpMatcher,-1,na,wall_clock_ms,8.85542
U4,1000,1.2,6,HopcroftKarpMatcher,-1,na,matching_size,978
U4,500,1.8,13,SimpleAugmentingMatcher,-1,na,wall_clock_ms,72.915
U4,500,1.8,13,SimpleAugmentingMatcher,-1,na,matching_size,500
U4,500,1.8,13,HopcroftKarpMatcher,0,na,paths_found_per_phase,497
U4,500,1.8,13,HopcroftKarpMatcher,0,na,bfs_edges_visited,72134
U4,500,1.8,13,HopcroftKarpMatcher,0,na,dfs_edges_visited,36168
U4,500,1.8,13,HopcroftKarpMatcher,0,na,defect_at_iteration,3
U4,500,1.8,13,HopcroftKarpMatcher,1,na,paths_found_per_phase,3
U4,500,1.8,13,HopcroftKarpMatcher,1,na,bfs_edges_visited,44776
U4,500,1.8,13,HopcroftKarpMatcher,1,na,dfs_edges_visited,1095
U4,500,1.8,13,HopcroftKarpMatcher,1,na,defect_at_iteration,0
U4,500,1.8,13,HopcroftKarpMatcher,-1,na,phase_count,2
U4,500,1.8,13,HopcroftKarpMatcher,-1,na,main_loop_iters,2
U4,500,1.8,13,HopcroftKarpMatcher,-1,na,total_bfs_edges_visited,116910
U4,500,1.8,13,HopcroftKarpMatcher,-1,na,total_edges_visited,154173
U4,500,1.8,13,HopcroftKarpMatcher,-1,na,matching_size,500
U4,500,1.8,13,HopcroftKarpMatcher,-1,na,wall_clock_ms,2.15487
U4,500,1.8,13,HopcroftKarpMatcher,-1,na,matching_size,500
U4,1000,1.8,10,SimpleAugmentingMatcher,-1,na,wall_clock_ms,565.402
U4,1000,1.8,10,SimpleAugmentingMatcher,-1,na,matching_size,1000
U4,1000,1.8,10,HopcroftKarpMatcher,0,na,paths_found_per_phase,999
U4,1000,1.8,10,HopcroftKarpMatcher,0,na,bfs_edges_visited,251188
U4,1000,1.8,10,HopcroftKarpMatcher,0,na,dfs_edges_visited,125556
U4,1000,1.8,10,HopcroftKarpMatcher,0,na,defect_at_iteration,1
U4,1000,1.8,10,HopcroftKarpMatcher,1,na,paths_found_per_phase,1
U4,1000,1.8,10,HopcroftKarpMatcher,1,na,bfs_edges_visited,63726
U4,1000,1.8,10,HopcroftKarpMatcher,1,na,dfs_edges_visited,486
U4,1000,1.8,10,HopcroftKarpMatcher,1,na,defect_at_iteration,0
U4,1000,1.8,10,HopcroftKarpMatcher,-1,na,phase_count,2
U4,1000,1.8,10,HopcroftKarpMatcher,-1,na,main_loop_iters,2
U4,1000,1.8,10,HopcroftKarpMatcher,-1,na,total_bfs_edges_visited,314914
U4,1000,1.8,10,HopcroftKarpMatcher,-1,na,total_edges_visited,440956
U4,1000,1.8,10,HopcroftKarpMatcher,-1,na,matching_size,1000
U4,1000,1.8,10,HopcroftKarpMatcher,-1,na,wall_clock_ms,6.2723
U4,1000,1.8,10,HopcroftKarpMatcher,-1,na,matching_size,1000
U4,500,1,6,SimpleAugmentingMatcher,-1,na,wall_clock_ms,0.242608
U4,500,1,6,SimpleAugmentingMatcher,-1,na,matching_size,275
U4,500,1,6,HopcroftKarpMatcher,0,na,paths_found_per_phase,258
U4,500,1,6,HopcroftKarpMatcher,0,na,bfs_edges_visited,500
U4,500,1,6,HopcroftKarpMatcher,0,na,dfs_edges_visited,367
U4,500,1,6,HopcroftKarpMatcher,0,na,defect_at_iteration,242
U4,500,1,6,HopcroftKarpMatcher,1,na,paths_found_per_phase,16
U4,500,1,6,HopcroftKarpMatcher,1,na,bfs_edges_visited,172
U4,500,1,6,HopcroftKarpMatcher,1,na,dfs_edges_visited,178
U4,500,1,6,HopcroftKarpMatcher,1,na,defect_at_iteration,226
U4,500,1,6,HopcroftKarpMatcher,2,na,paths_found_per_phase,1
U4,500,1,6,HopcroftKarpMatcher,2,na,bfs_edges_visited,123
U4,500,1,6,HopcroftKarpMatcher,2,na,dfs_edges_visited,124
U4,500,1,6,HopcroftKarpMatcher,2,na,defect_at_iteration,225
U4,500,1,6,HopcroftKarpMatcher,-1,na,phase_count,3
U4,500,1,6,HopcroftKarpMatcher,-1,na,main_loop_iters,3
U4,500,1,6,HopcroftKarpMatcher,-1,na,total_bfs_edges_visited,795
U4,500,1,6,HopcroftKarpMatcher,-1,na,total_edges_visited,1464
U4,500,1,6,HopcroftKarpMatcher,-1,na,matching_size,275
U4,500,1,6,HopcroftKarpMatcher,-1,na,wall_clock_ms,1.15931
U4,500,1,6,HopcroftKarpMatcher,-1,na,matching_size,275
U4,1000,1.7,7,SimpleAugmentingMatcher,-1,na,wall_clock_ms,339.312
U4,1000,1.7,7,SimpleAugmentingMatcher,-1,na,matching_size,1000
U4,1000,1.7,7,HopcroftKarpMatcher,0,na,paths_found_per_phase,993
U4,1000,1.7,7,HopcroftKarpMatcher,0,na,bfs_edges_visited,125892
U4,1000,1.7,7,HopcroftKarpMatcher,0,na,dfs_edges_visited,63015
U4,1000,1.7,7,HopcroftKarpMatcher,0,na,defect_at_iteration,7
U4,1000,1.7,7,HopcroftKarpMatcher,1,na,paths_found_per_phase,7
U4,1000,1.7,7,HopcroftKarpMatcher,1,na,bfs_edges_visited,76836
U4,1000,1.7,7,HopcroftKarpMatcher,1,na,dfs_edges_visited,3027
U4,1000,1.7,7,HopcroftKarpMatcher,1,na,defect_at_iteration,0
U4,1000,1.7,7,HopcroftKarpMatcher,-1,na,phase_count,2
U4,1000,1.7,7,HopcroftKarpMatcher,-1,na,main_loop_iters,2
U4,1000,1.7,7,HopcroftKarpMatcher,-1,na,total_bfs_edges_visited,202728
U4,1000,1.7,7,HopcroftKarpMatcher,-1,na,total_edges_visited,268770
U4,1000,1.7,7,HopcroftKarpMatcher,-1,na,matching_size,1000
U4,1000,1.7,7,HopcroftKarpMatcher,-1,na,wall_clock_ms,4.78735
U4,1000,1.7,7,HopcroftKarpMatcher,-1,na,matching_size,1000
U4,2000,2,4,SimpleAugmentingMatcher,-1,na,wall_clock_ms,1729.36
U4,2000,2,4,SimpleAugmentingMatcher,-1,na,matching_size,2000
U4,2000,2,4,HopcroftKarpMatcher,0,na,paths_found_per_phase,2000
U4,2000,2,4,HopcroftKarpMatcher,0,na,bfs_edges_visited,4e+06
U4,2000,2,4,HopcroftKarpMatcher,0,na,dfs_edges_visited,2.001e+06
U4,2000,2,4,HopcroftKarpMatcher,0,na,defect_at_iteration,0
U4,2000,2,4,HopcroftKarpMatcher,-1,na,phase_count,1
U4,2000,2,4,HopcroftKarpMatcher,-1,na,main_loop_iters,1
U4,2000,2,4,HopcroftKarpMatcher,-1,na,total_bfs_edges_visited,4e+06
U4,2000,2,4,HopcroftKarpMatcher,-1,na,total_edges_visited,6.001e+06
U4,2000,2,4,HopcroftKarpMatcher,-1,na,matching_size,2000
U4,2000,2,4,HopcroftKarpMatcher,-1,na,wall_clock_ms,7.99301
U4,2000,2,4,HopcroftKarpMatcher,-1,na,matching_size,2000
U4,1000,1.5,10,SimpleAugmentingMatcher,-1,na,wall_clock_ms,146.212
U4,1000,1.5,10,SimpleAugmentingMatcher,-1,na,matching_size,1000
U4,1000,1.5,10,HopcroftKarpMatcher,0,na,paths_found_per_phase,976
U4,1000,1.5,10,HopcroftKarpMatcher,0,na,bfs_edges_visited,31622
U4,1000,1.5,10,HopcroftKarpMatcher,0,na,dfs_edges_visited,15850
U4,1000,1.5,10,HopcroftKarpMatcher,0,na,defect_at_iteration,24
U4,1000,1.5,10,HopcroftKarpMatcher,1,na,paths_found_per_phase,24
U4,1000,1.5,10,HopcroftKarpMatcher,1,na,bfs_edges_visited,16813
U4,1000,1.5,10,HopcroftKarpMatcher,1,na,dfs_edges_visited,4738
U4,1000,1.5,10,HopcroftKarpMatcher,1,na,defect_at_iteration,0
U4,1000,1.5,10,HopcroftKarpMatcher,-1,na,phase_count,2
U4,1000,1.5,10,HopcroftKarpMatcher,-1,na,main_loop_iters,2
U4,1000,1.5,10,HopcroftKarpMatcher,-1,na,total_bfs_edges_visited,48435
U4,1000,1.5,10,HopcroftKarpMatcher,-1,na,total_edges_visited,69023
U4,1000,1.5,10,HopcroftKarpMatcher,-1,na,matching_size,1000
U4,1000,1.5,10,HopcroftKarpMatcher,-1,na,wall_clock_ms,2.83163
U4,1000,1.5,10,HopcroftKarpMatcher,-1,na,matching_size,1000
U4,2000,1.7,14,SimpleAugmentingMatcher,-1,na,wall_clock_ms,2524.27
U4,2000,1.7,14,SimpleAugmentingMatcher,-1,na,matching_size,2000
U4,2000,1.7,14,HopcroftKarpMatcher,0,na,paths_found_per_phase,1994
U4,2000,1.7,14,HopcroftKarpMatcher,0,na,bfs_edges_visited,409026
U4,2000,1.7,14,HopcroftKarpMatcher,0,na,dfs_edges_visited,204576
U4,2000,1.7,14,HopcroftKarpMatcher,0,na,defect_at_iteration,6
U4,2000,1.7,14,HopcroftKarpMatcher,1,na,paths_found_per_phase,6
U4,2000,1.7,14,HopcroftKarpMatcher,1,na,bfs_edges_visited,189931
U4,2000,1.7,14,HopcroftKarpMatcher,1,na,dfs_edges_visited,7187
U4,2000,1.7,14,HopcroftKarpMatcher,1,na,defect_at_iteration,0
U4,2000,1.7,14,HopcroftKarpMatcher,-1,na,phase_count,2
U4,2000,1.7,14,HopcroftKarpMatcher,-1,na,main_loop_iters,2
U4,2000,1.7,14,HopcroftKarpMatcher,-1,na,total_bfs_edges_visited,598957
U4,2000,1.7,14,HopcroftKarpMatcher,-1,na,total_edges_visited,810720
U4,2000,1.7,14,HopcroftKarpMatcher,-1,na,matching_size,2000
U4,2000,1.7,14,HopcroftKarpMatcher,-1,na,wall_clock_ms,15.8749
U4,2000,1.7,14,HopcroftKarpMatcher,-1,na,matching_size,2000
U4,500,1.2,4,SimpleAugmentingMatcher,-1,na,wall_clock_ms,4.1781
U4,500,1.2,4,SimpleAugmentingMatcher,-1,na,matching_size,482
U4,500,1.2,4,HopcroftKarpMatcher,0,na,paths_found_per_phase,403
U4,500,1.2,4,HopcroftKarpMatcher,0,na,bfs_edges_visited,1732
U4,500,1.2,4,HopcroftKarpMatcher,0,na,dfs_edges_visited,971
U4,500,1.2,4,HopcroftKarpMatcher,0,na,defect_at_iteration,97
U4,500,1.2,4,HopcroftKarpMatcher,1,na,paths_found_per_phase,55
U4,500,1.2,4,HopcroftKarpMatcher,1,na,bfs_edges_visited,811
U4,500,1.2,4,HopcroftKarpMatcher,1,na,dfs_edges_visited,827
U4,500,1.2,4,HopcroftKarpMatcher,1,na,defect_at_iteration,42
U4,500,1.2,4,HopcroftKarpMatcher,2,na,paths_found_per_phase,11
U4,500,1.2,4,HopcroftKarpMatcher,2,na,bfs_edges_visited,416
U4,500,1.2,4,HopcroftKarpMatcher,2,na,dfs_edges_visited,553
U4,500,1.2,4,HopcroftKarpMatcher,2,na,defect_at_iteration,31
U4,500,1.2,4,HopcroftKarpMatcher,3,na,paths_found_per_phase,3
U4,500,1.2,4,HopcroftKarpMatcher,3,na,bfs_edges_visited,317
U4,500,1.2,4,HopcroftKarpMatcher,3,na,dfs_edges_visited,586
U4,500,1.2,4,HopcroftKarpMatcher,3,na,defect_at_iteration,28
U4,500,1.2,4,HopcroftKarpMatcher,4,na,paths_found_per_phase,6
U4,500,1.2,4,HopcroftKarpMatcher,4,na,bfs_edges_visited,870
U4,500,1.2,4,HopcroftKarpMatcher,4,na,dfs_edges_visited,507
U4,500,1.2,4,HopcroftKarpMatcher,4,na,defect_at_iteration,22
U4,500,1.2,4,HopcroftKarpMatcher,5,na,paths_found_per_phase,3
U4,500,1.2,4,HopcroftKarpMatcher,5,na,bfs_edges_visited,606
U4,500,1.2,4,HopcroftKarpMatcher,5,na,dfs_edges_visited,372
U4,500,1.2,4,HopcroftKarpMatcher,5,na,defect_at_iteration,19
U4,500,1.2,4,HopcroftKarpMatcher,6,na,paths_found_per_phase,1
U4,500,1.2,4,HopcroftKarpMatcher,6,na,bfs_edges_visited,618
U4,500,1.2,4,HopcroftKarpMatcher,6,na,dfs_edges_visited,515
U4,500,1.2,4,HopcroftKarpMatcher,6,na,defect_at_iteration,18
U4,500,1.2,4,HopcroftKarpMatcher,-1,na,phase_count,7
U4,500,1.2,4,HopcroftKarpMatcher,-1,na,main_loop_iters,7
U4,500,1.2,4,HopcroftKarpMatcher,-1,na,total_bfs_edges_visited,5370
U4,500,1.2,4,HopcroftKarpMatcher,-1,na,total_edges_visited,9701
U4,500,1.2,4,HopcroftKarpMatcher,-1,na,matching_size,482
U4,500,1.2,4,HopcroftKarpMatcher,-1,na,wall_clock_ms,1.67594
U4,500,1.2,4,HopcroftKarpMatcher,-1,na,matching_size,482
U4,1000,1.2,13,SimpleAugmentingMatcher,-1,na,wall_clock_ms,28.196
U4,1000,1.2,13,SimpleAugmentingMatcher,-1,na,matching_size,982
U4,1000,1.2,13,HopcroftKarpMatcher,0,na,paths_found_per_phase,831
U4,1000,1.2,13,HopcroftKarpMatcher,0,na,bfs_edges_visited,3981
U4,1000,1.2,13,HopcroftKarpMatcher,0,na,dfs_edges_visited,2180
U4,1000,1.2,13,HopcroftKarpMatcher,0,na,defect_at_iteration,169
U4,1000,1.2,13,HopcroftKarpMatcher,1,na,paths_found_per_phase,110
U4,1000,1.2,13,HopcroftKarpMatcher,1,na,bfs_edges_visited,1888
U4,1000,1.2,13,HopcroftKarpMatcher,1,na,dfs_edges_visited,1895
U4,1000,1.2,13,HopcroftKarpMatcher,1,na,defect_at_iteration,59
U4,1000,1.2,13,HopcroftKarpMatcher,2,na,paths_found_per_phase,16
U4,1000,1.2,13,HopcroftKarpMatcher,2,na,bfs_edges_visited,982
U4,1000,1.2,13,HopcroftKarpMatcher,2,na,dfs_edges_visited,1531
U4,1000,1.2,13,HopcroftKarpMatcher,2,na,defect_at_iteration,43
U4,1000,1.2,13,HopcroftKarpMatcher,3,na,paths_found_per_phase,11
U4,1000,1.2,13,HopcroftKarpMatcher,3,na,bfs_edges_visited,1195
U4,1000,1.2,13,HopcroftKarpMatcher,3,na,dfs_edges_visited,1538
U4,1000,1.2,13,HopcroftKarpMatcher,3,na,defect_at_iteration,32
U4,1000,1.2,13,HopcroftKarpMatcher,4,na,paths_found_per_phase,7
U4,1000,1.2,13,HopcroftKarpMatcher,4,na,bfs_edges_visited,1978
U4,1000,1.2,13,HopcroftKarpMatcher,4,na,dfs_edges_visited,1473
U4,1000,1.2,13,HopcroftKarpMatcher,4,na,defect_at_iteration,25
U4,1000,1.2,13,HopcroftKarpMatcher,5,na,paths_found_per_phase,4
U4,1000,1.2,13,HopcroftKarpMatcher,5,na,bfs_edges_visited,2492
U4,1000,1.2,13,HopcroftKarpMatcher,5,na,dfs_edges_visited,1843
U4,1000,1.2,13,HopcroftKarpMatcher,5,na,defect_at_iteration,21
U4,1000,1.2,13,HopcroftKarpMatcher,6,na,paths_found_per_phase,1
U4,1000,1.2,13,HopcroftKarpMatcher,6,na,bfs_edges_visited,1905
U4,1000,1.2,13,HopcroftKarpMatcher,6,na,dfs_edges_visited,2756
U4,1000,1.2,13,HopcroftKarpMatcher,6,na,defect_at_iteration,20
U4,1000,1.2,13,HopcroftKarpMatcher,7,na,paths_found_per_phase,2
U4,1000,1.2,13,HopcroftKarpMatcher,7,na,bfs_edges_visited,3035
U4,1000,1.2,13,HopcroftKarpMatcher,7,na,dfs_edges_visited,3133
U4,1000,1.2,13,HopcroftKarpMatcher,7,na,defect_at_iteration,18
U4,1000,1.2,13,HopcroftKarpMatcher,-1,na,phase_count,8
U4,1000,1.2,13,HopcroftKarpMatcher,-1,na,main_loop_iters,8
U4,1000,1.2,13,HopcroftKarpMatcher,-1,na,total_bfs_edges_visited,17456
U4,1000,1.2,13,HopcroftKarpMatcher,-1,na,total_edges_visited,33805
U4,1000,1.2,13,HopcroftKarpMatcher,-1,na,matching_size,982
U4,1000,1.2,13,HopcroftKarpMatcher,-1,na,wall_clock_ms,9.14389
U4,1000,1.2,13,HopcroftKarpMatcher,-1,na,matching_size,982
U4,2000,1.2,9,SimpleAugmentingMatcher,-1,na,wall_clock_ms,155.548
U4,2000,1.2,9,SimpleAugmentingMatcher,-1,na,matching_size,1982
U4,2000,1.2,9,HopcroftKarpMatcher,0,na,paths_found_per_phase,1742
U4,2000,1.2,9,HopcroftKarpMatcher,0,na,bfs_edges_visited,9146
U4,2000,1.2,9,HopcroftKarpMatcher,0,na,dfs_edges_visited,4807
U4,2000,1.2,9,HopcroftKarpMatcher,0,na,defect_at_iteration,258
U4,2000,1.2,9,HopcroftKarpMatcher,1,na,paths_found_per_phase,193
U4,2000,1.2,9,HopcroftKarpMatcher,1,na,bfs_edges_visited,3725
U4,2000,1.2,9,HopcroftKarpMatcher,1,na,dfs_edges_visited,3971
U4,2000,1.2,9,HopcroftKarpMatcher,1,na,defect_at_iteration,65
U4,2000,1.2,9,HopcroftKarpMatcher,2,na,paths_found_per_phase,28
U4,2000,1.2,9,HopcroftKarpMatcher,2,na,bfs_edges_visited,1621
U4,2000,1.2,9,HopcroftKarpMatcher,2,na,dfs_edges_visited,2449
U4,2000,1.2,9,HopcroftKarpMatcher,2,na,defect_at_iteration,37
U4,2000,1.2,9,HopcroftKarpMatcher,3,na,paths_found_per_phase,11
U4,2000,1.2,9,HopcroftKarpMatcher,3,na,bfs_edges_visited,3366
U4,2000,1.2,9,HopcroftKarpMatcher,3,na,dfs_edges_visited,3727
U4,2000,1.2,9,HopcroftKarpMatcher,3,na,defect_at_iteration,26
U4,2000,1.2,9,HopcroftKarpMatcher,4,na,paths_found_per_phase,7
U4,2000,1.2,9,HopcroftKarpMatcher,4,na,bfs_edges_visited,6340
U4,2000,1.2,9,HopcroftKarpMatcher,4,na,dfs_edges_visited,3120
U4,2000,1.2,9,HopcroftKarpMatcher,4,na,defect_at_iteration,19
U4,2000,1.2,9,HopcroftKarpMatcher,5,na,paths_found_per_phase,1
U4,2000,1.2,9,HopcroftKarpMatcher,5,na,bfs_edges_visited,2784
U4,2000,1.2,9,HopcroftKarpMatcher,5,na,dfs_edges_visited,992
U4,2000,1.2,9,HopcroftKarpMatcher,5,na,defect_at_iteration,18
U4,2000,1.2,9,HopcroftKarpMatcher,-1,na,phase_count,6
U4,2000,1.2,9,HopcroftKarpMatcher,-1,na,main_loop_iters,6
U4,2000,1.2,9,HopcroftKarpMatcher,-1,na,total_bfs_edges_visited,26982
U4,2000,1.2,9,HopcroftKarpMatcher,-1,na,total_edges_visited,46048
U4,2000,1.2,9,HopcroftKarpMatcher,-1,na,matching_size,1982
U4,2000,1.2,9,HopcroftKarpMatcher,-1,na,wall_clock_ms,20.842
U4,2000,1.2,9,HopcroftKarpMatcher,-1,na,matching_size,1982
U4,500,1.8,5,SimpleAugmentingMatcher,-1,na,wall_clock_ms,87.6682
U4,500,1.8,5,SimpleAugmentingMatcher,-1,na,matching_size,500
U4,500,1.8,5,HopcroftKarpMatcher,0,na,paths_found_per_phase,498
U4,500,1.8,5,HopcroftKarpMatcher,0,na,bfs_edges_visited,72134
U4,500,1.8,5,HopcroftKarpMatcher,0,na,dfs_edges_visited,35993
U4,500,1.8,5,HopcroftKarpMatcher,0,na,defect_at_iteration,2
U4,500,1.8,5,HopcroftKarpMatcher,1,na,paths_found_per_phase,2
U4,500,1.8,5,HopcroftKarpMatcher,1,na,bfs_edges_visited,34174
U4,500,1.8,5,HopcroftKarpMatcher,1,na,dfs_edges_visited,1678
U4,500,1.8,5,HopcroftKarpMatcher,1,na,defect_at_iteration,0
U4,500,1.8,5,HopcroftKarpMatcher,-1,na,phase_count,2
U4,500,1.8,5,HopcroftKarpMatcher,-1,na,main_loop_iters,2
U4,500,1.8,5,HopcroftKarpMatcher,-1,na,total_bfs_edges_visited,106308
U4,500,1.8,5,HopcroftKarpMatcher,-1,na,total_edges_visited,143979
U4,500,1.8,5,HopcroftKarpMatcher,-1,na,matching_size,500
U4,500,1.8,5,HopcroftKarpMatcher,-1,na,wall_clock_ms,2.05125
U4,500,1.8,5,HopcroftKarpMatcher,-1,na,matching_size,500
U4,500,1.1,6,SimpleAugmentingMatcher,-1,na,wall_clock_ms,0.525092
U4,500,1.1,6,SimpleAugmentingMatcher,-1,na,matching_size,377
U4,500,1.1,6,HopcroftKarpMatcher,0,na,paths_found_per_phase,332
U4,500,1.1,6,HopcroftKarpMatcher,0,na,bfs_edges_visited,930
U4,500,1.1,6,HopcroftKarpMatcher,0,na,dfs_edges_visited,607
U4,500,1.1,6,HopcroftKarpMatcher,0,na,defect_at_iteration,168
U4,500,1.1,6,HopcroftKarpMatcher,1,na,paths_found_per_phase,41
U4,500,1.1,6,HopcroftKarpMatcher,1,na,bfs_edges_visited,434
U4,500,1.1,6,HopcroftKarpMatcher,1,na,dfs_edges_visited,464
U4,500,1.1,6,HopcroftKarpMatcher,1,na,defect_at_iteration,127
U4,500,1.1,6,HopcroftKarpMatcher,2,na,paths_found_per_phase,4
U4,500,1.1,6,HopcroftKarpMatcher,2,na,bfs_edges_visited,341
U4,500,1.1,6,HopcroftKarpMatcher,2,na,dfs_edges_visited,339
U4,500,1.1,6,HopcroftKarpMatcher,2,na,defect_at_iteration,123
U4,500,1.1,6,HopcroftKarpMatcher,-1,na,phase_count,3
U4,500,1.1,6,HopcroftKarpMatcher,-1,na,main_loop_iters,3
U4,500,1.1,6,HopcroftKarpMatcher,-1,na,total_bfs_edges_visited,1705
U4,500,1.1,6,HopcroftKarpMatcher,-1,na,total_edges_visited,3115
U4,500,1.1,6,HopcroftKarpMatcher,-1,na,matching_size,377
U4,500,1.1,6,HopcroftKarpMatcher,-1,na,wall_clock_ms,1.10259
U4,500,1.1,6,HopcroftKarpMatcher,-1,na,matching_size,377
U4,2000,1.8,8,SimpleAugmentingMatcher,-1,na,wall_clock_ms,4164.14
U4,2000,1.8,8,SimpleAugmentingMatcher,-1,na,matching_size,2000
U4,2000,1.8,8,HopcroftKarpMatcher,0,na,paths_found_per_phase,1998
U4,2000,1.8,8,HopcroftKarpMatcher,0,na,bfs_edges_visited,874689
U4,2000,1.8,8,HopcroftKarpMatcher,0,na,dfs_edges_visited,437537
U4,2000,1.8,8,HopcroftKarpMatcher,0,na,defect_at_iteration,2
U4,2000,1.8,8,HopcroftKarpMatcher,1,na,paths_found_per_phase,2
U4,2000,1.8,8,HopcroftKarpMatcher,1,na,bfs_edges_visited,333412
U4,2000,1.8,8,HopcroftKarpMatcher,1,na,dfs_edges_visited,4389
U4,2000,1.8,8,HopcroftKarpMatcher,1,na,defect_at_iteration,0
U4,2000,1.8,8,HopcroftKarpMatcher,-1,na,phase_count,2
U4,2000,1.8,8,HopcroftKarpMatcher,-1,na,main_loop_iters,2
U4,2000,1.8,8,HopcroftKarpMatcher,-1,na,total_bfs_edges_visited,1.2081e+06
U4,2000,1.8,8,HopcroftKarpMatcher,-1,na,total_edges_visited,1.65003e+06
U4,2000,1.8,8,HopcroftKarpMatcher,-1,na,matching_size,2000
U4,2000,1.8,8,HopcroftKarpMatcher,-1,na,wall_clock_ms,24.3085
U4,2000,1.8,8,HopcroftKarpMatcher,-1,na,matching_size,2000
U4,2000,1.7,0,SimpleAugmentingMatcher,-1,na,wall_clock_ms,2524.1
U4,2000,1.7,0,SimpleAugmentingMatcher,-1,na,matching_size,2000
U4,2000,1.7,0,HopcroftKarpMatcher,0,na,paths_found_per_phase,1991
U4,2000,1.7,0,HopcroftKarpMatcher,0,na,bfs_edges_visited,409026
U4,2000,1.7,0,HopcroftKarpMatcher,0,na,dfs_edges_visited,204081
U4,2000,1.7,0,HopcroftKarpMatcher,0,na,defect_at_iteration,9
U4,2000,1.7,0,HopcroftKarpMatcher,1,na,paths_found_per_phase,9
U4,2000,1.7,0,HopcroftKarpMatcher,1,na,bfs_edges_visited,261925
U4,2000,1.7,0,HopcroftKarpMatcher,1,na,dfs_edges_visited,6252
U4,2000,1.7,0,HopcroftKarpMatcher,1,na,defect_at_iteration,0
U4,2000,1.7,0,HopcroftKarpMatcher,-1,na,phase_count,2
U4,2000,1.7,0,HopcroftKarpMatcher,-1,na,main_loop_iters,2
U4,2000,1.7,0,HopcroftKarpMatcher,-1,na,total_bfs_edges_visited,670951
U4,2000,1.7,0,HopcroftKarpMatcher,-1,na,total_edges_visited,881284
U4,2000,1.7,0,HopcroftKarpMatcher,-1,na,matching_size,2000
U4,2000,1.7,0,HopcroftKarpMatcher,-1,na,wall_clock_ms,17.1621
U4,2000,1.7,0,HopcroftKarpMatcher,-1,na,matching_size,2000
U4,2000,1.6,4,SimpleAugmentingMatcher,-1,na,wall_clock_ms,1702.71
U4,2000,1.6,4,SimpleAugmentingMatcher,-1,na,matching_size,2000
U4,2000,1.6,4,HopcroftKarpMatcher,0,na,paths_found_per_phase,1989
U4,2000,1.6,4,HopcroftKarpMatcher,0,na,bfs_edges_visited,191270
U4,2000,1.6,4,HopcroftKarpMatcher,0,na,dfs_edges_visited,95965
U4,2000,1.6,4,HopcroftKarpMatcher,0,na,defect_at_iteration,11
U4,2000,1.6,4,HopcroftKarpMatcher,1,na,paths_found_per_phase,11
U4,2000,1.6,4,HopcroftKarpMatcher,1,na,bfs_edges_visited,82434
U4,2000,1.6,4,HopcroftKarpMatcher,1,na,dfs_edges_visited,4883
U4,2000,1.6,4,HopcroftKarpMatcher,1,na,defect_at_iteration,0
U4,2000,1.6,4,HopcroftKarpMatcher,-1,na,phase_count,2
U4,2000,1.6,4,HopcroftKarpMatcher,-1,na,main_loop_iters,2
U4,2000,1.6,4,HopcroftKarpMatcher,-1,na,total_bfs_edges_visited,273704
U4,2000,1.6,4,HopcroftKarpMatcher,-1,na,total_edges_visited,374552
U4,2000,1.6,4,HopcroftKarpMatcher,-1,na,matching_size,2000
U4,2000,1.6,4,HopcroftKarpMatcher,-1,na,wall_clock_ms,11.2582
U4,2000,1.6,4,HopcroftKarpMatcher,-1,na,matching_size,2000
U4,2000,1.9,9,SimpleAugmentingMatcher,-1,na,wall_clock_ms,7022.99
U4,2000,1.9,9,SimpleAugmentingMatcher,-1,na,matching_size,2000
U4,2000,1.9,9,HopcroftKarpMatcher,0,na,paths_found_per_phase,2000
U4,2000,1.9,9,HopcroftKarpMatcher,0,na,bfs_edges_visited,1.8705e+06
U4,2000,1.9,9,HopcroftKarpMatcher,0,na,dfs_edges_visited,935592
U4,2000,1.9,9,HopcroftKarpMatcher,0,na,defect_at_iteration,0
U4,2000,1.9,9,HopcroftKarpMatcher,-1,na,phase_count,1
U4,2000,1.9,9,HopcroftKarpMatcher,-1,na,main_loop_iters,1
U4,2000,1.9,9,HopcroftKarpMatcher,-1,na,total_bfs_edges_visited,1.8705e+06
U4,2000,1.9,9,HopcroftKarpMatcher,-1,na,total_edges_visited,2.80609e+06
U4,2000,1.9,9,HopcroftKarpMatcher,-1,na,matching_size,2000
U4,2000,1.9,9,HopcroftKarpMatcher,-1,na,wall_clock_ms,32.3095
U4,2000,1.9,9,HopcroftKarpMatcher,-1,na,matching_size,2000
U4,500,2,14,SimpleAugmentingMatcher,-1,na,wall_clock_ms,27.8726
U4,500,2,14,SimpleAugmentingMatcher,-1,na,matching_size,500
U4,500,2,14,HopcroftKarpMatcher,0,na,paths_found_per_phase,500
U4,500,2,14,HopcroftKarpMatcher,0,na,bfs_edges_visited,250000
U4,500,2,14,HopcroftKarpMatcher,0,na,dfs_edges_visited,125250
U4,500,2,14,HopcroftKarpMatcher,0,na,defect_at_iteration,0
U4,500,2,14,HopcroftKarpMatcher,-1,na,phase_count,1
U4,500,2,14,HopcroftKarpMatcher,-1,na,main_loop_iters,1
U4,500,2,14,HopcroftKarpMatcher,-1,na,total_bfs_edges_visited,250000
U4,500,2,14,HopcroftKarpMatcher,-1,na,total_edges_visited,375250
U4,500,2,14,HopcroftKarpMatcher,-1,na,matching_size,500
U4,500,2,14,HopcroftKarpMatcher,-1,na,wall_clock_ms,0.511696
U4,500,2,14,HopcroftKarpMatcher,-1,na,matching_size,500
U4,500,2,10,SimpleAugmentingMatcher,-1,na,wall_clock_ms,27.8816
U4,500,2,10,SimpleAugmentingMatcher,-1,na,matching_size,500
U4,500,2,10,HopcroftKarpMatcher,0,na,paths_found_per_phase,500
U4,500,2,10,HopcroftKarpMatcher,0,na,bfs_edges_visited,250000
U4,500,2,10,HopcroftKarpMatcher,0,na,dfs_edges_visited,125250
U4,500,2,10,HopcroftKarpMatcher,0,na,defect_at_iteration,0
U4,500,2,10,HopcroftKarpMatcher,-1,na,phase_count,1
U4,500,2,10,HopcroftKarpMatcher,-1,na,main_loop_iters,1
U4,500,2,10,HopcroftKarpMatcher,-1,na,total_bfs_edges_visited,250000
U4,500,2,10,HopcroftKarpMatcher,-1,na,total_edges_visited,375250
U4,500,2,10,HopcroftKarpMatcher,-1,na,matching_size,500
U4,500,2,10,HopcroftKarpMatcher,-1,na,wall_clock_ms,0.512853
U4,500,2,10,HopcroftKarpMatcher,-1,na,matching_size,500
U4,500,1.2,3,SimpleAugmentingMatcher,-1,na,wall_clock_ms,3.27911
U4,500,1.2,3,SimpleAugmentingMatcher,-1,na,matching_size,472
U4,500,1.2,3,HopcroftKarpMatcher,0,na,paths_found_per_phase,400
U4,500,1.2,3,HopcroftKarpMatcher,0,na,bfs_edges_visited,1732
U4,500,1.2,3,HopcroftKarpMatcher,0,na,dfs_edges_visited,943
U4,500,1.2,3,HopcroftKarpMatcher,0,na,defect_at_iteration,100
U4,500,1.2,3,HopcroftKarpMatcher,1,na,paths_found_per_phase,53
U4,500,1.2,3,HopcroftKarpMatcher,1,na,bfs_edges_visited,721
U4,500,1.2,3,HopcroftKarpMatcher,1,na,dfs_edges_visited,744
U4,500,1.2,3,HopcroftKarpMatcher,1,na,defect_at_iteration,47
U4,500,1.2,3,HopcroftKarpMatcher,2,na,paths_found_per_phase,9
U4,500,1.2,3,HopcroftKarpMatcher,2,na,bfs_edges_visited,381
U4,500,1.2,3,HopcroftKarpMatcher,2,na,dfs_edges_visited,506
U4,500,1.2,3,HopcroftKarpMatcher,2,na,defect_at_iteration,38
U4,500,1.2,3,HopcroftKarpMatcher,3,na,paths_found_per_phase,4
U4,500,1.2,3,HopcroftKarpMatcher,3,na,bfs_edges_visited,558
U4,500,1.2,3,HopcroftKarpMatcher,3,na,dfs_edges_visited,621
U4,500,1.2,3,HopcroftKarpMatcher,3,na,defect_at_iteration,34
U4,500,1.2,3,HopcroftKarpMatcher,4,na,paths_found_per_phase,5
U4,500,1.2,3,HopcroftKarpMatcher,4,na,bfs_edges_visited,958
U4,500,1.2,3,HopcroftKarpMatcher,4,na,dfs_edges_visited,497
U4,500,1.2,3,HopcroftKarpMatcher,4,na,defect_at_iteration,29
U4,500,1.2,3,HopcroftKarpMatcher,5,na,paths_found_per_phase,1
U4,500,1.2,3,HopcroftKarpMatcher,5,na,bfs_edges_visited,345
U4,500,1.2,3,HopcroftKarpMatcher,5,na,dfs_edges_visited,224
U4,500,1.2,3,HopcroftKarpMatcher,5,na,defect_at_iteration,28
U4,500,1.2,3,HopcroftKarpMatcher,-1,na,phase_count,6
U4,500,1.2,3,HopcroftKarpMatcher,-1,na,main_loop_iters,6
U4,500,1.2,3,HopcroftKarpMatcher,-1,na,total_bfs_edges_visited,4695
U4,500,1.2,3,HopcroftKarpMatcher,-1,na,total_edges_visited,8230
U4,500,1.2,3,HopcroftKarpMatcher,-1,na,matching_size,472
U4,500,1.2,3,HopcroftKarpMatcher,-1,na,wall_clock_ms,1.44806
U4,500,1.2,3,HopcroftKarpMatcher,-1,na,matching_size,472
U4,2000,1.4,3,SimpleAugmentingMatcher,-1,na,wall_clock_ms,728.167
U4,2000,1.4,3,SimpleAugmentingMatcher,-1,na,matching_size,2000
U4,2000,1.4,3,HopcroftKarpMatcher,0,na,paths_found_per_phase,1926
U4,2000,1.4,3,HopcroftKarpMatcher,0,na,bfs_edges_visited,41825
U4,2000,1.4,3,HopcroftKarpMatcher,0,na,dfs_edges_visited,21070
U4,2000,1.4,3,HopcroftKarpMatcher,0,na,defect_at_iteration,74
U4,2000,1.4,3,HopcroftKarpMatcher,1,na,paths_found_per_phase,74
U4,2000,1.4,3,HopcroftKarpMatcher,1,na,bfs_edges_visited,22532
U4,2000,1.4,3,HopcroftKarpMatcher,1,na,dfs_edges_visited,9199
U4,2000,1.4,3,HopcroftKarpMatcher,1,na,defect_at_iteration,0
U4,2000,1.4,3,HopcroftKarpMatcher,-1,na,phase_count,2
U4,2000,1.4,3,HopcroftKarpMatcher,-1,na,main_loop_iters,2
U4,2000,1.4,3,HopcroftKarpMatcher,-1,na,total_bfs_edges_visited,64357
U4,2000,1.4,3,HopcroftKarpMatcher,-1,na,total_edges_visited,94626
U4,2000,1.4,3,HopcroftKarpMatcher,-1,na,matching_size,2000
U4,2000,1.4,3,HopcroftKarpMatcher,-1,na,wall_clock_ms,9.70576
U4,2000,1.4,3,HopcroftKarpMatcher,-1,na,matching_size,2000
U4,2000,1.5,13,SimpleAugmentingMatcher,-1,na,wall_clock_ms,1175.18
U4,2000,1.5,13,SimpleAugmentingMatcher,-1,na,matching_size,2000
U4,2000,1.5,13,HopcroftKarpMatcher,0,na,paths_found_per_phase,1972
U4,2000,1.5,13,HopcroftKarpMatcher,0,na,bfs_edges_visited,89442
U4,2000,1.5,13,HopcroftKarpMatcher,0,na,dfs_edges_visited,44960
U4,2000,1.5,13,HopcroftKarpMatcher,0,na,defect_at_iteration,28
U4,2000,1.5,13,HopcroftKarpMatcher,1,na,paths_found_per_phase,28
U4,2000,1.5,13,HopcroftKarpMatcher,1,na,bfs_edges_visited,41603
U4,2000,1.5,13,HopcroftKarpMatcher,1,na,dfs_edges_visited,9261
U4,2000,1.5,13,HopcroftKarpMatcher,1,na,defect_at_iteration,0
U4,2000,1.5,13,HopcroftKarpMatcher,-1,na,phase_count,2
U4,2000,1.5,13,HopcroftKarpMatcher,-1,na,main_loop_iters,2
U4,2000,1.5,13,HopcroftKarpMatcher,-1,na,total_bfs_edges_visited,131045
U4,2000,1.5,13,HopcroftKarpMatcher,-1,na,total_edges_visited,185266
U4,2000,1.5,13,HopcroftKarpMatcher,-1,na,matching_size,2000
U4,2000,1.5,13,HopcroftKarpMatcher,-1,na,wall_clock_ms,9.86006
U4,2000,1.5,13,HopcroftKarpMatcher,-1,na,matching_size,2000
U4,1000,1.2,9,SimpleAugmentingMatcher,-1,na,wall_clock_ms,25.1029
U4,1000,1.2,9,SimpleAugmentingMatcher,-1,na,matching_size,975
U4,1000,1.2,9,HopcroftKarpMatcher,0,na,paths_found_per_phase,822
U4,1000,1.2,9,HopcroftKarpMatcher,0,na,bfs_edges_visited,3981
U4,1000,1.2,9,HopcroftKarpMatcher,0,na,dfs_edges_visited,2186
U4,1000,1.2,9,HopcroftKarpMatcher,0,na,defect_at_iteration,178
U4,1000,1.2,9,HopcroftKarpMatcher,1,na,paths_found_per_phase,122
U4,1000,1.2,9,HopcroftKarpMatcher,1,na,bfs_edges_visited,1978
U4,1000,1.2,9,HopcroftKarpMatcher,1,na,dfs_edges_visited,1864
U4,1000,1.2,9,HopcroftKarpMatcher,1,na,defect_at_iteration,56
U4,1000,1.2,9,HopcroftKarpMatcher,2,na,paths_found_per_phase,10
U4,1000,1.2,9,HopcroftKarpMatcher,2,na,bfs_edges_visited,765
U4,1000,1.2,9,HopcroftKarpMatcher,2,na,dfs_edges_visited,1114
U4,1000,1.2,9,HopcroftKarpMatcher,2,na,defect_at_iteration,46
U4,1000,1.2,9,HopcroftKarpMatcher,3,na,paths_found_per_phase,12
U4,1000,1.2,9,HopcroftKarpMatcher,3,na,bfs_edges_visited,1115
U4,1000,1.2,9,HopcroftKarpMatcher,3,na,dfs_edges_visited,1155
U4,1000,1.2,9,HopcroftKarpMatcher,3,na,defect_at_iteration,34
U4,1000,1.2,9,HopcroftKarpMatcher,4,na,paths_found_per_phase,5
U4,1000,1.2,9,HopcroftKarpMatcher,4,na,bfs_edges_visited,1243
U4,1000,1.2,9,HopcroftKarpMatcher,4,na,dfs_edges_visited,1057
U4,1000,1.2,9,HopcroftKarpMatcher,4,na,defect_at_iteration,29
U4,1000,1.2,9,HopcroftKarpMatcher,5,na,paths_found_per_phase,3
U4,1000,1.2,9,HopcroftKarpMatcher,5,na,bfs_edges_visited,1693
U4,1000,1.2,9,HopcroftKarpMatcher,5,na,dfs_edges_visited,1050
U4,1000,1.2,9,HopcroftKarpMatcher,5,na,defect_at_iteration,26
U4,1000,1.2,9,HopcroftKarpMatcher,6,na,paths_found_per_phase,1
U4,1000,1.2,9,HopcroftKarpMatcher,6,na,bfs_edges_visited,1249
U4,1000,1.2,9,HopcroftKarpMatcher,6,na,dfs_edges_visited,53
U4,1000,1.2,9,HopcroftKarpMatcher,6,na,defect_at_iteration,25
U4,1000,1.2,9,HopcroftKarpMatcher,-1,na,phase_count,7
U4,1000,1.2,9,HopcroftKarpMatcher,-1,na,main_loop_iters,7
U4,1000,1.2,9,HopcroftKarpMatcher,-1,na,total_bfs_edges_visited,12024
U4,1000,1.2,9,HopcroftKarpMatcher,-1,na,total_edges_visited,20503
U4,1000,1.2,9,HopcroftKarpMatcher,-1,na,matching_size,975
U4,1000,1.2,9,HopcroftKarpMatcher,-1,na,wall_clock_ms,5.72431
U4,1000,1.2,9,HopcroftKarpMatcher,-1,na,matching_size,975
U4,2000,1.9,1,SimpleAugmentingMatcher,-1,na,wall_clock_ms,7022.55
U4,2000,1.9,1,SimpleAugmentingMatcher,-1,na,matching_size,2000
U4,2000,1.9,1,HopcroftKarpMatcher,0,na,paths_found_per_phase,1999
U4,2000,1.9,1,HopcroftKarpMatcher,0,na,bfs_edges_visited,1.8705e+06
U4,2000,1.9,1,HopcroftKarpMatcher,0,na,dfs_edges_visited,935949
U4,2000,1.9,1,HopcroftKarpMatcher,0,na,defect_at_iteration,1
U4,2000,1.9,1,HopcroftKarpMatcher,1,na,paths_found_per_phase,1
U4,2000,1.9,1,HopcroftKarpMatcher,1,na,bfs_edges_visited,835705
U4,2000,1.9,1,HopcroftKarpMatcher,1,na,dfs_edges_visited,951
U4,2000,1.9,1,HopcroftKarpMatcher,1,na,defect_at_iteration,0
U4,2000,1.9,1,HopcroftKarpMatcher,-1,na,phase_count,2
U4,2000,1.9,1,HopcroftKarpMatcher,-1,na,main_loop_iters,2
U4,2000,1.9,1,HopcroftKarpMatcher,-1,na,total_bfs_edges_visited,2.7062e+06
U4,2000,1.9,1,HopcroftKarpMatcher,-1,na,total_edges_visited,3.6431e+06
U4,2000,1.9,1,HopcroftKarpMatcher,-1,na,matching_size,2000
U4,2000,1.9,1,HopcroftKarpMatcher,-1,na,wall_clock_ms,41.8248
U4,2000,1.9,1,HopcroftKarpMatcher,-1,na,matching_size,2000
U4,1000,1.4,4,SimpleAugmentingMatcher,-1,na,wall_clock_ms,86.8441
U4,1000,1.4,4,SimpleAugmentingMatcher,-1,na,matching_size,1000
U4,1000,1.4,4,HopcroftKarpMatcher,0,na,paths_found_per_phase,952
U4,1000,1.4,4,HopcroftKarpMatcher,0,na,bfs_edges_visited,15848
U4,1000,1.4,4,HopcroftKarpMatcher,0,na,dfs_edges_visited,8025
U4,1000,1.4,4,HopcroftKarpMatcher,0,na,defect_at_iteration,48
U4,1000,1.4,4,HopcroftKarpMatcher,1,na,paths_found_per_phase,48
U4,1000,1.4,4,HopcroftKarpMatcher,1,na,bfs_edges_visited,8506
U4,1000,1.4,4,HopcroftKarpMatcher,1,na,dfs_edges_visited,5350
U4,1000,1.4,4,HopcroftKarpMatcher,1,na,defect_at_iteration,0
U4,1000,1.4,4,HopcroftKarpMatcher,-1,na,phase_count,2
U4,1000,1.4,4,HopcroftKarpMatcher,-1,na,main_loop_iters,2
U4,1000,1.4,4,HopcroftKarpMatcher,-1,na,total_bfs_edges_visited,24354
U4,1000,1.4,4,HopcroftKarpMatcher,-1,na,total_edges_visited,37729
U4,1000,1.4,4,HopcroftKarpMatcher,-1,na,matching_size,1000
U4,1000,1.4,4,HopcroftKarpMatcher,-1,na,wall_clock_ms,2.70157
U4,1000,1.4,4,HopcroftKarpMatcher,-1,na,matching_size,1000
