test_id,n,alpha,rep,algorithm,iteration,weight_regime,metric_name,metric_value
W0,4,1.5,46,Oracle,-1,mixed,oracle_size,4
W0,4,1.5,46,Oracle,-1,mixed,oracle_value,-18
W0,4,1.5,46,HungarianMatcher+BellmanFordStrategy,0,mixed,defect_at_iteration,3
W0,4,1.5,46,HungarianMatcher+BellmanFordStrategy,1,mixed,defect_at_iteration,2
W0,4,1.5,46,HungarianMatcher+BellmanFordStrategy,2,mixed,defect_at_iteration,1
W0,4,1.5,46,HungarianMatcher+BellmanFordStrategy,3,mixed,defect_at_iteration,0
W0,4,1.5,46,HungarianMatcher+BellmanFordStrategy,-1,mixed,augmentation_count,4
W0,4,1.5,46,HungarianMatcher+BellmanFordStrategy,-1,mixed,matching_value,-18
W0,4,1.5,46,HungarianMatcher+BellmanFordStrategy,-1,mixed,matching_size,4
W0,4,1.5,46,HungarianMatcher+BellmanFordStrategy,-1,mixed,wall_clock_ms,0.007488
W0,4,1.5,46,HungarianMatcher+JohnsonDijkstraStrategy,0,mixed,edge_relaxations,8
W0,4,1.5,46,HungarianMatcher+JohnsonDijkstraStrategy,0,mixed,defect_at_iteration,3
W0,4,1.5,46,HungarianMatcher+JohnsonDijkstraStrategy,1,mixed,edge_relaxations,8
W0,4,1.5,46,HungarianMatcher+JohnsonDijkstraStrategy,1,mixed,defect_at_iteration,2
W0,4,1.5,46,HungarianMatcher+JohnsonDijkstraStrategy,2,mixed,edge_relaxations,8
W0,4,1.5,46,HungarianMatcher+JohnsonDijkstraStrategy,2,mixed,defect_at_iteration,1
W0,4,1.5,46,HungarianMatcher+JohnsonDijkstraStrategy,3,mixed,edge_relaxations,5
W0,4,1.5,46,HungarianMatcher+JohnsonDijkstraStrategy,3,mixed,defect_at_iteration,0
W0,4,1.5,46,HungarianMatcher+JohnsonDijkstraStrategy,-1,mixed,augmentation_count,4
W0,4,1.5,46,HungarianMatcher+JohnsonDijkstraStrategy,-1,mixed,matching_value,-18
W0,4,1.5,46,HungarianMatcher+JohnsonDijkstraStrategy,-1,mixed,matching_size,4
W0,4,1.5,46,HungarianMatcher+JohnsonDijkstraStrategy,-1,mixed,wall_clock_ms,0.009294
W0,4,1.5,60,Oracle,-1,mixed,oracle_size,4
W0,4,1.5,60,Oracle,-1,mixed,oracle_value,-34
W0,4,1.5,60,HungarianMatcher+BellmanFordStrategy,0,mixed,defect_at_iteration,3
W0,4,1.5,60,HungarianMatcher+BellmanFordStrategy,1,mixed,defect_at_iteration,2
W0,4,1.5,60,HungarianMatcher+BellmanFordStrategy,2,mixed,defect_at_iteration,1
W0,4,1.5,60,HungarianMatcher+BellmanFordStrategy,3,mixed,defect_at_iteration,0
W0,4,1.5,60,HungarianMatcher+BellmanFordStrategy,-1,mixed,augmentation_count,4
W0,4,1.5,60,HungarianMatcher+BellmanFordStrategy,-1,mixed,matching_value,-34
W0,4,1.5,60,HungarianMatcher+BellmanFordStrategy,-1,mixed,matching_size,4
W0,4,1.5,60,HungarianMatcher+BellmanFordStrategy,-1,mixed,wall_clock_ms,0.008246
W0,4,1.5,60,HungarianMatcher+JohnsonDijkstraStrategy,0,mixed,edge_relaxations,8
W0,4,1.5,60,HungarianMatcher+JohnsonDijkstraStrategy,0,mixed,defect_at_iteration,3
W0,4,1.5,60,HungarianMatcher+JohnsonDijkstraStrategy,1,mixed,edge_relaxations,8
W0,4,1.5,60,HungarianMatcher+JohnsonDijkstraStrategy,1,mixed,defect_at_iteration,2
W0,4,1.5,60,HungarianMatcher+JohnsonDijkstraStrategy,2,mixed,edge_relaxations,8
W0,4,1.5,60,HungarianMatcher+JohnsonDijkstraStrategy,2,mixed,defect_at_iteration,1
W0,4,1.5,60,HungarianMatcher+JohnsonDijkstraStrategy,3,mixed,edge_relaxations,8
W0,4,1.5,60,HungarianMatcher+JohnsonDijkstraStrategy,3,mixed,defect_at_iteration,0
W0,4,1.5,60,HungarianMatcher+JohnsonDijkstraStrategy,-1,mixed,augmentation_count,4
W0,4,1.5,60,HungarianMatcher+JohnsonDijkstraStrategy,-1,mixed,matching_value,-34
W0,4,1.5,60,HungarianMatcher+JohnsonDijkstraStrategy,-1,mixed,matching_size,4
W0,4,1.5,60,HungarianMatcher+JohnsonDijkstraStrategy,-1,mixed,wall_clock_ms,0.00931
W0,4,1.5,3,Oracle,-1,mixed,oracle_size,3
W0,4,1.5,3,Oracle,-1,mixed,oracle_value,-17
W0,4,1.5,3,HungarianMatcher+BellmanFordStrategy,0,mixed,defect_at_iteration,3
W0,4,1.5,3,HungarianMatcher+BellmanFordStrategy,1,mixed,defect_at_iteration,2
W0,4,1.5,3,HungarianMatcher+BellmanFordStrategy,2,mixed,defect_at_iteration,1
W0,4,1.5,3,HungarianMatcher+BellmanFordStrategy,-1,mixed,augmentation_count,3
W0,4,1.5,3,HungarianMatcher+BellmanFordStrategy,-1,mixed,matching_value,-17
W0,4,1.5,3,HungarianMatcher+BellmanFordStrategy,-1,mixed,matching_size,3
W0,4,1.5,3,HungarianMatcher+BellmanFordStrategy,-1,mixed,wall_clock_ms,0.00674
W0,4,1.5,3,HungarianMatcher+JohnsonDijkstraStrategy,0,mixed,edge_relaxations,8
W0,4,1.5,3,HungarianMatcher+JohnsonDijkstraStrategy,0,mixed,defect_at_iteration,3
W0,4,1.5,3,HungarianMatcher+JohnsonDijkstraStrategy,1,mixed,edge_relaxations,8
W0,4,1.5,3,HungarianMatcher+JohnsonDijkstraStrategy,1,mixed,defect_at_iteration,2
W0,4,1.5,3,HungarianMatcher+JohnsonDijkstraStrategy,2,mixed,edge_relaxations,8
W0,4,1.5,3,HungarianMatcher+JohnsonDijkstraStrategy,2,mixed,defect_at_iteration,1
W0,4,1.5,3,HungarianMatcher+JohnsonDijkstraStrategy,-1,mixed,augmentation_count,3
W0,4,1.5,3,HungarianMatcher+JohnsonDijkstraStrategy,-1,mixed,matching_value,-17
W0,4,1.5,3,HungarianMatcher+JohnsonDijkstraStrategy,-1,mixed,matching_size,3
W0,4,1.5,3,HungarianMatcher+JohnsonDijkstraStrategy,-1,mixed,wall_clock_ms,0.008272
W0,2,1.5,76,Oracle,-1,mixed,oracle_size,1
W0,2,1.5,76,Oracle,-1,mixed,oracle_value,0
W0,2,1.5,76,HungarianMatcher+BellmanFordStrategy,0,mixed,defect_at_iteration,1
W0,2,1.5,76,HungarianMatcher+BellmanFordStrategy,-1,mixed,augmentation_count,1
W0,2,1.5,76,HungarianMatcher+BellmanFordStrategy,-1,mixed,matching_value,0
W0,2,1.5,76,HungarianMatcher+BellmanFordStrategy,-1,mixed,matching_size,1
W0,2,1.5,76,HungarianMatcher+BellmanFordStrategy,-1,mixed,wall_clock_ms,0.004124
W0,2,1.5,76,HungarianMatcher+JohnsonDijkstraStrategy,0,mixed,edge_relaxations,2
W0,2,1.5,76,HungarianMatcher+JohnsonDijkstraStrategy,0,mixed,defect_at_iteration,1
W0,2,1.5,76,HungarianMatcher+JohnsonDijkstraStrategy,-1,mixed,augmentation_count,1
W0,2,1.5,76,HungarianMatcher+JohnsonDijkstraStrategy,-1,mixed,matching_value,0
W0,2,1.5,76,HungarianMatcher+JohnsonDijkstraStrategy,-1,mixed,matching_size,1
W0,2,1.5,76,HungarianMatcher+JohnsonDijkstraStrategy,-1,mixed,wall_clock_ms,0.004201
W0,2,1.5,90,Oracle,-1,mixed,oracle_size,2
W0,2,1.5,90,Oracle,-1,mixed,oracle_value,-5
W0,2,1.5,90,HungarianMatcher+BellmanFordStrategy,0,mixed,defect_at_iteration,1
W0,2,1.5,90,HungarianMatcher+BellmanFordStrategy,1,mixed,defect_at_iteration,0
W0,2,1.5,90,HungarianMatcher+BellmanFordStrategy,-1,mixed,augmentation_count,2
W0,2,1.5,90,HungarianMatcher+BellmanFordStrategy,-1,mixed,matching_value,-5
W0,2,1.5,90,HungarianMatcher+BellmanFordStrategy,-1,mixed,matching_size,2
W0,2,1.5,90,HungarianMatcher+BellmanFordStrategy,-1,mixed,wall_clock_ms,0.005151
W0,2,1.5,90,HungarianMatcher+JohnsonDijkstraStrategy,0,mixed,edge_relaxations,2
W0,2,1.5,90,HungarianMatcher+JohnsonDijkstraStrategy,0,mixed,defect_at_iteration,1
W0,2,1.5,90,HungarianMatcher+JohnsonDijkstraStrategy,1,mixed,edge_relaxations,1
W0,2,1.5,90,HungarianMatcher+JohnsonDijkstraStrategy,1,mixed,defect_at_iteration,0
W0,2,1.5,90,HungarianMatcher+JohnsonDijkstraStrategy,-1,mixed,augmentation_count,2
W0,2,1.5,90,HungarianMatcher+JohnsonDijkstraStrategy,-1,mixed,matching_value,-5
W0,2,1.5,90,HungarianMatcher+JohnsonDijkstraStrategy,-1,mixed,matching_size,2
W0,2,1.5,90,HungarianMatcher+JohnsonDijkstraStrategy,-1,mixed,wall_clock_ms,0.005301
W0,3,1.5,68,Oracle,-1,mixed,oracle_size,2
W0,3,1.5,68,Oracle,-1,mixed,oracle_value,-9
W0,3,1.5,68,HungarianMatcher+BellmanFordStrategy,0,mixed,defect_at_iteration,2
W0,3,1.5,68,HungarianMatcher+BellmanFordStrategy,1,mixed,defect_at_iteration,1
W0,3,1.5,68,HungarianMatcher+BellmanFordStrategy,-1,mixed,augmentation_count,2
W0,3,1.5,68,HungarianMatcher+BellmanFordStrategy,-1,mixed,matching_value,-9
W0,3,1.5,68,HungarianMatcher+BellmanFordStrategy,-1,mixed,matching_size,2
W0,3,1.5,68,HungarianMatcher+BellmanFordStrategy,-1,mixed,wall_clock_ms,0.012671
W0,3,1.5,68,HungarianMatcher+JohnsonDijkstraStrategy,0,mixed,edge_relaxations,5
W0,3,1.5,68,HungarianMatcher+JohnsonDijkstraStrategy,0,mixed,defect_at_iteration,2
W0,3,1.5,68,HungarianMatcher+JohnsonDijkstraStrategy,1,mixed,edge_relaxations,5
W0,3,1.5,68,HungarianMatcher+JohnsonDijkstraStrategy,1,mixed,defect_at_iteration,1
W0,3,1.5,68,HungarianMatcher+JohnsonDijkstraStrategy,-1,mixed,augmentation_count,2
W0,3,1.5,68,HungarianMatcher+JohnsonDijkstraStrategy,-1,mixed,matching_value,-9
W0,3,1.5,68,HungarianMatcher+JohnsonDijkstraStrategy,-1,mixed,matching_size,2
W0,3,1.5,68,HungarianMatcher+JohnsonDijkstraStrategy,-1,mixed,wall_clock_ms,0.00619
W0,2,1.5,77,Oracle,-1,mixed,oracle_size,1
W0,2,1.5,77,Oracle,-1,mixed,oracle_value,0
W0,2,1.5,77,HungarianMatcher+BellmanFordStrategy,0,mixed,defect_at_iteration,1
W0,2,1.5,77,HungarianMatcher+BellmanFordStrategy,-1,mixed,augmentation_count,1
W0,2,1.5,77,HungarianMatcher+BellmanFordStrategy,-1,mixed,matching_value,0
W0,2,1.5,77,HungarianMatcher+BellmanFordStrategy,-1,mixed,matching_size,1
W0,2,1.5,77,HungarianMatcher+BellmanFordStrategy,-1,mixed,wall_clock_ms,0.00345
W0,2,1.5,77,HungarianMatcher+JohnsonDijkstraStrategy,0,mixed,edge_relaxations,2
W0,2,1.5,77,HungarianMatcher+JohnsonDijkstraStrategy,0,mixed,defect_at_iteration,1
W0,2,1.5,77,HungarianMatcher+JohnsonDijkstraStrategy,-1,mixed,augmentation_count,1
W0,2,1.5,77,HungarianMatcher+JohnsonDijkstraStrategy,-1,mixed,matching_value,0
W0,2,1.5,77,HungarianMatcher+JohnsonDijkstraStrategy,-1,mixed,matching_size,1
W0,2,1.5,77,HungarianMatcher+JohnsonDijkstraStrategy,-1,mixed,wall_clock_ms,0.003412
W0,2,1.5,15,Oracle,-1,mixed,oracle_size,1
W0,2,1.5,15,Oracle,-1,mixed,oracle_value,-1
W0,2,1.5,15,HungarianMatcher+BellmanFordStrategy,0,mixed,defect_at_iteration,1
W0,2,1.5,15,HungarianMatcher+BellmanFordStrategy,-1,mixed,augmentation_count,1
W0,2,1.5,15,HungarianMatcher+BellmanFordStrategy,-1,mixed,matching_value,-1
W0,2,1.5,15,HungarianMatcher+BellmanFordStrategy,-1,mixed,matching_size,1
W0,2,1.5,15,HungarianMatcher+BellmanFordStrategy,-1,mixed,wall_clock_ms,0.00462
W0,2,1.5,15,HungarianMatcher+JohnsonDijkstraStrategy,0,mixed,edge_relaxations,2
W0,2,1.5,15,HungarianMatcher+JohnsonDijkstraStrategy,0,mixed,defect_at_iteration,1
W0,2,1.5,15,HungarianMatcher+JohnsonDijkstraStrategy,-1,mixed,augmentation_count,1
W0,2,1.5,15,HungarianMatcher+JohnsonDijkstraStrategy,-1,mixed,matching_value,-1
W0,2,1.5,15,HungarianMatcher+JohnsonDijkstraStrategy,-1,mixed,matching_size,1
W0,2,1.5,15,HungarianMatcher+JohnsonDijkstraStrategy,-1,mixed,wall_clock_ms,0.004144
W0,2,1.5,58,Oracle,-1,mixed,oracle_size,2
W0,2,1.5,58,Oracle,-1,mixed,oracle_value,-3
W0,2,1.5,58,HungarianMatcher+BellmanFordStrategy,0,mixed,defect_at_iteration,1
W0,2,1.5,58,HungarianMatcher+BellmanFordStrategy,1,mixed,defect_at_iteration,0
W0,2,1.5,58,HungarianMatcher+BellmanFordStrategy,-1,mixed,augmentation_count,2
W0,2,1.5,58,HungarianMatcher+BellmanFordStrategy,-1,mixed,matching_value,-3
W0,2,1.5,58,HungarianMatcher+BellmanFordStrategy,-1,mixed,matching_size,2
W0,2,1.5,58,HungarianMatcher+BellmanFordStrategy,-1,mixed,wall_clock_ms,0.005186
W0,2,1.5,58,HungarianMatcher+JohnsonDijkstraStrategy,0,mixed,edge_relaxations,2
W0,2,1.5,58,HungarianMatcher+JohnsonDijkstraStrategy,0,mixed,defect_at_iteration,1
W0,2,1.5,58,HungarianMatcher+JohnsonDijkstraStrategy,1,mixed,edge_relaxations,1
W0,2,1.5,58,HungarianMatcher+JohnsonDijkstraStrategy,1,mixed,defect_at_iteration,0
W0,2,1.5,58,HungarianMatcher+JohnsonDijkstraStrategy,-1,mixed,augmentation_count,2
W0,2,1.5,58,HungarianMatcher+JohnsonDijkstraStrategy,-1,mixed,matching_value,-3
W0,2,1.5,58,HungarianMatcher+JohnsonDijkstraStrategy,-1,mixed,matching_size,2
W0,2,1.5,58,HungarianMatcher+JohnsonDijkstraStrategy,-1,mixed,wall_clock_ms,0.005169
W0,3,1.5,21,Oracle,-1,mixed,oracle_size,3
W0,3,1.5,21,Oracle,-1,mixed,oracle_value,-12
W0,3,1.5,21,HungarianMatcher+BellmanFordStrategy,0,mixed,defect_at_iteration,2
W0,3,1.5,21,HungarianMatcher+BellmanFordStrategy,1,mixed,defect_at_iteration,1
W0,3,1.5,21,HungarianMatcher+BellmanFordStrategy,2,mixed,defect_at_iteration,0
W0,3,1.5,21,HungarianMatcher+BellmanFordStrategy,-1,mixed,augmentation_count,3
W0,3,1.5,21,HungarianMatcher+BellmanFordStrategy,-1,mixed,matching_value,-12
W0,3,1.5,21,HungarianMatcher+BellmanFordStrategy,-1,mixed,matching_size,3
W0,3,1.5,21,HungarianMatcher+BellmanFordStrategy,-1,mixed,wall_clock_ms,0.006502
W0,3,1.5,21,HungarianMatcher+JohnsonDijkstraStrategy,0,mixed,edge_relaxations,5
W0,3,1.5,21,HungarianMatcher+JohnsonDijkstraStrategy,0,mixed,defect_at_iteration,2
W0,3,1.5,21,HungarianMatcher+JohnsonDijkstraStrategy,1,mixed,edge_relaxations,5
W0,3,1.5,21,HungarianMatcher+JohnsonDijkstraStrategy,1,mixed,defect_at_iteration,1
W0,3,1.5,21,HungarianMatcher+JohnsonDijkstraStrategy,2,mixed,edge_relaxations,3
W0,3,1.5,21,HungarianMatcher+JohnsonDijkstraStrategy,2,mixed,defect_at_iteration,0
W0,3,1.5,21,HungarianMatcher+JohnsonDijkstraStrategy,-1,mixed,augmentation_count,3
W0,3,1.5,21,HungarianMatcher+JohnsonDijkstraStrategy,-1,mixed,matching_value,-12
W0,3,1.5,21,HungarianMatcher+JohnsonDijkstraStrategy,-1,mixed,matching_size,3
W0,3,1.5,21,HungarianMatcher+JohnsonDijkstraStrategy,-1,mixed,wall_clock_ms,0.00746
W0,3,1.5,98,Oracle,-1,mixed,oracle_size,2
W0,3,1.5,98,Oracle,-1,mixed,oracle_value,-12
W0,3,1.5,98,HungarianMatcher+BellmanFordStrategy,0,mixed,defect_at_iteration,2
W0,3,1.5,98,HungarianMatcher+BellmanFordStrategy,1,mixed,defect_at_iteration,1
W0,3,1.5,98,HungarianMatcher+BellmanFordStrategy,-1,mixed,augmentation_count,2
W0,3,1.5,98,HungarianMatcher+BellmanFordStrategy,-1,mixed,matching_value,-12
W0,3,1.5,98,HungarianMatcher+BellmanFordStrategy,-1,mixed,matching_size,2
W0,3,1.5,98,HungarianMatcher+BellmanFordStrategy,-1,mixed,wall_clock_ms,0.005396
W0,3,1.5,98,HungarianMatcher+JohnsonDijkstraStrategy,0,mixed,edge_relaxations,5
W0,3,1.5,98,HungarianMatcher+JohnsonDijkstraStrategy,0,mixed,defect_at_iteration,2
W0,3,1.5,98,HungarianMatcher+JohnsonDijkstraStrategy,1,mixed,edge_relaxations,5
W0,3,1.5,98,HungarianMatcher+JohnsonDijkstraStrategy,1,mixed,defect_at_iteration,1
W0,3,1.5,98,HungarianMatcher+JohnsonDijkstraStrategy,-1,mixed,augmentation_count,2
W0,3,1.5,98,HungarianMatcher+JohnsonDijkstraStrategy,-1,mixed,matching_value,-12
W0,3,1.5,98,HungarianMatcher+JohnsonDijkstraStrategy,-1,mixed,matching_size,2
W0,3,1.5,98,HungarianMatcher+JohnsonDijkstraStrategy,-1,mixed,wall_clock_ms,0.006094
W0,2,1.5,83,Oracle,-1,mixed,oracle_size,1
W0,2,1.5,83,Oracle,-1,mixed,oracle_value,0
W0,2,1.5,83,HungarianMatcher+BellmanFordStrategy,0,mixed,defect_at_iteration,1
W0,2,1.5,83,HungarianMatcher+BellmanFordStrategy,-1,mixed,augmentation_count,1
W0,2,1.5,83,HungarianMatcher+BellmanFordStrategy,-1,mixed,matching_value,0
W0,2,1.5,83,HungarianMatcher+BellmanFordStrategy,-1,mixed,matching_size,1
W0,2,1.5,83,HungarianMatcher+BellmanFordStrategy,-1,mixed,wall_clock_ms,0.003471
W0,2,1.5,83,HungarianMatcher+JohnsonDijkstraStrategy,0,mixed,edge_relaxations,2
W0,2,1.5,83,HungarianMatcher+JohnsonDijkstraStrategy,0,mixed,defect_at_iteration,1
W0,2,1.5,83,HungarianMatcher+JohnsonDijkstraStrategy,-1,mixed,augmentation_count,1
W0,2,1.5,83,HungarianMatcher+JohnsonDijkstraStrategy,-1,mixed,matching_value,0
W0,2,1.5,83,HungarianMatcher+JohnsonDijkstraStrategy,-1,mixed,matching_size,1
W0,2,1.5,83,HungarianMatcher+JohnsonDijkstraStrategy,-1,mixed,wall_clock_ms,0.00341
W0,2,1.5,24,Oracle,-1,mixed,oracle_size,2
W0,2,1.5,24,Oracle,-1,mixed,oracle_value,-4
W0,2,1.5,24,HungarianMatcher+BellmanFordStrategy,0,mixed,defect_at_iteration,1
W0,2,1.5,24,HungarianMatcher+BellmanFordStrategy,1,mixed,defect_at_iteration,0
W0,2,1.5,24,HungarianMatcher+BellmanFordStrategy,-1,mixed,augmentation_count,2
W0,2,1.5,24,HungarianMatcher+BellmanFordStrategy,-1,mixed,matching_value,-4
W0,2,1.5,24,HungarianMatcher+BellmanFordStrategy,-1,mixed,matching_size,2
W0,2,1.5,24,HungarianMatcher+BellmanFordStrategy,-1,mixed,wall_clock_ms,0.003632
W0,2,1.5,24,HungarianMatcher+JohnsonDijkstraStrategy,0,mixed,edge_relaxations,2
W0,2,1.5,24,HungarianMatcher+JohnsonDijkstraStrategy,0,mixed,defect_at_iteration,1
W0,2,1.5,24,HungarianMatcher+JohnsonDijkstraStrategy,1,mixed,edge_relaxations,1
W0,2,1.5,24,HungarianMatcher+JohnsonDijkstraStrategy,1,mixed,defect_at_iteration,0
W0,2,1.5,24,HungarianMatcher+JohnsonDijkstraStrategy,-1,mixed,augmentation_count,2
W0,2,1.5,24,HungarianMatcher+JohnsonDijkstraStrategy,-1,mixed,matching_value,-4
W0,2,1.5,24,HungarianMatcher+JohnsonDijkstraStrategy,-1,mixed,matching_size,2
W0,2,1.5,24,HungarianMatcher+JohnsonDijkstraStrategy,-1,mixed,wall_clock_ms,0.003955
W0,2,1.5,95,Oracle,-1,mixed,oracle_size,1
W0,2,1.5,95,Oracle,-1,mixed,oracle_value,-2
W0,2,1.5,95,HungarianMatcher+BellmanFordStrategy,0,mixed,defect_at_iteration,1
W0,2,1.5,95,HungarianMatcher+BellmanFordStrategy,-1,mixed,augmentation_count,1
W0,2,1.5,95,HungarianMatcher+BellmanFordStrategy,-1,mixed,matching_value,-2
W0,2,1.5,95,HungarianMatcher+BellmanFordStrategy,-1,mixed,matching_size,1
W0,2,1.5,95,HungarianMatcher+BellmanFordStrategy,-1,mixed,wall_clock_ms,0.004022
W0,2,1.5,95,HungarianMatcher+JohnsonDijkstraStrategy,0,mixed,edge_relaxations,2
W0,2,1.5,95,HungarianMatcher+JohnsonDijkstraStrategy,0,mixed,defect_at_iteration,1
W0,2,1.5,95,HungarianMatcher+JohnsonDijkstraStrategy,-1,mixed,augmentation_count,1
W0,2,1.5,95,HungarianMatcher+JohnsonDijkstraStrategy,-1,mixed,matching_value,-2
W0,2,1.5,95,HungarianMatcher+JohnsonDijkstraStrategy,-1,mixed,matching_size,1
W0,2,1.5,95,HungarianMatcher+JohnsonDijkstraStrategy,-1,mixed,wall_clock_ms,0.004108
W0,4,1.5,7,Oracle,-1,mixed,oracle_size,4
W0,4,1.5,7,Oracle,-1,mixed,oracle_value,-22
W0,4,1.5,7,HungarianMatcher+BellmanFordStrategy,0,mixed,defect_at_iteration,3
W0,4,1.5,7,HungarianMatcher+BellmanFordStrategy,1,mixed,defect_at_iteration,2
W0,4,1.5,7,HungarianMatcher+BellmanFordStrategy,2,mixed,defect_at_iteration,1
W0,4,1.5,7,HungarianMatcher+BellmanFordStrategy,3,mixed,defect_at_iteration,0
W0,4,1.5,7,HungarianMatcher+BellmanFordStrategy,-1,mixed,augmentation_count,4
W0,4,1.5,7,HungarianMatcher+BellmanFordStrategy,-1,mixed,matching_value,-22
W0,4,1.5,7,HungarianMatcher+BellmanFordStrategy,-1,mixed,matching_size,4
W0,4,1.5,7,HungarianMatcher+BellmanFordStrategy,-1,mixed,wall_clock_ms,0.006393
W0,4,1.5,7,HungarianMatcher+JohnsonDijkstraStrategy,0,mixed,edge_relaxations,8
W0,4,1.5,7,HungarianMatcher+JohnsonDijkstraStrategy,0,mixed,defect_at_iteration,3
W0,4,1.5,7,HungarianMatcher+JohnsonDijkstraStrategy,1,mixed,edge_relaxations,8
W0,4,1.5,7,HungarianMatcher+JohnsonDijkstraStrategy,1,mixed,defect_at_iteration,2
W0,4,1.5,7,HungarianMatcher+JohnsonDijkstraStrategy,2,mixed,edge_relaxations,8
W0,4,1.5,7,HungarianMatcher+JohnsonDijkstraStrategy,2,mixed,defect_at_iteration,1
W0,4,1.5,7,HungarianMatcher+JohnsonDijkstraStrategy,3,mixed,edge_relaxations,8
W0,4,1.5,7,HungarianMatcher+JohnsonDijkstraStrategy,3,mixed,defect_at_iteration,0
W0,4,1.5,7,HungarianMatcher+JohnsonDijkstraStrategy,-1,mixed,augmentation_count,4
W0,4,1.5,7,HungarianMatcher+JohnsonDijkstraStrategy,-1,mixed,matching_value,-22
W0,4,1.5,7,HungarianMatcher+JohnsonDijkstraStrategy,-1,mixed,matching_size,4
W0,4,1.5,7,HungarianMatcher+JohnsonDijkstraStrategy,-1,mixed,wall_clock_ms,0.007609
W0,3,1.5,83,Oracle,-1,mixed,oracle_size,3
W0,3,1.5,83,Oracle,-1,mixed,oracle_value,-10
W0,3,1.5,83,HungarianMatcher+BellmanFordStrategy,0,mixed,defect_at_iteration,2
W0,3,1.5,83,HungarianMatcher+BellmanFordStrategy,1,mixed,defect_at_iteration,1
W0,3,1.5,83,HungarianMatcher+BellmanFordStrategy,2,mixed,defect_at_iteration,0
W0,3,1.5,83,HungarianMatcher+BellmanFordStrategy,-1,mixed,augmentation_count,3
W0,3,1.5,83,HungarianMatcher+BellmanFordStrategy,-1,mixed,matching_value,-10
W0,3,1.5,83,HungarianMatcher+BellmanFordStrategy,-1,mixed,matching_size,3
W0,3,1.5,83,HungarianMatcher+BellmanFordStrategy,-1,mixed,wall_clock_ms,0.006248
W0,3,1.5,83,HungarianMatcher+JohnsonDijkstraStrategy,0,mixed,edge_relaxations,5
W0,3,1.5,83,HungarianMatcher+JohnsonDijkstraStrategy,0,mixed,defect_at_iteration,2
W0,3,1.5,83,HungarianMatcher+JohnsonDijkstraStrategy,1,mixed,edge_relaxations,5
W0,3,1.5,83,HungarianMatcher+JohnsonDijkstraStrategy,1,mixed,defect_at_iteration,1
W0,3,1.5,83,HungarianMatcher+JohnsonDijkstraStrategy,2,mixed,edge_relaxations,1
W0,3,1.5,83,HungarianMatcher+JohnsonDijkstraStrategy,2,mixed,defect_at_iteration,0
W0,3,1.5,83,HungarianMatcher+JohnsonDijkstraStrategy,-1,mixed,augmentation_count,3
W0,3,1.5,83,HungarianMatcher+JohnsonDijkstraStrategy,-1,mixed,matching_value,-10
W0,3,1.5,83,HungarianMatcher+JohnsonDijkstraStrategy,-1,mixed,matching_size,3
W0,3,1.5,83,HungarianMatcher+JohnsonDijkstraStrategy,-1,mixed,wall_clock_ms,0.007403
W0,4,1.5,61,Oracle,-1,mixed,oracle_size,3
W0,4,1.5,61,Oracle,-1,mixed,oracle_value,-17
W0,4,1.5,61,HungarianMatcher+BellmanFordStrategy,0,mixed,defect_at_iteration,3
W0,4,1.5,61,HungarianMatcher+BellmanFordStrategy,1,mixed,defect_at_iteration,2
W0,4,1.5,61,HungarianMatcher+BellmanFordStrategy,2,mixed,defect_at_iteration,1
W0,4,1.5,61,HungarianMatcher+BellmanFordStrategy,-1,mixed,augmentation_count,3
W0,4,1.5,61,HungarianMatcher+BellmanFordStrategy,-1,mixed,matching_value,-17
W0,4,1.5,61,HungarianMatcher+BellmanFordStrategy,-1,mixed,matching_size,3
W0,4,1.5,61,HungarianMatcher+BellmanFordStrategy,-1,mixed,wall_clock_ms,0.006938
W0,4,1.5,61,HungarianMatcher+JohnsonDijkstraStrategy,0,mixed,edge_relaxations,8
W0,4,1.5,61,HungarianMatcher+JohnsonDijkstraStrategy,0,mixed,defect_at_iteration,3
W0,4,1.5,61,HungarianMatcher+JohnsonDijkstraStrategy,1,mixed,edge_relaxations,8
W0,4,1.5,61,HungarianMatcher+JohnsonDijkstraStrategy,1,mixed,defect_at_iteration,2
W0,4,1.5,61,HungarianMatcher+JohnsonDijkstraStrategy,2,mixed,edge_relaxations,8
W0,4,1.5,61,HungarianMatcher+JohnsonDijkstraStrategy,2,mixed,defect_at_iteration,1
W0,4,1.5,61,HungarianMatcher+JohnsonDijkstraStrategy,-1,mixed,augmentation_count,3
W0,4,1.5,61,HungarianMatcher+JohnsonDijkstraStrategy,-1,mixed,matching_value,-17
W0,4,1.5,61,HungarianMatcher+JohnsonDijkstraStrategy,-1,mixed,matching_size,3
W0,4,1.5,61,HungarianMatcher+JohnsonDijkstraStrategy,-1,mixed,wall_clock_ms,0.008697
W0,4,1.5,23,Oracle,-1,mixed,oracle_size,3
W0,4,1.5,23,Oracle,-1,mixed,oracle_value,-19
W0,4,1.5,23,HungarianMatcher+BellmanFordStrategy,0,mixed,defect_at_iteration,3
W0,4,1.5,23,HungarianMatcher+BellmanFordStrategy,1,mixed,defect_at_iteration,2
W0,4,1.5,23,HungarianMatcher+BellmanFordStrategy,2,mixed,defect_at_iteration,1
W0,4,1.5,23,HungarianMatcher+BellmanFordStrategy,-1,mixed,augmentation_count,3
W0,4,1.5,23,HungarianMatcher+BellmanFordStrategy,-1,mixed,matching_value,-19
W0,4,1.5,23,HungarianMatcher+BellmanFordStrategy,-1,mixed,matching_size,3
W0,4,1.5,23,HungarianMatcher+BellmanFordStrategy,-1,mixed,wall_clock_ms,0.00745
W0,4,1.5,23,HungarianMatcher+JohnsonDijkstraStrategy,0,mixed,edge_relaxations,8
W0,4,1.5,23,HungarianMatcher+JohnsonDijkstraStrategy,0,mixed,defect_at_iteration,3
W0,4,1.5,23,HungarianMatcher+JohnsonDijkstraStrategy,1,mixed,edge_relaxations,8
W0,4,1.5,23,HungarianMatcher+JohnsonDijkstraStrategy,1,mixed,defect_at_iteration,2
W0,4,1.5,23,HungarianMatcher+JohnsonDijkstraStrategy,2,mixed,edge_relaxations,8
W0,4,1.5,23,HungarianMatcher+JohnsonDijkstraStrategy,2,mixed,defect_at_iteration,1
W0,4,1.5,23,HungarianMatcher+JohnsonDijkstraStrategy,-1,mixed,augmentation_count,3
W0,4,1.5,23,HungarianMatcher+JohnsonDijkstraStrategy,-1,mixed,matching_value,-19
W0,4,1.5,23,HungarianMatcher+JohnsonDijkstraStrategy,-1,mixed,matching_size,3
W0,4,1.5,23,HungarianMatcher+JohnsonDijkstraStrategy,-1,mixed,wall_clock_ms,0.008753
W0,3,1.5,43,Oracle,-1,mixed,oracle_size,3
W0,3,1.5,43,Oracle,-1,mixed,oracle_value,-10
W0,3,1.5,43,HungarianMatcher+BellmanFordStrategy,0,mixed,defect_at_iteration,2
W0,3,1.5,43,HungarianMatcher+BellmanFordStrategy,1,mixed,defect_at_iteration,1
W0,3,1.5,43,HungarianMatcher+BellmanFordStrategy,2,mixed,defect_at_iteration,0
W0,3,1.5,43,HungarianMatcher+BellmanFordStrategy,-1,mixed,augmentation_count,3
W0,3,1.5,43,HungarianMatcher+BellmanFordStrategy,-1,mixed,matching_value,-10
W0,3,1.5,43,HungarianMatcher+BellmanFordStrategy,-1,mixed,matching_size,3
W0,3,1.5,43,HungarianMatcher+BellmanFordStrategy,-1,mixed,wall_clock_ms,0.006172
W0,3,1.5,43,HungarianMatcher+JohnsonDijkstraStrategy,0,mixed,edge_relaxations,5
W0,3,1.5,43,HungarianMatcher+JohnsonDijkstraStrategy,0,mixed,defect_at_iteration,2
W0,3,1.5,43,HungarianMatcher+JohnsonDijkstraStrategy,1,mixed,edge_relaxations,3
W0,3,1.5,43,HungarianMatcher+JohnsonDijkstraStrategy,1,mixed,defect_at_iteration,1
W0,3,1.5,43,HungarianMatcher+JohnsonDijkstraStrategy,2,mixed,edge_relaxations,1
W0,3,1.5,43,HungarianMatcher+JohnsonDijkstraStrategy,2,mixed,defect_at_iteration,0
W0,3,1.5,43,HungarianMatcher+JohnsonDijkstraStrategy,-1,mixed,augmentation_count,3
W0,3,1.5,43,HungarianMatcher+JohnsonDijkstraStrategy,-1,mixed,matching_value,-10
W0,3,1.5,43,HungarianMatcher+JohnsonDijkstraStrategy,-1,mixed,matching_size,3
W0,3,1.5,43,HungarianMatcher+JohnsonDijkstraStrategy,-1,mixed,wall_clock_ms,0.007039
W0,4,1.5,75,Oracle,-1,mixed,oracle_size,4
W0,4,1.5,75,Oracle,-1,mixed,oracle_value,-22
W0,4,1.5,75,HungarianMatcher+BellmanFordStrategy,0,mixed,defect_at_iteration,3
W0,4,1.5,75,HungarianMatcher+BellmanFordStrategy,1,mixed,defect_at_iteration,2
W0,4,1.5,75,HungarianMatcher+BellmanFordStrategy,2,mixed,defect_at_iteration,1
W0,4,1.5,75,HungarianMatcher+BellmanFordStrategy,3,mixed,defect_at_iteration,0
W0,4,1.5,75,HungarianMatcher+BellmanFordStrategy,-1,mixed,augmentation_count,4
W0,4,1.5,75,HungarianMatcher+BellmanFordStrategy,-1,mixed,matching_value,-22
W0,4,1.5,75,HungarianMatcher+BellmanFordStrategy,-1,mixed,matching_size,4
W0,4,1.5,75,HungarianMatcher+BellmanFordStrategy,-1,mixed,wall_clock_ms,0.00573
W0,4,1.5,75,HungarianMatcher+JohnsonDijkstraStrategy,0,mixed,edge_relaxations,8
W0,4,1.5,75,HungarianMatcher+JohnsonDijkstraStrategy,0,mixed,defect_at_iteration,3
W0,4,1.5,75,HungarianMatcher+JohnsonDijkstraStrategy,1,mixed,edge_relaxations,8
W0,4,1.5,75,HungarianMatcher+JohnsonDijkstraStrategy,1,mixed,defect_at_iteration,2
W0,4,1.5,75,HungarianMatcher+JohnsonDijkstraStrategy,2,mixed,edge_relaxations,8
W0,4,1.5,75,HungarianMatcher+JohnsonDijkstraStrategy,2,mixed,defect_at_iteration,1
W0,4,1.5,75,HungarianMatcher+JohnsonDijkstraStrategy,3,mixed,edge_relaxations,6
W0,4,1.5,75,HungarianMatcher+JohnsonDijkstraStrategy,3,mixed,defect_at_iteration,0
W0,4,1.5,75,HungarianMatcher+JohnsonDijkstraStrategy,-1,mixed,augmentation_count,4
W0,4,1.5,75,HungarianMatcher+JohnsonDijkstraStrategy,-1,mixed,matching_value,-22
W0,4,1.5,75,HungarianMatcher+JohnsonDijkstraStrategy,-1,mixed,matching_size,4
W0,4,1.5,75,HungarianMatcher+JohnsonDijkstraStrategy,-1,mixed,wall_clock_ms,0.00743
W0,4,1.5,18,Oracle,-1,mixed,oracle_size,4
W0,4,1.5,18,Oracle,-1,mixed,oracle_value,-37
W0,4,1.5,18,HungarianMatcher+BellmanFordStrategy,0,mixed,defect_at_iteration,3
W0,4,1.5,18,HungarianMatcher+BellmanFordStrategy,1,mixed,defect_at_iteration,2
W0,4,1.5,18,HungarianMatcher+BellmanFordStrategy,2,mixed,defect_at_iteration,1
W0,4,1.5,18,HungarianMatcher+BellmanFordStrategy,3,mixed,defect_at_iteration,0
W0,4,1.5,18,HungarianMatcher+BellmanFordStrategy,-1,mixed,augmentation_count,4
W0,4,1.5,18,HungarianMatcher+BellmanFordStrategy,-1,mixed,matching_value,-37
W0,4,1.5,18,HungarianMatcher+BellmanFordStrategy,-1,mixed,matching_size,4
W0,4,1.5,18,HungarianMatcher+BellmanFordStrategy,-1,mixed,wall_clock_ms,0.007942
W0,4,1.5,18,HungarianMatcher+JohnsonDijkstraStrategy,0,mixed,edge_relaxations,8
W0,4,1.5,18,HungarianMatcher+JohnsonDijkstraStrategy,0,mixed,defect_at_iteration,3
W0,4,1.5,18,HungarianMatcher+JohnsonDijkstraStrategy,1,mixed,edge_relaxations,8
W0,4,1.5,18,HungarianMatcher+JohnsonDijkstraStrategy,1,mixed,defect_at_iteration,2
W0,4,1.5,18,HungarianMatcher+JohnsonDijkstraStrategy,2,mixed,edge_relaxations,8
W0,4,1.5,18,HungarianMatcher+JohnsonDijkstraStrategy,2,mixed,defect_at_iteration,1
W0,4,1.5,18,HungarianMatcher+JohnsonDijkstraStrategy,3,mixed,edge_relaxations,3
W0,4,1.5,18,HungarianMatcher+JohnsonDijkstraStrategy,3,mixed,defect_at_iteration,0
W0,4,1.5,18,HungarianMatcher+JohnsonDijkstraStrategy,-1,mixed,augmentation_count,4
W0,4,1.5,18,HungarianMatcher+JohnsonDijkstraStrategy,-1,mixed,matching_value,-37
W0,4,1.5,18,HungarianMatcher+JohnsonDijkstraStrategy,-1,mixed,matching_size,4
W0,4,1.5,18,HungarianMatcher+JohnsonDijkstraStrategy,-1,mixed,wall_clock_ms,0.009697
W0,4,1.5,38,Oracle,-1,mixed,oracle_size,4
W0,4,1.5,38,Oracle,-1,mixed,oracle_value,-38
W0,4,1.5,38,HungarianMatcher+BellmanFordStrategy,0,mixed,defect_at_iteration,3
W0,4,1.5,38,HungarianMatcher+BellmanFordStrategy,1,mixed,defect_at_iteration,2
W0,4,1.5,38,HungarianMatcher+BellmanFordStrategy,2,mixed,defect_at_iteration,1
W0,4,1.5,38,HungarianMatcher+BellmanFordStrategy,3,mixed,defect_at_iteration,0
W0,4,1.5,38,HungarianMatcher+BellmanFordStrategy,-1,mixed,augmentation_count,4
W0,4,1.5,38,HungarianMatcher+BellmanFordStrategy,-1,mixed,matching_value,-38
W0,4,1.5,38,HungarianMatcher+BellmanFordStrategy,-1,mixed,matching_size,4
W0,4,1.5,38,HungarianMatcher+BellmanFordStrategy,-1,mixed,wall_clock_ms,0.00861
W0,4,1.5,38,HungarianMatcher+JohnsonDijkstraStrategy,0,mixed,edge_relaxations,8
W0,4,1.5,38,HungarianMatcher+JohnsonDijkstraStrategy,0,mixed,defect_at_iteration,3
W0,4,1.5,38,HungarianMatcher+JohnsonDijkstraStrategy,1,mixed,edge_relaxations,8
W0,4,1.5,38,HungarianMatcher+JohnsonDijkstraStrategy,1,mixed,defect_at_iteration,2
W0,4,1.5,38,HungarianMatcher+JohnsonDijkstraStrategy,2,mixed,edge_relaxations,8
W0,4,1.5,38,HungarianMatcher+JohnsonDijkstraStrategy,2,mixed,defect_at_iteration,1
W0,4,1.5,38,HungarianMatcher+JohnsonDijkstraStrategy,3,mixed,edge_relaxations,8
W0,4,1.5,38,HungarianMatcher+JohnsonDijkstraStrategy,3,mixed,defect_at_iteration,0
W0,4,1.5,38,HungarianMatcher+JohnsonDijkstraStrategy,-1,mixed,augmentation_count,4
W0,4,1.5,38,HungarianMatcher+JohnsonDijkstraStrategy,-1,mixed,matching_value,-38
W0,4,1.5,38,HungarianMatcher+JohnsonDijkstraStrategy,-1,mixed,matching_size,4
W0,4,1.5,38,HungarianMatcher+JohnsonDijkstraStrategy,-1,mixed,wall_clock_ms,0.009432
W0,2,1.5,53,Oracle,-1,mixed,oracle_size,2
W0,2,1.5,53,Oracle,-1,mixed,oracle_value,-3
W0,2,1.5,53,HungarianMatcher+BellmanFordStrategy,0,mixed,defect_at_iteration,1
W0,2,1.5,53,HungarianMatcher+BellmanFordStrategy,1,mixed,defect_at_iteration,0
W0,2,1.5,53,HungarianMatcher+BellmanFordStrategy,-1,mixed,augmentation_count,2
W0,2,1.5,53,HungarianMatcher+BellmanFordStrategy,-1,mixed,matching_value,-3
W0,2,1.5,53,HungarianMatcher+BellmanFordStrategy,-1,mixed,matching_size,2
W0,2,1.5,53,HungarianMatcher+BellmanFordStrategy,-1,mixed,wall_clock_ms,0.004849
W0,2,1.5,53,HungarianMatcher+JohnsonDijkstraStrategy,0,mixed,edge_relaxations,2
W0,2,1.5,53,HungarianMatcher+JohnsonDijkstraStrategy,0,mixed,defect_at_iteration,1
W0,2,1.5,53,HungarianMatcher+JohnsonDijkstraStrategy,1,mixed,edge_relaxations,1
W0,2,1.5,53,HungarianMatcher+JohnsonDijkstraStrategy,1,mixed,defect_at_iteration,0
W0,2,1.5,53,HungarianMatcher+JohnsonDijkstraStrategy,-1,mixed,augmentation_count,2
W0,2,1.5,53,HungarianMatcher+JohnsonDijkstraStrategy,-1,mixed,matching_value,-3
W0,2,1.5,53,HungarianMatcher+JohnsonDijkstraStrategy,-1,mixed,matching_size,2
W0,2,1.5,53,HungarianMatcher+JohnsonDijkstraStrategy,-1,mixed,wall_clock_ms,0.005
W0,3,1.5,41,Oracle,-1,mixed,oracle_size,3
W0,3,1.5,41,Oracle,-1,mixed,oracle_value,-12
W0,3,1.5,41,HungarianMatcher+BellmanFordStrategy,0,mixed,defect_at_iteration,2
W0,3,1.5,41,HungarianMatcher+BellmanFordStrategy,1,mixed,defect_at_iteration,1
W0,3,1.5,41,HungarianMatcher+BellmanFordStrategy,2,mixed,defect_at_iteration,0
W0,3,1.5,41,HungarianMatcher+BellmanFordStrategy,-1,mixed,augmentation_count,3
W0,3,1.5,41,HungarianMatcher+BellmanFordStrategy,-1,mixed,matching_value,-12
W0,3,1.5,41,HungarianMatcher+BellmanFordStrategy,-1,mixed,matching_size,3
W0,3,1.5,41,HungarianMatcher+BellmanFordStrategy,-1,mixed,wall_clock_ms,0.006457
W0,3,1.5,41,HungarianMatcher+JohnsonDijkstraStrategy,0,mixed,edge_relaxations,5
W0,3,1.5,41,HungarianMatcher+JohnsonDijkstraStrategy,0,mixed,defect_at_iteration,2
W0,3,1.5,41,HungarianMatcher+JohnsonDijkstraStrategy,1,mixed,edge_relaxations,5
W0,3,1.5,41,HungarianMatcher+JohnsonDijkstraStrategy,1,mixed,defect_at_iteration,1
W0,3,1.5,41,HungarianMatcher+JohnsonDijkstraStrategy,2,mixed,edge_relaxations,3
W0,3,1.5,41,HungarianMatcher+JohnsonDijkstraStrategy,2,mixed,defect_at_iteration,0
W0,3,1.5,41,HungarianMatcher+JohnsonDijkstraStrategy,-1,mixed,augmentation_count,3
W0,3,1.5,41,HungarianMatcher+JohnsonDijkstraStrategy,-1,mixed,matching_value,-12
W0,3,1.5,41,HungarianMatcher+JohnsonDijkstraStrategy,-1,mixed,matching_size,3
W0,3,1.5,41,HungarianMatcher+JohnsonDijkstraStrategy,-1,mixed,wall_clock_ms,0.007719
W0,2,1.5,7,Oracle,-1,mixed,oracle_size,1
W0,2,1.5,7,Oracle,-1,mixed,oracle_value,-2
W0,2,1.5,7,HungarianMatcher+BellmanFordStrategy,0,mixed,defect_at_iteration,1
W0,2,1.5,7,HungarianMatcher+BellmanFordStrategy,-1,mixed,augmentation_count,1
W0,2,1.5,7,HungarianMatcher+BellmanFordStrategy,-1,mixed,matching_value,-2
W0,2,1.5,7,HungarianMatcher+BellmanFordStrategy,-1,mixed,matching_size,1
W0,2,1.5,7,HungarianMatcher+BellmanFordStrategy,-1,mixed,wall_clock_ms,0.004135
W0,2,1.5,7,HungarianMatcher+JohnsonDijkstraStrategy,0,mixed,edge_relaxations,2
W0,2,1.5,7,HungarianMatcher+JohnsonDijkstraStrategy,0,mixed,defect_at_iteration,1
W0,2,1.5,7,HungarianMatcher+JohnsonDijkstraStrategy,-1,mixed,augmentation_count,1
W0,2,1.5,7,HungarianMatcher+JohnsonDijkstraStrategy,-1,mixed,matching_value,-2
W0,2,1.5,7,HungarianMatcher+JohnsonDijkstraStrategy,-1,mixed,matching_size,1
W0,2,1.5,7,HungarianMatcher+JohnsonDijkstraStrategy,-1,mixed,wall_clock_ms,0.003891
W0,3,1.5,18,Oracle,-1,mixed,oracle_size,3
W0,3,1.5,18,Oracle,-1,mixed,oracle_value,-15
W0,3,1.5,18,HungarianMatcher+BellmanFordStrategy,0,mixed,defect_at_iteration,2
W0,3,1.5,18,HungarianMatcher+BellmanFordStrategy,1,mixed,defect_at_iteration,1
W0,3,1.5,18,HungarianMatcher+BellmanFordStrategy,2,mixed,defect_at_iteration,0
W0,3,1.5,18,HungarianMatcher+BellmanFordStrategy,-1,mixed,augmentation_count,3
W0,3,1.5,18,HungarianMatcher+BellmanFordStrategy,-1,mixed,matching_value,-15
W0,3,1.5,18,HungarianMatcher+BellmanFordStrategy,-1,mixed,matching_size,3
W0,3,1.5,18,HungarianMatcher+BellmanFordStrategy,-1,mixed,wall_clock_ms,0.006691
W0,3,1.5,18,HungarianMatcher+JohnsonDijkstraStrategy,0,mixed,edge_relaxations,5
W0,3,1.5,18,HungarianMatcher+JohnsonDijkstraStrategy,0,mixed,defect_at_iteration,2
W0,3,1.5,18,HungarianMatcher+JohnsonDijkstraStrategy,1,mixed,edge_relaxations,5
W0,3,1.5,18,HungarianMatcher+JohnsonDijkstraStrategy,1,mixed,defect_at_iteration,1
W0,3,1.5,18,HungarianMatcher+JohnsonDijkstraStrategy,2,mixed,edge_relaxations,3
W0,3,1.5,18,HungarianMatcher+JohnsonDijkstraStrategy,2,mixed,defect_at_iteration,0
W0,3,1.5,18,HungarianMatcher+JohnsonDijkstraStrategy,-1,mixed,augmentation_count,3
W0,3,1.5,18,HungarianMatcher+JohnsonDijkstraStrategy,-1,mixed,matching_value,-15
W0,3,1.5,18,HungarianMatcher+JohnsonDijkstraStrategy,-1,mixed,matching_size,3
W0,3,1.5,18,HungarianMatcher+JohnsonDijkstraStrategy,-1,mixed,wall_clock_ms,0.007493
W0,2,1.5,85,Oracle,-1,mixed,oracle_size,1
W0,2,1.5,85,Oracle,-1,mixed,oracle_value,-3
W0,2,1.5,85,HungarianMatcher+BellmanFordStrategy,0,mixed,defect_at_iteration,1
W0,2,1.5,85,HungarianMatcher+BellmanFordStrategy,-1,mixed,augmentation_count,1
W0,2,1.5,85,HungarianMatcher+BellmanFordStrategy,-1,mixed,matching_value,-3
W0,2,1.5,85,HungarianMatcher+BellmanFordStrategy,-1,mixed,matching_size,1
W0,2,1.5,85,HungarianMatcher+BellmanFordStrategy,-1,mixed,wall_clock_ms,0.004501
W0,2,1.5,85,HungarianMatcher+JohnsonDijkstraStrategy,0,mixed,edge_relaxations,2
W0,2,1.5,85,HungarianMatcher+JohnsonDijkstraStrategy,0,mixed,defect_at_iteration,1
W0,2,1.5,85,HungarianMatcher+JohnsonDijkstraStrategy,-1,mixed,augmentation_count,1
W0,2,1.5,85,HungarianMatcher+JohnsonDijkstraStrategy,-1,mixed,matching_value,-3
W0,2,1.5,85,HungarianMatcher+JohnsonDijkstraStrategy,-1,mixed,matching_size,1
W0,2,1.5,85,HungarianMatcher+JohnsonDijkstraStrategy,-1,mixed,wall_clock_ms,0.004156
W0,4,1.5,73,Oracle,-1,mixed,oracle_size,4
W0,4,1.5,73,Oracle,-1,mixed,oracle_value,-27
W0,4,1.5,73,HungarianMatcher+BellmanFordStrategy,0,mixed,defect_at_iteration,3
W0,4,1.5,73,HungarianMatcher+BellmanFordStrategy,1,mixed,defect_at_iteration,2
W0,4,1.5,73,HungarianMatcher+BellmanFordStrategy,2,mixed,defect_at_iteration,1
W0,4,1.5,73,HungarianMatcher+BellmanFordStrategy,3,mixed,defect_at_iteration,0
W0,4,1.5,73,HungarianMatcher+BellmanFordStrategy,-1,mixed,augmentation_count,4
W0,4,1.5,73,HungarianMatcher+BellmanFordStrategy,-1,mixed,matching_value,-27
W0,4,1.5,73,HungarianMatcher+BellmanFordStrategy,-1,mixed,matching_size,4
W0,4,1.5,73,HungarianMatcher+BellmanFordStrategy,-1,mixed,wall_clock_ms,0.00863
W0,4,1.5,73,HungarianMatcher+JohnsonDijkstraStrategy,0,mixed,edge_relaxations,8
W0,4,1.5,73,HungarianMatcher+JohnsonDijkstraStrategy,0,mixed,defect_at_iteration,3
W0,4,1.5,73,HungarianMatcher+JohnsonDijkstraStrategy,1,mixed,edge_relaxations,8
W0,4,1.5,73,HungarianMatcher+JohnsonDijkstraStrategy,1,mixed,defect_at_iteration,2
W0,4,1.5,73,HungarianMatcher+JohnsonDijkstraStrategy,2,mixed,edge_relaxations,8
W0,4,1.5,73,HungarianMatcher+JohnsonDijkstraStrategy,2,mixed,defect_at_iteration,1
W0,4,1.5,73,HungarianMatcher+JohnsonDijkstraStrategy,3,mixed,edge_relaxations,6
W0,4,1.5,73,HungarianMatcher+JohnsonDijkstraStrategy,3,mixed,defect_at_iteration,0
W0,4,1.5,73,HungarianMatcher+JohnsonDijkstraStrategy,-1,mixed,augmentation_count,4
W0,4,1.5,73,HungarianMatcher+JohnsonDijkstraStrategy,-1,mixed,matching_value,-27
W0,4,1.5,73,HungarianMatcher+JohnsonDijkstraStrategy,-1,mixed,matching_size,4
W0,4,1.5,73,HungarianMatcher+JohnsonDijkstraStrategy,-1,mixed,wall_clock_ms,0.009463
W0,3,1.5,62,Oracle,-1,mixed,oracle_size,3
W0,3,1.5,62,Oracle,-1,mixed,oracle_value,-21
W0,3,1.5,62,HungarianMatcher+BellmanFordStrategy,0,mixed,defect_at_iteration,2
W0,3,1.5,62,HungarianMatcher+BellmanFordStrategy,1,mixed,defect_at_iteration,1
W0,3,1.5,62,HungarianMatcher+BellmanFordStrategy,2,mixed,defect_at_iteration,0
W0,3,1.5,62,HungarianMatcher+BellmanFordStrategy,-1,mixed,augmentation_count,3
W0,3,1.5,62,HungarianMatcher+BellmanFordStrategy,-1,mixed,matching_value,-21
W0,3,1.5,62,HungarianMatcher+BellmanFordStrategy,-1,mixed,matching_size,3
W0,3,1.5,62,HungarianMatcher+BellmanFordStrategy,-1,mixed,wall_clock_ms,0.00676
W0,3,1.5,62,HungarianMatcher+JohnsonDijkstraStrategy,0,mixed,edge_relaxations,5
W0,3,1.5,62,HungarianMatcher+JohnsonDijkstraStrategy,0,mixed,defect_at_iteration,2
W0,3,1.5,62,HungarianMatcher+JohnsonDijkstraStrategy,1,mixed,edge_relaxations,3
W0,3,1.5,62,HungarianMatcher+JohnsonDijkstraStrategy,1,mixed,defect_at_iteration,1
W0,3,1.5,62,HungarianMatcher+JohnsonDijkstraStrategy,2,mixed,edge_relaxations,3
W0,3,1.5,62,HungarianMatcher+JohnsonDijkstraStrategy,2,mixed,defect_at_iteration,0
W0,3,1.5,62,HungarianMatcher+JohnsonDijkstraStrategy,-1,mixed,augmentation_count,3
W0,3,1.5,62,HungarianMatcher+JohnsonDijkstraStrategy,-1,mixed,matching_value,-21
W0,3,1.5,62,HungarianMatcher+JohnsonDijkstraStrategy,-1,mixed,matching_size,3
W0,3,1.5,62,HungarianMatcher+JohnsonDijkstraStrategy,-1,mixed,wall_clock_ms,0.00727
W0,3,1.5,90,Oracle,-1,mixed,oracle_size,3
W0,3,1.5,90,Oracle,-1,mixed,oracle_value,-13
W0,3,1.5,90,HungarianMatcher+BellmanFordStrategy,0,mixed,defect_at_iteration,2
W0,3,1.5,90,HungarianMatcher+BellmanFordStrategy,1,mixed,defect_at_iteration,1
W0,3,1.5,90,HungarianMatcher+BellmanFordStrategy,2,mixed,defect_at_iteration,0
W0,3,1.5,90,HungarianMatcher+BellmanFordStrategy,-1,mixed,augmentation_count,3
W0,3,1.5,90,HungarianMatcher+BellmanFordStrategy,-1,mixed,matching_value,-13
W0,3,1.5,90,HungarianMatcher+BellmanFordStrategy,-1,mixed,matching_size,3
W0,3,1.5,90,HungarianMatcher+BellmanFordStrategy,-1,mixed,wall_clock_ms,0.006521
W0,3,1.5,90,HungarianMatcher+JohnsonDijkstraStrategy,0,mixed,edge_relaxations,5
W0,3,1.5,90,HungarianMatcher+JohnsonDijkstraStrategy,0,mixed,defect_at_iteration,2
W0,3,1.5,90,HungarianMatcher+JohnsonDijkstraStrategy,1,mixed,edge_relaxations,3
W0,3,1.5,90,HungarianMatcher+JohnsonDijkstraStrategy,1,mixed,defect_at_iteration,1
W0,3,1.5,90,HungarianMatcher+JohnsonDijkstraStrategy,2,mixed,edge_relaxations,1
W0,3,1.5,90,HungarianMatcher+JohnsonDijkstraStrategy,2,mixed,defect_at_iteration,0
W0,3,1.5,90,HungarianMatcher+JohnsonDijkstraStrategy,-1,mixed,augmentation_count,3
W0,3,1.5,90,HungarianMatcher+JohnsonDijkstraStrategy,-1,mixed,matching_value,-13
W0,3,1.5,90,HungarianMatcher+JohnsonDijkstraStrategy,-1,mixed,matching_size,3
W0,3,1.5,90,HungarianMatcher+JohnsonDijkstraStrategy,-1,mixed,wall_clock_ms,0.00718
W0,3,1.5,48,Oracle,-1,mixed,oracle_size,3
W0,3,1.5,48,Oracle,-1,mixed,oracle_value,-15
W0,3,1.5,48,HungarianMatcher+BellmanFordStrategy,0,mixed,defect_at_iteration,2
W0,3,1.5,48,HungarianMatcher+BellmanFordStrategy,1,mixed,defect_at_iteration,1
W0,3,1.5,48,HungarianMatcher+BellmanFordStrategy,2,mixed,defect_at_iteration,0
W0,3,1.5,48,HungarianMatcher+BellmanFordStrategy,-1,mixed,augmentation_count,3
W0,3,1.5,48,HungarianMatcher+BellmanFordStrategy,-1,mixed,matching_value,-15
W0,3,1.5,48,HungarianMatcher+BellmanFordStrategy,-1,mixed,matching_size,3
W0,3,1.5,48,HungarianMatcher+BellmanFordStrategy,-1,mixed,wall_clock_ms,0.005084
W0,3,1.5,48,HungarianMatcher+JohnsonDijkstraStrategy,0,mixed,edge_relaxations,5
W0,3,1.5,48,HungarianMatcher+JohnsonDijkstraStrategy,0,mixed,defect_at_iteration,2
W0,3,1.5,48,HungarianMatcher+JohnsonDijkstraStrategy,1,mixed,edge_relaxations,5
W0,3,1.5,48,HungarianMatcher+JohnsonDijkstraStrategy,1,mixed,defect_at_iteration,1
W0,3,1.5,48,HungarianMatcher+JohnsonDijkstraStrategy,2,mixed,edge_relaxations,1
W0,3,1.5,48,HungarianMatcher+JohnsonDijkstraStrategy,2,mixed,defect_at_iteration,0
W0,3,1.5,48,HungarianMatcher+JohnsonDijkstraStrategy,-1,mixed,augmentation_count,3
W0,3,1.5,48,HungarianMatcher+JohnsonDijkstraStrategy,-1,mixed,matching_value,-15
W0,3,1.5,48,HungarianMatcher+JohnsonDijkstraStrategy,-1,mixed,matching_size,3
W0,3,1.5,48,HungarianMatcher+JohnsonDijkstraStrategy,-1,mixed,wall_clock_ms,0.005759
W0,3,1.5,27,Oracle,-1,mixed,oracle_size,2
W0,3,1.5,27,Oracle,-1,mixed,oracle_value,-6
W0,3,1.5,27,HungarianMatcher+BellmanFordStrategy,0,mixed,defect_at_iteration,2
W0,3,1.5,27,HungarianMatcher+BellmanFordStrategy,1,mixed,defect_at_iteration,1
W0,3,1.5,27,HungarianMatcher+BellmanFordStrategy,-1,mixed,augmentation_count,2
W0,3,1.5,27,HungarianMatcher+BellmanFordStrategy,-1,mixed,matching_value,-6
W0,3,1.5,27,HungarianMatcher+BellmanFordStrategy,-1,mixed,matching_size,2
W0,3,1.5,27,HungarianMatcher+BellmanFordStrategy,-1,mixed,wall_clock_ms,0.004232
W0,3,1.5,27,HungarianMatcher+JohnsonDijkstraStrategy,0,mixed,edge_relaxations,5
W0,3,1.5,27,HungarianMatcher+JohnsonDijkstraStrategy,0,mixed,defect_at_iteration,2
W0,3,1.5,27,HungarianMatcher+JohnsonDijkstraStrategy,1,mixed,edge_relaxations,5
W0,3,1.5,27,HungarianMatcher+JohnsonDijkstraStrategy,1,mixed,defect_at_iteration,1
W0,3,1.5,27,HungarianMatcher+JohnsonDijkstraStrategy,-1,mixed,augmentation_count,2
W0,3,1.5,27,HungarianMatcher+JohnsonDijkstraStrategy,-1,mixed,matching_value,-6
W0,3,1.5,27,HungarianMatcher+JohnsonDijkstraStrategy,-1,mixed,matching_size,2
W0,3,1.5,27,HungarianMatcher+JohnsonDijkstraStrategy,-1,mixed,wall_clock_ms,0.005408
W0,2,1.5,22,Oracle,-1,mixed,oracle_size,2
W0,2,1.5,22,Oracle,-1,mixed,oracle_value,-7
W0,2,1.5,22,HungarianMatcher+BellmanFordStrategy,0,mixed,defect_at_iteration,1
W0,2,1.5,22,HungarianMatcher+BellmanFordStrategy,1,mixed,defect_at_iteration,0
W0,2,1.5,22,HungarianMatcher+BellmanFordStrategy,-1,mixed,augmentation_count,2
W0,2,1.5,22,HungarianMatcher+BellmanFordStrategy,-1,mixed,matching_value,-7
W0,2,1.5,22,HungarianMatcher+BellmanFordStrategy,-1,mixed,matching_size,2
W0,2,1.5,22,HungarianMatcher+BellmanFordStrategy,-1,mixed,wall_clock_ms,0.003822
W0,2,1.5,22,HungarianMatcher+JohnsonDijkstraStrategy,0,mixed,edge_relaxations,2
W0,2,1.5,22,HungarianMatcher+JohnsonDijkstraStrategy,0,mixed,defect_at_iteration,1
W0,2,1.5,22,HungarianMatcher+JohnsonDijkstraStrategy,1,mixed,edge_relaxations,1
W0,2,1.5,22,HungarianMatcher+JohnsonDijkstraStrategy,1,mixed,defect_at_iteration,0
W0,2,1.5,22,HungarianMatcher+JohnsonDijkstraStrategy,-1,mixed,augmentation_count,2
W0,2,1.5,22,HungarianMatcher+JohnsonDijkstraStrategy,-1,mixed,matching_value,-7
W0,2,1.5,22,HungarianMatcher+JohnsonDijkstraStrategy,-1,mixed,matching_size,2
W0,2,1.5,22,HungarianMatcher+JohnsonDijkstraStrategy,-1,mixed,wall_clock_ms,0.004154
W0,2,1.5,51,Oracle,-1,mixed,oracle_size,2
W0,2,1.5,51,Oracle,-1,mixed,oracle_value,-6
W0,2,1.5,51,HungarianMatcher+BellmanFordStrategy,0,mixed,defect_at_iteration,1
W0,2,1.5,51,HungarianMatcher+BellmanFordStrategy,1,mixed,defect_at_iteration,0
W0,2,1.5,51,HungarianMatcher+BellmanFordStrategy,-1,mixed,augmentation_count,2
W0,2,1.5,51,HungarianMatcher+BellmanFordStrategy,-1,mixed,matching_value,-6
W0,2,1.5,51,HungarianMatcher+BellmanFordStrategy,-1,mixed,matching_size,2
W0,2,1.5,51,HungarianMatcher+BellmanFordStrategy,-1,mixed,wall_clock_ms,0.005284
W0,2,1.5,51,HungarianMatcher+JohnsonDijkstraStrategy,0,mixed,edge_relaxations,2
W0,2,1.5,51,HungarianMatcher+JohnsonDijkstraStrategy,0,mixed,defect_at_iteration,1
W0,2,1.5,51,HungarianMatcher+JohnsonDijkstraStrategy,1,mixed,edge_relaxations,1
W0,2,1.5,51,HungarianMatcher+JohnsonDijkstraStrategy,1,mixed,defect_at_iteration,0
W0,2,1.5,51,HungarianMatcher+JohnsonDijkstraStrategy,-1,mixed,augmentation_count,2
W0,2,1.5,51,HungarianMatcher+JohnsonDijkstraStrategy,-1,mixed,matching_value,-6
W0,2,1.5,51,HungarianMatcher+JohnsonDijkstraStrategy,-1,mixed,matching_size,2
W0,2,1.5,51,HungarianMatcher+JohnsonDijkstraStrategy,-1,mixed,wall_clock_ms,0.004896
W0,2,1.5,36,Oracle,-1,mixed,oracle_size,1
W0,2,1.5,36,Oracle,-1,mixed,oracle_value,0
W0,2,1.5,36,HungarianMatcher+BellmanFordStrategy,0,mixed,defect_at_iteration,1
W0,2,1.5,36,HungarianMatcher+BellmanFordStrategy,-1,mixed,augmentation_count,1
W0,2,1.5,36,HungarianMatcher+BellmanFordStrategy,-1,mixed,matching_value,0
W0,2,1.5,36,HungarianMatcher+BellmanFordStrategy,-1,mixed,matching_size,1
W0,2,1.5,36,HungarianMatcher+BellmanFordStrategy,-1,mixed,wall_clock_ms,0.004652
W0,2,1.5,36,HungarianMatcher+JohnsonDijkstraStrategy,0,mixed,edge_relaxations,2
W0,2,1.5,36,HungarianMatcher+JohnsonDijkstraStrategy,0,mixed,defect_at_iteration,1
W0,2,1.5,36,HungarianMatcher+JohnsonDijkstraStrategy,-1,mixed,augmentation_count,1
W0,2,1.5,36,HungarianMatcher+JohnsonDijkstraStrategy,-1,mixed,matching_value,0
W0,2,1.5,36,HungarianMatcher+JohnsonDijkstraStrategy,-1,mixed,matching_size,1
W0,2,1.5,36,HungarianMatcher+JohnsonDijkstraStrategy,-1,mixed,wall_clock_ms,0.004414
W0,2,1.5,80,Oracle,-1,mixed,oracle_size,2
W0,2,1.5,80,Oracle,-1,mixed,oracle_value,-5
W0,2,1.5,80,HungarianMatcher+BellmanFordStrategy,0,mixed,defect_at_iteration,1
W0,2,1.5,80,HungarianMatcher+BellmanFordStrategy,1,mixed,defect_at_iteration,0
W0,2,1.5,80,HungarianMatcher+BellmanFordStrategy,-1,mixed,augmentation_count,2
W0,2,1.5,80,HungarianMatcher+BellmanFordStrategy,-1,mixed,matching_value,-5
W0,2,1.5,80,HungarianMatcher+BellmanFordStrategy,-1,mixed,matching_size,2
W0,2,1.5,80,HungarianMatcher+BellmanFordStrategy,-1,mixed,wall_clock_ms,0.003945
W0,2,1.5,80,HungarianMatcher+JohnsonDijkstraStrategy,0,mixed,edge_relaxations,2
W0,2,1.5,80,HungarianMatcher+JohnsonDijkstraStrategy,0,mixed,defect_at_iteration,1
W0,2,1.5,80,HungarianMatcher+JohnsonDijkstraStrategy,1,mixed,edge_relaxations,1
W0,2,1.5,80,HungarianMatcher+JohnsonDijkstraStrategy,1,mixed,defect_at_iteration,0
W0,2,1.5,80,HungarianMatcher+JohnsonDijkstraStrategy,-1,mixed,augmentation_count,2
W0,2,1.5,80,HungarianMatcher+JohnsonDijkstraStrategy,-1,mixed,matching_value,-5
W0,2,1.5,80,HungarianMatcher+JohnsonDijkstraStrategy,-1,mixed,matching_size,2
W0,2,1.5,80,HungarianMatcher+JohnsonDijkstraStrategy,-1,mixed,wall_clock_ms,0.00424
W0,3,1.5,42,Oracle,-1,mixed,oracle_size,3
W0,3,1.5,42,Oracle,-1,mixed,oracle_value,-11
W0,3,1.5,42,HungarianMatcher+BellmanFordStrategy,0,mixed,defect_at_iteration,2
W0,3,1.5,42,HungarianMatcher+BellmanFordStrategy,1,mixed,defect_at_iteration,1
W0,3,1.5,42,HungarianMatcher+BellmanFordStrategy,2,mixed,defect_at_iteration,0
W0,3,1.5,42,HungarianMatcher+BellmanFordStrategy,-1,mixed,augmentation_count,3
W0,3,1.5,42,HungarianMatcher+BellmanFordStrategy,-1,mixed,matching_value,-11
W0,3,1.5,42,HungarianMatcher+BellmanFordStrategy,-1,mixed,matching_size,3
W0,3,1.5,42,HungarianMatcher+BellmanFordStrategy,-1,mixed,wall_clock_ms,0.004929
W0,3,1.5,42,HungarianMatcher+JohnsonDijkstraStrategy,0,mixed,edge_relaxations,5
W0,3,1.5,42,HungarianMatcher+JohnsonDijkstraStrategy,0,mixed,defect_at_iteration,2
W0,3,1.5,42,HungarianMatcher+JohnsonDijkstraStrategy,1,mixed,edge_relaxations,3
W0,3,1.5,42,HungarianMatcher+JohnsonDijkstraStrategy,1,mixed,defect_at_iteration,1
W0,3,1.5,42,HungarianMatcher+JohnsonDijkstraStrategy,2,mixed,edge_relaxations,3
W0,3,1.5,42,HungarianMatcher+JohnsonDijkstraStrategy,2,mixed,defect_at_iteration,0
W0,3,1.5,42,HungarianMatcher+JohnsonDijkstraStrategy,-1,mixed,augmentation_count,3
W0,3,1.5,42,HungarianMatcher+JohnsonDijkstraStrategy,-1,mixed,matching_value,-11
W0,3,1.5,42,HungarianMatcher+JohnsonDijkstraStrategy,-1,mixed,matching_size,3
W0,3,1.5,42,HungarianMatcher+JohnsonDijkstraStrategy,-1,mixed,wall_clock_ms,0.00592
W0,2,1.5,94,Oracle,-1,mixed,oracle_size,1
W0,2,1.5,94,Oracle,-1,mixed,oracle_value,-1
W0,2,1.5,94,HungarianMatcher+BellmanFordStrategy,0,mixed,defect_at_iteration,1
W0,2,1.5,94,HungarianMatcher+BellmanFordStrategy,-1,mixed,augmentation_count,1
W0,2,1.5,94,HungarianMatcher+BellmanFordStrategy,-1,mixed,matching_value,-1
W0,2,1.5,94,HungarianMatcher+BellmanFordStrategy,-1,mixed,matching_size,1
W0,2,1.5,94,HungarianMatcher+BellmanFordStrategy,-1,mixed,wall_clock_ms,0.004163
W0,2,1.5,94,HungarianMatcher+JohnsonDijkstraStrategy,0,mixed,edge_relaxations,2
W0,2,1.5,94,HungarianMatcher+JohnsonDijkstraStrategy,0,mixed,defect_at_iteration,1
W0,2,1.5,94,HungarianMatcher+JohnsonDijkstraStrategy,-1,mixed,augmentation_count,1
W0,2,1.5,94,HungarianMatcher+JohnsonDijkstraStrategy,-1,mixed,matching_value,-1
W0,2,1.5,94,HungarianMatcher+JohnsonDijkstraStrategy,-1,mixed,matching_size,1
W0,2,1.5,94,HungarianMatcher+JohnsonDijkstraStrategy,-1,mixed,wall_clock_ms,0.003712
W0,2,1.5,96,Oracle,-1,mixed,oracle_size,2
W0,2,1.5,96,Oracle,-1,mixed,oracle_value,-1
W0,2,1.5,96,HungarianMatcher+BellmanFordStrategy,0,mixed,defect_at_iteration,1
W0,2,1.5,96,HungarianMatcher+BellmanFordStrategy,1,mixed,defect_at_iteration,0
W0,2,1.5,96,HungarianMatcher+BellmanFordStrategy,-1,mixed,augmentation_count,2
W0,2,1.5,96,HungarianMatcher+BellmanFordStrategy,-1,mixed,matching_value,-1
W0,2,1.5,96,HungarianMatcher+BellmanFordStrategy,-1,mixed,matching_size,2
W0,2,1.5,96,HungarianMatcher+BellmanFordStrategy,-1,mixed,wall_clock_ms,0.0049
W0,2,1.5,96,HungarianMatcher+JohnsonDijkstraStrategy,0,mixed,edge_relaxations,2
W0,2,1.5,96,HungarianMatcher+JohnsonDijkstraStrategy,0,mixed,defect_at_iteration,1
W0,2,1.5,96,HungarianMatcher+JohnsonDijkstraStrategy,1,mixed,edge_relaxations,1
W0,2,1.5,96,HungarianMatcher+JohnsonDijkstraStrategy,1,mixed,defect_at_iteration,0
W0,2,1.5,96,HungarianMatcher+JohnsonDijkstraStrategy,-1,mixed,augmentation_count,2
W0,2,1.5,96,HungarianMatcher+JohnsonDijkstraStrategy,-1,mixed,matching_value,-1
W0,2,1.5,96,HungarianMatcher+JohnsonDijkstraStrategy,-1,mixed,matching_size,2
W0,2,1.5,96,HungarianMatcher+JohnsonDijkstraStrategy,-1,mixed,wall_clock_ms,0.004867
W0,3,1.5,96,Oracle,-1,mixed,oracle_size,2
W0,3,1.5,96,Oracle,-1,mixed,oracle_value,-1
W0,3,1.5,96,HungarianMatcher+BellmanFordStrategy,0,mixed,defect_at_iteration,2
W0,3,1.5,96,HungarianMatcher+BellmanFordStrategy,1,mixed,defect_at_iteration,1
W0,3,1.5,96,HungarianMatcher+BellmanFordStrategy,-1,mixed,augmentation_count,2
W0,3,1.5,96,HungarianMatcher+BellmanFordStrategy,-1,mixed,matching_value,-1
W0,3,1.5,96,HungarianMatcher+BellmanFordStrategy,-1,mixed,matching_size,2
W0,3,1.5,96,HungarianMatcher+BellmanFordStrategy,-1,mixed,wall_clock_ms,0.006053
W0,3,1.5,96,HungarianMatcher+JohnsonDijkstraStrategy,0,mixed,edge_relaxations,5
W0,3,1.5,96,HungarianMatcher+JohnsonDijkstraStrategy,0,mixed,defect_at_iteration,2
W0,3,1.5,96,HungarianMatcher+JohnsonDijkstraStrategy,1,mixed,edge_relaxations,5
W0,3,1.5,96,HungarianMatcher+JohnsonDijkstraStrategy,1,mixed,defect_at_iteration,1
W0,3,1.5,96,HungarianMatcher+JohnsonDijkstraStrategy,-1,mixed,augmentation_count,2
W0,3,1.5,96,HungarianMatcher+JohnsonDijkstraStrategy,-1,mixed,matching_value,-1
W0,3,1.5,96,HungarianMatcher+JohnsonDijkstraStrategy,-1,mixed,matching_size,2
W0,3,1.5,96,HungarianMatcher+JohnsonDijkstraStrategy,-1,mixed,wall_clock_ms,0.005781
W0,3,1.5,47,Oracle,-1,mixed,oracle_size,3
W0,3,1.5,47,Oracle,-1,mixed,oracle_value,-16
W0,3,1.5,47,HungarianMatcher+BellmanFordStrategy,0,mixed,defect_at_iteration,2
W0,3,1.5,47,HungarianMatcher+BellmanFordStrategy,1,mixed,defect_at_iteration,1
W0,3,1.5,47,HungarianMatcher+BellmanFordStrategy,2,mixed,defect_at_iteration,0
W0,3,1.5,47,HungarianMatcher+BellmanFordStrategy,-1,mixed,augmentation_count,3
W0,3,1.5,47,HungarianMatcher+BellmanFordStrategy,-1,mixed,matching_value,-16
W0,3,1.5,47,HungarianMatcher+BellmanFordStrategy,-1,mixed,matching_size,3
W0,3,1.5,47,HungarianMatcher+BellmanFordStrategy,-1,mixed,wall_clock_ms,0.006779
W0,3,1.5,47,HungarianMatcher+JohnsonDijkstraStrategy,0,mixed,edge_relaxations,5
W0,3,1.5,47,HungarianMatcher+JohnsonDijkstraStrategy,0,mixed,defect_at_iteration,2
W0,3,1.5,47,HungarianMatcher+JohnsonDijkstraStrategy,1,mixed,edge_relaxations,5
W0,3,1.5,47,HungarianMatcher+JohnsonDijkstraStrategy,1,mixed,defect_at_iteration,1
W0,3,1.5,47,HungarianMatcher+JohnsonDijkstraStrategy,2,mixed,edge_relaxations,1
W0,3,1.5,47,HungarianMatcher+JohnsonDijkstraStrategy,2,mixed,defect_at_iteration,0
W0,3,1.5,47,HungarianMatcher+JohnsonDijkstraStrategy,-1,mixed,augmentation_count,3
W0,3,1.5,47,HungarianMatcher+JohnsonDijkstraStrategy,-1,mixed,matching_value,-16
W0,3,1.5,47,HungarianMatcher+JohnsonDijkstraStrategy,-1,mixed,matching_size,3
W0,3,1.5,47,HungarianMatcher+JohnsonDijkstraStrategy,-1,mixed,wall_clock_ms,0.007175
W0,3,1.5,93,Oracle,-1,mixed,oracle_size,2
W0,3,1.5,93,Oracle,-1,mixed,oracle_value,-2
W0,3,1.5,93,HungarianMatcher+BellmanFordStrategy,0,mixed,defect_at_iteration,2
W0,3,1.5,93,HungarianMatcher+BellmanFordStrategy,1,mixed,defect_at_iteration,1
W0,3,1.5,93,HungarianMatcher+BellmanFordStrategy,-1,mixed,augmentation_count,2
W0,3,1.5,93,HungarianMatcher+BellmanFordStrategy,-1,mixed,matching_value,-2
W0,3,1.5,93,HungarianMatcher+BellmanFordStrategy,-1,mixed,matching_size,2
W0,3,1.5,93,HungarianMatcher+BellmanFordStrategy,-1,mixed,wall_clock_ms,0.005649
W0,3,1.5,93,HungarianMatcher+JohnsonDijkstraStrategy,0,mixed,edge_relaxations,5
W0,3,1.5,93,HungarianMatcher+JohnsonDijkstraStrategy,0,mixed,defect_at_iteration,2
W0,3,1.5,93,HungarianMatcher+JohnsonDijkstraStrategy,1,mixed,edge_relaxations,5
W0,3,1.5,93,HungarianMatcher+JohnsonDijkstraStrategy,1,mixed,defect_at_iteration,1
W0,3,1.5,93,HungarianMatcher+JohnsonDijkstraStrategy,-1,mixed,augmentation_count,2
W0,3,1.5,93,HungarianMatcher+JohnsonDijkstraStrategy,-1,mixed,matching_value,-2
W0,3,1.5,93,HungarianMatcher+JohnsonDijkstraStrategy,-1,mixed,matching_size,2
W0,3,1.5,93,HungarianMatcher+JohnsonDijkstraStrategy,-1,mixed,wall_clock_ms,0.006311
W0,4,1.5,83,Oracle,-1,mixed,oracle_size,4
W0,4,1.5,83,Oracle,-1,mixed,oracle_value,-36
W0,4,1.5,83,HungarianMatcher+BellmanFordStrategy,0,mixed,defect_at_iteration,3
W0,4,1.5,83,HungarianMatcher+BellmanFordStrategy,1,mixed,defect_at_iteration,2
W0,4,1.5,83,HungarianMatcher+BellmanFordStrategy,2,mixed,defect_at_iteration,1
W0,4,1.5,83,HungarianMatcher+BellmanFordStrategy,3,mixed,defect_at_iteration,0
W0,4,1.5,83,HungarianMatcher+BellmanFordStrategy,-1,mixed,augmentation_count,4
W0,4,1.5,83,HungarianMatcher+BellmanFordStrategy,-1,mixed,matching_value,-36
W0,4,1.5,83,HungarianMatcher+BellmanFordStrategy,-1,mixed,matching_size,4
W0,4,1.5,83,HungarianMatcher+BellmanFordStrategy,-1,mixed,wall_clock_ms,0.009473
W0,4,1.5,83,HungarianMatcher+JohnsonDijkstraStrategy,0,mixed,edge_relaxations,8
W0,4,1.5,83,HungarianMatcher+JohnsonDijkstraStrategy,0,mixed,defect_at_iteration,3
W0,4,1.5,83,HungarianMatcher+JohnsonDijkstraStrategy,1,mixed,edge_relaxations,8
W0,4,1.5,83,HungarianMatcher+JohnsonDijkstraStrategy,1,mixed,defect_at_iteration,2
W0,4,1.5,83,HungarianMatcher+JohnsonDijkstraStrategy,2,mixed,edge_relaxations,8
W0,4,1.5,83,HungarianMatcher+JohnsonDijkstraStrategy,2,mixed,defect_at_iteration,1
W0,4,1.5,83,HungarianMatcher+JohnsonDijkstraStrategy,3,mixed,edge_relaxations,8
W0,4,1.5,83,HungarianMatcher+JohnsonDijkstraStrategy,3,mixed,defect_at_iteration,0
W0,4,1.5,83,HungarianMatcher+JohnsonDijkstraStrategy,-1,mixed,augmentation_count,4
W0,4,1.5,83,HungarianMatcher+JohnsonDijkstraStrategy,-1,mixed,matching_value,-36
W0,4,1.5,83,HungarianMatcher+JohnsonDijkstraStrategy,-1,mixed,matching_size,4
W0,4,1.5,83,HungarianMatcher+JohnsonDijkstraStrategy,-1,mixed,wall_clock_ms,0.010621
W0,3,1.5,89,Oracle,-1,mixed,oracle_size,3
W0,3,1.5,89,Oracle,-1,mixed,oracle_value,-14
W0,3,1.5,89,HungarianMatcher+BellmanFordStrategy,0,mixed,defect_at_iteration,2
W0,3,1.5,89,HungarianMatcher+BellmanFordStrategy,1,mixed,defect_at_iteration,1
W0,3,1.5,89,HungarianMatcher+BellmanFordStrategy,2,mixed,defect_at_iteration,0
W0,3,1.5,89,HungarianMatcher+BellmanFordStrategy,-1,mixed,augmentation_count,3
W0,3,1.5,89,HungarianMatcher+BellmanFordStrategy,-1,mixed,matching_value,-14
W0,3,1.5,89,HungarianMatcher+BellmanFordStrategy,-1,mixed,matching_size,3
W0,3,1.5,89,HungarianMatcher+BellmanFordStrategy,-1,mixed,wall_clock_ms,0.006743
W0,3,1.5,89,HungarianMatcher+JohnsonDijkstraStrategy,0,mixed,edge_relaxations,5
W0,3,1.5,89,HungarianMatcher+JohnsonDijkstraStrategy,0,mixed,defect_at_iteration,2
W0,3,1.5,89,HungarianMatcher+JohnsonDijkstraStrategy,1,mixed,edge_relaxations,5
W0,3,1.5,89,HungarianMatcher+JohnsonDijkstraStrategy,1,mixed,defect_at_iteration,1
W0,3,1.5,89,HungarianMatcher+JohnsonDijkstraStrategy,2,mixed,edge_relaxations,3
W0,3,1.5,89,HungarianMatcher+JohnsonDijkstraStrategy,2,mixed,defect_at_iteration,0
W0,3,1.5,89,HungarianMatcher+JohnsonDijkstraStrategy,-1,mixed,augmentation_count,3
W0,3,1.5,89,HungarianMatcher+JohnsonDijkstraStrategy,-1,mixed,matching_value,-14
W0,3,1.5,89,HungarianMatcher+JohnsonDijkstraStrategy,-1,mixed,matching_size,3
W0,3,1.5,89,HungarianMatcher+JohnsonDijkstraStrategy,-1,mixed,wall_clock_ms,0.007342
W0,4,1.5,13,Oracle,-1,mixed,oracle_size,4
W0,4,1.5,13,Oracle,-1,mixed,oracle_value,-41
W0,4,1.5,13,HungarianMatcher+BellmanFordStrategy,0,mixed,defect_at_iteration,3
W0,4,1.5,13,HungarianMatcher+BellmanFordStrategy,1,mixed,defect_at_iteration,2
W0,4,1.5,13,HungarianMatcher+BellmanFordStrategy,2,mixed,defect_at_iteration,1
W0,4,1.5,13,HungarianMatcher+BellmanFordStrategy,3,mixed,defect_at_iteration,0
W0,4,1.5,13,HungarianMatcher+BellmanFordStrategy,-1,mixed,augmentation_count,4
W0,4,1.5,13,HungarianMatcher+BellmanFordStrategy,-1,mixed,matching_value,-41
W0,4,1.5,13,HungarianMatcher+BellmanFordStrategy,-1,mixed,matching_size,4
W0,4,1.5,13,HungarianMatcher+BellmanFordStrategy,-1,mixed,wall_clock_ms,0.00852
W0,4,1.5,13,HungarianMatcher+JohnsonDijkstraStrategy,0,mixed,edge_relaxations,8
W0,4,1.5,13,HungarianMatcher+JohnsonDijkstraStrategy,0,mixed,defect_at_iteration,3
W0,4,1.5,13,HungarianMatcher+JohnsonDijkstraStrategy,1,mixed,edge_relaxations,8
W0,4,1.5,13,HungarianMatcher+JohnsonDijkstraStrategy,1,mixed,defect_at_iteration,2
W0,4,1.5,13,HungarianMatcher+JohnsonDijkstraStrategy,2,mixed,edge_relaxations,8
W0,4,1.5,13,HungarianMatcher+JohnsonDijkstraStrategy,2,mixed,defect_at_iteration,1
W0,4,1.5,13,HungarianMatcher+JohnsonDijkstraStrategy,3,mixed,edge_relaxations,4
W0,4,1.5,13,HungarianMatcher+JohnsonDijkstraStrategy,3,mixed,defect_at_iteration,0
W0,4,1.5,13,HungarianMatcher+JohnsonDijkstraStrategy,-1,mixed,augmentation_count,4
W0,4,1.5,13,HungarianMatcher+JohnsonDijkstraStrategy,-1,mixed,matching_value,-41
W0,4,1.5,13,HungarianMatcher+JohnsonDijkstraStrategy,-1,mixed,matching_size,4
W0,4,1.5,13,HungarianMatcher+JohnsonDijkstraStrategy,-1,mixed,wall_clock_ms,0.00928
W0,2,1.5,35,Oracle,-1,mixed,oracle_size,2
W0,2,1.5,35,Oracle,-1,mixed,oracle_value,-5
W0,2,1.5,35,HungarianMatcher+BellmanFordStrategy,0,mixed,defect_at_iteration,1
W0,2,1.5,35,HungarianMatcher+BellmanFordStrategy,1,mixed,defect_at_iteration,0
W0,2,1.5,35,HungarianMatcher+BellmanFordStrategy,-1,mixed,augmentation_count,2
W0,2,1.5,35,HungarianMatcher+BellmanFordStrategy,-1,mixed,matching_value,-5
W0,2,1.5,35,HungarianMatcher+BellmanFordStrategy,-1,mixed,matching_size,2
W0,2,1.5,35,HungarianMatcher+BellmanFordStrategy,-1,mixed,wall_clock_ms,0.003862
W0,2,1.5,35,HungarianMatcher+JohnsonDijkstraStrategy,0,mixed,edge_relaxations,2
W0,2,1.5,35,HungarianMatcher+JohnsonDijkstraStrategy,0,mixed,defect_at_iteration,1
W0,2,1.5,35,HungarianMatcher+JohnsonDijkstraStrategy,1,mixed,edge_relaxations,1
W0,2,1.5,35,HungarianMatcher+JohnsonDijkstraStrategy,1,mixed,defect_at_iteration,0
W0,2,1.5,35,HungarianMatcher+JohnsonDijkstraStrategy,-1,mixed,augmentation_count,2
W0,2,1.5,35,HungarianMatcher+JohnsonDijkstraStrategy,-1,mixed,matching_value,-5
W0,2,1.5,35,HungarianMatcher+JohnsonDijkstraStrategy,-1,mixed,matching_size,2
W0,2,1.5,35,HungarianMatcher+JohnsonDijkstraStrategy,-1,mixed,wall_clock_ms,0.004329
W0,3,1.5,28,Oracle,-1,mixed,oracle_size,3
W0,3,1.5,28,Oracle,-1,mixed,oracle_value,-15
W0,3,1.5,28,HungarianMatcher+BellmanFordStrategy,0,mixed,defect_at_iteration,2
W0,3,1.5,28,HungarianMatcher+BellmanFordStrategy,1,mixed,defect_at_iteration,1
W0,3,1.5,28,HungarianMatcher+BellmanFordStrategy,2,mixed,defect_at_iteration,0
W0,3,1.5,28,HungarianMatcher+BellmanFordStrategy,-1,mixed,augmentation_count,3
W0,3,1.5,28,HungarianMatcher+BellmanFordStrategy,-1,mixed,matching_value,-15
W0,3,1.5,28,HungarianMatcher+BellmanFordStrategy,-1,mixed,matching_size,3
W0,3,1.5,28,HungarianMatcher+BellmanFordStrategy,-1,mixed,wall_clock_ms,0.004662
W0,3,1.5,28,HungarianMatcher+JohnsonDijkstraStrategy,0,mixed,edge_relaxations,5
W0,3,1.5,28,HungarianMatcher+JohnsonDijkstraStrategy,0,mixed,defect_at_iteration,2
W0,3,1.5,28,HungarianMatcher+JohnsonDijkstraStrategy,1,mixed,edge_relaxations,5
W0,3,1.5,28,HungarianMatcher+JohnsonDijkstraStrategy,1,mixed,defect_at_iteration,1
W0,3,1.5,28,HungarianMatcher+JohnsonDijkstraStrategy,2,mixed,edge_relaxations,3
W0,3,1.5,28,HungarianMatcher+JohnsonDijkstraStrategy,2,mixed,defect_at_iteration,0
W0,3,1.5,28,HungarianMatcher+JohnsonDijkstraStrategy,-1,mixed,augmentation_count,3
W0,3,1.5,28,HungarianMatcher+JohnsonDijkstraStrategy,-1,mixed,matching_value,-15
W0,3,1.5,28,HungarianMatcher+JohnsonDijkstraStrategy,-1,mixed,matching_size,3
W0,3,1.5,28,HungarianMatcher+JohnsonDijkstraStrategy,-1,mixed,wall_clock_ms,0.005868
W0,3,1.5,11,Oracle,-1,mixed,oracle_size,3
W0,3,1.5,11,Oracle,-1,mixed,oracle_value,-12
W0,3,1.5,11,HungarianMatcher+BellmanFordStrategy,0,mixed,defect_at_iteration,2
W0,3,1.5,11,HungarianMatcher+BellmanFordStrategy,1,mixed,defect_at_iteration,1
W0,3,1.5,11,HungarianMatcher+BellmanFordStrategy,2,mixed,defect_at_iteration,0
W0,3,1.5,11,HungarianMatcher+BellmanFordStrategy,-1,mixed,augmentation_count,3
W0,3,1.5,11,HungarianMatcher+BellmanFordStrategy,-1,mixed,matching_value,-12
W0,3,1.5,11,HungarianMatcher+BellmanFordStrategy,-1,mixed,matching_size,3
W0,3,1.5,11,HungarianMatcher+BellmanFordStrategy,-1,mixed,wall_clock_ms,0.006138
W0,3,1.5,11,HungarianMatcher+JohnsonDijkstraStrategy,0,mixed,edge_relaxations,5
W0,3,1.5,11,HungarianMatcher+JohnsonDijkstraStrategy,0,mixed,defect_at_iteration,2
W0,3,1.5,11,HungarianMatcher+JohnsonDijkstraStrategy,1,mixed,edge_relaxations,2
W0,3,1.5,11,HungarianMatcher+JohnsonDijkstraStrategy,1,mixed,defect_at_iteration,1
W0,3,1.5,11,HungarianMatcher+JohnsonDijkstraStrategy,2,mixed,edge_relaxations,1
W0,3,1.5,11,HungarianMatcher+JohnsonDijkstraStrategy,2,mixed,defect_at_iteration,0
W0,3,1.5,11,HungarianMatcher+JohnsonDijkstraStrategy,-1,mixed,augmentation_count,3
W0,3,1.5,11,HungarianMatcher+JohnsonDijkstraStrategy,-1,mixed,matching_value,-12
W0,3,1.5,11,HungarianMatcher+JohnsonDijkstraStrategy,-1,mixed,matching_size,3
W0,3,1.5,11,HungarianMatcher+JohnsonDijkstraStrategy,-1,mixed,wall_clock_ms,0.006695
W0,3,1.5,67,Oracle,-1,mixed,oracle_size,2
W0,3,1.5,67,Oracle,-1,mixed,oracle_value,-6
W0,3,1.5,67,HungarianMatcher+BellmanFordStrategy,0,mixed,defect_at_iteration,2
W0,3,1.5,67,HungarianMatcher+BellmanFordStrategy,1,mixed,defect_at_iteration,1
W0,3,1.5,67,HungarianMatcher+BellmanFordStrategy,-1,mixed,augmentation_count,2
W0,3,1.5,67,HungarianMatcher+BellmanFordStrategy,-1,mixed,matching_value,-6
W0,3,1.5,67,HungarianMatcher+BellmanFordStrategy,-1,mixed,matching_size,2
W0,3,1.5,67,HungarianMatcher+BellmanFordStrategy,-1,mixed,wall_clock_ms,0.005072
W0,3,1.5,67,HungarianMatcher+JohnsonDijkstraStrategy,0,mixed,edge_relaxations,5
W0,3,1.5,67,HungarianMatcher+JohnsonDijkstraStrategy,0,mixed,defect_at_iteration,2
W0,3,1.5,67,HungarianMatcher+JohnsonDijkstraStrategy,1,mixed,edge_relaxations,2
W0,3,1.5,67,HungarianMatcher+JohnsonDijkstraStrategy,1,mixed,defect_at_iteration,1
W0,3,1.5,67,HungarianMatcher+JohnsonDijkstraStrategy,-1,mixed,augmentation_count,2
W0,3,1.5,67,HungarianMatcher+JohnsonDijkstraStrategy,-1,mixed,matching_value,-6
W0,3,1.5,67,HungarianMatcher+JohnsonDijkstraStrategy,-1,mixed,matching_size,2
W0,3,1.5,67,HungarianMatcher+JohnsonDijkstraStrategy,-1,mixed,wall_clock_ms,0.005337
W0,2,1.5,44,Oracle,-1,mixed,oracle_size,1
W0,2,1.5,44,Oracle,-1,mixed,oracle_value,-3
W0,2,1.5,44,HungarianMatcher+BellmanFordStrategy,0,mixed,defect_at_iteration,1
W0,2,1.5,44,HungarianMatcher+BellmanFordStrategy,-1,mixed,augmentation_count,1
W0,2,1.5,44,HungarianMatcher+BellmanFordStrategy,-1,mixed,matching_value,-3
W0,2,1.5,44,HungarianMatcher+BellmanFordStrategy,-1,mixed,matching_size,1
W0,2,1.5,44,HungarianMatcher+BellmanFordStrategy,-1,mixed,wall_clock_ms,0.003305
W0,2,1.5,44,HungarianMatcher+JohnsonDijkstraStrategy,0,mixed,edge_relaxations,2
W0,2,1.5,44,HungarianMatcher+JohnsonDijkstraStrategy,0,mixed,defect_at_iteration,1
W0,2,1.5,44,HungarianMatcher+JohnsonDijkstraStrategy,-1,mixed,augmentation_count,1
W0,2,1.5,44,HungarianMatcher+JohnsonDijkstraStrategy,-1,mixed,matching_value,-3
W0,2,1.5,44,HungarianMatcher+JohnsonDijkstraStrategy,-1,mixed,matching_size,1
W0,2,1.5,44,HungarianMatcher+JohnsonDijkstraStrategy,-1,mixed,wall_clock_ms,0.00338
W0,3,1.5,57,Oracle,-1,mixed,oracle_size,3
W0,3,1.5,57,Oracle,-1,mixed,oracle_value,-6
W0,3,1.5,57,HungarianMatcher+BellmanFordStrategy,0,mixed,defect_at_iteration,2
W0,3,1.5,57,HungarianMatcher+BellmanFordStrategy,1,mixed,defect_at_iteration,1
W0,3,1.5,57,HungarianMatcher+BellmanFordStrategy,2,mixed,defect_at_iteration,0
W0,3,1.5,57,HungarianMatcher+BellmanFordStrategy,-1,mixed,augmentation_count,3
W0,3,1.5,57,HungarianMatcher+BellmanFordStrategy,-1,mixed,matching_value,-6
W0,3,1.5,57,HungarianMatcher+BellmanFordStrategy,-1,mixed,matching_size,3
W0,3,1.5,57,HungarianMatcher+BellmanFordStrategy,-1,mixed,wall_clock_ms,0.005927
W0,3,1.5,57,HungarianMatcher+JohnsonDijkstraStrategy,0,mixed,edge_relaxations,5
W0,3,1.5,57,HungarianMatcher+JohnsonDijkstraStrategy,0,mixed,defect_at_iteration,2
W0,3,1.5,57,HungarianMatcher+JohnsonDijkstraStrategy,1,mixed,edge_relaxations,2
W0,3,1.5,57,HungarianMatcher+JohnsonDijkstraStrategy,1,mixed,defect_at_iteration,1
W0,3,1.5,57,HungarianMatcher+JohnsonDijkstraStrategy,2,mixed,edge_relaxations,1
W0,3,1.5,57,HungarianMatcher+JohnsonDijkstraStrategy,2,mixed,defect_at_iteration,0
W0,3,1.5,57,HungarianMatcher+JohnsonDijkstraStrategy,-1,mixed,augmentation_count,3
W0,3,1.5,57,HungarianMatcher+JohnsonDijkstraStrategy,-1,mixed,matching_value,-6
W0,3,1.5,57,HungarianMatcher+JohnsonDijkstraStrategy,-1,mixed,matching_size,3
W0,3,1.5,57,HungarianMatcher+JohnsonDijkstraStrategy,-1,mixed,wall_clock_ms,0.006635
W0,3,1.5,56,Oracle,-1,mixed,oracle_size,2
W0,3,1.5,56,Oracle,-1,mixed,oracle_value,-11
W0,3,1.5,56,HungarianMatcher+BellmanFordStrategy,0,mixed,defect_at_iteration,2
W0,3,1.5,56,HungarianMatcher+BellmanFordStrategy,1,mixed,defect_at_iteration,1
W0,3,1.5,56,HungarianMatcher+BellmanFordStrategy,-1,mixed,augmentation_count,2
W0,3,1.5,56,HungarianMatcher+BellmanFordStrategy,-1,mixed,matching_value,-11
W0,3,1.5,56,HungarianMatcher+BellmanFordStrategy,-1,mixed,matching_size,2
W0,3,1.5,56,HungarianMatcher+BellmanFordStrategy,-1,mixed,wall_clock_ms,0.005961
W0,3,1.5,56,HungarianMatcher+JohnsonDijkstraStrategy,0,mixed,edge_relaxations,5
W0,3,1.5,56,HungarianMatcher+JohnsonDijkstraStrategy,0,mixed,defect_at_iteration,2
W0,3,1.5,56,HungarianMatcher+JohnsonDijkstraStrategy,1,mixed,edge_relaxations,5
W0,3,1.5,56,HungarianMatcher+JohnsonDijkstraStrategy,1,mixed,defect_at_iteration,1
W0,3,1.5,56,HungarianMatcher+JohnsonDijkstraStrategy,-1,mixed,augmentation_count,2
W0,3,1.5,56,HungarianMatcher+JohnsonDijkstraStrategy,-1,mixed,matching_value,-11
W0,3,1.5,56,HungarianMatcher+JohnsonDijkstraStrategy,-1,mixed,matching_size,2
W0,3,1.5,56,HungarianMatcher+JohnsonDijkstraStrategy,-1,mixed,wall_clock_ms,0.005899
W0,4,1.5,68,Oracle,-1,mixed,oracle_size,4
W0,4,1.5,68,Oracle,-1,mixed,oracle_value,-31
W0,4,1.5,68,HungarianMatcher+BellmanFordStrategy,0,mixed,defect_at_iteration,3
W0,4,1.5,68,HungarianMatcher+BellmanFordStrategy,1,mixed,defect_at_iteration,2
W0,4,1.5,68,HungarianMatcher+BellmanFordStrategy,2,mixed,defect_at_iteration,1
W0,4,1.5,68,HungarianMatcher+BellmanFordStrategy,3,mixed,defect_at_iteration,0
W0,4,1.5,68,HungarianMatcher+BellmanFordStrategy,-1,mixed,augmentation_count,4
W0,4,1.5,68,HungarianMatcher+BellmanFordStrategy,-1,mixed,matching_value,-31
W0,4,1.5,68,HungarianMatcher+BellmanFordStrategy,-1,mixed,matching_size,4
W0,4,1.5,68,HungarianMatcher+BellmanFordStrategy,-1,mixed,wall_clock_ms,0.006106
W0,4,1.5,68,HungarianMatcher+JohnsonDijkstraStrategy,0,mixed,edge_relaxations,8
W0,4,1.5,68,HungarianMatcher+JohnsonDijkstraStrategy,0,mixed,defect_at_iteration,3
W0,4,1.5,68,HungarianMatcher+JohnsonDijkstraStrategy,1,mixed,edge_relaxations,8
W0,4,1.5,68,HungarianMatcher+JohnsonDijkstraStrategy,1,mixed,defect_at_iteration,2
W0,4,1.5,68,HungarianMatcher+JohnsonDijkstraStrategy,2,mixed,edge_relaxations,8
W0,4,1.5,68,HungarianMatcher+JohnsonDijkstraStrategy,2,mixed,defect_at_iteration,1
W0,4,1.5,68,HungarianMatcher+JohnsonDijkstraStrategy,3,mixed,edge_relaxations,6
W0,4,1.5,68,HungarianMatcher+JohnsonDijkstraStrategy,3,mixed,defect_at_iteration,0
W0,4,1.5,68,HungarianMatcher+JohnsonDijkstraStrategy,-1,mixed,augmentation_count,4
W0,4,1.5,68,HungarianMatcher+JohnsonDijkstraStrategy,-1,mixed,matching_value,-31
W0,4,1.5,68,HungarianMatcher+JohnsonDijkstraStrategy,-1,mixed,matching_size,4
W0,4,1.5,68,HungarianMatcher+JohnsonDijkstraStrategy,-1,mixed,wall_clock_ms,0.007831
W0,3,1.5,36,Oracle,-1,mixed,oracle_size,2
W0,3,1.5,36,Oracle,-1,mixed,oracle_value,-2
W0,3,1.5,36,HungarianMatcher+BellmanFordStrategy,0,mixed,defect_at_iteration,2
W0,3,1.5,36,HungarianMatcher+BellmanFordStrategy,1,mixed,defect_at_iteration,1
W0,3,1.5,36,HungarianMatcher+BellmanFordStrategy,-1,mixed,augmentation_count,2
W0,3,1.5,36,HungarianMatcher+BellmanFordStrategy,-1,mixed,matching_value,-2
W0,3,1.5,36,HungarianMatcher+BellmanFordStrategy,-1,mixed,matching_size,2
W0,3,1.5,36,HungarianMatcher+BellmanFordStrategy,-1,mixed,wall_clock_ms,0.004464
W0,3,1.5,36,HungarianMatcher+JohnsonDijkstraStrategy,0,mixed,edge_relaxations,5
W0,3,1.5,36,HungarianMatcher+JohnsonDijkstraStrategy,0,mixed,defect_at_iteration,2
W0,3,1.5,36,HungarianMatcher+JohnsonDijkstraStrategy,1,mixed,edge_relaxations,5
W0,3,1.5,36,HungarianMatcher+JohnsonDijkstraStrategy,1,mixed,defect_at_iteration,1
W0,3,1.5,36,HungarianMatcher+JohnsonDijkstraStrategy,-1,mixed,augmentation_count,2
W0,3,1.5,36,HungarianMatcher+JohnsonDijkstraStrategy,-1,mixed,matching_value,-2
W0,3,1.5,36,HungarianMatcher+JohnsonDijkstraStrategy,-1,mixed,matching_size,2
W0,3,1.5,36,HungarianMatcher+JohnsonDijkstraStrategy,-1,mixed,wall_clock_ms,0.004922
W0,3,1.5,35,Oracle,-1,mixed,oracle_size,3
W0,3,1.5,35,Oracle,-1,mixed,oracle_value,-8
W0,3,1.5,35,HungarianMatcher+BellmanFordStrategy,0,mixed,defect_at_iteration,2
W0,3,1.5,35,HungarianMatcher+BellmanFordStrategy,1,mixed,defect_at_iteration,1
W0,3,1.5,35,HungarianMatcher+BellmanFordStrategy,2,mixed,defect_at_iteration,0
W0,3,1.5,35,HungarianMatcher+BellmanFordStrategy,-1,mixed,augmentation_count,3
W0,3,1.5,35,HungarianMatcher+BellmanFordStrategy,-1,mixed,matching_value,-8
W0,3,1.5,35,HungarianMatcher+BellmanFordStrategy,-1,mixed,matching_size,3
W0,3,1.5,35,HungarianMatcher+BellmanFordStrategy,-1,mixed,wall_clock_ms,0.006444
W0,3,1.5,35,HungarianMatcher+JohnsonDijkstraStrategy,0,mixed,edge_relaxations,5
W0,3,1.5,35,HungarianMatcher+JohnsonDijkstraStrategy,0,mixed,defect_at_iteration,2
W0,3,1.5,35,HungarianMatcher+JohnsonDijkstraStrategy,1,mixed,edge_relaxations,5
W0,3,1.5,35,HungarianMatcher+JohnsonDijkstraStrategy,1,mixed,defect_at_iteration,1
W0,3,1.5,35,HungarianMatcher+JohnsonDijkstraStrategy,2,mixed,edge_relaxations,1
W0,3,1.5,35,HungarianMatcher+JohnsonDijkstraStrategy,2,mixed,defect_at_iteration,0
W0,3,1.5,35,HungarianMatcher+JohnsonDijkstraStrategy,-1,mixed,augmentation_count,3
W0,3,1.5,35,HungarianMatcher+JohnsonDijkstraStrategy,-1,mixed,matching_value,-8
W0,3,1.5,35,HungarianMatcher+JohnsonDijkstraStrategy,-1,mixed,matching_size,3
W0,3,1.5,35,HungarianMatcher+JohnsonDijkstraStrategy,-1,mixed,wall_clock_ms,0.006544
W0,4,1.5,95,Oracle,-1,mixed,oracle_size,3
W0,4,1.5,95,Oracle,-1,mixed,oracle_value,-20
W0,4,1.5,95,HungarianMatcher+BellmanFordStrategy,0,mixed,defect_at_iteration,3
W0,4,1.5,95,HungarianMatcher+BellmanFordStrategy,1,mixed,defect_at_iteration,2
W0,4,1.5,95,HungarianMatcher+BellmanFordStrategy,2,mixed,defect_at_iteration,1
W0,4,1.5,95,HungarianMatcher+BellmanFordStrategy,-1,mixed,augmentation_count,3
W0,4,1.5,95,HungarianMatcher+BellmanFordStrategy,-1,mixed,matching_value,-20
W0,4,1.5,95,HungarianMatcher+BellmanFordStrategy,-1,mixed,matching_size,3
W0,4,1.5,95,HungarianMatcher+BellmanFordStrategy,-1,mixed,wall_clock_ms,0.006426
W0,4,1.5,95,HungarianMatcher+JohnsonDijkstraStrategy,0,mixed,edge_relaxations,8
W0,4,1.5,95,HungarianMatcher+JohnsonDijkstraStrategy,0,mixed,defect_at_iteration,3
W0,4,1.5,95,HungarianMatcher+JohnsonDijkstraStrategy,1,mixed,edge_relaxations,8
W0,4,1.5,95,HungarianMatcher+JohnsonDijkstraStrategy,1,mixed,defect_at_iteration,2
W0,4,1.5,95,HungarianMatcher+JohnsonDijkstraStrategy,2,mixed,edge_relaxations,8
W0,4,1.5,95,HungarianMatcher+JohnsonDijkstraStrategy,2,mixed,defect_at_iteration,1
W0,4,1.5,95,HungarianMatcher+JohnsonDijkstraStrategy,-1,mixed,augmentation_count,3
W0,4,1.5,95,HungarianMatcher+JohnsonDijkstraStrategy,-1,mixed,matching_value,-20
W0,4,1.5,95,HungarianMatcher+JohnsonDijkstraStrategy,-1,mixed,matching_size,3
W0,4,1.5,95,HungarianMatcher+JohnsonDijkstraStrategy,-1,mixed,wall_clock_ms,0.008375
W0,2,1.5,9,Oracle,-1,mixed,oracle_size,1
W0,2,1.5,9,Oracle,-1,mixed,oracle_value,0
W0,2,1.5,9,HungarianMatcher+BellmanFordStrategy,0,mixed,defect_at_iteration,1
W0,2,1.5,9,HungarianMatcher+BellmanFordStrategy,-1,mixed,augmentation_count,1
W0,2,1.5,9,HungarianMatcher+BellmanFordStrategy,-1,mixed,matching_value,0
W0,2,1.5,9,HungarianMatcher+BellmanFordStrategy,-1,mixed,matching_size,1
W0,2,1.5,9,HungarianMatcher+BellmanFordStrategy,-1,mixed,wall_clock_ms,0.004051
W0,2,1.5,9,HungarianMatcher+JohnsonDijkstraStrategy,0,mixed,edge_relaxations,2
W0,2,1.5,9,HungarianMatcher+JohnsonDijkstraStrategy,0,mixed,defect_at_iteration,1
W0,2,1.5,9,HungarianMatcher+JohnsonDijkstraStrategy,-1,mixed,augmentation_count,1
W0,2,1.5,9,HungarianMatcher+JohnsonDijkstraStrategy,-1,mixed,matching_value,0
W0,2,1.5,9,HungarianMatcher+JohnsonDijkstraStrategy,-1,mixed,matching_size,1
W0,2,1.5,9,HungarianMatcher+JohnsonDijkstraStrategy,-1,mixed,wall_clock_ms,0.003792
W0,4,1.5,58,Oracle,-1,mixed,oracle_size,4
W0,4,1.5,58,Oracle,-1,mixed,oracle_value,-22
W0,4,1.5,58,HungarianMatcher+BellmanFordStrategy,0,mixed,defect_at_iteration,3
W0,4,1.5,58,HungarianMatcher+BellmanFordStrategy,1,mixed,defect_at_iteration,2
W0,4,1.5,58,HungarianMatcher+BellmanFordStrategy,2,mixed,defect_at_iteration,1
W0,4,1.5,58,HungarianMatcher+BellmanFordStrategy,3,mixed,defect_at_iteration,0
W0,4,1.5,58,HungarianMatcher+BellmanFordStrategy,-1,mixed,augmentation_count,4
W0,4,1.5,58,HungarianMatcher+BellmanFordStrategy,-1,mixed,matching_value,-22
W0,4,1.5,58,HungarianMatcher+BellmanFordStrategy,-1,mixed,matching_size,4
W0,4,1.5,58,HungarianMatcher+BellmanFordStrategy,-1,mixed,wall_clock_ms,0.008558
W0,4,1.5,58,HungarianMatcher+JohnsonDijkstraStrategy,0,mixed,edge_relaxations,8
W0,4,1.5,58,HungarianMatcher+JohnsonDijkstraStrategy,0,mixed,defect_at_iteration,3
W0,4,1.5,58,HungarianMatcher+JohnsonDijkstraStrategy,1,mixed,edge_relaxations,8
W0,4,1.5,58,HungarianMatcher+JohnsonDijkstraStrategy,1,mixed,defect_at_iteration,2
W0,4,1.5,58,HungarianMatcher+JohnsonDijkstraStrategy,2,mixed,edge_relaxations,5
W0,4,1.5,58,HungarianMatcher+JohnsonDijkstraStrategy,2,mixed,defect_at_iteration,1
W0,4,1.5,58,HungarianMatcher+JohnsonDijkstraStrategy,3,mixed,edge_relaxations,5
W0,4,1.5,58,HungarianMatcher+JohnsonDijkstraStrategy,3,mixed,defect_at_iteration,0
W0,4,1.5,58,HungarianMatcher+JohnsonDijkstraStrategy,-1,mixed,augmentation_count,4
W0,4,1.5,58,HungarianMatcher+JohnsonDijkstraStrategy,-1,mixed,matching_value,-22
W0,4,1.5,58,HungarianMatcher+JohnsonDijkstraStrategy,-1,mixed,matching_size,4
W0,4,1.5,58,HungarianMatcher+JohnsonDijkstraStrategy,-1,mixed,wall_clock_ms,0.009542
W0,4,1.5,16,Oracle,-1,mixed,oracle_size,3
W0,4,1.5,16,Oracle,-1,mixed,oracle_value,-30
W0,4,1.5,16,HungarianMatcher+BellmanFordStrategy,0,mixed,defect_at_iteration,3
W0,4,1.5,16,HungarianMatcher+BellmanFordStrategy,1,mixed,defect_at_iteration,2
W0,4,1.5,16,HungarianMatcher+BellmanFordStrategy,2,mixed,defect_at_iteration,1
W0,4,1.5,16,HungarianMatcher+BellmanFordStrategy,-1,mixed,augmentation_count,3
W0,4,1.5,16,HungarianMatcher+BellmanFordStrategy,-1,mixed,matching_value,-30
W0,4,1.5,16,HungarianMatcher+BellmanFordStrategy,-1,mixed,matching_size,3
W0,4,1.5,16,HungarianMatcher+BellmanFordStrategy,-1,mixed,wall_clock_ms,0.007244
W0,4,1.5,16,HungarianMatcher+JohnsonDijkstraStrategy,0,mixed,edge_relaxations,8
W0,4,1.5,16,HungarianMatcher+JohnsonDijkstraStrategy,0,mixed,defect_at_iteration,3
W0,4,1.5,16,HungarianMatcher+JohnsonDijkstraStrategy,1,mixed,edge_relaxations,8
W0,4,1.5,16,HungarianMatcher+JohnsonDijkstraStrategy,1,mixed,defect_at_iteration,2
W0,4,1.5,16,HungarianMatcher+JohnsonDijkstraStrategy,2,mixed,edge_relaxations,8
W0,4,1.5,16,HungarianMatcher+JohnsonDijkstraStrategy,2,mixed,defect_at_iteration,1
W0,4,1.5,16,HungarianMatcher+JohnsonDijkstraStrategy,-1,mixed,augmentation_count,3
W0,4,1.5,16,HungarianMatcher+JohnsonDijkstraStrategy,-1,mixed,matching_value,-30
W0,4,1.5,16,HungarianMatcher+JohnsonDijkstraStrategy,-1,mixed,matching_size,3
W0,4,1.5,16,HungarianMatcher+JohnsonDijkstraStrategy,-1,mixed,wall_clock_ms,0.007806
W0,4,1.5,54,Oracle,-1,mixed,oracle_size,4
W0,4,1.5,54,Oracle,-1,mixed,oracle_value,-32
W0,4,1.5,54,HungarianMatcher+BellmanFordStrategy,0,mixed,defect_at_iteration,3
W0,4,1.5,54,HungarianMatcher+BellmanFordStrategy,1,mixed,defect_at_iteration,2
W0,4,1.5,54,HungarianMatcher+BellmanFordStrategy,2,mixed,defect_at_iteration,1
W0,4,1.5,54,HungarianMatcher+BellmanFordStrategy,3,mixed,defect_at_iteration,0
W0,4,1.5,54,HungarianMatcher+BellmanFordStrategy,-1,mixed,augmentation_count,4
W0,4,1.5,54,HungarianMatcher+BellmanFordStrategy,-1,mixed,matching_value,-32
W0,4,1.5,54,HungarianMatcher+BellmanFordStrategy,-1,mixed,matching_size,4
W0,4,1.5,54,HungarianMatcher+BellmanFordStrategy,-1,mixed,wall_clock_ms,0.007918
W0,4,1.5,54,HungarianMatcher+JohnsonDijkstraStrategy,0,mixed,edge_relaxations,8
W0,4,1.5,54,HungarianMatcher+JohnsonDijkstraStrategy,0,mixed,defect_at_iteration,3
W0,4,1.5,54,HungarianMatcher+JohnsonDijkstraStrategy,1,mixed,edge_relaxations,8
W0,4,1.5,54,HungarianMatcher+JohnsonDijkstraStrategy,1,mixed,defect_at_iteration,2
W0,4,1.5,54,HungarianMatcher+JohnsonDijkstraStrategy,2,mixed,edge_relaxations,8
W0,4,1.5,54,HungarianMatcher+JohnsonDijkstraStrategy,2,mixed,defect_at_iteration,1
W0,4,1.5,54,HungarianMatcher+JohnsonDijkstraStrategy,3,mixed,edge_relaxations,6
W0,4,1.5,54,HungarianMatcher+JohnsonDijkstraStrategy,3,mixed,defect_at_iteration,0
W0,4,1.5,54,HungarianMatcher+JohnsonDijkstraStrategy,-1,mixed,augmentation_count,4
W0,4,1.5,54,HungarianMatcher+JohnsonDijkstraStrategy,-1,mixed,matching_value,-32
W0,4,1.5,54,HungarianMatcher+JohnsonDijkstraStrategy,-1,mixed,matching_size,4
W0,4,1.5,54,HungarianMatcher+JohnsonDijkstraStrategy,-1,mixed,wall_clock_ms,0.009714
W0,3,1.5,84,Oracle,-1,mixed,oracle_size,2
W0,3,1.5,84,Oracle,-1,mixed,oracle_value,-8
W0,3,1.5,84,HungarianMatcher+BellmanFordStrategy,0,mixed,defect_at_iteration,2
W0,3,1.5,84,HungarianMatcher+BellmanFordStrategy,1,mixed,defect_at_iteration,1
W0,3,1.5,84,HungarianMatcher+BellmanFordStrategy,-1,mixed,augmentation_count,2
W0,3,1.5,84,HungarianMatcher+BellmanFordStrategy,-1,mixed,matching_value,-8
W0,3,1.5,84,HungarianMatcher+BellmanFordStrategy,-1,mixed,matching_size,2
W0,3,1.5,84,HungarianMatcher+BellmanFordStrategy,-1,mixed,wall_clock_ms,0.00535
W0,3,1.5,84,HungarianMatcher+JohnsonDijkstraStrategy,0,mixed,edge_relaxations,5
W0,3,1.5,84,HungarianMatcher+JohnsonDijkstraStrategy,0,mixed,defect_at_iteration,2
W0,3,1.5,84,HungarianMatcher+JohnsonDijkstraStrategy,1,mixed,edge_relaxations,5
W0,3,1.5,84,HungarianMatcher+JohnsonDijkstraStrategy,1,mixed,defect_at_iteration,1
W0,3,1.5,84,HungarianMatcher+JohnsonDijkstraStrategy,-1,mixed,augmentation_count,2
W0,3,1.5,84,HungarianMatcher+JohnsonDijkstraStrategy,-1,mixed,matching_value,-8
W0,3,1.5,84,HungarianMatcher+JohnsonDijkstraStrategy,-1,mixed,matching_size,2
W0,3,1.5,84,HungarianMatcher+JohnsonDijkstraStrategy,-1,mixed,wall_clock_ms,0.00586
W0,2,1.5,49,Oracle,-1,mixed,oracle_size,1
W0,2,1.5,49,Oracle,-1,mixed,oracle_value,-3
W0,2,1.5,49,HungarianMatcher+BellmanFordStrategy,0,mixed,defect_at_iteration,1
W0,2,1.5,49,HungarianMatcher+BellmanFordStrategy,-1,mixed,augmentation_count,1
W0,2,1.5,49,HungarianMatcher+BellmanFordStrategy,-1,mixed,matching_value,-3
W0,2,1.5,49,HungarianMatcher+BellmanFordStrategy,-1,mixed,matching_size,1
W0,2,1.5,49,HungarianMatcher+BellmanFordStrategy,-1,mixed,wall_clock_ms,0.004526
W0,2,1.5,49,HungarianMatcher+JohnsonDijkstraStrategy,0,mixed,edge_relaxations,2
W0,2,1.5,49,HungarianMatcher+JohnsonDijkstraStrategy,0,mixed,defect_at_iteration,1
W0,2,1.5,49,HungarianMatcher+JohnsonDijkstraStrategy,-1,mixed,augmentation_count,1
W0,2,1.5,49,HungarianMatcher+JohnsonDijkstraStrategy,-1,mixed,matching_value,-3
W0,2,1.5,49,HungarianMatcher+JohnsonDijkstraStrategy,-1,mixed,matching_size,1
W0,2,1.5,49,HungarianMatcher+JohnsonDijkstraStrategy,-1,mixed,wall_clock_ms,0.004466
W0,3,1.5,22,Oracle,-1,mixed,oracle_size,3
W0,3,1.5,22,Oracle,-1,mixed,oracle_value,-11
W0,3,1.5,22,HungarianMatcher+BellmanFordStrategy,0,mixed,defect_at_iteration,2
W0,3,1.5,22,HungarianMatcher+BellmanFordStrategy,1,mixed,defect_at_iteration,1
W0,3,1.5,22,HungarianMatcher+BellmanFordStrategy,2,mixed,defect_at_iteration,0
W0,3,1.5,22,HungarianMatcher+BellmanFordStrategy,-1,mixed,augmentation_count,3
W0,3,1.5,22,HungarianMatcher+BellmanFordStrategy,-1,mixed,matching_value,-11
W0,3,1.5,22,HungarianMatcher+BellmanFordStrategy,-1,mixed,matching_size,3
W0,3,1.5,22,HungarianMatcher+BellmanFordStrategy,-1,mixed,wall_clock_ms,0.006911
W0,3,1.5,22,HungarianMatcher+JohnsonDijkstraStrategy,0,mixed,edge_relaxations,5
W0,3,1.5,22,HungarianMatcher+JohnsonDijkstraStrategy,0,mixed,defect_at_iteration,2
W0,3,1.5,22,HungarianMatcher+JohnsonDijkstraStrategy,1,mixed,edge_relaxations,2
W0,3,1.5,22,HungarianMatcher+JohnsonDijkstraStrategy,1,mixed,defect_at_iteration,1
W0,3,1.5,22,HungarianMatcher+JohnsonDijkstraStrategy,2,mixed,edge_relaxations,1
W0,3,1.5,22,HungarianMatcher+JohnsonDijkstraStrategy,2,mixed,defect_at_iteration,0
W0,3,1.5,22,HungarianMatcher+JohnsonDijkstraStrategy,-1,mixed,augmentation_count,3
W0,3,1.5,22,HungarianMatcher+JohnsonDijkstraStrategy,-1,mixed,matching_value,-11
W0,3,1.5,22,HungarianMatcher+JohnsonDijkstraStrategy,-1,mixed,matching_size,3
W0,3,1.5,22,HungarianMatcher+JohnsonDijkstraStrategy,-1,mixed,wall_clock_ms,0.006902
W0,4,1.5,93,Oracle,-1,mixed,oracle_size,4
W0,4,1.5,93,Oracle,-1,mixed,oracle_value,-28
W0,4,1.5,93,HungarianMatcher+BellmanFordStrategy,0,mixed,defect_at_iteration,3
W0,4,1.5,93,HungarianMatcher+BellmanFordStrategy,1,mixed,defect_at_iteration,2
W0,4,1.5,93,HungarianMatcher+BellmanFordStrategy,2,mixed,defect_at_iteration,1
W0,4,1.5,93,HungarianMatcher+BellmanFordStrategy,3,mixed,defect_at_iteration,0
W0,4,1.5,93,HungarianMatcher+BellmanFordStrategy,-1,mixed,augmentation_count,4
W0,4,1.5,93,HungarianMatcher+BellmanFordStrategy,-1,mixed,matching_value,-28
W0,4,1.5,93,HungarianMatcher+BellmanFordStrategy,-1,mixed,matching_size,4
W0,4,1.5,93,HungarianMatcher+BellmanFordStrategy,-1,mixed,wall_clock_ms,0.008171
W0,4,1.5,93,HungarianMatcher+JohnsonDijkstraStrategy,0,mixed,edge_relaxations,8
W0,4,1.5,93,HungarianMatcher+JohnsonDijkstraStrategy,0,mixed,defect_at_iteration,3
W0,4,1.5,93,HungarianMatcher+JohnsonDijkstraStrategy,1,mixed,edge_relaxations,8
W0,4,1.5,93,HungarianMatcher+JohnsonDijkstraStrategy,1,mixed,defect_at_iteration,2
W0,4,1.5,93,HungarianMatcher+JohnsonDijkstraStrategy,2,mixed,edge_relaxations,8
W0,4,1.5,93,HungarianMatcher+JohnsonDijkstraStrategy,2,mixed,defect_at_iteration,1
W0,4,1.5,93,HungarianMatcher+JohnsonDijkstraStrategy,3,mixed,edge_relaxations,3
W0,4,1.5,93,HungarianMatcher+JohnsonDijkstraStrategy,3,mixed,defect_at_iteration,0
W0,4,1.5,93,HungarianMatcher+JohnsonDijkstraStrategy,-1,mixed,augmentation_count,4
W0,4,1.5,93,HungarianMatcher+JohnsonDijkstraStrategy,-1,mixed,matching_value,-28
W0,4,1.5,93,HungarianMatcher+JohnsonDijkstraStrategy,-1,mixed,matching_size,4
W0,4,1.5,93,HungarianMatcher+JohnsonDijkstraStrategy,-1,mixed,wall_clock_ms,0.009143
W0,4,1.5,1,Oracle,-1,mixed,oracle_size,4
W0,4,1.5,1,Oracle,-1,mixed,oracle_value,-37
W0,4,1.5,1,HungarianMatcher+BellmanFordStrategy,0,mixed,defect_at_iteration,3
W0,4,1.5,1,HungarianMatcher+BellmanFordStrategy,1,mixed,defect_at_iteration,2
W0,4,1.5,1,HungarianMatcher+BellmanFordStrategy,2,mixed,defect_at_iteration,1
W0,4,1.5,1,HungarianMatcher+BellmanFordStrategy,3,mixed,defect_at_iteration,0
W0,4,1.5,1,HungarianMatcher+BellmanFordStrategy,-1,mixed,augmentation_count,4
W0,4,1.5,1,HungarianMatcher+BellmanFordStrategy,-1,mixed,matching_value,-37
W0,4,1.5,1,HungarianMatcher+BellmanFordStrategy,-1,mixed,matching_size,4
W0,4,1.5,1,HungarianMatcher+BellmanFordStrategy,-1,mixed,wall_clock_ms,0.0079
W0,4,1.5,1,HungarianMatcher+JohnsonDijkstraStrategy,0,mixed,edge_relaxations,8
W0,4,1.5,1,HungarianMatcher+JohnsonDijkstraStrategy,0,mixed,defect_at_iteration,3
W0,4,1.5,1,HungarianMatcher+JohnsonDijkstraStrategy,1,mixed,edge_relaxations,8
W0,4,1.5,1,HungarianMatcher+JohnsonDijkstraStrategy,1,mixed,defect_at_iteration,2
W0,4,1.5,1,HungarianMatcher+JohnsonDijkstraStrategy,2,mixed,edge_relaxations,8
W0,4,1.5,1,HungarianMatcher+JohnsonDijkstraStrategy,2,mixed,defect_at_iteration,1
W0,4,1.5,1,HungarianMatcher+JohnsonDijkstraStrategy,3,mixed,edge_relaxations,6
W0,4,1.5,1,HungarianMatcher+JohnsonDijkstraStrategy,3,mixed,defect_at_iteration,0
W0,4,1.5,1,HungarianMatcher+JohnsonDijkstraStrategy,-1,mixed,augmentation_count,4
W0,4,1.5,1,HungarianMatcher+JohnsonDijkstraStrategy,-1,mixed,matching_value,-37
W0,4,1.5,1,HungarianMatcher+JohnsonDijkstraStrategy,-1,mixed,matching_size,4
W0,4,1.5,1,HungarianMatcher+JohnsonDijkstraStrategy,-1,mixed,wall_clock_ms,0.017122
W0,2,1.5,73,Oracle,-1,mixed,oracle_size,1
W0,2,1.5,73,Oracle,-1,mixed,oracle_value,0
W0,2,1.5,73,HungarianMatcher+BellmanFordStrategy,0,mixed,defect_at_iteration,1
W0,2,1.5,73,HungarianMatcher+BellmanFordStrategy,-1,mixed,augmentation_count,1
W0,2,1.5,73,HungarianMatcher+BellmanFordStrategy,-1,mixed,matching_value,0
W0,2,1.5,73,HungarianMatcher+BellmanFordStrategy,-1,mixed,matching_size,1
W0,2,1.5,73,HungarianMatcher+BellmanFordStrategy,-1,mixed,wall_clock_ms,0.004647
W0,2,1.5,73,HungarianMatcher+JohnsonDijkstraStrategy,0,mixed,edge_relaxations,2
W0,2,1.5,73,HungarianMatcher+JohnsonDijkstraStrategy,0,mixed,defect_at_iteration,1
W0,2,1.5,73,HungarianMatcher+JohnsonDijkstraStrategy,-1,mixed,augmentation_count,1
W0,2,1.5,73,HungarianMatcher+JohnsonDijkstraStrategy,-1,mixed,matching_value,0
W0,2,1.5,73,HungarianMatcher+JohnsonDijkstraStrategy,-1,mixed,matching_size,1
W0,2,1.5,73,HungarianMatcher+JohnsonDijkstraStrategy,-1,mixed,wall_clock_ms,0.003806
W0,3,1.5,44,Oracle,-1,mixed,oracle_size,2
W0,3,1.5,44,Oracle,-1,mixed,oracle_value,-4
W0,3,1.5,44,HungarianMatcher+BellmanFordStrategy,0,mixed,defect_at_iteration,2
W0,3,1.5,44,HungarianMatcher+BellmanFordStrategy,1,mixed,defect_at_iteration,1
W0,3,1.5,44,HungarianMatcher+BellmanFordStrategy,-1,mixed,augmentation_count,2
W0,3,1.5,44,HungarianMatcher+BellmanFordStrategy,-1,mixed,matching_value,-4
W0,3,1.5,44,HungarianMatcher+BellmanFordStrategy,-1,mixed,matching_size,2
W0,3,1.5,44,HungarianMatcher+BellmanFordStrategy,-1,mixed,wall_clock_ms,0.003811
W0,3,1.5,44,HungarianMatcher+JohnsonDijkstraStrategy,0,mixed,edge_relaxations,5
W0,3,1.5,44,HungarianMatcher+JohnsonDijkstraStrategy,0,mixed,defect_at_iteration,2
W0,3,1.5,44,HungarianMatcher+JohnsonDijkstraStrategy,1,mixed,edge_relaxations,5
W0,3,1.5,44,HungarianMatcher+JohnsonDijkstraStrategy,1,mixed,defect_at_iteration,1
W0,3,1.5,44,HungarianMatcher+JohnsonDijkstraStrategy,-1,mixed,augmentation_count,2
W0,3,1.5,44,HungarianMatcher+JohnsonDijkstraStrategy,-1,mixed,matching_value,-4
W0,3,1.5,44,HungarianMatcher+JohnsonDijkstraStrategy,-1,mixed,matching_size,2
W0,3,1.5,44,HungarianMatcher+JohnsonDijkstraStrategy,-1,mixed,wall_clock_ms,0.004932
W0,2,1.5,14,Oracle,-1,mixed,oracle_size,1
W0,2,1.5,14,Oracle,-1,mixed,oracle_value,-3
W0,2,1.5,14,HungarianMatcher+BellmanFordStrategy,0,mixed,defect_at_iteration,1
W0,2,1.5,14,HungarianMatcher+BellmanFordStrategy,-1,mixed,augmentation_count,1
W0,2,1.5,14,HungarianMatcher+BellmanFordStrategy,-1,mixed,matching_value,-3
W0,2,1.5,14,HungarianMatcher+BellmanFordStrategy,-1,mixed,matching_size,1
W0,2,1.5,14,HungarianMatcher+BellmanFordStrategy,-1,mixed,wall_clock_ms,0.004255
W0,2,1.5,14,HungarianMatcher+JohnsonDijkstraStrategy,0,mixed,edge_relaxations,2
W0,2,1.5,14,HungarianMatcher+JohnsonDijkstraStrategy,0,mixed,defect_at_iteration,1
W0,2,1.5,14,HungarianMatcher+JohnsonDijkstraStrategy,-1,mixed,augmentation_count,1
W0,2,1.5,14,HungarianMatcher+JohnsonDijkstraStrategy,-1,mixed,matching_value,-3
W0,2,1.5,14,HungarianMatcher+JohnsonDijkstraStrategy,-1,mixed,matching_size,1
W0,2,1.5,14,HungarianMatcher+JohnsonDijkstraStrategy,-1,mixed,wall_clock_ms,0.003804
W0,3,1.5,29,Oracle,-1,mixed,oracle_size,3
W0,3,1.5,29,Oracle,-1,mixed,oracle_value,-14
W0,3,1.5,29,HungarianMatcher+BellmanFordStrategy,0,mixed,defect_at_iteration,2
W0,3,1.5,29,HungarianMatcher+BellmanFordStrategy,1,mixed,defect_at_iteration,1
W0,3,1.5,29,HungarianMatcher+BellmanFordStrategy,2,mixed,defect_at_iteration,0
W0,3,1.5,29,HungarianMatcher+BellmanFordStrategy,-1,mixed,augmentation_count,3
W0,3,1.5,29,HungarianMatcher+BellmanFordStrategy,-1,mixed,matching_value,-14
W0,3,1.5,29,HungarianMatcher+BellmanFordStrategy,-1,mixed,matching_size,3
W0,3,1.5,29,HungarianMatcher+BellmanFordStrategy,-1,mixed,wall_clock_ms,0.006819
W0,3,1.5,29,HungarianMatcher+JohnsonDijkstraStrategy,0,mixed,edge_relaxations,5
W0,3,1.5,29,HungarianMatcher+JohnsonDijkstraStrategy,0,mixed,defect_at_iteration,2
W0,3,1.5,29,HungarianMatcher+JohnsonDijkstraStrategy,1,mixed,edge_relaxations,3
W0,3,1.5,29,HungarianMatcher+JohnsonDijkstraStrategy,1,mixed,defect_at_iteration,1
W0,3,1.5,29,HungarianMatcher+JohnsonDijkstraStrategy,2,mixed,edge_relaxations,1
W0,3,1.5,29,HungarianMatcher+JohnsonDijkstraStrategy,2,mixed,defect_at_iteration,0
W0,3,1.5,29,HungarianMatcher+JohnsonDijkstraStrategy,-1,mixed,augmentation_count,3
W0,3,1.5,29,HungarianMatcher+JohnsonDijkstraStrategy,-1,mixed,matching_value,-14
W0,3,1.5,29,HungarianMatcher+JohnsonDijkstraStrategy,-1,mixed,matching_size,3
W0,3,1.5,29,HungarianMatcher+JohnsonDijkstraStrategy,-1,mixed,wall_clock_ms,0.007142
W0,4,1.5,21,Oracle,-1,mixed,oracle_size,4
W0,4,1.5,21,Oracle,-1,mixed,oracle_value,-38
W0,4,1.5,21,HungarianMatcher+BellmanFordStrategy,0,mixed,defect_at_iteration,3
W0,4,1.5,21,HungarianMatcher+BellmanFordStrategy,1,mixed,defect_at_iteration,2
W0,4,1.5,21,HungarianMatcher+BellmanFordStrategy,2,mixed,defect_at_iteration,1
W0,4,1.5,21,HungarianMatcher+BellmanFordStrategy,3,mixed,defect_at_iteration,0
W0,4,1.5,21,HungarianMatcher+BellmanFordStrategy,-1,mixed,augmentation_count,4
W0,4,1.5,21,HungarianMatcher+BellmanFordStrategy,-1,mixed,matching_value,-38
W0,4,1.5,21,HungarianMatcher+BellmanFordStrategy,-1,mixed,matching_size,4
W0,4,1.5,21,HungarianMatcher+BellmanFordStrategy,-1,mixed,wall_clock_ms,0.008529
W0,4,1.5,21,HungarianMatcher+JohnsonDijkstraStrategy,0,mixed,edge_relaxations,8
W0,4,1.5,21,HungarianMatcher+JohnsonDijkstraStrategy,0,mixed,defect_at_iteration,3
W0,4,1.5,21,HungarianMatcher+JohnsonDijkstraStrategy,1,mixed,edge_relaxations,8
W0,4,1.5,21,HungarianMatcher+JohnsonDijkstraStrategy,1,mixed,defect_at_iteration,2
W0,4,1.5,21,HungarianMatcher+JohnsonDijkstraStrategy,2,mixed,edge_relaxations,8
W0,4,1.5,21,HungarianMatcher+JohnsonDijkstraStrategy,2,mixed,defect_at_iteration,1
W0,4,1.5,21,HungarianMatcher+JohnsonDijkstraStrategy,3,mixed,edge_relaxations,6
W0,4,1.5,21,HungarianMatcher+JohnsonDijkstraStrategy,3,mixed,defect_at_iteration,0
W0,4,1.5,21,HungarianMatcher+JohnsonDijkstraStrategy,-1,mixed,augmentation_count,4
W0,4,1.5,21,HungarianMatcher+JohnsonDijkstraStrategy,-1,mixed,matching_value,-38
W0,4,1.5,21,HungarianMatcher+JohnsonDijkstraStrategy,-1,mixed,matching_size,4
W0,4,1.5,21,HungarianMatcher+JohnsonDijkstraStrategy,-1,mixed,wall_clock_ms,0.009452
W0,4,1.5,9,Oracle,-1,mixed,oracle_size,4
W0,4,1.5,9,Oracle,-1,mixed,oracle_value,-34
W0,4,1.5,9,HungarianMatcher+BellmanFordStrategy,0,mixed,defect_at_iteration,3
W0,4,1.5,9,HungarianMatcher+BellmanFordStrategy,1,mixed,defect_at_iteration,2
W0,4,1.5,9,HungarianMatcher+BellmanFordStrategy,2,mixed,defect_at_iteration,1
W0,4,1.5,9,HungarianMatcher+BellmanFordStrategy,3,mixed,defect_at_iteration,0
W0,4,1.5,9,HungarianMatcher+BellmanFordStrategy,-1,mixed,augmentation_count,4
W0,4,1.5,9,HungarianMatcher+BellmanFordStrategy,-1,mixed,matching_value,-34
W0,4,1.5,9,HungarianMatcher+BellmanFordStrategy,-1,mixed,matching_size,4
W0,4,1.5,9,HungarianMatcher+BellmanFordStrategy,-1,mixed,wall_clock_ms,0.007852
W0,4,1.5,9,HungarianMatcher+JohnsonDijkstraStrategy,0,mixed,edge_relaxations,8
W0,4,1.5,9,HungarianMatcher+JohnsonDijkstraStrategy,0,mixed,defect_at_iteration,3
W0,4,1.5,9,HungarianMatcher+JohnsonDijkstraStrategy,1,mixed,edge_relaxations,8
W0,4,1.5,9,HungarianMatcher+JohnsonDijkstraStrategy,1,mixed,defect_at_iteration,2
W0,4,1.5,9,HungarianMatcher+JohnsonDijkstraStrategy,2,mixed,edge_relaxations,8
W0,4,1.5,9,HungarianMatcher+JohnsonDijkstraStrategy,2,mixed,defect_at_iteration,1
W0,4,1.5,9,HungarianMatcher+JohnsonDijkstraStrategy,3,mixed,edge_relaxations,8
W0,4,1.5,9,HungarianMatcher+JohnsonDijkstraStrategy,3,mixed,defect_at_iteration,0
W0,4,1.5,9,HungarianMatcher+JohnsonDijkstraStrategy,-1,mixed,augmentation_count,4
W0,4,1.5,9,HungarianMatcher+JohnsonDijkstraStrategy,-1,mixed,matching_value,-34
W0,4,1.5,9,HungarianMatcher+JohnsonDijkstraStrategy,-1,mixed,matching_size,4
W0,4,1.5,9,HungarianMatcher+JohnsonDijkstraStrategy,-1,mixed,wall_clock_ms,0.00943
W0,4,1.5,55,Oracle,-1,mixed,oracle_size,4
W0,4,1.5,55,Oracle,-1,mixed,oracle_value,-38
W0,4,1.5,55,HungarianMatcher+BellmanFordStrategy,0,mixed,defect_at_iteration,3
W0,4,1.5,55,HungarianMatcher+BellmanFordStrategy,1,mixed,defect_at_iteration,2
W0,4,1.5,55,HungarianMatcher+BellmanFordStrategy,2,mixed,defect_at_iteration,1
W0,4,1.5,55,HungarianMatcher+BellmanFordStrategy,3,mixed,defect_at_iteration,0
W0,4,1.5,55,HungarianMatcher+BellmanFordStrategy,-1,mixed,augmentation_count,4
W0,4,1.5,55,HungarianMatcher+BellmanFordStrategy,-1,mixed,matching_value,-38
W0,4,1.5,55,HungarianMatcher+BellmanFordStrategy,-1,mixed,matching_size,4
W0,4,1.5,55,HungarianMatcher+BellmanFordStrategy,-1,mixed,wall_clock_ms,0.008787
W0,4,1.5,55,HungarianMatcher+JohnsonDijkstraStrategy,0,mixed,edge_relaxations,8
W0,4,1.5,55,HungarianMatcher+JohnsonDijkstraStrategy,0,mixed,defect_at_iteration,3
W0,4,1.5,55,HungarianMatcher+JohnsonDijkstraStrategy,1,mixed,edge_relaxations,8
W0,4,1.5,55,HungarianMatcher+JohnsonDijkstraStrategy,1,mixed,defect_at_iteration,2
W0,4,1.5,55,HungarianMatcher+JohnsonDijkstraStrategy,2,mixed,edge_relaxations,8
W0,4,1.5,55,HungarianMatcher+JohnsonDijkstraStrategy,2,mixed,defect_at_iteration,1
W0,4,1.5,55,HungarianMatcher+JohnsonDijkstraStrategy,3,mixed,edge_relaxations,8
W0,4,1.5,55,HungarianMatcher+JohnsonDijkstraStrategy,3,mixed,defect_at_iteration,0
W0,4,1.5,55,HungarianMatcher+JohnsonDijkstraStrategy,-1,mixed,augmentation_count,4
W0,4,1.5,55,HungarianMatcher+JohnsonDijkstraStrategy,-1,mixed,matching_value,-38
W0,4,1.5,55,HungarianMatcher+JohnsonDijkstraStrategy,-1,mixed,matching_size,4
W0,4,1.5,55,HungarianMatcher+JohnsonDijkstraStrategy,-1,mixed,wall_clock_ms,0.009526
W0,2,1.5,86,Oracle,-1,mixed,oracle_size,1
W0,2,1.5,86,Oracle,-1,mixed,oracle_value,0
W0,2,1.5,86,HungarianMatcher+BellmanFordStrategy,0,mixed,defect_at_iteration,1
W0,2,1.5,86,HungarianMatcher+BellmanFordStrategy,-1,mixed,augmentation_count,1
W0,2,1.5,86,HungarianMatcher+BellmanFordStrategy,-1,mixed,matching_value,0
W0,2,1.5,86,HungarianMatcher+BellmanFordStrategy,-1,mixed,matching_size,1
W0,2,1.5,86,HungarianMatcher+BellmanFordStrategy,-1,mixed,wall_clock_ms,0.004143
W0,2,1.5,86,HungarianMatcher+JohnsonDijkstraStrategy,0,mixed,edge_relaxations,2
W0,2,1.5,86,HungarianMatcher+JohnsonDijkstraStrategy,0,mixed,defect_at_iteration,1
W0,2,1.5,86,HungarianMatcher+JohnsonDijkstraStrategy,-1,mixed,augmentation_count,1
W0,2,1.5,86,HungarianMatcher+JohnsonDijkstraStrategy,-1,mixed,matching_value,0
W0,2,1.5,86,HungarianMatcher+JohnsonDijkstraStrategy,-1,mixed,matching_size,1
W0,2,1.5,86,HungarianMatcher+JohnsonDijkstraStrategy,-1,mixed,wall_clock_ms,0.003739
W0,2,1.5,79,Oracle,-1,mixed,oracle_size,2
W0,2,1.5,79,Oracle,-1,mixed,oracle_value,-4
W0,2,1.5,79,HungarianMatcher+BellmanFordStrategy,0,mixed,defect_at_iteration,1
W0,2,1.5,79,HungarianMatcher+BellmanFordStrategy,1,mixed,defect_at_iteration,0
W0,2,1.5,79,HungarianMatcher+BellmanFordStrategy,-1,mixed,augmentation_count,2
W0,2,1.5,79,HungarianMatcher+BellmanFordStrategy,-1,mixed,matching_value,-4
W0,2,1.5,79,HungarianMatcher+BellmanFordStrategy,-1,mixed,matching_size,2
W0,2,1.5,79,HungarianMatcher+BellmanFordStrategy,-1,mixed,wall_clock_ms,0.005371
W0,2,1.5,79,HungarianMatcher+JohnsonDijkstraStrategy,0,mixed,edge_relaxations,2
W0,2,1.5,79,HungarianMatcher+JohnsonDijkstraStrategy,0,mixed,defect_at_iteration,1
W0,2,1.5,79,HungarianMatcher+JohnsonDijkstraStrategy,1,mixed,edge_relaxations,1
W0,2,1.5,79,HungarianMatcher+JohnsonDijkstraStrategy,1,mixed,defect_at_iteration,0
W0,2,1.5,79,HungarianMatcher+JohnsonDijkstraStrategy,-1,mixed,augmentation_count,2
W0,2,1.5,79,HungarianMatcher+JohnsonDijkstraStrategy,-1,mixed,matching_value,-4
W0,2,1.5,79,HungarianMatcher+JohnsonDijkstraStrategy,-1,mixed,matching_size,2
W0,2,1.5,79,HungarianMatcher+JohnsonDijkstraStrategy,-1,mixed,wall_clock_ms,0.005671
W0,4,1.5,11,Oracle,-1,mixed,oracle_size,3
W0,4,1.5,11,Oracle,-1,mixed,oracle_value,-30
W0,4,1.5,11,HungarianMatcher+BellmanFordStrategy,0,mixed,defect_at_iteration,3
W0,4,1.5,11,HungarianMatcher+BellmanFordStrategy,1,mixed,defect_at_iteration,2
W0,4,1.5,11,HungarianMatcher+BellmanFordStrategy,2,mixed,defect_at_iteration,1
W0,4,1.5,11,HungarianMatcher+BellmanFordStrategy,-1,mixed,augmentation_count,3
W0,4,1.5,11,HungarianMatcher+BellmanFordStrategy,-1,mixed,matching_value,-30
W0,4,1.5,11,HungarianMatcher+BellmanFordStrategy,-1,mixed,matching_size,3
W0,4,1.5,11,HungarianMatcher+BellmanFordStrategy,-1,mixed,wall_clock_ms,0.007246
W0,4,1.5,11,HungarianMatcher+JohnsonDijkstraStrategy,0,mixed,edge_relaxations,8
W0,4,1.5,11,HungarianMatcher+JohnsonDijkstraStrategy,0,mixed,defect_at_iteration,3
W0,4,1.5,11,HungarianMatcher+JohnsonDijkstraStrategy,1,mixed,edge_relaxations,8
W0,4,1.5,11,HungarianMatcher+JohnsonDijkstraStrategy,1,mixed,defect_at_iteration,2
W0,4,1.5,11,HungarianMatcher+JohnsonDijkstraStrategy,2,mixed,edge_relaxations,8
W0,4,1.5,11,HungarianMatcher+JohnsonDijkstraStrategy,2,mixed,defect_at_iteration,1
W0,4,1.5,11,HungarianMatcher+JohnsonDijkstraStrategy,-1,mixed,augmentation_count,3
W0,4,1.5,11,HungarianMatcher+JohnsonDijkstraStrategy,-1,mixed,matching_value,-30
W0,4,1.5,11,HungarianMatcher+JohnsonDijkstraStrategy,-1,mixed,matching_size,3
W0,4,1.5,11,HungarianMatcher+JohnsonDijkstraStrategy,-1,mixed,wall_clock_ms,0.00778
W0,2,1.5,63,Oracle,-1,mixed,oracle_size,1
W0,2,1.5,63,Oracle,-1,mixed,oracle_value,-1
W0,2,1.5,63,HungarianMatcher+BellmanFordStrategy,0,mixed,defect_at_iteration,1
W0,2,1.5,63,HungarianMatcher+BellmanFordStrategy,-1,mixed,augmentation_count,1
W0,2,1.5,63,HungarianMatcher+BellmanFordStrategy,-1,mixed,matching_value,-1
W0,2,1.5,63,HungarianMatcher+BellmanFordStrategy,-1,mixed,matching_size,1
W0,2,1.5,63,HungarianMatcher+BellmanFordStrategy,-1,mixed,wall_clock_ms,0.00434
W0,2,1.5,63,HungarianMatcher+JohnsonDijkstraStrategy,0,mixed,edge_relaxations,2
W0,2,1.5,63,HungarianMatcher+JohnsonDijkstraStrategy,0,mixed,defect_at_iteration,1
W0,2,1.5,63,HungarianMatcher+JohnsonDijkstraStrategy,-1,mixed,augmentation_count,1
W0,2,1.5,63,HungarianMatcher+JohnsonDijkstraStrategy,-1,mixed,matching_value,-1
W0,2,1.5,63,HungarianMatcher+JohnsonDijkstraStrategy,-1,mixed,matching_size,1
W0,2,1.5,63,HungarianMatcher+JohnsonDijkstraStrategy,-1,mixed,wall_clock_ms,0.004075
W0,2,1.5,13,Oracle,-1,mixed,oracle_size,1
W0,2,1.5,13,Oracle,-1,mixed,oracle_value,-2
W0,2,1.5,13,HungarianMatcher+BellmanFordStrategy,0,mixed,defect_at_iteration,1
W0,2,1.5,13,HungarianMatcher+BellmanFordStrategy,-1,mixed,augmentation_count,1
W0,2,1.5,13,HungarianMatcher+BellmanFordStrategy,-1,mixed,matching_value,-2
W0,2,1.5,13,HungarianMatcher+BellmanFordStrategy,-1,mixed,matching_size,1
W0,2,1.5,13,HungarianMatcher+BellmanFordStrategy,-1,mixed,wall_clock_ms,0.004114
W0,2,1.5,13,HungarianMatcher+JohnsonDijkstraStrategy,0,mixed,edge_relaxations,2
W0,2,1.5,13,HungarianMatcher+JohnsonDijkstraStrategy,0,mixed,defect_at_iteration,1
W0,2,1.5,13,HungarianMatcher+JohnsonDijkstraStrategy,-1,mixed,augmentation_count,1
W0,2,1.5,13,HungarianMatcher+JohnsonDijkstraStrategy,-1,mixed,matching_value,-2
W0,2,1.5,13,HungarianMatcher+JohnsonDijkstraStrategy,-1,mixed,matching_size,1
W0,2,1.5,13,HungarianMatcher+JohnsonDijkstraStrategy,-1,mixed,wall_clock_ms,0.004195
W0,2,1.5,78,Oracle,-1,mixed,oracle_size,1
W0,2,1.5,78,Oracle,-1,mixed,oracle_value,0
W0,2,1.5,78,HungarianMatcher+BellmanFordStrategy,0,mixed,defect_at_iteration,1
W0,2,1.5,78,HungarianMatcher+BellmanFordStrategy,-1,mixed,augmentation_count,1
W0,2,1.5,78,HungarianMatcher+BellmanFordStrategy,-1,mixed,matching_value,0
W0,2,1.5,78,HungarianMatcher+BellmanFordStrategy,-1,mixed,matching_size,1
W0,2,1.5,78,HungarianMatcher+BellmanFordStrategy,-1,mixed,wall_clock_ms,0.00319
W0,2,1.5,78,HungarianMatcher+JohnsonDijkstraStrategy,0,mixed,edge_relaxations,2
W0,2,1.5,78,HungarianMatcher+JohnsonDijkstraStrategy,0,mixed,defect_at_iteration,1
W0,2,1.5,78,HungarianMatcher+JohnsonDijkstraStrategy,-1,mixed,augmentation_count,1
W0,2,1.5,78,HungarianMatcher+JohnsonDijkstraStrategy,-1,mixed,matching_value,0
W0,2,1.5,78,HungarianMatcher+JohnsonDijkstraStrategy,-1,mixed,matching_size,1
W0,2,1.5,78,HungarianMatcher+JohnsonDijkstraStrategy,-1,mixed,wall_clock_ms,0.003194
W0,4,1.5,98,Oracle,-1,mixed,oracle_size,4
W0,4,1.5,98,Oracle,-1,mixed,oracle_value,-41
W0,4,1.5,98,HungarianMatcher+BellmanFordStrategy,0,mixed,defect_at_iteration,3
W0,4,1.5,98,HungarianMatcher+BellmanFordStrategy,1,mixed,defect_at_iteration,2
W0,4,1.5,98,HungarianMatcher+BellmanFordStrategy,2,mixed,defect_at_iteration,1
W0,4,1.5,98,HungarianMatcher+BellmanFordStrategy,3,mixed,defect_at_iteration,0
W0,4,1.5,98,HungarianMatcher+BellmanFordStrategy,-1,mixed,augmentation_count,4
W0,4,1.5,98,HungarianMatcher+BellmanFordStrategy,-1,mixed,matching_value,-41
W0,4,1.5,98,HungarianMatcher+BellmanFordStrategy,-1,mixed,matching_size,4
W0,4,1.5,98,HungarianMatcher+BellmanFordStrategy,-1,mixed,wall_clock_ms,0.0081
W0,4,1.5,98,HungarianMatcher+JohnsonDijkstraStrategy,0,mixed,edge_relaxations,8
W0,4,1.5,98,HungarianMatcher+JohnsonDijkstraStrategy,0,mixed,defect_at_iteration,3
W0,4,1.5,98,HungarianMatcher+JohnsonDijkstraStrategy,1,mixed,edge_relaxations,8
W0,4,1.5,98,HungarianMatcher+JohnsonDijkstraStrategy,1,mixed,defect_at_iteration,2
W0,4,1.5,98,HungarianMatcher+JohnsonDijkstraStrategy,2,mixed,edge_relaxations,6
W0,4,1.5,98,HungarianMatcher+JohnsonDijkstraStrategy,2,mixed,defect_at_iteration,1
W0,4,1.5,98,HungarianMatcher+JohnsonDijkstraStrategy,3,mixed,edge_relaxations,1
W0,4,1.5,98,HungarianMatcher+JohnsonDijkstraStrategy,3,mixed,defect_at_iteration,0
W0,4,1.5,98,HungarianMatcher+JohnsonDijkstraStrategy,-1,mixed,augmentation_count,4
W0,4,1.5,98,HungarianMatcher+JohnsonDijkstraStrategy,-1,mixed,matching_value,-41
W0,4,1.5,98,HungarianMatcher+JohnsonDijkstraStrategy,-1,mixed,matching_size,4
W0,4,1.5,98,HungarianMatcher+JohnsonDijkstraStrategy,-1,mixed,wall_clock_ms,0.009436
W0,3,1.5,63,Oracle,-1,mixed,oracle_size,3
W0,3,1.5,63,Oracle,-1,mixed,oracle_value,-10
W0,3,1.5,63,HungarianMatcher+BellmanFordStrategy,0,mixed,defect_at_iteration,2
W0,3,1.5,63,HungarianMatcher+BellmanFordStrategy,1,mixed,defect_at_iteration,1
W0,3,1.5,63,HungarianMatcher+BellmanFordStrategy,2,mixed,defect_at_iteration,0
W0,3,1.5,63,HungarianMatcher+BellmanFordStrategy,-1,mixed,augmentation_count,3
W0,3,1.5,63,HungarianMatcher+BellmanFordStrategy,-1,mixed,matching_value,-10
W0,3,1.5,63,HungarianMatcher+BellmanFordStrategy,-1,mixed,matching_size,3
W0,3,1.5,63,HungarianMatcher+BellmanFordStrategy,-1,mixed,wall_clock_ms,0.006433
W0,3,1.5,63,HungarianMatcher+JohnsonDijkstraStrategy,0,mixed,edge_relaxations,5
W0,3,1.5,63,HungarianMatcher+JohnsonDijkstraStrategy,0,mixed,defect_at_iteration,2
W0,3,1.5,63,HungarianMatcher+JohnsonDijkstraStrategy,1,mixed,edge_relaxations,5
W0,3,1.5,63,HungarianMatcher+JohnsonDijkstraStrategy,1,mixed,defect_at_iteration,1
W0,3,1.5,63,HungarianMatcher+JohnsonDijkstraStrategy,2,mixed,edge_relaxations,5
W0,3,1.5,63,HungarianMatcher+JohnsonDijkstraStrategy,2,mixed,defect_at_iteration,0
W0,3,1.5,63,HungarianMatcher+JohnsonDijkstraStrategy,-1,mixed,augmentation_count,3
W0,3,1.5,63,HungarianMatcher+JohnsonDijkstraStrategy,-1,mixed,matching_value,-10
W0,3,1.5,63,HungarianMatcher+JohnsonDijkstraStrategy,-1,mixed,matching_size,3
W0,3,1.5,63,HungarianMatcher+JohnsonDijkstraStrategy,-1,mixed,wall_clock_ms,0.006921
W0,4,1.5,92,Oracle,-1,mixed,oracle_size,4
W0,4,1.5,92,Oracle,-1,mixed,oracle_value,-22
W0,4,1.5,92,HungarianMatcher+BellmanFordStrategy,0,mixed,defect_at_iteration,3
W0,4,1.5,92,HungarianMatcher+BellmanFordStrategy,1,mixed,defect_at_iteration,2
W0,4,1.5,92,HungarianMatcher+BellmanFordStrategy,2,mixed,defect_at_iteration,1
W0,4,1.5,92,HungarianMatcher+BellmanFordStrategy,3,mixed,defect_at_iteration,0
W0,4,1.5,92,HungarianMatcher+BellmanFordStrategy,-1,mixed,augmentation_count,4
W0,4,1.5,92,HungarianMatcher+BellmanFordStrategy,-1,mixed,matching_value,-22
W0,4,1.5,92,HungarianMatcher+BellmanFordStrategy,-1,mixed,matching_size,4
W0,4,1.5,92,HungarianMatcher+BellmanFordStrategy,-1,mixed,wall_clock_ms,0.007528
W0,4,1.5,92,HungarianMatcher+JohnsonDijkstraStrategy,0,mixed,edge_relaxations,8
W0,4,1.5,92,HungarianMatcher+JohnsonDijkstraStrategy,0,mixed,defect_at_iteration,3
W0,4,1.5,92,HungarianMatcher+JohnsonDijkstraStrategy,1,mixed,edge_relaxations,8
W0,4,1.5,92,HungarianMatcher+JohnsonDijkstraStrategy,1,mixed,defect_at_iteration,2
W0,4,1.5,92,HungarianMatcher+JohnsonDijkstraStrategy,2,mixed,edge_relaxations,8
W0,4,1.5,92,HungarianMatcher+JohnsonDijkstraStrategy,2,mixed,defect_at_iteration,1
W0,4,1.5,92,HungarianMatcher+JohnsonDijkstraStrategy,3,mixed,edge_relaxations,6
W0,4,1.5,92,HungarianMatcher+JohnsonDijkstraStrategy,3,mixed,defect_at_iteration,0
W0,4,1.5,92,HungarianMatcher+JohnsonDijkstraStrategy,-1,mixed,augmentation_count,4
W0,4,1.5,92,HungarianMatcher+JohnsonDijkstraStrategy,-1,mixed,matching_value,-22
W0,4,1.5,92,HungarianMatcher+JohnsonDijkstraStrategy,-1,mixed,matching_size,4
W0,4,1.5,92,HungarianMatcher+JohnsonDijkstraStrategy,-1,mixed,wall_clock_ms,0.009172
W0,3,1.5,58,Oracle,-1,mixed,oracle_size,2
W0,3,1.5,58,Oracle,-1,mixed,oracle_value,-6
W0,3,1.5,58,HungarianMatcher+BellmanFordStrategy,0,mixed,defect_at_iteration,2
W0,3,1.5,58,HungarianMatcher+BellmanFordStrategy,1,mixed,defect_at_iteration,1
W0,3,1.5,58,HungarianMatcher+BellmanFordStrategy,-1,mixed,augmentation_count,2
W0,3,1.5,58,HungarianMatcher+BellmanFordStrategy,-1,mixed,matching_value,-6
W0,3,1.5,58,HungarianMatcher+BellmanFordStrategy,-1,mixed,matching_size,2
W0,3,1.5,58,HungarianMatcher+BellmanFordStrategy,-1,mixed,wall_clock_ms,0.005248
W0,3,1.5,58,HungarianMatcher+JohnsonDijkstraStrategy,0,mixed,edge_relaxations,5
W0,3,1.5,58,HungarianMatcher+JohnsonDijkstraStrategy,0,mixed,defect_at_iteration,2
W0,3,1.5,58,HungarianMatcher+JohnsonDijkstraStrategy,1,mixed,edge_relaxations,5
W0,3,1.5,58,HungarianMatcher+JohnsonDijkstraStrategy,1,mixed,defect_at_iteration,1
W0,3,1.5,58,HungarianMatcher+JohnsonDijkstraStrategy,-1,mixed,augmentation_count,2
W0,3,1.5,58,HungarianMatcher+JohnsonDijkstraStrategy,-1,mixed,matching_value,-6
W0,3,1.5,58,HungarianMatcher+JohnsonDijkstraStrategy,-1,mixed,matching_size,2
W0,3,1.5,58,HungarianMatcher+JohnsonDijkstraStrategy,-1,mixed,wall_clock_ms,0.006153
W0,3,1.5,92,Oracle,-1,mixed,oracle_size,2
W0,3,1.5,92,Oracle,-1,mixed,oracle_value,-3
W0,3,1.5,92,HungarianMatcher+BellmanFordStrategy,0,mixed,defect_at_iteration,2
W0,3,1.5,92,HungarianMatcher+BellmanFordStrategy,1,mixed,defect_at_iteration,1
W0,3,1.5,92,HungarianMatcher+BellmanFordStrategy,-1,mixed,augmentation_count,2
W0,3,1.5,92,HungarianMatcher+BellmanFordStrategy,-1,mixed,matching_value,-3
W0,3,1.5,92,HungarianMatcher+BellmanFordStrategy,-1,mixed,matching_size,2
W0,3,1.5,92,HungarianMatcher+BellmanFordStrategy,-1,mixed,wall_clock_ms,0.005261
W0,3,1.5,92,HungarianMatcher+JohnsonDijkstraStrategy,0,mixed,edge_relaxations,5
W0,3,1.5,92,HungarianMatcher+JohnsonDijkstraStrategy,0,mixed,defect_at_iteration,2
W0,3,1.5,92,HungarianMatcher+JohnsonDijkstraStrategy,1,mixed,edge_relaxations,5
W0,3,1.5,92,HungarianMatcher+JohnsonDijkstraStrategy,1,mixed,defect_at_iteration,1
W0,3,1.5,92,HungarianMatcher+JohnsonDijkstraStrategy,-1,mixed,augmentation_count,2
W0,3,1.5,92,HungarianMatcher+JohnsonDijkstraStrategy,-1,mixed,matching_value,-3
W0,3,1.5,92,HungarianMatcher+JohnsonDijkstraStrategy,-1,mixed,matching_size,2
W0,3,1.5,92,HungarianMatcher+JohnsonDijkstraStrategy,-1,mixed,wall_clock_ms,0.005615
W0,4,1.5,34,Oracle,-1,mixed,oracle_size,3
W0,4,1.5,34,Oracle,-1,mixed,oracle_value,-15
W0,4,1.5,34,HungarianMatcher+BellmanFordStrategy,0,mixed,defect_at_iteration,3
W0,4,1.5,34,HungarianMatcher+BellmanFordStrategy,1,mixed,defect_at_iteration,2
W0,4,1.5,34,HungarianMatcher+BellmanFordStrategy,2,mixed,defect_at_iteration,1
W0,4,1.5,34,HungarianMatcher+BellmanFordStrategy,-1,mixed,augmentation_count,3
W0,4,1.5,34,HungarianMatcher+BellmanFordStrategy,-1,mixed,matching_value,-15
W0,4,1.5,34,HungarianMatcher+BellmanFordStrategy,-1,mixed,matching_size,3
W0,4,1.5,34,HungarianMatcher+BellmanFordStrategy,-1,mixed,wall_clock_ms,0.007022
W0,4,1.5,34,HungarianMatcher+JohnsonDijkstraStrategy,0,mixed,edge_relaxations,8
W0,4,1.5,34,HungarianMatcher+JohnsonDijkstraStrategy,0,mixed,defect_at_iteration,3
W0,4,1.5,34,HungarianMatcher+JohnsonDijkstraStrategy,1,mixed,edge_relaxations,4
W0,4,1.5,34,HungarianMatcher+JohnsonDijkstraStrategy,1,mixed,defect_at_iteration,2
W0,4,1.5,34,HungarianMatcher+JohnsonDijkstraStrategy,2,mixed,edge_relaxations,4
W0,4,1.5,34,HungarianMatcher+JohnsonDijkstraStrategy,2,mixed,defect_at_iteration,1
W0,4,1.5,34,HungarianMatcher+JohnsonDijkstraStrategy,-1,mixed,augmentation_count,3
W0,4,1.5,34,HungarianMatcher+JohnsonDijkstraStrategy,-1,mixed,matching_value,-15
W0,4,1.5,34,HungarianMatcher+JohnsonDijkstraStrategy,-1,mixed,matching_size,3
W0,4,1.5,34,HungarianMatcher+JohnsonDijkstraStrategy,-1,mixed,wall_clock_ms,0.008376
W0,2,1.5,52,Oracle,-1,mixed,oracle_size,2
W0,2,1.5,52,Oracle,-1,mixed,oracle_value,-2
W0,2,1.5,52,HungarianMatcher+BellmanFordStrategy,0,mixed,defect_at_iteration,1
W0,2,1.5,52,HungarianMatcher+BellmanFordStrategy,1,mixed,defect_at_iteration,0
W0,2,1.5,52,HungarianMatcher+BellmanFordStrategy,-1,mixed,augmentation_count,2
W0,2,1.5,52,HungarianMatcher+BellmanFordStrategy,-1,mixed,matching_value,-2
W0,2,1.5,52,HungarianMatcher+BellmanFordStrategy,-1,mixed,matching_size,2
W0,2,1.5,52,HungarianMatcher+BellmanFordStrategy,-1,mixed,wall_clock_ms,0.004711
W0,2,1.5,52,HungarianMatcher+JohnsonDijkstraStrategy,0,mixed,edge_relaxations,2
W0,2,1.5,52,HungarianMatcher+JohnsonDijkstraStrategy,0,mixed,defect_at_iteration,1
W0,2,1.5,52,HungarianMatcher+JohnsonDijkstraStrategy,1,mixed,edge_relaxations,1
W0,2,1.5,52,HungarianMatcher+JohnsonDijkstraStrategy,1,mixed,defect_at_iteration,0
W0,2,1.5,52,HungarianMatcher+JohnsonDijkstraStrategy,-1,mixed,augmentation_count,2
W0,2,1.5,52,HungarianMatcher+JohnsonDijkstraStrategy,-1,mixed,matching_value,-2
W0,2,1.5,52,HungarianMatcher+JohnsonDijkstraStrategy,-1,mixed,matching_size,2
W0,2,1.5,52,HungarianMatcher+JohnsonDijkstraStrategy,-1,mixed,wall_clock_ms,0.00481
W0,4,1.5,76,Oracle,-1,mixed,oracle_size,4
W0,4,1.5,76,Oracle,-1,mixed,oracle_value,-28
W0,4,1.5,76,HungarianMatcher+BellmanFordStrategy,0,mixed,defect_at_iteration,3
W0,4,1.5,76,HungarianMatcher+BellmanFordStrategy,1,mixed,defect_at_iteration,2
W0,4,1.5,76,HungarianMatcher+BellmanFordStrategy,2,mixed,defect_at_iteration,1
W0,4,1.5,76,HungarianMatcher+BellmanFordStrategy,3,mixed,defect_at_iteration,0
W0,4,1.5,76,HungarianMatcher+BellmanFordStrategy,-1,mixed,augmentation_count,4
W0,4,1.5,76,HungarianMatcher+BellmanFordStrategy,-1,mixed,matching_value,-28
W0,4,1.5,76,HungarianMatcher+BellmanFordStrategy,-1,mixed,matching_size,4
W0,4,1.5,76,HungarianMatcher+BellmanFordStrategy,-1,mixed,wall_clock_ms,0.008155
W0,4,1.5,76,HungarianMatcher+JohnsonDijkstraStrategy,0,mixed,edge_relaxations,8
W0,4,1.5,76,HungarianMatcher+JohnsonDijkstraStrategy,0,mixed,defect_at_iteration,3
W0,4,1.5,76,HungarianMatcher+JohnsonDijkstraStrategy,1,mixed,edge_relaxations,8
W0,4,1.5,76,HungarianMatcher+JohnsonDijkstraStrategy,1,mixed,defect_at_iteration,2
W0,4,1.5,76,HungarianMatcher+JohnsonDijkstraStrategy,2,mixed,edge_relaxations,8
W0,4,1.5,76,HungarianMatcher+JohnsonDijkstraStrategy,2,mixed,defect_at_iteration,1
W0,4,1.5,76,HungarianMatcher+JohnsonDijkstraStrategy,3,mixed,edge_relaxations,7
W0,4,1.5,76,HungarianMatcher+JohnsonDijkstraStrategy,3,mixed,defect_at_iteration,0
W0,4,1.5,76,HungarianMatcher+JohnsonDijkstraStrategy,-1,mixed,augmentation_count,4
W0,4,1.5,76,HungarianMatcher+JohnsonDijkstraStrategy,-1,mixed,matching_value,-28
W0,4,1.5,76,HungarianMatcher+JohnsonDijkstraStrategy,-1,mixed,matching_size,4
W0,4,1.5,76,HungarianMatcher+JohnsonDijkstraStrategy,-1,mixed,wall_clock_ms,0.009628
W0,3,1.5,61,Oracle,-1,mixed,oracle_size,2
W0,3,1.5,61,Oracle,-1,mixed,oracle_value,-7
W0,3,1.5,61,HungarianMatcher+BellmanFordStrategy,0,mixed,defect_at_iteration,2
W0,3,1.5,61,HungarianMatcher+BellmanFordStrategy,1,mixed,defect_at_iteration,1
W0,3,1.5,61,HungarianMatcher+BellmanFordStrategy,-1,mixed,augmentation_count,2
W0,3,1.5,61,HungarianMatcher+BellmanFordStrategy,-1,mixed,matching_value,-7
W0,3,1.5,61,HungarianMatcher+BellmanFordStrategy,-1,mixed,matching_size,2
W0,3,1.5,61,HungarianMatcher+BellmanFordStrategy,-1,mixed,wall_clock_ms,0.005341
W0,3,1.5,61,HungarianMatcher+JohnsonDijkstraStrategy,0,mixed,edge_relaxations,5
W0,3,1.5,61,HungarianMatcher+JohnsonDijkstraStrategy,0,mixed,defect_at_iteration,2
W0,3,1.5,61,HungarianMatcher+JohnsonDijkstraStrategy,1,mixed,edge_relaxations,2
W0,3,1.5,61,HungarianMatcher+JohnsonDijkstraStrategy,1,mixed,defect_at_iteration,1
W0,3,1.5,61,HungarianMatcher+JohnsonDijkstraStrategy,-1,mixed,augmentation_count,2
W0,3,1.5,61,HungarianMatcher+JohnsonDijkstraStrategy,-1,mixed,matching_value,-7
W0,3,1.5,61,HungarianMatcher+JohnsonDijkstraStrategy,-1,mixed,matching_size,2
W0,3,1.5,61,HungarianMatcher+JohnsonDijkstraStrategy,-1,mixed,wall_clock_ms,0.005509
W0,4,1.5,39,Oracle,-1,mixed,oracle_size,4
W0,4,1.5,39,Oracle,-1,mixed,oracle_value,-27
W0,4,1.5,39,HungarianMatcher+BellmanFordStrategy,0,mixed,defect_at_iteration,3
W0,4,1.5,39,HungarianMatcher+BellmanFordStrategy,1,mixed,defect_at_iteration,2
W0,4,1.5,39,HungarianMatcher+BellmanFordStrategy,2,mixed,defect_at_iteration,1
W0,4,1.5,39,HungarianMatcher+BellmanFordStrategy,3,mixed,defect_at_iteration,0
W0,4,1.5,39,HungarianMatcher+BellmanFordStrategy,-1,mixed,augmentation_count,4
W0,4,1.5,39,HungarianMatcher+BellmanFordStrategy,-1,mixed,matching_value,-27
W0,4,1.5,39,HungarianMatcher+BellmanFordStrategy,-1,mixed,matching_size,4
W0,4,1.5,39,HungarianMatcher+BellmanFordStrategy,-1,mixed,wall_clock_ms,0.00808
W0,4,1.5,39,HungarianMatcher+JohnsonDijkstraStrategy,0,mixed,edge_relaxations,8
W0,4,1.5,39,HungarianMatcher+JohnsonDijkstraStrategy,0,mixed,defect_at_iteration,3
W0,4,1.5,39,HungarianMatcher+JohnsonDijkstraStrategy,1,mixed,edge_relaxations,8
W0,4,1.5,39,HungarianMatcher+JohnsonDijkstraStrategy,1,mixed,defect_at_iteration,2
W0,4,1.5,39,HungarianMatcher+JohnsonDijkstraStrategy,2,mixed,edge_relaxations,8
W0,4,1.5,39,HungarianMatcher+JohnsonDijkstraStrategy,2,mixed,defect_at_iteration,1
W0,4,1.5,39,HungarianMatcher+JohnsonDijkstraStrategy,3,mixed,edge_relaxations,8
W0,4,1.5,39,HungarianMatcher+JohnsonDijkstraStrategy,3,mixed,defect_at_iteration,0
W0,4,1.5,39,HungarianMatcher+JohnsonDijkstraStrategy,-1,mixed,augmentation_count,4
W0,4,1.5,39,HungarianMatcher+JohnsonDijkstraStrategy,-1,mixed,matching_value,-27
W0,4,1.5,39,HungarianMatcher+JohnsonDijkstraStrategy,-1,mixed,matching_size,4
W0,4,1.5,39,HungarianMatcher+JohnsonDijkstraStrategy,-1,mixed,wall_clock_ms,0.009693
W0,4,1.5,42,Oracle,-1,mixed,oracle_size,3
W0,4,1.5,42,Oracle,-1,mixed,oracle_value,-17
W0,4,1.5,42,HungarianMatcher+BellmanFordStrategy,0,mixed,defect_at_iteration,3
W0,4,1.5,42,HungarianMatcher+BellmanFordStrategy,1,mixed,defect_at_iteration,2
W0,4,1.5,42,HungarianMatcher+BellmanFordStrategy,2,mixed,defect_at_iteration,1
W0,4,1.5,42,HungarianMatcher+BellmanFordStrategy,-1,mixed,augmentation_count,3
W0,4,1.5,42,HungarianMatcher+BellmanFordStrategy,-1,mixed,matching_value,-17
W0,4,1.5,42,HungarianMatcher+BellmanFordStrategy,-1,mixed,matching_size,3
W0,4,1.5,42,HungarianMatcher+BellmanFordStrategy,-1,mixed,wall_clock_ms,0.006723
W0,4,1.5,42,HungarianMatcher+JohnsonDijkstraStrategy,0,mixed,edge_relaxations,8
W0,4,1.5,42,HungarianMatcher+JohnsonDijkstraStrategy,0,mixed,defect_at_iteration,3
W0,4,1.5,42,HungarianMatcher+JohnsonDijkstraStrategy,1,mixed,edge_relaxations,8
W0,4,1.5,42,HungarianMatcher+JohnsonDijkstraStrategy,1,mixed,defect_at_iteration,2
W0,4,1.5,42,HungarianMatcher+JohnsonDijkstraStrategy,2,mixed,edge_relaxations,5
W0,4,1.5,42,HungarianMatcher+JohnsonDijkstraStrategy,2,mixed,defect_at_iteration,1
W0,4,1.5,42,HungarianMatcher+JohnsonDijkstraStrategy,-1,mixed,augmentation_count,3
W0,4,1.5,42,HungarianMatcher+JohnsonDijkstraStrategy,-1,mixed,matching_value,-17
W0,4,1.5,42,HungarianMatcher+JohnsonDijkstraStrategy,-1,mixed,matching_size,3
W0,4,1.5,42,HungarianMatcher+JohnsonDijkstraStrategy,-1,mixed,wall_clock_ms,0.008116
W0,4,1.5,28,Oracle,-1,mixed,oracle_size,4
W0,4,1.5,28,Oracle,-1,mixed,oracle_value,-46
W0,4,1.5,28,HungarianMatcher+BellmanFordStrategy,0,mixed,defect_at_iteration,3
W0,4,1.5,28,HungarianMatcher+BellmanFordStrategy,1,mixed,defect_at_iteration,2
W0,4,1.5,28,HungarianMatcher+BellmanFordStrategy,2,mixed,defect_at_iteration,1
W0,4,1.5,28,HungarianMatcher+BellmanFordStrategy,3,mixed,defect_at_iteration,0
W0,4,1.5,28,HungarianMatcher+BellmanFordStrategy,-1,mixed,augmentation_count,4
W0,4,1.5,28,HungarianMatcher+BellmanFordStrategy,-1,mixed,matching_value,-46
W0,4,1.5,28,HungarianMatcher+BellmanFordStrategy,-1,mixed,matching_size,4
W0,4,1.5,28,HungarianMatcher+BellmanFordStrategy,-1,mixed,wall_clock_ms,0.008516
W0,4,1.5,28,HungarianMatcher+JohnsonDijkstraStrategy,0,mixed,edge_relaxations,8
W0,4,1.5,28,HungarianMatcher+JohnsonDijkstraStrategy,0,mixed,defect_at_iteration,3
W0,4,1.5,28,HungarianMatcher+JohnsonDijkstraStrategy,1,mixed,edge_relaxations,8
W0,4,1.5,28,HungarianMatcher+JohnsonDijkstraStrategy,1,mixed,defect_at_iteration,2
W0,4,1.5,28,HungarianMatcher+JohnsonDijkstraStrategy,2,mixed,edge_relaxations,8
W0,4,1.5,28,HungarianMatcher+JohnsonDijkstraStrategy,2,mixed,defect_at_iteration,1
W0,4,1.5,28,HungarianMatcher+JohnsonDijkstraStrategy,3,mixed,edge_relaxations,8
W0,4,1.5,28,HungarianMatcher+JohnsonDijkstraStrategy,3,mixed,defect_at_iteration,0
W0,4,1.5,28,HungarianMatcher+JohnsonDijkstraStrategy,-1,mixed,augmentation_count,4
W0,4,1.5,28,HungarianMatcher+JohnsonDijkstraStrategy,-1,mixed,matching_value,-46
W0,4,1.5,28,HungarianMatcher+JohnsonDijkstraStrategy,-1,mixed,matching_size,4
W0,4,1.5,28,HungarianMatcher+JohnsonDijkstraStrategy,-1,mixed,wall_clock_ms,0.009335
W0,2,1.5,93,Oracle,-1,mixed,oracle_size,1
W0,2,1.5,93,Oracle,-1,mixed,oracle_value,0
W0,2,1.5,93,HungarianMatcher+BellmanFordStrategy,0,mixed,defect_at_iteration,1
W0,2,1.5,93,HungarianMatcher+BellmanFordStrategy,-1,mixed,augmentation_count,1
W0,2,1.5,93,HungarianMatcher+BellmanFordStrategy,-1,mixed,matching_value,0
W0,2,1.5,93,HungarianMatcher+BellmanFordStrategy,-1,mixed,matching_size,1
W0,2,1.5,93,HungarianMatcher+BellmanFordStrategy,-1,mixed,wall_clock_ms,0.003994
W0,2,1.5,93,HungarianMatcher+JohnsonDijkstraStrategy,0,mixed,edge_relaxations,2
W0,2,1.5,93,HungarianMatcher+JohnsonDijkstraStrategy,0,mixed,defect_at_iteration,1
W0,2,1.5,93,HungarianMatcher+JohnsonDijkstraStrategy,-1,mixed,augmentation_count,1
W0,2,1.5,93,HungarianMatcher+JohnsonDijkstraStrategy,-1,mixed,matching_value,0
W0,2,1.5,93,HungarianMatcher+JohnsonDijkstraStrategy,-1,mixed,matching_size,1
W0,2,1.5,93,HungarianMatcher+JohnsonDijkstraStrategy,-1,mixed,wall_clock_ms,0.004028
W0,3,1.5,94,Oracle,-1,mixed,oracle_size,3
W0,3,1.5,94,Oracle,-1,mixed,oracle_value,-9
W0,3,1.5,94,HungarianMatcher+BellmanFordStrategy,0,mixed,defect_at_iteration,2
W0,3,1.5,94,HungarianMatcher+BellmanFordStrategy,1,mixed,defect_at_iteration,1
W0,3,1.5,94,HungarianMatcher+BellmanFordStrategy,2,mixed,defect_at_iteration,0
W0,3,1.5,94,HungarianMatcher+BellmanFordStrategy,-1,mixed,augmentation_count,3
W0,3,1.5,94,HungarianMatcher+BellmanFordStrategy,-1,mixed,matching_value,-9
W0,3,1.5,94,HungarianMatcher+BellmanFordStrategy,-1,mixed,matching_size,3
W0,3,1.5,94,HungarianMatcher+BellmanFordStrategy,-1,mixed,wall_clock_ms,0.006518
W0,3,1.5,94,HungarianMatcher+JohnsonDijkstraStrategy,0,mixed,edge_relaxations,5
W0,3,1.5,94,HungarianMatcher+JohnsonDijkstraStrategy,0,mixed,defect_at_iteration,2
W0,3,1.5,94,HungarianMatcher+JohnsonDijkstraStrategy,1,mixed,edge_relaxations,5
W0,3,1.5,94,HungarianMatcher+JohnsonDijkstraStrategy,1,mixed,defect_at_iteration,1
W0,3,1.5,94,HungarianMatcher+JohnsonDijkstraStrategy,2,mixed,edge_relaxations,1
W0,3,1.5,94,HungarianMatcher+JohnsonDijkstraStrategy,2,mixed,defect_at_iteration,0
W0,3,1.5,94,HungarianMatcher+JohnsonDijkstraStrategy,-1,mixed,augmentation_count,3
W0,3,1.5,94,HungarianMatcher+JohnsonDijkstraStrategy,-1,mixed,matching_value,-9
W0,3,1.5,94,HungarianMatcher+JohnsonDijkstraStrategy,-1,mixed,matching_size,3
W0,3,1.5,94,HungarianMatcher+JohnsonDijkstraStrategy,-1,mixed,wall_clock_ms,0.007279
W0,3,1.5,9,Oracle,-1,mixed,oracle_size,3
W0,3,1.5,9,Oracle,-1,mixed,oracle_value,-14
W0,3,1.5,9,HungarianMatcher+BellmanFordStrategy,0,mixed,defect_at_iteration,2
W0,3,1.5,9,HungarianMatcher+BellmanFordStrategy,1,mixed,defect_at_iteration,1
W0,3,1.5,9,HungarianMatcher+BellmanFordStrategy,2,mixed,defect_at_iteration,0
W0,3,1.5,9,HungarianMatcher+BellmanFordStrategy,-1,mixed,augmentation_count,3
W0,3,1.5,9,HungarianMatcher+BellmanFordStrategy,-1,mixed,matching_value,-14
W0,3,1.5,9,HungarianMatcher+BellmanFordStrategy,-1,mixed,matching_size,3
W0,3,1.5,9,HungarianMatcher+BellmanFordStrategy,-1,mixed,wall_clock_ms,0.006512
W0,3,1.5,9,HungarianMatcher+JohnsonDijkstraStrategy,0,mixed,edge_relaxations,5
W0,3,1.5,9,HungarianMatcher+JohnsonDijkstraStrategy,0,mixed,defect_at_iteration,2
W0,3,1.5,9,HungarianMatcher+JohnsonDijkstraStrategy,1,mixed,edge_relaxations,5
W0,3,1.5,9,HungarianMatcher+JohnsonDijkstraStrategy,1,mixed,defect_at_iteration,1
W0,3,1.5,9,HungarianMatcher+JohnsonDijkstraStrategy,2,mixed,edge_relaxations,5
W0,3,1.5,9,HungarianMatcher+JohnsonDijkstraStrategy,2,mixed,defect_at_iteration,0
W0,3,1.5,9,HungarianMatcher+JohnsonDijkstraStrategy,-1,mixed,augmentation_count,3
W0,3,1.5,9,HungarianMatcher+JohnsonDijkstraStrategy,-1,mixed,matching_value,-14
W0,3,1.5,9,HungarianMatcher+JohnsonDijkstraStrategy,-1,mixed,matching_size,3
W0,3,1.5,9,HungarianMatcher+JohnsonDijkstraStrategy,-1,mixed,wall_clock_ms,0.007444
W0,4,1.5,32,Oracle,-1,mixed,oracle_size,4
W0,4,1.5,32,Oracle,-1,mixed,oracle_value,-36
W0,4,1.5,32,HungarianMatcher+BellmanFordStrategy,0,mixed,defect_at_iteration,3
W0,4,1.5,32,HungarianMatcher+BellmanFordStrategy,1,mixed,defect_at_iteration,2
W0,4,1.5,32,HungarianMatcher+BellmanFordStrategy,2,mixed,defect_at_iteration,1
W0,4,1.5,32,HungarianMatcher+BellmanFordStrategy,3,mixed,defect_at_iteration,0
W0,4,1.5,32,HungarianMatcher+BellmanFordStrategy,-1,mixed,augmentation_count,4
W0,4,1.5,32,HungarianMatcher+BellmanFordStrategy,-1,mixed,matching_value,-36
W0,4,1.5,32,HungarianMatcher+BellmanFordStrategy,-1,mixed,matching_size,4
W0,4,1.5,32,HungarianMatcher+BellmanFordStrategy,-1,mixed,wall_clock_ms,0.007277
W0,4,1.5,32,HungarianMatcher+JohnsonDijkstraStrategy,0,mixed,edge_relaxations,8
W0,4,1.5,32,HungarianMatcher+JohnsonDijkstraStrategy,0,mixed,defect_at_iteration,3
W0,4,1.5,32,HungarianMatcher+JohnsonDijkstraStrategy,1,mixed,edge_relaxations,8
W0,4,1.5,32,HungarianMatcher+JohnsonDijkstraStrategy,1,mixed,defect_at_iteration,2
W0,4,1.5,32,HungarianMatcher+JohnsonDijkstraStrategy,2,mixed,edge_relaxations,7
W0,4,1.5,32,HungarianMatcher+JohnsonDijkstraStrategy,2,mixed,defect_at_iteration,1
W0,4,1.5,32,HungarianMatcher+JohnsonDijkstraStrategy,3,mixed,edge_relaxations,4
W0,4,1.5,32,HungarianMatcher+JohnsonDijkstraStrategy,3,mixed,defect_at_iteration,0
W0,4,1.5,32,HungarianMatcher+JohnsonDijkstraStrategy,-1,mixed,augmentation_count,4
W0,4,1.5,32,HungarianMatcher+JohnsonDijkstraStrategy,-1,mixed,matching_value,-36
W0,4,1.5,32,HungarianMatcher+JohnsonDijkstraStrategy,-1,mixed,matching_size,4
W0,4,1.5,32,HungarianMatcher+JohnsonDijkstraStrategy,-1,mixed,wall_clock_ms,0.008814
W0,3,1.5,79,Oracle,-1,mixed,oracle_size,3
W0,3,1.5,79,Oracle,-1,mixed,oracle_value,-14
W0,3,1.5,79,HungarianMatcher+BellmanFordStrategy,0,mixed,defect_at_iteration,2
W0,3,1.5,79,HungarianMatcher+BellmanFordStrategy,1,mixed,defect_at_iteration,1
W0,3,1.5,79,HungarianMatcher+BellmanFordStrategy,2,mixed,defect_at_iteration,0
W0,3,1.5,79,HungarianMatcher+BellmanFordStrategy,-1,mixed,augmentation_count,3
W0,3,1.5,79,HungarianMatcher+BellmanFordStrategy,-1,mixed,matching_value,-14
W0,3,1.5,79,HungarianMatcher+BellmanFordStrategy,-1,mixed,matching_size,3
W0,3,1.5,79,HungarianMatcher+BellmanFordStrategy,-1,mixed,wall_clock_ms,0.006363
W0,3,1.5,79,HungarianMatcher+JohnsonDijkstraStrategy,0,mixed,edge_relaxations,5
W0,3,1.5,79,HungarianMatcher+JohnsonDijkstraStrategy,0,mixed,defect_at_iteration,2
W0,3,1.5,79,HungarianMatcher+JohnsonDijkstraStrategy,1,mixed,edge_relaxations,5
W0,3,1.5,79,HungarianMatcher+JohnsonDijkstraStrategy,1,mixed,defect_at_iteration,1
W0,3,1.5,79,HungarianMatcher+JohnsonDijkstraStrategy,2,mixed,edge_relaxations,5
W0,3,1.5,79,HungarianMatcher+JohnsonDijkstraStrategy,2,mixed,defect_at_iteration,0
W0,3,1.5,79,HungarianMatcher+JohnsonDijkstraStrategy,-1,mixed,augmentation_count,3
W0,3,1.5,79,HungarianMatcher+JohnsonDijkstraStrategy,-1,mixed,matching_value,-14
W0,3,1.5,79,HungarianMatcher+JohnsonDijkstraStrategy,-1,mixed,matching_size,3
W0,3,1.5,79,HungarianMatcher+JohnsonDijkstraStrategy,-1,mixed,wall_clock_ms,0.007213
W0,2,1.5,50,Oracle,-1,mixed,oracle_size,2
W0,2,1.5,50,Oracle,-1,mixed,oracle_value,-5
W0,2,1.5,50,HungarianMatcher+BellmanFordStrategy,0,mixed,defect_at_iteration,1
W0,2,1.5,50,HungarianMatcher+BellmanFordStrategy,1,mixed,defect_at_iteration,0
W0,2,1.5,50,HungarianMatcher+BellmanFordStrategy,-1,mixed,augmentation_count,2
W0,2,1.5,50,HungarianMatcher+BellmanFordStrategy,-1,mixed,matching_value,-5
W0,2,1.5,50,HungarianMatcher+BellmanFordStrategy,-1,mixed,matching_size,2
W0,2,1.5,50,HungarianMatcher+BellmanFordStrategy,-1,mixed,wall_clock_ms,0.005185
W0,2,1.5,50,HungarianMatcher+JohnsonDijkstraStrategy,0,mixed,edge_relaxations,2
W0,2,1.5,50,HungarianMatcher+JohnsonDijkstraStrategy,0,mixed,defect_at_iteration,1
W0,2,1.5,50,HungarianMatcher+JohnsonDijkstraStrategy,1,mixed,edge_relaxations,1
W0,2,1.5,50,HungarianMatcher+JohnsonDijkstraStrategy,1,mixed,defect_at_iteration,0
W0,2,1.5,50,HungarianMatcher+JohnsonDijkstraStrategy,-1,mixed,augmentation_count,2
W0,2,1.5,50,HungarianMatcher+JohnsonDijkstraStrategy,-1,mixed,matching_value,-5
W0,2,1.5,50,HungarianMatcher+JohnsonDijkstraStrategy,-1,mixed,matching_size,2
W0,2,1.5,50,HungarianMatcher+JohnsonDijkstraStrategy,-1,mixed,wall_clock_ms,0.004824
W0,2,1.5,46,Oracle,-1,mixed,oracle_size,1
W0,2,1.5,46,Oracle,-1,mixed,oracle_value,0
W0,2,1.5,46,HungarianMatcher+BellmanFordStrategy,0,mixed,defect_at_iteration,1
W0,2,1.5,46,HungarianMatcher+BellmanFordStrategy,-1,mixed,augmentation_count,1
W0,2,1.5,46,HungarianMatcher+BellmanFordStrategy,-1,mixed,matching_value,0
W0,2,1.5,46,HungarianMatcher+BellmanFordStrategy,-1,mixed,matching_size,1
W0,2,1.5,46,HungarianMatcher+BellmanFordStrategy,-1,mixed,wall_clock_ms,0.003244
W0,2,1.5,46,HungarianMatcher+JohnsonDijkstraStrategy,0,mixed,edge_relaxations,2
W0,2,1.5,46,HungarianMatcher+JohnsonDijkstraStrategy,0,mixed,defect_at_iteration,1
W0,2,1.5,46,HungarianMatcher+JohnsonDijkstraStrategy,-1,mixed,augmentation_count,1
W0,2,1.5,46,HungarianMatcher+JohnsonDijkstraStrategy,-1,mixed,matching_value,0
W0,2,1.5,46,HungarianMatcher+JohnsonDijkstraStrategy,-1,mixed,matching_size,1
W0,2,1.5,46,HungarianMatcher+JohnsonDijkstraStrategy,-1,mixed,wall_clock_ms,0.003289
W0,4,1.5,50,Oracle,-1,mixed,oracle_size,3
W0,4,1.5,50,Oracle,-1,mixed,oracle_value,-27
W0,4,1.5,50,HungarianMatcher+BellmanFordStrategy,0,mixed,defect_at_iteration,3
W0,4,1.5,50,HungarianMatcher+BellmanFordStrategy,1,mixed,defect_at_iteration,2
W0,4,1.5,50,HungarianMatcher+BellmanFordStrategy,2,mixed,defect_at_iteration,1
W0,4,1.5,50,HungarianMatcher+BellmanFordStrategy,-1,mixed,augmentation_count,3
W0,4,1.5,50,HungarianMatcher+BellmanFordStrategy,-1,mixed,matching_value,-27
W0,4,1.5,50,HungarianMatcher+BellmanFordStrategy,-1,mixed,matching_size,3
W0,4,1.5,50,HungarianMatcher+BellmanFordStrategy,-1,mixed,wall_clock_ms,0.007498
W0,4,1.5,50,HungarianMatcher+JohnsonDijkstraStrategy,0,mixed,edge_relaxations,8
W0,4,1.5,50,HungarianMatcher+JohnsonDijkstraStrategy,0,mixed,defect_at_iteration,3
W0,4,1.5,50,HungarianMatcher+JohnsonDijkstraStrategy,1,mixed,edge_relaxations,8
W0,4,1.5,50,HungarianMatcher+JohnsonDijkstraStrategy,1,mixed,defect_at_iteration,2
W0,4,1.5,50,HungarianMatcher+JohnsonDijkstraStrategy,2,mixed,edge_relaxations,8
W0,4,1.5,50,HungarianMatcher+JohnsonDijkstraStrategy,2,mixed,defect_at_iteration,1
W0,4,1.5,50,HungarianMatcher+JohnsonDijkstraStrategy,-1,mixed,augmentation_count,3
W0,4,1.5,50,HungarianMatcher+JohnsonDijkstraStrategy,-1,mixed,matching_value,-27
W0,4,1.5,50,HungarianMatcher+JohnsonDijkstraStrategy,-1,mixed,matching_size,3
W0,4,1.5,50,HungarianMatcher+JohnsonDijkstraStrategy,-1,mixed,wall_clock_ms,0.008237
W0,3,1.5,82,Oracle,-1,mixed,oracle_size,2
W0,3,1.5,82,Oracle,-1,mixed,oracle_value,-5
W0,3,1.5,82,HungarianMatcher+BellmanFordStrategy,0,mixed,defect_at_iteration,2
W0,3,1.5,82,HungarianMatcher+BellmanFordStrategy,1,mixed,defect_at_iteration,1
W0,3,1.5,82,HungarianMatcher+BellmanFordStrategy,-1,mixed,augmentation_count,2
W0,3,1.5,82,HungarianMatcher+BellmanFordStrategy,-1,mixed,matching_value,-5
W0,3,1.5,82,HungarianMatcher+BellmanFordStrategy,-1,mixed,matching_size,2
W0,3,1.5,82,HungarianMatcher+BellmanFordStrategy,-1,mixed,wall_clock_ms,0.005343
W0,3,1.5,82,HungarianMatcher+JohnsonDijkstraStrategy,0,mixed,edge_relaxations,5
W0,3,1.5,82,HungarianMatcher+JohnsonDijkstraStrategy,0,mixed,defect_at_iteration,2
W0,3,1.5,82,HungarianMatcher+JohnsonDijkstraStrategy,1,mixed,edge_relaxations,5
W0,3,1.5,82,HungarianMatcher+JohnsonDijkstraStrategy,1,mixed,defect_at_iteration,1
W0,3,1.5,82,HungarianMatcher+JohnsonDijkstraStrategy,-1,mixed,augmentation_count,2
W0,3,1.5,82,HungarianMatcher+JohnsonDijkstraStrategy,-1,mixed,matching_value,-5
W0,3,1.5,82,HungarianMatcher+JohnsonDijkstraStrategy,-1,mixed,matching_size,2
W0,3,1.5,82,HungarianMatcher+JohnsonDijkstraStrategy,-1,mixed,wall_clock_ms,0.005422
W0,3,1.5,12,Oracle,-1,mixed,oracle_size,3
W0,3,1.5,12,Oracle,-1,mixed,oracle_value,-11
W0,3,1.5,12,HungarianMatcher+BellmanFordStrategy,0,mixed,defect_at_iteration,2
W0,3,1.5,12,HungarianMatcher+BellmanFordStrategy,1,mixed,defect_at_iteration,1
W0,3,1.5,12,HungarianMatcher+BellmanFordStrategy,2,mixed,defect_at_iteration,0
W0,3,1.5,12,HungarianMatcher+BellmanFordStrategy,-1,mixed,augmentation_count,3
W0,3,1.5,12,HungarianMatcher+BellmanFordStrategy,-1,mixed,matching_value,-11
W0,3,1.5,12,HungarianMatcher+BellmanFordStrategy,-1,mixed,matching_size,3
W0,3,1.5,12,HungarianMatcher+BellmanFordStrategy,-1,mixed,wall_clock_ms,0.005858
W0,3,1.5,12,HungarianMatcher+JohnsonDijkstraStrategy,0,mixed,edge_relaxations,5
W0,3,1.5,12,HungarianMatcher+JohnsonDijkstraStrategy,0,mixed,defect_at_iteration,2
W0,3,1.5,12,HungarianMatcher+JohnsonDijkstraStrategy,1,mixed,edge_relaxations,5
W0,3,1.5,12,HungarianMatcher+JohnsonDijkstraStrategy,1,mixed,defect_at_iteration,1
W0,3,1.5,12,HungarianMatcher+JohnsonDijkstraStrategy,2,mixed,edge_relaxations,1
W0,3,1.5,12,HungarianMatcher+JohnsonDijkstraStrategy,2,mixed,defect_at_iteration,0
W0,3,1.5,12,HungarianMatcher+JohnsonDijkstraStrategy,-1,mixed,augmentation_count,3
W0,3,1.5,12,HungarianMatcher+JohnsonDijkstraStrategy,-1,mixed,matching_value,-11
W0,3,1.5,12,HungarianMatcher+JohnsonDijkstraStrategy,-1,mixed,matching_size,3
W0,3,1.5,12,HungarianMatcher+JohnsonDijkstraStrategy,-1,mixed,wall_clock_ms,0.006814
W0,3,1.5,91,Oracle,-1,mixed,oracle_size,3
W0,3,1.5,91,Oracle,-1,mixed,oracle_value,-12
W0,3,1.5,91,HungarianMatcher+BellmanFordStrategy,0,mixed,defect_at_iteration,2
W0,3,1.5,91,HungarianMatcher+BellmanFordStrategy,1,mixed,defect_at_iteration,1
W0,3,1.5,91,HungarianMatcher+BellmanFordStrategy,2,mixed,defect_at_iteration,0
W0,3,1.5,91,HungarianMatcher+BellmanFordStrategy,-1,mixed,augmentation_count,3
W0,3,1.5,91,HungarianMatcher+BellmanFordStrategy,-1,mixed,matching_value,-12
W0,3,1.5,91,HungarianMatcher+BellmanFordStrategy,-1,mixed,matching_size,3
W0,3,1.5,91,HungarianMatcher+BellmanFordStrategy,-1,mixed,wall_clock_ms,0.006194
W0,3,1.5,91,HungarianMatcher+JohnsonDijkstraStrategy,0,mixed,edge_relaxations,5
W0,3,1.5,91,HungarianMatcher+JohnsonDijkstraStrategy,0,mixed,defect_at_iteration,2
W0,3,1.5,91,HungarianMatcher+JohnsonDijkstraStrategy,1,mixed,edge_relaxations,5
W0,3,1.5,91,HungarianMatcher+JohnsonDijkstraStrategy,1,mixed,defect_at_iteration,1
W0,3,1.5,91,HungarianMatcher+JohnsonDijkstraStrategy,2,mixed,edge_relaxations,3
W0,3,1.5,91,HungarianMatcher+JohnsonDijkstraStrategy,2,mixed,defect_at_iteration,0
W0,3,1.5,91,HungarianMatcher+JohnsonDijkstraStrategy,-1,mixed,augmentation_count,3
W0,3,1.5,91,HungarianMatcher+JohnsonDijkstraStrategy,-1,mixed,matching_value,-12
W0,3,1.5,91,HungarianMatcher+JohnsonDijkstraStrategy,-1,mixed,matching_size,3
W0,3,1.5,91,HungarianMatcher+JohnsonDijkstraStrategy,-1,mixed,wall_clock_ms,0.007286
W0,4,1.5,25,Oracle,-1,mixed,oracle_size,4
W0,4,1.5,25,Oracle,-1,mixed,oracle_value,-28
W0,4,1.5,25,HungarianMatcher+BellmanFordStrategy,0,mixed,defect_at_iteration,3
W0,4,1.5,25,HungarianMatcher+BellmanFordStrategy,1,mixed,defect_at_iteration,2
W0,4,1.5,25,HungarianMatcher+BellmanFordStrategy,2,mixed,defect_at_iteration,1
W0,4,1.5,25,HungarianMatcher+BellmanFordStrategy,3,mixed,defect_at_iteration,0
W0,4,1.5,25,HungarianMatcher+BellmanFordStrategy,-1,mixed,augmentation_count,4
W0,4,1.5,25,HungarianMatcher+BellmanFordStrategy,-1,mixed,matching_value,-28
W0,4,1.5,25,HungarianMatcher+BellmanFordStrategy,-1,mixed,matching_size,4
W0,4,1.5,25,HungarianMatcher+BellmanFordStrategy,-1,mixed,wall_clock_ms,0.006326
W0,4,1.5,25,HungarianMatcher+JohnsonDijkstraStrategy,0,mixed,edge_relaxations,8
W0,4,1.5,25,HungarianMatcher+JohnsonDijkstraStrategy,0,mixed,defect_at_iteration,3
W0,4,1.5,25,HungarianMatcher+JohnsonDijkstraStrategy,1,mixed,edge_relaxations,6
W0,4,1.5,25,HungarianMatcher+JohnsonDijkstraStrategy,1,mixed,defect_at_iteration,2
W0,4,1.5,25,HungarianMatcher+JohnsonDijkstraStrategy,2,mixed,edge_relaxations,6
W0,4,1.5,25,HungarianMatcher+JohnsonDijkstraStrategy,2,mixed,defect_at_iteration,1
W0,4,1.5,25,HungarianMatcher+JohnsonDijkstraStrategy,3,mixed,edge_relaxations,6
W0,4,1.5,25,HungarianMatcher+JohnsonDijkstraStrategy,3,mixed,defect_at_iteration,0
W0,4,1.5,25,HungarianMatcher+JohnsonDijkstraStrategy,-1,mixed,augmentation_count,4
W0,4,1.5,25,HungarianMatcher+JohnsonDijkstraStrategy,-1,mixed,matching_value,-28
W0,4,1.5,25,HungarianMatcher+JohnsonDijkstraStrategy,-1,mixed,matching_size,4
W0,4,1.5,25,HungarianMatcher+JohnsonDijkstraStrategy,-1,mixed,wall_clock_ms,0.007592
W0,3,1.5,16,Oracle,-1,mixed,oracle_size,2
W0,3,1.5,16,Oracle,-1,mixed,oracle_value,-1
W0,3,1.5,16,HungarianMatcher+BellmanFordStrategy,0,mixed,defect_at_iteration,2
W0,3,1.5,16,HungarianMatcher+BellmanFordStrategy,1,mixed,defect_at_iteration,1
W0,3,1.5,16,HungarianMatcher+BellmanFordStrategy,-1,mixed,augmentation_count,2
W0,3,1.5,16,HungarianMatcher+BellmanFordStrategy,-1,mixed,matching_value,-1
W0,3,1.5,16,HungarianMatcher+BellmanFordStrategy,-1,mixed,matching_size,2
W0,3,1.5,16,HungarianMatcher+BellmanFordStrategy,-1,mixed,wall_clock_ms,0.004631
W0,3,1.5,16,HungarianMatcher+JohnsonDijkstraStrategy,0,mixed,edge_relaxations,5
W0,3,1.5,16,HungarianMatcher+JohnsonDijkstraStrategy,0,mixed,defect_at_iteration,2
W0,3,1.5,16,HungarianMatcher+JohnsonDijkstraStrategy,1,mixed,edge_relaxations,5
W0,3,1.5,16,HungarianMatcher+JohnsonDijkstraStrategy,1,mixed,defect_at_iteration,1
W0,3,1.5,16,HungarianMatcher+JohnsonDijkstraStrategy,-1,mixed,augmentation_count,2
W0,3,1.5,16,HungarianMatcher+JohnsonDijkstraStrategy,-1,mixed,matching_value,-1
W0,3,1.5,16,HungarianMatcher+JohnsonDijkstraStrategy,-1,mixed,matching_size,2
W0,3,1.5,16,HungarianMatcher+JohnsonDijkstraStrategy,-1,mixed,wall_clock_ms,0.004946
W0,4,1.5,86,Oracle,-1,mixed,oracle_size,4
W0,4,1.5,86,Oracle,-1,mixed,oracle_value,-37
W0,4,1.5,86,HungarianMatcher+BellmanFordStrategy,0,mixed,defect_at_iteration,3
W0,4,1.5,86,HungarianMatcher+BellmanFordStrategy,1,mixed,defect_at_iteration,2
W0,4,1.5,86,HungarianMatcher+BellmanFordStrategy,2,mixed,defect_at_iteration,1
W0,4,1.5,86,HungarianMatcher+BellmanFordStrategy,3,mixed,defect_at_iteration,0
W0,4,1.5,86,HungarianMatcher+BellmanFordStrategy,-1,mixed,augmentation_count,4
W0,4,1.5,86,HungarianMatcher+BellmanFordStrategy,-1,mixed,matching_value,-37
W0,4,1.5,86,HungarianMatcher+BellmanFordStrategy,-1,mixed,matching_size,4
W0,4,1.5,86,HungarianMatcher+BellmanFordStrategy,-1,mixed,wall_clock_ms,0.008279
W0,4,1.5,86,HungarianMatcher+JohnsonDijkstraStrategy,0,mixed,edge_relaxations,8
W0,4,1.5,86,HungarianMatcher+JohnsonDijkstraStrategy,0,mixed,defect_at_iteration,3
W0,4,1.5,86,HungarianMatcher+JohnsonDijkstraStrategy,1,mixed,edge_relaxations,8
W0,4,1.5,86,HungarianMatcher+JohnsonDijkstraStrategy,1,mixed,defect_at_iteration,2
W0,4,1.5,86,HungarianMatcher+JohnsonDijkstraStrategy,2,mixed,edge_relaxations,8
W0,4,1.5,86,HungarianMatcher+JohnsonDijkstraStrategy,2,mixed,defect_at_iteration,1
W0,4,1.5,86,HungarianMatcher+JohnsonDijkstraStrategy,3,mixed,edge_relaxations,8
W0,4,1.5,86,HungarianMatcher+JohnsonDijkstraStrategy,3,mixed,defect_at_iteration,0
W0,4,1.5,86,HungarianMatcher+JohnsonDijkstraStrategy,-1,mixed,augmentation_count,4
W0,4,1.5,86,HungarianMatcher+JohnsonDijkstraStrategy,-1,mixed,matching_value,-37
W0,4,1.5,86,HungarianMatcher+JohnsonDijkstraStrategy,-1,mixed,matching_size,4
W0,4,1.5,86,HungarianMatcher+JohnsonDijkstraStrategy,-1,mixed,wall_clock_ms,0.009441
W0,2,1.5,12,Oracle,-1,mixed,oracle_size,1
W0,2,1.5,12,Oracle,-1,mixed,oracle_value,0
W0,2,1.5,12,HungarianMatcher+BellmanFordStrategy,0,mixed,defect_at_iteration,1
W0,2,1.5,12,HungarianMatcher+BellmanFordStrategy,-1,mixed,augmentation_count,1
W0,2,1.5,12,HungarianMatcher+BellmanFordStrategy,-1,mixed,matching_value,0
W0,2,1.5,12,HungarianMatcher+BellmanFordStrategy,-1,mixed,matching_size,1
W0,2,1.5,12,HungarianMatcher+BellmanFordStrategy,-1,mixed,wall_clock_ms,0.003884
W0,2,1.5,12,HungarianMatcher+JohnsonDijkstraStrategy,0,mixed,edge_relaxations,2
W0,2,1.5,12,HungarianMatcher+JohnsonDijkstraStrategy,0,mixed,defect_at_iteration,1
W0,2,1.5,12,HungarianMatcher+JohnsonDijkstraStrategy,-1,mixed,augmentation_count,1
W0,2,1.5,12,HungarianMatcher+JohnsonDijkstraStrategy,-1,mixed,matching_value,0
W0,2,1.5,12,HungarianMatcher+JohnsonDijkstraStrategy,-1,mixed,matching_size,1
W0,2,1.5,12,HungarianMatcher+JohnsonDijkstraStrategy,-1,mixed,wall_clock_ms,0.003854
W0,4,1.5,6,Oracle,-1,mixed,oracle_size,4
W0,4,1.5,6,Oracle,-1,mixed,oracle_value,-33
W0,4,1.5,6,HungarianMatcher+BellmanFordStrategy,0,mixed,defect_at_iteration,3
W0,4,1.5,6,HungarianMatcher+BellmanFordStrategy,1,mixed,defect_at_iteration,2
W0,4,1.5,6,HungarianMatcher+BellmanFordStrategy,2,mixed,defect_at_iteration,1
W0,4,1.5,6,HungarianMatcher+BellmanFordStrategy,3,mixed,defect_at_iteration,0
W0,4,1.5,6,HungarianMatcher+BellmanFordStrategy,-1,mixed,augmentation_count,4
W0,4,1.5,6,HungarianMatcher+BellmanFordStrategy,-1,mixed,matching_value,-33
W0,4,1.5,6,HungarianMatcher+BellmanFordStrategy,-1,mixed,matching_size,4
W0,4,1.5,6,HungarianMatcher+BellmanFordStrategy,-1,mixed,wall_clock_ms,0.008242
W0,4,1.5,6,HungarianMatcher+JohnsonDijkstraStrategy,0,mixed,edge_relaxations,8
W0,4,1.5,6,HungarianMatcher+JohnsonDijkstraStrategy,0,mixed,defect_at_iteration,3
W0,4,1.5,6,HungarianMatcher+JohnsonDijkstraStrategy,1,mixed,edge_relaxations,8
W0,4,1.5,6,HungarianMatcher+JohnsonDijkstraStrategy,1,mixed,defect_at_iteration,2
W0,4,1.5,6,HungarianMatcher+JohnsonDijkstraStrategy,2,mixed,edge_relaxations,8
W0,4,1.5,6,HungarianMatcher+JohnsonDijkstraStrategy,2,mixed,defect_at_iteration,1
W0,4,1.5,6,HungarianMatcher+JohnsonDijkstraStrategy,3,mixed,edge_relaxations,8
W0,4,1.5,6,HungarianMatcher+JohnsonDijkstraStrategy,3,mixed,defect_at_iteration,0
W0,4,1.5,6,HungarianMatcher+JohnsonDijkstraStrategy,-1,mixed,augmentation_count,4
W0,4,1.5,6,HungarianMatcher+JohnsonDijkstraStrategy,-1,mixed,matching_value,-33
W0,4,1.5,6,HungarianMatcher+JohnsonDijkstraStrategy,-1,mixed,matching_size,4
W0,4,1.5,6,HungarianMatcher+JohnsonDijkstraStrategy,-1,mixed,wall_clock_ms,0.009953
W0,2,1.5,3,Oracle,-1,mixed,oracle_size,2
W0,2,1.5,3,Oracle,-1,mixed,oracle_value,-3
W0,2,1.5,3,HungarianMatcher+BellmanFordStrategy,0,mixed,defect_at_iteration,1
W0,2,1.5,3,HungarianMatcher+BellmanFordStrategy,1,mixed,defect_at_iteration,0
W0,2,1.5,3,HungarianMatcher+BellmanFordStrategy,-1,mixed,augmentation_count,2
W0,2,1.5,3,HungarianMatcher+BellmanFordStrategy,-1,mixed,matching_value,-3
W0,2,1.5,3,HungarianMatcher+BellmanFordStrategy,-1,mixed,matching_size,2
W0,2,1.5,3,HungarianMatcher+BellmanFordStrategy,-1,mixed,wall_clock_ms,0.00396
W0,2,1.5,3,HungarianMatcher+JohnsonDijkstraStrategy,0,mixed,edge_relaxations,2
W0,2,1.5,3,HungarianMatcher+JohnsonDijkstraStrategy,0,mixed,defect_at_iteration,1
W0,2,1.5,3,HungarianMatcher+JohnsonDijkstraStrategy,1,mixed,edge_relaxations,1
W0,2,1.5,3,HungarianMatcher+JohnsonDijkstraStrategy,1,mixed,defect_at_iteration,0
W0,2,1.5,3,HungarianMatcher+JohnsonDijkstraStrategy,-1,mixed,augmentation_count,2
W0,2,1.5,3,HungarianMatcher+JohnsonDijkstraStrategy,-1,mixed,matching_value,-3
W0,2,1.5,3,HungarianMatcher+JohnsonDijkstraStrategy,-1,mixed,matching_size,2
W0,2,1.5,3,HungarianMatcher+JohnsonDijkstraStrategy,-1,mixed,wall_clock_ms,0.004056
W0,3,1.5,32,Oracle,-1,mixed,oracle_size,3
W0,3,1.5,32,Oracle,-1,mixed,oracle_value,-11
W0,3,1.5,32,HungarianMatcher+BellmanFordStrategy,0,mixed,defect_at_iteration,2
W0,3,1.5,32,HungarianMatcher+BellmanFordStrategy,1,mixed,defect_at_iteration,1
W0,3,1.5,32,HungarianMatcher+BellmanFordStrategy,2,mixed,defect_at_iteration,0
W0,3,1.5,32,HungarianMatcher+BellmanFordStrategy,-1,mixed,augmentation_count,3
W0,3,1.5,32,HungarianMatcher+BellmanFordStrategy,-1,mixed,matching_value,-11
W0,3,1.5,32,HungarianMatcher+BellmanFordStrategy,-1,mixed,matching_size,3
W0,3,1.5,32,HungarianMatcher+BellmanFordStrategy,-1,mixed,wall_clock_ms,0.005274
W0,3,1.5,32,HungarianMatcher+JohnsonDijkstraStrategy,0,mixed,edge_relaxations,5
W0,3,1.5,32,HungarianMatcher+JohnsonDijkstraStrategy,0,mixed,defect_at_iteration,2
W0,3,1.5,32,HungarianMatcher+JohnsonDijkstraStrategy,1,mixed,edge_relaxations,5
W0,3,1.5,32,HungarianMatcher+JohnsonDijkstraStrategy,1,mixed,defect_at_iteration,1
W0,3,1.5,32,HungarianMatcher+JohnsonDijkstraStrategy,2,mixed,edge_relaxations,5
W0,3,1.5,32,HungarianMatcher+JohnsonDijkstraStrategy,2,mixed,defect_at_iteration,0
W0,3,1.5,32,HungarianMatcher+JohnsonDijkstraStrategy,-1,mixed,augmentation_count,3
W0,3,1.5,32,HungarianMatcher+JohnsonDijkstraStrategy,-1,mixed,matching_value,-11
W0,3,1.5,32,HungarianMatcher+JohnsonDijkstraStrategy,-1,mixed,matching_size,3
W0,3,1.5,32,HungarianMatcher+JohnsonDijkstraStrategy,-1,mixed,wall_clock_ms,0.006263
W0,2,1.5,28,Oracle,-1,mixed,oracle_size,2
W0,2,1.5,28,Oracle,-1,mixed,oracle_value,-3
W0,2,1.5,28,HungarianMatcher+BellmanFordStrategy,0,mixed,defect_at_iteration,1
W0,2,1.5,28,HungarianMatcher+BellmanFordStrategy,1,mixed,defect_at_iteration,0
W0,2,1.5,28,HungarianMatcher+BellmanFordStrategy,-1,mixed,augmentation_count,2
W0,2,1.5,28,HungarianMatcher+BellmanFordStrategy,-1,mixed,matching_value,-3
W0,2,1.5,28,HungarianMatcher+BellmanFordStrategy,-1,mixed,matching_size,2
W0,2,1.5,28,HungarianMatcher+BellmanFordStrategy,-1,mixed,wall_clock_ms,0.004898
W0,2,1.5,28,HungarianMatcher+JohnsonDijkstraStrategy,0,mixed,edge_relaxations,2
W0,2,1.5,28,HungarianMatcher+JohnsonDijkstraStrategy,0,mixed,defect_at_iteration,1
W0,2,1.5,28,HungarianMatcher+JohnsonDijkstraStrategy,1,mixed,edge_relaxations,1
W0,2,1.5,28,HungarianMatcher+JohnsonDijkstraStrategy,1,mixed,defect_at_iteration,0
W0,2,1.5,28,HungarianMatcher+JohnsonDijkstraStrategy,-1,mixed,augmentation_count,2
W0,2,1.5,28,HungarianMatcher+JohnsonDijkstraStrategy,-1,mixed,matching_value,-3
W0,2,1.5,28,HungarianMatcher+JohnsonDijkstraStrategy,-1,mixed,matching_size,2
W0,2,1.5,28,HungarianMatcher+JohnsonDijkstraStrategy,-1,mixed,wall_clock_ms,0.005583
W0,4,1.5,67,Oracle,-1,mixed,oracle_size,3
W0,4,1.5,67,Oracle,-1,mixed,oracle_value,-30
W0,4,1.5,67,HungarianMatcher+BellmanFordStrategy,0,mixed,defect_at_iteration,3
W0,4,1.5,67,HungarianMatcher+BellmanFordStrategy,1,mixed,defect_at_iteration,2
W0,4,1.5,67,HungarianMatcher+BellmanFordStrategy,2,mixed,defect_at_iteration,1
W0,4,1.5,67,HungarianMatcher+BellmanFordStrategy,-1,mixed,augmentation_count,3
W0,4,1.5,67,HungarianMatcher+BellmanFordStrategy,-1,mixed,matching_value,-30
W0,4,1.5,67,HungarianMatcher+BellmanFordStrategy,-1,mixed,matching_size,3
W0,4,1.5,67,HungarianMatcher+BellmanFordStrategy,-1,mixed,wall_clock_ms,0.007262
W0,4,1.5,67,HungarianMatcher+JohnsonDijkstraStrategy,0,mixed,edge_relaxations,8
W0,4,1.5,67,HungarianMatcher+JohnsonDijkstraStrategy,0,mixed,defect_at_iteration,3
W0,4,1.5,67,HungarianMatcher+JohnsonDijkstraStrategy,1,mixed,edge_relaxations,5
W0,4,1.5,67,HungarianMatcher+JohnsonDijkstraStrategy,1,mixed,defect_at_iteration,2
W0,4,1.5,67,HungarianMatcher+JohnsonDijkstraStrategy,2,mixed,edge_relaxations,5
W0,4,1.5,67,HungarianMatcher+JohnsonDijkstraStrategy,2,mixed,defect_at_iteration,1
W0,4,1.5,67,HungarianMatcher+JohnsonDijkstraStrategy,-1,mixed,augmentation_count,3
W0,4,1.5,67,HungarianMatcher+JohnsonDijkstraStrategy,-1,mixed,matching_value,-30
W0,4,1.5,67,HungarianMatcher+JohnsonDijkstraStrategy,-1,mixed,matching_size,3
W0,4,1.5,67,HungarianMatcher+JohnsonDijkstraStrategy,-1,mixed,wall_clock_ms,0.008083
W0,2,1.5,71,Oracle,-1,mixed,oracle_size,1
W0,2,1.5,71,Oracle,-1,mixed,oracle_value,0
W0,2,1.5,71,HungarianMatcher+BellmanFordStrategy,0,mixed,defect_at_iteration,1
W0,2,1.5,71,HungarianMatcher+BellmanFordStrategy,-1,mixed,augmentation_count,1
W0,2,1.5,71,HungarianMatcher+BellmanFordStrategy,-1,mixed,matching_value,0
W0,2,1.5,71,HungarianMatcher+BellmanFordStrategy,-1,mixed,matching_size,1
W0,2,1.5,71,HungarianMatcher+BellmanFordStrategy,-1,mixed,wall_clock_ms,0.003894
W0,2,1.5,71,HungarianMatcher+JohnsonDijkstraStrategy,0,mixed,edge_relaxations,2
W0,2,1.5,71,HungarianMatcher+JohnsonDijkstraStrategy,0,mixed,defect_at_iteration,1
W0,2,1.5,71,HungarianMatcher+JohnsonDijkstraStrategy,-1,mixed,augmentation_count,1
W0,2,1.5,71,HungarianMatcher+JohnsonDijkstraStrategy,-1,mixed,matching_value,0
W0,2,1.5,71,HungarianMatcher+JohnsonDijkstraStrategy,-1,mixed,matching_size,1
W0,2,1.5,71,HungarianMatcher+JohnsonDijkstraStrategy,-1,mixed,wall_clock_ms,0.003957
W0,4,1.5,97,Oracle,-1,mixed,oracle_size,3
W0,4,1.5,97,Oracle,-1,mixed,oracle_value,-9
W0,4,1.5,97,HungarianMatcher+BellmanFordStrategy,0,mixed,defect_at_iteration,3
W0,4,1.5,97,HungarianMatcher+BellmanFordStrategy,1,mixed,defect_at_iteration,2
W0,4,1.5,97,HungarianMatcher+BellmanFordStrategy,2,mixed,defect_at_iteration,1
W0,4,1.5,97,HungarianMatcher+BellmanFordStrategy,-1,mixed,augmentation_count,3
W0,4,1.5,97,HungarianMatcher+BellmanFordStrategy,-1,mixed,matching_value,-9
W0,4,1.5,97,HungarianMatcher+BellmanFordStrategy,-1,mixed,matching_size,3
W0,4,1.5,97,HungarianMatcher+BellmanFordStrategy,-1,mixed,wall_clock_ms,0.005684
W0,4,1.5,97,HungarianMatcher+JohnsonDijkstraStrategy,0,mixed,edge_relaxations,8
W0,4,1.5,97,HungarianMatcher+JohnsonDijkstraStrategy,0,mixed,defect_at_iteration,3
W0,4,1.5,97,HungarianMatcher+JohnsonDijkstraStrategy,1,mixed,edge_relaxations,8
W0,4,1.5,97,HungarianMatcher+JohnsonDijkstraStrategy,1,mixed,defect_at_iteration,2
W0,4,1.5,97,HungarianMatcher+JohnsonDijkstraStrategy,2,mixed,edge_relaxations,8
W0,4,1.5,97,HungarianMatcher+JohnsonDijkstraStrategy,2,mixed,defect_at_iteration,1
W0,4,1.5,97,HungarianMatcher+JohnsonDijkstraStrategy,-1,mixed,augmentation_count,3
W0,4,1.5,97,HungarianMatcher+JohnsonDijkstraStrategy,-1,mixed,matching_value,-9
W0,4,1.5,97,HungarianMatcher+JohnsonDijkstraStrategy,-1,mixed,matching_size,3
W0,4,1.5,97,HungarianMatcher+JohnsonDijkstraStrategy,-1,mixed,wall_clock_ms,0.006612
W0,3,1.5,81,Oracle,-1,mixed,oracle_size,3
W0,3,1.5,81,Oracle,-1,mixed,oracle_value,-12
W0,3,1.5,81,HungarianMatcher+BellmanFordStrategy,0,mixed,defect_at_iteration,2
W0,3,1.5,81,HungarianMatcher+BellmanFordStrategy,1,mixed,defect_at_iteration,1
W0,3,1.5,81,HungarianMatcher+BellmanFordStrategy,2,mixed,defect_at_iteration,0
W0,3,1.5,81,HungarianMatcher+BellmanFordStrategy,-1,mixed,augmentation_count,3
W0,3,1.5,81,HungarianMatcher+BellmanFordStrategy,-1,mixed,matching_value,-12
W0,3,1.5,81,HungarianMatcher+BellmanFordStrategy,-1,mixed,matching_size,3
W0,3,1.5,81,HungarianMatcher+BellmanFordStrategy,-1,mixed,wall_clock_ms,0.006163
W0,3,1.5,81,HungarianMatcher+JohnsonDijkstraStrategy,0,mixed,edge_relaxations,5
W0,3,1.5,81,HungarianMatcher+JohnsonDijkstraStrategy,0,mixed,defect_at_iteration,2
W0,3,1.5,81,HungarianMatcher+JohnsonDijkstraStrategy,1,mixed,edge_relaxations,5
W0,3,1.5,81,HungarianMatcher+JohnsonDijkstraStrategy,1,mixed,defect_at_iteration,1
W0,3,1.5,81,HungarianMatcher+JohnsonDijkstraStrategy,2,mixed,edge_relaxations,5
W0,3,1.5,81,HungarianMatcher+JohnsonDijkstraStrategy,2,mixed,defect_at_iteration,0
W0,3,1.5,81,HungarianMatcher+JohnsonDijkstraStrategy,-1,mixed,augmentation_count,3
W0,3,1.5,81,HungarianMatcher+JohnsonDijkstraStrategy,-1,mixed,matching_value,-12
W0,3,1.5,81,HungarianMatcher+JohnsonDijkstraStrategy,-1,mixed,matching_size,3
W0,3,1.5,81,HungarianMatcher+JohnsonDijkstraStrategy,-1,mixed,wall_clock_ms,0.007103
W0,3,1.5,69,Oracle,-1,mixed,oracle_size,3
W0,3,1.5,69,Oracle,-1,mixed,oracle_value,-14
W0,3,1.5,69,HungarianMatcher+BellmanFordStrategy,0,mixed,defect_at_iteration,2
W0,3,1.5,69,HungarianMatcher+BellmanFordStrategy,1,mixed,defect_at_iteration,1
W0,3,1.5,69,HungarianMatcher+BellmanFordStrategy,2,mixed,defect_at_iteration,0
W0,3,1.5,69,HungarianMatcher+BellmanFordStrategy,-1,mixed,augmentation_count,3
W0,3,1.5,69,HungarianMatcher+BellmanFordStrategy,-1,mixed,matching_value,-14
W0,3,1.5,69,HungarianMatcher+BellmanFordStrategy,-1,mixed,matching_size,3
W0,3,1.5,69,HungarianMatcher+BellmanFordStrategy,-1,mixed,wall_clock_ms,0.006006
W0,3,1.5,69,HungarianMatcher+JohnsonDijkstraStrategy,0,mixed,edge_relaxations,5
W0,3,1.5,69,HungarianMatcher+JohnsonDijkstraStrategy,0,mixed,defect_at_iteration,2
W0,3,1.5,69,HungarianMatcher+JohnsonDijkstraStrategy,1,mixed,edge_relaxations,3
W0,3,1.5,69,HungarianMatcher+JohnsonDijkstraStrategy,1,mixed,defect_at_iteration,1
W0,3,1.5,69,HungarianMatcher+JohnsonDijkstraStrategy,2,mixed,edge_relaxations,1
W0,3,1.5,69,HungarianMatcher+JohnsonDijkstraStrategy,2,mixed,defect_at_iteration,0
W0,3,1.5,69,HungarianMatcher+JohnsonDijkstraStrategy,-1,mixed,augmentation_count,3
W0,3,1.5,69,HungarianMatcher+JohnsonDijkstraStrategy,-1,mixed,matching_value,-14
W0,3,1.5,69,HungarianMatcher+JohnsonDijkstraStrategy,-1,mixed,matching_size,3
W0,3,1.5,69,HungarianMatcher+JohnsonDijkstraStrategy,-1,mixed,wall_clock_ms,0.006631
W0,3,1.5,40,Oracle,-1,mixed,oracle_size,3
W0,3,1.5,40,Oracle,-1,mixed,oracle_value,-13
W0,3,1.5,40,HungarianMatcher+BellmanFordStrategy,0,mixed,defect_at_iteration,2
W0,3,1.5,40,HungarianMatcher+BellmanFordStrategy,1,mixed,defect_at_iteration,1
W0,3,1.5,40,HungarianMatcher+BellmanFordStrategy,2,mixed,defect_at_iteration,0
W0,3,1.5,40,HungarianMatcher+BellmanFordStrategy,-1,mixed,augmentation_count,3
W0,3,1.5,40,HungarianMatcher+BellmanFordStrategy,-1,mixed,matching_value,-13
W0,3,1.5,40,HungarianMatcher+BellmanFordStrategy,-1,mixed,matching_size,3
W0,3,1.5,40,HungarianMatcher+BellmanFordStrategy,-1,mixed,wall_clock_ms,0.00498
W0,3,1.5,40,HungarianMatcher+JohnsonDijkstraStrategy,0,mixed,edge_relaxations,5
W0,3,1.5,40,HungarianMatcher+JohnsonDijkstraStrategy,0,mixed,defect_at_iteration,2
W0,3,1.5,40,HungarianMatcher+JohnsonDijkstraStrategy,1,mixed,edge_relaxations,5
W0,3,1.5,40,HungarianMatcher+JohnsonDijkstraStrategy,1,mixed,defect_at_iteration,1
W0,3,1.5,40,HungarianMatcher+JohnsonDijkstraStrategy,2,mixed,edge_relaxations,4
W0,3,1.5,40,HungarianMatcher+JohnsonDijkstraStrategy,2,mixed,defect_at_iteration,0
W0,3,1.5,40,HungarianMatcher+JohnsonDijkstraStrategy,-1,mixed,augmentation_count,3
W0,3,1.5,40,HungarianMatcher+JohnsonDijkstraStrategy,-1,mixed,matching_value,-13
W0,3,1.5,40,HungarianMatcher+JohnsonDijkstraStrategy,-1,mixed,matching_size,3
W0,3,1.5,40,HungarianMatcher+JohnsonDijkstraStrategy,-1,mixed,wall_clock_ms,0.006025
W0,3,1.5,1,Oracle,-1,mixed,oracle_size,2
W0,3,1.5,1,Oracle,-1,mixed,oracle_value,-4
W0,3,1.5,1,HungarianMatcher+BellmanFordStrategy,0,mixed,defect_at_iteration,2
W0,3,1.5,1,HungarianMatcher+BellmanFordStrategy,1,mixed,defect_at_iteration,1
W0,3,1.5,1,HungarianMatcher+BellmanFordStrategy,-1,mixed,augmentation_count,2
W0,3,1.5,1,HungarianMatcher+BellmanFordStrategy,-1,mixed,matching_value,-4
W0,3,1.5,1,HungarianMatcher+BellmanFordStrategy,-1,mixed,matching_size,2
W0,3,1.5,1,HungarianMatcher+BellmanFordStrategy,-1,mixed,wall_clock_ms,0.004969
W0,3,1.5,1,HungarianMatcher+JohnsonDijkstraStrategy,0,mixed,edge_relaxations,5
W0,3,1.5,1,HungarianMatcher+JohnsonDijkstraStrategy,0,mixed,defect_at_iteration,2
W0,3,1.5,1,HungarianMatcher+JohnsonDijkstraStrategy,1,mixed,edge_relaxations,5
W0,3,1.5,1,HungarianMatcher+JohnsonDijkstraStrategy,1,mixed,defect_at_iteration,1
W0,3,1.5,1,HungarianMatcher+JohnsonDijkstraStrategy,-1,mixed,augmentation_count,2
W0,3,1.5,1,HungarianMatcher+JohnsonDijkstraStrategy,-1,mixed,matching_value,-4
W0,3,1.5,1,HungarianMatcher+JohnsonDijkstraStrategy,-1,mixed,matching_size,2
W0,3,1.5,1,HungarianMatcher+JohnsonDijkstraStrategy,-1,mixed,wall_clock_ms,0.006402
W0,2,1.5,31,Oracle,-1,mixed,oracle_size,1
W0,2,1.5,31,Oracle,-1,mixed,oracle_value,0
W0,2,1.5,31,HungarianMatcher+BellmanFordStrategy,0,mixed,defect_at_iteration,1
W0,2,1.5,31,HungarianMatcher+BellmanFordStrategy,-1,mixed,augmentation_count,1
W0,2,1.5,31,HungarianMatcher+BellmanFordStrategy,-1,mixed,matching_value,0
W0,2,1.5,31,HungarianMatcher+BellmanFordStrategy,-1,mixed,matching_size,1
W0,2,1.5,31,HungarianMatcher+BellmanFordStrategy,-1,mixed,wall_clock_ms,0.003598
W0,2,1.5,31,HungarianMatcher+JohnsonDijkstraStrategy,0,mixed,edge_relaxations,2
W0,2,1.5,31,HungarianMatcher+JohnsonDijkstraStrategy,0,mixed,defect_at_iteration,1
W0,2,1.5,31,HungarianMatcher+JohnsonDijkstraStrategy,-1,mixed,augmentation_count,1
W0,2,1.5,31,HungarianMatcher+JohnsonDijkstraStrategy,-1,mixed,matching_value,0
W0,2,1.5,31,HungarianMatcher+JohnsonDijkstraStrategy,-1,mixed,matching_size,1
W0,2,1.5,31,HungarianMatcher+JohnsonDijkstraStrategy,-1,mixed,wall_clock_ms,0.003466
W0,4,1.5,74,Oracle,-1,mixed,oracle_size,4
W0,4,1.5,74,Oracle,-1,mixed,oracle_value,-33
W0,4,1.5,74,HungarianMatcher+BellmanFordStrategy,0,mixed,defect_at_iteration,3
W0,4,1.5,74,HungarianMatcher+BellmanFordStrategy,1,mixed,defect_at_iteration,2
W0,4,1.5,74,HungarianMatcher+BellmanFordStrategy,2,mixed,defect_at_iteration,1
W0,4,1.5,74,HungarianMatcher+BellmanFordStrategy,3,mixed,defect_at_iteration,0
W0,4,1.5,74,HungarianMatcher+BellmanFordStrategy,-1,mixed,augmentation_count,4
W0,4,1.5,74,HungarianMatcher+BellmanFordStrategy,-1,mixed,matching_value,-33
W0,4,1.5,74,HungarianMatcher+BellmanFordStrategy,-1,mixed,matching_size,4
W0,4,1.5,74,HungarianMatcher+BellmanFordStrategy,-1,mixed,wall_clock_ms,0.005869
W0,4,1.5,74,HungarianMatcher+JohnsonDijkstraStrategy,0,mixed,edge_relaxations,8
W0,4,1.5,74,HungarianMatcher+JohnsonDijkstraStrategy,0,mixed,defect_at_iteration,3
W0,4,1.5,74,HungarianMatcher+JohnsonDijkstraStrategy,1,mixed,edge_relaxations,8
W0,4,1.5,74,HungarianMatcher+JohnsonDijkstraStrategy,1,mixed,defect_at_iteration,2
W0,4,1.5,74,HungarianMatcher+JohnsonDijkstraStrategy,2,mixed,edge_relaxations,6
W0,4,1.5,74,HungarianMatcher+JohnsonDijkstraStrategy,2,mixed,defect_at_iteration,1
W0,4,1.5,74,HungarianMatcher+JohnsonDijkstraStrategy,3,mixed,edge_relaxations,4
W0,4,1.5,74,HungarianMatcher+JohnsonDijkstraStrategy,3,mixed,defect_at_iteration,0
W0,4,1.5,74,HungarianMatcher+JohnsonDijkstraStrategy,-1,mixed,augmentation_count,4
W0,4,1.5,74,HungarianMatcher+JohnsonDijkstraStrategy,-1,mixed,matching_value,-33
W0,4,1.5,74,HungarianMatcher+JohnsonDijkstraStrategy,-1,mixed,matching_size,4
W0,4,1.5,74,HungarianMatcher+JohnsonDijkstraStrategy,-1,mixed,wall_clock_ms,0.007422
W0,4,1.5,65,Oracle,-1,mixed,oracle_size,4
W0,4,1.5,65,Oracle,-1,mixed,oracle_value,-30
W0,4,1.5,65,HungarianMatcher+BellmanFordStrategy,0,mixed,defect_at_iteration,3
W0,4,1.5,65,HungarianMatcher+BellmanFordStrategy,1,mixed,defect_at_iteration,2
W0,4,1.5,65,HungarianMatcher+BellmanFordStrategy,2,mixed,defect_at_iteration,1
W0,4,1.5,65,HungarianMatcher+BellmanFordStrategy,3,mixed,defect_at_iteration,0
W0,4,1.5,65,HungarianMatcher+BellmanFordStrategy,-1,mixed,augmentation_count,4
W0,4,1.5,65,HungarianMatcher+BellmanFordStrategy,-1,mixed,matching_value,-30
W0,4,1.5,65,HungarianMatcher+BellmanFordStrategy,-1,mixed,matching_size,4
W0,4,1.5,65,HungarianMatcher+BellmanFordStrategy,-1,mixed,wall_clock_ms,0.007826
W0,4,1.5,65,HungarianMatcher+JohnsonDijkstraStrategy,0,mixed,edge_relaxations,8
W0,4,1.5,65,HungarianMatcher+JohnsonDijkstraStrategy,0,mixed,defect_at_iteration,3
W0,4,1.5,65,HungarianMatcher+JohnsonDijkstraStrategy,1,mixed,edge_relaxations,8
W0,4,1.5,65,HungarianMatcher+JohnsonDijkstraStrategy,1,mixed,defect_at_iteration,2
W0,4,1.5,65,HungarianMatcher+JohnsonDijkstraStrategy,2,mixed,edge_relaxations,8
W0,4,1.5,65,HungarianMatcher+JohnsonDijkstraStrategy,2,mixed,defect_at_iteration,1
W0,4,1.5,65,HungarianMatcher+JohnsonDijkstraStrategy,3,mixed,edge_relaxations,6
W0,4,1.5,65,HungarianMatcher+JohnsonDijkstraStrategy,3,mixed,defect_at_iteration,0
W0,4,1.5,65,HungarianMatcher+JohnsonDijkstraStrategy,-1,mixed,augmentation_count,4
W0,4,1.5,65,HungarianMatcher+JohnsonDijkstraStrategy,-1,mixed,matching_value,-30
W0,4,1.5,65,HungarianMatcher+JohnsonDijkstraStrategy,-1,mixed,matching_size,4
W0,4,1.5,65,HungarianMatcher+JohnsonDijkstraStrategy,-1,mixed,wall_clock_ms,0.009176
W0,4,1.5,64,Oracle,-1,mixed,oracle_size,4
W0,4,1.5,64,Oracle,-1,mixed,oracle_value,-41
W0,4,1.5,64,HungarianMatcher+BellmanFordStrategy,0,mixed,defect_at_iteration,3
W0,4,1.5,64,HungarianMatcher+BellmanFordStrategy,1,mixed,defect_at_iteration,2
W0,4,1.5,64,HungarianMatcher+BellmanFordStrategy,2,mixed,defect_at_iteration,1
W0,4,1.5,64,HungarianMatcher+BellmanFordStrategy,3,mixed,defect_at_iteration,0
W0,4,1.5,64,HungarianMatcher+BellmanFordStrategy,-1,mixed,augmentation_count,4
W0,4,1.5,64,HungarianMatcher+BellmanFordStrategy,-1,mixed,matching_value,-41
W0,4,1.5,64,HungarianMatcher+BellmanFordStrategy,-1,mixed,matching_size,4
W0,4,1.5,64,HungarianMatcher+BellmanFordStrategy,-1,mixed,wall_clock_ms,0.007873
W0,4,1.5,64,HungarianMatcher+JohnsonDijkstraStrategy,0,mixed,edge_relaxations,8
W0,4,1.5,64,HungarianMatcher+JohnsonDijkstraStrategy,0,mixed,defect_at_iteration,3
W0,4,1.5,64,HungarianMatcher+JohnsonDijkstraStrategy,1,mixed,edge_relaxations,8
W0,4,1.5,64,HungarianMatcher+JohnsonDijkstraStrategy,1,mixed,defect_at_iteration,2
W0,4,1.5,64,HungarianMatcher+JohnsonDijkstraStrategy,2,mixed,edge_relaxations,8
W0,4,1.5,64,HungarianMatcher+JohnsonDijkstraStrategy,2,mixed,defect_at_iteration,1
W0,4,1.5,64,HungarianMatcher+JohnsonDijkstraStrategy,3,mixed,edge_relaxations,6
W0,4,1.5,64,HungarianMatcher+JohnsonDijkstraStrategy,3,mixed,defect_at_iteration,0
W0,4,1.5,64,HungarianMatcher+JohnsonDijkstraStrategy,-1,mixed,augmentation_count,4
W0,4,1.5,64,HungarianMatcher+JohnsonDijkstraStrategy,-1,mixed,matching_value,-41
W0,4,1.5,64,HungarianMatcher+JohnsonDijkstraStrategy,-1,mixed,matching_size,4
W0,4,1.5,64,HungarianMatcher+JohnsonDijkstraStrategy,-1,mixed,wall_clock_ms,0.009394
W0,3,1.5,59,Oracle,-1,mixed,oracle_size,2
W0,3,1.5,59,Oracle,-1,mixed,oracle_value,-5
W0,3,1.5,59,HungarianMatcher+BellmanFordStrategy,0,mixed,defect_at_iteration,2
W0,3,1.5,59,HungarianMatcher+BellmanFordStrategy,1,mixed,defect_at_iteration,1
W0,3,1.5,59,HungarianMatcher+BellmanFordStrategy,-1,mixed,augmentation_count,2
W0,3,1.5,59,HungarianMatcher+BellmanFordStrategy,-1,mixed,matching_value,-5
W0,3,1.5,59,HungarianMatcher+BellmanFordStrategy,-1,mixed,matching_size,2
W0,3,1.5,59,HungarianMatcher+BellmanFordStrategy,-1,mixed,wall_clock_ms,0.00532
W0,3,1.5,59,HungarianMatcher+JohnsonDijkstraStrategy,0,mixed,edge_relaxations,5
W0,3,1.5,59,HungarianMatcher+JohnsonDijkstraStrategy,0,mixed,defect_at_iteration,2
W0,3,1.5,59,HungarianMatcher+JohnsonDijkstraStrategy,1,mixed,edge_relaxations,5
W0,3,1.5,59,HungarianMatcher+JohnsonDijkstraStrategy,1,mixed,defect_at_iteration,1
W0,3,1.5,59,HungarianMatcher+JohnsonDijkstraStrategy,-1,mixed,augmentation_count,2
W0,3,1.5,59,HungarianMatcher+JohnsonDijkstraStrategy,-1,mixed,matching_value,-5
W0,3,1.5,59,HungarianMatcher+JohnsonDijkstraStrategy,-1,mixed,matching_size,2
W0,3,1.5,59,HungarianMatcher+JohnsonDijkstraStrategy,-1,mixed,wall_clock_ms,0.005862
W0,2,1.5,37,Oracle,-1,mixed,oracle_size,1
W0,2,1.5,37,Oracle,-1,mixed,oracle_value,-2
W0,2,1.5,37,HungarianMatcher+BellmanFordStrategy,0,mixed,defect_at_iteration,1
W0,2,1.5,37,HungarianMatcher+BellmanFordStrategy,-1,mixed,augmentation_count,1
W0,2,1.5,37,HungarianMatcher+BellmanFordStrategy,-1,mixed,matching_value,-2
W0,2,1.5,37,HungarianMatcher+BellmanFordStrategy,-1,mixed,matching_size,1
W0,2,1.5,37,HungarianMatcher+BellmanFordStrategy,-1,mixed,wall_clock_ms,0.003686
W0,2,1.5,37,HungarianMatcher+JohnsonDijkstraStrategy,0,mixed,edge_relaxations,2
W0,2,1.5,37,HungarianMatcher+JohnsonDijkstraStrategy,0,mixed,defect_at_iteration,1
W0,2,1.5,37,HungarianMatcher+JohnsonDijkstraStrategy,-1,mixed,augmentation_count,1
W0,2,1.5,37,HungarianMatcher+JohnsonDijkstraStrategy,-1,mixed,matching_value,-2
W0,2,1.5,37,HungarianMatcher+JohnsonDijkstraStrategy,-1,mixed,matching_size,1
W0,2,1.5,37,HungarianMatcher+JohnsonDijkstraStrategy,-1,mixed,wall_clock_ms,0.00335
W0,2,1.5,67,Oracle,-1,mixed,oracle_size,1
W0,2,1.5,67,Oracle,-1,mixed,oracle_value,-2
W0,2,1.5,67,HungarianMatcher+BellmanFordStrategy,0,mixed,defect_at_iteration,1
W0,2,1.5,67,HungarianMatcher+BellmanFordStrategy,-1,mixed,augmentation_count,1
W0,2,1.5,67,HungarianMatcher+BellmanFordStrategy,-1,mixed,matching_value,-2
W0,2,1.5,67,HungarianMatcher+BellmanFordStrategy,-1,mixed,matching_size,1
W0,2,1.5,67,HungarianMatcher+BellmanFordStrategy,-1,mixed,wall_clock_ms,0.004259
W0,2,1.5,67,HungarianMatcher+JohnsonDijkstraStrategy,0,mixed,edge_relaxations,2
W0,2,1.5,67,HungarianMatcher+JohnsonDijkstraStrategy,0,mixed,defect_at_iteration,1
W0,2,1.5,67,HungarianMatcher+JohnsonDijkstraStrategy,-1,mixed,augmentation_count,1
W0,2,1.5,67,HungarianMatcher+JohnsonDijkstraStrategy,-1,mixed,matching_value,-2
W0,2,1.5,67,HungarianMatcher+JohnsonDijkstraStrategy,-1,mixed,matching_size,1
W0,2,1.5,67,HungarianMatcher+JohnsonDijkstraStrategy,-1,mixed,wall_clock_ms,0.004055
W0,4,1.5,48,Oracle,-1,mixed,oracle_size,3
W0,4,1.5,48,Oracle,-1,mixed,oracle_value,-18
W0,4,1.5,48,HungarianMatcher+BellmanFordStrategy,0,mixed,defect_at_iteration,3
W0,4,1.5,48,HungarianMatcher+BellmanFordStrategy,1,mixed,defect_at_iteration,2
W0,4,1.5,48,HungarianMatcher+BellmanFordStrategy,2,mixed,defect_at_iteration,1
W0,4,1.5,48,HungarianMatcher+BellmanFordStrategy,-1,mixed,augmentation_count,3
W0,4,1.5,48,HungarianMatcher+BellmanFordStrategy,-1,mixed,matching_value,-18
W0,4,1.5,48,HungarianMatcher+BellmanFordStrategy,-1,mixed,matching_size,3
W0,4,1.5,48,HungarianMatcher+BellmanFordStrategy,-1,mixed,wall_clock_ms,0.007074
W0,4,1.5,48,HungarianMatcher+JohnsonDijkstraStrategy,0,mixed,edge_relaxations,8
W0,4,1.5,48,HungarianMatcher+JohnsonDijkstraStrategy,0,mixed,defect_at_iteration,3
W0,4,1.5,48,HungarianMatcher+JohnsonDijkstraStrategy,1,mixed,edge_relaxations,8
W0,4,1.5,48,HungarianMatcher+JohnsonDijkstraStrategy,1,mixed,defect_at_iteration,2
W0,4,1.5,48,HungarianMatcher+JohnsonDijkstraStrategy,2,mixed,edge_relaxations,8
W0,4,1.5,48,HungarianMatcher+JohnsonDijkstraStrategy,2,mixed,defect_at_iteration,1
W0,4,1.5,48,HungarianMatcher+JohnsonDijkstraStrategy,-1,mixed,augmentation_count,3
W0,4,1.5,48,HungarianMatcher+JohnsonDijkstraStrategy,-1,mixed,matching_value,-18
W0,4,1.5,48,HungarianMatcher+JohnsonDijkstraStrategy,-1,mixed,matching_size,3
W0,4,1.5,48,HungarianMatcher+JohnsonDijkstraStrategy,-1,mixed,wall_clock_ms,0.008019
W0,4,1.5,5,Oracle,-1,mixed,oracle_size,3
W0,4,1.5,5,Oracle,-1,mixed,oracle_value,-12
W0,4,1.5,5,HungarianMatcher+BellmanFordStrategy,0,mixed,defect_at_iteration,3
W0,4,1.5,5,HungarianMatcher+BellmanFordStrategy,1,mixed,defect_at_iteration,2
W0,4,1.5,5,HungarianMatcher+BellmanFordStrategy,2,mixed,defect_at_iteration,1
W0,4,1.5,5,HungarianMatcher+BellmanFordStrategy,-1,mixed,augmentation_count,3
W0,4,1.5,5,HungarianMatcher+BellmanFordStrategy,-1,mixed,matching_value,-12
W0,4,1.5,5,HungarianMatcher+BellmanFordStrategy,-1,mixed,matching_size,3
W0,4,1.5,5,HungarianMatcher+BellmanFordStrategy,-1,mixed,wall_clock_ms,0.005392
W0,4,1.5,5,HungarianMatcher+JohnsonDijkstraStrategy,0,mixed,edge_relaxations,8
W0,4,1.5,5,HungarianMatcher+JohnsonDijkstraStrategy,0,mixed,defect_at_iteration,3
W0,4,1.5,5,HungarianMatcher+JohnsonDijkstraStrategy,1,mixed,edge_relaxations,8
W0,4,1.5,5,HungarianMatcher+JohnsonDijkstraStrategy,1,mixed,defect_at_iteration,2
W0,4,1.5,5,HungarianMatcher+JohnsonDijkstraStrategy,2,mixed,edge_relaxations,2
W0,4,1.5,5,HungarianMatcher+JohnsonDijkstraStrategy,2,mixed,defect_at_iteration,1
W0,4,1.5,5,HungarianMatcher+JohnsonDijkstraStrategy,-1,mixed,augmentation_count,3
W0,4,1.5,5,HungarianMatcher+JohnsonDijkstraStrategy,-1,mixed,matching_value,-12
W0,4,1.5,5,HungarianMatcher+JohnsonDijkstraStrategy,-1,mixed,matching_size,3
W0,4,1.5,5,HungarianMatcher+JohnsonDijkstraStrategy,-1,mixed,wall_clock_ms,0.006461
W0,4,1.5,62,Oracle,-1,mixed,oracle_size,4
W0,4,1.5,62,Oracle,-1,mixed,oracle_value,-46
W0,4,1.5,62,HungarianMatcher+BellmanFordStrategy,0,mixed,defect_at_iteration,3
W0,4,1.5,62,HungarianMatcher+BellmanFordStrategy,1,mixed,defect_at_iteration,2
W0,4,1.5,62,HungarianMatcher+BellmanFordStrategy,2,mixed,defect_at_iteration,1
W0,4,1.5,62,HungarianMatcher+BellmanFordStrategy,3,mixed,defect_at_iteration,0
W0,4,1.5,62,HungarianMatcher+BellmanFordStrategy,-1,mixed,augmentation_count,4
W0,4,1.5,62,HungarianMatcher+BellmanFordStrategy,-1,mixed,matching_value,-46
W0,4,1.5,62,HungarianMatcher+BellmanFordStrategy,-1,mixed,matching_size,4
W0,4,1.5,62,HungarianMatcher+BellmanFordStrategy,-1,mixed,wall_clock_ms,0.008265
W0,4,1.5,62,HungarianMatcher+JohnsonDijkstraStrategy,0,mixed,edge_relaxations,8
W0,4,1.5,62,HungarianMatcher+JohnsonDijkstraStrategy,0,mixed,defect_at_iteration,3
W0,4,1.5,62,HungarianMatcher+JohnsonDijkstraStrategy,1,mixed,edge_relaxations,6
W0,4,1.5,62,HungarianMatcher+JohnsonDijkstraStrategy,1,mixed,defect_at_iteration,2
W0,4,1.5,62,HungarianMatcher+JohnsonDijkstraStrategy,2,mixed,edge_relaxations,6
W0,4,1.5,62,HungarianMatcher+JohnsonDijkstraStrategy,2,mixed,defect_at_iteration,1
W0,4,1.5,62,HungarianMatcher+JohnsonDijkstraStrategy,3,mixed,edge_relaxations,6
W0,4,1.5,62,HungarianMatcher+JohnsonDijkstraStrategy,3,mixed,defect_at_iteration,0
W0,4,1.5,62,HungarianMatcher+JohnsonDijkstraStrategy,-1,mixed,augmentation_count,4
W0,4,1.5,62,HungarianMatcher+JohnsonDijkstraStrategy,-1,mixed,matching_value,-46
W0,4,1.5,62,HungarianMatcher+JohnsonDijkstraStrategy,-1,mixed,matching_size,4
W0,4,1.5,62,HungarianMatcher+JohnsonDijkstraStrategy,-1,mixed,wall_clock_ms,0.008964
W0,4,1.5,49,Oracle,-1,mixed,oracle_size,4
W0,4,1.5,49,Oracle,-1,mixed,oracle_value,-36
W0,4,1.5,49,HungarianMatcher+BellmanFordStrategy,0,mixed,defect_at_iteration,3
W0,4,1.5,49,HungarianMatcher+BellmanFordStrategy,1,mixed,defect_at_iteration,2
W0,4,1.5,49,HungarianMatcher+BellmanFordStrategy,2,mixed,defect_at_iteration,1
W0,4,1.5,49,HungarianMatcher+BellmanFordStrategy,3,mixed,defect_at_iteration,0
W0,4,1.5,49,HungarianMatcher+BellmanFordStrategy,-1,mixed,augmentation_count,4
W0,4,1.5,49,HungarianMatcher+BellmanFordStrategy,-1,mixed,matching_value,-36
W0,4,1.5,49,HungarianMatcher+BellmanFordStrategy,-1,mixed,matching_size,4
W0,4,1.5,49,HungarianMatcher+BellmanFordStrategy,-1,mixed,wall_clock_ms,0.006529
W0,4,1.5,49,HungarianMatcher+JohnsonDijkstraStrategy,0,mixed,edge_relaxations,8
W0,4,1.5,49,HungarianMatcher+JohnsonDijkstraStrategy,0,mixed,defect_at_iteration,3
W0,4,1.5,49,HungarianMatcher+JohnsonDijkstraStrategy,1,mixed,edge_relaxations,8
W0,4,1.5,49,HungarianMatcher+JohnsonDijkstraStrategy,1,mixed,defect_at_iteration,2
W0,4,1.5,49,HungarianMatcher+JohnsonDijkstraStrategy,2,mixed,edge_relaxations,8
W0,4,1.5,49,HungarianMatcher+JohnsonDijkstraStrategy,2,mixed,defect_at_iteration,1
W0,4,1.5,49,HungarianMatcher+JohnsonDijkstraStrategy,3,mixed,edge_relaxations,8
W0,4,1.5,49,HungarianMatcher+JohnsonDijkstraStrategy,3,mixed,defect_at_iteration,0
W0,4,1.5,49,HungarianMatcher+JohnsonDijkstraStrategy,-1,mixed,augmentation_count,4
W0,4,1.5,49,HungarianMatcher+JohnsonDijkstraStrategy,-1,mixed,matching_value,-36
W0,4,1.5,49,HungarianMatcher+JohnsonDijkstraStrategy,-1,mixed,matching_size,4
W0,4,1.5,49,HungarianMatcher+JohnsonDijkstraStrategy,-1,mixed,wall_clock_ms,0.007913
W0,3,1.5,88,Oracle,-1,mixed,oracle_size,2
W0,3,1.5,88,Oracle,-1,mixed,oracle_value,-8
W0,3,1.5,88,HungarianMatcher+BellmanFordStrategy,0,mixed,defect_at_iteration,2
W0,3,1.5,88,HungarianMatcher+BellmanFordStrategy,1,mixed,defect_at_iteration,1
W0,3,1.5,88,HungarianMatcher+BellmanFordStrategy,-1,mixed,augmentation_count,2
W0,3,1.5,88,HungarianMatcher+BellmanFordStrategy,-1,mixed,matching_value,-8
W0,3,1.5,88,HungarianMatcher+BellmanFordStrategy,-1,mixed,matching_size,2
W0,3,1.5,88,HungarianMatcher+BellmanFordStrategy,-1,mixed,wall_clock_ms,0.004076
W0,3,1.5,88,HungarianMatcher+JohnsonDijkstraStrategy,0,mixed,edge_relaxations,5
W0,3,1.5,88,HungarianMatcher+JohnsonDijkstraStrategy,0,mixed,defect_at_iteration,2
W0,3,1.5,88,HungarianMatcher+JohnsonDijkstraStrategy,1,mixed,edge_relaxations,5
W0,3,1.5,88,HungarianMatcher+JohnsonDijkstraStrategy,1,mixed,defect_at_iteration,1
W0,3,1.5,88,HungarianMatcher+JohnsonDijkstraStrategy,-1,mixed,augmentation_count,2
W0,3,1.5,88,HungarianMatcher+JohnsonDijkstraStrategy,-1,mixed,matching_value,-8
W0,3,1.5,88,HungarianMatcher+JohnsonDijkstraStrategy,-1,mixed,matching_size,2
W0,3,1.5,88,HungarianMatcher+JohnsonDijkstraStrategy,-1,mixed,wall_clock_ms,0.00513
W0,2,1.5,30,Oracle,-1,mixed,oracle_size,2
W0,2,1.5,30,Oracle,-1,mixed,oracle_value,-5
W0,2,1.5,30,HungarianMatcher+BellmanFordStrategy,0,mixed,defect_at_iteration,1
W0,2,1.5,30,HungarianMatcher+BellmanFordStrategy,1,mixed,defect_at_iteration,0
W0,2,1.5,30,HungarianMatcher+BellmanFordStrategy,-1,mixed,augmentation_count,2
W0,2,1.5,30,HungarianMatcher+BellmanFordStrategy,-1,mixed,matching_value,-5
W0,2,1.5,30,HungarianMatcher+BellmanFordStrategy,-1,mixed,matching_size,2
W0,2,1.5,30,HungarianMatcher+BellmanFordStrategy,-1,mixed,wall_clock_ms,0.005226
W0,2,1.5,30,HungarianMatcher+JohnsonDijkstraStrategy,0,mixed,edge_relaxations,2
W0,2,1.5,30,HungarianMatcher+JohnsonDijkstraStrategy,0,mixed,defect_at_iteration,1
W0,2,1.5,30,HungarianMatcher+JohnsonDijkstraStrategy,1,mixed,edge_relaxations,1
W0,2,1.5,30,HungarianMatcher+JohnsonDijkstraStrategy,1,mixed,defect_at_iteration,0
W0,2,1.5,30,HungarianMatcher+JohnsonDijkstraStrategy,-1,mixed,augmentation_count,2
W0,2,1.5,30,HungarianMatcher+JohnsonDijkstraStrategy,-1,mixed,matching_value,-5
W0,2,1.5,30,HungarianMatcher+JohnsonDijkstraStrategy,-1,mixed,matching_size,2
W0,2,1.5,30,HungarianMatcher+JohnsonDijkstraStrategy,-1,mixed,wall_clock_ms,0.004973
W0,4,1.5,96,Oracle,-1,mixed,oracle_size,4
W0,4,1.5,96,Oracle,-1,mixed,oracle_value,-46
W0,4,1.5,96,HungarianMatcher+BellmanFordStrategy,0,mixed,defect_at_iteration,3
W0,4,1.5,96,HungarianMatcher+BellmanFordStrategy,1,mixed,defect_at_iteration,2
W0,4,1.5,96,HungarianMatcher+BellmanFordStrategy,2,mixed,defect_at_iteration,1
W0,4,1.5,96,HungarianMatcher+BellmanFordStrategy,3,mixed,defect_at_iteration,0
W0,4,1.5,96,HungarianMatcher+BellmanFordStrategy,-1,mixed,augmentation_count,4
W0,4,1.5,96,HungarianMatcher+BellmanFordStrategy,-1,mixed,matching_value,-46
W0,4,1.5,96,HungarianMatcher+BellmanFordStrategy,-1,mixed,matching_size,4
W0,4,1.5,96,HungarianMatcher+BellmanFordStrategy,-1,mixed,wall_clock_ms,0.008683
W0,4,1.5,96,HungarianMatcher+JohnsonDijkstraStrategy,0,mixed,edge_relaxations,8
W0,4,1.5,96,HungarianMatcher+JohnsonDijkstraStrategy,0,mixed,defect_at_iteration,3
W0,4,1.5,96,HungarianMatcher+JohnsonDijkstraStrategy,1,mixed,edge_relaxations,8
W0,4,1.5,96,HungarianMatcher+JohnsonDijkstraStrategy,1,mixed,defect_at_iteration,2
W0,4,1.5,96,HungarianMatcher+JohnsonDijkstraStrategy,2,mixed,edge_relaxations,8
W0,4,1.5,96,HungarianMatcher+JohnsonDijkstraStrategy,2,mixed,defect_at_iteration,1
W0,4,1.5,96,HungarianMatcher+JohnsonDijkstraStrategy,3,mixed,edge_relaxations,8
W0,4,1.5,96,HungarianMatcher+JohnsonDijkstraStrategy,3,mixed,defect_at_iteration,0
W0,4,1.5,96,HungarianMatcher+JohnsonDijkstraStrategy,-1,mixed,augmentation_count,4
W0,4,1.5,96,HungarianMatcher+JohnsonDijkstraStrategy,-1,mixed,matching_value,-46
W0,4,1.5,96,HungarianMatcher+JohnsonDijkstraStrategy,-1,mixed,matching_size,4
W0,4,1.5,96,HungarianMatcher+JohnsonDijkstraStrategy,-1,mixed,wall_clock_ms,0.009364
W0,2,1.5,29,Oracle,-1,mixed,oracle_size,2
W0,2,1.5,29,Oracle,-1,mixed,oracle_value,-4
W0,2,1.5,29,HungarianMatcher+BellmanFordStrategy,0,mixed,defect_at_iteration,1
W0,2,1.5,29,HungarianMatcher+BellmanFordStrategy,1,mixed,defect_at_iteration,0
W0,2,1.5,29,HungarianMatcher+BellmanFordStrategy,-1,mixed,augmentation_count,2
W0,2,1.5,29,HungarianMatcher+BellmanFordStrategy,-1,mixed,matching_value,-4
W0,2,1.5,29,HungarianMatcher+BellmanFordStrategy,-1,mixed,matching_size,2
W0,2,1.5,29,HungarianMatcher+BellmanFordStrategy,-1,mixed,wall_clock_ms,0.005069
W0,2,1.5,29,HungarianMatcher+JohnsonDijkstraStrategy,0,mixed,edge_relaxations,2
W0,2,1.5,29,HungarianMatcher+JohnsonDijkstraStrategy,0,mixed,defect_at_iteration,1
W0,2,1.5,29,HungarianMatcher+JohnsonDijkstraStrategy,1,mixed,edge_relaxations,1
W0,2,1.5,29,HungarianMatcher+JohnsonDijkstraStrategy,1,mixed,defect_at_iteration,0
W0,2,1.5,29,HungarianMatcher+JohnsonDijkstraStrategy,-1,mixed,augmentation_count,2
W0,2,1.5,29,HungarianMatcher+JohnsonDijkstraStrategy,-1,mixed,matching_value,-4
W0,2,1.5,29,HungarianMatcher+JohnsonDijkstraStrategy,-1,mixed,matching_size,2
W0,2,1.5,29,HungarianMatcher+JohnsonDijkstraStrategy,-1,mixed,wall_clock_ms,0.005185
W0,2,1.5,2,Oracle,-1,mixed,oracle_size,1
W0,2,1.5,2,Oracle,-1,mixed,oracle_value,0
W0,2,1.5,2,HungarianMatcher+BellmanFordStrategy,0,mixed,defect_at_iteration,1
W0,2,1.5,2,HungarianMatcher+BellmanFordStrategy,-1,mixed,augmentation_count,1
W0,2,1.5,2,HungarianMatcher+BellmanFordStrategy,-1,mixed,matching_value,0
W0,2,1.5,2,HungarianMatcher+BellmanFordStrategy,-1,mixed,matching_size,1
W0,2,1.5,2,HungarianMatcher+BellmanFordStrategy,-1,mixed,wall_clock_ms,0.004716
W0,2,1.5,2,HungarianMatcher+JohnsonDijkstraStrategy,0,mixed,edge_relaxations,2
W0,2,1.5,2,HungarianMatcher+JohnsonDijkstraStrategy,0,mixed,defect_at_iteration,1
W0,2,1.5,2,HungarianMatcher+JohnsonDijkstraStrategy,-1,mixed,augmentation_count,1
W0,2,1.5,2,HungarianMatcher+JohnsonDijkstraStrategy,-1,mixed,matching_value,0
W0,2,1.5,2,HungarianMatcher+JohnsonDijkstraStrategy,-1,mixed,matching_size,1
W0,2,1.5,2,HungarianMatcher+JohnsonDijkstraStrategy,-1,mixed,wall_clock_ms,0.004553
W0,2,1.5,75,Oracle,-1,mixed,oracle_size,1
W0,2,1.5,75,Oracle,-1,mixed,oracle_value,-1
W0,2,1.5,75,HungarianMatcher+BellmanFordStrategy,0,mixed,defect_at_iteration,1
W0,2,1.5,75,HungarianMatcher+BellmanFordStrategy,-1,mixed,augmentation_count,1
W0,2,1.5,75,HungarianMatcher+BellmanFordStrategy,-1,mixed,matching_value,-1
W0,2,1.5,75,HungarianMatcher+BellmanFordStrategy,-1,mixed,matching_size,1
W0,2,1.5,75,HungarianMatcher+BellmanFordStrategy,-1,mixed,wall_clock_ms,0.003381
W0,2,1.5,75,HungarianMatcher+JohnsonDijkstraStrategy,0,mixed,edge_relaxations,2
W0,2,1.5,75,HungarianMatcher+JohnsonDijkstraStrategy,0,mixed,defect_at_iteration,1
W0,2,1.5,75,HungarianMatcher+JohnsonDijkstraStrategy,-1,mixed,augmentation_count,1
W0,2,1.5,75,HungarianMatcher+JohnsonDijkstraStrategy,-1,mixed,matching_value,-1
W0,2,1.5,75,HungarianMatcher+JohnsonDijkstraStrategy,-1,mixed,matching_size,1
W0,2,1.5,75,HungarianMatcher+JohnsonDijkstraStrategy,-1,mixed,wall_clock_ms,0.003412
W0,4,1.5,37,Oracle,-1,mixed,oracle_size,4
W0,4,1.5,37,Oracle,-1,mixed,oracle_value,-32
W0,4,1.5,37,HungarianMatcher+BellmanFordStrategy,0,mixed,defect_at_iteration,3
W0,4,1.5,37,HungarianMatcher+BellmanFordStrategy,1,mixed,defect_at_iteration,2
W0,4,1.5,37,HungarianMatcher+BellmanFordStrategy,2,mixed,defect_at_iteration,1
W0,4,1.5,37,HungarianMatcher+BellmanFordStrategy,3,mixed,defect_at_iteration,0
W0,4,1.5,37,HungarianMatcher+BellmanFordStrategy,-1,mixed,augmentation_count,4
W0,4,1.5,37,HungarianMatcher+BellmanFordStrategy,-1,mixed,matching_value,-32
W0,4,1.5,37,HungarianMatcher+BellmanFordStrategy,-1,mixed,matching_size,4
W0,4,1.5,37,HungarianMatcher+BellmanFordStrategy,-1,mixed,wall_clock_ms,0.00831
W0,4,1.5,37,HungarianMatcher+JohnsonDijkstraStrategy,0,mixed,edge_relaxations,8
W0,4,1.5,37,HungarianMatcher+JohnsonDijkstraStrategy,0,mixed,defect_at_iteration,3
W0,4,1.5,37,HungarianMatcher+JohnsonDijkstraStrategy,1,mixed,edge_relaxations,8
W0,4,1.5,37,HungarianMatcher+JohnsonDijkstraStrategy,1,mixed,defect_at_iteration,2
W0,4,1.5,37,HungarianMatcher+JohnsonDijkstraStrategy,2,mixed,edge_relaxations,8
W0,4,1.5,37,HungarianMatcher+JohnsonDijkstraStrategy,2,mixed,defect_at_iteration,1
W0,4,1.5,37,HungarianMatcher+JohnsonDijkstraStrategy,3,mixed,edge_relaxations,8
W0,4,1.5,37,HungarianMatcher+JohnsonDijkstraStrategy,3,mixed,defect_at_iteration,0
W0,4,1.5,37,HungarianMatcher+JohnsonDijkstraStrategy,-1,mixed,augmentation_count,4
W0,4,1.5,37,HungarianMatcher+JohnsonDijkstraStrategy,-1,mixed,matching_value,-32
W0,4,1.5,37,HungarianMatcher+JohnsonDijkstraStrategy,-1,mixed,matching_size,4
W0,4,1.5,37,HungarianMatcher+JohnsonDijkstraStrategy,-1,mixed,wall_clock_ms,0.009946
W0,4,1.5,30,Oracle,-1,mixed,oracle_size,4
W0,4,1.5,30,Oracle,-1,mixed,oracle_value,-41
W0,4,1.5,30,HungarianMatcher+BellmanFordStrategy,0,mixed,defect_at_iteration,3
W0,4,1.5,30,HungarianMatcher+BellmanFordStrategy,1,mixed,defect_at_iteration,2
W0,4,1.5,30,HungarianMatcher+BellmanFordStrategy,2,mixed,defect_at_iteration,1
W0,4,1.5,30,HungarianMatcher+BellmanFordStrategy,3,mixed,defect_at_iteration,0
W0,4,1.5,30,HungarianMatcher+BellmanFordStrategy,-1,mixed,augmentation_count,4
W0,4,1.5,30,HungarianMatcher+BellmanFordStrategy,-1,mixed,matching_value,-41
W0,4,1.5,30,HungarianMatcher+BellmanFordStrategy,-1,mixed,matching_size,4
W0,4,1.5,30,HungarianMatcher+BellmanFordStrategy,-1,mixed,wall_clock_ms,0.008043
W0,4,1.5,30,HungarianMatcher+JohnsonDijkstraStrategy,0,mixed,edge_relaxations,8
W0,4,1.5,30,HungarianMatcher+JohnsonDijkstraStrategy,0,mixed,defect_at_iteration,3
W0,4,1.5,30,HungarianMatcher+JohnsonDijkstraStrategy,1,mixed,edge_relaxations,8
W0,4,1.5,30,HungarianMatcher+JohnsonDijkstraStrategy,1,mixed,defect_at_iteration,2
W0,4,1.5,30,HungarianMatcher+JohnsonDijkstraStrategy,2,mixed,edge_relaxations,3
W0,4,1.5,30,HungarianMatcher+JohnsonDijkstraStrategy,2,mixed,defect_at_iteration,1
W0,4,1.5,30,HungarianMatcher+JohnsonDijkstraStrategy,3,mixed,edge_relaxations,3
W0,4,1.5,30,HungarianMatcher+JohnsonDijkstraStrategy,3,mixed,defect_at_iteration,0
W0,4,1.5,30,HungarianMatcher+JohnsonDijkstraStrategy,-1,mixed,augmentation_count,4
W0,4,1.5,30,HungarianMatcher+JohnsonDijkstraStrategy,-1,mixed,matching_value,-41
W0,4,1.5,30,HungarianMatcher+JohnsonDijkstraStrategy,-1,mixed,matching_size,4
W0,4,1.5,30,HungarianMatcher+JohnsonDijkstraStrategy,-1,mixed,wall_clock_ms,0.008943
W0,4,1.5,20,Oracle,-1,mixed,oracle_size,4
W0,4,1.5,20,Oracle,-1,mixed,oracle_value,-32
W0,4,1.5,20,HungarianMatcher+BellmanFordStrategy,0,mixed,defect_at_iteration,3
W0,4,1.5,20,HungarianMatcher+BellmanFordStrategy,1,mixed,defect_at_iteration,2
W0,4,1.5,20,HungarianMatcher+BellmanFordStrategy,2,mixed,defect_at_iteration,1
W0,4,1.5,20,HungarianMatcher+BellmanFordStrategy,3,mixed,defect_at_iteration,0
W0,4,1.5,20,HungarianMatcher+BellmanFordStrategy,-1,mixed,augmentation_count,4
W0,4,1.5,20,HungarianMatcher+BellmanFordStrategy,-1,mixed,matching_value,-32
W0,4,1.5,20,HungarianMatcher+BellmanFordStrategy,-1,mixed,matching_size,4
W0,4,1.5,20,HungarianMatcher+BellmanFordStrategy,-1,mixed,wall_clock_ms,0.007801
W0,4,1.5,20,HungarianMatcher+JohnsonDijkstraStrategy,0,mixed,edge_relaxations,8
W0,4,1.5,20,HungarianMatcher+JohnsonDijkstraStrategy,0,mixed,defect_at_iteration,3
W0,4,1.5,20,HungarianMatcher+JohnsonDijkstraStrategy,1,mixed,edge_relaxations,8
W0,4,1.5,20,HungarianMatcher+JohnsonDijkstraStrategy,1,mixed,defect_at_iteration,2
W0,4,1.5,20,HungarianMatcher+JohnsonDijkstraStrategy,2,mixed,edge_relaxations,8
W0,4,1.5,20,HungarianMatcher+JohnsonDijkstraStrategy,2,mixed,defect_at_iteration,1
W0,4,1.5,20,HungarianMatcher+JohnsonDijkstraStrategy,3,mixed,edge_relaxations,8
W0,4,1.5,20,HungarianMatcher+JohnsonDijkstraStrategy,3,mixed,defect_at_iteration,0
W0,4,1.5,20,HungarianMatcher+JohnsonDijkstraStrategy,-1,mixed,augmentation_count,4
W0,4,1.5,20,HungarianMatcher+JohnsonDijkstraStrategy,-1,mixed,matching_value,-32
W0,4,1.5,20,HungarianMatcher+JohnsonDijkstraStrategy,-1,mixed,matching_size,4
W0,4,1.5,20,HungarianMatcher+JohnsonDijkstraStrategy,-1,mixed,wall_clock_ms,0.009621
W0,2,1.5,81,Oracle,-1,mixed,oracle_size,2
W0,2,1.5,81,Oracle,-1,mixed,oracle_value,-1
W0,2,1.5,81,HungarianMatcher+BellmanFordStrategy,0,mixed,defect_at_iteration,1
W0,2,1.5,81,HungarianMatcher+BellmanFordStrategy,1,mixed,defect_at_iteration,0
W0,2,1.5,81,HungarianMatcher+BellmanFordStrategy,-1,mixed,augmentation_count,2
W0,2,1.5,81,HungarianMatcher+BellmanFordStrategy,-1,mixed,matching_value,-1
W0,2,1.5,81,HungarianMatcher+BellmanFordStrategy,-1,mixed,matching_size,2
W0,2,1.5,81,HungarianMatcher+BellmanFordStrategy,-1,mixed,wall_clock_ms,0.004981
W0,2,1.5,81,HungarianMatcher+JohnsonDijkstraStrategy,0,mixed,edge_relaxations,2
W0,2,1.5,81,HungarianMatcher+JohnsonDijkstraStrategy,0,mixed,defect_at_iteration,1
W0,2,1.5,81,HungarianMatcher+JohnsonDijkstraStrategy,1,mixed,edge_relaxations,1
W0,2,1.5,81,HungarianMatcher+JohnsonDijkstraStrategy,1,mixed,defect_at_iteration,0
W0,2,1.5,81,HungarianMatcher+JohnsonDijkstraStrategy,-1,mixed,augmentation_count,2
W0,2,1.5,81,HungarianMatcher+JohnsonDijkstraStrategy,-1,mixed,matching_value,-1
W0,2,1.5,81,HungarianMatcher+JohnsonDijkstraStrategy,-1,mixed,matching_size,2
W0,2,1.5,81,HungarianMatcher+JohnsonDijkstraStrategy,-1,mixed,wall_clock_ms,0.004879
W0,2,1.5,34,Oracle,-1,mixed,oracle_size,1
W0,2,1.5,34,Oracle,-1,mixed,oracle_value,0
W0,2,1.5,34,HungarianMatcher+BellmanFordStrategy,0,mixed,defect_at_iteration,1
W0,2,1.5,34,HungarianMatcher+BellmanFordStrategy,-1,mixed,augmentation_count,1
W0,2,1.5,34,HungarianMatcher+BellmanFordStrategy,-1,mixed,matching_value,0
W0,2,1.5,34,HungarianMatcher+BellmanFordStrategy,-1,mixed,matching_size,1
W0,2,1.5,34,HungarianMatcher+BellmanFordStrategy,-1,mixed,wall_clock_ms,0.004505
W0,2,1.5,34,HungarianMatcher+JohnsonDijkstraStrategy,0,mixed,edge_relaxations,2
W0,2,1.5,34,HungarianMatcher+JohnsonDijkstraStrategy,0,mixed,defect_at_iteration,1
W0,2,1.5,34,HungarianMatcher+JohnsonDijkstraStrategy,-1,mixed,augmentation_count,1
W0,2,1.5,34,HungarianMatcher+JohnsonDijkstraStrategy,-1,mixed,matching_value,0
W0,2,1.5,34,HungarianMatcher+JohnsonDijkstraStrategy,-1,mixed,matching_size,1
W0,2,1.5,34,HungarianMatcher+JohnsonDijkstraStrategy,-1,mixed,wall_clock_ms,0.004051
W0,4,1.5,22,Oracle,-1,mixed,oracle_size,3
W0,4,1.5,22,Oracle,-1,mixed,oracle_value,-26
W0,4,1.5,22,HungarianMatcher+BellmanFordStrategy,0,mixed,defect_at_iteration,3
W0,4,1.5,22,HungarianMatcher+BellmanFordStrategy,1,mixed,defect_at_iteration,2
W0,4,1.5,22,HungarianMatcher+BellmanFordStrategy,2,mixed,defect_at_iteration,1
W0,4,1.5,22,HungarianMatcher+BellmanFordStrategy,-1,mixed,augmentation_count,3
W0,4,1.5,22,HungarianMatcher+BellmanFordStrategy,-1,mixed,matching_value,-26
W0,4,1.5,22,HungarianMatcher+BellmanFordStrategy,-1,mixed,matching_size,3
W0,4,1.5,22,HungarianMatcher+BellmanFordStrategy,-1,mixed,wall_clock_ms,0.005722
W0,4,1.5,22,HungarianMatcher+JohnsonDijkstraStrategy,0,mixed,edge_relaxations,8
W0,4,1.5,22,HungarianMatcher+JohnsonDijkstraStrategy,0,mixed,defect_at_iteration,3
W0,4,1.5,22,HungarianMatcher+JohnsonDijkstraStrategy,1,mixed,edge_relaxations,8
W0,4,1.5,22,HungarianMatcher+JohnsonDijkstraStrategy,1,mixed,defect_at_iteration,2
W0,4,1.5,22,HungarianMatcher+JohnsonDijkstraStrategy,2,mixed,edge_relaxations,8
W0,4,1.5,22,HungarianMatcher+JohnsonDijkstraStrategy,2,mixed,defect_at_iteration,1
W0,4,1.5,22,HungarianMatcher+JohnsonDijkstraStrategy,-1,mixed,augmentation_count,3
W0,4,1.5,22,HungarianMatcher+JohnsonDijkstraStrategy,-1,mixed,matching_value,-26
W0,4,1.5,22,HungarianMatcher+JohnsonDijkstraStrategy,-1,mixed,matching_size,3
W0,4,1.5,22,HungarianMatcher+JohnsonDijkstraStrategy,-1,mixed,wall_clock_ms,0.007152
W0,2,1.5,39,Oracle,-1,mixed,oracle_size,1
W0,2,1.5,39,Oracle,-1,mixed,oracle_value,0
W0,2,1.5,39,HungarianMatcher+BellmanFordStrategy,0,mixed,defect_at_iteration,1
W0,2,1.5,39,HungarianMatcher+BellmanFordStrategy,-1,mixed,augmentation_count,1
W0,2,1.5,39,HungarianMatcher+BellmanFordStrategy,-1,mixed,matching_value,0
W0,2,1.5,39,HungarianMatcher+BellmanFordStrategy,-1,mixed,matching_size,1
W0,2,1.5,39,HungarianMatcher+BellmanFordStrategy,-1,mixed,wall_clock_ms,0.004352
W0,2,1.5,39,HungarianMatcher+JohnsonDijkstraStrategy,0,mixed,edge_relaxations,2
W0,2,1.5,39,HungarianMatcher+JohnsonDijkstraStrategy,0,mixed,defect_at_iteration,1
W0,2,1.5,39,HungarianMatcher+JohnsonDijkstraStrategy,-1,mixed,augmentation_count,1
W0,2,1.5,39,HungarianMatcher+JohnsonDijkstraStrategy,-1,mixed,matching_value,0
W0,2,1.5,39,HungarianMatcher+JohnsonDijkstraStrategy,-1,mixed,matching_size,1
W0,2,1.5,39,HungarianMatcher+JohnsonDijkstraStrategy,-1,mixed,wall_clock_ms,0.003915
W0,4,1.5,84,Oracle,-1,mixed,oracle_size,4
W0,4,1.5,84,Oracle,-1,mixed,oracle_value,-42
W0,4,1.5,84,HungarianMatcher+BellmanFordStrategy,0,mixed,defect_at_iteration,3
W0,4,1.5,84,HungarianMatcher+BellmanFordStrategy,1,mixed,defect_at_iteration,2
W0,4,1.5,84,HungarianMatcher+BellmanFordStrategy,2,mixed,defect_at_iteration,1
W0,4,1.5,84,HungarianMatcher+BellmanFordStrategy,3,mixed,defect_at_iteration,0
W0,4,1.5,84,HungarianMatcher+BellmanFordStrategy,-1,mixed,augmentation_count,4
W0,4,1.5,84,HungarianMatcher+BellmanFordStrategy,-1,mixed,matching_value,-42
W0,4,1.5,84,HungarianMatcher+BellmanFordStrategy,-1,mixed,matching_size,4
W0,4,1.5,84,HungarianMatcher+BellmanFordStrategy,-1,mixed,wall_clock_ms,0.00787
W0,4,1.5,84,HungarianMatcher+JohnsonDijkstraStrategy,0,mixed,edge_relaxations,8
W0,4,1.5,84,HungarianMatcher+JohnsonDijkstraStrategy,0,mixed,defect_at_iteration,3
W0,4,1.5,84,HungarianMatcher+JohnsonDijkstraStrategy,1,mixed,edge_relaxations,8
W0,4,1.5,84,HungarianMatcher+JohnsonDijkstraStrategy,1,mixed,defect_at_iteration,2
W0,4,1.5,84,HungarianMatcher+JohnsonDijkstraStrategy,2,mixed,edge_relaxations,6
W0,4,1.5,84,HungarianMatcher+JohnsonDijkstraStrategy,2,mixed,defect_at_iteration,1
W0,4,1.5,84,HungarianMatcher+JohnsonDijkstraStrategy,3,mixed,edge_relaxations,6
W0,4,1.5,84,HungarianMatcher+JohnsonDijkstraStrategy,3,mixed,defect_at_iteration,0
W0,4,1.5,84,HungarianMatcher+JohnsonDijkstraStrategy,-1,mixed,augmentation_count,4
W0,4,1.5,84,HungarianMatcher+JohnsonDijkstraStrategy,-1,mixed,matching_value,-42
W0,4,1.5,84,HungarianMatcher+JohnsonDijkstraStrategy,-1,mixed,matching_size,4
W0,4,1.5,84,HungarianMatcher+JohnsonDijkstraStrategy,-1,mixed,wall_clock_ms,0.009579
W0,3,1.5,95,Oracle,-1,mixed,oracle_size,3
W0,3,1.5,95,Oracle,-1,mixed,oracle_value,-18
W0,3,1.5,95,HungarianMatcher+BellmanFordStrategy,0,mixed,defect_at_iteration,2
W0,3,1.5,95,HungarianMatcher+BellmanFordStrategy,1,mixed,defect_at_iteration,1
W0,3,1.5,95,HungarianMatcher+BellmanFordStrategy,2,mixed,defect_at_iteration,0
W0,3,1.5,95,HungarianMatcher+BellmanFordStrategy,-1,mixed,augmentation_count,3
W0,3,1.5,95,HungarianMatcher+BellmanFordStrategy,-1,mixed,matching_value,-18
W0,3,1.5,95,HungarianMatcher+BellmanFordStrategy,-1,mixed,matching_size,3
W0,3,1.5,95,HungarianMatcher+BellmanFordStrategy,-1,mixed,wall_clock_ms,0.005619
W0,3,1.5,95,HungarianMatcher+JohnsonDijkstraStrategy,0,mixed,edge_relaxations,5
W0,3,1.5,95,HungarianMatcher+JohnsonDijkstraStrategy,0,mixed,defect_at_iteration,2
W0,3,1.5,95,HungarianMatcher+JohnsonDijkstraStrategy,1,mixed,edge_relaxations,5
W0,3,1.5,95,HungarianMatcher+JohnsonDijkstraStrategy,1,mixed,defect_at_iteration,1
W0,3,1.5,95,HungarianMatcher+JohnsonDijkstraStrategy,2,mixed,edge_relaxations,5
W0,3,1.5,95,HungarianMatcher+JohnsonDijkstraStrategy,2,mixed,defect_at_iteration,0
W0,3,1.5,95,HungarianMatcher+JohnsonDijkstraStrategy,-1,mixed,augmentation_count,3
W0,3,1.5,95,HungarianMatcher+JohnsonDijkstraStrategy,-1,mixed,matching_value,-18
W0,3,1.5,95,HungarianMatcher+JohnsonDijkstraStrategy,-1,mixed,matching_size,3
W0,3,1.5,95,HungarianMatcher+JohnsonDijkstraStrategy,-1,mixed,wall_clock_ms,0.005926
W0,4,1.5,59,Oracle,-1,mixed,oracle_size,4
W0,4,1.5,59,Oracle,-1,mixed,oracle_value,-28
W0,4,1.5,59,HungarianMatcher+BellmanFordStrategy,0,mixed,defect_at_iteration,3
W0,4,1.5,59,HungarianMatcher+BellmanFordStrategy,1,mixed,defect_at_iteration,2
W0,4,1.5,59,HungarianMatcher+BellmanFordStrategy,2,mixed,defect_at_iteration,1
W0,4,1.5,59,HungarianMatcher+BellmanFordStrategy,3,mixed,defect_at_iteration,0
W0,4,1.5,59,HungarianMatcher+BellmanFordStrategy,-1,mixed,augmentation_count,4
W0,4,1.5,59,HungarianMatcher+BellmanFordStrategy,-1,mixed,matching_value,-28
W0,4,1.5,59,HungarianMatcher+BellmanFordStrategy,-1,mixed,matching_size,4
W0,4,1.5,59,HungarianMatcher+BellmanFordStrategy,-1,mixed,wall_clock_ms,0.008105
W0,4,1.5,59,HungarianMatcher+JohnsonDijkstraStrategy,0,mixed,edge_relaxations,8
W0,4,1.5,59,HungarianMatcher+JohnsonDijkstraStrategy,0,mixed,defect_at_iteration,3
W0,4,1.5,59,HungarianMatcher+JohnsonDijkstraStrategy,1,mixed,edge_relaxations,8
W0,4,1.5,59,HungarianMatcher+JohnsonDijkstraStrategy,1,mixed,defect_at_iteration,2
W0,4,1.5,59,HungarianMatcher+JohnsonDijkstraStrategy,2,mixed,edge_relaxations,8
W0,4,1.5,59,HungarianMatcher+JohnsonDijkstraStrategy,2,mixed,defect_at_iteration,1
W0,4,1.5,59,HungarianMatcher+JohnsonDijkstraStrategy,3,mixed,edge_relaxations,8
W0,4,1.5,59,HungarianMatcher+JohnsonDijkstraStrategy,3,mixed,defect_at_iteration,0
W0,4,1.5,59,HungarianMatcher+JohnsonDijkstraStrategy,-1,mixed,augmentation_count,4
W0,4,1.5,59,HungarianMatcher+JohnsonDijkstraStrategy,-1,mixed,matching_value,-28
W0,4,1.5,59,HungarianMatcher+JohnsonDijkstraStrategy,-1,mixed,matching_size,4
W0,4,1.5,59,HungarianMatcher+JohnsonDijkstraStrategy,-1,mixed,wall_clock_ms,0.009653
W0,2,1.5,6,Oracle,-1,mixed,oracle_size,1
W0,2,1.5,6,Oracle,-1,mixed,oracle_value,-1
W0,2,1.5,6,HungarianMatcher+BellmanFordStrategy,0,mixed,defect_at_iteration,1
W0,2,1.5,6,HungarianMatcher+BellmanFordStrategy,-1,mixed,augmentation_count,1
W0,2,1.5,6,HungarianMatcher+BellmanFordStrategy,-1,mixed,matching_value,-1
W0,2,1.5,6,HungarianMatcher+BellmanFordStrategy,-1,mixed,matching_size,1
W0,2,1.5,6,HungarianMatcher+BellmanFordStrategy,-1,mixed,wall_clock_ms,0.004861
W0,2,1.5,6,HungarianMatcher+JohnsonDijkstraStrategy,0,mixed,edge_relaxations,2
W0,2,1.5,6,HungarianMatcher+JohnsonDijkstraStrategy,0,mixed,defect_at_iteration,1
W0,2,1.5,6,HungarianMatcher+JohnsonDijkstraStrategy,-1,mixed,augmentation_count,1
W0,2,1.5,6,HungarianMatcher+JohnsonDijkstraStrategy,-1,mixed,matching_value,-1
W0,2,1.5,6,HungarianMatcher+JohnsonDijkstraStrategy,-1,mixed,matching_size,1
W0,2,1.5,6,HungarianMatcher+JohnsonDijkstraStrategy,-1,mixed,wall_clock_ms,0.004124
W0,2,1.5,69,Oracle,-1,mixed,oracle_size,2
W0,2,1.5,69,Oracle,-1,mixed,oracle_value,-4
W0,2,1.5,69,HungarianMatcher+BellmanFordStrategy,0,mixed,defect_at_iteration,1
W0,2,1.5,69,HungarianMatcher+BellmanFordStrategy,1,mixed,defect_at_iteration,0
W0,2,1.5,69,HungarianMatcher+BellmanFordStrategy,-1,mixed,augmentation_count,2
W0,2,1.5,69,HungarianMatcher+BellmanFordStrategy,-1,mixed,matching_value,-4
W0,2,1.5,69,HungarianMatcher+BellmanFordStrategy,-1,mixed,matching_size,2
W0,2,1.5,69,HungarianMatcher+BellmanFordStrategy,-1,mixed,wall_clock_ms,0.005723
W0,2,1.5,69,HungarianMatcher+JohnsonDijkstraStrategy,0,mixed,edge_relaxations,2
W0,2,1.5,69,HungarianMatcher+JohnsonDijkstraStrategy,0,mixed,defect_at_iteration,1
W0,2,1.5,69,HungarianMatcher+JohnsonDijkstraStrategy,1,mixed,edge_relaxations,1
W0,2,1.5,69,HungarianMatcher+JohnsonDijkstraStrategy,1,mixed,defect_at_iteration,0
W0,2,1.5,69,HungarianMatcher+JohnsonDijkstraStrategy,-1,mixed,augmentation_count,2
W0,2,1.5,69,HungarianMatcher+JohnsonDijkstraStrategy,-1,mixed,matching_value,-4
W0,2,1.5,69,HungarianMatcher+JohnsonDijkstraStrategy,-1,mixed,matching_size,2
W0,2,1.5,69,HungarianMatcher+JohnsonDijkstraStrategy,-1,mixed,wall_clock_ms,0.005313
W0,2,1.5,89,Oracle,-1,mixed,oracle_size,1
W0,2,1.5,89,Oracle,-1,mixed,oracle_value,-3
W0,2,1.5,89,HungarianMatcher+BellmanFordStrategy,0,mixed,defect_at_iteration,1
W0,2,1.5,89,HungarianMatcher+BellmanFordStrategy,-1,mixed,augmentation_count,1
W0,2,1.5,89,HungarianMatcher+BellmanFordStrategy,-1,mixed,matching_value,-3
W0,2,1.5,89,HungarianMatcher+BellmanFordStrategy,-1,mixed,matching_size,1
W0,2,1.5,89,HungarianMatcher+BellmanFordStrategy,-1,mixed,wall_clock_ms,0.003384
W0,2,1.5,89,HungarianMatcher+JohnsonDijkstraStrategy,0,mixed,edge_relaxations,2
W0,2,1.5,89,HungarianMatcher+JohnsonDijkstraStrategy,0,mixed,defect_at_iteration,1
W0,2,1.5,89,HungarianMatcher+JohnsonDijkstraStrategy,-1,mixed,augmentation_count,1
W0,2,1.5,89,HungarianMatcher+JohnsonDijkstraStrategy,-1,mixed,matching_value,-3
W0,2,1.5,89,HungarianMatcher+JohnsonDijkstraStrategy,-1,mixed,matching_size,1
W0,2,1.5,89,HungarianMatcher+JohnsonDijkstraStrategy,-1,mixed,wall_clock_ms,0.003455
W0,4,1.5,4,Oracle,-1,mixed,oracle_size,4
W0,4,1.5,4,Oracle,-1,mixed,oracle_value,-38
W0,4,1.5,4,HungarianMatcher+BellmanFordStrategy,0,mixed,defect_at_iteration,3
W0,4,1.5,4,HungarianMatcher+BellmanFordStrategy,1,mixed,defect_at_iteration,2
W0,4,1.5,4,HungarianMatcher+BellmanFordStrategy,2,mixed,defect_at_iteration,1
W0,4,1.5,4,HungarianMatcher+BellmanFordStrategy,3,mixed,defect_at_iteration,0
W0,4,1.5,4,HungarianMatcher+BellmanFordStrategy,-1,mixed,augmentation_count,4
W0,4,1.5,4,HungarianMatcher+BellmanFordStrategy,-1,mixed,matching_value,-38
W0,4,1.5,4,HungarianMatcher+BellmanFordStrategy,-1,mixed,matching_size,4
W0,4,1.5,4,HungarianMatcher+BellmanFordStrategy,-1,mixed,wall_clock_ms,0.00762
W0,4,1.5,4,HungarianMatcher+JohnsonDijkstraStrategy,0,mixed,edge_relaxations,8
W0,4,1.5,4,HungarianMatcher+JohnsonDijkstraStrategy,0,mixed,defect_at_iteration,3
W0,4,1.5,4,HungarianMatcher+JohnsonDijkstraStrategy,1,mixed,edge_relaxations,8
W0,4,1.5,4,HungarianMatcher+JohnsonDijkstraStrategy,1,mixed,defect_at_iteration,2
W0,4,1.5,4,HungarianMatcher+JohnsonDijkstraStrategy,2,mixed,edge_relaxations,5
W0,4,1.5,4,HungarianMatcher+JohnsonDijkstraStrategy,2,mixed,defect_at_iteration,1
W0,4,1.5,4,HungarianMatcher+JohnsonDijkstraStrategy,3,mixed,edge_relaxations,5
W0,4,1.5,4,HungarianMatcher+JohnsonDijkstraStrategy,3,mixed,defect_at_iteration,0
W0,4,1.5,4,HungarianMatcher+JohnsonDijkstraStrategy,-1,mixed,augmentation_count,4
W0,4,1.5,4,HungarianMatcher+JohnsonDijkstraStrategy,-1,mixed,matching_value,-38
W0,4,1.5,4,HungarianMatcher+JohnsonDijkstraStrategy,-1,mixed,matching_size,4
W0,4,1.5,4,HungarianMatcher+JohnsonDijkstraStrategy,-1,mixed,wall_clock_ms,0.009452
W0,2,1.5,60,Oracle,-1,mixed,oracle_size,1
W0,2,1.5,60,Oracle,-1,mixed,oracle_value,-2
W0,2,1.5,60,HungarianMatcher+BellmanFordStrategy,0,mixed,defect_at_iteration,1
W0,2,1.5,60,HungarianMatcher+BellmanFordStrategy,-1,mixed,augmentation_count,1
W0,2,1.5,60,HungarianMatcher+BellmanFordStrategy,-1,mixed,matching_value,-2
W0,2,1.5,60,HungarianMatcher+BellmanFordStrategy,-1,mixed,matching_size,1
W0,2,1.5,60,HungarianMatcher+BellmanFordStrategy,-1,mixed,wall_clock_ms,0.00457
W0,2,1.5,60,HungarianMatcher+JohnsonDijkstraStrategy,0,mixed,edge_relaxations,2
W0,2,1.5,60,HungarianMatcher+JohnsonDijkstraStrategy,0,mixed,defect_at_iteration,1
W0,2,1.5,60,HungarianMatcher+JohnsonDijkstraStrategy,-1,mixed,augmentation_count,1
W0,2,1.5,60,HungarianMatcher+JohnsonDijkstraStrategy,-1,mixed,matching_value,-2
W0,2,1.5,60,HungarianMatcher+JohnsonDijkstraStrategy,-1,mixed,matching_size,1
W0,2,1.5,60,HungarianMatcher+JohnsonDijkstraStrategy,-1,mixed,wall_clock_ms,0.004289
W0,3,1.5,26,Oracle,-1,mixed,oracle_size,3
W0,3,1.5,26,Oracle,-1,mixed,oracle_value,-17
W0,3,1.5,26,HungarianMatcher+BellmanFordStrategy,0,mixed,defect_at_iteration,2
W0,3,1.5,26,HungarianMatcher+BellmanFordStrategy,1,mixed,defect_at_iteration,1
W0,3,1.5,26,HungarianMatcher+BellmanFordStrategy,2,mixed,defect_at_iteration,0
W0,3,1.5,26,HungarianMatcher+BellmanFordStrategy,-1,mixed,augmentation_count,3
W0,3,1.5,26,HungarianMatcher+BellmanFordStrategy,-1,mixed,matching_value,-17
W0,3,1.5,26,HungarianMatcher+BellmanFordStrategy,-1,mixed,matching_size,3
W0,3,1.5,26,HungarianMatcher+BellmanFordStrategy,-1,mixed,wall_clock_ms,0.006893
W0,3,1.5,26,HungarianMatcher+JohnsonDijkstraStrategy,0,mixed,edge_relaxations,5
W0,3,1.5,26,HungarianMatcher+JohnsonDijkstraStrategy,0,mixed,defect_at_iteration,2
W0,3,1.5,26,HungarianMatcher+JohnsonDijkstraStrategy,1,mixed,edge_relaxations,5
W0,3,1.5,26,HungarianMatcher+JohnsonDijkstraStrategy,1,mixed,defect_at_iteration,1
W0,3,1.5,26,HungarianMatcher+JohnsonDijkstraStrategy,2,mixed,edge_relaxations,3
W0,3,1.5,26,HungarianMatcher+JohnsonDijkstraStrategy,2,mixed,defect_at_iteration,0
W0,3,1.5,26,HungarianMatcher+JohnsonDijkstraStrategy,-1,mixed,augmentation_count,3
W0,3,1.5,26,HungarianMatcher+JohnsonDijkstraStrategy,-1,mixed,matching_value,-17
W0,3,1.5,26,HungarianMatcher+JohnsonDijkstraStrategy,-1,mixed,matching_size,3
W0,3,1.5,26,HungarianMatcher+JohnsonDijkstraStrategy,-1,mixed,wall_clock_ms,0.007195
W0,3,1.5,77,Oracle,-1,mixed,oracle_size,2
W0,3,1.5,77,Oracle,-1,mixed,oracle_value,-5
W0,3,1.5,77,HungarianMatcher+BellmanFordStrategy,0,mixed,defect_at_iteration,2
W0,3,1.5,77,HungarianMatcher+BellmanFordStrategy,1,mixed,defect_at_iteration,1
W0,3,1.5,77,HungarianMatcher+BellmanFordStrategy,-1,mixed,augmentation_count,2
W0,3,1.5,77,HungarianMatcher+BellmanFordStrategy,-1,mixed,matching_value,-5
W0,3,1.5,77,HungarianMatcher+BellmanFordStrategy,-1,mixed,matching_size,2
W0,3,1.5,77,HungarianMatcher+BellmanFordStrategy,-1,mixed,wall_clock_ms,0.005299
W0,3,1.5,77,HungarianMatcher+JohnsonDijkstraStrategy,0,mixed,edge_relaxations,5
W0,3,1.5,77,HungarianMatcher+JohnsonDijkstraStrategy,0,mixed,defect_at_iteration,2
W0,3,1.5,77,HungarianMatcher+JohnsonDijkstraStrategy,1,mixed,edge_relaxations,5
W0,3,1.5,77,HungarianMatcher+JohnsonDijkstraStrategy,1,mixed,defect_at_iteration,1
W0,3,1.5,77,HungarianMatcher+JohnsonDijkstraStrategy,-1,mixed,augmentation_count,2
W0,3,1.5,77,HungarianMatcher+JohnsonDijkstraStrategy,-1,mixed,matching_value,-5
W0,3,1.5,77,HungarianMatcher+JohnsonDijkstraStrategy,-1,mixed,matching_size,2
W0,3,1.5,77,HungarianMatcher+JohnsonDijkstraStrategy,-1,mixed,wall_clock_ms,0.006142
W0,4,1.5,91,Oracle,-1,mixed,oracle_size,4
W0,4,1.5,91,Oracle,-1,mixed,oracle_value,-33
W0,4,1.5,91,HungarianMatcher+BellmanFordStrategy,0,mixed,defect_at_iteration,3
W0,4,1.5,91,HungarianMatcher+BellmanFordStrategy,1,mixed,defect_at_iteration,2
W0,4,1.5,91,HungarianMatcher+BellmanFordStrategy,2,mixed,defect_at_iteration,1
W0,4,1.5,91,HungarianMatcher+BellmanFordStrategy,3,mixed,defect_at_iteration,0
W0,4,1.5,91,HungarianMatcher+BellmanFordStrategy,-1,mixed,augmentation_count,4
W0,4,1.5,91,HungarianMatcher+BellmanFordStrategy,-1,mixed,matching_value,-33
W0,4,1.5,91,HungarianMatcher+BellmanFordStrategy,-1,mixed,matching_size,4
W0,4,1.5,91,HungarianMatcher+BellmanFordStrategy,-1,mixed,wall_clock_ms,0.008525
W0,4,1.5,91,HungarianMatcher+JohnsonDijkstraStrategy,0,mixed,edge_relaxations,8
W0,4,1.5,91,HungarianMatcher+JohnsonDijkstraStrategy,0,mixed,defect_at_iteration,3
W0,4,1.5,91,HungarianMatcher+JohnsonDijkstraStrategy,1,mixed,edge_relaxations,8
W0,4,1.5,91,HungarianMatcher+JohnsonDijkstraStrategy,1,mixed,defect_at_iteration,2
W0,4,1.5,91,HungarianMatcher+JohnsonDijkstraStrategy,2,mixed,edge_relaxations,8
W0,4,1.5,91,HungarianMatcher+JohnsonDijkstraStrategy,2,mixed,defect_at_iteration,1
W0,4,1.5,91,HungarianMatcher+JohnsonDijkstraStrategy,3,mixed,edge_relaxations,8
W0,4,1.5,91,HungarianMatcher+JohnsonDijkstraStrategy,3,mixed,defect_at_iteration,0
W0,4,1.5,91,HungarianMatcher+JohnsonDijkstraStrategy,-1,mixed,augmentation_count,4
W0,4,1.5,91,HungarianMatcher+JohnsonDijkstraStrategy,-1,mixed,matching_value,-33
W0,4,1.5,91,HungarianMatcher+JohnsonDijkstraStrategy,-1,mixed,matching_size,4
W0,4,1.5,91,HungarianMatcher+JohnsonDijkstraStrategy,-1,mixed,wall_clock_ms,0.009434
W0,2,1.5,66,Oracle,-1,mixed,oracle_size,1
W0,2,1.5,66,Oracle,-1,mixed,oracle_value,0
W0,2,1.5,66,HungarianMatcher+BellmanFordStrategy,0,mixed,defect_at_iteration,1
W0,2,1.5,66,HungarianMatcher+BellmanFordStrategy,-1,mixed,augmentation_count,1
W0,2,1.5,66,HungarianMatcher+BellmanFordStrategy,-1,mixed,matching_value,0
W0,2,1.5,66,HungarianMatcher+BellmanFordStrategy,-1,mixed,matching_size,1
W0,2,1.5,66,HungarianMatcher+BellmanFordStrategy,-1,mixed,wall_clock_ms,0.003359
W0,2,1.5,66,HungarianMatcher+JohnsonDijkstraStrategy,0,mixed,edge_relaxations,2
W0,2,1.5,66,HungarianMatcher+JohnsonDijkstraStrategy,0,mixed,defect_at_iteration,1
W0,2,1.5,66,HungarianMatcher+JohnsonDijkstraStrategy,-1,mixed,augmentation_count,1
W0,2,1.5,66,HungarianMatcher+JohnsonDijkstraStrategy,-1,mixed,matching_value,0
W0,2,1.5,66,HungarianMatcher+JohnsonDijkstraStrategy,-1,mixed,matching_size,1
W0,2,1.5,66,HungarianMatcher+JohnsonDijkstraStrategy,-1,mixed,wall_clock_ms,0.003459
W0,2,1.5,98,Oracle,-1,mixed,oracle_size,1
W0,2,1.5,98,Oracle,-1,mixed,oracle_value,-2
W0,2,1.5,98,HungarianMatcher+BellmanFordStrategy,0,mixed,defect_at_iteration,1
W0,2,1.5,98,HungarianMatcher+BellmanFordStrategy,-1,mixed,augmentation_count,1
W0,2,1.5,98,HungarianMatcher+BellmanFordStrategy,-1,mixed,matching_value,-2
W0,2,1.5,98,HungarianMatcher+BellmanFordStrategy,-1,mixed,matching_size,1
W0,2,1.5,98,HungarianMatcher+BellmanFordStrategy,-1,mixed,wall_clock_ms,0.004295
W0,2,1.5,98,HungarianMatcher+JohnsonDijkstraStrategy,0,mixed,edge_relaxations,2
W0,2,1.5,98,HungarianMatcher+JohnsonDijkstraStrategy,0,mixed,defect_at_iteration,1
W0,2,1.5,98,HungarianMatcher+JohnsonDijkstraStrategy,-1,mixed,augmentation_count,1
W0,2,1.5,98,HungarianMatcher+JohnsonDijkstraStrategy,-1,mixed,matching_value,-2
W0,2,1.5,98,HungarianMatcher+JohnsonDijkstraStrategy,-1,mixed,matching_size,1
W0,2,1.5,98,HungarianMatcher+JohnsonDijkstraStrategy,-1,mixed,wall_clock_ms,0.003835
W0,4,1.5,47,Oracle,-1,mixed,oracle_size,4
W0,4,1.5,47,Oracle,-1,mixed,oracle_value,-41
W0,4,1.5,47,HungarianMatcher+BellmanFordStrategy,0,mixed,defect_at_iteration,3
W0,4,1.5,47,HungarianMatcher+BellmanFordStrategy,1,mixed,defect_at_iteration,2
W0,4,1.5,47,HungarianMatcher+BellmanFordStrategy,2,mixed,defect_at_iteration,1
W0,4,1.5,47,HungarianMatcher+BellmanFordStrategy,3,mixed,defect_at_iteration,0
W0,4,1.5,47,HungarianMatcher+BellmanFordStrategy,-1,mixed,augmentation_count,4
W0,4,1.5,47,HungarianMatcher+BellmanFordStrategy,-1,mixed,matching_value,-41
W0,4,1.5,47,HungarianMatcher+BellmanFordStrategy,-1,mixed,matching_size,4
W0,4,1.5,47,HungarianMatcher+BellmanFordStrategy,-1,mixed,wall_clock_ms,0.007281
W0,4,1.5,47,HungarianMatcher+JohnsonDijkstraStrategy,0,mixed,edge_relaxations,8
W0,4,1.5,47,HungarianMatcher+JohnsonDijkstraStrategy,0,mixed,defect_at_iteration,3
W0,4,1.5,47,HungarianMatcher+JohnsonDijkstraStrategy,1,mixed,edge_relaxations,8
W0,4,1.5,47,HungarianMatcher+JohnsonDijkstraStrategy,1,mixed,defect_at_iteration,2
W0,4,1.5,47,HungarianMatcher+JohnsonDijkstraStrategy,2,mixed,edge_relaxations,8
W0,4,1.5,47,HungarianMatcher+JohnsonDijkstraStrategy,2,mixed,defect_at_iteration,1
W0,4,1.5,47,HungarianMatcher+JohnsonDijkstraStrategy,3,mixed,edge_relaxations,7
W0,4,1.5,47,HungarianMatcher+JohnsonDijkstraStrategy,3,mixed,defect_at_iteration,0
W0,4,1.5,47,HungarianMatcher+JohnsonDijkstraStrategy,-1,mixed,augmentation_count,4
W0,4,1.5,47,HungarianMatcher+JohnsonDijkstraStrategy,-1,mixed,matching_value,-41
W0,4,1.5,47,HungarianMatcher+JohnsonDijkstraStrategy,-1,mixed,matching_size,4
W0,4,1.5,47,HungarianMatcher+JohnsonDijkstraStrategy,-1,mixed,wall_clock_ms,0.009343
W0,2,1.5,1,Oracle,-1,mixed,oracle_size,1
W0,2,1.5,1,Oracle,-1,mixed,oracle_value,-1
W0,2,1.5,1,HungarianMatcher+BellmanFordStrategy,0,mixed,defect_at_iteration,1
W0,2,1.5,1,HungarianMatcher+BellmanFordStrategy,-1,mixed,augmentation_count,1
W0,2,1.5,1,HungarianMatcher+BellmanFordStrategy,-1,mixed,matching_value,-1
W0,2,1.5,1,HungarianMatcher+BellmanFordStrategy,-1,mixed,matching_size,1
W0,2,1.5,1,HungarianMatcher+BellmanFordStrategy,-1,mixed,wall_clock_ms,0.003423
W0,2,1.5,1,HungarianMatcher+JohnsonDijkstraStrategy,0,mixed,edge_relaxations,2
W0,2,1.5,1,HungarianMatcher+JohnsonDijkstraStrategy,0,mixed,defect_at_iteration,1
W0,2,1.5,1,HungarianMatcher+JohnsonDijkstraStrategy,-1,mixed,augmentation_count,1
W0,2,1.5,1,HungarianMatcher+JohnsonDijkstraStrategy,-1,mixed,matching_value,-1
W0,2,1.5,1,HungarianMatcher+JohnsonDijkstraStrategy,-1,mixed,matching_size,1
W0,2,1.5,1,HungarianMatcher+JohnsonDijkstraStrategy,-1,mixed,wall_clock_ms,0.003818
W0,3,1.5,66,Oracle,-1,mixed,oracle_size,2
W0,3,1.5,66,Oracle,-1,mixed,oracle_value,-7
W0,3,1.5,66,HungarianMatcher+BellmanFordStrategy,0,mixed,defect_at_iteration,2
W0,3,1.5,66,HungarianMatcher+BellmanFordStrategy,1,mixed,defect_at_iteration,1
W0,3,1.5,66,HungarianMatcher+BellmanFordStrategy,-1,mixed,augmentation_count,2
W0,3,1.5,66,HungarianMatcher+BellmanFordStrategy,-1,mixed,matching_value,-7
W0,3,1.5,66,HungarianMatcher+BellmanFordStrategy,-1,mixed,matching_size,2
W0,3,1.5,66,HungarianMatcher+BellmanFordStrategy,-1,mixed,wall_clock_ms,0.005262
W0,3,1.5,66,HungarianMatcher+JohnsonDijkstraStrategy,0,mixed,edge_relaxations,5
W0,3,1.5,66,HungarianMatcher+JohnsonDijkstraStrategy,0,mixed,defect_at_iteration,2
W0,3,1.5,66,HungarianMatcher+JohnsonDijkstraStrategy,1,mixed,edge_relaxations,5
W0,3,1.5,66,HungarianMatcher+JohnsonDijkstraStrategy,1,mixed,defect_at_iteration,1
W0,3,1.5,66,HungarianMatcher+JohnsonDijkstraStrategy,-1,mixed,augmentation_count,2
W0,3,1.5,66,HungarianMatcher+JohnsonDijkstraStrategy,-1,mixed,matching_value,-7
W0,3,1.5,66,HungarianMatcher+JohnsonDijkstraStrategy,-1,mixed,matching_size,2
W0,3,1.5,66,HungarianMatcher+JohnsonDijkstraStrategy,-1,mixed,wall_clock_ms,0.005973
W0,4,1.5,41,Oracle,-1,mixed,oracle_size,3
W0,4,1.5,41,Oracle,-1,mixed,oracle_value,-21
W0,4,1.5,41,HungarianMatcher+BellmanFordStrategy,0,mixed,defect_at_iteration,3
W0,4,1.5,41,HungarianMatcher+BellmanFordStrategy,1,mixed,defect_at_iteration,2
W0,4,1.5,41,HungarianMatcher+BellmanFordStrategy,2,mixed,defect_at_iteration,1
W0,4,1.5,41,HungarianMatcher+BellmanFordStrategy,-1,mixed,augmentation_count,3
W0,4,1.5,41,HungarianMatcher+BellmanFordStrategy,-1,mixed,matching_value,-21
W0,4,1.5,41,HungarianMatcher+BellmanFordStrategy,-1,mixed,matching_size,3
W0,4,1.5,41,HungarianMatcher+BellmanFordStrategy,-1,mixed,wall_clock_ms,0.007236
W0,4,1.5,41,HungarianMatcher+JohnsonDijkstraStrategy,0,mixed,edge_relaxations,8
W0,4,1.5,41,HungarianMatcher+JohnsonDijkstraStrategy,0,mixed,defect_at_iteration,3
W0,4,1.5,41,HungarianMatcher+JohnsonDijkstraStrategy,1,mixed,edge_relaxations,8
W0,4,1.5,41,HungarianMatcher+JohnsonDijkstraStrategy,1,mixed,defect_at_iteration,2
W0,4,1.5,41,HungarianMatcher+JohnsonDijkstraStrategy,2,mixed,edge_relaxations,8
W0,4,1.5,41,HungarianMatcher+JohnsonDijkstraStrategy,2,mixed,defect_at_iteration,1
W0,4,1.5,41,HungarianMatcher+JohnsonDijkstraStrategy,-1,mixed,augmentation_count,3
W0,4,1.5,41,HungarianMatcher+JohnsonDijkstraStrategy,-1,mixed,matching_value,-21
W0,4,1.5,41,HungarianMatcher+JohnsonDijkstraStrategy,-1,mixed,matching_size,3
W0,4,1.5,41,HungarianMatcher+JohnsonDijkstraStrategy,-1,mixed,wall_clock_ms,0.007625
W0,3,1.5,6,Oracle,-1,mixed,oracle_size,2
W0,3,1.5,6,Oracle,-1,mixed,oracle_value,-1
W0,3,1.5,6,HungarianMatcher+BellmanFordStrategy,0,mixed,defect_at_iteration,2
W0,3,1.5,6,HungarianMatcher+BellmanFordStrategy,1,mixed,defect_at_iteration,1
W0,3,1.5,6,HungarianMatcher+BellmanFordStrategy,-1,mixed,augmentation_count,2
W0,3,1.5,6,HungarianMatcher+BellmanFordStrategy,-1,mixed,matching_value,-1
W0,3,1.5,6,HungarianMatcher+BellmanFordStrategy,-1,mixed,matching_size,2
W0,3,1.5,6,HungarianMatcher+BellmanFordStrategy,-1,mixed,wall_clock_ms,0.005564
W0,3,1.5,6,HungarianMatcher+JohnsonDijkstraStrategy,0,mixed,edge_relaxations,5
W0,3,1.5,6,HungarianMatcher+JohnsonDijkstraStrategy,0,mixed,defect_at_iteration,2
W0,3,1.5,6,HungarianMatcher+JohnsonDijkstraStrategy,1,mixed,edge_relaxations,2
W0,3,1.5,6,HungarianMatcher+JohnsonDijkstraStrategy,1,mixed,defect_at_iteration,1
W0,3,1.5,6,HungarianMatcher+JohnsonDijkstraStrategy,-1,mixed,augmentation_count,2
W0,3,1.5,6,HungarianMatcher+JohnsonDijkstraStrategy,-1,mixed,matching_value,-1
W0,3,1.5,6,HungarianMatcher+JohnsonDijkstraStrategy,-1,mixed,matching_size,2
W0,3,1.5,6,HungarianMatcher+JohnsonDijkstraStrategy,-1,mixed,wall_clock_ms,0.005631
W0,3,1.5,78,Oracle,-1,mixed,oracle_size,3
W0,3,1.5,78,Oracle,-1,mixed,oracle_value,-15
W0,3,1.5,78,HungarianMatcher+BellmanFordStrategy,0,mixed,defect_at_iteration,2
W0,3,1.5,78,HungarianMatcher+BellmanFordStrategy,1,mixed,defect_at_iteration,1
W0,3,1.5,78,HungarianMatcher+BellmanFordStrategy,2,mixed,defect_at_iteration,0
W0,3,1.5,78,HungarianMatcher+BellmanFordStrategy,-1,mixed,augmentation_count,3
W0,3,1.5,78,HungarianMatcher+BellmanFordStrategy,-1,mixed,matching_value,-15
W0,3,1.5,78,HungarianMatcher+BellmanFordStrategy,-1,mixed,matching_size,3
W0,3,1.5,78,HungarianMatcher+BellmanFordStrategy,-1,mixed,wall_clock_ms,0.005929
W0,3,1.5,78,HungarianMatcher+JohnsonDijkstraStrategy,0,mixed,edge_relaxations,5
W0,3,1.5,78,HungarianMatcher+JohnsonDijkstraStrategy,0,mixed,defect_at_iteration,2
W0,3,1.5,78,HungarianMatcher+JohnsonDijkstraStrategy,1,mixed,edge_relaxations,3
W0,3,1.5,78,HungarianMatcher+JohnsonDijkstraStrategy,1,mixed,defect_at_iteration,1
W0,3,1.5,78,HungarianMatcher+JohnsonDijkstraStrategy,2,mixed,edge_relaxations,3
W0,3,1.5,78,HungarianMatcher+JohnsonDijkstraStrategy,2,mixed,defect_at_iteration,0
W0,3,1.5,78,HungarianMatcher+JohnsonDijkstraStrategy,-1,mixed,augmentation_count,3
W0,3,1.5,78,HungarianMatcher+JohnsonDijkstraStrategy,-1,mixed,matching_value,-15
W0,3,1.5,78,HungarianMatcher+JohnsonDijkstraStrategy,-1,mixed,matching_size,3
W0,3,1.5,78,HungarianMatcher+JohnsonDijkstraStrategy,-1,mixed,wall_clock_ms,0.006957
W0,4,1.5,17,Oracle,-1,mixed,oracle_size,4
W0,4,1.5,17,Oracle,-1,mixed,oracle_value,-31
W0,4,1.5,17,HungarianMatcher+BellmanFordStrategy,0,mixed,defect_at_iteration,3
W0,4,1.5,17,HungarianMatcher+BellmanFordStrategy,1,mixed,defect_at_iteration,2
W0,4,1.5,17,HungarianMatcher+BellmanFordStrategy,2,mixed,defect_at_iteration,1
W0,4,1.5,17,HungarianMatcher+BellmanFordStrategy,3,mixed,defect_at_iteration,0
W0,4,1.5,17,HungarianMatcher+BellmanFordStrategy,-1,mixed,augmentation_count,4
W0,4,1.5,17,HungarianMatcher+BellmanFordStrategy,-1,mixed,matching_value,-31
W0,4,1.5,17,HungarianMatcher+BellmanFordStrategy,-1,mixed,matching_size,4
W0,4,1.5,17,HungarianMatcher+BellmanFordStrategy,-1,mixed,wall_clock_ms,0.007101
W0,4,1.5,17,HungarianMatcher+JohnsonDijkstraStrategy,0,mixed,edge_relaxations,8
W0,4,1.5,17,HungarianMatcher+JohnsonDijkstraStrategy,0,mixed,defect_at_iteration,3
W0,4,1.5,17,HungarianMatcher+JohnsonDijkstraStrategy,1,mixed,edge_relaxations,6
W0,4,1.5,17,HungarianMatcher+JohnsonDijkstraStrategy,1,mixed,defect_at_iteration,2
W0,4,1.5,17,HungarianMatcher+JohnsonDijkstraStrategy,2,mixed,edge_relaxations,6
W0,4,1.5,17,HungarianMatcher+JohnsonDijkstraStrategy,2,mixed,defect_at_iteration,1
W0,4,1.5,17,HungarianMatcher+JohnsonDijkstraStrategy,3,mixed,edge_relaxations,6
W0,4,1.5,17,HungarianMatcher+JohnsonDijkstraStrategy,3,mixed,defect_at_iteration,0
W0,4,1.5,17,HungarianMatcher+JohnsonDijkstraStrategy,-1,mixed,augmentation_count,4
W0,4,1.5,17,HungarianMatcher+JohnsonDijkstraStrategy,-1,mixed,matching_value,-31
W0,4,1.5,17,HungarianMatcher+JohnsonDijkstraStrategy,-1,mixed,matching_size,4
W0,4,1.5,17,HungarianMatcher+JohnsonDijkstraStrategy,-1,mixed,wall_clock_ms,0.009127
W0,2,1.5,62,Oracle,-1,mixed,oracle_size,1
W0,2,1.5,62,Oracle,-1,mixed,oracle_value,-2
W0,2,1.5,62,HungarianMatcher+BellmanFordStrategy,0,mixed,defect_at_iteration,1
W0,2,1.5,62,HungarianMatcher+BellmanFordStrategy,-1,mixed,augmentation_count,1
W0,2,1.5,62,HungarianMatcher+BellmanFordStrategy,-1,mixed,matching_value,-2
W0,2,1.5,62,HungarianMatcher+BellmanFordStrategy,-1,mixed,matching_size,1
W0,2,1.5,62,HungarianMatcher+BellmanFordStrategy,-1,mixed,wall_clock_ms,0.004058
W0,2,1.5,62,HungarianMatcher+JohnsonDijkstraStrategy,0,mixed,edge_relaxations,2
W0,2,1.5,62,HungarianMatcher+JohnsonDijkstraStrategy,0,mixed,defect_at_iteration,1
W0,2,1.5,62,HungarianMatcher+JohnsonDijkstraStrategy,-1,mixed,augmentation_count,1
W0,2,1.5,62,HungarianMatcher+JohnsonDijkstraStrategy,-1,mixed,matching_value,-2
W0,2,1.5,62,HungarianMatcher+JohnsonDijkstraStrategy,-1,mixed,matching_size,1
W0,2,1.5,62,HungarianMatcher+JohnsonDijkstraStrategy,-1,mixed,wall_clock_ms,0.003972
W0,4,1.5,29,Oracle,-1,mixed,oracle_size,4
W0,4,1.5,29,Oracle,-1,mixed,oracle_value,-18
W0,4,1.5,29,HungarianMatcher+BellmanFordStrategy,0,mixed,defect_at_iteration,3
W0,4,1.5,29,HungarianMatcher+BellmanFordStrategy,1,mixed,defect_at_iteration,2
W0,4,1.5,29,HungarianMatcher+BellmanFordStrategy,2,mixed,defect_at_iteration,1
W0,4,1.5,29,HungarianMatcher+BellmanFordStrategy,3,mixed,defect_at_iteration,0
W0,4,1.5,29,HungarianMatcher+BellmanFordStrategy,-1,mixed,augmentation_count,4
W0,4,1.5,29,HungarianMatcher+BellmanFordStrategy,-1,mixed,matching_value,-18
W0,4,1.5,29,HungarianMatcher+BellmanFordStrategy,-1,mixed,matching_size,4
W0,4,1.5,29,HungarianMatcher+BellmanFordStrategy,-1,mixed,wall_clock_ms,0.008278
W0,4,1.5,29,HungarianMatcher+JohnsonDijkstraStrategy,0,mixed,edge_relaxations,8
W0,4,1.5,29,HungarianMatcher+JohnsonDijkstraStrategy,0,mixed,defect_at_iteration,3
W0,4,1.5,29,HungarianMatcher+JohnsonDijkstraStrategy,1,mixed,edge_relaxations,8
W0,4,1.5,29,HungarianMatcher+JohnsonDijkstraStrategy,1,mixed,defect_at_iteration,2
W0,4,1.5,29,HungarianMatcher+JohnsonDijkstraStrategy,2,mixed,edge_relaxations,8
W0,4,1.5,29,HungarianMatcher+JohnsonDijkstraStrategy,2,mixed,defect_at_iteration,1
W0,4,1.5,29,HungarianMatcher+JohnsonDijkstraStrategy,3,mixed,edge_relaxations,6
W0,4,1.5,29,HungarianMatcher+JohnsonDijkstraStrategy,3,mixed,defect_at_iteration,0
W0,4,1.5,29,HungarianMatcher+JohnsonDijkstraStrategy,-1,mixed,augmentation_count,4
W0,4,1.5,29,HungarianMatcher+JohnsonDijkstraStrategy,-1,mixed,matching_value,-18
W0,4,1.5,29,HungarianMatcher+JohnsonDijkstraStrategy,-1,mixed,matching_size,4
W0,4,1.5,29,HungarianMatcher+JohnsonDijkstraStrategy,-1,mixed,wall_clock_ms,0.009606
W0,2,1.5,68,Oracle,-1,mixed,oracle_size,1
W0,2,1.5,68,Oracle,-1,mixed,oracle_value,0
W0,2,1.5,68,HungarianMatcher+BellmanFordStrategy,0,mixed,defect_at_iteration,1
W0,2,1.5,68,HungarianMatcher+BellmanFordStrategy,-1,mixed,augmentation_count,1
W0,2,1.5,68,HungarianMatcher+BellmanFordStrategy,-1,mixed,matching_value,0
W0,2,1.5,68,HungarianMatcher+BellmanFordStrategy,-1,mixed,matching_size,1
W0,2,1.5,68,HungarianMatcher+BellmanFordStrategy,-1,mixed,wall_clock_ms,0.003238
W0,2,1.5,68,HungarianMatcher+JohnsonDijkstraStrategy,0,mixed,edge_relaxations,2
W0,2,1.5,68,HungarianMatcher+JohnsonDijkstraStrategy,0,mixed,defect_at_iteration,1
W0,2,1.5,68,HungarianMatcher+JohnsonDijkstraStrategy,-1,mixed,augmentation_count,1
W0,2,1.5,68,HungarianMatcher+JohnsonDijkstraStrategy,-1,mixed,matching_value,0
W0,2,1.5,68,HungarianMatcher+JohnsonDijkstraStrategy,-1,mixed,matching_size,1
W0,2,1.5,68,HungarianMatcher+JohnsonDijkstraStrategy,-1,mixed,wall_clock_ms,0.003338
W0,2,1.5,40,Oracle,-1,mixed,oracle_size,1
W0,2,1.5,40,Oracle,-1,mixed,oracle_value,-3
W0,2,1.5,40,HungarianMatcher+BellmanFordStrategy,0,mixed,defect_at_iteration,1
W0,2,1.5,40,HungarianMatcher+BellmanFordStrategy,-1,mixed,augmentation_count,1
W0,2,1.5,40,HungarianMatcher+BellmanFordStrategy,-1,mixed,matching_value,-3
W0,2,1.5,40,HungarianMatcher+BellmanFordStrategy,-1,mixed,matching_size,1
W0,2,1.5,40,HungarianMatcher+BellmanFordStrategy,-1,mixed,wall_clock_ms,0.003758
W0,2,1.5,40,HungarianMatcher+JohnsonDijkstraStrategy,0,mixed,edge_relaxations,2
W0,2,1.5,40,HungarianMatcher+JohnsonDijkstraStrategy,0,mixed,defect_at_iteration,1
W0,2,1.5,40,HungarianMatcher+JohnsonDijkstraStrategy,-1,mixed,augmentation_count,1
W0,2,1.5,40,HungarianMatcher+JohnsonDijkstraStrategy,-1,mixed,matching_value,-3
W0,2,1.5,40,HungarianMatcher+JohnsonDijkstraStrategy,-1,mixed,matching_size,1
W0,2,1.5,40,HungarianMatcher+JohnsonDijkstraStrategy,-1,mixed,wall_clock_ms,0.003513
W0,3,1.5,2,Oracle,-1,mixed,oracle_size,3
W0,3,1.5,2,Oracle,-1,mixed,oracle_value,-11
W0,3,1.5,2,HungarianMatcher+BellmanFordStrategy,0,mixed,defect_at_iteration,2
W0,3,1.5,2,HungarianMatcher+BellmanFordStrategy,1,mixed,defect_at_iteration,1
W0,3,1.5,2,HungarianMatcher+BellmanFordStrategy,2,mixed,defect_at_iteration,0
W0,3,1.5,2,HungarianMatcher+BellmanFordStrategy,-1,mixed,augmentation_count,3
W0,3,1.5,2,HungarianMatcher+BellmanFordStrategy,-1,mixed,matching_value,-11
W0,3,1.5,2,HungarianMatcher+BellmanFordStrategy,-1,mixed,matching_size,3
W0,3,1.5,2,HungarianMatcher+BellmanFordStrategy,-1,mixed,wall_clock_ms,0.005706
W0,3,1.5,2,HungarianMatcher+JohnsonDijkstraStrategy,0,mixed,edge_relaxations,5
W0,3,1.5,2,HungarianMatcher+JohnsonDijkstraStrategy,0,mixed,defect_at_iteration,2
W0,3,1.5,2,HungarianMatcher+JohnsonDijkstraStrategy,1,mixed,edge_relaxations,3
W0,3,1.5,2,HungarianMatcher+JohnsonDijkstraStrategy,1,mixed,defect_at_iteration,1
W0,3,1.5,2,HungarianMatcher+JohnsonDijkstraStrategy,2,mixed,edge_relaxations,3
W0,3,1.5,2,HungarianMatcher+JohnsonDijkstraStrategy,2,mixed,defect_at_iteration,0
W0,3,1.5,2,HungarianMatcher+JohnsonDijkstraStrategy,-1,mixed,augmentation_count,3
W0,3,1.5,2,HungarianMatcher+JohnsonDijkstraStrategy,-1,mixed,matching_value,-11
W0,3,1.5,2,HungarianMatcher+JohnsonDijkstraStrategy,-1,mixed,matching_size,3
W0,3,1.5,2,HungarianMatcher+JohnsonDijkstraStrategy,-1,mixed,wall_clock_ms,0.00679
W0,2,1.5,41,Oracle,-1,mixed,oracle_size,2
W0,2,1.5,41,Oracle,-1,mixed,oracle_value,-6
W0,2,1.5,41,HungarianMatcher+BellmanFordStrategy,0,mixed,defect_at_iteration,1
W0,2,1.5,41,HungarianMatcher+BellmanFordStrategy,1,mixed,defect_at_iteration,0
W0,2,1.5,41,HungarianMatcher+BellmanFordStrategy,-1,mixed,augmentation_count,2
W0,2,1.5,41,HungarianMatcher+BellmanFordStrategy,-1,mixed,matching_value,-6
W0,2,1.5,41,HungarianMatcher+BellmanFordStrategy,-1,mixed,matching_size,2
W0,2,1.5,41,HungarianMatcher+BellmanFordStrategy,-1,mixed,wall_clock_ms,0.005232
W0,2,1.5,41,HungarianMatcher+JohnsonDijkstraStrategy,0,mixed,edge_relaxations,2
W0,2,1.5,41,HungarianMatcher+JohnsonDijkstraStrategy,0,mixed,defect_at_iteration,1
W0,2,1.5,41,HungarianMatcher+JohnsonDijkstraStrategy,1,mixed,edge_relaxations,1
W0,2,1.5,41,HungarianMatcher+JohnsonDijkstraStrategy,1,mixed,defect_at_iteration,0
W0,2,1.5,41,HungarianMatcher+JohnsonDijkstraStrategy,-1,mixed,augmentation_count,2
W0,2,1.5,41,HungarianMatcher+JohnsonDijkstraStrategy,-1,mixed,matching_value,-6
W0,2,1.5,41,HungarianMatcher+JohnsonDijkstraStrategy,-1,mixed,matching_size,2
W0,2,1.5,41,HungarianMatcher+JohnsonDijkstraStrategy,-1,mixed,wall_clock_ms,0.00553
W0,2,1.5,21,Oracle,-1,mixed,oracle_size,1
W0,2,1.5,21,Oracle,-1,mixed,oracle_value,0
W0,2,1.5,21,HungarianMatcher+BellmanFordStrategy,0,mixed,defect_at_iteration,1
W0,2,1.5,21,HungarianMatcher+BellmanFordStrategy,-1,mixed,augmentation_count,1
W0,2,1.5,21,HungarianMatcher+BellmanFordStrategy,-1,mixed,matching_value,0
W0,2,1.5,21,HungarianMatcher+BellmanFordStrategy,-1,mixed,matching_size,1
W0,2,1.5,21,HungarianMatcher+BellmanFordStrategy,-1,mixed,wall_clock_ms,0.003345
W0,2,1.5,21,HungarianMatcher+JohnsonDijkstraStrategy,0,mixed,edge_relaxations,2
W0,2,1.5,21,HungarianMatcher+JohnsonDijkstraStrategy,0,mixed,defect_at_iteration,1
W0,2,1.5,21,HungarianMatcher+JohnsonDijkstraStrategy,-1,mixed,augmentation_count,1
W0,2,1.5,21,HungarianMatcher+JohnsonDijkstraStrategy,-1,mixed,matching_value,0
W0,2,1.5,21,HungarianMatcher+JohnsonDijkstraStrategy,-1,mixed,matching_size,1
W0,2,1.5,21,HungarianMatcher+JohnsonDijkstraStrategy,-1,mixed,wall_clock_ms,0.003432
W0,2,1.5,56,Oracle,-1,mixed,oracle_size,1
W0,2,1.5,56,Oracle,-1,mixed,oracle_value,-1
W0,2,1.5,56,HungarianMatcher+BellmanFordStrategy,0,mixed,defect_at_iteration,1
W0,2,1.5,56,HungarianMatcher+BellmanFordStrategy,-1,mixed,augmentation_count,1
W0,2,1.5,56,HungarianMatcher+BellmanFordStrategy,-1,mixed,matching_value,-1
W0,2,1.5,56,HungarianMatcher+BellmanFordStrategy,-1,mixed,matching_size,1
W0,2,1.5,56,HungarianMatcher+BellmanFordStrategy,-1,mixed,wall_clock_ms,0.004836
W0,2,1.5,56,HungarianMatcher+JohnsonDijkstraStrategy,0,mixed,edge_relaxations,2
W0,2,1.5,56,HungarianMatcher+JohnsonDijkstraStrategy,0,mixed,defect_at_iteration,1
W0,2,1.5,56,HungarianMatcher+JohnsonDijkstraStrategy,-1,mixed,augmentation_count,1
W0,2,1.5,56,HungarianMatcher+JohnsonDijkstraStrategy,-1,mixed,matching_value,-1
W0,2,1.5,56,HungarianMatcher+JohnsonDijkstraStrategy,-1,mixed,matching_size,1
W0,2,1.5,56,HungarianMatcher+JohnsonDijkstraStrategy,-1,mixed,wall_clock_ms,0.004442
W0,3,1.5,34,Oracle,-1,mixed,oracle_size,3
W0,3,1.5,34,Oracle,-1,mixed,oracle_value,-19
W0,3,1.5,34,HungarianMatcher+BellmanFordStrategy,0,mixed,defect_at_iteration,2
W0,3,1.5,34,HungarianMatcher+BellmanFordStrategy,1,mixed,defect_at_iteration,1
W0,3,1.5,34,HungarianMatcher+BellmanFordStrategy,2,mixed,defect_at_iteration,0
W0,3,1.5,34,HungarianMatcher+BellmanFordStrategy,-1,mixed,augmentation_count,3
W0,3,1.5,34,HungarianMatcher+BellmanFordStrategy,-1,mixed,matching_value,-19
W0,3,1.5,34,HungarianMatcher+BellmanFordStrategy,-1,mixed,matching_size,3
W0,3,1.5,34,HungarianMatcher+BellmanFordStrategy,-1,mixed,wall_clock_ms,0.006624
W0,3,1.5,34,HungarianMatcher+JohnsonDijkstraStrategy,0,mixed,edge_relaxations,5
W0,3,1.5,34,HungarianMatcher+JohnsonDijkstraStrategy,0,mixed,defect_at_iteration,2
W0,3,1.5,34,HungarianMatcher+JohnsonDijkstraStrategy,1,mixed,edge_relaxations,5
W0,3,1.5,34,HungarianMatcher+JohnsonDijkstraStrategy,1,mixed,defect_at_iteration,1
W0,3,1.5,34,HungarianMatcher+JohnsonDijkstraStrategy,2,mixed,edge_relaxations,5
W0,3,1.5,34,HungarianMatcher+JohnsonDijkstraStrategy,2,mixed,defect_at_iteration,0
W0,3,1.5,34,HungarianMatcher+JohnsonDijkstraStrategy,-1,mixed,augmentation_count,3
W0,3,1.5,34,HungarianMatcher+JohnsonDijkstraStrategy,-1,mixed,matching_value,-19
W0,3,1.5,34,HungarianMatcher+JohnsonDijkstraStrategy,-1,mixed,matching_size,3
W0,3,1.5,34,HungarianMatcher+JohnsonDijkstraStrategy,-1,mixed,wall_clock_ms,0.007141
W0,2,1.5,64,Oracle,-1,mixed,oracle_size,1
W0,2,1.5,64,Oracle,-1,mixed,oracle_value,0
W0,2,1.5,64,HungarianMatcher+BellmanFordStrategy,0,mixed,defect_at_iteration,1
W0,2,1.5,64,HungarianMatcher+BellmanFordStrategy,-1,mixed,augmentation_count,1
W0,2,1.5,64,HungarianMatcher+BellmanFordStrategy,-1,mixed,matching_value,0
W0,2,1.5,64,HungarianMatcher+BellmanFordStrategy,-1,mixed,matching_size,1
W0,2,1.5,64,HungarianMatcher+BellmanFordStrategy,-1,mixed,wall_clock_ms,0.003623
W0,2,1.5,64,HungarianMatcher+JohnsonDijkstraStrategy,0,mixed,edge_relaxations,2
W0,2,1.5,64,HungarianMatcher+JohnsonDijkstraStrategy,0,mixed,defect_at_iteration,1
W0,2,1.5,64,HungarianMatcher+JohnsonDijkstraStrategy,-1,mixed,augmentation_count,1
W0,2,1.5,64,HungarianMatcher+JohnsonDijkstraStrategy,-1,mixed,matching_value,0
W0,2,1.5,64,HungarianMatcher+JohnsonDijkstraStrategy,-1,mixed,matching_size,1
W0,2,1.5,64,HungarianMatcher+JohnsonDijkstraStrategy,-1,mixed,wall_clock_ms,0.00356
W0,3,1.5,20,Oracle,-1,mixed,oracle_size,3
W0,3,1.5,20,Oracle,-1,mixed,oracle_value,-13
W0,3,1.5,20,HungarianMatcher+BellmanFordStrategy,0,mixed,defect_at_iteration,2
W0,3,1.5,20,HungarianMatcher+BellmanFordStrategy,1,mixed,defect_at_iteration,1
W0,3,1.5,20,HungarianMatcher+BellmanFordStrategy,2,mixed,defect_at_iteration,0
W0,3,1.5,20,HungarianMatcher+BellmanFordStrategy,-1,mixed,augmentation_count,3
W0,3,1.5,20,HungarianMatcher+BellmanFordStrategy,-1,mixed,matching_value,-13
W0,3,1.5,20,HungarianMatcher+BellmanFordStrategy,-1,mixed,matching_size,3
W0,3,1.5,20,HungarianMatcher+BellmanFordStrategy,-1,mixed,wall_clock_ms,0.01458
W0,3,1.5,20,HungarianMatcher+JohnsonDijkstraStrategy,0,mixed,edge_relaxations,5
W0,3,1.5,20,HungarianMatcher+JohnsonDijkstraStrategy,0,mixed,defect_at_iteration,2
W0,3,1.5,20,HungarianMatcher+JohnsonDijkstraStrategy,1,mixed,edge_relaxations,5
W0,3,1.5,20,HungarianMatcher+JohnsonDijkstraStrategy,1,mixed,defect_at_iteration,1
W0,3,1.5,20,HungarianMatcher+JohnsonDijkstraStrategy,2,mixed,edge_relaxations,5
W0,3,1.5,20,HungarianMatcher+JohnsonDijkstraStrategy,2,mixed,defect_at_iteration,0
W0,3,1.5,20,HungarianMatcher+JohnsonDijkstraStrategy,-1,mixed,augmentation_count,3
W0,3,1.5,20,HungarianMatcher+JohnsonDijkstraStrategy,-1,mixed,matching_value,-13
W0,3,1.5,20,HungarianMatcher+JohnsonDijkstraStrategy,-1,mixed,matching_size,3
W0,3,1.5,20,HungarianMatcher+JohnsonDijkstraStrategy,-1,mixed,wall_clock_ms,0.007507
W0,3,1.5,24,Oracle,-1,mixed,oracle_size,3
W0,3,1.5,24,Oracle,-1,mixed,oracle_value,-19
W0,3,1.5,24,HungarianMatcher+BellmanFordStrategy,0,mixed,defect_at_iteration,2
W0,3,1.5,24,HungarianMatcher+BellmanFordStrategy,1,mixed,defect_at_iteration,1
W0,3,1.5,24,HungarianMatcher+BellmanFordStrategy,2,mixed,defect_at_iteration,0
W0,3,1.5,24,HungarianMatcher+BellmanFordStrategy,-1,mixed,augmentation_count,3
W0,3,1.5,24,HungarianMatcher+BellmanFordStrategy,-1,mixed,matching_value,-19
W0,3,1.5,24,HungarianMatcher+BellmanFordStrategy,-1,mixed,matching_size,3
W0,3,1.5,24,HungarianMatcher+BellmanFordStrategy,-1,mixed,wall_clock_ms,0.007081
W0,3,1.5,24,HungarianMatcher+JohnsonDijkstraStrategy,0,mixed,edge_relaxations,5
W0,3,1.5,24,HungarianMatcher+JohnsonDijkstraStrategy,0,mixed,defect_at_iteration,2
W0,3,1.5,24,HungarianMatcher+JohnsonDijkstraStrategy,1,mixed,edge_relaxations,5
W0,3,1.5,24,HungarianMatcher+JohnsonDijkstraStrategy,1,mixed,defect_at_iteration,1
W0,3,1.5,24,HungarianMatcher+JohnsonDijkstraStrategy,2,mixed,edge_relaxations,5
W0,3,1.5,24,HungarianMatcher+JohnsonDijkstraStrategy,2,mixed,defect_at_iteration,0
W0,3,1.5,24,HungarianMatcher+JohnsonDijkstraStrategy,-1,mixed,augmentation_count,3
W0,3,1.5,24,HungarianMatcher+JohnsonDijkstraStrategy,-1,mixed,matching_value,-19
W0,3,1.5,24,HungarianMatcher+JohnsonDijkstraStrategy,-1,mixed,matching_size,3
W0,3,1.5,24,HungarianMatcher+JohnsonDijkstraStrategy,-1,mixed,wall_clock_ms,0.00727
W0,3,1.5,72,Oracle,-1,mixed,oracle_size,2
W0,3,1.5,72,Oracle,-1,mixed,oracle_value,-6
W0,3,1.5,72,HungarianMatcher+BellmanFordStrategy,0,mixed,defect_at_iteration,2
W0,3,1.5,72,HungarianMatcher+BellmanFordStrategy,1,mixed,defect_at_iteration,1
W0,3,1.5,72,HungarianMatcher+BellmanFordStrategy,-1,mixed,augmentation_count,2
W0,3,1.5,72,HungarianMatcher+BellmanFordStrategy,-1,mixed,matching_value,-6
W0,3,1.5,72,HungarianMatcher+BellmanFordStrategy,-1,mixed,matching_size,2
W0,3,1.5,72,HungarianMatcher+BellmanFordStrategy,-1,mixed,wall_clock_ms,0.004976
W0,3,1.5,72,HungarianMatcher+JohnsonDijkstraStrategy,0,mixed,edge_relaxations,5
W0,3,1.5,72,HungarianMatcher+JohnsonDijkstraStrategy,0,mixed,defect_at_iteration,2
W0,3,1.5,72,HungarianMatcher+JohnsonDijkstraStrategy,1,mixed,edge_relaxations,5
W0,3,1.5,72,HungarianMatcher+JohnsonDijkstraStrategy,1,mixed,defect_at_iteration,1
W0,3,1.5,72,HungarianMatcher+JohnsonDijkstraStrategy,-1,mixed,augmentation_count,2
W0,3,1.5,72,HungarianMatcher+JohnsonDijkstraStrategy,-1,mixed,matching_value,-6
W0,3,1.5,72,HungarianMatcher+JohnsonDijkstraStrategy,-1,mixed,matching_size,2
W0,3,1.5,72,HungarianMatcher+JohnsonDijkstraStrategy,-1,mixed,wall_clock_ms,0.005754
W0,2,1.5,0,Oracle,-1,mixed,oracle_size,2
W0,2,1.5,0,Oracle,-1,mixed,oracle_value,-5
W0,2,1.5,0,HungarianMatcher+BellmanFordStrategy,0,mixed,defect_at_iteration,1
W0,2,1.5,0,HungarianMatcher+BellmanFordStrategy,1,mixed,defect_at_iteration,0
W0,2,1.5,0,HungarianMatcher+BellmanFordStrategy,-1,mixed,augmentation_count,2
W0,2,1.5,0,HungarianMatcher+BellmanFordStrategy,-1,mixed,matching_value,-5
W0,2,1.5,0,HungarianMatcher+BellmanFordStrategy,-1,mixed,matching_size,2
W0,2,1.5,0,HungarianMatcher+BellmanFordStrategy,-1,mixed,wall_clock_ms,0.00612
W0,2,1.5,0,HungarianMatcher+JohnsonDijkstraStrategy,0,mixed,edge_relaxations,2
W0,2,1.5,0,HungarianMatcher+JohnsonDijkstraStrategy,0,mixed,defect_at_iteration,1
W0,2,1.5,0,HungarianMatcher+JohnsonDijkstraStrategy,1,mixed,edge_relaxations,1
W0,2,1.5,0,HungarianMatcher+JohnsonDijkstraStrategy,1,mixed,defect_at_iteration,0
W0,2,1.5,0,HungarianMatcher+JohnsonDijkstraStrategy,-1,mixed,augmentation_count,2
W0,2,1.5,0,HungarianMatcher+JohnsonDijkstraStrategy,-1,mixed,matching_value,-5
W0,2,1.5,0,HungarianMatcher+JohnsonDijkstraStrategy,-1,mixed,matching_size,2
W0,2,1.5,0,HungarianMatcher+JohnsonDijkstraStrategy,-1,mixed,wall_clock_ms,0.005542
W0,3,1.5,97,Oracle,-1,mixed,oracle_size,2
W0,3,1.5,97,Oracle,-1,mixed,oracle_value,-6
W0,3,1.5,97,HungarianMatcher+BellmanFordStrategy,0,mixed,defect_at_iteration,2
W0,3,1.5,97,HungarianMatcher+BellmanFordStrategy,1,mixed,defect_at_iteration,1
W0,3,1.5,97,HungarianMatcher+BellmanFordStrategy,-1,mixed,augmentation_count,2
W0,3,1.5,97,HungarianMatcher+BellmanFordStrategy,-1,mixed,matching_value,-6
W0,3,1.5,97,HungarianMatcher+BellmanFordStrategy,-1,mixed,matching_size,2
W0,3,1.5,97,HungarianMatcher+BellmanFordStrategy,-1,mixed,wall_clock_ms,0.005535
W0,3,1.5,97,HungarianMatcher+JohnsonDijkstraStrategy,0,mixed,edge_relaxations,5
W0,3,1.5,97,HungarianMatcher+JohnsonDijkstraStrategy,0,mixed,defect_at_iteration,2
W0,3,1.5,97,HungarianMatcher+JohnsonDijkstraStrategy,1,mixed,edge_relaxations,5
W0,3,1.5,97,HungarianMatcher+JohnsonDijkstraStrategy,1,mixed,defect_at_iteration,1
W0,3,1.5,97,HungarianMatcher+JohnsonDijkstraStrategy,-1,mixed,augmentation_count,2
W0,3,1.5,97,HungarianMatcher+JohnsonDijkstraStrategy,-1,mixed,matching_value,-6
W0,3,1.5,97,HungarianMatcher+JohnsonDijkstraStrategy,-1,mixed,matching_size,2
W0,3,1.5,97,HungarianMatcher+JohnsonDijkstraStrategy,-1,mixed,wall_clock_ms,0.005686
W0,3,1.5,8,Oracle,-1,mixed,oracle_size,2
W0,3,1.5,8,Oracle,-1,mixed,oracle_value,-12
W0,3,1.5,8,HungarianMatcher+BellmanFordStrategy,0,mixed,defect_at_iteration,2
W0,3,1.5,8,HungarianMatcher+BellmanFordStrategy,1,mixed,defect_at_iteration,1
W0,3,1.5,8,HungarianMatcher+BellmanFordStrategy,-1,mixed,augmentation_count,2
W0,3,1.5,8,HungarianMatcher+BellmanFordStrategy,-1,mixed,matching_value,-12
W0,3,1.5,8,HungarianMatcher+BellmanFordStrategy,-1,mixed,matching_size,2
W0,3,1.5,8,HungarianMatcher+BellmanFordStrategy,-1,mixed,wall_clock_ms,0.005498
W0,3,1.5,8,HungarianMatcher+JohnsonDijkstraStrategy,0,mixed,edge_relaxations,5
W0,3,1.5,8,HungarianMatcher+JohnsonDijkstraStrategy,0,mixed,defect_at_iteration,2
W0,3,1.5,8,HungarianMatcher+JohnsonDijkstraStrategy,1,mixed,edge_relaxations,5
W0,3,1.5,8,HungarianMatcher+JohnsonDijkstraStrategy,1,mixed,defect_at_iteration,1
W0,3,1.5,8,HungarianMatcher+JohnsonDijkstraStrategy,-1,mixed,augmentation_count,2
W0,3,1.5,8,HungarianMatcher+JohnsonDijkstraStrategy,-1,mixed,matching_value,-12
W0,3,1.5,8,HungarianMatcher+JohnsonDijkstraStrategy,-1,mixed,matching_size,2
W0,3,1.5,8,HungarianMatcher+JohnsonDijkstraStrategy,-1,mixed,wall_clock_ms,0.006056
W0,3,1.5,60,Oracle,-1,mixed,oracle_size,2
W0,3,1.5,60,Oracle,-1,mixed,oracle_value,-6
W0,3,1.5,60,HungarianMatcher+BellmanFordStrategy,0,mixed,defect_at_iteration,2
W0,3,1.5,60,HungarianMatcher+BellmanFordStrategy,1,mixed,defect_at_iteration,1
W0,3,1.5,60,HungarianMatcher+BellmanFordStrategy,-1,mixed,augmentation_count,2
W0,3,1.5,60,HungarianMatcher+BellmanFordStrategy,-1,mixed,matching_value,-6
W0,3,1.5,60,HungarianMatcher+BellmanFordStrategy,-1,mixed,matching_size,2
W0,3,1.5,60,HungarianMatcher+BellmanFordStrategy,-1,mixed,wall_clock_ms,0.005008
W0,3,1.5,60,HungarianMatcher+JohnsonDijkstraStrategy,0,mixed,edge_relaxations,5
W0,3,1.5,60,HungarianMatcher+JohnsonDijkstraStrategy,0,mixed,defect_at_iteration,2
W0,3,1.5,60,HungarianMatcher+JohnsonDijkstraStrategy,1,mixed,edge_relaxations,5
W0,3,1.5,60,HungarianMatcher+JohnsonDijkstraStrategy,1,mixed,defect_at_iteration,1
W0,3,1.5,60,HungarianMatcher+JohnsonDijkstraStrategy,-1,mixed,augmentation_count,2
W0,3,1.5,60,HungarianMatcher+JohnsonDijkstraStrategy,-1,mixed,matching_value,-6
W0,3,1.5,60,HungarianMatcher+JohnsonDijkstraStrategy,-1,mixed,matching_size,2
W0,3,1.5,60,HungarianMatcher+JohnsonDijkstraStrategy,-1,mixed,wall_clock_ms,0.005998
W0,2,1.5,55,Oracle,-1,mixed,oracle_size,1
W0,2,1.5,55,Oracle,-1,mixed,oracle_value,-1
W0,2,1.5,55,HungarianMatcher+BellmanFordStrategy,0,mixed,defect_at_iteration,1
W0,2,1.5,55,HungarianMatcher+BellmanFordStrategy,-1,mixed,augmentation_count,1
W0,2,1.5,55,HungarianMatcher+BellmanFordStrategy,-1,mixed,matching_value,-1
W0,2,1.5,55,HungarianMatcher+BellmanFordStrategy,-1,mixed,matching_size,1
W0,2,1.5,55,HungarianMatcher+BellmanFordStrategy,-1,mixed,wall_clock_ms,0.003235
W0,2,1.5,55,HungarianMatcher+JohnsonDijkstraStrategy,0,mixed,edge_relaxations,2
W0,2,1.5,55,HungarianMatcher+JohnsonDijkstraStrategy,0,mixed,defect_at_iteration,1
W0,2,1.5,55,HungarianMatcher+JohnsonDijkstraStrategy,-1,mixed,augmentation_count,1
W0,2,1.5,55,HungarianMatcher+JohnsonDijkstraStrategy,-1,mixed,matching_value,-1
W0,2,1.5,55,HungarianMatcher+JohnsonDijkstraStrategy,-1,mixed,matching_size,1
W0,2,1.5,55,HungarianMatcher+JohnsonDijkstraStrategy,-1,mixed,wall_clock_ms,0.003262
W0,4,1.5,19,Oracle,-1,mixed,oracle_size,3
W0,4,1.5,19,Oracle,-1,mixed,oracle_value,-15
W0,4,1.5,19,HungarianMatcher+BellmanFordStrategy,0,mixed,defect_at_iteration,3
W0,4,1.5,19,HungarianMatcher+BellmanFordStrategy,1,mixed,defect_at_iteration,2
W0,4,1.5,19,HungarianMatcher+BellmanFordStrategy,2,mixed,defect_at_iteration,1
W0,4,1.5,19,HungarianMatcher+BellmanFordStrategy,-1,mixed,augmentation_count,3
W0,4,1.5,19,HungarianMatcher+BellmanFordStrategy,-1,mixed,matching_value,-15
W0,4,1.5,19,HungarianMatcher+BellmanFordStrategy,-1,mixed,matching_size,3
W0,4,1.5,19,HungarianMatcher+BellmanFordStrategy,-1,mixed,wall_clock_ms,0.007442
W0,4,1.5,19,HungarianMatcher+JohnsonDijkstraStrategy,0,mixed,edge_relaxations,8
W0,4,1.5,19,HungarianMatcher+JohnsonDijkstraStrategy,0,mixed,defect_at_iteration,3
W0,4,1.5,19,HungarianMatcher+JohnsonDijkstraStrategy,1,mixed,edge_relaxations,8
W0,4,1.5,19,HungarianMatcher+JohnsonDijkstraStrategy,1,mixed,defect_at_iteration,2
W0,4,1.5,19,HungarianMatcher+JohnsonDijkstraStrategy,2,mixed,edge_relaxations,8
W0,4,1.5,19,HungarianMatcher+JohnsonDijkstraStrategy,2,mixed,defect_at_iteration,1
W0,4,1.5,19,HungarianMatcher+JohnsonDijkstraStrategy,-1,mixed,augmentation_count,3
W0,4,1.5,19,HungarianMatcher+JohnsonDijkstraStrategy,-1,mixed,matching_value,-15
W0,4,1.5,19,HungarianMatcher+JohnsonDijkstraStrategy,-1,mixed,matching_size,3
W0,4,1.5,19,HungarianMatcher+JohnsonDijkstraStrategy,-1,mixed,wall_clock_ms,0.007944
W0,2,1.5,48,Oracle,-1,mixed,oracle_size,2
W0,2,1.5,48,Oracle,-1,mixed,oracle_value,-3
W0,2,1.5,48,HungarianMatcher+BellmanFordStrategy,0,mixed,defect_at_iteration,1
W0,2,1.5,48,HungarianMatcher+BellmanFordStrategy,1,mixed,defect_at_iteration,0
W0,2,1.5,48,HungarianMatcher+BellmanFordStrategy,-1,mixed,augmentation_count,2
W0,2,1.5,48,HungarianMatcher+BellmanFordStrategy,-1,mixed,matching_value,-3
W0,2,1.5,48,HungarianMatcher+BellmanFordStrategy,-1,mixed,matching_size,2
W0,2,1.5,48,HungarianMatcher+BellmanFordStrategy,-1,mixed,wall_clock_ms,0.004093
W0,2,1.5,48,HungarianMatcher+JohnsonDijkstraStrategy,0,mixed,edge_relaxations,2
W0,2,1.5,48,HungarianMatcher+JohnsonDijkstraStrategy,0,mixed,defect_at_iteration,1
W0,2,1.5,48,HungarianMatcher+JohnsonDijkstraStrategy,1,mixed,edge_relaxations,1
W0,2,1.5,48,HungarianMatcher+JohnsonDijkstraStrategy,1,mixed,defect_at_iteration,0
W0,2,1.5,48,HungarianMatcher+JohnsonDijkstraStrategy,-1,mixed,augmentation_count,2
W0,2,1.5,48,HungarianMatcher+JohnsonDijkstraStrategy,-1,mixed,matching_value,-3
W0,2,1.5,48,HungarianMatcher+JohnsonDijkstraStrategy,-1,mixed,matching_size,2
W0,2,1.5,48,HungarianMatcher+JohnsonDijkstraStrategy,-1,mixed,wall_clock_ms,0.004103
W0,2,1.5,97,Oracle,-1,mixed,oracle_size,2
W0,2,1.5,97,Oracle,-1,mixed,oracle_value,-7
W0,2,1.5,97,HungarianMatcher+BellmanFordStrategy,0,mixed,defect_at_iteration,1
W0,2,1.5,97,HungarianMatcher+BellmanFordStrategy,1,mixed,defect_at_iteration,0
W0,2,1.5,97,HungarianMatcher+BellmanFordStrategy,-1,mixed,augmentation_count,2
W0,2,1.5,97,HungarianMatcher+BellmanFordStrategy,-1,mixed,matching_value,-7
W0,2,1.5,97,HungarianMatcher+BellmanFordStrategy,-1,mixed,matching_size,2
W0,2,1.5,97,HungarianMatcher+BellmanFordStrategy,-1,mixed,wall_clock_ms,0.005017
W0,2,1.5,97,HungarianMatcher+JohnsonDijkstraStrategy,0,mixed,edge_relaxations,2
W0,2,1.5,97,HungarianMatcher+JohnsonDijkstraStrategy,0,mixed,defect_at_iteration,1
W0,2,1.5,97,HungarianMatcher+JohnsonDijkstraStrategy,1,mixed,edge_relaxations,1
W0,2,1.5,97,HungarianMatcher+JohnsonDijkstraStrategy,1,mixed,defect_at_iteration,0
W0,2,1.5,97,HungarianMatcher+JohnsonDijkstraStrategy,-1,mixed,augmentation_count,2
W0,2,1.5,97,HungarianMatcher+JohnsonDijkstraStrategy,-1,mixed,matching_value,-7
W0,2,1.5,97,HungarianMatcher+JohnsonDijkstraStrategy,-1,mixed,matching_size,2
W0,2,1.5,97,HungarianMatcher+JohnsonDijkstraStrategy,-1,mixed,wall_clock_ms,0.004792
W0,2,1.5,10,Oracle,-1,mixed,oracle_size,1
W0,2,1.5,10,Oracle,-1,mixed,oracle_value,-1
W0,2,1.5,10,HungarianMatcher+BellmanFordStrategy,0,mixed,defect_at_iteration,1
W0,2,1.5,10,HungarianMatcher+BellmanFordStrategy,-1,mixed,augmentation_count,1
W0,2,1.5,10,HungarianMatcher+BellmanFordStrategy,-1,mixed,matching_value,-1
W0,2,1.5,10,HungarianMatcher+BellmanFordStrategy,-1,mixed,matching_size,1
W0,2,1.5,10,HungarianMatcher+BellmanFordStrategy,-1,mixed,wall_clock_ms,0.004064
W0,2,1.5,10,HungarianMatcher+JohnsonDijkstraStrategy,0,mixed,edge_relaxations,2
W0,2,1.5,10,HungarianMatcher+JohnsonDijkstraStrategy,0,mixed,defect_at_iteration,1
W0,2,1.5,10,HungarianMatcher+JohnsonDijkstraStrategy,-1,mixed,augmentation_count,1
W0,2,1.5,10,HungarianMatcher+JohnsonDijkstraStrategy,-1,mixed,matching_value,-1
W0,2,1.5,10,HungarianMatcher+JohnsonDijkstraStrategy,-1,mixed,matching_size,1
W0,2,1.5,10,HungarianMatcher+JohnsonDijkstraStrategy,-1,mixed,wall_clock_ms,0.0038
W0,2,1.5,65,Oracle,-1,mixed,oracle_size,1
W0,2,1.5,65,Oracle,-1,mixed,oracle_value,-1
W0,2,1.5,65,HungarianMatcher+BellmanFordStrategy,0,mixed,defect_at_iteration,1
W0,2,1.5,65,HungarianMatcher+BellmanFordStrategy,-1,mixed,augmentation_count,1
W0,2,1.5,65,HungarianMatcher+BellmanFordStrategy,-1,mixed,matching_value,-1
W0,2,1.5,65,HungarianMatcher+BellmanFordStrategy,-1,mixed,matching_size,1
W0,2,1.5,65,HungarianMatcher+BellmanFordStrategy,-1,mixed,wall_clock_ms,0.004211
W0,2,1.5,65,HungarianMatcher+JohnsonDijkstraStrategy,0,mixed,edge_relaxations,2
W0,2,1.5,65,HungarianMatcher+JohnsonDijkstraStrategy,0,mixed,defect_at_iteration,1
W0,2,1.5,65,HungarianMatcher+JohnsonDijkstraStrategy,-1,mixed,augmentation_count,1
W0,2,1.5,65,HungarianMatcher+JohnsonDijkstraStrategy,-1,mixed,matching_value,-1
W0,2,1.5,65,HungarianMatcher+JohnsonDijkstraStrategy,-1,mixed,matching_size,1
W0,2,1.5,65,HungarianMatcher+JohnsonDijkstraStrategy,-1,mixed,wall_clock_ms,0.004331
W0,4,1.5,77,Oracle,-1,mixed,oracle_size,3
W0,4,1.5,77,Oracle,-1,mixed,oracle_value,-21
W0,4,1.5,77,HungarianMatcher+BellmanFordStrategy,0,mixed,defect_at_iteration,3
W0,4,1.5,77,HungarianMatcher+BellmanFordStrategy,1,mixed,defect_at_iteration,2
W0,4,1.5,77,HungarianMatcher+BellmanFordStrategy,2,mixed,defect_at_iteration,1
W0,4,1.5,77,HungarianMatcher+BellmanFordStrategy,-1,mixed,augmentation_count,3
W0,4,1.5,77,HungarianMatcher+BellmanFordStrategy,-1,mixed,matching_value,-21
W0,4,1.5,77,HungarianMatcher+BellmanFordStrategy,-1,mixed,matching_size,3
W0,4,1.5,77,HungarianMatcher+BellmanFordStrategy,-1,mixed,wall_clock_ms,0.005613
W0,4,1.5,77,HungarianMatcher+JohnsonDijkstraStrategy,0,mixed,edge_relaxations,8
W0,4,1.5,77,HungarianMatcher+JohnsonDijkstraStrategy,0,mixed,defect_at_iteration,3
W0,4,1.5,77,HungarianMatcher+JohnsonDijkstraStrategy,1,mixed,edge_relaxations,8
W0,4,1.5,77,HungarianMatcher+JohnsonDijkstraStrategy,1,mixed,defect_at_iteration,2
W0,4,1.5,77,HungarianMatcher+JohnsonDijkstraStrategy,2,mixed,edge_relaxations,8
W0,4,1.5,77,HungarianMatcher+JohnsonDijkstraStrategy,2,mixed,defect_at_iteration,1
W0,4,1.5,77,HungarianMatcher+JohnsonDijkstraStrategy,-1,mixed,augmentation_count,3
W0,4,1.5,77,HungarianMatcher+JohnsonDijkstraStrategy,-1,mixed,matching_value,-21
W0,4,1.5,77,HungarianMatcher+JohnsonDijkstraStrategy,-1,mixed,matching_size,3
W0,4,1.5,77,HungarianMatcher+JohnsonDijkstraStrategy,-1,mixed,wall_clock_ms,0.006772
W0,2,1.5,27,Oracle,-1,mixed,oracle_size,1
W0,2,1.5,27,Oracle,-1,mixed,oracle_value,0
W0,2,1.5,27,HungarianMatcher+BellmanFordStrategy,0,mixed,defect_at_iteration,1
W0,2,1.5,27,HungarianMatcher+BellmanFordStrategy,-1,mixed,augmentation_count,1
W0,2,1.5,27,HungarianMatcher+BellmanFordStrategy,-1,mixed,matching_value,0
W0,2,1.5,27,HungarianMatcher+BellmanFordStrategy,-1,mixed,matching_size,1
W0,2,1.5,27,HungarianMatcher+BellmanFordStrategy,-1,mixed,wall_clock_ms,0.003575
W0,2,1.5,27,HungarianMatcher+JohnsonDijkstraStrategy,0,mixed,edge_relaxations,2
W0,2,1.5,27,HungarianMatcher+JohnsonDijkstraStrategy,0,mixed,defect_at_iteration,1
W0,2,1.5,27,HungarianMatcher+JohnsonDijkstraStrategy,-1,mixed,augmentation_count,1
W0,2,1.5,27,HungarianMatcher+JohnsonDijkstraStrategy,-1,mixed,matching_value,0
W0,2,1.5,27,HungarianMatcher+JohnsonDijkstraStrategy,-1,mixed,matching_size,1
W0,2,1.5,27,HungarianMatcher+JohnsonDijkstraStrategy,-1,mixed,wall_clock_ms,0.003534
W0,3,1.5,85,Oracle,-1,mixed,oracle_size,3
W0,3,1.5,85,Oracle,-1,mixed,oracle_value,-18
W0,3,1.5,85,HungarianMatcher+BellmanFordStrategy,0,mixed,defect_at_iteration,2
W0,3,1.5,85,HungarianMatcher+BellmanFordStrategy,1,mixed,defect_at_iteration,1
W0,3,1.5,85,HungarianMatcher+BellmanFordStrategy,2,mixed,defect_at_iteration,0
W0,3,1.5,85,HungarianMatcher+BellmanFordStrategy,-1,mixed,augmentation_count,3
W0,3,1.5,85,HungarianMatcher+BellmanFordStrategy,-1,mixed,matching_value,-18
W0,3,1.5,85,HungarianMatcher+BellmanFordStrategy,-1,mixed,matching_size,3
W0,3,1.5,85,HungarianMatcher+BellmanFordStrategy,-1,mixed,wall_clock_ms,0.006774
W0,3,1.5,85,HungarianMatcher+JohnsonDijkstraStrategy,0,mixed,edge_relaxations,5
W0,3,1.5,85,HungarianMatcher+JohnsonDijkstraStrategy,0,mixed,defect_at_iteration,2
W0,3,1.5,85,HungarianMatcher+JohnsonDijkstraStrategy,1,mixed,edge_relaxations,5
W0,3,1.5,85,HungarianMatcher+JohnsonDijkstraStrategy,1,mixed,defect_at_iteration,1
W0,3,1.5,85,HungarianMatcher+JohnsonDijkstraStrategy,2,mixed,edge_relaxations,5
W0,3,1.5,85,HungarianMatcher+JohnsonDijkstraStrategy,2,mixed,defect_at_iteration,0
W0,3,1.5,85,HungarianMatcher+JohnsonDijkstraStrategy,-1,mixed,augmentation_count,3
W0,3,1.5,85,HungarianMatcher+JohnsonDijkstraStrategy,-1,mixed,matching_value,-18
W0,3,1.5,85,HungarianMatcher+JohnsonDijkstraStrategy,-1,mixed,matching_size,3
W0,3,1.5,85,HungarianMatcher+JohnsonDijkstraStrategy,-1,mixed,wall_clock_ms,0.006939
W0,4,1.5,56,Oracle,-1,mixed,oracle_size,4
W0,4,1.5,56,Oracle,-1,mixed,oracle_value,-27
W0,4,1.5,56,HungarianMatcher+BellmanFordStrategy,0,mixed,defect_at_iteration,3
W0,4,1.5,56,HungarianMatcher+BellmanFordStrategy,1,mixed,defect_at_iteration,2
W0,4,1.5,56,HungarianMatcher+BellmanFordStrategy,2,mixed,defect_at_iteration,1
W0,4,1.5,56,HungarianMatcher+BellmanFordStrategy,3,mixed,defect_at_iteration,0
W0,4,1.5,56,HungarianMatcher+BellmanFordStrategy,-1,mixed,augmentation_count,4
W0,4,1.5,56,HungarianMatcher+BellmanFordStrategy,-1,mixed,matching_value,-27
W0,4,1.5,56,HungarianMatcher+BellmanFordStrategy,-1,mixed,matching_size,4
W0,4,1.5,56,HungarianMatcher+BellmanFordStrategy,-1,mixed,wall_clock_ms,0.00887
W0,4,1.5,56,HungarianMatcher+JohnsonDijkstraStrategy,0,mixed,edge_relaxations,8
W0,4,1.5,56,HungarianMatcher+JohnsonDijkstraStrategy,0,mixed,defect_at_iteration,3
W0,4,1.5,56,HungarianMatcher+JohnsonDijkstraStrategy,1,mixed,edge_relaxations,8
W0,4,1.5,56,HungarianMatcher+JohnsonDijkstraStrategy,1,mixed,defect_at_iteration,2
W0,4,1.5,56,HungarianMatcher+JohnsonDijkstraStrategy,2,mixed,edge_relaxations,8
W0,4,1.5,56,HungarianMatcher+JohnsonDijkstraStrategy,2,mixed,defect_at_iteration,1
W0,4,1.5,56,HungarianMatcher+JohnsonDijkstraStrategy,3,mixed,edge_relaxations,8
W0,4,1.5,56,HungarianMatcher+JohnsonDijkstraStrategy,3,mixed,defect_at_iteration,0
W0,4,1.5,56,HungarianMatcher+JohnsonDijkstraStrategy,-1,mixed,augmentation_count,4
W0,4,1.5,56,HungarianMatcher+JohnsonDijkstraStrategy,-1,mixed,matching_value,-27
W0,4,1.5,56,HungarianMatcher+JohnsonDijkstraStrategy,-1,mixed,matching_size,4
W0,4,1.5,56,HungarianMatcher+JohnsonDijkstraStrategy,-1,mixed,wall_clock_ms,0.009821
W0,4,1.5,12,Oracle,-1,mixed,oracle_size,4
W0,4,1.5,12,Oracle,-1,mixed,oracle_value,-18
W0,4,1.5,12,HungarianMatcher+BellmanFordStrategy,0,mixed,defect_at_iteration,3
W0,4,1.5,12,HungarianMatcher+BellmanFordStrategy,1,mixed,defect_at_iteration,2
W0,4,1.5,12,HungarianMatcher+BellmanFordStrategy,2,mixed,defect_at_iteration,1
W0,4,1.5,12,HungarianMatcher+BellmanFordStrategy,3,mixed,defect_at_iteration,0
W0,4,1.5,12,HungarianMatcher+BellmanFordStrategy,-1,mixed,augmentation_count,4
W0,4,1.5,12,HungarianMatcher+BellmanFordStrategy,-1,mixed,matching_value,-18
W0,4,1.5,12,HungarianMatcher+BellmanFordStrategy,-1,mixed,matching_size,4
W0,4,1.5,12,HungarianMatcher+BellmanFordStrategy,-1,mixed,wall_clock_ms,0.007752
W0,4,1.5,12,HungarianMatcher+JohnsonDijkstraStrategy,0,mixed,edge_relaxations,8
W0,4,1.5,12,HungarianMatcher+JohnsonDijkstraStrategy,0,mixed,defect_at_iteration,3
W0,4,1.5,12,HungarianMatcher+JohnsonDijkstraStrategy,1,mixed,edge_relaxations,8
W0,4,1.5,12,HungarianMatcher+JohnsonDijkstraStrategy,1,mixed,defect_at_iteration,2
W0,4,1.5,12,HungarianMatcher+JohnsonDijkstraStrategy,2,mixed,edge_relaxations,6
W0,4,1.5,12,HungarianMatcher+JohnsonDijkstraStrategy,2,mixed,defect_at_iteration,1
W0,4,1.5,12,HungarianMatcher+JohnsonDijkstraStrategy,3,mixed,edge_relaxations,4
W0,4,1.5,12,HungarianMatcher+JohnsonDijkstraStrategy,3,mixed,defect_at_iteration,0
W0,4,1.5,12,HungarianMatcher+JohnsonDijkstraStrategy,-1,mixed,augmentation_count,4
W0,4,1.5,12,HungarianMatcher+JohnsonDijkstraStrategy,-1,mixed,matching_value,-18
W0,4,1.5,12,HungarianMatcher+JohnsonDijkstraStrategy,-1,mixed,matching_size,4
W0,4,1.5,12,HungarianMatcher+JohnsonDijkstraStrategy,-1,mixed,wall_clock_ms,0.009006
W0,4,1.5,8,Oracle,-1,mixed,oracle_size,4
W0,4,1.5,8,Oracle,-1,mixed,oracle_value,-28
W0,4,1.5,8,HungarianMatcher+BellmanFordStrategy,0,mixed,defect_at_iteration,3
W0,4,1.5,8,HungarianMatcher+BellmanFordStrategy,1,mixed,defect_at_iteration,2
W0,4,1.5,8,HungarianMatcher+BellmanFordStrategy,2,mixed,defect_at_iteration,1
W0,4,1.5,8,HungarianMatcher+BellmanFordStrategy,3,mixed,defect_at_iteration,0
W0,4,1.5,8,HungarianMatcher+BellmanFordStrategy,-1,mixed,augmentation_count,4
W0,4,1.5,8,HungarianMatcher+BellmanFordStrategy,-1,mixed,matching_value,-28
W0,4,1.5,8,HungarianMatcher+BellmanFordStrategy,-1,mixed,matching_size,4
W0,4,1.5,8,HungarianMatcher+BellmanFordStrategy,-1,mixed,wall_clock_ms,0.007736
W0,4,1.5,8,HungarianMatcher+JohnsonDijkstraStrategy,0,mixed,edge_relaxations,8
W0,4,1.5,8,HungarianMatcher+JohnsonDijkstraStrategy,0,mixed,defect_at_iteration,3
W0,4,1.5,8,HungarianMatcher+JohnsonDijkstraStrategy,1,mixed,edge_relaxations,8
W0,4,1.5,8,HungarianMatcher+JohnsonDijkstraStrategy,1,mixed,defect_at_iteration,2
W0,4,1.5,8,HungarianMatcher+JohnsonDijkstraStrategy,2,mixed,edge_relaxations,8
W0,4,1.5,8,HungarianMatcher+JohnsonDijkstraStrategy,2,mixed,defect_at_iteration,1
W0,4,1.5,8,HungarianMatcher+JohnsonDijkstraStrategy,3,mixed,edge_relaxations,3
W0,4,1.5,8,HungarianMatcher+JohnsonDijkstraStrategy,3,mixed,defect_at_iteration,0
W0,4,1.5,8,HungarianMatcher+JohnsonDijkstraStrategy,-1,mixed,augmentation_count,4
W0,4,1.5,8,HungarianMatcher+JohnsonDijkstraStrategy,-1,mixed,matching_value,-28
W0,4,1.5,8,HungarianMatcher+JohnsonDijkstraStrategy,-1,mixed,matching_size,4
W0,4,1.5,8,HungarianMatcher+JohnsonDijkstraStrategy,-1,mixed,wall_clock_ms,0.009521
W0,4,1.5,43,Oracle,-1,mixed,oracle_size,3
W0,4,1.5,43,Oracle,-1,mixed,oracle_value,-21
W0,4,1.5,43,HungarianMatcher+BellmanFordStrategy,0,mixed,defect_at_iteration,3
W0,4,1.5,43,HungarianMatcher+BellmanFordStrategy,1,mixed,defect_at_iteration,2
W0,4,1.5,43,HungarianMatcher+BellmanFordStrategy,2,mixed,defect_at_iteration,1
W0,4,1.5,43,HungarianMatcher+BellmanFordStrategy,-1,mixed,augmentation_count,3
W0,4,1.5,43,HungarianMatcher+BellmanFordStrategy,-1,mixed,matching_value,-21
W0,4,1.5,43,HungarianMatcher+BellmanFordStrategy,-1,mixed,matching_size,3
W0,4,1.5,43,HungarianMatcher+BellmanFordStrategy,-1,mixed,wall_clock_ms,0.007365
W0,4,1.5,43,HungarianMatcher+JohnsonDijkstraStrategy,0,mixed,edge_relaxations,8
W0,4,1.5,43,HungarianMatcher+JohnsonDijkstraStrategy,0,mixed,defect_at_iteration,3
W0,4,1.5,43,HungarianMatcher+JohnsonDijkstraStrategy,1,mixed,edge_relaxations,8
W0,4,1.5,43,HungarianMatcher+JohnsonDijkstraStrategy,1,mixed,defect_at_iteration,2
W0,4,1.5,43,HungarianMatcher+JohnsonDijkstraStrategy,2,mixed,edge_relaxations,8
W0,4,1.5,43,HungarianMatcher+JohnsonDijkstraStrategy,2,mixed,defect_at_iteration,1
W0,4,1.5,43,HungarianMatcher+JohnsonDijkstraStrategy,-1,mixed,augmentation_count,3
W0,4,1.5,43,HungarianMatcher+JohnsonDijkstraStrategy,-1,mixed,matching_value,-21
W0,4,1.5,43,HungarianMatcher+JohnsonDijkstraStrategy,-1,mixed,matching_size,3
W0,4,1.5,43,HungarianMatcher+JohnsonDijkstraStrategy,-1,mixed,wall_clock_ms,0.008017
W0,2,1.5,38,Oracle,-1,mixed,oracle_size,1
W0,2,1.5,38,Oracle,-1,mixed,oracle_value,0
W0,2,1.5,38,HungarianMatcher+BellmanFordStrategy,0,mixed,defect_at_iteration,1
W0,2,1.5,38,HungarianMatcher+BellmanFordStrategy,-1,mixed,augmentation_count,1
W0,2,1.5,38,HungarianMatcher+BellmanFordStrategy,-1,mixed,matching_value,0
W0,2,1.5,38,HungarianMatcher+BellmanFordStrategy,-1,mixed,matching_size,1
W0,2,1.5,38,HungarianMatcher+BellmanFordStrategy,-1,mixed,wall_clock_ms,0.004668
W0,2,1.5,38,HungarianMatcher+JohnsonDijkstraStrategy,0,mixed,edge_relaxations,2
W0,2,1.5,38,HungarianMatcher+JohnsonDijkstraStrategy,0,mixed,defect_at_iteration,1
W0,2,1.5,38,HungarianMatcher+JohnsonDijkstraStrategy,-1,mixed,augmentation_count,1
W0,2,1.5,38,HungarianMatcher+JohnsonDijkstraStrategy,-1,mixed,matching_value,0
W0,2,1.5,38,HungarianMatcher+JohnsonDijkstraStrategy,-1,mixed,matching_size,1
W0,2,1.5,38,HungarianMatcher+JohnsonDijkstraStrategy,-1,mixed,wall_clock_ms,0.004499
W0,4,1.5,45,Oracle,-1,mixed,oracle_size,4
W0,4,1.5,45,Oracle,-1,mixed,oracle_value,-46
W0,4,1.5,45,HungarianMatcher+BellmanFordStrategy,0,mixed,defect_at_iteration,3
W0,4,1.5,45,HungarianMatcher+BellmanFordStrategy,1,mixed,defect_at_iteration,2
W0,4,1.5,45,HungarianMatcher+BellmanFordStrategy,2,mixed,defect_at_iteration,1
W0,4,1.5,45,HungarianMatcher+BellmanFordStrategy,3,mixed,defect_at_iteration,0
W0,4,1.5,45,HungarianMatcher+BellmanFordStrategy,-1,mixed,augmentation_count,4
W0,4,1.5,45,HungarianMatcher+BellmanFordStrategy,-1,mixed,matching_value,-46
W0,4,1.5,45,HungarianMatcher+BellmanFordStrategy,-1,mixed,matching_size,4
W0,4,1.5,45,HungarianMatcher+BellmanFordStrategy,-1,mixed,wall_clock_ms,0.00788
W0,4,1.5,45,HungarianMatcher+JohnsonDijkstraStrategy,0,mixed,edge_relaxations,8
W0,4,1.5,45,HungarianMatcher+JohnsonDijkstraStrategy,0,mixed,defect_at_iteration,3
W0,4,1.5,45,HungarianMatcher+JohnsonDijkstraStrategy,1,mixed,edge_relaxations,8
W0,4,1.5,45,HungarianMatcher+JohnsonDijkstraStrategy,1,mixed,defect_at_iteration,2
W0,4,1.5,45,HungarianMatcher+JohnsonDijkstraStrategy,2,mixed,edge_relaxations,6
W0,4,1.5,45,HungarianMatcher+JohnsonDijkstraStrategy,2,mixed,defect_at_iteration,1
W0,4,1.5,45,HungarianMatcher+JohnsonDijkstraStrategy,3,mixed,edge_relaxations,6
W0,4,1.5,45,HungarianMatcher+JohnsonDijkstraStrategy,3,mixed,defect_at_iteration,0
W0,4,1.5,45,HungarianMatcher+JohnsonDijkstraStrategy,-1,mixed,augmentation_count,4
W0,4,1.5,45,HungarianMatcher+JohnsonDijkstraStrategy,-1,mixed,matching_value,-46
W0,4,1.5,45,HungarianMatcher+JohnsonDijkstraStrategy,-1,mixed,matching_size,4
W0,4,1.5,45,HungarianMatcher+JohnsonDijkstraStrategy,-1,mixed,wall_clock_ms,0.008823
W0,4,1.5,27,Oracle,-1,mixed,oracle_size,3
W0,4,1.5,27,Oracle,-1,mixed,oracle_value,-9
W0,4,1.5,27,HungarianMatcher+BellmanFordStrategy,0,mixed,defect_at_iteration,3
W0,4,1.5,27,HungarianMatcher+BellmanFordStrategy,1,mixed,defect_at_iteration,2
W0,4,1.5,27,HungarianMatcher+BellmanFordStrategy,2,mixed,defect_at_iteration,1
W0,4,1.5,27,HungarianMatcher+BellmanFordStrategy,-1,mixed,augmentation_count,3
W0,4,1.5,27,HungarianMatcher+BellmanFordStrategy,-1,mixed,matching_value,-9
W0,4,1.5,27,HungarianMatcher+BellmanFordStrategy,-1,mixed,matching_size,3
W0,4,1.5,27,HungarianMatcher+BellmanFordStrategy,-1,mixed,wall_clock_ms,0.00731
W0,4,1.5,27,HungarianMatcher+JohnsonDijkstraStrategy,0,mixed,edge_relaxations,8
W0,4,1.5,27,HungarianMatcher+JohnsonDijkstraStrategy,0,mixed,defect_at_iteration,3
W0,4,1.5,27,HungarianMatcher+JohnsonDijkstraStrategy,1,mixed,edge_relaxations,8
W0,4,1.5,27,HungarianMatcher+JohnsonDijkstraStrategy,1,mixed,defect_at_iteration,2
W0,4,1.5,27,HungarianMatcher+JohnsonDijkstraStrategy,2,mixed,edge_relaxations,5
W0,4,1.5,27,HungarianMatcher+JohnsonDijkstraStrategy,2,mixed,defect_at_iteration,1
W0,4,1.5,27,HungarianMatcher+JohnsonDijkstraStrategy,-1,mixed,augmentation_count,3
W0,4,1.5,27,HungarianMatcher+JohnsonDijkstraStrategy,-1,mixed,matching_value,-9
W0,4,1.5,27,HungarianMatcher+JohnsonDijkstraStrategy,-1,mixed,matching_size,3
W0,4,1.5,27,HungarianMatcher+JohnsonDijkstraStrategy,-1,mixed,wall_clock_ms,0.007338
W0,3,1.5,25,Oracle,-1,mixed,oracle_size,3
W0,3,1.5,25,Oracle,-1,mixed,oracle_value,-8
W0,3,1.5,25,HungarianMatcher+BellmanFordStrategy,0,mixed,defect_at_iteration,2
W0,3,1.5,25,HungarianMatcher+BellmanFordStrategy,1,mixed,defect_at_iteration,1
W0,3,1.5,25,HungarianMatcher+BellmanFordStrategy,2,mixed,defect_at_iteration,0
W0,3,1.5,25,HungarianMatcher+BellmanFordStrategy,-1,mixed,augmentation_count,3
W0,3,1.5,25,HungarianMatcher+BellmanFordStrategy,-1,mixed,matching_value,-8
W0,3,1.5,25,HungarianMatcher+BellmanFordStrategy,-1,mixed,matching_size,3
W0,3,1.5,25,HungarianMatcher+BellmanFordStrategy,-1,mixed,wall_clock_ms,0.006863
W0,3,1.5,25,HungarianMatcher+JohnsonDijkstraStrategy,0,mixed,edge_relaxations,5
W0,3,1.5,25,HungarianMatcher+JohnsonDijkstraStrategy,0,mixed,defect_at_iteration,2
W0,3,1.5,25,HungarianMatcher+JohnsonDijkstraStrategy,1,mixed,edge_relaxations,5
W0,3,1.5,25,HungarianMatcher+JohnsonDijkstraStrategy,1,mixed,defect_at_iteration,1
W0,3,1.5,25,HungarianMatcher+JohnsonDijkstraStrategy,2,mixed,edge_relaxations,3
W0,3,1.5,25,HungarianMatcher+JohnsonDijkstraStrategy,2,mixed,defect_at_iteration,0
W0,3,1.5,25,HungarianMatcher+JohnsonDijkstraStrategy,-1,mixed,augmentation_count,3
W0,3,1.5,25,HungarianMatcher+JohnsonDijkstraStrategy,-1,mixed,matching_value,-8
W0,3,1.5,25,HungarianMatcher+JohnsonDijkstraStrategy,-1,mixed,matching_size,3
W0,3,1.5,25,HungarianMatcher+JohnsonDijkstraStrategy,-1,mixed,wall_clock_ms,0.007217
W0,4,1.5,70,Oracle,-1,mixed,oracle_size,3
W0,4,1.5,70,Oracle,-1,mixed,oracle_value,-15
W0,4,1.5,70,HungarianMatcher+BellmanFordStrategy,0,mixed,defect_at_iteration,3
W0,4,1.5,70,HungarianMatcher+BellmanFordStrategy,1,mixed,defect_at_iteration,2
W0,4,1.5,70,HungarianMatcher+BellmanFordStrategy,2,mixed,defect_at_iteration,1
W0,4,1.5,70,HungarianMatcher+BellmanFordStrategy,-1,mixed,augmentation_count,3
W0,4,1.5,70,HungarianMatcher+BellmanFordStrategy,-1,mixed,matching_value,-15
W0,4,1.5,70,HungarianMatcher+BellmanFordStrategy,-1,mixed,matching_size,3
W0,4,1.5,70,HungarianMatcher+BellmanFordStrategy,-1,mixed,wall_clock_ms,0.006361
W0,4,1.5,70,HungarianMatcher+JohnsonDijkstraStrategy,0,mixed,edge_relaxations,8
W0,4,1.5,70,HungarianMatcher+JohnsonDijkstraStrategy,0,mixed,defect_at_iteration,3
W0,4,1.5,70,HungarianMatcher+JohnsonDijkstraStrategy,1,mixed,edge_relaxations,8
W0,4,1.5,70,HungarianMatcher+JohnsonDijkstraStrategy,1,mixed,defect_at_iteration,2
W0,4,1.5,70,HungarianMatcher+JohnsonDijkstraStrategy,2,mixed,edge_relaxations,8
W0,4,1.5,70,HungarianMatcher+JohnsonDijkstraStrategy,2,mixed,defect_at_iteration,1
W0,4,1.5,70,HungarianMatcher+JohnsonDijkstraStrategy,-1,mixed,augmentation_count,3
W0,4,1.5,70,HungarianMatcher+JohnsonDijkstraStrategy,-1,mixed,matching_value,-15
W0,4,1.5,70,HungarianMatcher+JohnsonDijkstraStrategy,-1,mixed,matching_size,3
W0,4,1.5,70,HungarianMatcher+JohnsonDijkstraStrategy,-1,mixed,wall_clock_ms,0.006688
W0,2,1.5,91,Oracle,-1,mixed,oracle_size,1
W0,2,1.5,91,Oracle,-1,mixed,oracle_value,-1
W0,2,1.5,91,HungarianMatcher+BellmanFordStrategy,0,mixed,defect_at_iteration,1
W0,2,1.5,91,HungarianMatcher+BellmanFordStrategy,-1,mixed,augmentation_count,1
W0,2,1.5,91,HungarianMatcher+BellmanFordStrategy,-1,mixed,matching_value,-1
W0,2,1.5,91,HungarianMatcher+BellmanFordStrategy,-1,mixed,matching_size,1
W0,2,1.5,91,HungarianMatcher+BellmanFordStrategy,-1,mixed,wall_clock_ms,0.004497
W0,2,1.5,91,HungarianMatcher+JohnsonDijkstraStrategy,0,mixed,edge_relaxations,2
W0,2,1.5,91,HungarianMatcher+JohnsonDijkstraStrategy,0,mixed,defect_at_iteration,1
W0,2,1.5,91,HungarianMatcher+JohnsonDijkstraStrategy,-1,mixed,augmentation_count,1
W0,2,1.5,91,HungarianMatcher+JohnsonDijkstraStrategy,-1,mixed,matching_value,-1
W0,2,1.5,91,HungarianMatcher+JohnsonDijkstraStrategy,-1,mixed,matching_size,1
W0,2,1.5,91,HungarianMatcher+JohnsonDijkstraStrategy,-1,mixed,wall_clock_ms,0.004326
W0,4,1.5,80,Oracle,-1,mixed,oracle_size,4
W0,4,1.5,80,Oracle,-1,mixed,oracle_value,-18
W0,4,1.5,80,HungarianMatcher+BellmanFordStrategy,0,mixed,defect_at_iteration,3
W0,4,1.5,80,HungarianMatcher+BellmanFordStrategy,1,mixed,defect_at_iteration,2
W0,4,1.5,80,HungarianMatcher+BellmanFordStrategy,2,mixed,defect_at_iteration,1
W0,4,1.5,80,HungarianMatcher+BellmanFordStrategy,3,mixed,defect_at_iteration,0
W0,4,1.5,80,HungarianMatcher+BellmanFordStrategy,-1,mixed,augmentation_count,4
W0,4,1.5,80,HungarianMatcher+BellmanFordStrategy,-1,mixed,matching_value,-18
W0,4,1.5,80,HungarianMatcher+BellmanFordStrategy,-1,mixed,matching_size,4
W0,4,1.5,80,HungarianMatcher+BellmanFordStrategy,-1,mixed,wall_clock_ms,0.007992
W0,4,1.5,80,HungarianMatcher+JohnsonDijkstraStrategy,0,mixed,edge_relaxations,8
W0,4,1.5,80,HungarianMatcher+JohnsonDijkstraStrategy,0,mixed,defect_at_iteration,3
W0,4,1.5,80,HungarianMatcher+JohnsonDijkstraStrategy,1,mixed,edge_relaxations,8
W0,4,1.5,80,HungarianMatcher+JohnsonDijkstraStrategy,1,mixed,defect_at_iteration,2
W0,4,1.5,80,HungarianMatcher+JohnsonDijkstraStrategy,2,mixed,edge_relaxations,8
W0,4,1.5,80,HungarianMatcher+JohnsonDijkstraStrategy,2,mixed,defect_at_iteration,1
W0,4,1.5,80,HungarianMatcher+JohnsonDijkstraStrategy,3,mixed,edge_relaxations,1
W0,4,1.5,80,HungarianMatcher+JohnsonDijkstraStrategy,3,mixed,defect_at_iteration,0
W0,4,1.5,80,HungarianMatcher+JohnsonDijkstraStrategy,-1,mixed,augmentation_count,4
W0,4,1.5,80,HungarianMatcher+JohnsonDijkstraStrategy,-1,mixed,matching_value,-18
W0,4,1.5,80,HungarianMatcher+JohnsonDijkstraStrategy,-1,mixed,matching_size,4
W0,4,1.5,80,HungarianMatcher+JohnsonDijkstraStrategy,-1,mixed,wall_clock_ms,0.009705
W0,4,1.5,69,Oracle,-1,mixed,oracle_size,4
W0,4,1.5,69,Oracle,-1,mixed,oracle_value,-37
W0,4,1.5,69,HungarianMatcher+BellmanFordStrategy,0,mixed,defect_at_iteration,3
W0,4,1.5,69,HungarianMatcher+BellmanFordStrategy,1,mixed,defect_at_iteration,2
W0,4,1.5,69,HungarianMatcher+BellmanFordStrategy,2,mixed,defect_at_iteration,1
W0,4,1.5,69,HungarianMatcher+BellmanFordStrategy,3,mixed,defect_at_iteration,0
W0,4,1.5,69,HungarianMatcher+BellmanFordStrategy,-1,mixed,augmentation_count,4
W0,4,1.5,69,HungarianMatcher+BellmanFordStrategy,-1,mixed,matching_value,-37
W0,4,1.5,69,HungarianMatcher+BellmanFordStrategy,-1,mixed,matching_size,4
W0,4,1.5,69,HungarianMatcher+BellmanFordStrategy,-1,mixed,wall_clock_ms,0.008662
W0,4,1.5,69,HungarianMatcher+JohnsonDijkstraStrategy,0,mixed,edge_relaxations,8
W0,4,1.5,69,HungarianMatcher+JohnsonDijkstraStrategy,0,mixed,defect_at_iteration,3
W0,4,1.5,69,HungarianMatcher+JohnsonDijkstraStrategy,1,mixed,edge_relaxations,8
W0,4,1.5,69,HungarianMatcher+JohnsonDijkstraStrategy,1,mixed,defect_at_iteration,2
W0,4,1.5,69,HungarianMatcher+JohnsonDijkstraStrategy,2,mixed,edge_relaxations,8
W0,4,1.5,69,HungarianMatcher+JohnsonDijkstraStrategy,2,mixed,defect_at_iteration,1
W0,4,1.5,69,HungarianMatcher+JohnsonDijkstraStrategy,3,mixed,edge_relaxations,8
W0,4,1.5,69,HungarianMatcher+JohnsonDijkstraStrategy,3,mixed,defect_at_iteration,0
W0,4,1.5,69,HungarianMatcher+JohnsonDijkstraStrategy,-1,mixed,augmentation_count,4
W0,4,1.5,69,HungarianMatcher+JohnsonDijkstraStrategy,-1,mixed,matching_value,-37
W0,4,1.5,69,HungarianMatcher+JohnsonDijkstraStrategy,-1,mixed,matching_size,4
W0,4,1.5,69,HungarianMatcher+JohnsonDijkstraStrategy,-1,mixed,wall_clock_ms,0.010243
W0,3,1.5,10,Oracle,-1,mixed,oracle_size,3
W0,3,1.5,10,Oracle,-1,mixed,oracle_value,-13
W0,3,1.5,10,HungarianMatcher+BellmanFordStrategy,0,mixed,defect_at_iteration,2
W0,3,1.5,10,HungarianMatcher+BellmanFordStrategy,1,mixed,defect_at_iteration,1
W0,3,1.5,10,HungarianMatcher+BellmanFordStrategy,2,mixed,defect_at_iteration,0
W0,3,1.5,10,HungarianMatcher+BellmanFordStrategy,-1,mixed,augmentation_count,3
W0,3,1.5,10,HungarianMatcher+BellmanFordStrategy,-1,mixed,matching_value,-13
W0,3,1.5,10,HungarianMatcher+BellmanFordStrategy,-1,mixed,matching_size,3
W0,3,1.5,10,HungarianMatcher+BellmanFordStrategy,-1,mixed,wall_clock_ms,0.005246
W0,3,1.5,10,HungarianMatcher+JohnsonDijkstraStrategy,0,mixed,edge_relaxations,5
W0,3,1.5,10,HungarianMatcher+JohnsonDijkstraStrategy,0,mixed,defect_at_iteration,2
W0,3,1.5,10,HungarianMatcher+JohnsonDijkstraStrategy,1,mixed,edge_relaxations,5
W0,3,1.5,10,HungarianMatcher+JohnsonDijkstraStrategy,1,mixed,defect_at_iteration,1
W0,3,1.5,10,HungarianMatcher+JohnsonDijkstraStrategy,2,mixed,edge_relaxations,5
W0,3,1.5,10,HungarianMatcher+JohnsonDijkstraStrategy,2,mixed,defect_at_iteration,0
W0,3,1.5,10,HungarianMatcher+JohnsonDijkstraStrategy,-1,mixed,augmentation_count,3
W0,3,1.5,10,HungarianMatcher+JohnsonDijkstraStrategy,-1,mixed,matching_value,-13
W0,3,1.5,10,HungarianMatcher+JohnsonDijkstraStrategy,-1,mixed,matching_size,3
W0,3,1.5,10,HungarianMatcher+JohnsonDijkstraStrategy,-1,mixed,wall_clock_ms,0.005974
W0,3,1.5,51,Oracle,-1,mixed,oracle_size,3
W0,3,1.5,51,Oracle,-1,mixed,oracle_value,-12
W0,3,1.5,51,HungarianMatcher+BellmanFordStrategy,0,mixed,defect_at_iteration,2
W0,3,1.5,51,HungarianMatcher+BellmanFordStrategy,1,mixed,defect_at_iteration,1
W0,3,1.5,51,HungarianMatcher+BellmanFordStrategy,2,mixed,defect_at_iteration,0
W0,3,1.5,51,HungarianMatcher+BellmanFordStrategy,-1,mixed,augmentation_count,3
W0,3,1.5,51,HungarianMatcher+BellmanFordStrategy,-1,mixed,matching_value,-12
W0,3,1.5,51,HungarianMatcher+BellmanFordStrategy,-1,mixed,matching_size,3
W0,3,1.5,51,HungarianMatcher+BellmanFordStrategy,-1,mixed,wall_clock_ms,0.006176
W0,3,1.5,51,HungarianMatcher+JohnsonDijkstraStrategy,0,mixed,edge_relaxations,5
W0,3,1.5,51,HungarianMatcher+JohnsonDijkstraStrategy,0,mixed,defect_at_iteration,2
W0,3,1.5,51,HungarianMatcher+JohnsonDijkstraStrategy,1,mixed,edge_relaxations,5
W0,3,1.5,51,HungarianMatcher+JohnsonDijkstraStrategy,1,mixed,defect_at_iteration,1
W0,3,1.5,51,HungarianMatcher+JohnsonDijkstraStrategy,2,mixed,edge_relaxations,4
W0,3,1.5,51,HungarianMatcher+JohnsonDijkstraStrategy,2,mixed,defect_at_iteration,0
W0,3,1.5,51,HungarianMatcher+JohnsonDijkstraStrategy,-1,mixed,augmentation_count,3
W0,3,1.5,51,HungarianMatcher+JohnsonDijkstraStrategy,-1,mixed,matching_value,-12
W0,3,1.5,51,HungarianMatcher+JohnsonDijkstraStrategy,-1,mixed,matching_size,3
W0,3,1.5,51,HungarianMatcher+JohnsonDijkstraStrategy,-1,mixed,wall_clock_ms,0.007188
W0,4,1.5,35,Oracle,-1,mixed,oracle_size,3
W0,4,1.5,35,Oracle,-1,mixed,oracle_value,-22
W0,4,1.5,35,HungarianMatcher+BellmanFordStrategy,0,mixed,defect_at_iteration,3
W0,4,1.5,35,HungarianMatcher+BellmanFordStrategy,1,mixed,defect_at_iteration,2
W0,4,1.5,35,HungarianMatcher+BellmanFordStrategy,2,mixed,defect_at_iteration,1
W0,4,1.5,35,HungarianMatcher+BellmanFordStrategy,-1,mixed,augmentation_count,3
W0,4,1.5,35,HungarianMatcher+BellmanFordStrategy,-1,mixed,matching_value,-22
W0,4,1.5,35,HungarianMatcher+BellmanFordStrategy,-1,mixed,matching_size,3
W0,4,1.5,35,HungarianMatcher+BellmanFordStrategy,-1,mixed,wall_clock_ms,0.007411
W0,4,1.5,35,HungarianMatcher+JohnsonDijkstraStrategy,0,mixed,edge_relaxations,8
W0,4,1.5,35,HungarianMatcher+JohnsonDijkstraStrategy,0,mixed,defect_at_iteration,3
W0,4,1.5,35,HungarianMatcher+JohnsonDijkstraStrategy,1,mixed,edge_relaxations,8
W0,4,1.5,35,HungarianMatcher+JohnsonDijkstraStrategy,1,mixed,defect_at_iteration,2
W0,4,1.5,35,HungarianMatcher+JohnsonDijkstraStrategy,2,mixed,edge_relaxations,8
W0,4,1.5,35,HungarianMatcher+JohnsonDijkstraStrategy,2,mixed,defect_at_iteration,1
W0,4,1.5,35,HungarianMatcher+JohnsonDijkstraStrategy,-1,mixed,augmentation_count,3
W0,4,1.5,35,HungarianMatcher+JohnsonDijkstraStrategy,-1,mixed,matching_value,-22
W0,4,1.5,35,HungarianMatcher+JohnsonDijkstraStrategy,-1,mixed,matching_size,3
W0,4,1.5,35,HungarianMatcher+JohnsonDijkstraStrategy,-1,mixed,wall_clock_ms,0.008469
W0,2,1.5,54,Oracle,-1,mixed,oracle_size,2
W0,2,1.5,54,Oracle,-1,mixed,oracle_value,-4
W0,2,1.5,54,HungarianMatcher+BellmanFordStrategy,0,mixed,defect_at_iteration,1
W0,2,1.5,54,HungarianMatcher+BellmanFordStrategy,1,mixed,defect_at_iteration,0
W0,2,1.5,54,HungarianMatcher+BellmanFordStrategy,-1,mixed,augmentation_count,2
W0,2,1.5,54,HungarianMatcher+BellmanFordStrategy,-1,mixed,matching_value,-4
W0,2,1.5,54,HungarianMatcher+BellmanFordStrategy,-1,mixed,matching_size,2
W0,2,1.5,54,HungarianMatcher+BellmanFordStrategy,-1,mixed,wall_clock_ms,0.004
W0,2,1.5,54,HungarianMatcher+JohnsonDijkstraStrategy,0,mixed,edge_relaxations,2
W0,2,1.5,54,HungarianMatcher+JohnsonDijkstraStrategy,0,mixed,defect_at_iteration,1
W0,2,1.5,54,HungarianMatcher+JohnsonDijkstraStrategy,1,mixed,edge_relaxations,1
W0,2,1.5,54,HungarianMatcher+JohnsonDijkstraStrategy,1,mixed,defect_at_iteration,0
W0,2,1.5,54,HungarianMatcher+JohnsonDijkstraStrategy,-1,mixed,augmentation_count,2
W0,2,1.5,54,HungarianMatcher+JohnsonDijkstraStrategy,-1,mixed,matching_value,-4
W0,2,1.5,54,HungarianMatcher+JohnsonDijkstraStrategy,-1,mixed,matching_size,2
W0,2,1.5,54,HungarianMatcher+JohnsonDijkstraStrategy,-1,mixed,wall_clock_ms,0.004243
W0,2,1.5,47,Oracle,-1,mixed,oracle_size,1
W0,2,1.5,47,Oracle,-1,mixed,oracle_value,-2
W0,2,1.5,47,HungarianMatcher+BellmanFordStrategy,0,mixed,defect_at_iteration,1
W0,2,1.5,47,HungarianMatcher+BellmanFordStrategy,-1,mixed,augmentation_count,1
W0,2,1.5,47,HungarianMatcher+BellmanFordStrategy,-1,mixed,matching_value,-2
W0,2,1.5,47,HungarianMatcher+BellmanFordStrategy,-1,mixed,matching_size,1
W0,2,1.5,47,HungarianMatcher+BellmanFordStrategy,-1,mixed,wall_clock_ms,0.004486
W0,2,1.5,47,HungarianMatcher+JohnsonDijkstraStrategy,0,mixed,edge_relaxations,2
W0,2,1.5,47,HungarianMatcher+JohnsonDijkstraStrategy,0,mixed,defect_at_iteration,1
W0,2,1.5,47,HungarianMatcher+JohnsonDijkstraStrategy,-1,mixed,augmentation_count,1
W0,2,1.5,47,HungarianMatcher+JohnsonDijkstraStrategy,-1,mixed,matching_value,-2
W0,2,1.5,47,HungarianMatcher+JohnsonDijkstraStrategy,-1,mixed,matching_size,1
W0,2,1.5,47,HungarianMatcher+JohnsonDijkstraStrategy,-1,mixed,wall_clock_ms,0.004455
W0,2,1.5,17,Oracle,-1,mixed,oracle_size,1
W0,2,1.5,17,Oracle,-1,mixed,oracle_value,0
W0,2,1.5,17,HungarianMatcher+BellmanFordStrategy,0,mixed,defect_at_iteration,1
W0,2,1.5,17,HungarianMatcher+BellmanFordStrategy,-1,mixed,augmentation_count,1
W0,2,1.5,17,HungarianMatcher+BellmanFordStrategy,-1,mixed,matching_value,0
W0,2,1.5,17,HungarianMatcher+BellmanFordStrategy,-1,mixed,matching_size,1
W0,2,1.5,17,HungarianMatcher+BellmanFordStrategy,-1,mixed,wall_clock_ms,0.004194
W0,2,1.5,17,HungarianMatcher+JohnsonDijkstraStrategy,0,mixed,edge_relaxations,2
W0,2,1.5,17,HungarianMatcher+JohnsonDijkstraStrategy,0,mixed,defect_at_iteration,1
W0,2,1.5,17,HungarianMatcher+JohnsonDijkstraStrategy,-1,mixed,augmentation_count,1
W0,2,1.5,17,HungarianMatcher+JohnsonDijkstraStrategy,-1,mixed,matching_value,0
W0,2,1.5,17,HungarianMatcher+JohnsonDijkstraStrategy,-1,mixed,matching_size,1
W0,2,1.5,17,HungarianMatcher+JohnsonDijkstraStrategy,-1,mixed,wall_clock_ms,0.004221
W0,3,1.5,74,Oracle,-1,mixed,oracle_size,3
W0,3,1.5,74,Oracle,-1,mixed,oracle_value,-19
W0,3,1.5,74,HungarianMatcher+BellmanFordStrategy,0,mixed,defect_at_iteration,2
W0,3,1.5,74,HungarianMatcher+BellmanFordStrategy,1,mixed,defect_at_iteration,1
W0,3,1.5,74,HungarianMatcher+BellmanFordStrategy,2,mixed,defect_at_iteration,0
W0,3,1.5,74,HungarianMatcher+BellmanFordStrategy,-1,mixed,augmentation_count,3
W0,3,1.5,74,HungarianMatcher+BellmanFordStrategy,-1,mixed,matching_value,-19
W0,3,1.5,74,HungarianMatcher+BellmanFordStrategy,-1,mixed,matching_size,3
W0,3,1.5,74,HungarianMatcher+BellmanFordStrategy,-1,mixed,wall_clock_ms,0.006677
W0,3,1.5,74,HungarianMatcher+JohnsonDijkstraStrategy,0,mixed,edge_relaxations,5
W0,3,1.5,74,HungarianMatcher+JohnsonDijkstraStrategy,0,mixed,defect_at_iteration,2
W0,3,1.5,74,HungarianMatcher+JohnsonDijkstraStrategy,1,mixed,edge_relaxations,5
W0,3,1.5,74,HungarianMatcher+JohnsonDijkstraStrategy,1,mixed,defect_at_iteration,1
W0,3,1.5,74,HungarianMatcher+JohnsonDijkstraStrategy,2,mixed,edge_relaxations,3
W0,3,1.5,74,HungarianMatcher+JohnsonDijkstraStrategy,2,mixed,defect_at_iteration,0
W0,3,1.5,74,HungarianMatcher+JohnsonDijkstraStrategy,-1,mixed,augmentation_count,3
W0,3,1.5,74,HungarianMatcher+JohnsonDijkstraStrategy,-1,mixed,matching_value,-19
W0,3,1.5,74,HungarianMatcher+JohnsonDijkstraStrategy,-1,mixed,matching_size,3
W0,3,1.5,74,HungarianMatcher+JohnsonDijkstraStrategy,-1,mixed,wall_clock_ms,0.006947
W0,3,1.5,7,Oracle,-1,mixed,oracle_size,2
W0,3,1.5,7,Oracle,-1,mixed,oracle_value,-6
W0,3,1.5,7,HungarianMatcher+BellmanFordStrategy,0,mixed,defect_at_iteration,2
W0,3,1.5,7,HungarianMatcher+BellmanFordStrategy,1,mixed,defect_at_iteration,1
W0,3,1.5,7,HungarianMatcher+BellmanFordStrategy,-1,mixed,augmentation_count,2
W0,3,1.5,7,HungarianMatcher+BellmanFordStrategy,-1,mixed,matching_value,-6
W0,3,1.5,7,HungarianMatcher+BellmanFordStrategy,-1,mixed,matching_size,2
W0,3,1.5,7,HungarianMatcher+BellmanFordStrategy,-1,mixed,wall_clock_ms,0.005206
W0,3,1.5,7,HungarianMatcher+JohnsonDijkstraStrategy,0,mixed,edge_relaxations,5
W0,3,1.5,7,HungarianMatcher+JohnsonDijkstraStrategy,0,mixed,defect_at_iteration,2
W0,3,1.5,7,HungarianMatcher+JohnsonDijkstraStrategy,1,mixed,edge_relaxations,5
W0,3,1.5,7,HungarianMatcher+JohnsonDijkstraStrategy,1,mixed,defect_at_iteration,1
W0,3,1.5,7,HungarianMatcher+JohnsonDijkstraStrategy,-1,mixed,augmentation_count,2
W0,3,1.5,7,HungarianMatcher+JohnsonDijkstraStrategy,-1,mixed,matching_value,-6
W0,3,1.5,7,HungarianMatcher+JohnsonDijkstraStrategy,-1,mixed,matching_size,2
W0,3,1.5,7,HungarianMatcher+JohnsonDijkstraStrategy,-1,mixed,wall_clock_ms,0.005905
W0,2,1.5,33,Oracle,-1,mixed,oracle_size,1
W0,2,1.5,33,Oracle,-1,mixed,oracle_value,-2
W0,2,1.5,33,HungarianMatcher+BellmanFordStrategy,0,mixed,defect_at_iteration,1
W0,2,1.5,33,HungarianMatcher+BellmanFordStrategy,-1,mixed,augmentation_count,1
W0,2,1.5,33,HungarianMatcher+BellmanFordStrategy,-1,mixed,matching_value,-2
W0,2,1.5,33,HungarianMatcher+BellmanFordStrategy,-1,mixed,matching_size,1
W0,2,1.5,33,HungarianMatcher+BellmanFordStrategy,-1,mixed,wall_clock_ms,0.003683
W0,2,1.5,33,HungarianMatcher+JohnsonDijkstraStrategy,0,mixed,edge_relaxations,2
W0,2,1.5,33,HungarianMatcher+JohnsonDijkstraStrategy,0,mixed,defect_at_iteration,1
W0,2,1.5,33,HungarianMatcher+JohnsonDijkstraStrategy,-1,mixed,augmentation_count,1
W0,2,1.5,33,HungarianMatcher+JohnsonDijkstraStrategy,-1,mixed,matching_value,-2
W0,2,1.5,33,HungarianMatcher+JohnsonDijkstraStrategy,-1,mixed,matching_size,1
W0,2,1.5,33,HungarianMatcher+JohnsonDijkstraStrategy,-1,mixed,wall_clock_ms,0.003451
W0,3,1.5,71,Oracle,-1,mixed,oracle_size,2
W0,3,1.5,71,Oracle,-1,mixed,oracle_value,-5
W0,3,1.5,71,HungarianMatcher+BellmanFordStrategy,0,mixed,defect_at_iteration,2
W0,3,1.5,71,HungarianMatcher+BellmanFordStrategy,1,mixed,defect_at_iteration,1
W0,3,1.5,71,HungarianMatcher+BellmanFordStrategy,-1,mixed,augmentation_count,2
W0,3,1.5,71,HungarianMatcher+BellmanFordStrategy,-1,mixed,matching_value,-5
W0,3,1.5,71,HungarianMatcher+BellmanFordStrategy,-1,mixed,matching_size,2
W0,3,1.5,71,HungarianMatcher+BellmanFordStrategy,-1,mixed,wall_clock_ms,0.005136
W0,3,1.5,71,HungarianMatcher+JohnsonDijkstraStrategy,0,mixed,edge_relaxations,5
W0,3,1.5,71,HungarianMatcher+JohnsonDijkstraStrategy,0,mixed,defect_at_iteration,2
W0,3,1.5,71,HungarianMatcher+JohnsonDijkstraStrategy,1,mixed,edge_relaxations,2
W0,3,1.5,71,HungarianMatcher+JohnsonDijkstraStrategy,1,mixed,defect_at_iteration,1
W0,3,1.5,71,HungarianMatcher+JohnsonDijkstraStrategy,-1,mixed,augmentation_count,2
W0,3,1.5,71,HungarianMatcher+JohnsonDijkstraStrategy,-1,mixed,matching_value,-5
W0,3,1.5,71,HungarianMatcher+JohnsonDijkstraStrategy,-1,mixed,matching_size,2
W0,3,1.5,71,HungarianMatcher+JohnsonDijkstraStrategy,-1,mixed,wall_clock_ms,0.005953
W0,4,1.5,78,Oracle,-1,mixed,oracle_size,3
W0,4,1.5,78,Oracle,-1,mixed,oracle_value,-9
W0,4,1.5,78,HungarianMatcher+BellmanFordStrategy,0,mixed,defect_at_iteration,3
W0,4,1.5,78,HungarianMatcher+BellmanFordStrategy,1,mixed,defect_at_iteration,2
W0,4,1.5,78,HungarianMatcher+BellmanFordStrategy,2,mixed,defect_at_iteration,1
W0,4,1.5,78,HungarianMatcher+BellmanFordStrategy,-1,mixed,augmentation_count,3
W0,4,1.5,78,HungarianMatcher+BellmanFordStrategy,-1,mixed,matching_value,-9
W0,4,1.5,78,HungarianMatcher+BellmanFordStrategy,-1,mixed,matching_size,3
W0,4,1.5,78,HungarianMatcher+BellmanFordStrategy,-1,mixed,wall_clock_ms,0.007409
W0,4,1.5,78,HungarianMatcher+JohnsonDijkstraStrategy,0,mixed,edge_relaxations,8
W0,4,1.5,78,HungarianMatcher+JohnsonDijkstraStrategy,0,mixed,defect_at_iteration,3
W0,4,1.5,78,HungarianMatcher+JohnsonDijkstraStrategy,1,mixed,edge_relaxations,8
W0,4,1.5,78,HungarianMatcher+JohnsonDijkstraStrategy,1,mixed,defect_at_iteration,2
W0,4,1.5,78,HungarianMatcher+JohnsonDijkstraStrategy,2,mixed,edge_relaxations,8
W0,4,1.5,78,HungarianMatcher+JohnsonDijkstraStrategy,2,mixed,defect_at_iteration,1
W0,4,1.5,78,HungarianMatcher+JohnsonDijkstraStrategy,-1,mixed,augmentation_count,3
W0,4,1.5,78,HungarianMatcher+JohnsonDijkstraStrategy,-1,mixed,matching_value,-9
W0,4,1.5,78,HungarianMatcher+JohnsonDijkstraStrategy,-1,mixed,matching_size,3
W0,4,1.5,78,HungarianMatcher+JohnsonDijkstraStrategy,-1,mixed,wall_clock_ms,0.008453
W0,3,1.5,37,Oracle,-1,mixed,oracle_size,2
W0,3,1.5,37,Oracle,-1,mixed,oracle_value,-2
W0,3,1.5,37,HungarianMatcher+BellmanFordStrategy,0,mixed,defect_at_iteration,2
W0,3,1.5,37,HungarianMatcher+BellmanFordStrategy,1,mixed,defect_at_iteration,1
W0,3,1.5,37,HungarianMatcher+BellmanFordStrategy,-1,mixed,augmentation_count,2
W0,3,1.5,37,HungarianMatcher+BellmanFordStrategy,-1,mixed,matching_value,-2
W0,3,1.5,37,HungarianMatcher+BellmanFordStrategy,-1,mixed,matching_size,2
W0,3,1.5,37,HungarianMatcher+BellmanFordStrategy,-1,mixed,wall_clock_ms,0.005577
W0,3,1.5,37,HungarianMatcher+JohnsonDijkstraStrategy,0,mixed,edge_relaxations,5
W0,3,1.5,37,HungarianMatcher+JohnsonDijkstraStrategy,0,mixed,defect_at_iteration,2
W0,3,1.5,37,HungarianMatcher+JohnsonDijkstraStrategy,1,mixed,edge_relaxations,5
W0,3,1.5,37,HungarianMatcher+JohnsonDijkstraStrategy,1,mixed,defect_at_iteration,1
W0,3,1.5,37,HungarianMatcher+JohnsonDijkstraStrategy,-1,mixed,augmentation_count,2
W0,3,1.5,37,HungarianMatcher+JohnsonDijkstraStrategy,-1,mixed,matching_value,-2
W0,3,1.5,37,HungarianMatcher+JohnsonDijkstraStrategy,-1,mixed,matching_size,2
W0,3,1.5,37,HungarianMatcher+JohnsonDijkstraStrategy,-1,mixed,wall_clock_ms,0.006183
W0,2,1.5,70,Oracle,-1,mixed,oracle_size,1
W0,2,1.5,70,Oracle,-1,mixed,oracle_value,-3
W0,2,1.5,70,HungarianMatcher+BellmanFordStrategy,0,mixed,defect_at_iteration,1
W0,2,1.5,70,HungarianMatcher+BellmanFordStrategy,-1,mixed,augmentation_count,1
W0,2,1.5,70,HungarianMatcher+BellmanFordStrategy,-1,mixed,matching_value,-3
W0,2,1.5,70,HungarianMatcher+BellmanFordStrategy,-1,mixed,matching_size,1
W0,2,1.5,70,HungarianMatcher+BellmanFordStrategy,-1,mixed,wall_clock_ms,0.004642
W0,2,1.5,70,HungarianMatcher+JohnsonDijkstraStrategy,0,mixed,edge_relaxations,2
W0,2,1.5,70,HungarianMatcher+JohnsonDijkstraStrategy,0,mixed,defect_at_iteration,1
W0,2,1.5,70,HungarianMatcher+JohnsonDijkstraStrategy,-1,mixed,augmentation_count,1
W0,2,1.5,70,HungarianMatcher+JohnsonDijkstraStrategy,-1,mixed,matching_value,-3
W0,2,1.5,70,HungarianMatcher+JohnsonDijkstraStrategy,-1,mixed,matching_size,1
W0,2,1.5,70,HungarianMatcher+JohnsonDijkstraStrategy,-1,mixed,wall_clock_ms,0.003961
W0,4,1.5,90,Oracle,-1,mixed,oracle_size,4
W0,4,1.5,90,Oracle,-1,mixed,oracle_value,-27
W0,4,1.5,90,HungarianMatcher+BellmanFordStrategy,0,mixed,defect_at_iteration,3
W0,4,1.5,90,HungarianMatcher+BellmanFordStrategy,1,mixed,defect_at_iteration,2
W0,4,1.5,90,HungarianMatcher+BellmanFordStrategy,2,mixed,defect_at_iteration,1
W0,4,1.5,90,HungarianMatcher+BellmanFordStrategy,3,mixed,defect_at_iteration,0
W0,4,1.5,90,HungarianMatcher+BellmanFordStrategy,-1,mixed,augmentation_count,4
W0,4,1.5,90,HungarianMatcher+BellmanFordStrategy,-1,mixed,matching_value,-27
W0,4,1.5,90,HungarianMatcher+BellmanFordStrategy,-1,mixed,matching_size,4
W0,4,1.5,90,HungarianMatcher+BellmanFordStrategy,-1,mixed,wall_clock_ms,0.007926
W0,4,1.5,90,HungarianMatcher+JohnsonDijkstraStrategy,0,mixed,edge_relaxations,8
W0,4,1.5,90,HungarianMatcher+JohnsonDijkstraStrategy,0,mixed,defect_at_iteration,3
W0,4,1.5,90,HungarianMatcher+JohnsonDijkstraStrategy,1,mixed,edge_relaxations,8
W0,4,1.5,90,HungarianMatcher+JohnsonDijkstraStrategy,1,mixed,defect_at_iteration,2
W0,4,1.5,90,HungarianMatcher+JohnsonDijkstraStrategy,2,mixed,edge_relaxations,8
W0,4,1.5,90,HungarianMatcher+JohnsonDijkstraStrategy,2,mixed,defect_at_iteration,1
W0,4,1.5,90,HungarianMatcher+JohnsonDijkstraStrategy,3,mixed,edge_relaxations,8
W0,4,1.5,90,HungarianMatcher+JohnsonDijkstraStrategy,3,mixed,defect_at_iteration,0
W0,4,1.5,90,HungarianMatcher+JohnsonDijkstraStrategy,-1,mixed,augmentation_count,4
W0,4,1.5,90,HungarianMatcher+JohnsonDijkstraStrategy,-1,mixed,matching_value,-27
W0,4,1.5,90,HungarianMatcher+JohnsonDijkstraStrategy,-1,mixed,matching_size,4
W0,4,1.5,90,HungarianMatcher+JohnsonDijkstraStrategy,-1,mixed,wall_clock_ms,0.009542
W0,4,1.5,44,Oracle,-1,mixed,oracle_size,3
W0,4,1.5,44,Oracle,-1,mixed,oracle_value,-9
W0,4,1.5,44,HungarianMatcher+BellmanFordStrategy,0,mixed,defect_at_iteration,3
W0,4,1.5,44,HungarianMatcher+BellmanFordStrategy,1,mixed,defect_at_iteration,2
W0,4,1.5,44,HungarianMatcher+BellmanFordStrategy,2,mixed,defect_at_iteration,1
W0,4,1.5,44,HungarianMatcher+BellmanFordStrategy,-1,mixed,augmentation_count,3
W0,4,1.5,44,HungarianMatcher+BellmanFordStrategy,-1,mixed,matching_value,-9
W0,4,1.5,44,HungarianMatcher+BellmanFordStrategy,-1,mixed,matching_size,3
W0,4,1.5,44,HungarianMatcher+BellmanFordStrategy,-1,mixed,wall_clock_ms,0.006707
W0,4,1.5,44,HungarianMatcher+JohnsonDijkstraStrategy,0,mixed,edge_relaxations,8
W0,4,1.5,44,HungarianMatcher+JohnsonDijkstraStrategy,0,mixed,defect_at_iteration,3
W0,4,1.5,44,HungarianMatcher+JohnsonDijkstraStrategy,1,mixed,edge_relaxations,8
W0,4,1.5,44,HungarianMatcher+JohnsonDijkstraStrategy,1,mixed,defect_at_iteration,2
W0,4,1.5,44,HungarianMatcher+JohnsonDijkstraStrategy,2,mixed,edge_relaxations,2
W0,4,1.5,44,HungarianMatcher+JohnsonDijkstraStrategy,2,mixed,defect_at_iteration,1
W0,4,1.5,44,HungarianMatcher+JohnsonDijkstraStrategy,-1,mixed,augmentation_count,3
W0,4,1.5,44,HungarianMatcher+JohnsonDijkstraStrategy,-1,mixed,matching_value,-9
W0,4,1.5,44,HungarianMatcher+JohnsonDijkstraStrategy,-1,mixed,matching_size,3
W0,4,1.5,44,HungarianMatcher+JohnsonDijkstraStrategy,-1,mixed,wall_clock_ms,0.007557
W0,2,1.5,23,Oracle,-1,mixed,oracle_size,2
W0,2,1.5,23,Oracle,-1,mixed,oracle_value,-3
W0,2,1.5,23,HungarianMatcher+BellmanFordStrategy,0,mixed,defect_at_iteration,1
W0,2,1.5,23,HungarianMatcher+BellmanFordStrategy,1,mixed,defect_at_iteration,0
W0,2,1.5,23,HungarianMatcher+BellmanFordStrategy,-1,mixed,augmentation_count,2
W0,2,1.5,23,HungarianMatcher+BellmanFordStrategy,-1,mixed,matching_value,-3
W0,2,1.5,23,HungarianMatcher+BellmanFordStrategy,-1,mixed,matching_size,2
W0,2,1.5,23,HungarianMatcher+BellmanFordStrategy,-1,mixed,wall_clock_ms,0.005615
W0,2,1.5,23,HungarianMatcher+JohnsonDijkstraStrategy,0,mixed,edge_relaxations,2
W0,2,1.5,23,HungarianMatcher+JohnsonDijkstraStrategy,0,mixed,defect_at_iteration,1
W0,2,1.5,23,HungarianMatcher+JohnsonDijkstraStrategy,1,mixed,edge_relaxations,1
W0,2,1.5,23,HungarianMatcher+JohnsonDijkstraStrategy,1,mixed,defect_at_iteration,0
W0,2,1.5,23,HungarianMatcher+JohnsonDijkstraStrategy,-1,mixed,augmentation_count,2
W0,2,1.5,23,HungarianMatcher+JohnsonDijkstraStrategy,-1,mixed,matching_value,-3
W0,2,1.5,23,HungarianMatcher+JohnsonDijkstraStrategy,-1,mixed,matching_size,2
W0,2,1.5,23,HungarianMatcher+JohnsonDijkstraStrategy,-1,mixed,wall_clock_ms,0.005155
W0,3,1.5,31,Oracle,-1,mixed,oracle_size,3
W0,3,1.5,31,Oracle,-1,mixed,oracle_value,-12
W0,3,1.5,31,HungarianMatcher+BellmanFordStrategy,0,mixed,defect_at_iteration,2
W0,3,1.5,31,HungarianMatcher+BellmanFordStrategy,1,mixed,defect_at_iteration,1
W0,3,1.5,31,HungarianMatcher+BellmanFordStrategy,2,mixed,defect_at_iteration,0
W0,3,1.5,31,HungarianMatcher+BellmanFordStrategy,-1,mixed,augmentation_count,3
W0,3,1.5,31,HungarianMatcher+BellmanFordStrategy,-1,mixed,matching_value,-12
W0,3,1.5,31,HungarianMatcher+BellmanFordStrategy,-1,mixed,matching_size,3
W0,3,1.5,31,HungarianMatcher+BellmanFordStrategy,-1,mixed,wall_clock_ms,0.006407
W0,3,1.5,31,HungarianMatcher+JohnsonDijkstraStrategy,0,mixed,edge_relaxations,5
W0,3,1.5,31,HungarianMatcher+JohnsonDijkstraStrategy,0,mixed,defect_at_iteration,2
W0,3,1.5,31,HungarianMatcher+JohnsonDijkstraStrategy,1,mixed,edge_relaxations,5
W0,3,1.5,31,HungarianMatcher+JohnsonDijkstraStrategy,1,mixed,defect_at_iteration,1
W0,3,1.5,31,HungarianMatcher+JohnsonDijkstraStrategy,2,mixed,edge_relaxations,4
W0,3,1.5,31,HungarianMatcher+JohnsonDijkstraStrategy,2,mixed,defect_at_iteration,0
W0,3,1.5,31,HungarianMatcher+JohnsonDijkstraStrategy,-1,mixed,augmentation_count,3
W0,3,1.5,31,HungarianMatcher+JohnsonDijkstraStrategy,-1,mixed,matching_value,-12
W0,3,1.5,31,HungarianMatcher+JohnsonDijkstraStrategy,-1,mixed,matching_size,3
W0,3,1.5,31,HungarianMatcher+JohnsonDijkstraStrategy,-1,mixed,wall_clock_ms,0.007631
W0,4,1.5,85,Oracle,-1,mixed,oracle_size,3
W0,4,1.5,85,Oracle,-1,mixed,oracle_value,-15
W0,4,1.5,85,HungarianMatcher+BellmanFordStrategy,0,mixed,defect_at_iteration,3
W0,4,1.5,85,HungarianMatcher+BellmanFordStrategy,1,mixed,defect_at_iteration,2
W0,4,1.5,85,HungarianMatcher+BellmanFordStrategy,2,mixed,defect_at_iteration,1
W0,4,1.5,85,HungarianMatcher+BellmanFordStrategy,-1,mixed,augmentation_count,3
W0,4,1.5,85,HungarianMatcher+BellmanFordStrategy,-1,mixed,matching_value,-15
W0,4,1.5,85,HungarianMatcher+BellmanFordStrategy,-1,mixed,matching_size,3
W0,4,1.5,85,HungarianMatcher+BellmanFordStrategy,-1,mixed,wall_clock_ms,0.007374
W0,4,1.5,85,HungarianMatcher+JohnsonDijkstraStrategy,0,mixed,edge_relaxations,8
W0,4,1.5,85,HungarianMatcher+JohnsonDijkstraStrategy,0,mixed,defect_at_iteration,3
W0,4,1.5,85,HungarianMatcher+JohnsonDijkstraStrategy,1,mixed,edge_relaxations,8
W0,4,1.5,85,HungarianMatcher+JohnsonDijkstraStrategy,1,mixed,defect_at_iteration,2
W0,4,1.5,85,HungarianMatcher+JohnsonDijkstraStrategy,2,mixed,edge_relaxations,8
W0,4,1.5,85,HungarianMatcher+JohnsonDijkstraStrategy,2,mixed,defect_at_iteration,1
W0,4,1.5,85,HungarianMatcher+JohnsonDijkstraStrategy,-1,mixed,augmentation_count,3
W0,4,1.5,85,HungarianMatcher+JohnsonDijkstraStrategy,-1,mixed,matching_value,-15
W0,4,1.5,85,HungarianMatcher+JohnsonDijkstraStrategy,-1,mixed,matching_size,3
W0,4,1.5,85,HungarianMatcher+JohnsonDijkstraStrategy,-1,mixed,wall_clock_ms,0.008368
W0,4,1.5,63,Oracle,-1,mixed,oracle_size,3
W0,4,1.5,63,Oracle,-1,mixed,oracle_value,-9
W0,4,1.5,63,HungarianMatcher+BellmanFordStrategy,0,mixed,defect_at_iteration,3
W0,4,1.5,63,HungarianMatcher+BellmanFordStrategy,1,mixed,defect_at_iteration,2
W0,4,1.5,63,HungarianMatcher+BellmanFordStrategy,2,mixed,defect_at_iteration,1
W0,4,1.5,63,HungarianMatcher+BellmanFordStrategy,-1,mixed,augmentation_count,3
W0,4,1.5,63,HungarianMatcher+BellmanFordStrategy,-1,mixed,matching_value,-9
W0,4,1.5,63,HungarianMatcher+BellmanFordStrategy,-1,mixed,matching_size,3
W0,4,1.5,63,HungarianMatcher+BellmanFordStrategy,-1,mixed,wall_clock_ms,0.007135
W0,4,1.5,63,HungarianMatcher+JohnsonDijkstraStrategy,0,mixed,edge_relaxations,8
W0,4,1.5,63,HungarianMatcher+JohnsonDijkstraStrategy,0,mixed,defect_at_iteration,3
W0,4,1.5,63,HungarianMatcher+JohnsonDijkstraStrategy,1,mixed,edge_relaxations,4
W0,4,1.5,63,HungarianMatcher+JohnsonDijkstraStrategy,1,mixed,defect_at_iteration,2
W0,4,1.5,63,HungarianMatcher+JohnsonDijkstraStrategy,2,mixed,edge_relaxations,4
W0,4,1.5,63,HungarianMatcher+JohnsonDijkstraStrategy,2,mixed,defect_at_iteration,1
W0,4,1.5,63,HungarianMatcher+JohnsonDijkstraStrategy,-1,mixed,augmentation_count,3
W0,4,1.5,63,HungarianMatcher+JohnsonDijkstraStrategy,-1,mixed,matching_value,-9
W0,4,1.5,63,HungarianMatcher+JohnsonDijkstraStrategy,-1,mixed,matching_size,3
W0,4,1.5,63,HungarianMatcher+JohnsonDijkstraStrategy,-1,mixed,wall_clock_ms,0.007416
W0,4,1.5,36,Oracle,-1,mixed,oracle_size,3
W0,4,1.5,36,Oracle,-1,mixed,oracle_value,-15
W0,4,1.5,36,HungarianMatcher+BellmanFordStrategy,0,mixed,defect_at_iteration,3
W0,4,1.5,36,HungarianMatcher+BellmanFordStrategy,1,mixed,defect_at_iteration,2
W0,4,1.5,36,HungarianMatcher+BellmanFordStrategy,2,mixed,defect_at_iteration,1
W0,4,1.5,36,HungarianMatcher+BellmanFordStrategy,-1,mixed,augmentation_count,3
W0,4,1.5,36,HungarianMatcher+BellmanFordStrategy,-1,mixed,matching_value,-15
W0,4,1.5,36,HungarianMatcher+BellmanFordStrategy,-1,mixed,matching_size,3
W0,4,1.5,36,HungarianMatcher+BellmanFordStrategy,-1,mixed,wall_clock_ms,0.007143
W0,4,1.5,36,HungarianMatcher+JohnsonDijkstraStrategy,0,mixed,edge_relaxations,8
W0,4,1.5,36,HungarianMatcher+JohnsonDijkstraStrategy,0,mixed,defect_at_iteration,3
W0,4,1.5,36,HungarianMatcher+JohnsonDijkstraStrategy,1,mixed,edge_relaxations,8
W0,4,1.5,36,HungarianMatcher+JohnsonDijkstraStrategy,1,mixed,defect_at_iteration,2
W0,4,1.5,36,HungarianMatcher+JohnsonDijkstraStrategy,2,mixed,edge_relaxations,8
W0,4,1.5,36,HungarianMatcher+JohnsonDijkstraStrategy,2,mixed,defect_at_iteration,1
W0,4,1.5,36,HungarianMatcher+JohnsonDijkstraStrategy,-1,mixed,augmentation_count,3
W0,4,1.5,36,HungarianMatcher+JohnsonDijkstraStrategy,-1,mixed,matching_value,-15
W0,4,1.5,36,HungarianMatcher+JohnsonDijkstraStrategy,-1,mixed,matching_size,3
W0,4,1.5,36,HungarianMatcher+JohnsonDijkstraStrategy,-1,mixed,wall_clock_ms,0.008015
W0,3,1.5,38,Oracle,-1,mixed,oracle_size,3
W0,3,1.5,38,Oracle,-1,mixed,oracle_value,-15
W0,3,1.5,38,HungarianMatcher+BellmanFordStrategy,0,mixed,defect_at_iteration,2
W0,3,1.5,38,HungarianMatcher+BellmanFordStrategy,1,mixed,defect_at_iteration,1
W0,3,1.5,38,HungarianMatcher+BellmanFordStrategy,2,mixed,defect_at_iteration,0
W0,3,1.5,38,HungarianMatcher+BellmanFordStrategy,-1,mixed,augmentation_count,3
W0,3,1.5,38,HungarianMatcher+BellmanFordStrategy,-1,mixed,matching_value,-15
W0,3,1.5,38,HungarianMatcher+BellmanFordStrategy,-1,mixed,matching_size,3
W0,3,1.5,38,HungarianMatcher+BellmanFordStrategy,-1,mixed,wall_clock_ms,0.004972
W0,3,1.5,38,HungarianMatcher+JohnsonDijkstraStrategy,0,mixed,edge_relaxations,5
W0,3,1.5,38,HungarianMatcher+JohnsonDijkstraStrategy,0,mixed,defect_at_iteration,2
W0,3,1.5,38,HungarianMatcher+JohnsonDijkstraStrategy,1,mixed,edge_relaxations,5
W0,3,1.5,38,HungarianMatcher+JohnsonDijkstraStrategy,1,mixed,defect_at_iteration,1
W0,3,1.5,38,HungarianMatcher+JohnsonDijkstraStrategy,2,mixed,edge_relaxations,1
W0,3,1.5,38,HungarianMatcher+JohnsonDijkstraStrategy,2,mixed,defect_at_iteration,0
W0,3,1.5,38,HungarianMatcher+JohnsonDijkstraStrategy,-1,mixed,augmentation_count,3
W0,3,1.5,38,HungarianMatcher+JohnsonDijkstraStrategy,-1,mixed,matching_value,-15
W0,3,1.5,38,HungarianMatcher+JohnsonDijkstraStrategy,-1,mixed,matching_size,3
W0,3,1.5,38,HungarianMatcher+JohnsonDijkstraStrategy,-1,mixed,wall_clock_ms,0.00574
W0,3,1.5,46,Oracle,-1,mixed,oracle_size,2
W0,3,1.5,46,Oracle,-1,mixed,oracle_value,-2
W0,3,1.5,46,HungarianMatcher+BellmanFordStrategy,0,mixed,defect_at_iteration,2
W0,3,1.5,46,HungarianMatcher+BellmanFordStrategy,1,mixed,defect_at_iteration,1
W0,3,1.5,46,HungarianMatcher+BellmanFordStrategy,-1,mixed,augmentation_count,2
W0,3,1.5,46,HungarianMatcher+BellmanFordStrategy,-1,mixed,matching_value,-2
W0,3,1.5,46,HungarianMatcher+BellmanFordStrategy,-1,mixed,matching_size,2
W0,3,1.5,46,HungarianMatcher+BellmanFordStrategy,-1,mixed,wall_clock_ms,0.005246
W0,3,1.5,46,HungarianMatcher+JohnsonDijkstraStrategy,0,mixed,edge_relaxations,5
W0,3,1.5,46,HungarianMatcher+JohnsonDijkstraStrategy,0,mixed,defect_at_iteration,2
W0,3,1.5,46,HungarianMatcher+JohnsonDijkstraStrategy,1,mixed,edge_relaxations,2
W0,3,1.5,46,HungarianMatcher+JohnsonDijkstraStrategy,1,mixed,defect_at_iteration,1
W0,3,1.5,46,HungarianMatcher+JohnsonDijkstraStrategy,-1,mixed,augmentation_count,2
W0,3,1.5,46,HungarianMatcher+JohnsonDijkstraStrategy,-1,mixed,matching_value,-2
W0,3,1.5,46,HungarianMatcher+JohnsonDijkstraStrategy,-1,mixed,matching_size,2
W0,3,1.5,46,HungarianMatcher+JohnsonDijkstraStrategy,-1,mixed,wall_clock_ms,0.006246
W0,2,1.5,84,Oracle,-1,mixed,oracle_size,2
W0,2,1.5,84,Oracle,-1,mixed,oracle_value,-4
W0,2,1.5,84,HungarianMatcher+BellmanFordStrategy,0,mixed,defect_at_iteration,1
W0,2,1.5,84,HungarianMatcher+BellmanFordStrategy,1,mixed,defect_at_iteration,0
W0,2,1.5,84,HungarianMatcher+BellmanFordStrategy,-1,mixed,augmentation_count,2
W0,2,1.5,84,HungarianMatcher+BellmanFordStrategy,-1,mixed,matching_value,-4
W0,2,1.5,84,HungarianMatcher+BellmanFordStrategy,-1,mixed,matching_size,2
W0,2,1.5,84,HungarianMatcher+BellmanFordStrategy,-1,mixed,wall_clock_ms,0.003722
W0,2,1.5,84,HungarianMatcher+JohnsonDijkstraStrategy,0,mixed,edge_relaxations,2
W0,2,1.5,84,HungarianMatcher+JohnsonDijkstraStrategy,0,mixed,defect_at_iteration,1
W0,2,1.5,84,HungarianMatcher+JohnsonDijkstraStrategy,1,mixed,edge_relaxations,1
W0,2,1.5,84,HungarianMatcher+JohnsonDijkstraStrategy,1,mixed,defect_at_iteration,0
W0,2,1.5,84,HungarianMatcher+JohnsonDijkstraStrategy,-1,mixed,augmentation_count,2
W0,2,1.5,84,HungarianMatcher+JohnsonDijkstraStrategy,-1,mixed,matching_value,-4
W0,2,1.5,84,HungarianMatcher+JohnsonDijkstraStrategy,-1,mixed,matching_size,2
W0,2,1.5,84,HungarianMatcher+JohnsonDijkstraStrategy,-1,mixed,wall_clock_ms,0.003958
W0,4,1.5,72,Oracle,-1,mixed,oracle_size,4
W0,4,1.5,72,Oracle,-1,mixed,oracle_value,-38
W0,4,1.5,72,HungarianMatcher+BellmanFordStrategy,0,mixed,defect_at_iteration,3
W0,4,1.5,72,HungarianMatcher+BellmanFordStrategy,1,mixed,defect_at_iteration,2
W0,4,1.5,72,HungarianMatcher+BellmanFordStrategy,2,mixed,defect_at_iteration,1
W0,4,1.5,72,HungarianMatcher+BellmanFordStrategy,3,mixed,defect_at_iteration,0
W0,4,1.5,72,HungarianMatcher+BellmanFordStrategy,-1,mixed,augmentation_count,4
W0,4,1.5,72,HungarianMatcher+BellmanFordStrategy,-1,mixed,matching_value,-38
W0,4,1.5,72,HungarianMatcher+BellmanFordStrategy,-1,mixed,matching_size,4
W0,4,1.5,72,HungarianMatcher+BellmanFordStrategy,-1,mixed,wall_clock_ms,0.008132
W0,4,1.5,72,HungarianMatcher+JohnsonDijkstraStrategy,0,mixed,edge_relaxations,8
W0,4,1.5,72,HungarianMatcher+JohnsonDijkstraStrategy,0,mixed,defect_at_iteration,3
W0,4,1.5,72,HungarianMatcher+JohnsonDijkstraStrategy,1,mixed,edge_relaxations,8
W0,4,1.5,72,HungarianMatcher+JohnsonDijkstraStrategy,1,mixed,defect_at_iteration,2
W0,4,1.5,72,HungarianMatcher+JohnsonDijkstraStrategy,2,mixed,edge_relaxations,8
W0,4,1.5,72,HungarianMatcher+JohnsonDijkstraStrategy,2,mixed,defect_at_iteration,1
W0,4,1.5,72,HungarianMatcher+JohnsonDijkstraStrategy,3,mixed,edge_relaxations,8
W0,4,1.5,72,HungarianMatcher+JohnsonDijkstraStrategy,3,mixed,defect_at_iteration,0
W0,4,1.5,72,HungarianMatcher+JohnsonDijkstraStrategy,-1,mixed,augmentation_count,4
W0,4,1.5,72,HungarianMatcher+JohnsonDijkstraStrategy,-1,mixed,matching_value,-38
W0,4,1.5,72,HungarianMatcher+JohnsonDijkstraStrategy,-1,mixed,matching_size,4
W0,4,1.5,72,HungarianMatcher+JohnsonDijkstraStrategy,-1,mixed,wall_clock_ms,0.010044
W0,2,1.5,61,Oracle,-1,mixed,oracle_size,2
W0,2,1.5,61,Oracle,-1,mixed,oracle_value,-6
W0,2,1.5,61,HungarianMatcher+BellmanFordStrategy,0,mixed,defect_at_iteration,1
W0,2,1.5,61,HungarianMatcher+BellmanFordStrategy,1,mixed,defect_at_iteration,0
W0,2,1.5,61,HungarianMatcher+BellmanFordStrategy,-1,mixed,augmentation_count,2
W0,2,1.5,61,HungarianMatcher+BellmanFordStrategy,-1,mixed,matching_value,-6
W0,2,1.5,61,HungarianMatcher+BellmanFordStrategy,-1,mixed,matching_size,2
W0,2,1.5,61,HungarianMatcher+BellmanFordStrategy,-1,mixed,wall_clock_ms,0.004679
W0,2,1.5,61,HungarianMatcher+JohnsonDijkstraStrategy,0,mixed,edge_relaxations,2
W0,2,1.5,61,HungarianMatcher+JohnsonDijkstraStrategy,0,mixed,defect_at_iteration,1
W0,2,1.5,61,HungarianMatcher+JohnsonDijkstraStrategy,1,mixed,edge_relaxations,1
W0,2,1.5,61,HungarianMatcher+JohnsonDijkstraStrategy,1,mixed,defect_at_iteration,0
W0,2,1.5,61,HungarianMatcher+JohnsonDijkstraStrategy,-1,mixed,augmentation_count,2
W0,2,1.5,61,HungarianMatcher+JohnsonDijkstraStrategy,-1,mixed,matching_value,-6
W0,2,1.5,61,HungarianMatcher+JohnsonDijkstraStrategy,-1,mixed,matching_size,2
W0,2,1.5,61,HungarianMatcher+JohnsonDijkstraStrategy,-1,mixed,wall_clock_ms,0.004951
W0,4,1.5,71,Oracle,-1,mixed,oracle_size,3
W0,4,1.5,71,Oracle,-1,mixed,oracle_value,-17
W0,4,1.5,71,HungarianMatcher+BellmanFordStrategy,0,mixed,defect_at_iteration,3
W0,4,1.5,71,HungarianMatcher+BellmanFordStrategy,1,mixed,defect_at_iteration,2
W0,4,1.5,71,HungarianMatcher+BellmanFordStrategy,2,mixed,defect_at_iteration,1
W0,4,1.5,71,HungarianMatcher+BellmanFordStrategy,-1,mixed,augmentation_count,3
W0,4,1.5,71,HungarianMatcher+BellmanFordStrategy,-1,mixed,matching_value,-17
W0,4,1.5,71,HungarianMatcher+BellmanFordStrategy,-1,mixed,matching_size,3
W0,4,1.5,71,HungarianMatcher+BellmanFordStrategy,-1,mixed,wall_clock_ms,0.007738
W0,4,1.5,71,HungarianMatcher+JohnsonDijkstraStrategy,0,mixed,edge_relaxations,8
W0,4,1.5,71,HungarianMatcher+JohnsonDijkstraStrategy,0,mixed,defect_at_iteration,3
W0,4,1.5,71,HungarianMatcher+JohnsonDijkstraStrategy,1,mixed,edge_relaxations,8
W0,4,1.5,71,HungarianMatcher+JohnsonDijkstraStrategy,1,mixed,defect_at_iteration,2
W0,4,1.5,71,HungarianMatcher+JohnsonDijkstraStrategy,2,mixed,edge_relaxations,8
W0,4,1.5,71,HungarianMatcher+JohnsonDijkstraStrategy,2,mixed,defect_at_iteration,1
W0,4,1.5,71,HungarianMatcher+JohnsonDijkstraStrategy,-1,mixed,augmentation_count,3
W0,4,1.5,71,HungarianMatcher+JohnsonDijkstraStrategy,-1,mixed,matching_value,-17
W0,4,1.5,71,HungarianMatcher+JohnsonDijkstraStrategy,-1,mixed,matching_size,3
W0,4,1.5,71,HungarianMatcher+JohnsonDijkstraStrategy,-1,mixed,wall_clock_ms,0.008801
W0,2,1.5,26,Oracle,-1,mixed,oracle_size,1
W0,2,1.5,26,Oracle,-1,mixed,oracle_value,-1
W0,2,1.5,26,HungarianMatcher+BellmanFordStrategy,0,mixed,defect_at_iteration,1
W0,2,1.5,26,HungarianMatcher+BellmanFordStrategy,-1,mixed,augmentation_count,1
W0,2,1.5,26,HungarianMatcher+BellmanFordStrategy,-1,mixed,matching_value,-1
W0,2,1.5,26,HungarianMatcher+BellmanFordStrategy,-1,mixed,matching_size,1
W0,2,1.5,26,HungarianMatcher+BellmanFordStrategy,-1,mixed,wall_clock_ms,0.012401
W0,2,1.5,26,HungarianMatcher+JohnsonDijkstraStrategy,0,mixed,edge_relaxations,2
W0,2,1.5,26,HungarianMatcher+JohnsonDijkstraStrategy,0,mixed,defect_at_iteration,1
W0,2,1.5,26,HungarianMatcher+JohnsonDijkstraStrategy,-1,mixed,augmentation_count,1
W0,2,1.5,26,HungarianMatcher+JohnsonDijkstraStrategy,-1,mixed,matching_value,-1
W0,2,1.5,26,HungarianMatcher+JohnsonDijkstraStrategy,-1,mixed,matching_size,1
W0,2,1.5,26,HungarianMatcher+JohnsonDijkstraStrategy,-1,mixed,wall_clock_ms,0.003972
W0,4,1.5,40,Oracle,-1,mixed,oracle_size,4
W0,4,1.5,40,Oracle,-1,mixed,oracle_value,-33
W0,4,1.5,40,HungarianMatcher+BellmanFordStrategy,0,mixed,defect_at_iteration,3
W0,4,1.5,40,HungarianMatcher+BellmanFordStrategy,1,mixed,defect_at_iteration,2
W0,4,1.5,40,HungarianMatcher+BellmanFordStrategy,2,mixed,defect_at_iteration,1
W0,4,1.5,40,HungarianMatcher+BellmanFordStrategy,3,mixed,defect_at_iteration,0
W0,4,1.5,40,HungarianMatcher+BellmanFordStrategy,-1,mixed,augmentation_count,4
W0,4,1.5,40,HungarianMatcher+BellmanFordStrategy,-1,mixed,matching_value,-33
W0,4,1.5,40,HungarianMatcher+BellmanFordStrategy,-1,mixed,matching_size,4
W0,4,1.5,40,HungarianMatcher+BellmanFordStrategy,-1,mixed,wall_clock_ms,0.00783
W0,4,1.5,40,HungarianMatcher+JohnsonDijkstraStrategy,0,mixed,edge_relaxations,8
W0,4,1.5,40,HungarianMatcher+JohnsonDijkstraStrategy,0,mixed,defect_at_iteration,3
W0,4,1.5,40,HungarianMatcher+JohnsonDijkstraStrategy,1,mixed,edge_relaxations,8
W0,4,1.5,40,HungarianMatcher+JohnsonDijkstraStrategy,1,mixed,defect_at_iteration,2
W0,4,1.5,40,HungarianMatcher+JohnsonDijkstraStrategy,2,mixed,edge_relaxations,8
W0,4,1.5,40,HungarianMatcher+JohnsonDijkstraStrategy,2,mixed,defect_at_iteration,1
W0,4,1.5,40,HungarianMatcher+JohnsonDijkstraStrategy,3,mixed,edge_relaxations,8
W0,4,1.5,40,HungarianMatcher+JohnsonDijkstraStrategy,3,mixed,defect_at_iteration,0
W0,4,1.5,40,HungarianMatcher+JohnsonDijkstraStrategy,-1,mixed,augmentation_count,4
W0,4,1.5,40,HungarianMatcher+JohnsonDijkstraStrategy,-1,mixed,matching_value,-33
W0,4,1.5,40,HungarianMatcher+JohnsonDijkstraStrategy,-1,mixed,matching_size,4
W0,4,1.5,40,HungarianMatcher+JohnsonDijkstraStrategy,-1,mixed,wall_clock_ms,0.009494
W0,2,1.5,45,Oracle,-1,mixed,oracle_size,2
W0,2,1.5,45,Oracle,-1,mixed,oracle_value,-5
W0,2,1.5,45,HungarianMatcher+BellmanFordStrategy,0,mixed,defect_at_iteration,1
W0,2,1.5,45,HungarianMatcher+BellmanFordStrategy,1,mixed,defect_at_iteration,0
W0,2,1.5,45,HungarianMatcher+BellmanFordStrategy,-1,mixed,augmentation_count,2
W0,2,1.5,45,HungarianMatcher+BellmanFordStrategy,-1,mixed,matching_value,-5
W0,2,1.5,45,HungarianMatcher+BellmanFordStrategy,-1,mixed,matching_size,2
W0,2,1.5,45,HungarianMatcher+BellmanFordStrategy,-1,mixed,wall_clock_ms,0.006057
W0,2,1.5,45,HungarianMatcher+JohnsonDijkstraStrategy,0,mixed,edge_relaxations,2
W0,2,1.5,45,HungarianMatcher+JohnsonDijkstraStrategy,0,mixed,defect_at_iteration,1
W0,2,1.5,45,HungarianMatcher+JohnsonDijkstraStrategy,1,mixed,edge_relaxations,1
W0,2,1.5,45,HungarianMatcher+JohnsonDijkstraStrategy,1,mixed,defect_at_iteration,0
W0,2,1.5,45,HungarianMatcher+JohnsonDijkstraStrategy,-1,mixed,augmentation_count,2
W0,2,1.5,45,HungarianMatcher+JohnsonDijkstraStrategy,-1,mixed,matching_value,-5
W0,2,1.5,45,HungarianMatcher+JohnsonDijkstraStrategy,-1,mixed,matching_size,2
W0,2,1.5,45,HungarianMatcher+JohnsonDijkstraStrategy,-1,mixed,wall_clock_ms,0.005611
W0,3,1.5,5,Oracle,-1,mixed,oracle_size,3
W0,3,1.5,5,Oracle,-1,mixed,oracle_value,-18
W0,3,1.5,5,HungarianMatcher+BellmanFordStrategy,0,mixed,defect_at_iteration,2
W0,3,1.5,5,HungarianMatcher+BellmanFordStrategy,1,mixed,defect_at_iteration,1
W0,3,1.5,5,HungarianMatcher+BellmanFordStrategy,2,mixed,defect_at_iteration,0
W0,3,1.5,5,HungarianMatcher+BellmanFordStrategy,-1,mixed,augmentation_count,3
W0,3,1.5,5,HungarianMatcher+BellmanFordStrategy,-1,mixed,matching_value,-18
W0,3,1.5,5,HungarianMatcher+BellmanFordStrategy,-1,mixed,matching_size,3
W0,3,1.5,5,HungarianMatcher+BellmanFordStrategy,-1,mixed,wall_clock_ms,0.006406
W0,3,1.5,5,HungarianMatcher+JohnsonDijkstraStrategy,0,mixed,edge_relaxations,5
W0,3,1.5,5,HungarianMatcher+JohnsonDijkstraStrategy,0,mixed,defect_at_iteration,2
W0,3,1.5,5,HungarianMatcher+JohnsonDijkstraStrategy,1,mixed,edge_relaxations,5
W0,3,1.5,5,HungarianMatcher+JohnsonDijkstraStrategy,1,mixed,defect_at_iteration,1
W0,3,1.5,5,HungarianMatcher+JohnsonDijkstraStrategy,2,mixed,edge_relaxations,3
W0,3,1.5,5,HungarianMatcher+JohnsonDijkstraStrategy,2,mixed,defect_at_iteration,0
W0,3,1.5,5,HungarianMatcher+JohnsonDijkstraStrategy,-1,mixed,augmentation_count,3
W0,3,1.5,5,HungarianMatcher+JohnsonDijkstraStrategy,-1,mixed,matching_value,-18
W0,3,1.5,5,HungarianMatcher+JohnsonDijkstraStrategy,-1,mixed,matching_size,3
W0,3,1.5,5,HungarianMatcher+JohnsonDijkstraStrategy,-1,mixed,wall_clock_ms,0.006967
W0,4,1.5,79,Oracle,-1,mixed,oracle_size,3
W0,4,1.5,79,Oracle,-1,mixed,oracle_value,-30
W0,4,1.5,79,HungarianMatcher+BellmanFordStrategy,0,mixed,defect_at_iteration,3
W0,4,1.5,79,HungarianMatcher+BellmanFordStrategy,1,mixed,defect_at_iteration,2
W0,4,1.5,79,HungarianMatcher+BellmanFordStrategy,2,mixed,defect_at_iteration,1
W0,4,1.5,79,HungarianMatcher+BellmanFordStrategy,-1,mixed,augmentation_count,3
W0,4,1.5,79,HungarianMatcher+BellmanFordStrategy,-1,mixed,matching_value,-30
W0,4,1.5,79,HungarianMatcher+BellmanFordStrategy,-1,mixed,matching_size,3
W0,4,1.5,79,HungarianMatcher+BellmanFordStrategy,-1,mixed,wall_clock_ms,0.004897
W0,4,1.5,79,HungarianMatcher+JohnsonDijkstraStrategy,0,mixed,edge_relaxations,8
W0,4,1.5,79,HungarianMatcher+JohnsonDijkstraStrategy,0,mixed,defect_at_iteration,3
W0,4,1.5,79,HungarianMatcher+JohnsonDijkstraStrategy,1,mixed,edge_relaxations,8
W0,4,1.5,79,HungarianMatcher+JohnsonDijkstraStrategy,1,mixed,defect_at_iteration,2
W0,4,1.5,79,HungarianMatcher+JohnsonDijkstraStrategy,2,mixed,edge_relaxations,2
W0,4,1.5,79,HungarianMatcher+JohnsonDijkstraStrategy,2,mixed,defect_at_iteration,1
W0,4,1.5,79,HungarianMatcher+JohnsonDijkstraStrategy,-1,mixed,augmentation_count,3
W0,4,1.5,79,HungarianMatcher+JohnsonDijkstraStrategy,-1,mixed,matching_value,-30
W0,4,1.5,79,HungarianMatcher+JohnsonDijkstraStrategy,-1,mixed,matching_size,3
W0,4,1.5,79,HungarianMatcher+JohnsonDijkstraStrategy,-1,mixed,wall_clock_ms,0.006195
W0,4,1.5,33,Oracle,-1,mixed,oracle_size,3
W0,4,1.5,33,Oracle,-1,mixed,oracle_value,-33
W0,4,1.5,33,HungarianMatcher+BellmanFordStrategy,0,mixed,defect_at_iteration,3
W0,4,1.5,33,HungarianMatcher+BellmanFordStrategy,1,mixed,defect_at_iteration,2
W0,4,1.5,33,HungarianMatcher+BellmanFordStrategy,2,mixed,defect_at_iteration,1
W0,4,1.5,33,HungarianMatcher+BellmanFordStrategy,-1,mixed,augmentation_count,3
W0,4,1.5,33,HungarianMatcher+BellmanFordStrategy,-1,mixed,matching_value,-33
W0,4,1.5,33,HungarianMatcher+BellmanFordStrategy,-1,mixed,matching_size,3
W0,4,1.5,33,HungarianMatcher+BellmanFordStrategy,-1,mixed,wall_clock_ms,0.005543
W0,4,1.5,33,HungarianMatcher+JohnsonDijkstraStrategy,0,mixed,edge_relaxations,8
W0,4,1.5,33,HungarianMatcher+JohnsonDijkstraStrategy,0,mixed,defect_at_iteration,3
W0,4,1.5,33,HungarianMatcher+JohnsonDijkstraStrategy,1,mixed,edge_relaxations,8
W0,4,1.5,33,HungarianMatcher+JohnsonDijkstraStrategy,1,mixed,defect_at_iteration,2
W0,4,1.5,33,HungarianMatcher+JohnsonDijkstraStrategy,2,mixed,edge_relaxations,5
W0,4,1.5,33,HungarianMatcher+JohnsonDijkstraStrategy,2,mixed,defect_at_iteration,1
W0,4,1.5,33,HungarianMatcher+JohnsonDijkstraStrategy,-1,mixed,augmentation_count,3
W0,4,1.5,33,HungarianMatcher+JohnsonDijkstraStrategy,-1,mixed,matching_value,-33
W0,4,1.5,33,HungarianMatcher+JohnsonDijkstraStrategy,-1,mixed,matching_size,3
W0,4,1.5,33,HungarianMatcher+JohnsonDijkstraStrategy,-1,mixed,wall_clock_ms,0.006346
W0,4,1.5,94,Oracle,-1,mixed,oracle_size,3
W0,4,1.5,94,Oracle,-1,mixed,oracle_value,-21
W0,4,1.5,94,HungarianMatcher+BellmanFordStrategy,0,mixed,defect_at_iteration,3
W0,4,1.5,94,HungarianMatcher+BellmanFordStrategy,1,mixed,defect_at_iteration,2
W0,4,1.5,94,HungarianMatcher+BellmanFordStrategy,2,mixed,defect_at_iteration,1
W0,4,1.5,94,HungarianMatcher+BellmanFordStrategy,-1,mixed,augmentation_count,3
W0,4,1.5,94,HungarianMatcher+BellmanFordStrategy,-1,mixed,matching_value,-21
W0,4,1.5,94,HungarianMatcher+BellmanFordStrategy,-1,mixed,matching_size,3
W0,4,1.5,94,HungarianMatcher+BellmanFordStrategy,-1,mixed,wall_clock_ms,0.007473
W0,4,1.5,94,HungarianMatcher+JohnsonDijkstraStrategy,0,mixed,edge_relaxations,8
W0,4,1.5,94,HungarianMatcher+JohnsonDijkstraStrategy,0,mixed,defect_at_iteration,3
W0,4,1.5,94,HungarianMatcher+JohnsonDijkstraStrategy,1,mixed,edge_relaxations,8
W0,4,1.5,94,HungarianMatcher+JohnsonDijkstraStrategy,1,mixed,defect_at_iteration,2
W0,4,1.5,94,HungarianMatcher+JohnsonDijkstraStrategy,2,mixed,edge_relaxations,8
W0,4,1.5,94,HungarianMatcher+JohnsonDijkstraStrategy,2,mixed,defect_at_iteration,1
W0,4,1.5,94,HungarianMatcher+JohnsonDijkstraStrategy,-1,mixed,augmentation_count,3
W0,4,1.5,94,HungarianMatcher+JohnsonDijkstraStrategy,-1,mixed,matching_value,-21
W0,4,1.5,94,HungarianMatcher+JohnsonDijkstraStrategy,-1,mixed,matching_size,3
W0,4,1.5,94,HungarianMatcher+JohnsonDijkstraStrategy,-1,mixed,wall_clock_ms,0.007882
W0,2,1.5,5,Oracle,-1,mixed,oracle_size,1
W0,2,1.5,5,Oracle,-1,mixed,oracle_value,-1
W0,2,1.5,5,HungarianMatcher+BellmanFordStrategy,0,mixed,defect_at_iteration,1
W0,2,1.5,5,HungarianMatcher+BellmanFordStrategy,-1,mixed,augmentation_count,1
W0,2,1.5,5,HungarianMatcher+BellmanFordStrategy,-1,mixed,matching_value,-1
W0,2,1.5,5,HungarianMatcher+BellmanFordStrategy,-1,mixed,matching_size,1
W0,2,1.5,5,HungarianMatcher+BellmanFordStrategy,-1,mixed,wall_clock_ms,0.003388
W0,2,1.5,5,HungarianMatcher+JohnsonDijkstraStrategy,0,mixed,edge_relaxations,2
W0,2,1.5,5,HungarianMatcher+JohnsonDijkstraStrategy,0,mixed,defect_at_iteration,1
W0,2,1.5,5,HungarianMatcher+JohnsonDijkstraStrategy,-1,mixed,augmentation_count,1
W0,2,1.5,5,HungarianMatcher+JohnsonDijkstraStrategy,-1,mixed,matching_value,-1
W0,2,1.5,5,HungarianMatcher+JohnsonDijkstraStrategy,-1,mixed,matching_size,1
W0,2,1.5,5,HungarianMatcher+JohnsonDijkstraStrategy,-1,mixed,wall_clock_ms,0.003519
W0,4,1.5,26,Oracle,-1,mixed,oracle_size,4
W0,4,1.5,26,Oracle,-1,mixed,oracle_value,-34
W0,4,1.5,26,HungarianMatcher+BellmanFordStrategy,0,mixed,defect_at_iteration,3
W0,4,1.5,26,HungarianMatcher+BellmanFordStrategy,1,mixed,defect_at_iteration,2
W0,4,1.5,26,HungarianMatcher+BellmanFordStrategy,2,mixed,defect_at_iteration,1
W0,4,1.5,26,HungarianMatcher+BellmanFordStrategy,3,mixed,defect_at_iteration,0
W0,4,1.5,26,HungarianMatcher+BellmanFordStrategy,-1,mixed,augmentation_count,4
W0,4,1.5,26,HungarianMatcher+BellmanFordStrategy,-1,mixed,matching_value,-34
W0,4,1.5,26,HungarianMatcher+BellmanFordStrategy,-1,mixed,matching_size,4
W0,4,1.5,26,HungarianMatcher+BellmanFordStrategy,-1,mixed,wall_clock_ms,0.008053
W0,4,1.5,26,HungarianMatcher+JohnsonDijkstraStrategy,0,mixed,edge_relaxations,8
W0,4,1.5,26,HungarianMatcher+JohnsonDijkstraStrategy,0,mixed,defect_at_iteration,3
W0,4,1.5,26,HungarianMatcher+JohnsonDijkstraStrategy,1,mixed,edge_relaxations,8
W0,4,1.5,26,HungarianMatcher+JohnsonDijkstraStrategy,1,mixed,defect_at_iteration,2
W0,4,1.5,26,HungarianMatcher+JohnsonDijkstraStrategy,2,mixed,edge_relaxations,4
W0,4,1.5,26,HungarianMatcher+JohnsonDijkstraStrategy,2,mixed,defect_at_iteration,1
W0,4,1.5,26,HungarianMatcher+JohnsonDijkstraStrategy,3,mixed,edge_relaxations,4
W0,4,1.5,26,HungarianMatcher+JohnsonDijkstraStrategy,3,mixed,defect_at_iteration,0
W0,4,1.5,26,HungarianMatcher+JohnsonDijkstraStrategy,-1,mixed,augmentation_count,4
W0,4,1.5,26,HungarianMatcher+JohnsonDijkstraStrategy,-1,mixed,matching_value,-34
W0,4,1.5,26,HungarianMatcher+JohnsonDijkstraStrategy,-1,mixed,matching_size,4
W0,4,1.5,26,HungarianMatcher+JohnsonDijkstraStrategy,-1,mixed,wall_clock_ms,0.00923
W0,2,1.5,32,Oracle,-1,mixed,oracle_size,1
W0,2,1.5,32,Oracle,-1,mixed,oracle_value,-2
W0,2,1.5,32,HungarianMatcher+BellmanFordStrategy,0,mixed,defect_at_iteration,1
W0,2,1.5,32,HungarianMatcher+BellmanFordStrategy,-1,mixed,augmentation_count,1
W0,2,1.5,32,HungarianMatcher+BellmanFordStrategy,-1,mixed,matching_value,-2
W0,2,1.5,32,HungarianMatcher+BellmanFordStrategy,-1,mixed,matching_size,1
W0,2,1.5,32,HungarianMatcher+BellmanFordStrategy,-1,mixed,wall_clock_ms,0.004427
W0,2,1.5,32,HungarianMatcher+JohnsonDijkstraStrategy,0,mixed,edge_relaxations,2
W0,2,1.5,32,HungarianMatcher+JohnsonDijkstraStrategy,0,mixed,defect_at_iteration,1
W0,2,1.5,32,HungarianMatcher+JohnsonDijkstraStrategy,-1,mixed,augmentation_count,1
W0,2,1.5,32,HungarianMatcher+JohnsonDijkstraStrategy,-1,mixed,matching_value,-2
W0,2,1.5,32,HungarianMatcher+JohnsonDijkstraStrategy,-1,mixed,matching_size,1
W0,2,1.5,32,HungarianMatcher+JohnsonDijkstraStrategy,-1,mixed,wall_clock_ms,0.003952
W0,3,1.5,73,Oracle,-1,mixed,oracle_size,3
W0,3,1.5,73,Oracle,-1,mixed,oracle_value,-20
W0,3,1.5,73,HungarianMatcher+BellmanFordStrategy,0,mixed,defect_at_iteration,2
W0,3,1.5,73,HungarianMatcher+BellmanFordStrategy,1,mixed,defect_at_iteration,1
W0,3,1.5,73,HungarianMatcher+BellmanFordStrategy,2,mixed,defect_at_iteration,0
W0,3,1.5,73,HungarianMatcher+BellmanFordStrategy,-1,mixed,augmentation_count,3
W0,3,1.5,73,HungarianMatcher+BellmanFordStrategy,-1,mixed,matching_value,-20
W0,3,1.5,73,HungarianMatcher+BellmanFordStrategy,-1,mixed,matching_size,3
W0,3,1.5,73,HungarianMatcher+BellmanFordStrategy,-1,mixed,wall_clock_ms,0.006574
W0,3,1.5,73,HungarianMatcher+JohnsonDijkstraStrategy,0,mixed,edge_relaxations,5
W0,3,1.5,73,HungarianMatcher+JohnsonDijkstraStrategy,0,mixed,defect_at_iteration,2
W0,3,1.5,73,HungarianMatcher+JohnsonDijkstraStrategy,1,mixed,edge_relaxations,5
W0,3,1.5,73,HungarianMatcher+JohnsonDijkstraStrategy,1,mixed,defect_at_iteration,1
W0,3,1.5,73,HungarianMatcher+JohnsonDijkstraStrategy,2,mixed,edge_relaxations,3
W0,3,1.5,73,HungarianMatcher+JohnsonDijkstraStrategy,2,mixed,defect_at_iteration,0
W0,3,1.5,73,HungarianMatcher+JohnsonDijkstraStrategy,-1,mixed,augmentation_count,3
W0,3,1.5,73,HungarianMatcher+JohnsonDijkstraStrategy,-1,mixed,matching_value,-20
W0,3,1.5,73,HungarianMatcher+JohnsonDijkstraStrategy,-1,mixed,matching_size,3
W0,3,1.5,73,HungarianMatcher+JohnsonDijkstraStrategy,-1,mixed,wall_clock_ms,0.007106
W0,3,1.5,15,Oracle,-1,mixed,oracle_size,2
W0,3,1.5,15,Oracle,-1,mixed,oracle_value,-8
W0,3,1.5,15,HungarianMatcher+BellmanFordStrategy,0,mixed,defect_at_iteration,2
W0,3,1.5,15,HungarianMatcher+BellmanFordStrategy,1,mixed,defect_at_iteration,1
W0,3,1.5,15,HungarianMatcher+BellmanFordStrategy,-1,mixed,augmentation_count,2
W0,3,1.5,15,HungarianMatcher+BellmanFordStrategy,-1,mixed,matching_value,-8
W0,3,1.5,15,HungarianMatcher+BellmanFordStrategy,-1,mixed,matching_size,2
W0,3,1.5,15,HungarianMatcher+BellmanFordStrategy,-1,mixed,wall_clock_ms,0.005323
W0,3,1.5,15,HungarianMatcher+JohnsonDijkstraStrategy,0,mixed,edge_relaxations,5
W0,3,1.5,15,HungarianMatcher+JohnsonDijkstraStrategy,0,mixed,defect_at_iteration,2
W0,3,1.5,15,HungarianMatcher+JohnsonDijkstraStrategy,1,mixed,edge_relaxations,5
W0,3,1.5,15,HungarianMatcher+JohnsonDijkstraStrategy,1,mixed,defect_at_iteration,1
W0,3,1.5,15,HungarianMatcher+JohnsonDijkstraStrategy,-1,mixed,augmentation_count,2
W0,3,1.5,15,HungarianMatcher+JohnsonDijkstraStrategy,-1,mixed,matching_value,-8
W0,3,1.5,15,HungarianMatcher+JohnsonDijkstraStrategy,-1,mixed,matching_size,2
W0,3,1.5,15,HungarianMatcher+JohnsonDijkstraStrategy,-1,mixed,wall_clock_ms,0.005958
W0,2,1.5,59,Oracle,-1,mixed,oracle_size,1
W0,2,1.5,59,Oracle,-1,mixed,oracle_value,0
W0,2,1.5,59,HungarianMatcher+BellmanFordStrategy,0,mixed,defect_at_iteration,1
W0,2,1.5,59,HungarianMatcher+BellmanFordStrategy,-1,mixed,augmentation_count,1
W0,2,1.5,59,HungarianMatcher+BellmanFordStrategy,-1,mixed,matching_value,0
W0,2,1.5,59,HungarianMatcher+BellmanFordStrategy,-1,mixed,matching_size,1
W0,2,1.5,59,HungarianMatcher+BellmanFordStrategy,-1,mixed,wall_clock_ms,0.003265
W0,2,1.5,59,HungarianMatcher+JohnsonDijkstraStrategy,0,mixed,edge_relaxations,2
W0,2,1.5,59,HungarianMatcher+JohnsonDijkstraStrategy,0,mixed,defect_at_iteration,1
W0,2,1.5,59,HungarianMatcher+JohnsonDijkstraStrategy,-1,mixed,augmentation_count,1
W0,2,1.5,59,HungarianMatcher+JohnsonDijkstraStrategy,-1,mixed,matching_value,0
W0,2,1.5,59,HungarianMatcher+JohnsonDijkstraStrategy,-1,mixed,matching_size,1
W0,2,1.5,59,HungarianMatcher+JohnsonDijkstraStrategy,-1,mixed,wall_clock_ms,0.003375
W0,3,1.5,52,Oracle,-1,mixed,oracle_size,3
W0,3,1.5,52,Oracle,-1,mixed,oracle_value,-11
W0,3,1.5,52,HungarianMatcher+BellmanFordStrategy,0,mixed,defect_at_iteration,2
W0,3,1.5,52,HungarianMatcher+BellmanFordStrategy,1,mixed,defect_at_iteration,1
W0,3,1.5,52,HungarianMatcher+BellmanFordStrategy,2,mixed,defect_at_iteration,0
W0,3,1.5,52,HungarianMatcher+BellmanFordStrategy,-1,mixed,augmentation_count,3
W0,3,1.5,52,HungarianMatcher+BellmanFordStrategy,-1,mixed,matching_value,-11
W0,3,1.5,52,HungarianMatcher+BellmanFordStrategy,-1,mixed,matching_size,3
W0,3,1.5,52,HungarianMatcher+BellmanFordStrategy,-1,mixed,wall_clock_ms,0.005828
W0,3,1.5,52,HungarianMatcher+JohnsonDijkstraStrategy,0,mixed,edge_relaxations,5
W0,3,1.5,52,HungarianMatcher+JohnsonDijkstraStrategy,0,mixed,defect_at_iteration,2
W0,3,1.5,52,HungarianMatcher+JohnsonDijkstraStrategy,1,mixed,edge_relaxations,3
W0,3,1.5,52,HungarianMatcher+JohnsonDijkstraStrategy,1,mixed,defect_at_iteration,1
W0,3,1.5,52,HungarianMatcher+JohnsonDijkstraStrategy,2,mixed,edge_relaxations,1
W0,3,1.5,52,HungarianMatcher+JohnsonDijkstraStrategy,2,mixed,defect_at_iteration,0
W0,3,1.5,52,HungarianMatcher+JohnsonDijkstraStrategy,-1,mixed,augmentation_count,3
W0,3,1.5,52,HungarianMatcher+JohnsonDijkstraStrategy,-1,mixed,matching_value,-11
W0,3,1.5,52,HungarianMatcher+JohnsonDijkstraStrategy,-1,mixed,matching_size,3
W0,3,1.5,52,HungarianMatcher+JohnsonDijkstraStrategy,-1,mixed,wall_clock_ms,0.006804
W0,3,1.5,17,Oracle,-1,mixed,oracle_size,3
W0,3,1.5,17,Oracle,-1,mixed,oracle_value,-16
W0,3,1.5,17,HungarianMatcher+BellmanFordStrategy,0,mixed,defect_at_iteration,2
W0,3,1.5,17,HungarianMatcher+BellmanFordStrategy,1,mixed,defect_at_iteration,1
W0,3,1.5,17,HungarianMatcher+BellmanFordStrategy,2,mixed,defect_at_iteration,0
W0,3,1.5,17,HungarianMatcher+BellmanFordStrategy,-1,mixed,augmentation_count,3
W0,3,1.5,17,HungarianMatcher+BellmanFordStrategy,-1,mixed,matching_value,-16
W0,3,1.5,17,HungarianMatcher+BellmanFordStrategy,-1,mixed,matching_size,3
W0,3,1.5,17,HungarianMatcher+BellmanFordStrategy,-1,mixed,wall_clock_ms,0.005408
W0,3,1.5,17,HungarianMatcher+JohnsonDijkstraStrategy,0,mixed,edge_relaxations,5
W0,3,1.5,17,HungarianMatcher+JohnsonDijkstraStrategy,0,mixed,defect_at_iteration,2
W0,3,1.5,17,HungarianMatcher+JohnsonDijkstraStrategy,1,mixed,edge_relaxations,5
W0,3,1.5,17,HungarianMatcher+JohnsonDijkstraStrategy,1,mixed,defect_at_iteration,1
W0,3,1.5,17,HungarianMatcher+JohnsonDijkstraStrategy,2,mixed,edge_relaxations,5
W0,3,1.5,17,HungarianMatcher+JohnsonDijkstraStrategy,2,mixed,defect_at_iteration,0
W0,3,1.5,17,HungarianMatcher+JohnsonDijkstraStrategy,-1,mixed,augmentation_count,3
W0,3,1.5,17,HungarianMatcher+JohnsonDijkstraStrategy,-1,mixed,matching_value,-16
W0,3,1.5,17,HungarianMatcher+JohnsonDijkstraStrategy,-1,mixed,matching_size,3
W0,3,1.5,17,HungarianMatcher+JohnsonDijkstraStrategy,-1,mixed,wall_clock_ms,0.005896
W0,2,1.5,4,Oracle,-1,mixed,oracle_size,2
W0,2,1.5,4,Oracle,-1,mixed,oracle_value,-4
W0,2,1.5,4,HungarianMatcher+BellmanFordStrategy,0,mixed,defect_at_iteration,1
W0,2,1.5,4,HungarianMatcher+BellmanFordStrategy,1,mixed,defect_at_iteration,0
W0,2,1.5,4,HungarianMatcher+BellmanFordStrategy,-1,mixed,augmentation_count,2
W0,2,1.5,4,HungarianMatcher+BellmanFordStrategy,-1,mixed,matching_value,-4
W0,2,1.5,4,HungarianMatcher+BellmanFordStrategy,-1,mixed,matching_size,2
W0,2,1.5,4,HungarianMatcher+BellmanFordStrategy,-1,mixed,wall_clock_ms,0.004838
W0,2,1.5,4,HungarianMatcher+JohnsonDijkstraStrategy,0,mixed,edge_relaxations,2
W0,2,1.5,4,HungarianMatcher+JohnsonDijkstraStrategy,0,mixed,defect_at_iteration,1
W0,2,1.5,4,HungarianMatcher+JohnsonDijkstraStrategy,1,mixed,edge_relaxations,1
W0,2,1.5,4,HungarianMatcher+JohnsonDijkstraStrategy,1,mixed,defect_at_iteration,0
W0,2,1.5,4,HungarianMatcher+JohnsonDijkstraStrategy,-1,mixed,augmentation_count,2
W0,2,1.5,4,HungarianMatcher+JohnsonDijkstraStrategy,-1,mixed,matching_value,-4
W0,2,1.5,4,HungarianMatcher+JohnsonDijkstraStrategy,-1,mixed,matching_size,2
W0,2,1.5,4,HungarianMatcher+JohnsonDijkstraStrategy,-1,mixed,wall_clock_ms,0.004751
W0,2,1.5,18,Oracle,-1,mixed,oracle_size,1
W0,2,1.5,18,Oracle,-1,mixed,oracle_value,0
W0,2,1.5,18,HungarianMatcher+BellmanFordStrategy,0,mixed,defect_at_iteration,1
W0,2,1.5,18,HungarianMatcher+BellmanFordStrategy,-1,mixed,augmentation_count,1
W0,2,1.5,18,HungarianMatcher+BellmanFordStrategy,-1,mixed,matching_value,0
W0,2,1.5,18,HungarianMatcher+BellmanFordStrategy,-1,mixed,matching_size,1
W0,2,1.5,18,HungarianMatcher+BellmanFordStrategy,-1,mixed,wall_clock_ms,0.003454
W0,2,1.5,18,HungarianMatcher+JohnsonDijkstraStrategy,0,mixed,edge_relaxations,2
W0,2,1.5,18,HungarianMatcher+JohnsonDijkstraStrategy,0,mixed,defect_at_iteration,1
W0,2,1.5,18,HungarianMatcher+JohnsonDijkstraStrategy,-1,mixed,augmentation_count,1
W0,2,1.5,18,HungarianMatcher+JohnsonDijkstraStrategy,-1,mixed,matching_value,0
W0,2,1.5,18,HungarianMatcher+JohnsonDijkstraStrategy,-1,mixed,matching_size,1
W0,2,1.5,18,HungarianMatcher+JohnsonDijkstraStrategy,-1,mixed,wall_clock_ms,0.003534
W0,2,1.5,82,Oracle,-1,mixed,oracle_size,2
W0,2,1.5,82,Oracle,-1,mixed,oracle_value,-7
W0,2,1.5,82,HungarianMatcher+BellmanFordStrategy,0,mixed,defect_at_iteration,1
W0,2,1.5,82,HungarianMatcher+BellmanFordStrategy,1,mixed,defect_at_iteration,0
W0,2,1.5,82,HungarianMatcher+BellmanFordStrategy,-1,mixed,augmentation_count,2
W0,2,1.5,82,HungarianMatcher+BellmanFordStrategy,-1,mixed,matching_value,-7
W0,2,1.5,82,HungarianMatcher+BellmanFordStrategy,-1,mixed,matching_size,2
W0,2,1.5,82,HungarianMatcher+BellmanFordStrategy,-1,mixed,wall_clock_ms,0.005271
W0,2,1.5,82,HungarianMatcher+JohnsonDijkstraStrategy,0,mixed,edge_relaxations,2
W0,2,1.5,82,HungarianMatcher+JohnsonDijkstraStrategy,0,mixed,defect_at_iteration,1
W0,2,1.5,82,HungarianMatcher+JohnsonDijkstraStrategy,1,mixed,edge_relaxations,1
W0,2,1.5,82,HungarianMatcher+JohnsonDijkstraStrategy,1,mixed,defect_at_iteration,0
W0,2,1.5,82,HungarianMatcher+JohnsonDijkstraStrategy,-1,mixed,augmentation_count,2
W0,2,1.5,82,HungarianMatcher+JohnsonDijkstraStrategy,-1,mixed,matching_value,-7
W0,2,1.5,82,HungarianMatcher+JohnsonDijkstraStrategy,-1,mixed,matching_size,2
W0,2,1.5,82,HungarianMatcher+JohnsonDijkstraStrategy,-1,mixed,wall_clock_ms,0.005268
W0,4,1.5,14,Oracle,-1,mixed,oracle_size,4
W0,4,1.5,14,Oracle,-1,mixed,oracle_value,-30
W0,4,1.5,14,HungarianMatcher+BellmanFordStrategy,0,mixed,defect_at_iteration,3
W0,4,1.5,14,HungarianMatcher+BellmanFordStrategy,1,mixed,defect_at_iteration,2
W0,4,1.5,14,HungarianMatcher+BellmanFordStrategy,2,mixed,defect_at_iteration,1
W0,4,1.5,14,HungarianMatcher+BellmanFordStrategy,3,mixed,defect_at_iteration,0
W0,4,1.5,14,HungarianMatcher+BellmanFordStrategy,-1,mixed,augmentation_count,4
W0,4,1.5,14,HungarianMatcher+BellmanFordStrategy,-1,mixed,matching_value,-30
W0,4,1.5,14,HungarianMatcher+BellmanFordStrategy,-1,mixed,matching_size,4
W0,4,1.5,14,HungarianMatcher+BellmanFordStrategy,-1,mixed,wall_clock_ms,0.008962
W0,4,1.5,14,HungarianMatcher+JohnsonDijkstraStrategy,0,mixed,edge_relaxations,8
W0,4,1.5,14,HungarianMatcher+JohnsonDijkstraStrategy,0,mixed,defect_at_iteration,3
W0,4,1.5,14,HungarianMatcher+JohnsonDijkstraStrategy,1,mixed,edge_relaxations,8
W0,4,1.5,14,HungarianMatcher+JohnsonDijkstraStrategy,1,mixed,defect_at_iteration,2
W0,4,1.5,14,HungarianMatcher+JohnsonDijkstraStrategy,2,mixed,edge_relaxations,8
W0,4,1.5,14,HungarianMatcher+JohnsonDijkstraStrategy,2,mixed,defect_at_iteration,1
W0,4,1.5,14,HungarianMatcher+JohnsonDijkstraStrategy,3,mixed,edge_relaxations,8
W0,4,1.5,14,HungarianMatcher+JohnsonDijkstraStrategy,3,mixed,defect_at_iteration,0
W0,4,1.5,14,HungarianMatcher+JohnsonDijkstraStrategy,-1,mixed,augmentation_count,4
W0,4,1.5,14,HungarianMatcher+JohnsonDijkstraStrategy,-1,mixed,matching_value,-30
W0,4,1.5,14,HungarianMatcher+JohnsonDijkstraStrategy,-1,mixed,matching_size,4
W0,4,1.5,14,HungarianMatcher+JohnsonDijkstraStrategy,-1,mixed,wall_clock_ms,0.009671
W0,3,1.5,0,Oracle,-1,mixed,oracle_size,3
W0,3,1.5,0,Oracle,-1,mixed,oracle_value,-13
W0,3,1.5,0,HungarianMatcher+BellmanFordStrategy,0,mixed,defect_at_iteration,2
W0,3,1.5,0,HungarianMatcher+BellmanFordStrategy,1,mixed,defect_at_iteration,1
W0,3,1.5,0,HungarianMatcher+BellmanFordStrategy,2,mixed,defect_at_iteration,0
W0,3,1.5,0,HungarianMatcher+BellmanFordStrategy,-1,mixed,augmentation_count,3
W0,3,1.5,0,HungarianMatcher+BellmanFordStrategy,-1,mixed,matching_value,-13
W0,3,1.5,0,HungarianMatcher+BellmanFordStrategy,-1,mixed,matching_size,3
W0,3,1.5,0,HungarianMatcher+BellmanFordStrategy,-1,mixed,wall_clock_ms,0.005856
W0,3,1.5,0,HungarianMatcher+JohnsonDijkstraStrategy,0,mixed,edge_relaxations,5
W0,3,1.5,0,HungarianMatcher+JohnsonDijkstraStrategy,0,mixed,defect_at_iteration,2
W0,3,1.5,0,HungarianMatcher+JohnsonDijkstraStrategy,1,mixed,edge_relaxations,5
W0,3,1.5,0,HungarianMatcher+JohnsonDijkstraStrategy,1,mixed,defect_at_iteration,1
W0,3,1.5,0,HungarianMatcher+JohnsonDijkstraStrategy,2,mixed,edge_relaxations,1
W0,3,1.5,0,HungarianMatcher+JohnsonDijkstraStrategy,2,mixed,defect_at_iteration,0
W0,3,1.5,0,HungarianMatcher+JohnsonDijkstraStrategy,-1,mixed,augmentation_count,3
W0,3,1.5,0,HungarianMatcher+JohnsonDijkstraStrategy,-1,mixed,matching_value,-13
W0,3,1.5,0,HungarianMatcher+JohnsonDijkstraStrategy,-1,mixed,matching_size,3
W0,3,1.5,0,HungarianMatcher+JohnsonDijkstraStrategy,-1,mixed,wall_clock_ms,0.006948
W0,3,1.5,13,Oracle,-1,mixed,oracle_size,3
W0,3,1.5,13,Oracle,-1,mixed,oracle_value,-10
W0,3,1.5,13,HungarianMatcher+BellmanFordStrategy,0,mixed,defect_at_iteration,2
W0,3,1.5,13,HungarianMatcher+BellmanFordStrategy,1,mixed,defect_at_iteration,1
W0,3,1.5,13,HungarianMatcher+BellmanFordStrategy,2,mixed,defect_at_iteration,0
W0,3,1.5,13,HungarianMatcher+BellmanFordStrategy,-1,mixed,augmentation_count,3
W0,3,1.5,13,HungarianMatcher+BellmanFordStrategy,-1,mixed,matching_value,-10
W0,3,1.5,13,HungarianMatcher+BellmanFordStrategy,-1,mixed,matching_size,3
W0,3,1.5,13,HungarianMatcher+BellmanFordStrategy,-1,mixed,wall_clock_ms,0.005658
W0,3,1.5,13,HungarianMatcher+JohnsonDijkstraStrategy,0,mixed,edge_relaxations,5
W0,3,1.5,13,HungarianMatcher+JohnsonDijkstraStrategy,0,mixed,defect_at_iteration,2
W0,3,1.5,13,HungarianMatcher+JohnsonDijkstraStrategy,1,mixed,edge_relaxations,5
W0,3,1.5,13,HungarianMatcher+JohnsonDijkstraStrategy,1,mixed,defect_at_iteration,1
W0,3,1.5,13,HungarianMatcher+JohnsonDijkstraStrategy,2,mixed,edge_relaxations,1
W0,3,1.5,13,HungarianMatcher+JohnsonDijkstraStrategy,2,mixed,defect_at_iteration,0
W0,3,1.5,13,HungarianMatcher+JohnsonDijkstraStrategy,-1,mixed,augmentation_count,3
W0,3,1.5,13,HungarianMatcher+JohnsonDijkstraStrategy,-1,mixed,matching_value,-10
W0,3,1.5,13,HungarianMatcher+JohnsonDijkstraStrategy,-1,mixed,matching_size,3
W0,3,1.5,13,HungarianMatcher+JohnsonDijkstraStrategy,-1,mixed,wall_clock_ms,0.00674
W0,3,1.5,4,Oracle,-1,mixed,oracle_size,2
W0,3,1.5,4,Oracle,-1,mixed,oracle_value,-3
W0,3,1.5,4,HungarianMatcher+BellmanFordStrategy,0,mixed,defect_at_iteration,2
W0,3,1.5,4,HungarianMatcher+BellmanFordStrategy,1,mixed,defect_at_iteration,1
W0,3,1.5,4,HungarianMatcher+BellmanFordStrategy,-1,mixed,augmentation_count,2
W0,3,1.5,4,HungarianMatcher+BellmanFordStrategy,-1,mixed,matching_value,-3
W0,3,1.5,4,HungarianMatcher+BellmanFordStrategy,-1,mixed,matching_size,2
W0,3,1.5,4,HungarianMatcher+BellmanFordStrategy,-1,mixed,wall_clock_ms,0.005232
W0,3,1.5,4,HungarianMatcher+JohnsonDijkstraStrategy,0,mixed,edge_relaxations,5
W0,3,1.5,4,HungarianMatcher+JohnsonDijkstraStrategy,0,mixed,defect_at_iteration,2
W0,3,1.5,4,HungarianMatcher+JohnsonDijkstraStrategy,1,mixed,edge_relaxations,5
W0,3,1.5,4,HungarianMatcher+JohnsonDijkstraStrategy,1,mixed,defect_at_iteration,1
W0,3,1.5,4,HungarianMatcher+JohnsonDijkstraStrategy,-1,mixed,augmentation_count,2
W0,3,1.5,4,HungarianMatcher+JohnsonDijkstraStrategy,-1,mixed,matching_value,-3
W0,3,1.5,4,HungarianMatcher+JohnsonDijkstraStrategy,-1,mixed,matching_size,2
W0,3,1.5,4,HungarianMatcher+JohnsonDijkstraStrategy,-1,mixed,wall_clock_ms,0.005717
W0,4,1.5,15,Oracle,-1,mixed,oracle_size,4
W0,4,1.5,15,Oracle,-1,mixed,oracle_value,-36
W0,4,1.5,15,HungarianMatcher+BellmanFordStrategy,0,mixed,defect_at_iteration,3
W0,4,1.5,15,HungarianMatcher+BellmanFordStrategy,1,mixed,defect_at_iteration,2
W0,4,1.5,15,HungarianMatcher+BellmanFordStrategy,2,mixed,defect_at_iteration,1
W0,4,1.5,15,HungarianMatcher+BellmanFordStrategy,3,mixed,defect_at_iteration,0
W0,4,1.5,15,HungarianMatcher+BellmanFordStrategy,-1,mixed,augmentation_count,4
W0,4,1.5,15,HungarianMatcher+BellmanFordStrategy,-1,mixed,matching_value,-36
W0,4,1.5,15,HungarianMatcher+BellmanFordStrategy,-1,mixed,matching_size,4
W0,4,1.5,15,HungarianMatcher+BellmanFordStrategy,-1,mixed,wall_clock_ms,0.008159
W0,4,1.5,15,HungarianMatcher+JohnsonDijkstraStrategy,0,mixed,edge_relaxations,8
W0,4,1.5,15,HungarianMatcher+JohnsonDijkstraStrategy,0,mixed,defect_at_iteration,3
W0,4,1.5,15,HungarianMatcher+JohnsonDijkstraStrategy,1,mixed,edge_relaxations,8
W0,4,1.5,15,HungarianMatcher+JohnsonDijkstraStrategy,1,mixed,defect_at_iteration,2
W0,4,1.5,15,HungarianMatcher+JohnsonDijkstraStrategy,2,mixed,edge_relaxations,8
W0,4,1.5,15,HungarianMatcher+JohnsonDijkstraStrategy,2,mixed,defect_at_iteration,1
W0,4,1.5,15,HungarianMatcher+JohnsonDijkstraStrategy,3,mixed,edge_relaxations,8
W0,4,1.5,15,HungarianMatcher+JohnsonDijkstraStrategy,3,mixed,defect_at_iteration,0
W0,4,1.5,15,HungarianMatcher+JohnsonDijkstraStrategy,-1,mixed,augmentation_count,4
W0,4,1.5,15,HungarianMatcher+JohnsonDijkstraStrategy,-1,mixed,matching_value,-36
W0,4,1.5,15,HungarianMatcher+JohnsonDijkstraStrategy,-1,mixed,matching_size,4
W0,4,1.5,15,HungarianMatcher+JohnsonDijkstraStrategy,-1,mixed,wall_clock_ms,0.009605
W0,3,1.5,14,Oracle,-1,mixed,oracle_size,3
W0,3,1.5,14,Oracle,-1,mixed,oracle_value,-9
W0,3,1.5,14,HungarianMatcher+BellmanFordStrategy,0,mixed,defect_at_iteration,2
W0,3,1.5,14,HungarianMatcher+BellmanFordStrategy,1,mixed,defect_at_iteration,1
W0,3,1.5,14,HungarianMatcher+BellmanFordStrategy,2,mixed,defect_at_iteration,0
W0,3,1.5,14,HungarianMatcher+BellmanFordStrategy,-1,mixed,augmentation_count,3
W0,3,1.5,14,HungarianMatcher+BellmanFordStrategy,-1,mixed,matching_value,-9
W0,3,1.5,14,HungarianMatcher+BellmanFordStrategy,-1,mixed,matching_size,3
W0,3,1.5,14,HungarianMatcher+BellmanFordStrategy,-1,mixed,wall_clock_ms,0.005718
W0,3,1.5,14,HungarianMatcher+JohnsonDijkstraStrategy,0,mixed,edge_relaxations,5
W0,3,1.5,14,HungarianMatcher+JohnsonDijkstraStrategy,0,mixed,defect_at_iteration,2
W0,3,1.5,14,HungarianMatcher+JohnsonDijkstraStrategy,1,mixed,edge_relaxations,2
W0,3,1.5,14,HungarianMatcher+JohnsonDijkstraStrategy,1,mixed,defect_at_iteration,1
W0,3,1.5,14,HungarianMatcher+JohnsonDijkstraStrategy,2,mixed,edge_relaxations,1
W0,3,1.5,14,HungarianMatcher+JohnsonDijkstraStrategy,2,mixed,defect_at_iteration,0
W0,3,1.5,14,HungarianMatcher+JohnsonDijkstraStrategy,-1,mixed,augmentation_count,3
W0,3,1.5,14,HungarianMatcher+JohnsonDijkstraStrategy,-1,mixed,matching_value,-9
W0,3,1.5,14,HungarianMatcher+JohnsonDijkstraStrategy,-1,mixed,matching_size,3
W0,3,1.5,14,HungarianMatcher+JohnsonDijkstraStrategy,-1,mixed,wall_clock_ms,0.006683
W0,2,1.5,88,Oracle,-1,mixed,oracle_size,1
W0,2,1.5,88,Oracle,-1,mixed,oracle_value,-2
W0,2,1.5,88,HungarianMatcher+BellmanFordStrategy,0,mixed,defect_at_iteration,1
W0,2,1.5,88,HungarianMatcher+BellmanFordStrategy,-1,mixed,augmentation_count,1
W0,2,1.5,88,HungarianMatcher+BellmanFordStrategy,-1,mixed,matching_value,-2
W0,2,1.5,88,HungarianMatcher+BellmanFordStrategy,-1,mixed,matching_size,1
W0,2,1.5,88,HungarianMatcher+BellmanFordStrategy,-1,mixed,wall_clock_ms,0.003433
W0,2,1.5,88,HungarianMatcher+JohnsonDijkstraStrategy,0,mixed,edge_relaxations,2
W0,2,1.5,88,HungarianMatcher+JohnsonDijkstraStrategy,0,mixed,defect_at_iteration,1
W0,2,1.5,88,HungarianMatcher+JohnsonDijkstraStrategy,-1,mixed,augmentation_count,1
W0,2,1.5,88,HungarianMatcher+JohnsonDijkstraStrategy,-1,mixed,matching_value,-2
W0,2,1.5,88,HungarianMatcher+JohnsonDijkstraStrategy,-1,mixed,matching_size,1
W0,2,1.5,88,HungarianMatcher+JohnsonDijkstraStrategy,-1,mixed,wall_clock_ms,0.003551
W0,3,1.5,49,Oracle,-1,mixed,oracle_size,3
W0,3,1.5,49,Oracle,-1,mixed,oracle_value,-14
W0,3,1.5,49,HungarianMatcher+BellmanFordStrategy,0,mixed,defect_at_iteration,2
W0,3,1.5,49,HungarianMatcher+BellmanFordStrategy,1,mixed,defect_at_iteration,1
W0,3,1.5,49,HungarianMatcher+BellmanFordStrategy,2,mixed,defect_at_iteration,0
W0,3,1.5,49,HungarianMatcher+BellmanFordStrategy,-1,mixed,augmentation_count,3
W0,3,1.5,49,HungarianMatcher+BellmanFordStrategy,-1,mixed,matching_value,-14
W0,3,1.5,49,HungarianMatcher+BellmanFordStrategy,-1,mixed,matching_size,3
W0,3,1.5,49,HungarianMatcher+BellmanFordStrategy,-1,mixed,wall_clock_ms,0.005543
W0,3,1.5,49,HungarianMatcher+JohnsonDijkstraStrategy,0,mixed,edge_relaxations,5
W0,3,1.5,49,HungarianMatcher+JohnsonDijkstraStrategy,0,mixed,defect_at_iteration,2
W0,3,1.5,49,HungarianMatcher+JohnsonDijkstraStrategy,1,mixed,edge_relaxations,2
W0,3,1.5,49,HungarianMatcher+JohnsonDijkstraStrategy,1,mixed,defect_at_iteration,1
W0,3,1.5,49,HungarianMatcher+JohnsonDijkstraStrategy,2,mixed,edge_relaxations,1
W0,3,1.5,49,HungarianMatcher+JohnsonDijkstraStrategy,2,mixed,defect_at_iteration,0
W0,3,1.5,49,HungarianMatcher+JohnsonDijkstraStrategy,-1,mixed,augmentation_count,3
W0,3,1.5,49,HungarianMatcher+JohnsonDijkstraStrategy,-1,mixed,matching_value,-14
W0,3,1.5,49,HungarianMatcher+JohnsonDijkstraStrategy,-1,mixed,matching_size,3
W0,3,1.5,49,HungarianMatcher+JohnsonDijkstraStrategy,-1,mixed,wall_clock_ms,0.005424
W0,4,1.5,2,Oracle,-1,mixed,oracle_size,4
W0,4,1.5,2,Oracle,-1,mixed,oracle_value,-26
W0,4,1.5,2,HungarianMatcher+BellmanFordStrategy,0,mixed,defect_at_iteration,3
W0,4,1.5,2,HungarianMatcher+BellmanFordStrategy,1,mixed,defect_at_iteration,2
W0,4,1.5,2,HungarianMatcher+BellmanFordStrategy,2,mixed,defect_at_iteration,1
W0,4,1.5,2,HungarianMatcher+BellmanFordStrategy,3,mixed,defect_at_iteration,0
W0,4,1.5,2,HungarianMatcher+BellmanFordStrategy,-1,mixed,augmentation_count,4
W0,4,1.5,2,HungarianMatcher+BellmanFordStrategy,-1,mixed,matching_value,-26
W0,4,1.5,2,HungarianMatcher+BellmanFordStrategy,-1,mixed,matching_size,4
W0,4,1.5,2,HungarianMatcher+BellmanFordStrategy,-1,mixed,wall_clock_ms,0.007792
W0,4,1.5,2,HungarianMatcher+JohnsonDijkstraStrategy,0,mixed,edge_relaxations,8
W0,4,1.5,2,HungarianMatcher+JohnsonDijkstraStrategy,0,mixed,defect_at_iteration,3
W0,4,1.5,2,HungarianMatcher+JohnsonDijkstraStrategy,1,mixed,edge_relaxations,5
W0,4,1.5,2,HungarianMatcher+JohnsonDijkstraStrategy,1,mixed,defect_at_iteration,2
W0,4,1.5,2,HungarianMatcher+JohnsonDijkstraStrategy,2,mixed,edge_relaxations,5
W0,4,1.5,2,HungarianMatcher+JohnsonDijkstraStrategy,2,mixed,defect_at_iteration,1
W0,4,1.5,2,HungarianMatcher+JohnsonDijkstraStrategy,3,mixed,edge_relaxations,5
W0,4,1.5,2,HungarianMatcher+JohnsonDijkstraStrategy,3,mixed,defect_at_iteration,0
W0,4,1.5,2,HungarianMatcher+JohnsonDijkstraStrategy,-1,mixed,augmentation_count,4
W0,4,1.5,2,HungarianMatcher+JohnsonDijkstraStrategy,-1,mixed,matching_value,-26
W0,4,1.5,2,HungarianMatcher+JohnsonDijkstraStrategy,-1,mixed,matching_size,4
W0,4,1.5,2,HungarianMatcher+JohnsonDijkstraStrategy,-1,mixed,wall_clock_ms,0.008939
W0,4,1.5,31,Oracle,-1,mixed,oracle_size,4
W0,4,1.5,31,Oracle,-1,mixed,oracle_value,-30
W0,4,1.5,31,HungarianMatcher+BellmanFordStrategy,0,mixed,defect_at_iteration,3
W0,4,1.5,31,HungarianMatcher+BellmanFordStrategy,1,mixed,defect_at_iteration,2
W0,4,1.5,31,HungarianMatcher+BellmanFordStrategy,2,mixed,defect_at_iteration,1
W0,4,1.5,31,HungarianMatcher+BellmanFordStrategy,3,mixed,defect_at_iteration,0
W0,4,1.5,31,HungarianMatcher+BellmanFordStrategy,-1,mixed,augmentation_count,4
W0,4,1.5,31,HungarianMatcher+BellmanFordStrategy,-1,mixed,matching_value,-30
W0,4,1.5,31,HungarianMatcher+BellmanFordStrategy,-1,mixed,matching_size,4
W0,4,1.5,31,HungarianMatcher+BellmanFordStrategy,-1,mixed,wall_clock_ms,0.008177
W0,4,1.5,31,HungarianMatcher+JohnsonDijkstraStrategy,0,mixed,edge_relaxations,8
W0,4,1.5,31,HungarianMatcher+JohnsonDijkstraStrategy,0,mixed,defect_at_iteration,3
W0,4,1.5,31,HungarianMatcher+JohnsonDijkstraStrategy,1,mixed,edge_relaxations,8
W0,4,1.5,31,HungarianMatcher+JohnsonDijkstraStrategy,1,mixed,defect_at_iteration,2
W0,4,1.5,31,HungarianMatcher+JohnsonDijkstraStrategy,2,mixed,edge_relaxations,8
W0,4,1.5,31,HungarianMatcher+JohnsonDijkstraStrategy,2,mixed,defect_at_iteration,1
W0,4,1.5,31,HungarianMatcher+JohnsonDijkstraStrategy,3,mixed,edge_relaxations,8
W0,4,1.5,31,HungarianMatcher+JohnsonDijkstraStrategy,3,mixed,defect_at_iteration,0
W0,4,1.5,31,HungarianMatcher+JohnsonDijkstraStrategy,-1,mixed,augmentation_count,4
W0,4,1.5,31,HungarianMatcher+JohnsonDijkstraStrategy,-1,mixed,matching_value,-30
W0,4,1.5,31,HungarianMatcher+JohnsonDijkstraStrategy,-1,mixed,matching_size,4
W0,4,1.5,31,HungarianMatcher+JohnsonDijkstraStrategy,-1,mixed,wall_clock_ms,0.009641
W0,3,1.5,99,Oracle,-1,mixed,oracle_size,3
W0,3,1.5,99,Oracle,-1,mixed,oracle_value,-14
W0,3,1.5,99,HungarianMatcher+BellmanFordStrategy,0,mixed,defect_at_iteration,2
W0,3,1.5,99,HungarianMatcher+BellmanFordStrategy,1,mixed,defect_at_iteration,1
W0,3,1.5,99,HungarianMatcher+BellmanFordStrategy,2,mixed,defect_at_iteration,0
W0,3,1.5,99,HungarianMatcher+BellmanFordStrategy,-1,mixed,augmentation_count,3
W0,3,1.5,99,HungarianMatcher+BellmanFordStrategy,-1,mixed,matching_value,-14
W0,3,1.5,99,HungarianMatcher+BellmanFordStrategy,-1,mixed,matching_size,3
W0,3,1.5,99,HungarianMatcher+BellmanFordStrategy,-1,mixed,wall_clock_ms,0.006114
W0,3,1.5,99,HungarianMatcher+JohnsonDijkstraStrategy,0,mixed,edge_relaxations,5
W0,3,1.5,99,HungarianMatcher+JohnsonDijkstraStrategy,0,mixed,defect_at_iteration,2
W0,3,1.5,99,HungarianMatcher+JohnsonDijkstraStrategy,1,mixed,edge_relaxations,5
W0,3,1.5,99,HungarianMatcher+JohnsonDijkstraStrategy,1,mixed,defect_at_iteration,1
W0,3,1.5,99,HungarianMatcher+JohnsonDijkstraStrategy,2,mixed,edge_relaxations,5
W0,3,1.5,99,HungarianMatcher+JohnsonDijkstraStrategy,2,mixed,defect_at_iteration,0
W0,3,1.5,99,HungarianMatcher+JohnsonDijkstraStrategy,-1,mixed,augmentation_count,3
W0,3,1.5,99,HungarianMatcher+JohnsonDijkstraStrategy,-1,mixed,matching_value,-14
W0,3,1.5,99,HungarianMatcher+JohnsonDijkstraStrategy,-1,mixed,matching_size,3
W0,3,1.5,99,HungarianMatcher+JohnsonDijkstraStrategy,-1,mixed,wall_clock_ms,0.007132
W0,2,1.5,19,Oracle,-1,mixed,oracle_size,1
W0,2,1.5,19,Oracle,-1,mixed,oracle_value,-3
W0,2,1.5,19,HungarianMatcher+BellmanFordStrategy,0,mixed,defect_at_iteration,1
W0,2,1.5,19,HungarianMatcher+BellmanFordStrategy,-1,mixed,augmentation_count,1
W0,2,1.5,19,HungarianMatcher+BellmanFordStrategy,-1,mixed,matching_value,-3
W0,2,1.5,19,HungarianMatcher+BellmanFordStrategy,-1,mixed,matching_size,1
W0,2,1.5,19,HungarianMatcher+BellmanFordStrategy,-1,mixed,wall_clock_ms,0.004619
W0,2,1.5,19,HungarianMatcher+JohnsonDijkstraStrategy,0,mixed,edge_relaxations,2
W0,2,1.5,19,HungarianMatcher+JohnsonDijkstraStrategy,0,mixed,defect_at_iteration,1
W0,2,1.5,19,HungarianMatcher+JohnsonDijkstraStrategy,-1,mixed,augmentation_count,1
W0,2,1.5,19,HungarianMatcher+JohnsonDijkstraStrategy,-1,mixed,matching_value,-3
W0,2,1.5,19,HungarianMatcher+JohnsonDijkstraStrategy,-1,mixed,matching_size,1
W0,2,1.5,19,HungarianMatcher+JohnsonDijkstraStrategy,-1,mixed,wall_clock_ms,0.004377
W0,2,1.5,8,Oracle,-1,mixed,oracle_size,1
W0,2,1.5,8,Oracle,-1,mixed,oracle_value,-2
W0,2,1.5,8,HungarianMatcher+BellmanFordStrategy,0,mixed,defect_at_iteration,1
W0,2,1.5,8,HungarianMatcher+BellmanFordStrategy,-1,mixed,augmentation_count,1
W0,2,1.5,8,HungarianMatcher+BellmanFordStrategy,-1,mixed,matching_value,-2
W0,2,1.5,8,HungarianMatcher+BellmanFordStrategy,-1,mixed,matching_size,1
W0,2,1.5,8,HungarianMatcher+BellmanFordStrategy,-1,mixed,wall_clock_ms,0.004135
W0,2,1.5,8,HungarianMatcher+JohnsonDijkstraStrategy,0,mixed,edge_relaxations,2
W0,2,1.5,8,HungarianMatcher+JohnsonDijkstraStrategy,0,mixed,defect_at_iteration,1
W0,2,1.5,8,HungarianMatcher+JohnsonDijkstraStrategy,-1,mixed,augmentation_count,1
W0,2,1.5,8,HungarianMatcher+JohnsonDijkstraStrategy,-1,mixed,matching_value,-2
W0,2,1.5,8,HungarianMatcher+JohnsonDijkstraStrategy,-1,mixed,matching_size,1
W0,2,1.5,8,HungarianMatcher+JohnsonDijkstraStrategy,-1,mixed,wall_clock_ms,0.004036
W0,3,1.5,45,Oracle,-1,mixed,oracle_size,3
W0,3,1.5,45,Oracle,-1,mixed,oracle_value,-18
W0,3,1.5,45,HungarianMatcher+BellmanFordStrategy,0,mixed,defect_at_iteration,2
W0,3,1.5,45,HungarianMatcher+BellmanFordStrategy,1,mixed,defect_at_iteration,1
W0,3,1.5,45,HungarianMatcher+BellmanFordStrategy,2,mixed,defect_at_iteration,0
W0,3,1.5,45,HungarianMatcher+BellmanFordStrategy,-1,mixed,augmentation_count,3
W0,3,1.5,45,HungarianMatcher+BellmanFordStrategy,-1,mixed,matching_value,-18
W0,3,1.5,45,HungarianMatcher+BellmanFordStrategy,-1,mixed,matching_size,3
W0,3,1.5,45,HungarianMatcher+BellmanFordStrategy,-1,mixed,wall_clock_ms,0.007291
W0,3,1.5,45,HungarianMatcher+JohnsonDijkstraStrategy,0,mixed,edge_relaxations,5
W0,3,1.5,45,HungarianMatcher+JohnsonDijkstraStrategy,0,mixed,defect_at_iteration,2
W0,3,1.5,45,HungarianMatcher+JohnsonDijkstraStrategy,1,mixed,edge_relaxations,5
W0,3,1.5,45,HungarianMatcher+JohnsonDijkstraStrategy,1,mixed,defect_at_iteration,1
W0,3,1.5,45,HungarianMatcher+JohnsonDijkstraStrategy,2,mixed,edge_relaxations,3
W0,3,1.5,45,HungarianMatcher+JohnsonDijkstraStrategy,2,mixed,defect_at_iteration,0
W0,3,1.5,45,HungarianMatcher+JohnsonDijkstraStrategy,-1,mixed,augmentation_count,3
W0,3,1.5,45,HungarianMatcher+JohnsonDijkstraStrategy,-1,mixed,matching_value,-18
W0,3,1.5,45,HungarianMatcher+JohnsonDijkstraStrategy,-1,mixed,matching_size,3
W0,3,1.5,45,HungarianMatcher+JohnsonDijkstraStrategy,-1,mixed,wall_clock_ms,0.007033
W0,3,1.5,76,Oracle,-1,mixed,oracle_size,2
W0,3,1.5,76,Oracle,-1,mixed,oracle_value,-5
W0,3,1.5,76,HungarianMatcher+BellmanFordStrategy,0,mixed,defect_at_iteration,2
W0,3,1.5,76,HungarianMatcher+BellmanFordStrategy,1,mixed,defect_at_iteration,1
W0,3,1.5,76,HungarianMatcher+BellmanFordStrategy,-1,mixed,augmentation_count,2
W0,3,1.5,76,HungarianMatcher+BellmanFordStrategy,-1,mixed,matching_value,-5
W0,3,1.5,76,HungarianMatcher+BellmanFordStrategy,-1,mixed,matching_size,2
W0,3,1.5,76,HungarianMatcher+BellmanFordStrategy,-1,mixed,wall_clock_ms,0.005711
W0,3,1.5,76,HungarianMatcher+JohnsonDijkstraStrategy,0,mixed,edge_relaxations,5
W0,3,1.5,76,HungarianMatcher+JohnsonDijkstraStrategy,0,mixed,defect_at_iteration,2
W0,3,1.5,76,HungarianMatcher+JohnsonDijkstraStrategy,1,mixed,edge_relaxations,5
W0,3,1.5,76,HungarianMatcher+JohnsonDijkstraStrategy,1,mixed,defect_at_iteration,1
W0,3,1.5,76,HungarianMatcher+JohnsonDijkstraStrategy,-1,mixed,augmentation_count,2
W0,3,1.5,76,HungarianMatcher+JohnsonDijkstraStrategy,-1,mixed,matching_value,-5
W0,3,1.5,76,HungarianMatcher+JohnsonDijkstraStrategy,-1,mixed,matching_size,2
W0,3,1.5,76,HungarianMatcher+JohnsonDijkstraStrategy,-1,mixed,wall_clock_ms,0.005999
W0,2,1.5,25,Oracle,-1,mixed,oracle_size,2
W0,2,1.5,25,Oracle,-1,mixed,oracle_value,-5
W0,2,1.5,25,HungarianMatcher+BellmanFordStrategy,0,mixed,defect_at_iteration,1
W0,2,1.5,25,HungarianMatcher+BellmanFordStrategy,1,mixed,defect_at_iteration,0
W0,2,1.5,25,HungarianMatcher+BellmanFordStrategy,-1,mixed,augmentation_count,2
W0,2,1.5,25,HungarianMatcher+BellmanFordStrategy,-1,mixed,matching_value,-5
W0,2,1.5,25,HungarianMatcher+BellmanFordStrategy,-1,mixed,matching_size,2
W0,2,1.5,25,HungarianMatcher+BellmanFordStrategy,-1,mixed,wall_clock_ms,0.005054
W0,2,1.5,25,HungarianMatcher+JohnsonDijkstraStrategy,0,mixed,edge_relaxations,2
W0,2,1.5,25,HungarianMatcher+JohnsonDijkstraStrategy,0,mixed,defect_at_iteration,1
W0,2,1.5,25,HungarianMatcher+JohnsonDijkstraStrategy,1,mixed,edge_relaxations,1
W0,2,1.5,25,HungarianMatcher+JohnsonDijkstraStrategy,1,mixed,defect_at_iteration,0
W0,2,1.5,25,HungarianMatcher+JohnsonDijkstraStrategy,-1,mixed,augmentation_count,2
W0,2,1.5,25,HungarianMatcher+JohnsonDijkstraStrategy,-1,mixed,matching_value,-5
W0,2,1.5,25,HungarianMatcher+JohnsonDijkstraStrategy,-1,mixed,matching_size,2
W0,2,1.5,25,HungarianMatcher+JohnsonDijkstraStrategy,-1,mixed,wall_clock_ms,0.005379
W0,2,1.5,99,Oracle,-1,mixed,oracle_size,2
W0,2,1.5,99,Oracle,-1,mixed,oracle_value,-4
W0,2,1.5,99,HungarianMatcher+BellmanFordStrategy,0,mixed,defect_at_iteration,1
W0,2,1.5,99,HungarianMatcher+BellmanFordStrategy,1,mixed,defect_at_iteration,0
W0,2,1.5,99,HungarianMatcher+BellmanFordStrategy,-1,mixed,augmentation_count,2
W0,2,1.5,99,HungarianMatcher+BellmanFordStrategy,-1,mixed,matching_value,-4
W0,2,1.5,99,HungarianMatcher+BellmanFordStrategy,-1,mixed,matching_size,2
W0,2,1.5,99,HungarianMatcher+BellmanFordStrategy,-1,mixed,wall_clock_ms,0.005495
W0,2,1.5,99,HungarianMatcher+JohnsonDijkstraStrategy,0,mixed,edge_relaxations,2
W0,2,1.5,99,HungarianMatcher+JohnsonDijkstraStrategy,0,mixed,defect_at_iteration,1
W0,2,1.5,99,HungarianMatcher+JohnsonDijkstraStrategy,1,mixed,edge_relaxations,1
W0,2,1.5,99,HungarianMatcher+JohnsonDijkstraStrategy,1,mixed,defect_at_iteration,0
W0,2,1.5,99,HungarianMatcher+JohnsonDijkstraStrategy,-1,mixed,augmentation_count,2
W0,2,1.5,99,HungarianMatcher+JohnsonDijkstraStrategy,-1,mixed,matching_value,-4
W0,2,1.5,99,HungarianMatcher+JohnsonDijkstraStrategy,-1,mixed,matching_size,2
W0,2,1.5,99,HungarianMatcher+JohnsonDijkstraStrategy,-1,mixed,wall_clock_ms,0.004949
W0,2,1.5,74,Oracle,-1,mixed,oracle_size,2
W0,2,1.5,74,Oracle,-1,mixed,oracle_value,-4
W0,2,1.5,74,HungarianMatcher+BellmanFordStrategy,0,mixed,defect_at_iteration,1
W0,2,1.5,74,HungarianMatcher+BellmanFordStrategy,1,mixed,defect_at_iteration,0
W0,2,1.5,74,HungarianMatcher+BellmanFordStrategy,-1,mixed,augmentation_count,2
W0,2,1.5,74,HungarianMatcher+BellmanFordStrategy,-1,mixed,matching_value,-4
W0,2,1.5,74,HungarianMatcher+BellmanFordStrategy,-1,mixed,matching_size,2
W0,2,1.5,74,HungarianMatcher+BellmanFordStrategy,-1,mixed,wall_clock_ms,0.005676
W0,2,1.5,74,HungarianMatcher+JohnsonDijkstraStrategy,0,mixed,edge_relaxations,2
W0,2,1.5,74,HungarianMatcher+JohnsonDijkstraStrategy,0,mixed,defect_at_iteration,1
W0,2,1.5,74,HungarianMatcher+JohnsonDijkstraStrategy,1,mixed,edge_relaxations,1
W0,2,1.5,74,HungarianMatcher+JohnsonDijkstraStrategy,1,mixed,defect_at_iteration,0
W0,2,1.5,74,HungarianMatcher+JohnsonDijkstraStrategy,-1,mixed,augmentation_count,2
W0,2,1.5,74,HungarianMatcher+JohnsonDijkstraStrategy,-1,mixed,matching_value,-4
W0,2,1.5,74,HungarianMatcher+JohnsonDijkstraStrategy,-1,mixed,matching_size,2
W0,2,1.5,74,HungarianMatcher+JohnsonDijkstraStrategy,-1,mixed,wall_clock_ms,0.00525
W0,3,1.5,50,Oracle,-1,mixed,oracle_size,2
W0,3,1.5,50,Oracle,-1,mixed,oracle_value,-5
W0,3,1.5,50,HungarianMatcher+BellmanFordStrategy,0,mixed,defect_at_iteration,2
W0,3,1.5,50,HungarianMatcher+BellmanFordStrategy,1,mixed,defect_at_iteration,1
W0,3,1.5,50,HungarianMatcher+BellmanFordStrategy,-1,mixed,augmentation_count,2
W0,3,1.5,50,HungarianMatcher+BellmanFordStrategy,-1,mixed,matching_value,-5
W0,3,1.5,50,HungarianMatcher+BellmanFordStrategy,-1,mixed,matching_size,2
W0,3,1.5,50,HungarianMatcher+BellmanFordStrategy,-1,mixed,wall_clock_ms,0.005724
W0,3,1.5,50,HungarianMatcher+JohnsonDijkstraStrategy,0,mixed,edge_relaxations,5
W0,3,1.5,50,HungarianMatcher+JohnsonDijkstraStrategy,0,mixed,defect_at_iteration,2
W0,3,1.5,50,HungarianMatcher+JohnsonDijkstraStrategy,1,mixed,edge_relaxations,5
W0,3,1.5,50,HungarianMatcher+JohnsonDijkstraStrategy,1,mixed,defect_at_iteration,1
W0,3,1.5,50,HungarianMatcher+JohnsonDijkstraStrategy,-1,mixed,augmentation_count,2
W0,3,1.5,50,HungarianMatcher+JohnsonDijkstraStrategy,-1,mixed,matching_value,-5
W0,3,1.5,50,HungarianMatcher+JohnsonDijkstraStrategy,-1,mixed,matching_size,2
W0,3,1.5,50,HungarianMatcher+JohnsonDijkstraStrategy,-1,mixed,wall_clock_ms,0.006057
W0,3,1.5,70,Oracle,-1,mixed,oracle_size,2
W0,3,1.5,70,Oracle,-1,mixed,oracle_value,-4
W0,3,1.5,70,HungarianMatcher+BellmanFordStrategy,0,mixed,defect_at_iteration,2
W0,3,1.5,70,HungarianMatcher+BellmanFordStrategy,1,mixed,defect_at_iteration,1
W0,3,1.5,70,HungarianMatcher+BellmanFordStrategy,-1,mixed,augmentation_count,2
W0,3,1.5,70,HungarianMatcher+BellmanFordStrategy,-1,mixed,matching_value,-4
W0,3,1.5,70,HungarianMatcher+BellmanFordStrategy,-1,mixed,matching_size,2
W0,3,1.5,70,HungarianMatcher+BellmanFordStrategy,-1,mixed,wall_clock_ms,0.005286
W0,3,1.5,70,HungarianMatcher+JohnsonDijkstraStrategy,0,mixed,edge_relaxations,5
W0,3,1.5,70,HungarianMatcher+JohnsonDijkstraStrategy,0,mixed,defect_at_iteration,2
W0,3,1.5,70,HungarianMatcher+JohnsonDijkstraStrategy,1,mixed,edge_relaxations,5
W0,3,1.5,70,HungarianMatcher+JohnsonDijkstraStrategy,1,mixed,defect_at_iteration,1
W0,3,1.5,70,HungarianMatcher+JohnsonDijkstraStrategy,-1,mixed,augmentation_count,2
W0,3,1.5,70,HungarianMatcher+JohnsonDijkstraStrategy,-1,mixed,matching_value,-4
W0,3,1.5,70,HungarianMatcher+JohnsonDijkstraStrategy,-1,mixed,matching_size,2
W0,3,1.5,70,HungarianMatcher+JohnsonDijkstraStrategy,-1,mixed,wall_clock_ms,0.005919
W0,2,1.5,11,Oracle,-1,mixed,oracle_size,1
W0,2,1.5,11,Oracle,-1,mixed,oracle_value,0
W0,2,1.5,11,HungarianMatcher+BellmanFordStrategy,0,mixed,defect_at_iteration,1
W0,2,1.5,11,HungarianMatcher+BellmanFordStrategy,-1,mixed,augmentation_count,1
W0,2,1.5,11,HungarianMatcher+BellmanFordStrategy,-1,mixed,matching_value,0
W0,2,1.5,11,HungarianMatcher+BellmanFordStrategy,-1,mixed,matching_size,1
W0,2,1.5,11,HungarianMatcher+BellmanFordStrategy,-1,mixed,wall_clock_ms,0.004021
W0,2,1.5,11,HungarianMatcher+JohnsonDijkstraStrategy,0,mixed,edge_relaxations,2
W0,2,1.5,11,HungarianMatcher+JohnsonDijkstraStrategy,0,mixed,defect_at_iteration,1
W0,2,1.5,11,HungarianMatcher+JohnsonDijkstraStrategy,-1,mixed,augmentation_count,1
W0,2,1.5,11,HungarianMatcher+JohnsonDijkstraStrategy,-1,mixed,matching_value,0
W0,2,1.5,11,HungarianMatcher+JohnsonDijkstraStrategy,-1,mixed,matching_size,1
W0,2,1.5,11,HungarianMatcher+JohnsonDijkstraStrategy,-1,mixed,wall_clock_ms,0.00375
W0,2,1.5,16,Oracle,-1,mixed,oracle_size,2
W0,2,1.5,16,Oracle,-1,mixed,oracle_value,-6
W0,2,1.5,16,HungarianMatcher+BellmanFordStrategy,0,mixed,defect_at_iteration,1
W0,2,1.5,16,HungarianMatcher+BellmanFordStrategy,1,mixed,defect_at_iteration,0
W0,2,1.5,16,HungarianMatcher+BellmanFordStrategy,-1,mixed,augmentation_count,2
W0,2,1.5,16,HungarianMatcher+BellmanFordStrategy,-1,mixed,matching_value,-6
W0,2,1.5,16,HungarianMatcher+BellmanFordStrategy,-1,mixed,matching_size,2
W0,2,1.5,16,HungarianMatcher+BellmanFordStrategy,-1,mixed,wall_clock_ms,0.00408
W0,2,1.5,16,HungarianMatcher+JohnsonDijkstraStrategy,0,mixed,edge_relaxations,2
W0,2,1.5,16,HungarianMatcher+JohnsonDijkstraStrategy,0,mixed,defect_at_iteration,1
W0,2,1.5,16,HungarianMatcher+JohnsonDijkstraStrategy,1,mixed,edge_relaxations,1
W0,2,1.5,16,HungarianMatcher+JohnsonDijkstraStrategy,1,mixed,defect_at_iteration,0
W0,2,1.5,16,HungarianMatcher+JohnsonDijkstraStrategy,-1,mixed,augmentation_count,2
W0,2,1.5,16,HungarianMatcher+JohnsonDijkstraStrategy,-1,mixed,matching_value,-6
W0,2,1.5,16,HungarianMatcher+JohnsonDijkstraStrategy,-1,mixed,matching_size,2
W0,2,1.5,16,HungarianMatcher+JohnsonDijkstraStrategy,-1,mixed,wall_clock_ms,0.004091
W0,4,1.5,51,Oracle,-1,mixed,oracle_size,4
W0,4,1.5,51,Oracle,-1,mixed,oracle_value,-31
W0,4,1.5,51,HungarianMatcher+BellmanFordStrategy,0,mixed,defect_at_iteration,3
W0,4,1.5,51,HungarianMatcher+BellmanFordStrategy,1,mixed,defect_at_iteration,2
W0,4,1.5,51,HungarianMatcher+BellmanFordStrategy,2,mixed,defect_at_iteration,1
W0,4,1.5,51,HungarianMatcher+BellmanFordStrategy,3,mixed,defect_at_iteration,0
W0,4,1.5,51,HungarianMatcher+BellmanFordStrategy,-1,mixed,augmentation_count,4
W0,4,1.5,51,HungarianMatcher+BellmanFordStrategy,-1,mixed,matching_value,-31
W0,4,1.5,51,HungarianMatcher+BellmanFordStrategy,-1,mixed,matching_size,4
W0,4,1.5,51,HungarianMatcher+BellmanFordStrategy,-1,mixed,wall_clock_ms,0.007293
W0,4,1.5,51,HungarianMatcher+JohnsonDijkstraStrategy,0,mixed,edge_relaxations,8
W0,4,1.5,51,HungarianMatcher+JohnsonDijkstraStrategy,0,mixed,defect_at_iteration,3
W0,4,1.5,51,HungarianMatcher+JohnsonDijkstraStrategy,1,mixed,edge_relaxations,8
W0,4,1.5,51,HungarianMatcher+JohnsonDijkstraStrategy,1,mixed,defect_at_iteration,2
W0,4,1.5,51,HungarianMatcher+JohnsonDijkstraStrategy,2,mixed,edge_relaxations,6
W0,4,1.5,51,HungarianMatcher+JohnsonDijkstraStrategy,2,mixed,defect_at_iteration,1
W0,4,1.5,51,HungarianMatcher+JohnsonDijkstraStrategy,3,mixed,edge_relaxations,6
W0,4,1.5,51,HungarianMatcher+JohnsonDijkstraStrategy,3,mixed,defect_at_iteration,0
W0,4,1.5,51,HungarianMatcher+JohnsonDijkstraStrategy,-1,mixed,augmentation_count,4
W0,4,1.5,51,HungarianMatcher+JohnsonDijkstraStrategy,-1,mixed,matching_value,-31
W0,4,1.5,51,HungarianMatcher+JohnsonDijkstraStrategy,-1,mixed,matching_size,4
W0,4,1.5,51,HungarianMatcher+JohnsonDijkstraStrategy,-1,mixed,wall_clock_ms,0.009586
W0,4,1.5,81,Oracle,-1,mixed,oracle_size,4
W0,4,1.5,81,Oracle,-1,mixed,oracle_value,-41
W0,4,1.5,81,HungarianMatcher+BellmanFordStrategy,0,mixed,defect_at_iteration,3
W0,4,1.5,81,HungarianMatcher+BellmanFordStrategy,1,mixed,defect_at_iteration,2
W0,4,1.5,81,HungarianMatcher+BellmanFordStrategy,2,mixed,defect_at_iteration,1
W0,4,1.5,81,HungarianMatcher+BellmanFordStrategy,3,mixed,defect_at_iteration,0
W0,4,1.5,81,HungarianMatcher+BellmanFordStrategy,-1,mixed,augmentation_count,4
W0,4,1.5,81,HungarianMatcher+BellmanFordStrategy,-1,mixed,matching_value,-41
W0,4,1.5,81,HungarianMatcher+BellmanFordStrategy,-1,mixed,matching_size,4
W0,4,1.5,81,HungarianMatcher+BellmanFordStrategy,-1,mixed,wall_clock_ms,0.005694
W0,4,1.5,81,HungarianMatcher+JohnsonDijkstraStrategy,0,mixed,edge_relaxations,8
W0,4,1.5,81,HungarianMatcher+JohnsonDijkstraStrategy,0,mixed,defect_at_iteration,3
W0,4,1.5,81,HungarianMatcher+JohnsonDijkstraStrategy,1,mixed,edge_relaxations,4
W0,4,1.5,81,HungarianMatcher+JohnsonDijkstraStrategy,1,mixed,defect_at_iteration,2
W0,4,1.5,81,HungarianMatcher+JohnsonDijkstraStrategy,2,mixed,edge_relaxations,3
W0,4,1.5,81,HungarianMatcher+JohnsonDijkstraStrategy,2,mixed,defect_at_iteration,1
W0,4,1.5,81,HungarianMatcher+JohnsonDijkstraStrategy,3,mixed,edge_relaxations,3
W0,4,1.5,81,HungarianMatcher+JohnsonDijkstraStrategy,3,mixed,defect_at_iteration,0
W0,4,1.5,81,HungarianMatcher+JohnsonDijkstraStrategy,-1,mixed,augmentation_count,4
W0,4,1.5,81,HungarianMatcher+JohnsonDijkstraStrategy,-1,mixed,matching_value,-41
W0,4,1.5,81,HungarianMatcher+JohnsonDijkstraStrategy,-1,mixed,matching_size,4
W0,4,1.5,81,HungarianMatcher+JohnsonDijkstraStrategy,-1,mixed,wall_clock_ms,0.00703
W0,2,1.5,57,Oracle,-1,mixed,oracle_size,1
W0,2,1.5,57,Oracle,-1,mixed,oracle_value,-2
W0,2,1.5,57,HungarianMatcher+BellmanFordStrategy,0,mixed,defect_at_iteration,1
W0,2,1.5,57,HungarianMatcher+BellmanFordStrategy,-1,mixed,augmentation_count,1
W0,2,1.5,57,HungarianMatcher+BellmanFordStrategy,-1,mixed,matching_value,-2
W0,2,1.5,57,HungarianMatcher+BellmanFordStrategy,-1,mixed,matching_size,1
W0,2,1.5,57,HungarianMatcher+BellmanFordStrategy,-1,mixed,wall_clock_ms,0.003496
W0,2,1.5,57,HungarianMatcher+JohnsonDijkstraStrategy,0,mixed,edge_relaxations,2
W0,2,1.5,57,HungarianMatcher+JohnsonDijkstraStrategy,0,mixed,defect_at_iteration,1
W0,2,1.5,57,HungarianMatcher+JohnsonDijkstraStrategy,-1,mixed,augmentation_count,1
W0,2,1.5,57,HungarianMatcher+JohnsonDijkstraStrategy,-1,mixed,matching_value,-2
W0,2,1.5,57,HungarianMatcher+JohnsonDijkstraStrategy,-1,mixed,matching_size,1
W0,2,1.5,57,HungarianMatcher+JohnsonDijkstraStrategy,-1,mixed,wall_clock_ms,0.003469
W0,4,1.5,52,Oracle,-1,mixed,oracle_size,4
W0,4,1.5,52,Oracle,-1,mixed,oracle_value,-37
W0,4,1.5,52,HungarianMatcher+BellmanFordStrategy,0,mixed,defect_at_iteration,3
W0,4,1.5,52,HungarianMatcher+BellmanFordStrategy,1,mixed,defect_at_iteration,2
W0,4,1.5,52,HungarianMatcher+BellmanFordStrategy,2,mixed,defect_at_iteration,1
W0,4,1.5,52,HungarianMatcher+BellmanFordStrategy,3,mixed,defect_at_iteration,0
W0,4,1.5,52,HungarianMatcher+BellmanFordStrategy,-1,mixed,augmentation_count,4
W0,4,1.5,52,HungarianMatcher+BellmanFordStrategy,-1,mixed,matching_value,-37
W0,4,1.5,52,HungarianMatcher+BellmanFordStrategy,-1,mixed,matching_size,4
W0,4,1.5,52,HungarianMatcher+BellmanFordStrategy,-1,mixed,wall_clock_ms,0.007606
W0,4,1.5,52,HungarianMatcher+JohnsonDijkstraStrategy,0,mixed,edge_relaxations,8
W0,4,1.5,52,HungarianMatcher+JohnsonDijkstraStrategy,0,mixed,defect_at_iteration,3
W0,4,1.5,52,HungarianMatcher+JohnsonDijkstraStrategy,1,mixed,edge_relaxations,8
W0,4,1.5,52,HungarianMatcher+JohnsonDijkstraStrategy,1,mixed,defect_at_iteration,2
W0,4,1.5,52,HungarianMatcher+JohnsonDijkstraStrategy,2,mixed,edge_relaxations,8
W0,4,1.5,52,HungarianMatcher+JohnsonDijkstraStrategy,2,mixed,defect_at_iteration,1
W0,4,1.5,52,HungarianMatcher+JohnsonDijkstraStrategy,3,mixed,edge_relaxations,8
W0,4,1.5,52,HungarianMatcher+JohnsonDijkstraStrategy,3,mixed,defect_at_iteration,0
W0,4,1.5,52,HungarianMatcher+JohnsonDijkstraStrategy,-1,mixed,augmentation_count,4
W0,4,1.5,52,HungarianMatcher+JohnsonDijkstraStrategy,-1,mixed,matching_value,-37
W0,4,1.5,52,HungarianMatcher+JohnsonDijkstraStrategy,-1,mixed,matching_size,4
W0,4,1.5,52,HungarianMatcher+JohnsonDijkstraStrategy,-1,mixed,wall_clock_ms,0.009503
W0,3,1.5,54,Oracle,-1,mixed,oracle_size,3
W0,3,1.5,54,Oracle,-1,mixed,oracle_value,-9
W0,3,1.5,54,HungarianMatcher+BellmanFordStrategy,0,mixed,defect_at_iteration,2
W0,3,1.5,54,HungarianMatcher+BellmanFordStrategy,1,mixed,defect_at_iteration,1
W0,3,1.5,54,HungarianMatcher+BellmanFordStrategy,2,mixed,defect_at_iteration,0
W0,3,1.5,54,HungarianMatcher+BellmanFordStrategy,-1,mixed,augmentation_count,3
W0,3,1.5,54,HungarianMatcher+BellmanFordStrategy,-1,mixed,matching_value,-9
W0,3,1.5,54,HungarianMatcher+BellmanFordStrategy,-1,mixed,matching_size,3
W0,3,1.5,54,HungarianMatcher+BellmanFordStrategy,-1,mixed,wall_clock_ms,0.005822
W0,3,1.5,54,HungarianMatcher+JohnsonDijkstraStrategy,0,mixed,edge_relaxations,5
W0,3,1.5,54,HungarianMatcher+JohnsonDijkstraStrategy,0,mixed,defect_at_iteration,2
W0,3,1.5,54,HungarianMatcher+JohnsonDijkstraStrategy,1,mixed,edge_relaxations,5
W0,3,1.5,54,HungarianMatcher+JohnsonDijkstraStrategy,1,mixed,defect_at_iteration,1
W0,3,1.5,54,HungarianMatcher+JohnsonDijkstraStrategy,2,mixed,edge_relaxations,3
W0,3,1.5,54,HungarianMatcher+JohnsonDijkstraStrategy,2,mixed,defect_at_iteration,0
W0,3,1.5,54,HungarianMatcher+JohnsonDijkstraStrategy,-1,mixed,augmentation_count,3
W0,3,1.5,54,HungarianMatcher+JohnsonDijkstraStrategy,-1,mixed,matching_value,-9
W0,3,1.5,54,HungarianMatcher+JohnsonDijkstraStrategy,-1,mixed,matching_size,3
W0,3,1.5,54,HungarianMatcher+JohnsonDijkstraStrategy,-1,mixed,wall_clock_ms,0.006957
W0,3,1.5,23,Oracle,-1,mixed,oracle_size,3
W0,3,1.5,23,Oracle,-1,mixed,oracle_value,-10
W0,3,1.5,23,HungarianMatcher+BellmanFordStrategy,0,mixed,defect_at_iteration,2
W0,3,1.5,23,HungarianMatcher+BellmanFordStrategy,1,mixed,defect_at_iteration,1
W0,3,1.5,23,HungarianMatcher+BellmanFordStrategy,2,mixed,defect_at_iteration,0
W0,3,1.5,23,HungarianMatcher+BellmanFordStrategy,-1,mixed,augmentation_count,3
W0,3,1.5,23,HungarianMatcher+BellmanFordStrategy,-1,mixed,matching_value,-10
W0,3,1.5,23,HungarianMatcher+BellmanFordStrategy,-1,mixed,matching_size,3
W0,3,1.5,23,HungarianMatcher+BellmanFordStrategy,-1,mixed,wall_clock_ms,0.004709
W0,3,1.5,23,HungarianMatcher+JohnsonDijkstraStrategy,0,mixed,edge_relaxations,5
W0,3,1.5,23,HungarianMatcher+JohnsonDijkstraStrategy,0,mixed,defect_at_iteration,2
W0,3,1.5,23,HungarianMatcher+JohnsonDijkstraStrategy,1,mixed,edge_relaxations,5
W0,3,1.5,23,HungarianMatcher+JohnsonDijkstraStrategy,1,mixed,defect_at_iteration,1
W0,3,1.5,23,HungarianMatcher+JohnsonDijkstraStrategy,2,mixed,edge_relaxations,1
W0,3,1.5,23,HungarianMatcher+JohnsonDijkstraStrategy,2,mixed,defect_at_iteration,0
W0,3,1.5,23,HungarianMatcher+JohnsonDijkstraStrategy,-1,mixed,augmentation_count,3
W0,3,1.5,23,HungarianMatcher+JohnsonDijkstraStrategy,-1,mixed,matching_value,-10
W0,3,1.5,23,HungarianMatcher+JohnsonDijkstraStrategy,-1,mixed,matching_size,3
W0,3,1.5,23,HungarianMatcher+JohnsonDijkstraStrategy,-1,mixed,wall_clock_ms,0.005627
W0,3,1.5,80,Oracle,-1,mixed,oracle_size,2
W0,3,1.5,80,Oracle,-1,mixed,oracle_value,-8
W0,3,1.5,80,HungarianMatcher+BellmanFordStrategy,0,mixed,defect_at_iteration,2
W0,3,1.5,80,HungarianMatcher+BellmanFordStrategy,1,mixed,defect_at_iteration,1
W0,3,1.5,80,HungarianMatcher+BellmanFordStrategy,-1,mixed,augmentation_count,2
W0,3,1.5,80,HungarianMatcher+BellmanFordStrategy,-1,mixed,matching_value,-8
W0,3,1.5,80,HungarianMatcher+BellmanFordStrategy,-1,mixed,matching_size,2
W0,3,1.5,80,HungarianMatcher+BellmanFordStrategy,-1,mixed,wall_clock_ms,0.005545
W0,3,1.5,80,HungarianMatcher+JohnsonDijkstraStrategy,0,mixed,edge_relaxations,5
W0,3,1.5,80,HungarianMatcher+JohnsonDijkstraStrategy,0,mixed,defect_at_iteration,2
W0,3,1.5,80,HungarianMatcher+JohnsonDijkstraStrategy,1,mixed,edge_relaxations,5
W0,3,1.5,80,HungarianMatcher+JohnsonDijkstraStrategy,1,mixed,defect_at_iteration,1
W0,3,1.5,80,HungarianMatcher+JohnsonDijkstraStrategy,-1,mixed,augmentation_count,2
W0,3,1.5,80,HungarianMatcher+JohnsonDijkstraStrategy,-1,mixed,matching_value,-8
W0,3,1.5,80,HungarianMatcher+JohnsonDijkstraStrategy,-1,mixed,matching_size,2
W0,3,1.5,80,HungarianMatcher+JohnsonDijkstraStrategy,-1,mixed,wall_clock_ms,0.006043
W0,4,1.5,88,Oracle,-1,mixed,oracle_size,3
W0,4,1.5,88,Oracle,-1,mixed,oracle_value,-17
W0,4,1.5,88,HungarianMatcher+BellmanFordStrategy,0,mixed,defect_at_iteration,3
W0,4,1.5,88,HungarianMatcher+BellmanFordStrategy,1,mixed,defect_at_iteration,2
W0,4,1.5,88,HungarianMatcher+BellmanFordStrategy,2,mixed,defect_at_iteration,1
W0,4,1.5,88,HungarianMatcher+BellmanFordStrategy,-1,mixed,augmentation_count,3
W0,4,1.5,88,HungarianMatcher+BellmanFordStrategy,-1,mixed,matching_value,-17
W0,4,1.5,88,HungarianMatcher+BellmanFordStrategy,-1,mixed,matching_size,3
W0,4,1.5,88,HungarianMatcher+BellmanFordStrategy,-1,mixed,wall_clock_ms,0.007091
W0,4,1.5,88,HungarianMatcher+JohnsonDijkstraStrategy,0,mixed,edge_relaxations,8
W0,4,1.5,88,HungarianMatcher+JohnsonDijkstraStrategy,0,mixed,defect_at_iteration,3
W0,4,1.5,88,HungarianMatcher+JohnsonDijkstraStrategy,1,mixed,edge_relaxations,8
W0,4,1.5,88,HungarianMatcher+JohnsonDijkstraStrategy,1,mixed,defect_at_iteration,2
W0,4,1.5,88,HungarianMatcher+JohnsonDijkstraStrategy,2,mixed,edge_relaxations,8
W0,4,1.5,88,HungarianMatcher+JohnsonDijkstraStrategy,2,mixed,defect_at_iteration,1
W0,4,1.5,88,HungarianMatcher+JohnsonDijkstraStrategy,-1,mixed,augmentation_count,3
W0,4,1.5,88,HungarianMatcher+JohnsonDijkstraStrategy,-1,mixed,matching_value,-17
W0,4,1.5,88,HungarianMatcher+JohnsonDijkstraStrategy,-1,mixed,matching_size,3
W0,4,1.5,88,HungarianMatcher+JohnsonDijkstraStrategy,-1,mixed,wall_clock_ms,0.008461
W0,3,1.5,3,Oracle,-1,mixed,oracle_size,2
W0,3,1.5,3,Oracle,-1,mixed,oracle_value,-2
W0,3,1.5,3,HungarianMatcher+BellmanFordStrategy,0,mixed,defect_at_iteration,2
W0,3,1.5,3,HungarianMatcher+BellmanFordStrategy,1,mixed,defect_at_iteration,1
W0,3,1.5,3,HungarianMatcher+BellmanFordStrategy,-1,mixed,augmentation_count,2
W0,3,1.5,3,HungarianMatcher+BellmanFordStrategy,-1,mixed,matching_value,-2
W0,3,1.5,3,HungarianMatcher+BellmanFordStrategy,-1,mixed,matching_size,2
W0,3,1.5,3,HungarianMatcher+BellmanFordStrategy,-1,mixed,wall_clock_ms,0.005133
W0,3,1.5,3,HungarianMatcher+JohnsonDijkstraStrategy,0,mixed,edge_relaxations,5
W0,3,1.5,3,HungarianMatcher+JohnsonDijkstraStrategy,0,mixed,defect_at_iteration,2
W0,3,1.5,3,HungarianMatcher+JohnsonDijkstraStrategy,1,mixed,edge_relaxations,2
W0,3,1.5,3,HungarianMatcher+JohnsonDijkstraStrategy,1,mixed,defect_at_iteration,1
W0,3,1.5,3,HungarianMatcher+JohnsonDijkstraStrategy,-1,mixed,augmentation_count,2
W0,3,1.5,3,HungarianMatcher+JohnsonDijkstraStrategy,-1,mixed,matching_value,-2
W0,3,1.5,3,HungarianMatcher+JohnsonDijkstraStrategy,-1,mixed,matching_size,2
W0,3,1.5,3,HungarianMatcher+JohnsonDijkstraStrategy,-1,mixed,wall_clock_ms,0.00556
W0,2,1.5,20,Oracle,-1,mixed,oracle_size,2
W0,2,1.5,20,Oracle,-1,mixed,oracle_value,-5
W0,2,1.5,20,HungarianMatcher+BellmanFordStrategy,0,mixed,defect_at_iteration,1
W0,2,1.5,20,HungarianMatcher+BellmanFordStrategy,1,mixed,defect_at_iteration,0
W0,2,1.5,20,HungarianMatcher+BellmanFordStrategy,-1,mixed,augmentation_count,2
W0,2,1.5,20,HungarianMatcher+BellmanFordStrategy,-1,mixed,matching_value,-5
W0,2,1.5,20,HungarianMatcher+BellmanFordStrategy,-1,mixed,matching_size,2
W0,2,1.5,20,HungarianMatcher+BellmanFordStrategy,-1,mixed,wall_clock_ms,0.004878
W0,2,1.5,20,HungarianMatcher+JohnsonDijkstraStrategy,0,mixed,edge_relaxations,2
W0,2,1.5,20,HungarianMatcher+JohnsonDijkstraStrategy,0,mixed,defect_at_iteration,1
W0,2,1.5,20,HungarianMatcher+JohnsonDijkstraStrategy,1,mixed,edge_relaxations,1
W0,2,1.5,20,HungarianMatcher+JohnsonDijkstraStrategy,1,mixed,defect_at_iteration,0
W0,2,1.5,20,HungarianMatcher+JohnsonDijkstraStrategy,-1,mixed,augmentation_count,2
W0,2,1.5,20,HungarianMatcher+JohnsonDijkstraStrategy,-1,mixed,matching_value,-5
W0,2,1.5,20,HungarianMatcher+JohnsonDijkstraStrategy,-1,mixed,matching_size,2
W0,2,1.5,20,HungarianMatcher+JohnsonDijkstraStrategy,-1,mixed,wall_clock_ms,0.004828
W0,4,1.5,99,Oracle,-1,mixed,oracle_size,4
W0,4,1.5,99,Oracle,-1,mixed,oracle_value,-30
W0,4,1.5,99,HungarianMatcher+BellmanFordStrategy,0,mixed,defect_at_iteration,3
W0,4,1.5,99,HungarianMatcher+BellmanFordStrategy,1,mixed,defect_at_iteration,2
W0,4,1.5,99,HungarianMatcher+BellmanFordStrategy,2,mixed,defect_at_iteration,1
W0,4,1.5,99,HungarianMatcher+BellmanFordStrategy,3,mixed,defect_at_iteration,0
W0,4,1.5,99,HungarianMatcher+BellmanFordStrategy,-1,mixed,augmentation_count,4
W0,4,1.5,99,HungarianMatcher+BellmanFordStrategy,-1,mixed,matching_value,-30
W0,4,1.5,99,HungarianMatcher+BellmanFordStrategy,-1,mixed,matching_size,4
W0,4,1.5,99,HungarianMatcher+BellmanFordStrategy,-1,mixed,wall_clock_ms,0.007876
W0,4,1.5,99,HungarianMatcher+JohnsonDijkstraStrategy,0,mixed,edge_relaxations,8
W0,4,1.5,99,HungarianMatcher+JohnsonDijkstraStrategy,0,mixed,defect_at_iteration,3
W0,4,1.5,99,HungarianMatcher+JohnsonDijkstraStrategy,1,mixed,edge_relaxations,8
W0,4,1.5,99,HungarianMatcher+JohnsonDijkstraStrategy,1,mixed,defect_at_iteration,2
W0,4,1.5,99,HungarianMatcher+JohnsonDijkstraStrategy,2,mixed,edge_relaxations,8
W0,4,1.5,99,HungarianMatcher+JohnsonDijkstraStrategy,2,mixed,defect_at_iteration,1
W0,4,1.5,99,HungarianMatcher+JohnsonDijkstraStrategy,3,mixed,edge_relaxations,6
W0,4,1.5,99,HungarianMatcher+JohnsonDijkstraStrategy,3,mixed,defect_at_iteration,0
W0,4,1.5,99,HungarianMatcher+JohnsonDijkstraStrategy,-1,mixed,augmentation_count,4
W0,4,1.5,99,HungarianMatcher+JohnsonDijkstraStrategy,-1,mixed,matching_value,-30
W0,4,1.5,99,HungarianMatcher+JohnsonDijkstraStrategy,-1,mixed,matching_size,4
W0,4,1.5,99,HungarianMatcher+JohnsonDijkstraStrategy,-1,mixed,wall_clock_ms,0.009086
W0,2,1.5,87,Oracle,-1,mixed,oracle_size,1
W0,2,1.5,87,Oracle,-1,mixed,oracle_value,0
W0,2,1.5,87,HungarianMatcher+BellmanFordStrategy,0,mixed,defect_at_iteration,1
W0,2,1.5,87,HungarianMatcher+BellmanFordStrategy,-1,mixed,augmentation_count,1
W0,2,1.5,87,HungarianMatcher+BellmanFordStrategy,-1,mixed,matching_value,0
W0,2,1.5,87,HungarianMatcher+BellmanFordStrategy,-1,mixed,matching_size,1
W0,2,1.5,87,HungarianMatcher+BellmanFordStrategy,-1,mixed,wall_clock_ms,0.004592
W0,2,1.5,87,HungarianMatcher+JohnsonDijkstraStrategy,0,mixed,edge_relaxations,2
W0,2,1.5,87,HungarianMatcher+JohnsonDijkstraStrategy,0,mixed,defect_at_iteration,1
W0,2,1.5,87,HungarianMatcher+JohnsonDijkstraStrategy,-1,mixed,augmentation_count,1
W0,2,1.5,87,HungarianMatcher+JohnsonDijkstraStrategy,-1,mixed,matching_value,0
W0,2,1.5,87,HungarianMatcher+JohnsonDijkstraStrategy,-1,mixed,matching_size,1
W0,2,1.5,87,HungarianMatcher+JohnsonDijkstraStrategy,-1,mixed,wall_clock_ms,0.004042
W0,2,1.5,72,Oracle,-1,mixed,oracle_size,1
W0,2,1.5,72,Oracle,-1,mixed,oracle_value,0
W0,2,1.5,72,HungarianMatcher+BellmanFordStrategy,0,mixed,defect_at_iteration,1
W0,2,1.5,72,HungarianMatcher+BellmanFordStrategy,-1,mixed,augmentation_count,1
W0,2,1.5,72,HungarianMatcher+BellmanFordStrategy,-1,mixed,matching_value,0
W0,2,1.5,72,HungarianMatcher+BellmanFordStrategy,-1,mixed,matching_size,1
W0,2,1.5,72,HungarianMatcher+BellmanFordStrategy,-1,mixed,wall_clock_ms,0.004617
W0,2,1.5,72,HungarianMatcher+JohnsonDijkstraStrategy,0,mixed,edge_relaxations,2
W0,2,1.5,72,HungarianMatcher+JohnsonDijkstraStrategy,0,mixed,defect_at_iteration,1
W0,2,1.5,72,HungarianMatcher+JohnsonDijkstraStrategy,-1,mixed,augmentation_count,1
W0,2,1.5,72,HungarianMatcher+JohnsonDijkstraStrategy,-1,mixed,matching_value,0
W0,2,1.5,72,HungarianMatcher+JohnsonDijkstraStrategy,-1,mixed,matching_size,1
W0,2,1.5,72,HungarianMatcher+JohnsonDijkstraStrategy,-1,mixed,wall_clock_ms,0.004519
W0,4,1.5,82,Oracle,-1,mixed,oracle_size,4
W0,4,1.5,82,Oracle,-1,mixed,oracle_value,-30
W0,4,1.5,82,HungarianMatcher+BellmanFordStrategy,0,mixed,defect_at_iteration,3
W0,4,1.5,82,HungarianMatcher+BellmanFordStrategy,1,mixed,defect_at_iteration,2
W0,4,1.5,82,HungarianMatcher+BellmanFordStrategy,2,mixed,defect_at_iteration,1
W0,4,1.5,82,HungarianMatcher+BellmanFordStrategy,3,mixed,defect_at_iteration,0
W0,4,1.5,82,HungarianMatcher+BellmanFordStrategy,-1,mixed,augmentation_count,4
W0,4,1.5,82,HungarianMatcher+BellmanFordStrategy,-1,mixed,matching_value,-30
W0,4,1.5,82,HungarianMatcher+BellmanFordStrategy,-1,mixed,matching_size,4
W0,4,1.5,82,HungarianMatcher+BellmanFordStrategy,-1,mixed,wall_clock_ms,0.006303
W0,4,1.5,82,HungarianMatcher+JohnsonDijkstraStrategy,0,mixed,edge_relaxations,8
W0,4,1.5,82,HungarianMatcher+JohnsonDijkstraStrategy,0,mixed,defect_at_iteration,3
W0,4,1.5,82,HungarianMatcher+JohnsonDijkstraStrategy,1,mixed,edge_relaxations,8
W0,4,1.5,82,HungarianMatcher+JohnsonDijkstraStrategy,1,mixed,defect_at_iteration,2
W0,4,1.5,82,HungarianMatcher+JohnsonDijkstraStrategy,2,mixed,edge_relaxations,8
W0,4,1.5,82,HungarianMatcher+JohnsonDijkstraStrategy,2,mixed,defect_at_iteration,1
W0,4,1.5,82,HungarianMatcher+JohnsonDijkstraStrategy,3,mixed,edge_relaxations,1
W0,4,1.5,82,HungarianMatcher+JohnsonDijkstraStrategy,3,mixed,defect_at_iteration,0
W0,4,1.5,82,HungarianMatcher+JohnsonDijkstraStrategy,-1,mixed,augmentation_count,4
W0,4,1.5,82,HungarianMatcher+JohnsonDijkstraStrategy,-1,mixed,matching_value,-30
W0,4,1.5,82,HungarianMatcher+JohnsonDijkstraStrategy,-1,mixed,matching_size,4
W0,4,1.5,82,HungarianMatcher+JohnsonDijkstraStrategy,-1,mixed,wall_clock_ms,0.007342
W0,3,1.5,64,Oracle,-1,mixed,oracle_size,3
W0,3,1.5,64,Oracle,-1,mixed,oracle_value,-9
W0,3,1.5,64,HungarianMatcher+BellmanFordStrategy,0,mixed,defect_at_iteration,2
W0,3,1.5,64,HungarianMatcher+BellmanFordStrategy,1,mixed,defect_at_iteration,1
W0,3,1.5,64,HungarianMatcher+BellmanFordStrategy,2,mixed,defect_at_iteration,0
W0,3,1.5,64,HungarianMatcher+BellmanFordStrategy,-1,mixed,augmentation_count,3
W0,3,1.5,64,HungarianMatcher+BellmanFordStrategy,-1,mixed,matching_value,-9
W0,3,1.5,64,HungarianMatcher+BellmanFordStrategy,-1,mixed,matching_size,3
W0,3,1.5,64,HungarianMatcher+BellmanFordStrategy,-1,mixed,wall_clock_ms,0.005905
W0,3,1.5,64,HungarianMatcher+JohnsonDijkstraStrategy,0,mixed,edge_relaxations,5
W0,3,1.5,64,HungarianMatcher+JohnsonDijkstraStrategy,0,mixed,defect_at_iteration,2
W0,3,1.5,64,HungarianMatcher+JohnsonDijkstraStrategy,1,mixed,edge_relaxations,5
W0,3,1.5,64,HungarianMatcher+JohnsonDijkstraStrategy,1,mixed,defect_at_iteration,1
W0,3,1.5,64,HungarianMatcher+JohnsonDijkstraStrategy,2,mixed,edge_relaxations,5
W0,3,1.5,64,HungarianMatcher+JohnsonDijkstraStrategy,2,mixed,defect_at_iteration,0
W0,3,1.5,64,HungarianMatcher+JohnsonDijkstraStrategy,-1,mixed,augmentation_count,3
W0,3,1.5,64,HungarianMatcher+JohnsonDijkstraStrategy,-1,mixed,matching_value,-9
W0,3,1.5,64,HungarianMatcher+JohnsonDijkstraStrategy,-1,mixed,matching_size,3
W0,3,1.5,64,HungarianMatcher+JohnsonDijkstraStrategy,-1,mixed,wall_clock_ms,0.007371
W0,3,1.5,65,Oracle,-1,mixed,oracle_size,3
W0,3,1.5,65,Oracle,-1,mixed,oracle_value,-8
W0,3,1.5,65,HungarianMatcher+BellmanFordStrategy,0,mixed,defect_at_iteration,2
W0,3,1.5,65,HungarianMatcher+BellmanFordStrategy,1,mixed,defect_at_iteration,1
W0,3,1.5,65,HungarianMatcher+BellmanFordStrategy,2,mixed,defect_at_iteration,0
W0,3,1.5,65,HungarianMatcher+BellmanFordStrategy,-1,mixed,augmentation_count,3
W0,3,1.5,65,HungarianMatcher+BellmanFordStrategy,-1,mixed,matching_value,-8
W0,3,1.5,65,HungarianMatcher+BellmanFordStrategy,-1,mixed,matching_size,3
W0,3,1.5,65,HungarianMatcher+BellmanFordStrategy,-1,mixed,wall_clock_ms,0.006201
W0,3,1.5,65,HungarianMatcher+JohnsonDijkstraStrategy,0,mixed,edge_relaxations,5
W0,3,1.5,65,HungarianMatcher+JohnsonDijkstraStrategy,0,mixed,defect_at_iteration,2
W0,3,1.5,65,HungarianMatcher+JohnsonDijkstraStrategy,1,mixed,edge_relaxations,5
W0,3,1.5,65,HungarianMatcher+JohnsonDijkstraStrategy,1,mixed,defect_at_iteration,1
W0,3,1.5,65,HungarianMatcher+JohnsonDijkstraStrategy,2,mixed,edge_relaxations,5
W0,3,1.5,65,HungarianMatcher+JohnsonDijkstraStrategy,2,mixed,defect_at_iteration,0
W0,3,1.5,65,HungarianMatcher+JohnsonDijkstraStrategy,-1,mixed,augmentation_count,3
W0,3,1.5,65,HungarianMatcher+JohnsonDijkstraStrategy,-1,mixed,matching_value,-8
W0,3,1.5,65,HungarianMatcher+JohnsonDijkstraStrategy,-1,mixed,matching_size,3
W0,3,1.5,65,HungarianMatcher+JohnsonDijkstraStrategy,-1,mixed,wall_clock_ms,0.007041
W0,2,1.5,92,Oracle,-1,mixed,oracle_size,2
W0,2,1.5,92,Oracle,-1,mixed,oracle_value,-2
W0,2,1.5,92,HungarianMatcher+BellmanFordStrategy,0,mixed,defect_at_iteration,1
W0,2,1.5,92,HungarianMatcher+BellmanFordStrategy,1,mixed,defect_at_iteration,0
W0,2,1.5,92,HungarianMatcher+BellmanFordStrategy,-1,mixed,augmentation_count,2
W0,2,1.5,92,HungarianMatcher+BellmanFordStrategy,-1,mixed,matching_value,-2
W0,2,1.5,92,HungarianMatcher+BellmanFordStrategy,-1,mixed,matching_size,2
W0,2,1.5,92,HungarianMatcher+BellmanFordStrategy,-1,mixed,wall_clock_ms,0.005196
W0,2,1.5,92,HungarianMatcher+JohnsonDijkstraStrategy,0,mixed,edge_relaxations,2
W0,2,1.5,92,HungarianMatcher+JohnsonDijkstraStrategy,0,mixed,defect_at_iteration,1
W0,2,1.5,92,HungarianMatcher+JohnsonDijkstraStrategy,1,mixed,edge_relaxations,1
W0,2,1.5,92,HungarianMatcher+JohnsonDijkstraStrategy,1,mixed,defect_at_iteration,0
W0,2,1.5,92,HungarianMatcher+JohnsonDijkstraStrategy,-1,mixed,augmentation_count,2
W0,2,1.5,92,HungarianMatcher+JohnsonDijkstraStrategy,-1,mixed,matching_value,-2
W0,2,1.5,92,HungarianMatcher+JohnsonDijkstraStrategy,-1,mixed,matching_size,2
W0,2,1.5,92,HungarianMatcher+JohnsonDijkstraStrategy,-1,mixed,wall_clock_ms,0.004985
W0,4,1.5,57,Oracle,-1,mixed,oracle_size,3
W0,4,1.5,57,Oracle,-1,mixed,oracle_value,-25
W0,4,1.5,57,HungarianMatcher+BellmanFordStrategy,0,mixed,defect_at_iteration,3
W0,4,1.5,57,HungarianMatcher+BellmanFordStrategy,1,mixed,defect_at_iteration,2
W0,4,1.5,57,HungarianMatcher+BellmanFordStrategy,2,mixed,defect_at_iteration,1
W0,4,1.5,57,HungarianMatcher+BellmanFordStrategy,-1,mixed,augmentation_count,3
W0,4,1.5,57,HungarianMatcher+BellmanFordStrategy,-1,mixed,matching_value,-25
W0,4,1.5,57,HungarianMatcher+BellmanFordStrategy,-1,mixed,matching_size,3
W0,4,1.5,57,HungarianMatcher+BellmanFordStrategy,-1,mixed,wall_clock_ms,0.006825
W0,4,1.5,57,HungarianMatcher+JohnsonDijkstraStrategy,0,mixed,edge_relaxations,8
W0,4,1.5,57,HungarianMatcher+JohnsonDijkstraStrategy,0,mixed,defect_at_iteration,3
W0,4,1.5,57,HungarianMatcher+JohnsonDijkstraStrategy,1,mixed,edge_relaxations,8
W0,4,1.5,57,HungarianMatcher+JohnsonDijkstraStrategy,1,mixed,defect_at_iteration,2
W0,4,1.5,57,HungarianMatcher+JohnsonDijkstraStrategy,2,mixed,edge_relaxations,8
W0,4,1.5,57,HungarianMatcher+JohnsonDijkstraStrategy,2,mixed,defect_at_iteration,1
W0,4,1.5,57,HungarianMatcher+JohnsonDijkstraStrategy,-1,mixed,augmentation_count,3
W0,4,1.5,57,HungarianMatcher+JohnsonDijkstraStrategy,-1,mixed,matching_value,-25
W0,4,1.5,57,HungarianMatcher+JohnsonDijkstraStrategy,-1,mixed,matching_size,3
W0,4,1.5,57,HungarianMatcher+JohnsonDijkstraStrategy,-1,mixed,wall_clock_ms,0.008263
W0,3,1.5,55,Oracle,-1,mixed,oracle_size,2
W0,3,1.5,55,Oracle,-1,mixed,oracle_value,-3
W0,3,1.5,55,HungarianMatcher+BellmanFordStrategy,0,mixed,defect_at_iteration,2
W0,3,1.5,55,HungarianMatcher+BellmanFordStrategy,1,mixed,defect_at_iteration,1
W0,3,1.5,55,HungarianMatcher+BellmanFordStrategy,-1,mixed,augmentation_count,2
W0,3,1.5,55,HungarianMatcher+BellmanFordStrategy,-1,mixed,matching_value,-3
W0,3,1.5,55,HungarianMatcher+BellmanFordStrategy,-1,mixed,matching_size,2
W0,3,1.5,55,HungarianMatcher+BellmanFordStrategy,-1,mixed,wall_clock_ms,0.005357
W0,3,1.5,55,HungarianMatcher+JohnsonDijkstraStrategy,0,mixed,edge_relaxations,5
W0,3,1.5,55,HungarianMatcher+JohnsonDijkstraStrategy,0,mixed,defect_at_iteration,2
W0,3,1.5,55,HungarianMatcher+JohnsonDijkstraStrategy,1,mixed,edge_relaxations,5
W0,3,1.5,55,HungarianMatcher+JohnsonDijkstraStrategy,1,mixed,defect_at_iteration,1
W0,3,1.5,55,HungarianMatcher+JohnsonDijkstraStrategy,-1,mixed,augmentation_count,2
W0,3,1.5,55,HungarianMatcher+JohnsonDijkstraStrategy,-1,mixed,matching_value,-3
W0,3,1.5,55,HungarianMatcher+JohnsonDijkstraStrategy,-1,mixed,matching_size,2
W0,3,1.5,55,HungarianMatcher+JohnsonDijkstraStrategy,-1,mixed,wall_clock_ms,0.006023
W0,3,1.5,19,Oracle,-1,mixed,oracle_size,2
W0,3,1.5,19,Oracle,-1,mixed,oracle_value,-5
W0,3,1.5,19,HungarianMatcher+BellmanFordStrategy,0,mixed,defect_at_iteration,2
W0,3,1.5,19,HungarianMatcher+BellmanFordStrategy,1,mixed,defect_at_iteration,1
W0,3,1.5,19,HungarianMatcher+BellmanFordStrategy,-1,mixed,augmentation_count,2
W0,3,1.5,19,HungarianMatcher+BellmanFordStrategy,-1,mixed,matching_value,-5
W0,3,1.5,19,HungarianMatcher+BellmanFordStrategy,-1,mixed,matching_size,2
W0,3,1.5,19,HungarianMatcher+BellmanFordStrategy,-1,mixed,wall_clock_ms,0.004043
W0,3,1.5,19,HungarianMatcher+JohnsonDijkstraStrategy,0,mixed,edge_relaxations,5
W0,3,1.5,19,HungarianMatcher+JohnsonDijkstraStrategy,0,mixed,defect_at_iteration,2
W0,3,1.5,19,HungarianMatcher+JohnsonDijkstraStrategy,1,mixed,edge_relaxations,5
W0,3,1.5,19,HungarianMatcher+JohnsonDijkstraStrategy,1,mixed,defect_at_iteration,1
W0,3,1.5,19,HungarianMatcher+JohnsonDijkstraStrategy,-1,mixed,augmentation_count,2
W0,3,1.5,19,HungarianMatcher+JohnsonDijkstraStrategy,-1,mixed,matching_value,-5
W0,3,1.5,19,HungarianMatcher+JohnsonDijkstraStrategy,-1,mixed,matching_size,2
W0,3,1.5,19,HungarianMatcher+JohnsonDijkstraStrategy,-1,mixed,wall_clock_ms,0.00512
W0,4,1.5,53,Oracle,-1,mixed,oracle_size,4
W0,4,1.5,53,Oracle,-1,mixed,oracle_value,-26
W0,4,1.5,53,HungarianMatcher+BellmanFordStrategy,0,mixed,defect_at_iteration,3
W0,4,1.5,53,HungarianMatcher+BellmanFordStrategy,1,mixed,defect_at_iteration,2
W0,4,1.5,53,HungarianMatcher+BellmanFordStrategy,2,mixed,defect_at_iteration,1
W0,4,1.5,53,HungarianMatcher+BellmanFordStrategy,3,mixed,defect_at_iteration,0
W0,4,1.5,53,HungarianMatcher+BellmanFordStrategy,-1,mixed,augmentation_count,4
W0,4,1.5,53,HungarianMatcher+BellmanFordStrategy,-1,mixed,matching_value,-26
W0,4,1.5,53,HungarianMatcher+BellmanFordStrategy,-1,mixed,matching_size,4
W0,4,1.5,53,HungarianMatcher+BellmanFordStrategy,-1,mixed,wall_clock_ms,0.007827
W0,4,1.5,53,HungarianMatcher+JohnsonDijkstraStrategy,0,mixed,edge_relaxations,8
W0,4,1.5,53,HungarianMatcher+JohnsonDijkstraStrategy,0,mixed,defect_at_iteration,3
W0,4,1.5,53,HungarianMatcher+JohnsonDijkstraStrategy,1,mixed,edge_relaxations,8
W0,4,1.5,53,HungarianMatcher+JohnsonDijkstraStrategy,1,mixed,defect_at_iteration,2
W0,4,1.5,53,HungarianMatcher+JohnsonDijkstraStrategy,2,mixed,edge_relaxations,8
W0,4,1.5,53,HungarianMatcher+JohnsonDijkstraStrategy,2,mixed,defect_at_iteration,1
W0,4,1.5,53,HungarianMatcher+JohnsonDijkstraStrategy,3,mixed,edge_relaxations,8
W0,4,1.5,53,HungarianMatcher+JohnsonDijkstraStrategy,3,mixed,defect_at_iteration,0
W0,4,1.5,53,HungarianMatcher+JohnsonDijkstraStrategy,-1,mixed,augmentation_count,4
W0,4,1.5,53,HungarianMatcher+JohnsonDijkstraStrategy,-1,mixed,matching_value,-26
W0,4,1.5,53,HungarianMatcher+JohnsonDijkstraStrategy,-1,mixed,matching_size,4
W0,4,1.5,53,HungarianMatcher+JohnsonDijkstraStrategy,-1,mixed,wall_clock_ms,0.009288
W0,4,1.5,87,Oracle,-1,mixed,oracle_size,4
W0,4,1.5,87,Oracle,-1,mixed,oracle_value,-26
W0,4,1.5,87,HungarianMatcher+BellmanFordStrategy,0,mixed,defect_at_iteration,3
W0,4,1.5,87,HungarianMatcher+BellmanFordStrategy,1,mixed,defect_at_iteration,2
W0,4,1.5,87,HungarianMatcher+BellmanFordStrategy,2,mixed,defect_at_iteration,1
W0,4,1.5,87,HungarianMatcher+BellmanFordStrategy,3,mixed,defect_at_iteration,0
W0,4,1.5,87,HungarianMatcher+BellmanFordStrategy,-1,mixed,augmentation_count,4
W0,4,1.5,87,HungarianMatcher+BellmanFordStrategy,-1,mixed,matching_value,-26
W0,4,1.5,87,HungarianMatcher+BellmanFordStrategy,-1,mixed,matching_size,4
W0,4,1.5,87,HungarianMatcher+BellmanFordStrategy,-1,mixed,wall_clock_ms,0.007893
W0,4,1.5,87,HungarianMatcher+JohnsonDijkstraStrategy,0,mixed,edge_relaxations,8
W0,4,1.5,87,HungarianMatcher+JohnsonDijkstraStrategy,0,mixed,defect_at_iteration,3
W0,4,1.5,87,HungarianMatcher+JohnsonDijkstraStrategy,1,mixed,edge_relaxations,8
W0,4,1.5,87,HungarianMatcher+JohnsonDijkstraStrategy,1,mixed,defect_at_iteration,2
W0,4,1.5,87,HungarianMatcher+JohnsonDijkstraStrategy,2,mixed,edge_relaxations,3
W0,4,1.5,87,HungarianMatcher+JohnsonDijkstraStrategy,2,mixed,defect_at_iteration,1
W0,4,1.5,87,HungarianMatcher+JohnsonDijkstraStrategy,3,mixed,edge_relaxations,1
W0,4,1.5,87,HungarianMatcher+JohnsonDijkstraStrategy,3,mixed,defect_at_iteration,0
W0,4,1.5,87,HungarianMatcher+JohnsonDijkstraStrategy,-1,mixed,augmentation_count,4
W0,4,1.5,87,HungarianMatcher+JohnsonDijkstraStrategy,-1,mixed,matching_value,-26
W0,4,1.5,87,HungarianMatcher+JohnsonDijkstraStrategy,-1,mixed,matching_size,4
W0,4,1.5,87,HungarianMatcher+JohnsonDijkstraStrategy,-1,mixed,wall_clock_ms,0.008875
W0,3,1.5,86,Oracle,-1,mixed,oracle_size,2
W0,3,1.5,86,Oracle,-1,mixed,oracle_value,-9
W0,3,1.5,86,HungarianMatcher+BellmanFordStrategy,0,mixed,defect_at_iteration,2
W0,3,1.5,86,HungarianMatcher+BellmanFordStrategy,1,mixed,defect_at_iteration,1
W0,3,1.5,86,HungarianMatcher+BellmanFordStrategy,-1,mixed,augmentation_count,2
W0,3,1.5,86,HungarianMatcher+BellmanFordStrategy,-1,mixed,matching_value,-9
W0,3,1.5,86,HungarianMatcher+BellmanFordStrategy,-1,mixed,matching_size,2
W0,3,1.5,86,HungarianMatcher+BellmanFordStrategy,-1,mixed,wall_clock_ms,0.005558
W0,3,1.5,86,HungarianMatcher+JohnsonDijkstraStrategy,0,mixed,edge_relaxations,5
W0,3,1.5,86,HungarianMatcher+JohnsonDijkstraStrategy,0,mixed,defect_at_iteration,2
W0,3,1.5,86,HungarianMatcher+JohnsonDijkstraStrategy,1,mixed,edge_relaxations,5
W0,3,1.5,86,HungarianMatcher+JohnsonDijkstraStrategy,1,mixed,defect_at_iteration,1
W0,3,1.5,86,HungarianMatcher+JohnsonDijkstraStrategy,-1,mixed,augmentation_count,2
W0,3,1.5,86,HungarianMatcher+JohnsonDijkstraStrategy,-1,mixed,matching_value,-9
W0,3,1.5,86,HungarianMatcher+JohnsonDijkstraStrategy,-1,mixed,matching_size,2
W0,3,1.5,86,HungarianMatcher+JohnsonDijkstraStrategy,-1,mixed,wall_clock_ms,0.00588
W0,3,1.5,75,Oracle,-1,mixed,oracle_size,3
W0,3,1.5,75,Oracle,-1,mixed,oracle_value,-18
W0,3,1.5,75,HungarianMatcher+BellmanFordStrategy,0,mixed,defect_at_iteration,2
W0,3,1.5,75,HungarianMatcher+BellmanFordStrategy,1,mixed,defect_at_iteration,1
W0,3,1.5,75,HungarianMatcher+BellmanFordStrategy,2,mixed,defect_at_iteration,0
W0,3,1.5,75,HungarianMatcher+BellmanFordStrategy,-1,mixed,augmentation_count,3
W0,3,1.5,75,HungarianMatcher+BellmanFordStrategy,-1,mixed,matching_value,-18
W0,3,1.5,75,HungarianMatcher+BellmanFordStrategy,-1,mixed,matching_size,3
W0,3,1.5,75,HungarianMatcher+BellmanFordStrategy,-1,mixed,wall_clock_ms,0.006654
W0,3,1.5,75,HungarianMatcher+JohnsonDijkstraStrategy,0,mixed,edge_relaxations,5
W0,3,1.5,75,HungarianMatcher+JohnsonDijkstraStrategy,0,mixed,defect_at_iteration,2
W0,3,1.5,75,HungarianMatcher+JohnsonDijkstraStrategy,1,mixed,edge_relaxations,5
W0,3,1.5,75,HungarianMatcher+JohnsonDijkstraStrategy,1,mixed,defect_at_iteration,1
W0,3,1.5,75,HungarianMatcher+JohnsonDijkstraStrategy,2,mixed,edge_relaxations,3
W0,3,1.5,75,HungarianMatcher+JohnsonDijkstraStrategy,2,mixed,defect_at_iteration,0
W0,3,1.5,75,HungarianMatcher+JohnsonDijkstraStrategy,-1,mixed,augmentation_count,3
W0,3,1.5,75,HungarianMatcher+JohnsonDijkstraStrategy,-1,mixed,matching_value,-18
W0,3,1.5,75,HungarianMatcher+JohnsonDijkstraStrategy,-1,mixed,matching_size,3
W0,3,1.5,75,HungarianMatcher+JohnsonDijkstraStrategy,-1,mixed,wall_clock_ms,0.007013
W0,3,1.5,30,Oracle,-1,mixed,oracle_size,2
W0,3,1.5,30,Oracle,-1,mixed,oracle_value,-4
W0,3,1.5,30,HungarianMatcher+BellmanFordStrategy,0,mixed,defect_at_iteration,2
W0,3,1.5,30,HungarianMatcher+BellmanFordStrategy,1,mixed,defect_at_iteration,1
W0,3,1.5,30,HungarianMatcher+BellmanFordStrategy,-1,mixed,augmentation_count,2
W0,3,1.5,30,HungarianMatcher+BellmanFordStrategy,-1,mixed,matching_value,-4
W0,3,1.5,30,HungarianMatcher+BellmanFordStrategy,-1,mixed,matching_size,2
W0,3,1.5,30,HungarianMatcher+BellmanFordStrategy,-1,mixed,wall_clock_ms,0.004088
W0,3,1.5,30,HungarianMatcher+JohnsonDijkstraStrategy,0,mixed,edge_relaxations,5
W0,3,1.5,30,HungarianMatcher+JohnsonDijkstraStrategy,0,mixed,defect_at_iteration,2
W0,3,1.5,30,HungarianMatcher+JohnsonDijkstraStrategy,1,mixed,edge_relaxations,5
W0,3,1.5,30,HungarianMatcher+JohnsonDijkstraStrategy,1,mixed,defect_at_iteration,1
W0,3,1.5,30,HungarianMatcher+JohnsonDijkstraStrategy,-1,mixed,augmentation_count,2
W0,3,1.5,30,HungarianMatcher+JohnsonDijkstraStrategy,-1,mixed,matching_value,-4
W0,3,1.5,30,HungarianMatcher+JohnsonDijkstraStrategy,-1,mixed,matching_size,2
W0,3,1.5,30,HungarianMatcher+JohnsonDijkstraStrategy,-1,mixed,wall_clock_ms,0.00521
W0,3,1.5,33,Oracle,-1,mixed,oracle_size,2
W0,3,1.5,33,Oracle,-1,mixed,oracle_value,-3
W0,3,1.5,33,HungarianMatcher+BellmanFordStrategy,0,mixed,defect_at_iteration,2
W0,3,1.5,33,HungarianMatcher+BellmanFordStrategy,1,mixed,defect_at_iteration,1
W0,3,1.5,33,HungarianMatcher+BellmanFordStrategy,-1,mixed,augmentation_count,2
W0,3,1.5,33,HungarianMatcher+BellmanFordStrategy,-1,mixed,matching_value,-3
W0,3,1.5,33,HungarianMatcher+BellmanFordStrategy,-1,mixed,matching_size,2
W0,3,1.5,33,HungarianMatcher+BellmanFordStrategy,-1,mixed,wall_clock_ms,0.005468
W0,3,1.5,33,HungarianMatcher+JohnsonDijkstraStrategy,0,mixed,edge_relaxations,5
W0,3,1.5,33,HungarianMatcher+JohnsonDijkstraStrategy,0,mixed,defect_at_iteration,2
W0,3,1.5,33,HungarianMatcher+JohnsonDijkstraStrategy,1,mixed,edge_relaxations,2
W0,3,1.5,33,HungarianMatcher+JohnsonDijkstraStrategy,1,mixed,defect_at_iteration,1
W0,3,1.5,33,HungarianMatcher+JohnsonDijkstraStrategy,-1,mixed,augmentation_count,2
W0,3,1.5,33,HungarianMatcher+JohnsonDijkstraStrategy,-1,mixed,matching_value,-3
W0,3,1.5,33,HungarianMatcher+JohnsonDijkstraStrategy,-1,mixed,matching_size,2
W0,3,1.5,33,HungarianMatcher+JohnsonDijkstraStrategy,-1,mixed,wall_clock_ms,0.006045
W0,3,1.5,53,Oracle,-1,mixed,oracle_size,3
W0,3,1.5,53,Oracle,-1,mixed,oracle_value,-20
W0,3,1.5,53,HungarianMatcher+BellmanFordStrategy,0,mixed,defect_at_iteration,2
W0,3,1.5,53,HungarianMatcher+BellmanFordStrategy,1,mixed,defect_at_iteration,1
W0,3,1.5,53,HungarianMatcher+BellmanFordStrategy,2,mixed,defect_at_iteration,0
W0,3,1.5,53,HungarianMatcher+BellmanFordStrategy,-1,mixed,augmentation_count,3
W0,3,1.5,53,HungarianMatcher+BellmanFordStrategy,-1,mixed,matching_value,-20
W0,3,1.5,53,HungarianMatcher+BellmanFordStrategy,-1,mixed,matching_size,3
W0,3,1.5,53,HungarianMatcher+BellmanFordStrategy,-1,mixed,wall_clock_ms,0.005989
W0,3,1.5,53,HungarianMatcher+JohnsonDijkstraStrategy,0,mixed,edge_relaxations,5
W0,3,1.5,53,HungarianMatcher+JohnsonDijkstraStrategy,0,mixed,defect_at_iteration,2
W0,3,1.5,53,HungarianMatcher+JohnsonDijkstraStrategy,1,mixed,edge_relaxations,3
W0,3,1.5,53,HungarianMatcher+JohnsonDijkstraStrategy,1,mixed,defect_at_iteration,1
W0,3,1.5,53,HungarianMatcher+JohnsonDijkstraStrategy,2,mixed,edge_relaxations,3
W0,3,1.5,53,HungarianMatcher+JohnsonDijkstraStrategy,2,mixed,defect_at_iteration,0
W0,3,1.5,53,HungarianMatcher+JohnsonDijkstraStrategy,-1,mixed,augmentation_count,3
W0,3,1.5,53,HungarianMatcher+JohnsonDijkstraStrategy,-1,mixed,matching_value,-20
W0,3,1.5,53,HungarianMatcher+JohnsonDijkstraStrategy,-1,mixed,matching_size,3
W0,3,1.5,53,HungarianMatcher+JohnsonDijkstraStrategy,-1,mixed,wall_clock_ms,0.006804
W0,3,1.5,39,Oracle,-1,mixed,oracle_size,3
W0,3,1.5,39,Oracle,-1,mixed,oracle_value,-14
W0,3,1.5,39,HungarianMatcher+BellmanFordStrategy,0,mixed,defect_at_iteration,2
W0,3,1.5,39,HungarianMatcher+BellmanFordStrategy,1,mixed,defect_at_iteration,1
W0,3,1.5,39,HungarianMatcher+BellmanFordStrategy,2,mixed,defect_at_iteration,0
W0,3,1.5,39,HungarianMatcher+BellmanFordStrategy,-1,mixed,augmentation_count,3
W0,3,1.5,39,HungarianMatcher+BellmanFordStrategy,-1,mixed,matching_value,-14
W0,3,1.5,39,HungarianMatcher+BellmanFordStrategy,-1,mixed,matching_size,3
W0,3,1.5,39,HungarianMatcher+BellmanFordStrategy,-1,mixed,wall_clock_ms,0.006545
W0,3,1.5,39,HungarianMatcher+JohnsonDijkstraStrategy,0,mixed,edge_relaxations,5
W0,3,1.5,39,HungarianMatcher+JohnsonDijkstraStrategy,0,mixed,defect_at_iteration,2
W0,3,1.5,39,HungarianMatcher+JohnsonDijkstraStrategy,1,mixed,edge_relaxations,5
W0,3,1.5,39,HungarianMatcher+JohnsonDijkstraStrategy,1,mixed,defect_at_iteration,1
W0,3,1.5,39,HungarianMatcher+JohnsonDijkstraStrategy,2,mixed,edge_relaxations,3
W0,3,1.5,39,HungarianMatcher+JohnsonDijkstraStrategy,2,mixed,defect_at_iteration,0
W0,3,1.5,39,HungarianMatcher+JohnsonDijkstraStrategy,-1,mixed,augmentation_count,3
W0,3,1.5,39,HungarianMatcher+JohnsonDijkstraStrategy,-1,mixed,matching_value,-14
W0,3,1.5,39,HungarianMatcher+JohnsonDijkstraStrategy,-1,mixed,matching_size,3
W0,3,1.5,39,HungarianMatcher+JohnsonDijkstraStrategy,-1,mixed,wall_clock_ms,0.007283
W0,2,1.5,42,Oracle,-1,mixed,oracle_size,1
W0,2,1.5,42,Oracle,-1,mixed,oracle_value,-2
W0,2,1.5,42,HungarianMatcher+BellmanFordStrategy,0,mixed,defect_at_iteration,1
W0,2,1.5,42,HungarianMatcher+BellmanFordStrategy,-1,mixed,augmentation_count,1
W0,2,1.5,42,HungarianMatcher+BellmanFordStrategy,-1,mixed,matching_value,-2
W0,2,1.5,42,HungarianMatcher+BellmanFordStrategy,-1,mixed,matching_size,1
W0,2,1.5,42,HungarianMatcher+BellmanFordStrategy,-1,mixed,wall_clock_ms,0.003911
W0,2,1.5,42,HungarianMatcher+JohnsonDijkstraStrategy,0,mixed,edge_relaxations,2
W0,2,1.5,42,HungarianMatcher+JohnsonDijkstraStrategy,0,mixed,defect_at_iteration,1
W0,2,1.5,42,HungarianMatcher+JohnsonDijkstraStrategy,-1,mixed,augmentation_count,1
W0,2,1.5,42,HungarianMatcher+JohnsonDijkstraStrategy,-1,mixed,matching_value,-2
W0,2,1.5,42,HungarianMatcher+JohnsonDijkstraStrategy,-1,mixed,matching_size,1
W0,2,1.5,42,HungarianMatcher+JohnsonDijkstraStrategy,-1,mixed,wall_clock_ms,0.004033
W0,2,1.5,43,Oracle,-1,mixed,oracle_size,2
W0,2,1.5,43,Oracle,-1,mixed,oracle_value,-3
W0,2,1.5,43,HungarianMatcher+BellmanFordStrategy,0,mixed,defect_at_iteration,1
W0,2,1.5,43,HungarianMatcher+BellmanFordStrategy,1,mixed,defect_at_iteration,0
W0,2,1.5,43,HungarianMatcher+BellmanFordStrategy,-1,mixed,augmentation_count,2
W0,2,1.5,43,HungarianMatcher+BellmanFordStrategy,-1,mixed,matching_value,-3
W0,2,1.5,43,HungarianMatcher+BellmanFordStrategy,-1,mixed,matching_size,2
W0,2,1.5,43,HungarianMatcher+BellmanFordStrategy,-1,mixed,wall_clock_ms,0.005233
W0,2,1.5,43,HungarianMatcher+JohnsonDijkstraStrategy,0,mixed,edge_relaxations,2
W0,2,1.5,43,HungarianMatcher+JohnsonDijkstraStrategy,0,mixed,defect_at_iteration,1
W0,2,1.5,43,HungarianMatcher+JohnsonDijkstraStrategy,1,mixed,edge_relaxations,1
W0,2,1.5,43,HungarianMatcher+JohnsonDijkstraStrategy,1,mixed,defect_at_iteration,0
W0,2,1.5,43,HungarianMatcher+JohnsonDijkstraStrategy,-1,mixed,augmentation_count,2
W0,2,1.5,43,HungarianMatcher+JohnsonDijkstraStrategy,-1,mixed,matching_value,-3
W0,2,1.5,43,HungarianMatcher+JohnsonDijkstraStrategy,-1,mixed,matching_size,2
W0,2,1.5,43,HungarianMatcher+JohnsonDijkstraStrategy,-1,mixed,wall_clock_ms,0.005059
W0,4,1.5,24,Oracle,-1,mixed,oracle_size,3
W0,4,1.5,24,Oracle,-1,mixed,oracle_value,-12
W0,4,1.5,24,HungarianMatcher+BellmanFordStrategy,0,mixed,defect_at_iteration,3
W0,4,1.5,24,HungarianMatcher+BellmanFordStrategy,1,mixed,defect_at_iteration,2
W0,4,1.5,24,HungarianMatcher+BellmanFordStrategy,2,mixed,defect_at_iteration,1
W0,4,1.5,24,HungarianMatcher+BellmanFordStrategy,-1,mixed,augmentation_count,3
W0,4,1.5,24,HungarianMatcher+BellmanFordStrategy,-1,mixed,matching_value,-12
W0,4,1.5,24,HungarianMatcher+BellmanFordStrategy,-1,mixed,matching_size,3
W0,4,1.5,24,HungarianMatcher+BellmanFordStrategy,-1,mixed,wall_clock_ms,0.005896
W0,4,1.5,24,HungarianMatcher+JohnsonDijkstraStrategy,0,mixed,edge_relaxations,8
W0,4,1.5,24,HungarianMatcher+JohnsonDijkstraStrategy,0,mixed,defect_at_iteration,3
W0,4,1.5,24,HungarianMatcher+JohnsonDijkstraStrategy,1,mixed,edge_relaxations,8
W0,4,1.5,24,HungarianMatcher+JohnsonDijkstraStrategy,1,mixed,defect_at_iteration,2
W0,4,1.5,24,HungarianMatcher+JohnsonDijkstraStrategy,2,mixed,edge_relaxations,8
W0,4,1.5,24,HungarianMatcher+JohnsonDijkstraStrategy,2,mixed,defect_at_iteration,1
W0,4,1.5,24,HungarianMatcher+JohnsonDijkstraStrategy,-1,mixed,augmentation_count,3
W0,4,1.5,24,HungarianMatcher+JohnsonDijkstraStrategy,-1,mixed,matching_value,-12
W0,4,1.5,24,HungarianMatcher+JohnsonDijkstraStrategy,-1,mixed,matching_size,3
W0,4,1.5,24,HungarianMatcher+JohnsonDijkstraStrategy,-1,mixed,wall_clock_ms,0.006721
W0,4,1.5,89,Oracle,-1,mixed,oracle_size,4
W0,4,1.5,89,Oracle,-1,mixed,oracle_value,-38
W0,4,1.5,89,HungarianMatcher+BellmanFordStrategy,0,mixed,defect_at_iteration,3
W0,4,1.5,89,HungarianMatcher+BellmanFordStrategy,1,mixed,defect_at_iteration,2
W0,4,1.5,89,HungarianMatcher+BellmanFordStrategy,2,mixed,defect_at_iteration,1
W0,4,1.5,89,HungarianMatcher+BellmanFordStrategy,3,mixed,defect_at_iteration,0
W0,4,1.5,89,HungarianMatcher+BellmanFordStrategy,-1,mixed,augmentation_count,4
W0,4,1.5,89,HungarianMatcher+BellmanFordStrategy,-1,mixed,matching_value,-38
W0,4,1.5,89,HungarianMatcher+BellmanFordStrategy,-1,mixed,matching_size,4
W0,4,1.5,89,HungarianMatcher+BellmanFordStrategy,-1,mixed,wall_clock_ms,0.00905
W0,4,1.5,89,HungarianMatcher+JohnsonDijkstraStrategy,0,mixed,edge_relaxations,8
W0,4,1.5,89,HungarianMatcher+JohnsonDijkstraStrategy,0,mixed,defect_at_iteration,3
W0,4,1.5,89,HungarianMatcher+JohnsonDijkstraStrategy,1,mixed,edge_relaxations,8
W0,4,1.5,89,HungarianMatcher+JohnsonDijkstraStrategy,1,mixed,defect_at_iteration,2
W0,4,1.5,89,HungarianMatcher+JohnsonDijkstraStrategy,2,mixed,edge_relaxations,8
W0,4,1.5,89,HungarianMatcher+JohnsonDijkstraStrategy,2,mixed,defect_at_iteration,1
W0,4,1.5,89,HungarianMatcher+JohnsonDijkstraStrategy,3,mixed,edge_relaxations,5
W0,4,1.5,89,HungarianMatcher+JohnsonDijkstraStrategy,3,mixed,defect_at_iteration,0
W0,4,1.5,89,HungarianMatcher+JohnsonDijkstraStrategy,-1,mixed,augmentation_count,4
W0,4,1.5,89,HungarianMatcher+JohnsonDijkstraStrategy,-1,mixed,matching_value,-38
W0,4,1.5,89,HungarianMatcher+JohnsonDijkstraStrategy,-1,mixed,matching_size,4
W0,4,1.5,89,HungarianMatcher+JohnsonDijkstraStrategy,-1,mixed,wall_clock_ms,0.009597
W0,4,1.5,0,Oracle,-1,mixed,oracle_size,4
W0,4,1.5,0,Oracle,-1,mixed,oracle_value,-31
W0,4,1.5,0,HungarianMatcher+BellmanFordStrategy,0,mixed,defect_at_iteration,3
W0,4,1.5,0,HungarianMatcher+BellmanFordStrategy,1,mixed,defect_at_iteration,2
W0,4,1.5,0,HungarianMatcher+BellmanFordStrategy,2,mixed,defect_at_iteration,1
W0,4,1.5,0,HungarianMatcher+BellmanFordStrategy,3,mixed,defect_at_iteration,0
W0,4,1.5,0,HungarianMatcher+BellmanFordStrategy,-1,mixed,augmentation_count,4
W0,4,1.5,0,HungarianMatcher+BellmanFordStrategy,-1,mixed,matching_value,-31
W0,4,1.5,0,HungarianMatcher+BellmanFordStrategy,-1,mixed,matching_size,4
W0,4,1.5,0,HungarianMatcher+BellmanFordStrategy,-1,mixed,wall_clock_ms,0.007711
W0,4,1.5,0,HungarianMatcher+JohnsonDijkstraStrategy,0,mixed,edge_relaxations,8
W0,4,1.5,0,HungarianMatcher+JohnsonDijkstraStrategy,0,mixed,defect_at_iteration,3
W0,4,1.5,0,HungarianMatcher+JohnsonDijkstraStrategy,1,mixed,edge_relaxations,8
W0,4,1.5,0,HungarianMatcher+JohnsonDijkstraStrategy,1,mixed,defect_at_iteration,2
W0,4,1.5,0,HungarianMatcher+JohnsonDijkstraStrategy,2,mixed,edge_relaxations,8
W0,4,1.5,0,HungarianMatcher+JohnsonDijkstraStrategy,2,mixed,defect_at_iteration,1
W0,4,1.5,0,HungarianMatcher+JohnsonDijkstraStrategy,3,mixed,edge_relaxations,8
W0,4,1.5,0,HungarianMatcher+JohnsonDijkstraStrategy,3,mixed,defect_at_iteration,0
W0,4,1.5,0,HungarianMatcher+JohnsonDijkstraStrategy,-1,mixed,augmentation_count,4
W0,4,1.5,0,HungarianMatcher+JohnsonDijkstraStrategy,-1,mixed,matching_value,-31
W0,4,1.5,0,HungarianMatcher+JohnsonDijkstraStrategy,-1,mixed,matching_size,4
W0,4,1.5,0,HungarianMatcher+JohnsonDijkstraStrategy,-1,mixed,wall_clock_ms,0.009836
W0,4,1.5,10,Oracle,-1,mixed,oracle_size,4
W0,4,1.5,10,Oracle,-1,mixed,oracle_value,-23
W0,4,1.5,10,HungarianMatcher+BellmanFordStrategy,0,mixed,defect_at_iteration,3
W0,4,1.5,10,HungarianMatcher+BellmanFordStrategy,1,mixed,defect_at_iteration,2
W0,4,1.5,10,HungarianMatcher+BellmanFordStrategy,2,mixed,defect_at_iteration,1
W0,4,1.5,10,HungarianMatcher+BellmanFordStrategy,3,mixed,defect_at_iteration,0
W0,4,1.5,10,HungarianMatcher+BellmanFordStrategy,-1,mixed,augmentation_count,4
W0,4,1.5,10,HungarianMatcher+BellmanFordStrategy,-1,mixed,matching_value,-23
W0,4,1.5,10,HungarianMatcher+BellmanFordStrategy,-1,mixed,matching_size,4
W0,4,1.5,10,HungarianMatcher+BellmanFordStrategy,-1,mixed,wall_clock_ms,0.008127
W0,4,1.5,10,HungarianMatcher+JohnsonDijkstraStrategy,0,mixed,edge_relaxations,8
W0,4,1.5,10,HungarianMatcher+JohnsonDijkstraStrategy,0,mixed,defect_at_iteration,3
W0,4,1.5,10,HungarianMatcher+JohnsonDijkstraStrategy,1,mixed,edge_relaxations,8
W0,4,1.5,10,HungarianMatcher+JohnsonDijkstraStrategy,1,mixed,defect_at_iteration,2
W0,4,1.5,10,HungarianMatcher+JohnsonDijkstraStrategy,2,mixed,edge_relaxations,6
W0,4,1.5,10,HungarianMatcher+JohnsonDijkstraStrategy,2,mixed,defect_at_iteration,1
W0,4,1.5,10,HungarianMatcher+JohnsonDijkstraStrategy,3,mixed,edge_relaxations,6
W0,4,1.5,10,HungarianMatcher+JohnsonDijkstraStrategy,3,mixed,defect_at_iteration,0
W0,4,1.5,10,HungarianMatcher+JohnsonDijkstraStrategy,-1,mixed,augmentation_count,4
W0,4,1.5,10,HungarianMatcher+JohnsonDijkstraStrategy,-1,mixed,matching_value,-23
W0,4,1.5,10,HungarianMatcher+JohnsonDijkstraStrategy,-1,mixed,matching_size,4
W0,4,1.5,10,HungarianMatcher+JohnsonDijkstraStrategy,-1,mixed,wall_clock_ms,0.009207
W0,3,1.5,87,Oracle,-1,mixed,oracle_size,3
W0,3,1.5,87,Oracle,-1,mixed,oracle_value,-16
W0,3,1.5,87,HungarianMatcher+BellmanFordStrategy,0,mixed,defect_at_iteration,2
W0,3,1.5,87,HungarianMatcher+BellmanFordStrategy,1,mixed,defect_at_iteration,1
W0,3,1.5,87,HungarianMatcher+BellmanFordStrategy,2,mixed,defect_at_iteration,0
W0,3,1.5,87,HungarianMatcher+BellmanFordStrategy,-1,mixed,augmentation_count,3
W0,3,1.5,87,HungarianMatcher+BellmanFordStrategy,-1,mixed,matching_value,-16
W0,3,1.5,87,HungarianMatcher+BellmanFordStrategy,-1,mixed,matching_size,3
W0,3,1.5,87,HungarianMatcher+BellmanFordStrategy,-1,mixed,wall_clock_ms,0.006861
W0,3,1.5,87,HungarianMatcher+JohnsonDijkstraStrategy,0,mixed,edge_relaxations,5
W0,3,1.5,87,HungarianMatcher+JohnsonDijkstraStrategy,0,mixed,defect_at_iteration,2
W0,3,1.5,87,HungarianMatcher+JohnsonDijkstraStrategy,1,mixed,edge_relaxations,5
W0,3,1.5,87,HungarianMatcher+JohnsonDijkstraStrategy,1,mixed,defect_at_iteration,1
W0,3,1.5,87,HungarianMatcher+JohnsonDijkstraStrategy,2,mixed,edge_relaxations,5
W0,3,1.5,87,HungarianMatcher+JohnsonDijkstraStrategy,2,mixed,defect_at_iteration,0
W0,3,1.5,87,HungarianMatcher+JohnsonDijkstraStrategy,-1,mixed,augmentation_count,3
W0,3,1.5,87,HungarianMatcher+JohnsonDijkstraStrategy,-1,mixed,matching_value,-16
W0,3,1.5,87,HungarianMatcher+JohnsonDijkstraStrategy,-1,mixed,matching_size,3
W0,3,1.5,87,HungarianMatcher+JohnsonDijkstraStrategy,-1,mixed,wall_clock_ms,0.007109
W0,4,1.5,66,Oracle,-1,mixed,oracle_size,3
W0,4,1.5,66,Oracle,-1,mixed,oracle_value,-20
W0,4,1.5,66,HungarianMatcher+BellmanFordStrategy,0,mixed,defect_at_iteration,3
W0,4,1.5,66,HungarianMatcher+BellmanFordStrategy,1,mixed,defect_at_iteration,2
W0,4,1.5,66,HungarianMatcher+BellmanFordStrategy,2,mixed,defect_at_iteration,1
W0,4,1.5,66,HungarianMatcher+BellmanFordStrategy,-1,mixed,augmentation_count,3
W0,4,1.5,66,HungarianMatcher+BellmanFordStrategy,-1,mixed,matching_value,-20
W0,4,1.5,66,HungarianMatcher+BellmanFordStrategy,-1,mixed,matching_size,3
W0,4,1.5,66,HungarianMatcher+BellmanFordStrategy,-1,mixed,wall_clock_ms,0.00606
W0,4,1.5,66,HungarianMatcher+JohnsonDijkstraStrategy,0,mixed,edge_relaxations,8
W0,4,1.5,66,HungarianMatcher+JohnsonDijkstraStrategy,0,mixed,defect_at_iteration,3
W0,4,1.5,66,HungarianMatcher+JohnsonDijkstraStrategy,1,mixed,edge_relaxations,8
W0,4,1.5,66,HungarianMatcher+JohnsonDijkstraStrategy,1,mixed,defect_at_iteration,2
W0,4,1.5,66,HungarianMatcher+JohnsonDijkstraStrategy,2,mixed,edge_relaxations,4
W0,4,1.5,66,HungarianMatcher+JohnsonDijkstraStrategy,2,mixed,defect_at_iteration,1
W0,4,1.5,66,HungarianMatcher+JohnsonDijkstraStrategy,-1,mixed,augmentation_count,3
W0,4,1.5,66,HungarianMatcher+JohnsonDijkstraStrategy,-1,mixed,matching_value,-20
W0,4,1.5,66,HungarianMatcher+JohnsonDijkstraStrategy,-1,mixed,matching_size,3
W0,4,1.5,66,HungarianMatcher+JohnsonDijkstraStrategy,-1,mixed,wall_clock_ms,0.006803
